<COLLADA xmlns="http://www.collada.org/2005/11/COLLADASchema" version="1.4.1">
  <asset>
    <contributor />
    <created>2026-02-16T15:11:52.828826</created>
    <modified>2026-02-16T15:11:52.828833</modified>
    <unit name="meter" meter="1.0" />
    <up_axis>Z_UP</up_axis>
  </asset>
  <library_effects>
    <effect id="effect_Gear_Small" name="effect_Gear_Small">
      <profile_COMMON>
        <technique sid="common">
          <phong>
            <emission>
              <color>0.0 0.0 0.0 1.0</color>
            </emission>
            <ambient>
              <color>0.0 0.0 0.0 1.0</color>
            </ambient>
            <diffuse>
              <color>0.6784313917160034 0.7098039388656616 0.7411764860153198 1.0</color>
            </diffuse>
            <specular>
              <color>1 1 1 1.0</color>
            </specular>
            <shininess>
              <float>0.0</float>
            </shininess>
            <reflective>
              <color>0.0 0.0 0.0 1.0</color>
            </reflective>
            <reflectivity>
              <float>0.0</float>
            </reflectivity>
            <transparent>
              <color>0.0 0.0 0.0 1.0</color>
            </transparent>
            <transparency>
              <float>1.0</float>
            </transparency>
          </phong>
        </technique>
        <extra>
          <technique profile="GOOGLEEARTH">
            <double_sided>0</double_sided>
          </technique>
        </extra>
      </profile_COMMON>
    </effect>
  </library_effects>
  <library_geometries>
    <geometry id="geometry0" name="Gear_Small">
      <mesh>
        <source id="cubeverts-array0">
          <float_array count="14652" id="cubeverts-array0-array">-0.0109388 -0.001155182 0.0001338768 -0.0109388 -0.001155182 0.009866131 -0.01093879 -0.001150864 0.0001337547 -0.01093879 -0.001150864 0.009866253 -0.01093864 -0.001159485 0.0001339455 -0.01093864 -0.001159485 0.009866055 -0.01093861 -0.00114653 0.0001335793 -0.01093861 -0.00114653 0.009866428 -0.01093826 -0.001163803 0.000133976 -0.01093826 -0.001163803 0.009866032 -0.01093821 -0.001142242 0.000133358 -0.01093821 -0.001142242 0.009866642 -0.01093764 -0.001137955 0.000133091 -0.01093764 -0.001137955 0.009866917 -0.0109369 -0.001133698 0.0001327705 -0.0109369 -0.001133698 0.009867229 -0.01093597 -0.001129471 0.0001324043 -0.01093597 -0.001129471 0.009867603 -0.01093354 -0.00112117 0.0001315346 -0.01093354 -0.00112117 0.009868465 -0.01093043 -0.001113129 0.0001304817 -0.01093043 -0.001113129 0.009869518 -0.01092661 -0.001105362 0.000129261 -0.01092661 -0.001105362 0.009870747 -0.01092216 -0.001097961 0.0001278648 -0.01092216 -0.001097961 0.009872135 -0.01091708 -0.001090973 0.0001263237 -0.01091708 -0.001090973 0.009873676 -0.01091142 -0.001084457 0.0001246452 -0.01091142 -0.001084457 0.009875362 -0.01090925 -0.00141011 0.000133976 -0.01090925 -0.00141011 0.009866032 -0.0109052 -0.00107843 0.0001228294 -0.0109052 -0.00107843 0.009877171 -0.01087469 -0.00165567 0.000133976 -0.01087469 -0.00165567 0.009866032 -0.01087394 -0.001659958 0.0001339455 -0.01087394 -0.001659958 0.009866055 -0.01087302 -0.001664154 0.0001338768 -0.01087302 -0.001664154 0.009866131 -0.01087189 -0.00166835 0.0001337547 -0.01087189 -0.00166835 0.009866253 -0.01087061 -0.00167247 0.0001335793 -0.01087061 -0.00167247 0.009866428 -0.01086916 -0.001676529 0.000133358 -0.01086916 -0.001676529 0.009866642 -0.01086752 -0.001680527 0.000133091 -0.01086752 -0.001680527 0.009866917 -0.01086572 -0.001684448 0.0001327705 -0.0108657 -0.001684464 0.009867237 -0.01086373 -0.001688293 0.0001324043 -0.01086373 -0.001688293 0.009867603 -0.01085929 -0.001695709 0.0001315346 -0.01085929 -0.001695709 0.009868465 -0.01085538 0.0017686 0.0001335793 -0.01085538 0.0017686 0.009866428 -0.01085534 0.001772919 0.0001337547 -0.01085534 0.001772919 0.009866253 -0.01085526 0.001764282 0.000133358 -0.01085526 0.001764282 0.009866642 -0.01085511 0.001777237 0.0001338768 -0.01085511 0.001777237 0.009866131 -0.01085493 0.001759964 0.000133091 -0.01085493 0.001759964 0.009866917 -0.01085468 0.001781525 0.0001339455 -0.01085468 0.001781525 0.009866055 -0.01085442 0.001755661 0.009867237 -0.01085442 0.001755692 0.0001327705 -0.01085421 -0.001702713 0.0001304817 -0.01085421 -0.001702713 0.009869518 -0.01085407 0.001785812 0.000133976 -0.01085407 0.001785812 0.009866032 -0.01085374 0.001751419 0.0001324043 -0.01085374 0.001751419 0.009867603 -0.0108518 0.001742996 0.0001315346 -0.0108518 0.001742996 0.009868465 -0.01084914 0.001734772 0.0001304817 -0.01084914 0.001734772 0.009869518 -0.01084856 -0.001709244 0.000129261 -0.01084856 -0.001709244 0.009870747 -0.0108458 0.001726791 0.000129261 -0.0108458 0.001726791 0.009870747 -0.01084238 -0.001715271 0.0001278648 -0.01084238 -0.001715271 0.009872135 -0.01084176 0.001719162 0.0001278648 -0.01084176 0.001719162 0.009872135 -0.01083707 0.001711899 0.0001263237 -0.01083707 0.001711899 0.009873676 -0.01083567 -0.001720734 0.0001263237 -0.01083567 -0.001720734 0.009873676 -0.01083181 0.001705063 0.0001246452 -0.01083181 0.001705063 0.009875362 -0.01082854 -0.001725616 0.0001246452 -0.01082854 -0.001725616 0.009875362 -0.01082595 0.001698715 0.0001228294 -0.01082595 0.001698715 0.009877171 -0.01082101 -0.001729843 0.0001228294 -0.01082101 -0.001729843 0.009877171 -0.01081104 0.002030045 0.000133976 -0.01081104 0.002030045 0.009866032 -0.01076254 0.00227327 0.000133976 -0.01076254 0.00227327 0.009866032 -0.01076156 0.002277481 0.0001339455 -0.01076156 0.002277481 0.009866055 -0.01076038 0.002281647 0.0001338768 -0.01076038 0.002281647 0.009866131 -0.01075904 0.002285736 0.0001337547 -0.01075904 0.002285736 0.009866253 -0.01075751 0.002289795 0.0001335793 -0.01075751 0.002289795 0.009866428 -0.01075584 0.002293762 0.000133358 -0.01075584 0.002293762 0.009866642 -0.01075397 0.002297653 0.000133091 -0.01075397 0.002297653 0.009866917 -0.01075195 0.002301468 0.009867229 -0.01075193 0.002301483 0.0001327705 -0.01074975 0.002305206 0.0001324043 -0.01074975 0.002305206 0.009867603 -0.01074488 0.002312347 0.0001315346 -0.01074488 0.002312347 0.009868465 -0.01073943 0.002319046 0.0001304817 -0.01073943 0.002319046 0.009869518 -0.01073341 0.002325256 0.000129261 -0.01073341 0.002325256 0.009870747 -0.01072689 0.002330902 0.0001278648 -0.01072689 0.002330902 0.009872135 -0.0107199 0.002335983 0.0001263237 -0.0107199 0.002335983 0.009873676 -0.01071249 0.002340439 0.0001246452 -0.01071249 0.002340439 0.009875362 -0.01070472 0.002344238 0.0001228294 -0.01070472 0.002344238 0.009877171 -0.01069431 -0.0009060974 6.233597e-05 -0.01069431 -0.0009060974 0.009937664 -0.01062521 0.001514618 6.233597e-05 -0.01062521 0.001514618 0.009937664 -0.01057322 -0.001842896 6.233597e-05 -0.01057322 -0.001842896 0.009937664 -0.01047294 -0.0007533875 3.814697e-09 -0.01047294 -0.0007533875 0.009999996 -0.01047005 -0.0007515564 3.814697e-09 -0.01047005 -0.0007515564 0.009999996 -0.0104509 0.002442978 6.233597e-05 -0.0104509 0.002442978 0.009937664 -0.01041337 -0.001346008 3.814697e-09 -0.01041337 -0.001346008 0.009999996 -0.01041291 0.001349518 3.814697e-09 -0.01041291 0.001349518 0.009999996 -0.01041015 0.001347534 3.814697e-09 -0.01041015 0.001347534 0.009999996 -0.01032029 -0.001934296 3.814697e-09 -0.01032029 -0.001934296 0.009999996 -0.01031963 0.001937775 3.814697e-09 -0.01031963 0.001937775 0.009999996 -0.01031704 -0.001935333 3.814697e-09 -0.01031704 -0.001935333 0.009999996 -0.01023392 -0.0006158295 3.814697e-09 -0.01023392 -0.0006158295 0.009999996 -0.01019315 0.002519806 3.814697e-09 -0.01019315 0.002519806 0.009999996 -0.01018986 0.00252066 3.814697e-09 -0.01018986 0.00252066 0.009999996 -0.01018212 0.001198563 3.814697e-09 -0.01018212 0.001198563 0.009999996 -0.01005416 -0.002006561 3.814697e-09 -0.01005416 -0.002006561 0.009999996 -0.01005196 -0.004444962 0.0001315346 -0.01005196 -0.004444962 0.009868465 -0.0100517 -0.004453598 0.0001324043 -0.0100517 -0.004453598 0.009867603 -0.01005149 -0.004436325 0.0001304817 -0.01005149 -0.004436325 0.009869518 -0.01005128 -0.004457901 0.009867229 -0.01005128 -0.004457886 0.0001327705 -0.01005068 -0.004462173 0.000133091 -0.01005068 -0.004462173 0.009866917 -0.01005027 -0.004427765 0.000129261 -0.01005027 -0.004427765 0.009870747 -0.01004989 -0.004466446 0.000133358 -0.01004989 -0.004466431 0.009866642 -0.01004893 -0.004470642 0.0001335793 -0.01004893 -0.004470642 0.009866428 -0.01004832 -0.004419373 0.0001278648 -0.01004832 -0.004419373 0.009872135 -0.01004778 -0.004474792 0.0001337547 -0.01004778 -0.004474792 0.009866253 -0.01004646 -0.004478912 0.0001338768 -0.01004646 -0.004478912 0.009866131 -0.01004563 -0.004411148 0.0001263237 -0.01004563 -0.004411148 0.009873676 -0.01004494 -0.004482971 0.0001339455 -0.01004494 -0.004482971 0.009866055 -0.01004328 -0.004486954 0.000133976 -0.01004328 -0.004486954 0.009866032 -0.01004226 -0.004403183 0.0001246452 -0.01004226 -0.004403183 0.009875362 -0.01003822 -0.004395554 0.0001228294 -0.01003822 -0.004395554 0.009877171 -0.009987495 -0.0004998322 3.814697e-09 -0.009987495 -0.0004998322 0.009999996 -0.009942726 0.001068695 3.814697e-09 -0.009942726 0.001068695 0.009999996 -0.009939568 -0.004712234 0.000133976 -0.009939568 -0.004712234 0.009866032 -0.009928627 -0.0004776459 3.814697e-09 -0.009928627 -0.0004776459 0.009999996 -0.009923332 0.002576752 3.814697e-09 -0.009923332 0.002576752 0.009999996 -0.009890892 -0.004166473 6.233597e-05 -0.009890892 -0.004166473 0.009937664 -0.009885216 0.001043198 3.814697e-09 -0.009885216 0.001043198 0.009999996 -0.009868202 -0.000460083 3.814697e-09 -0.009868202 -0.000460083 0.009999996 -0.009830803 -0.004935104 0.000133976 -0.009830803 -0.004935104 0.009866032 -0.009828773 -0.004938934 0.0001339455 -0.009828773 -0.004938934 0.009866055 -0.009826607 -0.004942673 0.0001338768 -0.009826607 -0.004942673 0.009866131 -0.009825905 0.001022202 3.814697e-09 -0.009825905 0.001022202 0.009999996 -0.009824242 -0.004946289 0.0001337547 -0.009824242 -0.004946289 0.009866253 -0.009821754 -0.004949814 0.0001335793 -0.009821754 -0.004949814 0.009866428 -0.009819099 -0.004953232 0.000133358 -0.009819099 -0.004953232 0.009866642 -0.009816322 -0.004956528 0.000133091 -0.009816322 -0.004956528 0.009866917 -0.009813377 -0.004959702 0.0001327705 -0.009813362 -0.004959717 0.009867237 -0.00981031 -0.004962738 0.0001324043 -0.00981031 -0.004962738 0.009867603 -0.009806618 -0.0004472198 3.814697e-09 -0.009806618 -0.0004472198 0.009999996 -0.009803795 -0.004968414 0.0001315346 -0.009803795 -0.004968414 0.009868465 -0.009796806 -0.004973511 0.0001304817 -0.009796806 -0.004973511 0.009869518 -0.009789421 -0.004977982 0.000129261 -0.009789421 -0.004977982 0.009870747 -0.009786354 -0.002056076 3.814697e-09 -0.009786354 -0.002056076 0.009999996 -0.009782082 0.005002426 0.0001304817 -0.009782082 0.005002426 0.009869518 -0.009782066 0.005011078 0.0001315346 -0.009782066 0.005011078 0.009868465 -0.009781654 -0.004981796 0.0001278648 -0.009781654 -0.004981796 0.009872135 -0.009781349 0.00499382 0.000129261 -0.009781349 0.00499382 0.009870747 -0.009781303 0.005019684 0.0001324043 -0.009781303 0.005019684 0.009867603 -0.009780647 0.005023926 0.009867237 -0.009780632 0.005023956 0.0001327705 -0.009779869 0.004985306 0.0001278648 -0.009779869 0.004985306 0.009872135 -0.009779793 0.005028198 0.000133091 -0.009779793 0.005028198 0.009866917 -0.00977877 0.005032394 0.000133358 -0.00977877 0.005032394 0.009866642 -0.009777687 0.004976944 0.0001263237 -0.009777687 0.004976944 0.009873676 -0.009777565 0.005036545 0.0001335793 -0.009777565 0.005036545 0.009866428 -0.009776176 0.005040619 0.0001337547 -0.009776176 0.005040634 0.009866253 -0.009774757 0.004968811 0.0001246452 -0.009774757 0.004968811 0.009875362 -0.00977462 0.005044662 0.0001338768 -0.00977462 0.005044662 0.009866131 -0.009773613 -0.004984924 0.0001263237 -0.009773613 -0.004984924 0.009873676 -0.009772896 0.005048615 0.0001339455 -0.009772896 0.005048615 0.009866055 -0.009771156 0.004960953 0.0001228294 -0.009771156 0.004960953 0.009877171 -0.009770988 0.00505249 0.000133976 -0.009770988 0.00505249 0.009866032 -0.009765312 -0.00498735 0.0001246452 -0.009765312 -0.00498735 0.009875362 -0.009765144 0.001005844 3.814697e-09 -0.009765144 0.001005844 0.009999996 -0.009756844 -0.004989059 0.0001228294 -0.009756844 -0.004989059 0.009877171 -0.009744225 -0.0004391479 3.814697e-09 -0.009744225 -0.0004391479 0.009999996 -0.009727547 -0.00395282 3.814697e-09 -0.009727547 -0.00395282 0.009999996 -0.00972538 -0.003950195 3.814697e-09 -0.00972538 -0.003950195 0.009999996 -0.009723763 -0.002062576 3.814697e-09 -0.009723763 -0.002062576 0.009999996 -0.0097033 0.0009942322 3.814697e-09 -0.0097033 0.0009942322 0.009999996 -0.009660866 -0.002064209 3.814697e-09 -0.009660866 -0.002064209 0.009999996 -0.009654594 0.0052715 0.000133976 -0.009654594 0.0052715 0.009866032 -0.00965313 0.002610931 3.814697e-09 -0.00965313 0.002610931 0.009999996 -0.009637154 0.004723846 6.233597e-05 -0.009637154 0.004723846 0.009937664 -0.00959803 -0.002060989 3.814697e-09 -0.00959803 -0.002060989 0.009999996 -0.009590279 0.002613831 3.814697e-09 -0.009590279 0.002613831 0.009999996 -0.009542732 -0.003748138 3.814697e-09 -0.009542732 -0.003748138 0.009999996 -0.009535622 -0.002052917 3.814697e-09 -0.009535622 -0.002052917 0.009999996 -0.009533302 0.005487808 0.000133976 -0.009533302 0.005487808 0.009866032 -0.009531059 0.005491516 0.0001339455 -0.009531059 0.005491516 0.009866055 -0.009528664 0.005495102 0.0001338768 -0.009528664 0.005495102 0.009866131 -0.009527397 0.002611877 3.814697e-09 -0.009527397 0.002611877 0.009999996 -0.009526115 0.005498596 0.0001337547 -0.009526115 0.005498611 0.009866253 -0.009525993 -0.000411438 3.814697e-09 -0.009525993 -0.000411438 0.009999996 -0.00952343 0.005501968 0.0001335793 -0.00952343 0.005501968 0.009866428 -0.009520592 0.005505219 0.000133358 -0.009520592 0.005505219 0.009866642 -0.009517616 0.005508362 0.000133091 -0.009517616 0.005508362 0.009866917 -0.009514503 0.005511368 0.009867229 -0.009514488 0.005511383 0.0001327705 -0.009511269 0.005514221 0.0001324043 -0.009511269 0.005514221 0.009867603 -0.009504433 0.005519531 0.0001315346 -0.009504433 0.005519531 0.009868465 -0.009497185 0.005524216 0.0001304817 -0.009497185 0.005524216 0.009869518 -0.00948954 0.005528244 0.000129261 -0.00948954 0.005528244 0.009870747 -0.00948777 -0.004498047 3.814697e-09 -0.00948777 -0.004498047 0.009999996 -0.009487038 0.0009541168 3.814697e-09 -0.009487038 0.0009541168 0.009999996 -0.009486259 -0.005020004 6.233597e-05 -0.009486259 -0.005020004 0.009937664 -0.009486244 0.004501236 3.814697e-09 -0.009486244 0.004501236 0.009999996 -0.009484215 0.004498489 3.814697e-09 -0.009484215 0.004498489 0.009999996 -0.009481575 0.005531616 0.0001278648 -0.009481575 0.005531616 0.009872135 -0.009473366 0.005534286 0.0001263237 -0.009473366 0.005534286 0.009873676 -0.009464943 0.00553624 0.0001246452 -0.009464943 0.00553624 0.009875362 -0.009464851 0.002605087 3.814697e-09 -0.009464851 0.002605087 0.009999996 -0.009456398 0.005537445 0.0001228294 -0.009456398 0.005537445 0.009877171 -0.009403008 0.002593475 3.814697e-09 -0.009403008 0.002593475 0.009999996 -0.009344215 -0.003561691 3.814697e-09 -0.009344215 -0.003561691 0.009999996 -0.009317543 -0.002024246 3.814697e-09 -0.009317543 -0.002024246 0.009999996 -0.009313408 0.004286346 3.814697e-09 -0.009313408 0.004286346 0.009999996 -0.009310341 -0.0003682098 3.814697e-09 -0.009310341 -0.0003682098 0.009999996 -0.009295082 -0.003522385 3.814697e-09 -0.009295082 -0.003522385 0.009999996 -0.009274162 0.0008986511 3.814697e-09 -0.009274162 0.0008986511 0.009999996 -0.00924305 -0.003487 3.814697e-09 -0.00924305 -0.003487 0.009999996 -0.009217461 -0.005028778 3.814697e-09 -0.009217461 -0.005028778 0.009999996 -0.009215752 0.005031891 3.814697e-09 -0.009215752 0.005031891 0.009999996 -0.009214043 -0.005028748 3.814697e-09 -0.009214043 -0.005028748 0.009999996 -0.009188454 -0.003455734 3.814697e-09 -0.009188454 -0.003455734 0.009999996 -0.009186913 0.002552399 3.814697e-09 -0.009186913 0.002552399 0.009999996 -0.009184471 0.005552902 6.233597e-05 -0.009184471 0.005552902 0.009937664 -0.009131599 -0.003428787 3.814697e-09 -0.009131599 -0.003428787 0.009999996 -0.009125847 0.004088867 3.814697e-09 -0.009125847 0.004088867 0.009999996 -0.009098289 -0.0003096771 3.814697e-09 -0.009098289 -0.0003096771 0.009999996 -0.009097969 -0.002011215 3.814697e-09 -0.009097969 -0.002011215 0.009999996 -0.009079033 0.004046829 3.814697e-09 -0.009079033 0.004046829 0.009999996 -0.009065819 0.0008281097 3.814697e-09 -0.009065819 0.0008281097 0.009999996 -0.009059196 -0.0002955475 3.814697e-09 -0.009059196 -0.0002955475 0.009999996 -0.009029106 0.00400853 3.814697e-09 -0.009029106 0.00400853 0.009999996 -0.00902758 0.0008117828 3.814697e-09 -0.00902758 0.0008117828 0.009999996 -0.0090214 -0.0002782135 3.814697e-09 -0.0090214 -0.0002782135 0.009999996 -0.008990837 0.0007923279 3.814697e-09 -0.008990837 0.0007923279 0.009999996 -0.008985176 -0.0002577972 3.814697e-09 -0.008985176 -0.0002577972 0.009999996 -0.008976387 0.003974197 3.814697e-09 -0.008976387 0.003974197 0.009999996 -0.008968422 0.002526871 3.814697e-09 -0.008968422 0.002526871 0.009999996 -0.008955833 0.0007698822 3.814697e-09 -0.008955833 0.0007698822 0.009999996 -0.008950768 -0.0002344666 3.814697e-09 -0.008950768 -0.0002344666 0.009999996 -0.008942024 -0.005015244 3.814697e-09 -0.008942024 -0.005015244 0.009999996 -0.00893264 -0.003334991 3.814697e-09 -0.00893264 -0.003334991 0.009999996 -0.008922829 0.0007446136 3.814697e-09 -0.008922829 0.0007446136 0.009999996 -0.008921165 0.003944061 3.814697e-09 -0.008921165 0.003944061 0.009999996 -0.008918434 -0.0002083435 3.814697e-09 -0.008918434 -0.0002083435 0.009999996 -0.008915596 0.005546341 3.814697e-09 -0.008915596 0.005546341 0.009999996 -0.008912209 0.005546127 3.814697e-09 -0.008912209 0.005546127 0.009999996 -0.008892036 0.0007166901 3.814697e-09 -0.008892036 0.0007166901 0.009999996 -0.008888359 -0.0001796112 3.814697e-09 -0.008888359 -0.0001796112 0.009999996 -0.008878014 -0.002013916 3.814697e-09 -0.008878014 -0.002013916 0.009999996 -0.008863655 0.0006863098 3.814697e-09 -0.008863655 0.0006863098 0.009999996 -0.008860802 -0.0001484985 3.814697e-09 -0.008860802 -0.0001484985 0.009999996 -0.008837898 0.000653656 3.814697e-09 -0.008837898 0.000653656 0.009999996 -0.008836601 -0.002017624 3.814697e-09 -0.008836601 -0.002017624 0.009999996 -0.008835915 -0.0001151886 3.814697e-09 -0.008835915 -0.0001151886 0.009999996 -0.008814949 0.0006190033 3.814697e-09 -0.008814949 0.0006190033 0.009999996 -0.008813866 -7.995605e-05 3.814697e-09 -0.008813866 -7.995605e-05 0.009999996 -0.008795647 -0.00202478 3.814697e-09 -0.008795647 -0.00202478 0.009999996 -0.00879496 0.00058255 3.814697e-09 -0.00879496 0.00058255 0.009999996 -0.008794823 -4.298401e-05 3.814697e-09 -0.008794823 -4.298401e-05 0.009999996 -0.008778923 -4.562378e-06 3.814697e-09 -0.008778923 -4.562378e-06 0.009999996 -0.008778069 0.0005445557 3.814697e-09 -0.008778069 0.0005445557 0.009999996 -0.008766273 3.503418e-05 3.814697e-09 -0.008766273 3.503418e-05 0.009999996 -0.008764381 0.0005053101 3.814697e-09 -0.008764381 0.0005053101 0.009999996 -0.008756966 7.556152e-05 3.814697e-09 -0.008756966 7.556152e-05 0.009999996 -0.008755409 -0.002035294 3.814697e-09 -0.008755409 -0.002035294 0.009999996 -0.008754021 0.0004650421 3.814697e-09 -0.008754021 0.0004650421 0.009999996 -0.008751045 0.0001166992 3.814697e-09 -0.008751045 0.0001166992 0.009999996 -0.00874868 0.002517014 3.814697e-09 -0.00874868 0.002517014 0.009999996 -0.008748573 0.0001582031 3.814697e-09 -0.008748573 0.0001582031 0.009999996 -0.008747032 0.000424057 3.814697e-09 -0.008747032 0.000424057 0.009999996 -0.008743462 0.0003826447 3.814697e-09 -0.008743462 0.0003826447 0.009999996 -0.00874334 0.0003410645 3.814697e-09 -0.00874334 0.0003410645 0.009999996 -0.008740868 -0.003227234 3.814697e-09 -0.008740868 -0.003227234 0.009999996 -0.008727867 0.003839066 3.814697e-09 -0.008727867 0.003839066 0.009999996 -0.008716209 -0.002049133 3.814697e-09 -0.008716209 -0.002049133 0.009999996 -0.008707115 0.002518372 3.814697e-09 -0.008707115 0.002518372 0.009999996 -0.008678291 -0.002066177 3.814697e-09 -0.008678291 -0.002066177 0.009999996 -0.008672005 -0.004979584 3.814697e-09 -0.008672005 -0.004979584 0.009999996 -0.008665825 0.002523178 3.814697e-09 -0.008665825 0.002523178 0.009999996 -0.008641914 -0.002086304 3.814697e-09 -0.008641914 -0.002086304 0.009999996 -0.008641396 0.005517136 3.814697e-09 -0.008641396 0.005517136 0.009999996 -0.008625069 0.002531387 3.814697e-09 -0.008625069 0.002531387 0.009999996 -0.008610481 -0.004966431 3.814697e-09 -0.008610481 -0.004966431 0.009999996 -0.008607338 -0.00210939 3.814697e-09 -0.008607338 -0.00210939 0.009999996 -0.008585136 0.002542969 3.814697e-09 -0.008585136 0.002542969 0.009999996 -0.008574791 -0.002135269 3.814697e-09 -0.008574791 -0.002135269 0.009999996 -0.008557304 -0.003106033 3.814697e-09 -0.008557304 -0.003106033 0.009999996 -0.008550148 -0.004948547 3.814697e-09 -0.008550148 -0.004948547 0.009999996 -0.008546303 0.0025578 3.814697e-09 -0.008546303 0.0025578 0.009999996 -0.008544518 -0.002163757 3.814697e-09 -0.008544518 -0.002163757 0.009999996 -0.008542564 0.003720535 3.814697e-09 -0.008542564 0.003720535 0.009999996 -0.008524483 -0.003080505 3.814697e-09 -0.008524483 -0.003080505 0.009999996 -0.008516716 -0.002194672 3.814697e-09 -0.008516716 -0.002194672 0.009999996 -0.008508842 0.002575836 3.814697e-09 -0.008508842 0.002575836 0.009999996 -0.008493889 -0.003052368 3.814697e-09 -0.008493889 -0.003052368 0.009999996 -0.00849157 -0.002227783 3.814697e-09 -0.00849157 -0.002227783 0.009999996 -0.008491402 -0.004926071 3.814697e-09 -0.008491402 -0.004926071 0.009999996 -0.008473015 0.002596909 3.814697e-09 -0.008473015 0.002596909 0.009999996 -0.008469261 -0.002262848 3.814697e-09 -0.008469261 -0.002262848 0.009999996 -0.008465752 -0.003021759 3.814697e-09 -0.008465752 -0.003021759 0.009999996 -0.008449959 -0.002299683 3.814697e-09 -0.008449959 -0.002299683 0.009999996 -0.008440239 -0.002988922 3.814697e-09 -0.008440239 -0.002988922 0.009999996 -0.008439049 0.00262088 3.814697e-09 -0.008439049 0.00262088 0.009999996 -0.008434532 -0.004899109 3.814697e-09 -0.008434532 -0.004899109 0.009999996 -0.008433754 -0.002337967 3.814697e-09 -0.008433754 -0.002337967 0.009999996 -0.008420815 -0.002377472 3.814697e-09 -0.008420815 -0.002377472 0.009999996 -0.008417549 -0.002954086 3.814697e-09 -0.008417549 -0.002954086 0.009999996 -0.008407188 0.002647598 3.814697e-09 -0.008407188 0.002647598 0.009999996 -0.008397835 -0.00291748 3.814697e-09 -0.008397835 -0.00291748 0.009999996 -0.008381233 -0.002879379 3.814697e-09 -0.008381233 -0.002879379 0.009999996 -0.008377678 0.002676865 3.814697e-09 -0.008377678 0.002676865 0.009999996 -0.008373863 0.005466125 3.814697e-09 -0.008373863 0.005466125 0.009999996 -0.00836927 -0.002552994 3.814697e-09 -0.00836927 -0.002552994 0.009999996 -0.008367851 -0.002840012 3.814697e-09 -0.008367851 -0.002840012 0.009999996 -0.008366203 0.003589066 3.814697e-09 -0.008366203 0.003589066 0.009999996 -0.008358803 -0.002593231 3.814697e-09 -0.008358803 -0.002593231 0.009999996 -0.00835778 -0.002799667 3.814697e-09 -0.00835778 -0.002799667 0.009999996 -0.008351707 -0.002634186 3.814697e-09 -0.008351707 -0.002634186 0.009999996 -0.008351097 -0.002758636 3.814697e-09 -0.008351097 -0.002758636 0.009999996 -0.00835067 0.002708496 3.814697e-09 -0.00835067 0.002708496 0.009999996 -0.008348061 -0.002675613 3.814697e-09 -0.008348061 -0.002675613 0.009999996 -0.008347847 -0.002717194 3.814697e-09 -0.008347847 -0.002717194 0.009999996 -0.008334892 0.003561722 3.814697e-09 -0.008334892 0.003561722 0.009999996 -0.008326408 0.002742249 3.814697e-09 -0.008326408 0.002742249 0.009999996 -0.008313179 0.005449463 3.814697e-09 -0.008313179 0.005449463 0.009999996 -0.008305946 0.00353186 3.814697e-09 -0.008305946 0.00353186 0.009999996 -0.008305031 0.002777908 3.814697e-09 -0.008305031 0.002777908 0.009999996 -0.00828669 0.002815201 3.814697e-09 -0.00828669 0.002815201 0.009999996 -0.00827961 0.00349971 3.814697e-09 -0.00827961 0.00349971 0.009999996 -0.008271507 0.002853928 3.814697e-09 -0.008271507 0.002853928 0.009999996 -0.00825602 0.003465485 3.814697e-09 -0.00825602 0.003465485 0.009999996 -0.008253975 0.005428192 3.814697e-09 -0.008253975 0.005428192 0.009999996 -0.008235985 -0.004804443 3.814697e-09 -0.008235985 -0.004804443 0.009999996 -0.008235344 0.003429398 3.814697e-09 -0.008235344 0.003429398 0.009999996 -0.008217751 0.003391739 3.814697e-09 -0.008217751 0.003391739 0.009999996 -0.00821003 0.003026215 3.814697e-09 -0.00821003 0.003026215 0.009999996 -0.008203346 0.003352737 3.814697e-09 -0.008203346 0.003352737 0.009999996 -0.008197273 0.003065781 3.814697e-09 -0.008197273 0.003065781 0.009999996 -0.008196587 0.005402374 3.814697e-09 -0.008196587 0.005402374 0.009999996 -0.008192223 0.003312668 3.814697e-09 -0.008192223 0.003312668 0.009999996 -0.008190849 -0.007308167 0.0001278648 -0.008190849 -0.007308167 0.009872135 -0.008190849 -0.007299515 0.0001263237 -0.008190849 -0.007299515 0.009873676 -0.008190117 -0.007316757 0.000129261 -0.008190117 -0.007316757 0.009870747 -0.008190102 -0.007290909 0.0001246452 -0.008190102 -0.007290909 0.009875362 -0.008188637 -0.007325287 0.0001304817 -0.008188637 -0.007325287 0.009869518 -0.008188606 -0.007282394 0.0001228294 -0.008188606 -0.007282394 0.009877171 -0.008187874 0.003106277 3.814697e-09 -0.008187874 0.003106277 0.009999996 -0.008186409 -0.007333633 0.0001315346 -0.008186409 -0.007333633 0.009868465 -0.008184471 0.00327182 3.814697e-09 -0.008184471 0.00327182 0.009999996 -0.008183495 -0.007341766 0.0001324043 -0.008183495 -0.007341766 0.009867603 -0.008181862 0.003147415 3.814697e-09 -0.008181862 0.003147415 0.009999996 -0.008181786 -0.007345718 0.0001327705 -0.00818177 -0.007345734 0.009867229 -0.008180153 0.003230469 3.814697e-09 -0.008180153 0.003230469 0.009999996 -0.008179878 -0.007349625 0.000133091 -0.008179878 -0.007349625 0.009866917 -0.008179283 0.003188919 3.814697e-09 -0.008179283 0.003188919 0.009999996 -0.008177818 -0.007353424 0.000133358 -0.008177818 -0.007353424 0.009866642 -0.008175591 -0.007357117 0.0001335793 -0.008175591 -0.007357117 0.009866428 -0.00817321 -0.007360718 0.0001337547 -0.00817321 -0.007360718 0.009866253 -0.008170677 -0.007364227 0.0001338768 -0.008170677 -0.007364227 0.009866131 -0.008168007 -0.007367599 0.0001339455 -0.008168007 -0.007367599 0.009866055 -0.008165184 -0.00737088 0.000133976 -0.008165184 -0.00737088 0.009866032 -0.008141365 0.005372238 3.814697e-09 -0.008141365 0.005372238 0.009999996 -0.008119286 -0.007019012 6.233597e-05 -0.008119286 -0.007019012 0.009937664 -0.008031181 -0.004724197 3.814697e-09 -0.008031181 -0.004724197 0.009999996 -0.008029961 -0.006765335 3.814697e-09 -0.008029961 -0.006765335 0.009999996 -0.008028694 -0.006762161 3.814697e-09 -0.008028694 -0.006762161 0.009999996 -0.007996925 -0.007553101 0.000133976 -0.007996925 -0.007553101 0.009866032 -0.007994926 -0.0002849274 -0.009700001 -0.007994926 -0.0002849274 3.814697e-09 -0.007988823 0.00042276 -0.009700001 -0.007988823 0.00042276 3.814697e-09 -0.00794854 0.005266388 3.814697e-09 -0.00794854 0.005266388 0.009999996 -0.007938454 -0.0009904175 -0.009700001 -0.007938454 -0.0009904175 3.814697e-09 -0.007920189 0.001127167 -0.009700001 -0.007920189 0.001127167 3.814697e-09 -0.007917442 -0.00651358 3.814697e-09 -0.007917442 -0.00651358 0.009999996 -0.007862587 0.001476395 -0.009700001 -0.007824608 -0.007731461 0.000133976 -0.007824608 -0.007731461 0.009866032 -0.00782151 -0.007734467 0.009866055 -0.007821495 -0.007734467 0.0001339455 -0.007821159 -0.004658798 3.814697e-09 -0.007821159 -0.004658798 0.009999996 -0.007819862 -0.001688141 -0.009700001 -0.007819862 -0.001688141 3.814697e-09 -0.007818275 -0.007737335 0.0001338768 -0.007818275 -0.007737335 0.009866131 -0.007814934 -0.007740067 0.0001337547 -0.007814934 -0.007740067 0.009866253 -0.00781147 -0.007742645 0.0001335793 -0.00781147 -0.007742645 0.009866428 -0.007807899 -0.007745071 0.000133358 -0.007807899 -0.007745071 0.009866642 -0.007804222 -0.007747345 0.000133091 -0.007804222 -0.007747345 0.009866917 -0.007800453 -0.007749451 0.0001327705 -0.007800423 -0.007749466 0.009867237 -0.007796593 -0.007751404 0.0001324043 -0.007796593 -0.007751404 0.009867603 -0.007789589 0.001822739 -0.009700001 -0.007789589 0.001822739 3.814697e-09 -0.007788643 -0.007754776 0.0001315346 -0.007788643 -0.007754776 0.009868465 -0.007786263 -0.006274887 3.814697e-09 -0.007786263 -0.006274887 0.009999996 -0.007780632 -0.004649551 3.814697e-09 -0.007780632 -0.004649551 0.009999996 -0.007780434 -0.007757477 0.0001304817 -0.007780434 -0.007757477 0.009869518 -0.007772011 -0.00775943 0.000129261 -0.007772011 -0.00775943 0.009870747 -0.007763466 -0.007760666 0.0001278648 -0.007763466 -0.007760666 0.009872135 -0.007761147 0.007754822 0.0001263237 -0.007761147 0.007754822 0.009873676 -0.007760902 0.007746201 0.0001246452 -0.007760902 0.007746201 0.009875362 -0.007760674 0.007763458 0.0001278648 -0.007760674 0.007763458 0.009872135 -0.007759895 0.00773761 0.0001228294 -0.007759895 0.00773761 0.009877171 -0.007759438 0.007772003 0.000129261 -0.007759438 0.007772003 0.009870747 -0.007757469 0.007780426 0.0001304817 -0.007757469 0.007780426 0.009869518 -0.007754829 -0.007761154 0.0001263237 -0.007754829 -0.007761154 0.009873676 -0.007754784 0.007788635 0.0001315346 -0.007754784 0.007788635 0.009868465 -0.007751671 -0.006222336 3.814697e-09 -0.007751671 -0.006222336 0.009999996 -0.007751411 0.007796585 0.0001324043 -0.007751411 0.007796585 0.009867603 -0.007749458 0.00780043 0.009867237 -0.007749458 0.007800446 0.0001327705 -0.007748634 0.005174591 3.814697e-09 -0.007748634 0.005174591 0.009999996 -0.007747337 0.007804214 0.000133091 -0.007747337 0.007804214 0.009866917 -0.007746193 -0.00776091 0.0001246452 -0.007746193 -0.00776091 0.009875362 -0.007745079 0.007807892 0.000133358 -0.007745079 0.007807907 0.009866642 -0.007742638 0.007811462 0.0001335793 -0.007742638 0.007811462 0.009866428 -0.007740059 0.007814926 0.0001337547 -0.007740059 0.007814941 0.009866253 -0.007739464 -0.004643692 3.814697e-09 -0.007739464 -0.004643692 0.009999996 -0.007737602 -0.007759903 0.0001228294 -0.007737602 -0.007759903 0.009877171 -0.007737328 0.007818283 0.0001338768 -0.007737328 0.007818283 0.009866131 -0.007734459 0.007821503 0.0001339455 -0.007734459 0.007821503 0.009866055 -0.007731453 0.007824615 0.000133976 -0.007731453 0.007824615 0.009866032 -0.007713127 -0.006172592 3.814697e-09 -0.007713127 -0.006172592 0.009999996 -0.007705711 0.007470703 6.233597e-05 -0.007705711 0.007470703 0.009937664 -0.00769796 -0.004641266 3.814697e-09 -0.00769796 -0.004641266 0.009999996 -0.007695107 -0.0002742462 -0.009999996 -0.007689232 0.0004069061 -0.009999996 -0.00767086 -0.006125992 3.814697e-09 -0.00767086 -0.006125992 0.009999996 -0.007656395 -0.004642303 3.814697e-09 -0.007656395 -0.004642303 0.009999996 -0.00764077 -0.0009532623 -0.009999996 -0.007640068 -0.00237265 -0.009700001 -0.007640068 -0.00237265 3.814697e-09 -0.00763343 -0.007209778 3.814697e-09 -0.00763343 -0.007209778 0.009999996 -0.007631004 0.007212326 3.814697e-09 -0.007631004 0.007212326 0.009999996 -0.007629921 0.007209091 3.814697e-09 -0.007629921 0.007209091 0.009999996 -0.007625114 -0.006082794 3.814697e-09 -0.007625114 -0.006082794 0.009999996 -0.007623177 0.0010849 -0.009999996 -0.007615059 -0.00464679 3.814697e-09 -0.007615059 -0.00464679 0.009999996 -0.007598 0.002504059 -0.009700001 -0.007598 0.002504059 3.814697e-09 -0.007574242 -0.004654678 3.814697e-09 -0.007574242 -0.004654678 0.009999996 -0.007553078 0.007996918 0.000133976 -0.007553078 0.007996918 0.009866032 -0.007542686 0.005097321 3.814697e-09 -0.007542686 0.005097321 0.009999996 -0.007534233 -0.00466597 3.814697e-09 -0.007534233 -0.00466597 0.009999996 -0.007533028 0.006954559 3.814697e-09 -0.007533028 0.006954559 0.009999996 -0.007526619 -0.001624832 -0.009999996 -0.007502754 0.005085754 3.814697e-09 -0.007502754 0.005085754 0.009999996 -0.007497475 0.001754395 -0.009999996 -0.007495277 -0.004680511 3.814697e-09 -0.007495277 -0.004680511 0.009999996 -0.007470695 -0.007705719 6.233597e-05 -0.007470695 -0.007705719 0.009937664 -0.007464867 -0.005932098 3.814697e-09 -0.007464867 -0.005932098 0.009999996 -0.007461998 0.00507756 3.814697e-09 -0.007461998 0.00507756 0.009999996 -0.007457695 -0.004698257 3.814697e-09 -0.007457695 -0.004698257 0.009999996 -0.007421684 -0.004719055 3.814697e-09 -0.007421684 -0.004719055 0.009999996 -0.007420692 0.005072784 3.814697e-09 -0.007420692 0.005072784 0.009999996 -0.007415672 0.006708786 3.814697e-09 -0.007415672 0.006708786 0.009999996 -0.007400475 -0.003038589 -0.009700001 -0.007400475 -0.003038589 3.814697e-09 -0.00738755 -0.004742783 3.814697e-09 -0.00738755 -0.004742783 0.009999996 -0.007384132 0.006654343 3.814697e-09 -0.007384132 0.006654343 0.009999996 -0.007379143 0.005071457 3.814697e-09 -0.007379143 0.005071457 0.009999996 -0.007370888 0.008165176 0.000133976 -0.007370888 0.008165176 0.009866032 -0.007367607 0.008167999 0.0001339455 -0.007367592 0.008167999 0.009866055 -0.007364235 0.008170685 0.0001338768 -0.007364235 0.008170685 0.009866131 -0.007360725 0.008173218 0.0001337547 -0.007360725 0.008173218 0.009866253 -0.007357124 0.008175583 0.0001335793 -0.007357124 0.008175583 0.009866428 -0.007355492 -0.004769257 3.814697e-09 -0.007355492 -0.004769257 0.009999996 -0.007353554 -0.002283676 -0.009999996 -0.007353416 0.008177811 0.000133358 -0.007353416 0.008177811 0.009866642 -0.007349617 0.008179886 0.000133091 -0.007349617 0.008179886 0.009866917 -0.007348488 0.006602493 3.814697e-09 -0.007348488 0.006602493 0.009999996 -0.007346962 0.003165771 -0.009700001 -0.007346962 0.003165771 3.814697e-09 -0.007345741 0.008181763 0.009867229 -0.007345711 0.008181778 0.0001327705 -0.007341759 0.008183487 0.0001324043 -0.007341759 0.008183487 0.009867603 -0.007337608 0.005073563 3.814697e-09 -0.007337608 0.005073563 0.009999996 -0.007333641 0.008186417 0.0001315346 -0.007333641 0.008186417 0.009868465 -0.007325737 -0.004798309 3.814697e-09 -0.007325737 -0.004798309 0.009999996 -0.007325279 0.008188629 0.0001304817 -0.007325279 0.008188629 0.009869518 -0.007316765 0.008190109 0.000129261 -0.007316765 0.008190109 0.009870747 -0.007315804 -0.005770355 3.814697e-09 -0.007315804 -0.005770355 0.009999996 -0.007313072 0.002410156 -0.009999996 -0.007308937 0.006553558 3.814697e-09 -0.007308937 0.006553558 0.009999996 -0.007308159 0.008190842 0.0001278648 -0.007308159 0.008190842 0.009872135 -0.007299507 0.008190842 0.0001263237 -0.007299507 0.008190842 0.009873676 -0.007298515 -0.004829712 3.814697e-09 -0.007298515 -0.004829712 0.009999996 -0.00729641 0.005079147 3.814697e-09 -0.00729641 0.005079147 0.009999996 -0.007290901 0.008190094 0.0001246452 -0.007290901 0.008190094 0.009875362 -0.007282387 0.008188614 0.0001228294 -0.007282387 0.008188614 0.009877171 -0.007273979 -0.004863281 3.814697e-09 -0.007273979 -0.004863281 0.009999996 -0.007265739 0.006507797 3.814697e-09 -0.007265739 0.006507797 0.009999996 -0.007255821 0.005088104 3.814697e-09 -0.007255821 0.005088104 0.009999996 -0.007216118 0.005100418 3.814697e-09 -0.007216118 0.005100418 0.009999996 -0.007212334 -0.007630997 3.814697e-09 -0.007212334 -0.007630997 0.009999996 -0.007209755 0.007633423 3.814697e-09 -0.007209755 0.007633423 0.009999996 -0.007209114 -0.007629929 3.814697e-09 -0.007209114 -0.007629929 0.009999996 -0.007178658 -0.005598358 3.814697e-09 -0.007178658 -0.005598358 0.009999996 -0.007177559 0.005115982 3.814697e-09 -0.007177559 0.005115982 0.009999996 -0.007170738 -0.005014297 3.814697e-09 -0.007170738 -0.005014297 0.009999996 -0.007155327 -0.00556395 3.814697e-09 -0.007155327 -0.00556395 0.009999996 -0.007148338 -0.005049332 3.814697e-09 -0.007148338 -0.005049332 0.009999996 -0.007140434 0.005134689 3.814697e-09 -0.007140434 0.005134689 0.009999996 -0.007134941 -0.005527725 3.814697e-09 -0.007134941 -0.005527725 0.009999996 -0.007128944 -0.00508609 3.814697e-09 -0.007128944 -0.00508609 0.009999996 -0.007122948 -0.002924652 -0.009999996 -0.007117622 -0.005489929 3.814697e-09 -0.007117622 -0.005489929 0.009999996 -0.007114357 0.006348221 3.814697e-09 -0.007114357 0.006348221 0.009999996 -0.007112663 -0.005124359 3.814697e-09 -0.007112663 -0.005124359 0.009999996 -0.007104988 0.005156433 3.814697e-09 -0.007104988 0.005156433 0.009999996 -0.007103523 -0.005450806 3.814697e-09 -0.007103523 -0.005450806 0.009999996 -0.007102943 -0.003680756 -0.009700001 -0.007102943 -0.003680756 3.814697e-09 -0.007099632 -0.005163834 3.814697e-09 -0.007099632 -0.005163834 0.009999996 -0.007092705 -0.00541066 3.814697e-09 -0.007092705 -0.00541066 0.009999996 -0.007089897 -0.005204254 3.814697e-09 -0.007089897 -0.005204254 0.009999996 -0.007085258 -0.005369766 3.814697e-09 -0.007085258 -0.005369766 0.009999996 -0.00708358 -0.005245331 3.814697e-09 -0.00708358 -0.005245331 0.009999996 -0.007081261 -0.005328384 3.814697e-09 -0.007081261 -0.005328384 0.009999996 -0.007080696 -0.005286819 3.814697e-09 -0.007080696 -0.005286819 0.009999996 -0.00707148 0.00518103 3.814697e-09 -0.00707148 0.00518103 0.009999996 -0.007071449 0.003047058 -0.009999996 -0.007040123 0.005208328 3.814697e-09 -0.007040123 0.005208328 0.009999996 -0.007038414 0.003802704 -0.009700001 -0.007038414 0.003802704 3.814697e-09 -0.00701902 0.008119293 6.233597e-05 -0.00701902 0.008119293 0.009937664 -0.007011147 0.005238144 3.814697e-09 -0.007011147 0.005238144 0.009999996 -0.006984749 0.005270264 3.814697e-09 -0.006984749 0.005270264 0.009999996 -0.006974739 0.006178238 3.814697e-09 -0.006974739 0.006178238 0.009999996 -0.006954567 -0.00753302 3.814697e-09 -0.006954567 -0.00753302 0.009999996 -0.006873039 0.005415131 3.814697e-09 -0.006873039 0.005415131 0.009999996 -0.006848686 0.005448837 3.814697e-09 -0.006848686 0.005448837 0.009999996 -0.006847649 0.005998703 3.814697e-09 -0.006847649 0.005998703 0.009999996 -0.006836586 -0.003542725 -0.009999996 -0.006827232 0.005484436 3.814697e-09 -0.006827232 0.005484436 0.009999996 -0.006826317 0.005963013 3.814697e-09 -0.006826317 0.005963013 0.009999996 -0.0068088 0.005521698 3.814697e-09 -0.0068088 0.005521698 0.009999996 -0.006808022 0.00592569 3.814697e-09 -0.006808022 0.00592569 0.009999996 -0.006793526 0.005560379 3.814697e-09 -0.006793526 0.005560379 0.009999996 -0.0067929 0.005886963 3.814697e-09 -0.0067929 0.005886963 0.009999996 -0.006781517 0.005600174 3.814697e-09 -0.006781517 0.005600174 0.009999996 -0.006781044 0.005847122 3.814697e-09 -0.006781044 0.005847122 0.009999996 -0.006774483 0.00366011 -0.009999996 -0.006772865 0.005640839 3.814697e-09 -0.006772865 0.005640839 0.009999996 -0.00677253 0.005806427 3.814697e-09 -0.00677253 0.005806427 0.009999996 -0.006767601 0.005682068 3.814697e-09 -0.006767601 0.005682068 0.009999996 -0.006767433 0.005765167 3.814697e-09 -0.006767433 0.005765167 0.009999996 -0.0067658 0.005723618 3.814697e-09 -0.0067658 0.005723618 0.009999996 -0.006765343 0.008029953 3.814697e-09 -0.006765343 0.008029953 0.009999996 -0.006762169 0.008028687 3.814697e-09 -0.006762169 0.008028687 0.009999996 -0.006749855 -0.004294128 -0.009700001 -0.006749855 -0.004294128 3.814697e-09 -0.006708778 -0.00741568 3.814697e-09 -0.006708778 -0.00741568 0.009999996 -0.006674797 0.004409882 -0.009700001 -0.006674797 0.004409882 3.814697e-09 -0.00665435 -0.007384125 3.814697e-09 -0.00665435 -0.007384125 0.009999996 -0.006602501 -0.00734848 3.814697e-09 -0.006602501 -0.00734848 0.009999996 -0.006553566 -0.00730896 3.814697e-09 -0.006553566 -0.00730896 0.009999996 -0.006513573 0.007917435 3.814697e-09 -0.006513573 0.007917435 0.009999996 -0.00650782 -0.007265747 3.814697e-09 -0.00650782 -0.007265747 0.009999996 -0.006496742 -0.004133087 -0.009999996 -0.006424492 0.004244507 -0.009999996 -0.006348244 -0.007114365 3.814697e-09 -0.006348244 -0.007114365 0.009999996 -0.006343925 -0.004873871 -0.009700001 -0.006343925 -0.004873871 3.814697e-09 -0.006274879 0.007786255 3.814697e-09 -0.006274879 0.007786255 0.009999996 -0.006258934 0.004982544 -0.009700001 -0.006258934 0.004982544 3.814697e-09 -0.006222328 0.007751663 3.814697e-09 -0.006222328 0.007751663 0.009999996 -0.006178246 -0.006974747 3.814697e-09 -0.006178246 -0.006974747 0.009999996 -0.0061726 0.007713135 3.814697e-09 -0.0061726 0.007713135 0.009999996 -0.006125984 0.007670853 3.814697e-09 -0.006125984 0.007670853 0.009999996 -0.006106041 -0.004691101 -0.009999996 -0.006082787 0.007625107 3.814697e-09 -0.006082787 0.007625107 0.009999996 -0.006024223 0.0047957 -0.009999996 -0.005998711 -0.006847641 3.814697e-09 -0.005998711 -0.006847641 0.009999996 -0.00596302 -0.006826324 3.814697e-09 -0.00596302 -0.006826324 0.009999996 -0.005932091 0.007464859 3.814697e-09 -0.005932091 0.007464859 0.009999996 -0.005925697 -0.006808029 3.814697e-09 -0.005925697 -0.006808029 0.009999996 -0.005888359 -0.005415482 -0.009700001 -0.005888359 -0.005415482 3.814697e-09 -0.005886971 -0.006792892 3.814697e-09 -0.005886971 -0.006792892 0.009999996 -0.005847115 -0.006781052 3.814697e-09 -0.005847115 -0.006781052 0.009999996 -0.005806419 -0.006772537 3.814697e-09 -0.005806419 -0.006772537 0.009999996 -0.005794075 0.005516205 -0.009700001 -0.005794075 0.005516205 3.814697e-09 -0.005770348 0.007315796 3.814697e-09 -0.005770348 0.007315796 0.009999996 -0.00576516 -0.006767441 3.814697e-09 -0.00576516 -0.006767441 0.009999996 -0.005723625 -0.006765793 3.814697e-09 -0.005723625 -0.006765793 0.009999996 -0.005682076 -0.006767609 3.814697e-09 -0.005682076 -0.006767609 0.009999996 -0.005667534 -0.005212387 -0.009999996 -0.005640831 -0.006772858 3.814697e-09 -0.005640831 -0.006772858 0.009999996 -0.005600182 -0.006781509 3.814697e-09 -0.005600182 -0.006781509 0.009999996 -0.005598366 0.00717865 3.814697e-09 -0.005598366 0.00717865 0.009999996 -0.005576805 0.005309341 -0.009999996 -0.005563942 0.007155319 3.814697e-09 -0.005563942 0.007155319 0.009999996 -0.005560371 -0.006793518 3.814697e-09 -0.005560371 -0.006793518 0.009999996 -0.00555291 -0.009184479 6.233597e-05 -0.00555291 -0.009184479 0.009937664 -0.005546349 -0.008915619 3.814697e-09 -0.005546349 -0.008915619 0.009999996 -0.00554612 -0.008912201 3.814697e-09 -0.00554612 -0.008912201 0.009999996 -0.005537453 -0.00945639 0.0001228294 -0.005537453 -0.00945639 0.009877171 -0.005536247 -0.009464951 0.0001246452 -0.005536247 -0.009464951 0.009875362 -0.005534294 -0.009473358 0.0001263237 -0.005534294 -0.009473358 0.009873676 -0.005531624 -0.009481583 0.0001278648 -0.005531624 -0.009481583 0.009872135 -0.005528252 -0.009489548 0.000129261 -0.005528252 -0.009489548 0.009870747 -0.005527718 0.007134933 3.814697e-09 -0.005527718 0.007134933 0.009999996 -0.005524223 -0.009497177 0.0001304817 -0.005524223 -0.009497177 0.009869518 -0.005521706 -0.006808792 3.814697e-09 -0.005521706 -0.006808792 0.009999996 -0.005519524 -0.00950444 0.0001315346 -0.005519524 -0.00950444 0.009868465 -0.005517128 -0.008641403 3.814697e-09 -0.005517128 -0.008641403 0.009999996 -0.005514229 -0.009511276 0.0001324043 -0.005514229 -0.009511276 0.009867603 -0.005511375 -0.009514511 0.0001327705 -0.00551136 -0.009514526 0.009867229 -0.005508369 -0.009517624 0.000133091 -0.005508369 -0.009517624 0.009866917 -0.005505226 -0.009520599 0.000133358 -0.005505226 -0.009520599 0.009866642 -0.005501991 -0.009523438 0.0001335793 -0.005501991 -0.009523438 0.009866428 -0.005498604 -0.009526123 0.0001337547 -0.005498604 -0.009526123 0.009866253 -0.00549511 -0.009528671 0.0001338768 -0.00549511 -0.009528671 0.009866131 -0.005491524 -0.009531067 0.0001339455 -0.005491524 -0.009531067 0.009866055 -0.005489922 0.007117615 3.814697e-09 -0.005489922 0.007117615 0.009999996 -0.005487816 -0.00953331 0.000133976 -0.005487816 -0.00953331 0.009866032 -0.005484444 -0.006827225 3.814697e-09 -0.005484444 -0.006827225 0.009999996 -0.005466133 -0.008373871 3.814697e-09 -0.005466133 -0.008373871 0.009999996 -0.005450813 0.007103516 3.814697e-09 -0.005450813 0.007103516 0.009999996 -0.005449471 -0.008313187 3.814697e-09 -0.005449471 -0.008313187 0.009999996 -0.00544883 -0.006848709 3.814697e-09 -0.00544883 -0.006848709 0.009999996 -0.005428185 -0.008253967 3.814697e-09 -0.005428185 -0.008253967 0.009999996 -0.005415138 -0.006873047 3.814697e-09 -0.005415138 -0.006873047 0.009999996 -0.005410667 0.007092697 3.814697e-09 -0.005410667 0.007092697 0.009999996 -0.005402382 -0.008196594 3.814697e-09 -0.005402382 -0.008196594 0.009999996 -0.005386696 -0.005914703 -0.009700001 -0.005386696 -0.005914703 3.814697e-09 -0.005372231 -0.008141357 3.814697e-09 -0.005372231 -0.008141357 0.009999996 -0.005369774 0.007085266 3.814697e-09 -0.005369774 0.007085266 0.009999996 -0.005328392 0.007081253 3.814697e-09 -0.005328392 0.007081253 0.009999996 -0.005299812 4.570007e-05 -0.009999996 -0.005296638 -0.0001887817 0.009999996 -0.005292595 0.0002800903 0.009999996 -0.005286812 0.007080673 3.814697e-09 -0.005286812 0.007080673 0.009999996 -0.005283882 0.006006714 -0.009700001 -0.005283882 0.006006714 3.814697e-09 -0.005283104 -0.0004228821 -0.009999996 -0.005275032 0.000513916 -0.009999996 -0.005271492 -0.009654602 0.000133976 -0.005271492 -0.009654602 0.009866032 -0.005270271 -0.006984756 3.814697e-09 -0.005270271 -0.006984756 0.009999996 -0.005266396 -0.007948547 3.814697e-09 -0.005266396 -0.007948547 0.009999996 -0.005259224 -0.0006561584 0.009999996 -0.005247124 0.0007467499 0.009999996 -0.005245338 0.007083572 3.814697e-09 -0.005245338 0.007083572 0.009999996 -0.005238167 -0.007011154 3.814697e-09 -0.005238167 -0.007011154 0.009999996 -0.00522506 -0.0008881531 -0.009999996 -0.005208961 0.0009781189 -0.009999996 -0.005208336 -0.007040115 3.814697e-09 -0.005208336 -0.007040115 0.009999996 -0.005204247 0.007089905 3.814697e-09 -0.005204247 0.007089905 0.009999996 -0.0051847 -0.005692902 -0.009999996 -0.005181038 -0.007071487 3.814697e-09 -0.005181038 -0.007071487 0.009999996 -0.005180656 -0.001118408 0.009999996 -0.005174599 -0.007748642 3.814697e-09 -0.005174599 -0.007748642 0.009999996 -0.005163811 0.007099625 3.814697e-09 -0.005163811 0.007099625 0.009999996 -0.005160606 0.001207565 0.009999996 -0.005156425 -0.007104996 3.814697e-09 -0.005156425 -0.007104996 0.009999996 -0.005134697 -0.007140442 3.814697e-09 -0.005134697 -0.007140442 0.009999996 -0.005126122 -0.001346466 -0.009999996 -0.005124352 0.007112656 3.814697e-09 -0.005124352 0.007112656 0.009999996 -0.00511599 -0.007177551 3.814697e-09 -0.00511599 -0.007177551 0.009999996 -0.005102135 0.001434662 -0.009999996 -0.00510041 -0.007216125 3.814697e-09 -0.00510041 -0.007216125 0.009999996 -0.005097313 -0.007542694 3.814697e-09 -0.005097313 -0.007542694 0.009999996 -0.005088112 -0.007255814 3.814697e-09 -0.005088112 -0.007255814 0.009999996 -0.005086098 0.007128937 3.814697e-09 -0.005086098 0.007128937 0.009999996 -0.005085762 -0.007502762 3.814697e-09 -0.005085762 -0.007502762 0.009999996 -0.005085732 0.005781464 -0.009999996 -0.00507914 -0.007296417 3.814697e-09 -0.00507914 -0.007296417 0.009999996 -0.005077568 -0.00746199 3.814697e-09 -0.005077568 -0.00746199 0.009999996 -0.00507357 -0.007337631 3.814697e-09 -0.00507357 -0.007337631 0.009999996 -0.005072792 -0.0074207 3.814697e-09 -0.005072792 -0.0074207 0.009999996 -0.005071465 -0.007379135 3.814697e-09 -0.005071465 -0.007379135 0.009999996 -0.005061531 -0.001571884 0.009999996 -0.005052513 -0.009770996 0.000133976 -0.005052513 -0.009770996 0.009866032 -0.005049324 0.007148346 3.814697e-09 -0.005049324 0.007148346 0.009999996 -0.005048622 -0.009772888 0.0001339455 -0.005048622 -0.009772888 0.009866055 -0.00504467 -0.009774628 0.0001338768 -0.00504467 -0.009774628 0.009866131 -0.005040627 -0.009776184 0.0001337547 -0.005040627 -0.009776184 0.009866253 -0.005036552 -0.009777573 0.0001335793 -0.005036552 -0.009777573 0.009866428 -0.005033669 0.001658936 0.009999996 -0.005032387 -0.009778778 0.000133358 -0.005032387 -0.009778778 0.009866642 -0.005031883 -0.009215759 3.814697e-09 -0.005031883 -0.009215759 0.009999996 -0.005028786 0.009217453 3.814697e-09 -0.005028786 0.009217453 0.009999996 -0.005028755 0.009214035 3.814697e-09 -0.005028755 0.009214035 0.009999996 -0.005028191 -0.0097798 0.000133091 -0.005028191 -0.0097798 0.009866917 -0.005023949 -0.00978064 0.0001327705 -0.005023933 -0.00978064 0.009867237 -0.005019997 0.009486252 6.233597e-05 -0.005019997 0.009486252 0.009937664 -0.005019676 -0.009781296 0.0001324043 -0.005019676 -0.009781296 0.009867603 -0.005015251 0.008942017 3.814697e-09 -0.005015251 0.008942017 0.009999996 -0.00501429 0.007170731 3.814697e-09 -0.00501429 0.007170731 0.009999996 -0.005011086 -0.009782074 0.0001315346 -0.005011086 -0.009782074 0.009868465 -0.005002434 -0.009782089 0.0001304817 -0.005002434 -0.009782089 0.009869518 -0.004999809 4.312134e-05 -0.009700001 -0.004996819 -0.0001781006 0.009700001 -0.004993828 -0.009781357 0.000129261 -0.004993828 -0.009781357 0.009870747 -0.004993004 0.0002642365 0.009700001 -0.004991936 -0.0001779175 -0.009700001 -0.004989037 0.009756836 0.0001228294 -0.004989037 0.009756836 0.009877171 -0.004988121 0.0002639618 -0.009700001 -0.004987343 0.00976532 0.0001246452 -0.004987343 0.00976532 0.009875362 -0.004987068 -0.001794235 -0.009999996 -0.004985298 -0.009779877 0.0001278648 -0.004985298 -0.009779877 0.009872135 -0.004984932 0.009773605 0.0001263237 -0.004984932 0.009773605 0.009873676 -0.004984062 -0.000398941 -0.009700001 -0.004981789 0.009781662 0.0001278648 -0.004981789 0.009781662 0.009872135 -0.004979591 0.008671997 3.814697e-09 -0.004979591 0.008671997 0.009999996 -0.004977974 0.009789413 0.000129261 -0.004977974 0.009789413 0.009870747 -0.004976952 -0.009777679 0.0001263237 -0.004976952 -0.009777679 0.009873676 -0.004976433 0.0004848328 -0.009700001 -0.004973503 0.009796799 0.0001304817 -0.004973503 0.009796799 0.009869518 -0.004968819 -0.009774765 0.0001246452 -0.004968819 -0.009774765 0.009875362 -0.004968422 0.009803787 0.0001315346 -0.004968422 0.009803787 0.009868465 -0.004966423 0.008610474 3.814697e-09 -0.004966423 0.008610474 0.009999996 -0.004962746 0.009810303 0.0001324043 -0.004962746 0.009810303 0.009867603 -0.00496154 -0.0006190033 0.009700001 -0.004960976 -0.009771164 0.0001228294 -0.004960976 -0.009771164 0.009877171 -0.004959709 0.009813354 0.009867237 -0.004959694 0.009813385 0.0001327705 -0.004956673 -0.0006184082 -0.009700001 -0.004956535 0.009816315 0.000133091 -0.004956535 0.009816315 0.009866917 -0.00495536 0.001879959 -0.009999996 -0.004953224 0.009819107 0.000133358 -0.004953224 0.009819107 0.009866642 -0.004950127 0.0007044678 0.009700001 -0.004949806 0.009821747 0.0001335793 -0.004949806 0.009821747 0.009866428 -0.00494854 0.008550156 3.814697e-09 -0.00494854 0.008550156 0.009999996 -0.004946297 0.009824249 0.0001337547 -0.004946297 0.009824249 0.009866253 -0.004945274 0.0007037811 -0.009700001 -0.00494265 0.009826584 0.0001338768 -0.00494265 0.009826584 0.009866131 -0.004938927 0.009828766 0.0001339455 -0.004938927 0.009828766 0.009866055 -0.004935097 0.009830795 0.000133976 -0.004935097 0.009830795 0.009866032 -0.004929298 -0.0008378754 -0.009700001 -0.004926048 0.008491394 3.814697e-09 -0.004926048 0.008491394 0.009999996 -0.004914116 0.0009227448 -0.009700001 -0.004914116 0.0009227448 0.009700001 -0.004902809 -0.002013062 0.009999996 -0.004899101 0.00843454 3.814697e-09 -0.004899101 0.00843454 0.009999996 -0.004887413 -0.001055084 0.009700001 -0.004882637 -0.001054062 -0.009700001 -0.004868492 0.001139221 0.009700001 -0.004867363 0.002097336 0.009999996 -0.004863716 0.001138092 -0.009700001 -0.004863289 0.007273987 3.814697e-09 -0.004863289 0.007273987 0.009999996 -0.004842873 -0.00636763 -0.009700001 -0.004842873 -0.00636763 3.814697e-09 -0.00483596 -0.001270248 -0.009700001 -0.00482972 0.007298508 3.814697e-09 -0.00482972 0.007298508 0.009999996 -0.004813332 0.001353455 -0.009700001 -0.004808968 -0.002227966 -0.009999996 -0.004804436 0.008235977 3.814697e-09 -0.004804436 0.008235977 0.009999996 -0.004798286 0.007325745 3.814697e-09 -0.004798286 0.007325745 0.009999996 -0.004775032 -0.00148291 0.009700001 -0.004770363 -0.001481461 -0.009700001 -0.004769829 0.002310562 -0.009999996 -0.004769249 0.007355484 3.814697e-09 -0.004769249 0.007355484 0.009999996 -0.004748741 0.001565033 0.009700001 -0.004744102 0.001563492 -0.009700001 -0.004742775 0.007387543 3.814697e-09 -0.004742775 0.007387543 0.009999996 -0.004732323 0.006450195 -0.009700001 -0.004732323 0.006450195 3.814697e-09 -0.00472419 0.008031158 3.814697e-09 -0.00472419 0.008031158 0.009999996 -0.004723854 -0.009637146 6.233597e-05 -0.004723854 -0.009637146 0.009937664 -0.004719048 0.007421677 3.814697e-09 -0.004719048 0.007421677 0.009999996 -0.004712227 0.00993956 0.000133976 -0.004712227 0.00993956 0.009866032 -0.004705711 -0.002438507 0.009999996 -0.004704781 -0.001692673 -0.009700001 -0.00469825 0.007457672 3.814697e-09 -0.00469825 0.007457672 0.009999996 -0.004680519 0.00749527 3.814697e-09 -0.004680519 0.00749527 0.009999996 -0.004674889 0.00177356 -0.009700001 -0.004665962 0.007534225 3.814697e-09 -0.004665962 0.007534225 0.009999996 -0.004662956 0.002519302 0.009999996 -0.004661263 -0.006128845 -0.009999996 -0.004658791 0.007821152 3.814697e-09 -0.004658791 0.007821152 0.009999996 -0.004654686 0.007574249 3.814697e-09 -0.004654686 0.007574249 0.009999996 -0.004649529 0.007780609 3.814697e-09 -0.004649529 0.007780609 0.009999996 -0.004646782 0.007615067 3.814697e-09 -0.004646782 0.007615067 0.009999996 -0.004643684 0.007739456 3.814697e-09 -0.004643684 0.007739456 0.009999996 -0.004642296 0.007656387 3.814697e-09 -0.004642296 0.007656387 0.009999996 -0.004641258 0.007697968 3.814697e-09 -0.004641258 0.007697968 0.009999996 -0.004625298 -0.001899139 0.009700001 -0.004620766 -0.001897278 -0.009700001 -0.004593239 -0.002644272 -0.009999996 -0.00459185 0.001978607 0.009700001 -0.004587349 0.001976669 -0.009700001 -0.004554863 0.006208313 -0.009999996 -0.004546959 0.002723083 -0.009999996 -0.004536766 -0.002101868 -0.009700001 -0.004501244 -0.009486252 3.814697e-09 -0.004501244 -0.009486252 0.009999996 -0.00449984 0.002179779 -0.009700001 -0.004498497 -0.009484222 3.814697e-09 -0.004498497 -0.009484222 0.009999996 -0.004498039 0.009487762 3.814697e-09 -0.004498039 0.009487762 0.009999996 -0.004486946 0.01004327 0.000133976 -0.004486946 0.01004327 0.009866032 -0.004482948 0.01004495 0.0001339455 -0.004482948 0.01004495 0.009866055 -0.00447892 0.01004645 0.0001338768 -0.00447892 0.01004645 0.009866131 -0.0044748 0.01004778 0.0001337547 -0.0044748 0.01004778 0.009866253 -0.004471779 -0.002844849 0.009999996 -0.004470634 0.01004892 0.0001335793 -0.004470634 0.01004892 0.009866428 -0.004466423 0.01004988 0.000133358 -0.004466423 0.01004988 0.009866642 -0.004462166 0.01005067 0.000133091 -0.004462166 0.01005067 0.009866917 -0.004457909 0.01005127 0.009867229 -0.004457878 0.01005127 0.0001327705 -0.00445359 0.01005168 0.0001324043 -0.00445359 0.01005168 0.009867603 -0.004444954 0.01005196 0.0001315346 -0.004444954 0.01005196 0.009868465 -0.004439354 -0.002300476 0.009700001 -0.004436333 0.01005148 0.0001304817 -0.004436333 0.01005148 0.009869518 -0.004435005 -0.002298233 -0.009700001 -0.004427773 0.01005026 0.000129261 -0.004427773 0.01005026 0.009870747 -0.00442205 0.002921539 0.009999996 -0.00441935 0.01004831 0.0001278648 -0.00441935 0.01004831 0.009872135 -0.004411125 0.01004564 0.0001263237 -0.004411125 0.01004564 0.009873676 -0.004403191 0.01004225 0.0001246452 -0.004403191 0.01004225 0.009875362 -0.00439901 0.002376694 0.009700001 -0.004395546 0.01003822 0.0001228294 -0.004395546 0.01003822 0.009877171 -0.004394707 0.002374374 -0.009700001 -0.004341576 -0.003039871 -0.009999996 -0.004333244 -0.002494598 -0.009700001 -0.004289589 0.002568954 -0.009700001 -0.00428849 0.003114288 -0.009999996 -0.004286354 -0.009313416 3.814697e-09 -0.004286354 -0.009313416 0.009999996 -0.004261147 -0.006770721 -0.009700001 -0.004261147 -0.006770721 3.814697e-09 -0.004218666 -0.002683823 0.009700001 -0.004214531 -0.002681198 -0.009700001 -0.004202858 -0.003228943 0.009999996 -0.004171745 0.002756165 0.009700001 -0.004167656 0.002753479 -0.009700001 -0.004166466 0.009890884 6.233597e-05 -0.004166466 0.009890884 0.009937664 -0.004146553 0.003300934 0.009999996 -0.004143745 0.006843201 -0.009700001 -0.004143745 0.006843201 3.814697e-09 -0.004101357 -0.00651683 -0.009999996 -0.004095818 -0.002867798 -0.009700001 -0.004088875 -0.009125854 3.814697e-09 -0.004088875 -0.009125854 0.009999996 -0.004055916 -0.003411697 -0.009999996 -0.004046837 -0.009079041 3.814697e-09 -0.004046837 -0.009079041 0.009999996 -0.004045753 0.002938004 -0.009700001 -0.004008553 -0.009029114 3.814697e-09 -0.004008553 -0.009029114 0.009999996 -0.003996483 0.003481125 -0.009999996 -0.00398835 0.006586578 -0.009999996 -0.00397422 -0.008976379 3.814697e-09 -0.00397422 -0.008976379 0.009999996 -0.003964958 -0.003046158 0.009700001 -0.003961067 -0.003043182 -0.009700001 -0.003952812 0.009727539 3.814697e-09 -0.003952812 0.009727539 0.009999996 -0.003950188 0.009725372 3.814697e-09 -0.003950188 0.009725372 0.009999996 -0.003944069 -0.008921158 3.814697e-09 -0.003944069 -0.008921158 0.009999996 -0.003911842 0.00311409 0.009700001 -0.003908012 0.003111038 -0.009700001 -0.003901039 -0.003587753 0.009999996 -0.003839073 -0.008727875 3.814697e-09 -0.003839073 -0.008727875 0.009999996 -0.003838585 0.00365448 0.009999996 -0.003826332 -0.003218567 -0.009700001 -0.003770256 0.003284073 -0.009700001 -0.003748146 0.00954274 3.814697e-09 -0.003748146 0.00954274 0.009999996 -0.003738518 -0.003756805 -0.009999996 -0.003720543 -0.008542557 3.814697e-09 -0.003720543 -0.008542557 0.009999996 -0.003680214 -0.003384674 0.009700001 -0.003676628 -0.003381363 -0.009700001 -0.003673164 0.003820709 -0.009999996 -0.00364608 -0.007120834 -0.009700001 -0.00364608 -0.007120834 3.814697e-09 -0.0036213 0.003447632 0.009700001 -0.003617744 0.00344426 -0.009700001 -0.003589073 -0.008366211 3.814697e-09 -0.003589073 -0.008366211 0.009999996 -0.003568672 -0.003918488 0.009999996 -0.003561729 -0.0083349 3.814697e-09 -0.003561729 -0.0083349 0.009999996 -0.003561668 0.009344208 3.814697e-09 -0.003561668 0.009344208 0.009999996 -0.003531868 -0.008305969 3.814697e-09 -0.003531868 -0.008305969 0.009999996 -0.003526894 -0.003544144 -0.009700001 -0.003522728 0.007182648 -0.009700001 -0.003522728 0.007182648 3.814697e-09 -0.003522377 0.009295074 3.814697e-09 -0.003522377 0.009295074 0.009999996 -0.003509346 -0.006853806 -0.009999996 -0.003500572 0.003979446 0.009999996 -0.003499718 -0.008279602 3.814697e-09 -0.003499718 -0.008279602 0.009999996 -0.003487007 0.009243042 3.814697e-09 -0.003487007 0.009243042 0.009999996 -0.003465492 -0.008256012 3.814697e-09 -0.003465492 -0.008256012 0.009999996 -0.003465248 0.003604431 -0.009700001 -0.003455742 0.009188446 3.814697e-09 -0.003455742 0.009188446 0.009999996 -0.003429405 -0.008235367 3.814697e-09 -0.003429405 -0.008235367 0.009999996 -0.00342878 0.009131607 3.814697e-09 -0.00342878 0.009131607 0.009999996 -0.003391869 -0.00407251 -0.009999996 -0.003391747 -0.008217758 3.814697e-09 -0.003391747 -0.008217758 0.009999996 -0.003390617 0.0069133 -0.009999996 -0.003366676 -0.003696686 0.009700001 -0.00336338 -0.003693069 -0.009700001 -0.003352745 -0.008203354 3.814697e-09 -0.003352745 -0.008203354 0.009999996 -0.003334984 0.008932632 3.814697e-09 -0.003334984 0.008932632 0.009999996 -0.003321129 0.004130386 -0.009999996 -0.003312675 -0.00819223 3.814697e-09 -0.003312675 -0.00819223 0.009999996 -0.003302422 0.003754196 0.009700001 -0.003299187 0.003750519 -0.009700001 -0.003271828 -0.008184494 3.814697e-09 -0.003271828 -0.008184494 0.009999996 -0.003230476 -0.008180145 3.814697e-09 -0.003230476 -0.008180145 0.009999996 -0.003227211 0.00874086 3.814697e-09 -0.003227211 0.00874086 0.009999996 -0.003208397 -0.004218552 0.009999996 -0.003199883 -0.003841995 -0.009700001 -0.003188927 -0.008179276 3.814697e-09 -0.003188927 -0.008179276 0.009999996 -0.003147423 -0.008181854 3.814697e-09 -0.003147423 -0.008181854 0.009999996 -0.00313517 0.004273254 0.009999996 -0.003133125 0.003896606 -0.009700001 -0.003106285 -0.008187866 3.814697e-09 -0.003106285 -0.008187866 0.009999996 -0.003106026 0.008557297 3.814697e-09 -0.003106026 0.008557297 0.009999996 -0.003080513 0.008524475 3.814697e-09 -0.003080513 0.008524475 0.009999996 -0.003065788 -0.008197281 3.814697e-09 -0.003065788 -0.008197281 0.009999996 -0.003052361 0.008493896 3.814697e-09 -0.003052361 0.008493896 0.009999996 -0.003026802 -0.003979767 0.009700001 -0.003026222 -0.008210022 3.814697e-09 -0.003026222 -0.008210022 0.009999996 -0.003023827 -0.003975876 -0.009700001 -0.003021767 0.008465744 3.814697e-09 -0.003021767 0.008465744 0.009999996 -0.003018669 -0.004356354 -0.009999996 -0.003002464 -0.007415207 -0.009700001 -0.003002464 -0.007415207 3.814697e-09 -0.002988914 0.008440231 3.814697e-09 -0.002988914 0.008440231 0.009999996 -0.002957695 0.004031372 0.009700001 -0.002954811 0.00402742 -0.009700001 -0.002954079 0.008417557 3.814697e-09 -0.002954079 0.008417557 0.009999996 -0.002943077 0.004407761 -0.009999996 -0.002917488 0.008397842 3.814697e-09 -0.002917488 0.008397842 0.009999996 -0.00288987 -0.007137131 -0.009999996 -0.002879372 0.008381226 3.814697e-09 -0.002879372 0.008381226 0.009999996 -0.002874138 0.007465881 -0.009700001 -0.002874138 0.007465881 3.814697e-09 -0.00285392 -0.0082715 3.814697e-09 -0.00285392 -0.0082715 0.009999996 -0.002847786 -0.004109772 -0.009700001 -0.002840004 0.008367844 3.814697e-09 -0.002840004 0.008367844 0.009999996 -0.002823006 -0.004485596 0.009999996 -0.002815224 -0.008286682 3.814697e-09 -0.002815224 -0.008286682 0.009999996 -0.00279966 0.008357788 3.814697e-09 -0.00279966 0.008357788 0.009999996 -0.002777901 -0.008305023 3.814697e-09 -0.002777901 -0.008305023 0.009999996 -0.002776482 0.004158249 -0.009700001 -0.00276635 0.007185898 -0.009999996 -0.002758644 0.008351089 3.814697e-09 -0.002758644 0.008351089 0.009999996 -0.002745232 0.004533615 0.009999996 -0.002742241 -0.008326401 3.814697e-09 -0.002742241 -0.008326401 0.009999996 -0.002717186 0.008347839 3.814697e-09 -0.002717186 0.008347839 0.009999996 -0.002708488 -0.008350677 3.814697e-09 -0.002708488 -0.008350677 0.009999996 -0.002676872 -0.00837767 3.814697e-09 -0.002676872 -0.00837767 0.009999996 -0.002675606 0.008348053 3.814697e-09 -0.002675606 0.008348053 0.009999996 -0.002663231 -0.004231705 0.009700001 -0.002660622 -0.004227554 -0.009700001 -0.002647606 -0.008407196 3.814697e-09 -0.002647606 -0.008407196 0.009999996 -0.002634193 0.008351715 3.814697e-09 -0.002634193 0.008351715 0.009999996 -0.002621834 -0.004606094 -0.009999996 -0.002620888 -0.008439041 3.814697e-09 -0.002620888 -0.008439041 0.009999996 -0.002613838 -0.009590286 3.814697e-09 -0.002613838 -0.009590286 0.009999996 -0.002611885 -0.00952739 3.814697e-09 -0.002611885 -0.00952739 0.009999996 -0.002610939 -0.009653152 3.814697e-09 -0.002610939 -0.009653152 0.009999996 -0.002605095 -0.009464859 3.814697e-09 -0.002605095 -0.009464859 0.009999996 -0.002596901 -0.008473007 3.814697e-09 -0.002596901 -0.008473007 0.009999996 -0.002593468 -0.009403015 3.814697e-09 -0.002593468 -0.009403015 0.009999996 -0.002593239 0.008358795 3.814697e-09 -0.002593239 0.008358795 0.009999996 -0.002589836 0.004276993 0.009700001 -0.002587303 0.004272812 -0.009700001 -0.002576775 -0.009923355 3.814697e-09 -0.002576775 -0.009923355 0.009999996 -0.002575829 -0.00850885 3.814697e-09 -0.002575829 -0.00850885 0.009999996 -0.002557808 -0.00854631 3.814697e-09 -0.002557808 -0.00854631 0.009999996 -0.002552986 0.008369278 3.814697e-09 -0.002552986 0.008369278 0.009999996 -0.002552406 -0.00918692 3.814697e-09 -0.002552406 -0.00918692 0.009999996 -0.002542961 -0.008585144 3.814697e-09 -0.002542961 -0.008585144 0.009999996 -0.002542 0.00465062 -0.009999996 -0.002531395 -0.008625092 3.814697e-09 -0.002531395 -0.008625092 0.009999996 -0.002526878 -0.008968445 3.814697e-09 -0.002526878 -0.008968445 0.009999996 -0.00252317 -0.008665833 3.814697e-09 -0.00252317 -0.008665833 0.009999996 -0.002520653 -0.01018985 3.814697e-09 -0.002520653 -0.01018985 0.009999996 -0.002519814 -0.01019316 3.814697e-09 -0.002519814 -0.01019316 0.009999996 -0.002518364 -0.008707138 3.814697e-09 -0.002518364 -0.008707138 0.009999996 -0.002517036 -0.008748688 3.814697e-09 -0.002517036 -0.008748688 0.009999996 -0.002473427 -0.004345367 -0.009700001 -0.00244297 -0.0104509 6.233597e-05 -0.00244297 -0.0104509 0.009937664 -0.00241552 -0.00471756 0.009999996 -0.002398125 0.004387375 -0.009700001 -0.00237748 0.008420822 3.814697e-09 -0.00237748 0.008420822 0.009999996 -0.002344231 -0.01070474 0.0001228294 -0.002344231 -0.01070474 0.009877171 -0.002340446 -0.01071249 0.0001246452 -0.002340446 -0.01071249 0.009875362 -0.002337959 0.008433762 3.814697e-09 -0.002337959 0.008433762 0.009999996 -0.002335991 -0.01071989 0.0001263237 -0.002335991 -0.01071989 0.009873676 -0.002335365 -0.00765155 -0.009700001 -0.002335365 -0.00765155 3.814697e-09 -0.002333809 0.004758499 0.009999996 -0.00233091 -0.0107269 0.0001278648 -0.00233091 -0.0107269 0.009872135 -0.002325249 -0.01073341 0.000129261 -0.002325249 -0.01073341 0.009870747 -0.002319054 -0.01073944 0.0001304817 -0.002319054 -0.01073944 0.009869518 -0.00231234 -0.01074489 0.0001315346 -0.00231234 -0.01074489 0.009868465 -0.002305214 -0.01074976 0.0001324043 -0.002305214 -0.01074976 0.009867603 -0.002301506 -0.01075194 0.0001327705 -0.002301476 -0.01075194 0.009867229 -0.00229966 0.008449951 3.814697e-09 -0.00229966 0.008449951 0.009999996 -0.002297676 -0.01075397 0.000133091 -0.002297676 -0.01075397 0.009866917 -0.00229377 -0.01075583 0.000133358 -0.00229377 -0.01075583 0.009866642 -0.002289787 -0.01075754 0.0001335793 -0.002289787 -0.01075754 0.009866428 -0.002285744 -0.01075905 0.0001337547 -0.002285744 -0.01075905 0.009866253 -0.002281639 -0.01076039 0.0001338768 -0.002281639 -0.01076039 0.009866131 -0.002278801 -0.004450531 0.009700001 -0.002277489 -0.01076155 0.0001339455 -0.002277489 -0.01076155 0.009866055 -0.002276573 -0.004446152 -0.009700001 -0.002273277 -0.01076254 0.000133976 -0.002273277 -0.01076254 0.009866032 -0.002262856 0.008469254 3.814697e-09 -0.002262856 0.008469254 0.009999996 -0.002247795 -0.007364609 -0.009999996 -0.00222776 0.008491562 3.814697e-09 -0.00222776 0.008491562 0.009999996 -0.002204491 -0.004819778 -0.009999996 -0.002203056 0.007690674 -0.009700001 -0.002203056 0.007690674 3.814697e-09 -0.002201698 0.004489151 0.009700001 -0.002199547 0.004484756 -0.009700001 -0.002194664 0.008516708 3.814697e-09 -0.002194664 0.008516708 0.009999996 -0.00216375 0.00854451 3.814697e-09 -0.00216375 0.00854451 0.009999996 -0.002135262 0.008574783 3.814697e-09 -0.002135262 0.008574783 0.009999996 -0.002121025 0.004857071 -0.009999996 -0.00212043 0.007402283 -0.009999996 -0.002109383 0.00860733 3.814697e-09 -0.002109383 0.00860733 0.009999996 -0.002086296 0.008641922 3.814697e-09 -0.002086296 0.008641922 0.009999996 -0.002079704 -0.004546967 -0.009700001 -0.00206617 0.008678299 3.814697e-09 -0.00206617 0.008678299 0.009999996 -0.002064201 0.009660858 3.814697e-09 -0.002064201 0.009660858 0.009999996 -0.002062553 0.009723755 3.814697e-09 -0.002062553 0.009723755 0.009999996 -0.002060982 0.009598022 3.814697e-09 -0.002060982 0.009598022 0.009999996 -0.002056084 0.009786346 3.814697e-09 -0.002056084 0.009786346 0.009999996 -0.002052925 0.009535629 3.814697e-09 -0.002052925 0.009535629 0.009999996 -0.002049126 0.008716217 3.814697e-09 -0.002049126 0.008716217 0.009999996 -0.002035301 0.008755417 3.814697e-09 -0.002035301 0.008755417 0.009999996 -0.002030052 -0.01081105 0.000133976 -0.002030052 -0.01081105 0.009866032 -0.002024773 0.008795639 3.814697e-09 -0.002024773 0.008795639 0.009999996 -0.002024239 0.009317535 3.814697e-09 -0.002024239 0.009317535 0.009999996 -0.002017632 0.008836594 3.814697e-09 -0.002017632 0.008836594 0.009999996 -0.002013908 0.008877991 3.814697e-09 -0.002013908 0.008877991 0.009999996 -0.002011208 0.009097961 3.814697e-09 -0.002011208 0.009097961 0.009999996 -0.002006538 0.01005417 3.814697e-09 -0.002006538 0.01005417 0.009999996 -0.002000969 0.004582138 -0.009700001 -0.001989143 -0.004912582 0.009999996 -0.001937782 -0.01031964 3.814697e-09 -0.001937782 -0.01031964 0.009999996 -0.001935326 0.01031703 3.814697e-09 -0.001935326 0.01031703 0.009999996 -0.001934303 0.0103203 3.814697e-09 -0.001934303 0.0103203 0.009999996 -0.001904121 0.004946136 0.009999996 -0.001876549 -0.004634506 0.009700001 -0.001874702 -0.004629959 -0.009700001 -0.001842888 0.01057323 6.233597e-05 -0.001842888 0.01057323 0.009937664 -0.001796333 0.004666168 0.009700001 -0.001794579 0.004661591 -0.009700001 -0.00178582 -0.01085408 0.000133976 -0.00178582 -0.01085408 0.009866032 -0.001781517 -0.01085469 0.0001339455 -0.001781517 -0.01085469 0.009866055 -0.001777229 -0.0108551 0.0001338768 -0.001777229 -0.0108551 0.009866131 -0.001772926 -0.01085535 0.0001337547 -0.001772926 -0.01085535 0.009866253 -0.00176989 -0.004995758 -0.009999996 -0.001768608 -0.01085541 0.0001335793 -0.001768608 -0.01085541 0.009866428 -0.00176429 -0.01085527 0.000133358 -0.00176429 -0.01085527 0.009866642 -0.001759972 -0.01085493 0.000133091 -0.001759972 -0.01085493 0.009866917 -0.001755684 -0.01085443 0.0001327705 -0.001755669 -0.01085443 0.009867237 -0.001751411 -0.01085373 0.0001324043 -0.001751411 -0.01085373 0.009867603 -0.001742989 -0.01085181 0.0001315346 -0.001742989 -0.01085181 0.009868465 -0.001734779 -0.01084914 0.0001304817 -0.001734779 -0.01084914 0.009869518 -0.001729836 0.010821 0.0001228294 -0.001729836 0.010821 0.009877171 -0.001726799 -0.01084579 0.000129261 -0.001726799 -0.01084579 0.009870747 -0.001725594 0.01082855 0.0001246452 -0.001725594 0.01082855 0.009875362 -0.001720726 0.01083568 0.0001263237 -0.001720726 0.01083568 0.009873676 -0.001719154 -0.01084177 0.0001278648 -0.001719154 -0.01084177 0.009872135 -0.001715263 0.01084238 0.0001278648 -0.001715263 0.01084238 0.009872135 -0.001711891 -0.01083708 0.0001263237 -0.001711891 -0.01083708 0.009873676 -0.001709236 0.01084857 0.000129261 -0.001709236 0.01084857 0.009870747 -0.00170507 -0.0108318 0.0001246452 -0.00170507 -0.0108318 0.009875362 -0.001702705 0.01085422 0.0001304817 -0.001702705 0.01085422 0.009869518 -0.001698708 -0.01082594 0.0001228294 -0.001698708 -0.01082594 0.009877171 -0.001695702 0.01085928 0.0001315346 -0.001695702 0.01085928 0.009868465 -0.001688286 0.01086372 0.0001324043 -0.001688286 0.01086372 0.009867603 -0.001684456 0.01086569 0.009867237 -0.001684441 0.01086571 0.0001327705 -0.001683479 0.005025528 -0.009999996 -0.001680519 0.01086751 0.000133091 -0.001680519 0.01086751 0.009866917 -0.001676537 0.01086916 0.000133358 -0.001676521 0.01086916 0.009866642 -0.001672462 0.01087061 0.0001335793 -0.001672462 0.01087061 0.009866428 -0.001669701 -0.004712982 -0.009700001 -0.001668327 0.0108719 0.0001337547 -0.001668327 0.0108719 0.009866253 -0.001664162 0.01087302 0.0001338768 -0.001664162 0.01087302 0.009866131 -0.00165995 0.01087393 0.0001339455 -0.00165995 0.01087393 0.009866055 -0.001655678 0.01087468 0.000133976 -0.001655678 0.01087468 0.009866032 -0.001649971 -0.007828003 -0.009700001 -0.001649971 -0.007828003 3.814697e-09 -0.001588173 0.004741058 -0.009700001 -0.001588112 -0.007534454 -0.009999996 -0.001547173 -0.005069153 0.009999996 -0.001514732 0.007855286 -0.009700001 -0.001514732 0.007855286 3.814697e-09 -0.00151461 -0.01062523 6.233597e-05 -0.00151461 -0.01062523 0.009937664 -0.001459602 -0.004782227 0.009700001 -0.001459526 0.005095062 0.009999996 -0.001458168 -0.004777527 -0.009700001 -0.001457924 0.007560699 -0.009999996 -0.001410103 0.01090924 0.000133976 -0.001410103 0.01090924 0.009866032 -0.001376915 0.004806671 0.009700001 -0.001375557 0.004801971 -0.009700001 -0.00134951 -0.01041293 3.814697e-09 -0.00134951 -0.01041293 0.009999996 -0.001347527 -0.01041014 3.814697e-09 -0.001347527 -0.01041014 0.009999996 -0.001346001 0.01041338 3.814697e-09 -0.001346001 0.01041338 0.009999996 -0.001321434 -0.005132629 -0.009999996 -0.001246651 -0.004842102 -0.009700001 -0.001232735 0.005154648 -0.009999996 -0.001198555 -0.01018214 3.814697e-09 -0.001198555 -0.01018214 0.009999996 -0.001163795 0.01093826 0.000133976 -0.001163795 0.01093826 0.009866032 -0.001162941 0.004862869 -0.009700001 -0.001159492 0.01093861 0.0001339455 -0.001159477 0.01093861 0.009866055 -0.00115519 0.0109388 0.0001338768 -0.00115519 0.0109388 0.009866131 -0.001150841 0.01093878 0.0001337547 -0.001150841 0.01093878 0.009866253 -0.001146538 0.01093858 0.0001335793 -0.001146538 0.01093858 0.009866428 -0.001142235 0.01093822 0.000133358 -0.001142235 0.01093822 0.009866642 -0.001137947 0.01093765 0.000133091 -0.001137947 0.01093765 0.009866917 -0.00113369 0.01093689 0.009867229 -0.001133675 0.01093689 0.0001327705 -0.001129478 0.01093596 0.0001324043 -0.001129478 0.01093596 0.009867603 -0.001121178 0.01093353 0.0001315346 -0.001121178 0.01093353 0.009868465 -0.001113121 0.01093042 0.0001304817 -0.001113121 0.01093042 0.009869518 -0.001105354 0.01092662 0.000129261 -0.001105354 0.01092662 0.009870747 -0.001097969 0.01092216 0.0001278648 -0.001097969 0.01092216 0.009872135 -0.001093117 -0.00518605 0.009999996 -0.001090981 0.01091708 0.0001263237 -0.001090981 0.01091708 0.009873676 -0.00108445 0.01091141 0.0001246452 -0.00108445 0.01091141 0.009875362 -0.001078438 0.01090521 0.0001228294 -0.001078438 0.01090521 0.009877171 -0.001068718 -0.009942734 3.814697e-09 -0.001068718 -0.009942734 0.009999996 -0.001043205 -0.009885223 3.814697e-09 -0.001043205 -0.009885223 0.009999996 -0.001031227 -0.004892502 0.009700001 -0.001030235 -0.004887711 -0.009700001 -0.001022209 -0.009825912 3.814697e-09 -0.001022209 -0.009825912 0.009999996 -0.001005836 -0.009765137 3.814697e-09 -0.001005836 -0.009765137 0.009999996 -0.001003502 0.005204132 0.009999996 -0.0009942398 -0.009703323 3.814697e-09 -0.0009942398 -0.009703323 0.009999996 -0.0009541245 -0.00948703 3.814697e-09 -0.0009541245 -0.00948703 0.009999996 -0.0009516983 -0.007943192 -0.009700001 -0.0009516983 -0.007943192 3.814697e-09 -0.0009466934 0.004909546 0.009700001 -0.0009457779 0.004904755 -0.009700001 -0.000916008 -0.00764534 -0.009999996 -0.0009060898 0.01069432 6.233597e-05 -0.0009060898 0.01069432 0.009937664 -0.0009044876 0.006020325 -0.005999996 -0.0008987045 0.006019241 -0.006153099 -0.0008987045 0.006019241 -0.005846901 -0.0008986435 -0.009274185 3.814697e-09 -0.0008986435 -0.009274185 0.009999996 -0.0008814468 0.006016006 -0.006305298 -0.0008814468 0.006016006 -0.005694698 -0.000862648 -0.00522934 -0.009999996 -0.0008527756 0.00601062 -0.006455704 -0.0008527756 0.00601062 -0.005544285 -0.0008281174 -0.009065811 3.814697e-09 -0.0008281174 -0.009065811 0.009999996 -0.0008145523 0.00795842 -0.009700001 -0.0008145523 0.00795842 3.814697e-09 -0.0008138046 -0.004933334 -0.009700001 -0.0008128738 0.006003128 -0.006603439 -0.0008128738 0.006003128 -0.005396557 -0.0008117905 -0.009027588 3.814697e-09 -0.0008117905 -0.009027588 0.009999996 -0.0007923203 -0.008990845 3.814697e-09 -0.0007923203 -0.008990845 0.009999996 -0.0007840042 0.007659973 -0.009999996 -0.0007723312 0.005243423 -0.009999996 -0.0007698898 -0.008955841 3.814697e-09 -0.0007698898 -0.008955841 0.009999996 -0.0007619705 0.005993561 -0.006747631 -0.0007619705 0.005993561 -0.005252369 -0.0007533798 0.01047293 3.814697e-09 -0.0007533798 0.01047293 0.009999996 -0.0007515488 0.01047005 3.814697e-09 -0.0007515488 0.01047005 0.009999996 -0.0007446213 -0.008922836 3.814697e-09 -0.0007446213 -0.008922836 0.009999996 -0.0007285995 0.004946625 -0.009700001 -0.0007198257 0.004947906 -0.006035789 -0.0007198257 0.004947906 -0.005964138 -0.0007166977 -0.008892029 3.814697e-09 -0.0007166977 -0.008892029 0.009999996 -0.0007165146 0.00494838 -0.005892559 -0.0007165146 0.004948395 -0.00610751 -0.0007099075 0.004949341 -0.006178749 -0.000709877 0.004949356 -0.005821049 -0.0007003708 0.005981995 -0.006887436 -0.0007003708 0.005981995 -0.00511256 -0.0006999893 0.004950745 -0.005750149 -0.0006999588 0.004950745 -0.006250038 -0.0006867599 0.004952606 -0.005679363 -0.0006867142 0.004952621 -0.006320839 -0.0006863022 -0.008863647 3.814697e-09 -0.0006863022 -0.008863647 0.009999996 -0.0006703262 0.004954865 -0.006390606 -0.0006702652 0.004954865 -0.005609158 -0.0006536636 -0.008837906 3.814697e-09 -0.0006536636 -0.008837906 0.009999996 -0.0006506882 0.004957474 -0.00554018 -0.0006506577 0.004957474 -0.006459877 -0.0006305008 -0.005262375 0.009999996 -0.0006284409 0.005968506 -0.007022038 -0.0006284409 0.005968506 -0.004977962 -0.0006278915 0.004960403 -0.006528122 -0.000627861 0.004960419 -0.005471798 -0.0006190109 -0.008814957 3.814697e-09 -0.0006190109 -0.008814957 0.009999996 -0.0006158371 0.01023392 3.814697e-09 -0.0006158371 0.01023392 0.009999996 -0.0006020279 0.004963623 -0.006595318 -0.0006019974 0.004963623 -0.005404606 -0.0005948105 -0.004964493 0.009700001 -0.0005942307 -0.004959641 -0.009700001 -0.0005825424 -0.008794952 3.814697e-09 -0.0005825424 -0.008794952 0.009999996 -0.000573082 0.004967041 -0.005338551 -0.0005730515 0.004967056 -0.006661503 -0.0005685043 0.007809555 -0.005999996 -0.0005627365 0.007808487 -0.006153099 -0.0005627365 0.007808487 -0.005846901 -0.0005465927 0.005953125 -0.007150635 -0.0005465927 0.005953125 -0.004849361 -0.0005454788 0.007805237 -0.006305298 -0.0005454788 0.007805237 -0.005694698 -0.0005445633 -0.008778061 3.814697e-09 -0.0005445633 -0.008778061 0.009999996 -0.0005411301 0.004970627 -0.005273685 -0.00053965 0.005272461 0.009999996 -0.0005168076 0.00779985 -0.006455704 -0.0005168076 0.00779985 -0.005544285 -0.0005091019 0.004974014 -0.006784878 -0.0005091019 0.004974014 -0.005215115 -0.0005091019 0.004974014 0.009700001 -0.0005085983 0.004969147 -0.009700001 -0.0005063095 0.004974289 -0.006789703 -0.0005053024 -0.008764374 3.814697e-09 -0.0005053024 -0.008764374 0.009999996 -0.0004998398 0.009987488 3.814697e-09 -0.0004998398 0.009987488 0.009999996 -0.0004776382 0.009928619 3.814697e-09 -0.0004776382 0.009928619 0.009999996 -0.0004768906 0.007792358 -0.006603439 -0.0004768906 0.007792358 -0.005396557 -0.0004686661 0.004977982 -0.005148449 -0.0004650497 -0.008754013 3.814697e-09 -0.0004650497 -0.008754013 0.009999996 -0.0004600754 0.00986821 3.814697e-09 -0.0004600754 0.00986821 0.009999996 -0.0004552994 0.005935989 -0.007272484 -0.0004552994 0.005935989 -0.004727512 -0.0004472122 0.00980661 3.814697e-09 -0.0004472122 0.00980661 0.009999996 -0.0004391556 0.009744217 3.814697e-09 -0.0004391556 0.009744217 0.009999996 -0.0004282913 0.004981613 -0.006911732 -0.0004259872 0.007782791 -0.006747631 -0.0004259872 0.007782791 -0.005252369 -0.0004240494 -0.008747025 3.814697e-09 -0.0004240494 -0.008747025 0.009999996 -0.0004114304 0.009526001 3.814697e-09 -0.0004114304 0.009526001 0.009999996 -0.0003971024 -0.00528511 -0.009999996 -0.0003852615 0.004985123 -0.005029881 -0.000382637 -0.008743454 3.814697e-09 -0.000382637 -0.008743454 0.009999996 -0.0003746262 -0.004985947 -0.009700001 -0.000368187 0.009310318 3.814697e-09 -0.000368187 0.009310318 0.009999996 -0.0003644028 0.007771225 -0.006887436 -0.0003644028 0.007771225 -0.00511256 -0.0003551254 0.00591716 -0.00738686 -0.0003551254 0.00591716 -0.004613132 -0.0003410568 -0.008743362 3.814697e-09 -0.0003410568 -0.008743362 0.009999996 -0.0003396835 0.004988434 -0.007026619 -0.0003258896 0.007993362 -0.00603973 -0.0003229599 0.007993484 -0.005880848 -0.0003171005 0.007993698 -0.006198471 -0.0003096542 0.009098282 3.814697e-09 -0.0003096542 0.009098282 0.009999996 -0.0003082962 0.007994049 -0.005722374 -0.0003058853 0.005291153 -0.009999996 -0.0003057785 0.005144791 -0.005999996 -0.0003021622 0.005144119 -0.006095684 -0.0003021622 0.005144119 -0.005904308 -0.0002965469 0.007994492 -0.006356529 -0.0002955399 0.009059174 3.814697e-09 -0.0002955399 0.009059174 0.009999996 -0.0002924576 0.007757721 -0.007022038 -0.0002924576 0.007757721 -0.004977962 -0.0002916641 0.00499147 -0.004918896 -0.0002913742 0.005142105 -0.006190811 -0.0002913742 0.005142105 -0.005809185 -0.0002885818 0.004991653 -0.009700001 -0.0002818375 0.007995026 -0.005564884 -0.0002782059 0.009021393 3.814697e-09 -0.0002782059 0.009021393 0.009999996 -0.0002734451 0.005138733 -0.006284817 -0.0002734451 0.005138733 -0.005715183 -0.0002641525 0.007995636 -0.006513294 -0.0002578049 0.008985168 3.814697e-09 -0.0002578049 0.008985168 0.009999996 -0.0002485275 0.005134048 -0.006377151 -0.0002485275 0.005134048 -0.005622845 -0.0002466354 0.00589679 -0.007493103 -0.0002466354 0.00589679 -0.004506893 -0.0002459488 -0.007996231 -0.009700001 -0.0002459488 -0.007996231 3.814697e-09 -0.0002434921 0.007996292 -0.005408993 -0.0002412949 0.004994171 -0.007133469 -0.0002367172 -0.007696365 -0.009999996 -0.0002344589 0.008950775 3.814697e-09 -0.0002344589 0.008950775 0.009999996 -0.0002198257 0.007996979 -0.006668133 -0.000216713 0.005128082 -0.006467266 -0.000216713 0.005128082 -0.005532726 -0.0002106094 0.007742355 -0.007150635 -0.0002106094 0.007742355 -0.004849361 -0.0002083359 0.008918427 3.814697e-09 -0.0002083359 0.008918427 0.009999996 -0.0001931534 0.007997665 -0.00525539 -0.0001887131 0.004996445 -0.00481638 -0.0001863022 0.007789169 -0.006035854 -0.0001847458 0.007788879 -0.005964172 -0.0001831741 0.007788589 -0.00589249 -0.000181633 0.007788284 -0.006107403 -0.0001796188 0.008888367 3.814697e-09 -0.0001796188 0.008888367 0.009999996 -0.000178215 0.00512085 -0.006554646 -0.000178215 0.00512085 -0.005445347 -0.0001769485 0.007787415 -0.006178944 -0.0001754074 0.007787125 -0.005821228 -0.0001676254 0.007785675 -0.005749962 -0.0001660843 0.00778537 -0.00624979 -0.000163414 0.007998322 -0.006820312 -0.0001629257 -0.005297501 0.009999996 -0.0001582108 -0.008748566 3.814697e-09 -0.0001582108 -0.008748566 0.009999996 -0.0001552048 0.007783325 -0.006320633 -0.0001537247 -0.004997635 0.009700001 -0.0001536942 0.007783051 -0.005679676 -0.0001535568 -0.004992752 -0.009700001 -0.0001485062 0.008860794 3.814697e-09 -0.0001485062 0.008860794 0.009999996 -0.0001397476 0.007780441 -0.005609394 -0.000138237 0.007780136 -0.006390228 -0.0001339951 0.004998199 -0.007231449 -0.0001332474 0.005112396 -0.006638771 -0.0001332474 0.005112396 -0.005361225 -0.0001306686 0.007998932 -0.005104855 -0.000130455 0.005874985 -0.007590584 -0.000130455 0.005874985 -0.004409412 -0.000121254 0.007776947 -0.006459816 -0.0001197586 0.007776688 -0.00554063 -0.0001193314 0.00772522 -0.007272484 -0.0001193314 0.00772522 -0.004727512 -0.0001167068 -0.008751053 3.814697e-09 -0.0001167068 -0.008751053 0.009999996 -0.0001151962 0.008835907 3.814697e-09 -0.0001151962 0.008835907 0.009999996 -0.0001080093 0.007999191 -0.005060406 -0.0001080093 0.007999222 -0.006940453 -0.0001080093 0.007999268 -0.009700001 -0.0001080093 0.007999268 3.814697e-09 -0.0001039505 0.007699295 -0.009999996 -9.976959e-05 0.007772934 -0.005471874 -9.828949e-05 0.007772644 -0.006527599 -9.482574e-05 0.007999435 -0.006968975 -8.208466e-05 0.005102798 -0.006719147 -8.208466e-05 0.005102798 -0.005280849 -7.994843e-05 0.008813858 3.814697e-09 -7.994843e-05 0.008813858 0.009999996 -7.72934e-05 0.004999405 -0.004723125 -7.555389e-05 -0.008756973 3.814697e-09 -7.555389e-05 -0.008756973 0.009999996 -7.534027e-05 0.007768341 -0.006595394 -7.387543e-05 0.007768066 -0.005405186 -7.155609e-05 0.005299515 0.009999996 -6.749725e-05 0.004999435 -0.004716259 -6.749725e-05 0.004999542 0.009700001 -6.748199e-05 0.004999207 -0.007282421 -6.742096e-05 0.004994644 -0.009700001 -6.711578e-05 0.00815242 -0.005999996 -6.258392e-05 0.008151566 -0.00612022 -6.258392e-05 0.008151566 -0.00587978 -5.593109e-05 0.007999802 -0.004958302 -4.901886e-05 0.008149017 -0.006239735 -4.901886e-05 0.008149017 -0.005760258 -4.799652e-05 0.007763199 -0.005338497 -4.657745e-05 0.007762924 -0.006660854 -4.297638e-05 0.00879483 3.814697e-09 -4.297638e-05 0.00879483 0.009999996 -3.502655e-05 -0.008766281 3.814697e-09 -3.502655e-05 -0.008766281 0.009999996 -2.651215e-05 0.008144791 -0.006357841 -2.651215e-05 0.008144791 -0.005642155 -2.50473e-05 0.005092087 -0.0067953 -2.50473e-05 0.005092087 -0.0052047 -1.914215e-05 0.007706406 -0.00738686 -1.914215e-05 0.007706406 -0.004613132 -1.873016e-05 0.004999954 -0.007319794 -1.781464e-05 0.007757538 -0.006726315 -1.642609e-05 0.007757263 -0.005274395 -1.396942e-05 0.007999969 -0.007113155 -7.286072e-06 0.005851852 -0.007678726 -7.286072e-06 0.005851852 -0.00432127 -4.554749e-06 0.008778931 3.814697e-09 -4.554749e-06 0.008778931 0.009999996 4.554749e-06 -0.008778946 3.814697e-09 4.554749e-06 -0.008778946 0.009999996 4.814148e-06 0.008138916 -0.006473854 4.814148e-06 0.008138916 -0.00552615 1.515961e-05 0.007751358 -0.005210293 1.651764e-05 0.007751083 -0.006788929 3.110504e-05 0.007999939 -0.004816784 3.502655e-05 0.008766281 3.814697e-09 3.502655e-05 0.008766281 0.009999996 3.755951e-05 0.005080338 -0.006866791 3.755951e-05 0.005080338 -0.005133213 4.157257e-05 0.004999817 -0.004639866 4.297638e-05 -0.008794846 3.814697e-09 4.297638e-05 -0.008794846 0.009999996 4.477692e-05 0.008131409 -0.006587078 4.477692e-05 0.008131409 -0.005412922 5.084991e-05 0.007744644 -0.006851551 5.216217e-05 0.007744385 -0.005149281 6.472015e-05 0.00660144 -0.005999996 6.749725e-05 -0.004999542 -0.009700001 7.155609e-05 -0.005299515 -0.009999996 7.555389e-05 0.008756958 3.814697e-09 7.555389e-05 0.008756958 0.009999996 7.924652e-05 0.007999603 -0.00725172 7.994843e-05 -0.008813873 3.814697e-09 7.994843e-05 -0.008813873 0.009999996 8.917999e-05 0.007737442 -0.005088268 8.934784e-05 0.00768602 -0.007493103 8.934784e-05 0.00768602 -0.004506893 9.047699e-05 0.007737198 -0.006910835 9.314728e-05 0.008122314 -0.006696865 9.314728e-05 0.008122314 -0.005303135 0.0001034622 0.004998932 -0.004602215 0.000103508 0.004998932 -0.007397812 0.0001053848 0.005067596 -0.006933189 0.0001053848 0.005067596 -0.005066807 0.0001151962 -0.008835907 3.814697e-09 0.0001151962 -0.008835907 0.009999996 0.0001167068 0.008751038 3.814697e-09 0.0001167068 0.008751038 0.009999996 0.000122139 0.005827545 -0.007757023 0.000122139 0.005827545 -0.00424297 0.0001301193 0.007729752 -0.006970119 0.000130455 0.007998932 -0.004681499 0.0001313705 0.007729523 -0.005030827 0.0001485062 -0.008860809 3.814697e-09 0.0001485062 -0.008860809 0.009999996 0.0001496353 0.008111725 -0.006802551 0.0001496353 0.008111725 -0.005197445 0.0001537247 0.004997635 -0.009700001 0.0001582108 0.008748566 3.814697e-09 0.0001582108 0.008748566 0.009999996 0.0001629257 0.005297485 -0.009999996 0.0001666794 0.004997208 -0.007432636 0.0001669083 0.004997208 -0.004567249 0.0001735458 0.007721603 -0.004973377 0.0001747513 0.007721375 -0.007025612 0.0001780014 0.005053955 -0.00699411 0.0001780014 0.005053955 -0.005005878 0.0001796188 -0.008888367 3.814697e-09 0.0001796188 -0.008888367 0.009999996 0.0001847 0.007997864 -0.007383377 0.000205513 0.007664215 -0.007590584 0.000205513 0.007664215 -0.004409412 0.0002083359 -0.008918427 3.814697e-09 0.0002083359 -0.008918427 0.009999996 0.0002139053 0.008099655 -0.006903534 0.0002139053 0.008099655 -0.005096462 0.0002167587 0.006572891 -0.005999996 0.000219368 0.007712997 -0.007081097 0.0002205429 0.007712769 -0.004919949 0.0002206039 0.006572174 -0.006088375 0.0002206039 0.006572174 -0.005911617 0.0002314682 0.004994629 -0.004535198 0.0002316666 0.004994614 -0.007464886 0.0002321091 0.006570023 -0.006176067 0.0002321091 0.006570023 -0.005823933 0.0002344589 -0.008950775 3.814697e-09 0.0002344589 -0.008950775 0.009999996 0.0002419662 0.007996338 -0.004553822 0.0002511826 0.006566422 -0.006262375 0.0002511826 0.006566422 -0.005737617 0.0002549667 0.005039505 -0.007049202 0.0002549667 0.005039505 -0.004950787 0.0002570877 0.005802216 -0.007825005 0.0002570877 0.005802216 -0.004174992 0.0002578049 -0.008985184 3.814697e-09 0.0002578049 -0.008985184 0.009999996 0.00026754 0.007703949 -0.004866528 0.0002686539 0.007703735 -0.007132359 0.0002777023 0.006561447 -0.006346634 0.0002777023 0.006561447 -0.005653362 0.0002782059 -0.009021393 3.814697e-09 0.0002782059 -0.009021393 0.009999996 0.0002832413 0.00799498 -0.007488201 0.0002855911 0.008086182 -0.006999214 0.0002855911 0.008086182 -0.005000774 0.0002882919 -0.004986786 -0.009700001 0.0002885818 -0.004991669 0.009700001 0.0002955399 -0.009059204 3.814697e-09 0.0002955399 -0.009059204 0.009999996 0.0002976151 0.004991135 -0.00450584 0.0002977829 0.004991119 -0.007494217 0.0003021927 0.007994278 -0.007506683 0.0003022232 0.007994278 -0.00449329 0.0003058853 -0.005291168 0.009999996 0.0003096542 -0.009098297 3.814697e-09 0.0003096542 -0.009098297 0.009999996 0.000311409 0.006555115 -0.006428181 0.000311409 0.006555115 -0.005571819 0.0003179245 0.007694489 -0.007183617 0.0003189926 0.00769429 -0.004817539 0.0003286819 0.007641083 -0.007678726 0.0003286819 0.007641083 -0.00432127 0.0003358536 0.005024323 -0.007098137 0.0003358536 0.005024323 -0.004901852 0.0003410568 0.008743347 3.814697e-09 0.0003410568 0.008743347 0.009999996 0.0003415298 0.008075668 -0.005999996 0.0003484268 0.006548172 -0.006499996 0.0003484268 0.006548172 -0.005499996 0.0003520889 0.006547485 -0.006506374 0.0003520889 0.006547485 -0.005493626 0.0003642654 0.008071411 -0.007089031 0.0003642654 0.008071411 -0.004910961 0.0003647385 0.004986603 -0.007520279 0.0003653336 0.007991653 -0.004435291 0.0003656082 0.007991638 -0.007564949 0.000368187 -0.009310333 3.814697e-09 0.000368187 -0.009310333 0.009999996 0.0003704605 0.007684616 -0.004768551 0.0003714676 0.007684448 -0.007230247 0.0003742599 0.004981064 -0.009700001 0.0003746262 0.004985947 -0.007524128 0.0003746262 0.004985947 -0.004475864 0.0003746262 0.004985947 0.009700001 0.000382637 0.008743454 3.814697e-09 0.000382637 0.008743454 0.009999996 0.0003967514 0.005776001 -0.007882278 0.0003967514 0.005776001 -0.004117718 0.0003971024 0.00528511 0.009999996 0.0003993759 0.006538605 -0.006580597 0.0003993759 0.006538605 -0.005419392 0.0004114304 -0.009526016 3.814697e-09 0.0004114304 -0.009526016 0.009999996 0.0004202042 0.005008484 -0.007140629 0.0004202042 0.005008484 -0.004859371 0.0004240646 0.008747009 3.814697e-09 0.0004240646 0.008747009 0.009999996 0.0004249954 0.007674393 -0.007276871 0.000425972 0.00767421 -0.004724377 0.0004312973 0.007988358 -0.007620033 0.0004315567 0.007988358 -0.004379765 0.0004329758 0.004980804 -0.004457424 0.0004391556 -0.009744217 3.814697e-09 0.0004391556 -0.009744217 0.009999996 0.0004444199 -0.00768718 -0.009999996 0.0004472122 -0.009806625 3.814697e-09 0.0004472122 -0.009806625 0.009999996 0.0004494705 0.008055405 -0.007172455 0.0004494705 0.008055405 -0.004827534 0.0004529343 0.006528549 -0.006650291 0.0004529343 0.006528549 -0.005349712 0.0004581223 0.007616776 -0.007757023 0.0004581223 0.007616776 -0.00424297 0.0004600754 -0.00986821 3.814697e-09 0.0004600754 -0.00986821 0.009999996 0.0004617233 -0.007986679 -0.009700001 0.0004617233 -0.007986679 3.814697e-09 0.0004650497 0.008753998 3.814697e-09 0.0004650497 0.008753998 0.009999996 0.0004776382 -0.009928619 3.814697e-09 0.0004776382 -0.009928619 0.009999996 0.0004814682 0.007663773 -0.004680202 0.0004823837 0.00766362 -0.007318504 0.0004998398 -0.009987503 3.814697e-09 0.0004998398 -0.009987503 0.009999996 0.0005000076 0.00798436 -0.004327549 0.000500145 0.007984344 -0.007672543 0.0005013962 0.004974792 -0.007564205 0.0005014572 0.004974792 -0.00443578 0.0005053024 0.008764374 3.814697e-09 0.0005053024 0.008764374 0.009999996 0.0005074844 0.004992081 -0.007176418 0.0005074844 0.004992081 -0.004823574 0.0005091019 -0.004974014 -0.009700001 0.000512352 0.00651738 -0.006714886 0.000512352 0.00651738 -0.005285114 0.00053965 -0.005272461 -0.009999996 0.0005397568 0.007652832 -0.007360134 0.0005403061 0.005749039 -0.007928505 0.0005403061 0.005749039 -0.004071491 0.000540596 0.007652679 -0.004641193 0.0005406876 0.008038284 -0.007249004 0.0005406876 0.008038284 -0.004750988 0.0005445633 0.008778061 3.814697e-09 0.0005445633 0.008778061 0.009999996 0.0005707016 0.004967316 -0.007581463 0.0005708237 0.0049673 -0.004418507 0.0005717545 0.007979416 -0.007721058 0.0005769272 0.007678345 -0.009999996 0.0005771408 0.006505234 -0.006773888 0.0005771408 0.006505234 -0.005226109 0.0005825424 0.008794952 3.814697e-09 0.0005825424 0.008794952 0.009999996 0.0005930557 0.007591446 -0.007825005 0.0005930557 0.007591446 -0.004174992 0.0005948105 0.004964493 -0.009700001 0.0005972214 0.004975235 -0.007205315 0.0005972214 0.004975235 -0.004794682 0.0005994034 0.007977509 -0.009700001 0.0005994034 0.007977509 -0.00773978 0.0005994034 0.007977509 -0.00426022 0.0005994034 0.007977509 3.814697e-09 0.0005997238 0.007641571 -0.004602184 0.0006005173 0.007641418 -0.007396442 0.0006158371 -0.01023393 3.814697e-09 0.0006158371 -0.01023393 0.009999996 0.0006190109 0.008814957 3.814697e-09 0.0006190109 0.008814957 0.009999996 0.0006305008 0.00526236 -0.009999996 0.0006321487 0.006494904 -0.006999996 0.0006321487 0.006494904 -0.005000004 0.0006373978 0.008020126 -0.007318218 0.0006373978 0.008020126 -0.004681774 0.0006406631 0.004958786 -0.004404331 0.0006407547 0.004958771 -0.007595676 0.0006457596 0.007973679 -0.004233501 0.0006467972 0.006492142 -0.006826832 0.0006467972 0.006492142 -0.005173168 0.0006536636 0.008837906 3.814697e-09 0.0006536636 0.008837906 0.009999996 0.0006612778 0.007630005 -0.007432751 0.0006620102 0.007629883 -0.004568653 0.0006863022 0.008863647 3.814697e-09 0.0006863022 0.008863647 0.009999996 0.0006869278 0.005721497 -0.007963413 0.0006869278 0.005721497 -0.004036579 0.0006888504 0.004958038 -0.007227131 0.0006888504 0.004958038 -0.004772861 0.0007108231 0.004949219 -0.007606705 0.0007110367 0.004949173 -0.004393253 0.0007166977 0.008892014 3.814697e-09 0.0007166977 0.008892014 0.009999996 0.0007207718 0.006478256 -0.006873302 0.0007207718 0.006478256 -0.00512669 0.0007211838 0.007967422 -0.004190037 0.0007212906 0.007967422 -0.007810013 0.0007242966 0.007618179 -0.004535114 0.000724968 0.007618057 -0.007463451 0.0007279129 -0.004941788 -0.009700001 0.0007286148 -0.004946625 0.009700001 0.0007327194 0.007565216 -0.007882278 0.0007327194 0.007565216 -0.004117718 0.0007390366 0.008001038 -0.007379704 0.0007390366 0.008001038 -0.004620296 0.0007446213 0.008922821 3.814697e-09 0.0007446213 0.008922821 0.009999996 0.0007515488 -0.01047006 3.814697e-09 0.0007515488 -0.01047006 0.009999996 0.0007533798 -0.01047295 3.814697e-09 0.0007533798 -0.01047295 0.009999996 0.0007698898 0.008955841 3.814697e-09 0.0007698898 0.008955841 0.009999996 0.0007723312 -0.005243423 0.009999996 0.0007815933 0.004938293 -0.00761393 0.000781868 0.004940567 -0.007241749 0.000781868 0.004940567 -0.004758244 0.0007886581 0.007606094 -0.007494152 0.0007892532 0.007605988 -0.004507313 0.0007923203 0.008990845 3.814697e-09 0.0007923203 0.008990845 0.009999996 0.0007985153 0.006463654 -0.006912945 0.0007985153 0.006463654 -0.005087055 0.000799614 0.00795993 -0.004151409 0.0007999802 0.0079599 -0.007848759 0.0008117905 0.009027573 3.814697e-09 0.0008117905 0.009027573 0.009999996 0.0008130264 0.004928497 -0.009700001 0.0008137741 0.004932999 -0.004383747 0.0008138199 0.004933319 -0.007617218 0.0008138199 0.004933319 0.009700001 0.0008281174 0.009065811 3.814697e-09 0.0008281174 0.009065811 0.009999996 0.0008357468 0.005693558 -0.007986801 0.0008357468 0.005693558 -0.004013195 0.000843544 0.004928329 -0.004381001 0.0008449936 0.00798114 -0.007433086 0.0008449936 0.00798114 -0.004566914 0.0008521805 0.004926773 -0.004380779 0.0008542252 0.007593781 -0.004479504 0.0008547592 0.007593689 -0.007519009 0.000862648 0.005229309 0.009999996 0.0008756943 0.004922943 -0.007249081 0.0008756943 0.004922943 -0.004750912 0.0008762741 0.007538269 -0.007928505 0.0008762741 0.007538269 -0.004071491 0.0008793716 0.006448471 -0.006945438 0.0008793716 0.006448471 -0.005054562 0.0008798904 0.007951462 -0.007883175 0.0008801651 0.007951431 -0.004116711 0.0008986435 0.009274155 3.814697e-09 0.0008986435 0.009274155 0.009999996 0.0009060898 -0.01069432 6.233597e-05 0.0009060898 -0.01069432 0.009937664 0.0009089737 0.007969131 -0.006999996 0.0009089737 0.007969131 -0.005000004 0.0009208603 0.007581268 -0.007543861 0.0009213333 0.007581177 -0.004457645 0.0009227524 0.004914108 -0.007620995 0.0009227524 0.004914108 -0.005999996 0.0009229507 0.004914078 -0.004378994 0.0009466934 -0.004909561 -0.009700001 0.0009541245 0.00948703 3.814697e-09 0.0009541245 0.00948703 0.009999996 0.0009546738 0.007960541 -0.007478058 0.0009546738 0.007960541 -0.004521938 0.0009619064 0.007941956 -0.004086414 0.000962059 0.00794194 -0.007913635 0.0009627457 0.006432816 -0.006970531 0.0009627457 0.006432816 -0.005029469 0.0009698105 0.004905273 -0.007249081 0.0009698105 0.004905273 -0.004750912 0.000985878 0.005665375 -0.007998528 0.000985878 0.005665375 -0.004001469 0.0009884567 0.007568588 -0.004435795 0.0009888535 0.007568497 -0.007562672 0.0009931259 0.004900375 -0.004380581 0.0009931564 0.004900375 -0.007619408 0.0009942398 0.009703293 3.814697e-09 0.0009942398 0.009703293 0.009999996 0.001003502 -0.005204132 -0.009999996 0.001005836 0.009765137 3.814697e-09 0.001005836 0.009765137 0.009999996 0.001022209 0.009825897 3.814697e-09 0.001022209 0.009825897 0.009999996 0.001022911 0.007510727 -0.007963413 0.001022911 0.007510727 -0.004036579 0.001031242 0.004892487 -0.009700001 0.001043205 0.009885208 3.814697e-09 0.001043205 0.009885208 0.009999996 0.001045433 0.007931381 -0.007939636 0.001045464 0.007931381 -0.00406036 0.001047981 0.006416824 -0.006988033 0.001047981 0.006416824 -0.005011967 0.001056862 0.00755574 -0.00758149 0.001057213 0.007555664 -0.004420055 0.001063179 0.004885651 -0.007614655 0.001063225 0.004885651 -0.004385342 0.001063652 0.004887665 -0.007241749 0.001063652 0.004887665 -0.004758244 0.001067406 0.007939392 -0.007514355 0.001067406 0.007939392 -0.004485638 0.001068718 0.009942734 3.814697e-09 0.001068718 0.009942734 0.009999996 0.001078438 -0.01090521 0.0001228294 0.001078438 -0.01090521 0.009877171 0.00108445 -0.01091142 0.0001246452 0.00108445 -0.01091142 0.009875362 0.001090981 -0.0109171 0.0001263237 0.001090981 -0.0109171 0.009873676 0.001093025 0.005820908 -0.005999996 0.001093117 0.005186035 -0.009999996 0.001097969 -0.01092218 0.0001278648 0.001097969 -0.01092218 0.009872135 0.001105354 -0.01092664 0.000129261 0.001105354 -0.01092664 0.009870747 0.001113121 -0.01093044 0.0001304817 0.001113121 -0.01093044 0.009869518 0.001121178 -0.01093356 0.0001315346 0.001121178 -0.01093356 0.009868465 0.001122078 -0.007617813 -0.009999996 0.001125969 0.00754277 -0.004404324 0.001126228 0.007542709 -0.007594112 0.001129478 -0.01093597 0.0001324043 0.001129478 -0.01093597 0.009867603 0.001130119 0.007919785 -0.007961151 0.001130226 0.007919754 -0.004038815 0.001132668 0.00487001 -0.00760675 0.001132774 0.004869995 -0.004393253 0.001133675 -0.01093689 0.0001327705 0.00113369 -0.0109369 0.009867229 0.001134392 0.006400589 -0.006997791 0.001134392 0.006400589 -0.005002201 0.001136452 0.005637085 -0.007998528 0.001136452 0.005637085 -0.004001469 0.001137947 -0.01093765 0.000133091 0.001137947 -0.01093765 0.009866917 0.001142235 -0.01093822 0.000133358 0.001142235 -0.01093822 0.009866642 0.001146538 -0.01093861 0.0001335793 0.001146538 -0.01093861 0.009866428 0.001150841 -0.0109388 0.0001337547 0.001150841 -0.0109388 0.009866253 0.00115519 -0.0109388 0.0001338768 0.00115519 -0.0109388 0.009866131 0.001156654 0.004870193 -0.007227131 0.001156654 0.004870193 -0.004772861 0.001159477 -0.01093863 0.009866055 0.001159492 -0.01093863 0.0001339455 0.001161812 -0.004858109 -0.009700001 0.001162941 -0.004862885 0.009700001 0.001163795 -0.01093826 0.000133976 0.001163795 -0.01093826 0.009866032 0.001165779 -0.007914612 -0.009700001 0.001165779 -0.007914612 3.814697e-09 0.001171715 0.007482788 -0.007986801 0.001171715 0.007482788 -0.004013195 0.001182533 0.00791777 -0.007541771 0.001182533 0.00791777 -0.004458225 0.001195595 0.007529678 -0.007606735 0.001195808 0.007529648 -0.004394833 0.001198555 0.01018213 3.814697e-09 0.001198555 0.01018213 0.009999996 0.001199577 0.006388336 -0.006999996 0.001199577 0.006388336 -0.005000004 0.00120153 0.004853149 -0.007594646 0.001215584 0.007907104 -0.004021984 0.001216011 0.007907043 -0.007978081 0.001221336 0.006384262 -0.006999752 0.001221336 0.006384262 -0.00500024 0.001232735 -0.005154648 0.009999996 0.00124543 0.004837357 -0.009700001 0.001246651 0.004842087 -0.007586716 0.001246651 0.004842087 -0.00441328 0.001246651 0.004842087 0.009700001 0.001248283 0.004852982 -0.007205315 0.001248283 0.004852982 -0.004794682 0.001253273 0.007597321 -0.009999996 0.001265663 0.007516525 -0.004385342 0.0012658 0.00751651 -0.007613071 0.001269859 0.004835876 -0.004419033 0.001286598 0.005608887 -0.007986801 0.001286598 0.005608887 -0.004013195 0.0012994 0.007895813 -0.007560135 0.0012994 0.007895813 -0.004439861 0.001302101 0.007893311 -0.009700001 0.001302101 0.007893311 -0.007990189 0.001302101 0.007893311 -0.004009815 0.001302101 0.007893311 3.814697e-09 0.001302498 0.00789325 -0.004009777 0.001308083 0.006367966 -0.006993889 0.001308083 0.006367966 -0.005006107 0.001321434 0.005132614 0.009999996 0.001321846 0.00745459 -0.007998528 0.001321846 0.00745459 -0.004001469 0.001335991 0.007503326 -0.007619411 0.001336052 0.007503311 -0.004382168 0.001337425 0.00481781 -0.007564205 0.00133744 0.00481781 -0.004435795 0.00133802 0.004836136 -0.007176418 0.00133802 0.004836136 -0.004823574 0.001346001 -0.01041338 3.814697e-09 0.001346001 -0.01041338 0.009999996 0.001347527 0.01041014 3.814697e-09 0.001347527 0.01041014 0.009999996 0.00134951 0.0104129 3.814697e-09 0.00134951 0.0104129 0.009999996 0.001376915 -0.004806671 -0.009700001 0.001389381 0.007878433 -0.007997551 0.001389671 0.007878372 -0.00400243 0.00139399 0.006351837 -0.00698024 0.00139399 0.006351837 -0.005019756 0.001403831 0.004798874 -0.004456135 0.001403984 0.004798828 -0.007543812 0.001406456 0.007490082 -0.007619411 0.001406456 0.007490082 -0.004378994 0.001410103 -0.01090926 0.000133976 0.001410103 -0.01090926 0.009866032 0.001417274 0.007873672 -0.007569344 0.001417274 0.007873672 -0.004430653 0.001425316 0.004819748 -0.007140629 0.001425316 0.004819748 -0.004859371 0.001435417 0.005580948 -0.007963413 0.001435417 0.005580948 -0.004036579 0.001459526 -0.005095078 -0.009999996 0.001459602 0.004782211 -0.009700001 0.001469154 0.004779282 -0.007520496 0.001469307 0.004779221 -0.004479565 0.001472435 0.007426331 -0.007998528 0.001472435 0.007426331 -0.004001469 0.001476402 0.007862579 -0.003999996 0.001476585 0.007862549 -0.007999996 0.001476875 0.007476868 -0.004382168 0.001476936 0.007476852 -0.007619411 0.001478371 0.006335999 -0.006958923 0.001478371 0.006335999 -0.005041073 0.001509651 0.004803894 -0.007098137 0.001509651 0.004803894 -0.004901852 0.00151461 0.01062521 6.233597e-05 0.00151461 0.01062521 0.009937664 0.001533241 0.004759109 -0.00450584 0.001533257 0.004759109 -0.007494144 0.00153553 0.007851471 -0.007569344 0.00153553 0.007851471 -0.004430653 0.001547127 0.007463669 -0.007613071 0.001547173 0.005069138 -0.009999996 0.001547264 0.007463654 -0.004385342 0.00156057 0.006320557 -0.006930096 0.00156057 0.006320557 -0.005069897 0.001563225 0.007845779 -0.004002445 0.00156324 0.007845779 -0.007997551 0.001582024 0.005553436 -0.007928505 0.001582024 0.005553436 -0.004071491 0.001586617 -0.004736435 -0.009700001 0.001588188 -0.004741074 0.009700001 0.001590538 0.004788712 -0.007049202 0.001590538 0.004788712 -0.004950787 0.00159597 0.004738434 -0.007464886 0.001596001 0.004738419 -0.00453513 0.001617119 0.007450546 -0.004394833 0.001617332 0.0074505 -0.007606735 0.001622566 0.007398132 -0.007986801 0.001622566 0.007398132 -0.004013195 0.001639946 0.006305649 -0.006893997 0.001639946 0.006305649 -0.005105999 0.001649483 0.007828094 -0.007990242 0.001649605 0.007828079 -0.004009769 0.001653419 0.007829346 -0.007560135 0.001653419 0.007829346 -0.004439861 0.001655678 -0.01087468 0.000133976 0.001655678 -0.01087468 0.009866032 0.001657265 0.004717361 -0.004567249 0.00165995 -0.01087393 0.0001339455 0.00165995 -0.01087393 0.009866055 0.001664162 -0.01087302 0.0001338768 0.001664162 -0.01087302 0.009866131 0.001667519 0.004774261 -0.00699411 0.001667519 0.004774261 -0.005005878 0.001668083 0.004708359 -0.009700001 0.001668327 -0.01087192 0.0001337547 0.001668327 -0.01087192 0.009866253 0.001669701 0.004712967 -0.00742577 0.001669701 0.004712967 -0.00457423 0.001669701 0.004712967 0.009700001 0.001672462 -0.01087064 0.0001335793 0.001672462 -0.01087064 0.009866428 0.001676521 -0.01086917 0.009866642 0.001676537 -0.01086916 0.000133358 0.001680519 -0.01086752 0.000133091 0.001680519 -0.01086752 0.009866917 0.001683479 -0.005025528 0.009999996 0.001684441 -0.01086571 0.0001327705 0.001684456 -0.01086571 0.009867237 0.001686699 0.007437469 -0.007594112 0.001686958 0.007437408 -0.004404324 0.001688286 -0.01086372 0.0001324043 0.001688286 -0.01086372 0.009867603 0.001695702 -0.01085928 0.0001315346 0.001695702 -0.01085928 0.009868465 0.001698708 0.01082594 0.0001228294 0.001698708 0.01082594 0.009877171 0.001702705 -0.01085422 0.0001304817 0.001702705 -0.01085422 0.009869518 0.00170507 0.01083179 0.0001246452 0.00170507 0.01083179 0.009875362 0.001709236 -0.01084857 0.000129261 0.001709236 -0.01084857 0.009870747 0.001711891 0.01083708 0.0001263237 0.001711891 0.01083708 0.009873676 0.001715263 -0.01084238 0.0001278648 0.001715263 -0.01084238 0.009872135 0.001715889 0.006291397 -0.006850895 0.001715889 0.006291397 -0.005149097 0.001716972 0.004695953 -0.007397812 0.00171917 0.01084175 0.0001278648 0.00171917 0.01084175 0.009872135 0.001720726 -0.01083569 0.0001263237 0.001720726 -0.01083569 0.009873676 0.001725578 0.005526459 -0.007882278 0.001725578 0.005526459 -0.004117718 0.001725594 -0.01082855 0.0001246452 0.001725594 -0.01082855 0.009875362 0.001726799 0.01084578 0.000129261 0.001726799 0.01084578 0.009870747 0.001729836 -0.01082101 0.0001228294 0.001729836 -0.01082101 0.009877171 0.001734779 0.01084914 0.0001304817 0.001734779 0.01084914 0.009869518 0.001734901 0.007809616 -0.00402187 0.001735191 0.00780954 -0.007978081 0.001740135 0.004760635 -0.006933189 0.001740135 0.004760635 -0.005066807 0.001742989 0.01085179 0.0001315346 0.001742989 0.01085179 0.009868465 0.001751411 0.01085373 0.0001324043 0.001751411 0.01085373 0.009867603 0.001755669 0.01085442 0.0001327705 0.001755669 0.01085442 0.009867237 0.001755714 0.007424515 -0.004420055 0.00175605 0.007424454 -0.00758149 0.001759972 0.01085493 0.000133091 0.001759972 0.01085493 0.009866917 0.00176429 0.01085526 0.000133358 0.00176429 0.01085526 0.009866642 0.001767006 0.006281799 -0.006999996 0.001767006 0.006281799 -0.005000004 0.001768608 0.01085538 0.0001335793 0.001768608 0.01085538 0.009866428 0.00176989 0.004995743 0.009999996 0.001770271 0.007807388 -0.007541771 0.001770271 0.007807388 -0.004458225 0.001771385 0.007370178 -0.007963413 0.001771385 0.007370178 -0.004036579 0.001772926 0.01085533 0.0001337547 0.001772926 0.01085533 0.009866253 0.001775002 0.004674316 -0.004639866 0.001777229 0.0108551 0.0001338768 0.001777229 0.0108551 0.009866131 0.001781517 0.01085468 0.0001339455 0.001781517 0.01085468 0.009866055 0.00178582 0.01085406 0.000133976 0.00178582 0.01085406 0.009866032 0.001787773 0.006277893 -0.006801144 0.001787773 0.006277893 -0.005198856 0.001790947 -0.007488831 -0.009999996 0.001796333 -0.004666168 -0.009700001 0.001807945 0.004747894 -0.006866791 0.001807945 0.004747894 -0.005133213 0.001819481 0.007790344 -0.007961243 0.00181974 0.007790283 -0.004038815 0.001824074 0.007411682 -0.007562672 0.001824471 0.007411606 -0.004435795 0.001831245 0.004652573 -0.007319794 0.001842888 -0.01057323 6.233597e-05 0.001842888 -0.01057323 0.009937664 0.001855064 0.006265259 -0.006745113 0.001855064 0.006265259 -0.005254887 0.00186071 -0.007780609 -0.009700001 0.00186071 -0.007780609 3.814697e-09 0.001865257 0.005500229 -0.007825005 0.001865257 0.005500229 -0.004174992 0.001870552 0.00473613 -0.0067953 0.001870552 0.00473613 -0.0052047 0.001876549 0.004634491 -0.009700001 0.001885414 0.007785767 -0.007514355 0.001885414 0.007785767 -0.004485638 0.001885628 0.004630814 -0.004723125 0.001891579 0.007399002 -0.004457645 0.001892067 0.007398911 -0.007543861 0.001902977 0.00777037 -0.007939636 0.001903252 0.007770309 -0.004060436 0.001904121 -0.004946152 -0.009999996 0.001917213 0.006253586 -0.00668325 0.001917213 0.006253586 -0.005316738 0.001918007 0.007342651 -0.007928505 0.001918007 0.007342651 -0.004071491 0.001919823 0.007456833 -0.009999996 0.001927605 0.004725418 -0.006719147 0.001927605 0.004725418 -0.005280849 0.001934303 -0.0103203 3.814697e-09 0.001934303 -0.0103203 0.009999996 0.001935341 -0.01031705 3.814697e-09 0.001935341 -0.01031705 0.009999996 0.001937782 0.01031964 3.814697e-09 0.001937782 0.01031964 0.009999996 0.001938026 0.004609131 -0.007231449 0.001958168 0.00738649 -0.007519009 0.001958717 0.007386398 -0.004479504 0.001973763 0.006242966 -0.006616047 0.001973763 0.006242966 -0.005383953 0.001978752 0.00471582 -0.006638771 0.001978752 0.00471582 -0.005361225 0.001984657 0.007749908 -0.004086414 0.001988365 0.004587631 -0.00481638 0.001989143 0.004912567 -0.009999996 0.001994606 0.007747299 -0.004090229 0.001994621 0.007747345 -0.009700001 0.001994621 0.007747345 -0.007910061 0.001994621 0.007747345 3.814697e-09 0.001998146 0.007764618 -0.007478058 0.001998146 0.007764618 -0.004521938 0.001999016 -0.004577667 -0.009700001 0.002000191 0.005474899 -0.007757023 0.002000191 0.005474899 -0.00424297 0.002000969 -0.004582153 0.009700001 0.002006554 -0.01005417 3.814697e-09 0.002006554 -0.01005417 0.009999996 0.002011208 -0.009097961 3.814697e-09 0.002011208 -0.009097961 0.009999996 0.002013908 -0.008878021 3.814697e-09 0.002013908 -0.008878021 0.009999996 0.002017632 -0.008836609 3.814697e-09 0.002017632 -0.008836609 0.009999996 0.002023674 0.007374191 -0.004507313 0.002023705 0.004707367 -0.006554646 0.002023705 0.004707367 -0.005445347 0.002024239 -0.009317535 3.814697e-09 0.002024239 -0.009317535 0.009999996 0.002024239 0.00623349 -0.006544014 0.002024239 0.00623349 -0.005455975 0.002024269 0.007374084 -0.007494152 0.002024773 -0.008795639 3.814697e-09 0.002024773 -0.008795639 0.009999996 0.002030067 0.01081105 0.000133976 0.002030067 0.01081105 0.009866032 0.002035301 -0.008755432 3.814697e-09 0.002035301 -0.008755432 0.009999996 0.002036552 0.004566452 -0.007133469 0.002043846 0.007756027 -0.006999996 0.002043846 0.007756027 -0.005000004 0.002049141 -0.008716217 3.814697e-09 0.002049141 -0.008716217 0.009999996 0.002050728 0.006228531 -0.006499996 0.002050728 0.006228531 -0.005499996 0.002052925 -0.009535629 3.814697e-09 0.002052925 -0.009535629 0.009999996 0.002056084 -0.009786346 3.814697e-09 0.002056084 -0.009786346 0.009999996 0.002060982 -0.009598022 3.814697e-09 0.002060982 -0.009598022 0.009999996 0.002061562 0.007315704 -0.007882278 0.002061562 0.007315704 -0.004117718 0.002062218 0.00470015 -0.006467266 0.002062218 0.00470015 -0.005532726 0.002062553 -0.009723755 3.814697e-09 0.002062553 -0.009723755 0.009999996 0.002064201 -0.009660858 3.814697e-09 0.002064201 -0.009660858 0.009999996 0.002064537 0.007729019 -0.007883175 0.00206617 -0.008678299 3.814697e-09 0.00206617 -0.008678299 0.009999996 0.00206826 0.006225235 -0.006467735 0.00206826 0.006225235 -0.005532261 0.00206942 0.007727707 -0.004118847 0.002077675 0.004542511 -0.009700001 0.002079613 0.004546738 -0.007082134 0.002079689 0.004546936 -0.004915821 0.002079704 0.004546951 0.009700001 0.002082512 0.00454567 -0.004918896 0.002086296 -0.008641922 3.814697e-09 0.002086296 -0.008641922 0.009999996 0.002087944 0.007362122 -0.007463451 0.002088615 0.007362 -0.004535114 0.002094032 0.004694168 -0.006377151 0.002094032 0.004694168 -0.005622845 0.002105492 0.006218231 -0.006387783 0.002105492 0.006218231 -0.005612209 0.002107811 0.007744019 -0.007433086 0.002107811 0.007744019 -0.004566914 0.002109383 -0.00860733 3.814697e-09 0.002109383 -0.00860733 0.009999996 0.002118965 0.004689484 -0.006284817 0.002118965 0.004689484 -0.005715183 0.002121025 -0.004857086 0.009999996 0.002126152 0.004525406 -0.007026619 0.002129631 0.005450592 -0.007678726 0.002129631 0.005450592 -0.00432127 0.002135262 -0.008574814 3.814697e-09 0.002135262 -0.008574814 0.009999996 0.002135628 0.006212585 -0.006304806 0.002135628 0.006212585 -0.005695194 0.002136879 0.004686127 -0.006190811 0.002136879 0.004686127 -0.005809185 0.002142281 0.007707825 -0.007848656 0.002142433 0.007707779 -0.004151409 0.002147682 0.004684097 -0.006095684 0.002147682 0.004684097 -0.005904308 0.002150902 0.007350296 -0.004568653 0.002151283 0.004683426 -0.005999996 0.002151634 0.007350174 -0.007432751 0.002158455 0.006208298 -0.006219437 0.002158455 0.006208298 -0.00578056 0.00216375 -0.008544525 3.814697e-09 0.00216375 -0.008544525 0.009999996 0.002167427 0.004505783 -0.005029881 0.002173759 0.006205414 -0.006132355 0.002173759 0.006205414 -0.005867645 0.002181435 0.006203964 -0.006044231 0.002181435 0.006203964 -0.005955761 0.002194664 -0.008516724 3.814697e-09 0.002194664 -0.008516724 0.009999996 0.002201225 0.007289474 -0.007825005 0.002201225 0.007289474 -0.004174992 0.002201714 -0.004489166 -0.009700001 0.002204491 0.004819778 0.009999996 0.002206245 0.004486908 -0.006911732 0.00221241 0.007338745 -0.007396442 0.002213188 0.007338608 -0.004602184 0.002213783 0.007724106 -0.007379704 0.002213783 0.007724106 -0.004620296 0.002217903 0.007686417 -0.004189869 0.002218117 0.007686356 -0.007810013 0.002227776 -0.008491577 3.814697e-09 0.002227776 -0.008491577 0.009999996 0.002242561 0.004468872 -0.005148449 0.002252785 0.005427475 -0.007590584 0.002252785 0.005427475 -0.004409412 0.002262856 -0.008469269 3.814697e-09 0.002262856 -0.008469269 0.009999996 0.002272316 0.007327499 -0.004641193 0.00227317 0.007327332 -0.007360134 0.002273277 0.01076253 0.000133976 0.002273277 0.01076253 0.009866032 0.002276314 0.004451767 -0.005210316 0.002276314 0.004451782 -0.006789703 0.002277489 0.01076155 0.0001339455 0.002277489 0.01076155 0.009866055 0.002278801 0.0044505 -0.009700001 0.002281639 0.01076039 0.0001338768 0.002281639 0.01076039 0.009866131 0.002285744 0.01075905 0.0001337547 0.002285744 0.01075905 0.009866253 0.002289787 0.01075752 0.0001335793 0.002289787 0.01075752 0.009866428 0.002291176 0.007664902 -0.007767826 0.002291435 0.00766481 -0.004232342 0.00229377 0.01075583 0.000133358 0.00229377 0.01075583 0.009866642 0.002297676 0.01075397 0.000133091 0.002297676 0.01075397 0.009866917 0.00229966 -0.008449951 3.814697e-09 0.00229966 -0.008449951 0.009999996 0.002301476 0.01075194 0.009867229 0.002301506 0.01075192 0.0001327705 0.002305214 0.01074974 0.0001324043 0.002305214 0.01074974 0.009867603 0.002307365 0.00443576 -0.006726444 0.002307426 0.004435745 -0.005273685 0.002312355 0.01074487 0.0001315346 0.002312355 0.01074487 0.009868465 0.002315422 0.007705032 -0.007318218 0.002315422 0.007705032 -0.004681774 0.002319054 0.01073943 0.0001304817 0.002319054 0.01073943 0.009869518 0.002325249 0.01073341 0.000129261 0.002325249 0.01073341 0.009870747 0.002330544 0.007316559 -0.007318504 0.00233091 0.01072687 0.0001278648 0.00233091 0.01072687 0.009872135 0.002331444 0.007316406 -0.004680202 0.002333809 -0.004758499 -0.009999996 0.00233445 0.006175247 -0.005999996 0.002335838 0.004420853 -0.005338383 0.002335884 0.004420822 -0.006661503 0.002335991 0.01071988 0.0001263237 0.002335991 0.01071988 0.009873676 0.002336174 0.00726413 -0.007757023 0.002336174 0.00726413 -0.00424297 0.002337959 -0.008433762 3.814697e-09 0.002337959 -0.008433762 0.009999996 0.002340446 0.01071248 0.0001246452 0.002340446 0.01071248 0.009875362 0.002344231 0.01070471 0.0001228294 0.002344231 0.01070471 0.009877171 0.002361534 0.004407166 -0.006595589 0.002361595 0.004407135 -0.005404606 0.002361931 0.007643372 -0.004278034 0.002362267 0.00764328 -0.007721729 0.00236895 0.005405655 -0.007493103 0.00236895 0.005405655 -0.004506893 0.00237748 -0.008420822 3.814697e-09 0.00237748 -0.008420822 0.009999996 0.002384499 0.004394775 -0.005471676 0.002384575 0.004394745 -0.006528122 0.002386955 0.007305969 -0.004724377 0.002387932 0.007305786 -0.007276871 0.00239576 -0.004383087 -0.009700001 0.002398125 -0.004387375 0.009700001 0.002404747 0.004383728 -0.00554018 0.002404778 0.004383713 -0.006459682 0.002412132 0.007686874 -0.007249004 0.002412132 0.007686874 -0.004750988 0.00241552 0.004717529 -0.009999996 0.002422096 0.004374176 -0.006390606 0.002422127 0.004374146 -0.005609516 0.002430473 0.007621857 -0.004327549 0.002430489 0.007621857 -0.007672443 0.002436592 0.004366119 -0.006320648 0.002436592 0.004366119 -0.005679363 0.00244146 0.007295746 -0.007230247 0.002442482 0.007295547 -0.004768551 0.00244297 0.0104509 6.233597e-05 0.00244297 0.0104509 0.009937664 0.002445793 -0.007301254 -0.009999996 0.002448219 0.004359604 -0.006250038 0.002448219 0.004359604 -0.005749947 0.002456947 0.004354691 -0.0061791 0.002456963 0.004354691 -0.005821049 0.002462776 0.004351395 -0.005892334 0.002462791 0.004351395 -0.00610751 0.002465599 0.007239822 -0.007678726 0.002465599 0.007239822 -0.00432127 0.002465706 0.004349747 -0.006035938 0.002465706 0.004349747 -0.005964138 0.002471016 0.004341095 -0.009700001 0.002473427 0.004345367 0.009700001 0.002477455 0.005385284 -0.00738686 0.002477455 0.005385284 -0.004613132 0.002493935 0.007285889 -0.004817539 0.002494987 0.00728569 -0.007183617 0.002495949 0.007600677 -0.007620033 0.00249601 0.007600662 -0.004380016 0.002503349 0.007669739 -0.007172455 0.002503349 0.007669739 -0.004827534 0.002517036 0.008748672 3.814697e-09 0.002517036 0.008748672 0.009999996 0.002518364 0.008707123 3.814697e-09 0.002518364 0.008707123 0.009999996 0.002519814 0.01019316 3.814697e-09 0.002519814 0.01019316 0.009999996 0.002520653 0.01018985 3.814697e-09 0.002520653 0.01018985 0.009999996 0.00252317 0.008665817 3.814697e-09 0.00252317 0.008665817 0.009999996 0.002526878 0.008968414 3.814697e-09 0.002526878 0.008968414 0.009999996 0.002531395 0.008625061 3.814697e-09 0.002531395 0.008625061 0.009999996 0.002541084 -0.007585709 -0.009700001 0.002541084 -0.007585709 3.814697e-09 0.002542 -0.00465062 0.009999996 0.002542961 0.008585144 3.814697e-09 0.002542961 0.008585144 0.009999996 0.002544273 0.007276443 -0.007132359 0.002545387 0.00727623 -0.004866528 0.002552406 0.009186905 3.814697e-09 0.002552406 0.009186905 0.009999996 0.002552986 -0.008369278 3.814697e-09 0.002552986 -0.008369278 0.009999996 0.002557808 0.008546295 3.814697e-09 0.002557808 0.008546295 0.009999996 0.002558464 0.007579849 -0.007564846 0.002558617 0.007579803 -0.004435291 0.002571342 0.00725798 -0.009999996 0.002575829 0.008508835 3.814697e-09 0.002575829 0.008508835 0.009999996 0.002576775 0.009923325 3.814697e-09 0.002576775 0.009923325 0.009999996 0.002577644 0.00536647 -0.007272484 0.002577644 0.00536647 -0.004727512 0.002588554 0.007653748 -0.007089031 0.002588554 0.007653748 -0.004910961 0.002588768 0.00721669 -0.007590584 0.002588768 0.00721669 -0.004409412 0.002589836 -0.004277008 -0.009700001 0.002592384 0.00726741 -0.004919949 0.002593239 -0.00835881 3.814697e-09 0.002593239 -0.00835881 0.009999996 0.002593468 0.009403015 3.814697e-09 0.002593468 0.009403015 0.009999996 0.002593544 0.007267181 -0.007081097 0.002596901 0.008472992 3.814697e-09 0.002596901 0.008472992 0.009999996 0.002605095 0.009464828 3.814697e-09 0.002605095 0.009464828 0.009999996 0.002610939 0.009653122 3.814697e-09 0.002610939 0.009653122 0.009999996 0.002611275 0.007649475 -0.005999996 0.002611885 0.00952739 3.814697e-09 0.002611885 0.00952739 0.009999996 0.002613838 0.009590271 3.814697e-09 0.002613838 0.009590271 0.009999996 0.002617165 0.00755954 -0.00750539 0.002620888 0.008439041 3.814697e-09 0.002620888 0.008439041 0.009999996 0.002621834 0.004606079 0.009999996 0.002634193 -0.00835173 3.814697e-09 0.002634193 -0.00835173 0.009999996 0.002638176 0.007258804 -0.007025612 0.002639381 0.007258575 -0.004973377 0.002647606 0.008407181 3.814697e-09 0.002647606 0.008407181 0.009999996 0.002663231 0.004231689 -0.009700001 0.002667213 0.007638962 -0.006999214 0.002667213 0.007638962 -0.005000774 0.002668938 0.005349335 -0.007150635 0.002668938 0.005349335 -0.004849361 0.002671532 0.007540756 -0.009700001 0.002671532 0.007540756 -0.007450325 0.002671532 0.007540756 -0.004549664 0.002671532 0.007540756 3.814697e-09 0.002675285 0.007539413 -0.004553822 0.002675606 -0.008348053 3.814697e-09 0.002675606 -0.008348053 0.009999996 0.002676872 0.008377655 3.814697e-09 0.002676872 0.008377655 0.009999996 0.002681557 0.007250656 -0.005030827 0.002682808 0.007250412 -0.006970119 0.002704933 0.007194885 -0.007493103 0.002704933 0.007194885 -0.004506893 0.002708488 0.008350677 3.814697e-09 0.002708488 0.008350677 0.009999996 0.002717186 -0.00834787 3.814697e-09 0.002717186 -0.00834787 0.009999996 0.002722435 0.007242981 -0.006910835 0.002723732 0.007242737 -0.005088268 0.002729195 0.007520065 -0.007383377 0.002738899 0.007625504 -0.006903534 0.002738899 0.007625504 -0.005096462 0.002742241 0.008326401 3.814697e-09 0.002742241 0.008326401 0.009999996 0.002745232 -0.00453363 -0.009999996 0.002750786 0.005333969 -0.007022038 0.002750786 0.005333969 -0.004977962 0.002758644 -0.008351105 3.814697e-09 0.002758644 -0.008351105 0.009999996 0.00276075 0.007235779 -0.005149281 0.002762077 0.007235535 -0.006851551 0.002773781 -0.00415419 -0.009700001 0.002776482 -0.004158264 0.009700001 0.002777901 0.008305023 3.814697e-09 0.002777901 0.008305023 0.009999996 0.002780144 0.007501389 -0.004681499 0.00279641 0.007229095 -0.006788929 0.002797768 0.007228821 -0.005210293 0.00279966 -0.008357788 3.814697e-09 0.00279966 -0.008357788 0.009999996 0.002803185 0.007613434 -0.006802551 0.002803185 0.007613434 -0.005197445 0.002813423 0.007174515 -0.00738686 0.002813423 0.007174515 -0.004613132 0.002815224 0.008286682 3.814697e-09 0.002815224 0.008286682 0.009999996 0.002822716 0.00532045 -0.006887436 0.002822716 0.00532045 -0.00511256 0.002823006 0.004485596 -0.009999996 0.002828102 0.007483429 -0.00725172 0.002829338 0.007222916 -0.005274395 0.002830742 0.007222641 -0.006726315 0.002840004 -0.008367844 3.814697e-09 0.002840004 -0.008367844 0.009999996 0.002845009 0.004105728 -0.009700001 0.002847786 0.004109741 0.009700001 0.00285392 0.008271484 3.814697e-09 0.00285392 0.008271484 0.009999996 0.002859505 0.007217255 -0.006660854 0.002859657 0.007602829 -0.006696865 0.002859657 0.007602829 -0.005303135 0.002860924 0.00721698 -0.005338497 0.002873085 0.007466278 -0.004816784 0.002879372 -0.008381226 3.814697e-09 0.002879372 -0.008381226 0.009999996 0.002884315 0.005308884 -0.006747631 0.002884315 0.005308884 -0.005252369 0.002886803 0.007212128 -0.005405186 0.002888268 0.007211838 -0.006595394 0.002908028 0.00759375 -0.006587078 0.002908028 0.00759375 -0.005412922 0.002911232 0.007207535 -0.006527599 0.002912697 0.007207245 -0.005471874 0.002913628 0.007155685 -0.007272484 0.002913628 0.007155685 -0.004727512 0.002915092 0.007449982 -0.007113155 0.002917488 -0.008397842 3.814697e-09 0.002917488 -0.008397842 0.009999996 0.002932686 0.007203491 -0.00554063 0.002934166 0.007203232 -0.006459816 0.002935204 0.005299316 -0.006603439 0.002935204 0.005299316 -0.005396557 0.002943077 -0.004407761 0.009999996 0.002948006 0.007586243 -0.006473854 0.002948006 0.007586243 -0.00552615 0.002951164 0.007200043 -0.006390228 0.002952675 0.007199753 -0.005609394 0.002954079 -0.008417557 3.814697e-09 0.002954079 -0.008417557 0.009999996 0.002954155 0.007434586 -0.004958302 0.002957695 -0.004031387 -0.009700001 0.002966606 0.007197128 -0.005679676 0.002968147 0.007196854 -0.006320633 0.002975105 0.00529184 -0.006455704 0.002975105 0.00529184 -0.005544285 0.002979012 0.007194809 -0.00624979 0.002979317 0.007580353 -0.006357841 0.002979317 0.007580353 -0.005642155 0.002980553 0.007194504 -0.005749962 0.002988319 0.007193054 -0.005821228 0.002988914 -0.008440247 3.814697e-09 0.002988914 -0.008440247 0.009999996 0.002989876 0.007192764 -0.006178944 0.002990257 0.007420135 -0.006968975 0.00299456 0.007191879 -0.006107403 0.002996117 0.007191589 -0.00589249 0.002997673 0.007191299 -0.005964172 0.002999229 0.00719101 -0.006035854 0.003001839 0.007576141 -0.006239735 0.003001839 0.007576141 -0.005760258 0.003003777 0.005286438 -0.006305298 0.003003777 0.005286438 -0.005694698 0.003004906 0.00713855 -0.007150635 0.003004906 0.00713855 -0.004849361 0.003015404 0.007573593 -0.00612022 0.003015404 0.007573593 -0.00587978 0.003018669 0.004356323 0.009999996 0.003019936 0.007572739 -0.005999996 0.003021049 0.005283218 -0.006153099 0.003021049 0.005283218 -0.005846901 0.003021767 -0.008465744 3.814697e-09 0.003021767 -0.008465744 0.009999996 0.003023476 0.007406662 -0.005104855 0.003026222 0.008210022 3.814697e-09 0.003026222 0.008210022 0.009999996 0.003026802 0.003979767 -0.009700001 0.003026817 0.00528212 -0.005999996 0.003052361 -0.008493896 3.814697e-09 0.003052361 -0.008493896 0.009999996 0.00305378 0.007394211 -0.006820312 0.003065788 0.008197281 3.814697e-09 0.003065788 0.008197281 0.009999996 0.003080513 -0.00852449 3.814697e-09 0.003080513 -0.00852449 0.009999996 0.00308123 0.007382813 -0.00525539 0.003081505 -0.007056519 -0.009999996 0.003086739 0.007123199 -0.007022038 0.003086739 0.007123199 -0.004977962 0.003105843 0.007372482 -0.006668133 0.003106026 -0.008557297 3.814697e-09 0.003106026 -0.008557297 0.009999996 0.003106285 0.008187866 3.814697e-09 0.003106285 0.008187866 0.009999996 0.003127647 0.007363266 -0.005408993 0.003130058 -0.003892792 -0.009700001 0.003133141 -0.003896606 0.009700001 0.00313517 -0.004273254 -0.009999996 0.003146675 0.007355164 -0.006513294 0.003147423 0.008181839 3.814697e-09 0.003147423 0.008181839 0.009999996 0.003158684 0.00710968 -0.006887436 0.003158684 0.00710968 -0.00511256 0.003162926 0.00734819 -0.005564884 0.00317643 0.007342361 -0.006356529 0.003187218 0.007337677 -0.005722374 0.003188927 0.00817926 3.814697e-09 0.003188927 0.00817926 0.009999996 0.00319532 0.007334167 -0.006198471 0.003196739 0.003838211 -0.009700001 0.003199883 0.003841965 0.009700001 0.003200691 0.007331818 -0.005880848 0.003201561 -0.007331436 -0.009700001 0.003201561 -0.007331436 3.814697e-09 0.003202751 0.007002319 -0.009999996 0.003203377 0.007330643 -0.00603973 0.003208397 0.004218536 -0.009999996 0.003220284 0.007098114 -0.006747631 0.003220284 0.007098114 -0.005252369 0.003227226 -0.008740875 3.814697e-09 0.003227226 -0.008740875 0.009999996 0.003230476 0.008180145 3.814697e-09 0.003230476 0.008180145 0.009999996 0.003271172 0.007088562 -0.006603439 0.003271172 0.007088562 -0.005396557 0.003271828 0.008184479 3.814697e-09 0.003271828 0.008184479 0.009999996 0.003302422 -0.003754196 -0.009700001 0.003311089 0.00708107 -0.006455704 0.003311089 0.00708107 -0.005544285 0.003312675 0.00819223 3.814697e-09 0.003312675 0.00819223 0.009999996 0.003321129 -0.004130402 0.009999996 0.003327538 0.007275131 -0.009700001 0.003327538 0.007275131 3.814697e-09 0.003334984 -0.008932632 3.814697e-09 0.003334984 -0.008932632 0.009999996 0.00333976 0.007075684 -0.006305298 0.00333976 0.007075684 -0.005694698 0.003352745 0.008203354 3.814697e-09 0.003352745 0.008203354 0.009999996 0.003357018 0.007072433 -0.006153099 0.003357018 0.007072433 -0.005846901 0.003362785 0.00707135 -0.005999996 0.003366676 0.003696671 -0.009700001 0.003391747 0.008217743 3.814697e-09 0.003391747 0.008217743 0.009999996 0.003391869 0.004072495 0.009999996 0.003428795 -0.009131607 3.814697e-09 0.003428795 -0.009131607 0.009999996 0.00342942 0.008235336 3.814697e-09 0.00342942 0.008235336 0.009999996 0.003455742 -0.009188446 3.814697e-09 0.003455742 -0.009188446 0.009999996 0.003461861 -0.003600922 -0.009700001 0.003465248 -0.003604446 0.009700001 0.003465492 0.008256012 3.814697e-09 0.003465492 0.008256012 0.009999996 0.003487007 -0.009243073 3.814697e-09 0.003487007 -0.009243073 0.009999996 0.003499718 0.008279602 3.814697e-09 0.003499718 0.008279602 0.009999996 0.003500572 -0.003979462 -0.009999996 0.003522377 -0.00929509 3.814697e-09 0.003522377 -0.00929509 0.009999996 0.00352346 0.003540665 -0.009700001 0.003526894 0.003544144 0.009700001 0.003531868 0.008305954 3.814697e-09 0.003531868 0.008305954 0.009999996 0.003561668 -0.009344223 3.814697e-09 0.003561668 -0.009344223 0.009999996 0.003561729 0.008334885 3.814697e-09 0.003561729 0.008334885 0.009999996 0.003568672 0.003918472 -0.009999996 0.003589073 0.008366196 3.814697e-09 0.003589073 0.008366196 0.009999996 0.0036213 -0.003447647 -0.009700001 0.003673164 -0.003820709 0.009999996 0.003680214 0.003384674 -0.009700001 0.003693108 -0.006756561 -0.009999996 0.003720543 0.008542557 3.814697e-09 0.003720543 0.008542557 0.009999996 0.003738518 0.003756775 0.009999996 0.003748146 -0.00954274 3.814697e-09 0.003748146 -0.00954274 0.009999996 0.003766563 -0.003280869 -0.009700001 0.003770256 -0.003284073 0.009700001 0.003809074 0.006691849 -0.009999996 0.003822594 0.003215408 -0.009700001 0.003826332 0.003218567 0.009700001 0.003836983 -0.007019791 -0.009700001 0.003836983 -0.007019791 3.814697e-09 0.003838585 -0.00365451 -0.009999996 0.003839073 0.008727859 3.814697e-09 0.003839073 0.008727859 0.009999996 0.003901039 0.003587738 -0.009999996 0.003911842 -0.003114105 -0.009700001 0.003944069 0.008921158 3.814697e-09 0.003944069 0.008921158 0.009999996 0.003950188 -0.009725372 3.814697e-09 0.003950188 -0.009725372 0.009999996 0.003952812 -0.00972757 3.814697e-09 0.003952812 -0.00972757 0.009999996 0.003957481 0.006952576 -0.009700001 0.003957481 0.006952576 3.814697e-09 0.003964958 0.003046158 -0.009700001 0.00397422 0.008976379 3.814697e-09 0.00397422 0.008976379 0.009999996 0.003996483 -0.003481125 0.009999996 0.004008553 0.009029114 3.814697e-09 0.004008553 0.009029114 0.009999996 0.004041786 -0.002935135 -0.009700001 0.004045753 -0.002938019 0.009700001 0.004046837 0.009079025 3.814697e-09 0.004046837 0.009079025 0.009999996 0.004055916 0.003411667 0.009999996 0.004088875 0.009125854 3.814697e-09 0.004088875 0.009125854 0.009999996 0.00409182 0.00286499 -0.009700001 0.004095818 0.002867798 0.009700001 0.004146553 -0.003300949 -0.009999996 0.004166466 -0.009890915 6.233597e-05 0.004166466 -0.009890915 0.009937664 0.004171745 -0.002756195 -0.009700001 0.004202858 0.003228943 -0.009999996 0.004218666 0.002683823 -0.009700001 0.004275795 -0.006403717 -0.009999996 0.004285378 -0.002566437 -0.009700001 0.004286354 0.009313416 3.814697e-09 0.004286354 0.009313416 0.009999996 0.00428849 -0.003114288 0.009999996 0.004289589 -0.002568954 0.009700001 0.004329018 0.002492157 -0.009700001 0.004333244 0.002494583 0.009700001 0.004341576 0.003039856 0.009999996 0.004385612 0.006329025 -0.009999996 0.004395546 -0.01003822 0.0001228294 0.004395546 -0.01003822 0.009877171 0.00439901 -0.002376694 -0.009700001 0.004403191 -0.01004228 0.0001246452 0.004403191 -0.01004228 0.009875362 0.004411125 -0.01004564 0.0001263237 0.004411125 -0.01004564 0.009873676 0.00441935 -0.01004831 0.0001278648 0.00441935 -0.01004831 0.009872135 0.00442205 -0.002921555 -0.009999996 0.004427773 -0.01005026 0.000129261 0.004427773 -0.01005026 0.009870747 0.004436333 -0.01005148 0.0001304817 0.004436333 -0.01005148 0.009869518 0.004439354 0.002300476 -0.009700001 0.004442375 -0.006653214 -0.009700001 0.004442375 -0.006653214 3.814697e-09 0.004444954 -0.01005196 0.0001315346 0.004444954 -0.01005196 0.009868465 0.00445359 -0.0100517 0.0001324043 0.00445359 -0.0100517 0.009867603 0.004457878 -0.01005128 0.0001327705 0.004457909 -0.01005127 0.009867229 0.004462166 -0.01005067 0.000133091 0.004462166 -0.01005067 0.009866917 0.004466423 -0.01004991 0.000133358 0.004466423 -0.01004991 0.009866642 0.004470634 -0.01004893 0.0001335793 0.004470634 -0.01004893 0.009866428 0.004471779 0.002844849 -0.009999996 0.0044748 -0.01004779 0.0001337547 0.0044748 -0.01004779 0.009866253 0.00447892 -0.01004646 0.0001338768 0.00447892 -0.01004646 0.009866131 0.004482948 -0.01004495 0.0001339455 0.004482948 -0.01004495 0.009866055 0.004486946 -0.01004327 0.000133976 0.004486946 -0.01004327 0.009866032 0.00449543 -0.002177643 -0.009700001 0.004498039 -0.009487778 3.814697e-09 0.004498039 -0.009487778 0.009999996 0.004498497 0.009484222 3.814697e-09 0.004498497 0.009484222 0.009999996 0.00449984 -0.002179794 0.009700001 0.004501244 0.009486252 3.814697e-09 0.004501244 0.009486252 0.009999996 0.004532326 0.002099792 -0.009700001 0.004536766 0.002101837 0.009700001 0.004546959 -0.002723099 0.009999996 0.004556465 0.006575607 -0.009700001 0.004556465 0.006575607 3.814697e-09 0.00459185 -0.001978622 -0.009700001 0.004593239 0.002644257 0.009999996 0.004625298 0.001899109 -0.009700001 0.004641258 -0.007697968 3.814697e-09 0.004641258 -0.007697968 0.009999996 0.004642296 -0.007656403 3.814697e-09 0.004642296 -0.007656403 0.009999996 0.004643684 -0.007739471 3.814697e-09 0.004643684 -0.007739471 0.009999996 0.004646782 -0.007615067 3.814697e-09 0.004646782 -0.007615067 0.009999996 0.004649529 -0.00778064 3.814697e-09 0.004649529 -0.00778064 0.009999996 0.004654686 -0.007574249 3.814697e-09 0.004654686 -0.007574249 0.009999996 0.004658791 -0.007821167 3.814697e-09 0.004658791 -0.007821167 0.009999996 0.004662956 -0.002519302 -0.009999996 0.004665962 -0.007534225 3.814697e-09 0.004665962 -0.007534225 0.009999996 0.004670311 -0.001771835 -0.009700001 0.004674889 -0.00177356 0.009700001 0.004680519 -0.0074953 3.814697e-09 0.004680519 -0.0074953 0.009999996 0.00469825 -0.007457687 3.814697e-09 0.00469825 -0.007457687 0.009999996 0.004700172 0.00169101 -0.009700001 0.004704781 0.001692673 0.009700001 0.004705711 0.002438492 -0.009999996 0.004712227 -0.00993956 0.000133976 0.004712227 -0.00993956 0.009866032 0.004719048 -0.007421692 3.814697e-09 0.004719048 -0.007421692 0.009999996 0.004723869 0.009637131 6.233597e-05 0.004723869 0.009637131 0.009937664 0.00472419 -0.008031189 3.814697e-09 0.00472419 -0.008031189 0.009999996 0.004742775 -0.007387543 3.814697e-09 0.004742775 -0.007387543 0.009999996 0.004748741 -0.001565048 -0.009700001 0.004769249 -0.007355484 3.814697e-09 0.004769249 -0.007355484 0.009999996 0.004769829 -0.002310577 0.009999996 0.004775032 0.001482895 -0.009700001 0.004798286 -0.007325745 3.814697e-09 0.004798286 -0.007325745 0.009999996 0.004804436 -0.008235992 3.814697e-09 0.004804436 -0.008235992 0.009999996 0.004808617 -0.001352127 -0.009700001 0.004808968 0.002227966 0.009999996 0.004813332 -0.001353455 0.009700001 0.00482502 -0.006000763 -0.009999996 0.00482972 -0.007298523 3.814697e-09 0.00482972 -0.007298523 0.009999996 0.00483123 0.001268982 -0.009700001 0.00483596 0.001270233 0.009700001 0.004863289 -0.007274002 3.814697e-09 0.004863289 -0.007274002 0.009999996 0.004867363 -0.002097336 -0.009999996 0.004868492 -0.001139221 -0.009700001 0.004887413 0.001055084 -0.009700001 0.004899101 -0.00843454 3.814697e-09 0.004899101 -0.00843454 0.009999996 0.004902809 0.002013062 -0.009999996 0.004909309 -0.0009218597 -0.009700001 0.004914116 -0.00092276 0.009700001 0.004924477 0.0008370514 -0.009700001 0.004926064 -0.008491394 3.814697e-09 0.004926064 -0.008491394 0.009999996 0.004927803 0.005916641 -0.009999996 0.004929298 0.0008378601 0.009700001 0.004935097 -0.009830811 0.000133976 0.004935097 -0.009830811 0.009866032 0.004938927 -0.009828781 0.0001339455 0.004938927 -0.009828781 0.009866055 0.00494265 -0.009826599 0.0001338768 0.00494265 -0.009826599 0.009866131 0.004946297 -0.009824249 0.0001337547 0.004946297 -0.009824249 0.009866253 0.00494854 -0.008550156 3.814697e-09 0.00494854 -0.008550156 0.009999996 0.004949806 -0.009821747 0.0001335793 0.004949806 -0.009821747 0.009866428 0.004950127 -0.0007044983 -0.009700001 0.004953224 -0.009819122 0.000133358 0.004953224 -0.009819122 0.009866642 0.00495536 -0.00187999 0.009999996 0.004956535 -0.009816315 0.000133091 0.004956535 -0.009816315 0.009866917 0.004959694 -0.0098134 0.0001327705 0.004959709 -0.009813385 0.009867237 0.004960976 0.009771149 0.0001228294 0.004960976 0.009771149 0.009877171 0.00496154 0.0006190033 -0.009700001 0.004962746 -0.009810318 0.0001324043 0.004962746 -0.009810318 0.009867603 0.004966423 -0.008610489 3.814697e-09 0.004966423 -0.008610489 0.009999996 0.004968422 -0.009803802 0.0001315346 0.004968422 -0.009803802 0.009868465 0.004968819 0.00977475 0.0001246452 0.004968819 0.00977475 0.009875362 0.004971565 -0.0004843597 -0.009700001 0.004973503 -0.009796829 0.0001304817 0.004973503 -0.009796829 0.009869518 0.004976433 -0.0004848328 0.009700001 0.004976952 0.009777664 0.0001263237 0.004976952 0.009777664 0.009873676 0.004977974 -0.009789413 0.000129261 0.004977974 -0.009789413 0.009870747 0.004979179 0.0003985443 -0.009700001 0.004979591 -0.008672012 3.814697e-09 0.004979591 -0.008672012 0.009999996 0.004981789 -0.009781662 0.0001278648 0.004981789 -0.009781662 0.009872135 0.004984062 0.0003989258 0.009700001 0.004984932 -0.009773621 0.0001263237 0.004984932 -0.009773621 0.009873676 0.004985298 0.009779877 0.0001278648 0.004985298 0.009779877 0.009872135 0.004987068 0.00179422 0.009999996 0.004987343 -0.00976532 0.0001246452 0.004987343 -0.00976532 0.009875362 0.004989037 -0.009756836 0.0001228294 0.004989037 -0.009756836 0.009877171 0.004993004 -0.0002642365 -0.009700001 0.004993828 0.009781342 0.000129261 0.004993828 0.009781342 0.009870747 0.004994911 -4.307556e-05 -0.009700001 0.004996819 0.0001780701 -0.009700001 0.004999809 -4.312134e-05 0.009700001 0.005002434 0.009782059 0.0001304817 0.005002434 0.009782059 0.009869518 0.005011086 0.009782059 0.0001315346 0.005011086 0.009782059 0.009868465 0.005013023 -0.006234573 -0.009700001 0.005013023 -0.006234573 3.814697e-09 0.00501429 -0.007170731 3.814697e-09 0.00501429 -0.007170731 0.009999996 0.005015251 -0.008942017 3.814697e-09 0.005015251 -0.008942017 0.009999996 0.005019676 0.009781296 0.0001324043 0.005019676 0.009781296 0.009867603 0.005019997 -0.009486252 6.233597e-05 0.005019997 -0.009486252 0.009937664 0.005023949 0.00978064 0.009867237 0.005023964 0.00978064 0.0001327705 0.005028191 0.009779785 0.000133091 0.005028191 0.009779785 0.009866917 0.005028755 -0.009214035 3.814697e-09 0.005028755 -0.009214035 0.009999996 0.005028786 -0.009217453 3.814697e-09 0.005028786 -0.009217453 0.009999996 0.005031883 0.009215744 3.814697e-09 0.005031883 0.009215744 0.009999996 0.005032387 0.009778763 0.000133358 0.005032387 0.009778763 0.009866642 0.005033669 -0.001658936 -0.009999996 0.005036552 0.009777573 0.0001335793 0.005036552 0.009777573 0.009866428 0.005040627 0.009776184 0.0001337547 0.005040627 0.009776184 0.009866253 0.00504467 0.009774612 0.0001338768 0.00504467 0.009774612 0.009866131 0.005048622 0.009772888 0.0001339455 0.005048622 0.009772888 0.009866055 0.005049324 -0.007148346 3.814697e-09 0.005049324 -0.007148346 0.009999996 0.005052513 0.009770981 0.000133976 0.005052513 0.009770981 0.009866032 0.005061531 0.001571869 -0.009999996 0.005071465 0.007379135 3.814697e-09 0.005071465 0.007379135 0.009999996 0.005072792 0.0074207 3.814697e-09 0.005072792 0.0074207 0.009999996 0.00507357 0.007337601 3.814697e-09 0.00507357 0.007337601 0.009999996 0.005077568 0.00746199 3.814697e-09 0.005077568 0.00746199 0.009999996 0.00507914 0.007296417 3.814697e-09 0.00507914 0.007296417 0.009999996 0.005085762 0.007502747 3.814697e-09 0.005085762 0.007502747 0.009999996 0.005086098 -0.007128952 3.814697e-09 0.005086098 -0.007128952 0.009999996 0.005088112 0.007255814 3.814697e-09 0.005088112 0.007255814 0.009999996 0.005097313 0.007542694 3.814697e-09 0.005097313 0.007542694 0.009999996 0.00510041 0.007216095 3.814697e-09 0.00510041 0.007216095 0.009999996 0.005102135 -0.001434662 0.009999996 0.00511599 0.007177551 3.814697e-09 0.00511599 0.007177551 0.009999996 0.005119789 0.006147171 -0.009700001 0.005119789 0.006147171 3.814697e-09 0.005124352 -0.007112671 3.814697e-09 0.005124352 -0.007112671 0.009999996 0.005126122 0.001346451 0.009999996 0.005134697 0.007140427 3.814697e-09 0.005134697 0.007140427 0.009999996 0.005156425 0.00710498 3.814697e-09 0.005156425 0.00710498 0.009999996 0.005160606 -0.001207565 -0.009999996 0.005163826 -0.007099625 3.814697e-09 0.005163826 -0.007099625 0.009999996 0.005174599 0.007748627 3.814697e-09 0.005174599 0.007748627 0.009999996 0.005180656 0.001118378 -0.009999996 0.005181038 0.007071472 3.814697e-09 0.005181038 0.007071472 0.009999996 0.005204247 -0.007089905 3.814697e-09 0.005204247 -0.007089905 0.009999996 0.005208351 0.007040115 3.814697e-09 0.005208351 0.007040115 0.009999996 0.005208961 -0.0009781189 0.009999996 0.00522506 0.0008881226 0.009999996 0.005238167 0.007011154 3.814697e-09 0.005238167 0.007011154 0.009999996 0.005245338 -0.007083572 3.814697e-09 0.005245338 -0.007083572 0.009999996 0.005247124 -0.0007467499 -0.009999996 0.005259224 0.0006561432 -0.009999996 0.005266396 0.007948517 3.814697e-09 0.005266396 0.007948517 0.009999996 0.005270271 0.006984741 3.814697e-09 0.005270271 0.006984741 0.009999996 0.005271492 0.009654602 0.000133976 0.005271492 0.009654602 0.009866032 0.005275032 -0.000513916 0.009999996 0.005283104 0.0004228668 0.009999996 0.005286812 -0.007080688 3.814697e-09 0.005286812 -0.007080688 0.009999996 0.005292595 -0.0002800903 -0.009999996 0.005296638 0.0001887512 -0.009999996 0.005299812 -4.571533e-05 0.009999996 0.005328392 -0.007081253 3.814697e-09 0.005328392 -0.007081253 0.009999996 0.005336494 -0.005550842 -0.009999996 0.005369774 -0.007085266 3.814697e-09 0.005369774 -0.007085266 0.009999996 0.005372231 0.008141357 3.814697e-09 0.005372231 0.008141357 0.009999996 0.005402382 0.008196579 3.814697e-09 0.005402382 0.008196579 0.009999996 0.005410667 -0.007092712 3.814697e-09 0.005410667 -0.007092712 0.009999996 0.005415138 0.006873047 3.814697e-09 0.005415138 0.006873047 0.009999996 0.005428185 0.008253967 3.814697e-09 0.005428185 0.008253967 0.009999996 0.005431435 0.005457977 -0.009999996 0.00544883 0.006848694 3.814697e-09 0.00544883 0.006848694 0.009999996 0.005449471 0.008313171 3.814697e-09 0.005449471 0.008313171 0.009999996 0.005450813 -0.007103531 3.814697e-09 0.005450813 -0.007103531 0.009999996 0.005466133 0.00837384 3.814697e-09 0.005466133 0.00837384 0.009999996 0.005484444 0.006827225 3.814697e-09 0.005484444 0.006827225 0.009999996 0.005487816 0.00953331 0.000133976 0.005487816 0.00953331 0.009866032 0.005489922 -0.007117645 3.814697e-09 0.005489922 -0.007117645 0.009999996 0.005491524 0.009531052 0.0001339455 0.005491524 0.009531052 0.009866055 0.00549511 0.009528671 0.0001338768 0.00549511 0.009528671 0.009866131 0.005498604 0.009526123 0.0001337547 0.005498604 0.009526123 0.009866253 0.005501991 0.009523422 0.0001335793 0.005501991 0.009523422 0.009866428 0.005505241 0.009520599 0.000133358 0.005505241 0.009520599 0.009866642 0.005508369 0.009517609 0.000133091 0.005508369 0.009517609 0.009866917 0.00551136 0.009514496 0.009867229 0.005511375 0.009514481 0.0001327705 0.005514229 0.009511261 0.0001324043 0.005514229 0.009511261 0.009867603 0.005517128 0.008641388 3.814697e-09 0.005517128 0.008641388 0.009999996 0.005519524 0.009504425 0.0001315346 0.005519524 0.009504425 0.009868465 0.005521706 0.006808792 3.814697e-09 0.005521706 0.006808792 0.009999996 0.005524223 0.009497177 0.0001304817 0.005524223 0.009497177 0.009869518 0.005527718 -0.007134933 3.814697e-09 0.005527718 -0.007134933 0.009999996 0.005528252 0.009489548 0.000129261 0.005528252 0.009489548 0.009870747 0.005531624 0.009481583 0.0001278648 0.005531624 0.009481583 0.009872135 0.005534294 0.009473358 0.0001263237 0.005534294 0.009473358 0.009873676 0.005536247 0.009464935 0.0001246452 0.005536247 0.009464935 0.009875362 0.005537453 0.00945639 0.0001228294 0.005537453 0.00945639 0.009877171 0.005544411 -0.00576712 -0.009700001 0.005544411 -0.00576712 3.814697e-09 0.00554612 0.008912201 3.814697e-09 0.00554612 0.008912201 0.009999996 0.005546349 0.008915604 3.814697e-09 0.005546349 0.008915604 0.009999996 0.005552925 0.009184464 6.233597e-05 0.005552925 0.009184464 0.009937664 0.005560371 0.006793518 3.814697e-09 0.005560371 0.006793518 0.009999996 0.005563942 -0.007155334 3.814697e-09 0.005563942 -0.007155334 0.009999996 0.005598366 -0.007178665 3.814697e-09 0.005598366 -0.007178665 0.009999996 0.005600182 0.006781509 3.814697e-09 0.005600182 0.006781509 0.009999996 0.005640831 0.006772858 3.814697e-09 0.005640831 0.006772858 0.009999996 0.005643044 0.005670624 -0.009700001 0.005643044 0.005670624 3.814697e-09 0.005682076 0.006767593 3.814697e-09 0.005682076 0.006767593 0.009999996 0.005723625 0.006765793 3.814697e-09 0.005723625 0.006765793 0.009999996 0.00576516 0.006767441 3.814697e-09 0.00576516 0.006767441 0.009999996 0.005770363 -0.007315796 3.814697e-09 0.005770363 -0.007315796 0.009999996 0.00580619 -0.005057495 -0.009999996 0.005806419 0.006772537 3.814697e-09 0.005806419 0.006772537 0.009999996 0.005847115 0.006781036 3.814697e-09 0.005847115 0.006781036 0.009999996 0.005886971 0.006792892 3.814697e-09 0.005886971 0.006792892 0.009999996 0.005892555 0.004956589 -0.009999996 0.005925697 0.006808014 3.814697e-09 0.005925697 0.006808014 0.009999996 0.005932091 -0.007464859 3.814697e-09 0.005932091 -0.007464859 0.009999996 0.00596302 0.006826309 3.814697e-09 0.00596302 0.006826309 0.009999996 0.005998711 0.006847641 3.814697e-09 0.005998711 0.006847641 0.009999996 0.006032402 -0.005254532 -0.009700001 0.006032402 -0.005254532 3.814697e-09 0.006082787 -0.007625122 3.814697e-09 0.006082787 -0.007625122 0.009999996 0.006122124 0.005149704 -0.009700001 0.006122124 0.005149704 3.814697e-09 0.006125984 -0.007670853 3.814697e-09 0.006125984 -0.007670853 0.009999996 0.0061726 -0.007713135 3.814697e-09 0.0061726 -0.007713135 0.009999996 0.006178246 0.006974747 3.814697e-09 0.006178246 0.006974747 0.009999996 0.006222328 -0.007751663 3.814697e-09 0.006222328 -0.007751663 0.009999996 0.006230461 -0.004524536 -0.009999996 0.006274879 -0.00778627 3.814697e-09 0.006274879 -0.00778627 0.009999996 0.006307564 0.004416412 -0.009999996 0.006348244 0.007114334 3.814697e-09 0.006348244 0.007114334 0.009999996 0.006473198 -0.004700821 -0.009700001 0.006473198 -0.004700821 3.814697e-09 0.00650782 0.007265732 3.814697e-09 0.00650782 0.007265732 0.009999996 0.006513573 -0.00791745 3.814697e-09 0.006513573 -0.00791745 0.009999996 0.006553307 0.00458847 -0.009700001 0.006553307 0.00458847 3.814697e-09 0.006553566 0.007308929 3.814697e-09 0.006553566 0.007308929 0.009999996 0.006602501 0.00734848 3.814697e-09 0.006602501 0.00734848 0.009999996 0.006605949 -0.003956192 -0.009999996 0.00665435 0.007384125 3.814697e-09 0.00665435 0.007384125 0.009999996 0.006673195 0.00384166 -0.009999996 0.006708794 0.007415665 3.814697e-09 0.006708794 0.007415665 0.009999996 0.006762169 -0.008028717 3.814697e-09 0.006762169 -0.008028717 0.009999996 0.006765343 -0.008029968 3.814697e-09 0.006765343 -0.008029968 0.009999996 0.0067658 -0.005723618 3.814697e-09 0.0067658 -0.005723618 0.009999996 0.006767433 -0.005765167 3.814697e-09 0.006767433 -0.005765167 0.009999996 0.006767601 -0.005682083 3.814697e-09 0.006767601 -0.005682083 0.009999996 0.00677253 -0.005806427 3.814697e-09 0.00677253 -0.005806427 0.009999996 0.006772865 -0.005640839 3.814697e-09 0.006772865 -0.005640839 0.009999996 0.006781044 -0.005847122 3.814697e-09 0.006781044 -0.005847122 0.009999996 0.006781517 -0.005600174 3.814697e-09 0.006781517 -0.005600174 0.009999996 0.0067929 -0.005886963 3.814697e-09 0.0067929 -0.005886963 0.009999996 0.006793526 -0.005560379 3.814697e-09 0.006793526 -0.005560379 0.009999996 0.006808022 -0.00592569 3.814697e-09 0.006808022 -0.00592569 0.009999996 0.0068088 -0.005521713 3.814697e-09 0.0068088 -0.005521713 0.009999996 0.006826317 -0.005963043 3.814697e-09 0.006826317 -0.005963043 0.009999996 0.006827232 -0.005484436 3.814697e-09 0.006827232 -0.005484436 0.009999996 0.006847649 -0.005998718 3.814697e-09 0.006847649 -0.005998718 0.009999996 0.006848686 -0.005448837 3.814697e-09 0.006848686 -0.005448837 0.009999996 0.006863319 -0.004110336 -0.009700001 0.006863319 -0.004110336 3.814697e-09 0.006873039 -0.005415131 3.814697e-09 0.006873039 -0.005415131 0.009999996 0.006929756 -0.003356873 -0.009999996 0.006933205 0.003991348 -0.009700001 0.006933205 0.003991348 3.814697e-09 0.006954567 0.00753302 3.814697e-09 0.006954567 0.00753302 0.009999996 0.006974739 -0.006178253 3.814697e-09 0.006974739 -0.006178253 0.009999996 0.006984749 -0.005270279 3.814697e-09 0.006984749 -0.005270279 0.009999996 0.006986626 0.003236847 -0.009999996 0.007011147 -0.005238159 3.814697e-09 0.007011147 -0.005238159 0.009999996 0.00701902 -0.008119293 6.233597e-05 0.00701902 -0.008119293 0.009937664 0.007040123 -0.005208359 3.814697e-09 0.007040123 -0.005208359 0.009999996 0.00707148 -0.005181046 3.814697e-09 0.00707148 -0.005181046 0.009999996 0.007080696 0.005286804 3.814697e-09 0.007080696 0.005286804 0.009999996 0.007081261 0.005328384 3.814697e-09 0.007081261 0.005328384 0.009999996 0.00708358 0.005245331 3.814697e-09 0.00708358 0.005245331 0.009999996 0.007085258 0.005369751 3.814697e-09 0.007085258 0.005369751 0.009999996 0.007089897 0.005204239 3.814697e-09 0.007089897 0.005204239 0.009999996 0.007092705 0.00541066 3.814697e-09 0.007092705 0.00541066 0.009999996 0.007099632 0.005163818 3.814697e-09 0.007099632 0.005163818 0.009999996 0.007103523 0.005450806 3.814697e-09 0.007103523 0.005450806 0.009999996 0.007104988 -0.005156433 3.814697e-09 0.007104988 -0.005156433 0.009999996 0.007112663 0.005124329 3.814697e-09 0.007112663 0.005124329 0.009999996 0.007114357 -0.006348236 3.814697e-09 0.007114357 -0.006348236 0.009999996 0.007117622 0.005489914 3.814697e-09 0.007117622 0.005489914 0.009999996 0.007128944 0.00508609 3.814697e-09 0.007128944 0.00508609 0.009999996 0.007134941 0.00552771 3.814697e-09 0.007134941 0.00552771 0.009999996 0.007140434 -0.005134689 3.814697e-09 0.007140434 -0.005134689 0.009999996 0.007148338 0.005049301 3.814697e-09 0.007148338 0.005049301 0.009999996 0.007155327 0.00556395 3.814697e-09 0.007155327 0.00556395 0.009999996 0.007170738 0.005014282 3.814697e-09 0.007170738 0.005014282 0.009999996 0.007177559 -0.005115997 3.814697e-09 0.007177559 -0.005115997 0.009999996 0.007178658 0.005598358 3.814697e-09 0.007178658 0.005598358 0.009999996 0.007199318 -0.002731293 -0.009999996 0.00719973 -0.003487656 -0.009700001 0.00719973 -0.003487656 3.814697e-09 0.007209114 0.007629929 3.814697e-09 0.007209114 0.007629929 0.009999996 0.00720977 -0.007633438 3.814697e-09 0.00720977 -0.007633438 0.009999996 0.007212334 0.007630997 3.814697e-09 0.007212334 0.007630997 0.009999996 0.007216118 -0.005100418 3.814697e-09 0.007216118 -0.005100418 0.009999996 0.007245354 0.002606705 -0.009999996 0.007255821 -0.00508812 3.814697e-09 0.007255821 -0.00508812 0.009999996 0.007258812 0.003362961 -0.009700001 0.007258812 0.003362961 3.814697e-09 0.007265739 -0.006507828 3.814697e-09 0.007265739 -0.006507828 0.009999996 0.007273994 0.004863281 3.814697e-09 0.007273994 0.004863281 0.009999996 0.007282387 -0.008188614 0.0001228294 0.007282387 -0.008188614 0.009877171 0.007290901 -0.008190109 0.0001246452 0.007290901 -0.008190109 0.009875362 0.00729641 -0.005079147 3.814697e-09 0.00729641 -0.005079147 0.009999996 0.007298515 0.004829712 3.814697e-09 0.007298515 0.004829712 0.009999996 0.007299507 -0.008190857 0.0001263237 0.007299507 -0.008190857 0.009873676 0.007308159 -0.008190872 0.0001278648 0.007308159 -0.008190872 0.009872135 0.007308952 -0.006553558 3.814697e-09 0.007308952 -0.006553558 0.009999996 0.007315804 0.00577034 3.814697e-09 0.007315804 0.00577034 0.009999996 0.007316765 -0.008190125 0.000129261 0.007316765 -0.008190125 0.009870747 0.007325279 -0.008188629 0.0001304817 0.007325279 -0.008188629 0.009869518 0.007325737 0.004798294 3.814697e-09 0.007325737 0.004798294 0.009999996 0.007333641 -0.008186432 0.0001315346 0.007333641 -0.008186432 0.009868465 0.007337608 -0.005073593 3.814697e-09 0.007337608 -0.005073593 0.009999996 0.007341759 -0.008183502 0.0001324043 0.007341759 -0.008183502 0.009867603 0.007345711 -0.008181778 0.0001327705 0.007345741 -0.008181778 0.009867229 0.007348488 -0.006602509 3.814697e-09 0.007348488 -0.006602509 0.009999996 0.007349617 -0.008179886 0.000133091 0.007349617 -0.008179886 0.009866917 0.007353416 -0.008177826 0.009866642 0.007353416 -0.008177811 0.000133358 0.007355492 0.004769241 3.814697e-09 0.007355492 0.004769241 0.009999996 0.007357124 -0.008175613 0.0001335793 0.007357124 -0.008175613 0.009866428 0.007360725 -0.008173218 0.0001337547 0.007360725 -0.008173218 0.009866253 0.007364235 -0.008170685 0.0001338768 0.007364235 -0.008170685 0.009866131 0.007367592 -0.008167999 0.009866055 0.007367607 -0.008167999 0.0001339455 0.007370888 -0.008165176 0.000133976 0.007370888 -0.008165176 0.009866032 0.007379143 -0.005071457 3.814697e-09 0.007379143 -0.005071457 0.009999996 0.007384132 -0.006654343 3.814697e-09 0.007384132 -0.006654343 0.009999996 0.00738755 0.004742783 3.814697e-09 0.00738755 0.004742783 0.009999996 0.007412544 -0.00208432 -0.009999996 0.007415672 -0.006708801 3.814697e-09 0.007415672 -0.006708801 0.009999996 0.007420692 -0.0050728 3.814697e-09 0.007420692 -0.0050728 0.009999996 0.007421684 0.004719055 3.814697e-09 0.007421684 0.004719055 0.009999996 0.00744738 0.001956177 -0.009999996 0.007457695 0.004698257 3.814697e-09 0.007457695 0.004698257 0.009999996 0.007461998 -0.005077576 3.814697e-09 0.007461998 -0.005077576 0.009999996 0.007464867 0.005932098 3.814697e-09 0.007464867 0.005932098 0.009999996 0.007470695 0.007705704 6.233597e-05 0.007470695 0.007705704 0.009937664 0.007479805 -0.002837692 -0.009700001 0.007479805 -0.002837692 3.814697e-09 0.007495277 0.004680511 3.814697e-09 0.007495277 0.004680511 0.009999996 0.007502754 -0.00508577 3.814697e-09 0.007502754 -0.00508577 0.009999996 0.007527641 0.002708267 -0.009700001 0.007527641 0.002708267 3.814697e-09 0.007533028 -0.006954575 3.814697e-09 0.007533028 -0.006954575 0.009999996 0.007534233 0.004665939 3.814697e-09 0.007534233 0.004665939 0.009999996 0.007542686 -0.005097321 3.814697e-09 0.007542686 -0.005097321 0.009999996 0.007553093 -0.007996933 0.000133976 0.007553093 -0.007996933 0.009866032 0.007567741 -0.001421051 -0.009999996 0.007574242 0.004654678 3.814697e-09 0.007574242 0.004654678 0.009999996 0.007591118 0.001290314 -0.009999996 0.007615059 0.00464679 3.814697e-09 0.007615059 0.00464679 0.009999996 0.007625114 0.006082779 3.814697e-09 0.007625114 0.006082779 0.009999996 0.007629921 -0.007209106 3.814697e-09 0.007629921 -0.007209106 0.009999996 0.007631004 -0.007212357 3.814697e-09 0.007631004 -0.007212357 0.009999996 0.00763343 0.007209747 3.814697e-09 0.00763343 0.007209747 0.009999996 0.007656395 0.004642303 3.814697e-09 0.007656395 0.004642303 0.009999996 0.007663719 -0.0007466431 -0.009999996 0.00767086 0.006125992 3.814697e-09 0.00767086 0.006125992 0.009999996 0.007675453 0.0006143494 -0.009999996 0.00769796 0.004641251 3.814697e-09 0.00769796 0.004641251 0.009999996 0.007699715 -6.640625e-05 -0.009999996 0.007701332 -0.002165543 -0.009700001 0.007701332 -0.002165543 3.814697e-09 0.007705711 -0.007470703 6.233597e-05 0.007705711 -0.007470703 0.009937664 0.007713127 0.006172592 3.814697e-09 0.007713127 0.006172592 0.009999996 0.007731453 -0.007824631 0.000133976 0.007731453 -0.007824631 0.009866032 0.007734459 -0.007821503 0.0001339455 0.007734459 -0.007821503 0.009866055 0.007737328 -0.007818298 0.0001338768 0.007737328 -0.007818298 0.009866131 0.007737526 0.002032379 -0.009700001 0.007737526 0.002032379 3.814697e-09 0.007737602 0.007759888 0.0001228294 0.007737602 0.007759888 0.009877171 0.007739464 0.004643661 3.814697e-09 0.007739464 0.004643661 0.009999996 0.007740059 -0.007814941 0.0001337547 0.007740059 -0.007814941 0.009866253 0.007742638 -0.007811462 0.0001335793 0.007742638 -0.007811462 0.009866428 0.007745079 -0.007807907 0.000133358 0.007745079 -0.007807907 0.009866642 0.007746193 0.007760895 0.0001246452 0.007746193 0.007760895 0.009875362 0.007747337 -0.00780423 0.000133091 0.007747337 -0.00780423 0.009866917 0.007748634 -0.005174606 3.814697e-09 0.007748634 -0.005174606 0.009999996 0.007749458 -0.007800461 0.0001327705 0.007749458 -0.007800446 0.009867237 0.007751411 -0.0077966 0.0001324043 0.007751411 -0.0077966 0.009867603 0.007751671 0.006222321 3.814697e-09 0.007751671 0.006222321 0.009999996 0.007754784 -0.007788635 0.0001315346 0.007754784 -0.007788635 0.009868465 0.007754829 0.007761154 0.0001263237 0.007754829 0.007761154 0.009873676 0.007757469 -0.007780426 0.0001304817 0.007757469 -0.007780426 0.009869518 0.007759438 -0.007772003 0.000129261 0.007759438 -0.007772003 0.009870747 0.007759895 -0.00773761 0.0001228294 0.007759895 -0.00773761 0.009877171 0.007760674 -0.007763474 0.0001278648 0.007760674 -0.007763474 0.009872135 0.007760902 -0.007746201 0.0001246452 0.007760902 -0.007746201 0.009875362 0.007761147 -0.007754837 0.0001263237 0.007761147 -0.007754837 0.009873676 0.007763466 0.007760666 0.0001278648 0.007763466 0.007760666 0.009872135 0.007772011 0.00775943 0.000129261 0.007772011 0.00775943 0.009870747 0.007780434 0.007757462 0.0001304817 0.007780434 0.007757462 0.009869518 0.007780632 0.004649521 3.814697e-09 0.007780632 0.004649521 0.009999996 0.007786263 0.006274887 3.814697e-09 0.007786263 0.006274887 0.009999996 0.007788643 0.007754776 0.0001315346 0.007788643 0.007754776 0.009868465 0.007796593 0.007751389 0.0001324043 0.007796593 0.007751389 0.009867603 0.007800438 0.007749466 0.009867237 0.007800453 0.007749451 0.0001327705 0.007804222 0.007747345 0.000133091 0.007804222 0.007747345 0.009866917 0.007807899 0.007745056 0.000133358 0.007807899 0.007745056 0.009866642 0.00781147 0.00774263 0.0001335793 0.00781147 0.00774263 0.009866428 0.007814934 0.007740051 0.0001337547 0.007814934 0.007740051 0.009866253 0.007818275 0.007737335 0.0001338768 0.007818275 0.007737335 0.009866131 0.007821159 0.004658798 3.814697e-09 0.007821159 0.004658798 0.009999996 0.007821495 0.007734467 0.0001339455 0.00782151 0.007734467 0.009866055 0.007824608 0.007731445 0.000133976 0.007824608 0.007731445 0.009866032 0.007862587 -0.00147641 -0.009700001 0.007862587 -0.00147641 3.814697e-09 0.007886879 0.001340576 -0.009700001 0.007886879 0.001340576 3.814697e-09 0.007917442 0.00651355 3.814697e-09 0.007917442 0.00651355 0.009999996 0.00794854 -0.005266388 3.814697e-09 0.00794854 -0.005266388 0.009999996 0.007962303 -0.0007757416 -0.009700001 0.007962303 -0.0007757416 3.814697e-09 0.007974495 0.0006382904 -0.009700001 0.007974495 0.0006382904 3.814697e-09 0.007996925 0.00755307 0.000133976 0.007996925 0.00755307 0.009866032 0.007999702 -6.898499e-05 -0.009700001 0.007999702 -6.898499e-05 3.814697e-09 0.008028694 0.006762146 3.814697e-09 0.008028694 0.006762146 0.009999996 0.008029961 0.00676532 3.814697e-09 0.008029961 0.00676532 0.009999996 0.008031181 0.004724197 3.814697e-09 0.008031181 0.004724197 0.009999996 0.008119286 0.007018997 6.233597e-05 0.008119286 0.007018997 0.009937664 0.008141365 -0.005372238 3.814697e-09 0.008141365 -0.005372238 0.009999996 0.008165184 0.00737088 0.000133976 0.008165184 0.00737088 0.009866032 0.008168007 0.007367599 0.0001339455 0.008168007 0.007367599 0.009866055 0.008170677 0.007364212 0.0001338768 0.008170677 0.007364212 0.009866131 0.00817321 0.007360718 0.0001337547 0.00817321 0.007360718 0.009866253 0.008175591 0.007357117 0.0001335793 0.008175591 0.007357117 0.009866428 0.008177818 0.007353394 0.009866642 0.008177818 0.007353409 0.000133358 0.008179283 -0.003188919 3.814697e-09 0.008179283 -0.003188919 0.009999996 0.008179878 0.007349594 0.000133091 0.008179878 0.007349594 0.009866917 0.008180153 -0.003230499 3.814697e-09 0.008180153 -0.003230499 0.009999996 0.00818177 0.007345734 0.009867229 0.008181786 0.007345718 0.0001327705 0.008181862 -0.003147415 3.814697e-09 0.008181862 -0.003147415 0.009999996 0.008183495 0.007341766 0.0001324043 0.008183495 0.007341766 0.009867603 0.008184471 -0.003271835 3.814697e-09 0.008184471 -0.003271835 0.009999996 0.008186409 0.007333633 0.0001315346 0.008186409 0.007333633 0.009868465 0.008187874 -0.003106293 3.814697e-09 0.008187874 -0.003106293 0.009999996 0.008188606 0.007282394 0.0001228294 0.008188606 0.007282394 0.009877171 0.008188637 0.007325272 0.0001304817 0.008188637 0.007325272 0.009869518 0.008190102 0.007290909 0.0001246452 0.008190102 0.007290909 0.009875362 0.008190117 0.007316757 0.000129261 0.008190117 0.007316757 0.009870747 0.008190849 0.0072995 0.0001263237 0.008190849 0.0072995 0.009873676 0.008190849 0.007308151 0.0001278648 0.008190849 0.007308151 0.009872135 0.008192223 -0.003312683 3.814697e-09 0.008192223 -0.003312683 0.009999996 0.008196587 -0.00540239 3.814697e-09 0.008196587 -0.00540239 0.009999996 0.008197273 -0.003065796 3.814697e-09 0.008197273 -0.003065796 0.009999996 0.008203346 -0.003352737 3.814697e-09 0.008203346 -0.003352737 0.009999996 0.00821003 -0.003026215 3.814697e-09 0.00821003 -0.003026215 0.009999996 0.008217751 -0.003391739 3.814697e-09 0.008217751 -0.003391739 0.009999996 0.008235344 -0.003429413 3.814697e-09 0.008235344 -0.003429413 0.009999996 0.008235985 0.004804443 3.814697e-09 0.008235985 0.004804443 0.009999996 0.008253975 -0.005428192 3.814697e-09 0.008253975 -0.005428192 0.009999996 0.00825602 -0.003465485 3.814697e-09 0.00825602 -0.003465485 0.009999996 0.008271507 -0.002853928 3.814697e-09 0.008271507 -0.002853928 0.009999996 0.00827961 -0.003499725 3.814697e-09 0.00827961 -0.003499725 0.009999996 0.00828669 -0.002815231 3.814697e-09 0.00828669 -0.002815231 0.009999996 0.008305031 -0.002777908 3.814697e-09 0.008305031 -0.002777908 0.009999996 0.008305946 -0.003531876 3.814697e-09 0.008305946 -0.003531876 0.009999996 0.008313179 -0.005449478 3.814697e-09 0.008313179 -0.005449478 0.009999996 0.008326408 -0.002742249 3.814697e-09 0.008326408 -0.002742249 0.009999996 0.008334892 -0.003561737 3.814697e-09 0.008334892 -0.003561737 0.009999996 0.008347847 0.002717178 3.814697e-09 0.008347847 0.002717178 0.009999996 0.008348061 0.002675598 3.814697e-09 0.008348061 0.002675598 0.009999996 0.00835067 -0.002708511 3.814697e-09 0.00835067 -0.002708511 0.009999996 0.008351097 0.002758621 3.814697e-09 0.008351097 0.002758621 0.009999996 0.008351707 0.002634186 3.814697e-09 0.008351707 0.002634186 0.009999996 0.00835778 0.002799667 3.814697e-09 0.00835778 0.002799667 0.009999996 0.008358803 0.002593231 3.814697e-09 0.008358803 0.002593231 0.009999996 0.008366203 -0.003589081 3.814697e-09 0.008366203 -0.003589081 0.009999996 0.008367851 0.002839996 3.814697e-09 0.008367851 0.002839996 0.009999996 0.00836927 0.002552994 3.814697e-09 0.00836927 0.002552994 0.009999996 0.008373863 -0.005466125 3.814697e-09 0.008373863 -0.005466125 0.009999996 0.008377678 -0.00267688 3.814697e-09 0.008377678 -0.00267688 0.009999996 0.008381233 0.002879364 3.814697e-09 0.008381233 0.002879364 0.009999996 0.008397835 0.00291748 3.814697e-09 0.008397835 0.00291748 0.009999996 0.008407188 -0.002647598 3.814697e-09 0.008407188 -0.002647598 0.009999996 0.008417549 0.002954086 3.814697e-09 0.008417549 0.002954086 0.009999996 0.008420815 0.002377472 3.814697e-09 0.008420815 0.002377472 0.009999996 0.008433754 0.002337967 3.814697e-09 0.008433754 0.002337967 0.009999996 0.008434532 0.004899109 3.814697e-09 0.008434532 0.004899109 0.009999996 0.008439049 -0.00262088 3.814697e-09 0.008439049 -0.00262088 0.009999996 0.008440239 0.002988922 3.814697e-09 0.008440239 0.002988922 0.009999996 0.008449959 0.002299667 3.814697e-09 0.008449959 0.002299667 0.009999996 0.008465752 0.003021759 3.814697e-09 0.008465752 0.003021759 0.009999996 0.008469276 0.002262848 3.814697e-09 0.008469276 0.002262848 0.009999996 0.008473015 -0.002596909 3.814697e-09 0.008473015 -0.002596909 0.009999996 0.008491402 0.004926056 3.814697e-09 0.008491402 0.004926056 0.009999996 0.00849157 0.002227753 3.814697e-09 0.00849157 0.002227753 0.009999996 0.008493889 0.003052353 3.814697e-09 0.008493889 0.003052353 0.009999996 0.008508842 -0.002575836 3.814697e-09 0.008508842 -0.002575836 0.009999996 0.008516716 0.002194641 3.814697e-09 0.008516716 0.002194641 0.009999996 0.008524483 0.003080505 3.814697e-09 0.008524483 0.003080505 0.009999996 0.008542564 -0.003720551 3.814697e-09 0.008542564 -0.003720551 0.009999996 0.008544518 0.002163742 3.814697e-09 0.008544518 0.002163742 0.009999996 0.008546303 -0.002557816 3.814697e-09 0.008546303 -0.002557816 0.009999996 0.008550148 0.004948547 3.814697e-09 0.008550148 0.004948547 0.009999996 0.008557304 0.003106033 3.814697e-09 0.008557304 0.003106033 0.009999996 0.008574806 0.002135254 3.814697e-09 0.008574806 0.002135254 0.009999996 0.008585136 -0.002542969 3.814697e-09 0.008585136 -0.002542969 0.009999996 0.008607338 0.00210939 3.814697e-09 0.008607338 0.00210939 0.009999996 0.008610481 0.004966415 3.814697e-09 0.008610481 0.004966415 0.009999996 0.008625069 -0.002531387 3.814697e-09 0.008625069 -0.002531387 0.009999996 0.008641396 -0.005517136 3.814697e-09 0.008641396 -0.005517136 0.009999996 0.008641914 0.002086304 3.814697e-09 0.008641914 0.002086304 0.009999996 0.008665825 -0.002523178 3.814697e-09 0.008665825 -0.002523178 0.009999996 0.008672005 0.004979584 3.814697e-09 0.008672005 0.004979584 0.009999996 0.008678291 0.002066177 3.814697e-09 0.008678291 0.002066177 0.009999996 0.008707115 -0.002518387 3.814697e-09 0.008707115 -0.002518387 0.009999996 0.008716209 0.002049118 3.814697e-09 0.008716209 0.002049118 0.009999996 0.008727867 -0.003839081 3.814697e-09 0.008727867 -0.003839081 0.009999996 0.008740868 0.003227219 3.814697e-09 0.008740868 0.003227219 0.009999996 0.00874334 -0.0003410645 3.814697e-09 0.00874334 -0.0003410645 0.009999996 0.008743462 -0.0003826447 3.814697e-09 0.008743462 -0.0003826447 0.009999996 0.008747032 -0.0004240723 3.814697e-09 0.008747032 -0.0004240723 0.009999996 0.008748573 -0.0001582184 3.814697e-09 0.008748573 -0.0001582184 0.009999996 0.00874868 -0.002517029 3.814697e-09 0.00874868 -0.002517029 0.009999996 0.008751045 -0.0001167145 3.814697e-09 0.008751045 -0.0001167145 0.009999996 0.008754021 -0.0004650421 3.814697e-09 0.008754021 -0.0004650421 0.009999996 0.008755409 0.002035294 3.814697e-09 0.008755409 0.002035294 0.009999996 0.008756966 -7.556152e-05 3.814697e-09 0.008756966 -7.556152e-05 0.009999996 0.008764381 -0.0005053101 3.814697e-09 0.008764381 -0.0005053101 0.009999996 0.008766273 -3.504944e-05 3.814697e-09 0.008766273 -3.504944e-05 0.009999996 0.008778069 -0.0005445709 3.814697e-09 0.008778069 -0.0005445709 0.009999996 0.008778923 4.562378e-06 3.814697e-09 0.008778923 4.562378e-06 0.009999996 0.008794823 4.298401e-05 3.814697e-09 0.008794823 4.298401e-05 0.009999996 0.00879496 -0.00058255 3.814697e-09 0.00879496 -0.00058255 0.009999996 0.008795647 0.00202478 3.814697e-09 0.008795647 0.00202478 0.009999996 0.008813866 7.99408e-05 3.814697e-09 0.008813866 7.99408e-05 0.009999996 0.008814949 -0.0006190033 3.814697e-09 0.008814949 -0.0006190033 0.009999996 0.008835915 0.0001151886 3.814697e-09 0.008835915 0.0001151886 0.009999996 0.008836601 0.002017624 3.814697e-09 0.008836601 0.002017624 0.009999996 0.008837898 -0.0006536865 3.814697e-09 0.008837898 -0.0006536865 0.009999996 0.008860802 0.0001484985 3.814697e-09 0.008860802 0.0001484985 0.009999996 0.008863655 -0.0006863098 3.814697e-09 0.008863655 -0.0006863098 0.009999996 0.008878014 0.002013901 3.814697e-09 0.008878014 0.002013901 0.009999996 0.008888359 0.0001796112 3.814697e-09 0.008888359 0.0001796112 0.009999996 0.008892036 -0.0007166901 3.814697e-09 0.008892036 -0.0007166901 0.009999996 0.008912209 -0.005546127 3.814697e-09 0.008912209 -0.005546127 0.009999996 0.008915596 -0.005546356 3.814697e-09 0.008915596 -0.005546356 0.009999996 0.008918434 0.0002083282 3.814697e-09 0.008918434 0.0002083282 0.009999996 0.008921165 -0.003944061 3.814697e-09 0.008921165 -0.003944061 0.009999996 0.008922829 -0.0007446136 3.814697e-09 0.008922829 -0.0007446136 0.009999996 0.00893264 0.003334991 3.814697e-09 0.00893264 0.003334991 0.009999996 0.008942024 0.005015244 3.814697e-09 0.008942024 0.005015244 0.009999996 0.008950768 0.0002344513 3.814697e-09 0.008950768 0.0002344513 0.009999996 0.008955833 -0.0007698975 3.814697e-09 0.008955833 -0.0007698975 0.009999996 0.008968422 -0.002526871 3.814697e-09 0.008968422 -0.002526871 0.009999996 0.008976387 -0.003974228 3.814697e-09 0.008976387 -0.003974228 0.009999996 0.008985176 0.0002577972 3.814697e-09 0.008985176 0.0002577972 0.009999996 0.008990837 -0.0007923279 3.814697e-09 0.008990837 -0.0007923279 0.009999996 0.0090214 0.0002782135 3.814697e-09 0.0090214 0.0002782135 0.009999996 0.00902758 -0.0008117981 3.814697e-09 0.00902758 -0.0008117981 0.009999996 0.009029106 -0.004008545 3.814697e-09 0.009029106 -0.004008545 0.009999996 0.009059196 0.0002955322 3.814697e-09 0.009059196 0.0002955322 0.009999996 0.009065819 -0.000828125 3.814697e-09 0.009065819 -0.000828125 0.009999996 0.009079033 -0.004046844 3.814697e-09 0.009079033 -0.004046844 0.009999996 0.009097969 0.0020112 3.814697e-09 0.009097969 0.0020112 0.009999996 0.009098289 0.0003096466 3.814697e-09 0.009098289 0.0003096466 0.009999996 0.009125847 -0.004088867 3.814697e-09 0.009125847 -0.004088867 0.009999996 0.009131599 0.003428772 3.814697e-09 0.009131599 0.003428772 0.009999996 0.009184471 -0.005552917 6.233597e-05 0.009184471 -0.005552917 0.009937664 0.009186913 -0.002552414 3.814697e-09 0.009186913 -0.002552414 0.009999996 0.009188454 0.003455734 3.814697e-09 0.009188454 0.003455734 0.009999996 0.009214043 0.005028748 3.814697e-09 0.009214043 0.005028748 0.009999996 0.009215752 -0.005031891 3.814697e-09 0.009215752 -0.005031891 0.009999996 0.009217461 0.005028778 3.814697e-09 0.009217461 0.005028778 0.009999996 0.00924305 0.003487 3.814697e-09 0.00924305 0.003487 0.009999996 0.009274178 -0.0008986511 3.814697e-09 0.009274178 -0.0008986511 0.009999996 0.009295082 0.003522385 3.814697e-09 0.009295082 0.003522385 0.009999996 0.009310341 0.0003681793 3.814697e-09 0.009310341 0.0003681793 0.009999996 0.009313408 -0.004286362 3.814697e-09 0.009313408 -0.004286362 0.009999996 0.009317543 0.002024231 3.814697e-09 0.009317543 0.002024231 0.009999996 0.009344215 0.003561676 3.814697e-09 0.009344215 0.003561676 0.009999996 0.009403008 -0.002593475 3.814697e-09 0.009403008 -0.002593475 0.009999996 0.009456398 -0.00553746 0.0001228294 0.009456398 -0.00553746 0.009877171 0.009464851 -0.002605087 3.814697e-09 0.009464851 -0.002605087 0.009999996 0.009464943 -0.00553624 0.0001246452 0.009464943 -0.00553624 0.009875362 0.009473366 -0.005534286 0.0001263237 0.009473366 -0.005534286 0.009873676 0.009481575 -0.005531631 0.0001278648 0.009481575 -0.005531631 0.009872135 0.009484215 -0.004498489 3.814697e-09 0.009484215 -0.004498489 0.009999996 0.009486244 -0.004501236 3.814697e-09 0.009486244 -0.004501236 0.009999996 0.009486259 0.005020004 6.233597e-05 0.009486259 0.005020004 0.009937664 0.009487038 -0.0009541168 3.814697e-09 0.009487038 -0.0009541168 0.009999996 0.00948777 0.004498032 3.814697e-09 0.00948777 0.004498032 0.009999996 0.00948954 -0.005528259 0.000129261 0.00948954 -0.005528259 0.009870747 0.009497185 -0.005524216 0.0001304817 0.009497185 -0.005524216 0.009869518 0.009504433 -0.005519531 0.0001315346 0.009504433 -0.005519531 0.009868465 0.009511269 -0.005514236 0.0001324043 0.009511269 -0.005514236 0.009867603 0.009514503 -0.005511383 0.0001327705 0.009514503 -0.005511368 0.009867229 0.009517616 -0.005508377 0.000133091 0.009517616 -0.005508377 0.009866917 0.009520592 -0.005505249 0.000133358 0.009520592 -0.005505249 0.009866642 0.00952343 -0.005501984 0.0001335793 0.00952343 -0.005501984 0.009866428 0.009525993 0.0004114227 3.814697e-09 0.009525993 0.0004114227 0.009999996 0.009526115 -0.005498611 0.0001337547 0.009526115 -0.005498611 0.009866253 0.009527397 -0.002611893 3.814697e-09 0.009527397 -0.002611893 0.009999996 0.009528664 -0.005495117 0.0001338768 0.009528664 -0.005495117 0.009866131 0.009531059 -0.005491531 0.009866055 0.009531059 -0.005491516 0.0001339455 0.009533302 -0.005487823 0.000133976 0.009533302 -0.005487823 0.009866032 0.009535622 0.002052902 3.814697e-09 0.009535622 0.002052902 0.009999996 0.009542732 0.003748138 3.814697e-09 0.009542732 0.003748138 0.009999996 0.009590279 -0.002613846 3.814697e-09 0.009590279 -0.002613846 0.009999996 0.00959803 0.002060974 3.814697e-09 0.00959803 0.002060974 0.009999996 0.009637154 -0.004723877 6.233597e-05 0.009637154 -0.004723877 0.009937664 0.00965313 -0.002610931 3.814697e-09 0.00965313 -0.002610931 0.009999996 0.009654594 -0.0052715 0.000133976 0.009654594 -0.0052715 0.009866032 0.009660866 0.002064209 3.814697e-09 0.009660866 0.002064209 0.009999996 0.009703316 -0.0009942474 3.814697e-09 0.009703316 -0.0009942474 0.009999996 0.009723763 0.002062561 3.814697e-09 0.009723763 0.002062561 0.009999996 0.00972538 0.00395018 3.814697e-09 0.00972538 0.00395018 0.009999996 0.009727547 0.003952805 3.814697e-09 0.009727547 0.003952805 0.009999996 0.009744225 0.0004391479 3.814697e-09 0.009744225 0.0004391479 0.009999996 0.009756844 0.004989044 0.0001228294 0.009756844 0.004989044 0.009877171 0.009765144 -0.001005859 3.814697e-09 0.009765144 -0.001005859 0.009999996 0.009765312 0.00498735 0.0001246452 0.009765312 0.00498735 0.009875362 0.009770988 -0.005052521 0.000133976 0.009770988 -0.005052521 0.009866032 0.009771156 -0.004960968 0.0001228294 0.009771156 -0.004960968 0.009877171 0.009772896 -0.005048615 0.0001339455 0.009772896 -0.005048615 0.009866055 0.009773613 0.004984924 0.0001263237 0.009773613 0.004984924 0.009873676 0.00977462 -0.005044662 0.0001338768 0.00977462 -0.005044662 0.009866131 0.009774757 -0.004968811 0.0001246452 0.009774757 -0.004968811 0.009875362 0.009776176 -0.005040634 0.0001337547 0.009776176 -0.005040634 0.009866253 0.009777565 -0.005036545 0.0001335793 0.009777565 -0.005036545 0.009866428 0.009777687 -0.004976959 0.0001263237 0.009777687 -0.004976959 0.009873676 0.00977877 -0.005032394 0.000133358 0.00977877 -0.005032394 0.009866642 0.009779793 -0.005028198 0.000133091 0.009779793 -0.005028198 0.009866917 0.009779869 -0.004985306 0.0001278648 0.009779869 -0.004985306 0.009872135 0.009780632 -0.005023972 0.0001327705 0.009780647 -0.005023956 0.009867237 0.009781303 -0.005019684 0.0001324043 0.009781303 -0.005019684 0.009867603 0.009781349 -0.004993835 0.000129261 0.009781349 -0.004993835 0.009870747 0.009781654 0.004981796 0.0001278648 0.009781654 0.004981796 0.009872135 0.009782066 -0.005011078 0.0001315346 0.009782066 -0.005011078 0.009868465 0.009782082 -0.005002441 0.0001304817 0.009782082 -0.005002441 0.009869518 0.009786354 0.002056061 3.814697e-09 0.009786354 0.002056061 0.009999996 0.009789421 0.004977982 0.000129261 0.009789421 0.004977982 0.009870747 0.009796806 0.004973511 0.0001304817 0.009796806 0.004973511 0.009869518 0.009803795 0.004968414 0.0001315346 0.009803795 0.004968414 0.009868465 0.009806618 0.0004472046 3.814697e-09 0.009806618 0.0004472046 0.009999996 0.00981031 0.004962738 0.0001324043 0.00981031 0.004962738 0.009867603 0.009813362 0.004959702 0.009867237 0.009813377 0.004959671 0.0001327705 0.009816322 0.004956512 0.000133091 0.009816322 0.004956512 0.009866917 0.009819099 0.004953217 0.009866642 0.009819099 0.004953232 0.000133358 0.009821754 0.004949814 0.0001335793 0.009821754 0.004949814 0.009866428 0.009824242 0.004946289 0.0001337547 0.009824242 0.004946289 0.009866253 0.009825905 -0.001022202 3.814697e-09 0.009825905 -0.001022202 0.009999996 0.009826607 0.004942642 0.0001338768 0.009826607 0.004942642 0.009866131 0.009828773 0.004938934 0.0001339455 0.009828773 0.004938934 0.009866055 0.009830803 0.004935104 0.000133976 0.009830803 0.004935104 0.009866032 0.009868202 0.0004600677 3.814697e-09 0.009868202 0.0004600677 0.009999996 0.009885216 -0.001043198 3.814697e-09 0.009885216 -0.001043198 0.009999996 0.009890892 0.004166473 6.233597e-05 0.009890892 0.004166473 0.009937664 0.009923332 -0.002576782 3.814697e-09 0.009923332 -0.002576782 0.009999996 0.009928627 0.0004776459 3.814697e-09 0.009928627 0.0004776459 0.009999996 0.009939568 0.004712219 0.000133976 0.009939568 0.004712219 0.009866032 0.009942726 -0.00106871 3.814697e-09 0.009942726 -0.00106871 0.009999996 0.009987511 0.0004998322 3.814697e-09 0.009987511 0.0004998322 0.009999996 0.01003822 0.004395554 0.0001228294 0.01003822 0.004395554 0.009877171 0.01004226 0.004403183 0.0001246452 0.01004226 0.004403183 0.009875362 0.01004328 0.004486938 0.000133976 0.01004328 0.004486938 0.009866032 0.01004494 0.004482941 0.0001339455 0.01004494 0.004482941 0.009866055 0.01004563 0.004411133 0.0001263237 0.01004563 0.004411133 0.009873676 0.01004646 0.004478912 0.0001338768 0.01004646 0.004478912 0.009866131 0.01004778 0.004474792 0.0001337547 0.01004778 0.004474792 0.009866253 0.01004832 0.004419342 0.0001278648 0.01004832 0.004419342 0.009872135 0.01004893 0.004470642 0.0001335793 0.01004893 0.004470642 0.009866428 0.01004989 0.004466415 0.000133358 0.01004989 0.004466415 0.009866642 0.01005027 0.004427765 0.000129261 0.01005027 0.004427765 0.009870747 0.01005068 0.004462173 0.000133091 0.01005068 0.004462173 0.009866917 0.01005128 0.004457886 0.0001327705 0.01005128 0.004457901 0.009867229 0.01005149 0.004436325 0.0001304817 0.01005149 0.004436325 0.009869518 0.0100517 0.004453583 0.0001324043 0.0100517 0.004453583 0.009867603 0.01005196 0.004444946 0.0001315346 0.01005196 0.004444946 0.009868465 0.01005416 0.002006546 3.814697e-09 0.01005416 0.002006546 0.009999996 0.01018212 -0.001198563 3.814697e-09 0.01018212 -0.001198563 0.009999996 0.01018986 -0.00252066 3.814697e-09 0.01018986 -0.00252066 0.009999996 0.01019315 -0.002519821 3.814697e-09 0.01019315 -0.002519821 0.009999996 0.01023392 0.0006158295 3.814697e-09 0.01023392 0.0006158295 0.009999996 0.01031704 0.001935318 3.814697e-09 0.01031704 0.001935318 0.009999996 0.01031963 -0.00193779 3.814697e-09 0.01031963 -0.00193779 0.009999996 0.01032029 0.001934296 3.814697e-09 0.01032029 0.001934296 0.009999996 0.01041015 -0.001347534 3.814697e-09 0.01041015 -0.001347534 0.009999996 0.01041291 -0.001349518 3.814697e-09 0.01041291 -0.001349518 0.009999996 0.01041337 0.001345993 3.814697e-09 0.01041337 0.001345993 0.009999996 0.0104509 -0.002442978 6.233597e-05 0.0104509 -0.002442978 0.009937664 0.01047005 0.0007515411 3.814697e-09 0.01047005 0.0007515411 0.009999996 0.01047294 0.0007533569 3.814697e-09 0.01047294 0.0007533569 0.009999996 0.01057322 0.00184288 6.233597e-05 0.01057322 0.00184288 0.009937664 0.01062522 -0.001514618 6.233597e-05 0.01062522 -0.001514618 0.009937664 0.01069431 0.0009060822 6.233597e-05 0.01069431 0.0009060822 0.009937664 0.01070472 -0.002344238 0.0001228294 0.01070472 -0.002344238 0.009877171 0.01071249 -0.002340439 0.0001246452 0.01071249 -0.002340439 0.009875362 0.0107199 -0.002335983 0.0001263237 0.0107199 -0.002335983 0.009873676 0.01072689 -0.002330917 0.0001278648 0.01072689 -0.002330917 0.009872135 0.01073341 -0.002325256 0.000129261 0.01073341 -0.002325256 0.009870747 0.01073943 -0.002319061 0.0001304817 0.01073943 -0.002319061 0.009869518 0.01074488 -0.002312363 0.0001315346 0.01074488 -0.002312363 0.009868465 0.01074975 -0.002305206 0.0001324043 0.01074975 -0.002305206 0.009867603 0.01075193 -0.002301498 0.0001327705 0.01075195 -0.002301483 0.009867229 0.01075397 -0.002297668 0.000133091 0.01075397 -0.002297668 0.009866917 0.01075584 -0.002293777 0.009866642 0.01075584 -0.002293762 0.000133358 0.01075751 -0.002289795 0.0001335793 0.01075751 -0.002289795 0.009866428 0.01075904 -0.002285751 0.0001337547 0.01075904 -0.002285751 0.009866253 0.01076038 -0.002281647 0.0001338768 0.01076038 -0.002281647 0.009866131 0.01076156 -0.002277481 0.0001339455 0.01076156 -0.002277481 0.009866055 0.01076255 -0.00227327 0.000133976 0.01076255 -0.00227327 0.009866032 0.01081104 -0.002030075 0.000133976 0.01081104 -0.002030075 0.009866032 0.01082102 0.001729843 0.0001228294 0.01082102 0.001729843 0.009877171 0.01082595 -0.001698715 0.0001228294 0.01082595 -0.001698715 0.009877171 0.01082854 0.001725586 0.0001246452 0.01082854 0.001725586 0.009875362 0.01083181 -0.001705063 0.0001246452 0.01083181 -0.001705063 0.009875362 0.01083567 0.001720734 0.0001263237 0.01083567 0.001720734 0.009873676 0.01083707 -0.001711899 0.0001263237 0.01083707 -0.001711899 0.009873676 0.01084176 -0.001719177 0.0001278648 0.01084176 -0.001719177 0.009872135 0.01084238 0.001715256 0.0001278648 0.01084238 0.001715256 0.009872135 0.0108458 -0.001726822 0.000129261 0.0108458 -0.001726822 0.009870747 0.01084856 0.001709244 0.000129261 0.01084856 0.001709244 0.009870747 0.01084914 -0.001734772 0.0001304817 0.01084914 -0.001734772 0.009869518 0.0108518 -0.001742996 0.0001315346 0.0108518 -0.001742996 0.009868465 0.01085374 -0.001751419 0.0001324043 0.01085374 -0.001751419 0.009867603 0.01085407 -0.001785828 0.000133976 0.01085407 -0.001785828 0.009866032 0.01085421 0.001702698 0.0001304817 0.01085421 0.001702698 0.009869518 0.01085442 -0.001755692 0.0001327705 0.01085442 -0.001755676 0.009867237 0.01085468 -0.00178154 0.0001339455 0.01085468 -0.00178154 0.009866055 0.01085493 -0.001759964 0.000133091 0.01085493 -0.001759964 0.009866917 0.01085511 -0.001777237 0.0001338768 0.01085511 -0.001777237 0.009866131 0.01085526 -0.001764297 0.000133358 0.01085526 -0.001764297 0.009866642 0.01085535 -0.001772919 0.0001337547 0.01085535 -0.001772919 0.009866253 0.01085538 -0.0017686 0.0001335793 0.01085538 -0.0017686 0.009866428 0.01085929 0.001695694 0.0001315346 0.01085929 0.001695694 0.009868465 0.01086373 0.001688293 0.0001324043 0.01086373 0.001688293 0.009867603 0.0108657 0.001684464 0.009867237 0.01086572 0.001684433 0.0001327705 0.01086752 0.001680527 0.000133091 0.01086752 0.001680527 0.009866917 0.01086916 0.001676514 0.000133358 0.01086916 0.001676514 0.009866642 0.01087063 0.001672455 0.0001335793 0.01087063 0.001672455 0.009866428 0.01087191 0.001668335 0.0001337547 0.01087191 0.001668335 0.009866253 0.01087302 0.001664154 0.0001338768 0.01087302 0.001664154 0.009866131 0.01087394 0.001659943 0.0001339455 0.01087394 0.001659943 0.009866055 0.01087469 0.00165567 0.000133976 0.01087469 0.00165567 0.009866032 0.0109052 0.00107843 0.0001228294 0.0109052 0.00107843 0.009877171 0.01090925 0.00141008 0.000133976 0.01090925 0.00141008 0.009866032 0.01091142 0.001084442 0.0001246452 0.01091142 0.001084442 0.009875362 0.01091708 0.001090958 0.0001263237 0.01091708 0.001090958 0.009873676 0.01092216 0.001097946 0.0001278648 0.01092216 0.001097946 0.009872135 0.01092661 0.001105362 0.000129261 0.01092661 0.001105362 0.009870747 0.01093043 0.001113113 0.0001304817 0.01093043 0.001113113 0.009869518 0.01093356 0.00112117 0.0001315346 0.01093356 0.00112117 0.009868465 0.01093597 0.001129471 0.0001324043 0.01093597 0.001129471 0.009867603 0.0109369 0.001133667 0.0001327705 0.0109369 0.001133698 0.009867229 0.01093764 0.001137955 0.000133091 0.01093764 0.001137955 0.009866917 0.01093821 0.001142227 0.009866642 0.01093821 0.001142242 0.000133358 0.01093826 0.001163803 0.000133976 0.01093826 0.001163803 0.009866032 0.01093861 0.00114653 0.0001335793 0.01093861 0.00114653 0.009866428 0.01093864 0.001159485 0.0001339455 0.01093864 0.001159485 0.009866055 0.01093879 0.001150848 0.0001337547 0.01093879 0.001150848 0.009866253 0.0109388 0.001155167 0.0001338768 0.0109388 0.001155167 0.009866131</float_array>
          <technique_common>
            <accessor count="4884" source="#cubeverts-array0-array" stride="3">
              <param type="float" name="X" />
              <param type="float" name="Y" />
              <param type="float" name="Z" />
            </accessor>
          </technique_common>
        </source>
        <source id="cubenormals-array0">
          <float_array count="29304" id="cubenormals-array0-array">0.8152357 -0.5791292 0 0.7893859 -0.6138974 0 0.7893858 -0.6138974 0 0.7369541 -0.6759427 0 0.7369541 -0.6759428 0 0.8152357 -0.5791292 0 0.8371433 -0.5469837 0 0.8371433 -0.5469837 0 0.8790513 -0.4767271 0 0.8790513 -0.4767271 0 0.9140913 -0.4055082 0 0.9140913 -0.4055082 0 0.9426765 -0.333708 0 0.9426765 -0.333708 0 0.965576 -0.2601213 0 0.965576 -0.2601213 0 0.982853 -0.1843911 0 0.982853 -0.1843911 0 -0.1404382 -0.9900894 0 -0.09564454 -0.9954155 -2.013927e-05 -0.1404381 -0.9900894 1.996004e-05 -0.09564491 -0.9954155 0 -0.05664649 -0.9983943 0 -0.0141321 -0.9999001 -1.883467e-05 -0.05664595 -0.9983943 1.887185e-05 -0.01413286 -0.9999001 0 0.03178605 -0.9994947 0 0.07750596 -0.9969919 -2.031972e-05 0.1166377 -0.9931746 2.041982e-05 0.03178709 -0.9994947 2.036866e-05 0.07750468 -0.996992 0 0.1162282 -0.9932225 0 0.16268 -0.9866788 -2.087254e-05 0.1621126 -0.9867722 0 0.222537 -0.9749243 0 0.2225371 -0.9749243 0 0.3093259 -0.950956 0 0.3093259 -0.9509561 0 0.3862427 -0.9223971 0 0.3862428 -0.9223972 0 0.4661831 -0.8846883 0 0.466183 -0.8846883 0 0.5420062 -0.8403745 0 0.5420063 -0.8403745 0 0.6121019 -0.7907789 0 0.6121018 -0.7907789 0 0.6774005 -0.7356145 0 0.6774004 -0.7356145 0 0.9832323 -0.1823575 0 0.9832323 -0.1823575 0 0.9676659 -0.2522355 0 0.9676659 -0.2522355 0 0.9472166 -0.3205943 0 0.9472166 -0.3205943 0 -0.1955837 -0.980687 0 -0.1955837 -0.980687 0 -0.1735115 -0.9848318 0 -0.1735115 -0.9848318 0 0.9196191 -0.3928114 0 0.9196191 -0.3928114 0 0.8836094 -0.4682249 0 0.8836094 -0.4682249 0 0.8419646 -0.5395327 0 0.8419646 -0.5395327 0 0.7940139 -0.6078997 0 0.7940139 -0.6078997 0 0.7409356 -0.6715761 0 0.7409356 -0.6715761 0 0.6824751 -0.7309088 0 0.6824751 -0.7309088 0 0.6192634 -0.7851834 0 0.6192634 -0.7851834 0 0.552156 -0.8337408 0 0.552156 -0.8337408 0 0.4809327 -0.8767576 0 0.4809327 -0.8767576 0 0.4063769 -0.9137056 0 0.4063769 -0.9137056 0 0.3291895 -0.9442639 0 0.3291895 -0.9442639 0 0.2492673 -0.9684348 0 0.2492673 -0.9684348 0 0.1680269 -0.9857824 0 0.1680269 -0.9857824 0 0.08590092 -0.9963037 0 0.08590092 -0.9963037 0 0.00220183 -0.9999976 0 0.00220183 -0.9999976 0 -0.5040902 -0.863651 0 -0.5640498 -0.8257407 0 -0.5640499 -0.8257407 0 -0.6300609 -0.7765457 0 -0.6300609 -0.7765457 0 -0.6973305 -0.7167498 0 -0.6973304 -0.7167498 0 -0.7548719 -0.6558723 0 -0.7548718 -0.6558723 0 -0.8094218 -0.5872276 0 -0.8094218 -0.5872276 0 -0.8567126 -0.515794 0 -0.8567126 -0.515794 0 -0.8986323 -0.4387024 0 -0.8986324 -0.4387025 0 -0.4711408 -0.882058 -1.677917e-05 -0.5071766 -0.8618422 1.987079e-05 -0.4682112 -0.8836165 0 -0.3943442 -0.9189628 -0 -0.4302083 -0.9027296 1.752505e-05 -0.394345 -0.9189625 -1.749669e-05 -0.4302073 -0.9027301 -0 -0.310923 -0.9504351 -0 -0.3499617 -0.936764 1.83507e-05 -0.3109235 -0.9504349 -1.834053e-05 -0.349961 -0.9367643 -0 -0.2292359 -0.9733709 -0 -0.2691048 -0.9631109 1.829835e-05 -0.229236 -0.9733709 -1.822491e-05 -0.2691045 -0.963111 -0 -0.02844546 -0.9995953 -0 -0.02844546 -0.9995953 -0 -0.9319773 -0.3625165 -0 -0.9319774 -0.3625166 -0 -0.9785367 -0.2060726 0 -0.9921011 -0.1254413 0 -0.9921011 -0.1254413 0 -0.9583136 -0.2857183 0 -0.9583136 -0.2857183 -0 -0.9693491 -0.2456876 0 -0.9693491 -0.2456876 -0 -0.9785367 -0.2060726 0 -0.05981916 -0.9982092 0 -0.05981916 -0.9982092 0 -0.1423975 -0.9898095 0 -0.1423975 -0.9898095 0 -0.223841 -0.9746256 0 -0.223841 -0.9746256 0 -0.3047491 -0.9524327 0 -0.3047491 -0.9524327 0 -0.3823734 -0.9240079 0 -0.3823734 -0.9240079 0 -0.457605 -0.8891556 0 -0.457605 -0.8891556 0 -0.5300649 -0.847957 0 -0.5300649 -0.847957 0 -0.5987666 -0.8009236 0 -0.5987666 -0.8009236 0 -0.6630411 -0.748583 0 -0.6630411 -0.748583 0 -0.7230722 -0.6907725 0 -0.7230722 -0.6907725 0 -0.7779964 -0.6282688 0 -0.7779964 -0.6282688 0 -0.8275062 -0.5614566 0 -0.8275062 -0.5614566 0 -0.8712322 -0.4908712 0 -0.8712322 -0.4908712 0 -0.9090301 -0.4167305 0 -0.9090301 -0.4167305 0 -0.9405735 -0.3395903 0 -0.9405735 -0.3395903 0 -0.9827815 0.1847716 0 -0.9827815 0.1847716 0 -0.9941558 0.1079549 0 -0.9941558 0.1079549 0 -0.9995183 0.03103793 0 -0.9995183 0.03103793 0 -0.9989383 -0.04606754 0 -0.9989383 -0.04606754 -0 -0.963946 -0.2660979 0 -0.963946 -0.2660979 0 -0.9804871 -0.196583 0 -0.9804871 -0.196583 0 -0.992024 -0.1260495 0 -0.992024 -0.1260495 0 -0.9989986 0.0447406 0 -0.9989986 0.0447406 0 -0.9932426 0.1160563 0 -0.9932426 0.1160563 0 -0.9824217 0.1866754 0 -0.9824217 0.1866754 0 -0.99177 -0.1280329 0 -0.99177 -0.1280329 -0 -0.9788754 -0.2044579 0 -0.9788754 -0.2044579 -0 -0.9602414 -0.279171 0 -0.9602414 -0.279171 -0 -0.9356999 -0.352797 0 -0.9356999 -0.352797 -0 -0.3652435 -0.930912 0 -0.3652435 -0.930912 0 -0.4410387 -0.8974881 0 -0.4410387 -0.8974881 0 -0.5141718 -0.8576871 0 -0.5141718 -0.8576871 0 -0.5839083 -0.8118196 0 -0.5839083 -0.8118196 0 -0.649309 -0.7605247 0 -0.649309 -0.7605247 0 -0.7102197 -0.7039801 0 -0.7102197 -0.7039801 0 -0.7660807 -0.6427443 0 -0.7660807 -0.6427443 0 -0.8168458 -0.5768561 0 -0.8168458 -0.5768561 0 -0.8620568 -0.5068116 0 -0.8620568 -0.5068116 0 -0.9011504 -0.4335066 0 -0.9011504 -0.4335066 0 -0.9340626 -0.3571092 0 -0.9340626 -0.3571092 0 -0.9605488 -0.2781115 0 -0.9605488 -0.2781115 0 -0.9802261 -0.1978808 0 -0.9802261 -0.1978808 0 -0.9932976 -0.1155851 0 -0.9932976 -0.1155851 0 -0.9994899 -0.03193376 0 -0.9994899 -0.03193376 0 -0.7743166 -0.6327984 -0 -0.7743167 -0.6327984 -0 -0.8670061 -0.4982974 0 -0.9047756 -0.4258888 0 -0.9047756 -0.4258888 0 -0.823147 -0.5678284 0 -0.8231469 -0.5678284 -0 -0.8442128 -0.5360081 0 -0.8442128 -0.5360081 -0 -0.8670061 -0.4982974 0 -0.336051 -0.9418437 -0 -0.336051 -0.9418437 -0 -0.2158065 -0.9764361 0 -0.2789152 -0.9603158 0 -0.2789152 -0.9603158 0 -0.361935 -0.9322034 0 -0.361935 -0.9322033 0 -0.4394316 -0.898276 0 -0.4394317 -0.898276 0 -0.5165755 -0.8562416 0 -0.5165755 -0.8562416 0 -0.5880667 -0.8088124 0 -0.5880666 -0.8088124 0 -0.6560041 -0.7547573 0 -0.6560041 -0.7547574 0 -0.7184883 -0.695539 0 -0.7184883 -0.6955391 0 -0.1729811 -0.9849252 -1.933857e-05 -0.2131685 -0.9770154 1.698664e-05 -0.1757906 -0.9844276 0 -0.09180919 -0.9957767 -0 -0.1305469 -0.9914422 1.730255e-05 -0.09181004 -0.9957765 -1.731485e-05 -0.1305458 -0.9914423 -0 0 -1 -0 -0.04251549 -0.9990958 1.899736e-05 -5.280912e-07 -1 -1.881325e-05 -0.04251472 -0.9990959 -0 0.08479983 -0.996398 0 0.03897712 -0.9992401 2.036716e-05 0.08450222 -0.9964232 -2.004438e-05 0.03911595 -0.9992347 0 0.753213 -0.6577767 0 0.753213 -0.6577767 0 0.6958248 -0.7182115 0 0.6958248 -0.7182115 0 0.6341366 -0.773221 0 0.6341366 -0.773221 0 0.5675099 -0.8233666 0 0.5675099 -0.8233666 0 0.4965736 -0.8679946 0 0.4965736 -0.8679946 0 0.4235685 -0.9058641 0 0.4235685 -0.9058641 0 0.3464536 -0.9380671 0 0.3464536 -0.9380671 0 0.2674925 -0.96356 0 0.2674925 -0.96356 0 0.1860832 -0.982534 0 0.1860832 -0.982534 0 0.1045893 -0.9945155 0 0.1045893 -0.9945155 0 0.02092821 -0.9997809 0 0.02092821 -0.9997809 0 -0.06201277 -0.9980754 0 -0.06201277 -0.9980754 0 -0.1446064 -0.9894893 0 -0.1446064 -0.9894893 0 -0.2264406 -0.974025 0 -0.2264406 -0.974025 0 -0.3065201 -0.9518642 0 -0.3065201 -0.9518642 0 0.1169591 -0.9931367 0 0.1169591 -0.9931367 0 0.1394226 -0.990233 0 0.1394226 -0.990233 0 0.8787188 -0.4773398 0 0.8787188 -0.4773398 0 0.8424225 -0.5388175 0 0.8424225 -0.5388175 0 0.8017199 -0.5977 0 0.8017199 -0.5977 0 0.1723803 -0.9850305 0 0.21243 -0.9771763 -1.818552e-05 0.1723804 -0.9850304 1.80694e-05 0.2124296 -0.9771764 0 0.2550163 -0.9669368 0 0.2960674 -0.9551671 -1.889928e-05 0.2550168 -0.9669366 1.899083e-05 0.2960666 -0.9551672 0 0.3394707 -0.9406166 0 0.3811059 -0.9245314 -1.97834e-05 0.4201787 -0.9074414 1.893839e-05 0.3414613 -0.9398958 1.794559e-05 0.3793229 -0.9252644 0 0.418835 -0.9080623 0 0.4599056 -0.8879678 -2.035855e-05 0.4584633 -0.8887134 0 0.5137167 -0.8579598 0 0.5137167 -0.8579599 0 0.5860705 -0.8102601 0 0.5860705 -0.8102601 0 0.6539879 -0.756505 0 0.6539879 -0.756505 0 0.7167498 -0.6973304 0 0.7167498 -0.6973304 0 0.7742723 -0.6328526 0 0.7742723 -0.6328527 0 0.826302 -0.5632272 0 0.8263021 -0.5632273 0 0.8714813 -0.4904287 0 0.8714812 -0.4904287 0 0.7440413 -0.6681336 0 0.7440413 -0.6681336 0 0.7935517 -0.6085028 0 0.7935517 -0.6085028 0 0.8380445 -0.5456019 0 0.8380445 -0.5456019 0 0.8776916 -0.4792259 0 0.8776916 -0.4792259 0 0.9526317 -0.3041266 0 0.9404592 -0.3399066 0 0.9404593 -0.3399066 0 0.9097823 -0.4150857 0 0.9097824 -0.4150857 0 0.9526317 -0.3041266 0 0.9652111 -0.261472 0 0.9652111 -0.261472 0 0.9833258 -0.1818525 0 0.9833258 -0.1818525 0 0.5942655 -0.804269 0 0.5610865 -0.8277572 0 0.5610865 -0.8277572 0 0.492037 -0.8705743 0 0.4920369 -0.8705743 0 0.5942655 -0.804269 0 0.6271379 -0.7789082 0 0.6271379 -0.7789082 0 0.6886641 -0.7250805 0 0.6886641 -0.7250805 0 0.9947003 -0.1028164 0 0.9947003 -0.1028164 0 0.999657 -0.02619188 0 0.999657 -0.02619188 0 0.9986899 0.05117134 0 0.9986899 0.05117134 0 0.991766 0.1280637 0 0.991766 0.1280637 0 -0.4373116 -0.8993101 0 -0.4028568 -0.9152631 -1.687695e-05 -0.4373114 -0.8993102 1.684254e-05 -0.402857 -0.9152629 0 -0.3592151 -0.9332548 0 -0.3226011 -0.9465351 -1.733603e-05 -0.3592146 -0.933255 1.722076e-05 -0.3226018 -0.9465348 0 -0.2779727 -0.9605891 0 -0.236711 -0.9715801 -1.902081e-05 -0.1940785 -0.9809861 1.905946e-05 -0.2779717 -0.9605893 1.894148e-05 -0.2367122 -0.9715798 0 -0.1934104 -0.9811179 0 -0.1523218 -0.988331 -1.859183e-05 -0.1517919 -0.9884124 -0 -0.09021674 -0.9959221 0 -0.09021675 -0.9959221 -0 -0.001763666 -0.9999984 0 -0.001763666 -0.9999985 -0 0.08479983 -0.996398 0 0.08479983 -0.996398 0 0.1709692 -0.9852764 0 0.1709692 -0.9852763 0 0.2545803 -0.9670516 0 0.2545803 -0.9670516 0 0.3373432 -0.9413818 0 0.3373432 -0.9413818 0 0.4172634 -0.9087856 0 0.4172634 -0.9087856 0 0.9914602 0.1304097 0 0.9914602 0.1304097 -0 0.9982436 0.05924253 0 0.9982436 0.05924253 -0 0.9999245 -0.0122788 0 0.9999245 -0.0122788 0 -0.4890661 -0.8722468 0 -0.4890661 -0.8722468 0 -0.4693486 -0.883013 0 -0.4693486 -0.883013 0 0.9959829 -0.08954304 0 0.9959829 -0.08954304 0 0.9851471 -0.1717128 0 0.9851471 -0.1717128 0 0.9673829 -0.2533185 0 0.9673829 -0.2533185 0 0.9429971 -0.3328009 0 0.9429971 -0.3328009 0 0.9122303 -0.4096777 0 0.9122303 -0.4096777 0 0.8750042 -0.4841152 0 0.8750042 -0.4841152 0 0.8317679 -0.5551234 0 0.8317679 -0.5551234 0 0.7824425 -0.6227229 0 0.7824425 -0.6227229 0 0.7284262 -0.6851243 0 0.7284262 -0.6851243 0 0.6686808 -0.7435496 0 0.6686808 -0.7435496 0 0.604804 -0.7963743 0 0.604804 -0.7963743 0 0.5366142 -0.8438277 0 0.5366142 -0.8438277 0 0.4647475 -0.8854433 0 0.4647475 -0.8854433 0 0.3893526 -0.9210887 0 0.3893526 -0.9210887 0 0.3111596 -0.9503577 0 0.3111596 -0.9503577 0 -0.7497352 -0.661738 0 -0.7905859 -0.6123511 0 -0.7905859 -0.6123512 0 -0.8395702 -0.5432513 0 -0.8395702 -0.5432513 0 -0.8843036 -0.4669123 0 -0.8843036 -0.4669123 0 -0.9208698 -0.3898702 0 -0.9208699 -0.3898702 0 -0.9511248 -0.3088067 0 -0.9511248 -0.3088068 0 -0.9740624 -0.2262795 0 -0.9740624 -0.2262795 0 -0.99023 -0.1394442 0 -0.9902299 -0.1394441 0 -0.7194025 -0.6945935 -1.99077e-05 -0.7499422 -0.6615034 2.005203e-05 -0.7193407 -0.6946574 0 -0.6595082 -0.7516975 -0 -0.687452 -0.7262298 1.671364e-05 -0.6595088 -0.7516969 -1.680847e-05 -0.6874512 -0.7262306 -0 -0.5892202 -0.8079726 -0 -0.6212458 -0.7836157 1.787565e-05 -0.5892205 -0.8079722 -1.786677e-05 -0.6212453 -0.7836161 -0 -0.5175992 -0.8556232 -0 -0.5555167 -0.8315054 2.000508e-05 -0.5175993 -0.8556231 -1.990724e-05 -0.5555165 -0.8315055 -0 0.2817869 -0.9594771 0 0.2817869 -0.9594771 0 -0.9983882 -0.05675461 -0 -0.9983882 -0.05675461 -0 -0.9943178 0.106452 0 -0.9823141 0.1872408 0 -0.9823141 0.1872408 0 -0.9997023 0.02439682 0 -0.9997024 0.02439682 0 -0.9977654 0.06681464 0 -0.9977654 0.06681464 0 -0.9943178 0.106452 0 0.2516751 -0.9678118 0 0.2516751 -0.9678118 0 0.1703495 -0.9853837 0 0.1703495 -0.9853837 0 0.08845078 -0.9960806 0 0.08845078 -0.9960806 0 0.004403627 -0.9999903 0 0.004403627 -0.9999903 0 -0.07779079 -0.9969697 0 -0.07779079 -0.9969697 0 -0.1608253 -0.9869828 0 -0.1608253 -0.9869828 0 -0.2418448 -0.9703149 0 -0.2418448 -0.9703149 0 -0.3218369 -0.9467951 0 -0.3218369 -0.9467951 0 -0.3996249 -0.9166787 0 -0.3996249 -0.9166787 0 -0.4743187 -0.8803532 0 -0.4743187 -0.8803532 0 -0.5457751 -0.8379318 0 -0.5457751 -0.8379318 0 -0.6131274 -0.789984 0 -0.6131274 -0.789984 0 -0.6771361 -0.7358579 0 -0.6771361 -0.7358579 0 -0.7358579 -0.6771361 0 -0.7358579 -0.6771361 0 -0.7893918 -0.6138898 0 -0.7893918 -0.6138898 0 -0.8777473 0.4791239 0 -0.8777473 0.4791239 0 -0.9120123 0.410163 0 -0.9120123 0.410163 0 -0.9410542 0.3382558 0 -0.9410542 0.3382558 0 -0.9643091 0.2647789 0 -0.9643091 0.2647789 0 -0.8345284 -0.550965 0 -0.8345284 -0.550965 0 -0.8717811 -0.4898956 0 -0.8717811 -0.4898956 0 -0.9045103 -0.4264516 0 -0.9045103 -0.4264516 0 -0.9362465 0.3513439 0 -0.9362465 0.3513439 0 -0.9087657 0.4173067 0 -0.9087657 0.4173067 0 -0.8766199 0.4811835 0 -0.8766199 0.4811835 0 -0.9035946 -0.4283887 0 -0.9035946 -0.4283887 -0 -0.8678998 -0.4967393 0 -0.8678998 -0.4967393 -0 -0.82694 -0.5622901 0 -0.82694 -0.5622901 -0 -0.7809871 -0.6245471 0 -0.7809871 -0.6245471 -0 -0.6351151 -0.7724175 0 -0.6351151 -0.7724175 0 -0.6965699 -0.717489 0 -0.6965699 -0.717489 0 -0.7543922 -0.656424 0 -0.7543922 -0.656424 0 -0.8059497 -0.591984 0 -0.8059497 -0.591984 0 -0.8525643 -0.5226223 0 -0.8525643 -0.5226223 0 -0.8929537 -0.4501485 0 -0.8929537 -0.4501485 0 -0.927232 -0.3744873 0 -0.927232 -0.3744873 0 -0.9551895 -0.2959949 0 -0.9551895 -0.2959949 0 -0.9764454 -0.2157647 0 -0.9764454 -0.2157647 0 -0.9909924 -0.1339179 0 -0.9909924 -0.1339179 0 -0.9987155 -0.05067012 0 -0.9987155 -0.05067012 0 -0.9994903 0.03192205 0 -0.9994903 0.03192205 0 -0.9933767 0.1149028 0 -0.9933767 0.1149028 0 -0.9803967 0.1970333 0 -0.9803967 0.1970333 0 -0.9606184 0.2778709 0 -0.9606184 0.2778709 0 -0.540868 -0.8411075 -0 -0.540868 -0.8411075 -0 -0.6705759 -0.741841 0 -0.7288625 -0.6846601 0 -0.7288625 -0.6846601 0 -0.6073638 -0.7944238 0 -0.6073638 -0.7944238 -0 -0.6419367 -0.7667577 0 -0.6419367 -0.7667577 -0 -0.6705759 -0.741841 0 -0.6106496 -0.7919009 -0 -0.6106496 -0.7919009 -0 0.09845919 -0.9951411 0 0.0300218 -0.9995493 0 0.0300218 -0.9995492 0 -0.05478485 -0.9984982 0 -0.05478485 -0.9984981 0 -0.1411743 -0.9899848 0 -0.1411743 -0.9899848 0 -0.2258905 -0.9741526 0 -0.2258905 -0.9741527 0 -0.3088067 -0.9511248 0 -0.3088068 -0.9511248 0 -0.38964 -0.9209672 0 -0.38964 -0.9209672 0 -0.4689404 -0.8832299 0 -0.4689404 -0.8832298 0 0.1384377 -0.9903712 -1.794326e-05 0.09564319 -0.9954157 2.028553e-05 0.1409281 -0.9900199 0 0.2258905 -0.9741526 0 0.1763998 -0.9843186 2.243424e-05 0.2258894 -0.9741529 -2.244167e-05 0.1764012 -0.9843184 0 0.3066938 -0.9518082 0 0.2649094 -0.9642733 1.938825e-05 0.3066933 -0.9518084 -1.934908e-05 0.2649102 -0.9642731 0 0.3871128 -0.9220324 0 0.3511232 -0.9363292 1.724978e-05 0.3871127 -0.9220324 -1.711574e-05 0.3511235 -0.9363292 0 0.5127674 -0.8585276 0 0.5127674 -0.8585276 0 0.4401515 -0.8979236 0 0.4401515 -0.8979236 0 0.3640395 -0.9313834 0 0.3640395 -0.9313834 0 0.284788 -0.9585905 0 0.284788 -0.9585905 0 0.2047895 -0.978806 0 0.2047895 -0.978806 0 0.1225891 -0.9924575 0 0.1225891 -0.9924575 0 0.03964551 -0.9992138 0 0.03964551 -0.9992138 0 -0.04366013 -0.9990464 0 -0.04366013 -0.9990464 0 -0.1262477 -0.9919988 0 -0.1262477 -0.9919988 0 -0.2081749 -0.9780916 0 -0.2081749 -0.9780916 0 -0.2887952 -0.9573909 0 -0.2887952 -0.9573909 0 -0.3674005 -0.9300628 0 -0.3674005 -0.9300628 0 -0.4433923 -0.8963277 0 -0.4433923 -0.8963277 0 -0.5165444 -0.8562604 0 -0.5165444 -0.8562604 0 -0.585571 -0.8106211 0 -0.585571 -0.8106211 0 0.4385291 -0.898717 0 0.4385291 -0.898717 0 0.4181879 -0.9083605 0 0.4181879 -0.9083605 0 0.6882351 -0.7254877 0 0.6882351 -0.7254877 0 0.6346758 -0.7727785 0 0.6346758 -0.7727785 0 0.577821 -0.8161635 0 0.577821 -0.8161635 0 0.4682112 -0.8836166 0 0.505629 -0.862751 -1.907648e-05 0.4682114 -0.8836165 1.899254e-05 0.5056288 -0.8627512 0 0.5416461 -0.8406066 0 0.5805689 -0.8142111 -2.095803e-05 0.5416466 -0.8406063 2.082137e-05 0.5805683 -0.8142115 0 0.609026 -0.7931502 0 0.6467308 -0.7627184 -2.14467e-05 0.6781337 -0.7349385 2.01116e-05 0.609027 -0.7931495 2.160323e-05 0.6467297 -0.7627193 0 0.6782801 -0.7348034 0 0.7106346 -0.7035612 -1.995219e-05 0.7106159 -0.7035801 0 0.7539969 -0.6568779 0 0.7539969 -0.6568779 0 0.8082005 -0.5889075 0 0.8082005 -0.5889075 0 0.8564026 -0.5163085 0 0.8564026 -0.5163086 0 0.8972353 -0.4415528 0 0.8972353 -0.4415528 0 0.9313731 -0.3640661 0 0.9313731 -0.3640661 0 0.9603157 -0.2789153 0 0.9603157 -0.2789152 0 0.9806484 -0.1957769 0 0.9806485 -0.1957769 0 0.5015621 -0.8651217 0 0.5015621 -0.8651217 0 0.5665082 -0.824056 0 0.5665082 -0.824056 0 0.6282976 -0.7779731 0 0.6282976 -0.7779731 0 0.6866947 -0.7269459 0 0.6866947 -0.7269459 0 0.9999601 0.008928215 0 0.9994659 -0.03268008 0 0.9994659 -0.03268008 0 0.9935176 -0.1136777 0 0.9935176 -0.1136777 0 0.9999601 0.008928215 0 0.9987701 0.04958274 0 0.9987701 0.04958274 0 0.9913911 0.1309342 0 0.9913911 0.1309342 0 0.314878 -0.9491322 0 0.2778294 -0.9606304 0 0.2778294 -0.9606305 0 0.1989489 -0.9800099 0 0.1989489 -0.9800099 0 0.314878 -0.9491322 0 0.3557973 -0.9345632 0 0.3557973 -0.9345632 0 0.430825 -0.9024355 0 0.430825 -0.9024355 0 0.977852 0.2092972 0 0.977852 0.2092972 0 0.9587688 0.2841874 0 0.9587688 0.2841874 0 0.9340066 0.3572557 0 0.9340066 0.3572557 0 0.9035452 0.4284928 0 0.9035452 0.4284928 0 -0.6964219 -0.7176327 0 -0.6634869 -0.7481879 -1.992026e-05 -0.6946573 -0.7193408 1.777435e-05 -0.665242 -0.7466279 0 -0.6328526 -0.7742723 0 -0.5971687 -0.8021156 -2.006635e-05 -0.6328522 -0.7742726 2.007615e-05 -0.5971694 -0.8021151 0 -0.5620199 -0.8271236 0 -0.5258675 -0.8505666 -1.910602e-05 -0.4877409 -0.8729884 1.827002e-05 -0.5620191 -0.8271242 1.913329e-05 -0.5258685 -0.8505659 0 -0.4874283 -0.873163 0 -0.4514731 -0.8922848 -1.820054e-05 -0.4514408 -0.8923011 -0 -0.3905044 -0.920601 0 -0.3905045 -0.920601 -0 -0.3125175 -0.949912 0 -0.3125175 -0.949912 -0 -0.2258905 -0.9741527 0 -0.2258905 -0.9741526 -0 -0.1431531 -0.9897006 0 -0.1431531 -0.9897006 -0 -0.05644695 -0.9984056 0 -0.05644696 -0.9984056 -0 0.02825726 -0.9996006 0 0.02825726 -0.9996007 0 0.1164318 -0.9931988 0 0.1164318 -0.9931987 0 0.9026502 0.4303752 0 0.9026502 0.4303752 -0 0.93108 0.3648152 0 0.93108 0.3648152 -0 0.9547807 0.2973111 0 0.9547807 0.2973111 -0 -0.7346926 -0.6784002 0 -0.7346926 -0.6784002 0 -0.7191841 -0.6948196 0 -0.7191841 -0.6948196 0 0.9748653 0.2227949 0 0.9748653 0.2227949 -0 0.9900739 0.1405479 0 0.9900739 0.1405479 -0 0.9982958 0.05835626 0 0.9982958 0.05835626 -0 0.9996886 -0.02495552 0 0.9996886 -0.02495552 0 0.9941624 -0.1078936 0 0.9941624 -0.1078936 0 0.9817621 -0.1901132 0 0.9817621 -0.1901132 0 0.9625283 -0.2711812 0 0.9625283 -0.2711812 0 0.9366457 -0.3502783 0 0.9366457 -0.3502783 0 0.9045358 -0.4263978 0 0.9045358 -0.4263978 0 0.8658615 -0.5002837 0 0.8658615 -0.5002837 0 0.8212267 -0.5706021 0 0.8212267 -0.5706021 0 0.7710714 -0.6367486 0 0.7710714 -0.6367486 0 0.7154999 -0.6986129 0 0.7154999 -0.6986129 0 0.654651 -0.7559311 0 0.654651 -0.7559311 0 0.5898509 -0.8075122 0 0.5898509 -0.8075122 0 -0.9171261 -0.3985971 0 -0.9413818 -0.3373432 0 -0.9413818 -0.3373432 0 -0.9661763 -0.2578825 0 -0.9661763 -0.2578825 0 -0.9852764 -0.1709692 0 -0.9852764 -0.1709692 0 -0.9963852 -0.08494936 0 -0.9963853 -0.08494937 0 -1 0 0 -1 0 0 -0.9962472 0.08655339 0 -0.9962472 0.08655339 0 -0.9849254 0.1729797 0 -0.9849254 0.1729797 0 -0.8993106 -0.4373103 -1.893249e-05 -0.9178576 -0.3969095 2.057158e-05 -0.8985997 -0.4387694 0 -0.8562416 -0.5165755 -0 -0.8791078 -0.4766232 2.039126e-05 -0.8562421 -0.5165746 -2.043336e-05 -0.8791071 -0.4766243 -0 -0.8108652 -0.5852332 -0 -0.8342196 -0.5514324 1.826688e-05 -0.8108653 -0.5852326 -1.821757e-05 -0.8342192 -0.551433 -0 -0.7580109 -0.6522419 -0 -0.7839741 -0.6207936 1.813193e-05 -0.7580109 -0.6522418 -1.802037e-05 -0.7839739 -0.6207938 -0 0.5645164 -0.8254218 0 0.5645164 -0.8254218 0 -0.9670658 0.2545264 0 -0.9670658 0.2545264 0 -0.9127572 0.4085024 0 -0.8763731 0.4816327 0 -0.8763731 0.4816327 0 -0.9432331 0.3321315 0 -0.9432331 0.3321315 0 -0.9287843 0.3706206 0 -0.9287843 0.3706206 0 -0.9127572 0.4085024 0 0.5384182 -0.8426777 0 0.5384182 -0.8426777 0 0.4664875 -0.8845278 0 0.4664875 -0.8845278 0 0.3916147 -0.9201294 0 0.3916147 -0.9201294 0 0.3138044 -0.9494877 0 0.3138044 -0.9494877 0 0.2338033 -0.972284 0 0.2338033 -0.972284 0 0.1523054 -0.9883335 0 0.1523054 -0.9883335 0 0.06936891 -0.9975911 0 0.06936891 -0.9975911 0 -0.01357673 -0.9999079 0 -0.01357673 -0.9999079 0 -0.0965236 -0.9953308 0 -0.0965236 -0.9953308 0 -0.1791438 -0.9838229 0 -0.1791438 -0.9838229 0 -0.2601972 -0.9655555 0 -0.2601972 -0.9655555 0 -0.3394731 -0.9406158 0 -0.3394731 -0.9406158 0 -0.4159593 -0.9093832 0 -0.4159593 -0.9093832 0 -0.4907142 -0.8713205 0 -0.4907142 -0.8713205 0 -0.5610347 -0.8277922 0 -0.5610347 -0.8277922 0 -0.6865665 0.7270669 0 -0.6865665 0.7270669 0 -0.7407078 0.6718273 0 -0.7407078 0.6718273 0 -0.7904738 0.6124959 0 -0.7904738 0.6124959 0 -0.8352823 0.5498214 0 -0.8352823 0.5498214 0 -0.6233999 -0.7819031 0 -0.6233999 -0.7819031 0 -0.6777295 -0.7353112 0 -0.6777295 -0.7353112 0 -0.7285176 -0.6850271 0 -0.7285176 -0.6850271 0 -0.7818694 0.6234423 0 -0.7818694 0.6234423 0 -0.7353432 0.677695 0 -0.7353432 0.677695 0 -0.6850618 0.728485 0 -0.6850618 0.728485 0 -0.7269526 -0.6866876 0 -0.7269526 -0.6866876 -0 -0.6718397 -0.7406966 0 -0.6718397 -0.7406966 -0 -0.6124617 -0.7905002 0 -0.6124617 -0.7905002 -0 -0.5499906 -0.8351709 0 -0.5499906 -0.8351709 -0 -0.8425112 -0.5386788 0 -0.8425112 -0.5386788 0 -0.8844479 -0.466639 0 -0.8844479 -0.466639 0 -0.9201856 -0.3914825 0 -0.9201856 -0.3914825 0 -0.949597 -0.3134734 0 -0.949597 -0.3134734 0 -0.9722005 -0.2341502 0 -0.9722005 -0.2341502 0 -0.9883802 -0.152002 0 -0.9883802 -0.152002 0 -0.9975929 -0.06934353 0 -0.9975929 -0.06934353 0 -0.9999077 0.01358171 0 -0.9999077 0.01358171 0 -0.9953659 0.09615999 0 -0.9953659 0.09615999 0 -0.9838229 0.1791438 0 -0.9838229 0.1791438 0 -0.9655555 0.2601972 0 -0.9655555 0.2601972 0 -0.9407751 0.3390313 0 -0.9407751 0.3390313 0 -0.9091053 0.4165662 0 -0.9091053 0.4165662 0 -0.8714775 0.4904355 0 -0.8714775 0.4904355 0 -0.8276767 0.5612052 0 -0.8276767 0.5612052 0 -0.2545402 -0.9670622 -0 -0.2545402 -0.9670622 -0 -0.4085282 -0.9127457 0 -0.4816327 -0.8763731 0 -0.4816327 -0.8763731 0 -0.3321315 -0.9432331 0 -0.3321315 -0.9432331 -0 -0.3667592 -0.9303159 0 -0.3667592 -0.9303159 -0 -0.4085282 -0.9127457 0 -0.8255261 -0.5643639 -0 -0.8255261 -0.5643639 -0 0.3973114 -0.9176839 0 0.3394707 -0.9406166 0 0.3394707 -0.9406166 0 0.2541458 -0.9671659 0 0.2541458 -0.9671659 0 0.1729797 -0.9849253 0 0.1729797 -0.9849254 0 0.08655339 -0.9962472 0 0.08655339 -0.9962472 0 -0.001763666 -0.9999985 0 -0.001763666 -0.9999984 0 -0.08655339 -0.9962472 0 -0.08655339 -0.9962472 0 -0.1729797 -0.9849254 0 -0.1729797 -0.9849254 0 0.4387011 -0.8986331 -2.030694e-05 0.3998891 -0.9165636 1.768559e-05 0.4359285 -0.8999813 0 0.5098025 -0.8602916 0 0.4793451 -0.8776265 1.551634e-05 0.5124147 -0.8587381 -1.828131e-05 0.4766243 -0.8791071 0 0.5852332 -0.8108652 0 0.5538852 -0.832593 1.695906e-05 0.5852327 -0.8108653 -1.694632e-05 0.5538858 -0.8325927 0 0.6522419 -0.7580109 0 0.6229667 -0.7822483 1.689884e-05 0.6505017 -0.7595048 -1.479681e-05 0.624695 -0.7808688 0 0.222446 -0.9749449 0 0.222446 -0.9749449 0 0.1409076 -0.9900228 0 0.1409076 -0.9900228 0 0.05835626 -0.9982958 0 0.05835626 -0.9982958 0 -0.02495552 -0.9996886 0 -0.02495552 -0.9996886 0 -0.1078936 -0.9941624 0 -0.1078936 -0.9941624 0 -0.1897594 -0.9818306 0 -0.1897594 -0.9818306 0 -0.2716171 -0.9624054 0 -0.2716171 -0.9624054 0 -0.3497155 -0.9368559 0 -0.3497155 -0.9368559 0 -0.4269813 -0.9042604 0 -0.4269813 -0.9042604 0 -0.5001248 -0.8659534 0 -0.5001248 -0.8659534 0 -0.5707741 -0.8211071 0 -0.5707741 -0.8211071 0 -0.6367486 -0.7710714 0 -0.6367486 -0.7710714 0 -0.6986173 -0.7154956 0 -0.6986173 -0.7154956 0 -0.7556164 -0.6550144 0 -0.7556164 -0.6550144 0 -0.8073373 -0.5900902 0 -0.8073373 -0.5900902 0 0.6783977 -0.734695 0 0.6783977 -0.734695 0 0.6947877 -0.7192149 0 0.6947877 -0.7192149 0 0.4303752 -0.9026502 0 0.4303752 -0.9026502 0 0.3648152 -0.93108 0 0.3648152 -0.93108 0 0.2973111 -0.9547807 0 0.2973111 -0.9547807 0 0.7210358 -0.6928979 0 0.7450559 -0.667002 -1.57425e-05 0.7210359 -0.6928977 1.560622e-05 0.7450557 -0.6670023 0 0.7756824 -0.6311234 0 0.8033704 -0.5954797 -2.006483e-05 0.7756828 -0.6311229 2.007657e-05 0.8033699 -0.5954803 0 0.8243515 -0.5660782 0 0.8521444 -0.5233068 -2.259502e-05 0.871482 -0.4904275 1.963763e-05 0.8243522 -0.5660773 2.260629e-05 0.8521436 -0.5233081 0 0.8723261 -0.4889247 0 0.8915796 -0.4528641 -1.821382e-05 0.8923011 -0.4514408 0 0.9208698 -0.3898702 0 0.9208698 -0.3898702 0 0.9504351 -0.310923 0 0.9504351 -0.310923 0 0.9737631 -0.2275642 0 0.973763 -0.2275642 0 0.9896643 -0.1434039 0 0.9896643 -0.1434039 0 0.9985034 -0.05468835 0 0.9985034 -0.05468835 0 0.9996006 0.02825726 0 0.9996007 0.02825726 0 0.9931988 0.1164318 0 0.9931987 0.1164318 0 0.2090653 -0.9779017 0 0.2090653 -0.9779017 0 0.2841874 -0.9587688 0 0.2841874 -0.9587688 0 0.3573367 -0.9339756 0 0.3573367 -0.9339756 0 0.428399 -0.9035897 0 0.428399 -0.9035897 0 0.9486833 0.3162278 0 0.9606412 0.2777922 0 0.9606413 0.2777922 -0 0.9800099 0.1989489 0 0.9800099 0.1989489 -0 0.9486833 0.3162278 0 0.9345747 0.355767 0 0.9345747 0.355767 0 0.9024034 0.4308924 0 0.9024034 0.4308924 0 -0.1136224 -0.9935241 0 -0.1136224 -0.9935241 -0 -0.03262341 -0.9994677 0 -0.03262341 -0.9994677 -0 0.008928215 -0.9999601 0 0.008928215 -0.9999601 0 0.04958274 -0.9987701 0 0.04958274 -0.9987701 0 0.1309269 -0.991392 0 0.1309269 -0.991392 0 0.8653488 0.5011701 0 0.8653488 0.5011701 0 0.8239782 0.5666215 0 0.8239782 0.5666215 0 0.7779503 0.6283258 0 0.7779503 0.6283258 0 0.7268316 0.6868158 0 0.7268316 0.6868158 0 -0.8836166 -0.4682112 0 -0.8651842 -0.5014541 -1.692606e-05 -0.8836165 -0.4682113 1.687306e-05 -0.8651844 -0.5014538 0 -0.8369074 -0.5473444 0 -0.8170655 -0.5765448 -1.567207e-05 -0.8369071 -0.5473449 1.564529e-05 -0.8170658 -0.5765443 0 -0.7897317 -0.6134524 0 -0.7647268 -0.6443546 -1.767294e-05 -0.7330436 -0.6801817 1.878672e-05 -0.7897311 -0.6134531 1.759719e-05 -0.7647275 -0.6443537 0 -0.7329184 -0.6803166 0 -0.7035434 -0.7106522 -1.887159e-05 -0.7035624 -0.7106335 -0 -0.6568779 -0.7539969 0 -0.6568779 -0.7539969 -0 -0.5892202 -0.8079726 0 -0.5892202 -0.8079725 -0 -0.5178707 -0.8554589 0 -0.5178708 -0.8554589 -0 -0.440854 -0.8975788 0 -0.4408541 -0.8975788 -0 -0.3625316 -0.9319714 0 -0.3625316 -0.9319715 -0 -0.280542 -0.9598418 0 -0.280542 -0.9598417 -0 -0.1978141 -0.9802396 0 -0.1978141 -0.9802396 -0 0.7255206 0.6882005 0 0.7255206 0.6882005 -0 0.7727506 0.6347098 0 0.7727506 0.6347098 -0 0.8161962 0.5777748 0 0.8161962 0.5777748 -0 -0.9083605 -0.4181879 0 -0.9083605 -0.4181879 0 -0.8986927 -0.4385788 0 -0.8986927 -0.4385788 0 0.8582694 0.5131996 0 0.8582694 0.5131996 -0 0.8980656 0.4398614 0 0.8980656 0.4398614 -0 0.9315079 0.3637212 0 0.9315079 0.3637212 -0 0.9584605 0.2852255 0 0.9584605 0.2852255 -0 0.978806 0.2047895 0 0.978806 0.2047895 -0 0.9924575 0.1225891 0 0.9924575 0.1225891 -0 0.9992288 0.03926459 0 0.9992288 0.03926459 -0 0.9990617 -0.0433098 0 0.9990617 -0.0433098 0 0.9919528 -0.1266088 0 0.9919528 -0.1266088 0 0.9781076 -0.2081002 0 0.9781076 -0.2081002 0 0.9573603 -0.2888967 0 0.9573603 -0.2888967 0 0.9300628 -0.3674005 0 0.9300628 -0.3674005 0 0.8963998 -0.4432464 0 0.8963998 -0.4432464 0 0.8564872 -0.5161684 0 0.8564872 -0.5161684 0 0.8105727 -0.5856379 0 0.8105727 -0.5856379 0 -0.9951068 -0.09880493 0 -0.9995493 -0.0300218 0 -0.9995492 -0.0300218 0 -0.9985035 0.05468835 0 -0.9985034 0.05468835 0 -0.9899848 0.1411743 0 -0.9899848 0.1411743 0 -0.9739716 0.2266698 0 -0.9739717 0.2266698 0 -0.9506055 0.3104018 0 -0.9506055 0.3104018 0 -0.9208698 0.3898702 0 -0.9208699 0.3898702 0 -0.8835729 0.4682936 0 -0.8835729 0.4682936 0 -0.9904389 -0.1379527 -1.750893e-05 -0.9950723 -0.09915164 1.715876e-05 -0.9905056 -0.1374723 0 -0.9747484 -0.223306 -0 -0.9831889 -0.1825911 1.838685e-05 -0.9749244 -0.2225362 -1.785792e-05 -0.983071 -0.1832247 -0 -0.9518082 -0.3066938 -0 -0.9640241 -0.2658147 1.897106e-05 -0.9518084 -0.3066933 -1.886826e-05 -0.9640239 -0.2658154 -0 -0.9227628 -0.3853684 -0 -0.9371952 -0.3488054 1.74287e-05 -0.9227628 -0.3853683 -1.748872e-05 -0.9371951 -0.3488057 -0 0.7918699 -0.6106899 0 0.7918699 -0.6106899 0 -0.841082 0.5409076 0 -0.841082 0.5409077 0 -0.7418383 0.6705788 0 -0.6846006 0.7289184 0 -0.6846006 0.7289184 0 -0.7944238 0.6073638 0 -0.7944238 0.6073638 0 -0.7711531 0.6366497 0 -0.7711531 0.6366497 0 -0.7418383 0.6705788 0 0.7725655 -0.634935 0 0.7725655 -0.634935 0 0.716949 -0.6971256 0 0.716949 -0.6971256 0 0.6568144 -0.7540523 0 0.6568144 -0.7540523 0 0.591984 -0.8059497 0 0.591984 -0.8059497 0 0.522889 -0.8524008 0 0.522889 -0.8524008 0 0.4497082 -0.8931755 0 0.4497082 -0.8931755 0 0.3746147 -0.9271806 0 0.3746147 -0.9271806 0 0.2958911 -0.9552217 0 0.2958911 -0.9552217 0 0.2158421 -0.9764283 0 0.2158421 -0.9764283 0 0.1336061 -0.9910345 0 0.1336061 -0.9910345 0 0.05136488 -0.99868 0 0.05136488 -0.99868 0 -0.03230044 -0.9994782 0 -0.03230044 -0.9994782 0 -0.1148609 -0.9933816 0 -0.1148609 -0.9933816 0 -0.1971042 -0.9803826 0 -0.1971042 -0.9803826 0 -0.2778709 -0.9606184 0 -0.2778709 -0.9606184 0 -0.4282948 0.9036391 0 -0.4282948 0.9036391 0 -0.4969484 0.8677801 0 -0.4969484 0.8677801 0 -0.5623432 0.826904 0 -0.5623432 0.826904 0 -0.624695 0.7808688 0 -0.624695 0.7808688 0 -0.3513439 -0.9362465 0 -0.3513439 -0.9362465 0 -0.4172494 -0.908792 0 -0.4172494 -0.908792 0 -0.4812076 -0.8766067 0 -0.4812076 -0.8766067 0 -0.5509968 0.8345073 0 -0.5509968 0.8345073 0 -0.489866 0.8717978 0 -0.489866 0.8717978 0 -0.4264216 0.9045244 0 -0.4264216 0.9045244 0 -0.4792259 -0.8776916 0 -0.4792259 -0.8776916 -0 -0.4100722 -0.912053 0 -0.4100722 -0.912053 -0 -0.338333 -0.9410264 0 -0.338333 -0.9410264 -0 -0.2645534 -0.964371 0 -0.2645534 -0.964371 -0 -0.9677885 -0.2517645 0 -0.9677885 -0.2517645 0 -0.985322 -0.1707059 0 -0.985322 -0.1707059 0 -0.9961478 -0.08769036 0 -0.9961478 -0.08769036 0 -0.9999868 -0.005137547 0 -0.9999868 -0.005137547 0 -0.9969389 0.07818409 0 -0.9969389 0.07818409 0 -0.9869924 0.1607671 0 -0.9869924 0.1607671 0 -0.9702287 0.2421902 0 -0.9702287 0.2421902 0 -0.9467951 0.3218369 0 -0.9467951 0.3218369 0 -0.9167546 0.399451 0 -0.9167546 0.399451 0 -0.8804358 0.4741655 0 -0.8804358 0.4741655 0 -0.8379318 0.5457751 0 -0.8379318 0.5457751 0 -0.7896683 0.613534 0 -0.7896683 0.613534 0 -0.7362089 0.6767544 0 -0.7362089 0.6767544 0 -0.6769373 0.7360408 0 -0.6769373 0.7360408 0 -0.6139406 0.7893522 0 -0.6139406 0.7893522 0 0.05675144 -0.9983884 0 0.05675144 -0.9983884 0 -0.1064461 -0.9943185 0 -0.1872949 -0.9823037 0 -0.1872949 -0.9823037 0 -0.02439544 -0.9997023 0 -0.02439544 -0.9997024 -0 -0.06741386 -0.9977251 0 -0.06741386 -0.9977251 -0 -0.1064461 -0.9943185 0 -0.9594836 -0.2817644 -0 -0.9594836 -0.2817644 -0 0.6634872 -0.7481877 0 0.6123511 -0.7905859 0 0.6123512 -0.7905859 0 0.5428113 -0.8398547 0 0.5428113 -0.8398547 0 0.4675635 -0.8839595 0 0.4675634 -0.8839595 0 0.3898702 -0.9208698 0 0.3898702 -0.9208699 0 0.3077261 -0.951475 0 0.3077261 -0.951475 0 0.2258905 -0.9741527 0 0.2258905 -0.9741527 0 0.1414214 -0.9899495 0 0.1414213 -0.9899495 0 0.6928251 -0.7211056 -1.772948e-05 0.6615034 -0.7499422 2.005203e-05 0.6946574 -0.7193407 0 0.7547573 -0.6560041 0 0.7245572 -0.6892146 1.994821e-05 0.7547567 -0.6560048 -1.990377e-05 0.7245581 -0.6892138 0 0.8079726 -0.5892202 0 0.7822477 -0.6229675 1.885198e-05 0.8079722 -0.5892206 -1.879054e-05 0.7822482 -0.6229669 0 0.8546756 -0.5191624 0 0.8325925 -0.5538861 1.826479e-05 0.8556231 -0.5175993 -1.990724e-05 0.8315055 -0.5555165 0 -0.08917899 -0.9960156 0 -0.08917899 -0.9960156 0 -0.172131 -0.985074 0 -0.172131 -0.985074 0 -0.2527952 -0.9675198 0 -0.2527952 -0.9675198 0 -0.3329161 -0.9429564 0 -0.3329161 -0.9429564 0 -0.4099831 -0.9120931 0 -0.4099831 -0.9120931 0 -0.4841152 -0.8750042 0 -0.4841152 -0.8750042 0 -0.5552929 -0.8316548 0 -0.5552929 -0.8316548 0 -0.6223652 -0.782727 0 -0.6223652 -0.782727 0 -0.6853074 -0.7282538 0 -0.6853074 -0.7282538 0 -0.7435496 -0.6686808 0 -0.7435496 -0.6686808 0 -0.7963743 -0.604804 0 -0.7963743 -0.604804 0 -0.843722 -0.5367805 0 -0.843722 -0.5367805 0 -0.8857525 -0.4641578 0 -0.8857525 -0.4641578 0 -0.9209014 -0.3897956 0 -0.9209014 -0.3897956 0 -0.9503222 -0.3112681 0 -0.9503222 -0.3112681 0 0.883013 -0.4693486 0 0.883013 -0.4693486 0 0.8722468 -0.4890661 0 0.8722468 -0.4890661 0 0.1303504 -0.991468 0 0.1303504 -0.991468 0 0.05924253 -0.9982436 0 0.05924253 -0.9982436 0 -0.01227795 -0.9999247 0 -0.01227795 -0.9999247 0 0.8985997 -0.4387694 0 0.9165631 -0.3998901 -1.912589e-05 0.8985998 -0.4387692 1.897038e-05 0.916563 -0.3998904 0 0.9327981 -0.3603993 0 0.9469022 -0.321522 -1.834719e-05 0.9327983 -0.3603988 1.834664e-05 0.9469019 -0.3215227 0 0.9603158 -0.2789153 0 0.9715801 -0.236711 -1.939191e-05 0.9808524 -0.1947527 1.813218e-05 0.960316 -0.2789143 1.937652e-05 0.9715798 -0.2367122 0 0.9803085 -0.1974722 0 0.9884128 -0.1517902 -2.061871e-05 0.9879618 -0.1546986 0 0.9960933 -0.08830615 0 0.9960933 -0.08830615 0 0.9999985 -0.001766782 0 0.9999984 -0.001766782 0 0.996398 0.08479983 0 0.996398 0.08479983 0 0.9852764 0.1709692 0 0.9852763 0.1709692 0 0.9674857 0.2529258 0 0.9674857 0.2529259 0 0.9410221 0.3383451 0 0.9410222 0.3383451 0 0.9087856 0.4172634 0 0.9087856 0.4172634 0 -0.1032962 -0.9946507 0 -0.1032962 -0.9946507 -0 -0.02594953 -0.9996632 0 -0.02594953 -0.9996632 -0 0.05117134 -0.9986899 0 0.05117134 -0.9986899 0 0.1282714 -0.9917392 0 0.1282714 -0.9917392 0 0.804269 0.5942655 0 0.8277665 0.5610726 0 0.8277665 0.5610726 -0 0.8705713 0.4920425 0 0.8705712 0.4920425 -0 0.804269 0.5942655 0 0.7788862 0.6271653 0 0.7788862 0.6271653 0 0.7251071 0.6886361 0 0.7251071 0.6886361 0 -0.3041266 -0.9526317 -0 -0.3398564 -0.9404773 0 -0.3398564 -0.9404774 0 -0.4150857 -0.9097823 0 -0.4150857 -0.9097824 0 -0.3041266 -0.9526317 -0 -0.2615242 -0.965197 0 -0.2615242 -0.965197 -0 -0.1818084 -0.983334 0 -0.1818084 -0.983334 -0 0.6679993 0.7441618 0 0.6679993 0.7441618 0 0.6086555 0.7934346 0 0.6086555 0.7934346 0 0.5455424 0.8380832 0 0.5455424 0.8380832 0 0.4794127 0.8775895 0 0.4794127 0.8775895 0 -0.9851345 -0.171785 0 -0.9770157 -0.2131674 -1.885582e-05 -0.9851344 -0.1717851 1.860614e-05 -0.9770158 -0.2131671 0 -0.9656496 -0.2598476 0 -0.9548566 -0.2970673 -1.729968e-05 -0.9656495 -0.259848 1.717608e-05 -0.9548568 -0.2970666 0 -0.9417419 -0.3363364 0 -0.9245313 -0.381106 -2.123285e-05 -0.9087849 -0.4172648 2.036314e-05 -0.9417415 -0.3363374 2.13007e-05 -0.9245319 -0.3811047 0 -0.9080623 -0.418835 0 -0.8894106 -0.4571092 -1.895849e-05 -0.8887134 -0.4584633 -0 -0.8579598 -0.5137167 0 -0.8579599 -0.5137167 -0 -0.8094218 -0.5872276 0 -0.8094219 -0.5872276 -0 -0.756505 -0.6539879 0 -0.756505 -0.6539879 -0 -0.6982134 -0.7158897 0 -0.6982135 -0.7158897 -0 -0.6311234 -0.7756824 0 -0.6311235 -0.7756824 -0 -0.5652537 -0.8249171 0 -0.5652537 -0.8249171 -0 -0.4890872 -0.8722349 0 -0.4890871 -0.8722349 -0 0.4772572 0.8787637 0 0.4772572 0.8787637 -0 0.538849 0.8424025 0 0.538849 0.8424025 -0 0.5976667 0.8017446 0 0.5976667 0.8017446 -0 -0.9902403 -0.1393708 0 -0.9902403 -0.1393708 -0 -0.9931367 -0.1169591 0 -0.9931367 -0.1169591 -0 0.6577767 0.753213 0 0.6577767 0.753213 -0 0.7180281 0.696014 0 0.7180281 0.696014 -0 0.7735809 0.6336975 0 0.7735809 0.6336975 -0 0.8234848 0.5673385 0 0.8234848 0.5673385 -0 0.8675874 0.4972847 0 0.8675874 0.4972847 -0 0.9060706 0.4231265 0 0.9060706 0.4231265 -0 0.9380671 0.3464536 0 0.9380671 0.3464536 -0 0.9635336 0.2675871 0 0.9635336 0.2675871 -0 0.9824669 0.1864375 0 0.9824669 0.1864375 -0 0.9945876 0.1039012 0 0.9945876 0.1039012 -0 0.9997813 0.02091286 0 0.9997813 0.02091286 -0 0.9980754 -0.06201277 0 0.9980754 -0.06201277 0 0.9894816 -0.1446589 0 0.9894816 -0.1446589 0 0.9741059 -0.2260924 0 0.9741059 -0.2260924 0 0.9517916 -0.3067455 0 0.9517916 -0.3067455 0 -0.9766 0.2150636 0 -0.9598417 0.280542 0 -0.9598418 0.280542 0 -0.9325681 0.3609941 0 -0.9325681 0.3609941 0 -0.8975788 0.440854 0 -0.8975788 0.440854 0 -0.8567126 0.515794 0 -0.8567126 0.515794 0 -0.8088124 0.5880667 0 -0.8088124 0.5880666 0 -0.7548719 0.6558723 0 -0.7548718 0.6558723 0 -0.6964486 0.7176065 0 -0.6964487 0.7176066 0 -0.9849252 0.1729811 -1.906744e-05 -0.9765997 0.2150651 1.904543e-05 -0.9849254 0.1729797 0 -0.9957467 0.09213315 0 -0.9914421 0.1305468 1.709788e-05 -0.9957466 0.09213398 -1.717041e-05 -0.9914423 0.1305458 0 -0.9999938 0.003533547 0 -0.9991085 0.04221655 1.716496e-05 -0.9999937 0.003534034 -1.723982e-05 -0.9991086 0.04221585 0 -0.9961208 -0.08799654 -0 -0.9992401 -0.0389771 2.187275e-05 -0.9961208 -0.08799642 -2.172701e-05 -0.9992401 -0.03897745 -0 0.9418344 -0.3360775 0 0.9418344 -0.3360775 0 -0.6327648 0.774344 0 -0.6327648 0.774344 0 -0.4983396 0.866982 0 -0.4258888 0.9047756 0 -0.4258888 0.9047756 0 -0.5678284 0.823147 0 -0.5678284 0.8231469 0 -0.5360081 0.8442128 0 -0.5360081 0.8442128 0 -0.4983396 0.866982 0 0.930912 -0.3652435 0 0.930912 -0.3652435 0 0.8974881 -0.4410387 0 0.8974881 -0.4410387 0 0.8576871 -0.5141718 0 0.8576871 -0.5141718 0 0.8118685 -0.5838403 0 0.8118685 -0.5838403 0 0.7604982 -0.64934 0 0.7604982 -0.64934 0 0.7043487 -0.7098542 0 0.7043487 -0.7098542 0 0.6425636 -0.7662324 0 0.6425636 -0.7662324 0 0.5766112 -0.8170187 0 0.5766112 -0.8170187 0 0.506972 -0.8619626 0 0.506972 -0.8619626 0 0.4335066 -0.9011504 0 0.4335066 -0.9011504 0 0.3571092 -0.9340626 0 0.3571092 -0.9340626 0 0.2785482 -0.9604223 0 0.2785482 -0.9604223 0 0.197457 -0.9803116 0 0.197457 -0.9803116 0 0.115265 -0.9933348 0 0.115265 -0.9933348 0 0.03265512 -0.9994666 0 0.03265512 -0.9994666 0 -0.1283022 0.9917352 0 -0.1283022 0.9917352 0 -0.2044579 0.9788754 0 -0.2044579 0.9788754 0 -0.279106 0.9602603 0 -0.279106 0.9602603 0 -0.3526646 0.9357498 0 -0.3526646 0.9357498 0 -0.0447437 -0.9989985 0 -0.0447437 -0.9989985 0 -0.1161168 -0.9932355 0 -0.1161168 -0.9932355 0 -0.1866754 -0.9824217 0 -0.1866754 -0.9824217 0 -0.2660801 0.9639509 0 -0.2660801 0.9639509 0 -0.196543 0.9804952 0 -0.196543 0.9804952 0 -0.1259639 0.9920348 0 -0.1259639 0.9920348 0 -0.1845374 -0.9828255 0 -0.1845374 -0.9828255 -0 -0.1081686 -0.9941326 0 -0.1081686 -0.9941326 -0 -0.03104545 -0.9995179 0 -0.03104545 -0.9995179 -0 0.0463207 -0.9989266 0 0.0463207 -0.9989266 0 -0.9982311 0.05945347 0 -0.9982311 0.05945347 0 -0.9898021 0.1424493 0 -0.9898021 0.1424493 0 -0.9746256 0.223841 0 -0.9746256 0.223841 0 -0.9525732 0.3043095 0 -0.9525732 0.3043095 0 -0.9240079 0.3823734 0 -0.9240079 0.3823734 0 -0.8890063 0.4578951 0 -0.8890063 0.4578951 0 -0.8476888 0.5304939 0 -0.8476888 0.5304939 0 -0.8010995 0.5985311 0 -0.8010995 0.5985311 0 -0.748583 0.6630411 0 -0.748583 0.6630411 0 -0.6907811 0.7230639 0 -0.6907811 0.7230639 0 -0.6284482 0.7778515 0 -0.6284482 0.7778515 0 -0.5612052 0.8276767 0 -0.5612052 0.8276767 0 -0.4909928 0.8711637 0 -0.4909928 0.8711637 0 -0.4168695 0.9089663 0 -0.4168695 0.9089663 0 -0.3399151 0.9404561 0 -0.3399151 0.9404561 0 0.3625544 -0.9319626 0 0.3625544 -0.9319626 0 0.20605 -0.9785415 0 0.1253861 -0.992108 0 0.1253861 -0.992108 0 0.2857028 -0.9583183 0 0.2857027 -0.9583183 0 0.2467559 -0.9690777 0 0.2467559 -0.9690777 0 0.20605 -0.9785415 0 -0.9995906 0.02860978 0 -0.9995906 0.02860978 0 0.8612075 -0.5082536 0 0.826861 -0.5624065 0 0.8268609 -0.5624065 0 0.7758436 -0.6309252 0 0.7758436 -0.6309252 0 0.7167498 -0.6973305 0 0.7167498 -0.6973304 0 0.6558723 -0.7548719 0 0.6558723 -0.7548718 0 0.5869096 -0.8096524 0 0.5869097 -0.8096524 0 0.5150144 -0.8571815 0 0.5150144 -0.8571815 0 0.4394317 -0.898276 0 0.4394317 -0.898276 0 0.8828405 -0.4696728 -1.963831e-05 0.8618422 -0.5071765 1.851975e-05 0.8821583 -0.470953 0 0.9209673 -0.38964 0 0.9027296 -0.4302084 1.968113e-05 0.921502 -0.3883737 -2.098764e-05 0.9020743 -0.4315807 0 0.9504351 -0.310923 0 0.9356015 -0.353058 1.981697e-05 0.9504349 -0.3109235 -1.983059e-05 0.9356017 -0.3530572 0 0.9733709 -0.2292359 0 0.9624496 -0.2714604 1.938511e-05 0.9733709 -0.229236 -1.939162e-05 0.9624497 -0.2714602 0 -0.3926788 -0.9196757 0 -0.3926788 -0.9196757 0 -0.4679383 -0.8837611 0 -0.4679383 -0.8837611 0 -0.5397928 -0.8417979 0 -0.5397928 -0.8417979 0 -0.6078997 -0.7940139 0 -0.6078997 -0.7940139 0 -0.6717588 -0.74077 0 -0.6717588 -0.74077 0 -0.7307379 -0.6826582 0 -0.7307379 -0.6826582 0 -0.7851457 -0.6193111 0 -0.7851457 -0.6193111 0 -0.8337408 -0.552156 0 -0.8337408 -0.552156 0 -0.8768274 -0.4808053 0 -0.8768274 -0.4808053 0 -0.9137661 -0.4062406 0 -0.9137661 -0.4062406 0 -0.9442241 -0.3293037 0 -0.9442241 -0.3293037 0 -0.9684576 -0.2491787 0 -0.9684576 -0.2491787 0 -0.985772 -0.1680877 0 -0.985772 -0.1680877 0 -0.9963037 -0.08590092 0 -0.9963037 -0.08590092 0 -0.9999957 -0.002935767 0 -0.9999957 -0.002935767 0 0.9848337 -0.173501 0 0.9848337 -0.173501 0 0.9806941 -0.1955481 0 0.9806941 -0.1955481 0 -0.1823824 -0.9832277 0 -0.1823824 -0.9832277 0 -0.2521367 -0.9676916 0 -0.2521367 -0.9676916 0 -0.3206986 -0.9471812 0 -0.3206986 -0.9471812 0 0.9900199 -0.1409281 0 0.9951069 -0.0988046 -1.887763e-05 0.9900199 -0.140928 1.884755e-05 0.9951068 -0.09880494 0 0.9984056 -0.05644695 0 0.999975 -0.00706607 -2.194958e-05 0.9984056 -0.05644634 2.191379e-05 0.999975 -0.007066961 0 0.9995978 0.02835739 0 0.997013 0.07723477 -2.164107e-05 0.9931262 0.1170484 1.86794e-05 0.9995978 0.02835851 2.184883e-05 0.997013 0.0772334 -0 0.9931747 0.1166362 0 0.9872409 0.159234 -1.907056e-05 0.9873304 0.1586781 0 0.9745398 0.2242147 0 0.9745398 0.2242148 0 0.951642 0.3072091 0 0.951642 0.3072091 0 0.9218683 0.3875032 0 0.9218684 0.3875032 0 0.8839595 0.4675635 0 0.8839595 0.4675635 0 0.840892 0.541203 0 0.840892 0.541203 0 0.7922952 0.610138 0 0.7922952 0.610138 0 0.7348034 0.6782801 0 0.7348034 0.6782801 0 -0.4053056 -0.9141813 0 -0.4053056 -0.9141813 -0 -0.333708 -0.9426765 0 -0.333708 -0.9426765 -0 -0.2599561 -0.9656205 0 -0.2599561 -0.9656205 -0 -0.1845374 -0.9828255 0 -0.1845374 -0.9828255 -0 0.5833586 0.8122147 0 0.6138699 0.7894073 0 0.6138699 0.7894072 -0 0.6759149 0.7369797 0 0.6759149 0.7369797 -0 0.5833586 0.8122147 0 0.5469323 0.8371768 0 0.5469323 0.8371768 0 0.4767939 0.8790151 0 0.4767939 0.8790151 0 -0.5833586 -0.8122147 -0 -0.6138974 -0.7893859 0 -0.6138974 -0.7893858 0 -0.6758869 -0.7370053 0 -0.675887 -0.7370053 0 -0.5833586 -0.8122147 -0 -0.5469323 -0.8371768 0 -0.5469323 -0.8371768 -0 -0.4768372 -0.8789917 0 -0.4768372 -0.8789917 -0 0.4055082 0.9140913 0 0.4055082 0.9140913 0 0.333708 0.9426765 0 0.333708 0.9426765 0 0.25973 0.9656813 0 0.25973 0.9656813 0 0.1845814 0.9828172 0 0.1845814 0.9828172 0 -0.9900199 0.1409281 0 -0.9950722 0.09915277 -1.872206e-05 -0.9900199 0.140928 1.86266e-05 -0.9950722 0.09915309 0 -0.9985982 0.05292923 0 -0.9999438 0.01059935 -1.881334e-05 -0.9985983 0.05292871 1.878687e-05 -0.9999438 0.01060011 0 -0.9996006 -0.02825726 0 -0.9969919 -0.07750607 -2.188278e-05 -0.9931262 -0.1170484 1.86794e-05 -0.9996006 -0.02825839 2.19378e-05 -0.996992 -0.07750468 0 -0.9932225 -0.1162282 0 -0.9871506 -0.1597923 -1.95716e-05 -0.9873304 -0.1586781 -0 -0.9745398 -0.2242147 0 -0.9745398 -0.2242148 -0 -0.951642 -0.3072091 0 -0.951642 -0.3072091 -0 -0.9223971 -0.3862427 0 -0.9223972 -0.3862428 -0 -0.8835729 -0.4682937 0 -0.8835729 -0.4682936 -0 -0.8403745 -0.5420062 0 -0.8403745 -0.5420063 -0 -0.7922952 -0.610138 0 -0.7922952 -0.610138 -0 -0.7348034 -0.6782801 0 -0.7348034 -0.6782801 -0 0.182437 0.9832175 0 0.182437 0.9832175 -0 0.2521536 0.9676872 0 0.2521536 0.9676872 -0 0.3206153 0.9472094 0 0.3206153 0.9472094 -0 -0.9848318 0.1735115 0 -0.9848318 0.1735115 0 -0.980687 0.1955837 0 -0.980687 0.1955837 0 0.3926788 0.9196757 0 0.3926788 0.9196757 -0 0.4682249 0.8836094 0 0.4682249 0.8836094 -0 0.5395327 0.8419646 0 0.5395327 0.8419646 -0 0.6081311 0.7938367 0 0.6081311 0.7938367 -0 0.6717588 0.74077 0 0.6717588 0.74077 -0 0.7307379 0.6826582 0 0.7307379 0.6826582 -0 0.7848639 0.6196681 0 0.7848639 0.6196681 -0 0.8339645 0.5518181 0 0.8339645 0.5518181 -0 0.8768274 0.4808053 0 0.8768274 0.4808053 -0 0.9137056 0.4063769 0 0.9137056 0.4063769 -0 0.9442639 0.3291895 0 0.9442639 0.3291895 -0 0.9684576 0.2491787 0 0.9684576 0.2491787 -0 0.9857616 0.1681485 0 0.9857616 0.1681485 -0 0.9963064 0.08586951 0 0.9963064 0.08586951 -0 0.9999957 0.002935767 0 0.9999957 0.002935767 -0 -0.8621151 0.5067126 0 -0.8263021 0.5632272 0 -0.8263021 0.5632272 0 -0.7758436 0.6309252 0 -0.7758436 0.6309252 0 -0.7176065 0.6964486 0 -0.7176066 0.6964487 0 -0.6548632 0.7557475 0 -0.6548632 0.7557474 0 -0.5880667 0.8088124 0 -0.5880666 0.8088124 0 -0.5150144 0.8571815 0 -0.5150144 0.8571815 0 -0.4394317 0.898276 0 -0.4394317 0.898276 0 -0.8828406 0.4696728 -1.890215e-05 -0.8627504 0.5056301 1.772054e-05 -0.8821583 0.470953 0 -0.9209673 0.38964 0 -0.9020738 0.4315818 2.035402e-05 -0.9209669 0.389641 -2.037869e-05 -0.9020743 0.4315807 0 -0.9500918 0.3119704 0 -0.9360393 0.3518953 1.871447e-05 -0.9500917 0.3119709 -1.88525e-05 -0.9360396 0.3518946 0 -0.9741527 0.2258905 0 -0.9624496 0.2714605 2.089413e-05 -0.9741527 0.2258906 -2.091793e-05 -0.9624497 0.2714602 0 0.9995906 -0.02861216 0 0.9995906 -0.02861216 0 -0.3625544 0.9319626 0 -0.3625544 0.9319626 0 -0.2059427 0.978564 0 -0.1254964 0.992094 0 -0.1254964 0.992094 0 -0.2856507 0.9583338 0 -0.2856506 0.9583338 0 -0.2509622 0.9679969 0 -0.2509622 0.9679969 0 -0.2059427 0.978564 0 0.9982311 -0.05945347 0 0.9982311 -0.05945347 0 0.9898095 -0.1423975 0 0.9898095 -0.1423975 0 0.9746073 -0.2239211 0 0.9746073 -0.2239211 0 0.9526072 -0.3042032 0 0.9526072 -0.3042032 0 0.9240079 -0.3823734 0 0.9240079 -0.3823734 0 0.8889293 -0.4580445 0 0.8889293 -0.4580445 0 0.8477921 -0.5303288 0 0.8477921 -0.5303288 0 0.8010995 -0.5985311 0 0.8010995 -0.5985311 0 0.748583 -0.6630411 0 0.748583 -0.6630411 0 0.6905892 -0.7232472 0 0.6905892 -0.7232472 0 0.6284482 -0.7778515 0 0.6284482 -0.7778515 0 0.5614566 -0.8275062 0 0.5614566 -0.8275062 0 0.4909928 -0.8711637 0 0.4909928 -0.8711637 0 0.4165662 -0.9091053 0 0.4165662 -0.9091053 0 0.3395903 -0.9405735 0 0.3395903 -0.9405735 0 0.1845374 0.9828255 0 0.1845374 0.9828255 0 0.1079289 0.9941586 0 0.1079289 0.9941586 0 0.03104545 0.9995179 0 0.03104545 0.9995179 0 -0.0460787 0.9989378 0 -0.0460787 0.9989378 0 0.2660801 -0.9639509 0 0.2660801 -0.9639509 0 0.1966098 -0.9804819 0 0.1966098 -0.9804819 0 0.1260321 -0.9920262 0 0.1260321 -0.9920262 0 0.04481293 0.9989953 0 0.04481293 0.9989953 -0 0.1160484 0.9932436 0 0.1160484 0.9932436 -0 0.1867423 0.982409 0 0.1867423 0.982409 -0 0.1280637 -0.991766 0 0.1280637 -0.991766 0 0.2044579 -0.9788754 0 0.2044579 -0.9788754 0 0.2793295 -0.9601953 0 0.2793295 -0.9601953 0 0.3525846 -0.9357799 0 0.3525846 -0.9357799 0 -0.9310098 0.364994 0 -0.9310098 0.364994 0 -0.8973452 0.4413294 0 -0.8973452 0.4413294 0 -0.8576871 0.5141718 0 -0.8576871 0.5141718 0 -0.8119936 0.5836663 0 -0.8119936 0.5836663 0 -0.7604982 0.64934 0 -0.7604982 0.64934 0 -0.7041637 0.7100378 0 -0.7041637 0.7100378 0 -0.6425636 0.7662324 0 -0.6425636 0.7662324 0 -0.5766112 0.8170187 0 -0.5766112 0.8170187 0 -0.506972 0.8619626 0 -0.506972 0.8619626 0 -0.4338046 0.9010069 0 -0.4338046 0.9010069 0 -0.3567889 0.934185 0 -0.3567889 0.934185 0 -0.2785482 0.9604223 0 -0.2785482 0.9604223 0 -0.197457 0.9803116 0 -0.197457 0.9803116 0 -0.1156272 0.9932926 0 -0.1156272 0.9932926 0 -0.03265512 0.9994666 0 -0.03265512 0.9994666 0 0.6327984 -0.7743166 0 0.6327984 -0.7743167 0 0.4982974 -0.8670061 0 0.4259104 -0.9047654 0 0.4259104 -0.9047654 0 0.5678669 -0.8231205 0 0.5678669 -0.8231204 0 0.5328133 -0.8462328 0 0.5328133 -0.8462328 0 0.4982974 -0.8670061 0 -0.9418344 0.3360775 0 -0.9418344 0.3360775 0 0.9766 -0.2150636 0 0.9603158 -0.2789152 0 0.9603158 -0.2789152 0 0.9322034 -0.361935 0 0.9322033 -0.361935 0 0.8972353 -0.4415528 0 0.8972353 -0.4415528 0 0.8571815 -0.5150144 0 0.8571815 -0.5150144 0 0.8088124 -0.5880667 0 0.8088124 -0.5880666 0 0.7548719 -0.6558723 0 0.7548718 -0.6558723 0 0.695539 -0.7184883 0 0.6955391 -0.7184883 0 0.9849252 -0.1729811 -1.906744e-05 0.9762701 -0.2165563 2.040181e-05 0.9851344 -0.171785 0 0.9957467 -0.09213315 0 0.9914421 -0.1305468 1.709788e-05 0.9957766 -0.09181006 -1.745878e-05 0.9913819 -0.131004 0 0.9999938 -0.003533547 0 0.9991022 -0.04236546 1.723104e-05 0.9999937 -0.003534034 -1.724537e-05 0.9991022 -0.04236476 0 0.9961208 0.08799654 0 0.9992455 0.03883958 2.193398e-05 0.9961208 0.08799642 -2.186498e-05 0.9992455 0.03883993 0 -0.6577767 -0.753213 0 -0.6577767 -0.753213 0 -0.7180281 -0.696014 0 -0.7180281 -0.696014 0 -0.7735809 -0.6336975 0 -0.7735809 -0.6336975 0 -0.8233666 -0.5675099 0 -0.8233666 -0.5675099 0 -0.8676781 -0.4971263 0 -0.8676781 -0.4971263 0 -0.9060049 -0.4232673 0 -0.9060049 -0.4232673 0 -0.9380671 -0.3464536 0 -0.9380671 -0.3464536 0 -0.96356 -0.2674925 0 -0.96356 -0.2674925 0 -0.9824669 -0.1864375 0 -0.9824669 -0.1864375 0 -0.9945916 -0.1038633 0 -0.9945916 -0.1038633 0 -0.9997809 -0.02092821 0 -0.9997809 -0.02092821 0 -0.9980754 0.06201277 0 -0.9980754 0.06201277 0 -0.9894893 0.1446064 0 -0.9894893 0.1446064 0 -0.9741059 0.2260924 0 -0.9741059 0.2260924 0 -0.951757 0.3068526 0 -0.951757 0.3068526 0 0.9902427 0.1393538 0 0.9902427 0.1393538 0 0.9931351 0.1169733 0 0.9931351 0.1169733 0 -0.4773107 -0.8787346 0 -0.4773107 -0.8787346 0 -0.538849 -0.8424025 0 -0.538849 -0.8424025 0 -0.5976667 -0.8017446 0 -0.5976667 -0.8017446 0 0.9850305 0.1723803 -0 0.9771763 0.21243 -1.818552e-05 0.9850304 0.1723804 1.80694e-05 0.9771764 0.2124296 -0 0.9662935 0.2574431 0 0.9548565 0.2970673 -1.833101e-05 0.9662933 0.2574437 1.827864e-05 0.9548568 0.2970666 -0 0.9406166 0.3394707 0 0.9250414 0.3798662 -1.918967e-05 0.9081663 0.4186095 1.904979e-05 0.9406163 0.3394716 1.929073e-05 0.9250419 0.3798651 -0 0.9080623 0.418835 0 0.8894106 0.4571092 -1.895849e-05 0.8894511 0.4570303 0 0.8574929 0.5144958 0 0.8574929 0.5144957 0 0.8094218 0.5872276 0 0.8094219 0.5872276 0 0.7572594 0.6531142 0 0.7572594 0.6531142 0 0.6973058 0.7167738 0 0.6973058 0.7167737 0 0.6321824 0.7748196 0 0.6321824 0.7748196 0 0.5628425 0.8265643 0 0.5628424 0.8265642 0 0.4925225 0.8702996 0 0.4925225 0.8702997 0 -0.6681336 -0.7440413 0 -0.6681336 -0.7440413 -0 -0.6086555 -0.7934346 0 -0.6086555 -0.7934346 -0 -0.5457128 -0.8379723 0 -0.5457128 -0.8379723 -0 -0.479039 -0.8777936 0 -0.479039 -0.8777936 -0 0.3000595 0.9539205 0 0.3399066 0.9404592 0 0.3399066 0.9404593 -0 0.4150182 0.9098131 0 0.4150182 0.9098132 -0 0.3000595 0.9539205 0 0.2615242 0.965197 0 0.2615242 0.965197 0 0.1818084 0.983334 0 0.1818084 0.983334 0 -0.804269 -0.5942655 -0 -0.8277308 -0.5611254 0 -0.8277308 -0.5611254 0 -0.8705847 -0.4920184 0 -0.8705847 -0.4920185 0 -0.804269 -0.5942655 -0 -0.7789082 -0.6271379 0 -0.7789082 -0.6271379 -0 -0.7250805 -0.6886641 0 -0.7250805 -0.6886641 -0 0.1032962 0.9946507 0 0.1032962 0.9946507 0 0.02619188 0.999657 0 0.02619188 0.999657 0 -0.05141321 0.9986774 0 -0.05141321 0.9986774 0 -0.1282714 0.9917392 0 -0.1282714 0.9917392 0 -0.8972353 0.4415528 0 -0.9165632 0.3998901 -2.037987e-05 -0.8972354 0.4415526 2.034239e-05 -0.916563 0.3998904 0 -0.9327981 0.3603993 0 -0.9469022 0.321522 -1.834719e-05 -0.933255 0.3592146 1.722076e-05 -0.9465348 0.3226018 0 -0.9603158 0.2789153 0 -0.9715801 0.236711 -1.939191e-05 -0.9809861 0.1940787 1.752187e-05 -0.960316 0.2789143 1.937652e-05 -0.9715798 0.2367122 0 -0.9805807 0.1961161 0 -0.9882483 0.1528569 -1.966023e-05 -0.9878771 0.1552378 0 -0.9960933 0.08830615 0 -0.9960933 0.08830615 0 -0.9999984 0.001763666 0 -0.9999985 0.001763666 0 -0.996398 -0.08479983 0 -0.996398 -0.08479983 -0 -0.9852247 -0.1712667 0 -0.9852247 -0.1712667 -0 -0.9675986 -0.2524938 0 -0.9675986 -0.2524938 -0 -0.9408199 -0.338907 0 -0.9408199 -0.338907 -0 -0.9090927 -0.4165939 0 -0.9090927 -0.4165939 -0 -0.1303504 0.991468 0 -0.1303504 0.991468 0 -0.05924253 0.9982436 0 -0.05924253 0.9982436 0 0.01227795 0.9999247 0 0.01227795 0.9999247 -0 -0.8830401 0.4692977 0 -0.8830401 0.4692977 0 -0.8722321 0.4890923 0 -0.8722321 0.4890923 0 0.08954304 0.9959829 0 0.08954304 0.9959829 -0 0.172131 0.985074 0 0.172131 0.985074 -0 0.2527952 0.9675198 0 0.2527952 0.9675198 -0 0.3325897 0.9430717 0 0.3325897 0.9430717 -0 0.4102884 0.9119558 0 0.4102884 0.9119558 -0 0.4841152 0.8750042 0 0.4841152 0.8750042 -0 0.5552929 0.8316548 0 0.5552929 0.8316548 -0 0.6223191 0.7827637 0 0.6223191 0.7827637 -0 0.6851243 0.7284262 0 0.6851243 0.7284262 -0 0.7433854 0.6688634 0 0.7433854 0.6688634 -0 0.7963743 0.604804 0 0.7963743 0.604804 -0 0.8440994 0.5361866 0 0.8440994 0.5361866 -0 0.8855225 0.4645965 0 0.8855225 0.4645965 -0 0.9209571 0.3896639 0 0.9209571 0.3896639 -0 0.9503222 0.3112681 0 0.9503222 0.3112681 -0 -0.6615046 0.7499411 0 -0.6134523 0.7897317 0 -0.6134523 0.7897317 0 -0.5428113 0.8398547 0 -0.5428113 0.8398547 0 -0.4661831 0.8846883 0 -0.466183 0.8846883 0 -0.3898702 0.9208698 0 -0.3898702 0.9208699 0 -0.3093259 0.9509561 0 -0.3093259 0.9509561 0 -0.2258905 0.9741527 0 -0.2258905 0.9741527 0 -0.1396883 0.9901955 0 -0.1396883 0.9901956 0 -0.6946564 0.7193417 -1.998531e-05 -0.6612675 0.7501501 2.0331e-05 -0.6947197 0.7192805 0 -0.7532336 0.6577532 0 -0.7262298 0.6874521 1.779141e-05 -0.7532329 0.6577538 -1.784474e-05 -0.7262306 0.6874512 0 -0.8079726 0.5892202 0 -0.7822477 0.6229675 1.885198e-05 -0.8091919 0.5875444 -2.062899e-05 -0.7808688 0.6246951 0 -0.8556232 0.5175992 0 -0.8315054 0.5555167 2.000508e-05 -0.8556231 0.5175993 -1.990724e-05 -0.8315055 0.5555165 0 0.9594836 0.2817644 0 0.9594836 0.2817644 0 -0.05675144 0.9983884 0 -0.05675144 0.9983884 0 0.1064461 0.9943185 -0 0.1872949 0.9823037 0 0.1872949 0.9823037 -0 0.02439544 0.9997023 0 0.02439544 0.9997024 0 0.06293803 0.9980174 0 0.06293803 0.9980174 0 0.1064461 0.9943185 0 0.9677885 0.2517645 0 0.9677885 0.2517645 -0 0.985322 0.1707059 0 0.985322 0.1707059 -0 0.996145 0.08772243 0 0.996145 0.08772243 -0 0.9999868 0.005137547 0 0.9999868 0.005137547 -0 0.9969389 -0.07818409 0 0.9969389 -0.07818409 0 0.9870019 -0.1607089 0 0.9870019 -0.1607089 0 0.9702073 -0.2422765 0 0.9702073 -0.2422765 0 0.9467951 -0.3218369 0 0.9467951 -0.3218369 0 0.9168131 -0.3993165 0 0.9168131 -0.3993165 0 0.8804358 -0.4741655 0 0.8804358 -0.4741655 0 0.8379318 -0.5457751 0 0.8379318 -0.5457751 0 0.7896683 -0.613534 0 0.7896683 -0.613534 0 0.7360408 -0.6769373 0 0.7360408 -0.6769373 0 0.6771361 -0.7358579 0 0.6771361 -0.7358579 0 0.6139406 -0.7893522 0 0.6139406 -0.7893522 0 0.479039 0.8777936 0 0.479039 0.8777936 0 0.4102739 0.9119624 0 0.4102739 0.9119624 0 0.3381182 0.9411036 0 0.3381182 0.9411036 0 0.2647789 0.9643091 0 0.2647789 0.9643091 0 0.5509486 -0.8345393 0 0.5509486 -0.8345393 0 0.4899187 -0.8717681 0 0.4899187 -0.8717681 0 0.4263649 -0.9045513 0 0.4263649 -0.9045513 0 0.3512831 0.9362693 0 0.3512831 0.9362693 -0 0.4173067 0.9087657 0 0.4173067 0.9087657 -0 0.4812076 0.8766067 0 0.4812076 0.8766067 -0 0.4284928 -0.9035452 0 0.4284928 -0.9035452 0 0.4969484 -0.8677801 0 0.4969484 -0.8677801 0 0.5623432 -0.826904 0 0.5623432 -0.826904 0 0.6245471 -0.7809871 0 0.6245471 -0.7809871 0 -0.7725655 0.634935 0 -0.7725655 0.634935 0 -0.7171273 0.6969422 0 -0.7171273 0.6969422 0 -0.6566057 0.754234 0 -0.6566057 0.754234 0 -0.5917456 0.8061248 0 -0.5917456 0.8061248 0 -0.522889 0.8524008 0 -0.522889 0.8524008 0 -0.450001 0.893028 0 -0.450001 0.893028 0 -0.3742993 0.927308 0 -0.3742993 0.927308 0 -0.296226 0.9551179 0 -0.296226 0.9551179 0 -0.215492 0.9765056 0 -0.215492 0.9765056 0 -0.134327 0.9909371 0 -0.134327 0.9909371 0 -0.05063299 0.9987173 0 -0.05063299 0.9987173 0 0.03193376 0.9994899 0 0.03193376 0.9994899 -0 0.1148609 0.9933816 0 0.1148609 0.9933816 -0 0.1971042 0.9803826 0 0.1971042 0.9803826 -0 0.2782096 0.9605204 0 0.2782096 0.9605204 -0 0.841082 -0.5409076 0 0.841082 -0.5409077 0 0.7418132 -0.6706067 0 0.6846303 -0.7288904 0 0.6846303 -0.7288904 0 0.7944448 -0.6073365 0 0.7944448 -0.6073364 0 0.7711531 -0.6366497 0 0.7711531 -0.6366497 0 0.7418132 -0.6706067 0 -0.7919009 0.6106496 0 -0.7919009 0.6106496 0 0.9951411 0.09845919 -0 0.9995493 0.0300218 0 0.9995492 0.0300218 -0 0.9984982 -0.05478485 0 0.9984981 -0.05478485 0 0.9899848 -0.1411743 0 0.9899848 -0.1411743 0 0.9741526 -0.2258905 0 0.9741527 -0.2258905 0 0.9504351 -0.310923 0 0.9504351 -0.310923 0 0.920601 -0.3905045 0 0.920601 -0.3905044 0 0.8835729 -0.4682936 0 0.8835729 -0.4682936 0 0.9904389 0.1379527 -1.772516e-05 0.9951069 0.09880348 1.731424e-05 0.9905056 0.1374723 -0 0.9750983 0.2217732 0 0.9829523 0.1838605 1.723972e-05 0.9750984 0.2217724 -1.716202e-05 0.9829521 0.1838616 0 0.9518082 0.3066938 0 0.9640241 0.2658147 1.897106e-05 0.9518084 0.3066933 -1.886826e-05 0.9640239 0.2658154 0 0.9232853 0.3841149 0 0.9363292 0.3511232 1.578172e-05 0.9232854 0.3841148 -1.568036e-05 0.9363292 0.3511235 0 -0.858366 -0.5130379 0 -0.858366 -0.5130379 0 -0.8979236 -0.4401515 0 -0.8979236 -0.4401515 0 -0.9315079 -0.3637212 0 -0.9315079 -0.3637212 0 -0.9584605 -0.2852255 0 -0.9584605 -0.2852255 0 -0.978806 -0.2047895 0 -0.978806 -0.2047895 0 -0.9924575 -0.1225891 0 -0.9924575 -0.1225891 0 -0.9992288 -0.03926459 0 -0.9992288 -0.03926459 0 -0.9990624 0.04329393 0 -0.9990624 0.04329393 0 -0.9919468 0.1266549 0 -0.9919468 0.1266549 0 -0.9781076 0.2081002 0 -0.9781076 0.2081002 0 -0.9573603 0.2888967 0 -0.9573603 0.2888967 0 -0.9301124 0.3672751 0 -0.9301124 0.3672751 0 -0.8963277 0.4433923 0 -0.8963277 0.4433923 0 -0.8564872 0.5161684 0 -0.8564872 0.5161684 0 -0.8105727 0.5856379 0 -0.8105727 0.5856379 0 0.8987046 0.4385546 0 0.8987046 0.4385546 0 0.9083605 0.4181879 0 0.9083605 0.4181879 0 -0.7254877 -0.6882351 0 -0.7254877 -0.6882351 0 -0.7727506 -0.6347098 0 -0.7727506 -0.6347098 0 -0.8161962 -0.5777748 0 -0.8161962 -0.5777748 0 0.8836166 0.4682112 -0 0.8633919 0.5045339 -1.851186e-05 0.8836165 0.4682113 1.834124e-05 0.8633921 0.5045336 -0 0.8390046 0.5441243 0 0.8170654 0.5765449 -1.747996e-05 0.8390043 0.5441248 1.734743e-05 0.8170658 0.5765443 -0 0.7883994 0.6151637 0 0.7647269 0.6443546 -1.666274e-05 0.7314069 0.6819413 1.558441e-05 0.7897311 0.6134531 1.855884e-05 0.7632517 0.6461014 -0 0.7329184 0.6803166 0 0.7053313 0.7088779 -1.774657e-05 0.7071068 0.7071068 0 0.6568779 0.7539969 0 0.6568779 0.7539969 0 0.5892202 0.8079726 0 0.5892202 0.8079725 0 0.5178707 0.8554589 0 0.5178708 0.8554589 0 0.440854 0.8975788 0 0.4408541 0.8975788 0 0.3625316 0.9319714 0 0.3625316 0.9319715 0 0.280542 0.9598418 0 0.280542 0.9598417 0 0.1961161 0.9805806 0 0.1961161 0.9805807 0 -0.8652878 -0.5012752 0 -0.8652878 -0.5012752 -0 -0.824056 -0.5665082 0 -0.824056 -0.5665082 -0 -0.7777359 -0.6285911 0 -0.7777359 -0.6285911 -0 -0.7271813 -0.6864455 0 -0.7271813 -0.6864455 -0 -0.008928215 0.9999601 0 0.03262341 0.9994677 0 0.03262341 0.9994677 -0 0.1136777 0.9935176 0 0.1136777 0.9935176 -0 -0.008928215 0.9999601 0 -0.04958274 0.9987701 0 -0.04958274 0.9987701 0 -0.1309269 0.991392 0 -0.1309269 0.991392 0 -0.9800099 -0.1989489 0 -0.9800099 -0.1989489 -0 -0.9606499 -0.2777619 0 -0.9606499 -0.2777619 -0 -0.9482351 -0.3175693 0 -0.9482351 -0.3175693 -0 -0.9345747 -0.355767 0 -0.9345747 -0.355767 -0 -0.9024034 -0.4308924 0 -0.9024034 -0.4308924 -0 -0.2092972 0.977852 0 -0.2092972 0.977852 0 -0.2839645 0.9588348 0 -0.2839645 0.9588348 0 -0.3575483 0.9338947 0 -0.3575483 0.9338947 0 -0.428201 0.9036835 0 -0.428201 0.9036835 0 -0.7193407 0.6946574 0 -0.7466281 0.6652417 -1.783695e-05 -0.7193408 0.6946573 1.777435e-05 -0.7466279 0.665242 0 -0.7742723 0.6328526 0 -0.8033704 0.5954797 -2.099846e-05 -0.7756827 0.6311231 1.908712e-05 -0.8021151 0.5971694 0 -0.8243515 0.5660782 0 -0.8531083 0.5217339 -2.341138e-05 -0.871482 0.4904275 1.963763e-05 -0.8254809 0.5644301 2.172205e-05 -0.8521436 0.5233081 0 -0.8723261 0.4889247 0 -0.8915796 0.4528641 -1.821382e-05 -0.8923011 0.4514408 0 -0.920601 0.3905044 0 -0.920601 0.3905045 0 -0.9504351 0.310923 0 -0.9504351 0.310923 0 -0.9737631 0.2275642 0 -0.973763 0.2275642 0 -0.9897006 0.1431531 0 -0.9897006 0.1431531 0 -0.9985034 0.05468835 0 -0.9985034 0.05468835 0 -0.9995993 -0.02830724 0 -0.9995993 -0.02830724 -0 -0.9931988 -0.1164318 0 -0.9931987 -0.1164318 -0 -0.4303752 0.9026502 0 -0.4303752 0.9026502 0 -0.3648152 0.93108 0 -0.3648152 0.93108 0 -0.2973111 0.9547807 0 -0.2973111 0.9547807 0 -0.694757 0.7192445 0 -0.694757 0.7192445 0 -0.6784615 0.7346359 0 -0.6784615 0.7346359 0 -0.2231437 0.9747856 0 -0.2231437 0.9747856 0 -0.1409076 0.9900228 0 -0.1409076 0.9900228 0 -0.05799048 0.9983171 0 -0.05799048 0.9983171 0 0.02532227 0.9996793 0 0.02532227 0.9996793 -0 0.1078936 0.9941624 0 0.1078936 0.9941624 -0 0.1897594 0.9818306 0 0.1897594 0.9818306 -0 0.2709369 0.9625971 0 0.2709369 0.9625971 -0 0.3503594 0.9366153 0 0.3503594 0.9366153 -0 0.4269813 0.9042604 0 0.4269813 0.9042604 -0 0.5001248 0.8659534 0 0.5001248 0.8659534 -0 0.5707741 0.8211071 0 0.5707741 0.8211071 -0 0.6365303 0.7712516 0 0.6365303 0.7712516 -0 0.6986173 0.7154956 0 0.6986173 0.7154956 -0 0.7557738 0.6548327 0 0.7557738 0.6548327 -0 0.8075122 0.5898509 0 0.8075122 0.5898509 -0 -0.3973114 0.9176839 0 -0.3394707 0.9406166 0 -0.3394707 0.9406166 0 -0.2557956 0.966731 0 -0.2557956 0.9667309 0 -0.1712667 0.9852247 0 -0.1712666 0.9852247 0 -0.08479983 0.996398 0 -0.08479983 0.996398 0 0 1 0 0 1 -0 0.08655339 0.9962472 0 0.08655339 0.9962472 -0 0.1712666 0.9852247 0 0.1712667 0.9852247 -0 -0.4358375 0.9000253 -1.888884e-05 -0.3969097 0.9178576 1.913274e-05 -0.4359285 0.8999813 0 -0.5150144 0.8571815 0 -0.479345 0.8776266 1.826817e-05 -0.5150136 0.857182 -1.828137e-05 -0.4793459 0.8776261 0 -0.5852332 0.8108652 0 -0.5489653 0.8358452 1.957965e-05 -0.5852326 0.8108655 -1.948882e-05 -0.5489658 0.8358448 0 -0.6522419 0.7580109 0 -0.6229667 0.7822483 1.689884e-05 -0.6505017 0.7595048 -1.479681e-05 -0.624695 0.7808688 0 0.8254607 0.5644596 0 0.8254607 0.5644596 0 0.2545402 0.9670622 0 0.2545402 0.9670622 0 0.4084815 0.9127666 -0 0.4816327 0.8763731 0 0.4816327 0.8763731 -0 0.332182 0.9432153 0 0.332182 0.9432153 0 0.3706206 0.9287843 0 0.3706206 0.9287843 0 0.4084815 0.9127666 0 0.8424047 0.5388454 0 0.8424047 0.5388454 -0 0.8846076 0.4663361 0 0.8846076 0.4663361 -0 0.920073 0.391747 0 0.920073 0.391747 -0 0.9496331 0.3133642 0 0.9496331 0.3133642 -0 0.9722005 0.2341502 0 0.9722005 0.2341502 -0 0.9883887 0.1519469 0 0.9883887 0.1519469 -0 0.9975911 0.06936891 0 0.9975911 0.06936891 -0 0.9999079 -0.01357673 0 0.9999079 -0.01357673 0 0.9953625 -0.09619512 0 0.9953625 -0.09619512 0 0.9838347 -0.1790792 0 0.9838347 -0.1790792 0 0.9655555 -0.2601972 0 0.9655555 -0.2601972 0 0.940733 -0.3391484 0 0.940733 -0.3391484 0 0.9091053 -0.4165662 0 0.9091053 -0.4165662 0 0.8715658 -0.4902787 0 0.8715658 -0.4902787 0 0.8276767 -0.5612052 0 0.8276767 -0.5612052 0 0.7270669 0.6865665 0 0.7270669 0.6865665 0 0.6718397 0.7406966 0 0.6718397 0.7406966 0 0.6124617 0.7905002 0 0.6124617 0.7905002 0 0.5498214 0.8352823 0 0.5498214 0.8352823 0 0.7818424 -0.6234761 0 0.7818424 -0.6234761 0 0.735375 -0.6776604 0 0.735375 -0.6776604 0 0.6850249 -0.7285197 0 0.6850249 -0.7285197 0 0.6234761 0.7818424 0 0.6234761 0.7818424 -0 0.677695 0.7353432 0 0.677695 0.7353432 -0 0.728485 0.6850618 0 0.728485 0.6850618 -0 0.6866947 -0.7269459 0 0.6866947 -0.7269459 0 0.7407078 -0.6718273 0 0.7407078 -0.6718273 0 0.7903827 -0.6126133 0 0.7903827 -0.6126133 0 0.8353556 -0.54971 0 0.8353556 -0.54971 0 -0.5384182 0.8426777 0 -0.5384182 0.8426777 0 -0.4667746 0.8843763 0 -0.4667746 0.8843763 0 -0.3916147 0.9201294 0 -0.3916147 0.9201294 0 -0.3135827 0.9495609 0 -0.3135827 0.9495609 0 -0.2337199 0.972304 0 -0.2337199 0.972304 0 -0.1523054 0.9883335 0 -0.1523054 0.9883335 0 -0.06973417 0.9975656 0 -0.06973417 0.9975656 0 0.0139436 0.9999028 0 0.0139436 0.9999028 -0 0.0965236 0.9953308 0 0.0965236 0.9953308 -0 0.1787885 0.9838875 0 0.1787885 0.9838875 -0 0.2601972 0.9655555 0 0.2601972 0.9655555 -0 0.3391484 0.940733 0 0.3391484 0.940733 -0 0.4165662 0.9091053 0 0.4165662 0.9091053 -0 0.4904355 0.8714775 0 0.4904355 0.8714775 -0 0.5610347 0.8277922 0 0.5610347 0.8277922 -0 0.9670695 -0.2545126 0 0.9670694 -0.2545126 0 0.9127666 -0.4084815 0 0.8763472 -0.48168 0 0.8763472 -0.48168 0 0.9432331 -0.3321315 0 0.9432331 -0.3321315 0 0.9287843 -0.3706206 0 0.9287843 -0.3706206 0 0.9127666 -0.4084815 0 -0.5644596 0.8254607 0 -0.5644596 0.8254607 0 0.9171261 0.3985971 -0 0.9413818 0.3373432 0 0.9413818 0.3373432 -0 0.9662935 0.2574432 0 0.9662935 0.2574431 -0 0.9852247 0.1712667 0 0.9852247 0.1712666 -0 0.996398 0.08479983 0 0.996398 0.08479983 -0 1 0 0 1 0 0 0.9962339 -0.08670597 0 0.9962339 -0.08670598 0 0.9849254 -0.1729797 0 0.9849254 -0.1729797 0 0.8979489 0.4400998 -2.03105e-05 0.9178578 0.3969094 2.181598e-05 0.8972353 0.4415528 -0 0.8571815 0.5150144 0 0.879906 0.4751478 2.038884e-05 0.8581134 0.5134602 -1.882164e-05 0.8791071 0.4766243 0 0.8096524 0.5869096 0 0.8342196 0.5514324 1.913145e-05 0.8096528 0.5869092 -1.913447e-05 0.8342192 0.551433 0 0.7580109 0.6522419 0 0.7853355 0.6190704 1.910771e-05 0.7580109 0.6522418 -1.904299e-05 0.7853353 0.6190706 0 -0.9748836 -0.2227152 0 -0.9748836 -0.2227152 0 -0.9900666 -0.140599 0 -0.9900666 -0.140599 0 -0.9982946 -0.05837765 0 -0.9982946 -0.05837765 0 -0.9996888 0.02494637 0 -0.9996888 0.02494637 0 -0.9941581 0.107933 0 -0.9941581 0.107933 0 -0.9817621 0.1901132 0 -0.9817621 0.1901132 0 -0.9625283 0.2711812 0 -0.9625283 0.2711812 0 -0.9367357 0.3500375 0 -0.9367357 0.3500375 0 -0.904469 0.4265394 0 -0.904469 0.4265394 0 -0.8658615 0.5002837 0 -0.8658615 0.5002837 0 -0.8211071 0.5707741 0 -0.8211071 0.5707741 0 -0.7710714 0.6367486 0 -0.7710714 0.6367486 0 -0.7154999 0.6986129 0 -0.7154999 0.6986129 0 -0.6548607 0.7557496 0 -0.6548607 0.7557496 0 -0.5898509 0.8075122 0 -0.5898509 0.8075122 0 0.7192138 0.6947888 0 0.7192138 0.6947888 0 0.7346359 0.6784615 0 0.7346359 0.6784615 0 -0.9026629 -0.4303482 0 -0.9026629 -0.4303482 0 -0.9310892 -0.3647917 0 -0.9310892 -0.3647917 0 -0.9547746 -0.2973308 0 -0.9547746 -0.2973308 0 0.6982358 0.7158679 -0 0.6634869 0.7481879 -2.109334e-05 0.6964753 0.7175808 1.889454e-05 0.665242 0.7466279 -0 0.630726 0.7760057 0 0.5971688 0.8021156 -1.880874e-05 0.6307256 0.7760059 1.886006e-05 0.5971694 0.8021151 -0 0.5620199 0.8271236 0 0.5284138 0.848987 -1.777818e-05 0.4877408 0.8729885 1.963834e-05 0.5620192 0.8271242 1.783668e-05 0.5284147 0.8489863 -0 0.4889247 0.8723261 0 0.447212 0.894428 -2.103172e-05 0.448626 0.8937196 0 0.3920005 0.919965 0 0.3920004 0.919965 0 0.310923 0.9504351 0 0.310923 0.9504351 0 0.2275642 0.9737631 0 0.2275642 0.973763 0 0.1431531 0.9897006 0 0.1431531 0.9897006 0 0.05644695 0.9984056 0 0.05644696 0.9984056 0 -0.0300218 0.9995493 0 -0.0300218 0.9995493 0 -0.1164318 0.9931988 0 -0.1164318 0.9931987 0 -0.977852 -0.2092972 0 -0.977852 -0.2092972 -0 -0.9587491 -0.2842535 0 -0.9587491 -0.2842535 -0 -0.9339257 -0.3574673 0 -0.9339257 -0.3574673 -0 -0.9036391 -0.4282948 0 -0.9036391 -0.4282948 -0 -0.314878 0.9491322 0 -0.277777 0.9606456 0 -0.277777 0.9606456 0 -0.1989489 0.9800099 0 -0.1989489 0.9800099 0 -0.314878 0.9491322 0 -0.3557973 0.9345632 0 -0.3557973 0.9345632 0 -0.4308924 0.9024034 0 -0.4308924 0.9024034 0 -0.9999601 -0.008928215 -0 -0.9994659 0.03268008 0 -0.9994659 0.03268008 0 -0.9935176 0.1136777 0 -0.9935176 0.1136777 0 -0.9999601 -0.008928215 -0 -0.9987701 -0.04958274 0 -0.9987701 -0.04958274 -0 -0.991392 -0.1309269 0 -0.991392 -0.1309269 -0 -0.5012752 0.8652878 0 -0.5012752 0.8652878 0 -0.5665082 0.824056 0 -0.5665082 0.824056 0 -0.6285911 0.7777359 0 -0.6285911 0.7777359 0 -0.6865665 0.7270669 0 -0.6865665 0.7270669 0 -0.4682112 0.8836166 0 -0.505629 0.862751 -1.907648e-05 -0.4682114 0.8836165 1.899254e-05 -0.5056288 0.8627512 0 -0.5391537 0.8422074 0 -0.580569 0.8142111 -2.223461e-05 -0.5391542 0.8422071 2.213169e-05 -0.5805683 0.8142115 0 -0.6112463 0.7914404 0 -0.644679 0.7644535 -1.905985e-05 -0.6800445 0.7331708 1.895292e-05 -0.6112472 0.7914398 1.911409e-05 -0.6446779 0.7644542 0 -0.6820677 0.7312891 0 -0.7088777 0.7053313 -1.663532e-05 -0.7106159 0.7035801 0 -0.7539969 0.6568779 0 -0.7539969 0.6568779 0 -0.8088124 0.5880667 0 -0.8088124 0.5880667 0 -0.8554589 0.5178707 0 -0.8554589 0.5178708 0 -0.8972353 0.4415528 0 -0.8972353 0.4415528 0 -0.9316068 0.3634678 0 -0.9316068 0.3634678 0 -0.9601781 0.2793889 0 -0.960178 0.2793888 0 -0.9806484 0.1957769 0 -0.9806485 0.1957769 0 -0.6882717 0.7254531 0 -0.6882717 0.7254531 0 -0.634593 0.7728466 0 -0.634593 0.7728466 0 -0.577821 0.8161635 0 -0.577821 0.8161635 0 -0.4385788 0.8986927 0 -0.4385788 0.8986927 0 -0.4181879 0.9083605 0 -0.4181879 0.9083605 0 -0.5130379 0.858366 0 -0.5130379 0.858366 0 -0.4401515 0.8979236 0 -0.4401515 0.8979236 0 -0.3637212 0.9315079 0 -0.3637212 0.9315079 0 -0.2851252 0.9584903 0 -0.2851252 0.9584903 0 -0.2044379 0.9788796 0 -0.2044379 0.9788796 0 -0.1225891 0.9924575 0 -0.1225891 0.9924575 0 -0.03964551 0.9992138 0 -0.03964551 0.9992138 0 0.04329393 0.9990624 0 0.04329393 0.9990624 -0 0.1266088 0.9919528 0 0.1266088 0.9919528 -0 0.2081749 0.9780916 0 0.2081749 0.9780916 -0 0.2887952 0.9573909 0 0.2887952 0.9573909 -0 0.3674005 0.9300628 0 0.3674005 0.9300628 -0 0.4433923 0.8963277 0 0.4433923 0.8963277 -0 0.5162753 0.8564227 0 0.5162753 0.8564227 -0 0.5858122 0.8104469 0 0.5858122 0.8104469 -0 -0.09497508 0.9954796 0 -0.03178605 0.9994947 0 -0.03178605 0.9994947 0 0.05478485 0.9984982 0 0.05478485 0.9984981 -0 0.1411743 0.9899848 0 0.1411743 0.9899848 -0 0.2258905 0.9741526 0 0.2258905 0.9741527 -0 0.3088067 0.9511248 0 0.3088068 0.9511248 -0 0.3926382 0.919693 0 0.3926381 0.919693 -0 0.466183 0.8846883 0 0.466183 0.8846883 -0 -0.1384375 0.9903712 -1.949556e-05 -0.09564331 0.9954156 1.87251e-05 -0.1374723 0.9905056 0 -0.2225371 0.9749242 0 -0.1832236 0.9830713 1.781527e-05 -0.2225362 0.9749244 -1.785792e-05 -0.1832247 0.983071 0 -0.3066938 0.9518082 0 -0.2649094 0.9642733 1.938825e-05 -0.3066933 0.9518084 -1.934908e-05 -0.2649102 0.9642731 0 -0.3871128 0.9220324 0 -0.3480079 0.9374916 1.872995e-05 -0.3871127 0.9220324 -1.856136e-05 -0.3480082 0.9374914 0 0.6105973 0.7919413 0 0.6105973 0.7919413 0 0.5409473 0.8410565 0 0.5409473 0.8410565 0 0.6705759 0.741841 -0 0.7288888 0.6846322 0 0.7288888 0.6846322 -0 0.6073638 0.7944238 0 0.6073638 0.7944238 0 0.6366497 0.7711531 0 0.6366497 0.7711531 0 0.6705759 0.741841 0 0.6353341 0.7722374 0 0.6353341 0.7722374 -0 0.6967534 0.7173108 0 0.6967534 0.7173108 -0 0.7540523 0.6568144 0 0.7540523 0.6568144 -0 0.8059497 0.591984 0 0.8059497 0.591984 -0 0.8525643 0.5226223 0 0.8525643 0.5226223 -0 0.893028 0.450001 0 0.893028 0.450001 -0 0.927129 0.3747422 0 0.927129 0.3747422 -0 0.9552538 0.2957874 0 0.9552538 0.2957874 -0 0.9764454 0.2157647 0 0.9764454 0.2157647 -0 0.9909793 0.1340154 0 0.9909793 0.1340154 -0 0.9987173 0.05063299 0 0.9987173 0.05063299 -0 0.9994903 -0.03192205 0 0.9994903 -0.03192205 0 0.9933767 -0.1149028 0 0.9933767 -0.1149028 0 0.9803826 -0.1971042 0 0.9803826 -0.1971042 0 0.9606467 -0.2777729 0 0.9606467 -0.2777729 0 0.9035006 0.4285867 0 0.9035006 0.4285867 0 0.8677801 0.4969484 0 0.8677801 0.4969484 0 0.8270167 0.5621774 0 0.8270167 0.5621774 0 0.7809871 0.6245471 0 0.7809871 0.6245471 0 0.9362379 -0.3513667 0 0.9362379 -0.3513667 0 0.9087536 -0.4173329 0 0.9087536 -0.4173329 0 0.876652 -0.481125 0 0.876652 -0.481125 0 0.8345393 0.5509486 0 0.8345393 0.5509486 -0 0.8717681 0.4899187 0 0.8717681 0.4899187 -0 0.9045371 0.4263949 0 0.9045371 0.4263949 -0 0.8776916 -0.4792259 0 0.8776916 -0.4792259 0 0.912053 -0.4100722 0 0.912053 -0.4100722 0 0.9410264 -0.338333 0 0.9410264 -0.338333 0 0.9642922 -0.2648408 0 0.9642922 -0.2648408 0 -0.2520187 0.9677224 0 -0.2520187 0.9677224 0 -0.1703495 0.9853837 0 -0.1703495 0.9853837 0 -0.08808661 0.9961128 0 -0.08808661 0.9961128 0 -0.005137547 0.9999868 0 -0.005137547 0.9999868 0 0.07815549 0.9969411 0 0.07815549 0.9969411 -0 0.161183 0.9869245 0 0.161183 0.9869245 -0 0.2418448 0.9703149 0 0.2418448 0.9703149 -0 0.3218369 0.9467951 0 0.3218369 0.9467951 -0 0.3996249 0.9166787 0 0.3996249 0.9166787 -0 0.4743187 0.8803532 0 0.4743187 0.8803532 -0 0.5455173 0.8380996 0 0.5455173 0.8380996 -0 0.6133563 0.7898064 0 0.6133563 0.7898064 -0 0.6771361 0.7358579 0 0.6771361 0.7358579 -0 0.7356895 0.677319 0 0.7356895 0.677319 -0 0.7895301 0.6137118 0 0.7895301 0.6137118 -0 0.9983851 0.05680728 0 0.9983851 0.05680728 0 0.9943185 -0.1064461 0 0.982316 -0.1872305 0 0.982316 -0.1872305 0 0.999701 -0.02445352 0 0.999701 -0.02445353 0 0.9977454 -0.06711292 0 0.9977454 -0.06711292 0 0.9943185 -0.1064461 0 -0.2817869 0.9594771 0 -0.2817869 0.9594771 0 0.7481877 0.6634872 -0 0.7905859 0.6123511 0 0.7905859 0.6123512 -0 0.8390484 0.5440567 0 0.8390484 0.5440567 -0 0.8843036 0.4669123 0 0.8843036 0.4669123 -0 0.9208698 0.3898702 0 0.9208699 0.3898702 -0 0.9511248 0.3088067 0 0.9511248 0.3088068 -0 0.9741527 0.2258905 0 0.9741527 0.2258905 -0 0.9901955 0.1396883 0 0.9901956 0.1396883 -0 0.7211056 0.6928251 -1.772948e-05 0.7483879 0.6632612 1.797024e-05 0.7210358 0.6928978 -0 0.6557398 0.7549869 0 0.6910635 0.7227941 2.113234e-05 0.6557406 0.7549862 -2.124239e-05 0.6910625 0.722795 0 0.5892202 0.8079726 0 0.6234062 0.7818981 1.910104e-05 0.5892206 0.8079722 -1.913349e-05 0.6234057 0.7818986 0 0.5201699 0.8540628 0 0.553063 0.8331394 1.738737e-05 0.52017 0.8540627 -1.723691e-05 0.5530629 0.8331395 0 -0.99598 0.08957579 0 -0.99598 0.08957579 0 -0.9851362 0.1717749 0 -0.9851362 0.1717749 0 -0.9674065 0.2532285 0 -0.9674065 0.2532285 0 -0.9430717 0.3325897 0 -0.9430717 0.3325897 0 -0.9120931 0.4099831 0 -0.9120931 0.4099831 0 -0.8750042 0.4841152 0 -0.8750042 0.4841152 0 -0.8317679 0.5551234 0 -0.8317679 0.5551234 0 -0.782727 0.6223652 0 -0.782727 0.6223652 0 -0.7282538 0.6853074 0 -0.7282538 0.6853074 0 -0.6686808 0.7435496 0 -0.6686808 0.7435496 0 -0.6049809 0.79624 0 -0.6049809 0.79624 0 -0.5364481 0.8439333 0 -0.5364481 0.8439333 0 -0.4644597 0.8855942 0 -0.4644597 0.8855942 0 -0.3893526 0.9210887 0 -0.3893526 0.9210887 0 -0.3111596 0.9503577 0 -0.3111596 0.9503577 0 0.4693007 0.8830384 0 0.4693007 0.8830384 0 0.4890661 0.8722468 0 0.4890661 0.8722468 0 -0.9914602 -0.1304097 0 -0.9914602 -0.1304097 0 -0.9982436 -0.05924253 0 -0.9982436 -0.05924253 0 -0.9999247 0.0122771 0 -0.9999247 0.0122771 0 0.4401572 0.8979208 -0 0.3998901 0.9165631 -1.975288e-05 0.4401571 0.8979208 1.965424e-05 0.3998904 0.916563 -0 0.3622765 0.9320706 0 0.322601 0.9465351 -1.882007e-05 0.362276 0.9320709 1.867121e-05 0.3226018 0.9465348 -0 0.2747211 0.961524 0 0.2367111 0.97158 -1.749759e-05 0.1981556 0.9801706 2.121438e-05 0.2747202 0.9615242 1.744157e-05 0.2367122 0.9715798 -0 0.1974722 0.9803085 0 0.1517902 0.9884128 -2.061871e-05 0.1512641 0.9884934 0 0.08846177 0.9960796 0 0.08846178 0.9960796 0 0 1 0 0 1 0 -0.08304548 0.9965457 0 -0.08304548 0.9965458 0 -0.1692574 0.9855719 0 -0.1692574 0.9855719 0 -0.2562325 0.9666152 0 -0.2562326 0.9666152 0 -0.3373432 0.9413818 0 -0.3373432 0.9413818 0 -0.4172634 0.9087856 0 -0.4172634 0.9087856 0 -0.9947003 0.1028164 0 -0.9947003 0.1028164 0 -0.999657 0.02619188 0 -0.999657 0.02619188 0 -0.9986899 -0.05117134 0 -0.9986899 -0.05117134 -0 -0.991766 -0.1280637 0 -0.991766 -0.1280637 -0 -0.5942655 0.804269 0 -0.5610213 0.8278014 0 -0.5610213 0.8278014 0 -0.4920609 0.8705608 0 -0.4920609 0.8705607 0 -0.5942655 0.804269 0 -0.6271379 0.7789082 0 -0.6271379 0.7789082 0 -0.6886641 0.7250805 0 -0.6886641 0.7250805 0 -0.9543211 0.2987828 0 -0.9404592 0.3399066 0 -0.9404593 0.3399066 0 -0.9097727 0.4151069 0 -0.9097727 0.4151069 0 -0.9543211 0.2987828 0 -0.9652073 0.2614862 0 -0.9652073 0.2614862 0 -0.9833158 0.1819067 0 -0.9833158 0.1819067 0 -0.7441495 0.668013 0 -0.7441495 0.668013 0 -0.7934619 0.6086199 0 -0.7934619 0.6086199 0 -0.8380445 0.5456019 0 -0.8380445 0.5456019 0 -0.8776916 0.4792259 0 -0.8776916 0.4792259 0 -0.1723803 0.9850305 0 -0.21243 0.9771763 -1.818552e-05 -0.1723804 0.9850304 1.80694e-05 -0.2124296 0.9771764 0 -0.2583233 0.9660585 0 -0.299278 0.9541659 -1.889051e-05 -0.2583239 0.9660584 1.898468e-05 -0.2992772 0.9541662 0 -0.3363364 0.9417419 0 -0.381106 0.9245313 -2.123285e-05 -0.4172648 0.9087849 2.036314e-05 -0.3352196 0.94214 2.23528e-05 -0.3823518 0.9240168 0 -0.418835 0.9080623 0 -0.4571092 0.8894106 -1.895849e-05 -0.4584633 0.8887134 0 -0.5137167 0.8579598 0 -0.5137167 0.8579599 0 -0.5860705 0.8102601 0 -0.5860705 0.8102601 0 -0.6539879 0.756505 0 -0.6539879 0.756505 0 -0.7167498 0.6973304 0 -0.7167498 0.6973304 0 -0.7749788 0.6319873 0 -0.7749788 0.6319873 0 -0.8257407 0.5640498 0 -0.8257407 0.5640498 0 -0.8719047 0.4896757 0 -0.8719047 0.4896757 0 -0.8787346 0.4773107 0 -0.8787346 0.4773107 0 -0.8424025 0.538849 0 -0.8424025 0.538849 0 -0.8017446 0.5976667 0 -0.8017446 0.5976667 0 -0.1393623 0.9902415 0 -0.1393623 0.9902415 0 -0.1170197 0.9931296 0 -0.1170197 0.9931296 0 -0.753213 0.6577767 0 -0.753213 0.6577767 0 -0.6958248 0.7182115 0 -0.6958248 0.7182115 0 -0.6339172 0.773401 0 -0.6339172 0.773401 0 -0.5675099 0.8233666 0 -0.5675099 0.8233666 0 -0.4972847 0.8675874 0 -0.4972847 0.8675874 0 -0.4231265 0.9060706 0 -0.4231265 0.9060706 0 -0.3461306 0.9381863 0 -0.3461306 0.9381863 0 -0.2674925 0.96356 0 -0.2674925 0.96356 0 -0.1864375 0.9824669 0 -0.1864375 0.9824669 0 -0.1042263 0.9945536 0 -0.1042263 0.9945536 0 -0.02129521 0.9997733 0 -0.02129521 0.9997733 0 0.06201277 0.9980754 0 0.06201277 0.9980754 -0 0.1449657 0.9894366 0 0.1449657 0.9894366 -0 0.2264406 0.974025 0 0.2264406 0.974025 -0 0.3065201 0.9518642 0 0.3065201 0.9518642 -0 0.2158065 0.9764361 -0 0.280542 0.9598417 0 0.280542 0.9598418 -0 0.3603993 0.9327981 0 0.3603993 0.9327981 -0 0.4394316 0.898276 0 0.4394317 0.898276 -0 0.5165755 0.8562416 0 0.5165755 0.8562416 -0 0.5880667 0.8088124 0 0.5880666 0.8088124 -0 0.6560041 0.7547573 0 0.6560041 0.7547574 -0 0.7176327 0.6964218 0 0.7176327 0.6964219 -0 0.1764024 0.9843181 -1.780042e-05 0.2165561 0.9762701 1.853192e-05 0.1757906 0.9844276 -0 0.08479983 0.996398 0 0.130547 0.9914421 2.041125e-05 0.08480084 0.996398 -2.043852e-05 0.1305458 0.9914423 0 0.00350875 0.9999939 0 0.04605116 0.9989391 1.901104e-05 0.003509279 0.9999939 -1.882963e-05 0.04605038 0.9989392 0 -0.08129036 0.9966905 0 -0.04251444 0.9990959 1.723126e-05 -0.08100491 0.9967137 -1.693584e-05 -0.04266574 0.9990894 0 0.335977 0.9418702 0 0.335977 0.9418702 0 0.7743166 0.6327984 0 0.7743167 0.6327984 0 0.8670061 0.4982974 -0 0.9047756 0.4258888 0 0.9047756 0.4258888 -0 0.8231653 0.5678019 0 0.8231653 0.5678019 0 0.8442128 0.5360081 0 0.8442128 0.5360081 0 0.8670061 0.4982974 0 0.3655615 0.9307871 0 0.3655615 0.9307871 -0 0.4410387 0.8974881 0 0.4410387 0.8974881 -0 0.5141718 0.8576871 0 0.5141718 0.8576871 -0 0.5839083 0.8118196 0 0.5839083 0.8118196 -0 0.6490966 0.760706 0 0.6490966 0.760706 -0 0.7102197 0.7039801 0 0.7102197 0.7039801 -0 0.7662324 0.6425636 0 0.7662324 0.6425636 -0 0.8167236 0.577029 0 0.8167236 0.577029 -0 0.8620568 0.5068116 0 0.8620568 0.5068116 -0 0.9011504 0.4335066 0 0.9011504 0.4335066 -0 0.9341094 0.3569868 0 0.9341094 0.3569868 -0 0.960492 0.2783077 0 0.960492 0.2783077 -0 0.9802405 0.1978097 0 0.9802405 0.1978097 -0 0.9932976 0.1155851 0 0.9932976 0.1155851 -0 0.9994899 0.03193376 0 0.9994899 0.03193376 -0 0.991766 0.1280637 0 0.991766 0.1280637 0 0.9788855 0.2044093 0 0.9788855 0.2044093 0 0.9602414 0.279171 0 0.9602414 0.279171 0 0.9356697 0.352877 0 0.9356697 0.352877 0 0.9989985 -0.0447437 0 0.9989985 -0.0447437 0 0.9932436 -0.1160484 0 0.9932436 -0.1160484 0 0.9824241 -0.1866626 0 0.9824241 -0.1866626 0 0.963946 0.2660979 0 0.963946 0.2660979 -0 0.9804871 0.196583 0 0.9804871 0.196583 -0 0.992025 0.1260408 0 0.992025 0.1260408 -0 0.9827649 -0.1848598 0 0.9827649 -0.1848598 0 0.9941615 -0.1079029 0 0.9941615 -0.1079029 0 0.9995179 -0.03104545 0 0.9995179 -0.03104545 0 0.9989378 0.0460787 0 0.9989378 0.0460787 0 0.05945347 0.9982311 0 0.05945347 0.9982311 -0 0.1423975 0.9898095 0 0.1423975 0.9898095 -0 0.2241895 0.9745455 0 0.2241895 0.9745455 -0 0.304416 0.9525393 0 0.304416 0.9525393 -0 0.3823734 0.9240079 0 0.3823734 0.9240079 -0 0.457605 0.8891556 0 0.457605 0.8891556 -0 0.5303288 0.8477921 0 0.5303288 0.8477921 -0 0.5985311 0.8010995 0 0.5985311 0.8010995 -0 0.6632468 0.7484007 0 0.6632468 0.7484007 -0 0.7230722 0.6907725 0 0.7230722 0.6907725 -0 0.7779964 0.6282688 0 0.7779964 0.6282688 -0 0.8273904 0.5616271 0 0.8273904 0.5616271 -0 0.8713205 0.4907142 0 0.8713205 0.4907142 -0 0.9089025 0.4170086 0 0.9089025 0.4170086 -0 0.9406158 0.3394731 0 0.9406158 0.3394731 -0 0.9319626 0.3625544 0 0.9319626 0.3625544 0 0.9785415 0.20605 -0 0.9921011 0.1254413 0 0.9921011 0.1254413 -0 0.9583136 0.2857183 0 0.9583136 0.2857183 0 0.9693491 0.2456876 0 0.9693491 0.2456876 0 0.9785415 0.20605 0 0.02852882 0.999593 0 0.02852882 0.999593 0 0.5067126 0.8621151 -0 0.5632272 0.8263021 0 0.5632272 0.8263021 -0 0.6309252 0.7758436 0 0.6309252 0.7758436 -0 0.6964219 0.7176327 0 0.6964218 0.7176327 -0 0.7563867 0.6541247 0 0.7563868 0.6541247 -0 0.8088124 0.5880667 0 0.8088124 0.5880666 -0 0.8567126 0.515794 0 0.8567126 0.515794 -0 0.898972 0.438006 0 0.898972 0.438006 -0 0.471141 0.882058 -1.81617e-05 0.5071765 0.8618422 1.851975e-05 0.470953 0.8821583 -0 0.3913646 0.9202358 0 0.4302083 0.9027296 1.894032e-05 0.3913655 0.9202353 -1.893587e-05 0.4302073 0.9027301 0 0.310923 0.9504351 0 0.353058 0.9356015 1.981697e-05 0.3109235 0.9504349 -1.983059e-05 0.3530572 0.9356017 0 0.2258905 0.9741527 0 0.2691048 0.9631109 1.98084e-05 0.2258906 0.9741527 -1.974476e-05 0.2691045 0.963111 0 -0.9196757 0.3926788 0 -0.9196757 0.3926788 0 -0.8835289 0.4683767 0 -0.8835289 0.4683767 0 -0.8419646 0.5395327 0 -0.8419646 0.5395327 0 -0.7941495 0.6077225 0 -0.7941495 0.6077225 0 -0.7409356 0.6715761 0 -0.7409356 0.6715761 0 -0.6822791 0.7310919 0 -0.6822791 0.7310919 0 -0.6192634 0.7851834 0 -0.6192634 0.7851834 0 -0.552156 0.8337408 0 -0.552156 0.8337408 0 -0.4809327 0.8767576 0 -0.4809327 0.8767576 0 -0.4063769 0.9137056 0 -0.4063769 0.9137056 0 -0.3291895 0.9442639 0 -0.3291895 0.9442639 0 -0.2496116 0.9683461 0 -0.2496116 0.9683461 0 -0.1680877 0.985772 0 -0.1680877 0.985772 0 -0.08550523 0.9963377 0 -0.08550523 0.9963377 0 -0.002568799 0.9999967 0 -0.002568799 0.9999967 0 0.1734414 0.9848443 0 0.1734414 0.9848443 0 0.1956547 0.9806729 0 0.1956547 0.9806729 0 -0.2526799 0.04006619 -0.96672 -0.2537372 0.04087549 -0.9664091 -0.2541439 0.04181238 -0.9662622 -0.2540596 0.04161 -0.9662931 -0.2539245 0.04127278 -0.966343 -0.2542326 0.04207635 -0.9662274 -0.2540032 0.04145019 -0.9663147 -0.254082 0.04167597 -0.9662843 -0.2539737 0.04135138 -0.9663268 -0.2541707 0.04197169 -0.9662482 -0.2543308 0.04248906 -0.9661835 -0.2535948 0.04005065 -0.966481 -0.2542613 0.04231738 -0.9662094 -0.2541588 0.04195892 -0.966252 -0.253828 0.04077221 -0.9663897 -0.2538263 0.04076906 -0.9663903 -0.2544408 0.04309569 -0.9661276 -0.2549054 0.04491023 -0.9659226 -0.2538327 0.05062321 -0.9659225 -0.2530731 0.05168314 -0.9660656 -0.2507992 0.05480714 -0.9664864 -0.2515727 0.05376034 -0.9663441 -0.2521325 0.05301315 -0.9662395 -0.2522629 0.05284157 -0.9662149 -0.2514017 0.05395732 -0.9663777 -0.2517278 0.05354142 -0.9663159 -0.2522966 0.05282561 -0.9662069 -0.2519663 0.05327375 -0.9662685 -0.2513114 0.05393464 -0.9664024 -0.2499757 0.05432175 -0.9667271 -0.2525835 0.05256869 -0.9661461 -0.2518767 0.05334661 -0.966288 -0.2512144 0.05405446 -0.9664209 -0.2515419 0.05376063 -0.9663521 -0.252075 0.05311984 -0.9662487 -0.2513415 0.05397664 -0.9663922 -0.2570508 -0.03027219 -0.9659237 -0.2568097 -0.02951331 -0.9660112 -0.2554654 -0.02538759 -0.9664848 -0.2558079 -0.02641207 -0.9663667 -0.2564469 -0.02828626 -0.9661443 -0.2557208 -0.02620638 -0.9663954 -0.2558245 -0.02649659 -0.9663601 -0.2562702 -0.02771728 -0.9662077 -0.2561209 -0.0273171 -0.9662587 -0.2561089 -0.02721331 -0.9662648 -0.2556751 -0.02635214 -0.9664036 -0.2545479 -0.02558718 -0.9667216 -0.256406 -0.02790432 -0.9661663 -0.2559863 -0.02697224 -0.9663041 -0.2558387 -0.02665706 -0.9663519 -0.2558049 -0.02648998 -0.9663654 -0.2561503 -0.02735594 -0.9662498 -0.2557095 -0.02629531 -0.966396 -0.2526869 -0.03998004 -0.9667218 -0.2539674 -0.03952834 -0.9664047 -0.2545574 -0.03886078 -0.9662766 -0.2543812 -0.03906616 -0.9663147 -0.2539947 -0.03952942 -0.9663975 -0.2552783 -0.037943 -0.9661228 -0.254288 -0.03920506 -0.9663336 -0.2542817 -0.03921282 -0.9663349 -0.2544301 -0.03901197 -0.966304 -0.2543208 -0.03916556 -0.9663266 -0.2550364 -0.03814997 -0.9661786 -0.2537256 -0.04003641 -0.9664474 -0.2548761 -0.03835698 -0.9662127 -0.2549946 -0.0381792 -0.9661884 -0.2536865 -0.04014974 -0.9664528 -0.2540367 -0.03961245 -0.966383 -0.255306 -0.0376432 -0.9661273 -0.256301 -0.03607293 -0.9659237 -0.2351121 -0.1082401 -0.9659226 -0.2351289 -0.1055995 -0.9662107 -0.2351272 -0.1038586 -0.9663998 -0.2351316 -0.1043955 -0.9663408 -0.2351505 -0.1056895 -0.9661956 -0.2351316 -0.1048166 -0.9662953 -0.2351098 -0.1040621 -0.9663821 -0.2351382 -0.1048487 -0.9662902 -0.2351858 -0.1059537 -0.9661582 -0.2352091 -0.1053003 -0.9662238 -0.2350178 -0.1040575 -0.966405 -0.2341885 -0.10299 -0.9667206 -0.2352516 -0.105981 -0.9661391 -0.2350701 -0.1043235 -0.9663636 -0.2350464 -0.1041334 -0.96639 -0.2351065 -0.1043792 -0.9663487 -0.2351416 -0.1049188 -0.9662817 -0.2350907 -0.1042813 -0.9663632 -0.2279644 -0.1161057 -0.9667221 -0.2293295 -0.1160716 -0.9664033 -0.2304593 -0.1154052 -0.9662144 -0.229341 -0.1160866 -0.9663988 -0.2301461 -0.1155799 -0.9662681 -0.2303853 -0.1154244 -0.9662296 -0.2298246 -0.115801 -0.9663182 -0.2299585 -0.115708 -0.9662974 -0.2298588 -0.1157792 -0.9663126 -0.2299432 -0.1157149 -0.9663002 -0.2298932 -0.1157544 -0.9663074 -0.230102 -0.1155959 -0.9662767 -0.2297194 -0.1158908 -0.9663325 -0.2309915 -0.1148957 -0.966148 -0.2285383 -0.1168416 -0.9664979 -0.2300778 -0.1156022 -0.9662817 -0.2311087 -0.1147617 -0.9661359 -0.2326099 -0.113518 -0.9659225 -0.1901608 -0.1755906 -0.9659228 -0.1909293 -0.1732758 -0.9661892 -0.1915503 -0.1713581 -0.9664083 -0.1914203 -0.1717688 -0.9663612 -0.1909476 -0.1733005 -0.9661811 -0.1910007 -0.1731241 -0.9662022 -0.1914189 -0.1717002 -0.9663736 -0.1911604 -0.1726039 -0.9662637 -0.1912591 -0.1722487 -0.9663076 -0.1912148 -0.1724861 -0.966274 -0.1913596 -0.1715984 -0.9664034 -0.1908977 -0.1703182 -0.9667211 -0.1910286 -0.1733095 -0.9661635 -0.1912736 -0.1721321 -0.9663255 -0.1913274 -0.1718529 -0.9663645 -0.1913497 -0.1719129 -0.9663495 -0.1911014 -0.172889 -0.9662244 -0.1914279 -0.171522 -0.9664034 -0.1809209 -0.1808684 -0.9667234 -0.1822349 -0.1812594 -0.9664034 -0.1830136 -0.1810864 -0.9662887 -0.182683 -0.1811648 -0.9663365 -0.1826808 -0.1811654 -0.9663368 -0.1840146 -0.1808073 -0.9661508 -0.1821113 -0.1813484 -0.96641 -0.1834524 -0.1809458 -0.9662318 -0.1825925 -0.1812177 -0.9663438 -0.1832364 -0.1810038 -0.9662619 -0.1832722 -0.1809915 -0.9662575 -0.1822848 -0.1813355 -0.9663797 -0.1829336 -0.1811041 -0.9663005 -0.1835996 -0.1808615 -0.9662195 -0.1832356 -0.1809971 -0.9662633 -0.1822205 -0.181383 -0.9663829 -0.1839741 -0.1807023 -0.9661781 -0.1861468 -0.1798405 -0.9659227 -0.126586 -0.2257656 -0.9659223 -0.1277041 -0.2242473 -0.9661288 -0.1295805 -0.2216596 -0.9664761 -0.1287437 -0.2228301 -0.9663187 -0.1277407 -0.2242547 -0.9661223 -0.1290278 -0.2224 -0.9663799 -0.1287777 -0.2227648 -0.9663293 -0.1283459 -0.2234076 -0.9662383 -0.1286818 -0.2229007 -0.9663107 -0.1285783 -0.2230754 -0.9662841 -0.1289622 -0.2223316 -0.9664044 -0.1289187 -0.2209773 -0.9667208 -0.128239 -0.2236556 -0.966195 -0.1286948 -0.2228568 -0.966319 -0.1287173 -0.222816 -0.9663255 -0.1288035 -0.2227141 -0.9663374 -0.1284909 -0.223209 -0.9662649 -0.1288374 -0.2226421 -0.9663495 -0.116187 -0.2279302 -0.9667205 -0.1172922 -0.2286917 -0.9664071 -0.1186338 -0.2288201 -0.9662129 -0.117476 -0.228726 -0.9663767 -0.1181913 -0.2287737 -0.9662781 -0.1184593 -0.2287877 -0.966242 -0.117603 -0.2287557 -0.9663541 -0.117996 -0.2287646 -0.9663042 -0.1185482 -0.228769 -0.9662355 -0.1179594 -0.2287729 -0.9663066 -0.1182518 -0.2287688 -0.9662719 -0.1172391 -0.2287901 -0.9663902 -0.1175308 -0.2287819 -0.9663568 -0.1195619 -0.2287099 -0.9661246 -0.1172435 -0.2288083 -0.9663854 -0.1174951 -0.228796 -0.9663577 -0.1188001 -0.2287225 -0.9662156 -0.1214825 -0.2285521 -0.9659224 -0.05062321 -0.2538327 -0.9659225 -0.05246695 -0.2525111 -0.9661705 -0.05421142 -0.2512412 -0.9664052 -0.05360035 -0.2516927 -0.9663218 -0.05242883 -0.2525702 -0.9661571 -0.05413654 -0.2512719 -0.9664013 -0.05380885 -0.2515263 -0.9663535 -0.05284128 -0.2522824 -0.9662098 -0.05297152 -0.252179 -0.9662297 -0.05301198 -0.2522178 -0.9662173 -0.05395044 -0.2512885 -0.9664075 -0.05432566 -0.2499937 -0.9667222 -0.05250089 -0.2526453 -0.9661335 -0.05367446 -0.2515788 -0.9663473 -0.05373263 -0.2515244 -0.9663582 -0.05383404 -0.2514834 -0.9663633 -0.05304969 -0.252135 -0.9662369 -0.05404789 -0.2512805 -0.9664042 -0.04007114 -0.2526762 -0.9667208 -0.04089664 -0.2537547 -0.9664036 -0.0417372 -0.2541196 -0.9662718 -0.0412558 -0.253919 -0.9663452 -0.04127216 -0.2539254 -0.9663429 -0.04242054 -0.2543657 -0.9661773 -0.04144826 -0.2540093 -0.9663133 -0.04132477 -0.2539659 -0.9663299 -0.04177336 -0.2541156 -0.9662713 -0.04111898 -0.2539065 -0.9663543 -0.04234432 -0.2542871 -0.9662013 -0.04005065 -0.2535948 -0.966481 -0.04143304 -0.2540015 -0.966316 -0.04285626 -0.2544087 -0.9661468 -0.04183015 -0.2541229 -0.9662669 -0.03984195 -0.2535835 -0.9664927 -0.04293723 -0.2544003 -0.9661454 -0.04491023 -0.2549054 -0.9659226 0.03027219 -0.2570508 -0.9659237 0.02868557 -0.2565466 -0.9661061 0.02538781 -0.2554718 -0.9664832 0.02712222 -0.2560518 -0.9662825 0.02848301 -0.2565147 -0.9661206 0.02611696 -0.2556888 -0.9664063 0.02649659 -0.2558245 -0.9663601 0.02677342 -0.2559256 -0.9663256 0.02834966 -0.256514 -0.9661247 0.0272579 -0.2561302 -0.9662579 0.02635134 -0.2556739 -0.9664039 0.02558718 -0.2545479 -0.9667216 0.02795294 -0.2564205 -0.966161 0.02697684 -0.2559804 -0.9663054 0.02620578 -0.2556193 -0.9664223 0.02690816 -0.2559638 -0.9663118 0.02690067 -0.2559611 -0.9663128 0.02670542 -0.2558799 -0.9663396 0.03997932 -0.2526889 -0.9667212 0.03952834 -0.2539674 -0.9664047 0.03880807 -0.2546039 -0.9662664 0.03946257 -0.2540416 -0.9663879 0.0388388 -0.2545621 -0.9662762 0.03829319 -0.2550035 -0.9661816 0.03920506 -0.254288 -0.9663336 0.0388611 -0.2545496 -0.9662786 0.03901546 -0.2544356 -0.9663025 0.03916944 -0.2543266 -0.9663249 0.03889424 -0.2545194 -0.9662852 0.03940391 -0.2541653 -0.9663578 0.03976392 -0.2539195 -0.9664076 0.03806112 -0.2550663 -0.9661742 0.03882138 -0.2545618 -0.9662769 0.03948793 -0.2541256 -0.9663648 0.03776518 -0.2552353 -0.9661412 0.03608637 -0.2562992 -0.9659237 0.1082429 -0.2351182 -0.9659208 0.1060947 -0.2351319 -0.9661557 0.1046453 -0.2351307 -0.9663141 0.1043947 -0.2351287 -0.9663416 0.1053019 -0.2351421 -0.9662399 0.1052883 -0.2351418 -0.9662415 0.1027537 -0.2350681 -0.9665323 0.1056832 -0.2351742 -0.9661906 0.1051218 -0.23515 -0.9662577 0.1046922 -0.2351154 -0.9663127 0.1040713 -0.2350199 -0.9664031 0.1029942 -0.2341833 -0.9667215 0.105612 -0.23522 -0.9661871 0.1047316 -0.2351236 -0.9663064 0.1049201 -0.2351471 -0.9662803 0.1043789 -0.2351126 -0.9663473 0.1051006 -0.2351594 -0.9662576 0.1042807 -0.235094 -0.9663625 0.1161121 -0.2279707 -0.9667199 0.116078 -0.2293362 -0.9664009 0.1157328 -0.2299216 -0.9663032 0.1161943 -0.2291648 -0.9664276 0.115469 -0.2303167 -0.9662406 0.1152059 -0.2307215 -0.9661756 0.1162496 -0.2291657 -0.9664208 0.1155898 -0.2301188 -0.9662734 0.1157769 -0.2298569 -0.9663134 0.1159524 -0.2296181 -0.9663491 0.1150128 -0.2308746 -0.966162 0.1163425 -0.2291232 -0.9664196 0.1148665 -0.2310399 -0.9661399 0.1156823 -0.2299956 -0.9662917 0.1157764 -0.2298769 -0.9663087 0.1164268 -0.2290704 -0.966422 0.1147617 -0.2311087 -0.9661359 0.113508 -0.232622 -0.9659208 0.17559 -0.1901615 -0.9659228 0.1732761 -0.1909297 -0.9661891 0.1720463 -0.1913281 -0.9663301 0.1717662 -0.1914174 -0.9663622 0.1739659 -0.1907373 -0.9661031 0.1711922 -0.1915725 -0.9664332 0.1723584 -0.1912301 -0.9662938 0.1719536 -0.1913461 -0.9663429 0.1729025 -0.1910825 -0.9662257 0.1724861 -0.1912148 -0.966274 0.1716084 -0.1913579 -0.9664019 0.17032 -0.1908931 -0.9667218 0.1733384 -0.1910175 -0.9661605 0.1718028 -0.1913371 -0.9663715 0.1718529 -0.1913274 -0.9663645 0.172529 -0.1911838 -0.9662725 0.1719516 -0.1913303 -0.9663464 0.1721359 -0.1912863 -0.9663222 0.180874 -0.1809395 -0.9667189 0.1812594 -0.1822349 -0.9664034 0.1810864 -0.1830136 -0.9662887 0.1811648 -0.182683 -0.9663365 0.1812432 -0.1823727 -0.9663804 0.1807194 -0.1843241 -0.9661082 0.1812622 -0.1824133 -0.9663692 0.1810408 -0.1831522 -0.9662709 0.181314 -0.1822878 -0.9663831 0.180999 -0.1832345 -0.9662632 0.1807799 -0.1838794 -0.9661817 0.1815497 -0.1816694 -0.9664553 0.1806549 -0.1841798 -0.9661478 0.1810955 -0.1829716 -0.9662949 0.1812344 -0.1825985 -0.9663394 0.1811332 -0.1828635 -0.9663083 0.1809559 -0.1833211 -0.9662547 0.1798322 -0.1861547 -0.9659228 0.2257656 -0.126586 -0.9659223 0.2238549 -0.127993 -0.9661816 0.2220569 -0.1292967 -0.9664228 0.2228301 -0.1287437 -0.9663187 0.2238715 -0.1280107 -0.9661753 0.2231695 -0.128498 -0.9662731 0.2223794 -0.129036 -0.9663836 0.2234076 -0.1283459 -0.9662383 0.2229007 -0.1286818 -0.9663107 0.2236413 -0.1282801 -0.966193 0.2223198 -0.1289618 -0.9664072 0.2209653 -0.1289183 -0.9667235 0.2236556 -0.128239 -0.966195 0.223001 -0.1286124 -0.9662967 0.2224673 -0.1289071 -0.9663805 0.2227141 -0.1288035 -0.9663374 0.2233485 -0.1284028 -0.9662443 0.222502 -0.1289202 -0.9663708 0.2279081 -0.1161724 -0.9667274 0.2286972 -0.1173178 -0.9664026 0.2288231 -0.1186324 -0.9662125 0.2286791 -0.1168626 -0.9664621 0.2287947 -0.1185941 -0.9662237 0.2287877 -0.1184593 -0.966242 0.2287557 -0.117603 -0.9663541 0.2287693 -0.1182013 -0.9662779 0.2287672 -0.1179398 -0.9663104 0.2287645 -0.1183488 -0.966261 0.2287599 -0.1186732 -0.9662223 0.2287901 -0.1172391 -0.9663902 0.2287699 -0.1179568 -0.9663076 0.2287286 -0.1191243 -0.9661743 0.2287899 -0.117679 -0.9663368 0.2288412 -0.1166337 -0.9664514 0.2286962 -0.1192163 -0.9661705 0.2285521 -0.1214825 -0.9659224 0.253833 -0.05061372 -0.965923 0.2525056 -0.05246565 -0.966172 0.2508006 -0.05480755 -0.966486 0.2516927 -0.05360035 -0.9663218 0.2520162 -0.05316838 -0.9662613 0.2522642 -0.05284213 -0.9662145 0.2515205 -0.05380488 -0.9663552 0.2517278 -0.05354142 -0.9663159 0.2521801 -0.05297224 -0.9662293 0.2519673 -0.0532751 -0.9662682 0.2513119 -0.05393611 -0.9664022 0.249979 -0.05432246 -0.9667263 0.2526453 -0.05250089 -0.9661335 0.2518134 -0.05341622 -0.9663005 0.2512151 -0.05405574 -0.9664207 0.2516026 -0.05368837 -0.9663404 0.252075 -0.05311984 -0.9662487 0.2512805 -0.05404789 -0.9664042 0.2526655 -0.04006287 -0.9667239 0.2537439 -0.04088839 -0.9664068 0.2541447 -0.04181157 -0.966262 0.2540609 -0.04160933 -0.9662927 0.2538984 -0.04120503 -0.9663528 0.2542064 -0.04200802 -0.9662373 0.2540517 -0.04158599 -0.9662962 0.254083 -0.04167561 -0.9662841 0.2539747 -0.04135112 -0.9663265 0.2541714 -0.04197143 -0.9662481 0.2543319 -0.04248891 -0.9661832 0.2535545 -0.03991375 -0.9664974 0.254305 -0.04246529 -0.9661913 0.2539034 -0.04106332 -0.9663575 0.2540754 -0.04168019 -0.9662859 0.2537876 -0.04062096 -0.9664066 0.2544408 -0.04309569 -0.9661276 0.2549046 -0.04490729 -0.9659229 0.2570511 0.03027598 -0.9659234 0.2568089 0.02951323 -0.9660115 0.2554351 0.02529687 -0.9664952 0.2558079 0.02641207 -0.9663667 0.2564803 0.02838431 -0.9661326 0.2557201 0.02620645 -0.9663956 0.2558239 0.02649668 -0.9663603 0.2562024 0.02753356 -0.966231 0.2561893 0.02749855 -0.9662355 0.2561302 0.0272579 -0.9662579 0.2556739 0.02635134 -0.9664039 0.2545468 0.02558641 -0.9667219 0.2563863 0.0278601 -0.9661728 0.2559863 0.02697224 -0.9663041 0.2558387 0.02665706 -0.9663519 0.2559638 0.02690816 -0.9663118 0.2559611 0.02690067 -0.9663128 0.255727 0.02633752 -0.9663902 0.2526889 0.03997932 -0.9667212 0.2539526 0.03953355 -0.9664083 0.2549516 0.038403 -0.9661909 0.2542905 0.03917278 -0.9663342 0.2540384 0.03947546 -0.9663882 0.2552367 0.03799445 -0.9661317 0.2543293 0.03915093 -0.9663249 0.2542817 0.03921282 -0.9663349 0.2543894 0.03906702 -0.9663125 0.2543992 0.0390529 -0.9663105 0.2549578 0.03826142 -0.9661949 0.2538064 0.03991843 -0.966431 0.2543527 0.03912028 -0.9663199 0.2549882 0.0381771 -0.9661902 0.2541182 0.03948793 -0.9663667 0.2541176 0.0394867 -0.966367 0.2552283 0.03776393 -0.9661431 0.2563025 0.03606867 -0.9659235 0.2351121 0.1082401 -0.9659226 0.2351313 0.1051978 -0.966254 0.2351307 0.1046453 -0.9663141 0.2351287 0.1043947 -0.9663416 0.2351478 0.1056888 -0.9661964 0.2351124 0.10406 -0.9663818 0.2351341 0.1048098 -0.9662955 0.2351355 0.1048484 -0.9662909 0.235167 0.10558 -0.9662036 0.2352064 0.1053017 -0.9662244 0.2350153 0.1040592 -0.9664054 0.2341828 0.1029875 -0.9667222 0.2352142 0.1056138 -0.9661883 0.2350928 0.1045053 -0.9663385 0.2350694 0.1043181 -0.9663644 0.2351065 0.1043792 -0.9663487 0.2351535 0.1051011 -0.9662591 0.235088 0.1042817 -0.9663638 0.2279644 0.1161024 -0.9667226 0.2293354 0.1160681 -0.9664024 0.2302791 0.1155115 -0.9662446 0.2293406 0.1160837 -0.9663992 0.230145 0.1155771 -0.9662687 0.2303841 0.1154217 -0.9662303 0.2298235 0.1157982 -0.9663187 0.2299568 0.1157055 -0.9662981 0.2298569 0.1157769 -0.9663134 0.2305995 0.1152297 -0.9662018 0.2295655 0.1160032 -0.9663555 0.2297696 0.1158482 -0.9663256 0.2297167 0.1158886 -0.9663333 0.230989 0.1148939 -0.9661487 0.2292119 0.1163038 -0.9664033 0.2293965 0.1161547 -0.9663774 0.2311058 0.1147602 -0.9661367 0.2326129 0.1135117 -0.9659225 0.190146 0.1756064 -0.9659228 0.1909219 0.1732695 -0.9661918 0.1917415 0.1707384 -0.96648 0.1912252 0.1723747 -0.9662918 0.1909398 0.1732955 -0.9661835 0.1911735 0.1725199 -0.9662761 0.1915873 0.1711095 -0.966445 0.1908229 0.1737849 -0.9661188 0.1912509 0.1722453 -0.9663098 0.1912055 0.172488 -0.9662755 0.1913517 0.1715911 -0.9664062 0.1908931 0.17032 -0.9667218 0.1910855 0.1730138 -0.9662052 0.1912691 0.1721322 -0.9663264 0.1912646 0.1721555 -0.9663231 0.1913414 0.1719102 -0.9663516 0.1911669 0.1725959 -0.9662638 0.1913543 0.1718113 -0.9663666 0.1809318 0.1808663 -0.9667218 0.1822361 0.1812543 -0.9664041 0.1830143 0.1810814 -0.9662894 0.1823695 0.1812343 -0.9663827 0.1826806 0.1811558 -0.9663387 0.1840136 0.180798 -0.9661527 0.1824108 0.1812532 -0.9663714 0.1831495 0.1810319 -0.9662731 0.1828918 0.1811133 -0.9663066 0.1826256 0.1812012 -0.9663405 0.1832678 0.1809832 -0.9662598 0.1828938 0.1811136 -0.9663063 0.1829327 0.1811002 -0.9663014 0.1835968 0.1808576 -0.9662209 0.1826002 0.1812288 -0.9663401 0.1822162 0.1813755 -0.9663851 0.1846097 0.1804453 -0.9661049 0.1861544 0.1798325 -0.9659227 0.1265829 0.2257599 -0.965924 0.1282054 0.2235564 -0.9662225 0.1290891 0.2223377 -0.966386 0.1287405 0.2228247 -0.9663204 0.1282085 0.2235807 -0.9662165 0.1282995 0.2234497 -0.9662347 0.1294804 0.2217181 -0.966476 0.1287874 0.2227516 -0.966331 0.1282496 0.2235632 -0.9662151 0.1283868 0.2234345 -0.9662266 0.1289583 0.2223265 -0.9664061 0.1289148 0.2209705 -0.9667228 0.1282331 0.2236532 -0.9661964 0.1286891 0.2228552 -0.9663202 0.1289037 0.2224666 -0.9663811 0.1288035 0.2227141 -0.9663374 0.1282835 0.2235374 -0.9662166 0.1288323 0.2226396 -0.9663508 0.1161939 0.2279309 -0.9667194 0.1172992 0.2286924 -0.966406 0.1186338 0.2288201 -0.9662129 0.117476 0.228726 -0.9663767 0.1177904 0.228747 -0.9663334 0.1188574 0.2288025 -0.9661896 0.1179989 0.2287706 -0.9663024 0.1175985 0.2287614 -0.9663533 0.1181466 0.2287658 -0.9662854 0.1175413 0.2287699 -0.9663583 0.1194882 0.2287425 -0.966126 0.1172391 0.2287901 -0.9663902 0.1167047 0.2288051 -0.9664513 0.11956 0.2287041 -0.9661263 0.118088 0.2287667 -0.9662924 0.1166324 0.2288384 -0.9664522 0.1196693 0.2286675 -0.9661213 0.1214671 0.2285531 -0.9659241 -0.03028877 0.2570561 -0.9659217 -0.02775237 0.2562497 -0.9662122 -0.02630509 0.255778 -0.9663776 -0.02622827 0.2557532 -0.9663863 -0.02759135 0.2562176 -0.9662253 -0.02786617 0.2563135 -0.9661919 -0.02649659 0.2558245 -0.9663601 -0.02677342 0.2559256 -0.9663256 -0.02749698 0.2561958 -0.9662337 -0.02767247 0.256339 -0.9661908 -0.02635134 0.2556739 -0.9664039 -0.02557949 0.2545366 -0.9667248 -0.02794911 0.256426 -0.9661597 -0.02697268 0.2559857 -0.9663042 -0.02620107 0.2556243 -0.966421 -0.02648636 0.2558102 -0.9663641 -0.02730945 0.2561381 -0.9662544 -0.02670236 0.2558858 -0.9663382 -0.03997932 0.2526889 -0.9667212 -0.03952381 0.2539802 -0.9664016 -0.03915922 0.2543025 -0.9663316 -0.03911977 0.2543356 -0.9663244 -0.03918717 0.2542801 -0.9663364 -0.03829319 0.2550035 -0.9661816 -0.03920506 0.254288 -0.9663336 -0.0388611 0.2545496 -0.9662786 -0.03901546 0.2544356 -0.9663025 -0.03916944 0.2543266 -0.9663249 -0.03815284 0.2550423 -0.9661769 -0.0401573 0.2536495 -0.9664623 -0.0382443 0.2549599 -0.966195 -0.03883862 0.2545583 -0.9662772 -0.03961247 0.2540446 -0.966381 -0.03948793 0.2541256 -0.9663648 -0.03776518 0.2552353 -0.9661412 -0.03607174 0.2563084 -0.9659218 -0.1082401 0.2351121 -0.9659226 -0.1060922 0.2351259 -0.9661576 -0.1037537 0.2351237 -0.9664119 -0.1043947 0.2351287 -0.9663416 -0.1053019 0.2351421 -0.9662399 -0.1044372 0.2351233 -0.9663383 -0.1044349 0.2351232 -0.9663387 -0.1048487 0.2351382 -0.9662902 -0.1051218 0.23515 -0.9662577 -0.1055355 0.2352391 -0.9661909 -0.1040476 0.2350101 -0.966408 -0.10299 0.2341885 -0.9667206 -0.1056138 0.2352142 -0.9661883 -0.1047337 0.2351178 -0.9663076 -0.1040873 0.2350373 -0.966397 -0.1047897 0.2351334 -0.9662978 -0.1051011 0.2351535 -0.9662591 -0.1042817 0.235088 -0.9663638 -0.1161056 0.2279706 -0.9667206 -0.1160714 0.2293357 -0.9664019 -0.1157265 0.2299206 -0.9663043 -0.1159753 0.2295115 -0.9663717 -0.115684 0.2299751 -0.9662964 -0.1152004 0.230719 -0.9661767 -0.115801 0.2298246 -0.9663182 -0.1158226 0.229793 -0.9663231 -0.1157769 0.2298569 -0.9663134 -0.1159524 0.2296181 -0.9663491 -0.1155063 0.230215 -0.9662604 -0.1158421 0.2297728 -0.9663256 -0.1153783 0.2303758 -0.9662374 -0.1156786 0.2299906 -0.9662933 -0.1152425 0.2305403 -0.9662144 -0.1164268 0.2290704 -0.966422 -0.1147617 0.2311087 -0.9661359 -0.113518 0.2326099 -0.9659225 -0.1756064 0.190146 -0.9659228 -0.1732695 0.1909219 -0.9661918 -0.1720401 0.1913202 -0.9663327 -0.1717599 0.1914088 -0.966365 -0.1726233 0.1911423 -0.9662638 -0.1725199 0.1911735 -0.9662761 -0.1723558 0.1912224 -0.9662957 -0.1719497 0.1913376 -0.9663453 -0.172247 0.191255 -0.9663087 -0.172831 0.1911491 -0.9662254 -0.1716114 0.1913479 -0.9664034 -0.1703141 0.1908799 -0.9667254 -0.1730138 0.1910855 -0.9662052 -0.1721322 0.1912691 -0.9663264 -0.1718535 0.1913228 -0.9663654 -0.1725274 0.1911794 -0.9662736 -0.1722728 0.1912441 -0.9663063 -0.1718113 0.1913543 -0.9663666 -0.1808586 0.1809241 -0.9667248 -0.1812492 0.1822373 -0.9664048 -0.1810763 0.1830151 -0.9662902 -0.18108 0.1829995 -0.9662925 -0.1812384 0.1823726 -0.9663814 -0.180798 0.1840136 -0.9661527 -0.1812532 0.1824108 -0.9663714 -0.1810319 0.1831495 -0.9662731 -0.181209 0.1825891 -0.966346 -0.1809953 0.1832308 -0.9662645 -0.1807757 0.1838772 -0.9661828 -0.1815457 0.181667 -0.9664565 -0.1808756 0.1835466 -0.9662271 -0.1808576 0.1835968 -0.9662209 -0.1812306 0.1825954 -0.9663407 -0.1813747 0.1822162 -0.9663852 -0.180695 0.183967 -0.9661809 -0.1798242 0.1861623 -0.9659228 -0.2257618 0.1265929 -0.9659223 -0.2242504 0.127706 -0.9661278 -0.2216625 0.1295825 -0.966475 -0.2228342 0.1287461 -0.9663175 -0.2238742 0.1280129 -0.9661745 -0.2227893 0.1287657 -0.9663252 -0.2227658 0.12878 -0.9663286 -0.2231313 0.1285359 -0.9662769 -0.2231835 0.1285013 -0.9662695 -0.2234351 0.1283902 -0.9662261 -0.2223198 0.1289655 -0.9664066 -0.2209651 0.128922 -0.9667231 -0.2236545 0.1282417 -0.966195 -0.2231987 0.1285032 -0.9662657 -0.2224673 0.1289071 -0.9663805 -0.2229039 0.128683 -0.9663097 -0.2233485 0.1284028 -0.9662443 -0.2223108 0.129037 -0.9663992 -0.2279206 0.1161787 -0.9667237 -0.2286995 0.1173091 -0.9664032 -0.2288056 0.1184171 -0.9662429 -0.2286959 0.1170697 -0.966433 -0.2287838 0.1183857 -0.9662519 -0.2287984 0.1186652 -0.9662142 -0.2287586 0.1176026 -0.9663536 -0.2287676 0.117996 -0.9663035 -0.2287672 0.1179398 -0.9663104 -0.2287616 0.1187667 -0.9662104 -0.2287688 0.1182518 -0.9662719 -0.2287901 0.1172391 -0.9663902 -0.2287699 0.1179568 -0.9663076 -0.2287129 0.1195629 -0.9661238 -0.2288112 0.1172446 -0.9663845 -0.2288412 0.1166337 -0.9664514 -0.2286446 0.1201288 -0.9660698 -0.2285593 0.1214694 -0.9659224 -0.9832277 0.1823824 0 -0.9832277 0.1823824 0 -0.9676747 0.2522017 0 -0.9676747 0.2522017 0 -0.9472023 0.3206364 0 -0.9472023 0.3206364 0 0.1404382 0.9900894 -0 0.09915277 0.9950722 -1.85666e-05 0.1404381 0.9900894 1.840772e-05 0.09915309 0.9950722 -0 0.0531164 0.9985883 0 0.01059935 0.9999438 -1.882996e-05 0.05311587 0.9985884 1.886996e-05 0.01060011 0.9999438 -0 -0.02825726 0.9996006 0 -0.07400277 0.997258 -2.032515e-05 -0.1197018 0.9928099 1.768019e-05 -0.0282583 0.9996007 2.037082e-05 -0.07400149 0.9972581 0 -0.1197005 0.9928101 0 -0.1592339 0.9872409 -1.777257e-05 -0.1592324 0.9872411 0 -0.2242147 0.9745398 0 -0.2242148 0.9745398 0 -0.3077261 0.951475 0 -0.3077261 0.951475 0 -0.3877418 0.921768 0 -0.3877418 0.921768 0 -0.4669123 0.8843036 0 -0.4669123 0.8843036 0 -0.5399547 0.8416941 0 -0.5399547 0.8416941 0 -0.6132063 0.7899228 0 -0.6132063 0.7899228 0 -0.6764441 0.7364939 0 -0.6764441 0.736494 0 0.05064134 0.2538278 -0.9659228 0.05168476 0.25308 -0.9660638 0.05421142 0.2512412 -0.9664052 0.05360035 0.2516927 -0.9663218 0.05316838 0.2520162 -0.9662613 0.05341608 0.2518279 -0.9662967 0.05380885 0.2515263 -0.9663535 0.05354392 0.2517323 -0.9663146 0.05297494 0.2521845 -0.9662281 0.05334992 0.2519028 -0.9662808 0.05394294 0.2513143 -0.9664012 0.05432566 0.2499937 -0.9667222 0.0531612 0.2520629 -0.9662496 0.05335762 0.2518841 -0.9662853 0.05373856 0.2515277 -0.9663571 0.05376408 0.2515477 -0.9663505 0.05312405 0.2520799 -0.9662472 0.05372047 0.2515693 -0.9663473 0.040057 0.2526698 -0.9667231 0.04088283 0.2537487 -0.9664059 0.04215935 0.2543029 -0.9662053 0.04083527 0.2537504 -0.9664074 0.04161822 0.2540639 -0.9662915 0.04248685 0.2543969 -0.9661662 0.04103272 0.2538636 -0.9663693 0.04174232 0.2541121 -0.9662736 0.04134951 0.253981 -0.9663249 0.04211418 0.2542235 -0.9662281 0.04133822 0.2539836 -0.9663247 0.04092072 0.2538576 -0.9663756 0.04231839 0.2542673 -0.9662077 0.04195892 0.2541656 -0.9662502 0.0409188 0.2538756 -0.9663709 0.04076711 0.2538343 -0.9663883 0.04293822 0.2544073 -0.9661434 0.04489188 0.2549075 -0.9659228 -0 0 -1 0 0 -1 0 0 -1 0 0 -1 0 0 -1 0 0 -1 0 0 -1 0 0 -1 0 -0 -1 0 0 -1 0 0 -1 0 0 -1 0 0 -1 0 0 -1 0 0 -1 0 0 -1 0 0 -1 0 0 -1 0 0 -1 0 0 -1 0 -0 -1 -0 0 -1 0 0 -1 0 0 -1 0 0 -1 0 0 -1 0 0 -1 0 0 -1 0 0 -1 0 0 -1 0 0 -1 0 0 -1 0 0 -1 0 0 -1 0 0 -1 0 0 -1 0 0 -1 -0 0 -1 0 0 -1 0 0 -1 0 0 -1 0 0 -1 0 0 -1 0 -0 -1 0 0 -1 -0 0 -1 0 0 -1 0 0 -1 0 0 -1 0 0 -1 0 0 -1 0 0 -1 0 0 -1 -0 0 -1 -0 0 -1 0 0 -1 0 0 -1 0 0 -1 0 0 -1 0 0 -1 0 0 -1 0 0 -1 0 0 -1 0 0 -1 0 0 -1 0 0 -1 0 0 -1 0 0 -1 0 0 -1 0 0 -1 0 0 -1 0 0 -1 0 0 -1 0 0 -1 0 0 -1 0 0 -1 0 0 -1 0 0 -1 0 0 -1 0 0 -1 0 0 -1 0 0 -1 0 0 -1 0 0 -1 0 0 -1 0 0 -1 0 -0 -1 0 -0 -1 0 -0 -1 0 -0 -1 0 -0 -1 0 -0 -1 0 0 -1 0 0 -1 0 0 -1 0 0 -1 0 0 -1 0 0 -1 0 0 -1 0 0 -1 0 0 -1 0 0 -1 0 0 -1 0 0 -1 0 0 -1 0 0 -1 0 0 -1 0 0 -1 0 0 -1 0 0 -1 0 0 -1 0 0 -1 0 0 -1 0 0 -1 0 0 -1 0 0 -1 0 0 -1 0 0 -1 0 0 -1 0 0 -1 0 0 -1 0 0 -1 0 0 -1 0 0 -1 0 0 -1 0 0 -1 0 0 -1 0 0 -1 0 0 -1 0 0 -1 0 0 -1 0 0 -1 0 0 -1 0 0 -1 0 0 -1 0 0 -1 0 0 -1 0 0 -1 0 0 -1 0 0 -1 0 0 -1 0 0 -1 0 0 -1 0 0 -1 0 0 -1 0 0 -1 0 0 -1 0 0 -1 0 0 -1 0 0 -1 -0 0 -1 -0 0 -1 0 0 -1 -0 0 -1 0 0 -1 0 0 -1 -0 0 -1 -0 0 -1 0 0 -1 0 0 -1 0 0 -1 -0 0 -1 0 0 -1 0 0 -1 0 0 -1 0 -0 -1 0 0 -1 0 -0 -1 0 -0 -1 0 0 -1 0 0 -1 0 0 -1 0 0 -1 0 -0 -1 0 -0 -1 0 0 -1 0 -0 -1 0 -0 -1 0 0 -1 0 -0 -1 0 -0 -1 0 0 -1 -0 0 -1 -0 0 -1 -0 0 -1 -0 0 -1 0 0 -1 0 -0 -1 0 -0 -1 0 0 -1 0 0 -1 0 0 -1 0 0 -1 0 0 -1 0 0 -1 0 0 -1 0 0 -1 0 -0 -1 0 0 -1 0 0 -1 0 0 -1 0 0 -1 0 -0 -1 0 0 -1 0 0 -1 0 0 -1 0 0 -1 0 0 -1 0 0 -1 0 0 -1 0 0 -1 0 0 -1 0 0 -1 0 0 -1 0 0 -1 0 0 -1 0 0 -1 0 0 -1 0 0 -1 0 0 -1 0 0 -1 0 0 -1 0 0 -1 0 0 -1 0 0 -1 0 0 -1 0 0 -1 0 0 -1 0 0 -1 0 0 -1 0 0 -1 0 0 -1 0 0 -1 0 0 -1 0 0 -1 0 0 -1 0 0 -1 0 0 -1 0 0 -1 0 0 -1 0 0 -1 0 0 -1 0 0 -1 0 0 -1 0 0 -1 0 0 -1 0 0 -1 0 0 -1 0 0 -1 0 0 -1 0 0 -1 0 0 -1 0 0 -1 0 0 -1 -0 0 -1 0 0 -1 0 0 -1 0 0 -1 0 0 -1 0 0 -1 0 0 -1 0 0 -1 -0 -0 -1 0 0 -1 0 0 -1 0 0 -1 0 0 -1 0 0 -1 0 -0 -1 0 0 -1 0 0 -1 0 0 -1 0 0 -1 0 0 -1 0 0 -1 0 0 -1 0 0 -1 0 0 -1 0 0 -1 0 0 -1 0 0 -1 0 0 -1 0 0 -1 0 0 -1 0 0 -1 0 0 -1 0 0 -1 0 0 -1 0 0 -1 0 0 -1 0 0 -1 0 0 -1 0 0 -1 0 0 -1 0 0 -1 0 0 -1 0 0 -1 0 0 -1 0 0 -1 0 -0 -1 0 -0 -1 0 0 -1 0 0 -1 0 0 -1 0 0 -1 0 -0 -1 0 -0 -1 0 -0 -1 0 -0 -1 0 0 -1 0 -0 -1 0 -0 -1 0 0 -1 0 0 -1 0 0 -1 0 0 -1 0 -0 -1 0 0 -1 0 0 -1 0 0 -1 0 -0 -1 0 -0 -1 0 0 -1 0 0 -1 0 -0 -1 0 0 -1 0 0 -1 0 0 -1 -0 0 -1 -0 0 -1 0 0 -1 0 0 -1 0 -0 -1 0 -0 -1 0 0 -1 -0 0 -1 -0 0 -1 0 0 -1 0 0 -1 0 0 -1 0 0 -1 0 0 -1 0 0 -1 0 0 -1 0 0 -1 0 0 -1 0 0 -1 0 0 -1 0 0 -1 0 0 -1 0 0 -1 0 0 -1 0 0 -1 0 0 -1 0 0 -1 0 0 -1 -0 0 -1 -0 0 -1 0 0 -1 0 0 -1 0 0 -1 0 0 -1 0 0 -1 0 0 -1 0 0 -1 0 0 -1 0 0 -1 0 0 -1 0 0 -1 0 0 -1 0 0 -1 0 0 -1 0 0 -1 -0 -0 -1 -0 -0 -1 0 0 -1 0 0 -1 0 0 -1 -0 0 -1 0 0 -1 0 0 -1 0 0 -1 0 0 -1 0 0 -1 0 0 -1 0 0 -1 0 0 -1 0 0 -1 0 -0 -1 0 -0 -1 0 0 -1 0 -0 -1 -0 0 -1 0 -0 -1 0 -0 -1 0 0 -1 0 0 -1 0 0 -1 0 0 -1 0 0 -1 0 0 -1 0 0 -1 0 0 -1 0 0 -1 0 0 -1 0 0 -1 0 0 -1 0 -0 -1 0 0 -1 0 0 -1 0 0 -1 0 0 -1 0 -0 -1 0 -0 -1 0 0 -1 -0 0 -1 -0 0 -1 0 0 -1 0 0 -1 0 0 -1 0 0 -1 -0 0 -1 -0 0 -1 0 0 -1 0 0 -1 0 0 -1 0 0 -1 0 0 -1 0 0 -1 0 0 -1 0 0 -1 0 0 -1 0 0 -1 -0 0 -1 -0 0 -1 0 0 -1 0 0 -1 0 0 -1 0 0 -1 0 0 -1 0 0 -1 0 0 -1 0 0 -1 0 0 -1 0 0 -1 0 0 -1 0 0 -1 0 0 -1 -0 -0 -1 -0 -0 -1 0 0 -1 0 0 -1 0 0 -1 0 0 -1 0 0 -1 0 0 -1 0 0 -1 0 0 -1 0 0 -1 0 0 -1 0 0 -1 0 0 -1 0 0 -1 0 0 -1 0 0 -1 0 0 -1 0 0 -1 -0 -0 -1 -0 -0 -1 0 0 -1 0 -0 -1 0 0 -1 -0 0 -1 -0 0 -1 0 0 -1 -0 0 -1 -0 0 -1 0 0 -1 0 0 -1 0 0 -1 0 0 -1 0 0 -1 -0 -0 -1 0 -0 -1 0 0 -1 0 -0 -1 0 0 -1 0 -0 -1 0 -0 -1 0 0 -1 0 0 -1 0 0 -1 0 0 -1 0 0 -1 0 0 -1 0 -0 -1 0 -0 -1 0 0 -1 0 0 -1 0 0 -1 0 0 -1 0 0 -1 0 0 -1 0 0 -1 0 0 -1 0 0 -1 -0 0 -1 -0 0 -1 0 0 -1 0 0 -1 0 0 -1 -0 0 -1 -0 0 -1 -0 0 -1 0 0 -1 0 0 -1 0 0 -1 0 0 -1 0 0 -1 -0 0 -1 -0 0 -1 0 0 -1 0 0 -1 0 0 -1 0 0 -1 0 0 -1 0 0 -1 0 0 -1 0 0 -1 0 0 -1 0 0 -1 0 0 -1 0 0 -1 -0 0 -1 -0 0 -1 0 0 -1 -0 0 -1 -0 0 -1 0 0 -1 0 0 -1 0 0 -1 0 0 -1 0 0 -1 0 0 -1 0 0 -1 0 0 -1 0 0 -1 0 0 -1 0 0 -1 -0 -0 -1 -0 -0 -1 0 0 -1 0 0 -1 0 0 -1 0 0 -1 -0 0 -1 -0 0 -1 0 0 -1 0 0 -1 0 0 -1 -0 0 -1 -0 0 -1 0 0 -1 0 0 -1 0 0 -1 0 0 -1 0 -0 -1 0 0 -1 0 0 -1 -0 0 -1 0 0 -1 -0 0 -1 0 0 -1 0 0 -1 -0 0 -1 -0 0 -1 0 0 -1 0 0 -1 0 0 -1 0 0 -1 0 0 -1 0 0 -1 0 0 -1 -0 -0 -1 -0 -0 -1 0 0 -1 0 -0 -1 0 0 -1 0 0 -1 0 0 -1 0 0 -1 0 0 -1 -0 -0 -1 -0 -0 -1 0 0 -1 0 -0 -1 0 -0 -1 -0 0 -1 0 -0 -1 0 -0 -1 -0 0 -1 0 -0 -1 -0 0 -1 -0 -0 -1 -0 -0 -1 0 0 -1 0 0 -1 0 -0 -1 0 0 -1 0 -0 -1 0 -0 -1 0 0 -1 0 0 -1 0 0 -1 0 0 -1 0 0 -1 0 0 -1 0 0 -1 0 0 -1 0 0 -1 0 0 -1 0 0 -1 0 0 -1 0 0 -1 0 0 -1 0 0 -1 0 0 -1 0 0 -1 0 0 -1 0 0 -1 0 0 -1 0 0 -1 0 0 -1 0 -0 -1 0 -0 -1 0 0 -1 0 0 -1 0 0 -1 0 -0 -1 0 0 -1 0 0 -1 0 -0 -1 0 0 -1 0 0 -1 0 0 -1 0 0 -1 0 0 -1 0 0 -1 0 0 -1 0 -0 -1 0 -0 -1 0 0 -1 0 0 -1 0 0 -1 0 0 -1 0 0 -1 0 0 -1 -0 -0 -1 -0 -0 -1 0 0 -1 -0 -0 -1 -0 -0 -1 0 0 -1 -0 0 -1 -0 0 -1 0 0 -1 0 0 -1 0 0 -1 0 0 -1 -0 0 -1 0 0 -1 0 0 -1 -0 0 -1 0 0 -1 -0 0 -1 -0 0 -1 0 0 -1 0 0 -1 0 0 -1 -0 0 -1 -0 0 -1 0 0 -1 -0 0 -1 -0 0 -1 0 0 -1 -0 0 -1 -0 0 -1 0 0 -1 -0 0 -1 -0 0 -1 -0 -0 -1 -0 0 -1 0 0 -1 0 0 -1 0 0 -1 0 -0 -1 0 -0 -1 0 0 -1 0 -0 -1 -0 0 -1 0 -0 -1 0 0 -1 0 0 -1 -0 -0 -1 -0 -0 -1 0 0 -1 0 0 -1 -0 0 -1 0 -0 -1 0 -0 -1 -0 0 -1 0 -0 -1 0 -0 -1 0 0 -1 0 -0 -1 0 -0 -1 0 0 -1 0 -0 -1 0 -0 -1 0 0 -1 0 -0 -1 0 -0 -1 0 0 -1 0 0 -1 0 0 -1 0 -0 -1 0 0 -1 0 0 -1 -0 0 -1 0 0 -1 0 0 -1 0 0 -1 0 0 -1 0 0 -1 0 0 -1 0 -0 -1 0 -0 -1 0 0 -1 0 0 -1 0 0 -1 0 0 -1 0 0 -1 0 0 -1 0 -0 -1 0 -0 -1 0 0 -1 0 0 -1 0 0 -1 0 0 -1 0 0 -1 0 0 -1 0 0 -1 -0 0 -1 0 -0 -1 -0 0 -1 -0 -0 -1 -0 -0 -1 -0 0 -1 0 0 -1 0 0 -1 -0 0 -1 0 0 -1 0 0 -1 0 0 -1 0 0 -1 -0 0 -1 -0 0 -1 0 0 -1 -0 0 -1 -0 0 -1 0 0 -1 0 0 -1 -0 0 -1 0 0 -1 -0 0 -1 0 0 -1 0 0 -1 0 0 -1 -0 0 -1 0 0 -1 -0 0 -1 -0 0 -1 0 0 -1 0 0 -1 0 -0 -1 0 0 -1 0 -0 -1 0 -0 -1 0 0 -1 0 -0 -1 0 -0 -1 0 0 -1 0 0 -1 -0 0 -1 -0 -0 -1 0 0 -1 0 -0 -1 0 -0 -1 0 0 -1 0 -0 -1 0 0 -1 0 0 -1 0 0 -1 -0 0 -1 0 0 -1 0 0 -1 0 0 -1 0 0 -1 0 0 -1 0 0 -1 0 0 -1 0 0 -1 0 -0 -1 0 -0 -1 0 0 -1 0 0 -1 0 0 -1 0 0 -1 0 0 -1 0 0 -1 0 0 -1 0 0 -1 0 0 -1 0 0 -1 -0 -0 -1 -0 -0 -1 0 0 -1 -0 0 -1 -0 0 -1 0 0 -1 -0 0 -1 0 0 -1 -0 0 -1 -0 0 -1 0 0 -1 -0 0 -1 -0 0 -1 0 0 -1 -0 0 -1 -0 0 -1 0 0 -1 -0 0 -1 -0 0 -1 0 0 -1 0 0 -1 0 0 -1 -0 0 -1 -0 0 -1 0 0 -1 -0 0 -1 -0 0 -1 -0 0 -1 0 0 -1 -0 0 -1 0 -0 -1 0 -0 -1 0 0 -1 0 0 -1 0 0 -1 0 0 -1 0 0 -1 0 0 -1 0 0 -1 0 -0 -1 -0 0 -1 0 0 -1 0 0 -1 0 0 -1 0 0 -1 0 0 -1 0 0 -1 0 0 -1 -0 0 -1 -0 0 -1 0 0 -1 -0 0 -1 -0 0 -1 0 0 -1 -0 0 -1 -0 0 -1 0 0 -1 0 0 -1 -0 0 -1 -0 0 -1 0 0 -1 -0 0 -1 0 0 -1 -0 -0 -1 -0 -0 -1 0 0 -1 0 -0 -1 0 0 -1 0 0 -1 0 0 -1 0 0 -1 0 0 -1 -0 0 -1 -0 0 -1 0 -0 -1 0 0 -1 -0 0 -1 -0 0 -1 0 -0 -1 -0 0 -1 0 -0 -1 -0 -0 -1 0 0 -1 0 0 -1 0 0 -1 0 -0 -1 0 -0 -1 0 0 -1 -0 0 -1 -0 0 -1 0 0 -1 0 0 -1 0 0 -1 -0 0 -1 -0 0 -1 0 0 -1 0 0 -1 -0 0 -1 0 0 -1 -0 0 -1 -0 0 -1 0 0 -1 -0 0 -1 -0 0 -1 0 0 -1 0 0 -1 -0 0 -1 0 -0 -1 0 -0 -1 0 0 -1 0 0 -1 -0 0 -1 -0 0 -1 0 0 -1 0 0 -1 0 0 -1 -0 0 -1 -0 0 -1 0 0 -1 -0 0 -1 0 0 -1 -0 0 -1 -0 0 -1 0 0 -1 0 0 -1 0 0 -1 0 0 -1 0 0 -1 0 0 -1 0 -0 -1 0 -0 -1 0 0 -1 0 -0 -1 0 -0 -1 0 0 -1 0 0 -1 0 -0 -1 0 -0 -1 0 0 -1 0 0 -1 0 0 -1 0 0 -1 0 0 -1 0 0 -1 0 0 -1 0 0 -1 0 0 -1 0 0 -1 0 0 -1 0 0 -1 0 0 -1 0 0 -1 0 0 -1 0 0 -1 0 0 -1 -0 0 -1 -0 0 -1 0 0 -1 0 0 -1 0 0 -1 0 0 -1 0 0 -1 0 0 -1 0 0 -1 0 0 -1 -0 0 -1 0 0 -1 0 -0 -1 0 -0 -1 0 0 -1 -0 0 -1 0 0 -1 -0 -0 -1 0 -0 -1 0 0 -1 0 0 -1 0 -0 -1 -0 0 -1 0 -0 -1 0 -0 -1 -0 -0 -1 0 0 -1 -0 0 -1 -0 0 -1 0 0 -1 0 0 -1 -0 0 -1 -0 0 -1 0 0 -1 0 -0 -1 -0 0 -1 0 -0 -1 0 0 -1 0 0 -1 0 0 -1 0 0 -1 0 0 -1 0 0 -1 0 0 -1 -0 -0 -1 -0 -0 -1 0 0 -1 -0 -0 -1 -0 -0 -1 0 0 -1 0 0 -1 0 0 -1 0 0 -1 0 0 -1 0 0 -1 0 0 -1 0 0 -1 0 0 -1 0 0 -1 0 0 -1 0 0 -1 -0 0 -1 0 0 -1 0 -0 -1 0 -0 -1 0 0 -1 0 -0 -1 0 -0 -1 0 0 -1 -0 -0 -1 -0 -0 -1 0 0 -1 0 0 -1 -0 0 -1 0 -0 -1 0 -0 -1 0 0 -1 0 0 -1 0 0 -1 0 0 -1 0 0 -1 0 0 -1 0 0 -1 0 -0 -1 0 -0 -1 0 0 -1 0 -0 -1 0 -0 -1 0 0 -1 0 0 -1 0 -0 -1 0 0 -1 0 0 -1 0 0 -1 -0 -0 -1 -0 -0 -1 0 0 -1 -0 -0 -1 -0 0 -1 0 0 -1 0 0 -1 0 -0 -1 0 0 -1 0 -0 -1 0 -0 -1 -0 -0 -1 0 -0 -1 0 -0 -1 0 0 -1 0 0 -1 -0 0 -1 0 0 -1 0 0 -1 0 0 -1 0 0 -1 0 -0 -1 0 -0 -1 0 0 -1 0 0 -1 0 -0 -1 0 -0 -1 0 0 -1 0 -0 -1 0 -0 -1 0 0 -1 -0 0 -1 -0 0 -1 0 0 -1 -0 -0 -1 -0 -0 -1 -0 0 -1 -0 0 -1 0 0 -1 0 0 -1 0 0 -1 0 0 -1 0 0 -1 0 0 -1 0 0 -1 0 0 -1 0 0 -1 0 0 -1 0 0 -1 0 0 -1 0 0 -1 -0 -0 -1 -0 0 -1 -0 -0 -1 -0 -0 -1 0 0 -1 -0 -0 -1 -0 -0 -1 -0.9141312 0.4054184 0 -0.9141312 0.4054184 0 -0.9426765 0.333708 0 -0.9426765 0.333708 0 -0.9655595 0.2601822 0 -0.9655595 0.2601822 0 -0.9828694 0.1843032 0 -0.9828694 0.1843032 0 -0.6804528 0.1122344 -0.7241461 -0.6952925 0.1305456 -0.7067715 -0.704108 0.06859954 -0.7067716 -0.7041013 0.06860427 -0.7067778 -0.7074091 0.006101086 -0.706778 -0.707409 0.006101115 -0.706778 -0.7051812 -0.05643035 -0.706778 -0.7052002 -0.05644957 -0.7067574 -0.6974507 -0.1185501 -0.706759 -0.6974458 -0.1185441 -0.7067649 -0.6842355 -0.179735 -0.7067653 -0.684225 -0.1797196 -0.7067794 -0.6656641 -0.2394882 -0.7067791 -0.6656685 -0.2394961 -0.7067723 -0.6418949 -0.297399 -0.7067706 -0.6418986 -0.2974072 -0.7067637 -0.6131192 -0.3529437 -0.7067642 -0.6131186 -0.352942 -0.7067655 -0.5795177 -0.4057574 -0.7067676 -0.5795222 -0.4057753 -0.7067535 -0.5413845 -0.455414 -0.7067538 -0.5413775 -0.4553702 -0.7067873 -0.4990193 -0.5014279 -0.7067884 -0.4990217 -0.5014622 -0.7067625 -0.4527431 -0.5436086 -0.7067627 -0.4527431 -0.5436029 -0.706767 -0.402937 -0.5814831 -0.7067666 -0.4029351 -0.5815005 -0.7067534 -0.3499674 -0.6148359 -0.7067529 -0.3499711 -0.6148174 -0.7067671 -0.2942448 -0.6433516 -0.7067664 -0.2942475 -0.6433424 -0.7067736 -0.2362474 -0.666827 -0.7067737 -0.2362472 -0.6668276 -0.7067732 -0.1763886 -0.6850966 -0.7067742 -0.1763803 -0.6851133 -0.70676 -0.1151606 -0.6980158 -0.7067617 -0.1151493 -0.6980343 -0.7067452 -0.05299272 -0.7054815 -0.7067444 -0.05301695 -0.7054488 -0.7067752 0.009539624 -0.7073742 -0.7067748 0.00954811 -0.7073838 -0.7067652 0.07203954 -0.7037721 -0.7067639 0.07203808 -0.7037707 -0.7067654 0.1339545 -0.6946521 -0.7067634 0.1339479 -0.6946469 -0.7067698 0.1948084 -0.6800941 -0.7067685 0.194823 -0.6801037 -0.7067553 0.2541718 -0.6602222 -0.7067555 0.2541752 -0.6602241 -0.7067525 0.3115212 -0.6351812 -0.7067526 0.3115292 -0.6351847 -0.7067461 0.3664543 -0.6051631 -0.7067453 0.3664343 -0.6051565 -0.7067612 0.4184898 -0.5703999 -0.7067603 0.4184516 -0.5703912 -0.70679 0.4672394 -0.5311627 -0.7067909 0.4672576 -0.5311653 -0.706777 0.5123643 -0.4878015 -0.7067763 0.5123904 -0.4878027 -0.7067564 0.5534915 -0.4406159 -0.7067565 0.5534852 -0.4406162 -0.7067614 0.5902648 -0.3899706 -0.7067604 0.5902578 -0.3899716 -0.7067658 0.6224119 -0.3362834 -0.7067651 0.6224357 -0.3362782 -0.7067467 0.6497161 -0.2799621 -0.7067462 0.6497075 -0.2799648 -0.706753 0.671908 -0.2214444 -0.7067544 0.671904 -0.2214461 -0.7067578 0.6888512 -0.1611831 -0.706756 0.6888434 -0.1611872 -0.7067627 0.7003931 -0.09967583 -0.7067633 0.7003916 -0.0996768 -0.7067646 0.7064613 -0.03738318 -0.7067636 0.7064608 -0.03738364 -0.7067642 0.7069997 0.02519679 -0.706765 0.7070006 0.02519772 -0.706764 0.7020064 0.08758441 -0.7067644 0.7020031 0.0875807 -0.7067682 0.6915176 0.1492757 -0.7067674 0.6915317 0.1492945 -0.7067497 0.6756335 0.2098231 -0.7067485 0.6756201 0.2098014 -0.7067679 0.6544299 0.2687002 -0.7067685 0.6544432 0.2687265 -0.7067462 0.6281314 0.3255152 -0.7067466 0.6281109 0.325464 -0.7067884 0.5968831 0.3797093 -0.7067895 0.5968966 0.3797545 -0.7067538 0.561007 0.4310124 -0.7067528 0.5610061 0.4310082 -0.706756 0.5207204 0.4788998 -0.7067569 0.5207199 0.4788963 -0.7067595 0.4763493 0.5230508 -0.7067596 0.4763489 0.5230367 -0.7067704 0.428271 0.5630783 -0.7067721 0.4282694 0.5631046 -0.7067522 0.376809 0.5987615 -0.7067529 0.3768128 0.5987365 -0.7067721 0.3224351 0.629689 -0.7067725 0.3224319 0.6297023 -0.7067621 0.2655119 0.6557375 -0.7067616 0.2655139 0.6557315 -0.7067664 0.2065176 0.6766334 -0.7067656 0.2065097 0.6766513 -0.7067509 0.1459054 0.6922543 -0.70675 0.1459084 0.6922489 -0.7067547 0.08414976 0.7024366 -0.7067544 0.08416414 0.7024152 -0.7067738 0.0217573 0.7071043 -0.7067743 0.02174983 0.7071136 -0.7067654 -0.04083763 0.7062676 -0.7067662 -0.04083149 0.7062612 -0.7067728 -0.103099 0.6998876 -0.7067729 -0.1030899 0.6998799 -0.7067819 -0.164521 0.6880343 -0.7067826 -0.164547 0.688053 -0.7067584 -0.2247241 0.6708129 -0.7067595 -0.2246972 0.6707969 -0.7067833 -0.2830987 0.6483142 -0.706784 -0.283117 0.6483231 -0.7067686 -0.3393094 0.6207625 -0.7067695 -0.3393072 0.6207617 -0.7067712 -0.3928423 0.5883443 -0.7067714 -0.3928515 0.5883469 -0.7067642 -0.4433032 0.5513321 -0.7067639 -0.4432978 0.551331 -0.7067681 -0.4903016 0.5099828 -0.7067686 -0.4903076 0.5099833 -0.706764 -0.533448 0.4646712 -0.706763 -0.5334452 0.4646712 -0.7067651 -0.5724347 0.4156938 -0.7067653 -0.5724298 0.4156942 -0.706769 -0.606925 0.3634831 -0.7067688 -0.6069477 0.3634792 -0.7067514 -0.6366947 0.308419 -0.7067513 -0.6366764 0.308424 -0.7067657 -0.6614478 0.250935 -0.7067661 -0.661445 0.2509361 -0.7067685 -0.6810306 0.1915082 -0.7067687 -0.6810309 0.191508 -0.7067684 -0.6919816 0.1458472 -0.7070291 -0.006657159 0.9999778 -2.932147e-05 0.003344536 0.9999944 -0.0003929188 0.01489967 0.9998882 -0.001276695 0.02635748 0.9996487 -0.002724554 0.03318162 0.9994416 -0.003932093 0.03727986 0.9992938 -0.004698897 0.04459018 0.9989854 -0.006321644 -0.03676791 0.9993189 0.003115149 -0.04996552 0.9987463 -0.003034021 -0.04298615 0.9990726 0.002456927 -0.04839709 0.9988263 0.00193733 -0.05400318 0.9985397 0.001439577 -0.07606761 0.9971024 0.0006365557 -0.06162386 0.9980986 -0.001301244 -0.05539012 0.9984623 -0.002190516 -0.04429357 0.9990105 -0.004016744 -0.03797416 0.9992649 -0.005259586 -0.05771719 0.9983327 -0.0007824923 -0.01621087 0.9998686 1.658618e-05 -0.0161657 0.9998693 1.658619e-05 0.04695092 0.9988918 0.003295876 0.039278 0.9992252 0.002476436 0.03231878 0.9994759 0.001840789 0.02205244 0.9997563 0.001051609 0.00957007 0.9999541 0.000415773 -0.001723535 0.9999986 8.960685e-05 -0.01168954 0.9999317 -1.507561e-05 -0.0577172 0.998333 -1.50515e-05 -0.02138803 0.9997584 0.005068773 -0.02976372 0.9995492 0.003945046 0.1350081 0.9908381 0.003575305 0.1248019 0.9921786 0.002438855 0.1145949 0.9934111 0.001522676 0.1045753 0.9945166 0.0008323297 0.09491555 0.9954852 0.0003623664 0.08265969 0.9965778 3.528996e-06 0.08233959 0.9966043 -0 0.03074407 0.9995273 0 0.06493083 0.9978736 0.005685178 0.05503976 0.9984749 0.004293421 0.2430965 0.9700021 1.575148e-05 0.2326782 0.9725537 0.0002646185 0.2223222 0.974973 0.0007387552 0.2117558 0.9773216 0.001457459 0.2009373 0.9796011 0.002434229 0.2062427 0.9784992 0.001835294 0.1899936 0.9817851 0.0007361665 0.1791377 0.983824 0.000247451 0.1682309 0.9857476 1.640173e-06 0.1520572 0.9883717 -0 0.1189701 0.9928979 0 0.1565256 0.9876513 0.006691558 0.1456283 0.9893268 0.004992733 0.2833338 0.9590177 0.002664199 0.292027 0.9564083 0.001806992 0.3163263 0.9486505 0.0002985565 0.3081874 0.9513254 0.0006612939 0.3002411 0.9538625 0.001151479 0.2741252 0.9616867 0.003753971 0.2653637 0.9641356 0.004969152 0.2919018 0.9564479 0.0007407547 0.2533332 0.9673791 -1.177162e-05 0.2536857 0.9672867 -1.17719e-05 0.367478 0.9300296 0.002236132 0.3653461 0.9308601 -0.004668296 0.3740796 0.9273916 -0.003041378 0.3897855 0.9209055 0.0006007577 0.3837634 0.923431 0.0009347498 0.376294 0.9264992 0.001458705 0.3817314 0.9242713 -0.001930715 0.3881598 0.9215912 -0.001208769 0.3930033 0.9195368 -0.0007886358 0.4006737 0.9162208 0.0001893036 0.3985583 0.917143 0.0002512574 0.3944398 0.9189217 0.0003964362 0.3974083 0.9176417 -0.000491039 0.4002988 0.9163846 -0.0003351238 0.4037679 0.9148614 -0.00017845 0.3576165 0.9338627 0.003318652 0.3461383 0.9381708 0.004868957 0.3753127 0.9268983 3.605382e-05 0.3368213 0.9415686 -0 0.326821 0.9450862 0 0.2919019 0.9564483 0 0.2584639 0.9659232 -0.01373897 0.2673529 0.9635412 -0.01052238 0.276068 0.9611064 -0.007811178 0.2846976 0.9586013 -0.005547973 0.2931831 0.9560491 -0.003713576 0.301138 0.9535778 -0.002341923 0.308798 0.9511268 -0.001333233 0.3165683 0.9485695 -0.0006036158 0.326957 0.9450392 1.115689e-05 0.3265547 0.9451783 0 0.3753127 0.9268983 0 0.3473908 0.9376732 -0.009414258 0.3555143 0.9346446 -0.00699589 0.1791875 0.9838148 -0.0005891572 0.2062418 0.9784949 -0.003462197 0.1902209 0.981704 -0.008561644 0.2013339 0.9795066 -0.005618672 0.2120375 0.9772558 -0.003351718 0.222373 0.9749602 -0.001711609 0.2328007 0.9725243 -0.0006010219 0.2436753 0.9698568 0 0.05193332 0.9986166 -0.008227551 0.061227 0.9980631 -0.01101935 0.03074407 0.9995271 -0.0005338235 0.06882099 0.997629 0 0.08246726 0.9965938 0 0.1239802 0.9922699 -0.00541256 0.09477421 0.9954985 -0.0007995318 0.10423 0.9945515 -0.001833049 0.1138851 0.9934884 -0.00333888 0.1336944 0.9909911 -0.007907396 0.1445497 0.9894333 -0.01127227 0.1189699 0.992896 -0.001970606 0.1575263 0.9875147 0 0.168031 0.9857817 0 -0.07114804 0.9974658 0 -0.1457243 0.9893252 0 -0.1457243 0.9893252 0 -0.23259 0.9725748 0 -0.23259 0.9725748 0 -0.3176245 0.9482166 0 -0.3176245 0.9482166 0 -0.4001967 0.9164293 0 -0.4001967 0.9164293 0 -0.4796254 0.8774734 0 -0.4796254 0.8774734 0 -0.555307 0.8316454 0 -0.555307 0.8316454 0 -0.6266178 0.7793267 0 -0.6266178 0.7793267 0 -0.6930639 0.7208762 0 -0.6930639 0.7208762 0 -0.7540413 0.656827 0 -0.7540413 0.656827 0 -0.8091516 0.5875998 0 -0.8091516 0.5875998 0 -0.8579226 0.513779 0 -0.8579226 0.513779 0 -0.8999625 0.4359672 0 -0.8999625 0.4359672 0 -0.9349773 0.3547075 0 -0.9349773 0.3547075 0 -0.9626627 0.2707037 0 -0.9626627 0.2707037 0 -0.9785022 0.2062364 0 -0.9828257 0.1845345 0.0008074164 -0.9866687 0.1627419 0 -0.9952867 0.096976 0 -0.9952867 0.096976 0 -0.9999629 0.008624273 0 -0.9999629 0.008624273 0 -0.9968116 -0.07979236 0 -0.9968116 -0.07979236 -0 -0.9858609 -0.1675657 0 -0.9858609 -0.1675657 -0 -0.9671925 -0.2540444 0 -0.9671925 -0.2540444 -0 -0.9409525 -0.3385385 0 -0.9409525 -0.3385385 -0 -0.9073419 -0.4203935 0 -0.9073419 -0.4203935 -0 -0.8666626 -0.4988948 0 -0.8666626 -0.4988948 -0 -0.819159 -0.5735665 0 -0.819159 -0.5735665 -0 -0.7652778 -0.6437001 0 -0.7652778 -0.6437001 -0 -0.7053799 -0.7088295 0 -0.7053799 -0.7088295 -0 -0.6399681 -0.7684015 0 -0.6399681 -0.7684015 -0 -0.5695519 -0.8219554 0 -0.5695519 -0.8219554 -0 -0.4946964 -0.8690659 0 -0.4946964 -0.8690659 -0 -0.415933 -0.9093953 0 -0.415933 -0.9093953 -0 -0.3339465 -0.942592 0 -0.3339465 -0.942592 -0 -0.2493172 -0.9684218 0 -0.2493172 -0.9684218 -0 -0.1627625 -0.9866653 0 -0.1627625 -0.9866653 -0 -0.07494216 -0.9971879 0 -0.07494216 -0.9971879 -0 0.01349655 -0.9999089 0 0.01349655 -0.9999089 0 0.1018281 -0.9948021 0 0.1018281 -0.9948021 0 0.1893408 -0.9819115 0 0.1893408 -0.9819115 0 0.2753845 -0.9613342 0 0.2753845 -0.9613342 0 0.3592781 -0.9332306 0 0.3592781 -0.9332306 0 0.4403444 -0.897829 0 0.4403444 -0.897829 0 0.5179634 -0.8554028 0 0.5179634 -0.8554028 0 0.5915151 -0.806294 0 0.5915151 -0.806294 0 0.6604942 -0.7508311 0 0.6604942 -0.7508311 0 0.7242707 -0.6895157 0 0.7242707 -0.6895157 0 0.7823642 -0.6228212 0 0.7823642 -0.6228212 0 0.8343484 -0.5512374 0 0.8343484 -0.5512374 0 0.8798091 -0.4753272 0 0.8798091 -0.4753272 0 0.918366 -0.3957321 0 0.918366 -0.3957321 0 0.9497473 -0.3130178 0 0.9497473 -0.3130178 0 0.9736981 -0.2278423 0 0.9736981 -0.2278423 0 0.9900244 -0.1408961 0 0.9900244 -0.1408961 0 0.9986029 -0.05284286 0 0.9986029 -0.05284286 0 0.9993655 0.0356177 0 0.9993655 0.0356177 0 0.9923074 0.1237986 0 0.9923074 0.1237986 0 0.9774801 0.2110277 0 0.9774801 0.2110277 0 0.9550136 0.296562 0 0.9550136 0.296562 0 0.925051 0.3798431 0 0.925051 0.3798431 0 0.8878834 0.4600686 0 0.8878834 0.4600686 0 0.8437183 0.5367863 0 0.8437183 0.5367863 0 0.7929894 0.6092355 0 0.7929894 0.6092355 0 0.7360479 0.6769295 0 0.7360479 0.6769295 0 0.6733389 0.739334 0 0.6733389 0.739334 0 0.6053609 0.7959511 0 0.6053609 0.7959511 0 0.5326417 0.8463408 0 0.5326417 0.8463408 0 0.4557655 0.8900999 0 0.4557655 0.8900999 0 0.4081569 0.9129118 0 0.4048555 0.9143807 8.136931e-05 0.1289148 0.2209705 0.9667228 0.1289583 0.2223265 0.9664061 0.1287887 0.2226556 0.9663529 0.1284874 0.2232206 0.9662628 0.1286891 0.2228552 0.9663202 0.1286502 0.2229231 0.9663096 0.1283944 0.2233576 0.9662433 0.1282835 0.2235374 0.9662166 0.1292551 0.2219988 0.9664418 0.1274921 0.2246999 0.9660516 0.1295511 0.2215939 0.966495 0.1285064 0.223147 0.9662772 0.1292923 0.2219949 0.9664377 0.1282004 0.2235707 0.9662198 0.1287321 0.2228158 0.9663234 0.1280182 0.2238166 0.9661871 0.1292852 0.2220671 0.9664221 0.1265762 0.2257479 0.9659277 0.1214606 0.2285409 0.9659277 0.1178271 0.2287713 0.9663231 0.1184497 0.2287363 0.9662553 0.1180846 0.2287544 0.9662957 0.119556 0.2286918 0.9661295 0.1149585 0.2288535 0.9666491 0.1189698 0.2287412 0.9661903 0.1190617 0.2287393 0.9661794 0.1179569 0.2287547 0.9663112 0.1177614 0.2287367 0.9663393 0.1172991 0.2286924 0.9664061 0.1161939 0.2279309 0.9667194 0.1180194 0.2287589 0.9663027 0.1177904 0.228747 0.9663334 0.1183374 0.2287835 0.9662579 0.1172982 0.2287591 0.9663904 0.1175985 0.2287614 0.9663533 0.1188397 0.2287895 0.9661948 0.1908931 0.17032 0.9667218 0.1913517 0.1715912 0.9664062 0.1913462 0.1716248 0.9664013 0.191101 0.1730036 0.966204 0.1912691 0.1721322 0.9663264 0.191257 0.1721903 0.9663184 0.1911592 0.1726282 0.9662597 0.1911669 0.1725959 0.9662638 0.19155 0.1710897 0.9664559 0.1907772 0.1739485 0.9660984 0.1913027 0.1720607 0.9663325 0.1909313 0.1733608 0.9661735 0.1918431 0.17025 0.966546 0.190929 0.1732884 0.9661869 0.1912138 0.1723662 0.9662955 0.1911811 0.1724697 0.9662837 0.1914908 0.1715134 0.9663925 0.1901359 0.175597 0.9659265 0.1861445 0.179823 0.9659265 0.1835407 0.1808556 0.9662319 0.1832654 0.1809625 0.9662641 0.1825929 0.181219 0.9663433 0.1835892 0.1808472 0.9662243 0.1812799 0.1816884 0.9665024 0.184525 0.1805329 0.9661047 0.1832542 0.1809749 0.9662639 0.1826268 0.1811884 0.9663426 0.1821613 0.181271 0.9664151 0.1822362 0.1812543 0.9664041 0.1809318 0.1808663 0.9667218 0.1832009 0.1810163 0.9662663 0.1826806 0.1811558 0.9663387 0.1832063 0.181023 0.966264 0.1820851 0.1813686 0.9664111 0.1831495 0.1810319 0.9662731 0.1832153 0.1810121 0.9662643 0.2341828 0.1029875 0.9667222 0.2350153 0.1040592 0.9664054 0.2350733 0.1044363 0.9663506 0.2351761 0.1051753 0.9662455 0.2350928 0.1045053 0.9663385 0.2351227 0.1047785 0.9663016 0.2351548 0.1051185 0.9662569 0.2351535 0.1051011 0.9662591 0.2350513 0.1035344 0.9664531 0.2352209 0.1069059 0.9660447 0.2350744 0.1035005 0.9664511 0.2351838 0.106544 0.9660936 0.2350614 0.1023142 0.9665806 0.2351353 0.1056855 0.9661998 0.2351163 0.1043921 0.966345 0.2351321 0.1064741 0.9661139 0.2351293 0.1033541 0.9664534 0.2350996 0.1082344 0.9659263 0.2326006 0.1135056 0.9659262 0.229677 0.1159264 0.9663382 0.2308138 0.1149986 0.9661782 0.2292001 0.116296 0.966407 0.2309785 0.1148864 0.9661521 0.2279972 0.117217 0.9665803 0.231477 0.1145356 0.9660745 0.2295633 0.1159893 0.9663576 0.2305899 0.1152214 0.9662051 0.2295254 0.1159565 0.9663706 0.2293354 0.1160681 0.9664024 0.2279644 0.1161024 0.9667226 0.2296799 0.1158797 0.9663432 0.230145 0.1155771 0.9662687 0.2300703 0.1156241 0.9662808 0.2291684 0.1162696 0.9664177 0.2299568 0.1157055 0.9662981 0.2305139 0.1153197 0.9662116 0.2545468 0.02558641 0.9667219 0.2556739 0.02635134 0.9664039 0.2557368 0.02647612 0.9663839 0.2562055 0.02743917 0.9662328 0.2559863 0.02697224 0.9663041 0.2560413 0.02709456 0.9662861 0.2560495 0.02711347 0.9662833 0.2559611 0.02690067 0.9663128 0.2556503 0.02612091 0.9664164 0.2567151 0.02891134 0.9660546 0.2556681 0.0261065 0.9664121 0.2564407 0.02822269 0.9661478 0.2550991 0.02446646 0.9666053 0.2564674 0.028385 0.966136 0.2557949 0.02641401 0.9663701 0.2559977 0.02702225 0.9662997 0.2562373 0.02775709 0.9662153 0.2570375 0.03027437 0.9659271 0.2562889 0.03606676 0.9659272 0.2542306 0.0393135 0.9663443 0.2551055 0.03795468 0.9661679 0.2541077 0.03948488 0.9663696 0.2549759 0.03817313 0.9661936 0.2533609 0.040569 0.9665208 0.2547806 0.03849366 0.9662325 0.2545859 0.03877517 0.9662725 0.2547523 0.03853919 0.9662381 0.2543729 0.03905822 0.9663172 0.2539526 0.03953355 0.9664083 0.2526889 0.03997932 0.9667212 0.2547062 0.03864924 0.9662459 0.2540384 0.03947546 0.9663882 0.2548447 0.03850849 0.9662149 0.253886 0.03974881 0.9664171 0.2542817 0.03921282 0.9663349 0.2548374 0.03848321 0.9662178 0.2499789 -0.05432244 0.9667262 0.2513119 -0.05393611 0.9664022 0.2513514 -0.05389624 0.9663941 0.2518041 -0.05342632 0.9663023 0.2518134 -0.05341622 0.9663005 0.2520787 -0.05312417 0.9662475 0.2518261 -0.05341008 0.9662976 0.252075 -0.05311984 0.9662487 0.2510622 -0.05433843 0.9664446 0.2527984 -0.05218476 0.9661106 0.251092 -0.05433312 0.9664371 0.2524611 -0.05258459 0.9661771 0.2513087 -0.05407754 0.9663951 0.2520042 -0.05316369 0.9662647 0.2516804 -0.05359583 0.9663253 0.2518671 -0.05334284 0.9662906 0.2514188 -0.05395892 0.9663731 0.2538195 -0.05061102 0.9659266 0.2548911 -0.04490488 0.9659266 0.2539701 -0.04131067 0.9663295 0.2542512 -0.04237617 0.9662094 0.2540622 -0.0416803 0.9662893 0.2538905 -0.04106336 0.9663609 0.2538084 -0.0407768 0.9663947 0.2540404 -0.0415651 0.9663 0.2542758 -0.04234587 0.9662043 0.2542047 -0.04211606 0.966233 0.2537958 -0.0410095 0.9663881 0.2537439 -0.04088839 0.9664068 0.2526655 -0.04006287 0.9667239 0.2539056 -0.04122381 0.9663501 0.2538984 -0.04120503 0.9663528 0.2543816 -0.0424119 0.9661735 0.2537067 -0.04054774 0.9664309 0.254083 -0.04167561 0.9662841 0.2543296 -0.04238005 0.9661886 0.2209654 -0.1289183 0.9667235 0.2223197 -0.1289618 0.9664072 0.2228632 -0.1286817 0.9663193 0.2232221 -0.1284909 0.9662619 0.223001 -0.1286124 0.9662967 0.2229252 -0.1286557 0.9663085 0.2232185 -0.1284828 0.9662638 0.2233485 -0.1284028 0.9662443 0.2219988 -0.1292551 0.9664418 0.2246999 -0.1274921 0.9660516 0.2215939 -0.1295511 0.966495 0.223812 -0.1280588 0.9661828 0.2217222 -0.129486 0.9664744 0.2238615 -0.1280026 0.9661787 0.2228207 -0.1287357 0.9663219 0.223134 -0.1285132 0.9662792 0.2227539 -0.1287874 0.9663304 0.2257535 -0.1265793 0.965926 0.2285399 -0.1214761 0.965926 0.2287994 -0.1173808 0.9663708 0.2287393 -0.118451 0.9662544 0.2287776 -0.1176762 0.9663401 0.2287163 -0.1191202 0.9661777 0.228819 -0.1162052 0.9665082 0.2287412 -0.1189698 0.9661903 0.2287393 -0.1190617 0.9661794 0.2287547 -0.1179569 0.9663112 0.2287396 -0.11776 0.9663389 0.2286972 -0.1173178 0.9664026 0.2279081 -0.1161724 0.9667274 0.228744 -0.1176223 0.9663545 0.2287947 -0.1185941 0.9662237 0.2287365 -0.1177221 0.9663442 0.2287604 -0.1170928 0.966415 0.2287693 -0.1182013 0.9662779 0.2287747 -0.1184427 0.9662471 0.17032 -0.1908931 0.9667218 0.1716084 -0.191358 0.9664019 0.1716228 -0.1913556 0.9663998 0.1726996 -0.1911641 0.9662459 0.1718028 -0.1913371 0.9663715 0.1725162 -0.1911887 0.9662738 0.1729528 -0.1910911 0.966215 0.1719516 -0.1913303 0.9663464 0.1717063 -0.1913927 0.9663777 0.1733612 -0.190945 0.9661708 0.1714712 -0.191471 0.9664039 0.1733608 -0.1909313 0.9661735 0.170175 -0.1918653 0.9665548 0.1739588 -0.1907265 0.9661065 0.1717581 -0.1914062 0.9663658 0.1744099 -0.1905666 0.9660566 0.1709017 -0.1917032 0.9664587 0.1755807 -0.1901513 0.9659263 0.1798227 -0.1861448 0.9659265 0.1816217 -0.1816056 0.9664538 0.1804717 -0.1845677 0.9661081 0.1812243 -0.1825886 0.9663432 0.181085 -0.182964 0.9662983 0.1812452 -0.1825243 0.9663514 0.1809682 -0.1833032 0.9662559 0.1809831 -0.1832587 0.9662615 0.1807837 -0.1838445 0.9661876 0.1812762 -0.1821587 0.9664146 0.1812594 -0.182235 0.9664034 0.180874 -0.1809395 0.9667189 0.1809381 -0.1835111 0.966222 0.1812432 -0.1823727 0.9663804 0.1809535 -0.1835191 0.9662177 0.1815691 -0.1814821 0.9664869 0.1810408 -0.1831522 0.9662709 0.1810213 -0.1832171 0.9662623 0.1029942 -0.2341833 0.9667215 0.1040713 -0.2350199 0.966403 0.1038276 -0.2349824 0.9664384 0.1057794 -0.2352537 0.9661607 0.1047316 -0.2351236 0.9663064 0.1047769 -0.2351286 0.9663003 0.1051168 -0.2351607 0.9662555 0.1051006 -0.2351594 0.9662576 0.1035344 -0.2350573 0.9664515 0.1069057 -0.2352271 0.9660432 0.1038713 -0.2350965 0.9664059 0.1044801 -0.2351185 0.9663349 0.1035379 -0.2350911 0.966443 0.1052986 -0.2351296 0.9662433 0.1043921 -0.2351163 0.966345 0.1064741 -0.2351321 0.9661139 0.1042514 -0.2351304 0.9663568 0.1082371 -0.2351057 0.9659245 0.1135019 -0.2326096 0.9659244 0.115928 -0.2296799 0.9663373 0.115276 -0.2304788 0.9662251 0.1157699 -0.229865 0.9663123 0.1156746 -0.2299851 0.966295 0.1159393 -0.2296466 0.9663439 0.1152908 -0.2304891 0.9662209 0.1152533 -0.2305374 0.9662138 0.1157052 -0.2299334 0.9663037 0.1161776 -0.2291688 0.9664287 0.116078 -0.2293362 0.9664009 0.1161121 -0.2279707 0.9667199 0.1156643 -0.230016 0.966289 0.115469 -0.2303167 0.9662408 0.1157341 -0.2298955 0.9663093 0.1162696 -0.2291684 0.9664177 0.1155898 -0.2301188 0.9662734 0.1157724 -0.2298551 0.9663143 0.02558718 -0.2545479 0.9667216 0.02635134 -0.2556739 0.9664039 0.02647612 -0.2557368 0.9663839 0.02698649 -0.2559856 0.9663038 0.02697684 -0.2559804 0.9663054 0.02718472 -0.256074 0.9662749 0.02748027 -0.2562024 0.9662325 0.02690067 -0.2559611 0.9663128 0.02612091 -0.2556503 0.9664164 0.02900691 -0.256751 0.9660422 0.02610637 -0.2556687 0.9664119 0.02812749 -0.2564068 0.9661596 0.02446646 -0.2550991 0.9666053 0.0284837 -0.2565018 0.966124 0.02712382 -0.256038 0.9662861 0.02721747 -0.256069 0.9662753 0.02682716 -0.255942 0.9663198 0.03027057 -0.2570371 0.9659274 0.03608446 -0.2562856 0.9659274 0.03931474 -0.2542376 0.9663423 0.03795621 -0.2551124 0.9661661 0.03881789 -0.2545491 0.9662805 0.03805716 -0.255054 0.9661776 0.040569 -0.2533609 0.9665208 0.03860724 -0.2547019 0.9662486 0.03877561 -0.2545868 0.9662722 0.03927549 -0.254234 0.9663449 0.03946311 -0.2540257 0.966392 0.03952833 -0.2539674 0.9664047 0.03997932 -0.2526889 0.9667212 0.03894611 -0.2544745 0.9662949 0.0388388 -0.2545621 0.9662762 0.03880032 -0.2545941 0.9662693 0.03969663 -0.2539331 0.9664069 0.0388611 -0.2545496 0.9662786 0.03853646 -0.2547968 0.9662265 -0.05432566 -0.2499937 0.9667222 -0.05395043 -0.2512885 0.9664075 -0.05363518 -0.2516009 0.9663438 -0.0531029 -0.2521149 0.9662391 -0.05367446 -0.2515788 0.9663473 -0.05312417 -0.2520787 0.9662475 -0.05341008 -0.2518261 0.9662976 -0.05304969 -0.252135 0.9662369 -0.05448585 -0.2509414 0.9664676 -0.05134663 -0.2534716 0.9659791 -0.05448813 -0.250977 0.9664583 -0.05243845 -0.252582 0.9661534 -0.05551939 -0.2502042 0.9665999 -0.05242417 -0.2525581 0.9661605 -0.05359583 -0.2516804 0.9663253 -0.0527378 -0.2523127 0.9662075 -0.05396019 -0.2514241 0.9663717 -0.05062052 -0.2538192 0.9659262 -0.04490782 -0.2548918 0.9659262 -0.04115873 -0.2539311 0.9663462 -0.04160425 -0.2540487 0.9662962 -0.04183112 -0.2541098 0.9662704 -0.04285622 -0.2543957 0.9661502 -0.03975149 -0.2535067 0.9665166 -0.04170763 -0.254082 0.966283 -0.04220224 -0.2542314 0.9662222 -0.04125794 -0.253939 0.9663399 -0.04093443 -0.2537712 0.9663977 -0.04089664 -0.2537547 0.9664036 -0.04007114 -0.2526762 0.9667208 -0.04163609 -0.2540648 0.9662907 -0.04127216 -0.2539254 0.9663429 -0.04205976 -0.2542407 0.966226 -0.04096903 -0.2538476 0.9663761 -0.04132477 -0.2539659 0.9663299 -0.04223896 -0.2542859 0.9662063 -0.1289187 -0.2209773 0.9667208 -0.1289622 -0.2223316 0.9664044 -0.1289796 -0.2222976 0.9664099 -0.1283002 -0.2235713 0.9662065 -0.1286948 -0.2228568 0.966319 -0.1286557 -0.2229252 0.9663085 -0.1283987 -0.2233601 0.9662422 -0.1284909 -0.223209 0.9662649 -0.1292551 -0.2219988 0.9664418 -0.127924 -0.2240375 0.9661484 -0.1291098 -0.2222502 0.9664034 -0.1278023 -0.2241928 0.9661285 -0.1300195 -0.2209479 0.96658 -0.1277325 -0.2242447 0.9661257 -0.1287357 -0.2228207 0.9663219 -0.1285132 -0.223134 0.9662792 -0.1287874 -0.2227539 0.9663304 -0.1265793 -0.2257535 0.965926 -0.1214761 -0.2285399 0.965926 -0.1169571 -0.2288261 0.9664159 -0.1193122 -0.2286936 0.9661593 -0.1172406 -0.228796 0.9663887 -0.1195579 -0.2286976 0.966128 -0.1157854 -0.2288307 0.9665558 -0.1189698 -0.2287412 0.9661903 -0.1178312 -0.2287653 0.9663241 -0.1183757 -0.2287578 0.9662593 -0.1177614 -0.2287367 0.9663393 -0.1172922 -0.2286917 0.9664071 -0.116187 -0.2279302 0.9667205 -0.1176223 -0.228744 0.9663545 -0.1181913 -0.2287737 0.9662781 -0.1183374 -0.2287835 0.9662579 -0.1176993 -0.2287623 0.9663408 -0.117996 -0.2287646 0.9663041 -0.1184427 -0.2287747 0.9662471 -0.1908977 -0.1703182 0.9667211 -0.1913596 -0.1715984 0.9664034 -0.1913556 -0.1716228 0.9663998 -0.1911641 -0.1726996 0.9662459 -0.1912736 -0.1721321 0.9663255 -0.1912003 -0.1724846 0.9662771 -0.1912331 -0.1723375 0.9662969 -0.1911014 -0.172889 0.9662244 -0.1915583 -0.1710925 0.9664537 -0.1907861 -0.1739518 0.966096 -0.191638 -0.1708857 0.9664745 -0.1909313 -0.1733608 0.9661735 -0.1914948 -0.1714388 0.9664049 -0.1909368 -0.1732935 0.9661845 -0.19141 -0.1717608 0.9663646 -0.190988 -0.1730955 0.9662099 -0.1914981 -0.1715197 0.96639 -0.1901508 -0.1755813 0.9659264 -0.1861369 -0.179831 0.9659263 -0.182901 -0.181114 0.9663048 -0.183272 -0.18097 0.9662614 -0.1832256 -0.1809868 0.9662671 -0.1835921 -0.1808511 0.9662231 -0.1812826 -0.1816925 0.9665012 -0.1839145 -0.1807545 0.9661797 -0.1826479 -0.1811959 0.9663373 -0.1838568 -0.1807844 0.9661851 -0.1821587 -0.1812762 0.9664146 -0.182235 -0.1812594 0.9664034 -0.1809209 -0.1808684 0.9667234 -0.1832027 -0.1810254 0.9662642 -0.1826808 -0.1811654 0.9663368 -0.1835191 -0.1809535 0.9662177 -0.1817851 -0.1814729 0.966448 -0.1834524 -0.1809458 0.9662318 -0.1829151 -0.1811071 0.9663035 -0.2341885 -0.10299 0.9667206 -0.2350178 -0.1040576 0.966405 -0.2350758 -0.1044348 0.9663502 -0.235153 -0.1049891 0.9662714 -0.2350701 -0.1043235 0.9663636 -0.2351599 -0.1051428 0.966253 -0.2351574 -0.1051181 0.9662563 -0.2351416 -0.1049188 0.9662817 -0.2350513 -0.1035344 0.9664531 -0.2352398 -0.1072828 0.9659982 -0.2350771 -0.1035009 0.9664504 -0.2351729 -0.106163 0.9661382 -0.2350723 -0.1026853 0.9665385 -0.235138 -0.1056862 0.966199 -0.235119 -0.104393 0.9663443 -0.2351289 -0.105674 0.9662025 -0.2351271 -0.1037489 0.9664116 -0.2350996 -0.1082344 0.9659263 -0.2325976 -0.1135119 0.9659262 -0.2296799 -0.115928 0.9663373 -0.2314875 -0.1144523 0.9660819 -0.2285276 -0.1168334 0.9665015 -0.230981 -0.1148882 0.9661514 -0.2283336 -0.116958 0.9665323 -0.231477 -0.1145356 0.9660745 -0.2295633 -0.1159893 0.9663576 -0.2302623 -0.1154665 0.966254 -0.2297066 -0.1158499 0.9663404 -0.2293295 -0.1160716 0.9664033 -0.2279644 -0.1161057 0.9667221 -0.229681 -0.1158825 0.9663426 -0.2301461 -0.1155799 0.9662681 -0.2300711 -0.1156271 0.9662803 -0.2291702 -0.1162716 0.9664171 -0.2299585 -0.115708 0.9662974 -0.2305153 -0.1153223 0.9662109 -0.2545479 -0.02558718 0.9667216 -0.2556751 -0.02635214 0.9664036 -0.2557158 -0.02643281 0.9663906 -0.2562055 -0.02743917 0.9662328 -0.2559863 -0.02697224 0.9663041 -0.2560607 -0.02713757 0.9662797 -0.2560318 -0.02707001 0.9662893 -0.2561503 -0.02735594 0.9662498 -0.2554914 -0.02570295 0.9664696 -0.256715 -0.02891117 0.9660547 -0.2556687 -0.02610637 0.9664119 -0.2564068 -0.02812749 0.9661596 -0.2551295 -0.02455026 0.9665952 -0.256434 -0.02828694 0.9661478 -0.2557949 -0.02641401 0.9663701 -0.2560296 -0.02711913 0.9662884 -0.2562381 -0.02775715 0.9662151 -0.2570371 -0.03027057 0.9659274 -0.2562873 -0.03607101 0.9659274 -0.2543115 -0.0391878 0.9663281 -0.2550278 -0.03807545 0.9661838 -0.2536753 -0.04014626 0.966456 -0.2549824 -0.03817523 0.9661918 -0.2538819 -0.03980812 0.9664157 -0.2547019 -0.03860724 0.9662486 -0.2545868 -0.03877561 0.9662722 -0.2547532 -0.03853966 0.9662378 -0.2539781 -0.03951665 0.9664024 -0.2539674 -0.03952833 0.9664047 -0.2526869 -0.03998004 0.9667218 -0.2547489 -0.03859694 0.9662367 -0.2539947 -0.03952942 0.9663975 -0.2549333 -0.03840374 0.9661958 -0.2539273 -0.03969276 0.9664085 -0.2542817 -0.03921282 0.9663349 -0.2547968 -0.03853646 0.9662265 -0.2548918 0.04490782 0.9659262 -0.2539701 0.04131067 0.9663295 -0.254292 0.04253073 0.9661919 -0.2538142 0.04077291 0.9663932 -0.2541458 0.04195892 0.9662554 -0.2537667 0.04063473 0.9664116 -0.254082 0.04170763 0.966283 -0.2542314 0.04220224 0.9662222 -0.2542489 0.04225887 0.9662151 -0.2537949 0.0410103 0.9663882 -0.2537372 0.0408755 0.9664091 -0.2526799 0.04006619 0.96672 -0.2539313 0.04129085 0.9663405 -0.2539245 0.04127278 0.966343 -0.2543807 0.04241263 0.9661736 -0.2537054 0.040548 0.9664313 -0.254082 0.04167597 0.9662843 -0.25428 0.04224167 0.9662076 -0.2499757 0.05432175 0.9667271 -0.2513114 0.05393464 0.9664024 -0.2513508 0.05389487 0.9663944 -0.2518046 0.05342514 0.9663023 -0.2518767 0.05334661 0.966288 -0.2520164 0.05319278 0.96626 -0.2518867 0.05333966 0.9662857 -0.252075 0.05311984 0.9662487 -0.2510014 0.05441164 0.9664563 -0.2529123 0.05204095 0.9660885 -0.251092 0.05433312 0.9664371 -0.2524611 0.05258459 0.9661771 -0.2511877 0.05423354 0.9664178 -0.2521205 0.05300848 0.9662429 -0.2515606 0.05375578 0.9663476 -0.2518671 0.05334249 0.9662907 -0.2519843 0.05317969 0.966269 -0.2538192 0.05062052 0.9659262 -0.2209652 0.128922 0.966723 -0.2223198 0.1289655 0.9664066 -0.222656 0.1287923 0.9663524 -0.2232221 0.1284909 0.9662619 -0.2231987 0.1285032 0.9662657 -0.2229264 0.1286588 0.9663078 -0.2230282 0.1285992 0.9662922 -0.2233485 0.1284028 0.9662443 -0.22219 0.1291343 0.966414 -0.2243271 0.1277411 0.9661053 -0.221978 0.1292968 0.9664409 -0.2241952 0.1278047 0.9661276 -0.2213389 0.1297558 0.9665261 -0.2234766 0.1282737 0.9662319 -0.2232107 0.128461 0.9662685 -0.2231367 0.1285157 0.9662783 -0.222757 0.1287892 0.9663294 -0.2257498 0.1265862 0.9659259 -0.2285471 0.1214629 0.9659259 -0.228749 0.1182796 0.9662731 -0.2287393 0.118451 0.9662544 -0.2287776 0.1176762 0.9663401 -0.2287163 0.1191202 0.9661777 -0.228819 0.1162052 0.9665082 -0.2287412 0.1189698 0.9661903 -0.2287571 0.1182223 0.9662782 -0.2287491 0.1187958 0.9662098 -0.2287223 0.1175463 0.966369 -0.2286995 0.1173091 0.9664032 -0.2279206 0.1161787 0.9667237 -0.2287547 0.1178268 0.9663272 -0.2287838 0.1183857 0.9662519 -0.2287535 0.1179308 0.9663147 -0.2287604 0.1170928 0.966415 -0.2287677 0.117996 0.9663035 -0.2287777 0.1184424 0.9662464 -0.1703141 0.1908799 0.9667254 -0.1716114 0.1913479 0.9664034 -0.1719669 0.19129 0.9663517 -0.1727002 0.1911594 0.9662467 -0.1721322 0.1912691 0.9663264 -0.1721903 0.191257 0.9663184 -0.1726282 0.1911592 0.9662597 -0.1722728 0.1912441 0.9663063 -0.1717049 0.1913885 0.9663787 -0.1733598 0.1909412 0.9661718 -0.1708105 0.1916498 0.9664854 -0.1740145 0.1907346 0.9660948 -0.1708399 0.1916656 0.9664771 -0.1726163 0.1911315 0.9662672 -0.1717524 0.1913982 0.9663684 -0.1744033 0.1905594 0.9660593 -0.1708952 0.1916955 0.9664615 -0.175597 0.1901359 0.9659265 -0.1798146 0.1861524 0.9659265 -0.1813633 0.1822458 0.9663818 -0.1807161 0.1839126 0.9661873 -0.1809794 0.1832189 0.9662697 -0.1810771 0.1829583 0.9663008 -0.1812372 0.1825189 0.9663539 -0.1811797 0.1826792 0.9663344 -0.180979 0.1832564 0.9662628 -0.1807795 0.1838425 0.9661887 -0.1812661 0.182162 0.9664159 -0.1812492 0.1822374 0.9664048 -0.1808585 0.1809241 0.9667248 -0.1810163 0.1832009 0.9662663 -0.1812384 0.1823726 0.9663814 -0.1808682 0.1838376 0.9661731 -0.1814645 0.181781 0.9664503 -0.1810319 0.1831495 0.9662731 -0.1810121 0.1832153 0.9662643 -0.10299 0.2341885 0.9667206 -0.1040476 0.2350101 0.966408 -0.1046718 0.235106 0.9663172 -0.1049463 0.2351442 0.9662781 -0.1047337 0.2351178 0.9663076 -0.1047785 0.2351227 0.9663016 -0.1051185 0.2351548 0.9662569 -0.1051011 0.2351535 0.9662591 -0.1039455 0.2350782 0.9664025 -0.1060797 0.2351857 0.9661443 -0.1038705 0.2350905 0.9664075 -0.106163 0.2351729 0.9661382 -0.1026853 0.2350723 0.9665385 -0.1052986 0.2351296 0.9662433 -0.1043921 0.2351163 0.966345 -0.1055802 0.2351256 0.9662136 -0.1042489 0.2351242 0.9663585 -0.1082344 0.2350996 0.9659263 -0.1135119 0.2325976 0.9659262 -0.115928 0.2296799 0.9663373 -0.115276 0.2304788 0.9662251 -0.1152363 0.230528 0.9662181 -0.115671 0.2299802 0.9662967 -0.1164483 0.2289859 0.9664395 -0.1147875 0.231142 0.9661248 -0.1162353 0.2292344 0.9664062 -0.1152214 0.2305899 0.9662051 -0.1161707 0.2291676 0.9664299 -0.1160715 0.2293357 0.9664019 -0.1161056 0.2279706 0.9667206 -0.1156589 0.2300142 0.9662901 -0.115684 0.2299751 0.9662964 -0.115515 0.2302436 0.9662526 -0.1162696 0.2291684 0.9664177 -0.1158226 0.229793 0.9663231 -0.1153223 0.2305153 0.9662109 -0.02557949 0.2545366 0.9667248 -0.02635134 0.2556739 0.9664039 -0.02689019 0.2559454 0.9663171 -0.02698097 0.2559909 0.9663026 -0.02697268 0.2559857 0.9663042 -0.0271811 0.2560796 0.9662735 -0.02747796 0.2562082 0.966231 -0.02730945 0.2561381 0.9662544 -0.02570116 0.255497 0.9664682 -0.02900467 0.2567577 0.9660404 -0.02525358 0.255357 0.966517 -0.02812749 0.2564068 0.9661596 -0.02621144 0.2557236 0.9663945 -0.02759209 0.2562047 0.9662287 -0.0262294 0.2557396 0.9663898 -0.02814271 0.2563767 0.9661671 -0.02589929 0.2556463 0.9664234 -0.03028711 0.2570424 0.9659254 -0.03606986 0.2562948 0.9659255 -0.03931474 0.2542376 0.9663423 -0.03795621 0.2551124 0.9661661 -0.03960839 0.2540316 0.9663845 -0.03883462 0.254546 0.9662806 -0.03981046 0.2538882 0.966414 -0.03861141 0.2547094 0.9662465 -0.03877848 0.2545927 0.9662705 -0.03854278 0.254759 0.9662361 -0.03981383 0.2537246 0.9664568 -0.03952381 0.2539802 0.9664016 -0.03997932 0.2526889 0.9667212 -0.03894611 0.2544745 0.9662949 -0.03918717 0.2542801 0.9663364 -0.03845648 0.2548893 0.9662052 -0.03969663 0.2539331 0.9664069 -0.0388611 0.2545496 0.9662786 -0.03853646 0.2547968 0.9662265 -0.7369797 0.6759149 0 -0.7369797 0.6759149 0 -0.7894072 0.6138699 0 -0.7894072 0.6138699 0 -0.8122147 0.5833586 0 -0.8122147 0.5833586 0 -0.8371601 0.546958 0 -0.8371601 0.546958 0 -0.8790386 0.4767506 0 -0.8790386 0.4767506 0 0.04488949 0.254894 0.9659265 0.04115972 0.2539381 0.9663442 0.0425315 0.2543001 0.9661897 0.04091712 0.2538624 0.9663745 0.04195892 0.2541526 0.9662536 0.04063445 0.2537734 0.9664098 0.04258049 0.2543447 0.9661758 0.04133995 0.2539712 0.9663279 0.04211488 0.2542111 0.9662314 0.04135674 0.253954 0.9663317 0.04088285 0.2537487 0.9664059 0.040057 0.2526698 0.9667231 0.04170094 0.2540958 0.9662796 0.04161822 0.2540639 0.9662915 0.04163765 0.2540717 0.9662886 0.04054582 0.2537133 0.9664293 0.04174232 0.2541121 0.9662736 0.04182272 0.2541403 0.9662627 0.05432566 0.2499937 0.9667222 0.05394295 0.2513143 0.9664012 0.05397205 0.2512855 0.9664071 0.05310808 0.2521178 0.9662381 0.05335762 0.2518841 0.9662853 0.05378301 0.2514976 0.9663624 0.05308157 0.2521156 0.9662402 0.05312405 0.2520799 0.9662472 0.05441538 0.2510065 0.9664547 0.05204482 0.2529166 0.9660872 0.05448813 0.250977 0.9664583 0.05243845 0.252582 0.9661534 0.0548009 0.2507591 0.9664972 0.05316369 0.2520042 0.9662647 0.05359583 0.2516804 0.9663253 0.0527378 0.2523127 0.9662075 0.05318129 0.2519912 0.966267 0.05063865 0.2538143 0.9659265 0 0 -1 0 -0 -1 -0 0 -1 0 -0 -1 -0 0 -1 0 -0 -1 -0 0 -1 0 -0 -1 -0 0 -1 0 -0 -1 -0 0 -1 0 -0 -1 -0 0 -1 0 -0 -1 -0 0 -1 0 -0 -1 -0 0 -1 0 -0 -1 -0 0 -1 0 -0 -1 -0 0 -1 0 -0 -1 0 0 -1 0 0 -1 0 0 -1 -0 0 -1 0 0 -1 -0 0 -1 0 0 -1 -0 0 -1 0 0 -1 -0 0 -1 0 0 -1 -0 0 -1 0 0 -1 -0 0 -1 0 0 -1 -0 0 -1 0 0 -1 -0 0 -1 0 0 -1 -0 0 -1 0 0 -1 -0 0 -1 0 0 -1 -0 0 -1 0 0 -1 -0 0 -1 0 0 -1 -0 0 -1 0 0 -1 -0 0 -1 0 0 -1 -0 0 -1 0 0 -1 -0 0 -1 0 0 -1 -0 0 -1 -0 0 -1 0 0 -1 -0 0 -1 0 -0 -1 -0 0 -1 0 -0 -1 -0 0 -1 0 -0 -1 -0 0 -1 0 -0 -1 -0 0 -1 0 -0 -1 -0 0 -1 0 -0 -1 -0 0 -1 0 -0 -1 -0 0 -1 0 -0 -1 -0 0 -1 0 -0 -1 -0 0 -1 0 -0 -1 -0 0 -1 0 -0 -1 -0 0 -1 0 -0 -1 -0 0 -1 0 -0 -1 -0 0 -1 0 -0 -1 -0 0 -1 0 -0 -1 0 0 -1 0 -0 -1 0 0 -1 0 -0 -1 0 -0 -1 0 0 -1 0 -0 -1 0 0 -1 0 -0 -1 0 0 -1 0 -0 -1 0 0 -1 0 -0 -1 0 0 -1 0 -0 -1 0 0 -1 0 -0 -1 0 0 -1 0 -0 -1 0 0 -1 0 -0 -1 0 -0 -1 0 0 -1 0 -0 -1 0 0 -1 0 -0 -1 0 0 -1 0 -0 -1 0 0 -1 0 -0 -1 0 0 -1 0 0 -1 0 0 -1 0 0 -1 0 0 -1 0 0 -1 0 0 -1 0 0 -1 0 0 -1 0 0 -1 0 0 -1 0 0 -1 0 0 -1 0 0 -1 0 0 -1 0 0 -1 0 0 -1 0 0 -1 0 0 -1 0 0 -1 0 0 -1 0 0 -1 -0.3666017 0.7879687 0.4946802 -0.3665814 0.7879587 0.4947113 -0.4076422 0.7956697 0.4480374 -0.4076831 0.7956687 0.4480021 -0.4076029 0.7956231 0.4481561 -0.444592 0.8025665 0.3977751 -0.4445011 0.8025715 0.3978667 -0.4444492 0.8025358 0.3979967 -0.4768591 0.8086208 0.3445835 -0.4767412 0.8086314 0.3447218 -0.4767322 0.8086233 0.3447532 -0.504396 0.8138174 0.288593 -0.5042973 0.8138306 0.2887281 -0.5042639 0.8137862 0.2889118 -0.5269672 0.8180526 0.2304246 -0.5269448 0.8180569 0.2304606 -0.5269639 0.8181099 0.2302287 -0.5442963 0.8213635 0.1705977 -0.5443976 0.8213367 0.1704029 -0.5443987 0.8213195 0.1704827 -0.5565689 0.8236035 0.109125 -0.5565321 0.8236169 0.1092117 -0.5565217 0.8236371 0.1091128 -0.5632951 0.8249129 0.04708895 -0.5633552 0.8248821 0.04690835 -0.563332 0.8249047 0.04679017 -0.5646887 0.8251566 -0.01559815 -0.5647005 0.8251476 -0.01564693 -0.5647144 0.825139 -0.01559863 -0.5606171 0.8243663 -0.07828586 -0.5605955 0.8243945 -0.07814297 -0.5606975 0.8243507 -0.0778735 -0.5511541 0.8225613 -0.1400782 -0.551145 0.8225938 -0.1399239 -0.5511269 0.8225995 -0.1399622 -0.5363598 0.8198314 -0.200486 -0.5363539 0.8197936 -0.2006564 -0.5363392 0.8197969 -0.2006823 -0.5161838 0.8160052 -0.2601729 -0.5162266 0.8160816 -0.2598482 -0.5163044 0.816069 -0.2597328 -0.4910966 0.8113354 -0.3171101 -0.4911288 0.8113698 -0.3169726 -0.491327 0.8113477 -0.3167216 -0.4611897 0.8056942 -0.3717001 -0.4612011 0.805703 -0.3716668 -0.4611766 0.8057047 -0.3716934 -0.4266013 0.7992107 -0.4234072 -0.426616 0.7992199 -0.4233749 -0.4266232 0.7992196 -0.4233683 -0.3875994 0.79189 -0.4718865 -0.3876323 0.7919074 -0.4718303 -0.3876746 0.7919068 -0.4717965 -0.3446611 0.7838314 -0.5165434 -0.3446795 0.7838399 -0.5165182 -0.3446528 0.7838396 -0.5165363 -0.3187869 0.7793317 -0.5394598 -0.2976519 0.7752993 -0.5570586 -0.2969782 0.7750294 -0.5577933 -0.2977861 0.7750503 -0.5573334 -0.2603354 0.768277 -0.584787 -0.2463942 0.7675497 -0.5917411 -0.2332243 0.7649843 -0.6003378 -0.2477906 0.7656494 -0.5936168 -0.2080865 0.7584565 -0.6176112 -0.1934756 0.757542 -0.6234559 -0.179395 0.7548146 -0.6309298 -0.1947256 0.7556756 -0.625329 -0.1531093 0.7481236 -0.6456537 -0.1381282 0.747052 -0.6502569 -0.1237822 0.7442746 -0.6563028 -0.1391245 0.7452558 -0.652103 -0.09674003 0.7375689 -0.6683065 -0.08056749 0.7361883 -0.671964 -0.06672184 0.7333944 -0.6765212 -0.08134907 0.7346213 -0.6735827 -0.06787448 0.7321194 -0.6777863 -0.0369985 0.7263364 -0.6863429 -0.02145292 0.7250429 -0.6883696 -0.006384422 0.7221187 -0.6917397 -0.02228335 0.7232857 -0.6901894 0.0233657 0.7149801 -0.6987543 0.03919456 0.7136305 -0.699425 0.05433803 0.7107038 -0.7013896 0.03830768 0.7119126 -0.7012225 0.08433099 0.7035375 -0.7056368 0.1000349 0.7021801 -0.7049369 0.1153936 0.6992091 -0.705543 0.09957559 0.700403 -0.7067676 0.1458431 0.6919817 -0.7070297 0.1615522 0.6906289 -0.7049345 0.1767119 0.6876888 -0.7041712 0.1611836 0.6888355 -0.7067711 0.1735263 0.6867438 -0.7058835 0.2225137 0.6773453 -0.7012068 0.2073785 0.6819529 -0.7013804 0.2376998 0.6762773 -0.697243 0.22256 0.6773404 -0.7011967 0.2679807 0.6690741 -0.6932 0.2827688 0.6679138 -0.6884279 0.2977266 0.6650187 -0.6849152 0.2831697 0.6659555 -0.6901581 0.3276071 0.6578721 -0.6781429 0.3419519 0.6568391 -0.6720351 0.356429 0.6540297 -0.6672359 0.3424378 0.6548117 -0.6737641 0.3857568 0.6469401 -0.6577691 0.3997033 0.6460781 -0.6502464 0.4222296 0.6416262 -0.6403421 0.4002309 0.6426784 -0.6532837 0.4231639 0.6387109 -0.6426359 0.4552407 0.6353924 -0.6237246 0.4634617 0.633341 -0.6197438 0.455549 0.6335515 -0.62537 0.4956149 0.6262946 -0.6017648 0.5080028 0.6258918 -0.5917707 0.5203224 0.6234886 -0.5835465 0.508647 0.6235874 -0.5936472 0.5463803 0.6167688 -0.5666258 0.5579922 0.6166661 -0.5553085 0.5695166 0.6144179 -0.5460233 0.558663 0.6142141 -0.557348 0.6054842 0.6054264 -0.5165731 0.605519 0.6054131 -0.5165477 0.6054907 0.6054115 -0.5165828 0.6484726 0.5973425 -0.4718742 0.6485329 0.5973181 -0.4718222 0.6485871 0.5973242 -0.4717399 0.6874855 0.590018 -0.4233707 0.6874737 0.590023 -0.4233825 0.6873898 0.5900073 -0.4235407 0.7220217 0.5835089 -0.3717553 0.7220477 0.5835211 -0.3716858 0.7221277 0.5835186 -0.3715343 0.7222189 0.5835456 -0.3713144 0.7518686 0.5779771 -0.3172318 0.7520224 0.5778968 -0.3170135 0.7520638 0.5779166 -0.3168794 0.777158 0.5732004 -0.2597435 0.7771223 0.5732213 -0.259804 0.7771025 0.5732049 -0.2598993 0.7971652 0.5694388 -0.2006668 0.797147 0.569451 -0.2007042 0.7971541 0.5694636 -0.2006399 0.8119361 0.5666899 -0.1400794 0.8119935 0.5666443 -0.1399309 0.8119966 0.566676 -0.1397849 0.8214439 0.5649012 -0.07820807 0.8214974 0.5648486 -0.07802598 0.8214901 0.5648738 -0.07792106 0.8255465 0.5641124 -0.01581888 0.8255795 0.5640686 -0.01565655 0.8255776 0.5640718 -0.01564399 0.8242212 0.56433 0.04680754 0.8242235 0.5643248 0.04682843 0.8241553 0.5644017 0.04710355 0.8173938 0.5656692 0.1090211 0.8173966 0.5656438 0.1091323 0.8173736 0.5656641 0.1092001 0.8052577 0.5679411 0.1703019 0.8052418 0.5678914 0.1705434 0.8052603 0.5678778 0.1705007 0.787774 0.5711567 0.230634 0.7877983 0.5711845 0.2304822 0.7878242 0.5711683 0.2304339 0.7652424 0.5754115 0.2886272 0.7652145 0.5753942 0.2887356 0.7651411 0.5754347 0.2888491 0.7376643 0.5805923 0.3446214 0.7376903 0.5806021 0.3445493 0.7376006 0.5806377 0.3446813 0.737358 0.5806565 0.3451686 0.7053963 0.5866476 0.3978199 0.7054189 0.5866529 0.397772 0.7052857 0.5867133 0.3979193 0.6684843 0.5936217 0.4480424 0.6684446 0.5936159 0.4481094 0.6685666 0.5935647 0.4479949 0.6275035 0.6012788 0.4946748 0.627506 0.601279 0.4946713 0.6274869 0.6012864 0.4946865 0.586116 0.6091547 0.5342271 0.5819211 0.6110822 0.5366064 0.560778 0.6174996 0.5515634 0.5826127 0.6097345 0.5373884 0.546306 0.6168159 0.5666462 0.5332061 0.6212499 0.5742297 0.5203677 0.6235775 0.583411 0.5342371 0.6187993 0.5759152 0.4955034 0.6263379 0.6018116 0.4819239 0.6307414 0.6082062 0.4631504 0.634099 0.6192013 0.4828335 0.6276188 0.6107098 0.4641698 0.6314471 0.6211449 0.4277264 0.6400697 0.6382484 0.4224959 0.6405471 0.6412462 0.4281459 0.638707 0.6393313 0.3857336 0.6469342 0.6577886 0.3711061 0.6514035 0.6617807 0.3564177 0.6540796 0.6671928 0.3715072 0.6493417 0.6635795 0.3276265 0.6578474 0.6781576 0.3127581 0.6622972 0.6808412 0.2978088 0.6650193 0.6848789 0.3127678 0.6603999 0.6826773 0.2677497 0.6691124 0.6932521 0.2529155 0.6734876 0.6945849 0.2377461 0.6762458 0.6972577 0.2528946 0.6716137 0.6964046 0.2073912 0.680426 0.702858 0.19191 0.6849568 0.7028547 0.1766242 0.6877294 0.7041535 0.1919484 0.6830621 0.7046857 0.1458708 0.6919798 0.707026 0.1308908 0.6963753 0.7056409 0.1154 0.6992001 0.705551 0.130383 0.694624 0.7074587 0.0844593 0.7035109 0.7056479 0.0694804 0.7079263 0.7028604 0.05432881 0.7106827 0.7014118 0.06886414 0.7062011 0.7046543 0.02325743 0.7150255 0.6987114 0.00874058 0.7193568 0.6945857 -0.006276743 0.7220846 0.6917762 0.007933698 0.71763 0.6963793 -0.03879016 0.7266444 0.6859177 -0.05117021 0.7306338 0.6808493 -0.06756905 0.7338679 0.6759233 -0.05195645 0.7288649 0.6826833 -0.09586421 0.7373759 0.6686456 -0.1094677 0.7416428 0.6618026 -0.123756 0.7442365 0.6563508 -0.1106679 0.7398897 0.6635629 -0.1531297 0.7481259 0.6456461 -0.1660368 0.7523273 0.6375228 -0.1795521 0.7547746 0.6309331 -0.1673581 0.750543 0.6392782 -0.2080363 0.7584446 0.6176429 -0.2200363 0.7625601 0.6083471 -0.2332046 0.764948 0.6003917 -0.2216595 0.7607117 0.6100696 -0.2603298 0.7682392 0.5848393 -0.2716113 0.7723538 0.5741923 -0.2952411 0.7764626 0.5567212 -0.2748509 0.7685646 0.5777243 -0.2989314 0.7734289 0.5589701 -0.3199261 0.7815206 0.5356051 -0.3303733 0.7832706 0.5266315 -0.3217264 0.7795385 0.5374123 -0.3666231 0.7879686 0.4946645 0 0 1 0 0 1 0 0 1 0 0 1 0 0 1 0 0 1 0 0 1 0 0 1 0 0 1 0 0 1 0 0 1 0 0 1 -0 0 1 -0 0 1 0 0 1 0 0 1 0 0 1 0 0 1 -0 0 1 0 0 1 0 -0 1 0 -0 1 0 0 1 0 0 1 0 0 1 0 0 1 0 0 1 0 -0 1 -0 0 1 0 0 1 0 -0 1 0 0 1 0 0 1 -0 0 1 0 0 1 0 0 1 0 0 1 0 0 1 0 0 1 0 0 1 -0 0 1 0 0 1 -0 0 1 0 0 1 0 0 1 0 0 1 0 0 1 0 0 1 0 0 1 0 0 1 0 0 1 -0 0 1 0 -0 1 0 0 1 0 0 1 0 0 1 0 0 1 0 0 1 0 0 1 0 0 1 0 0 1 0 0 1 0 0 1 0 0 1 0 0 1 0 -0 1 0 -0 1 0 0 1 0 0 1 0 0 1 0 0 1 0 0 1 0 0 1 -0 0 1 0 0 1 -0 0 1 0 0 1 0 0 1 0 0 1 0 -0 1 0 0 1 0 0 1 0 -0 1 0 -0 1 0 0 1 0 0 1 0 0 1 0 0 1 0 0 1 0 0 1 0 0 1 -0 0 1 -0 0 1 0 0 1 -0 0 1 -0 0 1 0 0 1 0 0 1 0 0 1 0 0 1 0 0 1 0 0 1 0 0 1 0 0 1 -0 0 1 -0 0 1 0 0 1 0 0 1 0 0 1 0 0 1 0 0 1 0 0 1 0 0 1 -0 0 1 0 0 1 0 -0 1 0 0 1 0 0 1 0 0 1 0 0 1 0 -0 1 0 -0 1 0 0 1 0 0 1 0 0 1 0 0 1 0 0 1 0 0 1 0 0 1 0 0 1 0 0 1 0 0 1 0 0 1 0 0 1 0 0 1 0 0 1 0 0 1 0 0 1 0 0 1 0 -0 1 0 -0 1 0 0 1 -0 0 1 -0 -0 1 0 0 1 0 -0 1 0 -0 1 0 0 1 0 0 1 -0 0 1 -0 0 1 -0 0 1 -0 0 1 -0 0 1 0 0 1 -0 0 1 -0 0 1 0 -0 1 0 0 1 0 0 1 0 0 1 0 0 1 0 0 1 0 0 1 -0 0 1 -0 0 1 0 -0 1 -0 -0 1 -0 -0 1 0 0 1 0 0 1 0 0 1 0 0 1 -0 -0 1 -0 -0 1 0 0 1 -0 -0 1 -0 0 1 0 0 1 -0 0 1 -0 0 1 0 0 1 -0 0 1 0 0 1 0 0 1 0 0 1 -0 0 1 0 -0 1 -0 0 1 -0 0 1 0 0 1 0 0 1 0 0 1 0 0 1 0 0 1 0 0 1 0 0 1 -0 0 1 -0 0 1 0 0 1 0 0 1 0 0 1 0 0 1 0 0 1 0 0 1 -0 0 1 0 0 1 0 0 1 0 0 1 -0 0 1 0 0 1 0 0 1 0 0 1 0 0 1 0 0 1 0 0 1 0 0 1 0 0 1 0 0 1 0 0 1 0 0 1 0 0 1 0 0 1 0 0 1 0 0 1 0 0 1 0 0 1 0 0 1 0 0 1 0 -0 1 -0 0 1 0 -0 1 -0 -0 1 0 0 1 0 0 1 0 0 1 0 0 1 0 0 1 0 0 1 0 0 1 0 0 1 0 0 1 0 -0 1 0 -0 1 0 0 1 -0 0 1 -0 0 1 -0 0 1 0 0 1 0 0 1 0 -0 1 0 -0 1 0 0 1 0 -0 1 0 0 1 0 0 1 0 0 1 0 0 1 0 0 1 0 0 1 0 0 1 0 -0 1 0 -0 1 0 -0 1 -0 0 1 -0 0 1 0 0 1 0 -0 1 0 -0 1 0 0 1 0 -0 1 0 -0 1 0 0 1 0 -0 1 0 -0 1 0 0 1 0 -0 1 0 0 1 0 0 1 0 0 1 0 -0 1 0 -0 1 0 0 1 0 -0 1 0 -0 1 0 0 1 0 -0 1 0 0 1 0 -0 1 0 -0 1 0 0 1 0 -0 1 0 -0 1 0 0 1 0 0 1 -0 0 1 -0 0 1 0 0 1 -0 0 1 -0 0 1 0 -0 1 0 0 1 -0 0 1 0 -0 1 -0 0 1 -0 0 1 0 0 1 0 0 1 0 0 1 0 0 1 -0 0 1 0 -0 1 -0 0 1 -0 0 1 0 0 1 0 0 1 0 0 1 0 0 1 0 0 1 0 0 1 0 0 1 -0 -0 1 0 -0 1 -0 0 1 -0 0 1 0 0 1 0 -0 1 0 0 1 -0 -0 1 -0 -0 1 0 0 1 -0 0 1 0 0 1 0 0 1 0 0 1 -0 0 1 0 0 1 0 0 1 0 0 1 0 0 1 0 0 1 0 0 1 0 0 1 0 0 1 0 0 1 0 0 1 0 0 1 -0 0 1 -0 0 1 0 0 1 0 0 1 0 0 1 -0 0 1 -0 0 1 0 0 1 0 -0 1 -0 -0 1 0 -0 1 0 0 1 0 0 1 0 0 1 0 0 1 0 0 1 0 0 1 0 0 1 0 0 1 0 0 1 0 0 1 0 0 1 -0 -0 1 0 0 1 0 0 1 0 0 1 0 0 1 0 0 1 0 0 1 0 -0 1 -0 0 1 0 -0 1 0 0 1 0 0 1 0 0 1 0 -0 1 0 -0 1 0 0 1 0 -0 1 0 -0 1 -0 -0 1 -0 -0 1 0 0 1 0 0 1 0 0 1 -0 -0 1 -0 -0 1 -0 -0 1 0 0 1 0 -0 1 0 -0 1 0 0 1 0 -0 1 0 -0 1 0 0 1 0 -0 1 0 -0 1 0 0 1 0 -0 1 0 -0 1 0 0 1 0 -0 1 0 0 1 0 -0 1 0 -0 1 0 0 1 -0 0 1 0 -0 1 0 -0 1 0 0 1 0 0 1 0 -0 1 0 -0 1 0 0 1 0 0 1 0 0 1 0 0 1 0 0 1 0 0 1 0 0 1 0 0 1 0 0 1 0 0 1 0 0 1 0 0 1 0 0 1 -0 -0 1 -0 -0 1 0 0 1 -0 -0 1 0 -0 1 0 0 1 0 -0 1 0 -0 1 0 0 1 0 -0 1 0 -0 1 0 0 1 -0 0 1 -0 0 1 0 0 1 -0 0 1 -0 0 1 -0 0 1 0 -0 1 0 0 1 0 0 1 0 0 1 0 0 1 0 0 1 0 0 1 0 0 1 0 0 1 0 0 1 0 0 1 0 0 1 -0 0 1 -0 0 1 0 0 1 0 0 1 0 0 1 0 0 1 0 0 1 0 0 1 -0 0 1 0 0 1 0 0 1 0 0 1 -0 0 1 -0 0 1 0 0 1 0 0 1 -0 0 1 -0 0 1 0 0 1 0 0 1 0 -0 1 -0 0 1 -0 0 1 0 0 1 -0 0 1 -0 0 1 0 0 1 0 0 1 -0 0 1 0 0 1 0 0 1 0 0 1 0 0 1 0 0 1 0 0 1 0 0 1 0 0 1 0 0 1 0 0 1 -0 0 1 0 0 1 0 0 1 0 0 1 0 0 1 0 -0 1 0 0 1 0 -0 1 0 -0 1 0 0 1 0 0 1 0 -0 1 0 0 1 0 0 1 0 0 1 0 0 1 0 -0 1 0 0 1 0 -0 1 0 0 1 0 0 1 0 0 1 0 0 1 0 0 1 0 0 1 0 0 1 0 0 1 0 0 1 0 0 1 0 0 1 0 0 1 0 0 1 0 -0 1 0 -0 1 0 0 1 0 0 1 0 0 1 0 0 1 0 0 1 0 0 1 0 0 1 0 0 1 0 0 1 0 0 1 0 0 1 0 0 1 0 0 1 0 0 1 0 0 1 0 0 1 0 0 1 0 0 1 0 0 1 0 0 1 -0 -0 1 0 0 1 0 0 1 0 0 1 0 -0 1 0 -0 1 0 0 1 0 0 1 0 0 1 0 -0 1 0 -0 1 0 0 1 0 0 1 0 0 1 0 0 1 0 -0 1 0 -0 1 0 0 1 0 0 1 0 0 1 -0 0 1 -0 0 1 0 0 1 0 -0 1 0 0 1 0 -0 1 0 -0 1 0 0 1 0 0 1 0 0 1 0 0 1 0 0 1 0 -0 1 0 -0 1 -0 0 1 -0 -0 1 0 0 1 0 0 1 0 0 1 0 0 1 0 0 1 0 0 1 0 0 1 -0 0 1 -0 0 1 0 0 1 -0 -0 1 -0 -0 1 0 0 1 -0 -0 1 -0 0 1 0 0 1 -0 0 1 0 -0 1 -0 0 1 -0 0 1 0 0 1 0 0 1 0 0 1 0 0 1 0 0 1 0 0 1 0 0 1 -0 0 1 -0 0 1 0 -0 1 0 0 1 0 0 1 0 0 1 0 0 1 0 0 1 0 0 1 0 0 1 0 0 1 0 0 1 0 0 1 0 0 1 -0 0 1 0 0 1 0 0 1 -0 0 1 -0 0 1 0 0 1 0 0 1 0 0 1 0 0 1 0 0 1 -0 0 1 -0 0 1 0 0 1 -0 0 1 -0 0 1 0 0 1 0 0 1 0 0 1 0 0 1 0 0 1 0 0 1 0 0 1 0 0 1 -0 0 1 0 0 1 0 0 1 0 0 1 0 0 1 0 0 1 0 0 1 0 0 1 0 0 1 0 0 1 0 0 1 -0 0 1 0 0 1 0 0 1 0 0 1 0 0 1 0 0 1 0 0 1 0 0 1 0 0 1 0 0 1 0 0 1 0 0 1 0 0 1 0 0 1 0 0 1 0 0 1 0 0 1 0 0 1 0 0 1 0 0 1 0 0 1 0 0 1 0 0 1 0 0 1 0 0 1 0 0 1 0 0 1 0 0 1 0 0 1 0 0 1 0 0 1 0 0 1 0 0 1 0 0 1 0 0 1 0 0 1 0 0 1 0 0 1 0 0 1 0 0 1 0 0 1 0 0 1 0 0 1 0 0 1 0 0 1 0 0 1 0 0 1 0 0 1 0 -0 1 0 -0 1 0 0 1 0 -0 1 0 -0 1 0 0 1 -0 0 1 -0 0 1 0 0 1 0 0 1 0 0 1 0 0 1 0 -0 1 0 -0 1 0 0 1 0 -0 1 0 -0 1 0 0 1 0 -0 1 0 -0 1 0 0 1 0 -0 1 0 -0 1 0 0 1 -0 0 1 -0 0 1 0 0 1 0 0 1 0 0 1 0 0 1 0 -0 1 0 -0 1 0 -0 1 0 0 1 -0 0 1 -0 0 1 0 0 1 -0 0 1 -0 0 1 0 0 1 0 0 1 0 0 1 0 0 1 -0 -0 1 -0 -0 1 0 0 1 0 0 1 0 0 1 0 0 1 -0 0 1 0 -0 1 -0 -0 1 0 -0 1 -0 -0 1 -0 -0 1 0 0 1 0 0 1 0 0 1 0 0 1 -0 0 1 -0 0 1 0 0 1 -0 0 1 -0 0 1 0 -0 1 -0 0 1 -0 0 1 0 0 1 0 0 1 0 0 1 0 0 1 0 0 1 -0 0 1 -0 0 1 0 0 1 0 0 1 0 0 1 0 0 1 0 -0 1 0 0 1 0 0 1 0 0 1 0 0 1 0 0 1 0 0 1 0 0 1 0 0 1 0 0 1 0 0 1 0 0 1 0 0 1 0 0 1 -0 0 1 -0 0 1 0 0 1 -0 0 1 -0 0 1 0 0 1 0 0 1 0 0 1 0 0 1 0 0 1 0 0 1 0 0 1 0 0 1 -0 0 1 0 0 1 0 0 1 0 0 1 0 0 1 0 0 1 0 0 1 0 0 1 0 0 1 0 0 1 0 0 1 0 0 1 0 0 1 0 0 1 0 0 1 0 0 1 0 -0 1 0 0 1 0 0 1 0 0 1 0 0 1 0 0 1 0 0 1 0 0 1 0 0 1 0 0 1 0 0 1 -0 -0 1 -0 -0 1 0 0 1 0 0 1 0 0 1 0 0 1 0 0 1 0 0 1 0 0 1 0 0 1 0 0 1 0 0 1 0 0 1 0 0 1 0 0 1 0 0 1 0 0 1 0 0 1 0 0 1 0 0 1 0 0 1 0 0 1 0 0 1 0 0 1 0 0 1 0 0 1 0 0 1 0 0 1 0 0 1 0 0 1 0 0 1 0 0 1 0 0 1 0 0 1 0 0 1 0 0 1 0 0 1 0 0 1 0 -0 1 0 -0 1 0 0 1 0 0 1 0 0 1 0 0 1 0 0 1 -0 0 1 0 0 1 0 0 1 0 0 1 0 0 1 0 0 1 -0 -0 1 -0 -0 1 0 0 1 0 -0 1 0 -0 1 0 0 1 0 0 1 0 0 1 -0 0 1 0 0 1 0 0 1 0 0 1 0 -0 1 0 -0 1 0 -0 1 0 0 1 0 -0 1 0 -0 1 0 0 1 0 0 1 0 0 1 0 0 1 0 0 1 0 0 1 0 0 1 0 0 1 0 0 1 0 0 1 0 -0 1 0 -0 1 0 0 1 0 0 1 0 0 1 0 -0 1 0 -0 1 0 -0 1 0 -0 1 0 0 1 0 -0 1 0 -0 1 0 0 1 -0 -0 1 -0 -0 1 0 0 1 0 0 1 0 0 1 0 -0 1 0 -0 1 0 0 1 0 0 1 0 0 1 0 0 1 0 0 1 0 0 1 0 -0 1 0 0 1 0 -0 1 0 -0 1 0 0 1 0 -0 1 0 0 1 0 -0 1 0 -0 1 0 0 1 0 0 1 0 0 1 0 0 1 0 0 1 0 0 1 0 0 1 0 -0 1 0 -0 1 0 0 1 0 -0 1 0 -0 1 0 0 1 -0 -0 1 0 -0 1 -0 0 1 -0 0 1 -0 -0 1 -0 -0 1 0 0 1 0 0 1 0 0 1 0 0 1 0 0 1 0 0 1 0 0 1 0 0 1 0 0 1 0 0 1 0 -0 1 0 -0 1 0 0 1 0 0 1 0 0 1 0 0 1 0 0 1 -0 0 1 -0 0 1 -0 0 1 0 0 1 0 -0 1 0 -0 1 0 0 1 0 0 1 0 0 1 0 0 1 0 0 1 0 0 1 0 0 1 -0 -0 1 -0 -0 1 0 0 1 0 0 1 0 0 1 0 0 1 0 0 1 0 0 1 0 0 1 0 0 1 -0 0 1 -0 0 1 0 0 1 0 0 1 -0 0 1 -0 0 1 0 0 1 0 -0 1 0 -0 1 0 0 1 0 0 1 0 0 1 0 0 1 -0 0 1 0 -0 1 -0 0 1 -0 0 1 0 0 1 0 -0 1 0 -0 1 0 -0 1 -0 0 1 0 -0 1 -0 0 1 -0 -0 1 0 0 1 0 0 1 0 0 1 0 0 1 -0 -0 1 -0 -0 1 0 0 1 0 0 1 0 0 1 0 0 1 0 0 1 0 0 1 -0 0 1 -0 0 1 0 0 1 -0 0 1 -0 0 1 0 0 1 0 0 1 0 0 1 0 -0 1 0 0 1 0 -0 1 0 -0 1 0 0 1 0 -0 1 0 -0 1 0 0 1 0 0 1 0 0 1 0 0 1 0 0 1 0 0 1 0 -0 1 0 -0 1 0 -0 1 0 -0 1 0 0 1 0 0 1 0 0 1 0 0 1 0 0 1 0 -0 1 0 -0 1 0 -0 1 0 0 1 0 0 1 0 0 1 -0 0 1 -0 0 1 -0 0 1 -0 0 1 0 0 1 0 0 1 0 0 1 0 0 1 0 0 1 0 0 1 0 0 1 0 0 1 -0 0 1 -0 0 1 0 0 1 0 -0 1 0 -0 1 0 0 1 0 0 1 0 0 1 0 0 1 0 0 1 0 0 1 0 0 1 0 0 1 0 0 1 0 0 1 0 0 1 0 0 1 -0 0 1 0 0 1 -0 0 1 0 0 1 -0 0 1 0 0 1 0 0 1 0 0 1 0 0 1 0.7003806 -0.09968602 -0.7067741 0.7003769 -0.09967036 -0.70678 0.7064442 -0.0373842 -0.7067807 0.7064424 -0.03738838 -0.7067824 0.7064427 -0.03738926 -0.706782 0.7069817 0.02518311 -0.7067832 0.706991 0.02520939 -0.7067732 0.7070012 0.0251855 -0.7067637 0.7020038 0.08761015 -0.7067639 0.7019953 0.08757675 -0.7067764 0.7020037 0.08756127 -0.7067701 0.6915175 0.1492561 -0.7067716 0.6915216 0.1492817 -0.7067621 0.6915078 0.1493028 -0.7067714 0.6756087 0.2098282 -0.7067708 0.6756072 0.2098078 -0.7067782 0.6756257 0.2097847 -0.7067675 0.6544227 0.2687189 -0.706768 0.6544226 0.2687219 -0.706767 0.6544445 0.268699 -0.7067554 0.628126 0.3255088 -0.7067543 0.6281276 0.3254946 -0.7067596 0.6281168 0.325504 -0.7067648 0.5968938 0.3797395 -0.7067643 0.5968975 0.3797204 -0.7067713 0.5968819 0.3797318 -0.7067784 0.560979 0.431008 -0.7067778 0.5609859 0.430984 -0.7067868 0.5610002 0.4309754 -0.7067808 0.5207288 0.4788518 -0.7067832 0.5207099 0.4789002 -0.7067643 0.5206554 0.4789269 -0.7067864 0.476353 0.5230122 -0.7067857 0.4763427 0.523033 -0.7067772 0.4763974 0.5230121 -0.7067559 0.4282288 0.5631301 -0.7067563 0.4282603 0.5630787 -0.7067783 0.4282728 0.5630751 -0.7067735 0.3767931 0.598749 -0.706772 0.3768028 0.5987359 -0.7067779 0.376819 0.5987328 -0.7067719 0.3223963 0.62971 -0.7067715 0.3224101 0.6296943 -0.7067791 0.3224584 0.6296895 -0.7067614 0.2654741 0.6557537 -0.7067606 0.2655141 0.6557159 -0.7067807 0.2655562 0.6557154 -0.7067654 0.2064655 0.6766506 -0.7067644 0.2065076 0.6766174 -0.706784 0.2065694 0.6766222 -0.7067614 0.1458872 0.6922443 -0.7067636 0.145918 0.6922241 -0.706777 0.1459216 0.6922247 -0.7067757 0.08415323 0.7024158 -0.7067745 0.08414754 0.7024189 -0.7067721 0.08414168 0.7024174 -0.7067743 0.02176755 0.7071038 -0.7067745 0.0217334 0.7071184 -0.706761 0.02172057 0.7071139 -0.706766 -0.04080447 0.7062687 -0.706767 -0.04081961 0.7062737 -0.7067611 -0.04084994 0.7062597 -0.7067732 -0.10308 0.6998901 -0.7067733 -0.1030997 0.6998945 -0.7067659 -0.1030954 0.699897 -0.7067641 -0.1645679 0.688042 -0.7067642 -0.1645388 0.688038 -0.7067748 -0.1645311 0.6880434 -0.7067714 -0.2246789 0.6708151 -0.7067719 -0.2247028 0.6708163 -0.7067631 -0.224748 0.6707786 -0.7067845 -0.2830874 0.6483189 -0.7067843 -0.2831323 0.6483172 -0.706768 -0.2830856 0.6483637 -0.7067439 -0.3393544 0.6207666 -0.7067441 -0.3392929 0.6207746 -0.7067667 -0.3393005 0.6207656 -0.7067711 -0.3928347 0.5883492 -0.7067717 -0.3928586 0.5883439 -0.7067628 -0.392853 0.588352 -0.7067592 -0.4433156 0.5513259 -0.7067609 -0.4432873 0.5513349 -0.7067717 -0.4433021 0.5513091 -0.7067825 -0.4902731 0.5099914 -0.7067821 -0.4902811 0.5099881 -0.706779 -0.4902775 0.509996 -0.7067758 -0.5334578 0.4646403 -0.7067759 -0.5334393 0.46465 -0.7067835 -0.5334213 0.4646999 -0.7067642 -0.5724689 0.4156488 -0.7067641 -0.5724326 0.4156721 -0.7067798 -0.5724172 0.415731 -0.7067576 -0.6069515 0.3634583 -0.7067587 -0.6069222 0.363481 -0.7067723 -0.6069239 0.363471 -0.706776 -0.6366748 0.3084053 -0.7067754 -0.6366683 0.3084114 -0.7067786 -0.6366654 0.3084481 -0.7067652 -0.661435 0.2509665 -0.7067669 -0.6614712 0.2509267 -0.7067473 -0.6614707 0.2508825 -0.7067634 -0.6810341 0.1915134 -0.7067639 -0.6810264 0.1915236 -0.7067685 -0.6810265 0.191525 -0.706768 -0.6952907 0.1305653 -0.7067698 -0.695305 0.1305424 -0.7067599 -0.6953101 0.1305689 -0.70675 -0.7041309 0.06857309 -0.7067513 -0.7041129 0.06860859 -0.7067658 -0.7041035 0.06857511 -0.7067785 -0.7074091 0.006100879 -0.706778 -0.707409 0.006101132 -0.7067781 -0.7074091 0.006101313 -0.706778 -0.7051819 -0.05641846 -0.7067782 -0.7051916 -0.05645031 -0.7067661 -0.7052042 -0.05642418 -0.7067555 -0.6974534 -0.1185524 -0.706756 -0.6974526 -0.1185483 -0.7067575 -0.6974459 -0.1185595 -0.7067623 -0.6842427 -0.1797247 -0.7067609 -0.6842446 -0.1797408 -0.7067551 -0.684232 -0.1797579 -0.7067627 -0.6656939 -0.2394526 -0.7067631 -0.6656948 -0.2394881 -0.7067502 -0.6656741 -0.2395118 -0.7067617 -0.6419119 -0.2973821 -0.7067624 -0.6419113 -0.2973913 -0.706759 -0.641918 -0.2973849 -0.7067556 -0.6131341 -0.3529353 -0.7067556 -0.6131291 -0.3529677 -0.7067435 -0.613099 -0.352992 -0.7067577 -0.5795271 -0.4057617 -0.7067572 -0.5795292 -0.4057533 -0.7067603 -0.5794863 -0.4057819 -0.7067792 -0.5413796 -0.4553797 -0.7067797 -0.5413718 -0.4554025 -0.7067709 -0.5413874 -0.455394 -0.7067644 -0.4990216 -0.5014623 -0.7067623 -0.4990147 -0.5014781 -0.7067561 -0.4989968 -0.5014859 -0.7067631 -0.4527594 -0.5435944 -0.7067631 -0.452754 -0.5436041 -0.706759 -0.4528028 -0.5435879 -0.7067404 -0.4029262 -0.5815219 -0.7067409 -0.4029475 -0.5814904 -0.7067547 -0.4029396 -0.5814922 -0.7067578 -0.3499543 -0.6148359 -0.7067593 -0.3499538 -0.6148366 -0.706759 -0.3499545 -0.6148365 -0.7067587 -0.2943081 -0.6433293 -0.7067604 -0.2942882 -0.6433498 -0.70675 -0.2942216 -0.6433536 -0.7067743 -0.2362795 -0.6668148 -0.7067744 -0.2362359 -0.6668524 -0.7067534 -0.2362267 -0.6668522 -0.7067568 -0.1764028 -0.6851106 -0.706757 -0.1763862 -0.6851226 -0.7067496 -0.1763431 -0.6851174 -0.7067654 -0.1151876 -0.6980078 -0.7067652 -0.1151629 -0.6980224 -0.7067547 -0.1151405 -0.6980176 -0.7067631 -0.05300485 -0.7054623 -0.7067627 -0.05299687 -0.7054661 -0.7067595 -0.05300906 -0.7054698 -0.7067547 0.009566607 -0.707392 -0.7067568 0.009554936 -0.7073876 -0.7067612 0.009565783 -0.7073832 -0.7067655 0.07199316 -0.7037758 -0.7067649 0.0720151 -0.7037819 -0.7067566 0.072046 -0.703766 -0.7067692 0.1339227 -0.6946506 -0.706771 0.1339443 -0.6946546 -0.706763 0.1339777 -0.6946335 -0.7067773 0.194792 -0.6800881 -0.7067788 0.1948181 -0.6800906 -0.7067692 0.1948373 -0.6800759 -0.706778 0.25418 -0.6601946 -0.7067783 0.2541778 -0.6601946 -0.7067792 0.2541572 -0.6602134 -0.706769 0.3114884 -0.6351786 -0.7067694 0.3114993 -0.6351777 -0.7067655 0.3114919 -0.6351858 -0.7067614 0.3664622 -0.6051409 -0.7067603 0.3664264 -0.605147 -0.7067735 0.3664485 -0.6051183 -0.7067866 0.418459 -0.5703908 -0.706786 0.4184868 -0.5703834 -0.7067755 0.4184654 -0.5704172 -0.7067609 0.4672776 -0.5311658 -0.7067633 0.4672596 -0.5311725 -0.7067704 0.4672683 -0.5311554 -0.7067773 0.5123586 -0.4878072 -0.7067764 0.5123517 -0.4878104 -0.7067792 0.5123539 -0.4878051 -0.7067813 0.5534568 -0.440618 -0.7067823 0.553499 -0.4405936 -0.7067645 0.5534967 -0.4406009 -0.7067617 0.5902762 -0.3899542 -0.70676 0.5902465 -0.3899752 -0.7067733 0.5902357 -0.3900251 -0.7067547 0.6224361 -0.336258 -0.7067559 0.6224211 -0.3362708 -0.706763 0.6224209 -0.3362722 -0.7067626 0.649714 -0.2799271 -0.706762 0.6497059 -0.2799353 -0.7067662 0.649703 -0.28002 -0.7067353 0.671944 -0.2213945 -0.7067361 0.6718889 -0.2214611 -0.7067676 0.6718886 -0.2214573 -0.7067689 0.6888442 -0.1611566 -0.7067689 0.6888285 -0.1611794 -0.7067789 0.6888335 -0.1612143 -0.7067662 0.7003921 -0.09966555 -0.7067656 0.1303652 -0.0229243 -0.991201 0.02458544 -0.005686482 -0.9996816 0.04341408 -0.008691518 -0.9990194 0.02430322 -0.005102876 -0.9996915 0.04350174 -0.008165096 -0.99902 -0.02180876 0.004093415 -0.9997538 -0.04360542 0.00757182 -0.9990202 -0.04362364 0.007575242 -0.9990193 -0.06519387 0.01224064 -0.9977975 -0.1300887 0.02442513 -0.9912015 -0.108609 0.01977661 -0.9938878 -0.1302173 0.02383392 -0.991199 -0.1656298 0.03150158 -0.9856848 -0.2157358 0.0399676 -0.9756335 -0.2295828 0.0427058 -0.9723518 -0.2158021 0.04011807 -0.9756126 -0.2296329 0.04311756 -0.9723217 -0.2995475 0.05624523 -0.952422 -0.2790038 0.05178006 -0.958893 -0.2996331 0.05565359 -0.9524298 -0.3202589 0.06014002 -0.9454191 -0.3811611 0.07157183 -0.921734 -0.3611122 0.0671993 -0.9300979 -0.3812697 0.07098436 -0.9217345 -0.4011991 0.07533616 -0.9128876 -0.4597076 0.0863218 -0.8838651 -0.4404865 0.08210818 -0.8939965 -0.4597514 0.08572546 -0.8839003 -0.4641847 0.08669786 -0.8814852 -0.5344551 0.101695 -0.8390564 -0.5016783 0.09360465 -0.859975 -0.5348244 0.09982805 -0.8390453 -0.5704545 0.1077107 -0.8142359 -0.6055683 0.1131158 -0.787713 -0.6054873 0.1131006 -0.7877775 -0.638941 0.1205693 -0.7597482 -0.6716348 0.1255296 -0.7301706 -0.7027779 0.1313782 -0.6991731 -0.671223 0.127718 -0.7301697 -0.7023458 0.1324728 -0.6994006 -0.7324116 0.136947 -0.6669473 -0.7324389 0.1369521 -0.6669163 -0.7604591 0.1433776 -0.63336 -0.7875103 0.1472987 -0.5984402 -0.787473 0.1472917 -0.598491 -0.8124757 0.153141 -0.5625221 -0.8363976 0.1564833 -0.5253112 -0.8476493 0.1585963 -0.5062983 -0.8362938 0.1570372 -0.5253115 -0.8686842 0.1631187 -0.4677394 -0.8788002 0.1644457 -0.4479596 -0.8882098 0.1662127 -0.4283185 -0.8785845 0.1649713 -0.4481894 -0.9059881 0.1701199 -0.3876142 -0.9142549 0.1711094 -0.3672324 -0.9219869 0.1725614 -0.3466448 -0.9140555 0.1716391 -0.3674813 -0.9359916 0.1757632 -0.3050035 -0.9425566 0.1764278 -0.2836552 -0.9485145 0.1775467 -0.2622926 -0.9424735 0.1769751 -0.2835902 -0.9589036 0.1800573 -0.2192792 -0.9635212 0.1803661 -0.1977242 -0.967564 0.1811253 -0.1761064 -0.9633818 0.1809013 -0.197915 -0.9741661 0.1829268 -0.1324319 -0.9769406 0.1828815 -0.1101887 -0.9790843 0.1832842 -0.08832247 -0.9767881 0.1834182 -0.1106465 -0.9818577 0.1843738 -0.04429242 -0.9826842 0.1839681 -0.02208061 -0.9829237 0.1840132 0 -0.9825831 0.1845071 -0.02208059 -0.9818614 0.1843696 0.04422715 -0.9807656 0.1836072 0.06623585 -0.9790794 0.1832907 0.08836324 -0.9806483 0.1841407 0.06649018 -0.9741549 0.1829178 0.1325266 -0.971173 0.1818044 0.1541755 -0.9675751 0.1811289 0.176042 -0.9710701 0.1823466 0.1541837 -0.9588711 0.1800556 0.2194224 -0.9539622 0.1785717 0.2409738 -0.9485068 0.1775475 0.26232 -0.9538077 0.1790968 0.2411957 -0.9361007 0.1757752 0.3046615 -0.9294025 0.1739577 0.325499 -0.9219879 0.1725654 0.3466403 -0.9291899 0.1744846 0.3258239 -0.9059202 0.1701101 0.3877771 -0.8973258 0.167926 0.4081755 -0.8882217 0.1662166 0.4282923 -0.8972508 0.1684848 0.4081102 -0.8686928 0.1631188 0.4677234 -0.8583835 0.16061 0.4872189 -0.8584248 0.1606178 0.4871434 -0.8361069 0.1575744 0.525448 -0.8126843 0.152026 0.5625231 -0.8127979 0.1520474 0.5623533 -0.7872261 0.1484021 0.5985414 -0.7606924 0.1422606 0.6333316 -0.7325736 0.136981 0.6667625 -0.7604511 0.1434187 0.6333603 -0.7320734 0.1380448 0.6670922 -0.7027564 0.1313761 0.6991951 -0.7026473 0.1313556 0.6993086 -0.6713424 0.1266484 0.7302462 -0.6393031 0.1194565 0.7596194 -0.6392617 0.1194487 0.7596555 -0.6052773 0.1142524 0.7877727 -0.5706901 0.1065676 0.8142212 -0.5707527 0.1065794 0.8141758 -0.5345429 0.1009725 0.8390878 -0.4978261 0.09287938 0.8622892 -0.482782 0.09005455 0.871098 -0.4976508 0.09322537 0.862353 -0.4443409 0.08356167 0.8919522 -0.4209033 0.07843053 0.9037085 -0.4012696 0.07474393 0.9129053 -0.4208584 0.079027 0.9036775 -0.3610204 0.06779133 0.9300907 -0.3408232 0.06339031 0.9379879 -0.3203733 0.05955043 0.9454177 -0.3406547 0.063965 0.93801 -0.2788688 0.05236705 0.9589003 -0.2579736 0.04782915 0.9649673 -0.2297451 0.04252872 0.9723212 -0.2577667 0.04889434 0.9649693 -0.1657284 0.03069688 0.9856936 -0.1731078 0.03229505 0.9843733 -0.1656891 0.03090202 0.9856938 -0.1730271 0.03249194 0.984381 -0.1084673 0.02036634 0.9938914 -0.08695222 0.01571107 0.9960886 -0.06528214 0.01164209 0.9977989 -0.08690696 0.01631982 0.9960827 -0.02173812 0.004083203 0.9997553 -0.000111429 -0.0005936402 0.9999998 -0.0001115755 -0.0005936123 0.9999998 0.03359518 -0.005972847 0.9994176 0.08681872 -0.01678959 0.9960827 0.09861068 -0.018851 0.9949475 0.08677997 -0.01662949 0.9960887 0.09871411 -0.01853292 0.9949433 0.1730268 -0.03249361 0.984381 0.1515452 -0.02907053 0.9880228 0.1729159 -0.03308349 0.9843808 0.1944337 -0.0365086 0.9802361 0.2579174 -0.04843233 0.9649523 0.2368031 -0.04507827 0.9705113 0.2964532 -0.05627869 0.9533877 0.2581308 -0.04699138 0.9649665 0.3579755 -0.06826207 0.9312324 0.3405603 -0.06446781 0.9380099 0.3406189 -0.06447883 0.9379879 0.3579717 -0.06722046 0.9313096 0.4207792 -0.07900982 0.9037158 0.4009928 -0.07590013 0.9129315 0.4206843 -0.07959781 0.9037085 0.4403471 -0.08268493 0.8940122 0.4977164 -0.09346373 0.8622894 0.4788929 -0.0905246 0.8731935 0.4976082 -0.094039 0.8622892 0.5347253 -0.09981124 0.8391105 0.5705186 -0.1077254 0.8141891 0.605509 -0.1142953 0.7875884 0.5706574 -0.1067422 0.8142212 0.6054468 -0.1130918 0.7878098 0.6390289 -0.1205838 0.7596721 0.6390069 -0.1205797 0.7596912 0.6715441 -0.125511 0.7302572 0.7025377 -0.1325063 0.6992016 0.7024411 -0.1324882 0.699302 0.732356 -0.1369348 0.667011 0.7605596 -0.1433972 0.6332349 0.7605006 -0.1433861 0.6333082 0.787421 -0.1472836 0.5985613 0.8124753 -0.1531402 0.5625229 0.8125708 -0.1531581 0.5623801 0.8363788 -0.15648 0.5253423 0.858217 -0.1617248 0.4871433 0.8581065 -0.161704 0.4873449 0.8581757 -0.1617173 0.4872187 0.879471 -0.1646208 0.4465767 0.8971481 -0.1690315 0.40811 0.905836 -0.1706628 0.387731 0.8972229 -0.1684751 0.4081757 0.9219185 -0.1731142 0.3465512 0.9291513 -0.1750386 0.3256368 0.9359939 -0.1763233 0.3046727 0.9291745 -0.1744752 0.3258731 0.9483416 -0.1780728 0.2625611 0.9537525 -0.1796544 0.2409986 0.9587733 -0.1805971 0.219405 0.9539075 -0.1791287 0.2407768 0.9674519 -0.1816672 0.1761645 0.9709373 -0.1828802 0.1543879 0.9740786 -0.18347 0.1323245 0.9710714 -0.1823459 0.1541756 0.9789782 -0.1838353 0.08835336 0.9805487 -0.1846848 0.06645099 0.9817663 -0.1849133 0.04406703 0.9806622 -0.1841442 0.0662749 0.9828228 -0.1845514 0 0.982482 -0.1850448 -0.02208057 0.9817615 -0.1849093 -0.04419315 0.9825779 -0.1845099 -0.02228965 0.9789783 -0.1838324 -0.08835811 0.9767318 -0.1839661 -0.1102333 0.9740884 -0.1834696 -0.132253 0.9768151 -0.1834262 -0.1103953 0.9674749 -0.1816679 -0.1760373 0.9633204 -0.1814468 -0.1977141 0.9587638 -0.180591 -0.2194514 0.963388 -0.180898 -0.1978876 0.9483756 -0.1780847 -0.2624297 0.9423611 -0.1775158 -0.2836263 0.9359419 -0.1763103 -0.3048401 0.9424554 -0.1769677 -0.2836553 0.9218998 -0.1731097 -0.3466032 0.9139655 -0.1721904 -0.3674473 0.9058486 -0.1706661 -0.3877002 0.9141385 -0.1716574 -0.3672664 0.8881307 -0.1667723 -0.4282649 0.8785626 -0.1655412 -0.4480223 0.8694906 -0.1638376 -0.4659864 0.8785982 -0.1650694 -0.4481266 0.8482764 -0.1592469 -0.505042 0.8362649 -0.1576007 -0.5251884 0.8362077 -0.15759 -0.5252829 0.8126907 -0.1520239 -0.5625147 0.7871647 -0.1483898 -0.5986253 0.7873007 -0.1484153 -0.5984401 0.7606679 -0.1422556 -0.6333621 0.7322271 -0.138079 -0.6669166 0.7322 -0.1380739 -0.6669474 0.7026739 -0.1313625 -0.6992806 0.0891549 -0.0173685 -0.9958663 0.08940457 -0.01740514 -0.9958433 0.129998 -0.02502825 -0.9911984 0.1516405 -0.02847713 -0.9880255 0.2156367 -0.04049648 -0.9756336 0.1944296 -0.03712251 -0.9802138 0.2156091 -0.04109969 -0.9756144 0.2368662 -0.04447865 -0.9705237 0.2994986 -0.05623813 -0.9524378 0.2964481 -0.05575494 -0.9534201 0.2996257 -0.05635162 -0.9523911 0.2963926 -0.0558392 -0.9534324 0.3811216 -0.07137726 -0.9217654 0.3579252 -0.06782063 -0.931284 0.380975 -0.07214904 -0.921766 0.4011888 -0.07533327 -0.9128923 0.4597068 -0.08632666 -0.8838651 0.440454 -0.08330861 -0.8939015 0.4595326 -0.0868912 -0.8839003 0.4788323 -0.08990992 -0.8732902 0.5346987 -0.1004014 -0.8390571 0.5162401 -0.09753443 -0.8508721 0.5346075 -0.1009836 -0.8390452 0.5706688 -0.1065627 -0.8142368 0.6054873 -0.1140968 -0.7876337 0.5708569 -0.1077877 -0.8139435 0.60539 -0.1142728 -0.7876831 0.6390961 -0.1194215 -0.7597991 0.671299 -0.1266452 -0.7302866 0.671421 -0.1266681 -0.7301706 0.7099079 -0.1171187 0.6944883 0.6919832 -0.1458398 0.707029 0.6810269 -0.1915237 0.7067681 0.6810255 -0.1915247 0.7067691 0.661451 -0.250919 0.7067689 0.6614463 -0.250922 0.7067723 0.6366726 -0.3084134 0.7067737 0.6366699 -0.3084148 0.7067755 0.6069133 -0.3634895 0.7067755 0.6069236 -0.3634855 0.7067689 0.5724409 -0.4156781 0.7067695 0.5724482 -0.4156759 0.7067649 0.5334433 -0.4646735 0.7067649 0.5334436 -0.4646735 0.7067648 0.4903038 -0.5099878 0.7067634 0.4902951 -0.5099889 0.7067688 0.4433034 -0.5513263 0.7067683 0.4432918 -0.5513266 0.7067753 0.3928364 -0.5883452 0.706774 0.3928404 -0.5883455 0.7067716 0.3393085 -0.6207609 0.7067712 0.3393115 -0.6207614 0.7067693 0.2831127 -0.648325 0.7067686 0.2831147 -0.6483256 0.7067673 0.2247019 -0.6708134 0.7067662 0.2247211 -0.6708199 0.7067539 0.1645653 -0.6880525 0.7067546 0.1645229 -0.6880338 0.7067826 0.1030973 -0.6998786 0.706782 0.1031111 -0.6998861 0.7067726 0.04081895 -0.7062622 0.7067726 0.04082742 -0.706268 0.7067664 -0.02173326 -0.7071137 0.7067657 -0.02174394 -0.7071051 0.7067741 -0.0841928 -0.7024124 0.7067732 -0.08417098 -0.7024336 0.7067548 -0.1459005 -0.6922504 0.7067549 -0.1459105 -0.6922389 0.7067641 -0.2065138 -0.6766377 0.7067627 -0.2065167 -0.6766337 0.7067656 -0.2654995 -0.6557369 0.7067667 -0.2655094 -0.6557204 0.7067783 -0.3224289 -0.629686 0.706778 -0.3224129 -0.6297192 0.7067557 -0.3768306 -0.5987436 0.7067565 -0.3768403 -0.5987178 0.7067732 -0.4282481 -0.563093 0.7067742 -0.4282469 -0.5630975 0.7067714 -0.4763601 -0.5230268 0.7067701 -0.4763567 -0.5230454 0.7067587 -0.5207126 -0.4789026 0.7067608 -0.520712 -0.4789076 0.7067577 -0.560999 -0.4310117 0.7067595 -0.5609991 -0.430999 0.7067672 -0.5969 -0.379722 0.7067683 -0.5969006 -0.3797282 0.7067645 -0.628118 -0.3255016 0.7067648 -0.6281163 -0.3254911 0.7067712 -0.6544235 -0.2687128 0.7067695 -0.6544271 -0.2687263 0.7067611 -0.675622 -0.2098124 0.7067628 -0.6756171 -0.2097988 0.7067714 -0.6915143 -0.1492752 0.7067707 -0.6915167 -0.1492804 0.7067673 -0.7020031 -0.0875806 0.7067682 -0.7020062 -0.08758606 0.7067645 -0.7069999 -0.02520971 0.7067642 -0.7069824 -0.02518488 0.7067826 -0.7064417 0.03738956 0.7067829 -0.7064441 0.03738678 0.7067808 -0.7003752 0.09968524 0.7067797 -0.7003947 0.09966592 0.7067631 -0.6888442 0.1611831 0.7067627 -0.6888355 0.1611903 0.7067696 -0.6718917 0.2214469 0.7067692 -0.6719203 0.2214272 0.7067482 -0.6497161 0.2799496 0.7067511 -0.6496993 0.2799591 0.7067627 -0.6224214 0.336271 0.7067626 -0.622418 0.3362727 0.7067649 -0.5902461 0.3899902 0.7067654 -0.5902689 0.3899821 0.7067507 -0.5535099 0.4406022 0.7067507 -0.5534594 0.4406151 0.7067822 -0.5123503 0.487809 0.7067811 -0.5123788 0.4878044 0.7067636 -0.4672769 0.531166 0.7067638 -0.4672749 0.5311661 0.706765 -0.4184779 0.5704026 0.7067652 -0.4184676 0.5704024 0.7067715 -0.366428 0.6051496 0.7067705 -0.366444 0.6051512 0.7067608 -0.3115193 0.6351715 0.7067621 -0.3115083 0.6351694 0.706769 -0.2541613 0.6602117 0.7067692 -0.2541835 0.660218 0.7067552 -0.1948219 0.680104 0.7067552 -0.194813 0.6801005 0.7067611 -0.1339451 0.6946586 0.7067589 -0.1339324 0.6946524 0.7067674 -0.07203681 0.703769 0.7067671 -0.07204157 0.7037719 0.7067639 -0.009554882 0.7073836 0.7067654 -0.009541627 0.7073738 0.7067753 0.05299585 0.7054526 0.706773 0.05300532 0.7054442 0.7067807 0.1151587 0.6979971 0.7067804 0.1151437 0.6980129 0.7067671 0.1763814 0.6851039 0.706769 0.1763683 0.6851203 0.7067562 0.2362348 0.6668494 0.7067566 0.2362503 0.6668258 0.7067738 0.2942595 0.6433372 0.7067734 0.2942482 0.6433582 0.7067589 0.3499891 0.6148178 0.7067579 0.3499802 0.6148387 0.7067441 0.4029385 0.5815107 0.7067432 0.4029453 0.5814897 0.7067565 0.4527565 0.5436071 0.7067553 0.4527594 0.5435944 0.7067631 0.49901 0.5014734 0.7067628 0.4990127 0.5014532 0.7067751 0.5413774 0.4553879 0.706776 0.5413777 0.455382 0.7067796 0.5795147 0.4057431 0.706778 0.5795161 0.4057784 0.7067568 0.6131117 0.3529709 0.7067571 0.6131103 0.35296 0.7067638 0.6419117 0.2973808 0.7067631 0.6419174 0.2974072 0.7067468 0.6656933 0.2394958 0.706749 0.6656866 0.2394744 0.7067626 0.6842359 0.1797446 0.7067625 0.6842312 0.1797333 0.7067699 0.697443 0.1185427 0.7067679 0.6974499 0.118556 0.706759 0.7051998 0.05645283 0.7067575 0.7051816 0.05642429 0.706778 0.707409 -0.006100735 0.706778 0.7074091 -0.006100668 0.706778 0.7041011 -0.06860743 0.7067778 0.7041267 -0.0685798 0.7067549 0.6953076 -0.1305429 0.7067573 -0.1765453 -0.984292 -0.0009739647 -0.191654 -0.9814624 -0.0006121199 -0.205593 -0.9786376 -0.0003494505 -0.2196209 -0.9755853 -0.0001573325 -0.08745373 -0.9961686 1.385729e-06 -0.1073386 -0.9942225 -0.0001785633 -0.1209439 -0.9926593 -0.0003696947 -0.1352439 -0.9908121 -0.0006429785 -0.1189765 -0.992897 -0.0002492314 -0.1555201 -0.9878327 2.298074e-05 -0.2062486 -0.9784997 2.293361e-05 -0.1548024 -0.9879441 -0.001619279 -0.1773314 -0.9841507 -0.0009510908 -0.02701218 -0.9996351 -0.0002802264 -0.0142209 -0.9998989 -0.0001273165 -0.03966945 -0.9992128 -0.0004882496 -0.05241758 -0.998625 -0.000756187 -0.03073612 -0.9995275 -0.0001984053 -0.0672144 -0.9977385 0 -0.08778737 -0.9961392 0 0.09764437 -0.9952214 0 0.08535573 -0.9963506 -3.37665e-05 0.06787778 -0.9976936 -0.0001817239 0.04872631 -0.9988121 -0.0004679135 0.02734574 -0.9996256 -0.0009410577 0.05771092 -0.9983333 -2.969149e-05 0.003110057 -0.9999952 7.409065e-06 0.003492272 -0.9999939 7.409056e-06 0.1698441 -0.9854702 0.001132094 0.1524209 -0.988313 0.002314383 0.1547594 -0.9879498 0.00214292 0.1603105 -0.9870651 0.001759875 0.1380635 -0.9904171 0.00353956 0.1423616 -0.9898098 0.003138188 0.147041 -0.9891266 0.002738357 0.1493685 -0.9887816 -0.0003613097 0.1457522 -0.9893211 -0.0003123187 0.147481 -0.9890648 -0.0002861593 0.1408161 -0.9900358 -0.000248685 0.1406351 -0.9900615 -0.0002464107 0.1364699 -0.9906442 -0.0001974848 0.1326556 -0.9911622 -0.0001566817 0.1282906 -0.9917367 -0.0001155073 0.1231447 -0.9923887 -7.464263e-05 0.1174771 -0.9930755 -3.93134e-05 0.1115529 -0.9937585 -1.379297e-05 0.105178 -0.9944534 0 0.07954033 -0.9968293 0.002165952 0.01352158 -0.9999068 0.001887333 0.01638462 -0.9998645 0.001625361 0.1017638 -0.9948016 -0.003734719 0.04237381 -0.9990876 0.005328169 0.06178155 -0.9980842 0.003297075 0.09607656 -0.9953725 0.001683166 0.1007609 -0.9949093 0.001678664 0.1018396 -0.9947994 0.001678667 0.1101567 -0.9939137 0.001044102 0.1893045 -0.9819136 -0.003088357 0.1280702 -0.9917544 0.004624909 0.1337191 -0.9910112 0.003985367 -0.0252269 -0.9996748 0.003734851 -0.006850002 -0.9999737 0.002370992 0.01678107 -0.9998574 0.001887322 -0.0749287 -0.9971865 0.002206669 -0.06675632 -0.9977683 0.001412575 0.01352243 -0.9999012 -0.003836676 -0.04983127 -0.9987354 0.006654438 -0.03740966 -0.9992875 0.004992256 -0.1064184 -0.9943156 0.003415081 -0.08694271 -0.9962108 0.002250201 -0.06534008 -0.9978605 0.002250267 -0.1735958 -0.9848142 0.002346042 -0.1523152 -0.9883292 0.002346072 -0.1627537 -0.9866644 0.002180967 -0.152446 -0.9883109 0.001237354 -0.07492336 -0.9971844 -0.003123777 -0.1340704 -0.9909506 0.006480795 -0.1201398 -0.9927458 0.004697592 -0.1915213 -0.9814828 0.003315172 -0.1628212 -0.9866552 0.0007605143 -0.2057811 -0.9785981 -5.643023e-05 -0.2492665 -0.9684347 0.000642856 -0.219947 -0.975506 0.003369028 -0.3014854 -0.9534643 0.003509182 -0.2888542 -0.9573611 0.004788845 -0.2760932 -0.9611088 0.006509128 -0.3339078 -0.9425997 -0.003390081 -0.2586615 -0.9659672 0.001303828 -0.2493473 -0.9684114 0.002311653 -0.2385106 -0.9711372 0.002311495 -0.2382069 -0.9712116 0.002318385 -0.4180266 -0.9084331 0.001776156 -0.3992863 -0.9168237 0.002154692 -0.3793273 -0.9252558 0.003511346 -0.3585101 -0.9335062 0.006048121 -0.4158924 -0.9094024 -0.004548959 -0.3394717 -0.9406149 0.001581443 -0.3339919 -0.9425735 0.002147422 -0.3274958 -0.9448502 0.002147415 -0.3142146 -0.9493483 0.002636439 -0.4416883 -0.8971683 -0.0005949353 -0.4899246 -0.8717649 -3.951943e-06 -0.4829186 -0.8756652 -2.783979e-05 -0.4852382 -0.874382 -1.765516e-05 -0.488876 -0.8723533 -6.204642e-06 -0.4703262 -0.8824926 -0.0001265896 -0.4750872 -0.8799387 -8.089501e-05 -0.4790764 -0.8777732 -5.046063e-05 -0.4525999 -0.8917137 -0.0003799085 -0.4582781 -0.8888088 -0.000284115 -0.4646026 -0.8855193 -0.0001941468 -0.491127 -0.8710867 0.001447603 -0.487041 -0.8733778 0.001530905 -0.4835141 -0.8753351 0.001628746 -0.4931799 -0.8699274 6.049329e-07 -0.4902984 -0.8715547 -1.992309e-06 -0.4933595 -0.8698255 0 -0.5034924 -0.8639987 0.001324414 -0.498879 -0.8666706 0.001353165 -0.4952499 -0.8687495 0.001388299 -0.4786125 -0.8780244 0.001807808 -0.4740064 -0.880519 0.002023345 -0.4682205 -0.8836085 0.002361727 -0.4629346 -0.8863882 0.002741137 -0.4531328 -0.8914357 0.003588855 -0.4393287 -0.898311 0.005259218 -0.4184247 -0.9082497 0.001776155 -0.4160102 -0.9093583 0.00172528 -0.4946634 -0.8690759 -0.003894449 -0.387593 -0.9218306 -0.0001444995 -0.4070292 -0.9134152 1.378532e-06 -0.4557346 -0.8901157 1.40484e-06 -0.4107074 -0.911766 -0.001510169 -0.4262221 -0.9046181 -0.0009973629 -0.2380316 -0.9712574 -0 -0.2584927 -0.9660133 0 -0.2919179 -0.9564434 -5.91536e-05 -0.2585118 -0.9660075 -0.001088451 -0.2744759 -0.9615937 -0.0006804772 -0.2876258 -0.9577428 -0.0004101367 -0.3001439 -0.9538939 -0.0002152415 -0.3131411 -0.9497066 -7.679046e-05 -0.3250506 -0.9456967 -7.961768e-06 -0.3331832 -0.9428622 0 -0.3753127 -0.9268983 0 -0.345121 -0.9385576 -0.001002811 -0.3662761 -0.9305061 -0.0004817812 -0.9952913 0.09692826 0.0002520867 -0.9900266 0.1408804 -0.0002527209 -0.9952906 0.09693493 0.0002520867 -0.9986024 0.05284852 -0.0002520462 -0.9999627 0.008623937 0.0002524888 -0.9999627 0.008624532 0.0002524888 -0.9993661 -0.03560047 -0.0002518398 -0.9968148 -0.07975071 0.0002524578 -0.9968144 -0.07975619 0.0002524578 -0.9923065 -0.1238055 -0.0002524793 -0.9858592 -0.1675754 0.0002520162 -0.9858573 -0.1675868 0.0002520161 -0.9774832 -0.211013 -0.0002523127 -0.9671924 -0.254045 0.0002522115 -0.9671799 -0.2540925 0.0002522115 -0.9550142 -0.2965598 -0.0002515199 -0.9409762 -0.3384727 0.0002525316 -0.9409463 -0.3385558 0.0002525317 -0.9250477 -0.3798508 -0.0002520283 -0.9073587 -0.4203571 0.0002519818 -0.9073587 -0.4203571 0.0002519819 -0.8878693 -0.4600956 -0.0002527664 -0.8666721 -0.4988781 0.0002512114 -0.8666251 -0.4989597 0.0002512115 -0.8437366 -0.5367572 -0.0002526694 -0.8191703 -0.5735503 0.0002518139 -0.8191379 -0.5735966 0.0002518141 -0.7929919 -0.6092322 -0.0002521767 -0.7652724 -0.6437065 0.0002522726 -0.7652671 -0.6437129 0.0002522727 -0.7360348 -0.6769436 -0.00025243 -0.7053797 -0.7088296 0.0002519458 -0.7053454 -0.7088639 0.0002519461 -0.6733387 -0.739334 -0.0002519484 -0.6399876 -0.7683852 0.0002523679 -0.6400283 -0.7683513 0.0002523678 -0.6053455 -0.7959627 -0.000253189 -0.5695292 -0.821971 0.0002515597 -0.5695615 -0.8219486 0.0002515597 -0.5326815 -0.8463157 -0.0002524564 -0.4946671 -0.8690825 0.0002528715 -0.8057898 -0.5922017 0.0002305581 -0.5157586 -0.856733 0.001275501 0.1875871 -0.982248 0 0.183575 -0.9830056 0.0002514383 0.1893847 -0.9819029 0.0002514401 0.232564 -0.972581 -0.000252298 0.3176452 -0.9482096 -0.0002520821 0.2754136 -0.9613258 0.0002521634 0.2753498 -0.9613441 0.0002521634 0.4001926 -0.916431 -0.0002518464 0.3592611 -0.933237 0.0002527029 0.359298 -0.9332228 0.0002527029 0.4796302 -0.8774707 -0.0002529103 0.4403012 -0.8978501 0.000252213 0.4403012 -0.8978501 0.0002522132 0.5552971 -0.831652 -0.0002520674 0.518002 -0.8553794 0.0002519763 0.518002 -0.8553794 0.0002519761 0.6266156 -0.7793284 -0.0002526129 0.5915102 -0.8062975 0.0002521841 0.5915222 -0.8062887 0.0002521839 0.6930508 -0.7208887 -0.0002517086 0.6605096 -0.7508175 0.0002524582 0.6605096 -0.7508175 0.0002524581 0.7540385 -0.6568301 -0.0002519767 0.7242446 -0.6895432 0.0002525864 0.7242461 -0.6895414 0.0002525863 0.8091729 -0.5875705 -0.0002522712 0.7823809 -0.6228001 0.0002524288 0.7823473 -0.6228423 0.0002524286 0.8579096 -0.5138005 -0.0002531205 0.8343041 -0.5513043 0.0002521814 0.8343676 -0.5512083 0.0002521817 0.8999658 -0.4359603 -0.0002524043 0.8798079 -0.4753295 0.0002519713 0.8798211 -0.4753049 0.0002519713 0.9349841 -0.3546896 -0.000253158 0.9183365 -0.3958002 0.0002526162 0.9183866 -0.3956838 0.0002526161 0.9626559 -0.2707276 -0.0002524888 0.9497405 -0.3130383 0.0002519572 0.9497744 -0.3129351 0.0002519571 0.9952903 -0.09693827 -0.0002521249 0.9900251 -0.14089 0.00025261 0.9866629 -0.1627769 0.0002525437 0.9900266 -0.1408804 0 0.9785044 -0.206226 0 0.9736888 -0.2278817 0.0002529717 0.9737077 -0.227801 0.0002529717 0.9999627 -0.00862364 -0.0002524922 0.9986023 -0.05285216 0.0002520878 0.9986027 -0.05284488 0.0002520878 0.9968142 0.07975893 -0.0002524892 0.9993661 0.03560047 0.0002518678 0.9993661 0.03559802 0.0002518678 0.9858583 0.1675811 -0.0002522139 0.9923106 0.1237715 0.0002527722 0.9923022 0.1238394 0.0002527722 0.9671882 0.2540603 -0.0002525918 0.9774761 0.211046 0.0002517622 0.9774903 0.21098 0.0002517623 0.9409652 0.3385032 -0.0002526355 0.9550209 0.2965381 0.0002520119 0.9550014 0.296601 0.000252012 0.9073465 0.4203834 -0.0002523124 0.9250648 0.3798092 0.0002525416 0.9250504 0.379844 0.0002525417 0.8666487 0.4989189 -0.0002521408 0.887862 0.4601097 0.0002522237 0.887862 0.4601097 0.0002522237 0.8191541 0.5735734 -0.0002521364 0.8437268 0.5367728 0.0002524581 0.8437268 0.5367728 0.0002524579 0.7652697 0.6437097 -0.0002523205 0.7930085 0.6092104 0.0002524882 0.7929752 0.6092538 0.0002524883 0.7053798 0.7088295 -0.0002519433 0.7359846 0.6769982 0.0002515852 0.7360849 0.6768891 0.0002515849 0.6399876 0.7683852 -0.0002529723 0.6733936 0.739284 0.0002522131 0.6733593 0.7393154 0.0002522133 0.5695687 0.8219438 -0.0002523056 0.6053841 0.7959335 0.0002524881 0.6053071 0.795992 0.000252488 0.4946932 0.8690676 -0.0002518464 0.5326504 0.8463353 0.0002527031 0.5326137 0.8463584 0.0002527033 0.4159252 0.9093987 -0.0002520119 0.4558026 0.8900809 0.0002532647 0.4557212 0.8901225 0.0002532649 0.3339512 0.9425903 -0.0002522416 0.375372 0.9268742 0.0002529722 0.3752534 0.9269222 0.0002529719 0.2492989 0.9684265 -0.000252391 0.2919906 0.9564211 0.0002532839 0.2918451 0.9564655 0.0002532839 0.1627597 0.9866657 -0.0002525998 0.2062677 0.9784955 0.0002522065 0.2062156 0.9785065 0.0002522064 0.0749263 0.997189 -0.0002523687 0.1189385 0.9929016 0.0002518977 0.1189547 0.9928995 0.0002518977 -0.01348758 0.999909 -0.0002521094 0.03070272 0.9995285 0.0002518383 0.03076952 0.9995265 0.0002518384 -0.1018328 0.9948015 -0.0002522436 -0.0577433 0.9983314 0.0002521343 -0.05767852 0.9983352 0.0002521343 -0.1893182 0.9819158 -0.0002522125 -0.1457284 0.9893245 0.0002519425 -0.1457085 0.9893275 0.0002519426 -0.2753726 0.9613375 -0.0002516771 -0.2325718 0.9725792 0.0002529715 -0.2326214 0.9725673 0.0002529714 -0.3592911 0.9332255 -0.0002516016 -0.3176968 0.9481923 0.0002524568 -0.3175936 0.948227 0.0002524567 -0.4403289 0.8978364 -0.0002529125 -0.4001383 0.9164547 0.0002522068 -0.4001636 0.9164436 0.0002522067 -0.5179767 0.8553946 -0.0002523127 -0.4796156 0.8774786 0.0002524086 -0.4796737 0.8774468 0.0002524088 -0.5915222 0.8062887 -0.0002521839 -0.5553051 0.8316467 0.0002519577 -0.5552891 0.8316574 0.0002519579 -0.6605073 0.7508195 -0.000251903 -0.6266366 0.7793115 0.0002527992 -0.6266366 0.7793115 0.0002527992 -0.7242617 0.689525 -0.0002528442 -0.6930329 0.7209059 0.0002519923 -0.6930329 0.7209059 0.000251992 -0.7823507 0.622838 -0.0002529818 -0.7540066 0.6568667 0.0002520151 -0.7540705 0.6567934 0.0002520149 -0.8343463 0.5512405 -0.0002521757 -0.8091207 0.5876423 0.0002528206 -0.8092012 0.5875315 0.0002528206 -0.8798066 0.4753315 -0.0002516255 -0.8579187 0.5137854 0.0002529185 -0.857937 0.513755 0.0002529187 -0.9183671 0.3957295 -0.0002520495 -0.8999462 0.4360009 0.0002529188 -0.8999724 0.4359468 0.0002529187 -0.9497574 0.3129867 -0.0002515836 -0.9350069 0.3546292 0.0002521437 -0.9349612 0.3547499 0.0002521438 -0.9828213 0.1845593 0.0002520671 -0.9828213 0.1845593 0.0002520671 -0.9736964 0.2278489 -0.0002524096 -0.9626559 0.2707276 0.0002524889 -0.962661 0.2707096 0.0002524888 0.6472308 0.7594063 -0.06629004 0.6510795 0.7586856 -0.02217105 0.6131097 0.765816 -0.1939644 0.6281145 0.7629998 -0.1526553 0.6396199 0.7608381 -0.1095979 0.547155 0.7782003 -0.3082623 0.5724723 0.773445 -0.2721368 0.5839623 0.7714996 -0.2525398 0.454175 0.7956573 -0.4008171 0.4876445 0.7893739 -0.3729498 0.5189165 0.7835038 -0.3418296 0.3404371 0.8170167 -0.4653884 0.3801211 0.8095647 -0.4473398 0.4181299 0.8024277 -0.4257666 0.2141636 0.8407249 -0.4973083 0.2569422 0.8326927 -0.4905135 0.2992775 0.8247458 -0.4798202 0.08388851 0.8651927 -0.4943727 0.1272402 0.8570515 -0.4992721 0.1541297 0.8522044 -0.4999918 -0.04087825 0.8886206 -0.4568178 -0.0003851012 0.8810153 -0.4730875 0.04122676 0.8732017 -0.4856122 -0.151673 0.909425 -0.3872227 -0.1167836 0.902873 -0.4137414 -0.07983908 0.8959359 -0.4369493 -0.2406239 0.9261296 -0.2904895 -0.2137907 0.9210908 -0.3254001 -0.1840607 0.9155073 -0.3577262 -0.3015561 0.9375672 -0.1732965 -0.2845701 0.934378 -0.2143773 -0.2702579 0.9318658 -0.2420472 -0.3300552 0.9429234 -0.04426087 -0.3242906 0.9418385 -0.0881812 -0.31474 0.9400415 -0.1313796 -0.3242895 0.9418385 0.08818466 -0.3300554 0.9429236 0.04425703 -0.3319816 0.9432858 0 -0.2845737 0.9343788 0.2143689 -0.3015504 0.9375664 0.1733106 -0.3147408 0.9400421 0.131374 -0.2137633 0.921086 0.3254318 -0.2406448 0.9261338 0.2904586 -0.2595257 0.9298173 0.2609335 -0.1167539 0.9028681 0.4137604 -0.1516711 0.909426 0.3872211 -0.184093 0.9155136 0.3576935 -0.0004037989 0.8810192 0.4730802 -0.0408603 0.8886176 0.4568252 -0.07985481 0.8959392 0.4369395 0.1272615 0.857048 0.4992728 0.0838886 0.8651934 0.4943713 0.04122722 0.8732024 0.4856108 0.2569422 0.8326943 0.4905107 0.2141216 0.8407336 0.4973117 0.1762945 0.8479347 0.499927 0.3801548 0.809559 0.4473214 0.3404367 0.8170184 0.4653858 0.2992771 0.8247474 0.4798176 0.4876318 0.7893775 0.3729593 0.454188 0.7956559 0.4008053 0.4180987 0.8024343 0.4257848 0.5724533 0.7734486 0.2721665 0.5471866 0.7781949 0.3082199 0.5189049 0.7835075 0.3418387 0.6131123 0.765816 0.1939564 0.5952165 0.7692115 0.2324454 0.6472313 0.7594063 0.06628434 0.6396176 0.7608388 0.1096071 0.6281161 0.7629996 0.1526489 0.6510795 0.7586856 0.02217105 0.5840899 0.7714769 0.2523139 0.1539608 0.852237 0.4999883 -0.2702455 0.9318638 0.2420691 -0.2595353 0.9298193 -0.2609169 0.176238 0.8479444 -0.4999303 0.5952273 0.769209 -0.2324263 0.1843284 0.9817559 0.0466744 0.1845494 0.9828224 -0.001276413 0.1842009 0.9828886 -0.0002197048 0.1755551 0.9844556 -0.005263282 0.1846109 0.9828117 -2.641859e-05 0.1844587 0.9828403 2.762805e-05 0.1845483 0.9828234 -8.366009e-05 0.1845746 0.9828185 -0.0001637267 0.1845267 0.9828275 0.0001844334 0.1845322 0.9828265 7.679232e-05 0.184544 0.9828243 -2.840323e-05 0.1845878 0.982816 -6.978813e-06 0.1844998 0.9828326 -3.843409e-05 0.1805481 0.9835633 0.00236491 0.1831763 0.9830797 0.0008176014 0.1851142 0.9827169 -0.000366901 0.1845466 0.9828238 1.640496e-05 0.185114 0.9827169 0.0003667822 0.1831759 0.9830799 -0.0008177269 0.1805594 0.9835613 -0.002358309 0.1843953 0.9828522 0.0001420351 0.184425 0.9828466 0.0001046981 0.1844542 0.9828411 0 0.184425 0.9828466 -0.0001047074 0.1843953 0.9828521 -0.0001420265 0.1845466 0.9828238 -1.640592e-05 0.1843407 0.9818213 -0.04522709 0.1845495 0.9828224 0.001276976 0.1845322 0.9828265 -7.678861e-05 0.184611 0.9828117 2.641827e-05 0.1844587 0.9828402 -2.762647e-05 0.1755704 0.9844528 0.005254331 0.1842007 0.9828886 0.0002198207 0.1845267 0.9828275 -0.0001844272 0.1845745 0.9828185 0.0001637069 0.1845484 0.9828234 8.366126e-05 0.1844998 0.9828326 3.843409e-05 0.1845878 0.9828161 6.979491e-06 0.1845442 0.9828242 2.839463e-05 0.1642205 0.986352 -0.01189693 0.1849665 0.9827448 0.0002571895 0.1845439 0.9828243 1.485362e-05 0.1850347 0.9827319 0.0002752455 0.184173 0.9828939 -9.957643e-05 0.1847513 0.9827853 4.607625e-05 0.1845244 0.982828 6.595022e-05 0.1846063 0.9828126 6.66134e-06 0.1845737 0.9828187 7.110663e-05 0.1845721 0.982819 7.874347e-05 0.1845231 0.982828 0.000647102 0.1845642 0.9828202 -0.0008339891 0.1845785 0.9828067 -0.004666095 0.1864857 0.982457 0.001146537 0.1843761 0.9828558 -0.0001119634 0.1864832 0.9824575 -0.001145208 0.1843759 0.9828558 0.0001119366 0.1847572 0.9827842 -0.0001304612 0.1841544 0.9828972 0.0003130402 0.1845775 0.9828179 -0.0001033839 0.1845506 0.982823 -5.422332e-05 0.1845506 0.982823 5.422332e-05 0.1845775 0.9828179 0.0001033742 0.1841543 0.9828973 -0.0003130804 0.1847572 0.9827842 0.0001304506 0.1850347 0.9827319 -0.0002752591 0.184173 0.9828938 9.958041e-05 0.1845438 0.9828243 -1.480996e-05 0.1849665 0.9827448 -0.0002576912 0.1660718 0.9860543 0.01081488 0.1845642 0.9828201 0.0008334697 0.1845785 0.9828066 0.004682297 0.1845231 0.982828 -0.000647102 0.1845721 0.982819 -7.874347e-05 0.1845737 0.9828187 -7.110663e-05 0.1846063 0.9828125 -6.661972e-06 0.1845244 0.9828279 -6.594967e-05 0.1847513 0.9827853 -4.607646e-05 0 0 -1 -0 0 -1 0 0 -1 -0.8511419 0.159833 -0.500011 -0.8511489 0.1598295 -0.5000002 -0.8511446 0.1598247 -0.5000088 -0.8511496 0.1598345 0.4999973 -0.8511464 0.1598267 0.5000052 -0.8511446 0.1598247 0.5000088 -0 0 1 0 0 1 -0 0 1 0.8511467 -0.1598251 0.5000052 0.8511467 -0.1598251 0.5000052 0.8511594 -0.1598187 0.4999858 0.8511451 -0.1598248 -0.5000081 0.8511429 -0.159827 -0.500011 0.8511594 -0.1598187 -0.4999858 -0.1845458 -0.982824 -7.873539e-05 -0.184569 -0.9828196 -5.431924e-05 -0.1845427 -0.9828245 0.0001185251 -0.1845458 -0.982824 7.863028e-05 -0.1845713 -0.9828191 -3.189285e-05 -0.1845281 -0.9828272 7.716069e-05 -0.1845688 -0.9828196 -5.366086e-05 -0.1845626 -0.9828207 -9.220553e-06 -0.1845001 -0.9828326 8.109366e-05 -0.1845974 -0.9828142 -8.536774e-05 -0.1845966 -0.9828144 -3.525306e-05 -0.1845925 -0.9828151 -3.150653e-05 -0.1845095 -0.9828307 5.614405e-05 -0.1845501 -0.9828231 8.066265e-06 -0.1844998 -0.9828326 3.589063e-05 -0.1845334 -0.9828262 1.379117e-05 -0.1844622 -0.9828396 2.454512e-05 -0.1845044 -0.9828317 1.274901e-05 -0.1846827 -0.9827982 -5.241362e-05 -0.1845194 -0.9828289 0 -0.1846067 -0.9828125 -3.404925e-06 -0.1845996 -0.9828138 -2.569271e-06 -0.1846107 -0.9828117 1.698331e-05 -0.1846262 -0.9828088 2.004146e-05 -0.1844239 -0.9828468 -3.72567e-06 -0.1847108 -0.9827929 8.085855e-05 -0.1845105 -0.9828305 -1.051106e-05 -0.1845044 -0.9828317 -1.274901e-05 -0.1844727 -0.9828377 -5.798785e-05 -0.1845091 -0.9828308 -2.978221e-05 -0.1844998 -0.9828326 -3.589842e-05 -0.1845442 -0.9828242 -1.358027e-05 -0.1846076 -0.9828123 6.47708e-05 -0.1846043 -0.9828129 6.136938e-05 -0.1844922 -0.982834 -0.0001359122 -0.1846121 -0.9828115 0.0001106739 -0.1845149 -0.9828297 -5.580064e-05 -0.1845383 -0.9828253 -6.927161e-05 -0.1845601 -0.9828212 2.560089e-05 -0.1845746 -0.9828185 7.226232e-05 -0.1845458 -0.982824 4.93342e-05 -0.1845458 -0.982824 -4.920183e-05 -0.1845501 -0.9828231 8.660517e-06 -0.1845601 -0.9828212 -2.566414e-05 -0.1845383 -0.9828253 6.921044e-05 -0.1845501 -0.9828231 -8.660174e-06 -0.1846122 -0.9828115 -0.0001106311 -0.1844922 -0.982834 0.0001358265 -0.1845746 -0.9828185 -7.226499e-05 -0.1846076 -0.9828123 -6.478411e-05 -0.1845441 -0.9828242 1.355644e-05 -0.1845149 -0.9828297 5.580055e-05 -0.1845091 -0.9828308 2.977451e-05 -0.1844727 -0.9828377 5.800635e-05 -0.1846043 -0.9828129 -6.137249e-05 -0.1845104 -0.9828305 1.049576e-05 -0.1847108 -0.982793 -8.085415e-05 -0.1844998 -0.9828326 3.589073e-05 -0.1846263 -0.9828088 -2.004341e-05 -0.1846107 -0.9828117 -1.697954e-05 -0.1845044 -0.9828317 1.274884e-05 -0.1846067 -0.9828125 3.404925e-06 -0.1845194 -0.9828289 0 -0.1844239 -0.9828468 3.72567e-06 -0.1845044 -0.9828317 -1.275273e-05 -0.1844622 -0.9828396 -2.455309e-05 -0.1845996 -0.9828138 2.571218e-06 -0.1844998 -0.9828326 -3.588293e-05 -0.1845501 -0.9828231 -8.081397e-06 -0.1846827 -0.9827982 5.241503e-05 -0.1845924 -0.9828151 3.151591e-05 -0.1845966 -0.9828144 3.526263e-05 -0.1845334 -0.9828263 -1.379121e-05 -0.1845002 -0.9828325 -8.110133e-05 -0.1845625 -0.9828207 9.142361e-06 -0.1845095 -0.9828307 -5.614209e-05 -0.1845282 -0.9828272 -7.699611e-05 -0.1845713 -0.9828191 3.190842e-05 -0.1845973 -0.9828142 8.537248e-05 -0.1845428 -0.9828245 -0.0001186021 -0.184569 -0.9828196 5.430538e-05 -0.1845688 -0.9828196 5.366286e-05 0.1845558 0.982822 1.273543e-05 0.184571 0.9828192 1.976589e-05 0.1845807 0.9828174 5.588377e-05 0.1845383 0.9828253 9.121353e-06 0.1845793 0.9828176 1.632459e-05 0.1843735 0.9828562 3.668658e-05 0.1845867 0.9828162 -3.130031e-05 0.1845921 0.9828152 2.713764e-05 0.1845383 0.9828254 9.12149e-06 0.1846051 0.9828128 1.376933e-05 0.1843735 0.9828563 3.668676e-05 0.1845612 0.982821 -2.316617e-05 0.1846635 0.9828017 7.144447e-05 0.1845867 0.9828162 3.130116e-05 0.1843735 0.9828563 -3.668676e-05 0.1845793 0.9828176 -1.632467e-05 0.1845558 0.982822 -1.273543e-05 0.184571 0.9828192 -1.976536e-05 0.1845383 0.9828254 -9.12149e-06 0.184477 0.9828368 -6.328203e-05 0.1846621 0.982802 2.248347e-05 0.1845413 0.9828247 -2.04743e-05 0.1845411 0.9828248 0.0001371725 0.1845565 0.9828219 7.61526e-05 0.1845099 0.9828306 -5.261274e-05 0.1845383 0.9828253 -9.121353e-06 0.1845284 0.9828272 5.895329e-05 0.1845584 0.9828216 -7.056896e-07 0.1846426 0.9828057 -6.266323e-05 0.1844621 0.9828396 0.0001295038 0.1845443 0.9828243 -9.165529e-06 0.18455 0.9828231 -2.878108e-05 0.18455 0.9828231 2.877925e-05 0.1846051 0.9828128 -1.376927e-05 0.1846621 0.982802 -2.248347e-05 0.184477 0.9828368 6.32837e-05 0.1845855 0.9828165 4.289591e-06 0.1845816 0.9828172 -2.265172e-06 0.1845284 0.9828272 -5.896499e-05 0.1845098 0.9828306 5.257604e-05 0.1845565 0.9828219 -7.615652e-05 0.1845413 0.9828247 2.047376e-05 0.1846151 0.9828109 -4.848386e-06 0.1845444 0.9828243 9.166076e-06 0.1844621 0.9828396 -0.0001295 0.1846426 0.9828057 6.265983e-05 0.1845689 0.9828196 -4.104427e-05 0.1845687 0.9828196 0.0001530078 0.1845322 0.9828265 -7.788301e-05 0.1845808 0.9828174 -5.595647e-05 0.1845322 0.9828265 7.7879e-05 0.1845687 0.9828197 -0.0001530119 0.1845689 0.9828196 4.104042e-05 0.1845668 0.9828199 2.560544e-05 0.1845613 0.982821 3.713337e-06 0.1845658 0.9828202 2.605531e-06 0.1845192 0.9828289 1.981476e-05 0.1846635 0.9828019 -7.144392e-05 0.1846057 0.9828126 -2.973298e-05 0.1845526 0.9828226 1.935646e-05 0.1845182 0.9828291 -1.982137e-05 0.1844514 0.9828416 -8.16543e-05 0.1846897 0.9827969 9.033046e-05 0.1845612 0.982821 2.316971e-05 0.1843735 0.9828563 -3.668659e-05 0.1845411 0.9828248 -0.0001372622 0.1845584 0.9828215 -7.81005e-06 0.1845666 0.98282 2.461036e-05 0.1843831 0.9828545 7.003752e-05 0.1846847 0.9827979 -4.127168e-05 0.1845816 0.9828172 2.273989e-06 0.1845855 0.9828165 -4.317345e-06 0.1845921 0.9828152 -2.713591e-05 0.1846897 0.9827969 -9.033115e-05 0.1844514 0.9828417 8.16549e-05 0.1845526 0.9828226 -1.194487e-05 0.1845182 0.9828291 -5.111718e-05 0.1846057 0.9828127 2.97332e-05 0.1845584 0.9828216 7.056999e-07 0.1845192 0.9828289 -1.981464e-05 0.1845619 0.9828209 -4.04911e-06 0.1845603 0.9828212 4.503677e-07 0.1845668 0.98282 -2.560554e-05 0.1846151 0.9828109 4.844305e-06 0.1846847 0.9827979 4.127193e-05 0.1845433 0.9828244 -1.091891e-05 0.1846095 0.9828119 -0.0001952985 0.1845584 0.9828215 7.810019e-06 -0.8251495 -0.5642604 0.02717656 -0.8210741 -0.5650232 0.08115436 -0.8210771 -0.5650281 0.08108997 -0.8129342 -0.5665567 0.1347274 -0.8129411 -0.5665603 0.1346711 -0.8008522 -0.5688342 0.1872527 -0.800812 -0.5688245 0.1874534 -0.7847234 -0.5718438 0.2391733 -0.7847443 -0.5718464 0.2390983 -0.7648456 -0.5755835 0.2893353 -0.7648335 -0.5755827 0.2893687 -0.741203 -0.5800198 0.3379276 -0.7411852 -0.5800195 0.3379673 -0.7139431 -0.5851319 0.3845853 -0.7140152 -0.5851311 0.3844525 -0.6833909 -0.590884 0.4287575 -0.683319 -0.5908864 0.4288689 -0.6494694 -0.597242 0.4706289 -0.6495338 -0.5972388 0.4705439 -0.6125164 -0.6041921 0.5096818 -0.612534 -0.604191 0.509662 -0.5727779 -0.6116563 0.5457124 -0.5727211 -0.6116604 0.5457675 -0.5304539 -0.6195962 0.5785492 -0.5304134 -0.6195993 0.5785829 -0.485721 -0.6279916 0.608031 -0.4857713 -0.6279873 0.6079953 -0.4388451 -0.6367987 0.6339578 -0.4388641 -0.6367969 0.6339464 -0.3904506 -0.645889 0.6560303 -0.3902946 -0.6459036 0.6561087 -0.3401624 -0.6553158 0.6744263 -0.3402427 -0.6553079 0.6743933 -0.288819 -0.6649638 0.688772 -0.2889053 -0.6649552 0.6887441 -0.2366021 -0.6747783 0.6990663 -0.2365301 -0.6747856 0.6990837 -0.1837242 -0.6847015 0.7052866 -0.1836251 -0.6847116 0.7053026 -0.1304252 -0.6947002 0.7073761 -0.1305185 -0.6946905 0.7073684 -0.07713027 -0.7047148 0.7052857 -0.07726382 -0.7047009 0.7052849 -0.02437148 -0.7146345 0.6990734 -0.02431882 -0.7146399 0.6990696 0.02793381 -0.7244524 0.6887586 0.02806251 -0.7244655 0.6887395 0.07933086 -0.7340902 0.6744021 0.07922237 -0.7340792 0.6744268 0.129455 -0.7435127 0.6560718 0.1294013 -0.7435074 0.6560885 0.1778645 -0.7526117 0.6339873 0.1780708 -0.7526317 0.6339055 0.2249034 -0.7614229 0.6079915 0.2248231 -0.7614153 0.6080307 0.269549 -0.7698135 0.5785591 0.2695705 -0.7698154 0.5785465 0.3119203 -0.7777655 0.5456983 0.311866 -0.7777608 0.545736 0.3516093 -0.7852241 0.5096998 0.3516261 -0.7852255 0.5096861 0.3885527 -0.7921597 0.4706482 0.3885533 -0.7921599 0.4706476 0.4224463 -0.7985246 0.4288329 0.4224601 -0.7985255 0.4288176 0.4531568 -0.8042874 0.3844097 0.4531047 -0.8042847 0.3844765 0.4802727 -0.8093873 0.33798 0.4802837 -0.8093877 0.3379634 0.5039454 -0.8138316 0.2893391 0.5039335 -0.8138314 0.2893603 0.5238097 -0.8175657 0.2391854 0.5238377 -0.8175654 0.239125 0.5399208 -0.8205855 0.1874164 0.5399382 -0.8205847 0.1873703 0.5520741 -0.8228601 0.1345937 0.5520211 -0.822866 0.1347748 0.5601562 -0.8243972 0.08120555 0.560197 -0.8243884 0.08101346 0.5642678 -0.8251494 0.027025 0.5642469 -0.8251586 0.0271793 0.5642493 -0.8251621 -0.02702439 0.5642584 -0.8251508 -0.02717832 0.5601791 -0.8243817 -0.08120456 0.5601822 -0.8243984 -0.08101402 0.552053 -0.8228758 -0.1345847 0.5520347 -0.8228555 -0.1347838 0.5399263 -0.8205798 -0.1874253 0.5399373 -0.8205875 -0.1873605 0.5238142 -0.8175595 -0.2391967 0.5238338 -0.8175701 -0.2391177 0.5039412 -0.8138348 -0.2893375 0.5039314 -0.8138303 -0.2893671 0.4802799 -0.8093876 -0.3379686 0.4802856 -0.8093901 -0.337955 0.4531471 -0.8042953 -0.3844045 0.4531049 -0.8042794 -0.3844874 0.4224581 -0.798525 -0.4288204 0.4224599 -0.7985257 -0.4288175 0.3885658 -0.7921613 -0.4706348 0.3885488 -0.7921556 -0.4706585 0.3515864 -0.7852129 -0.509733 0.3516341 -0.7852282 -0.5096765 0.3118826 -0.7777644 -0.5457214 0.3118672 -0.7777596 -0.545737 0.2695486 -0.7698138 -0.5785587 0.2695671 -0.7698194 -0.5785428 0.224895 -0.7614338 -0.607981 0.224813 -0.7614095 -0.6080418 0.1779434 -0.7526066 -0.6339712 0.1780772 -0.7526454 -0.6338876 0.1294056 -0.7435066 -0.6560885 0.1294023 -0.7435056 -0.6560903 0.07934949 -0.7341076 -0.674381 0.07922578 -0.7340727 -0.6744336 0.02791319 -0.7244345 -0.6887783 0.02804257 -0.7244706 -0.6887351 -0.02436969 -0.7146294 -0.6990787 -0.02430352 -0.7146477 -0.6990622 -0.07713427 -0.7047297 -0.7052704 -0.07726207 -0.7046944 -0.7052916 -0.1304273 -0.6947113 -0.7073648 -0.1305177 -0.6946864 -0.7073725 -0.1837233 -0.6846931 -0.705295 -0.183626 -0.6847198 -0.7052944 -0.2366019 -0.6747724 -0.699072 -0.2365472 -0.6747875 -0.699076 -0.2887924 -0.6649787 -0.6887687 -0.2888891 -0.664952 -0.6887538 -0.3401866 -0.6553196 -0.6744103 -0.3402432 -0.655304 -0.674397 -0.3904057 -0.6458821 -0.6560638 -0.3902928 -0.6459135 -0.6560999 -0.438912 -0.6367852 -0.633925 -0.4388779 -0.6367949 -0.633939 -0.4857185 -0.628 -0.6080243 -0.4857588 -0.6279885 -0.608004 -0.5304548 -0.6195936 -0.5785512 -0.530411 -0.6196063 -0.5785778 -0.572747 -0.6116577 -0.5457435 -0.5727189 -0.6116659 -0.5457636 -0.6124859 -0.6042014 -0.5097075 -0.6125456 -0.6041834 -0.509657 -0.6494778 -0.5972474 -0.4706103 -0.6495306 -0.5972311 -0.4705581 -0.6834099 -0.5908652 -0.428753 -0.6833139 -0.5908958 -0.4288637 -0.7139332 -0.5851495 -0.384577 -0.7140158 -0.5851221 -0.3844653 -0.741212 -0.5800143 -0.3379175 -0.7411866 -0.5800232 -0.3379581 -0.7648476 -0.5755801 -0.2893365 -0.764828 -0.5755875 -0.2893738 -0.7847134 -0.5718552 -0.2391791 -0.7847499 -0.5718405 -0.2390943 -0.8008659 -0.5688105 -0.1872653 -0.8008055 -0.5688376 -0.1874413 -0.8129316 -0.566562 -0.1347213 -0.8129427 -0.5665561 -0.1346784 -0.8210693 -0.5650308 -0.08115041 -0.8210799 -0.5650238 -0.08109241 -0.8251467 -0.564262 -0.02722568 -0.825152 -0.5642568 -0.02717532 -0.8251508 -0.564256 0.02722588 0.8251618 0.5642463 0.02709488 0.8210832 0.5650119 0.08114208 0.8210817 0.5650295 0.08103382 0.8129159 0.5665614 0.1348182 0.8129253 0.5665839 0.1346673 0.8008307 0.5688584 0.1872707 0.8007947 0.5688232 0.1875315 0.7847337 0.5718368 0.2391562 0.7847505 0.5718464 0.239078 0.7648287 0.5755874 0.2893721 0.7648302 0.5755879 0.2893668 0.7412335 0.58002 0.3378606 0.7412065 0.5800129 0.3379319 0.7139556 0.5851293 0.384566 0.7139909 0.585136 0.3844906 0.6833413 0.5908911 0.4288266 0.6833522 0.5908926 0.4288073 0.6495308 0.597245 0.4705403 0.6494576 0.5972378 0.4706506 0.6124884 0.6041785 0.5097314 0.612538 0.6041821 0.5096679 0.5728185 0.6116415 0.5456864 0.5727696 0.6116393 0.5457403 0.5304176 0.6195914 0.5785876 0.5304163 0.6195914 0.578589 0.4856551 0.6279951 0.60808 0.4857684 0.627997 0.6079876 0.43897 0.6367872 0.6338829 0.4389198 0.6367869 0.6339178 0.3903847 0.6459016 0.6560571 0.3903517 0.6459017 0.6560766 0.3401148 0.6553338 0.6744329 0.3401802 0.6553329 0.6744006 0.2888433 0.6649719 0.6887539 0.2888417 0.6649719 0.6887546 0.2366556 0.674772 0.6990543 0.2365954 0.6747733 0.6990734 0.1836003 0.6847236 0.7052975 0.1836944 0.6847212 0.7052752 0.1304287 0.6947234 0.7073526 0.1303709 0.694725 0.7073617 0.0772649 0.7046959 0.7052898 0.07727034 0.7046958 0.7052894 0.02441544 0.7146239 0.6990826 0.02431675 0.7146268 0.699083 -0.02794523 0.7244399 0.6887714 -0.02791892 0.724439 0.6887733 -0.07943187 0.7341111 0.6743676 -0.07935732 0.734109 0.6743786 -0.1293961 0.7435052 0.656092 -0.1294154 0.7435057 0.6560877 -0.1780382 0.7526358 0.6339099 -0.1780676 0.7526364 0.6339008 -0.2247886 0.7614089 0.6080515 -0.2248276 0.7614096 0.6080362 -0.26954 0.7698051 0.5785742 -0.2694833 0.7698045 0.5786017 -0.3119318 0.7777753 0.5456777 -0.3119215 0.7777753 0.5456836 -0.3515784 0.7852228 0.5097233 -0.3515926 0.7852227 0.5097136 -0.3885525 0.7921643 0.4706408 -0.3885485 0.7921643 0.470644 -0.422399 0.7985227 0.4288831 -0.422497 0.7985198 0.4287916 -0.4531102 0.8042665 0.3845082 -0.4531279 0.8042657 0.384489 -0.4803804 0.8093799 0.3378442 -0.4803063 0.8093849 0.3379378 -0.5039133 0.8138194 0.289429 -0.5039834 0.8138129 0.2893258 -0.5238768 0.8175468 0.2391033 -0.5238338 0.8175524 0.2391782 -0.53995 0.8205781 0.1873647 -0.5398868 0.8205895 0.1874971 -0.5520417 0.8228725 0.1346508 -0.5520256 0.8228766 0.1346925 -0.5601538 0.8244042 0.08115055 -0.5601634 0.8244008 0.08111905 -0.5642374 0.8251665 0.0271356 -0.5642644 0.825152 0.02701543 -0.5642626 0.8251494 -0.02713471 -0.5642447 0.8251656 -0.02701344 -0.56016 0.8243994 -0.08115632 -0.5601575 0.8244047 -0.08112048 -0.5520328 0.8228794 -0.134645 -0.5520325 0.8228706 -0.1347005 -0.5399257 0.8205982 -0.1873468 -0.539914 0.8205723 -0.1874939 -0.52386 0.8175567 -0.2391061 -0.523849 0.8175431 -0.2391767 -0.5039369 0.8138017 -0.2894379 -0.5039633 0.8138252 -0.2893258 -0.4803554 0.8093947 -0.3378445 -0.4803259 0.8093733 -0.3379376 -0.4531131 0.8042641 -0.3845097 -0.453119 0.8042678 -0.384495 -0.4224058 0.7984996 -0.4289191 -0.4224757 0.7985384 -0.4287782 -0.3885573 0.7921706 -0.470626 -0.3885413 0.7921625 -0.4706531 -0.3515698 0.7852178 -0.509737 -0.3515958 0.7852301 -0.5097001 -0.311939 0.777784 -0.5456611 -0.3119209 0.7777759 -0.545683 -0.2695299 0.7698171 -0.5785632 -0.2694878 0.7697992 -0.5786066 -0.2248238 0.7614115 -0.6080351 -0.2248144 0.7614077 -0.6080434 -0.178045 0.7526259 -0.6339198 -0.1780809 0.75264 -0.6338929 -0.1293809 0.7434955 -0.6561061 -0.1294139 0.7435081 -0.6560852 -0.07940571 0.7341191 -0.6743619 -0.07936082 0.7341021 -0.6743856 -0.02796282 0.7244512 -0.6887586 -0.02790511 0.72443 -0.6887834 0.02440865 0.7146046 -0.6991027 0.02430425 0.7146426 -0.6990674 0.07726514 0.7046968 -0.7052889 0.07727014 0.704695 -0.7052901 0.1304268 0.6947134 -0.7073628 0.1303724 0.6947329 -0.7073537 0.1836022 0.6847404 -0.7052807 0.1836929 0.684708 -0.7052885 0.2366553 0.6747609 -0.6990651 0.2366125 0.6747761 -0.6990649 0.2888643 0.6649641 -0.6887526 0.2888251 0.664978 -0.6887556 0.340093 0.6553542 -0.6744239 0.3401812 0.6553226 -0.6744101 0.390367 0.6458985 -0.6560707 0.3903512 0.6459042 -0.6560745 0.4389733 0.6367729 -0.6338949 0.438933 0.6367875 -0.6339082 0.4856815 0.6280098 -0.6080437 0.4857612 0.6279804 -0.6080104 0.5304168 0.6195938 -0.5785858 0.5304151 0.6195944 -0.5785866 0.5728363 0.6116274 -0.5456835 0.572763 0.6116555 -0.5457289 0.6124676 0.6042017 -0.509729 0.6125523 0.6041684 -0.5096669 0.6495534 0.597217 -0.4705448 0.6494378 0.597264 -0.4706446 0.6833202 0.5909034 -0.4288433 0.683354 0.5908892 -0.4288091 0.7139463 0.5851459 -0.3845581 0.7139921 0.5851256 -0.384504 0.7412363 0.5800076 -0.3378755 0.7412043 0.5800226 -0.3379202 0.764829 0.575587 -0.2893723 0.764828 0.5755875 -0.2893738 0.7847207 0.5718537 -0.2391586 0.7847622 0.5718309 -0.2390767 0.8008705 0.5688019 -0.187272 0.8007706 0.5688632 -0.1875133 0.8128969 0.5665908 -0.1348092 0.8129399 0.5665603 -0.1346777 0.8210671 0.5650348 -0.08114495 0.8210934 0.565012 -0.08103755 0.8251618 0.5642462 -0.02709421 0.8251619 0.5642462 -0.02709353 0.8251619 0.5642461 0.02709593 -0.9821033 0.1844103 0.03828707 -0.9763488 0.1833298 0.114601 -0.9763464 0.1833309 0.1146191 -0.9648439 0.181171 0.1904028 -0.9648439 0.181171 0.1904028 -0.9476868 0.1779494 0.2649976 -0.9476607 0.1779526 0.2650886 -0.9249558 0.173689 0.3380661 -0.9249558 0.173689 0.3380661 -0.8968264 0.1684069 0.409074 -0.8968637 0.1684062 0.4089925 -0.8634447 0.1621311 0.4776785 -0.8633952 0.1621305 0.4777682 -0.8249479 0.1549108 0.5435656 -0.8249565 0.1549111 0.5435526 -0.7816126 0.1467719 0.6062505 -0.7816603 0.1467742 0.6061886 -0.7337517 0.1377783 0.6653012 -0.733712 0.1377759 0.6653455 -0.681533 0.1279778 0.7205098 -0.6815238 0.1279771 0.7205188 -0.6252926 0.117418 0.7715064 -0.6253409 0.1174217 0.7714668 -0.5654051 0.1061675 0.817952 -0.5654051 0.1061675 0.817952 -0.5022951 0.09431714 0.8595371 -0.502252 0.09431334 0.8595626 -0.4360653 0.08188473 0.8961819 -0.4361042 0.08188833 0.8961626 -0.3674038 0.06898828 0.9274994 -0.3673974 0.06898767 0.9275019 -0.2965468 0.05568377 0.9533935 -0.2965521 0.05568429 0.9533918 -0.2239472 0.0420511 0.9736936 -0.2239255 0.04204894 0.9736987 -0.1500022 0.02816754 0.9882843 -0.1500169 0.02816902 0.988282 -0.07522673 0.0141255 0.9970664 -0.07522532 0.01412536 0.9970666 0 -0 1 0 0 1 0.0752179 -0.01412437 0.9970671 0.07522537 -0.01412512 0.9970665 0.1500024 -0.02816607 0.9882843 0.1499997 -0.02816579 0.9882848 0.2239766 -0.04205662 0.9736866 0.2239508 -0.04205404 0.9736927 0.2965412 -0.05568524 0.9533952 0.2965518 -0.05568628 0.9533919 0.3673637 -0.06898329 0.9275156 0.3673976 -0.06898654 0.9275019 0.4361044 -0.08188765 0.8961626 0.4360581 -0.08188339 0.8961855 0.5022521 -0.09431335 0.8595626 0.5022951 -0.09431714 0.8595371 0.5654588 -0.1061775 0.8179135 0.5654041 -0.106173 0.817952 0.6253309 -0.1174262 0.7714742 0.6253399 -0.1174269 0.7714667 0.6814848 -0.1279698 0.720557 0.6815339 -0.1279732 0.7205099 0.7337129 -0.137771 0.6653455 0.7336547 -0.1377675 0.6654103 0.7816124 -0.1467731 0.6062505 0.78166 -0.1467754 0.6061886 0.8249574 -0.1549055 0.5435526 0.8250111 -0.1549073 0.5434707 0.8634309 -0.1621211 0.4777069 0.8633891 -0.1621206 0.4777824 0.8968279 -0.1683995 0.409074 0.8968278 -0.1683995 0.409074 0.9249879 -0.1736872 0.3379794 0.9249939 -0.1736868 0.3379632 0.9476917 -0.1779488 0.2649805 0.9476607 -0.1779526 0.2650886 0.9648391 -0.1811783 0.1904205 0.9648428 -0.1811775 0.1904028 0.9763383 -0.1833361 0.1146794 0.9763461 -0.1833324 0.1146192 0.9821013 -0.1844131 0.03832378 0.9821023 -0.1844117 0.03830543 0.9821017 -0.1844116 -0.03832188 0.9821021 -0.1844132 -0.03830352 0.9763389 -0.183331 -0.1146823 0.9763448 -0.1833373 -0.114622 0.9648376 -0.1811765 -0.1904298 0.9648407 -0.1811786 -0.1904121 0.9476934 -0.1779587 -0.2649678 0.9476659 -0.1779439 -0.2650759 0.924991 -0.1736863 -0.3379715 0.9249965 -0.1736888 -0.3379552 0.8968237 -0.1683987 -0.4090833 0.8968237 -0.1683987 -0.4090833 0.8634351 -0.1621293 -0.4776964 0.8633961 -0.1621146 -0.477772 0.8249518 -0.1548961 -0.5435641 0.8250023 -0.154914 -0.5434821 0.7816136 -0.1467667 -0.6062505 0.7816588 -0.1467818 -0.6061886 0.7337006 -0.1377762 -0.6653579 0.7336452 -0.1377583 -0.6654227 0.6814985 -0.1279666 -0.7205445 0.6815455 -0.1279812 -0.7204974 0.625331 -0.1174252 -0.7714743 0.6253397 -0.1174278 -0.7714668 0.5654579 -0.1061831 -0.8179135 0.5654051 -0.1061675 -0.817952 0.5022348 -0.09430581 -0.8595736 0.5022762 -0.09431788 -0.859548 0.4361232 -0.0818956 -0.8961527 0.4360786 -0.08188281 -0.8961756 0.3673643 -0.06898027 -0.9275156 0.3673971 -0.06898957 -0.9275019 0.2965414 -0.05568433 -0.9533952 0.2965516 -0.0556872 -0.9533919 0.223953 -0.04205445 -0.9736922 0.223928 -0.0420475 -0.9736983 0.1500263 -0.02817079 -0.9882805 0.1500236 -0.02817004 -0.988281 0.07521801 -0.01412374 -0.9970671 0.07522526 -0.01412575 -0.9970665 0 0 -1 0 -0 -1 -0.07522669 0.01412561 -0.9970664 -0.07522535 0.01412524 -0.9970666 -0.1500263 0.02817079 -0.9882805 -0.1500406 0.02817475 -0.9882783 -0.2239237 0.04204859 -0.9736992 -0.2239027 0.04204274 -0.9737043 -0.2965469 0.05568331 -0.9533936 -0.296552 0.05568475 -0.9533918 -0.3674037 0.06898885 -0.9274994 -0.3673975 0.06898711 -0.927502 -0.4360856 0.08188483 -0.896172 -0.4361232 0.0818956 -0.8961527 -0.5022762 0.09431788 -0.859548 -0.5022348 0.09430581 -0.8595736 -0.5654051 0.1061675 -0.817952 -0.5654051 0.1061675 -0.817952 -0.6252936 0.1174129 -0.7715064 -0.6253399 0.1174269 -0.7714667 -0.6815455 0.1279812 -0.7204974 -0.6815366 0.1279785 -0.7205062 -0.7337399 0.1377812 -0.6653136 -0.7337019 0.137769 -0.6653579 -0.7816139 0.1467655 -0.6062505 -0.781659 0.1467806 -0.6061886 -0.8249409 0.1549082 -0.543577 -0.824949 0.154911 -0.543564 -0.8634487 0.1621405 -0.4776681 -0.8634024 0.1621231 -0.4777578 -0.8968237 0.1683987 -0.4090833 -0.8968582 0.1684128 -0.4090018 -0.9249587 0.1736896 -0.3380582 -0.9249587 0.1736896 -0.3380582 -0.9476888 0.1779578 -0.2649849 -0.9476656 0.1779454 -0.2650759 -0.9648421 0.1811707 -0.1904121 -0.9648421 0.1811707 -0.1904121 -0.976348 0.1833312 -0.1146038 -0.9763464 0.1833293 -0.114622 -0.9820989 0.1844095 -0.03840125 -0.9821016 0.1844199 -0.03828517 -0.9820971 0.1844191 0.03840316</float_array>
          <technique_common>
            <accessor count="9768" source="#cubenormals-array0-array" stride="3">
              <param type="float" name="X" />
              <param type="float" name="Y" />
              <param type="float" name="Z" />
            </accessor>
          </technique_common>
        </source>
        <vertices id="cubeverts-array0-vertices">
          <input semantic="POSITION" source="#cubeverts-array0" />
        </vertices>
        <triangles count="9768" material="ref_Gear_Small">
          <input offset="0" semantic="VERTEX" source="#cubeverts-array0-vertices" />
          <input offset="1" semantic="NORMAL" source="#cubenormals-array0" />
          <p>1867 0 1866 0 1869 0 1856 1 1866 1 1867 1 1856 2 1867 2 1857 2 1826 3 1856 3 1857 3 1825 4 1856 4 1826 4 1869 5 1866 5 1868 5 1875 6 1869 6 1868 6 1876 7 1869 7 1875 7 1911 8 1876 8 1875 8 1912 9 1876 9 1911 9 1913 10 1912 10 1911 10 1914 11 1912 11 1913 11 1917 12 1914 12 1913 12 1918 13 1914 13 1917 13 1919 14 1918 14 1917 14 1920 15 1918 15 1919 15 1922 16 1920 16 1919 16 1923 17 1920 17 1922 17 1782 18 1785 18 1783 18 1787 19 1785 19 1782 19 1787 20 1782 20 1784 20 1786 21 1787 21 1784 21 1789 22 1787 22 1786 22 1792 23 1789 23 1786 23 1792 24 1786 24 1788 24 1791 25 1792 25 1788 25 1794 26 1792 26 1791 26 1796 27 1794 27 1791 27 1800 28 1795 28 1797 28 1796 29 1791 29 1793 29 1795 30 1796 30 1793 30 1798 31 1796 31 1795 31 1800 32 1798 32 1795 32 1800 33 1797 33 1799 33 1801 34 1800 34 1799 34 1802 35 1800 35 1801 35 1803 36 1802 36 1801 36 1804 37 1802 37 1803 37 1807 38 1804 38 1803 38 1808 39 1804 39 1807 39 1813 40 1808 40 1807 40 1814 41 1808 41 1813 41 1817 42 1814 42 1813 42 1818 43 1814 43 1817 43 1821 44 1818 44 1817 44 1822 45 1818 45 1821 45 1825 46 1822 46 1821 46 1826 47 1822 47 1825 47 1925 48 1923 48 1922 48 1924 49 1925 49 1922 49 1937 50 1925 50 1924 50 1936 51 1937 51 1924 51 1944 52 1937 52 1936 52 1943 53 1944 53 1936 53 1754 54 1713 54 1712 54 1753 55 1754 55 1712 55 1783 56 1754 56 1753 56 1782 57 1783 57 1753 57 1951 58 1944 58 1943 58 1950 59 1951 59 1943 59 1953 60 1951 60 1950 60 1952 61 1953 61 1950 61 1957 62 1953 62 1952 62 1956 63 1957 63 1952 63 1965 64 1957 64 1956 64 1964 65 1965 65 1956 65 1970 66 1965 66 1964 66 1969 67 1970 67 1964 67 1982 68 1970 68 1969 68 1981 69 1982 69 1969 69 1986 70 1982 70 1981 70 1985 71 1986 71 1981 71 1995 72 1986 72 1985 72 1994 73 1995 73 1985 73 2003 74 1995 74 1994 74 2002 75 2003 75 1994 75 2014 76 2003 76 2002 76 2013 77 2014 77 2002 77 2025 78 2014 78 2013 78 2024 79 2025 79 2013 79 2034 80 2025 80 2024 80 2033 81 2034 81 2024 81 2047 82 2034 82 2033 82 2046 83 2047 83 2033 83 2053 84 2047 84 2046 84 2052 85 2053 85 2046 85 2062 86 2053 86 2052 86 2061 87 2062 87 2052 87 1692 88 1695 88 1693 88 1691 89 1692 89 1693 89 1690 90 1692 90 1691 90 1689 91 1690 91 1691 91 1688 92 1690 92 1689 92 1687 93 1688 93 1689 93 1686 94 1688 94 1687 94 1685 95 1686 95 1687 95 1684 96 1686 96 1685 96 1680 97 1684 97 1685 97 1679 98 1684 98 1680 98 1676 99 1679 99 1680 99 1675 100 1679 100 1676 100 1674 101 1675 101 1676 101 1673 102 1675 102 1674 102 1699 103 1695 103 1692 103 1694 104 1699 104 1692 104 1698 105 1699 105 1694 105 1703 106 1700 106 1702 106 1698 107 1700 107 1703 107 1701 108 1698 108 1703 108 1699 109 1698 109 1701 109 1707 110 1704 110 1706 110 1702 111 1704 111 1707 111 1705 112 1702 112 1707 112 1703 113 1702 113 1705 113 1713 114 1709 114 1712 114 1706 115 1709 115 1713 115 1710 116 1706 116 1713 116 1707 117 1706 117 1710 117 2062 118 2061 118 2125 118 2126 119 2062 119 2125 119 1668 120 1667 120 1673 120 1674 121 1668 121 1673 121 1639 122 1658 122 1640 122 1628 123 1639 123 1640 123 1627 124 1639 124 1628 124 1660 125 1667 125 1668 125 1661 126 1660 126 1668 126 1658 127 1660 127 1661 127 1659 128 1658 128 1661 128 1640 129 1658 129 1659 129 2146 130 2126 130 2125 130 2145 131 2146 131 2125 131 2163 132 2146 132 2145 132 2162 133 2163 133 2145 133 2182 134 2163 134 2162 134 2181 135 2182 135 2162 135 2198 136 2182 136 2181 136 2197 137 2198 137 2181 137 2210 138 2198 138 2197 138 2209 139 2210 139 2197 139 2222 140 2210 140 2209 140 2221 141 2222 141 2209 141 2234 142 2222 142 2221 142 2233 143 2234 143 2221 143 2243 144 2234 144 2233 144 2242 145 2243 145 2233 145 2257 146 2243 146 2242 146 2256 147 2257 147 2242 147 2262 148 2257 148 2256 148 2261 149 2262 149 2256 149 2275 150 2262 150 2261 150 2274 151 2275 151 2261 151 2284 152 2275 152 2274 152 2283 153 2284 153 2274 153 2290 154 2284 154 2283 154 2289 155 2290 155 2283 155 2297 156 2290 156 2289 156 2296 157 2297 157 2289 157 2304 158 2297 158 2296 158 2303 159 2304 159 2296 159 1629 160 1634 160 1633 160 1630 161 1634 161 1629 161 1625 162 1630 162 1629 162 1626 163 1630 163 1625 163 1623 164 1626 164 1625 164 1624 165 1626 165 1623 165 1627 166 1624 166 1623 166 1628 167 1624 167 1627 167 2326 168 2304 168 2303 168 2325 169 2326 169 2303 169 2341 170 2326 170 2325 170 2340 171 2341 171 2325 171 2352 172 2341 172 2340 172 2351 173 2352 173 2340 173 1655 174 1665 174 1664 174 1654 175 1655 175 1664 175 1648 176 1655 176 1654 176 1647 177 1648 177 1654 177 1634 178 1648 178 1647 178 1633 179 1634 179 1647 179 2354 180 2352 180 2351 180 2355 181 2352 181 2354 181 2362 182 2355 182 2354 182 2363 183 2355 183 2362 183 2368 184 2363 184 2362 184 2369 185 2363 185 2368 185 2372 186 2369 186 2368 186 2373 187 2369 187 2372 187 1594 188 1588 188 1587 188 1593 189 1594 189 1587 189 1598 190 1594 190 1593 190 1597 191 1598 191 1593 191 1605 192 1598 192 1597 192 1604 193 1605 193 1597 193 1609 194 1605 194 1604 194 1608 195 1609 195 1604 195 1611 196 1609 196 1608 196 1610 197 1611 197 1608 197 1617 198 1611 198 1610 198 1616 199 1617 199 1610 199 1622 200 1617 200 1616 200 1621 201 1622 201 1616 201 1632 202 1622 202 1621 202 1631 203 1632 203 1621 203 1642 204 1632 204 1631 204 1641 205 1642 205 1631 205 1644 206 1642 206 1641 206 1643 207 1644 207 1641 207 1650 208 1644 208 1643 208 1649 209 1650 209 1643 209 1653 210 1650 210 1649 210 1652 211 1653 211 1649 211 1657 212 1653 212 1652 212 1656 213 1657 213 1652 213 1663 214 1657 214 1656 214 1662 215 1663 215 1656 215 1665 216 1663 216 1662 216 1664 217 1665 217 1662 217 2501 218 2500 218 2552 218 2553 219 2501 219 2552 219 2413 220 2455 220 2414 220 2373 221 2413 221 2414 221 2372 222 2413 222 2373 222 2457 223 2500 223 2501 223 2458 224 2457 224 2501 224 2455 225 2457 225 2458 225 2456 226 2455 226 2458 226 2414 227 2455 227 2456 227 1566 228 1565 228 1587 228 1588 229 1566 229 1587 229 2571 230 2578 230 2572 230 2567 231 2571 231 2572 231 2566 232 2571 232 2567 232 2565 233 2566 233 2567 233 2564 234 2566 234 2565 234 2563 235 2564 235 2565 235 2562 236 2564 236 2563 236 2561 237 2562 237 2563 237 2560 238 2562 238 2561 238 2557 239 2560 239 2561 239 2556 240 2560 240 2557 240 2555 241 2556 241 2557 241 2554 242 2556 242 2555 242 2553 243 2554 243 2555 243 2552 244 2554 244 2553 244 2584 245 2578 245 2571 245 2577 246 2584 246 2571 246 2583 247 2584 247 2577 247 2588 248 2585 248 2587 248 2583 249 2585 249 2588 249 2586 250 2583 250 2588 250 2584 251 2583 251 2586 251 2592 252 2589 252 2591 252 2587 253 2589 253 2592 253 2590 254 2587 254 2592 254 2588 255 2587 255 2590 255 2600 256 2596 256 2599 256 2591 257 2596 257 2600 257 2595 258 2591 258 2600 258 2592 259 2591 259 2595 259 1500 260 1497 260 1496 260 1499 261 1500 261 1496 261 1504 262 1500 262 1499 262 1503 263 1504 263 1499 263 1513 264 1504 264 1503 264 1512 265 1513 265 1503 265 1517 266 1513 266 1512 266 1516 267 1517 267 1512 267 1522 268 1517 268 1516 268 1521 269 1522 269 1516 269 1527 270 1522 270 1521 270 1526 271 1527 271 1521 271 1532 272 1527 272 1526 272 1531 273 1532 273 1526 273 1537 274 1532 274 1531 274 1536 275 1537 275 1531 275 1541 276 1537 276 1536 276 1540 277 1541 277 1536 277 1543 278 1541 278 1540 278 1542 279 1543 279 1540 279 1549 280 1543 280 1542 280 1548 281 1549 281 1542 281 1551 282 1549 282 1548 282 1550 283 1551 283 1548 283 1555 284 1551 284 1550 284 1554 285 1555 285 1550 285 1561 286 1555 286 1554 286 1560 287 1561 287 1554 287 1566 288 1561 288 1560 288 1565 289 1566 289 1560 289 2665 290 2600 290 2599 290 2664 291 2665 291 2599 291 2718 292 2665 292 2664 292 2717 293 2718 293 2664 293 1480 294 1475 294 1474 294 1479 295 1480 295 1474 295 1488 296 1480 296 1479 296 1487 297 1488 297 1479 297 1497 298 1488 298 1487 298 1496 299 1497 299 1487 299 2717 300 2721 300 2718 300 2723 301 2721 301 2717 301 2723 302 2717 302 2720 302 2722 303 2723 303 2720 303 2728 304 2723 304 2722 304 2733 305 2728 305 2722 305 2733 306 2722 306 2727 306 2732 307 2733 307 2727 307 2734 308 2733 308 2732 308 2737 309 2734 309 2732 309 2744 310 2736 310 2739 310 2737 311 2732 311 2735 311 2736 312 2737 312 2735 312 2740 313 2737 313 2736 313 2744 314 2740 314 2736 314 2744 315 2739 315 2743 315 2745 316 2744 316 2743 316 2746 317 2744 317 2745 317 2749 318 2746 318 2745 318 2750 319 2746 319 2749 319 2753 320 2750 320 2749 320 2754 321 2750 321 2753 321 2757 322 2754 322 2753 322 2758 323 2754 323 2757 323 2764 324 2758 324 2757 324 2765 325 2758 325 2764 325 2768 326 2765 326 2764 326 2769 327 2765 327 2768 327 2772 328 2769 328 2768 328 2773 329 2769 329 2772 329 1459 330 1457 330 1456 330 1460 331 1457 331 1459 331 1462 332 1460 332 1459 332 1463 333 1460 333 1462 333 1466 334 1463 334 1462 334 1467 335 1463 335 1466 335 1474 336 1467 336 1466 336 1475 337 1467 337 1474 337 2848 338 2847 338 2850 338 2821 339 2847 339 2848 339 2821 340 2848 340 2822 340 2773 341 2821 341 2822 341 2772 342 2821 342 2773 342 2850 343 2847 343 2849 343 2873 344 2850 344 2849 344 2874 345 2850 345 2873 345 2904 346 2874 346 2873 346 2905 347 2874 347 2904 347 1392 348 1391 348 1395 348 1352 349 1391 349 1392 349 1352 350 1392 350 1353 350 1290 351 1352 351 1353 351 1289 352 1352 352 1290 352 1395 353 1391 353 1394 353 1440 354 1395 354 1394 354 1441 355 1395 355 1440 355 1456 356 1441 356 1440 356 1457 357 1441 357 1456 357 2912 358 2905 358 2904 358 2913 359 2905 359 2912 359 2914 360 2913 360 2912 360 2915 361 2913 361 2914 361 2906 362 2915 362 2914 362 2907 363 2915 363 2906 363 2902 364 2907 364 2906 364 2903 365 2907 365 2902 365 1215 366 1220 366 1216 366 1222 367 1220 367 1215 367 1222 368 1215 368 1219 368 1221 369 1222 369 1219 369 1224 370 1222 370 1221 370 1226 371 1224 371 1221 371 1226 372 1221 372 1223 372 1225 373 1226 373 1223 373 1229 374 1226 374 1225 374 1237 375 1229 375 1225 375 1243 376 1236 376 1238 376 1237 377 1225 377 1228 377 1236 378 1237 378 1228 378 1239 379 1237 379 1236 379 1243 380 1239 380 1236 380 1243 381 1238 381 1242 381 1248 382 1243 382 1242 382 1249 383 1243 383 1248 383 1250 384 1249 384 1248 384 1251 385 1249 385 1250 385 1254 386 1251 386 1250 386 1255 387 1251 387 1254 387 1264 388 1255 388 1254 388 1265 389 1255 389 1264 389 1275 390 1265 390 1264 390 1276 391 1265 391 1275 391 1280 392 1276 392 1275 392 1281 393 1276 393 1280 393 1289 394 1281 394 1280 394 1290 395 1281 395 1289 395 2885 396 2903 396 2902 396 2884 397 2885 397 2902 397 2876 398 2885 398 2884 398 2875 399 2876 399 2884 399 2878 400 2876 400 2875 400 2877 401 2878 401 2875 401 1157 402 1120 402 1119 402 1156 403 1157 403 1119 403 1216 404 1157 404 1156 404 1215 405 1216 405 1156 405 2880 406 2878 406 2877 406 2879 407 2880 407 2877 407 2890 408 2880 408 2879 408 2889 409 2890 409 2879 409 2894 410 2890 410 2889 410 2893 411 2894 411 2889 411 2899 412 2894 412 2893 412 2898 413 2899 413 2893 413 2918 414 2899 414 2898 414 2917 415 2918 415 2898 415 2928 416 2918 416 2917 416 2927 417 2928 417 2917 417 2938 418 2928 418 2927 418 2937 419 2938 419 2927 419 2946 420 2938 420 2937 420 2945 421 2946 421 2937 421 2961 422 2946 422 2945 422 2960 423 2961 423 2945 423 2968 424 2961 424 2960 424 2967 425 2968 425 2960 425 2981 426 2968 426 2967 426 2980 427 2981 427 2967 427 2986 428 2981 428 2980 428 2985 429 2986 429 2980 429 3009 430 2986 430 2985 430 3008 431 3009 431 2985 431 3037 432 3009 432 3008 432 3036 433 3037 433 3008 433 3049 434 3037 434 3036 434 3048 435 3049 435 3036 435 1101 436 1104 436 1102 436 1098 437 1101 437 1102 437 1097 438 1101 438 1098 438 1094 439 1097 439 1098 439 1093 440 1097 440 1094 440 1090 441 1093 441 1094 441 1089 442 1093 442 1090 442 1088 443 1089 443 1090 443 1087 444 1089 444 1088 444 1086 445 1087 445 1088 445 1085 446 1087 446 1086 446 1084 447 1085 447 1086 447 1083 448 1085 448 1084 448 1082 449 1083 449 1084 449 1081 450 1083 450 1082 450 1106 451 1104 451 1101 451 1103 452 1106 452 1101 452 1105 453 1106 453 1103 453 1110 454 1107 454 1109 454 1105 455 1107 455 1110 455 1108 456 1105 456 1110 456 1106 457 1105 457 1108 457 1114 458 1111 458 1113 458 1109 459 1111 459 1114 459 1112 460 1109 460 1114 460 1110 461 1109 461 1112 461 1120 462 1115 462 1119 462 1113 463 1115 463 1120 463 1116 464 1113 464 1120 464 1114 465 1113 465 1116 465 3049 466 3048 466 3115 466 3116 467 3049 467 3115 467 1076 468 1075 468 1081 468 1082 469 1076 469 1081 469 1099 470 1079 470 1100 470 1124 471 1099 471 1100 471 1123 472 1099 472 1124 472 1077 473 1075 473 1076 473 1078 474 1077 474 1076 474 1079 475 1077 475 1078 475 1080 476 1079 476 1078 476 1100 477 1079 477 1080 477 3135 478 3116 478 3115 478 3134 479 3135 479 3115 479 3155 480 3135 480 3134 480 3154 481 3155 481 3134 481 3171 482 3155 482 3154 482 3170 483 3171 483 3154 483 3181 484 3171 484 3170 484 3180 485 3181 485 3170 485 3193 486 3181 486 3180 486 3192 487 3193 487 3180 487 3204 488 3193 488 3192 488 3203 489 3204 489 3192 489 3218 490 3204 490 3203 490 3217 491 3218 491 3203 491 3229 492 3218 492 3217 492 3228 493 3229 493 3217 493 3242 494 3229 494 3228 494 3241 495 3242 495 3228 495 3253 496 3242 496 3241 496 3252 497 3253 497 3241 497 3266 498 3253 498 3252 498 3265 499 3266 499 3252 499 3286 500 3266 500 3265 500 3285 501 3286 501 3265 501 3293 502 3286 502 3285 502 3292 503 3293 503 3285 503 3298 504 3293 504 3292 504 3297 505 3298 505 3292 505 3305 506 3298 506 3297 506 3304 507 3305 507 3297 507 1137 508 1142 508 1141 508 1138 509 1142 509 1137 509 1131 510 1138 510 1137 510 1132 511 1138 511 1131 511 1127 512 1132 512 1131 512 1128 513 1132 513 1127 513 1123 514 1128 514 1127 514 1124 515 1128 515 1123 515 3334 516 3305 516 3304 516 3333 517 3334 517 3304 517 3350 518 3334 518 3333 518 3349 519 3350 519 3333 519 3363 520 3350 520 3349 520 3362 521 3363 521 3349 521 1179 522 1196 522 1195 522 1178 523 1179 523 1195 523 1161 524 1179 524 1178 524 1160 525 1161 525 1178 525 1142 526 1161 526 1160 526 1141 527 1142 527 1160 527 3366 528 3363 528 3362 528 3367 529 3363 529 3366 529 3372 530 3367 530 3366 530 3373 531 3367 531 3372 531 3377 532 3373 532 3372 532 3378 533 3373 533 3377 533 3383 534 3378 534 3377 534 3384 535 3378 535 3383 535 1167 536 1159 536 1158 536 1166 537 1167 537 1158 537 1171 538 1167 538 1166 538 1170 539 1171 539 1166 539 1176 540 1171 540 1170 540 1175 541 1176 541 1170 541 1184 542 1176 542 1175 542 1183 543 1184 543 1175 543 1186 544 1184 544 1183 544 1185 545 1186 545 1183 545 1191 546 1186 546 1185 546 1190 547 1191 547 1185 547 1194 548 1191 548 1190 548 1193 549 1194 549 1190 549 1198 550 1194 550 1193 550 1197 551 1198 551 1193 551 1205 552 1198 552 1197 552 1204 553 1205 553 1197 553 1209 554 1205 554 1204 554 1208 555 1209 555 1204 555 1213 556 1209 556 1208 556 1212 557 1213 557 1208 557 1211 558 1213 558 1212 558 1210 559 1211 559 1212 559 1207 560 1211 560 1210 560 1206 561 1207 561 1210 561 1202 562 1207 562 1206 562 1201 563 1202 563 1206 563 1196 564 1202 564 1201 564 1195 565 1196 565 1201 565 3436 566 3435 566 3450 566 3451 567 3436 567 3450 567 3397 568 3413 568 3398 568 3384 569 3397 569 3398 569 3383 570 3397 570 3384 570 3415 571 3435 571 3436 571 3416 572 3415 572 3436 572 3413 573 3415 573 3416 573 3414 574 3413 574 3416 574 3398 575 3413 575 3414 575 1134 576 1133 576 1158 576 1159 577 1134 577 1158 577 3469 578 3472 578 3470 578 3468 579 3469 579 3470 579 3467 580 3469 580 3468 580 3463 581 3467 581 3468 581 3462 582 3467 582 3463 582 3461 583 3462 583 3463 583 3460 584 3462 584 3461 584 3458 585 3460 585 3461 585 3457 586 3460 586 3458 586 3456 587 3457 587 3458 587 3455 588 3457 588 3456 588 3454 589 3455 589 3456 589 3453 590 3455 590 3454 590 3451 591 3453 591 3454 591 3450 592 3453 592 3451 592 3474 593 3472 593 3469 593 3471 594 3474 594 3469 594 3473 595 3474 595 3471 595 3478 596 3475 596 3477 596 3473 597 3475 597 3478 597 3476 598 3473 598 3478 598 3474 599 3473 599 3476 599 3483 600 3480 600 3482 600 3477 601 3480 601 3483 601 3481 602 3477 602 3483 602 3478 603 3477 603 3481 603 3487 604 3484 604 3486 604 3482 605 3484 605 3487 605 3485 606 3482 606 3487 606 3483 607 3482 607 3485 607 1040 608 1038 608 1037 608 1039 609 1040 609 1037 609 1044 610 1040 610 1039 610 1043 611 1044 611 1039 611 1048 612 1044 612 1043 612 1047 613 1048 613 1043 613 1050 614 1048 614 1047 614 1049 615 1050 615 1047 615 1052 616 1050 616 1049 616 1051 617 1052 617 1049 617 1058 618 1052 618 1051 618 1057 619 1058 619 1051 619 1060 620 1058 620 1057 620 1059 621 1060 621 1057 621 1062 622 1060 622 1059 622 1061 623 1062 623 1059 623 1065 624 1062 624 1061 624 1064 625 1065 625 1061 625 1067 626 1065 626 1064 626 1066 627 1067 627 1064 627 1074 628 1067 628 1066 628 1073 629 1074 629 1066 629 1096 630 1074 630 1073 630 1095 631 1096 631 1073 631 1122 632 1096 632 1095 632 1121 633 1122 633 1095 633 1130 634 1122 634 1121 634 1129 635 1130 635 1121 635 1134 636 1130 636 1129 636 1133 637 1134 637 1129 637 3530 638 3572 638 3573 638 3531 639 3530 639 3573 639 3486 640 3530 640 3531 640 3487 641 3486 641 3531 641 1018 642 1014 642 1013 642 1017 643 1018 643 1013 643 1028 644 1018 644 1017 644 1027 645 1028 645 1017 645 1038 646 1028 646 1027 646 1037 647 1038 647 1027 647 3572 648 3575 648 3573 648 3577 649 3575 649 3572 649 3577 650 3572 650 3574 650 3576 651 3577 651 3574 651 3579 652 3577 652 3576 652 3583 653 3579 653 3576 653 3583 654 3576 654 3578 654 3582 655 3583 655 3578 655 3586 656 3583 656 3582 656 3589 657 3586 657 3582 657 3596 658 3588 658 3590 658 3589 659 3582 659 3585 659 3588 660 3589 660 3585 660 3591 661 3589 661 3588 661 3596 662 3591 662 3588 662 3596 663 3590 663 3595 663 3599 664 3596 664 3595 664 3600 665 3596 665 3599 665 3604 666 3600 666 3599 666 3605 667 3600 667 3604 667 3609 668 3605 668 3604 668 3610 669 3605 669 3609 669 3614 670 3610 670 3609 670 3615 671 3610 671 3614 671 3617 672 3615 672 3614 672 3618 673 3615 673 3617 673 3622 674 3618 674 3617 674 3623 675 3618 675 3622 675 3624 676 3623 676 3622 676 3625 677 3623 677 3624 677 1005 678 1002 678 1001 678 1006 679 1002 679 1005 679 1007 680 1006 680 1005 680 1008 681 1006 681 1007 681 1009 682 1008 682 1007 682 1010 683 1008 683 1009 683 1013 684 1010 684 1009 684 1014 685 1010 685 1013 685 3653 686 3652 686 3651 686 3644 687 3652 687 3653 687 3644 688 3653 688 3645 688 3625 689 3644 689 3645 689 3624 690 3644 690 3625 690 3651 691 3652 691 3650 691 3640 692 3651 692 3650 692 3641 693 3651 693 3640 693 3612 694 3641 694 3640 694 3613 695 3641 695 3612 695 896 696 895 696 900 696 813 697 895 697 896 697 813 698 896 698 814 698 762 699 813 699 814 699 761 700 813 700 762 700 900 701 895 701 899 701 959 702 900 702 899 702 960 703 900 703 959 703 1001 704 960 704 959 704 1002 705 960 705 1001 705 3597 706 3613 706 3612 706 3598 707 3613 707 3597 707 3580 708 3598 708 3597 708 3581 709 3598 709 3580 709 3568 710 3581 710 3580 710 3569 711 3581 711 3568 711 3562 712 3569 712 3568 712 3563 713 3569 713 3562 713 689 714 691 714 690 714 698 715 691 715 689 715 698 716 689 716 692 716 697 717 698 717 692 717 700 718 698 718 697 718 702 719 700 719 697 719 702 720 697 720 699 720 701 721 702 721 699 721 704 722 702 722 701 722 706 723 704 723 701 723 710 724 705 724 707 724 706 725 701 725 703 725 705 726 706 726 703 726 708 727 706 727 705 727 710 728 708 728 705 728 710 729 707 729 709 729 713 730 710 730 709 730 714 731 710 731 713 731 719 732 714 732 713 732 720 733 714 733 719 733 721 734 720 734 719 734 722 735 720 735 721 735 723 736 722 736 721 736 724 737 722 737 723 737 737 738 724 738 723 738 738 739 724 739 737 739 751 740 738 740 737 740 752 741 738 741 751 741 761 742 752 742 751 742 762 743 752 743 761 743 3548 744 3563 744 3562 744 3547 745 3548 745 3562 745 3537 746 3548 746 3547 746 3536 747 3537 747 3547 747 3517 748 3537 748 3536 748 3516 749 3517 749 3536 749 675 750 663 750 662 750 674 751 675 751 662 751 690 752 675 752 674 752 689 753 690 753 674 753 3513 754 3517 754 3516 754 3512 755 3513 755 3516 755 3509 756 3513 756 3512 756 3508 757 3509 757 3512 757 3505 758 3509 758 3508 758 3504 759 3505 759 3508 759 3507 760 3505 760 3504 760 3506 761 3507 761 3504 761 3511 762 3507 762 3506 762 3510 763 3511 763 3506 763 3515 764 3511 764 3510 764 3514 765 3515 765 3510 765 3520 766 3515 766 3514 766 3519 767 3520 767 3514 767 3524 768 3520 768 3519 768 3523 769 3524 769 3519 769 3526 770 3524 770 3523 770 3525 771 3526 771 3523 771 3533 772 3526 772 3525 772 3532 773 3533 773 3525 773 3539 774 3533 774 3532 774 3538 775 3539 775 3532 775 3542 776 3539 776 3538 776 3541 777 3542 777 3538 777 3546 778 3542 778 3541 778 3545 779 3546 779 3541 779 3554 780 3546 780 3545 780 3553 781 3554 781 3545 781 3558 782 3554 782 3553 782 3557 783 3558 783 3553 783 640 784 645 784 641 784 637 785 640 785 641 785 636 786 640 786 637 786 631 787 636 787 637 787 630 788 636 788 631 788 627 789 630 789 631 789 626 790 630 790 627 790 623 791 626 791 627 791 622 792 626 792 623 792 625 793 622 793 623 793 624 794 622 794 625 794 629 795 624 795 625 795 628 796 624 796 629 796 633 797 628 797 629 797 632 798 628 798 633 798 649 799 645 799 640 799 644 800 649 800 640 800 648 801 649 801 644 801 655 802 652 802 654 802 648 803 652 803 655 803 653 804 648 804 655 804 649 805 648 805 653 805 659 806 656 806 658 806 654 807 656 807 659 807 657 808 654 808 659 808 655 809 654 809 657 809 663 810 660 810 662 810 658 811 660 811 663 811 661 812 658 812 663 812 659 813 658 813 661 813 3558 814 3557 814 3638 814 3639 815 3558 815 3638 815 667 816 666 816 632 816 633 817 667 817 632 817 686 818 672 818 687 818 716 819 686 819 687 819 715 820 686 820 716 820 670 821 666 821 667 821 671 822 670 822 667 822 672 823 670 823 671 823 673 824 672 824 671 824 687 825 672 825 673 825 3668 826 3639 826 3638 826 3667 827 3668 827 3638 827 3685 828 3668 828 3667 828 3684 829 3685 829 3667 829 3698 830 3685 830 3684 830 3697 831 3698 831 3684 831 3706 832 3698 832 3697 832 3705 833 3706 833 3697 833 3713 834 3706 834 3705 834 3712 835 3713 835 3705 835 3721 836 3713 836 3712 836 3720 837 3721 837 3712 837 3733 838 3721 838 3720 838 3732 839 3733 839 3720 839 3738 840 3733 840 3732 840 3737 841 3738 841 3732 841 3741 842 3738 842 3737 842 3740 843 3741 843 3737 843 3747 844 3741 844 3740 844 3746 845 3747 845 3740 845 3758 846 3747 846 3746 846 3757 847 3758 847 3746 847 3766 848 3758 848 3757 848 3765 849 3766 849 3757 849 3792 850 3766 850 3765 850 3791 851 3792 851 3765 851 3814 852 3792 852 3791 852 3813 853 3814 853 3791 853 3816 854 3814 854 3813 854 3815 855 3816 855 3813 855 777 856 791 856 790 856 778 857 791 857 777 857 769 858 778 858 777 858 770 859 778 859 769 859 741 860 770 860 769 860 742 861 770 861 741 861 715 862 742 862 741 862 716 863 742 863 715 863 3830 864 3816 864 3815 864 3829 865 3830 865 3815 865 3842 866 3830 866 3829 866 3841 867 3842 867 3829 867 3850 868 3842 868 3841 868 3849 869 3850 869 3841 869 871 870 902 870 901 870 870 871 871 871 901 871 816 872 871 872 870 872 815 873 816 873 870 873 791 874 816 874 815 874 790 875 791 875 815 875 3853 876 3850 876 3849 876 3854 877 3850 877 3853 877 3855 878 3854 878 3853 878 3856 879 3854 879 3855 879 3859 880 3856 880 3855 880 3860 881 3856 881 3859 881 3862 882 3860 882 3859 882 3863 883 3860 883 3862 883 910 884 906 884 905 884 909 885 910 885 905 885 916 886 910 886 909 886 915 887 916 887 909 887 923 888 916 888 915 888 922 889 923 889 915 889 931 890 923 890 922 890 930 891 931 891 922 891 935 892 931 892 930 892 934 893 935 893 930 893 939 894 935 894 934 894 938 895 939 895 934 895 943 896 939 896 938 896 942 897 943 897 938 897 941 898 943 898 942 898 940 899 941 899 942 899 937 900 941 900 940 900 936 901 937 901 940 901 933 902 937 902 936 902 932 903 933 903 936 903 927 904 933 904 932 904 926 905 927 905 932 905 919 906 927 906 926 906 918 907 919 907 926 907 914 908 919 908 918 908 913 909 914 909 918 909 908 910 914 910 913 910 907 911 908 911 913 911 902 912 908 912 907 912 901 913 902 913 907 913 3936 914 3935 914 4001 914 4002 915 3936 915 4001 915 3871 916 3885 916 3872 916 3863 917 3871 917 3872 917 3862 918 3871 918 3863 918 3887 919 3935 919 3936 919 3888 920 3887 920 3936 920 3885 921 3887 921 3888 921 3886 922 3885 922 3888 922 3872 923 3885 923 3886 923 888 924 887 924 905 924 906 925 888 925 905 925 4027 926 4030 926 4028 926 4024 927 4027 927 4028 927 4023 928 4027 928 4024 928 4020 929 4023 929 4024 929 4019 930 4023 930 4020 930 4018 931 4019 931 4020 931 4017 932 4019 932 4018 932 4012 933 4017 933 4018 933 4011 934 4017 934 4012 934 4010 935 4011 935 4012 935 4009 936 4011 936 4010 936 4004 937 4009 937 4010 937 4003 938 4009 938 4004 938 4002 939 4003 939 4004 939 4001 940 4003 940 4002 940 4034 941 4030 941 4027 941 4029 942 4034 942 4027 942 4033 943 4034 943 4029 943 4040 944 4036 944 4039 944 4033 945 4036 945 4040 945 4035 946 4033 946 4040 946 4034 947 4033 947 4035 947 4044 948 4041 948 4043 948 4039 949 4041 949 4044 949 4042 950 4039 950 4044 950 4040 951 4039 951 4042 951 4048 952 4046 952 4047 952 4043 953 4046 953 4048 953 4045 954 4043 954 4048 954 4044 955 4043 955 4045 955 718 956 694 956 693 956 717 957 718 957 693 957 760 958 718 958 717 958 759 959 760 959 717 959 774 960 760 960 759 960 773 961 774 961 759 961 780 962 774 962 773 962 779 963 780 963 773 963 794 964 780 964 779 964 793 965 794 965 779 965 798 966 794 966 793 966 797 967 798 967 793 967 804 968 798 968 797 968 803 969 804 969 797 969 812 970 804 970 803 970 811 971 812 971 803 971 820 972 812 972 811 972 819 973 820 973 811 973 822 974 820 974 819 974 821 975 822 975 819 975 830 976 822 976 821 976 829 977 830 977 821 977 846 978 830 978 829 978 845 979 846 979 829 979 865 980 846 980 845 980 864 981 865 981 845 981 880 982 865 982 864 982 879 983 880 983 864 983 888 984 880 984 879 984 887 985 888 985 879 985 4086 986 4048 986 4047 986 4085 987 4086 987 4047 987 4117 988 4086 988 4085 988 4116 989 4117 989 4085 989 607 990 549 990 548 990 606 991 607 991 548 991 669 992 607 992 606 992 668 993 669 993 606 993 694 994 669 994 668 994 693 995 694 995 668 995 4116 996 4119 996 4117 996 4121 997 4119 997 4116 997 4121 998 4116 998 4118 998 4120 999 4121 999 4118 999 4129 1000 4121 1000 4120 1000 4131 1001 4129 1001 4120 1001 4131 1002 4120 1002 4128 1002 4130 1003 4131 1003 4128 1003 4133 1004 4131 1004 4130 1004 4137 1005 4133 1005 4130 1005 4143 1006 4136 1006 4140 1006 4137 1007 4130 1007 4132 1007 4136 1008 4137 1008 4132 1008 4141 1009 4137 1009 4136 1009 4143 1010 4141 1010 4136 1010 4143 1011 4140 1011 4142 1011 4146 1012 4143 1012 4142 1012 4147 1013 4143 1013 4146 1013 4150 1014 4147 1014 4146 1014 4151 1015 4147 1015 4150 1015 4152 1016 4151 1016 4150 1016 4153 1017 4151 1017 4152 1017 4156 1018 4153 1018 4152 1018 4157 1019 4153 1019 4156 1019 4160 1020 4157 1020 4156 1020 4161 1021 4157 1021 4160 1021 4158 1022 4161 1022 4160 1022 4159 1023 4161 1023 4158 1023 4154 1024 4159 1024 4158 1024 4155 1025 4159 1025 4154 1025 506 1026 497 1026 496 1026 507 1027 497 1027 506 1027 516 1028 507 1028 506 1028 517 1029 507 1029 516 1029 534 1030 517 1030 516 1030 535 1031 517 1031 534 1031 548 1032 535 1032 534 1032 549 1033 535 1033 548 1033 4098 1034 4097 1034 4096 1034 4112 1035 4097 1035 4098 1035 4112 1036 4098 1036 4113 1036 4155 1037 4112 1037 4113 1037 4154 1038 4112 1038 4155 1038 4096 1039 4097 1039 4095 1039 4079 1040 4096 1040 4095 1040 4080 1041 4096 1041 4079 1041 4056 1042 4080 1042 4079 1042 4057 1043 4080 1043 4056 1043 344 1044 285 1044 284 1044 345 1045 285 1045 344 1045 376 1046 345 1046 344 1046 377 1047 345 1047 376 1047 380 1048 377 1048 376 1048 381 1049 377 1049 380 1049 420 1050 381 1050 380 1050 421 1051 381 1051 420 1051 496 1052 421 1052 420 1052 497 1053 421 1053 496 1053 4051 1054 4057 1054 4056 1054 4052 1055 4057 1055 4051 1055 4031 1056 4052 1056 4051 1056 4032 1057 4052 1057 4031 1057 4013 1058 4032 1058 4031 1058 4014 1059 4032 1059 4013 1059 3997 1060 4014 1060 4013 1060 3998 1061 4014 1061 3997 1061 214 1062 217 1062 215 1062 219 1063 217 1063 214 1063 219 1064 214 1064 216 1064 218 1065 219 1065 216 1065 223 1066 219 1066 218 1066 225 1067 223 1067 218 1067 225 1068 218 1068 222 1068 224 1069 225 1069 222 1069 227 1070 225 1070 224 1070 229 1071 227 1071 224 1071 233 1072 228 1072 230 1072 229 1073 224 1073 226 1073 228 1074 229 1074 226 1074 231 1075 229 1075 228 1075 233 1076 231 1076 228 1076 233 1077 230 1077 232 1077 236 1078 233 1078 232 1078 237 1079 233 1079 236 1079 238 1080 237 1080 236 1080 239 1081 237 1081 238 1081 240 1082 239 1082 238 1082 241 1083 239 1083 240 1083 248 1084 241 1084 240 1084 249 1085 241 1085 248 1085 272 1086 249 1086 248 1086 273 1087 249 1087 272 1087 280 1088 273 1088 272 1088 281 1089 273 1089 280 1089 284 1090 281 1090 280 1090 285 1091 281 1091 284 1091 3962 1092 3998 1092 3997 1092 3961 1093 3962 1093 3997 1093 3929 1094 3962 1094 3961 1094 3928 1095 3929 1095 3961 1095 3916 1096 3929 1096 3928 1096 3915 1097 3916 1097 3928 1097 203 1098 193 1098 192 1098 202 1099 203 1099 192 1099 215 1100 203 1100 202 1100 214 1101 215 1101 202 1101 3912 1102 3916 1102 3915 1102 3911 1103 3912 1103 3915 1103 3908 1104 3912 1104 3911 1104 3907 1105 3908 1105 3911 1105 3904 1106 3908 1106 3907 1106 3903 1107 3904 1107 3907 1107 3900 1108 3904 1108 3903 1108 3899 1109 3900 1109 3903 1109 3896 1110 3900 1110 3899 1110 3895 1111 3896 1111 3899 1111 3892 1112 3896 1112 3895 1112 3891 1113 3892 1113 3895 1113 3890 1114 3892 1114 3891 1114 3889 1115 3890 1115 3891 1115 3894 1116 3890 1116 3889 1116 3893 1117 3894 1117 3889 1117 3898 1118 3894 1118 3893 1118 3897 1119 3898 1119 3893 1119 3902 1120 3898 1120 3897 1120 3901 1121 3902 1121 3897 1121 3906 1122 3902 1122 3901 1122 3905 1123 3906 1123 3901 1123 3910 1124 3906 1124 3905 1124 3909 1125 3910 1125 3905 1125 3914 1126 3910 1126 3909 1126 3913 1127 3914 1127 3909 1127 3918 1128 3914 1128 3913 1128 3917 1129 3918 1129 3913 1129 3922 1130 3918 1130 3917 1130 3921 1131 3922 1131 3917 1131 168 1132 172 1132 169 1132 167 1133 168 1133 169 1133 166 1134 168 1134 167 1134 171 1135 166 1135 167 1135 170 1136 166 1136 171 1136 177 1137 170 1137 171 1137 176 1138 170 1138 177 1138 183 1139 176 1139 177 1139 182 1140 176 1140 183 1140 189 1141 182 1141 183 1141 188 1142 182 1142 189 1142 195 1143 188 1143 189 1143 194 1144 188 1144 195 1144 197 1145 194 1145 195 1145 196 1146 194 1146 197 1146 175 1147 172 1147 168 1147 173 1148 175 1148 168 1148 174 1149 175 1149 173 1149 181 1150 178 1150 180 1150 174 1151 178 1151 181 1151 179 1152 174 1152 181 1152 175 1153 174 1153 179 1153 187 1154 184 1154 186 1154 180 1155 184 1155 187 1155 185 1156 180 1156 187 1156 181 1157 180 1157 185 1157 193 1158 190 1158 192 1158 186 1159 190 1159 193 1159 191 1160 186 1160 193 1160 187 1161 186 1161 191 1161 3922 1162 3921 1162 3930 1162 3931 1163 3922 1163 3930 1163 209 1164 208 1164 196 1164 197 1165 209 1165 196 1165 308 1166 290 1166 309 1166 363 1167 308 1167 309 1167 362 1168 308 1168 363 1168 288 1169 208 1169 209 1169 289 1170 288 1170 209 1170 290 1171 288 1171 289 1171 291 1172 290 1172 289 1172 309 1173 290 1173 291 1173 3934 1174 3931 1174 3930 1174 3933 1175 3934 1175 3930 1175 3938 1176 3934 1176 3933 1176 3937 1177 3938 1177 3933 1177 3940 1178 3938 1178 3937 1178 3939 1179 3940 1179 3937 1179 3958 1180 3940 1180 3939 1180 3957 1181 3958 1181 3939 1181 3970 1182 3958 1182 3957 1182 3969 1183 3970 1183 3957 1183 3978 1184 3970 1184 3969 1184 3977 1185 3978 1185 3969 1185 3991 1186 3978 1186 3977 1186 3990 1187 3991 1187 3977 1187 3994 1188 3991 1188 3990 1188 3993 1189 3994 1189 3990 1189 4006 1190 3994 1190 3993 1190 4005 1191 4006 1191 3993 1191 4026 1192 4006 1192 4005 1192 4025 1193 4026 1193 4005 1193 4050 1194 4026 1194 4025 1194 4049 1195 4050 1195 4025 1195 4059 1196 4050 1196 4049 1196 4058 1197 4059 1197 4049 1197 4066 1198 4059 1198 4058 1198 4065 1199 4066 1199 4058 1199 4076 1200 4066 1200 4065 1200 4075 1201 4076 1201 4065 1201 4084 1202 4076 1202 4075 1202 4083 1203 4084 1203 4075 1203 382 1204 389 1204 388 1204 383 1205 389 1205 382 1205 374 1206 383 1206 382 1206 375 1207 383 1207 374 1207 370 1208 375 1208 374 1208 371 1209 375 1209 370 1209 362 1210 371 1210 370 1210 363 1211 371 1211 362 1211 4139 1212 4084 1212 4083 1212 4138 1213 4139 1213 4083 1213 4201 1214 4139 1214 4138 1214 4200 1215 4201 1215 4138 1215 4219 1216 4201 1216 4200 1216 4218 1217 4219 1217 4200 1217 487 1218 515 1218 514 1218 486 1219 487 1219 514 1219 423 1220 487 1220 486 1220 422 1221 423 1221 486 1221 389 1222 423 1222 422 1222 388 1223 389 1223 422 1223 4264 1224 4219 1224 4218 1224 4265 1225 4219 1225 4264 1225 4278 1226 4265 1226 4264 1226 4279 1227 4265 1227 4278 1227 4292 1228 4279 1228 4278 1228 4293 1229 4279 1229 4292 1229 4318 1230 4293 1230 4292 1230 4319 1231 4293 1231 4318 1231 573 1232 567 1232 566 1232 572 1233 573 1233 566 1233 577 1234 573 1234 572 1234 576 1235 577 1235 572 1235 583 1236 577 1236 576 1236 582 1237 583 1237 576 1237 585 1238 583 1238 582 1238 584 1239 585 1239 582 1239 579 1240 585 1240 584 1240 578 1241 579 1241 584 1241 575 1242 579 1242 578 1242 574 1243 575 1243 578 1243 569 1244 575 1244 574 1244 568 1245 569 1245 574 1245 561 1246 569 1246 568 1246 560 1247 561 1247 568 1247 559 1248 561 1248 560 1248 558 1249 559 1249 560 1249 555 1250 559 1250 558 1250 554 1251 555 1251 558 1251 545 1252 555 1252 554 1252 544 1253 545 1253 554 1253 541 1254 545 1254 544 1254 540 1255 541 1255 544 1255 531 1256 541 1256 540 1256 530 1257 531 1257 540 1257 525 1258 531 1258 530 1258 524 1259 525 1259 530 1259 515 1260 525 1260 524 1260 514 1261 515 1261 524 1261 4497 1262 4496 1262 4524 1262 4525 1263 4497 1263 4524 1263 4380 1264 4450 1264 4381 1264 4319 1265 4380 1265 4381 1265 4318 1266 4380 1266 4319 1266 4452 1267 4496 1267 4497 1267 4453 1268 4452 1268 4497 1268 4450 1269 4452 1269 4453 1269 4451 1270 4450 1270 4453 1270 4381 1271 4450 1271 4451 1271 553 1272 552 1272 566 1272 567 1273 553 1273 566 1273 4550 1274 4553 1274 4551 1274 4549 1275 4550 1275 4551 1275 4548 1276 4550 1276 4549 1276 4547 1277 4548 1277 4549 1277 4546 1278 4548 1278 4547 1278 4545 1279 4546 1279 4547 1279 4544 1280 4546 1280 4545 1280 4533 1281 4544 1281 4545 1281 4532 1282 4544 1282 4533 1282 4531 1283 4532 1283 4533 1283 4530 1284 4532 1284 4531 1284 4529 1285 4530 1285 4531 1285 4528 1286 4530 1286 4529 1286 4525 1287 4528 1287 4529 1287 4524 1288 4528 1288 4525 1288 4555 1289 4553 1289 4550 1289 4552 1290 4555 1290 4550 1290 4554 1291 4555 1291 4552 1291 4559 1292 4556 1292 4558 1292 4554 1293 4556 1293 4559 1293 4557 1294 4554 1294 4559 1294 4555 1295 4554 1295 4557 1295 4567 1296 4562 1296 4566 1296 4558 1297 4562 1297 4567 1297 4563 1298 4558 1298 4567 1298 4559 1299 4558 1299 4563 1299 4571 1300 4569 1300 4570 1300 4566 1301 4569 1301 4571 1301 4568 1302 4566 1302 4571 1302 4567 1303 4566 1303 4568 1303 447 1304 439 1304 438 1304 446 1305 447 1305 438 1305 455 1306 447 1306 446 1306 454 1307 455 1307 446 1307 471 1308 455 1308 454 1308 470 1309 471 1309 454 1309 491 1310 471 1310 470 1310 490 1311 491 1311 470 1311 495 1312 491 1312 490 1312 494 1313 495 1313 490 1313 501 1314 495 1314 494 1314 500 1315 501 1315 494 1315 509 1316 501 1316 500 1316 508 1317 509 1317 500 1317 513 1318 509 1318 508 1318 512 1319 513 1319 508 1319 521 1320 513 1320 512 1320 520 1321 521 1321 512 1321 527 1322 521 1322 520 1322 526 1323 527 1323 520 1323 533 1324 527 1324 526 1324 532 1325 533 1325 526 1325 539 1326 533 1326 532 1326 538 1327 539 1327 532 1327 543 1328 539 1328 538 1328 542 1329 543 1329 538 1329 551 1330 543 1330 542 1330 550 1331 551 1331 542 1331 553 1332 551 1332 550 1332 552 1333 553 1333 550 1333 4584 1334 4604 1334 4605 1334 4585 1335 4584 1335 4605 1335 4570 1336 4584 1336 4585 1336 4571 1337 4570 1337 4585 1337 365 1338 311 1338 310 1338 364 1339 365 1339 310 1339 395 1340 365 1340 364 1340 394 1341 395 1341 364 1341 439 1342 395 1342 394 1342 438 1343 439 1343 394 1343 4604 1344 4609 1344 4605 1344 4613 1345 4609 1345 4604 1345 4613 1346 4604 1346 4608 1346 4612 1347 4613 1347 4608 1347 4617 1348 4613 1348 4612 1348 4619 1349 4617 1349 4612 1349 4619 1350 4612 1350 4616 1350 4618 1351 4619 1351 4616 1351 4623 1352 4619 1352 4618 1352 4625 1353 4623 1353 4618 1353 4631 1354 4624 1354 4628 1354 4625 1355 4618 1355 4622 1355 4624 1356 4625 1356 4622 1356 4629 1357 4625 1357 4624 1357 4631 1358 4629 1358 4624 1358 4631 1359 4628 1359 4630 1359 4636 1360 4631 1360 4630 1360 4637 1361 4631 1361 4636 1361 4638 1362 4637 1362 4636 1362 4639 1363 4637 1363 4638 1363 4632 1364 4639 1364 4638 1364 4633 1365 4639 1365 4632 1365 4626 1366 4633 1366 4632 1366 4627 1367 4633 1367 4626 1367 4620 1368 4627 1368 4626 1368 4621 1369 4627 1369 4620 1369 4614 1370 4621 1370 4620 1370 4615 1371 4621 1371 4614 1371 4606 1372 4615 1372 4614 1372 4607 1373 4615 1373 4606 1373 292 1374 243 1374 242 1374 293 1375 243 1375 292 1375 296 1376 293 1376 292 1376 297 1377 293 1377 296 1377 304 1378 297 1378 296 1378 305 1379 297 1379 304 1379 310 1380 305 1380 304 1380 311 1381 305 1381 310 1381 4537 1382 4536 1382 4535 1382 4580 1383 4536 1383 4537 1383 4580 1384 4537 1384 4581 1384 4607 1385 4580 1385 4581 1385 4606 1386 4580 1386 4607 1386 4535 1387 4536 1387 4534 1387 4516 1388 4535 1388 4534 1388 4517 1389 4535 1389 4516 1389 4492 1390 4517 1390 4516 1390 4493 1391 4517 1391 4492 1391 151 1392 150 1392 155 1392 136 1393 150 1393 151 1393 136 1394 151 1394 137 1394 97 1395 136 1395 137 1395 96 1396 136 1396 97 1396 155 1397 150 1397 154 1397 164 1398 155 1398 154 1398 165 1399 155 1399 164 1399 242 1400 165 1400 164 1400 243 1401 165 1401 242 1401 4486 1402 4493 1402 4492 1402 4487 1403 4493 1403 4486 1403 4480 1404 4487 1404 4486 1404 4481 1405 4487 1405 4480 1405 4470 1406 4481 1406 4480 1406 4471 1407 4481 1407 4470 1407 4456 1408 4471 1408 4470 1408 4457 1409 4471 1409 4456 1409 34 1410 37 1410 35 1410 39 1411 37 1411 34 1411 39 1412 34 1412 36 1412 38 1413 39 1413 36 1413 41 1414 39 1414 38 1414 43 1415 41 1415 38 1415 43 1416 38 1416 40 1416 42 1417 43 1417 40 1417 45 1418 43 1418 42 1418 47 1419 45 1419 42 1419 51 1420 46 1420 48 1420 47 1421 42 1421 44 1421 46 1422 47 1422 44 1422 49 1423 47 1423 46 1423 51 1424 49 1424 46 1424 51 1425 48 1425 50 1425 52 1426 51 1426 50 1426 53 1427 51 1427 52 1427 68 1428 53 1428 52 1428 69 1429 53 1429 68 1429 78 1430 69 1430 68 1430 79 1431 69 1431 78 1431 82 1432 79 1432 78 1432 83 1433 79 1433 82 1433 88 1434 83 1434 82 1434 89 1435 83 1435 88 1435 92 1436 89 1436 88 1436 93 1437 89 1437 92 1437 96 1438 93 1438 92 1438 97 1439 93 1439 96 1439 4395 1440 4457 1440 4456 1440 4394 1441 4395 1441 4456 1441 4361 1442 4395 1442 4394 1442 4360 1443 4361 1443 4394 1443 4313 1444 4361 1444 4360 1444 4312 1445 4313 1445 4360 1445 30 1446 34 1446 35 1446 31 1447 30 1447 35 1447 8 1448 30 1448 31 1448 9 1449 8 1449 31 1449 4297 1450 4313 1450 4312 1450 4296 1451 4297 1451 4312 1451 4291 1452 4297 1452 4296 1452 4290 1453 4291 1453 4296 1453 4285 1454 4291 1454 4290 1454 4284 1455 4285 1455 4290 1455 4281 1456 4285 1456 4284 1456 4280 1457 4281 1457 4284 1457 4275 1458 4281 1458 4280 1458 4274 1459 4275 1459 4280 1459 4273 1460 4275 1460 4274 1460 4272 1461 4273 1461 4274 1461 4269 1462 4273 1462 4272 1462 4268 1463 4269 1463 4272 1463 4263 1464 4269 1464 4268 1464 4262 1465 4263 1465 4268 1465 4245 1466 4263 1466 4262 1466 4244 1467 4245 1467 4262 1467 4237 1468 4245 1468 4244 1468 4236 1469 4237 1469 4244 1469 4233 1470 4237 1470 4236 1470 4232 1471 4233 1471 4236 1471 4241 1472 4233 1472 4232 1472 4240 1473 4241 1473 4232 1473 4249 1474 4241 1474 4240 1474 4248 1475 4249 1475 4240 1475 4267 1476 4249 1476 4248 1476 4266 1477 4267 1477 4248 1477 4271 1478 4267 1478 4266 1478 4270 1479 4271 1479 4266 1479 16 1480 15 1480 17 1480 19 1481 16 1481 17 1481 18 1482 16 1482 19 1482 21 1483 18 1483 19 1483 20 1484 18 1484 21 1484 23 1485 20 1485 21 1485 22 1486 20 1486 23 1486 25 1487 22 1487 23 1487 24 1488 22 1488 25 1488 27 1489 24 1489 25 1489 26 1490 24 1490 27 1490 29 1491 26 1491 27 1491 28 1492 26 1492 29 1492 33 1493 28 1493 29 1493 32 1494 28 1494 33 1494 13 1495 15 1495 16 1495 14 1496 13 1496 16 1496 12 1497 13 1497 14 1497 7 1498 10 1498 6 1498 12 1499 10 1499 7 1499 11 1500 12 1500 7 1500 13 1501 12 1501 11 1501 1 1502 2 1502 0 1502 6 1503 2 1503 1 1503 3 1504 6 1504 1 1504 7 1505 6 1505 3 1505 9 1506 4 1506 8 1506 0 1507 4 1507 9 1507 5 1508 0 1508 9 1508 1 1509 0 1509 5 1509 4271 1510 4270 1510 4282 1510 4283 1511 4271 1511 4282 1511 133 1512 132 1512 32 1512 33 1513 133 1513 32 1513 156 1514 140 1514 157 1514 199 1515 156 1515 157 1515 198 1516 156 1516 199 1516 138 1517 132 1517 133 1517 139 1518 138 1518 133 1518 140 1519 138 1519 139 1519 141 1520 140 1520 139 1520 157 1521 140 1521 141 1521 4287 1522 4283 1522 4282 1522 4286 1523 4287 1523 4282 1523 4289 1524 4287 1524 4286 1524 4288 1525 4289 1525 4286 1525 4295 1526 4289 1526 4288 1526 4294 1527 4295 1527 4288 1527 4303 1528 4295 1528 4294 1528 4302 1529 4303 1529 4294 1529 4321 1530 4303 1530 4302 1530 4320 1531 4321 1531 4302 1531 4327 1532 4321 1532 4320 1532 4326 1533 4327 1533 4320 1533 4337 1534 4327 1534 4326 1534 4336 1535 4337 1535 4326 1535 4347 1536 4337 1536 4336 1536 4346 1537 4347 1537 4336 1537 4355 1538 4347 1538 4346 1538 4354 1539 4355 1539 4346 1539 4365 1540 4355 1540 4354 1540 4364 1541 4365 1541 4354 1541 4373 1542 4365 1542 4364 1542 4372 1543 4373 1543 4364 1543 4379 1544 4373 1544 4372 1544 4378 1545 4379 1545 4372 1545 4385 1546 4379 1546 4378 1546 4384 1547 4385 1547 4378 1547 4391 1548 4385 1548 4384 1548 4390 1549 4391 1549 4384 1549 4407 1550 4391 1550 4390 1550 4406 1551 4407 1551 4390 1551 234 1552 287 1552 286 1552 235 1553 287 1553 234 1553 212 1554 235 1554 234 1554 213 1555 235 1555 212 1555 204 1556 213 1556 212 1556 205 1557 213 1557 204 1557 198 1558 205 1558 204 1558 199 1559 205 1559 198 1559 4469 1560 4407 1560 4406 1560 4468 1561 4469 1561 4406 1561 4499 1562 4469 1562 4468 1562 4498 1563 4499 1563 4468 1563 4523 1564 4499 1564 4498 1564 4522 1565 4523 1565 4498 1565 369 1566 393 1566 392 1566 368 1567 369 1567 392 1567 323 1568 369 1568 368 1568 322 1569 323 1569 368 1569 287 1570 323 1570 322 1570 286 1571 287 1571 322 1571 4526 1572 4523 1572 4522 1572 4527 1573 4523 1573 4526 1573 4564 1574 4527 1574 4526 1574 4565 1575 4527 1575 4564 1575 4576 1576 4565 1576 4564 1576 4577 1577 4565 1577 4576 1577 4582 1578 4577 1578 4576 1578 4583 1579 4577 1579 4582 1579 475 1580 479 1580 478 1580 474 1581 475 1581 478 1581 469 1582 475 1582 474 1582 468 1583 469 1583 474 1583 465 1584 469 1584 468 1584 464 1585 465 1585 468 1585 461 1586 465 1586 464 1586 460 1587 461 1587 464 1587 459 1588 461 1588 460 1588 458 1589 459 1589 460 1589 453 1590 459 1590 458 1590 452 1591 453 1591 458 1591 449 1592 453 1592 452 1592 448 1593 449 1593 452 1593 443 1594 449 1594 448 1594 442 1595 443 1595 448 1595 437 1596 443 1596 442 1596 436 1597 437 1597 442 1597 429 1598 437 1598 436 1598 428 1599 429 1599 436 1599 419 1600 429 1600 428 1600 418 1601 419 1601 428 1601 411 1602 419 1602 418 1602 410 1603 411 1603 418 1603 407 1604 411 1604 410 1604 406 1605 407 1605 410 1605 401 1606 407 1606 406 1606 400 1607 401 1607 406 1607 393 1608 401 1608 400 1608 392 1609 393 1609 400 1609 4741 1610 4740 1610 4752 1610 4753 1611 4741 1611 4752 1611 4676 1612 4722 1612 4677 1612 4583 1613 4676 1613 4677 1613 4582 1614 4676 1614 4583 1614 4724 1615 4740 1615 4741 1615 4725 1616 4724 1616 4741 1616 4722 1617 4724 1617 4725 1617 4723 1618 4722 1618 4725 1618 4677 1619 4722 1619 4723 1619 485 1620 484 1620 478 1620 479 1621 485 1621 478 1621 4766 1622 4769 1622 4767 1622 4765 1623 4766 1623 4767 1623 4764 1624 4766 1624 4765 1624 4763 1625 4764 1625 4765 1625 4762 1626 4764 1626 4763 1626 4761 1627 4762 1627 4763 1627 4760 1628 4762 1628 4761 1628 4759 1629 4760 1629 4761 1629 4758 1630 4760 1630 4759 1630 4757 1631 4758 1631 4759 1631 4756 1632 4758 1632 4757 1632 4755 1633 4756 1633 4757 1633 4754 1634 4756 1634 4755 1634 4753 1635 4754 1635 4755 1635 4752 1636 4754 1636 4753 1636 4771 1637 4769 1637 4766 1637 4768 1638 4771 1638 4766 1638 4770 1639 4771 1639 4768 1639 4775 1640 4773 1640 4774 1640 4770 1641 4773 1641 4775 1641 4772 1642 4770 1642 4775 1642 4771 1643 4770 1643 4772 1643 4779 1644 4776 1644 4778 1644 4774 1645 4776 1645 4779 1645 4777 1646 4774 1646 4779 1646 4775 1647 4774 1647 4777 1647 4783 1648 4780 1648 4782 1648 4778 1649 4780 1649 4783 1649 4781 1650 4778 1650 4783 1650 4779 1651 4778 1651 4781 1651 405 1652 399 1652 398 1652 404 1653 405 1653 398 1653 409 1654 405 1654 404 1654 408 1655 409 1655 404 1655 417 1656 409 1656 408 1656 416 1657 417 1657 408 1657 425 1658 417 1658 416 1658 424 1659 425 1659 416 1659 435 1660 425 1660 424 1660 434 1661 435 1661 424 1661 441 1662 435 1662 434 1662 440 1663 441 1663 434 1663 445 1664 441 1664 440 1664 444 1665 445 1665 440 1665 451 1666 445 1666 444 1666 450 1667 451 1667 444 1667 457 1668 451 1668 450 1668 456 1669 457 1669 450 1669 463 1670 457 1670 456 1670 462 1671 463 1671 456 1671 467 1672 463 1672 462 1672 466 1673 467 1673 462 1673 473 1674 467 1674 466 1674 472 1675 473 1675 466 1675 481 1676 473 1676 472 1676 480 1677 481 1677 472 1677 483 1678 481 1678 480 1678 482 1679 483 1679 480 1679 485 1680 483 1680 482 1680 484 1681 485 1681 482 1681 4784 1682 4812 1682 4813 1682 4785 1683 4784 1683 4813 1683 4782 1684 4784 1684 4785 1684 4783 1685 4782 1685 4785 1685 343 1686 295 1686 294 1686 342 1687 343 1687 294 1687 373 1688 343 1688 342 1688 372 1689 373 1689 342 1689 399 1690 373 1690 372 1690 398 1691 399 1691 372 1691 4812 1692 4819 1692 4813 1692 4823 1693 4819 1693 4812 1693 4823 1694 4812 1694 4818 1694 4822 1695 4823 1695 4818 1695 4827 1696 4823 1696 4822 1696 4829 1697 4827 1697 4822 1697 4829 1698 4822 1698 4826 1698 4828 1699 4829 1699 4826 1699 4825 1700 4829 1700 4828 1700 4821 1701 4825 1701 4828 1701 4811 1702 4820 1702 4816 1702 4821 1703 4828 1703 4824 1703 4820 1704 4821 1704 4824 1704 4817 1705 4821 1705 4820 1705 4811 1706 4817 1706 4820 1706 4811 1707 4816 1707 4810 1707 4808 1708 4811 1708 4810 1708 4809 1709 4811 1709 4808 1709 4806 1710 4809 1710 4808 1710 4807 1711 4809 1711 4806 1711 4802 1712 4807 1712 4806 1712 4803 1713 4807 1713 4802 1713 4798 1714 4803 1714 4802 1714 4799 1715 4803 1715 4798 1715 4796 1716 4799 1716 4798 1716 4797 1717 4799 1717 4796 1717 4792 1718 4797 1718 4796 1718 4793 1719 4797 1719 4792 1719 4788 1720 4793 1720 4792 1720 4789 1721 4793 1721 4788 1721 210 1722 201 1722 200 1722 211 1723 201 1723 210 1723 220 1724 211 1724 210 1724 221 1725 211 1725 220 1725 282 1726 221 1726 220 1726 283 1727 221 1727 282 1727 294 1728 283 1728 282 1728 295 1729 283 1729 294 1729 4737 1730 4736 1730 4735 1730 4748 1731 4736 1731 4737 1731 4748 1732 4737 1732 4749 1732 4789 1733 4748 1733 4749 1733 4788 1734 4748 1734 4789 1734 4735 1735 4736 1735 4734 1735 4720 1736 4735 1736 4734 1736 4721 1737 4735 1737 4720 1737 4682 1738 4721 1738 4720 1738 4683 1739 4721 1739 4682 1739 147 1740 146 1740 149 1740 134 1741 146 1741 147 1741 134 1742 147 1742 135 1742 95 1743 134 1743 135 1743 94 1744 134 1744 95 1744 149 1745 146 1745 148 1745 162 1746 149 1746 148 1746 163 1747 149 1747 162 1747 200 1748 163 1748 162 1748 201 1749 163 1749 200 1749 4672 1750 4683 1750 4682 1750 4673 1751 4683 1751 4672 1751 4662 1752 4673 1752 4672 1752 4663 1753 4673 1753 4662 1753 4600 1754 4663 1754 4662 1754 4601 1755 4663 1755 4600 1755 4588 1756 4601 1756 4600 1756 4589 1757 4601 1757 4588 1757 70 1758 65 1758 71 1758 61 1759 65 1759 70 1759 61 1760 70 1760 64 1760 60 1761 61 1761 64 1761 57 1762 61 1762 60 1762 55 1763 57 1763 60 1763 55 1764 60 1764 56 1764 54 1765 55 1765 56 1765 59 1766 55 1766 54 1766 63 1767 59 1767 54 1767 73 1768 62 1768 67 1768 63 1769 54 1769 58 1769 62 1770 63 1770 58 1770 66 1771 63 1771 62 1771 73 1772 66 1772 62 1772 73 1773 67 1773 72 1773 74 1774 73 1774 72 1774 75 1775 73 1775 74 1775 76 1776 75 1776 74 1776 77 1777 75 1777 76 1777 80 1778 77 1778 76 1778 81 1779 77 1779 80 1779 84 1780 81 1780 80 1780 85 1781 81 1781 84 1781 86 1782 85 1782 84 1782 87 1783 85 1783 86 1783 90 1784 87 1784 86 1784 91 1785 87 1785 90 1785 94 1786 91 1786 90 1786 95 1787 91 1787 94 1787 4541 1788 4589 1788 4588 1788 4540 1789 4541 1789 4588 1789 4511 1790 4541 1790 4540 1790 4510 1791 4511 1791 4540 1791 4485 1792 4511 1792 4510 1792 4484 1793 4485 1793 4510 1793 98 1794 70 1794 71 1794 99 1795 98 1795 71 1795 100 1796 98 1796 99 1796 101 1797 100 1797 99 1797 4479 1798 4485 1798 4484 1798 4478 1799 4479 1799 4484 1799 4475 1800 4479 1800 4478 1800 4474 1801 4475 1801 4478 1801 4467 1802 4475 1802 4474 1802 4466 1803 4467 1803 4474 1803 4459 1804 4467 1804 4466 1804 4458 1805 4459 1805 4466 1805 4449 1806 4459 1806 4458 1806 4448 1807 4449 1807 4458 1807 4443 1808 4449 1808 4448 1808 4442 1809 4443 1809 4448 1809 4439 1810 4443 1810 4442 1810 4438 1811 4439 1811 4442 1811 4433 1812 4439 1812 4438 1812 4432 1813 4433 1813 4438 1813 4427 1814 4433 1814 4432 1814 4426 1815 4427 1815 4432 1815 4421 1816 4427 1816 4426 1816 4420 1817 4421 1817 4426 1817 4417 1818 4421 1818 4420 1818 4416 1819 4417 1819 4420 1819 4411 1820 4417 1820 4416 1820 4410 1821 4411 1821 4416 1821 4403 1822 4411 1822 4410 1822 4402 1823 4403 1823 4410 1823 4401 1824 4403 1824 4402 1824 4400 1825 4401 1825 4402 1825 4399 1826 4401 1826 4400 1826 4398 1827 4399 1827 4400 1827 116 1828 114 1828 117 1828 119 1829 116 1829 117 1829 118 1830 116 1830 119 1830 121 1831 118 1831 119 1831 120 1832 118 1832 121 1832 123 1833 120 1833 121 1833 122 1834 120 1834 123 1834 125 1835 122 1835 123 1835 124 1836 122 1836 125 1836 127 1837 124 1837 125 1837 126 1838 124 1838 127 1838 129 1839 126 1839 127 1839 128 1840 126 1840 129 1840 131 1841 128 1841 129 1841 130 1842 128 1842 131 1842 113 1843 114 1843 116 1843 115 1844 113 1844 116 1844 112 1845 113 1845 115 1845 109 1846 110 1846 108 1846 112 1847 110 1847 109 1847 111 1848 112 1848 109 1848 113 1849 112 1849 111 1849 105 1850 106 1850 104 1850 108 1851 106 1851 105 1851 107 1852 108 1852 105 1852 109 1853 108 1853 107 1853 101 1854 102 1854 100 1854 104 1855 102 1855 101 1855 103 1856 104 1856 101 1856 105 1857 104 1857 103 1857 4399 1858 4398 1858 4404 1858 4405 1859 4399 1859 4404 1859 143 1860 142 1860 130 1860 131 1861 143 1861 130 1861 206 1862 160 1862 207 1862 301 1863 206 1863 207 1863 300 1864 206 1864 301 1864 158 1865 142 1865 143 1865 159 1866 158 1866 143 1866 160 1867 158 1867 159 1867 161 1868 160 1868 159 1868 207 1869 160 1869 161 1869 4409 1870 4405 1870 4404 1870 4408 1871 4409 1871 4404 1871 4415 1872 4409 1872 4408 1872 4414 1873 4415 1873 4408 1873 4419 1874 4415 1874 4414 1874 4418 1875 4419 1875 4414 1875 4423 1876 4419 1876 4418 1876 4422 1877 4423 1877 4418 1877 4425 1878 4423 1878 4422 1878 4424 1879 4425 1879 4422 1879 4431 1880 4425 1880 4424 1880 4430 1881 4431 1881 4424 1881 4435 1882 4431 1882 4430 1882 4434 1883 4435 1883 4430 1883 4441 1884 4435 1884 4434 1884 4440 1885 4441 1885 4434 1885 4447 1886 4441 1886 4440 1886 4446 1887 4447 1887 4440 1887 4455 1888 4447 1888 4446 1888 4454 1889 4455 1889 4446 1889 4465 1890 4455 1890 4454 1890 4464 1891 4465 1891 4454 1891 4473 1892 4465 1892 4464 1892 4472 1893 4473 1893 4464 1893 4477 1894 4473 1894 4472 1894 4476 1895 4477 1895 4472 1895 4483 1896 4477 1896 4476 1896 4482 1897 4483 1897 4476 1897 4491 1898 4483 1898 4482 1898 4490 1899 4491 1899 4482 1899 356 1900 361 1900 360 1900 357 1901 361 1901 356 1901 318 1902 357 1902 356 1902 319 1903 357 1903 318 1903 306 1904 319 1904 318 1904 307 1905 319 1905 306 1905 300 1906 307 1906 306 1906 301 1907 307 1907 300 1907 4515 1908 4491 1908 4490 1908 4514 1909 4515 1909 4490 1909 4561 1910 4515 1910 4514 1910 4560 1911 4561 1911 4514 1911 4597 1912 4561 1912 4560 1912 4596 1913 4597 1913 4560 1913 415 1914 477 1914 476 1914 414 1915 415 1915 476 1915 385 1916 415 1916 414 1916 384 1917 385 1917 414 1917 361 1918 385 1918 384 1918 360 1919 361 1919 384 1919 4648 1920 4597 1920 4596 1920 4649 1921 4597 1921 4648 1921 4670 1922 4649 1922 4648 1922 4671 1923 4649 1923 4670 1923 4678 1924 4671 1924 4670 1924 4679 1925 4671 1925 4678 1925 4684 1926 4679 1926 4678 1926 4685 1927 4679 1927 4684 1927 597 1928 601 1928 600 1928 596 1929 597 1929 600 1929 595 1930 597 1930 596 1930 594 1931 595 1931 596 1931 589 1932 595 1932 594 1932 588 1933 589 1933 594 1933 581 1934 589 1934 588 1934 580 1935 581 1935 588 1935 563 1936 581 1936 580 1936 562 1937 563 1937 580 1937 557 1938 563 1938 562 1938 556 1939 557 1939 562 1939 547 1940 557 1940 556 1940 546 1941 547 1941 556 1941 537 1942 547 1942 546 1942 536 1943 537 1943 546 1943 529 1944 537 1944 536 1944 528 1945 529 1945 536 1945 519 1946 529 1946 528 1946 518 1947 519 1947 528 1947 511 1948 519 1948 518 1948 510 1949 511 1949 518 1949 505 1950 511 1950 510 1950 504 1951 505 1951 510 1951 499 1952 505 1952 504 1952 498 1953 499 1953 504 1953 493 1954 499 1954 498 1954 492 1955 493 1955 498 1955 477 1956 493 1956 492 1956 476 1957 477 1957 492 1957 4751 1958 4750 1958 4850 1958 4851 1959 4751 1959 4850 1959 4726 1960 4742 1960 4727 1960 4685 1961 4726 1961 4727 1961 4684 1962 4726 1962 4685 1962 4744 1963 4750 1963 4751 1963 4745 1964 4744 1964 4751 1964 4742 1965 4744 1965 4745 1965 4743 1966 4742 1966 4745 1966 4727 1967 4742 1967 4743 1967 613 1968 612 1968 600 1968 601 1969 613 1969 600 1969 4866 1970 4869 1970 4867 1970 4865 1971 4866 1971 4867 1971 4864 1972 4866 1972 4865 1972 4863 1973 4864 1973 4865 1973 4862 1974 4864 1974 4863 1974 4861 1975 4862 1975 4863 1975 4860 1976 4862 1976 4861 1976 4859 1977 4860 1977 4861 1977 4858 1978 4860 1978 4859 1978 4857 1979 4858 1979 4859 1979 4856 1980 4858 1980 4857 1980 4855 1981 4856 1981 4857 1981 4854 1982 4856 1982 4855 1982 4851 1983 4854 1983 4855 1983 4850 1984 4854 1984 4851 1984 4871 1985 4869 1985 4866 1985 4868 1986 4871 1986 4866 1986 4870 1987 4871 1987 4868 1987 4877 1988 4873 1988 4876 1988 4870 1989 4873 1989 4877 1989 4872 1990 4870 1990 4877 1990 4871 1991 4870 1991 4872 1991 4883 1992 4880 1992 4882 1992 4876 1993 4880 1993 4883 1993 4881 1994 4876 1994 4883 1994 4877 1995 4876 1995 4881 1995 4875 1996 4878 1996 4874 1996 4882 1997 4878 1997 4875 1997 4879 1998 4882 1998 4875 1998 4883 1999 4882 1999 4879 1999 587 2000 571 2000 570 2000 586 2001 587 2001 570 2001 593 2002 587 2002 586 2002 592 2003 593 2003 586 2003 599 2004 593 2004 592 2004 598 2005 599 2005 592 2005 603 2006 599 2006 598 2006 602 2007 603 2007 598 2007 609 2008 603 2008 602 2008 608 2009 609 2009 602 2009 611 2010 609 2010 608 2010 610 2011 611 2011 608 2011 615 2012 611 2012 610 2012 614 2013 615 2013 610 2013 621 2014 615 2014 614 2014 620 2015 621 2015 614 2015 639 2016 621 2016 620 2016 638 2017 639 2017 620 2017 647 2018 639 2018 638 2018 646 2019 647 2019 638 2019 651 2020 647 2020 646 2020 650 2021 651 2021 646 2021 643 2022 651 2022 650 2022 642 2023 643 2023 650 2023 635 2024 643 2024 642 2024 634 2025 635 2025 642 2025 617 2026 635 2026 634 2026 616 2027 617 2027 634 2027 613 2028 617 2028 616 2028 612 2029 613 2029 616 2029 4852 2030 4848 2030 4849 2030 4853 2031 4852 2031 4849 2031 4874 2032 4852 2032 4853 2032 4875 2033 4874 2033 4853 2033 489 2034 427 2034 426 2034 488 2035 489 2035 426 2035 523 2036 489 2036 488 2036 522 2037 523 2037 488 2037 571 2038 523 2038 522 2038 570 2039 571 2039 522 2039 4848 2040 4847 2040 4849 2040 4845 2041 4847 2041 4848 2041 4845 2042 4848 2042 4846 2042 4844 2043 4845 2043 4846 2043 4843 2044 4845 2044 4844 2044 4841 2045 4843 2045 4844 2045 4841 2046 4844 2046 4842 2046 4840 2047 4841 2047 4842 2047 4839 2048 4841 2048 4840 2048 4837 2049 4839 2049 4840 2049 4833 2050 4836 2050 4835 2050 4837 2051 4840 2051 4838 2051 4836 2052 4837 2052 4838 2052 4834 2053 4837 2053 4836 2053 4833 2054 4834 2054 4836 2054 4833 2055 4835 2055 4832 2055 4830 2056 4833 2056 4832 2056 4831 2057 4833 2057 4830 2057 4814 2058 4831 2058 4830 2058 4815 2059 4831 2059 4814 2059 4804 2060 4815 2060 4814 2060 4805 2061 4815 2061 4804 2061 4800 2062 4805 2062 4804 2062 4801 2063 4805 2063 4800 2063 4794 2064 4801 2064 4800 2064 4795 2065 4801 2065 4794 2065 4790 2066 4795 2066 4794 2066 4791 2067 4795 2067 4790 2067 4786 2068 4791 2068 4790 2068 4787 2069 4791 2069 4786 2069 396 2070 391 2070 390 2070 397 2071 391 2071 396 2071 402 2072 397 2072 396 2072 403 2073 397 2073 402 2073 412 2074 403 2074 402 2074 413 2075 403 2075 412 2075 426 2076 413 2076 412 2076 427 2077 413 2077 426 2077 4733 2078 4732 2078 4729 2078 4746 2079 4732 2079 4733 2079 4746 2080 4733 2080 4747 2080 4787 2081 4746 2081 4747 2081 4786 2082 4746 2082 4787 2082 4729 2083 4732 2083 4728 2083 4718 2084 4729 2084 4728 2084 4719 2085 4729 2085 4718 2085 4640 2086 4719 2086 4718 2086 4641 2087 4719 2087 4640 2087 347 2088 346 2088 349 2088 302 2089 346 2089 347 2089 302 2090 347 2090 303 2090 277 2091 302 2091 303 2091 276 2092 302 2092 277 2092 349 2093 346 2093 348 2093 366 2094 349 2094 348 2094 367 2095 349 2095 366 2095 390 2096 367 2096 366 2096 391 2097 367 2097 390 2097 4590 2098 4641 2098 4640 2098 4591 2099 4641 2099 4590 2099 4586 2100 4591 2100 4590 2100 4587 2101 4591 2101 4586 2101 4578 2102 4587 2102 4586 2102 4579 2103 4587 2103 4578 2103 4572 2104 4579 2104 4578 2104 4573 2105 4579 2105 4572 2105 278 2106 275 2106 279 2106 271 2107 275 2107 278 2107 271 2108 278 2108 274 2108 270 2109 271 2109 274 2109 267 2110 271 2110 270 2110 265 2111 267 2111 270 2111 265 2112 270 2112 266 2112 264 2113 265 2113 266 2113 261 2114 265 2114 264 2114 259 2115 261 2115 264 2115 253 2116 258 2116 255 2116 259 2117 264 2117 260 2117 258 2118 259 2118 260 2118 254 2119 259 2119 258 2119 253 2120 254 2120 258 2120 253 2121 255 2121 252 2121 246 2122 253 2122 252 2122 247 2123 253 2123 246 2123 244 2124 247 2124 246 2124 245 2125 247 2125 244 2125 250 2126 245 2126 244 2126 251 2127 245 2127 250 2127 256 2128 251 2128 250 2128 257 2129 251 2129 256 2129 262 2130 257 2130 256 2130 263 2131 257 2131 262 2131 268 2132 263 2132 262 2132 269 2133 263 2133 268 2133 276 2134 269 2134 268 2134 277 2135 269 2135 276 2135 4519 2136 4573 2136 4572 2136 4518 2137 4519 2137 4572 2137 4489 2138 4519 2138 4518 2138 4488 2139 4489 2139 4518 2139 4445 2140 4489 2140 4488 2140 4444 2141 4445 2141 4488 2141 298 2142 278 2142 279 2142 299 2143 298 2143 279 2143 312 2144 298 2144 299 2144 313 2145 312 2145 299 2145 4437 2146 4445 2146 4444 2146 4436 2147 4437 2147 4444 2147 4429 2148 4437 2148 4436 2148 4428 2149 4429 2149 4436 2149 4413 2150 4429 2150 4428 2150 4412 2151 4413 2151 4428 2151 4393 2152 4413 2152 4412 2152 4392 2153 4393 2153 4412 2153 4389 2154 4393 2154 4392 2154 4388 2155 4389 2155 4392 2155 4383 2156 4389 2156 4388 2156 4382 2157 4383 2157 4388 2157 4375 2158 4383 2158 4382 2158 4374 2159 4375 2159 4382 2159 4371 2160 4375 2160 4374 2160 4370 2161 4371 2161 4374 2161 4363 2162 4371 2162 4370 2162 4362 2163 4363 2163 4370 2163 4357 2164 4363 2164 4362 2164 4356 2165 4357 2165 4362 2165 4351 2166 4357 2166 4356 2166 4350 2167 4351 2167 4356 2167 4345 2168 4351 2168 4350 2168 4344 2169 4345 2169 4350 2169 4341 2170 4345 2170 4344 2170 4340 2171 4341 2171 4344 2171 4333 2172 4341 2172 4340 2172 4332 2173 4333 2173 4340 2173 4331 2174 4333 2174 4332 2174 4330 2175 4331 2175 4332 2175 332 2176 330 2176 333 2176 335 2177 332 2177 333 2177 334 2178 332 2178 335 2178 337 2179 334 2179 335 2179 336 2180 334 2180 337 2180 339 2181 336 2181 337 2181 338 2182 336 2182 339 2182 351 2183 338 2183 339 2183 350 2184 338 2184 351 2184 353 2185 350 2185 351 2185 352 2186 350 2186 353 2186 355 2187 352 2187 353 2187 354 2188 352 2188 355 2188 359 2189 354 2189 355 2189 358 2190 354 2190 359 2190 329 2191 330 2191 332 2191 331 2192 329 2192 332 2192 328 2193 329 2193 331 2193 325 2194 326 2194 324 2194 328 2195 326 2195 325 2195 327 2196 328 2196 325 2196 329 2197 328 2197 327 2197 317 2198 320 2198 316 2198 324 2199 320 2199 317 2199 321 2200 324 2200 317 2200 325 2201 324 2201 321 2201 313 2202 314 2202 312 2202 316 2203 314 2203 313 2203 315 2204 316 2204 313 2204 317 2205 316 2205 315 2205 4331 2206 4330 2206 4316 2206 4317 2207 4331 2207 4316 2207 387 2208 386 2208 358 2208 359 2209 387 2209 358 2209 502 2210 432 2210 503 2210 565 2211 502 2211 503 2211 564 2212 502 2212 565 2212 430 2213 386 2213 387 2213 431 2214 430 2214 387 2214 432 2215 430 2215 431 2215 433 2216 432 2216 431 2216 503 2217 432 2217 433 2217 4311 2218 4317 2218 4316 2218 4310 2219 4311 2219 4316 2219 4307 2220 4311 2220 4310 2220 4306 2221 4307 2221 4310 2221 4301 2222 4307 2222 4306 2222 4300 2223 4301 2223 4306 2223 4299 2224 4301 2224 4300 2224 4298 2225 4299 2225 4300 2225 4305 2226 4299 2226 4298 2226 4304 2227 4305 2227 4298 2227 4309 2228 4305 2228 4304 2228 4308 2229 4309 2229 4304 2229 4315 2230 4309 2230 4308 2230 4314 2231 4315 2231 4308 2231 4323 2232 4315 2232 4314 2232 4322 2233 4323 2233 4314 2233 4325 2234 4323 2234 4322 2234 4324 2235 4325 2235 4322 2235 4329 2236 4325 2236 4324 2236 4328 2237 4329 2237 4324 2237 4339 2238 4329 2238 4328 2238 4338 2239 4339 2239 4328 2239 4343 2240 4339 2240 4338 2240 4342 2241 4343 2241 4338 2241 4353 2242 4343 2242 4342 2242 4352 2243 4353 2243 4342 2243 4359 2244 4353 2244 4352 2244 4358 2245 4359 2245 4352 2245 4369 2246 4359 2246 4358 2246 4368 2247 4369 2247 4358 2247 618 2248 665 2248 664 2248 619 2249 665 2249 618 2249 604 2250 619 2250 618 2250 605 2251 619 2251 604 2251 590 2252 605 2252 604 2252 591 2253 605 2253 590 2253 564 2254 591 2254 590 2254 565 2255 591 2255 564 2255 4397 2256 4369 2256 4368 2256 4396 2257 4397 2257 4368 2257 4461 2258 4397 2258 4396 2258 4460 2259 4461 2259 4396 2259 4495 2260 4461 2260 4460 2260 4494 2261 4495 2261 4460 2261 748 2262 802 2262 801 2262 747 2263 748 2263 801 2263 681 2264 748 2264 747 2264 680 2265 681 2265 747 2265 665 2266 681 2266 680 2266 664 2267 665 2267 680 2267 4500 2268 4495 2268 4494 2268 4501 2269 4495 2269 4500 2269 4508 2270 4501 2270 4500 2270 4509 2271 4501 2271 4508 2271 4512 2272 4509 2272 4508 2272 4513 2273 4509 2273 4512 2273 4520 2274 4513 2274 4512 2274 4521 2275 4513 2275 4520 2275 954 2276 956 2276 955 2276 953 2277 954 2277 955 2277 948 2278 954 2278 953 2278 947 2279 948 2279 953 2279 945 2280 948 2280 947 2280 944 2281 945 2281 947 2281 925 2282 945 2282 944 2282 924 2283 925 2283 944 2283 912 2284 925 2284 924 2284 911 2285 912 2285 924 2285 904 2286 912 2286 911 2286 903 2287 904 2287 911 2287 894 2288 904 2288 903 2288 893 2289 894 2289 903 2289 892 2290 894 2290 893 2290 891 2291 892 2291 893 2291 882 2292 892 2292 891 2292 881 2293 882 2293 891 2293 861 2294 882 2294 881 2294 860 2295 861 2295 881 2295 834 2296 861 2296 860 2296 833 2297 834 2297 860 2297 824 2298 834 2298 833 2298 823 2299 824 2299 833 2299 818 2300 824 2300 823 2300 817 2301 818 2301 823 2301 809 2302 818 2302 817 2302 808 2303 809 2303 817 2303 802 2304 809 2304 808 2304 801 2305 802 2305 808 2305 4675 2306 4674 2306 4686 2306 4687 2307 4675 2307 4686 2307 4574 2308 4592 2308 4575 2308 4521 2309 4574 2309 4575 2309 4520 2310 4574 2310 4521 2310 4594 2311 4674 2311 4675 2311 4595 2312 4594 2312 4675 2312 4592 2313 4594 2313 4595 2313 4593 2314 4592 2314 4595 2314 4575 2315 4592 2315 4593 2315 962 2316 961 2316 955 2316 956 2317 962 2317 955 2317 4714 2318 4711 2318 4715 2318 4717 2319 4714 2319 4715 2319 4716 2320 4714 2320 4717 2320 4713 2321 4716 2321 4717 2321 4712 2322 4716 2322 4713 2322 4707 2323 4712 2323 4713 2323 4706 2324 4712 2324 4707 2324 4701 2325 4706 2325 4707 2325 4700 2326 4706 2326 4701 2326 4695 2327 4700 2327 4701 2327 4694 2328 4700 2328 4695 2328 4689 2329 4694 2329 4695 2329 4688 2330 4694 2330 4689 2330 4687 2331 4688 2331 4689 2331 4686 2332 4688 2332 4687 2332 4709 2333 4711 2333 4714 2333 4710 2334 4709 2334 4714 2334 4708 2335 4709 2335 4710 2335 4703 2336 4704 2336 4702 2336 4708 2337 4704 2337 4703 2337 4705 2338 4708 2338 4703 2338 4709 2339 4708 2339 4705 2339 4697 2340 4698 2340 4696 2340 4702 2341 4698 2341 4697 2341 4699 2342 4702 2342 4697 2342 4703 2343 4702 2343 4699 2343 4691 2344 4692 2344 4690 2344 4696 2345 4692 2345 4691 2345 4693 2346 4696 2346 4691 2346 4697 2347 4696 2347 4693 2347 971 2348 966 2348 965 2348 970 2349 971 2349 965 2349 975 2350 971 2350 970 2350 974 2351 975 2351 970 2351 979 2352 975 2352 974 2352 978 2353 979 2353 974 2353 983 2354 979 2354 978 2354 982 2355 983 2355 978 2355 988 2356 983 2356 982 2356 987 2357 988 2357 982 2357 992 2358 988 2358 987 2358 991 2359 992 2359 987 2359 994 2360 992 2360 991 2360 993 2361 994 2361 991 2361 990 2362 994 2362 993 2362 989 2363 990 2363 993 2363 986 2364 990 2364 989 2364 985 2365 986 2365 989 2365 981 2366 986 2366 985 2366 980 2367 981 2367 985 2367 977 2368 981 2368 980 2368 976 2369 977 2369 980 2369 973 2370 977 2370 976 2370 972 2371 973 2371 976 2371 969 2372 973 2372 972 2372 968 2373 969 2373 972 2373 964 2374 969 2374 968 2374 963 2375 964 2375 968 2375 962 2376 964 2376 963 2376 961 2377 962 2377 963 2377 4680 2378 4668 2378 4669 2378 4681 2379 4680 2379 4669 2379 4690 2380 4680 2380 4681 2380 4691 2381 4690 2381 4681 2381 921 2382 890 2382 889 2382 920 2383 921 2383 889 2383 958 2384 921 2384 920 2384 957 2385 958 2385 920 2385 966 2386 958 2386 957 2386 965 2387 966 2387 957 2387 4668 2388 4667 2388 4669 2388 4665 2389 4667 2389 4668 2389 4665 2390 4668 2390 4666 2390 4664 2391 4665 2391 4666 2391 4661 2392 4665 2392 4664 2392 4659 2393 4661 2393 4664 2393 4659 2394 4664 2394 4660 2394 4658 2395 4659 2395 4660 2395 4656 2396 4659 2396 4658 2396 4655 2397 4656 2397 4658 2397 4651 2398 4654 2398 4653 2398 4655 2399 4658 2399 4657 2399 4654 2400 4655 2400 4657 2400 4652 2401 4655 2401 4654 2401 4651 2402 4652 2402 4654 2402 4651 2403 4653 2403 4650 2403 4646 2404 4651 2404 4650 2404 4647 2405 4651 2405 4646 2405 4644 2406 4647 2406 4646 2406 4645 2407 4647 2407 4644 2407 4642 2408 4645 2408 4644 2408 4643 2409 4645 2409 4642 2409 4634 2410 4643 2410 4642 2410 4635 2411 4643 2411 4634 2411 4610 2412 4635 2412 4634 2412 4611 2413 4635 2413 4610 2413 4602 2414 4611 2414 4610 2414 4603 2415 4611 2415 4602 2415 4598 2416 4603 2416 4602 2416 4599 2417 4603 2417 4598 2417 831 2418 826 2418 825 2418 832 2419 826 2419 831 2419 852 2420 832 2420 831 2420 853 2421 832 2421 852 2421 873 2422 853 2422 852 2422 874 2423 853 2423 873 2423 889 2424 874 2424 873 2424 890 2425 874 2425 889 2425 4507 2426 4506 2426 4503 2426 4538 2427 4506 2427 4507 2427 4538 2428 4507 2428 4539 2428 4599 2429 4538 2429 4539 2429 4598 2430 4538 2430 4599 2430 4503 2431 4506 2431 4502 2431 4462 2432 4503 2432 4502 2432 4463 2433 4503 2433 4462 2433 4386 2434 4463 2434 4462 2434 4387 2435 4463 2435 4386 2435 771 2436 732 2436 731 2436 772 2437 732 2437 771 2437 786 2438 772 2438 771 2438 787 2439 772 2439 786 2439 788 2440 787 2440 786 2440 789 2441 787 2441 788 2441 805 2442 789 2442 788 2442 806 2443 789 2443 805 2443 825 2444 806 2444 805 2444 826 2445 806 2445 825 2445 4376 2446 4387 2446 4386 2446 4377 2447 4387 2447 4376 2447 4366 2448 4377 2448 4376 2448 4367 2449 4377 2449 4366 2449 4348 2450 4367 2450 4366 2450 4349 2451 4367 2451 4348 2451 4334 2452 4349 2452 4348 2452 4335 2453 4349 2453 4334 2453 767 2454 766 2454 768 2454 764 2455 766 2455 767 2455 764 2456 767 2456 765 2456 763 2457 764 2457 765 2457 758 2458 764 2458 763 2458 756 2459 758 2459 763 2459 756 2460 763 2460 757 2460 755 2461 756 2461 757 2461 754 2462 756 2462 755 2462 750 2463 754 2463 755 2463 744 2464 749 2464 746 2464 750 2465 755 2465 753 2465 749 2466 750 2466 753 2466 745 2467 750 2467 749 2467 744 2468 745 2468 749 2468 744 2469 746 2469 743 2469 739 2470 744 2470 743 2470 740 2471 744 2471 739 2471 735 2472 740 2472 739 2472 736 2473 740 2473 735 2473 733 2474 736 2474 735 2474 734 2475 736 2475 733 2475 729 2476 734 2476 733 2476 730 2477 734 2477 729 2477 725 2478 730 2478 729 2478 726 2479 730 2479 725 2479 727 2480 726 2480 725 2480 728 2481 726 2481 727 2481 731 2482 728 2482 727 2482 732 2483 728 2483 731 2483 4277 2484 4335 2484 4334 2484 4276 2485 4277 2485 4334 2485 4215 2486 4277 2486 4276 2486 4214 2487 4215 2487 4276 2487 4189 2488 4215 2488 4214 2488 4188 2489 4189 2489 4214 2489 799 2490 767 2490 768 2490 800 2491 799 2491 768 2491 835 2492 799 2492 800 2492 836 2493 835 2493 800 2493 4169 2494 4189 2494 4188 2494 4168 2495 4169 2495 4188 2495 4127 2496 4169 2496 4168 2496 4126 2497 4127 2497 4168 2497 4108 2498 4127 2498 4126 2498 4107 2499 4108 2499 4126 2499 4102 2500 4108 2500 4107 2500 4101 2501 4102 2501 4107 2501 4092 2502 4102 2502 4101 2502 4091 2503 4092 2503 4101 2503 4089 2504 4092 2504 4091 2504 4088 2505 4089 2505 4091 2505 4082 2506 4089 2506 4088 2506 4081 2507 4082 2507 4088 2507 4074 2508 4082 2508 4081 2508 4073 2509 4074 2509 4081 2509 4064 2510 4074 2510 4073 2510 4063 2511 4064 2511 4073 2511 4061 2512 4064 2512 4063 2512 4060 2513 4061 2513 4063 2513 4054 2514 4061 2514 4060 2514 4053 2515 4054 2515 4060 2515 4038 2516 4054 2516 4053 2516 4037 2517 4038 2517 4053 2517 4022 2518 4038 2518 4037 2518 4021 2519 4022 2519 4037 2519 4008 2520 4022 2520 4021 2520 4007 2521 4008 2521 4021 2521 4000 2522 4008 2522 4007 2522 3999 2523 4000 2523 4007 2523 858 2524 856 2524 859 2524 863 2525 858 2525 859 2525 862 2526 858 2526 863 2526 867 2527 862 2527 863 2527 866 2528 862 2528 867 2528 869 2529 866 2529 867 2529 868 2530 866 2530 869 2530 876 2531 868 2531 869 2531 875 2532 868 2532 876 2532 878 2533 875 2533 876 2533 877 2534 875 2534 878 2534 884 2535 877 2535 878 2535 883 2536 877 2536 884 2536 886 2537 883 2537 884 2537 885 2538 883 2538 886 2538 851 2539 856 2539 858 2539 857 2540 851 2540 858 2540 850 2541 851 2541 857 2541 844 2542 848 2542 843 2542 850 2543 848 2543 844 2543 849 2544 850 2544 844 2544 851 2545 850 2545 849 2545 840 2546 841 2546 839 2546 843 2547 841 2547 840 2547 842 2548 843 2548 840 2548 844 2549 843 2549 842 2549 836 2550 837 2550 835 2550 839 2551 837 2551 836 2551 838 2552 839 2552 836 2552 840 2553 839 2553 838 2553 4000 2554 3999 2554 3975 2554 3976 2555 4000 2555 3975 2555 952 2556 951 2556 885 2556 886 2557 952 2557 885 2557 1011 2558 997 2558 1012 2558 1022 2559 1011 2559 1012 2559 1021 2560 1011 2560 1022 2560 995 2561 951 2561 952 2561 996 2562 995 2562 952 2562 997 2563 995 2563 996 2563 998 2564 997 2564 996 2564 1012 2565 997 2565 998 2565 3972 2566 3976 2566 3975 2566 3971 2567 3972 2567 3975 2567 3966 2568 3972 2568 3971 2568 3965 2569 3966 2569 3971 2569 3960 2570 3966 2570 3965 2570 3959 2571 3960 2571 3965 2571 3954 2572 3960 2572 3959 2572 3953 2573 3954 2573 3959 2573 3950 2574 3954 2574 3953 2574 3949 2575 3950 2575 3953 2575 3946 2576 3950 2576 3949 2576 3945 2577 3946 2577 3949 2577 3942 2578 3946 2578 3945 2578 3941 2579 3942 2579 3945 2579 3944 2580 3942 2580 3941 2580 3943 2581 3944 2581 3941 2581 3948 2582 3944 2582 3943 2582 3947 2583 3948 2583 3943 2583 3952 2584 3948 2584 3947 2584 3951 2585 3952 2585 3947 2585 3956 2586 3952 2586 3951 2586 3955 2587 3956 2587 3951 2587 3964 2588 3956 2588 3955 2588 3963 2589 3964 2589 3955 2589 3968 2590 3964 2590 3963 2590 3967 2591 3968 2591 3963 2591 3974 2592 3968 2592 3967 2592 3973 2593 3974 2593 3967 2593 3980 2594 3974 2594 3973 2594 3979 2595 3980 2595 3973 2595 1031 2596 1035 2596 1034 2596 1032 2597 1035 2597 1031 2597 1029 2598 1032 2598 1031 2598 1030 2599 1032 2599 1029 2599 1025 2600 1030 2600 1029 2600 1026 2601 1030 2601 1025 2601 1021 2602 1026 2602 1025 2602 1022 2603 1026 2603 1021 2603 4016 2604 3980 2604 3979 2604 4015 2605 4016 2605 3979 2605 4068 2606 4016 2606 4015 2606 4067 2607 4068 2607 4015 2607 4094 2608 4068 2608 4067 2608 4093 2609 4094 2609 4067 2609 1056 2610 1069 2610 1068 2610 1055 2611 1056 2611 1068 2611 1042 2612 1056 2612 1055 2612 1041 2613 1042 2613 1055 2613 1035 2614 1042 2614 1041 2614 1034 2615 1035 2615 1041 2615 4104 2616 4094 2616 4093 2616 4105 2617 4094 2617 4104 2617 4114 2618 4105 2618 4104 2618 4115 2619 4105 2619 4114 2619 4144 2620 4115 2620 4114 2620 4145 2621 4115 2621 4144 2621 4170 2622 4145 2622 4144 2622 4171 2623 4145 2623 4170 2623 1218 2624 1247 2624 1246 2624 1217 2625 1218 2625 1246 2625 1200 2626 1218 2626 1217 2626 1199 2627 1200 2627 1217 2627 1189 2628 1200 2628 1199 2628 1188 2629 1189 2629 1199 2629 1181 2630 1189 2630 1188 2630 1180 2631 1181 2631 1188 2631 1173 2632 1181 2632 1180 2632 1172 2633 1173 2633 1180 2633 1165 2634 1173 2634 1172 2634 1164 2635 1165 2635 1172 2635 1151 2636 1165 2636 1164 2636 1150 2637 1151 2637 1164 2637 1146 2638 1151 2638 1150 2638 1145 2639 1146 2639 1150 2639 1144 2640 1146 2640 1145 2640 1143 2641 1144 2641 1145 2641 1136 2642 1144 2642 1143 2642 1135 2643 1136 2643 1143 2643 1126 2644 1136 2644 1135 2644 1125 2645 1126 2645 1135 2645 1118 2646 1126 2646 1125 2646 1117 2647 1118 2647 1125 2647 1092 2648 1118 2648 1117 2648 1091 2649 1092 2649 1117 2649 1072 2650 1092 2650 1091 2650 1071 2651 1072 2651 1091 2651 1069 2652 1072 2652 1071 2652 1068 2653 1069 2653 1071 2653 4217 2654 4216 2654 4250 2654 4251 2655 4217 2655 4250 2655 4198 2656 4210 2656 4199 2656 4171 2657 4198 2657 4199 2657 4170 2658 4198 2658 4171 2658 4212 2659 4216 2659 4217 2659 4213 2660 4212 2660 4217 2660 4210 2661 4212 2661 4213 2661 4211 2662 4210 2662 4213 2662 4199 2663 4210 2663 4211 2663 1327 2664 1326 2664 1246 2664 1247 2665 1327 2665 1246 2665 4242 2666 4238 2666 4243 2666 4247 2667 4242 2667 4243 2667 4246 2668 4242 2668 4247 2668 4253 2669 4246 2669 4247 2669 4252 2670 4246 2670 4253 2670 4257 2671 4252 2671 4253 2671 4256 2672 4252 2672 4257 2672 4261 2673 4256 2673 4257 2673 4260 2674 4256 2674 4261 2674 4259 2675 4260 2675 4261 2675 4258 2676 4260 2676 4259 2676 4255 2677 4258 2677 4259 2677 4254 2678 4258 2678 4255 2678 4251 2679 4254 2679 4255 2679 4250 2680 4254 2680 4251 2680 4235 2681 4238 2681 4242 2681 4239 2682 4235 2682 4242 2682 4234 2683 4235 2683 4239 2683 4229 2684 4231 2684 4228 2684 4234 2685 4231 2685 4229 2685 4230 2686 4234 2686 4229 2686 4235 2687 4234 2687 4230 2687 4225 2688 4226 2688 4224 2688 4228 2689 4226 2689 4225 2689 4227 2690 4228 2690 4225 2690 4229 2691 4228 2691 4227 2691 4221 2692 4222 2692 4220 2692 4224 2693 4222 2693 4221 2693 4223 2694 4224 2694 4221 2694 4225 2695 4224 2695 4223 2695 1374 2696 1370 2696 1369 2696 1373 2697 1374 2697 1369 2697 1378 2698 1374 2698 1373 2698 1377 2699 1378 2699 1373 2699 1382 2700 1378 2700 1377 2700 1381 2701 1382 2701 1377 2701 1380 2702 1382 2702 1381 2702 1379 2703 1380 2703 1381 2703 1376 2704 1380 2704 1379 2704 1375 2705 1376 2705 1379 2705 1372 2706 1376 2706 1375 2706 1371 2707 1372 2707 1375 2707 1366 2708 1372 2708 1371 2708 1365 2709 1366 2709 1371 2709 1363 2710 1366 2710 1365 2710 1362 2711 1363 2711 1365 2711 1361 2712 1363 2712 1362 2712 1360 2713 1361 2713 1362 2713 1355 2714 1361 2714 1360 2714 1354 2715 1355 2715 1360 2715 1347 2716 1355 2716 1354 2716 1346 2717 1347 2717 1354 2717 1343 2718 1347 2718 1346 2718 1342 2719 1343 2719 1346 2719 1338 2720 1343 2720 1342 2720 1337 2721 1338 2721 1342 2721 1332 2722 1338 2722 1337 2722 1331 2723 1332 2723 1337 2723 1327 2724 1332 2724 1331 2724 1326 2725 1327 2725 1331 2725 4206 2726 4192 2726 4193 2726 4207 2727 4206 2727 4193 2727 4220 2728 4206 2728 4207 2728 4221 2729 4220 2729 4207 2729 1336 2730 1320 2730 1319 2730 1335 2731 1336 2731 1319 2731 1351 2732 1336 2732 1335 2732 1350 2733 1351 2733 1335 2733 1370 2734 1351 2734 1350 2734 1369 2735 1370 2735 1350 2735 4192 2736 4191 2736 4193 2736 4187 2737 4191 2737 4192 2737 4187 2738 4192 2738 4190 2738 4186 2739 4187 2739 4190 2739 4185 2740 4187 2740 4186 2740 4183 2741 4185 2741 4186 2741 4183 2742 4186 2742 4184 2742 4182 2743 4183 2743 4184 2743 4181 2744 4183 2744 4182 2744 4179 2745 4181 2745 4182 2745 4175 2746 4178 2746 4177 2746 4179 2747 4182 2747 4180 2747 4178 2748 4179 2748 4180 2748 4176 2749 4179 2749 4178 2749 4175 2750 4176 2750 4178 2750 4175 2751 4177 2751 4174 2751 4172 2752 4175 2752 4174 2752 4173 2753 4175 2753 4172 2753 4166 2754 4173 2754 4172 2754 4167 2755 4173 2755 4166 2755 4164 2756 4167 2756 4166 2756 4165 2757 4167 2757 4164 2757 4162 2758 4165 2758 4164 2758 4163 2759 4165 2759 4162 2759 4148 2760 4163 2760 4162 2760 4149 2761 4163 2761 4148 2761 4134 2762 4149 2762 4148 2762 4135 2763 4149 2763 4134 2763 4124 2764 4135 2764 4134 2764 4125 2765 4135 2765 4124 2765 1284 2766 1272 2766 1271 2766 1285 2767 1272 2767 1284 2767 1302 2768 1285 2768 1284 2768 1303 2769 1285 2769 1302 2769 1314 2770 1303 2770 1302 2770 1315 2771 1303 2771 1314 2771 1319 2772 1315 2772 1314 2772 1320 2773 1315 2773 1319 2773 3989 2774 3988 2774 3985 2774 4069 2775 3988 2775 3989 2775 4069 2776 3989 2776 4070 2776 4125 2777 4069 2777 4070 2777 4124 2778 4069 2778 4125 2778 3985 2779 3988 2779 3984 2779 3926 2780 3985 2780 3984 2780 3927 2781 3985 2781 3926 2781 3883 2782 3927 2782 3926 2782 3884 2783 3927 2783 3883 2783 1233 2784 1232 2784 1235 2784 1240 2785 1232 2785 1233 2785 1240 2786 1233 2786 1241 2786 1259 2787 1240 2787 1241 2787 1258 2788 1240 2788 1259 2788 1235 2789 1232 2789 1234 2789 1244 2790 1235 2790 1234 2790 1245 2791 1235 2791 1244 2791 1271 2792 1245 2792 1244 2792 1272 2793 1245 2793 1271 2793 3880 2794 3884 2794 3883 2794 3881 2795 3884 2795 3880 2795 3877 2796 3881 2796 3880 2796 3878 2797 3881 2797 3877 2797 3875 2798 3878 2798 3877 2798 3876 2799 3878 2799 3875 2799 3869 2800 3876 2800 3875 2800 3870 2801 3876 2801 3869 2801 1311 2802 1310 2802 1312 2802 1308 2803 1310 2803 1311 2803 1308 2804 1311 2804 1309 2804 1307 2805 1308 2805 1309 2805 1305 2806 1308 2806 1307 2806 1301 2807 1305 2807 1307 2807 1301 2808 1307 2808 1304 2808 1300 2809 1301 2809 1304 2809 1298 2810 1301 2810 1300 2810 1295 2811 1298 2811 1300 2811 1287 2812 1294 2812 1292 2812 1295 2813 1300 2813 1297 2813 1294 2814 1295 2814 1297 2814 1291 2815 1295 2815 1294 2815 1287 2816 1291 2816 1294 2816 1287 2817 1292 2817 1286 2817 1282 2818 1287 2818 1286 2818 1283 2819 1287 2819 1282 2819 1278 2820 1283 2820 1282 2820 1279 2821 1283 2821 1278 2821 1273 2822 1279 2822 1278 2822 1274 2823 1279 2823 1273 2823 1269 2824 1274 2824 1273 2824 1270 2825 1274 2825 1269 2825 1266 2826 1270 2826 1269 2826 1267 2827 1270 2827 1266 2827 1261 2828 1267 2828 1266 2828 1262 2829 1267 2829 1261 2829 1258 2830 1262 2830 1261 2830 1259 2831 1262 2831 1258 2831 3866 2832 3870 2832 3869 2832 3865 2833 3866 2833 3869 2833 3858 2834 3866 2834 3865 2834 3857 2835 3858 2835 3865 2835 3846 2836 3858 2836 3857 2836 3845 2837 3846 2837 3857 2837 1356 2838 1311 2838 1312 2838 1357 2839 1356 2839 1312 2839 1398 2840 1356 2840 1357 2840 1399 2841 1398 2841 1357 2841 3844 2842 3846 2842 3845 2842 3843 2843 3844 2843 3845 2843 3840 2844 3844 2844 3843 2844 3839 2845 3840 2845 3843 2845 3837 2846 3840 2846 3839 2846 3836 2847 3837 2847 3839 2847 3835 2848 3837 2848 3836 2848 3834 2849 3835 2849 3836 2849 3833 2850 3835 2850 3834 2850 3832 2851 3833 2851 3834 2851 3828 2852 3833 2852 3832 2852 3827 2853 3828 2853 3832 2853 3826 2854 3828 2854 3827 2854 3825 2855 3826 2855 3827 2855 3824 2856 3826 2856 3825 2856 3823 2857 3824 2857 3825 2857 3820 2858 3824 2858 3823 2858 3819 2859 3820 2859 3823 2859 3818 2860 3820 2860 3819 2860 3817 2861 3818 2861 3819 2861 3812 2862 3818 2862 3817 2862 3811 2863 3812 2863 3817 2863 3788 2864 3812 2864 3811 2864 3787 2865 3788 2865 3811 2865 3762 2866 3788 2866 3787 2866 3761 2867 3762 2867 3787 2867 3754 2868 3762 2868 3761 2868 3753 2869 3754 2869 3761 2869 3749 2870 3754 2870 3753 2870 3748 2871 3749 2871 3753 2871 1415 2872 1413 2872 1416 2872 1418 2873 1415 2873 1416 2873 1417 2874 1415 2874 1418 2874 1421 2875 1417 2875 1418 2875 1420 2876 1417 2876 1421 2876 1424 2877 1420 2877 1421 2877 1423 2878 1420 2878 1424 2878 1427 2879 1423 2879 1424 2879 1426 2880 1423 2880 1427 2880 1429 2881 1426 2881 1427 2881 1428 2882 1426 2882 1429 2882 1431 2883 1428 2883 1429 2883 1430 2884 1428 2884 1431 2884 1434 2885 1430 2885 1431 2885 1433 2886 1430 2886 1434 2886 1412 2887 1413 2887 1415 2887 1414 2888 1412 2888 1415 2888 1411 2889 1412 2889 1414 2889 1408 2890 1409 2890 1407 2890 1411 2891 1409 2891 1408 2891 1410 2892 1411 2892 1408 2892 1412 2893 1411 2893 1410 2893 1403 2894 1404 2894 1402 2894 1407 2895 1404 2895 1403 2895 1405 2896 1407 2896 1403 2896 1408 2897 1407 2897 1405 2897 1399 2898 1400 2898 1398 2898 1402 2899 1400 2899 1399 2899 1401 2900 1402 2900 1399 2900 1403 2901 1402 2901 1401 2901 3749 2902 3748 2902 3726 2902 3727 2903 3749 2903 3726 2903 1450 2904 1449 2904 1433 2904 1434 2905 1450 2905 1433 2905 1484 2906 1472 2906 1485 2906 1502 2907 1484 2907 1485 2907 1501 2908 1484 2908 1502 2908 1470 2909 1449 2909 1450 2909 1471 2910 1470 2910 1450 2910 1472 2911 1470 2911 1471 2911 1473 2912 1472 2912 1471 2912 1485 2913 1472 2913 1473 2913 3719 2914 3727 2914 3726 2914 3718 2915 3719 2915 3726 2915 3715 2916 3719 2916 3718 2916 3714 2917 3715 2917 3718 2917 3711 2918 3715 2918 3714 2918 3710 2919 3711 2919 3714 2919 3703 2920 3711 2920 3710 2920 3702 2921 3703 2921 3710 2921 3701 2922 3703 2922 3702 2922 3700 2923 3701 2923 3702 2923 3694 2924 3701 2924 3700 2924 3693 2925 3694 2925 3700 2925 3691 2926 3694 2926 3693 2926 3690 2927 3691 2927 3693 2927 3687 2928 3691 2928 3690 2928 3686 2929 3687 2929 3690 2929 3681 2930 3687 2930 3686 2930 3680 2931 3681 2931 3686 2931 3677 2932 3681 2932 3680 2932 3676 2933 3677 2933 3680 2933 3673 2934 3677 2934 3676 2934 3672 2935 3673 2935 3676 2935 3675 2936 3673 2936 3672 2936 3674 2937 3675 2937 3672 2937 3679 2938 3675 2938 3674 2938 3678 2939 3679 2939 3674 2939 3683 2940 3679 2940 3678 2940 3682 2941 3683 2941 3678 2941 3689 2942 3683 2942 3682 2942 3688 2943 3689 2943 3682 2943 1519 2944 1524 2944 1523 2944 1520 2945 1524 2945 1519 2945 1514 2946 1520 2946 1519 2946 1515 2947 1520 2947 1514 2947 1508 2948 1515 2948 1514 2948 1509 2949 1515 2949 1508 2949 1501 2950 1509 2950 1508 2950 1502 2951 1509 2951 1501 2951 3708 2952 3689 2952 3688 2952 3707 2953 3708 2953 3688 2953 3725 2954 3708 2954 3707 2954 3724 2955 3725 2955 3707 2955 3743 2956 3725 2956 3724 2956 3742 2957 3743 2957 3724 2957 1545 2958 1557 2958 1556 2958 1544 2959 1545 2959 1556 2959 1534 2960 1545 2960 1544 2960 1533 2961 1534 2961 1544 2961 1524 2962 1534 2962 1533 2962 1523 2963 1524 2963 1533 2963 3744 2964 3743 2964 3742 2964 3745 2965 3743 2965 3744 2965 3750 2966 3745 2966 3744 2966 3751 2967 3745 2967 3750 2967 3755 2968 3751 2968 3750 2968 3756 2969 3751 2969 3755 2969 3759 2970 3756 2970 3755 2970 3760 2971 3756 2971 3759 2971 1636 2972 1646 2972 1645 2972 1635 2973 1636 2973 1645 2973 1619 2974 1636 2974 1635 2974 1618 2975 1619 2975 1635 2975 1613 2976 1619 2976 1618 2976 1612 2977 1613 2977 1618 2977 1607 2978 1613 2978 1612 2978 1606 2979 1607 2979 1612 2979 1602 2980 1607 2980 1606 2980 1601 2981 1602 2981 1606 2981 1596 2982 1602 2982 1601 2982 1595 2983 1596 2983 1601 2983 1591 2984 1596 2984 1595 2984 1590 2985 1591 2985 1595 2985 1584 2986 1591 2986 1590 2986 1583 2987 1584 2987 1590 2987 1581 2988 1584 2988 1583 2988 1580 2989 1581 2989 1583 2989 1578 2990 1581 2990 1580 2990 1577 2991 1578 2991 1580 2991 1574 2992 1578 2992 1577 2992 1573 2993 1574 2993 1577 2993 1569 2994 1574 2994 1573 2994 1568 2995 1569 2995 1573 2995 1563 2996 1569 2996 1568 2996 1562 2997 1563 2997 1568 2997 1559 2998 1563 2998 1562 2998 1558 2999 1559 2999 1562 2999 1557 3000 1559 3000 1558 3000 1556 3001 1557 3001 1558 3001 3810 3002 3809 3002 3801 3002 3802 3003 3810 3003 3801 3003 3783 3004 3805 3004 3784 3004 3760 3005 3783 3005 3784 3005 3759 3006 3783 3006 3760 3006 3807 3007 3809 3007 3810 3007 3808 3008 3807 3008 3810 3008 3805 3009 3807 3009 3808 3009 3806 3010 3805 3010 3808 3010 3784 3011 3805 3011 3806 3011 1672 3012 1671 3012 1645 3012 1646 3013 1672 3013 1645 3013 3781 3014 3779 3014 3782 3014 3786 3015 3781 3015 3782 3015 3785 3016 3781 3016 3786 3016 3790 3017 3785 3017 3786 3017 3789 3018 3785 3018 3790 3018 3794 3019 3789 3019 3790 3019 3793 3020 3789 3020 3794 3020 3796 3021 3793 3021 3794 3021 3795 3022 3793 3022 3796 3022 3798 3023 3795 3023 3796 3023 3797 3024 3795 3024 3798 3024 3800 3025 3797 3025 3798 3025 3799 3026 3797 3026 3800 3026 3802 3027 3799 3027 3800 3027 3801 3028 3799 3028 3802 3028 3778 3029 3779 3029 3781 3029 3780 3030 3778 3030 3781 3030 3777 3031 3778 3031 3780 3031 3774 3032 3775 3032 3773 3032 3777 3033 3775 3033 3774 3033 3776 3034 3777 3034 3774 3034 3778 3035 3777 3035 3776 3035 3770 3036 3771 3036 3769 3036 3773 3037 3771 3037 3770 3037 3772 3038 3773 3038 3770 3038 3774 3039 3773 3039 3772 3039 3764 3040 3767 3040 3763 3040 3769 3041 3767 3041 3764 3041 3768 3042 3769 3042 3764 3042 3770 3043 3769 3043 3768 3043 1760 3044 1762 3044 1761 3044 1759 3045 1760 3045 1761 3045 1756 3046 1760 3046 1759 3046 1755 3047 1756 3047 1759 3047 1752 3048 1756 3048 1755 3048 1751 3049 1752 3049 1755 3049 1750 3050 1752 3050 1751 3050 1749 3051 1750 3051 1751 3051 1738 3052 1750 3052 1749 3052 1737 3053 1738 3053 1749 3053 1735 3054 1738 3054 1737 3054 1734 3055 1735 3055 1737 3055 1733 3056 1735 3056 1734 3056 1732 3057 1733 3057 1734 3057 1729 3058 1733 3058 1732 3058 1728 3059 1729 3059 1732 3059 1727 3060 1729 3060 1728 3060 1726 3061 1727 3061 1728 3061 1725 3062 1727 3062 1726 3062 1724 3063 1725 3063 1726 3063 1718 3064 1725 3064 1724 3064 1717 3065 1718 3065 1724 3065 1715 3066 1718 3066 1717 3066 1714 3067 1715 3067 1717 3067 1697 3068 1715 3068 1714 3068 1696 3069 1697 3069 1714 3069 1678 3070 1697 3070 1696 3070 1677 3071 1678 3071 1696 3071 1672 3072 1678 3072 1677 3072 1671 3073 1672 3073 1677 3073 3728 3074 3669 3074 3670 3074 3729 3075 3728 3075 3670 3075 3763 3076 3728 3076 3729 3076 3764 3077 3763 3077 3729 3077 1758 3078 1748 3078 1747 3078 1757 3079 1758 3079 1747 3079 1764 3080 1758 3080 1757 3080 1763 3081 1764 3081 1757 3081 1762 3082 1764 3082 1763 3082 1761 3083 1762 3083 1763 3083 3669 3084 3666 3084 3670 3084 3664 3085 3666 3085 3669 3085 3664 3086 3669 3086 3665 3086 3663 3087 3664 3087 3665 3087 3662 3088 3664 3088 3663 3088 3660 3089 3662 3089 3663 3089 3660 3090 3663 3090 3661 3090 3659 3091 3660 3091 3661 3091 3657 3092 3660 3092 3659 3092 3649 3093 3657 3093 3659 3093 3643 3094 3648 3094 3647 3094 3649 3095 3659 3095 3656 3095 3648 3096 3649 3096 3656 3096 3646 3097 3649 3097 3648 3097 3643 3098 3646 3098 3648 3098 3643 3099 3647 3099 3642 3099 3634 3100 3643 3100 3642 3100 3635 3101 3643 3101 3634 3101 3632 3102 3635 3102 3634 3102 3633 3103 3635 3103 3632 3103 3627 3104 3633 3104 3632 3104 3628 3105 3633 3105 3627 3105 3619 3106 3628 3106 3627 3106 3620 3107 3628 3107 3619 3107 3607 3108 3620 3108 3619 3108 3608 3109 3620 3109 3607 3109 3601 3110 3608 3110 3607 3110 3602 3111 3608 3111 3601 3111 3592 3112 3602 3112 3601 3112 3593 3113 3602 3113 3592 3113 1741 3114 1746 3114 1745 3114 1742 3115 1746 3115 1741 3115 1739 3116 1742 3116 1741 3116 1740 3117 1742 3117 1739 3117 1743 3118 1740 3118 1739 3118 1744 3119 1740 3119 1743 3119 1747 3120 1744 3120 1743 3120 1748 3121 1744 3121 1747 3121 3495 3122 3494 3122 3492 3122 3534 3123 3494 3123 3495 3123 3534 3124 3495 3124 3535 3124 3593 3125 3534 3125 3535 3125 3592 3126 3534 3126 3593 3126 3492 3127 3494 3127 3491 3127 3442 3128 3492 3128 3491 3128 3443 3129 3492 3129 3442 3129 3430 3130 3443 3130 3442 3130 3431 3131 3443 3131 3430 3131 1774 3132 1773 3132 1772 3132 1778 3133 1773 3133 1774 3133 1778 3134 1774 3134 1779 3134 1806 3135 1778 3135 1779 3135 1805 3136 1778 3136 1806 3136 1772 3137 1773 3137 1771 3137 1765 3138 1772 3138 1771 3138 1766 3139 1772 3139 1765 3139 1745 3140 1766 3140 1765 3140 1746 3141 1766 3141 1745 3141 3427 3142 3431 3142 3430 3142 3428 3143 3431 3143 3427 3143 3423 3144 3428 3144 3427 3144 3424 3145 3428 3145 3423 3145 3420 3146 3424 3146 3423 3146 3421 3147 3424 3147 3420 3147 3411 3148 3421 3148 3420 3148 3412 3149 3421 3149 3411 3149 1847 3150 1846 3150 1848 3150 1844 3151 1846 3151 1847 3151 1844 3152 1847 3152 1845 3152 1843 3153 1844 3153 1845 3153 1842 3154 1844 3154 1843 3154 1839 3155 1842 3155 1843 3155 1839 3156 1843 3156 1841 3156 1838 3157 1839 3157 1841 3157 1837 3158 1839 3158 1838 3158 1835 3159 1837 3159 1838 3159 1830 3160 1834 3160 1832 3160 1835 3161 1838 3161 1836 3161 1834 3162 1835 3162 1836 3162 1831 3163 1835 3163 1834 3163 1830 3164 1831 3164 1834 3164 1830 3165 1832 3165 1829 3165 1827 3166 1830 3166 1829 3166 1828 3167 1830 3167 1827 3167 1823 3168 1828 3168 1827 3168 1824 3169 1828 3169 1823 3169 1819 3170 1824 3170 1823 3170 1820 3171 1824 3171 1819 3171 1815 3172 1820 3172 1819 3172 1816 3173 1820 3173 1815 3173 1811 3174 1816 3174 1815 3174 1812 3175 1816 3175 1811 3175 1809 3176 1812 3176 1811 3176 1810 3177 1812 3177 1809 3177 1805 3178 1810 3178 1809 3178 1806 3179 1810 3179 1805 3179 3408 3180 3412 3180 3411 3180 3407 3181 3408 3181 3411 3181 3395 3182 3408 3182 3407 3182 3394 3183 3395 3183 3407 3183 3389 3184 3395 3184 3394 3184 3388 3185 3389 3185 3394 3185 1862 3186 1847 3186 1848 3186 1863 3187 1862 3187 1848 3187 1877 3188 1862 3188 1863 3188 1878 3189 1877 3189 1863 3189 3386 3190 3389 3190 3388 3190 3385 3191 3386 3191 3388 3191 3382 3192 3386 3192 3385 3192 3381 3193 3382 3193 3385 3193 3375 3194 3382 3194 3381 3194 3374 3195 3375 3195 3381 3195 3371 3196 3375 3196 3374 3196 3370 3197 3371 3197 3374 3197 3365 3198 3371 3198 3370 3198 3364 3199 3365 3199 3370 3199 3360 3200 3365 3200 3364 3200 3359 3201 3360 3201 3364 3201 3354 3202 3360 3202 3359 3202 3353 3203 3354 3203 3359 3203 3345 3204 3354 3204 3353 3204 3344 3205 3345 3205 3353 3205 3340 3206 3345 3206 3344 3206 3339 3207 3340 3207 3344 3207 3336 3208 3340 3208 3339 3208 3335 3209 3336 3209 3339 3209 3321 3210 3336 3210 3335 3210 3320 3211 3321 3211 3335 3211 3314 3212 3321 3212 3320 3212 3313 3213 3314 3213 3320 3213 3307 3214 3314 3214 3313 3214 3306 3215 3307 3215 3313 3215 3296 3216 3307 3216 3306 3216 3295 3217 3296 3217 3306 3217 3289 3218 3296 3218 3295 3218 3288 3219 3289 3219 3295 3219 1894 3220 1892 3220 1895 3220 1897 3221 1894 3221 1895 3221 1896 3222 1894 3222 1897 3222 1899 3223 1896 3223 1897 3223 1898 3224 1896 3224 1899 3224 1901 3225 1898 3225 1899 3225 1900 3226 1898 3226 1901 3226 1903 3227 1900 3227 1901 3227 1902 3228 1900 3228 1903 3228 1906 3229 1902 3229 1903 3229 1905 3230 1902 3230 1906 3230 1908 3231 1905 3231 1906 3231 1907 3232 1905 3232 1908 3232 1910 3233 1907 3233 1908 3233 1909 3234 1907 3234 1910 3234 1891 3235 1892 3235 1894 3235 1893 3236 1891 3236 1894 3236 1890 3237 1891 3237 1893 3237 1887 3238 1888 3238 1886 3238 1890 3239 1888 3239 1887 3239 1889 3240 1890 3240 1887 3240 1891 3241 1890 3241 1889 3241 1883 3242 1884 3242 1882 3242 1886 3243 1884 3243 1883 3243 1885 3244 1886 3244 1883 3244 1887 3245 1886 3245 1885 3245 1878 3246 1880 3246 1877 3246 1882 3247 1880 3247 1878 3247 1881 3248 1882 3248 1878 3248 1883 3249 1882 3249 1881 3249 3289 3250 3288 3250 3221 3250 3222 3251 3289 3251 3221 3251 1932 3252 1931 3252 1909 3252 1910 3253 1932 3253 1909 3253 1996 3254 1962 3254 1997 3254 2027 3255 1996 3255 1997 3255 2026 3256 1996 3256 2027 3256 1960 3257 1931 3257 1932 3257 1961 3258 1960 3258 1932 3258 1962 3259 1960 3259 1961 3259 1963 3260 1962 3260 1961 3260 1997 3261 1962 3261 1963 3261 3210 3262 3222 3262 3221 3262 3209 3263 3210 3263 3221 3263 3199 3264 3210 3264 3209 3264 3198 3265 3199 3265 3209 3265 3188 3266 3199 3266 3198 3266 3187 3267 3188 3267 3198 3267 3179 3268 3188 3268 3187 3268 3178 3269 3179 3269 3187 3269 3173 3270 3179 3270 3178 3270 3172 3271 3173 3271 3178 3271 3159 3272 3173 3272 3172 3272 3158 3273 3159 3273 3172 3273 3152 3274 3159 3274 3158 3274 3151 3275 3152 3275 3158 3275 3140 3276 3152 3276 3151 3276 3139 3277 3140 3277 3151 3277 3123 3278 3140 3278 3139 3278 3122 3279 3123 3279 3139 3279 3118 3280 3123 3280 3122 3280 3117 3281 3118 3281 3122 3281 3110 3282 3118 3282 3117 3282 3109 3283 3110 3283 3117 3283 3105 3284 3110 3284 3109 3284 3104 3285 3105 3285 3109 3285 3101 3286 3105 3286 3104 3286 3100 3287 3101 3287 3104 3287 3095 3288 3101 3288 3100 3288 3094 3289 3095 3289 3100 3289 3093 3290 3095 3290 3094 3290 3092 3291 3093 3291 3094 3291 2039 3292 2042 3292 2041 3292 2040 3293 2042 3293 2039 3293 2035 3294 2040 3294 2039 3294 2036 3295 2040 3295 2035 3295 2028 3296 2036 3296 2035 3296 2029 3297 2036 3297 2028 3297 2026 3298 2029 3298 2028 3298 2027 3299 2029 3299 2026 3299 3103 3300 3093 3300 3092 3300 3102 3301 3103 3301 3092 3301 3114 3302 3103 3302 3102 3302 3113 3303 3114 3303 3102 3303 3137 3304 3114 3304 3113 3304 3136 3305 3137 3305 3113 3305 2056 3306 2068 3306 2067 3306 2055 3307 2056 3307 2067 3307 2049 3308 2056 3308 2055 3308 2048 3309 2049 3309 2055 3309 2042 3310 2049 3310 2048 3310 2041 3311 2042 3311 2048 3311 3141 3312 3137 3312 3136 3312 3142 3313 3137 3313 3141 3313 3146 3314 3142 3314 3141 3314 3147 3315 3142 3315 3146 3315 3148 3316 3147 3316 3146 3316 3149 3317 3147 3317 3148 3317 3143 3318 3149 3318 3148 3318 3144 3319 3149 3319 3143 3319 2236 3320 2248 3320 2247 3320 2235 3321 2236 3321 2247 3321 2219 3322 2236 3322 2235 3322 2218 3323 2219 3323 2235 3323 2205 3324 2219 3324 2218 3324 2204 3325 2205 3325 2218 3325 2196 3326 2205 3326 2204 3326 2195 3327 2196 3327 2204 3327 2180 3328 2196 3328 2195 3328 2179 3329 2180 3329 2195 3329 2160 3330 2180 3330 2179 3330 2159 3331 2160 3331 2179 3331 2148 3332 2160 3332 2159 3332 2147 3333 2148 3333 2159 3333 2132 3334 2148 3334 2147 3334 2131 3335 2132 3335 2147 3335 2116 3336 2132 3336 2131 3336 2115 3337 2116 3337 2131 3337 2108 3338 2116 3338 2115 3338 2107 3339 2108 3339 2115 3339 2101 3340 2108 3340 2107 3340 2100 3341 2101 3341 2107 3341 2090 3342 2101 3342 2100 3342 2089 3343 2090 3343 2100 3343 2085 3344 2090 3344 2089 3344 2084 3345 2085 3345 2089 3345 2076 3346 2085 3346 2084 3346 2075 3347 2076 3347 2084 3347 2068 3348 2076 3348 2075 3348 2067 3349 2068 3349 2075 3349 3070 3350 3069 3350 3040 3350 3041 3351 3070 3351 3040 3351 3124 3352 3098 3352 3125 3352 3144 3353 3124 3353 3125 3353 3143 3354 3124 3354 3144 3354 3096 3355 3069 3355 3070 3355 3097 3356 3096 3356 3070 3356 3098 3357 3096 3357 3097 3357 3099 3358 3098 3358 3097 3358 3125 3359 3098 3359 3099 3359 2314 3360 2313 3360 2247 3360 2248 3361 2314 3361 2247 3361 3012 3362 3010 3362 3013 3362 3017 3363 3012 3363 3013 3363 3016 3364 3012 3364 3017 3364 3021 3365 3016 3365 3017 3365 3020 3366 3016 3366 3021 3366 3023 3367 3020 3367 3021 3367 3022 3368 3020 3368 3023 3368 3026 3369 3022 3369 3023 3369 3025 3370 3022 3370 3026 3370 3033 3371 3025 3371 3026 3371 3032 3372 3025 3372 3033 3372 3039 3373 3032 3373 3033 3373 3038 3374 3032 3374 3039 3374 3041 3375 3038 3375 3039 3375 3040 3376 3038 3376 3041 3376 3007 3377 3010 3377 3012 3377 3011 3378 3007 3378 3012 3378 3006 3379 3007 3379 3011 3379 3001 3380 3004 3380 3000 3380 3006 3381 3004 3381 3001 3381 3005 3382 3006 3382 3001 3382 3007 3383 3006 3383 3005 3383 2997 3384 2998 3384 2996 3384 3000 3385 2998 3385 2997 3385 2999 3386 3000 3386 2997 3386 3001 3387 3000 3387 2999 3387 2990 3388 2993 3388 2989 3388 2996 3389 2993 3389 2990 3389 2994 3390 2996 3390 2990 3390 2997 3391 2996 3391 2994 3391 2474 3392 2480 3392 2479 3392 2473 3393 2474 3393 2479 3393 2468 3394 2474 3394 2473 3394 2467 3395 2468 3395 2473 3395 2460 3396 2468 3396 2467 3396 2459 3397 2460 3397 2467 3397 2454 3398 2460 3398 2459 3398 2453 3399 2454 3399 2459 3399 2440 3400 2454 3400 2453 3400 2439 3401 2440 3401 2453 3401 2432 3402 2440 3402 2439 3402 2431 3403 2432 3403 2439 3403 2428 3404 2432 3404 2431 3404 2427 3405 2428 3405 2431 3405 2416 3406 2428 3406 2427 3406 2415 3407 2416 3407 2427 3407 2401 3408 2416 3408 2415 3408 2400 3409 2401 3409 2415 3409 2393 3410 2401 3410 2400 3410 2392 3411 2393 3411 2400 3411 2379 3412 2393 3412 2392 3412 2378 3413 2379 3413 2392 3413 2367 3414 2379 3414 2378 3414 2366 3415 2367 3415 2378 3415 2345 3416 2367 3416 2366 3416 2344 3417 2345 3417 2366 3417 2334 3418 2345 3418 2344 3418 2333 3419 2334 3419 2344 3419 2314 3420 2334 3420 2333 3420 2313 3421 2314 3421 2333 3421 2891 3422 2808 3422 2809 3422 2892 3423 2891 3423 2809 3423 2989 3424 2891 3424 2892 3424 2990 3425 2989 3425 2892 3425 152 3426 146 3426 134 3426 94 3427 152 3427 134 3427 90 3428 152 3428 94 3428 152 3429 90 3429 86 3429 84 3430 152 3430 86 3430 80 3431 152 3431 84 3431 152 3432 80 3432 76 3432 74 3433 152 3433 76 3433 72 3434 152 3434 74 3434 152 3435 72 3435 67 3435 62 3436 152 3436 67 3436 58 3437 152 3437 62 3437 152 3438 58 3438 54 3438 56 3439 152 3439 54 3439 60 3440 152 3440 56 3440 152 3441 60 3441 64 3441 70 3442 152 3442 64 3442 98 3443 152 3443 70 3443 152 3444 98 3444 100 3444 102 3445 152 3445 100 3445 104 3446 152 3446 102 3446 152 3447 104 3447 106 3447 108 3448 152 3448 106 3448 110 3449 152 3449 108 3449 152 3450 110 3450 112 3450 115 3451 152 3451 112 3451 116 3452 152 3452 115 3452 152 3453 128 3453 130 3453 142 3454 152 3454 130 3454 158 3455 152 3455 142 3455 152 3456 122 3456 124 3456 126 3457 152 3457 124 3457 128 3458 152 3458 126 3458 152 3459 116 3459 118 3459 120 3460 152 3460 118 3460 122 3461 152 3461 120 3461 144 3462 30 3462 8 3462 4 3463 144 3463 8 3463 0 3464 144 3464 4 3464 144 3465 0 3465 2 3465 6 3466 144 3466 2 3466 10 3467 144 3467 6 3467 144 3468 10 3468 12 3468 14 3469 144 3469 12 3469 16 3470 144 3470 14 3470 144 3471 28 3471 32 3471 132 3472 144 3472 32 3472 138 3473 144 3473 132 3473 144 3474 22 3474 24 3474 26 3475 144 3475 24 3475 28 3476 144 3476 26 3476 144 3477 16 3477 18 3477 20 3478 144 3478 18 3478 22 3479 144 3479 20 3479 144 3480 150 3480 136 3480 96 3481 144 3481 136 3481 92 3482 144 3482 96 3482 144 3483 92 3483 88 3483 82 3484 144 3484 88 3484 78 3485 144 3485 82 3485 144 3486 78 3486 68 3486 52 3487 144 3487 68 3487 50 3488 144 3488 52 3488 144 3489 50 3489 48 3489 46 3490 144 3490 48 3490 44 3491 144 3491 46 3491 144 3492 44 3492 42 3492 40 3493 144 3493 42 3493 38 3494 144 3494 40 3494 144 3495 38 3495 36 3495 34 3496 144 3496 36 3496 30 3497 144 3497 34 3497 340 3498 202 3498 192 3498 190 3499 340 3499 192 3499 186 3500 340 3500 190 3500 340 3501 186 3501 184 3501 180 3502 340 3502 184 3502 178 3503 340 3503 180 3503 340 3504 178 3504 174 3504 173 3505 340 3505 174 3505 168 3506 340 3506 173 3506 340 3507 194 3507 196 3507 208 3508 340 3508 196 3508 288 3509 340 3509 208 3509 340 3510 176 3510 182 3510 188 3511 340 3511 182 3511 194 3512 340 3512 188 3512 340 3513 168 3513 166 3513 170 3514 340 3514 166 3514 176 3515 340 3515 170 3515 340 3516 376 3516 344 3516 284 3517 340 3517 344 3517 280 3518 340 3518 284 3518 340 3519 280 3519 272 3519 248 3520 340 3520 272 3520 240 3521 340 3521 248 3521 340 3522 240 3522 238 3522 236 3523 340 3523 238 3523 232 3524 340 3524 236 3524 340 3525 232 3525 230 3525 228 3526 340 3526 230 3526 226 3527 340 3527 228 3527 340 3528 226 3528 224 3528 222 3529 340 3529 224 3529 218 3530 340 3530 222 3530 340 3531 218 3531 216 3531 214 3532 340 3532 216 3532 202 3533 340 3533 214 3533 784 3534 674 3534 662 3534 660 3535 784 3535 662 3535 658 3536 784 3536 660 3536 784 3537 658 3537 656 3537 654 3538 784 3538 656 3538 652 3539 784 3539 654 3539 784 3540 652 3540 648 3540 644 3541 784 3541 648 3541 640 3542 784 3542 644 3542 784 3543 628 3543 632 3543 666 3544 784 3544 632 3544 670 3545 784 3545 666 3545 784 3546 626 3546 622 3546 624 3547 784 3547 622 3547 628 3548 784 3548 624 3548 784 3549 640 3549 636 3549 630 3550 784 3550 636 3550 626 3551 784 3551 630 3551 784 3552 895 3552 813 3552 761 3553 784 3553 813 3553 751 3554 784 3554 761 3554 784 3555 751 3555 737 3555 723 3556 784 3556 737 3556 721 3557 784 3557 723 3557 784 3558 721 3558 719 3558 713 3559 784 3559 719 3559 709 3560 784 3560 713 3560 784 3561 709 3561 707 3561 705 3562 784 3562 707 3562 703 3563 784 3563 705 3563 784 3564 703 3564 701 3564 699 3565 784 3565 701 3565 697 3566 784 3566 699 3566 784 3567 697 3567 692 3567 689 3568 784 3568 692 3568 674 3569 784 3569 689 3569 1230 3570 1156 3570 1119 3570 1115 3571 1230 3571 1119 3571 1113 3572 1230 3572 1115 3572 1230 3573 1113 3573 1111 3573 1109 3574 1230 3574 1111 3574 1107 3575 1230 3575 1109 3575 1230 3576 1107 3576 1105 3576 1103 3577 1230 3577 1105 3577 1101 3578 1230 3578 1103 3578 1230 3579 1083 3579 1081 3579 1075 3580 1230 3580 1081 3580 1077 3581 1230 3581 1075 3581 1230 3582 1089 3582 1087 3582 1085 3583 1230 3583 1087 3583 1083 3584 1230 3584 1085 3584 1230 3585 1101 3585 1097 3585 1093 3586 1230 3586 1097 3586 1089 3587 1230 3587 1093 3587 1230 3588 1391 3588 1352 3588 1289 3589 1230 3589 1352 3589 1280 3590 1230 3590 1289 3590 1230 3591 1280 3591 1275 3591 1264 3592 1230 3592 1275 3592 1254 3593 1230 3593 1264 3593 1230 3594 1254 3594 1250 3594 1248 3595 1230 3595 1250 3595 1242 3596 1230 3596 1248 3596 1230 3597 1242 3597 1238 3597 1236 3598 1230 3598 1238 3598 1228 3599 1230 3599 1236 3599 1230 3600 1228 3600 1225 3600 1223 3601 1230 3601 1225 3601 1221 3602 1230 3602 1223 3602 1230 3603 1221 3603 1219 3603 1215 3604 1230 3604 1219 3604 1156 3605 1230 3605 1215 3605 1769 3606 1753 3606 1712 3606 1709 3607 1769 3607 1712 3607 1706 3608 1769 3608 1709 3608 1769 3609 1706 3609 1704 3609 1702 3610 1769 3610 1704 3610 1700 3611 1769 3611 1702 3611 1769 3612 1700 3612 1698 3612 1694 3613 1769 3613 1698 3613 1692 3614 1769 3614 1694 3614 1769 3615 1675 3615 1673 3615 1667 3616 1769 3616 1673 3616 1660 3617 1769 3617 1667 3617 1769 3618 1686 3618 1684 3618 1679 3619 1769 3619 1684 3619 1675 3620 1769 3620 1679 3620 1769 3621 1692 3621 1690 3621 1688 3622 1769 3622 1690 3622 1686 3623 1769 3623 1688 3623 1769 3624 1866 3624 1856 3624 1825 3625 1769 3625 1856 3625 1821 3626 1769 3626 1825 3626 1769 3627 1821 3627 1817 3627 1813 3628 1769 3628 1817 3628 1807 3629 1769 3629 1813 3629 1769 3630 1807 3630 1803 3630 1801 3631 1769 3631 1803 3631 1799 3632 1769 3632 1801 3632 1769 3633 1799 3633 1797 3633 1795 3634 1769 3634 1797 3634 1793 3635 1769 3635 1795 3635 1769 3636 1793 3636 1791 3636 1788 3637 1769 3637 1791 3637 1786 3638 1769 3638 1788 3638 1769 3639 1786 3639 1784 3639 1782 3640 1769 3640 1784 3640 1753 3641 1769 3641 1782 3641 2649 3642 2664 3642 2599 3642 2596 3643 2649 3643 2599 3643 2591 3644 2649 3644 2596 3644 2649 3645 2591 3645 2589 3645 2587 3646 2649 3646 2589 3646 2585 3647 2649 3647 2587 3647 2649 3648 2585 3648 2583 3648 2577 3649 2649 3649 2583 3649 2571 3650 2649 3650 2577 3650 2649 3651 2554 3651 2552 3651 2500 3652 2649 3652 2552 3652 2457 3653 2649 3653 2500 3653 2649 3654 2562 3654 2560 3654 2556 3655 2649 3655 2560 3655 2554 3656 2649 3656 2556 3656 2649 3657 2571 3657 2566 3657 2564 3658 2649 3658 2566 3658 2562 3659 2649 3659 2564 3659 2649 3660 2847 3660 2821 3660 2772 3661 2649 3661 2821 3661 2768 3662 2649 3662 2772 3662 2649 3663 2768 3663 2764 3663 2757 3664 2649 3664 2764 3664 2753 3665 2649 3665 2757 3665 2649 3666 2753 3666 2749 3666 2745 3667 2649 3667 2749 3667 2743 3668 2649 3668 2745 3668 2649 3669 2743 3669 2739 3669 2736 3670 2649 3670 2739 3670 2735 3671 2649 3671 2736 3671 2649 3672 2735 3672 2732 3672 2727 3673 2649 3673 2732 3673 2722 3674 2649 3674 2727 3674 2649 3675 2722 3675 2720 3675 2717 3676 2649 3676 2720 3676 2664 3677 2649 3677 2717 3677 3489 3678 3530 3678 3486 3678 3484 3679 3489 3679 3486 3679 3482 3680 3489 3680 3484 3680 3489 3681 3482 3681 3480 3681 3477 3682 3489 3682 3480 3682 3475 3683 3489 3683 3477 3683 3489 3684 3475 3684 3473 3684 3471 3685 3489 3685 3473 3685 3469 3686 3489 3686 3471 3686 3489 3687 3453 3687 3450 3687 3435 3688 3489 3688 3450 3688 3415 3689 3489 3689 3435 3689 3489 3690 3460 3690 3457 3690 3455 3691 3489 3691 3457 3691 3453 3692 3489 3692 3455 3692 3489 3693 3469 3693 3467 3693 3462 3694 3489 3694 3467 3694 3460 3695 3489 3695 3462 3695 3489 3696 3652 3696 3644 3696 3624 3697 3489 3697 3644 3697 3622 3698 3489 3698 3624 3698 3489 3699 3622 3699 3617 3699 3614 3700 3489 3700 3617 3700 3609 3701 3489 3701 3614 3701 3489 3702 3609 3702 3604 3702 3599 3703 3489 3703 3604 3703 3595 3704 3489 3704 3599 3704 3489 3705 3595 3705 3590 3705 3588 3706 3489 3706 3590 3706 3585 3707 3489 3707 3588 3707 3489 3708 3585 3708 3582 3708 3578 3709 3489 3709 3582 3709 3576 3710 3489 3710 3578 3710 3489 3711 3576 3711 3574 3711 3572 3712 3489 3712 3574 3712 3530 3713 3489 3713 3572 3713 3986 3714 4085 3714 4047 3714 4046 3715 3986 3715 4047 3715 4043 3716 3986 3716 4046 3716 3986 3717 4043 3717 4041 3717 4039 3718 3986 3718 4041 3718 4036 3719 3986 3719 4039 3719 3986 3720 4036 3720 4033 3720 4029 3721 3986 3721 4033 3721 4027 3722 3986 3722 4029 3722 3986 3723 4003 3723 4001 3723 3935 3724 3986 3724 4001 3724 3887 3725 3986 3725 3935 3725 3986 3726 4017 3726 4011 3726 4009 3727 3986 3727 4011 3727 4003 3728 3986 3728 4009 3728 3986 3729 4027 3729 4023 3729 4019 3730 3986 3730 4023 3730 4017 3731 3986 3731 4019 3731 3986 3732 4097 3732 4112 3732 4154 3733 3986 3733 4112 3733 4158 3734 3986 3734 4154 3734 3986 3735 4158 3735 4160 3735 4156 3736 3986 3736 4160 3736 4152 3737 3986 3737 4156 3737 3986 3738 4152 3738 4150 3738 4146 3739 3986 3739 4150 3739 4142 3740 3986 3740 4146 3740 3986 3741 4142 3741 4140 3741 4136 3742 3986 3742 4140 3742 4132 3743 3986 3743 4136 3743 3986 3744 4132 3744 4130 3744 4128 3745 3986 3745 4130 3745 4120 3746 3986 3746 4128 3746 3986 3747 4120 3747 4118 3747 4116 3748 3986 3748 4118 3748 4085 3749 3986 3749 4116 3749 4504 3750 4584 3750 4570 3750 4569 3751 4504 3751 4570 3751 4566 3752 4504 3752 4569 3752 4504 3753 4566 3753 4562 3753 4558 3754 4504 3754 4562 3754 4556 3755 4504 3755 4558 3755 4504 3756 4556 3756 4554 3756 4552 3757 4504 3757 4554 3757 4550 3758 4504 3758 4552 3758 4504 3759 4528 3759 4524 3759 4496 3760 4504 3760 4524 3760 4452 3761 4504 3761 4496 3761 4504 3762 4544 3762 4532 3762 4530 3763 4504 3763 4532 3763 4528 3764 4504 3764 4530 3764 4504 3765 4550 3765 4548 3765 4546 3766 4504 3766 4548 3766 4544 3767 4504 3767 4546 3767 4504 3768 4536 3768 4580 3768 4606 3769 4504 3769 4580 3769 4614 3770 4504 3770 4606 3770 4504 3771 4614 3771 4620 3771 4626 3772 4504 3772 4620 3772 4632 3773 4504 3773 4626 3773 4504 3774 4632 3774 4638 3774 4636 3775 4504 3775 4638 3775 4630 3776 4504 3776 4636 3776 4504 3777 4630 3777 4628 3777 4624 3778 4504 3778 4628 3778 4622 3779 4504 3779 4624 3779 4504 3780 4622 3780 4618 3780 4616 3781 4504 3781 4618 3781 4612 3782 4504 3782 4616 3782 4504 3783 4612 3783 4608 3783 4604 3784 4504 3784 4608 3784 4584 3785 4504 3785 4604 3785 4730 3786 4784 3786 4782 3786 4780 3787 4730 3787 4782 3787 4778 3788 4730 3788 4780 3788 4730 3789 4778 3789 4776 3789 4774 3790 4730 3790 4776 3790 4773 3791 4730 3791 4774 3791 4730 3792 4773 3792 4770 3792 4768 3793 4730 3793 4770 3793 4766 3794 4730 3794 4768 3794 4730 3795 4754 3795 4752 3795 4740 3796 4730 3796 4752 3796 4724 3797 4730 3797 4740 3797 4730 3798 4760 3798 4758 3798 4756 3799 4730 3799 4758 3799 4754 3800 4730 3800 4756 3800 4730 3801 4766 3801 4764 3801 4762 3802 4730 3802 4764 3802 4760 3803 4730 3803 4762 3803 4730 3804 4736 3804 4748 3804 4788 3805 4730 3805 4748 3805 4792 3806 4730 3806 4788 3806 4730 3807 4792 3807 4796 3807 4798 3808 4730 3808 4796 3808 4802 3809 4730 3809 4798 3809 4730 3810 4802 3810 4806 3810 4808 3811 4730 3811 4806 3811 4810 3812 4730 3812 4808 3812 4730 3813 4810 3813 4816 3813 4820 3814 4730 3814 4816 3814 4824 3815 4730 3815 4820 3815 4730 3816 4824 3816 4828 3816 4826 3817 4730 3817 4828 3817 4822 3818 4730 3818 4826 3818 4730 3819 4822 3819 4818 3819 4812 3820 4730 3820 4818 3820 4784 3821 4730 3821 4812 3821 4738 3822 4852 3822 4874 3822 4878 3823 4738 3823 4874 3823 4882 3824 4738 3824 4878 3824 4738 3825 4882 3825 4880 3825 4876 3826 4738 3826 4880 3826 4873 3827 4738 3827 4876 3827 4738 3828 4873 3828 4870 3828 4868 3829 4738 3829 4870 3829 4866 3830 4738 3830 4868 3830 4738 3831 4854 3831 4850 3831 4750 3832 4738 3832 4850 3832 4744 3833 4738 3833 4750 3833 4738 3834 4860 3834 4858 3834 4856 3835 4738 3835 4858 3835 4854 3836 4738 3836 4856 3836 4738 3837 4866 3837 4864 3837 4862 3838 4738 3838 4864 3838 4860 3839 4738 3839 4862 3839 4738 3840 4732 3840 4746 3840 4786 3841 4738 3841 4746 3841 4790 3842 4738 3842 4786 3842 4738 3843 4790 3843 4794 3843 4800 3844 4738 3844 4794 3844 4804 3845 4738 3845 4800 3845 4738 3846 4804 3846 4814 3846 4830 3847 4738 3847 4814 3847 4832 3848 4738 3848 4830 3848 4738 3849 4832 3849 4835 3849 4836 3850 4738 3850 4835 3850 4838 3851 4738 3851 4836 3851 4738 3852 4838 3852 4840 3852 4842 3853 4738 3853 4840 3853 4844 3854 4738 3854 4842 3854 4738 3855 4844 3855 4846 3855 4848 3856 4738 3856 4846 3856 4852 3857 4738 3857 4848 3857 4542 3858 4680 3858 4690 3858 4692 3859 4542 3859 4690 3859 4696 3860 4542 3860 4692 3860 4542 3861 4696 3861 4698 3861 4702 3862 4542 3862 4698 3862 4704 3863 4542 3863 4702 3863 4542 3864 4704 3864 4708 3864 4710 3865 4542 3865 4708 3865 4714 3866 4542 3866 4710 3866 4542 3867 4688 3867 4686 3867 4674 3868 4542 3868 4686 3868 4594 3869 4542 3869 4674 3869 4542 3870 4706 3870 4700 3870 4694 3871 4542 3871 4700 3871 4688 3872 4542 3872 4694 3872 4542 3873 4714 3873 4716 3873 4712 3874 4542 3874 4716 3874 4706 3875 4542 3875 4712 3875 4542 3876 4506 3876 4538 3876 4598 3877 4542 3877 4538 3877 4602 3878 4542 3878 4598 3878 4542 3879 4602 3879 4610 3879 4634 3880 4542 3880 4610 3880 4642 3881 4542 3881 4634 3881 4542 3882 4642 3882 4644 3882 4646 3883 4542 3883 4644 3883 4650 3884 4542 3884 4646 3884 4542 3885 4650 3885 4653 3885 4654 3886 4542 3886 4653 3886 4657 3887 4542 3887 4654 3887 4542 3888 4657 3888 4658 3888 4660 3889 4542 3889 4658 3889 4664 3890 4542 3890 4660 3890 4542 3891 4664 3891 4666 3891 4668 3892 4542 3892 4666 3892 4680 3893 4542 3893 4668 3893 4099 3894 4206 3894 4220 3894 4222 3895 4099 3895 4220 3895 4224 3896 4099 3896 4222 3896 4099 3897 4224 3897 4226 3897 4228 3898 4099 3898 4226 3898 4231 3899 4099 3899 4228 3899 4099 3900 4231 3900 4234 3900 4239 3901 4099 3901 4234 3901 4242 3902 4099 3902 4239 3902 4099 3903 4254 3903 4250 3903 4216 3904 4099 3904 4250 3904 4212 3905 4099 3905 4216 3905 4099 3906 4256 3906 4260 3906 4258 3907 4099 3907 4260 3907 4254 3908 4099 3908 4258 3908 4099 3909 4242 3909 4246 3909 4252 3910 4099 3910 4246 3910 4256 3911 4099 3911 4252 3911 4099 3912 3988 3912 4069 3912 4124 3913 4099 3913 4069 3913 4134 3914 4099 3914 4124 3914 4099 3915 4134 3915 4148 3915 4162 3916 4099 3916 4148 3916 4164 3917 4099 3917 4162 3917 4099 3918 4164 3918 4166 3918 4172 3919 4099 3919 4166 3919 4174 3920 4099 3920 4172 3920 4099 3921 4174 3921 4177 3921 4178 3922 4099 3922 4177 3922 4180 3923 4099 3923 4178 3923 4099 3924 4180 3924 4182 3924 4184 3925 4099 3925 4182 3925 4186 3926 4099 3926 4184 3926 4099 3927 4186 3927 4190 3927 4192 3928 4099 3928 4190 3928 4206 3929 4099 3929 4192 3929 3654 3930 3728 3930 3763 3930 3767 3931 3654 3931 3763 3931 3769 3932 3654 3932 3767 3932 3654 3933 3769 3933 3771 3933 3773 3934 3654 3934 3771 3934 3775 3935 3654 3935 3773 3935 3654 3936 3775 3936 3777 3936 3780 3937 3654 3937 3777 3937 3781 3938 3654 3938 3780 3938 3654 3939 3799 3939 3801 3939 3809 3940 3654 3940 3801 3940 3807 3941 3654 3941 3809 3941 3654 3942 3793 3942 3795 3942 3797 3943 3654 3943 3795 3943 3799 3944 3654 3944 3797 3944 3654 3945 3781 3945 3785 3945 3789 3946 3654 3946 3785 3946 3793 3947 3654 3947 3789 3947 3654 3948 3494 3948 3534 3948 3592 3949 3654 3949 3534 3949 3601 3950 3654 3950 3592 3950 3654 3951 3601 3951 3607 3951 3619 3952 3654 3952 3607 3952 3627 3953 3654 3953 3619 3953 3654 3954 3627 3954 3632 3954 3634 3955 3654 3955 3632 3955 3642 3956 3654 3956 3634 3956 3654 3957 3642 3957 3647 3957 3648 3958 3654 3958 3647 3958 3656 3959 3654 3959 3648 3959 3654 3960 3656 3960 3659 3960 3661 3961 3654 3961 3659 3961 3663 3962 3654 3962 3661 3962 3654 3963 3663 3963 3665 3963 3669 3964 3654 3964 3665 3964 3728 3965 3654 3965 3669 3965 1870 3966 1862 3966 1877 3966 1880 3967 1870 3967 1877 3967 1882 3968 1870 3968 1880 3968 1870 3969 1882 3969 1884 3969 1886 3970 1870 3970 1884 3970 1888 3971 1870 3971 1886 3971 1870 3972 1888 3972 1890 3972 1893 3973 1870 3973 1890 3973 1894 3974 1870 3974 1893 3974 1870 3975 1907 3975 1909 3975 1931 3976 1870 3976 1909 3976 1960 3977 1870 3977 1931 3977 1870 3978 1900 3978 1902 3978 1905 3979 1870 3979 1902 3979 1907 3980 1870 3980 1905 3980 1870 3981 1894 3981 1896 3981 1898 3982 1870 3982 1896 3982 1900 3983 1870 3983 1898 3983 1870 3984 1773 3984 1778 3984 1805 3985 1870 3985 1778 3985 1809 3986 1870 3986 1805 3986 1870 3987 1809 3987 1811 3987 1815 3988 1870 3988 1811 3988 1819 3989 1870 3989 1815 3989 1870 3990 1819 3990 1823 3990 1827 3991 1870 3991 1823 3991 1829 3992 1870 3992 1827 3992 1870 3993 1829 3993 1832 3993 1834 3994 1870 3994 1832 3994 1836 3995 1870 3995 1834 3995 1870 3996 1836 3996 1838 3996 1841 3997 1870 3997 1838 3997 1843 3998 1870 3998 1841 3998 1870 3999 1843 3999 1845 3999 1847 4000 1870 4000 1845 4000 1862 4001 1870 4001 1847 4001 1396 4002 1356 4002 1398 4002 1400 4003 1396 4003 1398 4003 1402 4004 1396 4004 1400 4004 1396 4005 1402 4005 1404 4005 1407 4006 1396 4006 1404 4006 1409 4007 1396 4007 1407 4007 1396 4008 1409 4008 1411 4008 1414 4009 1396 4009 1411 4009 1415 4010 1396 4010 1414 4010 1396 4011 1430 4011 1433 4011 1449 4012 1396 4012 1433 4012 1470 4013 1396 4013 1449 4013 1396 4014 1423 4014 1426 4014 1428 4015 1396 4015 1426 4015 1430 4016 1396 4016 1428 4016 1396 4017 1415 4017 1417 4017 1420 4018 1396 4018 1417 4018 1423 4019 1396 4019 1420 4019 1396 4020 1232 4020 1240 4020 1258 4021 1396 4021 1240 4021 1261 4022 1396 4022 1258 4022 1396 4023 1261 4023 1266 4023 1269 4024 1396 4024 1266 4024 1273 4025 1396 4025 1269 4025 1396 4026 1273 4026 1278 4026 1282 4027 1396 4027 1278 4027 1286 4028 1396 4028 1282 4028 1396 4029 1286 4029 1292 4029 1294 4030 1396 4030 1292 4030 1297 4031 1396 4031 1294 4031 1396 4032 1297 4032 1300 4032 1304 4033 1396 4033 1300 4033 1307 4034 1396 4034 1304 4034 1396 4035 1307 4035 1309 4035 1311 4036 1396 4036 1309 4036 1356 4037 1396 4037 1311 4037 897 4038 799 4038 835 4038 837 4039 897 4039 835 4039 839 4040 897 4040 837 4040 897 4041 839 4041 841 4041 843 4042 897 4042 841 4042 848 4043 897 4043 843 4043 897 4044 848 4044 850 4044 857 4045 897 4045 850 4045 858 4046 897 4046 857 4046 897 4047 883 4047 885 4047 951 4048 897 4048 885 4048 995 4049 897 4049 951 4049 897 4050 868 4050 875 4050 877 4051 897 4051 875 4051 883 4052 897 4052 877 4052 897 4053 858 4053 862 4053 866 4054 897 4054 862 4054 868 4055 897 4055 866 4055 897 4056 786 4056 771 4056 731 4057 897 4057 771 4057 727 4058 897 4058 731 4058 897 4059 727 4059 725 4059 729 4060 897 4060 725 4060 733 4061 897 4061 729 4061 897 4062 733 4062 735 4062 739 4063 897 4063 735 4063 743 4064 897 4064 739 4064 897 4065 743 4065 746 4065 749 4066 897 4066 746 4066 753 4067 897 4067 749 4067 897 4068 753 4068 755 4068 757 4069 897 4069 755 4069 763 4070 897 4070 757 4070 897 4071 763 4071 765 4071 767 4072 897 4072 765 4072 799 4073 897 4073 767 4073 378 4074 298 4074 312 4074 314 4075 378 4075 312 4075 316 4076 378 4076 314 4076 378 4077 316 4077 320 4077 324 4078 378 4078 320 4078 326 4079 378 4079 324 4079 378 4080 326 4080 328 4080 331 4081 378 4081 328 4081 332 4082 378 4082 331 4082 378 4083 354 4083 358 4083 386 4084 378 4084 358 4084 430 4085 378 4085 386 4085 378 4086 338 4086 350 4086 352 4087 378 4087 350 4087 354 4088 378 4088 352 4088 378 4089 332 4089 334 4089 336 4090 378 4090 334 4090 338 4091 378 4091 336 4091 378 4092 346 4092 302 4092 276 4093 378 4093 302 4093 268 4094 378 4094 276 4094 378 4095 268 4095 262 4095 256 4096 378 4096 262 4096 250 4097 378 4097 256 4097 378 4098 250 4098 244 4098 246 4099 378 4099 244 4099 252 4100 378 4100 246 4100 378 4101 252 4101 255 4101 258 4102 378 4102 255 4102 260 4103 378 4103 258 4103 378 4104 260 4104 264 4104 266 4105 378 4105 264 4105 270 4106 378 4106 266 4106 378 4107 270 4107 274 4107 278 4108 378 4108 274 4108 298 4109 378 4109 278 4109 2511 4110 2527 4110 2526 4110 2510 4111 2511 4111 2526 4111 2499 4112 2511 4112 2510 4112 2498 4113 2499 4113 2510 4113 2480 4114 2499 4114 2498 4114 2479 4115 2480 4115 2498 4115 2808 4116 2807 4116 2809 4116 2805 4117 2807 4117 2808 4117 2805 4118 2808 4118 2806 4118 2804 4119 2805 4119 2806 4119 2802 4120 2805 4120 2804 4120 2795 4121 2802 4121 2804 4121 2795 4122 2804 4122 2801 4122 2794 4123 2795 4123 2801 4123 2791 4124 2795 4124 2794 4124 2789 4125 2791 4125 2794 4125 2783 4126 2788 4126 2784 4126 2789 4127 2794 4127 2790 4127 2788 4128 2789 4128 2790 4128 2785 4129 2789 4129 2788 4129 2783 4130 2785 4130 2788 4130 2783 4131 2784 4131 2782 4131 2780 4132 2783 4132 2782 4132 2781 4133 2783 4133 2780 4133 2774 4134 2781 4134 2780 4134 2775 4135 2781 4135 2774 4135 2770 4136 2775 4136 2774 4136 2771 4137 2775 4137 2770 4137 2762 4138 2771 4138 2770 4138 2763 4139 2771 4139 2762 4139 2755 4140 2763 4140 2762 4140 2756 4141 2763 4141 2755 4141 2751 4142 2756 4142 2755 4142 2752 4143 2756 4143 2751 4143 2747 4144 2752 4144 2751 4144 2748 4145 2752 4145 2747 4145 2851 4146 2891 4146 2989 4146 2993 4147 2851 4147 2989 4147 2996 4148 2851 4148 2993 4148 2851 4149 2996 4149 2998 4149 3000 4150 2851 4150 2998 4150 3004 4151 2851 4151 3000 4151 2851 4152 3004 4152 3006 4152 3011 4153 2851 4153 3006 4153 3012 4154 2851 4154 3011 4154 2851 4155 3038 4155 3040 4155 3069 4156 2851 4156 3040 4156 3096 4157 2851 4157 3069 4157 2851 4158 3022 4158 3025 4158 3032 4159 2851 4159 3025 4159 3038 4160 2851 4160 3032 4160 2851 4161 3012 4161 3016 4161 3020 4162 2851 4162 3016 4162 3022 4163 2851 4163 3020 4163 2851 4164 2653 4164 2686 4164 2747 4165 2851 4165 2686 4165 2751 4166 2851 4166 2747 4166 2851 4167 2751 4167 2755 4167 2762 4168 2851 4168 2755 4168 2770 4169 2851 4169 2762 4169 2851 4170 2770 4170 2774 4170 2780 4171 2851 4171 2774 4171 2782 4172 2851 4172 2780 4172 2851 4173 2782 4173 2784 4173 2788 4174 2851 4174 2784 4174 2790 4175 2851 4175 2788 4175 2851 4176 2790 4176 2794 4176 2801 4177 2851 4177 2794 4177 2804 4178 2851 4178 2801 4178 2851 4179 2804 4179 2806 4179 2808 4180 2851 4180 2806 4180 2891 4181 2851 4181 2808 4181 1493 4182 1079 4182 1443 4182 2602 4183 2413 4183 2365 4183 1769 4184 1868 4184 1866 4184 2455 4185 2649 4185 2457 4185 3466 4186 3638 4186 3557 4186 1493 4187 1503 4187 1499 4187 1496 4188 1493 4188 1499 4188 3885 4189 3986 4189 3887 4189 392 4190 683 4190 368 4190 783 4191 576 4191 572 4191 784 4192 1001 4192 959 4192 899 4193 784 4193 959 4193 895 4194 784 4194 899 4194 1140 4195 1057 4195 1051 4195 1329 4196 1166 4196 1158 4196 1572 4197 1542 4197 1540 4197 1536 4198 1572 4198 1540 4198 1493 4199 1572 4199 1536 4199 1850 4200 1662 4200 1656 4200 1875 4201 1868 4201 1769 4201 1850 4202 1875 4202 1769 4202 1927 4203 1875 4203 1850 4203 2096 4204 2052 4204 2046 4204 2602 4205 2893 4205 2889 4205 2879 4206 2602 4206 2889 4206 2877 4207 2602 4207 2879 4207 3489 4208 3650 4208 3652 4208 685 4209 440 4209 434 4209 685 4210 408 4210 404 4210 398 4211 685 4211 404 4211 1046 4212 901 4212 907 4212 1001 4213 1046 4213 1140 4213 1682 4214 1631 4214 1621 4214 1616 4215 1682 4215 1621 4215 1610 4216 1682 4216 1616 4216 1664 4217 1662 4217 1850 4217 1641 4218 1631 4218 1682 4218 1850 4219 1641 4219 1682 4219 1643 4220 1641 4220 1850 4220 3986 4221 3885 4221 3871 4221 3862 4222 3986 4222 3871 4222 3859 4223 3986 4223 3862 4223 677 4224 460 4224 464 4224 140 4225 144 4225 138 4225 340 4226 288 4226 828 4226 929 4227 340 4227 828 4227 376 4228 340 4228 929 4228 870 4229 901 4229 1046 4229 1140 4230 1051 4230 1049 4230 1047 4231 1140 4231 1049 4231 1043 4232 1140 4232 1047 4232 1230 4233 1077 4233 1079 4233 1493 4234 1230 4234 1079 4234 1487 4235 1230 4235 1493 4235 1496 4236 1487 4236 1493 4236 1493 4237 1536 4237 1531 4237 1526 4238 1493 4238 1531 4238 1521 4239 1493 4239 1526 4239 1682 4240 1610 4240 1608 4240 1604 4241 1682 4241 1608 4241 1597 4242 1682 4242 1604 4242 1554 4243 1572 4243 1560 4243 1850 4244 1656 4244 1652 4244 1649 4245 1850 4245 1652 4245 1643 4246 1850 4246 1649 4246 1927 4247 2096 4247 2046 4247 2033 4248 1927 4248 2046 4248 2024 4249 1927 4249 2033 4249 1927 4250 1994 4250 1985 4250 1981 4251 1927 4251 1985 4251 1969 4252 1927 4252 1981 4252 2283 4253 2274 4253 2365 4253 2289 4254 2283 4254 2365 4254 2096 4255 2145 4255 2125 4255 2061 4256 2096 4256 2125 4256 2052 4257 2096 4257 2061 4257 2826 4258 2945 4258 2937 4258 3466 4259 3637 4259 3684 4259 3667 4260 3466 4260 3684 4260 3638 4261 3466 4261 3667 4261 3983 4262 4236 4262 4244 4262 4072 4263 4270 4263 4266 4263 4730 4264 4522 4264 4498 4264 4468 4265 4730 4265 4498 4265 4408 4266 4209 4266 4414 4266 472 4267 685 4267 679 4267 677 4268 683 4268 392 4268 400 4269 677 4269 392 4269 406 4270 677 4270 400 4270 683 4271 696 4271 144 4271 322 4272 683 4272 144 4272 368 4273 683 4273 322 4273 696 4274 454 4274 446 4274 438 4275 696 4275 446 4275 394 4276 696 4276 438 4276 803 4277 929 4277 811 4277 1443 4278 1195 4278 1201 4278 1493 4279 1521 4279 1516 4279 1512 4280 1493 4280 1516 4280 1503 4281 1493 4281 1512 4281 1572 4282 1554 4282 1550 4282 1548 4283 1572 4283 1550 4283 1542 4284 1572 4284 1548 4284 1769 4285 1633 4285 1647 4285 1927 4286 2024 4286 2013 4286 2002 4287 1927 4287 2013 4287 1994 4288 1927 4288 2002 4288 1927 4289 1952 4289 1950 4289 1943 4290 1927 4290 1950 4290 2365 4291 2325 4291 2303 4291 2296 4292 2365 4292 2303 4292 2289 4293 2365 4293 2296 4293 2365 4294 2274 4294 2261 4294 2256 4295 2365 4295 2261 4295 2242 4296 2365 4296 2256 4296 2365 4297 2209 4297 2197 4297 2181 4298 2365 4298 2197 4298 2096 4299 2365 4299 2181 4299 2162 4300 2096 4300 2181 4300 2145 4301 2096 4301 2162 4301 2602 4302 2877 4302 2875 4302 2649 4303 2602 4303 2875 4303 2413 4304 2602 4304 2649 4304 2455 4305 2413 4305 2649 4305 2826 4306 3036 4306 3008 4306 2985 4307 2826 4307 3008 4307 2980 4308 2826 4308 2985 4308 2826 4309 2937 4309 2927 4309 2917 4310 2826 4310 2927 4310 2602 4311 2826 4311 2917 4311 2898 4312 2602 4312 2917 4312 2893 4313 2602 4313 2898 4313 3327 4314 3362 4314 3349 4314 3292 4315 3285 4315 3327 4315 3297 4316 3292 4316 3327 4316 3327 4317 3285 4317 3265 4317 3252 4318 3327 4318 3265 4318 3241 4319 3327 4319 3252 4319 3327 4320 3241 4320 3228 4320 3217 4321 3327 4321 3228 4321 3107 4322 3327 4322 3217 4322 3203 4323 3107 4323 3217 4323 3192 4324 3107 4324 3203 4324 3466 4325 3557 4325 3553 4325 3545 4326 3466 4326 3553 4326 3405 4327 3466 4327 3545 4327 3541 4328 3405 4328 3545 4328 3538 4329 3405 4329 3541 4329 3637 4330 3815 4330 3813 4330 3928 4331 3804 4331 3915 4331 3937 4332 3933 4332 3868 4332 3939 4333 3937 4333 3868 4333 3848 4334 3895 4334 3899 4334 4049 4335 4025 4335 3920 4335 4058 4336 4049 4336 3920 4336 3983 4337 4244 4337 4262 4337 4268 4338 3983 4338 4262 4338 4272 4339 3983 4339 4268 4339 3983 4340 4312 4340 4360 4340 4394 4341 3983 4341 4360 4341 4722 4342 4730 4342 4724 4342 432 4343 378 4343 430 4343 570 4344 522 4344 950 4344 855 4345 570 4345 950 4345 712 4346 492 4346 498 4346 504 4347 712 4347 498 4347 712 4348 504 4348 510 4348 518 4349 712 4349 510 4349 528 4350 712 4350 518 4350 685 4351 434 4351 424 4351 416 4352 685 4352 424 4352 408 4353 685 4353 416 4353 677 4354 406 4354 410 4354 418 4355 677 4355 410 4355 428 4356 677 4356 418 4356 677 4357 428 4357 436 4357 442 4358 677 4358 436 4358 448 4359 677 4359 442 4359 677 4360 448 4360 452 4360 458 4361 677 4361 452 4361 460 4362 677 4362 458 4362 212 4363 144 4363 204 4363 310 4364 304 4364 144 4364 696 4365 310 4365 144 4365 364 4366 310 4366 696 4366 394 4367 364 4367 696 4367 828 4368 574 4368 578 4368 584 4369 828 4369 578 4369 783 4370 828 4370 584 4370 582 4371 783 4371 584 4371 576 4372 783 4372 582 4372 929 4373 717 4373 693 4373 668 4374 929 4374 693 4374 864 4375 845 4375 1000 4375 879 4376 864 4376 1000 4376 1000 4377 845 4377 829 4377 821 4378 1000 4378 829 4378 929 4379 1000 4379 821 4379 819 4380 929 4380 821 4380 811 4381 929 4381 819 4381 1329 4382 1158 4382 1133 4382 1129 4383 1329 4383 1133 4383 1140 4384 1329 4384 1129 4384 1121 4385 1140 4385 1129 4385 1095 4386 1140 4386 1121 4386 1140 4387 1095 4387 1073 4387 1066 4388 1140 4388 1073 4388 1064 4389 1140 4389 1066 4389 1140 4390 1064 4390 1061 4390 1059 4391 1140 4391 1061 4391 1057 4392 1140 4392 1059 4392 1178 4393 1195 4393 1443 4393 1682 4394 1597 4394 1593 4394 1587 4395 1682 4395 1593 4395 1572 4396 1682 4396 1587 4396 1565 4397 1572 4397 1587 4397 1560 4398 1572 4398 1565 4398 1927 4399 1969 4399 1964 4399 1956 4400 1927 4400 1964 4400 1952 4401 1927 4401 1956 4401 2365 4402 2242 4402 2233 4402 2221 4403 2365 4403 2233 4403 2209 4404 2365 4404 2221 4404 2826 4405 2980 4405 2967 4405 2960 4406 2826 4406 2967 4406 2945 4407 2826 4407 2960 4407 3327 4408 3349 4408 3333 4408 3304 4409 3327 4409 3333 4409 3297 4410 3327 4410 3304 4410 3405 4411 3512 4411 3516 4411 3536 4412 3405 4412 3516 4412 3829 4413 3815 4413 3637 4413 3637 4414 3757 4414 3746 4414 3740 4415 3637 4415 3746 4415 3737 4416 3637 4416 3740 4416 3637 4417 3737 4417 3732 4417 3720 4418 3637 4418 3732 4418 3712 4419 3637 4419 3720 4419 3637 4420 3712 4420 3705 4420 3697 4421 3637 4421 3705 4421 3684 4422 3637 4422 3697 4422 3848 4423 3897 4423 3893 4423 3848 4424 3899 4424 3903 4424 3907 4425 3848 4425 3903 4425 3804 4426 3848 4426 3907 4426 3911 4427 3804 4427 3907 4427 3915 4428 3804 4428 3911 4428 3920 4429 4083 4429 4075 4429 4065 4430 3920 4430 4075 4430 4058 4431 3920 4431 4065 4431 3920 4432 4025 4432 4005 4432 3993 4433 3920 4433 4005 4433 3990 4434 3920 4434 3993 4434 3983 4435 4272 4435 4274 4435 4280 4436 3983 4436 4274 4436 4284 4437 3983 4437 4280 4437 3983 4438 4284 4438 4290 4438 4296 4439 3983 4439 4290 4439 4312 4440 3983 4440 4296 4440 4111 4441 4390 4441 4384 4441 4378 4442 4111 4442 4384 4442 4372 4443 4111 4443 4378 4443 4600 4444 4730 4444 4588 4444 4203 4445 4402 4445 4410 4445 4205 4446 4440 4446 4434 4446 4430 4447 4205 4447 4434 4447 4542 4448 4502 4448 4506 4448 3654 4449 3491 4449 3494 4449 897 4450 1054 4450 786 4450 378 4451 522 4451 488 4451 426 4452 378 4452 488 4452 796 4453 594 4453 596 4453 685 4454 472 4454 466 4454 462 4455 685 4455 466 4455 456 4456 685 4456 462 4456 685 4457 456 4457 450 4457 444 4458 685 4458 450 4458 440 4459 685 4459 444 4459 685 4460 398 4460 372 4460 342 4461 685 4461 372 4461 294 4462 685 4462 342 4462 679 4463 484 4463 482 4463 480 4464 679 4464 482 4464 472 4465 679 4465 480 4465 144 4466 140 4466 156 4466 198 4467 144 4467 156 4467 204 4468 144 4468 198 4468 144 4469 212 4469 234 4469 286 4470 144 4470 234 4470 322 4471 144 4471 286 4471 144 4472 304 4472 296 4472 292 4473 144 4473 296 4473 242 4474 144 4474 292 4474 520 4475 512 4475 696 4475 526 4476 520 4476 696 4476 696 4477 494 4477 490 4477 470 4478 696 4478 490 4478 454 4479 696 4479 470 4479 828 4480 514 4480 524 4480 530 4481 828 4481 524 4481 540 4482 828 4482 530 4482 929 4483 803 4483 797 4483 793 4484 929 4484 797 4484 779 4485 929 4485 793 4485 1046 4486 907 4486 913 4486 918 4487 1046 4487 913 4487 1020 4488 1046 4488 918 4488 926 4489 1020 4489 918 4489 932 4490 1020 4490 926 4490 1020 4491 932 4491 936 4491 940 4492 1020 4492 936 4492 942 4493 1020 4493 940 4493 922 4494 915 4494 1020 4494 930 4495 922 4495 1020 4495 1020 4496 915 4496 909 4496 905 4497 1020 4497 909 4497 1000 4498 1020 4498 905 4498 887 4499 1000 4499 905 4499 879 4500 1000 4500 887 4500 1046 4501 1001 4501 784 4501 815 4502 1046 4502 784 4502 870 4503 1046 4503 815 4503 1443 4504 1185 4504 1183 4504 1175 4505 1443 4505 1183 4505 1329 4506 1443 4506 1175 4506 1170 4507 1329 4507 1175 4507 1166 4508 1329 4508 1170 4508 1230 4509 1487 4509 1479 4509 1474 4510 1230 4510 1479 4510 1466 4511 1230 4511 1474 4511 1658 4512 1769 4512 1660 4512 1850 4513 1769 4513 1647 4513 1654 4514 1850 4514 1647 4514 1664 4515 1850 4515 1654 4515 2649 4516 2875 4516 2884 4516 2902 4517 2649 4517 2884 4517 2906 4518 2649 4518 2902 4518 3413 4519 3327 4519 3415 4519 3405 4520 3538 4520 3532 4520 3525 4521 3405 4521 3532 4521 3523 4522 3405 4522 3525 4522 3506 4523 3405 4523 3510 4523 3637 4524 3813 4524 3791 4524 3765 4525 3637 4525 3791 4525 3757 4526 3637 4526 3765 4526 3848 4527 3893 4527 3889 4527 3891 4528 3848 4528 3889 4528 3895 4529 3848 4529 3891 4529 3920 4530 3990 4530 3977 4530 3969 4531 3920 4531 3977 4531 3868 4532 3920 4532 3969 4532 3957 4533 3868 4533 3969 4533 3939 4534 3868 4534 3957 4534 4072 4535 4266 4535 4248 4535 4240 4536 4072 4536 4248 4536 3983 4537 4072 4537 4240 4537 4232 4538 3983 4538 4240 4538 4236 4539 3983 4539 4232 4539 4534 4540 4492 4540 4516 4540 4195 4541 4203 4541 4730 4541 4468 4542 4195 4542 4730 4542 4111 4543 4195 4543 4468 4543 4406 4544 4111 4544 4468 4544 4390 4545 4111 4545 4406 4545 4111 4546 4372 4546 4364 4546 4354 4547 4111 4547 4364 4547 4346 4548 4111 4548 4354 4548 4111 4549 4320 4549 4302 4549 4294 4550 4111 4550 4302 4550 4203 4551 4448 4551 4458 4551 4203 4552 4478 4552 4484 4552 4510 4553 4203 4553 4484 4553 4730 4554 4203 4554 4510 4554 4540 4555 4730 4555 4510 4555 4588 4556 4730 4556 4540 4556 4205 4557 4430 4557 4424 4557 4422 4558 4205 4558 4424 4558 4209 4559 4205 4559 4422 4559 4418 4560 4209 4560 4422 4560 4414 4561 4209 4561 4418 4561 2636 4562 3124 4562 2866 4562 1054 4563 991 4563 987 4563 1054 4564 974 4564 970 4564 965 4565 1054 4565 970 4565 1004 4566 747 4566 801 4566 1004 4567 944 4567 947 4567 712 4568 360 4568 384 4568 712 4569 528 4569 536 4569 546 4570 712 4570 536 4570 556 4571 712 4571 546 4571 712 4572 556 4572 562 4572 580 4573 712 4573 562 4573 796 4574 712 4574 580 4574 588 4575 796 4575 580 4575 594 4576 796 4576 588 4576 144 4577 242 4577 164 4577 154 4578 144 4578 164 4578 150 4579 144 4579 154 4579 696 4580 512 4580 508 4580 500 4581 696 4581 508 4581 494 4582 696 4582 500 4582 929 4583 779 4583 773 4583 759 4584 929 4584 773 4584 717 4585 929 4585 759 4585 1020 4586 942 4586 938 4586 934 4587 1020 4587 938 4587 930 4588 1020 4588 934 4588 672 4589 784 4589 670 4589 1140 4590 1043 4590 1039 4590 1037 4591 1140 4591 1039 4591 1027 4592 1140 4592 1037 4592 1443 4593 1201 4593 1206 4593 1210 4594 1443 4594 1206 4594 1212 4595 1443 4595 1210 4595 1230 4596 1466 4596 1462 4596 1459 4597 1230 4597 1462 4597 1456 4598 1230 4598 1459 4598 2340 4599 2325 4599 2365 4599 2413 4600 2340 4600 2365 4600 2351 4601 2340 4601 2413 4601 2649 4602 2906 4602 2914 4602 2912 4603 2649 4603 2914 4603 2904 4604 2649 4604 2912 4604 3107 4605 3192 4605 3180 4605 3170 4606 3107 4606 3180 4606 3154 4607 3107 4607 3170 4607 3405 4608 3523 4608 3519 4608 3514 4609 3405 4609 3519 4609 3510 4610 3405 4610 3514 4610 3405 4611 3506 4611 3504 4611 3508 4612 3405 4612 3504 4612 3512 4613 3405 4613 3508 4613 3986 4614 3928 4614 3961 4614 3997 4615 3986 4615 3961 4615 4013 4616 3986 4616 3997 4616 3848 4617 3913 4617 3909 4617 4111 4618 4346 4618 4336 4618 4326 4619 4111 4619 4336 4619 4320 4620 4111 4620 4326 4620 4111 4621 4294 4621 4288 4621 4286 4622 4111 4622 4288 4622 4072 4623 4111 4623 4286 4623 4282 4624 4072 4624 4286 4624 4270 4625 4072 4625 4282 4625 4730 4626 4576 4626 4564 4626 4526 4627 4730 4627 4564 4627 4522 4628 4730 4628 4526 4628 4730 4629 4600 4629 4662 4629 4672 4630 4730 4630 4662 4630 4682 4631 4730 4631 4672 4631 4203 4632 4458 4632 4466 4632 4474 4633 4203 4633 4466 4633 4478 4634 4203 4634 4474 4634 4205 4635 4482 4635 4476 4635 4472 4636 4205 4636 4476 4636 4464 4637 4205 4637 4472 4637 4123 4638 4332 4638 4340 4638 4462 4639 4502 4639 4542 4639 3442 4640 3491 4640 3654 4640 3418 4641 3442 4641 3654 4641 3348 4642 3442 4642 3418 4642 3388 4643 3348 4643 3385 4643 3098 4644 2851 4644 3096 4644 1721 4645 1645 4645 1671 4645 1188 4646 1199 4646 1349 4646 1180 4647 1188 4647 1349 4647 1153 4648 1071 4648 1091 4648 1117 4649 1153 4649 1091 4649 1125 4650 1153 4650 1117 4650 1024 4651 968 4651 972 4651 985 4652 1054 4652 980 4652 378 4653 432 4653 502 4653 564 4654 378 4654 502 4654 590 4655 378 4655 564 4655 378 4656 590 4656 604 4656 618 4657 378 4657 604 4657 664 4658 378 4658 618 4658 855 4659 634 4659 642 4659 855 4660 638 4660 620 4660 614 4661 855 4661 620 4661 610 4662 855 4662 614 4662 712 4663 384 4663 414 4663 476 4664 712 4664 414 4664 492 4665 712 4665 476 4665 677 4666 464 4666 468 4666 474 4667 677 4667 468 4667 679 4668 677 4668 474 4668 478 4669 679 4669 474 4669 484 4670 679 4670 478 4670 550 4671 542 4671 696 4671 783 4672 550 4672 696 4672 696 4673 542 4673 538 4673 532 4674 696 4674 538 4674 526 4675 696 4675 532 4675 828 4676 540 4676 544 4676 554 4677 828 4677 544 4677 558 4678 828 4678 554 4678 1140 4679 1027 4679 1017 4679 1013 4680 1140 4680 1017 4680 1009 4681 1140 4681 1013 4681 1443 4682 1212 4682 1208 4682 1204 4683 1443 4683 1208 4683 1197 4684 1443 4684 1204 4684 1230 4685 1456 4685 1440 4685 1394 4686 1230 4686 1440 4686 1391 4687 1230 4687 1394 4687 1917 4688 1913 4688 1922 4688 1919 4689 1917 4689 1922 4689 1927 4690 1943 4690 1936 4690 1924 4691 1927 4691 1936 4691 1875 4692 1927 4692 1924 4692 1922 4693 1875 4693 1924 4693 1911 4694 1875 4694 1922 4694 1913 4695 1911 4695 1922 4695 2351 4696 2413 4696 2372 4696 2368 4697 2351 4697 2372 4697 2354 4698 2351 4698 2368 4698 2362 4699 2354 4699 2368 4699 2649 4700 2904 4700 2873 4700 2849 4701 2649 4701 2873 4701 2847 4702 2649 4702 2849 4702 3327 4703 3377 4703 3372 4703 3366 4704 3327 4704 3372 4704 3362 4705 3327 4705 3366 4705 3405 4706 3536 4706 3547 4706 3650 4707 3405 4707 3547 4707 3327 4708 3405 4708 3650 4708 3489 4709 3327 4709 3650 4709 3415 4710 3327 4710 3489 4710 3637 4711 3853 4711 3849 4711 3841 4712 3637 4712 3849 4712 3829 4713 3637 4713 3841 4713 3986 4714 4013 4714 4031 4714 4051 4715 3986 4715 4031 4715 4056 4716 3986 4716 4051 4716 3986 4717 4056 4717 4079 4717 4095 4718 3986 4718 4079 4718 4097 4719 3986 4719 4095 4719 3868 4720 3933 4720 3930 4720 3921 4721 3868 4721 3930 4721 3848 4722 3868 4722 3921 4722 3917 4723 3848 4723 3921 4723 3913 4724 3848 4724 3917 4724 3848 4725 3909 4725 3905 4725 3901 4726 3848 4726 3905 4726 3897 4727 3848 4727 3901 4727 3920 4728 4218 4728 4200 4728 4138 4729 3920 4729 4200 4729 4083 4730 3920 4730 4138 4730 4534 4731 4536 4731 4456 4731 4470 4732 4534 4732 4456 4732 4730 4733 4722 4733 4676 4733 4582 4734 4730 4734 4676 4734 4576 4735 4730 4735 4582 4735 4730 4736 4682 4736 4720 4736 4734 4737 4730 4737 4720 4737 4736 4738 4730 4738 4734 4738 4209 4739 4408 4739 4404 4739 4398 4740 4209 4740 4404 4740 4203 4741 4209 4741 4398 4741 4400 4742 4203 4742 4398 4742 4402 4743 4203 4743 4400 4743 4203 4744 4426 4744 4432 4744 4205 4745 4464 4745 4454 4745 4446 4746 4205 4746 4454 4746 4440 4747 4205 4747 4446 4747 4330 4748 4332 4748 4123 4748 3874 4749 3971 4749 3975 4749 3418 4750 3688 4750 3682 4750 3678 4751 3418 4751 3682 4751 3418 4752 3678 4752 3674 4752 3672 4753 3418 4753 3674 4753 3500 4754 3418 4754 3672 4754 3168 4755 3209 4755 3221 4755 3288 4756 3168 4756 3221 4756 2179 4757 2152 4757 2159 4757 1946 4758 2100 4758 2107 4758 1870 4759 1771 4759 1773 4759 1507 4760 1377 4760 1373 4760 1369 4761 1507 4761 1373 4761 1350 4762 1507 4762 1369 4762 1453 4763 1354 4763 1360 4763 1153 4764 1041 4764 1055 4764 1068 4765 1153 4765 1055 4765 1071 4766 1153 4766 1068 4766 1054 4767 985 4767 989 4767 993 4768 1054 4768 989 4768 991 4769 1054 4769 993 4769 1054 4770 987 4770 982 4770 978 4771 1054 4771 982 4771 974 4772 1054 4772 978 4772 1004 4773 801 4773 808 4773 817 4774 1004 4774 808 4774 823 4775 1004 4775 817 4775 1004 4776 823 4776 833 4776 860 4777 1004 4777 833 4777 881 4778 1004 4778 860 4778 1024 4779 1004 4779 947 4779 953 4780 1024 4780 947 4780 955 4781 1024 4781 953 4781 950 4782 522 4782 378 4782 664 4783 950 4783 378 4783 1004 4784 950 4784 664 4784 680 4785 1004 4785 664 4785 747 4786 1004 4786 680 4786 390 4787 378 4787 396 4787 796 4788 596 4788 600 4788 612 4789 796 4789 600 4789 855 4790 796 4790 612 4790 616 4791 855 4791 612 4791 634 4792 855 4792 616 4792 855 4793 610 4793 608 4793 602 4794 855 4794 608 4794 598 4795 855 4795 602 4795 855 4796 598 4796 592 4796 586 4797 855 4797 592 4797 570 4798 855 4798 586 4798 158 4799 160 4799 360 4799 712 4800 158 4800 360 4800 152 4801 158 4801 712 4801 685 4802 152 4802 712 4802 146 4803 152 4803 685 4803 294 4804 146 4804 685 4804 148 4805 146 4805 294 4805 282 4806 148 4806 294 4806 220 4807 148 4807 282 4807 148 4808 220 4808 210 4808 200 4809 148 4809 210 4809 162 4810 148 4810 200 4810 783 4811 572 4811 566 4811 552 4812 783 4812 566 4812 550 4813 783 4813 552 4813 828 4814 558 4814 560 4814 568 4815 828 4815 560 4815 574 4816 828 4816 568 4816 929 4817 668 4817 606 4817 548 4818 929 4818 606 4818 534 4819 929 4819 548 4819 769 4820 784 4820 741 4820 1160 4821 1178 4821 1443 4821 1079 4822 1160 4822 1443 4822 1141 4823 1160 4823 1079 4823 1443 4824 1197 4824 1193 4824 1190 4825 1443 4825 1193 4825 1185 4826 1443 4826 1190 4826 1769 4827 1658 4827 1639 4827 1627 4828 1769 4828 1639 4828 1623 4829 1769 4829 1627 4829 1769 4830 1623 4830 1625 4830 1629 4831 1769 4831 1625 4831 1633 4832 1769 4832 1629 4832 3107 4833 3154 4833 3134 4833 3115 4834 3107 4834 3134 4834 2826 4835 3107 4835 3115 4835 3048 4836 2826 4836 3115 4836 3036 4837 2826 4837 3048 4837 3650 4838 3547 4838 3562 4838 3568 4839 3650 4839 3562 4839 3580 4840 3650 4840 3568 4840 4534 4841 4470 4841 4480 4841 4486 4842 4534 4842 4480 4842 4492 4843 4534 4843 4486 4843 4203 4844 4432 4844 4438 4844 4442 4845 4203 4845 4438 4845 4448 4846 4203 4846 4442 4846 4205 4847 4560 4847 4514 4847 4490 4848 4205 4848 4514 4848 4482 4849 4205 4849 4490 4849 4078 4850 4322 4850 4314 4850 4308 4851 4078 4851 4314 4851 3925 4852 4542 4852 3996 4852 3925 4853 4037 4853 4053 4853 4099 4854 3822 4854 3988 4854 3500 4855 3672 4855 3676 4855 3680 4856 3500 4856 3676 4856 3686 4857 3500 4857 3680 4857 3654 4858 3742 4858 3724 4858 2866 4859 3092 4859 3094 4859 2866 4860 3109 4860 3117 4860 3122 4861 2866 4861 3117 4861 3139 4862 2866 4862 3122 4862 2866 4863 3139 4863 3151 4863 3158 4864 2866 4864 3151 4864 3172 4865 2866 4865 3158 4865 2152 4866 2179 4866 2195 4866 2204 4867 2152 4867 2195 4867 2218 4868 2152 4868 2204 4868 1946 4869 2107 4869 2115 4869 2131 4870 1946 4870 2115 4870 2152 4871 1946 4871 2131 4871 2147 4872 2152 4872 2131 4872 2159 4873 2152 4873 2147 4873 1771 4874 1946 4874 1855 4874 1771 4875 1745 4875 1765 4875 1453 4876 1360 4876 1362 4876 1365 4877 1453 4877 1362 4877 1371 4878 1453 4878 1365 4878 1453 4879 1371 4879 1375 4879 1379 4880 1453 4880 1375 4880 1507 4881 1453 4881 1379 4881 1381 4882 1507 4882 1379 4882 1377 4883 1507 4883 1381 4883 1153 4884 1125 4884 1135 4884 1143 4885 1153 4885 1135 4885 1145 4886 1153 4886 1143 4886 1153 4887 1145 4887 1150 4887 1164 4888 1153 4888 1150 4888 1349 4889 1153 4889 1164 4889 1172 4890 1349 4890 1164 4890 1180 4891 1349 4891 1172 4891 1054 4892 1024 4892 972 4892 976 4893 1054 4893 972 4893 980 4894 1054 4894 976 4894 1004 4895 881 4895 891 4895 893 4896 1004 4896 891 4896 903 4897 1004 4897 893 4897 1004 4898 903 4898 911 4898 924 4899 1004 4899 911 4899 944 4900 1004 4900 924 4900 1024 4901 955 4901 961 4901 963 4902 1024 4902 961 4902 968 4903 1024 4903 963 4903 378 4904 426 4904 412 4904 402 4905 378 4905 412 4905 396 4906 378 4906 402 4906 378 4907 390 4907 366 4907 348 4908 378 4908 366 4908 346 4909 378 4909 348 4909 855 4910 642 4910 650 4910 646 4911 855 4911 650 4911 638 4912 855 4912 646 4912 290 4913 308 4913 362 4913 370 4914 290 4914 362 4914 374 4915 290 4915 370 4915 784 4916 672 4916 686 4916 715 4917 784 4917 686 4917 741 4918 784 4918 715 4918 784 4919 769 4919 777 4919 790 4920 784 4920 777 4920 815 4921 784 4921 790 4921 1140 4922 1009 4922 1007 4922 1005 4923 1140 4923 1007 4923 1001 4924 1140 4924 1005 4924 1123 4925 1127 4925 1079 4925 1099 4926 1123 4926 1079 4926 3804 4927 3928 4927 3986 4927 3859 4928 3804 4928 3986 4928 3637 4929 3804 4929 3859 4929 3855 4930 3637 4930 3859 4930 3853 4931 3637 4931 3855 4931 4452 4932 4450 4932 4218 4932 3920 4933 4452 4933 4218 4933 4504 4934 4452 4934 3920 4934 3983 4935 4504 4935 3920 4935 4536 4936 4504 4936 3983 4936 4394 4937 4536 4937 3983 4937 4456 4938 4536 4938 4394 4938 4742 4939 4596 4939 4744 4939 4078 4940 4342 4940 4338 4940 4078 4941 4308 4941 4304 4941 4298 4942 4078 4942 4304 4942 4300 4943 4078 4943 4298 4943 4078 4944 4300 4944 4306 4944 4310 4945 4078 4945 4306 4945 4123 4946 4078 4946 4310 4946 4316 4947 4123 4947 4310 4947 4330 4948 4123 4948 4316 4948 3925 4949 4053 4949 4060 4949 4063 4950 3925 4950 4060 4950 4073 4951 3925 4951 4063 4951 4214 4952 3925 4952 4188 4952 3822 4953 3696 4953 3819 4953 3823 4954 3822 4954 3819 4954 3696 4955 3753 4955 3761 4955 3787 4956 3696 4956 3761 4956 3348 4957 3320 4957 3335 4957 3102 4958 3092 4958 2866 4958 2866 4959 3172 4959 3178 4959 3187 4960 2866 4960 3178 4960 3168 4961 2866 4961 3187 4961 3198 4962 3168 4962 3187 4962 3209 4963 3168 4963 3198 4963 2427 4964 2431 4964 2636 4964 2410 4965 2427 4965 2636 4965 2415 4966 2427 4966 2410 4966 2636 4967 2431 4967 2439 4967 2453 4968 2636 4968 2439 4968 2459 4969 2636 4969 2453 4969 2636 4970 2459 4970 2467 4970 2473 4971 2636 4971 2467 4971 2479 4972 2636 4972 2473 4972 2636 4973 2479 4973 2498 4973 2851 4974 2636 4974 2498 4974 3124 4975 2636 4975 2851 4975 3098 4976 3124 4976 2851 4976 2410 4977 2333 4977 2344 4977 2366 4978 2410 4978 2344 4978 2378 4979 2410 4979 2366 4979 2410 4980 2378 4980 2392 4980 2400 4981 2410 4981 2392 4981 2415 4982 2410 4982 2400 4982 1946 4983 2067 4983 2075 4983 1396 4984 1470 4984 1472 4984 1484 4985 1396 4985 1472 4985 1501 4986 1396 4986 1484 4986 1396 4987 1350 4987 1335 4987 1319 4988 1396 4988 1335 4988 290 4989 374 4989 382 4989 388 4990 290 4990 382 4990 288 4991 290 4991 388 4991 422 4992 288 4992 388 4992 828 4993 288 4993 422 4993 486 4994 828 4994 422 4994 514 4995 828 4995 486 4995 929 4996 534 4996 516 4996 506 4997 929 4997 516 4997 496 4998 929 4998 506 4998 1079 4999 1127 4999 1131 4999 1137 5000 1079 5000 1131 5000 1141 5001 1079 5001 1137 5001 3327 5002 3413 5002 3397 5002 3383 5003 3327 5003 3397 5003 3377 5004 3327 5004 3383 5004 3650 5005 3580 5005 3597 5005 3612 5006 3650 5006 3597 5006 3640 5007 3650 5007 3612 5007 4203 5008 4410 5008 4416 5008 4420 5009 4203 5009 4416 5009 4426 5010 4203 5010 4420 5010 4123 5011 4340 5011 4344 5011 4350 5012 4123 5012 4344 5012 4197 5013 4123 5013 4350 5013 4356 5014 4197 5014 4350 5014 4362 5015 4197 5015 4356 5015 4197 5016 4362 5016 4370 5016 4374 5017 4197 5017 4370 5017 4382 5018 4197 5018 4374 5018 4197 5019 4382 5019 4388 5019 4392 5020 4197 5020 4388 5020 4412 5021 4197 5021 4392 5021 4197 5022 4412 5022 4428 5022 4436 5023 4197 5023 4428 5023 4444 5024 4197 5024 4436 5024 3996 5025 4396 5025 4368 5025 4358 5026 3996 5026 4368 5026 4078 5027 3996 5027 4358 5027 4352 5028 4078 5028 4358 5028 4342 5029 4078 5029 4352 5029 4078 5030 4338 5030 4328 5030 4324 5031 4078 5031 4328 5031 4322 5032 4078 5032 4324 5032 4460 5033 4396 5033 3996 5033 4542 5034 4460 5034 3996 5034 4494 5035 4460 5035 4542 5035 4101 5036 4107 5036 3925 5036 4091 5037 4101 5037 3925 5037 3925 5038 4107 5038 4126 5038 4168 5039 3925 5039 4126 5039 4188 5040 3925 5040 4168 5040 3925 5041 4214 5041 4276 5041 4334 5042 3925 5042 4276 5042 4348 5043 3925 5043 4334 5043 4210 5044 3852 5044 3822 5044 4099 5045 4210 5045 3822 5045 4212 5046 4210 5046 4099 5046 3822 5047 3823 5047 3825 5047 3827 5048 3822 5048 3825 5048 3832 5049 3822 5049 3827 5049 3822 5050 3832 5050 3834 5050 3836 5051 3822 5051 3834 5051 3839 5052 3822 5052 3836 5052 3500 5053 3686 5053 3690 5053 3693 5054 3500 5054 3690 5054 3700 5055 3500 5055 3693 5055 3500 5056 3700 5056 3702 5056 3710 5057 3500 5057 3702 5057 3714 5058 3500 5058 3710 5058 3696 5059 3787 5059 3811 5059 3817 5060 3696 5060 3811 5060 3819 5061 3696 5061 3817 5061 3805 5062 3654 5062 3807 5062 3418 5063 3654 5063 3724 5063 3707 5064 3418 5064 3724 5064 3688 5065 3418 5065 3707 5065 3168 5066 3288 5066 3295 5066 3306 5067 3168 5067 3295 5067 3348 5068 3168 5068 3306 5068 3313 5069 3348 5069 3306 5069 3320 5070 3348 5070 3313 5070 3348 5071 3335 5071 3339 5071 3344 5072 3348 5072 3339 5072 3353 5073 3348 5073 3344 5073 3348 5074 3370 5074 3374 5074 3381 5075 3348 5075 3374 5075 3385 5076 3348 5076 3381 5076 2866 5077 3094 5077 3100 5077 3104 5078 2866 5078 3100 5078 3109 5079 2866 5079 3104 5079 2055 5080 2067 5080 1946 5080 1946 5081 2075 5081 2084 5081 2089 5082 1946 5082 2084 5082 2100 5083 1946 5083 2089 5083 1337 5084 1453 5084 1331 5084 1153 5085 1054 5085 897 5085 995 5086 1153 5086 897 5086 997 5087 1153 5087 995 5087 788 5088 852 5088 831 5088 825 5089 788 5089 831 5089 805 5090 788 5090 825 5090 300 5091 306 5091 160 5091 206 5092 300 5092 160 5092 160 5093 306 5093 318 5093 356 5094 160 5094 318 5094 360 5095 160 5095 356 5095 929 5096 496 5096 420 5096 380 5097 929 5097 420 5097 376 5098 929 5098 380 5098 4684 5099 4678 5099 4742 5099 4726 5100 4684 5100 4742 5100 4592 5101 4542 5101 4594 5101 3874 5102 3975 5102 3999 5102 4007 5103 3874 5103 3999 5103 3925 5104 3874 5104 4007 5104 4021 5105 3925 5105 4007 5105 4037 5106 3925 5106 4021 5106 3925 5107 4073 5107 4081 5107 4088 5108 3925 5108 4081 5108 4091 5109 3925 5109 4088 5109 3925 5110 4348 5110 4366 5110 4376 5111 3925 5111 4366 5111 4542 5112 3925 5112 4376 5112 4386 5113 4542 5113 4376 5113 4462 5114 4542 5114 4386 5114 3852 5115 3979 5115 3973 5115 3852 5116 3943 5116 3941 5116 3945 5117 3852 5117 3941 5117 3949 5118 3852 5118 3945 5118 3852 5119 3949 5119 3953 5119 3959 5120 3852 5120 3953 5120 3874 5121 3852 5121 3959 5121 3965 5122 3874 5122 3959 5122 3971 5123 3874 5123 3965 5123 3500 5124 3714 5124 3718 5124 3726 5125 3500 5125 3718 5125 3696 5126 3500 5126 3726 5126 3748 5127 3696 5127 3726 5127 3753 5128 3696 5128 3748 5128 3348 5129 3353 5129 3359 5129 3364 5130 3348 5130 3359 5130 3370 5131 3348 5131 3364 5131 3348 5132 3388 5132 3394 5132 3407 5133 3348 5133 3394 5133 3442 5134 3348 5134 3407 5134 3411 5135 3442 5135 3407 5135 3420 5136 3442 5136 3411 5136 3442 5137 3420 5137 3423 5137 3427 5138 3442 5138 3423 5138 3430 5139 3442 5139 3427 5139 1586 5140 1558 5140 1562 5140 1453 5141 1337 5141 1342 5141 1346 5142 1453 5142 1342 5142 1354 5143 1453 5143 1346 5143 1054 5144 965 5144 957 5144 920 5145 1054 5145 957 5145 786 5146 1054 5146 920 5146 889 5147 786 5147 920 5147 788 5148 786 5148 889 5148 873 5149 788 5149 889 5149 852 5150 788 5150 873 5150 4318 5151 4292 5151 4450 5151 4380 5152 4318 5152 4450 5152 4450 5153 4292 5153 4278 5153 4264 5154 4450 5154 4278 5154 4218 5155 4450 5155 4264 5155 4742 5156 4678 5156 4670 5156 4648 5157 4742 5157 4670 5157 4596 5158 4742 5158 4648 5158 4015 5159 3979 5159 3852 5159 3852 5160 3973 5160 3967 5160 3963 5161 3852 5161 3967 5161 3955 5162 3852 5162 3963 5162 3822 5163 3839 5163 3843 5163 3845 5164 3822 5164 3843 5164 3857 5165 3822 5165 3845 5165 3654 5166 3755 5166 3750 5166 3744 5167 3654 5167 3750 5167 3742 5168 3654 5168 3744 5168 3113 5169 3102 5169 2866 5169 3124 5170 3113 5170 2866 5170 3136 5171 3113 5171 3124 5171 2851 5172 2498 5172 2510 5172 2526 5173 2851 5173 2510 5173 2529 5174 2851 5174 2526 5174 2152 5175 2218 5175 2235 5175 2247 5176 2152 5176 2235 5176 2410 5177 2152 5177 2247 5177 2313 5178 2410 5178 2247 5178 2333 5179 2410 5179 2313 5179 1271 5180 1396 5180 1284 5180 1349 5181 1199 5181 1217 5181 1246 5182 1349 5182 1217 5182 1453 5183 1349 5183 1246 5183 1326 5184 1453 5184 1246 5184 1331 5185 1453 5185 1326 5185 1029 5186 1153 5186 1025 5186 3852 5187 3955 5187 3951 5187 3947 5188 3852 5188 3951 5188 3943 5189 3852 5189 3947 5189 3148 5190 3124 5190 3143 5190 1946 5191 1771 5191 1870 5191 2048 5192 1946 5192 1870 5192 2055 5193 1946 5193 2048 5193 1721 5194 1671 5194 1677 5194 1696 5195 1721 5195 1677 5195 1855 5196 1721 5196 1696 5196 1714 5197 1855 5197 1696 5197 1396 5198 1319 5198 1314 5198 1302 5199 1396 5199 1314 5199 1284 5200 1396 5200 1302 5200 1396 5201 1271 5201 1244 5201 1234 5202 1396 5202 1244 5202 1232 5203 1396 5203 1234 5203 1153 5204 997 5204 1011 5204 1021 5205 1153 5205 1011 5205 1025 5206 1153 5206 1021 5206 1153 5207 1029 5207 1031 5207 1034 5208 1153 5208 1031 5208 1041 5209 1153 5209 1034 5209 4197 5210 4444 5210 4488 5210 4518 5211 4197 5211 4488 5211 4572 5212 4197 5212 4518 5212 4542 5213 4592 5213 4574 5213 4520 5214 4542 5214 4574 5214 4512 5215 4542 5215 4520 5215 4542 5216 4512 5216 4508 5216 4500 5217 4542 5217 4508 5217 4494 5218 4542 5218 4500 5218 3124 5219 3148 5219 3146 5219 3141 5220 3124 5220 3146 5220 3136 5221 3124 5221 3141 5221 1962 5222 1870 5222 1960 5222 1855 5223 1714 5223 1717 5223 1724 5224 1855 5224 1717 5224 1726 5225 1855 5225 1724 5225 1855 5226 1751 5226 1755 5226 1759 5227 1855 5227 1755 5227 1761 5228 1855 5228 1759 5228 1586 5229 1533 5229 1544 5229 1556 5230 1586 5230 1544 5230 1558 5231 1586 5231 1556 5231 1586 5232 1606 5232 1612 5232 1618 5233 1586 5233 1612 5233 1721 5234 1586 5234 1618 5234 1635 5235 1721 5235 1618 5235 1645 5236 1721 5236 1635 5236 3822 5237 3857 5237 3865 5237 3869 5238 3822 5238 3865 5238 3875 5239 3822 5239 3869 5239 3654 5240 3805 5240 3783 5240 3759 5241 3654 5241 3783 5241 3755 5242 3654 5242 3759 5242 2851 5243 2529 5243 2531 5243 2536 5244 2851 5244 2531 5244 2550 5245 2851 5245 2536 5245 1855 5246 1726 5246 1728 5246 1732 5247 1855 5247 1728 5247 1734 5248 1855 5248 1732 5248 1855 5249 1761 5249 1763 5249 1757 5250 1855 5250 1763 5250 1771 5251 1855 5251 1757 5251 1747 5252 1771 5252 1757 5252 1743 5253 1771 5253 1747 5253 1586 5254 1562 5254 1568 5254 1573 5255 1586 5255 1568 5255 1577 5256 1586 5256 1573 5256 1586 5257 1577 5257 1580 5257 1583 5258 1586 5258 1580 5258 1590 5259 1586 5259 1583 5259 4744 5260 4596 5260 4560 5260 4205 5261 4744 5261 4560 5261 4738 5262 4744 5262 4205 5262 4197 5263 4738 5263 4205 5263 4732 5264 4738 5264 4197 5264 4572 5265 4732 5265 4197 5265 4728 5266 4732 5266 4572 5266 4578 5267 4728 5267 4572 5267 4586 5268 4728 5268 4578 5268 4067 5269 4015 5269 3852 5269 4210 5270 4067 5270 3852 5270 4093 5271 4067 5271 4210 5271 3822 5272 3875 5272 3877 5272 3880 5273 3822 5273 3877 5273 3883 5274 3822 5274 3880 5274 2851 5275 2550 5275 2609 5275 2651 5276 2851 5276 2609 5276 2653 5277 2851 5277 2651 5277 2035 5278 1870 5278 2028 5278 1855 5279 1734 5279 1737 5279 1749 5280 1855 5280 1737 5280 1751 5281 1855 5281 1749 5281 1771 5282 1743 5282 1739 5282 1741 5283 1771 5283 1739 5283 1745 5284 1771 5284 1741 5284 1586 5285 1590 5285 1595 5285 1601 5286 1586 5286 1595 5286 1606 5287 1586 5287 1601 5287 4728 5288 4586 5288 4590 5288 4640 5289 4728 5289 4590 5289 4718 5290 4728 5290 4640 5290 4170 5291 4144 5291 4210 5291 4198 5292 4170 5292 4210 5292 3822 5293 3883 5293 3926 5293 3984 5294 3822 5294 3926 5294 3988 5295 3822 5295 3984 5295 1870 5296 1962 5296 1996 5296 2026 5297 1870 5297 1996 5297 2028 5298 1870 5298 2026 5298 1870 5299 2035 5299 2039 5299 2041 5300 1870 5300 2039 5300 2048 5301 1870 5301 2041 5301 4210 5302 4144 5302 4114 5302 4104 5303 4210 5303 4114 5303 4093 5304 4210 5304 4104 5304 1507 5305 1350 5305 1396 5305 1501 5306 1507 5306 1396 5306 1586 5307 1507 5307 1501 5307 1508 5308 1586 5308 1501 5308 1514 5309 1586 5309 1508 5309 1586 5310 1514 5310 1519 5310 1523 5311 1586 5311 1519 5311 1533 5312 1586 5312 1523 5312 2536 5313 2551 5313 2550 5313 2537 5314 2551 5314 2536 5314 2531 5315 2537 5315 2536 5315 2532 5316 2537 5316 2531 5316 2529 5317 2532 5317 2531 5317 2530 5318 2532 5318 2529 5318 2526 5319 2530 5319 2529 5319 2527 5320 2530 5320 2526 5320 810 5321 684 5321 688 5321 684 5322 810 5322 792 5322 776 5323 684 5323 792 5323 678 5324 684 5324 776 5324 775 5325 678 5325 776 5325 676 5326 678 5326 775 5326 781 5327 676 5327 775 5327 682 5328 676 5328 781 5328 807 5329 682 5329 781 5329 695 5330 682 5330 807 5330 847 5331 695 5331 807 5331 782 5332 695 5332 847 5332 917 5333 782 5333 847 5333 827 5334 782 5334 917 5334 967 5335 827 5335 917 5335 928 5336 827 5336 967 5336 1015 5337 928 5337 967 5337 999 5338 928 5338 1015 5338 1033 5339 999 5339 1015 5339 1019 5340 999 5340 1033 5340 1063 5341 1019 5341 1033 5341 1045 5342 1019 5342 1063 5342 1174 5343 1045 5343 1063 5343 1139 5344 1045 5344 1174 5344 1368 5345 1139 5345 1174 5345 1328 5346 1139 5346 1368 5346 1454 5347 1328 5347 1368 5347 1442 5348 1328 5348 1454 5348 1510 5349 1442 5349 1454 5349 1492 5350 1442 5350 1510 5350 1582 5351 1492 5351 1510 5351 1571 5352 1492 5352 1582 5352 1716 5353 1571 5353 1582 5353 1681 5354 1571 5354 1716 5354 1852 5355 1681 5355 1716 5355 1849 5356 1681 5356 1852 5356 1930 5357 1849 5357 1852 5357 1926 5358 1849 5358 1930 5358 2099 5359 1926 5359 1930 5359 2095 5360 1926 5360 2099 5360 2353 5361 2095 5361 2099 5361 2364 5362 2095 5362 2353 5362 2568 5363 2364 5363 2353 5363 2601 5364 2364 5364 2568 5364 2812 5365 2601 5365 2568 5365 2825 5366 2601 5366 2812 5366 3071 5367 2825 5367 2812 5367 3106 5368 2825 5368 3071 5368 3300 5369 3106 5369 3071 5369 3326 5370 3106 5370 3300 5370 3393 5371 3326 5371 3300 5371 3404 5372 3326 5372 3393 5372 3440 5373 3404 5373 3393 5373 3465 5374 3404 5374 3440 5374 3552 5375 3465 5375 3440 5375 3636 5376 3465 5376 3552 5376 3739 5377 3636 5377 3552 5377 3803 5378 3636 5378 3739 5378 3831 5379 3803 5379 3739 5379 3847 5380 3803 5380 3831 5380 3861 5381 3847 5381 3831 5381 3867 5382 3847 5382 3861 5382 3879 5383 3867 5383 3861 5383 3919 5384 3867 5384 3879 5384 3923 5385 3919 5385 3879 5385 3982 5386 3919 5386 3923 5386 3981 5387 3982 5387 3923 5387 4071 5388 3982 5388 3981 5388 4055 5389 4071 5389 3981 5389 4110 5390 4071 5390 4055 5390 4087 5391 4110 5391 4055 5391 4194 5392 4110 5392 4087 5392 4103 5393 4194 5393 4087 5393 4202 5394 4194 5394 4103 5394 4109 5395 4202 5395 4103 5395 4208 5396 4202 5396 4109 5396 4106 5397 4208 5397 4109 5397 4204 5398 4208 5398 4106 5398 4090 5399 4204 5399 4106 5399 4196 5400 4204 5400 4090 5400 4062 5401 4196 5401 4090 5401 4122 5402 4196 5402 4062 5402 3992 5403 4122 5403 4062 5403 4077 5404 4122 5404 3992 5404 3932 5405 4077 5405 3992 5405 3995 5406 4077 5406 3932 5406 3882 5407 3995 5407 3932 5407 3924 5408 3995 5408 3882 5408 3864 5409 3924 5409 3882 5409 3873 5410 3924 5410 3864 5410 3838 5411 3873 5411 3864 5411 3851 5412 3873 5412 3838 5412 3752 5413 3851 5413 3838 5413 3821 5414 3851 5414 3752 5414 3570 5415 3821 5415 3752 5415 3695 5416 3821 5416 3570 5416 3449 5417 3695 5417 3570 5417 3499 5418 3695 5418 3449 5418 3401 5419 3499 5419 3449 5419 3417 5420 3499 5420 3401 5420 3328 5421 3417 5421 3401 5421 3347 5422 3417 5422 3328 5422 3121 5423 3347 5423 3328 5423 3165 5424 3347 5424 3121 5424 2844 5425 3165 5425 3121 5425 2864 5426 3165 5426 2844 5426 2625 5427 2864 5427 2844 5427 2633 5428 2864 5428 2625 5428 2397 5429 2633 5429 2625 5429 2407 5430 2633 5430 2397 5430 2153 5431 2407 5431 2397 5431 2151 5432 2407 5432 2153 5432 1954 5433 2151 5433 2153 5433 1945 5434 2151 5434 1954 5434 1861 5435 1945 5435 1954 5435 1854 5436 1945 5436 1861 5436 1731 5437 1854 5437 1861 5437 1720 5438 1854 5438 1731 5438 1600 5439 1720 5439 1731 5439 1585 5440 1720 5440 1600 5440 1528 5441 1585 5441 1600 5441 1506 5442 1585 5442 1528 5442 1465 5443 1506 5443 1528 5443 1452 5444 1506 5444 1465 5444 1388 5445 1452 5445 1465 5445 1348 5446 1452 5446 1388 5446 1203 5447 1348 5447 1388 5447 1152 5448 1348 5448 1203 5448 1070 5449 1152 5449 1203 5449 1053 5450 1152 5450 1070 5450 1036 5451 1053 5451 1070 5451 1023 5452 1053 5452 1036 5452 1016 5453 1023 5453 1036 5453 1003 5454 1023 5454 1016 5454 984 5455 1003 5455 1016 5455 949 5456 1003 5456 984 5456 946 5457 949 5457 984 5457 854 5458 949 5458 946 5458 872 5459 854 5459 946 5459 795 5460 854 5460 872 5460 810 5461 795 5461 872 5461 711 5462 795 5462 810 5462 688 5463 711 5463 810 5463 2151 5464 2156 5464 2192 5464 2151 5465 2192 5465 2220 5465 2258 5466 2151 5466 2220 5466 2291 5467 2151 5467 2258 5467 2151 5468 2291 5468 2300 5468 2324 5469 2151 5469 2300 5469 2348 5470 2151 5470 2324 5470 2097 5471 1946 5471 2109 5471 1945 5472 2074 5472 2088 5472 1946 5473 2097 5473 2083 5473 2069 5474 1946 5474 2083 5474 2065 5475 1946 5475 2069 5475 1945 5476 2065 5476 2064 5476 2066 5477 1945 5477 2064 5477 2074 5478 1945 5478 2066 5478 1945 5479 2088 5479 2102 5479 2123 5480 1945 5480 2102 5480 2151 5481 1945 5481 2123 5481 2150 5482 2151 5482 2123 5482 2156 5483 2151 5483 2150 5483 2152 5484 2349 5484 2323 5484 2301 5485 2152 5485 2323 5485 2152 5486 2301 5486 2276 5486 2240 5487 2152 5487 2276 5487 2203 5488 2152 5488 2240 5488 2152 5489 2203 5489 2174 5489 2149 5490 2152 5490 2174 5490 1946 5491 2152 5491 2149 5491 2138 5492 1946 5492 2149 5492 2109 5493 1946 5493 2138 5493 2410 5494 2574 5494 2539 5494 2514 5495 2410 5495 2539 5495 2410 5496 2514 5496 2497 5496 2471 5497 2410 5497 2497 5497 2443 5498 2410 5498 2471 5498 2410 5499 2443 5499 2424 5499 2409 5500 2410 5500 2424 5500 2152 5501 2410 5501 2409 5501 2374 5502 2152 5502 2409 5502 2349 5503 2152 5503 2374 5503 2866 5504 2860 5504 2838 5504 2817 5505 2866 5505 2838 5505 2776 5506 2866 5506 2817 5506 2866 5507 2776 5507 2714 5507 2697 5508 2866 5508 2714 5508 2636 5509 2866 5509 2697 5509 2678 5510 2636 5510 2697 5510 2657 5511 2636 5511 2678 5511 2636 5512 2657 5512 2637 5512 2635 5513 2636 5513 2637 5513 2410 5514 2636 5514 2635 5514 2614 5515 2410 5515 2635 5515 2574 5516 2410 5516 2614 5516 3168 5517 3003 5517 2978 5517 3044 5518 3003 5518 3168 5518 3168 5519 3120 5519 3089 5519 3063 5520 3168 5520 3089 5520 3044 5521 3168 5521 3063 5521 3168 5522 2978 5522 2952 5522 2921 5523 3168 5523 2952 5523 2866 5524 3168 5524 2921 5524 2863 5525 2866 5525 2921 5525 2860 5526 2866 5526 2863 5526 3348 5527 3254 5527 3227 5527 3347 5528 3214 5528 3240 5528 3268 5529 3347 5529 3240 5529 3348 5530 3308 5530 3299 5530 3287 5531 3348 5531 3299 5531 3254 5532 3348 5532 3287 5532 3347 5533 3268 5533 3294 5533 3303 5534 3347 5534 3294 5534 3312 5535 3347 5535 3303 5535 3348 5536 3325 5536 3319 5536 3317 5537 3348 5537 3319 5537 3308 5538 3348 5538 3317 5538 3347 5539 3312 5539 3318 5539 3322 5540 3347 5540 3318 5540 3329 5541 3347 5541 3322 5541 3348 5542 3227 5542 3200 5542 3169 5543 3348 5543 3200 5543 3168 5544 3348 5544 3169 5544 3167 5545 3168 5545 3169 5545 3120 5546 3168 5546 3167 5546 3165 5547 2864 5547 2865 5547 2916 5548 3165 5548 2865 5548 2951 5549 3165 5549 2916 5549 3165 5550 2951 5550 2979 5550 3002 5551 3165 5551 2979 5551 3045 5552 3165 5552 3002 5552 3165 5553 3045 5553 3064 5553 3088 5554 3165 5554 3064 5554 3119 5555 3165 5555 3088 5555 3165 5556 3119 5556 3150 5556 3166 5557 3165 5557 3150 5557 3347 5558 3165 5558 3166 5558 3184 5559 3347 5559 3166 5559 3214 5560 3347 5560 3184 5560 2679 5561 2633 5561 2656 5561 2864 5562 2633 5562 2679 5562 2864 5563 2679 5563 2698 5563 2713 5564 2864 5564 2698 5564 2777 5565 2864 5565 2713 5565 2864 5566 2777 5566 2816 5566 2837 5567 2864 5567 2816 5567 2865 5568 2864 5568 2837 5568 2151 5569 2348 5569 2375 5569 2396 5570 2151 5570 2375 5570 2407 5571 2151 5571 2396 5571 2408 5572 2407 5572 2396 5572 2444 5573 2407 5573 2408 5573 2407 5574 2515 5574 2538 5574 2407 5575 2444 5575 2472 5575 2496 5576 2407 5576 2472 5576 2515 5577 2407 5577 2496 5577 2407 5578 2538 5578 2573 5578 2615 5579 2407 5579 2573 5579 2633 5580 2407 5580 2615 5580 2634 5581 2633 5581 2615 5581 2656 5582 2633 5582 2634 5582 1946 5583 2065 5583 1945 5583 1854 5584 1946 5584 1945 5584 1855 5585 1946 5585 1854 5585 1720 5586 1855 5586 1854 5586 1721 5587 1855 5587 1720 5587 1585 5588 1721 5588 1720 5588 1586 5589 1721 5589 1585 5589 1506 5590 1586 5590 1585 5590 1507 5591 1586 5591 1506 5591 1452 5592 1507 5592 1506 5592 1453 5593 1507 5593 1452 5593 1348 5594 1453 5594 1452 5594 1349 5595 1453 5595 1348 5595 1152 5596 1349 5596 1348 5596 1153 5597 1349 5597 1152 5597 1053 5598 1153 5598 1152 5598 1054 5599 1153 5599 1053 5599 1023 5600 1054 5600 1053 5600 1024 5601 1054 5601 1023 5601 1003 5602 1024 5602 1023 5602 1004 5603 1024 5603 1003 5603 949 5604 1004 5604 1003 5604 950 5605 1004 5605 949 5605 854 5606 950 5606 949 5606 855 5607 950 5607 854 5607 795 5608 855 5608 854 5608 796 5609 855 5609 795 5609 711 5610 796 5610 795 5610 712 5611 796 5611 711 5611 688 5612 712 5612 711 5612 685 5613 712 5613 688 5613 685 5614 688 5614 684 5614 678 5615 685 5615 684 5615 679 5616 685 5616 678 5616 676 5617 679 5617 678 5617 677 5618 679 5618 676 5618 682 5619 677 5619 676 5619 683 5620 677 5620 682 5620 695 5621 683 5621 682 5621 696 5622 683 5622 695 5622 782 5623 696 5623 695 5623 783 5624 696 5624 782 5624 827 5625 783 5625 782 5625 828 5626 783 5626 827 5626 928 5627 828 5627 827 5627 929 5628 828 5628 928 5628 999 5629 929 5629 928 5629 1000 5630 929 5630 999 5630 1019 5631 1000 5631 999 5631 1020 5632 1000 5632 1019 5632 1045 5633 1020 5633 1019 5633 1046 5634 1020 5634 1045 5634 1139 5635 1046 5635 1045 5635 1140 5636 1046 5636 1139 5636 1328 5637 1140 5637 1139 5637 1329 5638 1140 5638 1328 5638 1442 5639 1329 5639 1328 5639 1443 5640 1329 5640 1442 5640 1492 5641 1443 5641 1442 5641 1493 5642 1443 5642 1492 5642 1571 5643 1493 5643 1492 5643 1572 5644 1493 5644 1571 5644 1681 5645 1572 5645 1571 5645 1682 5646 1572 5646 1681 5646 1849 5647 1682 5647 1681 5647 1850 5648 1682 5648 1849 5648 1926 5649 1850 5649 1849 5649 1927 5650 1850 5650 1926 5650 2095 5651 1927 5651 1926 5651 2096 5652 1927 5652 2095 5652 2364 5653 2096 5653 2095 5653 2365 5654 2096 5654 2364 5654 2601 5655 2365 5655 2364 5655 2602 5656 2365 5656 2601 5656 2825 5657 2602 5657 2601 5657 2826 5658 2602 5658 2825 5658 3106 5659 2826 5659 2825 5659 3107 5660 2826 5660 3106 5660 3326 5661 3107 5661 3106 5661 3327 5662 3107 5662 3326 5662 3404 5663 3327 5663 3326 5663 3405 5664 3327 5664 3404 5664 3465 5665 3405 5665 3404 5665 3466 5666 3405 5666 3465 5666 3636 5667 3466 5667 3465 5667 3637 5668 3466 5668 3636 5668 3803 5669 3637 5669 3636 5669 3804 5670 3637 5670 3803 5670 3847 5671 3804 5671 3803 5671 3848 5672 3804 5672 3847 5672 3867 5673 3848 5673 3847 5673 3868 5674 3848 5674 3867 5674 3919 5675 3868 5675 3867 5675 3920 5676 3868 5676 3919 5676 3982 5677 3920 5677 3919 5677 3983 5678 3920 5678 3982 5678 4071 5679 3983 5679 3982 5679 4072 5680 3983 5680 4071 5680 4110 5681 4072 5681 4071 5681 4111 5682 4072 5682 4110 5682 4194 5683 4111 5683 4110 5683 4195 5684 4111 5684 4194 5684 4202 5685 4195 5685 4194 5685 4203 5686 4195 5686 4202 5686 4208 5687 4203 5687 4202 5687 4209 5688 4203 5688 4208 5688 4204 5689 4209 5689 4208 5689 4205 5690 4209 5690 4204 5690 4196 5691 4205 5691 4204 5691 4197 5692 4205 5692 4196 5692 4122 5693 4197 5693 4196 5693 4123 5694 4197 5694 4122 5694 4077 5695 4123 5695 4122 5695 4078 5696 4123 5696 4077 5696 3995 5697 4078 5697 4077 5697 3996 5698 4078 5698 3995 5698 3924 5699 3996 5699 3995 5699 3925 5700 3996 5700 3924 5700 3873 5701 3925 5701 3924 5701 3874 5702 3925 5702 3873 5702 3851 5703 3874 5703 3873 5703 3852 5704 3874 5704 3851 5704 3821 5705 3852 5705 3851 5705 3822 5706 3852 5706 3821 5706 3695 5707 3822 5707 3821 5707 3696 5708 3822 5708 3695 5708 3499 5709 3696 5709 3695 5709 3500 5710 3696 5710 3499 5710 3417 5711 3500 5711 3499 5711 3418 5712 3500 5712 3417 5712 3347 5713 3418 5713 3417 5713 3348 5714 3418 5714 3347 5714 3329 5715 3348 5715 3347 5715 3325 5716 3348 5716 3329 5716 3655 5717 3808 5717 3810 5717 3802 5718 3655 5718 3810 5718 3800 5719 3655 5719 3802 5719 3655 5720 3800 5720 3798 5720 3796 5721 3655 5721 3798 5721 3794 5722 3655 5722 3796 5722 3655 5723 3794 5723 3790 5723 3786 5724 3655 5724 3790 5724 3782 5725 3655 5725 3786 5725 3655 5726 3782 5726 3779 5726 3778 5727 3655 5727 3779 5727 3776 5728 3655 5728 3778 5728 3655 5729 3776 5729 3774 5729 3772 5730 3655 5730 3774 5730 3770 5731 3655 5731 3772 5731 3655 5732 3770 5732 3768 5732 3764 5733 3655 5733 3768 5733 3729 5734 3655 5734 3764 5734 3655 5735 3729 5735 3670 5735 3666 5736 3655 5736 3670 5736 3664 5737 3655 5737 3666 5737 3655 5738 3664 5738 3662 5738 3660 5739 3655 5739 3662 5739 3657 5740 3655 5740 3660 5740 3655 5741 3657 5741 3649 5741 3646 5742 3655 5742 3649 5742 3643 5743 3655 5743 3646 5743 3655 5744 3602 5744 3593 5744 3535 5745 3655 5745 3593 5745 3495 5746 3655 5746 3535 5746 3655 5747 3628 5747 3620 5747 3608 5748 3655 5748 3620 5748 3602 5749 3655 5749 3608 5749 3655 5750 3643 5750 3635 5750 3633 5751 3655 5751 3635 5751 3628 5752 3655 5752 3633 5752 4100 5753 4213 5753 4217 5753 4251 5754 4100 5754 4217 5754 4255 5755 4100 5755 4251 5755 4100 5756 4255 5756 4259 5756 4261 5757 4100 5757 4259 5757 4257 5758 4100 5758 4261 5758 4100 5759 4257 5759 4253 5759 4247 5760 4100 5760 4253 5760 4243 5761 4100 5761 4247 5761 4100 5762 4243 5762 4238 5762 4235 5763 4100 5763 4238 5763 4230 5764 4100 5764 4235 5764 4100 5765 4230 5765 4229 5765 4227 5766 4100 5766 4229 5766 4225 5767 4100 5767 4227 5767 4100 5768 4225 5768 4223 5768 4221 5769 4100 5769 4223 5769 4207 5770 4100 5770 4221 5770 4100 5771 4207 5771 4193 5771 4191 5772 4100 5772 4193 5772 4187 5773 4100 5773 4191 5773 4100 5774 4187 5774 4185 5774 4183 5775 4100 5775 4185 5775 4181 5776 4100 5776 4183 5776 4100 5777 4181 5777 4179 5777 4176 5778 4100 5778 4179 5778 4175 5779 4100 5779 4176 5779 4100 5780 4135 5780 4125 5780 4070 5781 4100 5781 4125 5781 3989 5782 4100 5782 4070 5782 4100 5783 4165 5783 4163 5783 4149 5784 4100 5784 4163 5784 4135 5785 4100 5785 4149 5785 4100 5786 4175 5786 4173 5786 4167 5787 4100 5787 4173 5787 4165 5788 4100 5788 4167 5788 4543 5789 4595 5789 4675 5789 4687 5790 4543 5790 4675 5790 4689 5791 4543 5791 4687 5791 4543 5792 4689 5792 4695 5792 4701 5793 4543 5793 4695 5793 4707 5794 4543 5794 4701 5794 4543 5795 4707 5795 4713 5795 4717 5796 4543 5796 4713 5796 4715 5797 4543 5797 4717 5797 4543 5798 4715 5798 4711 5798 4709 5799 4543 5799 4711 5799 4705 5800 4543 5800 4709 5800 4543 5801 4705 5801 4703 5801 4699 5802 4543 5802 4703 5802 4697 5803 4543 5803 4699 5803 4543 5804 4697 5804 4693 5804 4691 5805 4543 5805 4693 5805 4681 5806 4543 5806 4691 5806 4543 5807 4681 5807 4669 5807 4667 5808 4543 5808 4669 5808 4665 5809 4543 5809 4667 5809 4543 5810 4665 5810 4661 5810 4659 5811 4543 5811 4661 5811 4656 5812 4543 5812 4659 5812 4543 5813 4656 5813 4655 5813 4652 5814 4543 5814 4655 5814 4651 5815 4543 5815 4652 5815 4543 5816 4603 5816 4599 5816 4539 5817 4543 5817 4599 5817 4507 5818 4543 5818 4539 5818 4543 5819 4643 5819 4635 5819 4611 5820 4543 5820 4635 5820 4603 5821 4543 5821 4611 5821 4543 5822 4651 5822 4647 5822 4645 5823 4543 5823 4647 5823 4643 5824 4543 5824 4645 5824 4739 5825 4745 5825 4751 5825 4851 5826 4739 5826 4751 5826 4855 5827 4739 5827 4851 5827 4739 5828 4855 5828 4857 5828 4859 5829 4739 5829 4857 5829 4861 5830 4739 5830 4859 5830 4739 5831 4861 5831 4863 5831 4865 5832 4739 5832 4863 5832 4867 5833 4739 5833 4865 5833 4739 5834 4867 5834 4869 5834 4871 5835 4739 5835 4869 5835 4872 5836 4739 5836 4871 5836 4739 5837 4872 5837 4877 5837 4881 5838 4739 5838 4877 5838 4883 5839 4739 5839 4881 5839 4739 5840 4883 5840 4879 5840 4875 5841 4739 5841 4879 5841 4853 5842 4739 5842 4875 5842 4739 5843 4853 5843 4849 5843 4847 5844 4739 5844 4849 5844 4845 5845 4739 5845 4847 5845 4739 5846 4845 5846 4843 5846 4841 5847 4739 5847 4843 5847 4839 5848 4739 5848 4841 5848 4739 5849 4839 5849 4837 5849 4834 5850 4739 5850 4837 5850 4833 5851 4739 5851 4834 5851 4739 5852 4791 5852 4787 5852 4747 5853 4739 5853 4787 5853 4733 5854 4739 5854 4747 5854 4739 5855 4805 5855 4801 5855 4795 5856 4739 5856 4801 5856 4791 5857 4739 5857 4795 5857 4739 5858 4833 5858 4831 5858 4815 5859 4739 5859 4831 5859 4805 5860 4739 5860 4815 5860 4731 5861 4725 5861 4741 5861 4753 5862 4731 5862 4741 5862 4755 5863 4731 5863 4753 5863 4731 5864 4755 5864 4757 5864 4759 5865 4731 5865 4757 5865 4761 5866 4731 5866 4759 5866 4731 5867 4761 5867 4763 5867 4765 5868 4731 5868 4763 5868 4767 5869 4731 5869 4765 5869 4731 5870 4767 5870 4769 5870 4771 5871 4731 5871 4769 5871 4772 5872 4731 5872 4771 5872 4731 5873 4772 5873 4775 5873 4777 5874 4731 5874 4775 5874 4779 5875 4731 5875 4777 5875 4731 5876 4779 5876 4781 5876 4783 5877 4731 5877 4781 5877 4785 5878 4731 5878 4783 5878 4731 5879 4785 5879 4813 5879 4819 5880 4731 5880 4813 5880 4823 5881 4731 5881 4819 5881 4731 5882 4823 5882 4827 5882 4829 5883 4731 5883 4827 5883 4825 5884 4731 5884 4829 5884 4731 5885 4825 5885 4821 5885 4817 5886 4731 5886 4821 5886 4811 5887 4731 5887 4817 5887 4731 5888 4793 5888 4789 5888 4749 5889 4731 5889 4789 5889 4737 5890 4731 5890 4749 5890 4731 5891 4803 5891 4799 5891 4797 5892 4731 5892 4799 5892 4793 5893 4731 5893 4797 5893 4731 5894 4811 5894 4809 5894 4807 5895 4731 5895 4809 5895 4803 5896 4731 5896 4807 5896 4505 5897 4453 5897 4497 5897 4525 5898 4505 5898 4497 5898 4529 5899 4505 5899 4525 5899 4505 5900 4529 5900 4531 5900 4533 5901 4505 5901 4531 5901 4545 5902 4505 5902 4533 5902 4505 5903 4545 5903 4547 5903 4549 5904 4505 5904 4547 5904 4551 5905 4505 5905 4549 5905 4505 5906 4551 5906 4553 5906 4555 5907 4505 5907 4553 5907 4557 5908 4505 5908 4555 5908 4505 5909 4557 5909 4559 5909 4563 5910 4505 5910 4559 5910 4567 5911 4505 5911 4563 5911 4505 5912 4567 5912 4568 5912 4571 5913 4505 5913 4568 5913 4585 5914 4505 5914 4571 5914 4505 5915 4585 5915 4605 5915 4609 5916 4505 5916 4605 5916 4613 5917 4505 5917 4609 5917 4505 5918 4613 5918 4617 5918 4619 5919 4505 5919 4617 5919 4623 5920 4505 5920 4619 5920 4505 5921 4623 5921 4625 5921 4629 5922 4505 5922 4625 5922 4631 5923 4505 5923 4629 5923 4505 5924 4615 5924 4607 5924 4581 5925 4505 5925 4607 5925 4537 5926 4505 5926 4581 5926 4505 5927 4633 5927 4627 5927 4621 5928 4505 5928 4627 5928 4615 5929 4505 5929 4621 5929 4505 5930 4631 5930 4637 5930 4639 5931 4505 5931 4637 5931 4633 5932 4505 5932 4639 5932 3987 5933 3888 5933 3936 5933 4002 5934 3987 5934 3936 5934 4004 5935 3987 5935 4002 5935 3987 5936 4004 5936 4010 5936 4012 5937 3987 5937 4010 5937 4018 5938 3987 5938 4012 5938 3987 5939 4018 5939 4020 5939 4024 5940 3987 5940 4020 5940 4028 5941 3987 5941 4024 5941 3987 5942 4028 5942 4030 5942 4034 5943 3987 5943 4030 5943 4035 5944 3987 5944 4034 5944 3987 5945 4035 5945 4040 5945 4042 5946 3987 5946 4040 5946 4044 5947 3987 5947 4042 5947 3987 5948 4044 5948 4045 5948 4048 5949 3987 5949 4045 5949 4086 5950 3987 5950 4048 5950 3987 5951 4086 5951 4117 5951 4119 5952 3987 5952 4117 5952 4121 5953 3987 5953 4119 5953 3987 5954 4121 5954 4129 5954 4131 5955 3987 5955 4129 5955 4133 5956 3987 5956 4131 5956 3987 5957 4133 5957 4137 5957 4141 5958 3987 5958 4137 5958 4143 5959 3987 5959 4141 5959 3987 5960 4159 5960 4155 5960 4113 5961 3987 5961 4155 5961 4098 5962 3987 5962 4113 5962 3987 5963 4153 5963 4157 5963 4161 5964 3987 5964 4157 5964 4159 5965 3987 5965 4161 5965 3987 5966 4143 5966 4147 5966 4151 5967 3987 5967 4147 5967 4153 5968 3987 5968 4151 5968 3490 5969 3416 5969 3436 5969 3451 5970 3490 5970 3436 5970 3454 5971 3490 5971 3451 5971 3490 5972 3454 5972 3456 5972 3458 5973 3490 5973 3456 5973 3461 5974 3490 5974 3458 5974 3490 5975 3461 5975 3463 5975 3468 5976 3490 5976 3463 5976 3470 5977 3490 5977 3468 5977 3490 5978 3470 5978 3472 5978 3474 5979 3490 5979 3472 5979 3476 5980 3490 5980 3474 5980 3490 5981 3476 5981 3478 5981 3481 5982 3490 5982 3478 5982 3483 5983 3490 5983 3481 5983 3490 5984 3483 5984 3485 5984 3487 5985 3490 5985 3485 5985 3531 5986 3490 5986 3487 5986 3490 5987 3531 5987 3573 5987 3575 5988 3490 5988 3573 5988 3577 5989 3490 5989 3575 5989 3490 5990 3577 5990 3579 5990 3583 5991 3490 5991 3579 5991 3586 5992 3490 5992 3583 5992 3490 5993 3586 5993 3589 5993 3591 5994 3490 5994 3589 5994 3596 5995 3490 5995 3591 5995 3490 5996 3623 5996 3625 5996 3645 5997 3490 5997 3625 5997 3653 5998 3490 5998 3645 5998 3490 5999 3610 5999 3615 5999 3618 6000 3490 6000 3615 6000 3623 6001 3490 6001 3618 6001 3490 6002 3596 6002 3600 6002 3605 6003 3490 6003 3600 6003 3610 6004 3490 6004 3605 6004 2650 6005 2458 6005 2501 6005 2553 6006 2650 6006 2501 6006 2555 6007 2650 6007 2553 6007 2650 6008 2555 6008 2557 6008 2561 6009 2650 6009 2557 6009 2563 6010 2650 6010 2561 6010 2650 6011 2563 6011 2565 6011 2567 6012 2650 6012 2565 6012 2572 6013 2650 6013 2567 6013 2650 6014 2572 6014 2578 6014 2584 6015 2650 6015 2578 6015 2586 6016 2650 6016 2584 6016 2650 6017 2586 6017 2588 6017 2590 6018 2650 6018 2588 6018 2592 6019 2650 6019 2590 6019 2650 6020 2592 6020 2595 6020 2600 6021 2650 6021 2595 6021 2665 6022 2650 6022 2600 6022 2650 6023 2665 6023 2718 6023 2721 6024 2650 6024 2718 6024 2723 6025 2650 6025 2721 6025 2650 6026 2723 6026 2728 6026 2733 6027 2650 6027 2728 6027 2734 6028 2650 6028 2733 6028 2650 6029 2734 6029 2737 6029 2740 6030 2650 6030 2737 6030 2744 6031 2650 6031 2740 6031 2650 6032 2769 6032 2773 6032 2822 6033 2650 6033 2773 6033 2848 6034 2650 6034 2822 6034 2650 6035 2754 6035 2758 6035 2765 6036 2650 6036 2758 6036 2769 6037 2650 6037 2765 6037 2650 6038 2744 6038 2746 6038 2750 6039 2650 6039 2746 6039 2754 6040 2650 6040 2750 6040 1770 6041 1661 6041 1668 6041 1674 6042 1770 6042 1668 6042 1676 6043 1770 6043 1674 6043 1770 6044 1676 6044 1680 6044 1685 6045 1770 6045 1680 6045 1687 6046 1770 6046 1685 6046 1770 6047 1687 6047 1689 6047 1691 6048 1770 6048 1689 6048 1693 6049 1770 6049 1691 6049 1770 6050 1693 6050 1695 6050 1699 6051 1770 6051 1695 6051 1701 6052 1770 6052 1699 6052 1770 6053 1701 6053 1703 6053 1705 6054 1770 6054 1703 6054 1707 6055 1770 6055 1705 6055 1770 6056 1707 6056 1710 6056 1713 6057 1770 6057 1710 6057 1754 6058 1770 6058 1713 6058 1770 6059 1754 6059 1783 6059 1785 6060 1770 6060 1783 6060 1787 6061 1770 6061 1785 6061 1770 6062 1787 6062 1789 6062 1792 6063 1770 6063 1789 6063 1794 6064 1770 6064 1792 6064 1770 6065 1794 6065 1796 6065 1798 6066 1770 6066 1796 6066 1800 6067 1770 6067 1798 6067 1770 6068 1822 6068 1826 6068 1857 6069 1770 6069 1826 6069 1867 6070 1770 6070 1857 6070 1770 6071 1808 6071 1814 6071 1818 6072 1770 6072 1814 6072 1822 6073 1770 6073 1818 6073 1770 6074 1800 6074 1802 6074 1804 6075 1770 6075 1802 6075 1808 6076 1770 6076 1804 6076 1231 6077 1078 6077 1076 6077 1082 6078 1231 6078 1076 6078 1084 6079 1231 6079 1082 6079 1231 6080 1084 6080 1086 6080 1088 6081 1231 6081 1086 6081 1090 6082 1231 6082 1088 6082 1231 6083 1090 6083 1094 6083 1098 6084 1231 6084 1094 6084 1102 6085 1231 6085 1098 6085 1231 6086 1102 6086 1104 6086 1106 6087 1231 6087 1104 6087 1108 6088 1231 6088 1106 6088 1231 6089 1108 6089 1110 6089 1112 6090 1231 6090 1110 6090 1114 6091 1231 6091 1112 6091 1231 6092 1114 6092 1116 6092 1120 6093 1231 6093 1116 6093 1157 6094 1231 6094 1120 6094 1231 6095 1157 6095 1216 6095 1220 6096 1231 6096 1216 6096 1222 6097 1231 6097 1220 6097 1231 6098 1222 6098 1224 6098 1226 6099 1231 6099 1224 6099 1229 6100 1231 6100 1226 6100 1231 6101 1229 6101 1237 6101 1239 6102 1231 6102 1237 6102 1243 6103 1231 6103 1239 6103 1231 6104 1281 6104 1290 6104 1353 6105 1231 6105 1290 6105 1392 6106 1231 6106 1353 6106 1231 6107 1255 6107 1265 6107 1276 6108 1231 6108 1265 6108 1281 6109 1231 6109 1276 6109 1231 6110 1243 6110 1249 6110 1251 6111 1231 6111 1249 6111 1255 6112 1231 6112 1251 6112 785 6113 671 6113 667 6113 633 6114 785 6114 667 6114 629 6115 785 6115 633 6115 785 6116 629 6116 625 6116 623 6117 785 6117 625 6117 627 6118 785 6118 623 6118 785 6119 627 6119 631 6119 637 6120 785 6120 631 6120 641 6121 785 6121 637 6121 785 6122 641 6122 645 6122 649 6123 785 6123 645 6123 653 6124 785 6124 649 6124 785 6125 653 6125 655 6125 657 6126 785 6126 655 6126 659 6127 785 6127 657 6127 785 6128 659 6128 661 6128 663 6129 785 6129 661 6129 675 6130 785 6130 663 6130 785 6131 675 6131 690 6131 691 6132 785 6132 690 6132 698 6133 785 6133 691 6133 785 6134 698 6134 700 6134 702 6135 785 6135 700 6135 704 6136 785 6136 702 6136 785 6137 704 6137 706 6137 708 6138 785 6138 706 6138 710 6139 785 6139 708 6139 785 6140 752 6140 762 6140 814 6141 785 6141 762 6141 896 6142 785 6142 814 6142 785 6143 722 6143 724 6143 738 6144 785 6144 724 6144 752 6145 785 6145 738 6145 785 6146 710 6146 714 6146 720 6147 785 6147 714 6147 722 6148 785 6148 720 6148 341 6149 289 6149 209 6149 197 6150 341 6150 209 6150 195 6151 341 6151 197 6151 341 6152 195 6152 189 6152 183 6153 341 6153 189 6153 177 6154 341 6154 183 6154 341 6155 177 6155 171 6155 167 6156 341 6156 171 6156 169 6157 341 6157 167 6157 341 6158 169 6158 172 6158 175 6159 341 6159 172 6159 179 6160 341 6160 175 6160 341 6161 179 6161 181 6161 185 6162 341 6162 181 6162 187 6163 341 6163 185 6163 341 6164 187 6164 191 6164 193 6165 341 6165 191 6165 203 6166 341 6166 193 6166 341 6167 203 6167 215 6167 217 6168 341 6168 215 6168 219 6169 341 6169 217 6169 341 6170 219 6170 223 6170 225 6171 341 6171 223 6171 227 6172 341 6172 225 6172 341 6173 227 6173 229 6173 231 6174 341 6174 229 6174 233 6175 341 6175 231 6175 341 6176 281 6176 285 6176 345 6177 341 6177 285 6177 377 6178 341 6178 345 6178 341 6179 241 6179 249 6179 273 6180 341 6180 249 6180 281 6181 341 6181 273 6181 341 6182 233 6182 237 6182 239 6183 341 6183 237 6183 241 6184 341 6184 239 6184 145 6185 139 6185 133 6185 33 6186 145 6186 133 6186 29 6187 145 6187 33 6187 145 6188 29 6188 27 6188 25 6189 145 6189 27 6189 23 6190 145 6190 25 6190 145 6191 23 6191 21 6191 19 6192 145 6192 21 6192 17 6193 145 6193 19 6193 145 6194 17 6194 15 6194 13 6195 145 6195 15 6195 11 6196 145 6196 13 6196 145 6197 11 6197 7 6197 3 6198 145 6198 7 6198 1 6199 145 6199 3 6199 145 6200 1 6200 5 6200 9 6201 145 6201 5 6201 31 6202 145 6202 9 6202 145 6203 31 6203 35 6203 37 6204 145 6204 35 6204 39 6205 145 6205 37 6205 145 6206 39 6206 41 6206 43 6207 145 6207 41 6207 45 6208 145 6208 43 6208 145 6209 45 6209 47 6209 49 6210 145 6210 47 6210 51 6211 145 6211 49 6211 145 6212 93 6212 97 6212 137 6213 145 6213 97 6213 151 6214 145 6214 137 6214 145 6215 79 6215 83 6215 89 6216 145 6216 83 6216 93 6217 145 6217 89 6217 145 6218 51 6218 53 6218 69 6219 145 6219 53 6219 79 6220 145 6220 69 6220 153 6221 99 6221 71 6221 65 6222 153 6222 71 6222 61 6223 153 6223 65 6223 153 6224 61 6224 57 6224 55 6225 153 6225 57 6225 59 6226 153 6226 55 6226 153 6227 59 6227 63 6227 66 6228 153 6228 63 6228 73 6229 153 6229 66 6229 153 6230 91 6230 95 6230 135 6231 153 6231 95 6231 147 6232 153 6232 135 6232 153 6233 81 6233 85 6233 87 6234 153 6234 85 6234 91 6235 153 6235 87 6235 153 6236 73 6236 75 6236 77 6237 153 6237 75 6237 81 6238 153 6238 77 6238 153 6239 159 6239 143 6239 131 6240 153 6240 143 6240 129 6241 153 6241 131 6241 153 6242 129 6242 127 6242 125 6243 153 6243 127 6243 123 6244 153 6244 125 6244 153 6245 123 6245 121 6245 119 6246 153 6246 121 6246 117 6247 153 6247 119 6247 153 6248 117 6248 114 6248 113 6249 153 6249 114 6249 111 6250 153 6250 113 6250 153 6251 111 6251 109 6251 107 6252 153 6252 109 6252 105 6253 153 6253 107 6253 153 6254 105 6254 103 6254 101 6255 153 6255 103 6255 99 6256 153 6256 101 6256 379 6257 431 6257 387 6257 359 6258 379 6258 387 6258 355 6259 379 6259 359 6259 379 6260 355 6260 353 6260 351 6261 379 6261 353 6261 339 6262 379 6262 351 6262 379 6263 339 6263 337 6263 335 6264 379 6264 337 6264 333 6265 379 6265 335 6265 379 6266 333 6266 330 6266 329 6267 379 6267 330 6267 327 6268 379 6268 329 6268 379 6269 327 6269 325 6269 321 6270 379 6270 325 6270 317 6271 379 6271 321 6271 379 6272 317 6272 315 6272 313 6273 379 6273 315 6273 299 6274 379 6274 313 6274 379 6275 299 6275 279 6275 275 6276 379 6276 279 6276 271 6277 379 6277 275 6277 379 6278 271 6278 267 6278 265 6279 379 6279 267 6279 261 6280 379 6280 265 6280 379 6281 261 6281 259 6281 254 6282 379 6282 259 6282 253 6283 379 6283 254 6283 379 6284 269 6284 277 6284 303 6285 379 6285 277 6285 347 6286 379 6286 303 6286 379 6287 251 6287 257 6287 263 6288 379 6288 257 6288 269 6289 379 6289 263 6289 379 6290 253 6290 247 6290 245 6291 379 6291 247 6291 251 6292 379 6292 245 6292 898 6293 996 6293 952 6293 886 6294 898 6294 952 6294 884 6295 898 6295 886 6295 898 6296 884 6296 878 6296 876 6297 898 6297 878 6297 869 6298 898 6298 876 6298 898 6299 869 6299 867 6299 863 6300 898 6300 867 6300 859 6301 898 6301 863 6301 898 6302 859 6302 856 6302 851 6303 898 6303 856 6303 849 6304 898 6304 851 6304 898 6305 849 6305 844 6305 842 6306 898 6306 844 6306 840 6307 898 6307 842 6307 898 6308 840 6308 838 6308 836 6309 898 6309 838 6309 800 6310 898 6310 836 6310 898 6311 800 6311 768 6311 766 6312 898 6312 768 6312 764 6313 898 6313 766 6313 898 6314 764 6314 758 6314 756 6315 898 6315 758 6315 754 6316 898 6316 756 6316 898 6317 754 6317 750 6317 745 6318 898 6318 750 6318 744 6319 898 6319 745 6319 898 6320 728 6320 732 6320 772 6321 898 6321 732 6321 787 6322 898 6322 772 6322 898 6323 734 6323 730 6323 726 6324 898 6324 730 6324 728 6325 898 6325 726 6325 898 6326 744 6326 740 6326 736 6327 898 6327 740 6327 734 6328 898 6328 736 6328 1397 6329 1471 6329 1450 6329 1434 6330 1397 6330 1450 6330 1431 6331 1397 6331 1434 6331 1397 6332 1431 6332 1429 6332 1427 6333 1397 6333 1429 6333 1424 6334 1397 6334 1427 6334 1397 6335 1424 6335 1421 6335 1418 6336 1397 6336 1421 6336 1416 6337 1397 6337 1418 6337 1397 6338 1416 6338 1413 6338 1412 6339 1397 6339 1413 6339 1410 6340 1397 6340 1412 6340 1397 6341 1410 6341 1408 6341 1405 6342 1397 6342 1408 6342 1403 6343 1397 6343 1405 6343 1397 6344 1403 6344 1401 6344 1399 6345 1397 6345 1401 6345 1357 6346 1397 6346 1399 6346 1397 6347 1357 6347 1312 6347 1310 6348 1397 6348 1312 6348 1308 6349 1397 6349 1310 6349 1397 6350 1308 6350 1305 6350 1301 6351 1397 6351 1305 6351 1298 6352 1397 6352 1301 6352 1397 6353 1298 6353 1295 6353 1291 6354 1397 6354 1295 6354 1287 6355 1397 6355 1291 6355 1397 6356 1262 6356 1259 6356 1241 6357 1397 6357 1259 6357 1233 6358 1397 6358 1241 6358 1397 6359 1274 6359 1270 6359 1267 6360 1397 6360 1270 6360 1262 6361 1397 6361 1267 6361 1397 6362 1287 6362 1283 6362 1279 6363 1397 6363 1283 6363 1274 6364 1397 6364 1279 6364 1871 6365 1961 6365 1932 6365 1910 6366 1871 6366 1932 6366 1908 6367 1871 6367 1910 6367 1871 6368 1908 6368 1906 6368 1903 6369 1871 6369 1906 6369 1901 6370 1871 6370 1903 6370 1871 6371 1901 6371 1899 6371 1897 6372 1871 6372 1899 6372 1895 6373 1871 6373 1897 6373 1871 6374 1895 6374 1892 6374 1891 6375 1871 6375 1892 6375 1889 6376 1871 6376 1891 6376 1871 6377 1889 6377 1887 6377 1885 6378 1871 6378 1887 6378 1883 6379 1871 6379 1885 6379 1871 6380 1883 6380 1881 6380 1878 6381 1871 6381 1881 6381 1863 6382 1871 6382 1878 6382 1871 6383 1863 6383 1848 6383 1846 6384 1871 6384 1848 6384 1844 6385 1871 6385 1846 6385 1871 6386 1844 6386 1842 6386 1839 6387 1871 6387 1842 6387 1837 6388 1871 6388 1839 6388 1871 6389 1837 6389 1835 6389 1831 6390 1871 6390 1835 6390 1830 6391 1871 6391 1831 6391 1871 6392 1810 6392 1806 6392 1779 6393 1871 6393 1806 6393 1774 6394 1871 6394 1779 6394 1871 6395 1820 6395 1816 6395 1812 6396 1871 6396 1816 6396 1810 6397 1871 6397 1812 6397 1871 6398 1830 6398 1828 6398 1824 6399 1871 6399 1828 6399 1820 6400 1871 6400 1824 6400 2686 6401 2748 6401 2747 6401 2687 6402 2748 6402 2686 6402 2653 6403 2687 6403 2686 6403 2654 6404 2687 6404 2653 6404 2651 6405 2654 6405 2653 6405 2652 6406 2654 6406 2651 6406 2609 6407 2652 6407 2651 6407 2610 6408 2652 6408 2609 6408 2550 6409 2610 6409 2609 6409 2551 6410 2610 6410 2550 6410 2852 6411 2892 6411 2809 6411 2807 6412 2852 6412 2809 6412 2805 6413 2852 6413 2807 6413 2852 6414 2805 6414 2802 6414 2795 6415 2852 6415 2802 6415 2791 6416 2852 6416 2795 6416 2852 6417 2791 6417 2789 6417 2785 6418 2852 6418 2789 6418 2783 6419 2852 6419 2785 6419 2852 6420 2752 6420 2748 6420 2687 6421 2852 6421 2748 6421 2654 6422 2852 6422 2687 6422 2852 6423 2771 6423 2763 6423 2756 6424 2852 6424 2763 6424 2752 6425 2852 6425 2756 6425 2852 6426 2783 6426 2781 6426 2775 6427 2852 6427 2781 6427 2771 6428 2852 6428 2775 6428 2852 6429 3097 6429 3070 6429 3041 6430 2852 6430 3070 6430 3039 6431 2852 6431 3041 6431 2852 6432 3039 6432 3033 6432 3026 6433 2852 6433 3033 6433 3023 6434 2852 6434 3026 6434 2852 6435 3023 6435 3021 6435 3017 6436 2852 6436 3021 6436 3013 6437 2852 6437 3017 6437 2852 6438 3013 6438 3010 6438 3007 6439 2852 6439 3010 6439 3005 6440 2852 6440 3007 6440 2852 6441 3005 6441 3001 6441 2999 6442 2852 6442 3001 6442 2997 6443 2852 6443 2999 6443 2852 6444 2997 6444 2994 6444 2990 6445 2852 6445 2994 6445 2892 6446 2852 6446 2990 6446 1155 6447 775 6447 776 6447 792 6448 1155 6448 776 6448 1169 6449 1155 6449 792 6449 810 6450 1169 6450 792 6450 1192 6451 1169 6451 810 6451 872 6452 1192 6452 810 6452 1296 6453 1192 6453 872 6453 946 6454 1296 6454 872 6454 1341 6455 1296 6455 946 6455 984 6456 1341 6456 946 6456 1389 6457 1341 6457 984 6457 1016 6458 1389 6458 984 6458 1439 6459 1389 6459 1016 6459 1036 6460 1439 6460 1016 6460 1464 6461 1439 6461 1036 6461 1070 6462 1464 6462 1036 6462 1491 6463 1464 6463 1070 6463 1203 6464 1491 6464 1070 6464 1535 6465 1491 6465 1203 6465 1388 6466 1535 6466 1203 6466 1579 6467 1535 6467 1388 6467 1465 6468 1579 6468 1388 6468 775 6469 1155 6469 1147 6469 1154 6470 775 6470 1147 6470 781 6471 775 6471 1154 6471 1168 6472 781 6472 1154 6472 807 6473 781 6473 1168 6473 1187 6474 807 6474 1168 6474 847 6475 807 6475 1187 6475 1263 6476 847 6476 1187 6476 917 6477 847 6477 1263 6477 1334 6478 917 6478 1263 6478 967 6479 917 6479 1334 6479 1385 6480 967 6480 1334 6480 1015 6481 967 6481 1385 6481 1436 6482 1015 6482 1385 6482 1033 6483 1015 6483 1436 6483 1458 6484 1033 6484 1436 6484 1063 6485 1033 6485 1458 6485 1486 6486 1063 6486 1458 6486 1174 6487 1063 6487 1486 6487 1525 6488 1174 6488 1486 6488 1368 6489 1174 6489 1525 6489 1570 6490 1368 6490 1525 6490 1454 6491 1368 6491 1570 6491 1620 6492 1454 6492 1570 6492 1510 6493 1454 6493 1620 6493 1719 6494 1510 6494 1620 6494 1582 6495 1510 6495 1719 6495 1790 6496 1582 6496 1719 6496 1716 6497 1582 6497 1790 6497 1872 6498 1716 6498 1790 6498 1852 6499 1716 6499 1872 6499 1940 6500 1852 6500 1872 6500 1930 6501 1852 6501 1940 6501 2050 6502 1930 6502 1940 6502 2099 6503 1930 6503 2050 6503 2217 6504 2099 6504 2050 6504 2353 6505 2099 6505 2217 6505 2385 6506 2353 6506 2217 6506 2568 6507 2353 6507 2385 6507 2528 6508 2568 6508 2385 6508 2812 6509 2568 6509 2528 6509 2672 6510 2812 6510 2528 6510 3071 6511 2812 6511 2672 6511 2839 6512 3071 6512 2672 6512 3300 6513 3071 6513 2839 6513 3028 6514 3300 6514 2839 6514 3393 6515 3300 6515 3028 6515 3189 6516 3393 6516 3028 6516 3440 6517 3393 6517 3189 6517 3311 6518 3440 6518 3189 6518 3552 6519 3440 6519 3311 6519 3376 6520 3552 6520 3311 6520 3739 6521 3552 6521 3376 6521 3406 6522 3739 6522 3376 6522 3831 6523 3739 6523 3406 6523 3434 6524 3831 6524 3406 6524 3861 6525 3831 6525 3434 6525 3459 6526 3861 6526 3434 6526 3879 6527 3861 6527 3459 6527 3518 6528 3879 6528 3459 6528 3923 6529 3879 6529 3518 6529 3559 6530 3923 6530 3518 6530 3981 6531 3923 6531 3559 6531 3658 6532 3981 6532 3559 6532 4055 6533 3981 6533 3658 6533 3704 6534 4055 6534 3658 6534 4087 6535 4055 6535 3704 6535 3722 6536 4087 6536 3704 6536 4103 6537 4087 6537 3722 6537 3734 6538 4103 6538 3722 6538 4109 6539 4103 6539 3734 6539 3735 6540 4109 6540 3734 6540 4106 6541 4109 6541 3735 6541 3723 6542 4106 6542 3735 6542 4090 6543 4106 6543 3723 6543 3709 6544 4090 6544 3723 6544 4062 6545 4090 6545 3709 6545 3671 6546 4062 6546 3709 6546 3992 6547 4062 6547 3671 6547 3564 6548 3992 6548 3671 6548 3932 6549 3992 6549 3564 6549 3529 6550 3932 6550 3564 6550 3882 6551 3932 6551 3529 6551 3479 6552 3882 6552 3529 6552 3864 6553 3882 6553 3479 6553 3438 6554 3864 6554 3479 6554 3838 6555 3864 6555 3438 6555 3409 6556 3838 6556 3438 6556 3752 6557 3838 6557 3409 6557 3570 6558 3752 6558 3409 6558 3387 6559 3570 6559 3409 6559 3449 6560 3570 6560 3387 6560 3330 6561 3449 6561 3387 6561 3401 6562 3449 6562 3330 6562 3213 6563 3401 6563 3330 6563 3328 6564 3401 6564 3213 6564 3060 6565 3328 6565 3213 6565 3121 6566 3328 6566 3060 6566 2862 6567 3121 6567 3060 6567 2844 6568 3121 6568 2862 6568 2693 6569 2844 6569 2862 6569 2625 6570 2844 6570 2693 6570 2559 6571 2625 6571 2693 6571 2397 6572 2625 6572 2559 6572 2417 6573 2397 6573 2559 6573 2153 6574 2397 6574 2417 6574 2249 6575 2153 6575 2417 6575 1954 6576 2153 6576 2249 6576 2070 6577 1954 6577 2249 6577 1861 6578 1954 6578 2070 6578 1955 6579 1861 6579 2070 6579 1731 6580 1861 6580 1955 6580 1874 6581 1731 6581 1955 6581 1600 6582 1731 6582 1874 6582 1833 6583 1600 6583 1874 6583 1528 6584 1600 6584 1833 6584 1730 6585 1528 6585 1833 6585 1465 6586 1528 6586 1730 6586 1651 6587 1465 6587 1730 6587 1579 6588 1465 6588 1651 6588 3111 6589 3214 6589 3184 6589 3214 6590 3111 6590 3138 6590 3156 6591 3214 6591 3138 6591 3240 6592 3214 6592 3156 6592 3240 6593 3156 6593 3175 6593 3182 6594 3240 6594 3175 6594 3268 6595 3240 6595 3182 6595 3268 6596 3182 6596 3195 6596 3201 6597 3268 6597 3195 6597 3294 6598 3268 6598 3201 6598 3294 6599 3201 6599 3216 6599 3223 6600 3294 6600 3216 6600 3303 6601 3294 6601 3223 6601 3303 6602 3223 6602 3233 6602 3236 6603 3303 6603 3233 6603 3312 6604 3303 6604 3236 6604 3312 6605 3236 6605 3244 6605 3250 6606 3312 6606 3244 6606 3318 6607 3312 6607 3250 6607 3318 6608 3250 6608 3257 6608 3260 6609 3318 6609 3257 6609 3322 6610 3318 6610 3260 6610 3322 6611 3260 6611 3267 6611 3269 6612 3322 6612 3267 6612 3329 6613 3322 6613 3269 6613 3329 6614 3269 6614 3272 6614 3271 6615 3329 6615 3272 6615 3325 6616 3329 6616 3271 6616 3325 6617 3271 6617 3270 6617 3264 6618 3325 6618 3270 6618 3319 6619 3325 6619 3264 6619 3319 6620 3264 6620 3263 6620 3256 6621 3319 6621 3263 6621 3317 6622 3319 6622 3256 6622 3317 6623 3256 6623 3251 6623 3243 6624 3317 6624 3251 6624 3308 6625 3317 6625 3243 6625 3308 6626 3243 6626 3237 6626 3232 6627 3308 6627 3237 6627 3299 6628 3308 6628 3232 6628 3299 6629 3232 6629 3226 6629 3215 6630 3299 6630 3226 6630 3287 6631 3299 6631 3215 6631 3287 6632 3215 6632 3202 6632 3194 6633 3287 6633 3202 6633 3254 6634 3287 6634 3194 6634 3254 6635 3194 6635 3183 6635 3174 6636 3254 6636 3183 6636 3227 6637 3254 6637 3174 6637 3227 6638 3174 6638 3157 6638 3133 6639 3227 6639 3157 6639 3200 6640 3227 6640 3133 6640 3200 6641 3133 6641 3112 6641 3086 6642 3200 6642 3112 6642 3169 6643 3200 6643 3086 6643 3068 6644 3169 6644 3086 6644 3167 6645 3169 6645 3068 6645 3052 6646 3167 6646 3068 6646 3120 6647 3167 6647 3052 6647 3027 6648 3120 6648 3052 6648 3089 6649 3120 6649 3027 6649 2987 6650 3089 6650 3027 6650 3063 6651 3089 6651 2987 6651 2975 6652 3063 6652 2987 6652 3044 6653 3063 6653 2975 6653 2955 6654 3044 6654 2975 6654 3003 6655 3044 6655 2955 6655 2930 6656 3003 6656 2955 6656 2978 6657 3003 6657 2930 6657 2881 6658 2978 6658 2930 6658 2952 6659 2978 6659 2881 6659 2855 6660 2952 6660 2881 6660 2921 6661 2952 6661 2855 6661 2835 6662 2921 6662 2855 6662 2863 6663 2921 6663 2835 6663 2819 6664 2863 6664 2835 6664 2860 6665 2863 6665 2819 6665 2838 6666 2860 6666 2819 6666 2786 6667 2838 6667 2819 6667 2817 6668 2838 6668 2786 6668 2742 6669 2817 6669 2786 6669 2776 6670 2817 6670 2742 6670 2707 6671 2776 6671 2742 6671 2714 6672 2776 6672 2707 6672 2694 6673 2714 6673 2707 6673 2697 6674 2714 6674 2694 6674 2680 6675 2697 6675 2694 6675 2678 6676 2697 6676 2680 6676 2663 6677 2678 6677 2680 6677 2657 6678 2678 6678 2663 6678 2644 6679 2657 6679 2663 6679 2637 6680 2657 6680 2644 6680 2626 6681 2637 6681 2644 6681 2635 6682 2637 6682 2626 6682 2608 6683 2635 6683 2626 6683 2614 6684 2635 6684 2608 6684 2574 6685 2614 6685 2608 6685 2569 6686 2574 6686 2608 6686 2539 6687 2574 6687 2569 6687 2543 6688 2539 6688 2569 6688 2514 6689 2539 6689 2543 6689 2522 6690 2514 6690 2543 6690 2497 6691 2514 6691 2522 6691 2505 6692 2497 6692 2522 6692 2471 6693 2497 6693 2505 6693 2487 6694 2471 6694 2505 6694 2443 6695 2471 6695 2487 6695 2466 6696 2443 6696 2487 6696 2424 6697 2443 6697 2466 6697 2445 6698 2424 6698 2466 6698 2409 6699 2424 6699 2445 6699 2430 6700 2409 6700 2445 6700 2374 6701 2409 6701 2430 6701 2411 6702 2374 6702 2430 6702 2349 6703 2374 6703 2411 6703 2389 6704 2349 6704 2411 6704 2323 6705 2349 6705 2389 6705 2370 6706 2323 6706 2389 6706 2301 6707 2323 6707 2370 6707 2347 6708 2301 6708 2370 6708 2276 6709 2301 6709 2347 6709 2276 6710 2347 6710 2327 6710 2308 6711 2276 6711 2327 6711 2240 6712 2276 6712 2308 6712 2240 6713 2308 6713 2285 6713 2267 6714 2240 6714 2285 6714 2203 6715 2240 6715 2267 6715 2203 6716 2267 6716 2252 6716 2241 6717 2203 6717 2252 6717 2174 6718 2203 6718 2241 6718 2223 6719 2174 6719 2241 6719 2149 6720 2174 6720 2223 6720 2214 6721 2149 6721 2223 6721 2138 6722 2149 6722 2214 6722 2138 6723 2214 6723 2201 6723 2191 6724 2138 6724 2201 6724 2109 6725 2138 6725 2191 6725 2109 6726 2191 6726 2177 6726 2165 6727 2109 6727 2177 6727 2097 6728 2109 6728 2165 6728 2097 6729 2165 6729 2154 6729 2142 6730 2097 6730 2154 6730 2083 6731 2097 6731 2142 6731 2083 6732 2142 6732 2133 6732 2129 6733 2083 6733 2133 6733 2069 6734 2083 6734 2129 6734 2069 6735 2129 6735 2121 6735 2120 6736 2069 6736 2121 6736 2065 6737 2069 6737 2120 6737 2065 6738 2120 6738 2113 6738 2112 6739 2065 6739 2113 6739 2064 6740 2065 6740 2112 6740 2064 6741 2112 6741 2111 6741 2114 6742 2064 6742 2111 6742 2066 6743 2064 6743 2114 6743 2066 6744 2114 6744 2119 6744 2122 6745 2066 6745 2119 6745 2074 6746 2066 6746 2122 6746 2074 6747 2122 6747 2127 6747 2134 6748 2074 6748 2127 6748 2088 6749 2074 6749 2134 6749 2088 6750 2134 6750 2141 6750 2155 6751 2088 6751 2141 6751 2102 6752 2088 6752 2155 6752 2102 6753 2155 6753 2164 6753 2178 6754 2102 6754 2164 6754 2123 6755 2102 6755 2178 6755 2123 6756 2178 6756 2190 6756 2202 6757 2123 6757 2190 6757 2150 6758 2123 6758 2202 6758 2213 6759 2150 6759 2202 6759 2156 6760 2150 6760 2213 6760 2226 6761 2156 6761 2213 6761 2192 6762 2156 6762 2226 6762 2192 6763 2226 6763 2239 6763 2253 6764 2192 6764 2239 6764 2220 6765 2192 6765 2253 6765 2220 6766 2253 6766 2266 6766 2286 6767 2220 6767 2266 6767 2258 6768 2220 6768 2286 6768 2307 6769 2258 6769 2286 6769 2291 6770 2258 6770 2307 6770 2328 6771 2291 6771 2307 6771 2300 6772 2291 6772 2328 6772 2346 6773 2300 6773 2328 6773 2324 6774 2300 6774 2346 6774 2371 6775 2324 6775 2346 6775 2348 6776 2324 6776 2371 6776 2386 6777 2348 6777 2371 6777 2375 6778 2348 6778 2386 6778 2412 6779 2375 6779 2386 6779 2396 6780 2375 6780 2412 6780 2429 6781 2396 6781 2412 6781 2408 6782 2396 6782 2429 6782 2446 6783 2408 6783 2429 6783 2444 6784 2408 6784 2446 6784 2465 6785 2444 6785 2446 6785 2472 6786 2444 6786 2465 6786 2488 6787 2472 6787 2465 6787 2496 6788 2472 6788 2488 6788 2504 6789 2496 6789 2488 6789 2515 6790 2496 6790 2504 6790 2523 6791 2515 6791 2504 6791 2538 6792 2515 6792 2523 6792 2542 6793 2538 6793 2523 6793 2573 6794 2538 6794 2542 6794 2570 6795 2573 6795 2542 6795 2615 6796 2573 6796 2570 6796 2607 6797 2615 6797 2570 6797 2634 6798 2615 6798 2607 6798 2627 6799 2634 6799 2607 6799 2656 6800 2634 6800 2627 6800 2643 6801 2656 6801 2627 6801 2679 6802 2656 6802 2643 6802 2662 6803 2679 6803 2643 6803 2698 6804 2679 6804 2662 6804 2681 6805 2698 6805 2662 6805 2713 6806 2698 6806 2681 6806 2692 6807 2713 6807 2681 6807 2777 6808 2713 6808 2692 6808 2708 6809 2777 6809 2692 6809 2816 6810 2777 6810 2708 6810 2741 6811 2816 6811 2708 6811 2837 6812 2816 6812 2741 6812 2787 6813 2837 6813 2741 6813 2865 6814 2837 6814 2787 6814 2818 6815 2865 6815 2787 6815 2916 6816 2865 6816 2818 6816 2836 6817 2916 6817 2818 6817 2951 6818 2916 6818 2836 6818 2854 6819 2951 6819 2836 6819 2979 6820 2951 6820 2854 6820 2888 6821 2979 6821 2854 6821 3002 6822 2979 6822 2888 6822 2929 6823 3002 6823 2888 6823 3045 6824 3002 6824 2929 6824 2957 6825 3045 6825 2929 6825 3064 6826 3045 6826 2957 6826 2974 6827 3064 6827 2957 6827 3088 6828 3064 6828 2974 6828 2988 6829 3088 6829 2974 6829 3119 6830 3088 6830 2988 6830 3024 6831 3119 6831 2988 6831 3150 6832 3119 6832 3024 6832 3053 6833 3150 6833 3024 6833 3166 6834 3150 6834 3053 6834 3067 6835 3166 6835 3053 6835 3184 6836 3166 6836 3067 6836 3087 6837 3184 6837 3067 6837 3111 6838 3184 6838 3087 6838 1397 6839 1473 6839 1471 6839 1485 6840 1473 6840 1397 6840 2650 6841 2456 6841 2458 6841 1425 6842 954 6842 948 6842 1481 6843 971 6843 975 6843 1772 6844 1871 6844 1774 6844 2852 6845 3099 6845 3097 6845 2972 6846 3307 6846 3296 6846 3498 6847 4006 6847 4026 6847 2461 6848 2880 6848 2890 6848 1853 6849 1622 6849 1632 6849 1425 6850 948 6850 945 6850 925 6851 1425 6851 945 6851 912 6852 1425 6852 925 6852 966 6853 971 6853 1481 6853 1502 6854 1485 6854 1397 6854 1683 6855 1502 6855 1397 6855 1775 6856 1502 6856 1683 6856 2796 6857 2972 6857 3296 6857 4731 6858 4469 6858 4499 6858 4523 6859 4731 6859 4499 6859 4527 6860 4731 6860 4523 6860 3692 6861 4337 6861 4347 6861 4407 6862 3692 6862 4391 6862 3543 6863 4273 6863 4269 6863 4263 6864 3543 6864 4269 6864 4245 6865 3543 6865 4263 6865 4241 6866 4249 6866 3587 6866 3543 6867 4241 6867 3587 6867 3987 6868 3886 6868 3888 6868 2878 6869 2880 6869 2461 6869 2414 6870 2456 6870 2650 6870 2461 6871 2414 6871 2650 6871 2302 6872 2414 6872 2461 6872 2053 6873 1989 6873 2047 6873 1770 6874 1867 6874 1869 6874 1876 6875 1770 6875 1869 6875 1080 6876 1078 6876 1231 6876 1669 6877 1080 6877 1231 6877 1592 6878 1080 6878 1669 6878 341 6879 377 6879 1358 6879 1318 6880 341 6880 1358 6880 289 6881 341 6881 1318 6881 1511 6882 1126 6882 1118 6882 1092 6883 1511 6883 1118 6883 898 6884 787 6884 1481 6884 1511 6885 898 6885 1481 6885 996 6886 898 6886 1511 6886 998 6887 996 6887 1511 6887 1552 6888 1218 6888 1200 6888 1921 6889 1715 6889 1697 6889 1678 6890 1921 6890 1697 6890 1859 6891 1921 6891 1678 6891 2148 6892 2132 6892 2016 6892 2166 6893 2148 6893 2016 6893 2160 6894 2148 6894 2166 6894 3125 6895 3099 6895 2852 6895 2640 6896 3093 6896 3103 6896 3443 6897 2972 6897 3153 6897 3655 6898 3443 6898 3153 6898 3492 6899 3443 6899 3655 6899 3495 6900 3492 6900 3655 6900 4731 6901 4589 6901 4541 6901 4511 6902 4731 6902 4541 6902 4731 6903 4527 6903 4565 6903 4577 6904 4731 6904 4565 6904 4583 6905 4731 6905 4577 6905 3543 6906 4245 6906 4237 6906 4233 6907 3543 6907 4237 6907 4241 6908 3543 6908 4233 6908 3444 6909 3931 6909 3934 6909 3938 6910 3444 6910 3934 6910 3912 6911 3908 6911 3422 6911 3391 6912 3912 6912 3422 6912 3916 6913 3912 6913 3391 6913 3872 6914 3886 6914 3987 6914 2302 6915 2290 6915 2297 6915 2304 6916 2302 6916 2297 6916 2124 6917 1989 6917 2053 6917 1650 6918 1904 6918 1644 6918 900 6919 785 6919 896 6919 1358 6920 694 6920 718 6920 760 6921 1358 6921 718 6921 774 6922 1358 6922 760 6922 1214 6923 567 6923 573 6923 1182 6924 563 6924 557 6924 161 6925 301 6925 207 6925 956 6926 954 6926 1425 6926 1451 6927 956 6927 1425 6927 962 6928 956 6928 1451 6928 1425 6929 912 6929 904 6929 894 6930 1425 6930 904 6930 892 6931 1425 6931 894 6931 1425 6932 892 6932 882 6932 861 6933 1425 6933 882 6933 834 6934 1425 6934 861 6934 1173 6935 1511 6935 1552 6935 1511 6936 1092 6936 1072 6936 1069 6937 1511 6937 1072 6937 998 6938 1511 6938 1069 6938 1056 6939 998 6939 1069 6939 1042 6940 998 6940 1056 6940 1603 6941 1372 6941 1366 6941 1552 6942 1200 6942 1189 6942 1181 6943 1552 6943 1189 6943 1173 6944 1552 6944 1181 6944 2016 6945 2132 6945 2116 6945 2108 6946 2016 6946 2116 6946 2101 6947 2016 6947 2108 6947 2640 6948 3199 6948 3188 6948 2972 6949 3386 6949 3382 6949 3281 6950 3681 6950 3677 6950 4100 6951 4211 6951 4213 6951 4503 6952 4543 6952 4507 6952 4739 6953 4733 6953 3717 6953 3731 6954 4739 6954 3717 6954 3730 6955 4417 6955 4411 6955 4403 6956 3730 6956 4411 6956 4735 6957 4731 6957 4737 6957 4731 6958 4583 6958 4677 6958 4723 6959 4731 6959 4677 6959 4725 6960 4731 6960 4723 6960 3587 6961 4249 6961 4267 6961 4271 6962 3587 6962 4267 6962 3692 6963 3587 6963 4271 6963 4283 6964 3692 6964 4271 6964 4287 6965 3692 6965 4283 6965 3543 6966 4313 6966 4297 6966 4291 6967 3543 6967 4297 6967 4285 6968 3543 6968 4291 6968 3498 6969 3978 6969 3991 6969 3994 6970 3498 6970 3991 6970 4006 6971 3498 6971 3994 6971 3498 6972 4026 6972 4050 6972 4059 6973 3498 6973 4050 6973 4066 6974 3498 6974 4059 6974 4451 6975 4319 6975 4381 6975 3987 6976 3962 6976 3929 6976 1904 6977 1853 6977 1632 6977 1642 6978 1904 6978 1632 6978 1644 6979 1904 6979 1642 6979 1770 6980 1663 6980 1665 6980 1659 6981 1770 6981 1665 6981 1661 6982 1770 6982 1659 6982 1669 6983 1500 6983 1504 6983 1513 6984 1669 6984 1504 6984 1517 6985 1669 6985 1513 6985 1532 6986 1768 6986 1669 6986 1592 6987 1171 6987 1176 6987 846 6988 865 6988 1406 6988 830 6989 846 6989 1406 6989 941 6990 937 6990 1446 6990 943 6991 941 6991 1446 6991 927 6992 919 6992 1478 6992 1446 6993 927 6993 1478 6993 933 6994 927 6994 1446 6994 937 6995 933 6995 1446 6995 804 6996 1358 6996 798 6996 1318 6997 583 6997 585 6997 579 6998 1318 6998 585 6998 575 6999 1318 6999 579 6999 1177 7000 543 7000 551 7000 155 7001 145 7001 151 7001 145 7002 393 7002 369 7002 323 7003 145 7003 369 7003 287 7004 145 7004 323 7004 1149 7005 1163 7005 467 7005 473 7006 1149 7006 467 7006 481 7007 1149 7007 473 7007 161 7008 1182 7008 477 7008 415 7009 161 7009 477 7009 1324 7010 621 7010 639 7010 1481 7011 975 7011 979 7011 983 7012 1481 7012 979 7012 988 7013 1481 7013 983 7013 1481 7014 988 7014 992 7014 994 7015 1481 7015 992 7015 990 7016 1481 7016 994 7016 1481 7017 990 7017 986 7017 981 7018 1481 7018 986 7018 977 7019 1481 7019 981 7019 1511 7020 1173 7020 1165 7020 1151 7021 1511 7021 1165 7021 1146 7022 1511 7022 1151 7022 1376 7023 1372 7023 1603 7023 1859 7024 1678 7024 1672 7024 1646 7025 1859 7025 1672 7025 1775 7026 1859 7026 1646 7026 1636 7027 1775 7027 1646 7027 1619 7028 1775 7028 1636 7028 1559 7029 1557 7029 1775 7029 1563 7030 1559 7030 1775 7030 2016 7031 2101 7031 2090 7031 2085 7032 2016 7032 2090 7032 2076 7033 2016 7033 2085 7033 3389 7034 3386 7034 2972 7034 2972 7035 3382 7035 3375 7035 3371 7036 2972 7036 3375 7036 3365 7037 2972 7037 3371 7037 3340 7038 3336 7038 2972 7038 3345 7039 3340 7039 2972 7039 2972 7040 3336 7040 3321 7040 3314 7041 2972 7041 3321 7041 3307 7042 2972 7042 3314 7042 3806 7043 3760 7043 3784 7043 3396 7044 3429 7044 4211 7044 4100 7045 3396 7045 4211 7045 3989 7046 3396 7046 4100 7046 4593 7047 4521 7047 4575 7047 3731 7048 4491 7048 4743 7048 4745 7049 3731 7049 4743 7049 4739 7050 3731 7050 4745 7050 3692 7051 4303 7051 4321 7051 4327 7052 3692 7052 4321 7052 4337 7053 3692 7053 4327 7053 3692 7054 4347 7054 4355 7054 4365 7055 3692 7055 4355 7055 4373 7056 3692 7056 4365 7056 3692 7057 4373 7057 4379 7057 4385 7058 3692 7058 4379 7058 4391 7059 3692 7059 4385 7059 3543 7060 4285 7060 4281 7060 4275 7061 3543 7061 4281 7061 4273 7062 3543 7062 4275 7062 3444 7063 3938 7063 3940 7063 3958 7064 3444 7064 3940 7064 3498 7065 3444 7065 3958 7065 3970 7066 3498 7066 3958 7066 3978 7067 3498 7067 3970 7067 4505 7068 4537 7068 3543 7068 3498 7069 4505 7069 3543 7069 4453 7070 4505 7070 3498 7070 4451 7071 4453 7071 3498 7071 3391 7072 3346 7072 3987 7072 3929 7073 3391 7073 3987 7073 3916 7074 3391 7074 3929 7074 3639 7075 3346 7075 3247 7075 3346 7076 3766 7076 3792 7076 3108 7077 3537 7077 3517 7077 3513 7078 3108 7078 3517 7078 3509 7079 3108 7079 3513 7079 3651 7080 3490 7080 3653 7080 2876 7081 2878 7081 2461 7081 2650 7082 2876 7082 2461 7082 2885 7083 2876 7083 2650 7083 2126 7084 2146 7084 2302 7084 2124 7085 2126 7085 2302 7085 2062 7086 2126 7086 2124 7086 2053 7087 2062 7087 2124 7087 2302 7088 2146 7088 2163 7088 2182 7089 2302 7089 2163 7089 2198 7090 2302 7090 2182 7090 1989 7091 1953 7091 1957 7091 1986 7092 1989 7092 1982 7092 1989 7093 1986 7093 1995 7093 2003 7094 1989 7094 1995 7094 2014 7095 1989 7095 2003 7095 1989 7096 2014 7096 2025 7096 2034 7097 1989 7097 2025 7097 2047 7098 1989 7098 2034 7098 1904 7099 1650 7099 1653 7099 1657 7100 1904 7100 1653 7100 1663 7101 1904 7101 1657 7101 1659 7102 1665 7102 1655 7102 1648 7103 1659 7103 1655 7103 1634 7104 1659 7104 1648 7104 1853 7105 1609 7105 1611 7105 1617 7106 1853 7106 1611 7106 1622 7107 1853 7107 1617 7107 1669 7108 1517 7108 1522 7108 1527 7109 1669 7109 1522 7109 1532 7110 1669 7110 1527 7110 1592 7111 1191 7111 1194 7111 1198 7112 1592 7112 1194 7112 1205 7113 1592 7113 1198 7113 1592 7114 1205 7114 1209 7114 1213 7115 1592 7115 1209 7115 1211 7116 1592 7116 1213 7116 1130 7117 1546 7117 1498 7117 1446 7118 910 7118 916 7118 923 7119 1446 7119 916 7119 931 7120 1446 7120 923 7120 1358 7121 774 7121 780 7121 794 7122 1358 7122 780 7122 798 7123 1358 7123 794 7123 1358 7124 804 7124 812 7124 820 7125 1358 7125 812 7125 1406 7126 1358 7126 820 7126 822 7127 1406 7127 820 7127 830 7128 1406 7128 822 7128 1318 7129 1214 7129 573 7129 577 7130 1318 7130 573 7130 583 7131 1318 7131 577 7131 1148 7132 475 7132 469 7132 1148 7133 469 7133 465 7133 461 7134 1148 7134 465 7134 459 7135 1148 7135 461 7135 1148 7136 459 7136 453 7136 449 7137 1148 7137 453 7137 443 7138 1148 7138 449 7138 435 7139 1163 7139 425 7139 1227 7140 597 7140 595 7140 589 7141 1227 7141 595 7141 1182 7142 1227 7142 589 7142 581 7143 1182 7143 589 7143 563 7144 1182 7144 581 7144 1425 7145 834 7145 824 7145 818 7146 1425 7146 824 7146 809 7147 1425 7147 818 7147 1481 7148 977 7148 973 7148 969 7149 1481 7149 973 7149 1451 7150 1481 7150 969 7150 964 7151 1451 7151 969 7151 962 7152 1451 7152 964 7152 1511 7153 1146 7153 1144 7153 1136 7154 1511 7154 1144 7154 1126 7155 1511 7155 1136 7155 998 7156 1042 7156 1035 7156 1032 7157 998 7157 1035 7157 1030 7158 998 7158 1032 7158 1683 7159 1374 7159 1378 7159 1382 7160 1683 7160 1378 7160 1603 7161 1683 7161 1382 7161 1380 7162 1603 7162 1382 7162 1376 7163 1603 7163 1380 7163 1397 7164 1320 7164 1336 7164 1351 7165 1397 7165 1336 7165 1683 7166 1397 7166 1351 7166 1370 7167 1683 7167 1351 7167 1374 7168 1683 7168 1370 7168 1775 7169 1619 7169 1613 7169 1607 7170 1775 7170 1613 7170 1602 7171 1775 7171 1607 7171 1963 7172 2027 7172 1997 7172 2337 7173 2367 7173 2345 7173 2460 7174 2489 7174 2468 7174 2432 7175 2337 7175 2489 7175 2640 7176 3188 7176 3179 7176 3173 7177 2640 7177 3179 7177 3159 7178 2640 7178 3173 7178 2640 7179 3159 7179 3152 7179 3140 7180 2640 7180 3152 7180 3123 7181 2640 7181 3140 7181 2640 7182 3123 7182 3118 7182 3110 7183 2640 7183 3118 7183 3105 7184 2640 7184 3110 7184 2972 7185 3365 7185 3360 7185 3354 7186 2972 7186 3360 7186 3345 7187 2972 7187 3354 7187 3655 7188 3806 7188 3808 7188 3818 7189 3361 7189 3820 7189 4543 7190 4503 7190 4463 7190 4387 7191 4543 7191 4463 7191 4377 7192 4543 7192 4387 7192 3717 7193 4375 7193 4371 7193 4415 7194 4419 7194 3731 7194 3736 7195 4415 7195 3731 7195 4409 7196 4415 7196 3736 7196 3730 7197 4443 7197 4439 7197 4433 7198 3730 7198 4439 7198 4731 7199 4673 7199 4663 7199 4601 7200 4731 7200 4663 7200 4589 7201 4731 7201 4601 7201 3692 7202 4287 7202 4289 7202 4295 7203 3692 7203 4289 7203 4303 7204 3692 7204 4295 7204 3498 7205 4066 7205 4076 7205 4084 7206 3498 7206 4076 7206 4451 7207 3498 7207 4084 7207 4139 7208 4451 7208 4084 7208 3422 7209 3908 7209 3904 7209 3900 7210 3422 7210 3904 7210 3896 7211 3422 7211 3900 7211 3422 7212 3896 7212 3892 7212 3890 7213 3422 7213 3892 7213 3894 7214 3422 7214 3890 7214 3922 7215 3931 7215 3444 7215 3422 7216 3922 7216 3444 7216 3918 7217 3922 7217 3422 7217 3108 7218 3511 7218 3515 7218 3414 7219 3384 7219 3398 7219 2302 7220 2198 7220 2210 7220 2222 7221 2302 7221 2210 7221 2234 7222 2302 7222 2222 7222 2302 7223 2262 7223 2275 7223 2284 7224 2302 7224 2275 7224 2290 7225 2302 7225 2284 7225 2363 7226 2369 7226 2352 7226 2355 7227 2363 7227 2352 7227 2302 7228 2304 7228 2326 7228 2341 7229 2302 7229 2326 7229 2414 7230 2302 7230 2341 7230 2352 7231 2414 7231 2341 7231 2373 7232 2414 7232 2352 7232 2369 7233 2373 7233 2352 7233 1768 7234 1532 7234 1537 7234 1541 7235 1768 7235 1537 7235 1543 7236 1768 7236 1541 7236 1768 7237 1543 7237 1549 7237 1551 7238 1768 7238 1549 7238 1555 7239 1768 7239 1551 7239 1853 7240 1594 7240 1598 7240 1605 7241 1853 7241 1598 7241 1609 7242 1853 7242 1605 7242 1498 7243 1044 7243 1048 7243 1050 7244 1498 7244 1048 7244 1052 7245 1498 7245 1050 7245 1546 7246 1130 7246 1134 7246 1159 7247 1546 7247 1134 7247 1592 7248 1546 7248 1159 7248 1167 7249 1592 7249 1159 7249 1171 7250 1592 7250 1167 7250 1002 7251 1498 7251 1478 7251 785 7252 1002 7252 1478 7252 960 7253 1002 7253 785 7253 900 7254 960 7254 785 7254 785 7255 673 7255 671 7255 1446 7256 931 7256 935 7256 939 7257 1446 7257 935 7257 943 7258 1446 7258 939 7258 1318 7259 575 7259 569 7259 561 7260 1318 7260 569 7260 559 7261 1318 7261 561 7261 145 7262 293 7262 297 7262 305 7263 145 7263 297 7263 311 7264 145 7264 305 7264 1148 7265 443 7265 437 7265 429 7266 1148 7266 437 7266 419 7267 1148 7267 429 7267 1148 7268 419 7268 411 7268 407 7269 1148 7269 411 7269 401 7270 1148 7270 407 7270 1163 7271 343 7271 373 7271 399 7272 1163 7272 373 7272 405 7273 1163 7273 399 7273 1163 7274 405 7274 409 7274 417 7275 1163 7275 409 7275 425 7276 1163 7276 417 7276 1163 7277 435 7277 441 7277 445 7278 1163 7278 441 7278 451 7279 1163 7279 445 7279 1163 7280 451 7280 457 7280 463 7281 1163 7281 457 7281 467 7282 1163 7282 463 7282 1182 7283 557 7283 547 7283 537 7284 1182 7284 547 7284 529 7285 1182 7285 537 7285 1182 7286 529 7286 519 7286 511 7287 1182 7287 519 7287 505 7288 1182 7288 511 7288 635 7289 1324 7289 643 7289 349 7290 379 7290 347 7290 379 7291 427 7291 489 7291 523 7292 379 7292 489 7292 571 7293 379 7293 523 7293 379 7294 665 7294 619 7294 1425 7295 809 7295 802 7295 748 7296 1425 7296 802 7296 681 7297 1425 7297 748 7297 998 7298 1030 7298 1026 7298 1022 7299 998 7299 1026 7299 1012 7300 998 7300 1022 7300 1603 7301 1366 7301 1363 7301 1361 7302 1603 7302 1363 7302 1355 7303 1603 7303 1361 7303 1581 7304 1578 7304 1775 7304 1584 7305 1581 7305 1775 7305 1775 7306 1578 7306 1574 7306 1569 7307 1775 7307 1574 7307 1563 7308 1775 7308 1569 7308 1921 7309 1756 7309 1752 7309 1750 7310 1921 7310 1752 7310 1729 7311 1727 7311 1921 7311 1733 7312 1729 7312 1921 7312 1921 7313 1727 7313 1725 7313 1718 7314 1921 7314 1725 7314 1715 7315 1921 7315 1718 7315 1871 7316 1963 7316 1961 7316 2337 7317 2432 7317 2428 7317 2416 7318 2337 7318 2428 7318 2401 7319 2337 7319 2416 7319 2219 7320 2205 7320 2166 7320 2236 7321 2219 7321 2166 7321 2489 7322 2499 7322 2480 7322 2474 7323 2489 7323 2480 7323 2468 7324 2489 7324 2474 7324 2489 7325 2460 7325 2454 7325 2440 7326 2489 7326 2454 7326 2432 7327 2489 7327 2440 7327 2796 7328 3296 7328 3289 7328 3222 7329 2796 7329 3289 7329 2640 7330 2796 7330 3222 7330 3210 7331 2640 7331 3222 7331 3199 7332 2640 7332 3210 7332 2640 7333 3105 7333 3101 7333 3095 7334 2640 7334 3101 7334 3093 7335 2640 7335 3095 7335 3125 7336 3114 7336 3137 7336 3142 7337 3125 7337 3137 7337 3125 7338 3142 7338 3147 7338 3149 7339 3125 7339 3147 7339 3144 7340 3125 7340 3149 7340 3153 7341 3281 7341 3677 7341 3673 7342 3153 7342 3677 7342 3675 7343 3153 7343 3673 7343 3689 7344 3708 7344 3806 7344 3655 7345 3689 7345 3806 7345 3683 7346 3689 7346 3655 7346 3153 7347 3683 7347 3655 7347 3679 7348 3683 7348 3153 7348 3675 7349 3679 7349 3153 7349 3396 7350 3846 7350 3844 7350 3824 7351 3820 7351 3361 7351 3396 7352 3824 7352 3361 7352 3826 7353 3824 7353 3396 7353 3960 7354 3429 7354 3966 7354 4008 7355 3448 7355 3502 7355 4543 7356 4359 7356 4369 7356 4593 7357 4595 7357 4543 7357 4369 7358 4593 7358 4543 7358 4397 7359 4593 7359 4369 7359 3699 7360 4345 7360 4341 7360 4307 7361 3621 7361 4311 7361 4393 7362 3717 7362 4413 7362 3731 7363 4419 7363 4423 7363 4425 7364 3731 7364 4423 7364 4431 7365 3731 7365 4425 7365 3731 7366 4431 7366 4435 7366 4441 7367 3731 7367 4435 7367 4447 7368 3731 7368 4441 7368 3731 7369 4447 7369 4455 7369 4465 7370 3731 7370 4455 7370 4473 7371 3731 7371 4465 7371 4743 7372 4491 7372 4515 7372 4561 7373 4743 7373 4515 7373 4597 7374 4743 7374 4561 7374 3692 7375 4407 7375 4469 7375 4731 7376 3692 7376 4469 7376 3716 7377 3692 7377 4731 7377 4511 7378 3716 7378 4731 7378 3730 7379 3716 7379 4511 7379 4485 7380 3730 7380 4511 7380 3730 7381 4485 7381 4479 7381 4475 7382 3730 7382 4479 7382 4467 7383 3730 7383 4475 7383 3730 7384 4433 7384 4427 7384 4421 7385 3730 7385 4427 7385 4417 7386 3730 7386 4421 7386 4096 7387 3987 7387 4098 7387 3346 7388 3741 7388 3747 7388 3758 7389 3346 7389 3747 7389 3766 7390 3346 7390 3758 7390 3651 7391 3563 7391 3548 7391 3108 7392 3515 7392 3520 7392 3524 7393 3108 7393 3520 7393 3526 7394 3108 7394 3524 7394 3334 7395 3414 7395 3305 7395 3009 7396 2618 7396 2986 7396 2850 7397 2650 7397 2848 7397 1989 7398 1957 7398 1965 7398 1970 7399 1989 7399 1965 7399 1982 7400 1989 7400 1970 7400 1628 7401 1640 7401 1659 7401 1624 7402 1628 7402 1659 7402 1592 7403 1176 7403 1184 7403 1186 7404 1592 7404 1184 7404 1191 7405 1592 7405 1186 7405 1592 7406 1211 7406 1207 7406 1202 7407 1592 7407 1207 7407 1196 7408 1592 7408 1202 7408 1498 7409 1052 7409 1058 7409 1060 7410 1498 7410 1058 7410 1062 7411 1498 7411 1060 7411 1478 7412 919 7412 914 7412 908 7413 1478 7413 914 7413 785 7414 1478 7414 908 7414 902 7415 785 7415 908 7415 673 7416 785 7416 902 7416 1406 7417 865 7417 880 7417 888 7418 1406 7418 880 7418 1446 7419 1406 7419 888 7419 906 7420 1446 7420 888 7420 910 7421 1446 7421 906 7421 1318 7422 559 7422 555 7422 545 7423 1318 7423 555 7423 541 7424 1318 7424 545 7424 1177 7425 455 7425 471 7425 1214 7426 1177 7426 551 7426 553 7427 1214 7427 551 7427 567 7428 1214 7428 553 7428 199 7429 145 7429 205 7429 149 7430 295 7430 147 7430 147 7431 295 7431 343 7431 1163 7432 147 7432 343 7432 153 7433 147 7433 1163 7433 1182 7434 153 7434 1163 7434 159 7435 153 7435 1182 7435 161 7436 159 7436 1182 7436 1182 7437 505 7437 499 7437 493 7438 1182 7438 499 7438 477 7439 1182 7439 493 7439 1324 7440 593 7440 599 7440 603 7441 1324 7441 599 7441 609 7442 1324 7442 603 7442 1324 7443 639 7443 647 7443 651 7444 1324 7444 647 7444 643 7445 1324 7445 651 7445 1324 7446 635 7446 617 7446 613 7447 1324 7447 617 7447 1227 7448 1324 7448 613 7448 601 7449 1227 7449 613 7449 597 7450 1227 7450 601 7450 379 7451 619 7451 605 7451 591 7452 379 7452 605 7452 565 7453 379 7453 591 7453 379 7454 565 7454 503 7454 433 7455 379 7455 503 7455 431 7456 379 7456 433 7456 1603 7457 1355 7457 1347 7457 1343 7458 1603 7458 1347 7458 1338 7459 1603 7459 1343 7459 1235 7460 1397 7460 1233 7460 1775 7461 1602 7461 1596 7461 1591 7462 1775 7462 1596 7462 1584 7463 1775 7463 1591 7463 1775 7464 1557 7464 1545 7464 1534 7465 1775 7465 1545 7465 1502 7466 1775 7466 1534 7466 1524 7467 1502 7467 1534 7467 1509 7468 1502 7468 1524 7468 1520 7469 1509 7469 1524 7469 1515 7470 1509 7470 1520 7470 2068 7471 2056 7471 1963 7471 1871 7472 2068 7472 1963 7472 2076 7473 2068 7473 1871 7473 2337 7474 2401 7474 2393 7474 2379 7475 2337 7475 2393 7475 2367 7476 2337 7476 2379 7476 2166 7477 2205 7477 2196 7477 2180 7478 2166 7478 2196 7478 2160 7479 2166 7479 2180 7479 2852 7480 2527 7480 2511 7480 3396 7481 3844 7481 3840 7481 3837 7482 3396 7482 3840 7482 3835 7483 3396 7483 3837 7483 3396 7484 3835 7484 3833 7484 3828 7485 3396 7485 3833 7485 3826 7486 3396 7486 3828 7486 3429 7487 3960 7487 3954 7487 3950 7488 3429 7488 3954 7488 3946 7489 3429 7489 3950 7489 4211 7490 4171 7490 4199 7490 4061 7491 4054 7491 3502 7491 4064 7492 4061 7492 3502 7492 3448 7493 4008 7493 4000 7493 3976 7494 3448 7494 4000 7494 3429 7495 3448 7495 3976 7495 3972 7496 3429 7496 3976 7496 3966 7497 3429 7497 3972 7497 3717 7498 4445 7498 4437 7498 4429 7499 3717 7499 4437 7499 4413 7500 3717 7500 4429 7500 3717 7501 4393 7501 4389 7501 4383 7502 3717 7502 4389 7502 4375 7503 3717 7503 4383 7503 3717 7504 4371 7504 4363 7504 4357 7505 3717 7505 4363 7505 3699 7506 3717 7506 4357 7506 4351 7507 3699 7507 4357 7507 4345 7508 3699 7508 4351 7508 3731 7509 4473 7509 4477 7509 4483 7510 3731 7510 4477 7510 4491 7511 3731 7511 4483 7511 3730 7512 4467 7512 4459 7512 4449 7513 3730 7513 4459 7513 4443 7514 3730 7514 4449 7514 3422 7515 3894 7515 3898 7515 3902 7516 3422 7516 3898 7516 3906 7517 3422 7517 3902 7517 3987 7518 4052 7518 4032 7518 3346 7519 3639 7519 3668 7519 3685 7520 3346 7520 3668 7520 3698 7521 3346 7521 3685 7521 3346 7522 3698 7522 3706 7522 3713 7523 3346 7523 3706 7523 3721 7524 3346 7524 3713 7524 3346 7525 3721 7525 3733 7525 3738 7526 3346 7526 3733 7526 3741 7527 3346 7527 3738 7527 3346 7528 3792 7528 3814 7528 3816 7529 3346 7529 3814 7529 3830 7530 3346 7530 3816 7530 2941 7531 3416 7531 3490 7531 3651 7532 2941 7532 3490 7532 3108 7533 2941 7533 3651 7533 3548 7534 3108 7534 3651 7534 3537 7535 3108 7535 3548 7535 3108 7536 3526 7536 3533 7536 3539 7537 3108 7537 3533 7537 3542 7538 3108 7538 3539 7538 3108 7539 3542 7539 3546 7539 3554 7540 3108 7540 3546 7540 3247 7541 3108 7541 3554 7541 3558 7542 3247 7542 3554 7542 3639 7543 3247 7543 3558 7543 2738 7544 3181 7544 3193 7544 3204 7545 2738 7545 3193 7545 2941 7546 2738 7546 3204 7546 3218 7547 2941 7547 3204 7547 3229 7548 2941 7548 3218 7548 2941 7549 3298 7549 3305 7549 3414 7550 2941 7550 3305 7550 3416 7551 2941 7551 3414 7551 2650 7552 2913 7552 2915 7552 2302 7553 2234 7553 2243 7553 2257 7554 2302 7554 2243 7554 2262 7555 2302 7555 2257 7555 1989 7556 1937 7556 1944 7556 1951 7557 1989 7557 1944 7557 1953 7558 1989 7558 1951 7558 1659 7559 1634 7559 1630 7559 1626 7560 1659 7560 1630 7560 1624 7561 1659 7561 1626 7561 1395 7562 1231 7562 1392 7562 1231 7563 1475 7563 1480 7563 1488 7564 1231 7564 1480 7564 1669 7565 1231 7565 1488 7565 1497 7566 1669 7566 1488 7566 1500 7567 1669 7567 1497 7567 1498 7568 1028 7568 1038 7568 1040 7569 1498 7569 1038 7569 1044 7570 1498 7570 1040 7570 1498 7571 1062 7571 1065 7571 1067 7572 1498 7572 1065 7572 1074 7573 1498 7573 1067 7573 1498 7574 1074 7574 1096 7574 1122 7575 1498 7575 1096 7575 1130 7576 1498 7576 1122 7576 673 7577 902 7577 871 7577 816 7578 673 7578 871 7578 791 7579 673 7579 816 7579 1318 7580 541 7580 531 7580 525 7581 1318 7581 531 7581 515 7582 1318 7582 525 7582 1177 7583 471 7583 491 7583 495 7584 1177 7584 491 7584 501 7585 1177 7585 495 7585 527 7586 1177 7586 521 7586 145 7587 287 7587 235 7587 213 7588 145 7588 235 7588 205 7589 145 7589 213 7589 145 7590 199 7590 157 7590 141 7591 145 7591 157 7591 139 7592 145 7592 141 7592 161 7593 415 7593 385 7593 361 7594 161 7594 385 7594 357 7595 161 7595 361 7595 1324 7596 609 7596 611 7596 615 7597 1324 7597 611 7597 621 7598 1324 7598 615 7598 379 7599 397 7599 403 7599 413 7600 379 7600 403 7600 427 7601 379 7601 413 7601 1425 7602 681 7602 665 7602 379 7603 1425 7603 665 7603 1367 7604 1425 7604 379 7604 571 7605 1367 7605 379 7605 1324 7606 1367 7606 571 7606 587 7607 1324 7607 571 7607 593 7608 1324 7608 587 7608 789 7609 806 7609 826 7609 832 7610 789 7610 826 7610 853 7611 789 7611 832 7611 1921 7612 1764 7612 1762 7612 1760 7613 1921 7613 1762 7613 1756 7614 1921 7614 1760 7614 1921 7615 1750 7615 1738 7615 1735 7616 1921 7616 1738 7616 1733 7617 1921 7617 1735 7617 2337 7618 2345 7618 2334 7618 2314 7619 2337 7619 2334 7619 2166 7620 2337 7620 2314 7620 2248 7621 2166 7621 2314 7621 2236 7622 2166 7622 2248 7622 3443 7623 3421 7623 3412 7623 3408 7624 3443 7624 3412 7624 2972 7625 3443 7625 3408 7625 3395 7626 2972 7626 3408 7626 3389 7627 2972 7627 3395 7627 3361 7628 3818 7628 3812 7628 3788 7629 3361 7629 3812 7629 3762 7630 3361 7630 3788 7630 3749 7631 3727 7631 3281 7631 3361 7632 3749 7632 3281 7632 3754 7633 3749 7633 3361 7633 3762 7634 3754 7634 3361 7634 3281 7635 3727 7635 3719 7635 3715 7636 3281 7636 3719 7636 3711 7637 3281 7637 3715 7637 3429 7638 3946 7638 3942 7638 3944 7639 3429 7639 3942 7639 3948 7640 3429 7640 3944 7640 3429 7641 3964 7641 3968 7641 3974 7642 3429 7642 3968 7642 3980 7643 3429 7643 3974 7643 3502 7644 4349 7644 4335 7644 3502 7645 4335 7645 4277 7645 4215 7646 3502 7646 4277 7646 4189 7647 3502 7647 4215 7647 3502 7648 4189 7648 4169 7648 4127 7649 3502 7649 4169 7649 4108 7650 3502 7650 4127 7650 3502 7651 4108 7651 4102 7651 4092 7652 3502 7652 4102 7652 4089 7653 3502 7653 4092 7653 3502 7654 4054 7654 4038 7654 4022 7655 3502 7655 4038 7655 4008 7656 3502 7656 4022 7656 3699 7657 4341 7657 4333 7657 4331 7658 3699 7658 4333 7658 3621 7659 3699 7659 4331 7659 4317 7660 3621 7660 4331 7660 4311 7661 3621 7661 4317 7661 3621 7662 4307 7662 4301 7662 4299 7663 3621 7663 4301 7663 4305 7664 3621 7664 4299 7664 3621 7665 4305 7665 4309 7665 4315 7666 3621 7666 4309 7666 4323 7667 3621 7667 4315 7667 4685 7668 4727 7668 4743 7668 4679 7669 4685 7669 4743 7669 3730 7670 4403 7670 4401 7670 4399 7671 3730 7671 4401 7671 3736 7672 3730 7672 4399 7672 4405 7673 3736 7673 4399 7673 4409 7674 3736 7674 4405 7674 4731 7675 4735 7675 4721 7675 4683 7676 4731 7676 4721 7676 4673 7677 4731 7677 4683 7677 4535 7678 4481 7678 4471 7678 4457 7679 4535 7679 4471 7679 4537 7680 4535 7680 4457 7680 4395 7681 4537 7681 4457 7681 3543 7682 4537 7682 4395 7682 4361 7683 3543 7683 4395 7683 4313 7684 3543 7684 4361 7684 4451 7685 4139 7685 4201 7685 4219 7686 4451 7686 4201 7686 4265 7687 4451 7687 4219 7687 3422 7688 3906 7688 3910 7688 3914 7689 3422 7689 3910 7689 3918 7690 3422 7690 3914 7690 3987 7691 4032 7691 4014 7691 3998 7692 3987 7692 4014 7692 3962 7693 3987 7693 3998 7693 3346 7694 3830 7694 3842 7694 3850 7695 3346 7695 3842 7695 3854 7696 3346 7696 3850 7696 3108 7697 3509 7697 3505 7697 3507 7698 3108 7698 3505 7698 3511 7699 3108 7699 3507 7699 2941 7700 3229 7700 3242 7700 3253 7701 2941 7701 3242 7701 3266 7702 2941 7702 3253 7702 2941 7703 3266 7703 3286 7703 3293 7704 2941 7704 3286 7704 3298 7705 2941 7705 3293 7705 2461 7706 2890 7706 2894 7706 2899 7707 2461 7707 2894 7707 2618 7708 2461 7708 2899 7708 2918 7709 2618 7709 2899 7709 2928 7710 2618 7710 2918 7710 2618 7711 2928 7711 2938 7711 2946 7712 2618 7712 2938 7712 2961 7713 2618 7713 2946 7713 2618 7714 2961 7714 2968 7714 2981 7715 2618 7715 2968 7715 2986 7716 2618 7716 2981 7716 2650 7717 2915 7717 2907 7717 2903 7718 2650 7718 2907 7718 2885 7719 2650 7719 2903 7719 381 7720 421 7720 497 7720 507 7721 381 7721 497 7721 517 7722 381 7722 507 7722 1177 7723 527 7723 533 7723 539 7724 1177 7724 533 7724 543 7725 1177 7725 539 7725 145 7726 155 7726 165 7726 243 7727 145 7727 165 7727 293 7728 145 7728 243 7728 161 7729 357 7729 319 7729 307 7730 161 7730 319 7730 301 7731 161 7731 307 7731 789 7732 853 7732 874 7732 890 7733 789 7733 874 7733 787 7734 789 7734 890 7734 921 7735 787 7735 890 7735 1481 7736 787 7736 921 7736 958 7737 1481 7737 921 7737 966 7738 1481 7738 958 7738 1397 7739 1285 7739 1303 7739 1315 7740 1397 7740 1303 7740 1320 7741 1397 7741 1315 7741 1963 7742 2056 7742 2049 7742 2042 7743 1963 7743 2049 7743 2040 7744 1963 7744 2042 7744 2652 7745 2852 7745 2654 7745 2852 7746 2511 7746 2499 7746 2489 7747 2852 7747 2499 7747 3125 7748 2852 7748 2489 7748 2640 7749 3125 7749 2489 7749 3114 7750 3125 7750 2640 7750 3103 7751 3114 7751 2640 7751 3806 7752 3708 7752 3725 7752 3743 7753 3806 7753 3725 7753 3745 7754 3806 7754 3743 7754 3281 7755 3711 7755 3703 7755 3701 7756 3281 7756 3703 7756 3694 7757 3281 7757 3701 7757 3429 7758 3948 7758 3952 7758 3956 7759 3429 7759 3952 7759 3964 7760 3429 7760 3956 7760 3502 7761 4089 7761 4082 7761 4074 7762 3502 7762 4082 7762 4064 7763 3502 7763 4074 7763 4593 7764 4397 7764 4461 7764 4495 7765 4593 7765 4461 7765 4501 7766 4593 7766 4495 7766 3621 7767 4323 7767 4325 7767 4329 7768 3621 7768 4325 7768 4339 7769 3621 7769 4329 7769 4353 7770 4359 7770 3550 7770 3621 7771 4353 7771 3550 7771 4343 7772 4353 7772 3621 7772 4339 7773 4343 7773 3621 7773 4743 7774 4597 7774 4649 7774 4671 7775 4743 7775 4649 7775 4679 7776 4743 7776 4671 7776 4451 7777 4265 7777 4279 7777 4293 7778 4451 7778 4279 7778 4319 7779 4451 7779 4293 7779 3346 7780 3854 7780 3856 7780 3860 7781 3346 7781 3856 7781 3987 7782 3346 7782 3860 7782 3863 7783 3987 7783 3860 7783 3872 7784 3987 7784 3863 7784 3613 7785 3598 7785 3651 7785 3641 7786 3613 7786 3651 7786 2738 7787 3135 7787 3155 7787 3171 7788 2738 7788 3155 7788 3181 7789 2738 7789 3171 7789 1904 7790 1663 7790 1770 7790 1876 7791 1904 7791 1770 7791 1989 7792 1904 7792 1876 7792 1925 7793 1989 7793 1876 7793 1937 7794 1989 7794 1925 7794 1768 7795 1555 7795 1561 7795 1566 7796 1768 7796 1561 7796 1853 7797 1768 7797 1566 7797 1588 7798 1853 7798 1566 7798 1594 7799 1853 7799 1588 7799 716 7800 687 7800 673 7800 742 7801 716 7801 673 7801 381 7802 517 7802 535 7802 549 7803 381 7803 535 7803 377 7804 381 7804 549 7804 607 7805 377 7805 549 7805 1358 7806 377 7806 607 7806 669 7807 1358 7807 607 7807 694 7808 1358 7808 669 7808 1177 7809 501 7809 509 7809 513 7810 1177 7810 509 7810 521 7811 1177 7811 513 7811 1149 7812 481 7812 483 7812 485 7813 1149 7813 483 7813 1148 7814 1149 7814 485 7814 479 7815 1148 7815 485 7815 475 7816 1148 7816 479 7816 201 7817 211 7817 149 7817 163 7818 201 7818 149 7818 149 7819 211 7819 221 7819 283 7820 149 7820 221 7820 295 7821 149 7821 283 7821 1963 7822 2040 7822 2036 7822 2029 7823 1963 7823 2036 7823 2027 7824 1963 7824 2029 7824 3443 7825 3431 7825 3428 7825 3424 7826 3443 7826 3428 7826 3421 7827 3443 7827 3424 7827 3806 7828 3745 7828 3751 7828 3756 7829 3806 7829 3751 7829 3760 7830 3806 7830 3756 7830 3281 7831 3694 7831 3691 7831 3687 7832 3281 7832 3691 7832 3681 7833 3281 7833 3687 7833 3550 7834 4359 7834 4543 7834 4377 7835 3550 7835 4543 7835 3502 7836 3550 7836 4377 7836 4367 7837 3502 7837 4377 7837 4349 7838 3502 7838 4367 7838 4593 7839 4501 7839 4509 7839 4513 7840 4593 7840 4509 7840 4521 7841 4593 7841 4513 7841 3987 7842 4096 7842 4080 7842 4057 7843 3987 7843 4080 7843 4052 7844 3987 7844 4057 7844 3651 7845 3598 7845 3581 7845 3569 7846 3651 7846 3581 7846 3563 7847 3651 7847 3569 7847 3414 7848 3334 7848 3350 7848 3363 7849 3414 7849 3350 7849 3367 7850 3414 7850 3363 7850 2650 7851 2850 7851 2874 7851 2905 7852 2650 7852 2874 7852 2913 7853 2650 7853 2905 7853 1231 7854 1460 7854 1463 7854 1467 7855 1231 7855 1463 7855 1475 7856 1231 7856 1467 7856 1080 7857 1138 7857 1132 7857 1080 7858 1132 7858 1128 7858 1124 7859 1080 7859 1128 7859 1100 7860 1080 7860 1124 7860 1014 7861 1008 7861 1010 7861 673 7862 791 7862 778 7862 770 7863 673 7863 778 7863 742 7864 673 7864 770 7864 1177 7865 395 7865 439 7865 447 7866 1177 7866 439 7866 455 7867 1177 7867 447 7867 379 7868 349 7868 367 7868 391 7869 379 7869 367 7869 397 7870 379 7870 391 7870 1603 7871 1338 7871 1332 7871 1327 7872 1603 7872 1332 7872 1552 7873 1603 7873 1327 7873 1247 7874 1552 7874 1327 7874 1218 7875 1552 7875 1247 7875 1772 7876 1740 7876 1744 7876 1748 7877 1772 7877 1744 7877 1758 7878 1772 7878 1748 7878 2016 7879 2076 7879 1871 7879 1772 7880 2016 7880 1871 7880 1921 7881 2016 7881 1772 7881 1758 7882 1921 7882 1772 7882 1764 7883 1921 7883 1758 7883 4535 7884 4517 7884 4493 7884 4487 7885 4535 7885 4493 7885 4481 7886 4535 7886 4487 7886 3414 7887 3367 7887 3373 7887 3378 7888 3414 7888 3373 7888 3384 7889 3414 7889 3378 7889 1231 7890 1395 7890 1441 7890 1457 7891 1231 7891 1441 7891 1460 7892 1231 7892 1457 7892 1592 7893 1196 7893 1179 7893 1161 7894 1592 7894 1179 7894 1080 7895 1592 7895 1161 7895 1142 7896 1080 7896 1161 7896 1138 7897 1080 7897 1142 7897 291 7898 375 7898 371 7898 363 7899 291 7899 371 7899 309 7900 291 7900 363 7900 1148 7901 401 7901 393 7901 145 7902 1148 7902 393 7902 1162 7903 1148 7903 145 7903 311 7904 1162 7904 145 7904 1177 7905 1162 7905 311 7905 365 7906 1177 7906 311 7906 395 7907 1177 7907 365 7907 1397 7908 1235 7908 1245 7908 1272 7909 1397 7909 1245 7909 1285 7910 1397 7910 1272 7910 2852 7911 2537 7911 2532 7911 2530 7912 2852 7912 2532 7912 2527 7913 2852 7913 2530 7913 3429 7914 3980 7914 4016 7914 4068 7915 3429 7915 4016 7915 4211 7916 3429 7916 4068 7916 4094 7917 4211 7917 4068 7917 4105 7918 4211 7918 4094 7918 1914 7919 1918 7919 1876 7919 1912 7920 1914 7920 1876 7920 1876 7921 1918 7921 1920 7921 1923 7922 1876 7922 1920 7922 1925 7923 1876 7923 1923 7923 1018 7924 1028 7924 1498 7924 1002 7925 1018 7925 1498 7925 1014 7926 1018 7926 1002 7926 1006 7927 1014 7927 1002 7927 1008 7928 1014 7928 1006 7928 1318 7929 515 7929 487 7929 423 7930 1318 7930 487 7930 289 7931 1318 7931 423 7931 389 7932 289 7932 423 7932 291 7933 289 7933 389 7933 383 7934 291 7934 389 7934 375 7935 291 7935 383 7935 2852 7936 2652 7936 2610 7936 2551 7937 2852 7937 2610 7937 2537 7938 2852 7938 2551 7938 3985 7939 3878 7939 3876 7939 3870 7940 3985 7940 3876 7940 3989 7941 3985 7941 3870 7941 3866 7942 3989 7942 3870 7942 3396 7943 3989 7943 3866 7943 3858 7944 3396 7944 3866 7944 3846 7945 3396 7945 3858 7945 4211 7946 4105 7946 4115 7946 4145 7947 4211 7947 4115 7947 4171 7948 4211 7948 4145 7948 2618 7949 3009 7949 3037 7949 3049 7950 2618 7950 3037 7950 2738 7951 2618 7951 3049 7951 3116 7952 2738 7952 3049 7952 3135 7953 2738 7953 3116 7953 1772 7954 1766 7954 1746 7954 1742 7955 1772 7955 1746 7955 1740 7956 1772 7956 1742 7956 3985 7957 3927 7957 3884 7957 3881 7958 3985 7958 3884 7958 3878 7959 3985 7959 3881 7959 4729 7960 4587 7960 4579 7960 4573 7961 4729 7961 4579 7961 4733 7962 4729 7962 4573 7962 4519 7963 4733 7963 4573 7963 3717 7964 4733 7964 4519 7964 4489 7965 3717 7965 4519 7965 4445 7966 3717 7966 4489 7966 4729 7967 4719 7967 4641 7967 4591 7968 4729 7968 4641 7968 4587 7969 4729 7969 4591 7969 1169 7970 1306 7970 1155 7970 1155 7971 1306 7971 1277 7971 1260 7972 1155 7972 1277 7972 1147 7973 1155 7973 1260 7973 1147 7974 1260 7974 1252 7974 1257 7975 1147 7975 1252 7975 1154 7976 1147 7976 1257 7976 1154 7977 1257 7977 1268 7977 1293 7978 1154 7978 1268 7978 1168 7979 1154 7979 1293 7979 1168 7980 1293 7980 1313 7980 1322 7981 1168 7981 1313 7981 1187 7982 1168 7982 1322 7982 1187 7983 1322 7983 1330 7983 1340 7984 1187 7984 1330 7984 1263 7985 1187 7985 1340 7985 1263 7986 1340 7986 1359 7986 1384 7987 1263 7987 1359 7987 1334 7988 1263 7988 1384 7988 1334 7989 1384 7989 1390 7989 1422 7990 1334 7990 1390 7990 1385 7991 1334 7991 1422 7991 1385 7992 1422 7992 1437 7992 1445 7993 1385 7993 1437 7993 1436 7994 1385 7994 1445 7994 1436 7995 1445 7995 1455 7995 1469 7996 1436 7996 1455 7996 1458 7997 1436 7997 1469 7997 1458 7998 1469 7998 1482 7998 1490 7999 1458 7999 1482 7999 1486 8000 1458 8000 1490 8000 1486 8001 1490 8001 1505 8001 1530 8002 1486 8002 1505 8002 1525 8003 1486 8003 1530 8003 1525 8004 1530 8004 1547 8004 1567 8005 1525 8005 1547 8005 1570 8006 1525 8006 1567 8006 1570 8007 1567 8007 1589 8007 1615 8008 1570 8008 1589 8008 1620 8009 1570 8009 1615 8009 1620 8010 1615 8010 1666 8010 1711 8011 1620 8011 1666 8011 1719 8012 1620 8012 1711 8012 1719 8013 1711 8013 1736 8013 1777 8014 1719 8014 1736 8014 1790 8015 1719 8015 1777 8015 1790 8016 1777 8016 1840 8016 1860 8017 1790 8017 1840 8017 1872 8018 1790 8018 1860 8018 1872 8019 1860 8019 1873 8019 1916 8020 1872 8020 1873 8020 1940 8021 1872 8021 1916 8021 1940 8022 1916 8022 1947 8022 2001 8023 1940 8023 1947 8023 2050 8024 1940 8024 2001 8024 2050 8025 2001 8025 2054 8025 2130 8026 2050 8026 2054 8026 2217 8027 2050 8027 2130 8027 2217 8028 2130 8028 2216 8028 2294 8029 2217 8029 2216 8029 2385 8030 2217 8030 2294 8030 2385 8031 2294 8031 2382 8031 2447 8032 2385 8032 2382 8032 2528 8033 2385 8033 2447 8033 2528 8034 2447 8034 2509 8034 2597 8035 2528 8035 2509 8035 2672 8036 2528 8036 2597 8036 2672 8037 2597 8037 2655 8037 2701 8038 2672 8038 2655 8038 2839 8039 2672 8039 2701 8039 2839 8040 2701 8040 2813 8040 2869 8041 2839 8041 2813 8041 3028 8042 2839 8042 2869 8042 3028 8043 2869 8043 2971 8043 3054 8044 3028 8044 2971 8044 3189 8045 3028 8045 3054 8045 3189 8046 3054 8046 3132 8046 3196 8047 3189 8047 3132 8047 3311 8048 3189 8048 3196 8048 3311 8049 3196 8049 3255 8049 3309 8050 3311 8050 3255 8050 3376 8051 3311 8051 3309 8051 3376 8052 3309 8052 3341 8052 3368 8053 3376 8053 3341 8053 3406 8054 3376 8054 3368 8054 3406 8055 3368 8055 3390 8055 3399 8056 3406 8056 3390 8056 3434 8057 3406 8057 3399 8057 3434 8058 3399 8058 3410 8058 3425 8059 3434 8059 3410 8059 3459 8060 3434 8060 3425 8060 3459 8061 3425 8061 3437 8061 3441 8062 3459 8062 3437 8062 3518 8063 3459 8063 3441 8063 3518 8064 3441 8064 3452 8064 3488 8065 3518 8065 3452 8065 3559 8066 3518 8066 3488 8066 3559 8067 3488 8067 3501 8067 3521 8068 3559 8068 3501 8068 3658 8069 3559 8069 3521 8069 3658 8070 3521 8070 3540 8070 3549 8071 3658 8071 3540 8071 3704 8072 3658 8072 3549 8072 3704 8073 3549 8073 3560 8073 3565 8074 3704 8074 3560 8074 3722 8075 3704 8075 3565 8075 3722 8076 3565 8076 3584 8076 3603 8077 3722 8077 3584 8077 3734 8078 3722 8078 3603 8078 3734 8079 3603 8079 3626 8079 3629 8080 3734 8080 3626 8080 3735 8081 3734 8081 3629 8081 3735 8082 3629 8082 3630 8082 3611 8083 3735 8083 3630 8083 3723 8084 3735 8084 3611 8084 3723 8085 3611 8085 3594 8085 3567 8086 3723 8086 3594 8086 3709 8087 3723 8087 3567 8087 3709 8088 3567 8088 3561 8088 3555 8089 3709 8089 3561 8089 3671 8090 3709 8090 3555 8090 3671 8091 3555 8091 3544 8091 3527 8092 3671 8092 3544 8092 3564 8093 3671 8093 3527 8093 3564 8094 3527 8094 3503 8094 3496 8095 3564 8095 3503 8095 3529 8096 3564 8096 3496 8096 3529 8097 3496 8097 3464 8097 3446 8098 3529 8098 3464 8098 3479 8099 3529 8099 3446 8099 3479 8100 3446 8100 3439 8100 3432 8101 3479 8101 3439 8101 3438 8102 3479 8102 3432 8102 3438 8103 3432 8103 3419 8103 3402 8104 3438 8104 3419 8104 3409 8105 3438 8105 3402 8105 3409 8106 3402 8106 3392 8106 3379 8107 3409 8107 3392 8107 3387 8108 3409 8108 3379 8108 3387 8109 3379 8109 3358 8109 3323 8110 3387 8110 3358 8110 3330 8111 3387 8111 3323 8111 3330 8112 3323 8112 3290 8112 3219 8113 3330 8113 3290 8113 3213 8114 3330 8114 3219 8114 3213 8115 3219 8115 3160 8115 3082 8116 3213 8116 3160 8116 3060 8117 3213 8117 3082 8117 3060 8118 3082 8118 2995 8118 2922 8119 3060 8119 2995 8119 2862 8120 3060 8120 2922 8120 2862 8121 2922 8121 2831 8121 2726 8122 2862 8122 2831 8122 2693 8123 2862 8123 2726 8123 2693 8124 2726 8124 2673 8124 2619 8125 2693 8125 2673 8125 2559 8126 2693 8126 2619 8126 2559 8127 2619 8127 2535 8127 2475 8128 2559 8128 2535 8128 2417 8129 2559 8129 2475 8129 2417 8130 2475 8130 2404 8130 2329 8131 2417 8131 2404 8131 2249 8132 2417 8132 2329 8132 2249 8133 2329 8133 2246 8133 2170 8134 2249 8134 2246 8134 2070 8135 2249 8135 2170 8135 2070 8136 2170 8136 2082 8136 2022 8137 2070 8137 2082 8137 1955 8138 2070 8138 2022 8138 1955 8139 2022 8139 1966 8139 1929 8140 1955 8140 1966 8140 1874 8141 1955 8141 1929 8141 1874 8142 1929 8142 1879 8142 1865 8143 1874 8143 1879 8143 1833 8144 1874 8144 1865 8144 1833 8145 1865 8145 1851 8145 1781 8146 1833 8146 1851 8146 1730 8147 1833 8147 1781 8147 1730 8148 1781 8148 1767 8148 1723 8149 1730 8149 1767 8149 1651 8150 1730 8150 1723 8150 1651 8151 1723 8151 1670 8151 1638 8152 1651 8152 1670 8152 1579 8153 1651 8153 1638 8153 1579 8154 1638 8154 1599 8154 1576 8155 1579 8155 1599 8155 1535 8156 1579 8156 1576 8156 1535 8157 1576 8157 1553 8157 1539 8158 1535 8158 1553 8158 1491 8159 1535 8159 1539 8159 1491 8160 1539 8160 1518 8160 1495 8161 1491 8161 1518 8161 1464 8162 1491 8162 1495 8162 1464 8163 1495 8163 1483 8163 1477 8164 1464 8164 1483 8164 1439 8165 1464 8165 1477 8165 1439 8166 1477 8166 1461 8166 1448 8167 1439 8167 1461 8167 1389 8168 1439 8168 1448 8168 1389 8169 1448 8169 1438 8169 1435 8170 1389 8170 1438 8170 1341 8171 1389 8171 1435 8171 1341 8172 1435 8172 1393 8172 1387 8173 1341 8173 1393 8173 1296 8174 1341 8174 1387 8174 1296 8175 1387 8175 1364 8175 1345 8176 1296 8176 1364 8176 1192 8177 1296 8177 1345 8177 1192 8178 1345 8178 1333 8178 1325 8179 1192 8179 1333 8179 1169 8180 1192 8180 1325 8180 1316 8181 1169 8181 1325 8181 1306 8182 1169 8182 1316 8182 2483 8183 2608 8183 2626 8183 2486 8184 2483 8184 2626 8184 2644 8185 2486 8185 2626 8185 2508 8186 2486 8186 2644 8186 2663 8187 2508 8187 2644 8187 2524 8188 2508 8188 2663 8188 2524 8189 2663 8189 2680 8189 2694 8190 2524 8190 2680 8190 2545 8191 2524 8191 2694 8191 2707 8192 2545 8192 2694 8192 2576 8193 2545 8193 2707 8193 2742 8194 2576 8194 2707 8194 2621 8195 2576 8195 2742 8195 2786 8196 2621 8196 2742 8196 2628 8197 2621 8197 2786 8197 2819 8198 2628 8198 2786 8198 2646 8199 2628 8199 2819 8199 2835 8200 2646 8200 2819 8200 2660 8201 2646 8201 2835 8201 2855 8202 2660 8202 2835 8202 2675 8203 2660 8203 2855 8203 2881 8204 2675 8204 2855 8204 2688 8205 2675 8205 2881 8205 2930 8206 2688 8206 2881 8206 2706 8207 2688 8207 2930 8207 2955 8208 2706 8208 2930 8208 2719 8209 2706 8209 2955 8209 2975 8210 2719 8210 2955 8210 2730 8211 2719 8211 2975 8211 2987 8212 2730 8212 2975 8212 2803 8213 2730 8213 2987 8213 3027 8214 2803 8214 2987 8214 2834 8215 2803 8215 3027 8215 2834 8216 3027 8216 3052 8216 3068 8217 2834 8217 3052 8217 2861 8218 2834 8218 3068 8218 3086 8219 2861 8219 3068 8219 2924 8220 2861 8220 3086 8220 3112 8221 2924 8221 3086 8221 2926 8222 2924 8222 3112 8222 2926 8223 3112 8223 3133 8223 3157 8224 2926 8224 3133 8224 2962 8225 2926 8225 3157 8225 2962 8226 3157 8226 3174 8226 3183 8227 2962 8227 3174 8227 2982 8228 2962 8228 3183 8228 3194 8229 2982 8229 3183 8229 2991 8230 2982 8230 3194 8230 3202 8231 2991 8231 3194 8231 3015 8232 2991 8232 3202 8232 3215 8233 3015 8233 3202 8233 3030 8234 3015 8234 3215 8234 3226 8235 3030 8235 3215 8235 3043 8236 3030 8236 3226 8236 3232 8237 3043 8237 3226 8237 3050 8238 3043 8238 3232 8238 3237 8239 3050 8239 3232 8239 3056 8240 3050 8240 3237 8240 3243 8241 3056 8241 3237 8241 3062 8242 3056 8242 3243 8242 3251 8243 3062 8243 3243 8243 3066 8244 3062 8244 3251 8244 3256 8245 3066 8245 3251 8245 3073 8246 3066 8246 3256 8246 3263 8247 3073 8247 3256 8247 3075 8248 3073 8248 3263 8248 3264 8249 3075 8249 3263 8249 3076 8250 3075 8250 3264 8250 3270 8251 3076 8251 3264 8251 3081 8252 3076 8252 3270 8252 3271 8253 3081 8253 3270 8253 3080 8254 3081 8254 3271 8254 3272 8255 3080 8255 3271 8255 3077 8256 3080 8256 3272 8256 3269 8257 3077 8257 3272 8257 3074 8258 3077 8258 3269 8258 3267 8259 3074 8259 3269 8259 3072 8260 3074 8260 3267 8260 3260 8261 3072 8261 3267 8261 3065 8262 3072 8262 3260 8262 3257 8263 3065 8263 3260 8263 3061 8264 3065 8264 3257 8264 3250 8265 3061 8265 3257 8265 3057 8266 3061 8266 3250 8266 3244 8267 3057 8267 3250 8267 3051 8268 3057 8268 3244 8268 3236 8269 3051 8269 3244 8269 3042 8270 3051 8270 3236 8270 3233 8271 3042 8271 3236 8271 3031 8272 3042 8272 3233 8272 3223 8273 3031 8273 3233 8273 3014 8274 3031 8274 3223 8274 3216 8275 3014 8275 3223 8275 2992 8276 3014 8276 3216 8276 2992 8277 3216 8277 3201 8277 3195 8278 2992 8278 3201 8278 2973 8279 2992 8279 3195 8279 2973 8280 3195 8280 3182 8280 3175 8281 2973 8281 3182 8281 2942 8282 2973 8282 3175 8282 3156 8283 2942 8283 3175 8283 2923 8284 2942 8284 3156 8284 3138 8285 2923 8285 3156 8285 2895 8286 2923 8286 3138 8286 2895 8287 3138 8287 3111 8287 3087 8288 2895 8288 3111 8288 2853 8289 2895 8289 3087 8289 2853 8290 3087 8290 3067 8290 3053 8291 2853 8291 3067 8291 2820 8292 2853 8292 3053 8292 2820 8293 3053 8293 3024 8293 2988 8294 2820 8294 3024 8294 2761 8295 2820 8295 2988 8295 2974 8296 2761 8296 2988 8296 2729 8297 2761 8297 2974 8297 2957 8298 2729 8298 2974 8298 2705 8299 2729 8299 2957 8299 2929 8300 2705 8300 2957 8300 2689 8301 2705 8301 2929 8301 2888 8302 2689 8302 2929 8302 2674 8303 2689 8303 2888 8303 2854 8304 2674 8304 2888 8304 2661 8305 2674 8305 2854 8305 2836 8306 2661 8306 2854 8306 2645 8307 2661 8307 2836 8307 2818 8308 2645 8308 2836 8308 2620 8309 2645 8309 2818 8309 2787 8310 2620 8310 2818 8310 2613 8311 2620 8311 2787 8311 2741 8312 2613 8312 2787 8312 2575 8313 2613 8313 2741 8313 2708 8314 2575 8314 2741 8314 2544 8315 2575 8315 2708 8315 2692 8316 2544 8316 2708 8316 2525 8317 2544 8317 2692 8317 2681 8318 2525 8318 2692 8318 2506 8319 2525 8319 2681 8319 2506 8320 2681 8320 2662 8320 2643 8321 2506 8321 2662 8321 2477 8322 2506 8322 2643 8322 2627 8323 2477 8323 2643 8323 2462 8324 2477 8324 2627 8324 2607 8325 2462 8325 2627 8325 2437 8326 2462 8326 2607 8326 2570 8327 2437 8327 2607 8327 2423 8328 2437 8328 2570 8328 2542 8329 2423 8329 2570 8329 2394 8330 2423 8330 2542 8330 2523 8331 2394 8331 2542 8331 2376 8332 2394 8332 2523 8332 2330 8333 2376 8333 2523 8333 2504 8334 2330 8334 2523 8334 2322 8335 2330 8335 2504 8335 2322 8336 2504 8336 2488 8336 2465 8337 2322 8337 2488 8337 2299 8338 2322 8338 2465 8338 2446 8339 2299 8339 2465 8339 2271 8340 2299 8340 2446 8340 2429 8341 2271 8341 2446 8341 2250 8342 2271 8342 2429 8342 2412 8343 2250 8343 2429 8343 2230 8344 2250 8344 2412 8344 2386 8345 2230 8345 2412 8345 2189 8346 2230 8346 2386 8346 2371 8347 2189 8347 2386 8347 2169 8348 2189 8348 2371 8348 2346 8349 2169 8349 2371 8349 2135 8350 2169 8350 2346 8350 2135 8351 2346 8351 2328 8351 2307 8352 2135 8352 2328 8352 2098 8353 2135 8353 2307 8353 2098 8354 2307 8354 2286 8354 2266 8355 2098 8355 2286 8355 2063 8356 2098 8356 2266 8356 2063 8357 2266 8357 2253 8357 2239 8358 2063 8358 2253 8358 2043 8359 2063 8359 2239 8359 2043 8360 2239 8360 2226 8360 2213 8361 2043 8361 2226 8361 2023 8362 2043 8362 2213 8362 2202 8363 2023 8363 2213 8363 2019 8364 2023 8364 2202 8364 2190 8365 2019 8365 2202 8365 2005 8366 2019 8366 2190 8366 2178 8367 2005 8367 2190 8367 1998 8368 2005 8368 2178 8368 2164 8369 1998 8369 2178 8369 1992 8370 1998 8370 2164 8370 2155 8371 1992 8371 2164 8371 1988 8372 1992 8372 2155 8372 2141 8373 1988 8373 2155 8373 1983 8374 1988 8374 2141 8374 2134 8375 1983 8375 2141 8375 1980 8376 1983 8376 2134 8376 2127 8377 1980 8377 2134 8377 1978 8378 1980 8378 2127 8378 2122 8379 1978 8379 2127 8379 1973 8380 1978 8380 2122 8380 2119 8381 1973 8381 2122 8381 1972 8382 1973 8382 2119 8382 2114 8383 1972 8383 2119 8383 1967 8384 1972 8384 2114 8384 2111 8385 1967 8385 2114 8385 1968 8386 1967 8386 2111 8386 2112 8387 1968 8387 2111 8387 1971 8388 1968 8388 2112 8388 2113 8389 1971 8389 2112 8389 1974 8390 1971 8390 2113 8390 2120 8391 1974 8391 2113 8391 1977 8392 1974 8392 2120 8392 2121 8393 1977 8393 2120 8393 1979 8394 1977 8394 2121 8394 2129 8395 1979 8395 2121 8395 1984 8396 1979 8396 2129 8396 2133 8397 1984 8397 2129 8397 1987 8398 1984 8398 2133 8398 2142 8399 1987 8399 2133 8399 1993 8400 1987 8400 2142 8400 2154 8401 1993 8401 2142 8401 1999 8402 1993 8402 2154 8402 2165 8403 1999 8403 2154 8403 2004 8404 1999 8404 2165 8404 2177 8405 2004 8405 2165 8405 2015 8406 2004 8406 2177 8406 2191 8407 2015 8407 2177 8407 2020 8408 2015 8408 2191 8408 2201 8409 2020 8409 2191 8409 2032 8410 2020 8410 2201 8410 2032 8411 2201 8411 2214 8411 2223 8412 2032 8412 2214 8412 2051 8413 2032 8413 2223 8413 2051 8414 2223 8414 2241 8414 2252 8415 2051 8415 2241 8415 2079 8416 2051 8416 2252 8416 2079 8417 2252 8417 2267 8417 2285 8418 2079 8418 2267 8418 2110 8419 2079 8419 2285 8419 2608 8420 2483 8420 2476 8420 2438 8421 2608 8421 2476 8421 2569 8422 2608 8422 2438 8422 2422 8423 2569 8423 2438 8423 2543 8424 2569 8424 2422 8424 2395 8425 2543 8425 2422 8425 2522 8426 2543 8426 2395 8426 2377 8427 2522 8427 2395 8427 2505 8428 2522 8428 2377 8428 2350 8429 2505 8429 2377 8429 2487 8430 2505 8430 2350 8430 2331 8431 2487 8431 2350 8431 2466 8432 2487 8432 2331 8432 2298 8433 2466 8433 2331 8433 2445 8434 2466 8434 2298 8434 2270 8435 2445 8435 2298 8435 2430 8436 2445 8436 2270 8436 2251 8437 2430 8437 2270 8437 2411 8438 2430 8438 2251 8438 2229 8439 2411 8439 2251 8439 2389 8440 2411 8440 2229 8440 2208 8441 2389 8441 2229 8441 2370 8442 2389 8442 2208 8442 2167 8443 2370 8443 2208 8443 2347 8444 2370 8444 2167 8444 2161 8445 2347 8445 2167 8445 2327 8446 2347 8446 2161 8446 2110 8447 2327 8447 2161 8447 2308 8448 2327 8448 2110 8448 2285 8449 2308 8449 2110 8449 1182 8450 1299 8450 1317 8450 1323 8451 1182 8451 1317 8451 1227 8452 1182 8452 1323 8452 1344 8453 1227 8453 1323 8453 1324 8454 1227 8454 1344 8454 1386 8455 1324 8455 1344 8455 1367 8456 1324 8456 1386 8456 1432 8457 1367 8457 1386 8457 1425 8458 1367 8458 1432 8458 1447 8459 1425 8459 1432 8459 1451 8460 1425 8460 1447 8460 1476 8461 1451 8461 1447 8461 1481 8462 1451 8462 1476 8462 1494 8463 1481 8463 1476 8463 1511 8464 1481 8464 1494 8464 1538 8465 1511 8465 1494 8465 1552 8466 1511 8466 1538 8466 1575 8467 1552 8467 1538 8467 1603 8468 1552 8468 1575 8468 1637 8469 1603 8469 1575 8469 1683 8470 1603 8470 1637 8470 1722 8471 1683 8471 1637 8471 1775 8472 1683 8472 1722 8472 1780 8473 1775 8473 1722 8473 1859 8474 1775 8474 1780 8474 1864 8475 1859 8475 1780 8475 1921 8476 1859 8476 1864 8476 1928 8477 1921 8477 1864 8477 2016 8478 1921 8478 1928 8478 2021 8479 2016 8479 1928 8479 2166 8480 2016 8480 2021 8480 2168 8481 2166 8481 2021 8481 2337 8482 2166 8482 2168 8482 2332 8483 2337 8483 2168 8483 2489 8484 2337 8484 2332 8484 2478 8485 2489 8485 2332 8485 2640 8486 2489 8486 2478 8486 2622 8487 2640 8487 2478 8487 2796 8488 2640 8488 2622 8488 2731 8489 2796 8489 2622 8489 2972 8490 2796 8490 2731 8490 2925 8491 2972 8491 2731 8491 3153 8492 2972 8492 2925 8492 3083 8493 3153 8493 2925 8493 3281 8494 3153 8494 3083 8494 3220 8495 3281 8495 3083 8495 3361 8496 3281 8496 3220 8496 3324 8497 3361 8497 3220 8497 3396 8498 3361 8498 3324 8498 3380 8499 3396 8499 3324 8499 3429 8500 3396 8500 3380 8500 3403 8501 3429 8501 3380 8501 3448 8502 3429 8502 3403 8502 3433 8503 3448 8503 3403 8503 3502 8504 3448 8504 3433 8504 3447 8505 3502 8505 3433 8505 3550 8506 3502 8506 3447 8506 3497 8507 3550 8507 3447 8507 3621 8508 3550 8508 3497 8508 3528 8509 3621 8509 3497 8509 3699 8510 3621 8510 3528 8510 3556 8511 3699 8511 3528 8511 3717 8512 3699 8512 3556 8512 3571 8513 3717 8513 3556 8513 3731 8514 3717 8514 3571 8514 3616 8515 3731 8515 3571 8515 3736 8516 3731 8516 3616 8516 3631 8517 3736 8517 3616 8517 3730 8518 3736 8518 3631 8518 3606 8519 3730 8519 3631 8519 3716 8520 3730 8520 3606 8520 3566 8521 3716 8521 3606 8521 3692 8522 3716 8522 3566 8522 3551 8523 3692 8523 3566 8523 3587 8524 3692 8524 3551 8524 3522 8525 3587 8525 3551 8525 3543 8526 3587 8526 3522 8526 3493 8527 3543 8527 3522 8527 3498 8528 3543 8528 3493 8528 3445 8529 3498 8529 3493 8529 3444 8530 3498 8530 3445 8530 3426 8531 3444 8531 3445 8531 3422 8532 3444 8532 3426 8532 3400 8533 3422 8533 3426 8533 3391 8534 3422 8534 3400 8534 3369 8535 3391 8535 3400 8535 3346 8536 3391 8536 3369 8536 3310 8537 3346 8537 3369 8537 3247 8538 3346 8538 3310 8538 3197 8539 3247 8539 3310 8539 3108 8540 3247 8540 3197 8540 3055 8541 3108 8541 3197 8541 2941 8542 3108 8542 3055 8542 2872 8543 2941 8543 3055 8543 2738 8544 2941 8544 2872 8544 2702 8545 2738 8545 2872 8545 2618 8546 2738 8546 2702 8546 2598 8547 2618 8547 2702 8547 2461 8548 2618 8548 2598 8548 2448 8549 2461 8549 2598 8549 2302 8550 2461 8550 2448 8550 2295 8551 2302 8551 2448 8551 2124 8552 2302 8552 2295 8552 2128 8553 2124 8553 2295 8553 1989 8554 2124 8554 2128 8554 2000 8555 1989 8555 2128 8555 1904 8556 1989 8556 2000 8556 1915 8557 1904 8557 2000 8557 1853 8558 1904 8558 1915 8558 1858 8559 1853 8559 1915 8559 1768 8560 1853 8560 1858 8560 1776 8561 1768 8561 1858 8561 1669 8562 1768 8562 1776 8562 1708 8563 1669 8563 1776 8563 1592 8564 1669 8564 1708 8564 1614 8565 1592 8565 1708 8565 1546 8566 1592 8566 1614 8566 1564 8567 1546 8567 1614 8567 1498 8568 1546 8568 1564 8568 1529 8569 1498 8569 1564 8569 1478 8570 1498 8570 1529 8570 1489 8571 1478 8571 1529 8571 1446 8572 1478 8572 1489 8572 1468 8573 1446 8573 1489 8573 1406 8574 1446 8574 1468 8574 1444 8575 1406 8575 1468 8575 1358 8576 1406 8576 1444 8576 1419 8577 1358 8577 1444 8577 1318 8578 1358 8578 1419 8578 1383 8579 1318 8579 1419 8579 1214 8580 1318 8580 1383 8580 1339 8581 1214 8581 1383 8581 1177 8582 1214 8582 1339 8582 1321 8583 1177 8583 1339 8583 1162 8584 1177 8584 1321 8584 1288 8585 1162 8585 1321 8585 1148 8586 1162 8586 1288 8586 1253 8587 1148 8587 1288 8587 1149 8588 1148 8588 1253 8588 1256 8589 1149 8589 1253 8589 1163 8590 1149 8590 1256 8590 1299 8591 1163 8591 1256 8591 1182 8592 1163 8592 1299 8592 2622 8593 2486 8593 2508 8593 2622 8594 2508 8594 2524 8594 2545 8595 2622 8595 2524 8595 2576 8596 2622 8596 2545 8596 2332 8597 2350 8597 2377 8597 2395 8598 2332 8598 2377 8598 2332 8599 2395 8599 2422 8599 2438 8600 2332 8600 2422 8600 2478 8601 2332 8601 2438 8601 2476 8602 2478 8602 2438 8602 2622 8603 2478 8603 2476 8603 2483 8604 2622 8604 2476 8604 2486 8605 2622 8605 2483 8605 2229 8606 2251 8606 2168 8606 2208 8607 2229 8607 2168 8607 2168 8608 2251 8608 2270 8608 2298 8609 2168 8609 2270 8609 2332 8610 2168 8610 2298 8610 2331 8611 2332 8611 2298 8611 2350 8612 2332 8612 2331 8612 2021 8613 2020 8613 2032 8613 2051 8614 2021 8614 2032 8614 2079 8615 2021 8615 2051 8615 2021 8616 2079 8616 2110 8616 2161 8617 2021 8617 2110 8617 2168 8618 2021 8618 2161 8618 2167 8619 2168 8619 2161 8619 2208 8620 2168 8620 2167 8620 1929 8621 1972 8621 1967 8621 1929 8622 1980 8622 1978 8622 1973 8623 1929 8623 1978 8623 1972 8624 1929 8624 1973 8624 1929 8625 1992 8625 1988 8625 1983 8626 1929 8626 1988 8626 1980 8627 1929 8627 1983 8627 1971 8628 1974 8628 2021 8628 1928 8629 1971 8629 2021 8629 1968 8630 1971 8630 1928 8630 2021 8631 1974 8631 1977 8631 1979 8632 2021 8632 1977 8632 1984 8633 2021 8633 1979 8633 2021 8634 1984 8634 1987 8634 1993 8635 2021 8635 1987 8635 1999 8636 2021 8636 1993 8636 2021 8637 1999 8637 2004 8637 2015 8638 2021 8638 2004 8638 2020 8639 2021 8639 2015 8639 2022 8640 2063 8640 2043 8640 2082 8641 2170 8641 2169 8641 2135 8642 2082 8642 2169 8642 2022 8643 2082 8643 2135 8643 2098 8644 2022 8644 2135 8644 2063 8645 2022 8645 2098 8645 2022 8646 2043 8646 2023 8646 2019 8647 2022 8647 2023 8647 1966 8648 2022 8648 2019 8648 2005 8649 1966 8649 2019 8649 1929 8650 1966 8650 2005 8650 1998 8651 1929 8651 2005 8651 1992 8652 1929 8652 1998 8652 2170 8653 2250 8653 2230 8653 2189 8654 2170 8654 2230 8654 2169 8655 2170 8655 2189 8655 2246 8656 2329 8656 2322 8656 2299 8657 2246 8657 2322 8657 2170 8658 2246 8658 2299 8658 2271 8659 2170 8659 2299 8659 2250 8660 2170 8660 2271 8660 2329 8661 2394 8661 2376 8661 2330 8662 2329 8662 2376 8662 2322 8663 2329 8663 2330 8663 2475 8664 2506 8664 2477 8664 2462 8665 2475 8665 2477 8665 2404 8666 2475 8666 2462 8666 2437 8667 2404 8667 2462 8667 2329 8668 2404 8668 2437 8668 2423 8669 2329 8669 2437 8669 2394 8670 2329 8670 2423 8670 2525 8671 2506 8671 2475 8671 2535 8672 2525 8672 2475 8672 2544 8673 2525 8673 2535 8673 2619 8674 2544 8674 2535 8674 2575 8675 2544 8675 2619 8675 2726 8676 2689 8676 2674 8676 2726 8677 2674 8677 2661 8677 2645 8678 2726 8678 2661 8678 2673 8679 2726 8679 2645 8679 2620 8680 2673 8680 2645 8680 2619 8681 2673 8681 2620 8681 2613 8682 2619 8682 2620 8682 2575 8683 2619 8683 2613 8683 2922 8684 2923 8684 2895 8684 2853 8685 2922 8685 2895 8685 2922 8686 2853 8686 2820 8686 2761 8687 2922 8687 2820 8687 2831 8688 2922 8688 2761 8688 2729 8689 2831 8689 2761 8689 2726 8690 2831 8690 2729 8690 2705 8691 2726 8691 2729 8691 2689 8692 2726 8692 2705 8692 2982 8693 3083 8693 2962 8693 3083 8694 3073 8694 3075 8694 3083 8695 3056 8695 3062 8695 3066 8696 3083 8696 3062 8696 3073 8697 3083 8697 3066 8697 3083 8698 3030 8698 3043 8698 3050 8699 3083 8699 3043 8699 3056 8700 3083 8700 3050 8700 3083 8701 2982 8701 2991 8701 3015 8702 3083 8702 2991 8702 3030 8703 3083 8703 3015 8703 3082 8704 3065 8704 3061 8704 3057 8705 3082 8705 3061 8705 3051 8706 3082 8706 3057 8706 3083 8707 3075 8707 3076 8707 3081 8708 3083 8708 3076 8708 3080 8709 3083 8709 3081 8709 3082 8710 3077 8710 3074 8710 3072 8711 3082 8711 3074 8711 3065 8712 3082 8712 3072 8712 3082 8713 3051 8713 3042 8713 3031 8714 3082 8714 3042 8714 3014 8715 3082 8715 3031 8715 3082 8716 3014 8716 2992 8716 2973 8717 3082 8717 2992 8717 2942 8718 3082 8718 2973 8718 2942 8719 2923 8719 2922 8719 2995 8720 2942 8720 2922 8720 3082 8721 2942 8721 2995 8721 2925 8722 2834 8722 2861 8722 2924 8723 2925 8723 2861 8723 3083 8724 2925 8724 2924 8724 2926 8725 3083 8725 2924 8725 2962 8726 3083 8726 2926 8726 2622 8727 2576 8727 2621 8727 2628 8728 2622 8728 2621 8728 2731 8729 2622 8729 2628 8729 2646 8730 2731 8730 2628 8730 2660 8731 2731 8731 2646 8731 2731 8732 2660 8732 2675 8732 2688 8733 2731 8733 2675 8733 2706 8734 2731 8734 2688 8734 2731 8735 2706 8735 2719 8735 2730 8736 2731 8736 2719 8736 2925 8737 2731 8737 2730 8737 2803 8738 2925 8738 2730 8738 2834 8739 2925 8739 2803 8739 3606 8740 3603 8740 3584 8740 3566 8741 3606 8741 3584 8741 3626 8742 3603 8742 3606 8742 3631 8743 3626 8743 3606 8743 3629 8744 3626 8744 3631 8744 3630 8745 3629 8745 3631 8745 3616 8746 3630 8746 3631 8746 3611 8747 3630 8747 3616 8747 3594 8748 3611 8748 3616 8748 3571 8749 3594 8749 3616 8749 3567 8750 3594 8750 3571 8750 3561 8751 3567 8751 3571 8751 3556 8752 3561 8752 3571 8752 3555 8753 3561 8753 3556 8753 3544 8754 3555 8754 3556 8754 3528 8755 3544 8755 3556 8755 3527 8756 3544 8756 3528 8756 3503 8757 3527 8757 3528 8757 3497 8758 3503 8758 3528 8758 3496 8759 3503 8759 3497 8759 3464 8760 3496 8760 3497 8760 3447 8761 3464 8761 3497 8761 3446 8762 3464 8762 3447 8762 3439 8763 3446 8763 3447 8763 3433 8764 3439 8764 3447 8764 3432 8765 3439 8765 3433 8765 3419 8766 3432 8766 3433 8766 3403 8767 3419 8767 3433 8767 3402 8768 3419 8768 3403 8768 3392 8769 3402 8769 3403 8769 3380 8770 3392 8770 3403 8770 3379 8771 3392 8771 3380 8771 3358 8772 3379 8772 3380 8772 3324 8773 3358 8773 3380 8773 3323 8774 3358 8774 3324 8774 3290 8775 3323 8775 3324 8775 3220 8776 3290 8776 3324 8776 3219 8777 3290 8777 3220 8777 3160 8778 3219 8778 3220 8778 3083 8779 3160 8779 3220 8779 3082 8780 3160 8780 3083 8780 3080 8781 3082 8781 3083 8781 3077 8782 3082 8782 3080 8782 1929 8783 1967 8783 1968 8783 1928 8784 1929 8784 1968 8784 1879 8785 1929 8785 1928 8785 1864 8786 1879 8786 1928 8786 1864 8787 1780 8787 1851 8787 1865 8788 1864 8788 1851 8788 1879 8789 1864 8789 1865 8789 1780 8790 1722 8790 1767 8790 1781 8791 1780 8791 1767 8791 1851 8792 1780 8792 1781 8792 1722 8793 1637 8793 1670 8793 1723 8794 1722 8794 1670 8794 1767 8795 1722 8795 1723 8795 1637 8796 1575 8796 1599 8796 1638 8797 1637 8797 1599 8797 1670 8798 1637 8798 1638 8798 1575 8799 1538 8799 1553 8799 1576 8800 1575 8800 1553 8800 1599 8801 1575 8801 1576 8801 1538 8802 1494 8802 1518 8802 1539 8803 1538 8803 1518 8803 1553 8804 1538 8804 1539 8804 1494 8805 1476 8805 1483 8805 1495 8806 1494 8806 1483 8806 1518 8807 1494 8807 1495 8807 1476 8808 1447 8808 1461 8808 1477 8809 1476 8809 1461 8809 1483 8810 1476 8810 1477 8810 1447 8811 1432 8811 1438 8811 1448 8812 1447 8812 1438 8812 1461 8813 1447 8813 1448 8813 1432 8814 1386 8814 1393 8814 1435 8815 1432 8815 1393 8815 1438 8816 1432 8816 1435 8816 1386 8817 1344 8817 1364 8817 1387 8818 1386 8818 1364 8818 1393 8819 1386 8819 1387 8819 1344 8820 1323 8820 1333 8820 1345 8821 1344 8821 1333 8821 1364 8822 1344 8822 1345 8822 1299 8823 1256 8823 1277 8823 1306 8824 1299 8824 1277 8824 1317 8825 1299 8825 1306 8825 1316 8826 1317 8826 1306 8826 1323 8827 1317 8827 1316 8827 1325 8828 1323 8828 1316 8828 1333 8829 1323 8829 1325 8829 1256 8830 1253 8830 1252 8830 1260 8831 1256 8831 1252 8831 1277 8832 1256 8832 1260 8832 1253 8833 1288 8833 1268 8833 1257 8834 1253 8834 1268 8834 1252 8835 1253 8835 1257 8835 1288 8836 1321 8836 1313 8836 1293 8837 1288 8837 1313 8837 1268 8838 1288 8838 1293 8838 1321 8839 1339 8839 1330 8839 1322 8840 1321 8840 1330 8840 1313 8841 1321 8841 1322 8841 1339 8842 1383 8842 1359 8842 1340 8843 1339 8843 1359 8843 1330 8844 1339 8844 1340 8844 1383 8845 1419 8845 1390 8845 1384 8846 1383 8846 1390 8846 1359 8847 1383 8847 1384 8847 1419 8848 1444 8848 1437 8848 1422 8849 1419 8849 1437 8849 1390 8850 1419 8850 1422 8850 1444 8851 1468 8851 1455 8851 1445 8852 1444 8852 1455 8852 1437 8853 1444 8853 1445 8853 1468 8854 1489 8854 1482 8854 1469 8855 1468 8855 1482 8855 1455 8856 1468 8856 1469 8856 1489 8857 1529 8857 1505 8857 1490 8858 1489 8858 1505 8858 1482 8859 1489 8859 1490 8859 1529 8860 1564 8860 1547 8860 1530 8861 1529 8861 1547 8861 1505 8862 1529 8862 1530 8862 1564 8863 1614 8863 1589 8863 1567 8864 1564 8864 1589 8864 1547 8865 1564 8865 1567 8865 1614 8866 1708 8866 1666 8866 1615 8867 1614 8867 1666 8867 1589 8868 1614 8868 1615 8868 1708 8869 1776 8869 1736 8869 1711 8870 1708 8870 1736 8870 1666 8871 1708 8871 1711 8871 1776 8872 1858 8872 1840 8872 1777 8873 1776 8873 1840 8873 1736 8874 1776 8874 1777 8874 1858 8875 1915 8875 1873 8875 1860 8876 1858 8876 1873 8876 1840 8877 1858 8877 1860 8877 1915 8878 2000 8878 1947 8878 1916 8879 1915 8879 1947 8879 1873 8880 1915 8880 1916 8880 2000 8881 2128 8881 2054 8881 2001 8882 2000 8882 2054 8882 1947 8883 2000 8883 2001 8883 2128 8884 2295 8884 2216 8884 2130 8885 2128 8885 2216 8885 2054 8886 2128 8886 2130 8886 2295 8887 2448 8887 2382 8887 2294 8888 2295 8888 2382 8888 2216 8889 2295 8889 2294 8889 2448 8890 2598 8890 2509 8890 2447 8891 2448 8891 2509 8891 2382 8892 2448 8892 2447 8892 2598 8893 2702 8893 2655 8893 2597 8894 2598 8894 2655 8894 2509 8895 2598 8895 2597 8895 2702 8896 2872 8896 2813 8896 2701 8897 2702 8897 2813 8897 2655 8898 2702 8898 2701 8898 2872 8899 3055 8899 2971 8899 2869 8900 2872 8900 2971 8900 2813 8901 2872 8901 2869 8901 3055 8902 3197 8902 3132 8902 3054 8903 3055 8903 3132 8903 2971 8904 3055 8904 3054 8904 3197 8905 3310 8905 3255 8905 3196 8906 3197 8906 3255 8906 3132 8907 3197 8907 3196 8907 3310 8908 3369 8908 3341 8908 3309 8909 3310 8909 3341 8909 3255 8910 3310 8910 3309 8910 3369 8911 3400 8911 3390 8911 3368 8912 3369 8912 3390 8912 3341 8913 3369 8913 3368 8913 3400 8914 3426 8914 3410 8914 3399 8915 3400 8915 3410 8915 3390 8916 3400 8916 3399 8916 3426 8917 3445 8917 3437 8917 3425 8918 3426 8918 3437 8918 3410 8919 3426 8919 3425 8919 3445 8920 3493 8920 3452 8920 3441 8921 3445 8921 3452 8921 3437 8922 3445 8922 3441 8922 3493 8923 3522 8923 3501 8923 3488 8924 3493 8924 3501 8924 3452 8925 3493 8925 3488 8925 3522 8926 3551 8926 3540 8926 3521 8927 3522 8927 3540 8927 3501 8928 3522 8928 3521 8928 3566 8929 3584 8929 3565 8929 3560 8930 3566 8930 3565 8930 3551 8931 3566 8931 3560 8931 3549 8932 3551 8932 3560 8932 3540 8933 3551 8933 3549 8933 2273 8934 2558 8934 2269 8934 2558 8935 2265 8935 2269 8935 2306 8936 2558 8936 2288 8936 2558 8937 2278 8937 2288 8937 2558 8938 2273 8938 2278 8938 2359 8939 2558 8939 2339 8939 2558 8940 2319 8940 2339 8940 2558 8941 2317 8941 2319 8941 2426 8942 2558 8942 2399 8942 2558 8943 2384 8943 2399 8943 2558 8944 2359 8944 2384 8944 2495 8945 2558 8945 2470 8945 2558 8946 2442 8946 2470 8946 2558 8947 2426 8947 2442 8947 2580 8948 2558 8948 2541 8948 2558 8949 2517 8949 2541 8949 2558 8950 2495 8950 2517 8950 2659 8951 2558 8951 2639 8951 2558 8952 2617 8952 2639 8952 2558 8953 2612 8953 2617 8953 2712 8954 2558 8954 2696 8954 2558 8955 2683 8955 2696 8955 2558 8956 2659 8956 2683 8956 2824 8957 2558 8957 2811 8957 2558 8958 2760 8958 2811 8958 2558 8959 2712 8959 2760 8959 2887 8960 2558 8960 2857 8960 2558 8961 2841 8961 2857 8961 2558 8962 2824 8962 2841 8962 2948 8963 2558 8963 2934 8963 2558 8964 2920 8964 2934 8964 2558 8965 2901 8965 2920 8965 2966 8966 2558 8966 2964 8966 2558 8967 2959 8967 2964 8967 2558 8968 2948 8968 2959 8968 2958 8969 2558 8969 2963 8969 2558 8970 2965 8970 2963 8970 2558 8971 2966 8971 2965 8971 2919 8972 2558 8972 2933 8972 2558 8973 2947 8973 2933 8973 2558 8974 2958 8974 2947 8974 2840 8975 2558 8975 2856 8975 2558 8976 2886 8976 2856 8976 2558 8977 2900 8977 2886 8977 2759 8978 2558 8978 2810 8978 2558 8979 2823 8979 2810 8979 2558 8980 2840 8980 2823 8980 2682 8981 2558 8981 2695 8981 2558 8982 2711 8982 2695 8982 2558 8983 2759 8983 2711 8983 2616 8984 2558 8984 2638 8984 2558 8985 2658 8985 2638 8985 2558 8986 2682 8986 2658 8986 2516 8987 2558 8987 2540 8987 2558 8988 2579 8988 2540 8988 2558 8989 2611 8989 2579 8989 2441 8990 2558 8990 2469 8990 2558 8991 2494 8991 2469 8991 2558 8992 2516 8992 2494 8992 2383 8993 2558 8993 2398 8993 2558 8994 2425 8994 2398 8994 2558 8995 2441 8995 2425 8995 2318 8996 2558 8996 2338 8996 2558 8997 2358 8997 2338 8997 2558 8998 2383 8998 2358 8998 2287 8999 2558 8999 2305 8999 2558 9000 2316 9000 2305 9000 2268 9001 2558 9001 2272 9001 2558 9002 2277 9002 2272 9002 2558 9003 2287 9003 2277 9003 2558 9004 2268 9004 2265 9004 2558 9005 2318 9005 2316 9005 2558 9006 2616 9006 2611 9006 2558 9007 2919 9007 2900 9007 2558 9008 2887 9008 2901 9008 2558 9009 2580 9009 2612 9009 2558 9010 2306 9010 2317 9010 2617 9011 2612 9011 2793 9011 2639 9012 2617 9012 2793 9012 2887 9013 2857 9013 2793 9013 2901 9014 2887 9014 2793 9014 2793 9015 2811 9015 2760 9015 2712 9016 2793 9016 2760 9016 2696 9017 2793 9017 2712 9017 2793 9018 2696 9018 2683 9018 2659 9019 2793 9019 2683 9019 2639 9020 2793 9020 2659 9020 2793 9021 2857 9021 2841 9021 2824 9022 2793 9022 2841 9022 2811 9023 2793 9023 2824 9023 2919 9024 3029 9024 2900 9024 3029 9025 2919 9025 2933 9025 2947 9026 3029 9026 2933 9026 2958 9027 3029 9027 2947 9027 3029 9028 2948 9028 2934 9028 2920 9029 3029 9029 2934 9029 2901 9030 3029 9030 2920 9030 3029 9031 2958 9031 2963 9031 2965 9032 3029 9032 2963 9032 2966 9033 3029 9033 2965 9033 3029 9034 2966 9034 2964 9034 2959 9035 3029 9035 2964 9035 2948 9036 3029 9036 2959 9036 2792 9037 2611 9037 2616 9037 2638 9038 2792 9038 2616 9038 2658 9039 2792 9039 2638 9039 2759 9040 2810 9040 2792 9040 2711 9041 2759 9041 2792 9041 2886 9042 2900 9042 2792 9042 2856 9043 2886 9043 2792 9043 2792 9044 2658 9044 2682 9044 2695 9045 2792 9045 2682 9045 2711 9046 2792 9046 2695 9046 2792 9047 2810 9047 2823 9047 2840 9048 2792 9048 2823 9048 2856 9049 2792 9049 2840 9049 2318 9050 2418 9050 2316 9050 2418 9051 2318 9051 2338 9051 2358 9052 2418 9052 2338 9052 2383 9053 2418 9053 2358 9053 2418 9054 2383 9054 2398 9054 2425 9055 2418 9055 2398 9055 2441 9056 2418 9056 2425 9056 2418 9057 2441 9057 2469 9057 2494 9058 2418 9058 2469 9058 2516 9059 2418 9059 2494 9059 2418 9060 2516 9060 2540 9060 2579 9061 2418 9061 2540 9061 2611 9062 2418 9062 2579 9062 2305 9063 2316 9063 2215 9063 2287 9064 2305 9064 2215 9064 2306 9065 2215 9065 2317 9065 2215 9066 2306 9066 2288 9066 2278 9067 2215 9067 2288 9067 2273 9068 2215 9068 2278 9068 2215 9069 2273 9069 2269 9069 2265 9070 2215 9070 2269 9070 2268 9071 2215 9071 2265 9071 2215 9072 2268 9072 2272 9072 2277 9073 2215 9073 2272 9073 2287 9074 2215 9074 2277 9074 2384 9075 2359 9075 2419 9075 2399 9076 2384 9076 2419 9076 2419 9077 2359 9077 2339 9077 2319 9078 2419 9078 2339 9078 2317 9079 2419 9079 2319 9079 2580 9080 2541 9080 2419 9080 2612 9081 2580 9081 2419 9081 2419 9082 2541 9082 2517 9082 2495 9083 2419 9083 2517 9083 2470 9084 2419 9084 2495 9084 2419 9085 2470 9085 2442 9085 2426 9086 2419 9086 2442 9086 2399 9087 2419 9087 2426 9087 2612 9088 2419 9088 2503 9088 2897 9089 2612 9089 2503 9089 2793 9090 2612 9090 2897 9090 2901 9091 2793 9091 2897 9091 3145 9092 2901 9092 2897 9092 3029 9093 2901 9093 3145 9093 3145 9094 2896 9094 2792 9094 2900 9095 3145 9095 2792 9095 3029 9096 3145 9096 2900 9096 2611 9097 2792 9097 2896 9097 2502 9098 2611 9098 2896 9098 2418 9099 2611 9099 2502 9099 2316 9100 2418 9100 2502 9100 2315 9101 2316 9101 2502 9101 2215 9102 2316 9102 2315 9102 2315 9103 2503 9103 2419 9103 2317 9104 2315 9104 2419 9104 2215 9105 2315 9105 2317 9105 2507 9106 2071 9106 2072 9106 2507 9107 2087 9107 2081 9107 2073 9108 2507 9108 2081 9108 2071 9109 2507 9109 2073 9109 2507 9110 2118 9110 2104 9110 2092 9111 2507 9111 2104 9111 2087 9112 2507 9112 2092 9112 2507 9113 2186 9113 2158 9113 2137 9114 2507 9114 2158 9114 2118 9115 2507 9115 2137 9115 2507 9116 2255 9116 2232 9116 2207 9117 2507 9117 2232 9117 2186 9118 2507 9118 2207 9118 2507 9119 2343 9119 2312 9119 2280 9120 2507 9120 2312 9120 2255 9121 2507 9121 2280 9121 2507 9122 2436 9122 2406 9122 2381 9123 2507 9123 2406 9123 2343 9124 2507 9124 2381 9124 2507 9125 2519 9125 2491 9125 2464 9126 2507 9126 2491 9126 2436 9127 2507 9127 2464 9127 2507 9128 2624 9128 2594 9128 2547 9129 2507 9129 2594 9129 2519 9130 2507 9130 2547 9130 2507 9131 2685 9131 2669 9131 2648 9132 2507 9132 2669 9132 2624 9133 2507 9133 2648 9133 2507 9134 2779 9134 2725 9134 2704 9135 2507 9135 2725 9135 2685 9136 2507 9136 2704 9136 2507 9137 2846 9137 2830 9137 2815 9138 2507 9138 2830 9138 2779 9139 2507 9139 2815 9139 2507 9140 2911 9140 2883 9140 2859 9141 2507 9141 2883 9141 2846 9142 2507 9142 2859 9142 2507 9143 2950 9143 2940 9143 2932 9144 2507 9144 2940 9144 2911 9145 2507 9145 2932 9145 2507 9146 2953 9146 2956 9146 2954 9147 2507 9147 2956 9147 2950 9148 2507 9148 2954 9148 2507 9149 2931 9149 2939 9149 2949 9150 2507 9150 2939 9150 2953 9151 2507 9151 2949 9151 2507 9152 2858 9152 2882 9152 2910 9153 2507 9153 2882 9153 2931 9154 2507 9154 2910 9154 2507 9155 2814 9155 2829 9155 2845 9156 2507 9156 2829 9156 2858 9157 2507 9157 2845 9157 2507 9158 2703 9158 2724 9158 2778 9159 2507 9159 2724 9159 2814 9160 2507 9160 2778 9160 2507 9161 2647 9161 2668 9161 2684 9162 2507 9162 2668 9162 2703 9163 2507 9163 2684 9163 2507 9164 2546 9164 2593 9164 2623 9165 2507 9165 2593 9165 2647 9166 2507 9166 2623 9166 2507 9167 2463 9167 2490 9167 2518 9168 2507 9168 2490 9168 2546 9169 2507 9169 2518 9169 2507 9170 2380 9170 2405 9170 2435 9171 2507 9171 2405 9171 2463 9172 2507 9172 2435 9172 2507 9173 2279 9173 2311 9173 2342 9174 2507 9174 2311 9174 2380 9175 2507 9175 2342 9175 2507 9176 2206 9176 2231 9176 2254 9177 2507 9177 2231 9177 2279 9178 2507 9178 2254 9178 2507 9179 2136 9179 2157 9179 2185 9180 2507 9180 2157 9180 2206 9181 2507 9181 2185 9181 2507 9182 2091 9182 2103 9182 2117 9183 2507 9183 2103 9183 2136 9184 2507 9184 2117 9184 2507 9185 2072 9185 2080 9185 2086 9186 2507 9186 2080 9186 2091 9187 2507 9187 2086 9187 2485 9188 2503 9188 2452 9188 2421 9189 2452 9189 2503 9189 3058 9190 2896 9190 3090 9190 2897 9191 3019 9191 3059 9191 2503 9192 2485 9192 2513 9192 2549 9193 2503 9193 2513 9193 2606 9194 2503 9194 2549 9194 2173 9195 2315 9195 2171 9195 2390 9196 2502 9196 2420 9196 2896 9197 2935 9197 2867 9197 2832 9198 2896 9198 2867 9198 2797 9199 2896 9199 2832 9199 2502 9200 2631 9200 2605 9200 2548 9201 2502 9201 2605 9201 2512 9202 2502 9202 2548 9202 2502 9203 2512 9203 2484 9203 2451 9204 2502 9204 2484 9204 2420 9205 2502 9205 2451 9205 2896 9206 3058 9206 3018 9206 2976 9207 2896 9207 3018 9207 2935 9208 2896 9208 2976 9208 2293 9209 2321 9209 2503 9209 2264 9210 2293 9210 2503 9210 2503 9211 2321 9211 2357 9211 2391 9212 2503 9212 2357 9212 2421 9213 2503 9213 2391 9213 2315 9214 2199 9214 2183 9214 3145 9215 3235 9215 3249 9215 3262 9216 3145 9216 3249 9216 3274 9217 3145 9217 3262 9217 3145 9218 3274 9218 3280 9218 3282 9219 3145 9219 3280 9219 3279 9220 3145 9220 3282 9220 2897 9221 2868 9221 2936 9221 2977 9222 2897 9222 2936 9222 3019 9223 2897 9223 2977 9223 2315 9224 2173 9224 2176 9224 2184 9225 2315 9225 2176 9225 2200 9226 2315 9226 2184 9226 2502 9227 2390 9227 2356 9227 2320 9228 2502 9228 2356 9228 2292 9229 2502 9229 2320 9229 2211 9230 2199 9230 2315 9230 3145 9231 3279 9231 3273 9231 3261 9232 3145 9232 3273 9232 3248 9233 3145 9233 3261 9233 2896 9234 3185 9234 3161 9234 3128 9235 2896 9235 3161 9235 3090 9236 2896 9236 3128 9236 2897 9237 3059 9237 3091 9237 3129 9238 2897 9238 3091 9238 3162 9239 2897 9239 3129 9239 2897 9240 3162 9240 3186 9240 3206 9241 2897 9241 3186 9241 3145 9242 2897 9242 3206 9242 3225 9243 3145 9243 3206 9243 3235 9244 3145 9244 3225 9244 2503 9245 2606 9245 2632 9245 2667 9246 2503 9246 2632 9246 2897 9247 2503 9247 2667 9247 2691 9248 2897 9248 2667 9248 2716 9249 2897 9249 2691 9249 2897 9250 2716 9250 2798 9250 2833 9251 2897 9251 2798 9251 2868 9252 2897 9252 2833 9252 2502 9253 2292 9253 2263 9253 2244 9254 2502 9254 2263 9254 2315 9255 2502 9255 2244 9255 2227 9256 2315 9256 2244 9256 2211 9257 2315 9257 2227 9257 2315 9258 2183 9258 2175 9258 2172 9259 2315 9259 2175 9259 2171 9260 2315 9260 2172 9260 2896 9261 2797 9261 2715 9261 2690 9262 2896 9262 2715 9262 2502 9263 2896 9263 2690 9263 2666 9264 2502 9264 2690 9264 2631 9265 2502 9265 2666 9265 3145 9266 3248 9266 3234 9266 3224 9267 3145 9267 3234 9267 2896 9268 3145 9268 3224 9268 3205 9269 2896 9269 3224 9269 3185 9270 2896 9270 3205 9270 2315 9271 2200 9271 2212 9271 2228 9272 2315 9272 2212 9272 2503 9273 2315 9273 2228 9273 2245 9274 2503 9274 2228 9274 2264 9275 2503 9275 2245 9275 1935 9276 1933 9276 2073 9276 2081 9277 1935 9277 2073 9277 1939 9278 1935 9278 2081 9278 2087 9279 1939 9279 2081 9279 1942 9280 1939 9280 2087 9280 2092 9281 1942 9281 2087 9281 1949 9282 1942 9282 2092 9282 2104 9283 1949 9283 2092 9283 1959 9284 1949 9284 2104 9284 2118 9285 1959 9285 2104 9285 1976 9286 1959 9286 2118 9286 2137 9287 1976 9287 2118 9287 1991 9288 1976 9288 2137 9288 2158 9289 1991 9289 2137 9289 2010 9290 1991 9290 2158 9290 2186 9291 2010 9291 2158 9291 2038 9292 2010 9292 2186 9292 2207 9293 2038 9293 2186 9293 2060 9294 2038 9294 2207 9294 2232 9295 2060 9295 2207 9295 2094 9296 2060 9296 2232 9296 2255 9297 2094 9297 2232 9297 2140 9298 2094 9298 2255 9298 2280 9299 2140 9299 2255 9299 2194 9300 2140 9300 2280 9300 2312 9301 2194 9301 2280 9301 2238 9302 2194 9302 2312 9302 2343 9303 2238 9303 2312 9303 2282 9304 2238 9304 2343 9304 2381 9305 2282 9305 2343 9305 2336 9306 2282 9306 2381 9306 2406 9307 2336 9307 2381 9307 2388 9308 2336 9308 2406 9308 2436 9309 2388 9309 2406 9309 2434 9310 2388 9310 2436 9310 2464 9311 2434 9311 2436 9311 2482 9312 2434 9312 2464 9312 2491 9313 2482 9313 2464 9313 2521 9314 2482 9314 2491 9314 2519 9315 2521 9315 2491 9315 2582 9316 2521 9316 2519 9316 2547 9317 2582 9317 2519 9317 2630 9318 2582 9318 2547 9318 2594 9319 2630 9319 2547 9319 2671 9320 2630 9320 2594 9320 2624 9321 2671 9321 2594 9321 2700 9322 2671 9322 2624 9322 2648 9323 2700 9323 2624 9323 2767 9324 2700 9324 2648 9324 2669 9325 2767 9325 2648 9325 2828 9326 2767 9326 2669 9326 2685 9327 2828 9327 2669 9327 2871 9328 2828 9328 2685 9328 2704 9329 2871 9329 2685 9329 2944 9330 2871 9330 2704 9330 2725 9331 2944 9331 2704 9331 2984 9332 2944 9332 2725 9332 2779 9333 2984 9333 2725 9333 3047 9334 2984 9334 2779 9334 2815 9335 3047 9335 2779 9335 3085 9336 3047 9336 2815 9336 2830 9337 3085 9337 2815 9337 3127 9338 3085 9338 2830 9338 2846 9339 3127 9339 2830 9339 3164 9340 3127 9340 2846 9340 2859 9341 3164 9341 2846 9341 3191 9342 3164 9342 2859 9342 2883 9343 3191 9343 2859 9343 3212 9344 3191 9344 2883 9344 2911 9345 3212 9345 2883 9345 3231 9346 3212 9346 2911 9346 2932 9347 3231 9347 2911 9347 3246 9348 3231 9348 2932 9348 2940 9349 3246 9349 2932 9349 3259 9350 3246 9350 2940 9350 2950 9351 3259 9351 2940 9351 3276 9352 3259 9352 2950 9352 2954 9353 3276 9353 2950 9353 3284 9354 3276 9354 2954 9354 2956 9355 3284 9355 2954 9355 3291 9356 3284 9356 2956 9356 2953 9357 3291 9357 2956 9357 3283 9358 3291 9358 2953 9358 2949 9359 3283 9359 2953 9359 3275 9360 3283 9360 2949 9360 2939 9361 3275 9361 2949 9361 3258 9362 3275 9362 2939 9362 2931 9363 3258 9363 2939 9363 3245 9364 3258 9364 2931 9364 2910 9365 3245 9365 2931 9365 3230 9366 3245 9366 2910 9366 2882 9367 3230 9367 2910 9367 3211 9368 3230 9368 2882 9368 2858 9369 3211 9369 2882 9369 3190 9370 3211 9370 2858 9370 2845 9371 3190 9371 2858 9371 3163 9372 3190 9372 2845 9372 2829 9373 3163 9373 2845 9373 3126 9374 3163 9374 2829 9374 2814 9375 3126 9375 2829 9375 3084 9376 3126 9376 2814 9376 2778 9377 3084 9377 2814 9377 3046 9378 3084 9378 2778 9378 2724 9379 3046 9379 2778 9379 2983 9380 3046 9380 2724 9380 2703 9381 2983 9381 2724 9381 2943 9382 2983 9382 2703 9382 2684 9383 2943 9383 2703 9383 2870 9384 2943 9384 2684 9384 2668 9385 2870 9385 2684 9385 2827 9386 2870 9386 2668 9386 2647 9387 2827 9387 2668 9387 2766 9388 2827 9388 2647 9388 2623 9389 2766 9389 2647 9389 2699 9390 2766 9390 2623 9390 2593 9391 2699 9391 2623 9391 2670 9392 2699 9392 2593 9392 2546 9393 2670 9393 2593 9393 2629 9394 2670 9394 2546 9394 2518 9395 2629 9395 2546 9395 2581 9396 2629 9396 2518 9396 2490 9397 2581 9397 2518 9397 2520 9398 2581 9398 2490 9398 2463 9399 2520 9399 2490 9399 2481 9400 2520 9400 2463 9400 2435 9401 2481 9401 2463 9401 2433 9402 2481 9402 2435 9402 2405 9403 2433 9403 2435 9403 2387 9404 2433 9404 2405 9404 2380 9405 2387 9405 2405 9405 2335 9406 2387 9406 2380 9406 2342 9407 2335 9407 2380 9407 2281 9408 2335 9408 2342 9408 2311 9409 2281 9409 2342 9409 2237 9410 2281 9410 2311 9410 2279 9411 2237 9411 2311 9411 2193 9412 2237 9412 2279 9412 2254 9413 2193 9413 2279 9413 2139 9414 2193 9414 2254 9414 2231 9415 2139 9415 2254 9415 2093 9416 2139 9416 2231 9416 2206 9417 2093 9417 2231 9417 2059 9418 2093 9418 2206 9418 2185 9419 2059 9419 2206 9419 2037 9420 2059 9420 2185 9420 2157 9421 2037 9421 2185 9421 2009 9422 2037 9422 2157 9422 2136 9423 2009 9423 2157 9423 1990 9424 2009 9424 2136 9424 2117 9425 1990 9425 2136 9425 1975 9426 1990 9426 2117 9426 2103 9427 1975 9427 2117 9427 1958 9428 1975 9428 2103 9428 2091 9429 1958 9429 2103 9429 1948 9430 1958 9430 2091 9430 2086 9431 1948 9431 2091 9431 1941 9432 1948 9432 2086 9432 2080 9433 1941 9433 2086 9433 1938 9434 1941 9434 2080 9434 2072 9435 1938 9435 2080 9435 1934 9436 1938 9436 2072 9436 2071 9437 1934 9437 2072 9437 1933 9438 1934 9438 2071 9438 2073 9439 1933 9439 2071 9439 3356 9440 3357 9440 3280 9440 3274 9441 3356 9441 3280 9441 3352 9442 3356 9442 3274 9442 3262 9443 3352 9443 3274 9443 3343 9444 3352 9444 3262 9444 3249 9445 3343 9445 3262 9445 3338 9446 3343 9446 3249 9446 3235 9447 3338 9447 3249 9447 3332 9448 3338 9448 3235 9448 3225 9449 3332 9449 3235 9449 3316 9450 3332 9450 3225 9450 3206 9451 3316 9451 3225 9451 3302 9452 3316 9452 3206 9452 3186 9453 3302 9453 3206 9453 3278 9454 3302 9454 3186 9454 3162 9455 3278 9455 3186 9455 3239 9456 3278 9456 3162 9456 3129 9457 3239 9457 3162 9457 3208 9458 3239 9458 3129 9458 3091 9459 3208 9459 3129 9459 3177 9460 3208 9460 3091 9460 3059 9461 3177 9461 3091 9461 3131 9462 3177 9462 3059 9462 3019 9463 3131 9463 3059 9463 3079 9464 3131 9464 3019 9464 2977 9465 3079 9465 3019 9465 3035 9466 3079 9466 2977 9466 2936 9467 3035 9467 2977 9467 2970 9468 3035 9468 2936 9468 2868 9469 2970 9469 2936 9469 2909 9470 2970 9470 2868 9470 2833 9471 2909 9471 2868 9471 2843 9472 2909 9472 2833 9472 2798 9473 2843 9473 2833 9473 2800 9474 2843 9474 2798 9474 2716 9475 2800 9475 2798 9475 2710 9476 2800 9476 2716 9476 2691 9477 2710 9477 2716 9477 2677 9478 2710 9478 2691 9478 2667 9479 2677 9479 2691 9479 2642 9480 2677 9480 2667 9480 2632 9481 2642 9481 2667 9481 2604 9482 2642 9482 2632 9482 2606 9483 2604 9483 2632 9483 2534 9484 2604 9484 2606 9484 2549 9485 2534 9485 2606 9485 2493 9486 2534 9486 2549 9486 2513 9487 2493 9487 2549 9487 2450 9488 2493 9488 2513 9488 2485 9489 2450 9489 2513 9489 2403 9490 2450 9490 2485 9490 2452 9491 2403 9491 2485 9491 2361 9492 2403 9492 2452 9492 2421 9493 2361 9493 2452 9493 2310 9494 2361 9494 2421 9494 2391 9495 2310 9495 2421 9495 2260 9496 2310 9496 2391 9496 2357 9497 2260 9497 2391 9497 2225 9498 2260 9498 2357 9498 2321 9499 2225 9499 2357 9499 2188 9500 2225 9500 2321 9500 2293 9501 2188 9501 2321 9501 2144 9502 2188 9502 2293 9502 2264 9503 2144 9503 2293 9503 2106 9504 2144 9504 2264 9504 2245 9505 2106 9505 2264 9505 2078 9506 2106 9506 2245 9506 2228 9507 2078 9507 2245 9507 2058 9508 2078 9508 2228 9508 2212 9509 2058 9509 2228 9509 2045 9510 2058 9510 2212 9510 2200 9511 2045 9511 2212 9511 2031 9512 2045 9512 2200 9512 2184 9513 2031 9513 2200 9513 2018 9514 2031 9514 2184 9514 2176 9515 2018 9515 2184 9515 2012 9516 2018 9516 2176 9516 2173 9517 2012 9517 2176 9517 2008 9518 2012 9518 2173 9518 2171 9519 2008 9519 2173 9519 2006 9520 2008 9520 2171 9520 2172 9521 2006 9521 2171 9521 2007 9522 2006 9522 2172 9522 2175 9523 2007 9523 2172 9523 2011 9524 2007 9524 2175 9524 2183 9525 2011 9525 2175 9525 2017 9526 2011 9526 2183 9526 2199 9527 2017 9527 2183 9527 2030 9528 2017 9528 2199 9528 2211 9529 2030 9529 2199 9529 2044 9530 2030 9530 2211 9530 2227 9531 2044 9531 2211 9531 2057 9532 2044 9532 2227 9532 2244 9533 2057 9533 2227 9533 2077 9534 2057 9534 2244 9534 2263 9535 2077 9535 2244 9535 2105 9536 2077 9536 2263 9536 2292 9537 2105 9537 2263 9537 2143 9538 2105 9538 2292 9538 2320 9539 2143 9539 2292 9539 2187 9540 2143 9540 2320 9540 2356 9541 2187 9541 2320 9541 2224 9542 2187 9542 2356 9542 2390 9543 2224 9543 2356 9543 2259 9544 2224 9544 2390 9544 2420 9545 2259 9545 2390 9545 2309 9546 2259 9546 2420 9546 2451 9547 2309 9547 2420 9547 2360 9548 2309 9548 2451 9548 2484 9549 2360 9549 2451 9549 2402 9550 2360 9550 2484 9550 2512 9551 2402 9551 2484 9551 2449 9552 2402 9552 2512 9552 2548 9553 2449 9553 2512 9553 2492 9554 2449 9554 2548 9554 2605 9555 2492 9555 2548 9555 2533 9556 2492 9556 2605 9556 2631 9557 2533 9557 2605 9557 2603 9558 2533 9558 2631 9558 2666 9559 2603 9559 2631 9559 2641 9560 2603 9560 2666 9560 2690 9561 2641 9561 2666 9561 2676 9562 2641 9562 2690 9562 2715 9563 2676 9563 2690 9563 2709 9564 2676 9564 2715 9564 2797 9565 2709 9565 2715 9565 2799 9566 2709 9566 2797 9566 2832 9567 2799 9567 2797 9567 2842 9568 2799 9568 2832 9568 2867 9569 2842 9569 2832 9569 2908 9570 2842 9570 2867 9570 2935 9571 2908 9571 2867 9571 2969 9572 2908 9572 2935 9572 2976 9573 2969 9573 2935 9573 3034 9574 2969 9574 2976 9574 3018 9575 3034 9575 2976 9575 3078 9576 3034 9576 3018 9576 3058 9577 3078 9577 3018 9577 3130 9578 3078 9578 3058 9578 3090 9579 3130 9579 3058 9579 3176 9580 3130 9580 3090 9580 3128 9581 3176 9581 3090 9581 3207 9582 3176 9582 3128 9582 3161 9583 3207 9583 3128 9583 3238 9584 3207 9584 3161 9584 3185 9585 3238 9585 3161 9585 3277 9586 3238 9586 3185 9586 3205 9587 3277 9587 3185 9587 3301 9588 3277 9588 3205 9588 3224 9589 3301 9589 3205 9589 3315 9590 3301 9590 3224 9590 3234 9591 3315 9591 3224 9591 3331 9592 3315 9592 3234 9592 3248 9593 3331 9593 3234 9593 3337 9594 3331 9594 3248 9594 3261 9595 3337 9595 3248 9595 3342 9596 3337 9596 3261 9596 3273 9597 3342 9597 3261 9597 3351 9598 3342 9598 3273 9598 3279 9599 3351 9599 3273 9599 3355 9600 3351 9600 3279 9600 3282 9601 3355 9601 3279 9601 3357 9602 3355 9602 3282 9602 3280 9603 3357 9603 3282 9603 2008 9604 2006 9604 1935 9604 1939 9605 2008 9605 1935 9605 2012 9606 2008 9606 1939 9606 1942 9607 2012 9607 1939 9607 2018 9608 2012 9608 1942 9608 1949 9609 2018 9609 1942 9609 2031 9610 2018 9610 1949 9610 1959 9611 2031 9611 1949 9611 2045 9612 2031 9612 1959 9612 1976 9613 2045 9613 1959 9613 2058 9614 2045 9614 1976 9614 1991 9615 2058 9615 1976 9615 2078 9616 2058 9616 1991 9616 2010 9617 2078 9617 1991 9617 2106 9618 2078 9618 2010 9618 2038 9619 2106 9619 2010 9619 2144 9620 2106 9620 2038 9620 2060 9621 2144 9621 2038 9621 2188 9622 2144 9622 2060 9622 2094 9623 2188 9623 2060 9623 2225 9624 2188 9624 2094 9624 2140 9625 2225 9625 2094 9625 2260 9626 2225 9626 2140 9626 2194 9627 2260 9627 2140 9627 2310 9628 2260 9628 2194 9628 2238 9629 2310 9629 2194 9629 2361 9630 2310 9630 2238 9630 2282 9631 2361 9631 2238 9631 2403 9632 2361 9632 2282 9632 2336 9633 2403 9633 2282 9633 2450 9634 2403 9634 2336 9634 2388 9635 2450 9635 2336 9635 2493 9636 2450 9636 2388 9636 2434 9637 2493 9637 2388 9637 2534 9638 2493 9638 2434 9638 2482 9639 2534 9639 2434 9639 2604 9640 2534 9640 2482 9640 2521 9641 2604 9641 2482 9641 2642 9642 2604 9642 2521 9642 2582 9643 2642 9643 2521 9643 2677 9644 2642 9644 2582 9644 2630 9645 2677 9645 2582 9645 2710 9646 2677 9646 2630 9646 2671 9647 2710 9647 2630 9647 2800 9648 2710 9648 2671 9648 2700 9649 2800 9649 2671 9649 2843 9650 2800 9650 2700 9650 2767 9651 2843 9651 2700 9651 2909 9652 2843 9652 2767 9652 2828 9653 2909 9653 2767 9653 2970 9654 2909 9654 2828 9654 2871 9655 2970 9655 2828 9655 3035 9656 2970 9656 2871 9656 2944 9657 3035 9657 2871 9657 3079 9658 3035 9658 2944 9658 2984 9659 3079 9659 2944 9659 3131 9660 3079 9660 2984 9660 3047 9661 3131 9661 2984 9661 3177 9662 3131 9662 3047 9662 3085 9663 3177 9663 3047 9663 3208 9664 3177 9664 3085 9664 3127 9665 3208 9665 3085 9665 3239 9666 3208 9666 3127 9666 3164 9667 3239 9667 3127 9667 3278 9668 3239 9668 3164 9668 3191 9669 3278 9669 3164 9669 3302 9670 3278 9670 3191 9670 3212 9671 3302 9671 3191 9671 3316 9672 3302 9672 3212 9672 3231 9673 3316 9673 3212 9673 3332 9674 3316 9674 3231 9674 3246 9675 3332 9675 3231 9675 3338 9676 3332 9676 3246 9676 3259 9677 3338 9677 3246 9677 3343 9678 3338 9678 3259 9678 3276 9679 3343 9679 3259 9679 3352 9680 3343 9680 3276 9680 3284 9681 3352 9681 3276 9681 3356 9682 3352 9682 3284 9682 3291 9683 3356 9683 3284 9683 3357 9684 3356 9684 3291 9684 3283 9685 3357 9685 3291 9685 3355 9686 3357 9686 3283 9686 3275 9687 3355 9687 3283 9687 3351 9688 3355 9688 3275 9688 3258 9689 3351 9689 3275 9689 3342 9690 3351 9690 3258 9690 3245 9691 3342 9691 3258 9691 3337 9692 3342 9692 3245 9692 3230 9693 3337 9693 3245 9693 3331 9694 3337 9694 3230 9694 3211 9695 3331 9695 3230 9695 3315 9696 3331 9696 3211 9696 3190 9697 3315 9697 3211 9697 3301 9698 3315 9698 3190 9698 3163 9699 3301 9699 3190 9699 3277 9700 3301 9700 3163 9700 3126 9701 3277 9701 3163 9701 3238 9702 3277 9702 3126 9702 3084 9703 3238 9703 3126 9703 3207 9704 3238 9704 3084 9704 3046 9705 3207 9705 3084 9705 3176 9706 3207 9706 3046 9706 2983 9707 3176 9707 3046 9707 3130 9708 3176 9708 2983 9708 2943 9709 3130 9709 2983 9709 3078 9710 3130 9710 2943 9710 2870 9711 3078 9711 2943 9711 3034 9712 3078 9712 2870 9712 2827 9713 3034 9713 2870 9713 2969 9714 3034 9714 2827 9714 2766 9715 2969 9715 2827 9715 2908 9716 2969 9716 2766 9716 2699 9717 2908 9717 2766 9717 2842 9718 2908 9718 2699 9718 2670 9719 2842 9719 2699 9719 2799 9720 2842 9720 2670 9720 2629 9721 2799 9721 2670 9721 2709 9722 2799 9722 2629 9722 2581 9723 2709 9723 2629 9723 2676 9724 2709 9724 2581 9724 2520 9725 2676 9725 2581 9725 2641 9726 2676 9726 2520 9726 2481 9727 2641 9727 2520 9727 2603 9728 2641 9728 2481 9728 2433 9729 2603 9729 2481 9729 2533 9730 2603 9730 2433 9730 2387 9731 2533 9731 2433 9731 2492 9732 2533 9732 2387 9732 2335 9733 2492 9733 2387 9733 2449 9734 2492 9734 2335 9734 2281 9735 2449 9735 2335 9735 2402 9736 2449 9736 2281 9736 2237 9737 2402 9737 2281 9737 2360 9738 2402 9738 2237 9738 2193 9739 2360 9739 2237 9739 2309 9740 2360 9740 2193 9740 2139 9741 2309 9741 2193 9741 2259 9742 2309 9742 2139 9742 2093 9743 2259 9743 2139 9743 2224 9744 2259 9744 2093 9744 2059 9745 2224 9745 2093 9745 2187 9746 2224 9746 2059 9746 2037 9747 2187 9747 2059 9747 2143 9748 2187 9748 2037 9748 2009 9749 2143 9749 2037 9749 2105 9750 2143 9750 2009 9750 1990 9751 2105 9751 2009 9751 2077 9752 2105 9752 1990 9752 1975 9753 2077 9753 1990 9753 2057 9754 2077 9754 1975 9754 1958 9755 2057 9755 1975 9755 2044 9756 2057 9756 1958 9756 1948 9757 2044 9757 1958 9757 2030 9758 2044 9758 1948 9758 1941 9759 2030 9759 1948 9759 2017 9760 2030 9760 1941 9760 1938 9761 2017 9761 1941 9761 2011 9762 2017 9762 1938 9762 1934 9763 2011 9763 1938 9763 2007 9764 2011 9764 1934 9764 1933 9765 2007 9765 1934 9765 2006 9766 2007 9766 1933 9766 1935 9767 2006 9767 1933 9767</p>
        </triangles>
      </mesh>
    </geometry>
  </library_geometries>
  <library_materials>
    <material id="mat_Gear_Small" name="Gear_Small">
      <instance_effect url="#effect_Gear_Small" />
    </material>
  </library_materials>
  <library_visual_scenes>
    <visual_scene id="myscene">
      <node id="node0" name="node0">
        <instance_geometry url="#geometry0">
          <bind_material>
            <technique_common>
              <instance_material symbol="ref_Gear_Small" target="#mat_Gear_Small" />
            </technique_common>
          </bind_material>
        </instance_geometry>
      </node>
    </visual_scene>
  </library_visual_scenes>
  <scene>
    <instance_visual_scene url="#myscene" />
  </scene>
</COLLADA>
