<COLLADA xmlns="http://www.collada.org/2005/11/COLLADASchema" version="1.4.1">
  <asset>
    <contributor />
    <created>2026-02-16T15:12:15.875310</created>
    <modified>2026-02-16T15:12:15.875319</modified>
    <unit name="meter" meter="1.0" />
    <up_axis>Z_UP</up_axis>
  </asset>
  <library_effects>
    <effect id="effect_M12_Hex_Nut" name="effect_M12_Hex_Nut">
      <profile_COMMON>
        <technique sid="common">
          <phong>
            <emission>
              <color>0.0 0.0 0.0 1.0</color>
            </emission>
            <ambient>
              <color>0.0 0.0 0.0 1.0</color>
            </ambient>
            <diffuse>
              <color>0.6784313917160034 0.7098039388656616 0.7411764860153198 1.0</color>
            </diffuse>
            <specular>
              <color>1 1 1 1.0</color>
            </specular>
            <shininess>
              <float>0.0</float>
            </shininess>
            <reflective>
              <color>0.0 0.0 0.0 1.0</color>
            </reflective>
            <reflectivity>
              <float>0.0</float>
            </reflectivity>
            <transparent>
              <color>0.0 0.0 0.0 1.0</color>
            </transparent>
            <transparency>
              <float>1.0</float>
            </transparency>
          </phong>
        </technique>
        <extra>
          <technique profile="GOOGLEEARTH">
            <double_sided>0</double_sided>
          </technique>
        </extra>
      </profile_COMMON>
    </effect>
  </library_effects>
  <library_geometries>
    <geometry id="geometry0" name="M12_Hex_Nut">
      <mesh>
        <source id="cubeverts-array0">
          <float_array count="16653" id="cubeverts-array0-array">-0.01096965 0 -0.004151497 -0.01096965 0 0.004151489 -0.01077074 -0.0003445129 0.004263153 -0.01075029 -0.0003799133 -0.004274261 -0.01075029 0.0003799133 -0.004274261 -0.01073244 0.0004107971 0.004283882 -0.01056422 -0.0007021942 0.004372093 -0.01054326 -0.0007384796 -0.004382744 -0.01054289 0.0007391052 -0.004382927 -0.01052684 0.0007669373 0.004391022 -0.01035637 -0.001062195 0.00447419 -0.01033492 -0.00109938 -0.004484291 -0.01033492 0.00109938 -0.004484291 -0.01032063 0.0011241 0.004490952 -0.010162 -0.001398834 0.004562447 -0.01014015 0.001436676 -0.00457193 -0.01014 -0.001436935 -0.004571983 -0.0101274 0.001458786 0.004577408 -0.009967361 -0.001736008 0.004643524 -0.009944839 -0.001775024 -0.004652428 -0.009944839 0.001775024 -0.004652428 -0.009933578 0.001794479 0.00465683 -0.009759781 0.00209549 -0.004721581 -0.009759659 -0.002095749 -0.004721626 -0.009597885 -0.002375961 0.004776215 -0.009574203 -0.002416962 -0.00478373 -0.009574203 0.002416946 -0.00478373 -0.009565598 0.002431839 0.00478643 -0.009495102 -0.0003037109 0.005 -0.009494034 -0.0003355255 -0.005 -0.009494034 0.0003355103 -0.005 -0.009493027 0.0003633423 0.005 -0.009450424 -0.0009692688 0.005 -0.009446671 -0.001004883 -0.005 -0.009446671 0.001004883 -0.005 -0.009444138 0.001028625 0.005 -0.009359085 -0.001630066 0.005 -0.009352188 -0.001669266 -0.005 -0.009352188 0.001669235 -0.005 -0.009348679 0.001688828 0.005 -0.009243118 -0.002990433 0.004875961 -0.009221634 -0.002282806 0.005 -0.009218155 -0.003033646 -0.004881912 -0.009218155 0.00303363 -0.004881912 -0.009211929 0.003044434 0.004883377 -0.009211014 -0.002325287 -0.005 -0.009211014 0.002325272 -0.005 -0.009207108 0.002340698 0.005 -0.009038681 -0.002924301 0.005 -0.00902388 -0.002969711 -0.005 -0.00902388 0.002969696 -0.005 -0.009020157 0.002981033 0.005 -0.008898849 -0.003586716 0.004945442 -0.008872482 -0.00363237 -0.004949623 -0.008872482 0.00363237 -0.004949623 -0.008868423 0.003639389 0.004950249 -0.008811203 -0.003551376 0.005 -0.008791733 -0.003599319 -0.005 -0.008791733 0.003599304 -0.005 -0.008788712 0.003606674 0.005 -0.008561386 -0.004171234 0.004986443 -0.008540268 -0.00416095 0.005 -0.008533401 -0.004219696 -0.004988625 -0.008533401 0.004219696 -0.004988625 -0.008531387 0.00422316 0.004988762 -0.008515732 -0.004210968 -0.005 -0.008515732 0.004210953 -0.005 -0.008513962 0.004214523 0.005 -0.008227219 -0.00475 -0.005 -0.008227219 -0.00475 0.005 -0.008227219 0.00475 -0.005 -0.008227219 0.00475 0.005 -0.007921036 -0.005280304 0.004988617 -0.007921036 0.005280304 -0.004988625 -0.007921036 0.005280304 0.004988617 -0.007904648 -0.005269363 0.005 -0.007904648 0.005269363 -0.005 -0.007904648 0.005269363 0.005 -0.007893051 -0.005328781 -0.00498645 -0.007873611 -0.005315628 -0.005 -0.007581955 -0.00586763 0.004949623 -0.007581955 0.00586763 -0.004949623 -0.007581955 0.00586763 0.004949623 -0.007555588 -0.0059133 -0.00494545 -0.007512955 -0.00581424 0.005 -0.007512955 0.005814224 -0.005 -0.007512955 0.005814224 0.005 -0.007481155 -0.005855057 -0.005 -0.007236282 -0.00646637 0.004881912 -0.007236282 0.006466354 -0.004881912 -0.007236282 0.006466354 0.004881912 -0.007211319 -0.006509567 -0.004875961 -0.007083786 -0.006330093 0.005 -0.007083786 0.006330078 -0.005 -0.007083786 0.006330078 0.005 -0.007051865 -0.006365616 -0.005 -0.006880234 -0.007083038 0.00478373 -0.006880234 0.007083023 -0.00478373 -0.006880234 0.007083023 0.00478373 -0.006856552 -0.007124054 -0.004776215 -0.006694687 0.007404434 -0.004721596 -0.006694687 0.007404434 0.004721588 -0.006694473 -0.007404785 0.004721519 -0.006619247 -0.006814346 0.005 -0.006619247 0.006814346 -0.005 -0.006619247 0.006814346 0.005 -0.006587784 -0.006844772 -0.005 -0.006509598 -0.007724976 0.004652428 -0.006509598 0.007724976 -0.004652428 -0.006509598 0.007724976 0.004652428 -0.006487076 -0.007763992 -0.004643532 -0.006314316 0.008063248 -0.004571945 -0.006314316 0.008063248 0.004571938 -0.006314102 -0.008063599 0.004571854 -0.006292099 -0.0081017 -0.004562317 -0.006121689 -0.007264618 0.005 -0.006121689 0.007264618 -0.005 -0.006121689 0.007264618 0.005 -0.006119522 -0.00840062 0.004484283 -0.006119522 0.00840062 -0.004484291 -0.006119522 0.00840062 0.004484283 -0.006098068 -0.008437805 -0.00447419 -0.006091202 -0.007290207 -0.005 -0.005999588 6.643677e-05 -0.003836029 -0.005999466 -7.850647e-05 0.003170776 -0.005999466 7.818604e-05 0.001413422 -0.005999313 -9.022522e-05 -0.002078674 -0.005998672 0.0001249542 0.003379974 -0.005998642 0.0001266632 0.00162989 -0.005998611 0.0001283417 -0.0001201859 -0.00599855 0.0001300354 -0.001870262 -0.00599852 0.0001317444 -0.003620346 -0.005995895 -0.0002211914 -0.005 -0.005995895 -0.0002211914 0.005 -0.005995377 -0.0002349091 0.004928101 -0.005995377 -0.0002211914 0.004927452 -0.005995377 0.0002350159 -0.0003439636 -0.005994919 -0.0002465973 -0.0003213577 -0.005994919 -0.0002211914 -0.0003225479 -0.005994888 0.0002467651 0.004905487 -0.005992172 -0.0002211304 -0.003603813 -0.005992142 -0.0002211151 -0.001853813 -0.005992111 -0.0002211151 -0.0001038132 -0.005992081 -0.0002211151 0.001646187 -0.005992081 -0.0002209778 -0.002072571 -0.00599205 -0.0002211151 0.003396187 -0.005991959 0.0003095856 -0.005 -0.005991959 0.0003095856 0.005 -0.005991867 -0.0002209778 0.003177429 -0.005991379 -0.0002210693 0.001427429 -0.005991257 -0.0002210541 -0.003822571 -0.005989914 -0.0003473816 -0.0035979 -0.005989822 -0.0003490601 -0.001847824 -0.005989792 0.0003094025 0.004902519 -0.0059897 -0.0003507385 -9.774017e-05 -0.005989609 -0.0003524323 0.001652336 -0.005989517 -0.0003541107 0.003402412 -0.005989426 0.0003093872 -0.0003474808 -0.005989243 0.0003095245 -0.002097481 -0.005988937 0.0003095093 0.003152512 -0.005987503 0.0003093109 -0.003628738 -0.005987473 0.0003093109 -0.001878738 -0.005987473 0.0003093109 -0.0001287384 -0.005987442 0.0003093109 0.001621262 -0.005987442 0.0003093109 0.003371262 -0.005987167 0.0003918152 -0.002101357 -0.005987137 0.0003093262 0.001402512 -0.005987137 0.0003093414 -0.003847481 -0.005986465 -0.0004025116 0.001435921 -0.005986404 0.0004035492 0.003148087 -0.005985641 -0.0004141693 -0.003813538 -0.005974869 0.0005484161 -0.003858765 -0.005974014 -0.0005578003 0.003193153 -0.00597377 0.0005601501 0.001390678 -0.005972885 -0.0005693817 -0.002056313 -0.005969406 0.0006048431 0.003357307 -0.005969223 0.0006065216 0.001607231 -0.00596907 0.0006082001 -0.0001428528 -0.005968918 0.0006099091 -0.001892937 -0.005968735 0.0006115875 -0.003643013 -0.005957535 -0.0007123108 0.004950317 -0.005957047 0.0007163696 -0.0003667374 -0.005956161 -0.0007238464 -0.0002991486 -0.005955643 0.0007280579 0.004882706 -0.005952896 -0.0007502441 -0.005 -0.005952896 -0.0007502441 0.005 -0.00595192 -0.0007500916 -0.0002979355 -0.005951492 -0.0007500305 0.004952065 -0.005950485 -0.00075 -0.003579193 -0.005950424 -0.00075 -0.001829193 -0.005950394 -0.00075 -7.919312e-05 -0.005950333 -0.0007499847 0.001670807 -0.005950302 -0.0007499847 0.003420799 -0.005949173 -0.0007498474 0.001452042 -0.005948959 -0.0007498322 -0.003797958 -0.005948471 -0.000749649 -0.002047974 -0.00594838 -0.000749649 0.003202026 -0.005943527 -0.0008211975 -0.00357589 -0.005943283 -0.0008228607 -0.001825813 -0.005943069 -0.0008245087 -7.5737e-05 -0.005942825 -0.0008261719 0.001674339 -0.005942581 -0.0008278198 0.003424416 -0.005941177 0.0008379517 -0.005 -0.005941177 0.0008379517 0.005 -0.005939896 0.0008378143 -0.002122528 -0.005939499 0.0008377686 0.003127472 -0.00593779 0.0008374023 0.004877487 -0.005937546 0.0008373718 -0.0003725128 -0.005936569 0.0008373413 -0.00387252 -0.005936478 0.000837326 0.00137748 -0.005936417 0.0008372803 -0.003653763 -0.005936417 0.0008372803 -0.001903763 -0.005936417 0.0008372803 -0.0001537628 -0.005936417 0.0008372803 0.001596237 -0.005936417 0.0008372803 0.003346237 -0.005936264 0.0008720856 -0.002124153 -0.005935501 -0.0008773499 0.001457954 -0.005934555 0.000883728 0.003125298 -0.005933762 -0.0008888092 -0.003791519 -0.005911575 0.008760803 -0.00438295 -0.005911575 0.008760803 0.00438295 -0.005911423 0.0010271 -0.003881546 -0.005911362 -0.008761169 0.004382843 -0.005910934 -0.00102977 0.003214989 -0.005909378 0.001038696 0.001367897 -0.005908951 -0.001041138 -0.002034492 -0.00590181 0.001080902 0.003334633 -0.005901535 0.001082565 0.001584549 -0.005901199 0.001084244 -0.0001655273 -0.005900894 0.001085892 -0.001915611 -0.005900589 0.001087555 -0.003665688 -0.005890396 -0.00879747 -0.004372208 -0.005882584 -0.001180984 0.004971947 -0.005880325 -0.001192261 -0.0002775421 -0.005880203 0.00119281 -0.000389473 -0.005877853 0.001204315 0.00485997 -0.005863297 -0.001273422 -0.005 -0.005863297 -0.001273422 0.005 -0.005862808 -0.001273346 -0.003555061 -0.005862747 -0.001273331 -0.001805061 -0.005862686 -0.001273315 -5.506134e-05 -0.005862625 -0.001273315 0.001694939 -0.005862564 -0.0012733 0.003444939 -0.005860947 -0.001272995 0.001476181 -0.005860672 -0.001285446 -0.003554504 -0.005860672 -0.001272934 -0.003773819 -0.005860672 -0.001272781 -0.0002737808 -0.005860397 -0.00127272 0.004976227 -0.005860306 -0.001287079 -0.001804428 -0.00585994 -0.001288681 -5.435944e-05 -0.005859604 -0.001290314 0.001695717 -0.005859238 -0.001291916 0.003445793 -0.005858749 -0.001272461 0.003226204 -0.005858719 -0.001272446 -0.002023796 -0.005847916 -0.001342239 0.00147937 -0.005847061 0.001345932 -0.002146828 -0.005845352 -0.001353455 -0.003770119 -0.005844406 0.001357346 0.003102623 -0.005843857 0.001359756 -0.005 -0.005843857 0.001359756 0.005 -0.005843765 0.001359726 0.003102509 -0.005843338 0.001359604 -0.002147491 -0.005840744 -0.0007066193 0.004883369 -0.005840652 -0.000698349 0.004882454 -0.00583992 0.001358917 -0.003897469 -0.005839767 0.001358871 0.001352531 -0.005839706 0.001358734 0.004852539 -0.005839584 0.001358719 -0.0003974609 -0.00583934 0.001358749 0.001571289 -0.00583934 0.001358749 0.003321289 -0.00583931 0.001358734 -0.003678719 -0.00583931 0.001358734 -0.001928719 -0.00583931 0.001358734 -0.0001787186 -0.005839096 -0.0007998657 0.004893623 -0.005837845 -0.0004746552 0.004857597 -0.005837509 -0.0004498749 0.004854836 -0.00582933 -0.0009984894 0.004915276 -0.00582634 -0.001059891 0.004921967 -0.005824722 -0.0002282867 0.004829865 -0.005822739 -0.0001941071 0.004826004 -0.005816086 -0.001167786 0.004933578 -0.005811539 -0.001491852 0.003236336 -0.005810013 0.001497879 -0.003904144 -0.00580867 -0.001503021 -0.002013138 -0.005807083 0.001509216 0.001345306 -0.005801559 -0.001320938 0.004950066 -0.005798386 4.272461e-05 0.00479892 -0.005796677 0.001548599 0.003312157 -0.005796524 6.063843e-05 0.004796875 -0.005796249 0.001550232 0.001562088 -0.005795822 0.001551849 -0.0001879959 -0.005795364 0.001553497 -0.001938072 -0.005794937 0.001555115 -0.003688156 -0.005773209 -0.001524292 0.004972107 -0.005771225 -0.001640976 0.004993385 -0.005770279 0.0002373962 0.00477636 -0.005768051 -0.001652115 -0.0002560883 -0.005765823 0.00165976 -0.0004119644 -0.005764847 -0.001584366 0.00497863 -0.005762619 0.001670975 0.004837502 -0.005758865 0.0003141785 0.004767448 -0.005755539 -0.001636581 0.00498436 -0.005741348 -0.001742538 -0.003533012 -0.005740891 -0.001744141 -0.001782936 -0.005740402 -0.001745743 -3.285217e-05 -0.005739914 -0.001747345 0.001717216 -0.005739426 -0.001748947 0.003467293 -0.005730148 -0.001779083 0.005 -0.005727798 -0.001786652 -0.005 -0.00572728 -0.001786499 0.001500374 -0.005726852 -0.001786377 -0.003749626 -0.005726425 -0.001786179 0.003469124 -0.005726364 -0.001786163 0.001719124 -0.005726334 -0.001786148 -3.086853e-05 -0.005726273 -0.001786133 -0.001780869 -0.005726212 -0.001786102 -0.003530869 -0.005724045 -0.001785416 -0.0002495956 -0.005723618 -0.0017854 0.003250404 -0.005723526 -0.001785355 -0.001999588 -0.005723434 -0.001800583 0.001501038 -0.00572084 0.001808838 -0.002169174 -0.005719925 -0.001811676 -0.003748428 -0.0057173 0.001819931 0.003080284 -0.005713028 0.0005493622 0.004739738 -0.005709671 0.000566391 0.00473774 -0.005704147 -0.009120087 0.004274261 -0.005704147 0.009120071 -0.004274261 -0.005704147 0.009120071 0.004274261 -0.005700821 0.001870926 -0.005 -0.005700821 0.001870926 0.005 -0.005699051 0.00187027 0.003077827 -0.005698715 0.001870163 -0.002172165 -0.005698044 0.001870087 -0.003922165 -0.005697769 0.001869995 0.001327835 -0.005697067 0.001869751 0.003296593 -0.005697037 0.001869751 0.001546593 -0.005697006 0.001869736 -0.0002034073 -0.005696976 0.001869736 -0.001953407 -0.005696945 0.00186972 -0.003703407 -0.005696396 0.001869446 0.004827858 -0.005696335 0.001869446 -0.000422142 -0.005681412 -0.00915947 -0.004258476 -0.005678757 0.0006940308 0.004722466 -0.00567485 -0.001948273 0.003258217 -0.005672073 0.001956314 -0.003926338 -0.005671066 -0.00195929 -0.001991241 -0.005668289 0.0019673 0.001323128 -0.005655563 0.002003616 0.003290115 -0.005654984 0.002005188 0.001540031 -0.005654434 0.00200676 -0.0002100449 -0.005653854 0.002008331 -0.001960121 -0.005653336 0.002009918 -0.003710197 -0.005648911 0.0008171692 0.004707733 -0.005643173 -0.002038254 0.005 -0.00561824 -0.002105957 -0.0002340012 -0.005615616 0.0021129 -0.00043396 -0.005611557 0.002123734 0.004815506 -0.005593613 -0.00767865 0.005 -0.005593613 0.007678635 -0.005 -0.005593613 0.007678635 0.005 -0.005584915 -0.002192841 -0.00351091 -0.005584305 -0.002194412 -0.001760834 -0.005583694 0.001041214 0.004680519 -0.005583664 -0.002195969 -1.075745e-05 -0.005583054 -0.002197556 0.001739319 -0.005582413 -0.002199112 0.003489403 -0.005576401 0.001066299 0.00467746 -0.00556459 -0.007699677 -0.005 -0.005561508 -0.002251511 0.001523285 -0.005559464 0.002256622 -0.002190987 -0.005557114 -0.002262375 -0.003726166 -0.005555099 0.002267303 0.003058487 -0.005552139 0.001137421 0.004668686 -0.00554747 -0.002285889 -0.005 -0.005546616 -0.002285477 -0.003724976 -0.005546219 -0.002285324 0.001525024 -0.005544724 -0.002284668 0.00349379 -0.005544693 -0.002284653 0.00174379 -0.005544632 -0.002284637 -6.210327e-06 -0.005544601 -0.002284622 -0.00175621 -0.005544571 -0.002284607 -0.00350621 -0.005544144 -0.002284592 0.003275047 -0.00554393 -0.0022845 -0.001974953 -0.005543198 -0.002284073 -0.0002249527 -0.005513168 0.002367432 -0.005 -0.005513168 0.002367432 0.005 -0.005512009 0.002366989 -0.003946404 -0.005511642 0.002366852 0.001303604 -0.005510696 0.00236647 0.003272362 -0.005510666 0.00236644 0.001522362 -0.005510635 0.002366425 -0.0002276382 -0.005510574 0.002366409 -0.001977638 -0.005510544 0.002366394 -0.003727631 -0.005510147 0.002366074 0.003053589 -0.005509933 0.002365997 -0.002196411 -0.005508957 0.002365677 -0.000446373 -0.005508926 0.002365646 0.004803627 -0.0055009 -0.002395798 0.003280609 -0.005499771 0.002398346 -0.003947929 -0.005496201 -0.002406555 -0.001968834 -0.005495193 0.002408859 0.001301544 -0.005493118 0.001310562 0.004647316 -0.005484787 -0.0095 -0.004151497 -0.005484787 -0.0095 0.004151489 -0.005484787 0.0095 -0.004151497 -0.005484787 0.0095 0.004151489 -0.005480576 0.002441925 0.003268677 -0.005479904 0.002443436 0.0015186 -0.005479233 0.002444946 -0.0002314682 -0.005478561 0.002446457 -0.001981544 -0.00547789 0.002447983 -0.003731621 -0.005440933 -0.002529022 0.005 -0.005431778 0.00254863 -0.0004553604 -0.005431473 -0.002549301 -0.0002114716 -0.00543129 6.015015e-05 -0.004164146 -0.005431168 -7.106018e-05 0.002842651 -0.005431168 7.078552e-05 0.001085297 -0.005431046 -8.169556e-05 -0.002406792 -0.005430466 0.0001131287 0.003708099 -0.005430435 0.0001146698 0.001958023 -0.005430405 0.0001161957 0.0002079391 -0.005430374 0.0001177216 -0.001542137 -0.005430344 0.0001192474 -0.003292221 -0.005427475 0.0002127533 -0.000672081 -0.005427078 -0.0002232361 -0.0006494827 -0.005426865 0.002559052 0.004794121 -0.005422531 -0.0003144684 -0.003269775 -0.00542244 -0.0003159943 -0.001519699 -0.005422348 -0.0003175201 0.0002303848 -0.005422256 -0.0003190308 0.001980453 -0.005422195 -0.0003205719 0.003730537 -0.005420059 0.0003547058 -0.002429482 -0.005419418 -0.0003643799 0.001107796 -0.005419357 0.0003653259 0.002819969 -0.005418686 -0.0003749237 -0.004141663 -0.00541304 0.001514725 0.004621712 -0.00540892 0.0004964752 -0.004186897 -0.005408127 -0.0005049591 0.002865021 -0.005407944 0.0005070801 0.001062553 -0.00540712 -0.0005154572 -0.002384438 -0.005403976 0.0005475464 0.003685432 -0.005403824 0.0005490723 0.001935349 -0.005403671 0.0005505981 0.0001852722 -0.005403519 0.0005521393 -0.001564804 -0.005403336 0.0005536499 -0.003314888 -0.005399521 0.001549118 0.004617386 -0.005393021 0.001563751 0.004615524 -0.005392807 0.0006485138 -0.0006948624 -0.005391983 -0.0006552734 -0.0006272736 -0.005391953 -0.002631851 -0.003488419 -0.00539122 -0.002633377 -0.001738335 -0.005390457 -0.002634903 1.173401e-05 -0.005389725 -0.002636414 0.001761818 -0.005388992 -0.002637955 0.003511902 -0.005380539 -0.0007434235 -0.003247765 -0.005380325 -0.0007449036 -0.001497688 -0.005380142 -0.0007464142 0.000252388 -0.005379929 -0.0007479248 0.002002464 -0.005379715 -0.0007494049 0.003752541 -0.005373947 0.0007894745 -0.002452271 -0.005373276 -0.0007942505 0.001129829 -0.005372421 0.0008000183 0.002797173 -0.005371719 -0.0008046112 -0.004119637 -0.005364578 0.002687225 -0.002212341 -0.00536293 -0.00269046 0.001545906 -0.00535939 0.002697556 0.003037125 -0.005357651 -0.002700974 -0.003703529 -0.005351456 0.0009298096 -0.004209671 -0.005351028 -0.000932251 0.002886864 -0.005349655 0.0009403076 0.00103978 -0.005349258 -0.0009425354 -0.00236261 -0.005342789 0.0009785156 0.00366275 -0.005342514 0.0009800262 0.001912682 -0.005342209 0.0009815216 0.0001625977 -0.005341965 0.0009830475 -0.001587486 -0.00534169 0.0009845428 -0.00333757 -0.005323746 -0.002767227 -0.005 -0.005323318 -0.00107933 -0.0006056595 -0.005323227 0.001079834 -0.0007176056 -0.005321579 -0.002766159 0.003299988 -0.005321548 -0.002765991 -0.00370002 -0.005321274 -0.002766006 -0.001950012 -0.005321243 -0.002765854 0.00154998 -0.005320175 -0.002765305 0.003518723 -0.005320145 -0.002765289 0.001768723 -0.005320145 -0.002765274 1.872253e-05 -0.005320114 -0.002765274 -0.00173127 -0.005320084 -0.002765259 -0.00348127 -0.005319412 -0.002764984 -0.0002000122 -0.005305527 -0.001163696 -0.003226379 -0.005305191 -0.001165146 -0.001476311 -0.005304886 -0.001166626 0.0002737656 -0.00530455 -0.001168091 0.002023842 -0.005304245 -0.00116954 0.003773918 -0.005300186 0.002812027 0.005 -0.005295395 0.001783051 0.00458757 -0.005293991 -0.001215103 0.001151245 -0.005293564 0.002824509 -0.003969398 -0.005293228 0.001218445 -0.002474953 -0.005291641 -0.001225266 -0.004098244 -0.005290848 0.001228775 0.002774498 -0.005290695 -0.002829895 0.003303314 -0.005288101 0.002834747 0.001280075 -0.00528511 -0.002840271 -0.001946136 -0.005282333 0.002845428 -0.005 -0.005282303 0.002845413 0.00499826 -0.005281937 0.0028452 0.001279503 -0.005281601 0.002845062 0.003248253 -0.00528157 0.002844971 -0.003970497 -0.00528154 0.002845032 0.001498253 -0.005281479 0.002845001 -0.0002517548 -0.005281448 0.002844986 -0.002001755 -0.005281387 0.002844955 -0.003751755 -0.005278824 0.002843613 -0.0004705276 -0.005278671 0.002843521 0.004779465 -0.00527858 0.002843353 0.003029472 -0.005278488 0.002843292 -0.002220528 -0.005272476 0.002863708 0.004997307 -0.005271683 0.002865158 0.003247231 -0.005270859 0.002866638 0.001497162 -0.005270096 0.002862366 0.004998283 -0.005270065 0.002868118 -0.0002529221 -0.005269272 0.002869583 -0.002002998 -0.005268448 0.002871048 -0.003753067 -0.005261917 0.0002912445 -0.004269981 -0.005261887 0.0002718811 -0.004269325 -0.005261398 5.827332e-05 -0.00426207 -0.005261368 4.338074e-05 -0.004261566 -0.005261063 -0.001350525 0.002908211 -0.005259659 0.001356003 -0.004232269 -0.005258469 -0.001360657 -0.002341263 -0.005257004 0.001366257 0.001017189 -0.005253311 0.0004822388 -0.004276489 -0.005250687 0.000540451 -0.004278473 -0.00524971 -0.0001936646 -0.004253525 -0.005249252 -0.000203064 -0.004253204 -0.005247604 0.001401917 0.003640282 -0.005247208 0.001403397 0.001890205 -0.005246811 0.001404861 0.0001401291 -0.005246445 0.001406342 -0.001609947 -0.005246017 0.001407822 -0.003360031 -0.005244003 0.0006276703 -0.004281441 -0.005233994 -0.0003621063 -0.004247818 -0.005231949 0.0007379761 -0.00428521 -0.005225723 -0.0004478607 -0.004244911 -0.005221664 -0.001495636 -0.0005842133 -0.005219711 0.001502548 -0.0007400818 -0.005217239 0.0008731537 -0.004289818 -0.005213058 0.002970474 -0.0004770584 -0.005212143 0.0009056396 -0.004290932 -0.005208939 -0.002977692 -0.0001887207 -0.005207291 0.002980576 0.004772408 -0.005203598 0.001966614 0.004563782 -0.005202499 0.001968811 0.004563499 -0.005197525 -0.001577484 -0.003204887 -0.005197098 -0.001578934 -0.001454803 -0.005196671 -0.001580383 0.0002952728 -0.005196213 -0.001581833 0.002045341 -0.005196121 -0.003 0.005 -0.00519606 -0.0006548462 -0.004237915 -0.005195786 -0.001583282 0.003795425 -0.005190903 -0.0006908569 -0.004236702 -0.00518129 -0.001630035 0.001172913 -0.005180771 0.002012283 0.004557869 -0.005179123 0.001116623 -0.004298141 -0.00517894 0.001637497 -0.002497307 -0.005178116 -0.00164006 -0.004076553 -0.005175735 0.001647568 0.002752159 -0.00517482 -0.0007750702 -0.004233864 -0.005163925 0.003039856 0.004992249 -0.005163864 -0.003055222 -0.003465729 -0.005162979 -0.003056671 -0.00171566 -0.005162125 -0.003058136 3.442383e-05 -0.005161789 0.001201096 -0.004301033 -0.00516127 -0.003059601 0.001784508 -0.005160385 -0.00306105 0.003534592 -0.005151321 0.003076294 0.005 -0.005144852 -0.0009317932 -0.004228577 -0.005143112 0.003071365 0.004991142 -0.005137344 -0.001763733 0.002930092 -0.005136581 0.001324295 -0.004305244 -0.005134811 0.001771011 -0.004254463 -0.005134323 0.003104599 -0.002234245 -0.005133865 -0.001773697 -0.002319366 -0.005131363 0.00178096 0.0009949951 -0.005129715 0.001357925 -0.004306404 -0.005129196 -0.003113052 0.001568703 -0.005128281 0.003114563 0.003015205 -0.005123093 -0.003123108 -0.003680748 -0.005119827 0.001813812 0.003618233 -0.005119339 0.001815247 0.001868156 -0.00511882 0.001816681 0.0001180801 -0.005118301 0.0018181 -0.001631996 -0.005117813 0.001819534 -0.00338208 -0.005102554 -0.001108185 -0.004222626 -0.005087692 -0.001170181 -0.004220535 -0.005086075 -0.001906479 -0.0005621262 -0.005085678 -0.001177567 -0.004220284 -0.005083725 0.00191275 -0.0007620926 -0.005072525 -0.001226089 -0.004218628 -0.005068954 0.001596954 -0.004314606 -0.005058365 -0.003226913 -0.005 -0.005057571 -0.003226456 0.003325027 -0.005057236 -0.003226257 -0.00192498 -0.005055923 -0.001985138 -0.003182785 -0.005055649 0.002236618 0.004528305 -0.005055344 -0.001986542 -0.001432716 -0.005055283 -0.003224884 -0.003674988 -0.005055099 -0.003224762 0.001575012 -0.005054764 -0.001987961 0.0003173676 -0.005054459 -0.003224396 0.003543762 -0.005054459 -0.00322438 0.001793762 -0.005054428 -0.00322438 -0.001706238 -0.005054428 -0.00322438 4.376221e-05 -0.005054428 -0.003224365 -0.003456238 -0.005054398 -0.003224442 -0.0001749802 -0.005054214 -0.001989395 0.002067451 -0.005053665 -0.001990814 0.003817528 -0.005051926 0.003236954 -0.003991493 -0.005050522 0.001657532 -0.004316681 -0.005046097 -0.0095 0.004274261 -0.005046097 0.0095 -0.004274261 -0.005046097 0.0095 0.004274261 -0.005045944 -0.003246246 0.003326103 -0.005045609 0.00324678 0.001257957 -0.005039566 -0.003256149 -0.00192334 -0.005037582 -0.008054352 0.005 -0.005037582 0.008054352 -0.005 -0.005037582 0.008054352 0.005 -0.005034714 -0.002038239 0.00119516 -0.005032852 0.002042877 -0.002519112 -0.005030716 -0.002048065 -0.004054291 -0.005028915 0.002052551 0.002730362 -0.005028641 0.00327298 0.004975258 -0.005027725 0.003274399 0.003225182 -0.005027267 0.001733978 -0.004319313 -0.00502681 0.003275818 0.001475098 -0.005025894 0.003277222 -0.0002749786 -0.005024979 0.003278641 -0.002025055 -0.005024063 0.003280045 -0.003775139 -0.005018509 0.003260101 0.004984474 -0.005015396 0.003264374 0.004984314 -0.005010544 -0.008071182 -0.005 -0.005010452 -0.0095 -0.004283897 -0.005010208 0.003301163 -0.005 -0.005009415 0.003300613 -0.003776314 -0.005009354 0.003300568 -0.002026314 -0.005009323 0.003300537 -0.0002763138 -0.005009262 0.003300507 0.001473686 -0.005009232 0.003300476 0.003223686 -0.005009171 0.00330043 0.004973686 -0.005008347 0.003299866 0.001254929 -0.005008072 0.003299683 -0.003995079 -0.005007675 0.003299591 -0.0004950867 -0.005007462 0.003299438 0.004754913 -0.005006241 0.003298523 0.003004906 -0.00500621 0.003298508 -0.002245094 -0.005000839 -0.001462799 -0.004210411 -0.004996933 0.001833557 -0.004322739 -0.00498497 0.002350494 0.00451281 -0.004979843 -0.002168869 0.002952492 -0.004978836 0.002171158 -0.004276062 -0.004978714 -0.0002823029 0.00398674 -0.004978195 -0.0002943115 0.003987167 -0.004978012 -4.283142e-05 0.003978203 -0.004977066 -1.148987e-05 0.003977081 -0.004975601 -0.002178589 -0.002296959 -0.004974655 0.002180695 0.0009734192 -0.004974258 3.662109e-05 0.003975342 -0.004973221 -0.0004043732 0.003991066 -0.004970383 0.0001034851 0.003972939 -0.004969742 -0.00155014 -0.004207291 -0.004967941 -0.0005209503 0.003995186 -0.004963028 0.0002302551 0.003968376 -0.004962112 -0.001571609 -0.00420652 -0.004961441 0.002210617 0.003596802 -0.004960831 0.00221199 0.001846725 -0.00496022 0.002213364 9.664917e-05 -0.00495961 0.002214722 -0.001653419 -0.004959335 0.003377075 -0.0004993362 -0.004959 0.002216095 -0.003403496 -0.004958023 0.002393967 0.004506905 -0.004952744 0.003386749 0.004750122 -0.004952682 -0.003386856 -0.000165947 -0.004952072 -0.0006898956 0.004001106 -0.004945633 -0.0007586212 0.004003517 -0.004937393 0.0004695282 0.003959679 -0.004936569 0.0004747162 0.003959488 -0.004933334 -0.0008449402 0.004006523 -0.004932632 0.0004997559 0.003958572 -0.004921158 0.002453415 0.004498817 -0.004918472 -0.001694366 -0.004202141 -0.004917282 0.00230722 -0.0007834854 -0.004917007 -0.002307831 -0.0005395966 -0.004913498 0.002067566 -0.004330803 -0.004911942 -0.0009951935 0.004011749 -0.00491066 -0.00344751 0.005 -0.004902725 -0.003458786 -0.003443085 -0.004901749 -0.003460175 -0.001693001 -0.004900772 -0.003461548 5.708313e-05 -0.004900375 0.0007062225 0.003951012 -0.004899765 -0.003462921 0.001807167 -0.004898819 -0.00346431 0.003557236 -0.004898697 0.002103592 -0.004332054 -0.004895767 -0.001079514 0.004014679 -0.004887314 0.002131287 -0.004333015 -0.00488121 -0.002382568 -0.003160294 -0.004880539 -0.002383942 -0.00141021 -0.004879868 -0.002385315 0.0003398666 -0.004879196 -0.002386703 0.002089943 -0.004878525 -0.002388077 0.003840027 -0.004869553 0.00350531 -0.002256668 -0.004866745 -0.001230591 0.004019943 -0.00486412 0.003472809 0.004976654 -0.004863235 -2.784729e-05 0.002293709 -0.004863235 -2.784729e-05 0.002403084 -0.0048629 -6.362915e-05 0.002514526 -0.0048629 6.336975e-05 0.0007571793 -0.004862747 -7.313538e-05 -0.002734917 -0.004862686 0.003514832 0.002992783 -0.004862564 8.642578e-05 -0.002962914 -0.004862564 8.642578e-05 -0.002853539 -0.004862503 -0.003515121 0.001591423 -0.004862473 -9.085083e-05 -0.001202644 -0.004862473 -9.085083e-05 -0.001093269 -0.00486235 0.0008905029 0.003944199 -0.004861923 -2.789307e-05 0.002512451 -0.004861313 0.00010672 -0.002964096 -0.004861038 0.0001495209 0.0005334244 -0.004861038 0.0001495209 0.0006427994 -0.004860458 0.0001040497 0.0005360489 -0.004859573 0.0001904907 -0.001000206 -0.004859299 -9.083557e-05 -0.0009839172 -0.004859268 0.003519547 0.005 -0.004859207 -0.0001998901 -0.0009776001 -0.004859116 0.0009061279 0.003943619 -0.00485878 8.633423e-05 -0.002744179 -0.004858383 0.0001025238 0.002286133 -0.004858322 0.0001493683 0.0007521667 -0.004857681 0.0001052856 -0.001214035 -0.0048564 0.002432693 -0.002540466 -0.004855942 -0.0002675934 0.0005575485 -0.004855942 -0.0002675934 0.0006669159 -0.004855606 -0.003524628 -0.00365802 -0.004854965 -0.002435623 0.001217789 -0.004854416 -0.001281601 0.004021751 -0.004854324 -0.0002842255 0.0005585022 -0.004853928 -0.0002675476 0.0007762756 -0.004853317 -0.0002815247 -0.002941666 -0.004852921 0.0003175812 -0.002757607 -0.004852371 -0.0003262482 0.0007796707 -0.004852341 0.0003269348 -0.001226898 -0.004852341 0.0003269348 -0.001117523 -0.00485231 0.0003270874 0.002491837 -0.004852097 -0.0003302612 -0.00293885 -0.004852097 -0.0003302612 -0.002829475 -0.004852097 0.0009402466 0.00394236 -0.00485173 0.002442047 0.002709007 -0.004850723 -0.0002854614 0.002308548 -0.004850662 -0.0002826538 -0.001191612 -0.004850174 -0.002445129 -0.004031662 -0.00484874 0.0003266449 -0.001008156 -0.004848618 -0.0003300629 -0.002720131 -0.004847641 0.0003899536 0.002269417 -0.004847641 0.0003899536 0.002378792 -0.004845535 0.0003897247 0.002488167 -0.004843063 -0.0004434814 0.002317657 -0.004843063 -0.0004434814 0.002427032 -0.004842697 -0.0004434814 0.0025364 -0.00484227 -0.0004521179 0.002536896 -0.004842087 0.0004540253 0.0007344284 -0.004841354 -0.0004615173 -0.00271257 -0.004838791 0.003504669 0.004975433 -0.004837631 0.000495697 -0.002986763 -0.004837143 0.0005040283 -0.002987251 -0.004837143 0.0005040283 -0.002877876 -0.00483696 -0.0005057678 -0.00117878 -0.00483696 -0.0005057678 -0.001069405 -0.004835648 0.0004927979 0.0005133896 -0.004835098 0.0004912109 0.002263481 -0.004834396 -0.0005055542 -0.0009600601 -0.004833817 0.0004938812 -0.001236679 -0.004833237 0.0005036163 -0.002768501 -0.004830154 0.0005668488 0.0005090714 -0.004830154 0.0005668488 0.0006184464 -0.004828506 0.0005806732 -0.001022995 -0.004827805 -0.0005867157 -0.0009553986 -0.004826981 0.0005664215 0.000727829 -0.004825577 -0.001920731 -0.00419381 -0.004818527 0.002298828 -0.004338829 -0.004816696 -0.0006682739 0.0005805054 -0.004815567 -0.0006799316 0.0005811768 -0.004815567 -0.0006799316 0.0006905518 -0.004814896 -0.0006653442 -0.00291967 -0.004814407 -0.0006798096 0.0007999115 -0.004813217 -0.0006663666 -0.001169624 -0.004812698 -0.0006690826 0.002330528 -0.004811691 0.0007068787 -0.002780396 -0.00481105 -0.0007111511 0.0008017044 -0.004810287 0.0007163086 0.00246904 -0.004810165 -0.001464767 0.004028275 -0.004809891 -0.001465698 0.004028305 -0.004808395 -0.00195752 -0.004192413 -0.004806473 -0.0007414856 -0.002915314 -0.004806473 -0.0007414856 -0.002805939 -0.004806229 0.0007429504 -0.001251266 -0.004806229 0.0007429504 -0.001141899 -0.004803482 -0.0007410736 -0.002696609 -0.004802444 0.0007423401 -0.001032509 -0.004799118 -0.001977463 -0.004191666 -0.004796188 0.0008053131 0.002245056 -0.004796188 0.0008053131 0.002354431 -0.004793442 0.0008047943 0.002463821 -0.004792648 0.001171432 0.003933739 -0.00479216 0.002556976 -0.004297523 -0.004791153 -0.0008347015 0.002558739 -0.004789902 0.0008419189 0.000711647 -0.004789536 -0.002561859 0.002975189 -0.004789536 -0.0008439178 -0.002690735 -0.00478801 -0.0008524628 0.002340996 -0.00478801 -0.0008524628 0.002450371 -0.004787369 -0.0008523102 0.002559738 -0.004787186 0.002566238 0.0009519424 -0.004787003 0.002369431 -0.004341331 -0.004784531 -0.002571243 -0.002274254 -0.004781326 0.0008813171 -0.003009438 -0.00478096 0.0008769531 0.002240814 -0.004779984 0.0008783112 0.0004907379 -0.004779099 0.0008794098 -0.001259338 -0.004776779 -0.0009133453 -0.001155548 -0.004776779 -0.0009133453 -0.001046173 -0.004776535 0.002663208 0.004468857 -0.004776291 0.003631317 -0.00401403 -0.004775925 0.0009179077 -0.003011589 -0.004775925 0.0009179077 -0.002902214 -0.004774948 -0.0009130554 -0.0009368286 -0.004772354 0.002593781 0.003575356 -0.004772079 0.0009171906 -0.002792816 -0.004771591 0.002595108 0.001825287 -0.004770889 0.002596436 7.520294e-05 -0.004770157 0.002597763 -0.001674873 -0.004769424 0.002599106 -0.00342495 -0.004769211 0.003640671 0.00123542 -0.004769089 -0.003640839 0.003348763 -0.004766342 -0.0009664001 -0.0009337845 -0.00476622 0.0009668427 -0.001045731 -0.004763596 0.0009797821 0.0004847488 -0.004763596 0.0009797821 0.0005941315 -0.004761978 -0.003650131 -0.001900688 -0.004761551 0.001272003 0.003929962 -0.004760056 0.0009790039 0.0007035294 -0.004753342 -0.003661346 -0.005 -0.004752945 -0.003660995 -0.001900032 -0.004752609 -0.003660721 0.003349968 -0.004751297 0.003663986 0.004952782 -0.00475029 0.003665329 0.003202713 -0.004750137 -0.003658936 -0.0001500473 -0.004749893 -0.003658615 -0.003650055 -0.004749771 -0.003658554 0.001599945 -0.004749557 -0.003658447 -0.003431305 -0.004749557 -0.003658447 -0.001681305 -0.004749557 -0.003658432 6.869507e-05 -0.004749557 -0.003658432 0.001818695 -0.004749557 -0.003658432 0.003568695 -0.004749252 0.003666672 0.001452629 -0.004748306 -0.001044296 0.0006018829 -0.004748215 0.003668015 -0.0002974548 -0.004747177 -0.00104129 -0.002898262 -0.004747147 0.003669357 -0.002047539 -0.004746414 -0.001042389 -0.001148148 -0.00474614 0.003670685 -0.003797607 -0.004745316 -0.001044922 0.002351997 -0.004744339 0.001327637 0.003927864 -0.00474202 -0.001697601 0.004036743 -0.004741135 -0.001083313 0.0006041031 -0.004741135 -0.001083313 0.0007134781 -0.004740952 -0.001083267 0.0008228531 -0.004740067 -0.001087967 0.0008231125 -0.004739365 0.001090942 -0.002803078 -0.004739029 0.002712372 0.004461456 -0.004737625 -0.001711197 0.004037239 -0.004737228 0.001100204 0.002446373 -0.004731461 -0.001730377 0.004037949 -0.004727005 0.003645233 0.004970062 -0.004726974 -0.001143524 -0.002892456 -0.004726974 -0.001143524 -0.002783081 -0.004724747 0.001152634 -0.00127549 -0.004724747 0.001152634 -0.001166115 -0.004724594 -0.001143021 -0.002673683 -0.004722397 -0.00214183 -0.00418544 -0.004722061 0.001399704 0.003925156 -0.004720963 0.001151703 -0.001056702 -0.004719254 0.002689102 -0.000805191 -0.004715927 0.002516373 -0.004346634 -0.004715561 -0.002695633 -0.0005168457 -0.004710587 -0.001209213 0.002580086 -0.004709457 0.001213638 0.002220886 -0.004709457 0.001213638 0.002330261 -0.004708267 -0.001218292 -0.00266938 -0.004706955 0.001223297 0.000689064 -0.004706711 0.002535416 -0.004347321 -0.004706284 0.001212769 0.002439667 -0.004701035 0.003677917 0.004968819 -0.004699265 -0.001252487 0.002363846 -0.004699265 -0.001252487 0.002473221 -0.004698837 0.003731049 -0.005 -0.004697769 -0.001252045 0.002582619 -0.004697586 0.003730118 -0.0005199814 -0.004697311 0.003729889 0.004730019 -0.004696854 0.003729385 -0.003801224 -0.004696823 0.003729355 -0.002051224 -0.004696793 0.003729324 -0.0003012238 -0.004696762 0.003729294 0.001448776 -0.004696732 0.003729263 0.003198776 -0.004696671 0.003729233 0.004948776 -0.004696579 0.001256058 0.002218353 -0.004696121 0.00372879 0.001230019 -0.004695969 0.003728653 -0.004019981 -0.004695114 0.003728134 -0.002269989 -0.004695084 0.003728088 0.002980011 -0.004694839 0.001259964 -0.003031883 -0.004694168 0.001258224 -0.001281784 -0.004694107 0.001256927 0.0004682846 -0.004690048 -0.001847626 0.00404232 -0.004682877 -0.001312469 -0.001132652 -0.004682877 -0.001312469 -0.001023277 -0.0046819 -0.00131221 -0.000913887 -0.004679733 0.001323532 -0.00303566 -0.004679733 0.001323532 -0.002926285 -0.004678329 0.002594116 -0.004349442 -0.004677353 0.002793076 0.004449318 -0.004676193 0.001322571 -0.002816872 -0.004675308 -0.001339142 -0.0009123383 -0.004674728 -0.002765823 -0.003137611 -0.004673935 -0.002767151 -0.001387527 -0.004673538 0.001345322 -0.001068207 -0.004673172 -0.002768463 0.0003625488 -0.004672379 -0.002769791 0.002112633 -0.004672348 0.00376416 -0.0005219727 -0.004671616 -0.002771103 0.003862709 -0.004665268 -0.003772949 -0.0001433868 -0.004664963 0.003773315 0.004727478 -0.004662308 0.001383759 0.0004607468 -0.004662308 0.001383759 0.0005701218 -0.004658676 0.001382675 0.0006795425 -0.004650833 -0.001958694 0.004046463 -0.004650558 -0.001414383 0.0006234283 -0.004650131 -0.001412674 -0.00112664 -0.00465004 -0.001411362 -0.002876701 -0.004648453 -0.001415039 0.002373528 -0.004647964 0.002810516 -0.002562378 -0.004643356 -0.002818176 0.00124057 -0.004642532 0.00281955 0.002687088 -0.004639145 -0.001459473 0.0008447876 -0.004637802 -0.002827286 -0.004008873 -0.004637039 0.001466171 -0.002825432 -0.004636856 0.001633682 0.003916275 -0.004634201 0.001475174 0.002424034 -0.004633591 0.001641541 0.003915977 -0.004632523 -0.001480438 0.0006272888 -0.004632523 -0.001480438 0.0007366638 -0.004631729 -0.001480164 0.0008460464 -0.004631332 0.0095 -0.004382927 -0.004631332 0.0095 0.004382927 -0.004631271 -0.0095 0.00438295 -0.004623184 -0.002330673 -0.004178078 -0.004617813 0.002871063 0.004437592 -0.004613113 -0.001539886 -0.002869148 -0.004613113 -0.001539886 -0.002759773 -0.004611404 -0.001539383 -0.002650375 -0.004611221 -0.003838806 -0.00342067 -0.004610153 -0.003840103 -0.001670586 -0.004609207 0.001551529 -0.001299286 -0.004609207 0.001551529 -0.001189911 -0.004609055 -0.0038414 7.948303e-05 -0.004609024 -0.002357574 -0.004177025 -0.004607986 -0.003842682 0.001829567 -0.004606918 -0.003843979 0.003579643 -0.004605606 0.001550339 -0.001080498 -0.004599777 -0.001579178 0.002601967 -0.004599167 -0.0095 -0.004391052 -0.004596725 -0.00158812 -0.002647491 -0.004594437 0.001594604 0.0006668777 -0.004593735 0.00173616 0.003912346 -0.004591873 -0.00238678 -0.00417585 -0.004588913 0.001610535 0.002197174 -0.004588913 0.001610535 0.002306549 -0.004586746 -0.003868011 0.005 -0.004586288 0.002908447 0.004431671 -0.004585526 0.001609329 0.00241597 -0.004583084 0.001625076 0.002196289 -0.004581192 -0.002129471 0.004052986 -0.004580215 0.001626877 -0.001303825 -0.004579391 0.001628189 -0.003053909 -0.0045793 0.001625244 0.0004462662 -0.004575882 -0.001647156 0.002387337 -0.004575882 -0.001647156 0.002496712 -0.004573715 -0.001646301 0.00260611 -0.00457338 0.002930344 -0.004319618 -0.00457222 0.003885162 -0.002279373 -0.004567978 -0.002938766 0.002997986 -0.004567703 0.00293924 0.0009298325 -0.004565598 -0.00389296 0.001613876 -0.00456459 0.003894119 0.00297007 -0.004562241 -0.002947723 -0.002251465 -0.004559677 0.002813049 -0.00435762 -0.004559616 -0.002182358 0.004055 -0.004558029 -0.003901825 -0.00363559 -0.004554245 -0.001706055 -0.001109062 -0.004554245 -0.001706055 -0.0009996872 -0.004553909 -0.001707001 -0.0008902512 -0.004551804 0.001712616 -0.001090218 -0.004551498 0.002964249 0.003553307 -0.004550674 0.00296553 0.001803223 -0.004550278 0.001716583 -0.003059204 -0.004550278 0.001716583 -0.002949829 -0.00454985 0.002966812 5.314636e-05 -0.004548996 0.002968079 -0.001696938 -0.004548172 0.00296936 -0.003447006 -0.004547195 0.001715485 -0.002840408 -0.004544144 0.001853989 0.003907829 -0.004540848 -0.002222809 0.00405658 -0.004529251 0.003875397 0.004960953 -0.004529221 0.003935226 0.005 -0.004528 0.001774582 0.0004373016 -0.004528 0.001774582 0.0005466766 -0.00452446 0.001773193 0.000656105 -0.00452388 -0.001777634 -0.001104568 -0.004522934 -0.001775909 -0.00285463 -0.004522903 -0.001778854 0.0006455231 -0.004521652 -0.001779709 0.002395599 -0.004512436 0.002891312 -0.004360641 -0.004507919 -0.001824982 0.0008670349 -0.004506241 0.001829117 -0.002847237 -0.004502731 0.001837769 0.002402237 -0.004498093 0.003908173 0.004959587 -0.004489578 0.00305719 -0.0008274612 -0.004489243 -0.001870468 0.000651123 -0.004489243 -0.001870468 0.000760498 -0.004487656 -0.001869751 0.0008698807 -0.00448555 -0.002567841 -0.004168564 -0.004483627 0.003065964 0.004421997 -0.004483566 -0.003066055 -0.000494072 -0.004477066 0.002949936 -0.0043629 -0.004476822 0.001994659 0.00390239 -0.004468918 0.004003555 -0.004036789 -0.004464645 -0.001928436 -0.002845238 -0.004464645 -0.001928436 -0.002735863 -0.004464554 0.003052902 0.004408775 -0.004463791 -0.001928101 -0.00262648 -0.004463089 -0.004010071 0.003371078 -0.004461563 0.001935547 -0.001322426 -0.004461563 0.001935547 -0.001213051 -0.004461044 0.004012299 0.001212654 -0.004458786 -0.00194194 0.002624367 -0.004458755 0.003059769 0.004407684 -0.004458328 0.001934174 -0.001103638 -0.004457962 -0.002401276 0.004063553 -0.004456436 -0.008389877 0.005 -0.004456436 0.008389862 -0.005 -0.004456436 0.008389862 0.005 -0.004455307 -0.004018707 -0.001878387 -0.004454971 -0.001950638 -0.002625092 -0.004454178 0.00195253 0.0006452942 -0.004442673 0.004032684 0.004930115 -0.004441544 0.002068314 0.003899536 -0.004441513 0.004033951 0.003180031 -0.004441299 0.001980347 0.002174858 -0.004440384 0.004035202 0.001429947 -0.004439255 0.004036453 -0.000320137 -0.00443895 0.001982162 -0.001325325 -0.004438309 -0.003131165 -0.003114952 -0.004438065 0.004037704 -0.002070206 -0.004437454 -0.003132416 -0.001364876 -0.004437302 0.001980057 0.0004247742 -0.004436935 0.004038956 -0.00382029 -0.004436813 0.001982819 -0.003075348 -0.004436661 0.001991989 0.002174156 -0.004436661 0.001991989 0.002283531 -0.004436569 -0.003133667 0.0003852081 -0.004435654 -0.003134918 0.002135284 -0.004434799 -0.003136169 0.003885361 -0.004433273 0.001990448 0.002392891 -0.004431808 -0.008402893 -0.005 -0.004431046 0.003026184 -0.004365845 -0.004418106 -0.002032791 0.002411377 -0.004418106 -0.002032791 0.002520752 -0.004415421 -0.002031494 0.002630142 -0.004411179 -0.004067123 -0.005 -0.004409561 -0.004065552 -0.001875389 -0.004409317 -0.004065338 0.003374603 -0.004408981 -0.004065201 -0.0001253891 -0.00440892 0.004002029 0.004955688 -0.004408829 0.00212886 0.003897102 -0.00440831 0.003173279 -0.002584793 -0.004407913 -0.004064209 -0.003406654 -0.004407913 -0.004064194 -0.001656654 -0.004407913 -0.004064178 9.333801e-05 -0.004407883 -0.004064163 0.001843338 -0.004407883 -0.004064163 0.003593338 -0.004407761 -0.002686996 -0.004163628 -0.0044077 -0.004063919 -0.003625412 -0.004407669 -0.004063904 0.001624588 -0.004402756 0.002065811 -0.00111161 -0.004402512 -0.00206636 -0.0008677292 -0.004402084 0.003181885 0.002664658 -0.004401901 -0.003182175 0.001263298 -0.004395676 -0.003190765 -0.003986145 -0.004391373 -0.002089935 -0.001084969 -0.004391373 -0.002089935 -0.0009755859 -0.004390488 -0.002089493 -0.0008662109 -0.004389603 0.002093643 -0.003082077 -0.004389603 0.002093643 -0.002972702 -0.004388504 -0.002533798 0.004068848 -0.00438707 0.002092499 -0.00286335 -0.00436821 -0.002133621 -0.001082085 -0.00436647 -0.002131332 -0.002832146 -0.004365829 -0.002134125 0.0006680069 -0.004365494 -0.00213533 0.002418083 -0.004364822 0.003161224 0.004390739 -0.004362564 0.002149399 0.0004144592 -0.004362564 0.002149399 0.0005238342 -0.004360764 -0.002586761 0.004070961 -0.004359207 0.002147781 0.0006331482 -0.004354477 0.004127747 -0.0005447617 -0.004351944 -0.002772476 -0.00416008 -0.004350693 0.004131729 -0.005 -0.00435054 0.004131577 -0.0005450134 -0.00435051 0.004131577 0.004704987 -0.004350143 -0.002775116 -0.004159966 -0.004349899 -0.004132584 -0.0001212463 -0.004348984 0.00406514 0.004953064 -0.004348282 0.002178146 -0.002868591 -0.004348038 0.004129089 -0.003826256 -0.004348007 0.004129074 -0.002076256 -0.004347977 0.004129074 -0.0003262558 -0.004347946 0.004129028 0.003173744 -0.004347946 0.004129044 0.001423744 -0.004347916 0.004128998 0.004923744 -0.004347641 0.004128891 -0.002295013 -0.00434761 0.004128693 0.001204994 -0.004347519 0.004128769 0.002954987 -0.004347488 0.004128601 -0.004045013 -0.00434697 -0.002180786 0.0008896637 -0.00434639 0.004136276 0.004704689 -0.00434584 -0.002615311 0.004072105 -0.00434407 0.002186523 0.002380882 -0.004329025 0.002276581 0.003891182 -0.004323898 0.003287354 -0.004342148 -0.004317429 0.003295822 0.0009072952 -0.004317337 -0.003295959 0.003020638 -0.00431456 -0.002826218 -0.004157806 -0.004312119 -0.002248886 0.0006753616 -0.004312119 -0.002248886 0.0007847366 -0.004310898 -0.003304398 -0.002228806 -0.004309952 -0.002247681 0.0008941116 -0.004300339 0.003318146 0.00353083 -0.004299393 0.003319351 0.001780754 -0.004298447 0.003320572 3.067017e-05 -0.004297501 0.003321777 -0.001719406 -0.004296585 0.003322998 -0.00346949 -0.004294327 0.002333939 0.003888779 -0.004292618 -0.004192047 -0.003398712 -0.004292587 0.003233368 -0.004374123 -0.004291458 -0.004193253 -0.001648636 -0.004291275 0.003240677 0.004377464 -0.004290298 -0.004194443 0.0001014404 -0.004289139 -0.004195633 0.001851517 -0.004288406 -0.002293793 0.002647064 -0.004287949 -0.004196823 0.003601593 -0.004286301 0.002297729 0.0006238174 -0.00428392 -0.0023022 -0.002602379 -0.004282547 -0.002304718 -0.002820969 -0.004282547 -0.002304718 -0.002711594 -0.004282486 0.002304825 -0.001345383 -0.004282486 0.002304825 -0.001236008 -0.004279617 0.002303329 -0.001126678 -0.004278305 0.003252716 -0.004374916 -0.00427095 0.002322876 0.002153381 -0.004270187 0.002325455 -0.001346756 -0.004267838 0.002322662 0.0004032745 -0.0042668 0.002325256 -0.003096886 -0.004252579 0.002359543 0.002151085 -0.004252579 0.002359543 0.00226046 -0.004249222 0.002357681 0.002369781 -0.004244949 0.004240311 -0.00230217 -0.004241928 -0.004243362 0.001635834 -0.004236618 0.004248611 0.002947281 -0.004233719 -0.004251526 -0.00361364 -0.004229752 0.003407608 -0.00085009 -0.004227066 -0.002404938 0.002435699 -0.004227066 -0.002404938 0.002545074 -0.004226944 -0.004258255 0.005 -0.004225479 0.002407745 -0.001133316 -0.004224106 -0.002403198 0.002654449 -0.004223343 -0.003415573 -0.0004715042 -0.004223282 -0.002824326 0.004080658 -0.004223099 0.003415894 0.004399345 -0.004222153 -0.002413589 -0.0008449707 -0.004215378 -0.0095 0.004484283 -0.004215378 0.0095 -0.004484291 -0.004215378 0.0095 0.004484283 -0.004211105 0.003343842 -0.004378685 -0.004206711 0.002478745 0.003882721 -0.004196487 0.002457916 -0.003105362 -0.004196487 0.002457916 -0.002995987 -0.00419545 -0.002459671 -0.001060616 -0.00419545 -0.002459671 -0.0009512405 -0.004194534 0.002456848 -0.002886642 -0.004193863 -0.002458694 -0.0008418655 -0.004190659 0.002502594 0.003881683 -0.004186813 -0.0095 -0.004490952 -0.004184189 -0.002477158 -0.00105941 -0.004181747 -0.002474136 -0.002809486 -0.004181015 -0.002478409 0.00244075 -0.004180557 -0.0024767 0.0006906815 -0.004174454 -0.003475189 -0.003092545 -0.004173477 -0.003476364 -0.001342468 -0.00417247 -0.003477524 0.0004076157 -0.004171524 -0.003478699 0.002157692 -0.004170547 -0.003479874 0.003907776 -0.004167892 -0.003023819 -0.004149269 -0.004167068 -0.003024826 -0.004149223 -0.004164505 0.002511734 0.0003910599 -0.004164505 0.002511734 0.0005004349 -0.004163681 0.004320129 0.005 -0.004162827 0.003367004 0.004355179 -0.004161667 0.002516449 -0.002890503 -0.004161423 0.002509918 0.0006097717 -0.004160324 -0.002920792 0.004084709 -0.004160202 0.004247055 0.004945168 -0.004157516 -0.0025233 0.0009124451 -0.004156754 0.002524536 0.002358963 -0.004150772 -0.002935394 0.00408532 -0.004144241 0.003434479 -0.004382439 -0.004139145 0.003517151 -0.002607498 -0.004133133 -0.003524216 0.001285751 -0.004132584 0.004349884 -0.004059555 -0.004132217 0.003525269 0.002641945 -0.004131485 -0.004350952 0.00339283 -0.004126297 -0.003532242 -0.003963715 -0.004124283 0.004279236 0.004943718 -0.004124039 0.004357971 0.001189888 -0.004123123 -0.004358871 -0.001856644 -0.004115372 0.003413696 0.004346939 -0.004105515 0.004375443 0.00490744 -0.004104294 0.004376587 0.003157364 -0.004103043 0.004377747 0.00140728 -0.004102768 -0.002611343 0.0006997299 -0.004102768 -0.002611343 0.0008091049 -0.004101822 0.004378922 -0.0003427963 -0.004100601 0.004380066 -0.002092873 -0.004100235 -0.002609634 0.0009184647 -0.00409935 0.004381226 -0.003842957 -0.004090286 -0.003028107 0.004089211 -0.004090012 -0.002631271 0.002669861 -0.004089737 0.002631714 0.0006017151 -0.004084854 -0.002639282 -0.00257959 -0.004084518 0.002660126 0.003874802 -0.004074692 0.002674713 0.003874168 -0.004074265 -0.003138199 -0.004144157 -0.004072861 0.002657425 -0.001368813 -0.004072403 0.002653931 0.002131325 -0.004070633 0.002661148 -0.001369057 -0.004070633 0.002661148 -0.001259682 -0.004070175 0.002653992 0.0003812332 -0.004068588 0.002656296 -0.003118927 -0.004068527 -0.002664413 -0.002796593 -0.004068527 -0.002664413 -0.002687218 -0.004068253 0.002659683 -0.001150337 -0.004067612 -0.002663773 -0.00257785 -0.004065079 0.004332321 0.004941315 -0.004045609 0.003624329 -0.004364914 -0.004040329 -0.003630219 0.003042953 -0.004038528 0.003632263 0.0008845291 -0.004035904 0.002713547 0.002127319 -0.004035904 0.002713547 0.002236694 -0.00403447 -0.004441071 -0.005 -0.004033981 0.004360168 0.004940063 -0.004033615 -0.004440201 -0.0001012115 -0.00403331 -0.003638062 -0.002206512 -0.00403273 0.002711441 0.002346039 -0.00403215 -0.004438629 -0.003382477 -0.00403212 -0.004438599 -0.001632477 -0.00403212 -0.0044384 -0.001851181 -0.004032089 -0.004438568 0.0001175232 -0.004032089 -0.004438553 0.001867523 -0.004032059 -0.004438522 0.003617523 -0.004031967 -0.004438232 0.003398819 -0.004031418 -0.004437805 0.001648781 -0.004031387 -0.004437729 -0.003601219 -0.004023697 0.003495789 0.004331596 -0.004020828 0.00365184 0.003508156 -0.004019821 0.00273732 -0.001155579 -0.00401976 0.003652969 0.001758072 -0.004018723 0.003654129 7.987976e-06 -0.004017715 0.003655258 -0.001742081 -0.004016678 0.003656387 -0.003492165 -0.00401445 -0.002745239 -0.000822197 -0.004013443 0.003595566 -0.004389351 -0.004013077 -0.003212952 -0.004140816 -0.004010208 -0.004462952 -9.973145e-05 -0.004008774 0.004464233 -0.0005674744 -0.004004684 -0.002759399 0.002460052 -0.004004684 -0.002759399 0.002569427 -0.004001633 -0.002757248 0.00267878 -0.004000046 0.004472076 0.004681969 -0.003986038 0.003629318 -0.004390793 -0.003972855 -0.002804474 -0.001036751 -0.003971146 0.002807465 -0.003129265 -0.003971146 0.002807465 -0.00301989 -0.003970413 -0.002801025 -0.00278685 -0.003969925 0.002806641 -0.00291053 -0.003969864 -0.002805618 0.002463394 -0.003968735 -0.002803253 0.0007133102 -0.003968582 -0.002811127 -0.001036293 -0.003968582 -0.002811127 -0.000926918 -0.003968521 0.004500076 -0.005 -0.003967514 0.004498886 0.00468 -0.0039673 0.004498596 -0.0005699921 -0.003966507 -0.002809586 -0.0008175583 -0.003966293 0.004497696 -0.002319992 -0.003966141 0.004497498 0.002930008 -0.003965591 0.004496689 -0.002101234 -0.003965591 0.004496704 -0.003851234 -0.003965561 0.004496658 0.001398766 -0.003965561 0.004496658 0.003148766 -0.003965561 0.004496674 -0.0003512344 -0.00396553 0.004496643 0.004898773 -0.003965378 0.004496506 0.001180016 -0.003965347 0.004496475 -0.004069984 -0.003950424 -0.004515976 -0.00337738 -0.003949173 -0.004517075 -0.001627312 -0.003947922 -0.004518173 0.0001227646 -0.003947067 0.002841248 -0.00291291 -0.003946732 -0.003226501 0.004097755 -0.003946671 -0.004519257 0.001872841 -0.003945419 -0.00452034 0.003622917 -0.003942032 0.003736755 -0.0008728867 -0.003941483 0.002848969 0.002336533 -0.003941299 -0.002849213 0.0009351807 -0.003940628 0.002854172 0.003865982 -0.003937881 -0.00374115 -0.0004493713 -0.003934677 0.003744476 0.004376564 -0.003934464 0.002858688 0.0003670883 -0.003934464 0.002858688 0.0004764709 -0.003933029 0.002864349 0.003865524 -0.003931778 0.002856827 0.0005858231 -0.003931137 0.003578674 0.004316109 -0.003917099 -0.00326506 0.004099442 -0.003910599 0.003713837 -0.004394562 -0.003900009 -0.003338501 -0.004135002 -0.003898605 -0.00328772 0.004100449 -0.003896072 0.002910797 0.003863335 -0.003894669 -0.004564148 0.001657196 -0.003890945 0.004567322 -0.002324814 -0.003886032 -0.003794968 -0.003070587 -0.00388588 -0.004571625 -0.003592278 -0.003884933 -0.003796051 -0.001320518 -0.003883896 -0.003797134 0.0004295654 -0.003882828 -0.003798218 0.002179642 -0.003882004 0.004574905 0.002924637 -0.00388179 -0.003799286 0.003929718 -0.003865707 0.002950958 0.0005791702 -0.003865616 -0.002951096 0.002692513 -0.00386351 -0.002953842 0.0007239609 -0.00386351 -0.002953842 0.0008333435 -0.003860764 -0.002951691 0.000942688 -0.003859848 -0.002958633 -0.002556938 -0.003853073 -0.008683533 0.005 -0.003853073 0.008683533 -0.005 -0.003853073 0.008683533 0.005 -0.003850327 -0.003393646 -0.004132454 -0.003848312 0.002969284 0.003858948 -0.003846909 0.002970123 0.002108864 -0.003846756 0.00297345 -0.001391289 -0.003845505 0.002970627 0.0003587875 -0.00384346 0.002972565 -0.003141388 -0.00384288 0.003838654 -0.002630287 -0.003840103 -0.003841415 0.001307709 -0.00383931 0.003653473 0.00430127 -0.003835312 0.003846176 0.002619156 -0.00383403 -0.004615173 0.005 -0.003832718 -0.003848816 -0.003941772 -0.003831253 -0.008693192 -0.005 -0.00383107 0.004529129 0.004932129 -0.00382756 0.003000305 -0.001393204 -0.00382756 0.003000305 -0.001283829 -0.003825851 0.0095 -0.00457193 -0.003825851 0.0095 0.004571915 -0.00382579 -0.0095 0.004571938 -0.00382579 0.002999008 -0.001174461 -0.003824997 -0.003003586 -0.0027724 -0.003824997 -0.003003586 -0.002663025 -0.003823502 -0.003002335 -0.002553673 -0.003817886 0.003817673 -0.004399193 -0.003800247 -0.0095 -0.004577423 -0.003788254 0.003049759 0.002103134 -0.003788254 0.003049759 0.002212502 -0.003787186 0.003051071 -0.001178215 -0.003785446 0.003047531 0.002321861 -0.003781448 -0.003058197 -0.0007996368 -0.003776108 -0.00466272 0.0034142 -0.003770645 0.004667114 -0.004082108 -0.003769424 -0.003475388 -0.004128525 -0.003767105 -0.004669998 -0.001835266 -0.003765579 0.004671219 0.005 -0.003764084 -0.003452667 0.004107788 -0.00376152 0.004674469 0.001167343 -0.003753616 -0.003092316 0.002484146 -0.003753616 -0.003092316 0.002593521 -0.003750626 -0.003089859 0.002702858 -0.003744522 0.003894577 -0.004402718 -0.003743301 0.004689087 0.004885002 -0.003741989 0.00469014 0.003134926 -0.003741135 0.003937866 -0.00438768 -0.003740677 0.004691177 0.00138485 -0.003740128 -0.003938828 0.003064713 -0.003739334 0.004692245 -0.0003652344 -0.003738632 0.003735474 0.004284988 -0.003738022 0.004693283 -0.002115303 -0.00373671 0.004694336 -0.003865387 -0.003735672 -0.003111755 -0.001014351 -0.003734665 -0.003109009 -0.002764458 -0.003734177 -0.003113953 0.002485802 -0.003733414 0.00394519 0.0008617706 -0.003732559 -0.003945999 -0.002184769 -0.003732498 -0.003110825 0.0007356949 -0.003721481 0.003917191 -0.004403786 -0.003719498 0.004613968 0.00492794 -0.00371553 0.003962036 0.003485489 -0.003715408 0.003138092 -0.003153526 -0.003715408 0.003138092 -0.003044159 -0.003714951 0.003137756 -0.002934792 -0.003714432 0.003963089 0.001735405 -0.003713394 -0.003140488 -0.001012253 -0.003713394 -0.003140488 -0.0009028778 -0.003713272 0.003964142 -1.467133e-05 -0.003712143 0.003965179 -0.001764748 -0.003711075 -0.003138458 -0.0007935333 -0.003711044 0.003966232 -0.003514832 -0.003706039 0.003149155 -0.002935623 -0.003700668 -0.003155472 0.0009576187 -0.003699875 0.003156403 0.00231382 -0.003697006 0.004631058 0.004927101 -0.003679916 -0.003565842 -0.004124184 -0.003674301 0.003186127 0.0003427887 -0.003674301 0.003186127 0.0004521637 -0.003672195 0.003184357 0.0005615311 -0.003671188 0.003189728 0.003863335 -0.003657913 0.00379509 0.004272369 -0.003653427 -0.003575882 0.004113434 -0.003645432 -0.004765579 -7.819366e-05 -0.003638779 0.00477063 -0.0005899048 -0.003632584 0.003233597 0.003839111 -0.003630966 0.003232056 0.003863335 -0.003630356 -0.004040222 -0.0004278564 -0.003629501 0.00477771 0.004659554 -0.003629074 0.004041382 -0.0008955994 -0.003626175 -0.004780243 -0.005 -0.003625626 -0.00477951 -7.707214e-05 -0.003624954 -0.004778778 -0.003358307 -0.003624924 -0.004778732 -0.001608307 -0.003624893 -0.004778702 0.0001417007 -0.003624863 -0.004778656 0.001891701 -0.003624832 -0.00477861 0.003641701 -0.003623856 -0.004777298 0.001672966 -0.003623734 -0.00477713 -0.003577034 -0.00362352 -0.004776688 -0.001827034 -0.003623428 -0.004776611 0.003422974 -0.003622177 0.004687943 0.004924294 -0.00362114 0.004048477 0.004353844 -0.003617599 -0.003250397 0.002714821 -0.003615952 0.003252213 0.0005564041 -0.003612656 -0.003627762 -0.004121101 -0.003611282 -0.003257401 -0.002534637 -0.00360408 -0.003630798 0.004115952 -0.003602707 -0.003632355 0.00411602 -0.00359877 0.003268448 0.003836281 -0.003597305 -0.003272827 0.0007478027 -0.003597305 -0.003272827 0.0008571777 -0.003596298 0.003268234 0.002086197 -0.003595657 0.003269318 0.0003361206 -0.003595596 0.003271332 -0.001413971 -0.003594589 -0.003270325 0.0009664993 -0.003593155 0.003270813 -0.003164032 -0.003582474 -0.00481308 -0.00335582 -0.003581131 -0.004814072 -0.001605736 -0.003579788 -0.004815079 0.0001443329 -0.003578445 -0.004816071 0.001894417 -0.003578293 0.004057617 -0.004410408 -0.003577133 -0.004817062 0.003644493 -0.003576218 -0.004088226 -0.003049255 -0.003575089 -0.004089203 -0.001299187 -0.003573959 -0.00409021 0.0004508896 -0.00357283 -0.004091187 0.002200974 -0.003571701 -0.004092178 0.003951042 -0.003566422 0.004069275 -0.004410957 -0.003555435 0.003318268 -0.001417557 -0.003555435 0.003318268 -0.001308182 -0.003555283 0.004833206 -0.005 -0.003554977 -0.003318756 -0.00274865 -0.003554977 -0.003318756 -0.002639275 -0.003554367 0.003317368 -0.001198807 -0.003554153 0.004831772 -0.002344727 -0.00355394 0.004831497 0.002905281 -0.003553574 0.00483078 0.004655289 -0.003553391 0.004830551 -0.0005947037 -0.003553116 -0.00331694 -0.002529938 -0.003552475 0.004829407 -0.003875946 -0.003552475 0.004829407 -0.002125946 -0.003552475 0.004829407 -0.000375946 -0.003552475 0.004829407 0.001374054 -0.003552475 0.004829407 0.003124054 -0.003552475 0.004829407 0.004874054 -0.003552475 0.004829453 -0.004094696 -0.003552444 0.004829407 0.001155304 -0.003537735 0.00388385 0.004253578 -0.003529556 0.003345779 -0.001201012 -0.003525833 -0.003349686 -0.0007774963 -0.003525742 -0.004131836 0.001329071 -0.003522385 0.004134705 -0.002652939 -0.00352095 -0.004858292 0.001678955 -0.003517807 -0.004138611 -0.003920403 -0.003514297 0.004141571 0.002596512 -0.00351387 0.004863388 -0.002347099 -0.003512009 0.003364197 0.002078758 -0.003512009 0.003364197 0.002188133 -0.00351149 -0.004865112 -0.003570511 -0.003509659 0.003362015 0.002297508 -0.00350444 0.004870193 0.002902359 -0.00350209 -0.003729477 -0.004116028 -0.003498062 0.003910736 0.004247543 -0.003477005 -0.003395477 -0.002742516 -0.003476944 -0.003400406 0.002507736 -0.003476944 -0.003400406 0.002617111 -0.003476761 -0.003397308 -0.0009924164 -0.003474472 -0.003396835 0.0007576294 -0.003474197 -0.003397751 0.002726433 -0.003440781 0.003437012 -0.002958412 -0.003438309 -0.003439484 0.0009795837 -0.003437302 -0.003783676 -0.004113197 -0.003435165 -0.0095 0.004652428 -0.003435165 0.0095 -0.004652428 -0.003435165 0.0095 0.004652428 -0.003434036 0.003443741 0.002291023 -0.003433212 -0.003444565 -0.0009887619 -0.003433212 -0.003444565 -0.0008793869 -0.003433029 -0.003804062 0.004124123 -0.003431808 0.003445953 -0.003177902 -0.003431808 0.003445953 -0.003068527 -0.003431473 0.003445587 -0.002959152 -0.003430832 -0.003442123 -0.0007700653 -0.003418411 -0.004221069 0.003086075 -0.003412704 -0.0095 -0.00465683 -0.003412613 0.004223999 -0.004409973 -0.003411179 -0.004935974 0.005 -0.003410294 -0.004227646 -0.002163399 -0.003407608 0.004836685 0.004916534 -0.003405258 0.004231689 0.0008392181 -0.003404495 0.004213989 -0.004418083 -0.003393753 -0.004947983 0.003436157 -0.003389664 0.003984207 0.004231049 -0.003387558 0.00424588 0.003463051 -0.003386948 0.004952606 -0.00410424 -0.003386765 0.003490219 0.000318428 -0.003386765 0.003490219 0.000427803 -0.003386368 0.004246826 0.001712975 -0.0033853 0.003488785 0.0005371857 -0.003385147 0.004247787 -3.710937e-05 -0.003384109 -0.004954559 -0.001813293 -0.003383957 0.004248718 -0.001787186 -0.003382736 0.00424968 -0.003537262 -0.003380783 0.004235214 -0.004419121 -0.003377396 0.004959152 0.001145226 -0.003374924 0.003501709 0.003863335 -0.003370468 -0.003861664 0.004126976 -0.003359787 0.004971069 0.004863007 -0.003358414 0.004972015 0.00311293 -0.00335704 0.004972946 0.001362846 -0.003355637 0.004973892 -0.0003872223 -0.003354263 0.004974808 -0.002137299 -0.003352859 0.004975754 -0.003887383 -0.003348801 -0.003526688 0.002736588 -0.003342789 0.003532394 0.0005336456 -0.003341995 -0.003533112 -0.002512901 -0.003341202 0.00353389 0.003814758 -0.003339981 0.003532501 0.003863335 -0.003337997 0.004985733 0.005 -0.003326218 0.00354686 0.003813622 -0.00332283 0.003545395 0.002063553 -0.00332283 0.00354718 0.0003134689 -0.003321609 0.003548111 -0.001436615 -0.003319962 0.003548172 -0.003186684 -0.003316971 -0.003884384 -0.004107933 -0.00331041 0.004897934 0.004913155 -0.003307693 -0.003891418 -0.004107536 -0.003307571 -0.003565369 0.0007709808 -0.003307571 -0.003565369 0.0008803558 -0.003305008 -0.003562607 0.0009897003 -0.003300095 -0.004314178 -0.000406311 -0.003294113 0.004318756 -0.0009180374 -0.003288498 0.004911728 0.004912392 -0.003285721 0.00432515 0.004331429 -0.003278427 -0.003946396 0.004131172 -0.003271225 0.004057693 0.004213509 -0.003262039 -0.003607086 -0.002725594 -0.003262039 -0.003607086 -0.002616219 -0.003260025 -0.003604752 -0.002506828 -0.003257217 0.00361145 -0.001441864 -0.003257217 0.00361145 -0.001332489 -0.003256912 0.003611145 -0.001223114 -0.003255173 -0.003967819 0.004132233 -0.003254166 -0.005040878 -5.60379e-05 -0.003250504 -0.003617477 -0.0007559738 -0.003249344 0.00361853 -0.001223724 -0.003248459 0.00504454 -0.0006118393 -0.003243149 -0.004357178 -0.003027687 -0.003241928 -0.004358063 -0.001277618 -0.003240707 -0.004358978 0.0004724579 -0.003239487 -0.004359894 0.002222542 -0.003238754 0.005050781 0.004637642 -0.003238266 -0.004360794 0.003972618 -0.003230453 -0.008933868 0.005 -0.003230453 0.008933853 -0.005 -0.003230453 0.008933853 0.005 -0.003214737 0.004370361 -0.004426079 -0.003211746 -0.008940628 -0.005 -0.003210129 0.003653351 0.002054489 -0.003210129 0.003653351 0.002163864 -0.003208359 0.003651398 0.002273247 -0.003200302 -0.003658356 -0.002721092 -0.00319899 -0.003659134 -0.0009710541 -0.003198227 -0.003662338 0.002529091 -0.003197433 -0.003659225 0.0007790756 -0.003189468 -0.005082031 -0.005 -0.003189468 -0.005082001 -0.00333371 -0.003189438 -0.005081955 -0.00158371 -0.003189377 -0.005081894 0.0001662903 -0.003189346 -0.005081833 0.00191629 -0.003189316 -0.005081787 0.00366629 -0.003188797 -0.005082474 -0.003333672 -0.003188156 -0.005079803 -5.245209e-05 -0.003188034 -0.005079819 0.001697556 -0.003187881 -0.005079575 -0.003552444 -0.003187759 0.004392349 -0.004427216 -0.003187576 0.004975342 0.004908882 -0.003187424 -0.004398087 0.00135083 -0.003187363 -0.005083374 -0.001583595 -0.003186935 -0.005077957 -0.001802429 -0.003186935 -0.005077957 0.003447571 -0.003185928 -0.005084259 0.0001664886 -0.003184494 -0.005085175 0.001916565 -0.00318306 -0.00508606 0.003666641 -0.003181046 0.00440271 -0.002675224 -0.003179947 0.004114319 0.004199982 -0.003178879 -0.004404282 -0.003898636 -0.003178177 -0.003681183 0.002530632 -0.003178177 -0.003681183 0.002640007 -0.003175797 -0.003678452 0.002749413 -0.003172501 0.004408875 0.002574242 -0.003156845 -0.003699509 0.001000946 -0.003153793 0.003702072 -0.002981064 -0.003146591 0.003708221 0.002268394 -0.00314183 0.004135559 0.004194504 -0.003131058 -0.003721359 -0.0009659119 -0.003131058 -0.003721359 -0.0008565369 -0.003128708 -0.003718521 -0.0007471008 -0.003124344 -0.004030579 -0.004099731 -0.00312355 0.003727646 -0.003202103 -0.00312355 0.003727646 -0.003092728 -0.003122665 0.003726532 -0.002983337 -0.003121719 -0.005123962 0.001701271 -0.003117844 0.005126297 -0.002368828 -0.003114212 0.005128525 -0.005 -0.00311412 0.005128372 -0.002369019 -0.003114059 0.005128281 0.002880981 -0.003112167 0.005125076 0.004631012 -0.003112076 0.005124939 -0.000618988 -0.003112045 0.005125092 -0.004118965 -0.003111954 0.005124954 0.001131027 -0.003111862 0.005124741 -0.002150223 -0.003111862 0.005124756 -0.0004002228 -0.003111862 0.005124756 0.001349777 -0.003111862 0.005124771 0.003099777 -0.003111862 0.005124786 0.004849777 -0.003111832 0.005124725 -0.003900223 -0.00311171 -0.005130035 -0.003548187 -0.003107986 0.005132278 0.002880653 -0.003089645 -0.004055405 -0.004098274 -0.003080826 -0.00406134 -0.004097908 -0.003076157 0.004474915 -0.004431679 -0.003075089 0.003767715 0.000294281 -0.003075089 0.003767715 0.000403656 -0.003074295 0.003766769 0.0005130386 -0.003072281 -0.004479294 0.003108032 -0.003069107 -0.004123672 0.004140457 -0.003065567 0.004482742 -0.004432098 -0.00306514 0.0095 -0.004721581 -0.00306514 0.0095 0.004721581 -0.003065048 -0.0095 0.004721588 -0.003064713 -0.004127045 0.00414064 -0.003063553 -0.00448526 -0.002141418 -0.003060745 -0.003779404 0.00275795 -0.003057449 0.00448941 0.0008171005 -0.003053421 -0.003785294 -0.002491524 -0.0030522 0.003786285 0.003863335 -0.003048935 0.003788925 0.0005110931 -0.003040298 0.004501053 0.003441055 -0.003039047 0.004501907 0.001690979 -0.003037796 0.004502747 -5.910492e-05 -0.003036545 0.004503586 -0.001809174 -0.003035294 0.00450444 -0.00355925 -0.003032852 0.003801346 0.003791176 -0.003029709 0.003801651 0.0002910461 -0.003029251 0.003799057 0.002041138 -0.003027573 0.003801376 -0.00145903 -0.003026566 0.003802109 -0.003209099 -0.003026199 0.003807114 0.003790672 -0.003025375 0.003806015 0.003863335 -0.002995377 -0.003831421 0.0007939072 -0.002995377 -0.003831421 0.0009032822 -0.002993027 -0.00382843 0.001012718 -0.002987381 0.004540588 -0.004435226 -0.002986923 -0.005203674 0.003458611 -0.002985672 0.005204376 -0.00412574 -0.002980301 -0.004129044 -0.004093727 -0.00297673 -0.005209518 -0.00179084 -0.002975693 0.005210083 0.001123741 -0.002964584 0.00423436 0.004169029 -0.002962234 0.005103989 0.004901329 -0.002961594 -0.00521814 0.005 -0.002959091 0.005219543 0.004841629 -0.002957626 0.005220367 0.003091553 -0.002956192 0.005221191 0.001341476 -0.002954819 -0.003862778 -0.000734436 -0.002954727 0.005222 -0.0004085922 -0.002953293 0.005222824 -0.002158669 -0.002951859 0.005223633 -0.003908745 -0.002949448 0.003866882 -0.001246162 -0.00294603 -0.003869492 -0.002702568 -0.00294603 -0.003869492 -0.002593185 -0.002945908 -0.0045634 -0.0003841629 -0.002943924 -0.003866653 -0.002483765 -0.00294075 0.004566696 -0.0009399643 -0.002936386 0.003876785 -0.001465843 -0.002936386 0.003876785 -0.001356476 -0.00293605 0.003876282 -0.001247086 -0.002931961 0.004572357 0.004309509 -0.002925308 -0.004233063 0.004146629 -0.002909073 0.005131302 0.00489959 -0.002902695 -0.003899643 -0.002699547 -0.002900497 -0.003899185 -0.00094944 -0.002899521 -0.003899963 0.0008006287 -0.002899277 -0.003902084 0.002550697 -0.002886734 -0.004601059 -0.003005547 -0.002886703 -0.004192047 -0.004089836 -0.002886246 0.003914261 0.002030586 -0.002886246 0.003914261 0.002139961 -0.002885422 -0.004601868 -0.001255463 -0.002885056 0.00391275 0.002249352 -0.002884293 0.005261246 0.005 -0.00288414 -0.004602692 0.000494606 -0.002882858 -0.004603485 0.00224469 -0.002881577 -0.004604294 0.003994766 -0.002874954 -0.004271393 0.004148796 -0.002867538 0.004282684 0.004155472 -0.002855179 -0.003936996 0.002553871 -0.002855179 -0.003936996 0.002663246 -0.002853897 -0.003937912 0.001022705 -0.002853165 -0.003934265 0.002772659 -0.00284819 0.003942047 -0.003003357 -0.002841263 0.005284592 -0.000633194 -0.002840561 0.003947556 0.002246109 -0.002839554 -0.005285538 -3.346252e-05 -0.002834213 0.0051698 0.004897133 -0.0028311 0.005290039 0.00461628 -0.002826004 -0.004638611 0.001373146 -0.002823776 0.004650314 -0.004441475 -0.002822525 0.004640717 -0.00269696 -0.00281694 -0.004644104 -0.003876312 -0.002813614 0.004646133 0.002552528 -0.002804306 -0.003973389 -0.0009425659 -0.002804306 -0.003973389 -0.0008331909 -0.002802078 -0.00397023 -0.0007237778 -0.002794327 0.003980408 -0.003225861 -0.002794327 0.003980408 -0.003116486 -0.002793106 0.003978607 -0.00300708 -0.002779831 0.004679779 -0.004443153 -0.00277562 0.004328415 0.004142654 -0.002772507 -0.005320999 -0.00331115 -0.002771011 -0.005321793 -0.001561066 -0.002769516 -0.005322556 0.0001890106 -0.002768021 -0.005323349 0.001939095 -0.002766495 -0.005324127 0.003689171 -0.002750809 -0.00401062 0.002779915 -0.002743759 0.004344284 0.004138206 -0.002743027 0.004015915 0.0002705994 -0.002743027 0.004015915 0.0003799744 -0.002742996 -0.004015945 -0.002469551 -0.002742905 0.004015717 0.000489357 -0.002737564 0.004019669 0.0004889755 -0.002733932 -0.0043685 0.004154694 -0.002731644 0.005222519 0.004893776 -0.002727859 -0.00534404 -0.005 -0.00272731 -0.005343018 0.001722473 -0.002727188 -0.005342606 0.003691223 -0.002727158 -0.005342545 0.001941223 -0.002727127 -0.005342499 0.0001912231 -0.002727127 -0.005342453 -0.001558777 -0.002727097 -0.005342667 -0.003527527 -0.002727097 -0.005342392 -0.003308777 -0.002726242 -0.005340668 -2.752686e-05 -0.002725723 -0.005339935 0.003472488 -0.002725693 -0.005339859 -0.001777519 -0.002721329 0.004028946 0.003769196 -0.002719345 0.004030685 0.000269043 -0.002718613 0.004027237 0.002019165 -0.002716507 0.004029083 -0.001481003 -0.002716049 0.004030563 -0.003231079 -0.002709213 0.004722534 -0.004445747 -0.002705643 0.004041229 0.003863335 -0.002704483 0.005355896 -0.002390213 -0.002703964 -0.004710785 0.003130486 -0.00270134 -0.004304245 -0.004082298 -0.002700302 -0.005358017 0.001723923 -0.002694748 -0.004716049 -0.002118965 -0.002694138 0.005361099 0.002859261 -0.002693924 -0.0095 0.00478373 -0.002693924 0.0095 -0.00478373 -0.002693924 0.0095 0.00478373 -0.002693832 0.004716583 0.0007956161 -0.002691391 0.00405072 0.003767082 -0.002691025 0.004050095 0.003863335 -0.002689804 -0.005363281 -0.00352552 -0.002678757 -0.004317932 -0.004081375 -0.002677475 0.004725891 0.003419678 -0.002676773 -0.0095 -0.004786438 -0.002676163 0.004726639 0.001669601 -0.00267485 0.004727356 -8.046722e-05 -0.002673538 0.004728104 -0.001830544 -0.002672592 -0.004410721 0.004157257 -0.002672256 0.004728836 -0.00358062 -0.002658401 -0.004072479 0.000817543 -0.002658401 -0.004072479 0.000926918 -0.002656357 -0.004069382 0.001036324 -0.002648758 0.005383667 -0.005 -0.002647995 0.005382034 0.002856926 -0.002647842 0.005381714 -0.002393082 -0.002647385 0.005381058 -0.004143097 -0.002647263 0.005380829 0.001106903 -0.00264711 0.005380493 0.003075645 -0.00264711 0.005380508 0.004825645 -0.002647079 0.005380402 -0.002174355 -0.002647079 0.005380432 -0.0004243546 -0.002647079 0.005380463 0.001325645 -0.002647049 0.005380371 -0.003924355 -0.002646713 0.005379517 0.004606888 -0.002646683 0.005379471 -0.0006431122 -0.00263765 -0.004085922 -0.0007122879 -0.002633865 -0.004342224 -0.004079582 -0.002633072 0.004088882 -0.001268089 -0.002622543 -0.004443054 0.004159309 -0.002605545 -0.004106476 -0.002678848 -0.002605545 -0.004106476 -0.002569473 -0.002603531 -0.004103241 -0.00246006 -0.002596909 0.004111923 -0.001489243 -0.002596909 0.004111923 -0.001379868 -0.002596146 0.004110641 -0.001270477 -0.002591721 -0.009139633 0.005 -0.002591721 0.009139633 -0.005 -0.002591721 0.009139633 0.005 -0.002584183 -0.004118774 -0.002677414 -0.002581314 -0.004116898 -0.0009273071 -0.002580826 -0.004118469 0.0008227539 -0.002579605 -0.0041194 0.002572845 -0.002576431 -0.009143967 -0.005 -0.002572159 0.004784027 -0.0009613266 -0.002570572 -0.004784882 -0.0003615952 -0.002565445 0.005423874 -0.004147293 -0.002565018 0.00480983 -0.004451057 -0.002562943 0.004788971 0.004288155 -0.002559128 -0.005426849 0.003481331 -0.002554916 0.005428818 0.001102173 -0.002548477 -0.005431854 -0.001768112 -0.002547409 -0.004488495 0.004162354 -0.002544296 0.004144699 0.002007286 -0.002544296 0.004144699 0.002116661 -0.002543686 0.004143784 0.002226059 -0.0025392 0.005436218 0.004820122 -0.002537674 0.00543692 0.003070045 -0.002536148 0.005437622 0.001319969 -0.002534622 0.005438339 -0.0004301147 -0.002533127 0.005439041 -0.002180183 -0.002531601 0.005439743 -0.00393026 -0.002530319 -0.004153259 0.001045013 -0.002527176 0.004155136 -0.003025085 -0.00251918 0.004159988 0.002224396 -0.002518143 0.00444371 0.004107613 -0.002509903 -0.004817001 -0.002983025 -0.00250853 -0.004817688 -0.001232941 -0.00250853 -0.004166443 0.002577744 -0.00250853 -0.004166443 0.002687111 -0.002507187 -0.004818405 0.0005171432 -0.002506943 -0.004163895 0.002796509 -0.002505814 -0.004819107 0.002267212 -0.00250444 -0.004819824 0.004017296 -0.002495651 0.005330841 0.004886116 -0.002490891 0.005332809 0.004885963 -0.00248967 0.004172363 0.003863335 -0.002488785 -0.005459473 0.005 -0.002465958 -0.004433167 -0.004072876 -0.002454361 -0.004198578 -0.0009186249 -0.002454361 -0.004198578 -0.0008092422 -0.002452408 -0.004195236 -0.0006998444 -0.002450516 0.004469635 0.004098534 -0.002448288 0.004848572 -0.00271833 -0.002448135 0.004202194 -0.00324894 -0.002448135 0.004202194 -0.003139565 -0.002446823 0.004199783 -0.003030205 -0.002444534 -0.004850494 0.001395805 -0.00243895 0.004853287 0.002531136 -0.002435013 -0.00485527 -0.003853645 -0.002421066 -0.00421788 0.002802361 -0.00241362 0.005493118 -0.0006549835 -0.002413193 -0.004569717 0.004167778 -0.002412796 -0.004222595 -0.00244709 -0.002411972 0.004223083 0.0004674911 -0.00240834 0.004895142 -0.004456726 -0.002408005 0.005495575 0.005 -0.00240538 -0.005496735 -1.069641e-05 -0.002402939 0.005497803 0.004594475 -0.002402176 0.004488174 0.004092041 -0.002396103 0.004229446 0.003747818 -0.002394638 0.00423291 0.0002476349 -0.002394638 0.00423291 0.0003570099 -0.002394302 0.004232254 0.0004663696 -0.002394119 0.004228394 0.001997696 -0.002391708 0.004229736 -0.001502434 -0.002391586 0.00423204 -0.003252525 -0.002383011 -0.004586105 0.004168968 -0.002360367 0.005386826 0.004881752 -0.002343063 0.004930679 -0.004459099 -0.002340652 0.004263016 0.003744194 -0.002340652 0.004263016 0.003853569 -0.002340591 0.004262894 0.003863335 -0.002337875 0.004264526 0.003863335 -0.002337418 -0.005525955 -0.003288452 -0.002335892 -0.005526627 -0.001538376 -0.002334335 -0.005527283 0.0002117004 -0.002334244 0.00493512 -0.004459412 -0.002332748 -0.005527939 0.001961784 -0.002331192 -0.005528595 0.003711868 -0.002326004 0.005401062 0.004880638 -0.002316727 -0.004912827 0.003153206 -0.002312943 0.004914597 0.0007740402 -0.002307083 -0.004917358 -0.00209623 -0.002303024 0.004283478 -0.001289444 -0.002302994 -0.004511612 -0.00406649 -0.00230162 -0.004284225 -0.0006897202 -0.002299606 -0.004285309 0.0008416672 -0.002299606 -0.004285309 0.0009510422 -0.002297928 -0.004282318 0.001060432 -0.002297287 0.004921921 0.00339817 -0.002295914 0.004922562 0.001648094 -0.00229454 0.004923203 -0.0001019821 -0.002293167 0.004923843 -0.001852066 -0.002291794 0.004924484 -0.003602135 -0.002289749 0.004531265 0.004076942 -0.002270493 -0.004527222 -0.004065216 -0.002270248 0.005553879 -0.002412193 -0.002260635 -0.005557831 0.001746719 -0.002259476 0.005558304 0.002837257 -0.002251053 0.004976974 -0.004462387 -0.00224971 -0.005562241 -0.003502731 -0.002248489 -0.004537827 -0.004064354 -0.002247177 -0.004312836 -0.0026549 -0.002244888 -0.005564209 -0.005 -0.002244797 -0.005564026 -0.00350248 -0.002244644 -0.005563583 0.001747513 -0.002244003 -0.004309708 -0.0009048004 -0.002243851 -0.00431221 0.0008452606 -0.00224382 -0.005561401 0.003716263 -0.00224379 -0.005561356 0.001966263 -0.00224379 -0.00556131 0.0002162628 -0.00224379 -0.004314789 -0.002654671 -0.00224379 -0.004314789 -0.002545296 -0.002243759 -0.005561279 -0.001533737 -0.002243759 -0.005561234 -0.003283737 -0.002243301 -0.005560532 0.003497513 -0.002243271 -0.005560349 -0.001752487 -0.002243271 -0.005560043 -2.494812e-06 -0.002241989 -0.00431131 -0.002435905 -0.002241928 -0.004311737 0.00259536 -0.002241592 0.004315933 -0.001512085 -0.002241592 0.004315933 -0.00140271 -0.002240616 0.004313904 -0.001293365 -0.002198593 -0.004686096 0.004176239 -0.002192154 0.004341263 -0.003046455 -0.002188736 -0.004342972 0.00106768 -0.002186264 0.004344208 0.001984421 -0.002186264 0.004344208 0.002093796 -0.002184982 0.004972794 -0.0009831085 -0.002183731 0.004345474 0.002203011 -0.002177536 -0.004976074 -0.0003388214 -0.002175339 0.004977036 0.004266357 -0.002162582 0.00559671 -0.005 -0.002161972 0.005595352 -0.004167595 -0.00216188 0.005595016 0.00108239 -0.002161697 0.005594574 0.00480114 -0.002161667 0.005594498 0.00130114 -0.002161667 0.005594543 0.00305114 -0.002161636 0.005594452 -0.0004488602 -0.002161606 0.005594376 -0.00394886 -0.002161606 0.005594421 -0.00219886 -0.002161453 0.005593628 0.00283239 -0.002161362 0.005593384 -0.00241761 -0.002160843 0.00559227 0.004582375 -0.002160843 0.005592316 -0.0006676178 -0.002147476 -0.004710785 0.004178207 -0.002141586 -0.004366409 0.00260199 -0.002141586 -0.004366409 0.002711365 -0.002140457 -0.004364273 0.002820747 -0.002125046 0.005611069 -0.004169464 -0.002116043 -0.005002548 -0.002960327 -0.002114639 -0.005003143 -0.001210243 -0.002114395 -0.005615082 0.00350412 -0.00211412 0.005615189 0.001079994 -0.002113205 -0.005003738 0.0005398254 -0.002111801 -0.005004333 0.002289909 -0.002110367 -0.005004929 0.004039993 -0.002103409 -0.005619232 -0.001745323 -0.002099564 0.005620651 0.004798019 -0.002097977 0.005621246 0.003047935 -0.00209639 0.005621841 0.001297859 -0.002094772 0.005622437 -0.0004522171 -0.002093216 0.005623016 -0.002202301 -0.002091629 0.005623611 -0.003952377 -0.002084885 0.004393753 -0.00327195 -0.002084885 0.004393753 -0.003162575 -0.002084671 -0.004393875 -0.0008943329 -0.002084671 -0.004393875 -0.0007849579 -0.002083542 0.004390778 -0.003053246 -0.002083054 -0.004390549 -0.0006755753 -0.002079269 0.005492294 0.004872734 -0.002074295 -0.004398773 0.002825081 -0.002070908 0.004400375 0.0004459229 -0.002065689 -0.004402832 -0.002424355 -0.002057571 0.004607178 0.004045761 -0.002055557 0.004404175 0.00372625 -0.002055222 0.005027817 -0.002740318 -0.002054581 0.005500214 0.004871948 -0.002054031 0.004403839 0.001976166 -0.00205394 0.004407074 0.00022612 -0.002051437 0.004407928 -0.003274025 -0.002051376 0.004404678 -0.001523994 -0.002046494 -0.005031372 0.001418594 -0.002045425 0.005031815 0.002509132 -0.002036636 -0.005035385 -0.003830856 -0.002028366 0.004420151 0.0002245102 -0.002028366 0.004420151 0.0003338852 -0.002027725 0.00441864 0.0004432373 -0.002026505 -0.004631882 -0.004055809 -0.002023056 0.004616791 0.004041115 -0.002022354 0.005082947 -0.004470512 -0.002018509 0.004618057 0.004040504 -0.002013565 -0.004775436 0.004183357 -0.001996567 -0.005658066 0.005 -0.001981857 -0.0095 0.004881912 -0.001981857 0.0095 -0.004881912 -0.001981857 0.0095 0.004881912 -0.001978836 -0.004792191 0.004184692 -0.001972 0.005103546 -0.004472275 -0.00197139 0.004445847 0.003720947 -0.00197139 0.004445847 0.00383033 -0.001971024 0.004445053 0.003863335 -0.001969406 -0.0095 -0.004883385 -0.001967087 0.005668365 -0.0006773148 -0.001956345 0.004452484 -0.001311234 -0.001955978 0.005672211 0.004572136 -0.001955765 -0.005672302 1.205444e-05 -0.001951828 0.004454483 0.003863335 -0.001949692 -0.004455414 -0.0006669464 -0.001940109 -0.009299789 0.005 -0.001940109 0.009299789 -0.005 -0.001940109 0.009299789 0.005 -0.001938095 0.005117416 -0.004473465 -0.001928391 -0.009302216 -0.005 -0.001922714 -0.004467133 0.0008660202 -0.001922714 -0.004467133 0.0009753952 -0.001921494 -0.004464432 0.00108477 -0.001914108 -0.005083221 0.003176003 -0.001913895 0.005083313 0.0007518692 -0.001912888 0.00568689 0.005 -0.00190416 -0.00508696 -0.002073448 -0.001899216 0.005088791 0.00337606 -0.001897781 0.005089325 0.001625984 -0.001896347 0.005089859 -0.0001240921 -0.001894913 0.005090393 -0.001874176 -0.001894089 -0.004477936 -0.002632202 -0.001893509 0.005090927 -0.003624252 -0.001893326 -0.004680969 -0.004050766 -0.001891617 -0.004478943 0.0008679504 -0.001891617 -0.00447551 -0.0008821335 -0.001889206 -0.00468248 -0.004050606 -0.001889206 -0.004477005 0.002618034 -0.00188768 -0.005695312 -0.003265816 -0.001886063 -0.005695847 -0.001515739 -0.001884476 -0.005696365 0.0002343445 -0.001882858 -0.005696915 0.001984421 -0.001882858 0.004655945 0.004022263 -0.001881241 -0.005697449 0.003734505 -0.001869949 0.005559204 0.004866066 -0.001867142 0.004490631 -0.001535522 -0.001867142 0.004490631 -0.001426147 -0.001866074 0.004487915 -0.001316803 -0.001864487 -0.004491745 -0.002630302 -0.001864487 -0.004491745 -0.002520927 -0.001862991 -0.004488174 -0.002411552 -0.001840164 0.00450174 -0.003068443 -0.001832382 -0.004504929 0.001090469 -0.001831406 0.004505325 0.002181015 -0.001830185 0.005571899 0.004864807 -0.001818436 0.005717804 -0.002434662 -0.001809097 0.004514343 0.001960884 -0.001809097 0.004514343 0.002070259 -0.001808762 0.004513489 0.002179626 -0.001807236 0.005721344 0.002814789 -0.001806931 -0.005721451 0.001769417 -0.001800156 -0.004715302 -0.004047241 -0.0017957 -0.005724976 -0.003480026 -0.001789505 0.005178146 -0.004478668 -0.001780746 0.00513147 -0.00100544 -0.001770706 0.005134918 0.004244011 -0.001770462 -0.00513501 -0.0003160629 -0.001758194 -0.004534393 0.002626366 -0.001758194 -0.004534393 0.002735741 -0.001757523 -0.004532852 0.002845108 -0.001754105 -0.004887894 0.004193123 -0.001744339 -0.005740829 -0.005 -0.00174382 -0.005738998 -0.003477524 -0.001743729 -0.005738663 0.001772476 -0.001743423 -0.005738037 0.003522476 -0.001743332 -0.005737762 -0.001727524 -0.00174324 -0.005737 0.003741219 -0.00174324 -0.005736969 0.001991219 -0.00174321 -0.005736938 0.0002412186 -0.00174321 -0.005736923 -0.001508781 -0.00174321 -0.005736893 -0.003258781 -0.001742966 -0.005736252 2.246094e-05 -0.001728195 -0.004897537 0.004194077 -0.001713852 -0.004551346 0.00284787 -0.001713608 0.004551422 0.0004237442 -0.001708878 -0.005155853 -0.002937683 -0.001707443 -0.005156326 -0.001187614 -0.001705978 -0.005156815 0.0005624695 -0.00170491 -0.004554703 -0.002401573 -0.001704514 -0.005157288 0.002312553 -0.001703049 -0.005157776 0.004062622 -0.001702927 0.004555435 -0.003295662 -0.001702927 0.004555435 -0.003186287 -0.001701675 0.004551987 -0.003076942 -0.001699142 -0.004556854 -0.0008699722 -0.001699142 -0.004556854 -0.0007605896 -0.001699142 0.004552887 0.003704155 -0.001698013 0.004553406 0.001954079 -0.001697922 -0.004553726 -0.0006512299 -0.001697159 0.004555328 0.00020401 -0.001695267 0.004557922 -0.003296127 -0.001695175 0.00455365 -0.001546082 -0.001668381 0.005763367 -0.004192039 -0.00165947 0.00576593 -0.005 -0.001659439 0.005765839 0.001057533 -0.001659409 0.005765579 -0.004192474 -0.001659286 0.00576535 0.004776276 -0.001659256 0.005765228 0.001276276 -0.001659256 0.005765289 0.003026276 -0.001659225 0.005765167 -0.0004737244 -0.001659195 0.005765045 -0.003973724 -0.001659195 0.005765106 -0.002223724 -0.00165834 0.005761719 -0.002442482 -0.00165834 0.005761856 0.002807518 -0.001658249 0.005761826 -0.0006924896 -0.001658218 0.005761688 0.00455751 -0.001657059 -0.005766632 0.003526749 -0.001657059 0.005766632 0.001057411 -0.001651993 0.004709839 0.003991173 -0.001646194 0.005176208 -0.002762787 -0.001645798 -0.005769867 -0.001722702 -0.001643906 0.005770386 0.00477552 -0.001643875 0.004577072 0.0002007141 -0.001643875 0.004577072 0.0003100891 -0.001643112 0.004574783 0.0004194489 -0.001642288 0.005770859 0.003025436 -0.00164064 0.005771317 0.001275352 -0.001639023 0.00577179 -0.0004747238 -0.001637405 0.005772247 -0.0022248 -0.001636063 0.005179398 0.002486664 -0.001635757 -0.005179504 0.001441292 -0.001635757 0.005772705 -0.003974884 -0.001629196 -0.00493425 0.004197701 -0.00162587 0.00471463 0.00398764 -0.001625626 -0.005182693 -0.003808151 -0.001604782 0.005633011 0.004857674 -0.001594406 0.004594543 -0.001333572 -0.001588333 0.004721481 0.003982582 -0.00158522 -0.004597717 -0.0006441879 -0.001584518 0.004597977 0.003697075 -0.001584518 0.004597977 0.00380645 -0.001583969 0.004596603 0.003863335 -0.001578934 0.005640015 0.004856865 -0.001569504 -0.004787979 -0.004038666 -0.001564194 -0.005792511 -0.005 -0.001552658 0.005262589 -0.004486855 -0.001550491 0.004609543 0.003863335 -0.001531754 -0.004615814 0.0008903351 -0.001531754 -0.004615814 0.0009997101 -0.001530991 -0.004613617 0.001109077 -0.001530624 -0.004799057 -0.004037239 -0.001529312 -0.004614258 -0.002609573 -0.00152739 -0.00461705 0.0008905945 -0.00152739 -0.004612625 -0.0008595123 -0.001525772 0.005270798 -0.00448777 -0.001524796 -0.004613571 0.002640656 -0.00152449 -0.004973129 0.004201538 -0.001517654 0.00527327 -0.004488045 -0.001507187 -0.004805008 -0.004036377 -0.00150563 0.005808014 -0.0006999893 -0.001500107 -0.005220413 0.003198616 -0.001500107 0.005220398 0.0007292862 -0.001495071 -0.005810745 3.458405e-05 -0.001494247 0.005810944 0.004549461 -0.001489914 -0.005223328 -0.002050827 -0.001488693 -0.005812378 0.005 -0.00148671 0.005224228 0.003353561 -0.001485275 0.00522464 0.001603477 -0.00148378 0.005225067 -0.0001465912 -0.001482285 0.005225494 -0.001896675 -0.00148082 0.005225906 -0.003646759 -0.001476089 0.004633911 -0.001559532 -0.001476089 0.004633911 -0.001450157 -0.001475113 0.004630646 -0.001340797 -0.001473953 0.004634598 -0.003090912 -0.001471817 -0.004635269 -0.002606018 -0.001471817 -0.004635269 -0.002496643 -0.001470657 -0.004631821 -0.002387291 -0.00146489 0.004637482 0.002158531 -0.001464615 -0.004637573 0.001113174 -0.001463425 -0.004816162 -0.004034782 -0.001429306 -0.005827286 -0.004993515 -0.001427658 -0.005827667 -0.003243446 -0.00142601 -0.005828064 -0.001493362 -0.001425583 -0.005811722 -0.004984665 -0.001424393 -0.005828476 0.0002567139 -0.001422775 -0.005828873 0.002006798 -0.001421127 -0.005829269 0.003756866 -0.001418991 0.004752396 0.003959732 -0.001415848 0.004652664 0.001936813 -0.001415848 0.004652664 0.002046188 -0.001415421 0.00465094 0.002155556 -0.001402786 0.005833694 0.005 -0.001369034 -0.005819565 -0.004978416 -0.001367599 0.005687317 0.004850227 -0.001363022 0.005257858 -0.001028107 -0.001362625 -0.004668549 0.002650574 -0.001362625 -0.004668549 0.002759949 -0.001362381 -0.004667801 0.002869316 -0.001353439 -0.005260345 -0.0002935486 -0.001353073 0.005845428 -0.002457397 -0.001352707 0.005260529 0.004221329 -0.001343643 -0.005847626 0.001791817 -0.001343124 -0.004674179 0.002870499 -0.001343124 0.004674179 0.0004011536 -0.001341599 0.005848083 0.002792046 -0.00133403 -0.004676804 -0.002378952 -0.001332291 -0.005850204 -0.003457649 -0.001329971 0.004673615 0.003681671 -0.001329086 0.004675049 0.001931595 -0.001327652 0.004675537 0.0001815109 -0.001326096 0.004674667 -0.001568565 -0.001325607 0.004678314 -0.003318634 -0.001325577 0.005696716 0.004848907 -0.001311844 0.005336166 -0.004495071 -0.001306046 0.004684692 -0.003319832 -0.001306046 0.004684692 -0.003210449 -0.001304977 0.004680939 -0.003101089 -0.00130217 -0.004685776 -0.0008458023 -0.00130217 -0.004685776 -0.0007364197 -0.001301315 -0.004683044 -0.0006270676 -0.001295303 -0.004858963 -0.004028664 -0.001292618 -0.00504686 0.004209831 -0.001292435 -0.005275665 -0.002915321 -0.001290939 -0.005276031 -0.001165237 -0.001290512 -0.0095 0.004949623 -0.001290512 0.0095 -0.004949623 -0.001290512 0.0095 0.004949623 -0.001289993 -0.005047699 0.00420993 -0.001289474 -0.005276398 0.0005848465 -0.00128801 -0.005276749 0.002334915 -0.001286514 -0.005277115 0.004084999 -0.001282394 -0.0095 -0.004950249 -0.001278763 -0.009413544 0.005 -0.001278763 0.009413544 -0.005 -0.001278763 0.009413544 0.005 -0.001270859 -0.009414612 -0.005 -0.001245071 0.004701263 0.0001764984 -0.001245071 0.004701263 0.0002858734 -0.00124437 0.004698303 0.0003952408 -0.001234177 -0.005062561 0.004211876 -0.001230118 -0.005872543 -0.005 -0.001229813 -0.005871155 0.003547173 -0.001229721 -0.005870773 -0.001702827 -0.001229538 -0.005869354 -0.00345285 -0.001229477 -0.005869125 0.00179715 -0.001229233 -0.005868073 0.003765892 -0.001229233 -0.005868057 0.002015892 -0.001229233 -0.005868042 0.000265892 -0.001229202 -0.005868042 -0.001484108 -0.001229202 -0.005868027 -0.003234108 -0.001229202 -0.005868011 -0.004984108 -0.001229141 -0.005867981 4.714203e-05 -0.001228622 0.004777664 0.00393399 -0.001224899 0.005291748 -0.002785522 -0.001222244 -0.005834213 -0.004962311 -0.001220383 0.004707718 -0.001356232 -0.001216354 -0.005293732 0.001463692 -0.001214523 0.005294144 0.002463928 -0.001211838 -0.004709946 -0.0006216736 -0.00120607 -0.005296082 -0.003785774 -0.001199539 0.00587886 -0.004214813 -0.001191666 -0.005880463 0.003548996 -0.001188004 0.00588121 0.001034637 -0.001183945 0.0047836 0.00392794 -0.001183914 0.004717041 0.003672829 -0.001183914 0.004717041 0.003782204 -0.001183365 0.00471521 0.003863335 -0.001180283 -0.005882767 -0.001700462 -0.001176498 0.005883514 0.004752831 -0.00117485 0.005883835 0.003002754 -0.001173172 0.005884171 0.00125267 -0.001171494 0.005884506 -0.0004974136 -0.001169876 0.005884842 -0.00224749 -0.001168198 0.005885162 -0.003997566 -0.001156418 -0.004720764 -0.002587219 -0.001154922 -0.004719986 -0.0008371582 -0.001154282 -0.004723373 0.0009129562 -0.001152176 -0.004720337 0.002662994 -0.001151047 0.004786346 0.003923485 -0.001145584 0.005728683 0.0048433 -0.001143356 0.005890045 -0.005 -0.001143234 0.005888962 -0.000498764 -0.001143234 0.005889023 -0.002248764 -0.001143234 0.005889084 -0.003998764 -0.001143204 0.005888809 0.004751236 -0.001143204 0.005888855 0.003001236 -0.001143204 0.005888916 0.001251236 -0.001143143 0.005888397 0.001032486 -0.001143051 0.005888031 -0.004217506 -0.001142654 0.005886658 -0.000717514 -0.001142593 0.005886414 0.004532486 -0.001142502 0.005885391 0.002782486 -0.001142471 0.00588533 -0.002467506 -0.001137039 0.004728546 0.003863335 -0.00113121 -0.004729935 0.0009143372 -0.00113121 -0.004729935 0.001023712 -0.001130814 -0.00472847 0.001133072 -0.001114944 -0.004895798 -0.004022194 -0.001105362 -0.005845886 -0.004949478 -0.001099869 0.005390472 -0.004502213 -0.001096725 0.004738068 -0.003113647 -0.001089096 -0.004739822 0.001135559 -0.001087418 0.004740189 0.002135803 -0.001078812 -0.005323456 0.003220871 -0.001075485 0.005324127 0.0007065125 -0.001072464 0.004743607 -0.001583839 -0.001072464 0.004743607 -0.001474464 -0.001071701 0.004739944 -0.001365089 -0.001070328 0.00574205 0.00484095 -0.001070206 -0.004744125 -0.002582077 -0.001070206 -0.004744125 -0.002472702 -0.001069443 -0.004740967 -0.002363365 -0.001068466 -0.005325546 -0.002028595 -0.001067276 0.005398804 -0.004503304 -0.001063553 0.005326523 0.003330872 -0.001062027 0.005326828 0.001580795 -0.001060562 0.005327118 -0.000169281 -0.001059067 -0.004907211 -0.004020187 -0.001059036 0.005327423 -0.001919365 -0.001057541 0.005327713 -0.003669449 -0.001050735 -0.005111404 0.004218292 -0.001048782 0.005402649 -0.004503922 -0.001033615 0.005910294 -0.0007227783 -0.001028915 -0.00491188 -0.004019135 -0.001027939 -0.005911285 5.664825e-05 -0.001022018 0.005912308 0.004526665 -0.001010757 0.004757156 0.001912476 -0.001010757 0.004757156 0.002021851 -0.001010269 0.004754669 0.002131226 -0.0009875946 -0.00512619 0.004220467 -0.000969162 -0.005921219 0.005 -0.0009659271 -0.004766449 0.002892746 -0.0009635468 -0.005922119 -0.004971619 -0.0009629364 0.004767044 0.0003783798 -0.0009618988 -0.005922394 -0.003221542 -0.0009602509 -0.005922653 -0.001471466 -0.0009593658 -0.004767776 0.002674377 -0.0009593658 -0.004767776 0.002783745 -0.0009593353 -0.004767517 0.00289312 -0.0009586029 -0.005922928 0.0002786102 -0.000956955 -0.005923203 0.002028687 -0.0009566803 -0.004768311 -0.00235672 -0.000955307 -0.005923462 0.003778755 -0.0009526825 -0.005854431 -0.004932869 -0.0009513702 0.004764862 0.003658997 -0.0009505463 0.004767258 0.00190892 -0.0009488068 0.004766205 0.000158844 -0.000947525 0.004766251 -0.001591232 -0.0009469757 0.004803345 0.003895805 -0.0009464569 0.004768448 -0.003341324 -0.0009357147 0.005350449 -0.001050903 -0.0009305878 -0.005351364 -0.0002714844 -0.0009252167 0.005352295 0.00419854 -0.0008983917 0.004779633 -0.0033442 -0.0008983917 0.004779633 -0.003234818 -0.0008981171 -0.004779694 -0.0008220901 -0.0008981171 -0.004779694 -0.0007127151 -0.0008976898 -0.004777573 -0.000603363 -0.0008976898 0.004775757 -0.003125443 -0.0008817291 0.005934845 0.005 -0.0008786163 0.005935318 -0.002480186 -0.000875412 -0.005935791 0.00181369 -0.0008708038 -0.005361404 -0.002893417 -0.0008693085 -0.005361664 -0.001143341 -0.0008678131 -0.005361893 0.0006067352 -0.0008669891 0.005937027 0.002769264 -0.0008663177 -0.005362137 0.002356812 -0.0008648529 -0.005362381 0.004106888 -0.0008639984 -0.005937469 -0.003435783 -0.000857254 0.005770187 0.004834358 -0.0008437653 -0.00515538 0.004225349 -0.000840683 -0.005860703 -0.004920685 -0.0008378143 0.004790619 -0.001379028 -0.0008362274 0.004790909 0.0001521301 -0.0008362274 0.004790909 0.0002615051 -0.0008356476 0.004787476 0.0003708878 -0.0008332062 -0.004791443 -0.0005996017 -0.0008318024 -0.005157806 0.004225754 -0.0008312225 0.004807297 0.003880066 -0.0008220367 -0.00494397 -0.004011833 -0.0008190155 0.005450363 -0.004511559 -0.0008133087 0.005776001 0.004832993 -0.0007953644 0.005373123 -0.002808304 -0.0007924957 -0.00537355 0.001485565 -0.0007848358 0.005374649 0.002441139 -0.0007821503 -0.005375061 -0.003763901 -0.0007790375 -0.004796936 -0.002565346 -0.0007778168 -0.004797073 -0.0008152771 -0.0007766266 -0.004798981 0.0009348373 -0.0007749786 -0.004796814 0.002684875 -0.0007739105 0.004801361 0.003648453 -0.0007739105 0.004801361 0.003757828 -0.0007734833 0.004799133 0.003863335 -0.000747818 -0.00517485 0.0042286 -0.0007256012 -0.004808899 0.0009377823 -0.0007256012 -0.004808899 0.001047157 -0.0007254791 -0.004808304 0.001156525 -0.0007230988 0.005956268 -0.004237564 -0.0007228241 -0.005956314 0.003570663 -0.0007210541 -0.004954758 -0.004008331 -0.0007148285 0.004811264 0.003864235 -0.0007147064 0.004810547 0.003863335 -0.0007121735 0.004810913 -0.003136429 -0.000711441 0.005957657 0.001011879 -0.0007114105 -0.005957672 -0.001678818 -0.0007095795 -0.00481131 0.00115744 -0.0007082367 0.004811493 0.003863335 -0.0007062836 -0.005958282 -0.005 -0.0007062836 -0.005958084 -0.001678581 -0.0007062531 -0.005957642 0.003571419 -0.0007058868 -0.005954147 -0.003428596 -0.0007058563 -0.00595401 0.001821396 -0.0007057648 -0.005954315 7.137299e-05 -0.0007057648 -0.005953751 -0.004959869 -0.0007057648 -0.005953751 -0.003209869 -0.0007057648 -0.005953735 -0.001459869 -0.0007057648 -0.005953735 0.0002901306 -0.0007057648 -0.005953735 0.002040131 -0.0007057648 -0.00595372 0.003790131 -0.000702713 0.004812302 0.002113014 -0.000701767 0.005958817 0.004730179 -0.0007000885 0.005959 0.002980095 -0.00069841 0.005959213 0.001230019 -0.0006967316 0.005959412 -0.0005200653 -0.0006951141 -0.005862473 -0.004904991 -0.0006950531 0.005959595 -0.002270142 -0.0006933441 0.005959793 -0.004020218 -0.0006816559 0.005787491 0.004828941 -0.0006646271 0.005475021 -0.004516632 -0.0006642303 -0.004817764 -0.002558739 -0.0006642303 -0.004817764 -0.002449371 -0.0006638031 -0.004815125 -0.002340034 -0.0006607208 0.004818253 -0.0016082 -0.0006607208 0.004818253 -0.001498825 -0.0006601715 0.004814377 -0.001389435 -0.0006543732 -0.005392105 0.003242538 -0.0006440582 0.005393341 0.000683754 -0.0006440277 -0.005393356 -0.002006943 -0.0006337738 0.005394562 0.003308228 -0.0006322479 0.005394745 0.001558144 -0.0006307526 0.005394913 -0.0001919403 -0.0006292267 0.005395096 -0.001942017 -0.0006277008 0.005395279 -0.003692093 -0.0006183319 0.005968048 -0.005 -0.0006181793 0.005965515 -0.00402375 -0.0006181488 0.005965286 0.00472625 -0.0006181488 0.005965332 0.00297625 -0.0006181488 0.005965378 0.00122625 -0.0006181488 0.005965424 -0.0005237503 -0.0006181488 0.005965469 -0.00227375 -0.0006181183 0.005965042 0.0010075 -0.0006180878 0.005964752 -0.004242493 -0.0006180573 0.005965851 -0.0007425079 -0.0006180267 0.00596553 0.004507492 -0.0006178436 0.005963257 0.002757507 -0.0006178436 0.005963287 -0.002492493 -0.0006123199 -0.0095 0.004988617 -0.0006123199 0.0095 -0.004988625 -0.0006123199 0.0095 0.004988617 -0.0006110382 -0.009480331 0.005 -0.0006110382 0.009480331 -0.005 -0.0006110382 0.009480331 0.005 -0.0006083221 -0.0095 -0.004988762 -0.0006070709 -0.009480576 -0.005 -0.0005981293 0.004826416 0.001888138 -0.0005981293 0.004826416 0.001997513 -0.0005978241 0.004823349 0.002106911 -0.0005890045 -0.004968872 -0.004003769 -0.0005858917 -0.004827911 0.002914413 -0.0005844574 -0.00496936 -0.004003601 -0.0005766449 -0.004829041 -0.002335068 -0.0005766449 0.004829025 0.0003556366 -0.0005757904 -0.005863922 -0.004892128 -0.0005688324 0.005490326 -0.004519775 -0.0005670624 0.005490616 -0.004519829 -0.0005669403 0.004825668 0.003636368 -0.0005659943 0.00482901 0.001886276 -0.0005642242 0.004826416 0.0001362076 -0.0005630646 0.004827393 -0.001613869 -0.0005616302 0.004828049 -0.00336396 -0.0005588531 -0.005973923 7.808685e-05 -0.0005556183 0.005974213 -0.0007454758 -0.0005546417 0.005798569 0.004825027 -0.0005529938 -0.004831802 0.00269751 -0.0005529938 -0.004831802 0.002806885 -0.0005529022 -0.004830612 0.002916267 -0.0005439606 0.005975296 0.004503975 -0.000506485 -0.005212051 0.004236603 -0.0005059052 -0.005408066 -0.0002500381 -0.0005029755 0.005408325 -0.001073593 -0.0004961395 -0.005979462 -0.004950325 -0.0004944611 -0.005979599 -0.003200249 -0.0004928131 -0.005979736 -0.001450172 -0.0004924164 0.005409302 0.00417585 -0.0004916534 -0.004838425 -0.0007990723 -0.0004916534 -0.004838425 -0.0006896973 -0.0004914703 -0.004837067 -0.0005803375 -0.0004911346 -0.005979874 0.0002999039 -0.0004895172 -0.005979996 0.00204998 -0.0004878387 -0.005980133 0.003800049 -0.0004864044 -0.005862122 -0.004882454 -0.0004845734 0.004839142 -0.003368484 -0.0004845734 0.004839142 -0.003259109 -0.0004841461 0.004835358 -0.003149704 -0.0004598236 -0.005861572 -0.004879578 -0.0004529572 -0.004842209 -0.0005781631 -0.0004503632 0.004842438 -0.001401718 -0.0004476166 -0.005413208 -0.002872124 -0.0004461212 -0.00541333 -0.001122047 -0.0004446259 -0.005413437 0.0006280289 -0.0004431305 -0.005413559 0.002378105 -0.0004430389 0.005506073 -0.004523865 -0.0004420624 -0.005983688 0.005 -0.0004416046 -0.005413696 0.004128174 -0.0004409027 0.004843307 0.003847725 -0.0004258575 -0.005220688 0.004239273 -0.0004218292 0.004845001 0.0001278687 -0.0004218292 0.004845001 0.0002372513 -0.000421524 0.004841263 0.0003466492 -0.0004055023 -0.005986282 0.001835045 -0.0004004059 -0.00484288 -0.002543961 -0.0003996429 0.005986679 -0.002502792 -0.0003992767 -0.004843887 -0.0007938766 -0.0003978119 -0.00484433 0.0009561691 -0.0003964691 -0.004843063 0.002706284 -0.0003939972 -0.005987045 -0.003414436 -0.0003879852 0.005987442 0.002746658 -0.0003859406 -0.005224945 0.004240593 -0.000379837 0.005807266 0.004819687 -0.0003670807 -0.00541925 0.00150692 -0.0003618011 0.005419601 -0.002830917 -0.0003590851 0.004850052 0.003624245 -0.0003590851 0.004850052 0.003733612 -0.0003589325 0.004847473 0.00384301 -0.0003566437 -0.005419952 -0.003742561 -0.0003537445 0.005989548 0.005 -0.0003512115 0.005420303 0.002418533 -0.0003463898 -0.004983414 -0.00399543 -0.0003430634 0.005807724 0.004818565 -0.0003286591 -0.004852219 0.001178787 -0.0003279877 -0.004983612 -0.003994789 -0.0003239288 0.004852539 -0.003159042 -0.0003182526 -0.004852921 0.0009606323 -0.0003182526 -0.004852921 0.00107 -0.0003182526 -0.004852524 0.001179375 -0.0003144684 0.004853165 0.002090416 -0.000263504 -0.005238022 0.004244644 -0.0002563019 -0.004856583 -0.002535889 -0.0002563019 -0.004856583 -0.002426514 -0.0002561493 -0.004854538 -0.002317108 -0.0002513275 -0.005994736 0.003592079 -0.0002453766 0.004857132 -0.001632324 -0.0002453766 0.004857132 -0.001522949 -0.000245163 0.004853256 -0.001413536 -0.0002436981 0.005995056 -0.004260078 -0.0002397614 -0.005995209 -0.001657394 -0.0002320404 0.005995514 0.0009893799 -0.0002275238 -0.00542691 0.003263954 -0.0002245941 0.005525696 -0.004530907 -0.0002242889 0.005995789 0.004707771 -0.000222641 0.005995865 0.002957695 -0.000220932 0.005995926 0.001207619 -0.0002192535 0.005995987 -0.0005424576 -0.0002175751 0.005996048 -0.002292542 -0.0002173615 0.005809296 0.004814743 -0.0002170563 -0.005427338 -0.001985519 -0.0002158966 0.005996109 -0.004042618 -0.0002100372 0.005427597 0.0006612549 -0.0002044525 -0.005847992 -0.004851562 -0.0002036896 -0.00485907 0.002935822 -0.0002015228 0.005427933 0.00328582 -0.0001999969 0.005427979 0.001535736 -0.0001985016 0.005428024 -0.0002143326 -0.0001969757 0.005428085 -0.001964417 -0.0001954498 0.005428146 -0.003714493 -0.0001943512 -0.004859467 -0.002313644 -0.0001920624 0.00552861 -0.004531944 -0.0001880646 0.004859695 0.0003331299 -0.0001826324 0.004859909 0.001864075 -0.0001826324 0.004859909 0.001973442 -0.0001825409 0.00485643 0.002082855 -0.0001803131 0.004855652 0.003613991 -0.0001775055 0.004855774 0.0001138306 -0.0001769562 -0.005997391 -0.005 -0.0001769562 -0.005995209 -0.001654495 -0.0001769562 -0.005994888 0.003595512 -0.0001768341 -0.005992706 -0.003404465 -0.0001768341 -0.005992676 0.001845535 -0.0001768036 -0.005994476 9.552002e-05 -0.0001767731 -0.005993301 -0.004935715 -0.0001767731 -0.005993271 -0.003185715 -0.0001767731 -0.005993256 -0.001435715 -0.0001767731 -0.005993225 0.0003142853 -0.0001767731 -0.005993225 0.002064285 -0.0001767731 -0.005993195 0.003814285 -0.0001763153 0.004857681 -0.001636261 -0.0001747894 0.004856812 -0.003386337 -0.0001725311 -0.005844849 -0.004848 -0.00014711 -0.004985535 -0.003988495 -0.000143631 -0.004861221 0.002720474 -0.000143631 -0.004861221 0.002829842 -0.000143631 -0.004859207 0.002939247 -0.0001187286 0.005810532 0.004811737 -0.0001078033 -0.004985977 -0.003987129 -8.848572e-05 0.005995346 0.0009827576 -8.848572e-05 0.005995499 0.004701508 -8.848572e-05 0.005995529 0.002951508 -8.848572e-05 0.00599556 0.001201508 -8.848572e-05 0.00599559 -0.0005484924 -8.848572e-05 0.005995621 -0.002298492 -8.848572e-05 0.005995651 -0.004048492 -8.84552e-05 0.005995163 -0.004267242 -8.84552e-05 0.005998871 -0.0007672806 -8.84552e-05 0.005999344 -0.005 -8.842468e-05 0.005998428 0.004482727 -8.836365e-05 0.005994873 0.002732758 -8.833313e-05 0.005994995 -0.002517242 -8.488464e-05 -0.005999405 9.971619e-05 -8.155823e-05 0.005533463 -0.004535461 -8.128357e-05 -0.004862671 -0.000776001 -8.128357e-05 -0.004862671 -0.000666626 -8.125305e-05 -0.004862183 -0.0005572433 -7.6828e-05 -0.005431137 -0.0002284088 -7.63092e-05 0.005999512 -0.0007678452 -6.907654e-05 0.004862839 -0.003392433 -6.907654e-05 0.004862839 -0.003283058 -6.904602e-05 0.005431229 -0.00109597 -6.898499e-05 0.00485936 -0.003173645 -6.880188e-05 -0.004862854 -0.0005565338 -6.465149e-05 0.005999649 0.004481613 -6.181335e-05 0.004862946 -0.001424095 -5.851746e-05 0.005431351 0.004153496 -5.238342e-05 0.004863052 0.003825363 -2.31781e-05 -0.005999954 -0.004928696 -2.26593e-05 -0.005830078 -0.004831245 -2.153015e-05 -0.005999969 -0.003178619 -1.985168e-05 -0.005999969 -0.001428543 -1.948547e-05 -0.005431641 -0.002850494 -1.899719e-05 -0.005252747 0.004252777 -1.81427e-05 -0.005999985 0.0003215408 -1.799011e-05 -0.005431656 -0.001100418 -1.741028e-05 -0.004859024 -0.002522316 -1.649475e-05 -0.005999985 0.002071617 -1.646423e-05 -0.005431656 0.0006496658 -1.615906e-05 -0.004860962 -0.0007722626 -1.493835e-05 -0.005431656 0.002399734 -1.481628e-05 -0.005999985 0.003821686 -1.463318e-05 -0.004859909 0.000977829 -1.341248e-05 -0.005431656 0.004149818 -1.341248e-05 -0.004859528 0.002727905 -1.295471e-05 -0.005252838 0.004252983 -6.515503e-06 0.004859497 0.0003227921 -6.515503e-06 0.004863342 0.0001039963 -6.515503e-06 0.004863342 0.0002133713 1.525879e-08 -0.0095 -0.005 1.525879e-08 -0.0095 0.005 1.525879e-08 0.0095 -0.005 1.525879e-08 0.0095 0.005 4.954529e-05 -0.005822968 -0.004823174 5.586243e-05 0.004859924 0.003819237 5.595398e-05 0.004863007 0.003600441 5.595398e-05 0.004863007 0.003709816 5.714417e-05 -0.004863007 0.001200638 5.921936e-05 0.005539627 -0.00453994 6.382751e-05 -0.00543129 0.001528755 6.413269e-05 0.004862915 -0.003181267 6.816101e-05 -0.00497934 -0.003980927 7.051086e-05 -0.005999588 0.00185688 7.16095e-05 0.005431183 -0.002853142 7.35321e-05 0.004862778 0.002068192 7.43866e-05 -0.005431168 -0.003720695 7.756042e-05 -0.005254074 0.00425602 7.911682e-05 0.005999481 -0.002525024 8.216858e-05 -0.005999451 -0.00339257 8.216858e-05 0.005431046 0.002396317 8.851624e-05 -0.005999359 0.005 9.074402e-05 0.005999313 0.002724449 9.449768e-05 -0.004861069 0.001202789 9.455872e-05 -0.004862427 0.000984024 9.455872e-05 -0.004862427 0.001093399 0.0001312103 -0.004976974 -0.003978706 0.0001405792 0.0058022 0.004803902 0.0001572418 -0.004860809 -0.00251239 0.0001572418 -0.004860809 -0.002403015 0.0001572418 -0.004859528 -0.002293617 0.0001584015 -0.00497522 -0.003977737 0.000168869 0.00485672 -0.001437164 0.0001689606 0.004860397 -0.001655952 0.0001689606 0.004860397 -0.001546577 0.0001711273 0.005799866 0.004802986 0.0001769867 0.005997391 0.005 0.0001833954 -0.004859894 0.002957863 0.0001928558 -0.004859528 -0.002291595 0.0001990814 0.004859268 0.0003110886 0.0002048187 -0.005427811 0.003285988 0.0002048492 0.004854996 0.003592064 0.0002064056 0.004857971 0.001841934 0.0002075958 0.004854538 9.191132e-05 0.0002089996 0.004857315 -0.001658203 0.0002103729 0.004854965 -0.003408249 0.0002153778 -0.005427399 -0.00196347 0.0002162628 0.005539307 -0.004544884 0.0002223053 0.005427124 0.0006392212 0.0002262421 -0.005995743 0.003614105 0.0002268829 -0.005256134 0.004261017 0.0002290192 0.005426834 0.003263878 0.000230545 0.005426773 0.001513794 0.0002309418 0.004854172 0.002059334 0.0002311554 0.004857834 0.001840538 0.0002311554 0.004857834 0.001949913 0.0002320709 0.005426697 -0.0002362747 0.0002335663 0.005426651 -0.001986351 0.0002339935 0.005995438 -0.004282127 0.0002350616 0.00542659 -0.003736427 0.0002378998 -0.005995285 -0.001635345 0.0002428741 0.005794357 0.004800827 0.0002455902 0.00599498 0.0009673386 0.0002513275 0.005994736 0.004685829 0.0002529755 0.005994659 0.002935753 0.0002546539 0.005994583 0.001185677 0.0002563324 0.005994507 -0.0005643997 0.0002579803 0.005994461 -0.002314476 0.0002596588 0.005994385 -0.00406456 0.0002706757 -0.004853088 0.002962914 0.0002708893 -0.004855804 0.002744141 0.0002708893 -0.004855804 0.002853516 0.0002931061 -0.004962814 -0.003972916 0.0003020477 -0.005786545 -0.004794411 0.0003106842 0.005539139 -0.004547844 0.0003192291 -0.004852859 -0.000534317 0.0003240509 0.004852539 -0.001445946 0.0003333893 0.004851898 0.003803535 0.0003335724 -0.004851349 -0.0005334778 0.0003336334 -0.004851898 -0.0007522354 0.0003336334 -0.004851898 -0.0006428604 0.0003412628 -0.005779053 -0.004789848 0.000343277 0.004848175 -0.003196991 0.0003434296 0.004851196 -0.003415779 0.0003434296 0.004851196 -0.003306412 0.0003535004 -0.005986053 -0.001629913 0.0003535004 -0.005985809 0.003620087 0.0003535309 -0.005984863 -0.003379906 0.0003535614 -0.00598494 0.001870094 0.0003536835 -0.005986404 -0.004911163 0.0003536835 -0.005986374 -0.003161163 0.0003536835 -0.005986328 -0.001411163 0.0003536835 -0.005986298 0.0003388367 0.0003536835 -0.005986252 0.002088837 0.0003536835 -0.005986237 0.003838837 0.0003537445 -0.005988098 0.0001200714 0.0003538055 -0.005989563 -0.005 0.0003565521 -0.005419952 -0.000206192 0.0003619232 0.005419601 -0.001117821 0.0003689117 -0.004844864 -0.002500145 0.0003704681 -0.004847763 -0.0007500839 0.0003717499 -0.004845139 0.001000023 0.0003723602 0.0054189 0.004131653 0.0003730316 -0.004845688 0.002750084 0.0003938751 -0.005987061 0.000121933 0.000397934 0.005782501 0.004796181 0.0003992767 -0.004953064 -0.003969116 0.0003997955 0.005986664 -0.0007896957 0.000404892 0.004842682 0.0002995605 0.0004051971 0.00484642 8.075714e-05 0.0004051971 0.00484642 0.0001901321 0.000405777 -0.005250244 0.004267059 0.0004089508 0.005534439 -0.004550896 0.0004113007 0.005985886 0.004459778 0.0004123993 -0.005415985 -0.0028283 0.0004139557 -0.005415894 -0.001078224 0.0004154816 -0.005415771 0.0006718597 0.0004169769 -0.005415649 0.002421936 0.0004185028 -0.005415527 0.004172012 0.0004368744 -0.005760818 -0.004778748 0.0004417267 0.005979111 -0.004291565 0.0004417267 0.005979172 0.0009584274 0.0004417267 0.005979233 0.004677177 0.0004417267 0.005979248 0.002927177 0.0004417267 0.005979263 0.001177177 0.0004417267 0.005979279 -0.0005728226 0.0004417267 0.005979294 -0.002322823 0.0004417267 0.005979309 -0.004072823 0.0004419098 0.005980087 0.00270842 0.0004419403 0.005980316 -0.002541573 0.0004419403 0.005982178 -0.0007916107 0.0004419708 0.005982559 0.004458389 0.0004421234 0.005983673 -0.005 0.0004456635 -0.00484288 0.001223 0.0004483795 0.004842621 -0.003202904 0.0004538727 -0.005982819 -0.004906502 0.0004555511 -0.005982681 -0.003156425 0.0004572601 -0.005982559 -0.001406349 0.0004576569 0.004841766 0.00204657 0.0004589081 -0.005982422 0.0003437347 0.0004606171 -0.0059823 0.002093811 0.0004622955 -0.005982178 0.003843895 0.0004646454 -0.004943802 -0.003966736 0.0004663849 0.004837479 0.003796074 0.0004667511 0.004840897 0.003577316 0.0004667511 0.004840897 0.003686691 0.0004739532 -0.005248016 0.004269356 0.000497757 -0.005408829 0.001551132 0.0005007782 0.005408539 -0.002874779 0.0005083466 -0.005407837 -0.003698326 0.0005097809 -0.004834366 0.001226753 0.0005100555 -0.004836533 0.001008003 0.0005100555 -0.004836533 0.001117371 0.0005111237 0.005407578 0.002374702 0.0005432281 -0.005242462 0.004271713 0.0005498199 -0.005974762 0.001879257 0.0005529022 -0.005738708 -0.004765266 0.0005531464 0.005974442 -0.002546661 0.0005615082 -0.005973663 -0.003370193 0.0005622101 0.00552713 -0.004555649 0.000564621 0.005973373 0.002702827 0.0005719757 -0.004829605 0.002980362 0.0005727081 -0.004829163 -0.002269592 0.0005727386 -0.004829514 -0.00248835 0.0005727386 -0.004829514 -0.002378975 0.0005776215 0.004825531 -0.001460152 0.0005779877 0.004828873 -0.001678886 0.0005779877 0.004828873 -0.001569511 0.0005813141 0.004828461 0.0002896729 0.0005814362 -0.004828476 -0.002269089 0.0005851898 0.004824402 0.003570625 0.0005868683 0.004825867 0.001820602 0.0005878143 0.004823364 7.048035e-05 0.0005896149 0.004826981 -0.00167955 0.0005905609 0.004823212 -0.003429657 0.0006110992 -0.009480331 -0.005 0.0006110992 -0.009480331 0.005 0.0006110992 0.009480331 -0.005 0.0006110992 0.009480331 0.005 0.000612381 -0.0095 -0.004988625 0.000612381 -0.0095 0.004988617 0.000612381 0.0095 -0.004988625 0.000612381 0.0095 0.004988617 0.0006183929 -0.005968048 0.005 0.0006372833 -0.004919388 -0.003960472 0.0006388397 -0.005393982 0.003308487 0.0006388397 0.004817398 0.002036362 0.0006393585 0.004821136 0.001817665 0.0006393585 0.004821136 0.001927032 0.0006492462 0.005392731 0.0006177979 0.0006493988 -0.005392715 -0.001940964 0.0006533051 0.005751587 0.004788559 0.0006537018 0.00551857 -0.004558487 0.000654129 0.005392136 0.003242554 0.0006556244 0.005391953 0.001492477 0.0006571198 0.005391769 -0.0002575912 0.0006585846 0.005391602 -0.002007668 0.00066008 0.005391403 -0.003757744 0.0006812897 0.005746918 0.00478772 0.0006856537 -0.004811478 0.002987053 0.0006861725 -0.004814697 0.002768288 0.0006861725 -0.004814697 0.002877663 0.0006952667 0.005744598 0.0047873 0.0007050018 0.004811966 -0.001467293 0.0007056427 -0.005958359 0.003636612 0.0007057343 0.005958344 -0.004303558 0.0007063446 0.005958267 0.005 0.0007074738 -0.004811615 -0.0005117111 0.0007142792 0.004810608 0.003782181 0.0007171783 0.00595697 0.0009459229 0.0007173309 -0.005956985 -0.001612839 0.0007209015 0.005956528 0.004664505 0.0007220306 -0.00522818 0.004277786 0.00072258 0.005956329 0.002914429 0.0007242279 0.005956131 0.00116436 0.0007258453 0.005955933 -0.0005857239 0.0007274933 0.005955719 -0.0023358 0.0007282562 -0.004901962 -0.00395713 0.0007291718 0.005955536 -0.004085876 0.0007483368 -0.004803909 -0.0005092926 0.000748642 -0.004805389 -0.000728035 0.000748642 -0.004805389 -0.00061866 0.0007502594 0.004802612 -0.003219925 0.0007505951 0.004805069 -0.003438637 0.0007505951 0.004805069 -0.003329262 0.0007549591 -0.004799896 -0.002477615 0.0007569733 -0.004803711 -0.0007275467 0.0007577362 -0.004799576 0.001022552 0.0007592621 -0.004801056 0.002772621 0.0007873688 0.005374298 -0.001139168 0.0007901764 -0.005373901 -0.0001835785 0.0007977142 0.005372772 0.004110306 0.0008019867 -0.005679428 -0.004735764 0.0008063202 -0.005218765 0.00428067 0.0008113556 0.004791489 0.0002765579 0.0008119659 0.00479509 5.786133e-05 0.0008119659 0.00479509 0.0001672363 0.0008137054 0.005503632 -0.004563446 0.0008264313 -0.005215851 0.004281349 0.0008286285 0.004792221 -0.003224342 0.0008331451 -0.004791458 0.001245697 0.0008378754 0.004790619 0.002025131 0.0008419952 -0.005667953 -0.004730919 0.0008439789 -0.005365707 -0.002805748 0.0008454742 -0.005365479 -0.001055672 0.0008470001 -0.005365234 0.0006944122 0.000848526 -0.00536499 0.002444496 0.0008500519 -0.005364746 0.004194565 0.0008579254 -0.004877151 -0.003952362 0.0008697357 0.005936615 -0.0008110428 0.0008722992 -0.00487439 -0.003951828 0.0008725739 0.00478064 0.003773048 0.0008728485 -0.005936172 0.0001445465 0.0008733063 0.004784302 0.003554344 0.0008733063 0.004784302 0.003663719 0.0008810577 -0.005930527 -0.001605026 0.0008810577 -0.005930389 0.003644974 0.0008811798 -0.005930603 -0.003355019 0.0008811798 0.005934937 0.004438431 0.0008812103 -0.005930771 0.001894981 0.000881546 -0.005932983 -0.001386276 0.000881546 -0.005932938 0.0003637238 0.000881546 -0.005932877 0.002113724 0.000881546 -0.005932831 0.003863724 0.0008815765 -0.005933105 -0.004886276 0.0008815765 -0.005933044 -0.003136276 0.0008816986 -0.005934509 0.0001449661 0.0008817902 -0.00593486 -0.005 0.0008876495 -0.005654877 -0.00472541 0.000898941 0.005491745 -0.004566139 0.0009065704 0.005709381 0.004780914 0.0009230804 -0.004772049 0.001251053 0.0009236908 -0.004774826 0.001032303 0.0009236908 -0.004774826 0.001141678 0.0009254608 0.005352249 -0.002896217 0.0009305267 -0.005351379 0.001573822 0.0009305878 -0.005927399 -0.004883957 0.0009322662 -0.005927124 -0.003133873 0.0009339752 -0.00592688 -0.001383797 0.0009356537 -0.005926605 0.0003662872 0.0009357758 0.005350449 0.002353256 0.0009373016 -0.005926346 0.002116364 0.0009389801 -0.005926071 0.003866447 0.0009409943 -0.005349548 -0.003675629 0.0009583282 -0.004768005 0.003003105 0.0009613495 0.00476738 0.000268013 0.0009635162 0.004763824 0.003549065 0.0009650116 0.004763794 0.001798981 0.0009659882 0.004762207 4.889679e-05 0.0009676666 -0.004766113 -0.002246338 0.0009680634 0.00476535 -0.001701141 0.0009684601 0.005916595 -0.004096939 0.0009684601 0.005916611 -0.002346939 0.0009684601 0.005916611 -0.0005969391 0.0009684906 0.00591658 0.0009343109 0.0009684906 0.005916611 0.001153061 0.0009684906 0.005916611 0.002903061 0.0009684906 0.005916611 0.004653061 0.0009684906 0.005916626 -0.004315689 0.0009686432 0.004761444 -0.003451263 0.0009686432 0.005918106 -0.0008156662 0.0009686737 0.005918365 0.004434341 0.0009689178 0.005918991 0.002684341 0.0009689484 0.005919342 -0.002565651 0.0009691925 0.005921204 -0.005 0.0009837494 0.004759766 -0.001483353 0.0009842987 0.004762695 -0.001702065 0.0009842987 0.004762695 -0.00159269 0.0009854889 -0.004761734 -0.002245277 0.0009856415 -0.004762421 -0.00246402 0.0009856415 -0.004762421 -0.002354645 0.001007553 -0.005189835 0.00428756 0.001022293 0.005912277 -0.002568085 0.001027878 -0.005911301 0.001901939 0.001033707 0.005910278 0.002681381 0.001039474 -0.005909286 -0.003347496 0.001044632 0.004745911 0.002013077 0.001045425 0.004749634 0.001794373 0.001045425 0.004749634 0.001903748 0.001049118 -0.005608612 -0.004705887 0.001051041 -0.005183578 0.004289047 0.00106514 0.005468613 -0.004571373 0.001070297 -0.00532518 0.00333123 0.001073715 0.005324493 0.000596138 0.001076828 0.005323853 0.003220978 0.001078323 0.005323563 0.001470894 0.001079819 0.005323257 -0.0002791748 0.001080734 -0.00532309 -0.001918213 0.001081314 0.005322952 -0.002029259 0.001082809 0.005322647 -0.003779335 0.001084518 0.004740875 -0.001489166 0.001090775 0.005463837 -0.004572197 0.001092117 -0.004739136 -0.0004889297 0.001093735 0.00473877 0.0037603 0.001096695 -0.004734344 0.003011391 0.001097549 -0.004737885 0.002792648 0.001097549 -0.004737885 0.002902023 0.001104263 -0.004818268 -0.003943169 0.001137039 -0.004724228 -0.002454933 0.001139206 -0.004727188 -0.0007048416 0.001139694 -0.004723312 0.001045219 0.001141617 -0.004725662 0.002795303 0.00114296 0.005659027 0.004773621 0.001143417 -0.005890045 0.005 0.001155014 -0.004803345 -0.003941254 0.001155624 0.004722183 -0.003243393 0.001156021 0.004723953 -0.00346212 0.001156021 0.004723953 -0.003352745 0.001157761 0.005655884 0.004773163 0.001158432 -0.004721024 -0.0004849243 0.001159042 -0.004723221 -0.0007036743 0.001159042 -0.004723221 -0.0005942917 0.001174667 0.005883896 -0.004325203 0.001182297 -0.00588237 0.003659355 0.001183395 0.005649231 0.004772362 0.00118605 0.005881607 0.000924263 0.001187881 0.005881241 0.004642929 0.001189529 0.005880905 0.002892845 0.001191177 0.005880585 0.001142776 0.001192795 0.005880234 -0.0006072998 0.001193802 -0.005880051 -0.001590096 0.001194443 0.005879913 -0.002357384 0.001196091 0.005879578 -0.00410746 0.001207291 0.004711105 -0.003246399 0.001211288 0.005294891 -0.001161041 0.001215805 -0.004708923 0.001268486 0.001216049 0.004705338 0.0002529984 0.001216476 0.004708755 0.002003052 0.001216873 0.004708649 3.42865e-05 0.001216873 0.004708649 0.0001436539 0.001219742 -0.005292953 -0.0001607971 0.001221573 0.005292542 0.004088417 0.001230179 0.005872528 0.005 0.001243423 -0.004777374 -0.003937912 0.001244888 -0.005146408 0.004295738 0.001271042 -0.005280869 -0.002783051 0.001272568 -0.005280518 -0.001032974 0.001274033 -0.005280151 0.0007171097 0.001275528 -0.0052798 0.002467186 0.001276535 0.004688782 0.00374939 0.001277023 -0.005279419 0.00421727 0.001277603 0.004692535 0.00353067 0.001277603 0.004692535 0.003640045 0.001278824 -0.009413544 -0.005 0.001278824 -0.009413544 0.005 0.001278824 0.009413544 -0.005 0.001278824 0.009413544 0.005 0.001290543 -0.0095 -0.004949623 0.001290543 -0.0095 0.004949623 0.001290543 0.0095 -0.004949623 0.001290543 0.0095 0.004949623 0.00129332 -0.005137131 0.004297417 0.001294205 -0.005526138 -0.004675659 0.00131636 0.005421921 -0.00457943 0.001325455 -0.005514053 -0.00467173 0.001325882 -0.005513885 -0.004671677 0.001329819 -0.004674561 0.001275391 0.001330765 -0.00467775 0.001056656 0.001330765 -0.00467775 0.001166031 0.001333023 -0.004751053 -0.003934525 0.001337997 0.005848907 -0.0008329163 0.001338608 -0.004675507 0.003025887 0.001338638 0.004675491 0.0002457657 0.001339188 0.004672882 0.003526932 0.001340317 0.004671387 0.001776833 0.001341385 0.0046707 2.675629e-05 0.00134343 0.004672318 -0.001723312 0.001343887 0.004669342 -0.003473404 0.001347397 -0.005846771 0.0001673279 0.001347763 -0.004672867 -0.002223564 0.001348373 0.005261642 -0.002918274 0.00134938 0.005846313 0.004416542 0.001357895 -0.005259201 0.001596611 0.001358627 0.005259003 0.002331177 0.00136821 -0.005256531 -0.00365284 0.001384842 0.005406754 -0.00458165 0.001386581 0.004658936 -0.001507164 0.001387192 0.004661301 -0.001725899 0.001387192 0.004661301 -0.001616524 0.001390854 -0.004658554 -0.002220932 0.001391373 -0.004660065 -0.002439674 0.001391373 -0.004660065 -0.002330299 0.001401718 -0.005829056 -0.001579987 0.001401718 -0.00582901 0.003670013 0.001402115 -0.005830338 -0.003329987 0.001402176 -0.005830582 0.001920021 0.001402328 -0.005831757 0.0001700134 0.00140239 -0.005833817 -0.004861252 0.001402786 -0.005833466 0.002138763 0.001402786 -0.005833405 0.003888763 0.001402817 -0.005833603 -0.001361237 0.001402817 -0.005833527 0.0003887634 0.001402847 -0.005833694 -0.005 0.001402847 -0.005833679 -0.004861229 0.001402847 -0.005833649 -0.003111237 0.001404037 -0.00583342 -0.003111183 0.001405685 -0.005833023 -0.001361099 0.001406662 0.00559108 0.00476532 0.001407364 -0.005832626 0.0003889847 0.001408981 -0.00583223 0.002139061 0.001410629 -0.005831818 0.003889137 0.001442123 0.005394058 -0.004583511 0.001446365 0.00463942 0.001989189 0.001447433 0.004642944 0.001770462 0.001447433 0.004642944 0.001879837 0.001460098 0.004638977 -0.001511559 0.001466599 -0.005095444 0.004303436 0.001469193 0.004636124 0.003737892 0.001469467 -0.004636047 -0.0004661865 0.001487625 0.005808319 -0.0008401489 0.001487656 0.005808075 -0.004121407 0.001487656 0.005808487 0.004409851 0.001487686 0.00580809 -0.002371407 0.001487686 0.005808105 -0.0006214066 0.001487686 0.005808136 0.0009098434 0.001487686 0.005808136 0.001128593 0.001487686 0.005808151 0.002878593 0.001487686 0.005808167 0.004628593 0.001487747 0.005808273 -0.004340157 0.001488632 0.005811905 0.002659882 0.001488754 0.005812347 -0.002590118 0.001488754 0.005812378 -0.005 0.001489456 0.00581218 -0.002590149 0.001495041 -0.005221878 0.003354012 0.001495071 0.005221863 0.0005738983 0.001496445 0.005221451 0.003198822 0.00149794 0.005221039 0.001448738 0.001499313 -0.004622437 0.003035675 0.001499405 0.005220627 -0.0003013382 0.001499985 -0.005809479 0.001924736 0.001500504 -0.004626083 0.002816956 0.001500504 -0.004626083 0.002926331 0.001500778 0.00580928 0.002659309 0.00150087 0.005220184 -0.002051414 0.001502335 0.005219772 -0.003801498 0.001505264 -0.005218933 -0.001895439 0.001511368 -0.005806534 -0.003324707 0.00151152 -0.00461853 -0.002432327 0.001513504 -0.004619904 -0.0006822281 0.001513962 -0.00461702 0.001067825 0.001516403 -0.004620163 0.002817932 0.001519974 -0.005438843 -0.00464724 0.00152681 0.005372238 -0.004586288 0.001533096 -0.005079453 0.004305748 0.001555832 0.004606735 -0.00326741 0.001556137 0.004607681 -0.003486153 0.001556137 0.004607681 -0.003376778 0.001558487 -0.004672836 -0.003925873 0.001559341 -0.004603531 -0.0004606705 0.001560318 -0.004606247 -0.0006793976 0.001560318 -0.004606247 -0.0005700226 0.001565384 0.005543442 0.004760223 0.001570206 -0.004668106 -0.003925415 0.001580765 0.004599274 -0.003268913 0.001585129 0.005536713 0.004759575 0.001589767 0.004596161 0.00198053 0.001589981 -0.0045961 0.001291161 0.001614792 0.004584274 0.00022892 0.001615768 0.004587097 1.018524e-05 0.001615768 0.004587097 0.0001195602 0.001618271 -0.004648682 -0.003923538 0.001630753 0.005181107 -0.001183434 0.001640213 0.005771454 -0.004347435 0.001640884 0.005177902 0.004066017 0.00164119 -0.005177811 -0.0001380615 0.001651443 0.00576825 0.004620773 0.001651474 -0.00576825 0.003682129 0.001651505 0.005768234 0.0009020233 0.00165303 0.005767792 0.002870697 0.001654678 0.005767334 0.001120613 0.001656296 0.005766861 -0.0006294556 0.001656967 -0.005043442 0.004310081 0.001657883 0.005766388 -0.002379539 0.0016595 -0.005765945 0.005 0.001659531 0.00576593 -0.004129623 0.001662766 -0.005764999 -0.001567314 0.001673172 0.005506668 0.004756699 0.001673843 0.004562088 0.003725258 0.001675156 0.00456575 0.003506523 0.001675156 0.00456575 0.003615898 0.001688583 0.005330551 -0.004591614 0.001689529 -0.005162247 -0.002760429 0.001690964 -0.005161758 -0.001010345 0.001692398 -0.005161285 0.0007397232 0.001693863 -0.005160812 0.002489807 0.001695328 -0.005160339 0.004239891 0.001708633 0.004551804 0.00350441 0.001709091 0.004548874 0.001754318 0.001709213 -0.004553116 0.00304847 0.001709427 0.004553024 0.0002231445 0.001710495 0.004549072 4.249573e-06 0.001712173 0.004549194 -0.001745842 0.001712723 0.00454715 -0.003495918 0.001718094 -0.004549774 -0.002200981 0.00172554 -0.004543045 0.001299522 0.001726852 -0.004546432 0.001080803 0.001726852 -0.004546432 0.001190178 0.00174437 0.005740829 0.005 0.001745926 -0.005339828 -0.004618202 0.001753799 -0.005336411 -0.004617187 0.001765518 0.005136749 -0.002940788 0.001770157 -0.005010559 0.004314041 0.001775558 0.00513327 0.002308662 0.001775772 -0.005133209 0.001619286 0.00178157 0.004523407 -0.001531387 0.00178215 0.004525055 -0.00175013 0.00178215 0.004525055 -0.001640755 0.001784531 -0.004521606 -0.002196861 0.001785446 -0.004523758 -0.002415581 0.001785446 -0.004523758 -0.002306206 0.001785812 -0.00512973 -0.003630165 0.001789078 -0.005319 -0.004612556 0.001794662 -0.004577438 -0.003916679 0.001801376 0.005723206 -0.0008553085 0.001811935 0.00545932 0.004752159 0.001812546 0.005719681 0.00439415 0.001812881 -0.005719574 0.0001900635 0.001828018 0.004506729 -0.001534256 0.001835861 -0.004503555 -0.000443718 0.001836838 0.004503128 0.003715187 0.001839554 0.004498352 0.001964928 0.001840805 0.004501511 0.001746185 0.001840805 0.004501511 0.00185556 0.001862289 0.005277298 -0.004597412 0.00186467 -0.005702896 -0.004838638 0.001866287 -0.005702377 -0.003088554 0.001867874 -0.005701859 -0.00133847 0.001869492 -0.005701324 0.0004116058 0.001871109 -0.00570079 0.002161682 0.001872726 -0.005700272 0.003911766 0.001874893 -0.004483978 -0.002410004 0.00187648 -0.004483871 -0.0006599197 0.001877029 -0.004481964 0.001090141 0.001879776 -0.004484863 0.002840263 0.001889175 -0.004477234 0.003059639 0.00189064 -0.004480804 0.002840935 0.00189064 -0.004480804 0.00295031 0.00190889 0.005085205 0.003176292 0.001908951 -0.00508519 0.003376602 0.001909195 0.005085083 0.0005512695 0.001910324 0.005084656 0.001426208 0.001911423 -0.005682343 -0.001555023 0.001911453 -0.005682388 0.003694977 0.001911758 0.005084106 -0.0003238754 0.001911819 -0.005683792 0.0001949768 0.001912277 -0.005684799 -0.003305008 0.001912308 -0.005685257 -0.003086258 0.001912308 -0.005685196 -0.004836258 0.001912338 -0.005685349 0.0004137421 0.001912338 -0.005685303 -0.001336258 0.001912369 -0.00568541 0.002163742 0.001912399 -0.005685455 0.003913742 0.001912399 -0.005685135 0.001944992 0.001912949 -0.00568689 -0.005 0.001913223 0.005083572 -0.002073952 0.001914658 0.005083038 -0.003824028 0.001916794 -0.004960403 0.004319199 0.001918869 -0.005081451 -0.001872856 0.001931473 0.005256073 -0.004599724 0.00194014 -0.009299789 -0.005 0.00194014 -0.009299789 0.005 0.00194014 0.009299789 -0.005 0.00194014 0.009299789 0.005 0.001945358 0.004457321 -0.003291672 0.001946304 0.004456909 -0.003510483 0.001946304 0.004456909 -0.003401108 0.001946793 -0.004453064 -0.0004367905 0.001948166 -0.004456085 -0.0006554947 0.001948166 -0.004456085 -0.0005461197 0.001950241 0.00567421 -0.002612663 0.001952072 -0.004454391 0.001313499 0.001954117 0.004453491 0.001957779 0.001958084 0.005246582 -0.004600624 0.001961349 0.00567038 0.002636787 0.001961594 -0.005670303 0.001947403 0.001970108 -0.004496155 -0.003909744 0.001972641 -0.005666458 -0.00330204 0.001978989 -0.004492065 -0.003909393 0.001981918 -0.0095 -0.004881912 0.001981918 -0.0095 0.004881912 0.001981918 0.0095 -0.004881912 0.001981918 0.0095 0.004881912 0.001982559 -0.005223587 -0.004587158 0.00199498 0.005653595 -0.0008649902 0.00199501 0.005653671 0.00438501 0.001995438 0.005654526 -0.00414624 0.001995438 0.005654556 -0.00239624 0.001995468 0.005654587 -0.0006462402 0.001995468 0.005654617 0.00110376 0.001995468 0.005654633 0.0008850098 0.001995468 0.005654648 0.00285376 0.001995499 0.005654694 0.00460376 0.00199556 0.005654877 -0.00436499 0.001995987 0.005656403 -0.002614983 0.001996109 0.005656769 0.002635017 0.001996597 0.005658066 -0.005 0.002003159 0.004429047 0.0002045898 0.002004074 0.004431229 -1.416016e-05 0.002004074 0.004431229 9.521484e-05 0.00200444 -0.004930435 0.004322296 0.002011703 -0.004476883 -0.003908096 0.002017319 0.005378708 0.004745293 0.002041611 0.005033371 -0.001206123 0.002050369 -0.005029831 -0.000115593 0.002051468 0.005029358 0.004043312 0.002053024 0.005364685 0.004744102 0.002059097 -0.004908829 0.004324234 0.002059952 0.004401459 0.003700912 0.002061478 0.004404816 0.003482162 0.002061478 0.004404816 0.003591537 0.002066696 -0.00440239 0.003070656 0.002067764 0.004397079 0.001731644 0.002068222 0.004401306 0.003481728 0.002069687 0.004398102 -1.843262e-05 0.002070023 0.004400803 0.0002003632 0.002070724 0.00439679 -0.001768517 0.002071548 0.00439566 -0.003518593 0.002075211 -0.004398376 -0.002178818 0.002095413 -0.00501123 -0.002738091 0.002096817 -0.005010635 -0.0009880219 0.002097916 0.005621262 -0.004370049 0.002098221 -0.005010056 0.0007620621 0.002099625 -0.00500946 0.002512138 0.002101028 -0.005008881 0.004262222 0.002106155 -0.004379456 0.001323181 0.00210704 0.005617874 0.004598244 0.002107803 -0.004382858 0.001104485 0.002107803 -0.004382858 0.00121386 0.002108627 0.005617279 0.002848167 0.002108688 -0.005617264 0.00370472 0.002108963 0.005617157 0.0008793945 0.002110214 0.005616684 0.001098083 0.002111801 0.005616089 -0.0006520004 0.002113388 0.005615494 -0.002402069 0.002114975 0.005614899 -0.004152153 0.002119644 -0.005613129 -0.001544731 0.002144974 -0.005134155 -0.004565361 0.002147415 0.005322632 0.004740875 0.002162399 -0.004352936 -0.002173294 0.002162643 -0.00559671 0.005 0.002163742 -0.004355515 -0.002391998 0.002163742 -0.004355515 -0.002282623 0.002164291 0.004354279 -0.001555756 0.002164658 0.004355042 -0.001774498 0.002164658 0.004355042 -0.001665131 0.0021707 0.005170685 -0.004607849 0.002172714 0.004978195 -0.002963539 0.002180222 -0.00497493 0.001641617 0.002182449 0.004973938 0.002285904 0.002184525 0.004345108 -0.001557053 0.002188004 -0.004343369 -0.0004217224 0.002189835 -0.004970688 -0.003607834 0.002193069 0.004340805 0.003692398 0.002206161 -0.005100479 -0.004557152 0.002219772 0.004323944 0.001940582 0.002221054 0.004326569 0.001721825 0.002221054 0.004326569 0.0018312 0.002222336 -0.004366684 -0.003899635 0.002223953 -0.004322357 -0.002388161 0.002224899 -0.004320877 -0.0006380997 0.002225754 -0.004319855 0.001111961 0.002228073 -0.004321228 0.002862076 0.002228806 -0.005086639 -0.004554047 0.002235733 -0.004839005 0.004330505 0.002244919 0.005564194 0.005 0.002255234 0.005560043 -0.000878006 0.002262253 -0.004300949 0.003083023 0.002263992 -0.00430426 0.002864326 0.002263992 -0.00430426 0.002973701 0.002264908 -0.005556107 0.000212532 0.002266129 0.005555603 0.004371437 0.002288559 0.005259735 0.004736046 0.00229747 0.004286469 -0.003314438 0.002298935 -0.00428569 0.001335297 0.002305862 0.004281967 0.001935005 0.002308212 -0.00491684 0.003398781 0.002310074 0.00491597 0.003153595 0.002311447 0.004915314 0.001403511 0.002311935 0.00491507 0.0005284882 0.00231282 0.004914673 -0.0003465576 0.002313126 -0.005536209 -0.004816299 0.002314224 0.004914017 -0.002096642 0.002314682 -0.005535553 -0.003066216 0.002315598 0.004913361 -0.003846725 0.002316238 -0.005534912 -0.001316139 0.00231691 -0.004271927 -0.0004135056 0.002317734 -0.004912369 -0.001850685 0.002317795 -0.005534256 0.0004339371 0.002318649 -0.004275055 -0.0006322098 0.002318649 -0.004275055 -0.0005228348 0.002319321 -0.005533615 0.002184013 0.002320877 -0.005532959 0.003934097 0.002321671 0.004272202 -0.003316063 0.002321732 -0.004308411 -0.003895584 0.00232222 0.004273102 -0.003534821 0.00232222 0.004273102 -0.003425446 0.002327957 0.005106384 -0.004613274 0.002352158 -0.004290604 -0.003894348 0.002354507 -0.004785431 0.004334747 0.002376724 0.00424118 0.0001802673 0.002377487 0.00424263 -3.84903e-05 0.002377487 0.00424263 7.08847e-05 0.002379837 0.00508519 -0.004615074 0.00240004 0.005499084 -0.002635414 0.002406113 0.005074448 -0.004615982 0.002406326 -0.005491776 0.0002196884 0.002406387 -0.005491592 -0.001530304 0.002406448 -0.005491714 0.003719696 0.002406723 -0.005492676 -0.004811554 0.002406754 -0.005492752 -0.001311546 0.002406754 -0.005492722 -0.003061554 0.002406784 -0.005492828 0.002188454 0.002406784 -0.005492798 0.0004384537 0.002406815 -0.005492859 0.003938454 0.002407913 -0.005495148 -0.003280273 0.002407974 -0.004225388 0.003092232 0.002408066 -0.005495575 -0.005 0.002408066 -0.00549556 0.001969734 0.00240831 -0.005495468 0.001969749 0.002410812 0.00549437 0.002614021 0.002412949 0.004217392 0.00170903 0.002413559 0.004221191 0.003459084 0.002415451 0.004219147 -4.10614e-05 0.002415695 0.004216522 -0.00179113 0.002416061 -0.004220764 -0.002157249 0.002416946 0.004216232 -0.003541206 0.002416977 0.00422023 0.0001776352 0.002418991 -0.005490784 -0.003279716 0.002424484 -0.004967072 -0.004527184 0.002426468 -0.00424704 -0.003891327 0.002430649 0.004208542 0.003676628 0.002432297 0.004211441 0.003457863 0.002432297 0.004211441 0.003567238 0.002435257 0.00518631 0.004730904 0.002439835 0.004852875 -0.00122892 0.00244368 -0.004850937 -9.359741e-05 0.002447464 -0.00474353 0.004338081 0.002449326 0.004848083 0.004020523 0.002463882 -0.00473613 0.004338661 0.002467911 -0.004186279 0.001346222 0.002469833 -0.004189514 0.001127449 0.002469833 -0.004189514 0.001236824 0.002485153 -0.004829819 -0.002716255 0.002486526 -0.004829117 -0.0009661789 0.002486862 0.005455032 0.004359993 0.002486862 0.005455048 -0.000890007 0.002487473 0.005456635 -0.002640007 0.002487625 0.005456909 0.002609993 0.002487869 -0.004828445 0.0007838974 0.002487869 0.005457092 -0.004171257 0.002487869 0.005457138 -0.002421257 0.0024879 0.005457184 -0.000671257 0.0024879 0.005457199 0.000859993 0.00248793 0.005457214 0.001078743 0.00248793 0.00545726 0.002828743 0.002487961 0.005457306 0.004578743 0.002488052 0.005457504 -0.004390015 0.002488846 0.005459457 -0.005 0.002489212 -0.004827759 0.002533974 0.002490524 -0.004827057 0.00428405 0.002518448 0.005144653 0.004727997 0.002520493 -0.004902237 -0.004513702 0.002521133 -0.004154999 -0.002150307 0.002522873 -0.004157791 -0.00236911 0.002522873 -0.004157791 -0.002259735 0.002523239 -0.004157593 -0.0004003372 0.002526321 0.004155731 -0.001579704 0.00253035 0.00415303 -0.001579987 0.002530441 0.004153183 -0.001798737 0.002530441 0.004153183 -0.001689362 0.002534409 0.004150772 0.003669739 0.002535599 -0.004701035 0.004341248 0.002543198 0.005434341 -0.00439283 0.002549728 -0.005431305 0.003726906 0.002550217 0.005431061 0.004575554 0.002551773 0.005430344 0.00282547 0.002553268 0.005429626 0.001075394 0.002553848 0.005429352 0.0008566132 0.002554825 0.005428894 -0.0006746902 0.002556351 0.005428177 -0.002424767 0.002556473 -0.004135422 -0.002366837 0.002556534 -0.004132751 -0.0006167374 0.002557816 -0.004132507 0.001133339 0.002557907 0.005427444 -0.00417485 0.002559555 -0.004132507 0.002883385 0.002560226 -0.005426361 -0.00152256 0.002565933 0.004787384 -0.002986313 0.002567581 -0.004786514 0.001663422 0.002575302 0.004782349 0.00226313 0.002576797 -0.00478157 -0.00358606 0.00258284 0.004118149 0.001916397 0.002583969 0.004120102 0.001697632 0.002583969 0.004120102 0.001807007 0.002591782 -0.009139633 -0.005 0.002591782 -0.009139633 0.005 0.002591782 0.009139633 -0.005 0.002591782 0.009139633 0.005 0.002602219 0.005097916 0.004724998 0.002616379 -0.004095459 0.00310598 0.00261821 -0.004098434 0.002887169 0.00261821 -0.004098434 0.002996544 0.0026241 -0.004118042 -0.003883034 0.002629166 -0.004091431 0.001356651 0.002633713 0.00408847 -0.003337013 0.002637314 -0.00482338 -0.004497292 0.002637558 0.004967285 -0.004624107 0.002641708 0.004083328 0.001912437 0.002642227 -0.004819702 -0.004496582 0.002646835 -0.004101563 -0.003882027 0.002648788 -0.005383682 0.005 0.002668289 -0.004061508 -0.0003905334 0.002670364 -0.004064651 -0.0006093369 0.002670364 -0.004064651 -0.0004999619 0.002678696 0.004056915 -0.003340149 0.002679764 0.004058456 -0.003558922 0.002679764 0.004058456 -0.003449547 0.002689346 -0.004719162 0.003420357 0.002693985 -0.0095 -0.00478373 0.002693985 -0.0095 0.00478373 0.002693985 0.0095 -0.00478373 0.002693985 0.0095 0.00478373 0.002695114 0.005360641 -0.000900795 0.00269606 0.004715332 0.003130959 0.002697403 0.004714584 0.001380882 0.00269838 -0.00471402 -0.001829132 0.002698715 0.004713821 -0.0003692017 0.002699356 -0.005358505 0.0002345276 0.002699417 0.004713409 0.0005057526 0.002700058 0.004713058 -0.002119278 0.00270137 0.00471228 -0.003869362 0.002705612 0.005355347 0.004348648 0.002713608 -0.004053162 -0.003879089 0.002727921 0.005344025 0.005 0.002731522 0.004022949 0.0001562347 0.002731888 0.004023544 -6.252289e-05 0.002731888 0.004023544 4.685211e-05 0.002733688 -0.004022308 0.003113716 0.00274144 0.004011719 0.001686691 0.00274147 -0.004017029 -0.002135757 0.002741806 0.004014542 0.003436729 0.002742661 0.005019547 0.004719963 0.002743729 -0.005335938 -0.004794456 0.002743851 0.004010315 -0.001813477 0.002744675 0.004014038 -6.343079e-05 0.002745193 -0.00533519 -0.00304438 0.002745682 0.004010788 -0.00356356 0.002746658 -0.005334412 -0.001294304 0.002746964 0.004013275 0.0001551819 0.002748154 -0.005333649 0.0004557724 0.002749649 -0.005332886 0.002205849 0.002751114 -0.005332123 0.003955925 0.002754471 -0.00458551 0.004349174 0.002776596 -0.004572479 0.004350006 0.002777939 0.004894379 -0.004629135 0.002781967 0.003985687 0.003652664 0.002783524 0.003987991 0.003433884 0.002783524 0.003987991 0.003543259 0.002787552 0.004889374 -0.004629486 0.002812943 -0.003962738 0.001369377 0.002815079 -0.00396579 0.001150574 0.002815079 -0.00396579 0.001259956 0.00281517 -0.003979553 -0.003874611 0.0028181 -0.004643448 -7.221222e-05 0.002818497 -0.004547836 0.004351578 0.002821518 0.004641357 -0.001251579 0.002830582 0.004635834 0.003997864 0.002834427 0.0052883 -0.002658195 0.002835342 0.00496225 0.00471656 0.002836258 -0.005287338 0.001991547 0.002843399 -0.004670029 -0.004467529 0.002844406 -0.003944809 -0.000378624 0.002844772 0.005282745 0.002591255 0.00284639 -0.005281876 -0.003257935 0.002850143 0.003940674 -0.001602028 0.002856155 -0.004620117 -0.002694984 0.002857437 -0.004619324 -0.0009449081 0.002857773 0.00393515 0.003647438 0.002858719 -0.004618546 0.0008051682 0.002860001 -0.004617737 0.002555237 0.002861282 -0.004616943 0.004305313 0.002863602 -0.003926346 -0.002127075 0.002864883 0.004849197 -0.004632248 0.002865829 -0.003929306 -0.002345863 0.002865829 -0.003929306 -0.002236488 0.002871536 -0.004647858 -0.004463348 0.002872482 -0.004647095 -0.004463203 0.002874435 -0.003917801 -0.0005950317 0.002875015 0.003921127 -0.001603813 0.002875473 -0.0039216 -0.002345154 0.002875748 0.003922012 -0.001822578 0.002875748 0.003922012 -0.001713203 0.002876328 -0.003918259 0.001155022 0.002877274 -0.003917007 0.002905113 0.002882126 -0.005257233 0.0002439728 0.002882309 -0.005257645 -0.004787262 0.002882339 -0.005257706 0.000462738 0.002882339 -0.00525769 -0.001287262 0.002882339 -0.00525766 -0.003037262 0.00288237 -0.005257751 0.003962738 0.00288237 -0.005257721 0.002212738 0.002882797 -0.00525827 -0.00150602 0.002882919 -0.005258499 0.00374398 0.002883377 -0.005259598 0.001994019 0.00288356 -0.005259918 -0.003255981 0.002884354 -0.005261261 -0.005 0.002925034 0.003883575 0.001892639 0.002925858 0.003884781 0.001673874 0.002925858 0.003884781 0.001783249 0.002936417 -0.00456955 0.001684776 0.002941483 0.004566269 -0.003008888 0.002945206 -0.004563889 -0.003564697 0.002945724 -0.003869751 0.001378578 0.002950394 0.004560516 0.002240562 0.002951096 0.003865631 -0.003359177 0.002954819 -0.003858826 0.003129395 0.00295549 -0.003867004 -0.003868118 0.00295668 -0.003861389 0.002910606 0.00295668 -0.003861389 0.003019981 0.002958603 0.003859909 0.001890289 0.002959366 0.005214081 0.004334999 0.002959427 0.005214172 -0.0009150009 0.002959549 0.005214615 -0.002665001 0.002959671 0.005214798 0.002584999 0.002961136 0.004884491 0.004711945 0.002961197 0.00521727 -0.004196266 0.002961227 0.005217316 -0.002446266 0.002961227 0.005217346 0.0008349838 0.002961227 0.005217377 -0.0006962662 0.002961258 0.005217438 0.001053734 0.002961258 0.005217484 0.002803734 0.002961288 0.005217529 0.004553734 0.002961411 0.005217728 -0.004415016 0.002961624 0.00521814 -0.005 0.002967911 -0.00445993 0.00435717 0.002970749 -0.005212952 0.003748482 0.002971664 0.005212418 -0.004415565 0.002976669 0.005209549 0.00455291 0.002978165 0.00520871 0.002802834 0.00297963 0.00520787 0.001052757 0.002980728 -0.005207245 -0.001500999 0.002981094 0.005207031 -0.0006973267 0.002981857 0.005206589 0.0008338852 0.002982559 0.005206192 -0.002447403 0.002984055 0.005205353 -0.004197479 0.002999557 -0.003831635 -0.003866074 0.003000015 -0.005196152 -0.005 0.00300386 -0.003819885 -0.0003670044 0.003006241 -0.003822937 -0.0005857925 0.003006241 -0.003822937 -0.0004764175 0.003013687 0.003813828 -0.003363724 0.003015305 0.003815781 -0.00358252 0.003015305 0.003815781 -0.003473145 0.003025772 -0.004519485 -0.004439682 0.003034225 0.004834625 0.004709198 0.003045273 -0.003791901 0.003135818 0.0030504 0.003784332 0.003414864 0.003050461 0.00378241 0.001664818 0.003052353 -0.003786423 -0.003863548 0.003052505 0.003780548 -0.001835335 0.003052689 -0.00378595 -0.00211364 0.003053177 -0.004492371 0.003441833 0.003053848 0.003784348 -8.531189e-05 0.003055008 0.003781601 -0.003585449 0.003056625 -0.003782761 -0.00386335 0.003057144 0.003782349 0.0001332092 0.003061844 -0.004489456 -0.004434143 0.003061844 -0.00448645 -0.001807632 0.003063339 0.004485428 0.003108597 0.003063614 0.003776672 0.0001327362 0.003063828 0.003776917 -8.602142e-05 0.003063828 0.003776917 2.335358e-05 0.00306459 0.004484573 0.001358513 0.003065109 0.0095 -0.004721596 0.003065109 0.0095 0.004721588 0.003065201 -0.0095 -0.004721581 0.003065201 -0.0095 0.004721581 0.003065842 0.004483719 -0.0003915634 0.003067093 0.004482849 -0.002141647 0.003067978 0.004482269 0.0004833069 0.003068344 0.004481995 -0.003891716 0.003077042 -0.00447554 -0.004431671 0.003087906 0.004720047 -0.004640366 0.003110489 0.003735855 0.00362928 0.003111801 0.003737503 0.0034105 0.003111801 0.003737503 0.003519875 0.003112961 -0.005129288 0.0002559052 0.003114243 -0.005128525 0.005 0.003116745 0.005126999 -0.0009234619 0.003119888 -0.005118576 -0.004995911 0.003122787 -0.005123306 -0.004993568 0.003126724 0.005120895 0.004325989 0.003140884 -0.00370845 0.001393158 0.003143143 -0.003711182 0.001174377 0.003143143 -0.003711182 0.001283752 0.003150253 -0.003705154 -0.0003563385 0.003153305 0.00370253 -0.001623795 0.00315361 -0.005104401 -0.004773178 0.003155014 -0.005103531 -0.003023109 0.003156418 -0.005102661 -0.001273033 0.003157852 -0.005101791 0.0004770432 0.003159256 -0.005100906 0.002227119 0.003160446 0.003696472 0.003625687 0.00316069 -0.005100021 0.003977188 0.00317363 0.004739532 0.004703949 0.003175644 -0.004324524 0.004365257 0.003176804 -0.004405792 -5.049896e-05 0.003176834 -0.003676514 -0.0005728149 0.003178299 -0.003680252 -0.002322914 0.003178513 0.004663147 -0.004643723 0.003179214 -0.004321945 0.004365395 0.003179398 -0.003675201 0.002927345 0.003179489 -0.003677628 0.001177246 0.003183212 0.004401184 -0.001273903 0.00318837 -0.003667267 -0.00210321 0.003189529 0.005082031 0.005 0.003190933 -0.003670181 -0.002321991 0.003190933 -0.003670181 -0.002212616 0.003191727 0.004394989 0.003975555 0.003195877 0.003663284 -0.001627014 0.003197189 0.003664719 -0.001845772 0.003197189 0.003664719 -0.001736397 0.003198288 -0.004364578 -0.00441198 0.003209183 0.00464389 -0.004644859 0.003209274 0.004643799 -0.004644859 0.003210617 -0.004381226 -0.004423363 0.003211838 -0.004380325 -0.002673286 0.003213058 -0.004379425 -0.0009232101 0.003214279 -0.004378525 0.0008268661 0.003214432 0.004709534 0.004702377 0.00321553 -0.00437764 0.002576942 0.003216751 -0.004376724 0.004327026 0.003222672 -0.005052078 -0.004992401 0.003230515 -0.008933868 -0.005 0.003230515 -0.008933868 0.005 0.003230515 0.008933853 -0.005 0.003230515 0.008933853 0.005 0.003243118 -0.004323547 -0.004404694 0.003243149 0.003623413 0.001869553 0.003243484 0.003623825 0.001650795 0.003243484 0.003623825 0.00176017 0.003243637 -0.005047668 0.002012894 0.003245865 -0.003621719 0.001400993 0.003247086 0.003620575 -0.003380722 0.003249283 0.005044037 -0.002680771 0.003252914 -0.003615356 -0.00384845 0.003253372 -0.005041412 -0.003236572 0.003254013 0.003614365 0.001868767 0.003259079 0.005037689 0.002568687 0.00327446 -0.003592224 0.003153389 0.00327623 -0.003594254 0.002934624 0.00327623 -0.003594254 0.003043999 0.003289963 -0.00432196 0.001706703 0.003293564 0.004651337 0.004699341 0.003295975 0.004317352 -0.003031052 0.003298355 -0.004315567 -0.003542763 0.003304337 0.004310974 0.002218422 0.003319992 -0.00354866 -0.0003429565 0.003322556 -0.003551453 -0.0005617294 0.003322556 -0.003551453 -0.0004523544 0.003323868 0.003546051 -0.003386711 0.003326004 0.003548233 -0.003605415 0.003326004 0.003548233 -0.00349604 0.003330826 -0.004975052 -0.004988548 0.003335434 -0.004981918 0.003986855 0.003335434 -0.004981903 0.0004868546 0.003335434 -0.004981903 0.002236855 0.003335434 -0.004981888 -0.004763145 0.003335434 -0.004981888 -0.003013145 0.003335434 -0.004981888 -0.001263145 0.003335434 -0.004981842 -0.004981895 0.003335464 -0.004981873 0.0002681046 0.003336075 -0.004982956 0.002018089 0.003336227 -0.004983154 -0.003231918 0.003337051 -0.004984177 -0.001481926 0.003337265 -0.004984467 0.003768074 0.003337387 0.003533005 0.003393517 0.003337906 0.003531815 0.00164341 0.003338028 -0.004985748 -0.005 0.003339371 -0.003535675 0.003158363 0.003339554 0.003529541 -0.001856743 0.0033405 0.003532455 -0.0001066055 0.003342789 0.003531082 -0.003606773 0.003345444 0.003529892 0.0001118469 0.003346298 -0.003529114 -0.002091087 0.003365707 -0.003505341 -0.003839294 0.003368118 -0.003507751 -0.00386335 0.00336998 0.00350473 0.0001098633 0.003370895 0.0035056 -0.0001088715 0.003370895 0.0035056 5.0354e-07 0.003372635 -0.004962418 0.003769958 0.003374924 -0.003501709 -0.00386335 0.003376846 -0.004189117 -0.004381638 0.003377335 -0.004179413 0.004373421 0.003379349 0.00495784 -0.004438026 0.003382217 -0.004955887 -0.0014795 0.003382462 0.004955704 0.004530548 0.003383865 0.004954758 0.002780472 0.003385239 0.004953796 0.001030388 0.003386642 0.004952866 -0.0007196884 0.003388016 0.004951904 -0.002469765 0.003388962 0.004951248 0.0008114319 0.00338942 0.004950958 -0.004219841 0.003401169 -0.004235016 0.003463951 0.003408585 0.00493219 -0.002689781 0.003408615 0.004932281 0.002560226 0.003408707 0.004228928 0.0030867 0.003409012 0.004932678 0.004310211 0.003409134 0.004932831 -0.0009397888 0.003409409 -0.004228378 -0.001785507 0.003409897 0.004227997 0.001336632 0.003410355 0.00493483 -0.004439804 0.003410446 0.004934937 0.004528946 0.003410477 0.004934982 0.002778946 0.003410507 0.004935028 0.001028946 0.003410538 0.004935074 -0.0007210541 0.003410568 0.004935135 -0.002471062 0.003410599 0.004935165 0.0008101883 0.003410629 0.004935181 -0.004221062 0.003411057 0.004227036 -0.0004134445 0.003411209 0.004935959 -0.005 0.003412216 0.004226105 -0.002163521 0.003413406 0.004225143 -0.003913597 0.003414383 0.00422435 0.0004613342 0.003414444 0.003461365 0.003606384 0.003415329 0.003462326 0.003387657 0.003415329 0.003462326 0.003497032 0.003416306 -0.00414946 -0.004374847 0.003419754 0.004501007 -0.004652763 0.003435043 0.003442795 -0.001645157 0.003435226 -0.0095 -0.004652428 0.003435226 -0.0095 0.004652428 0.003435226 0.0095 -0.004652428 0.003435226 0.0095 0.004652428 0.003437454 -0.004899109 -0.004984741 0.003437454 -0.003440399 -0.0003336945 0.003440292 0.004535217 0.004693588 0.003441666 0.003436157 0.003604317 0.0034478 -0.003425522 0.001417358 0.003449997 -0.003427811 0.001198593 0.003449997 -0.003427811 0.001307968 0.003460587 -0.003410721 -0.0005502625 0.003461624 -0.003413589 -0.002300339 0.003462753 -0.00340892 0.002949905 0.003464127 -0.003412308 0.001199806 0.00349144 -0.003379959 -0.002078979 0.003492722 0.003380493 -0.001649971 0.003494217 -0.003382706 -0.002297737 0.003494217 -0.003382706 -0.002188362 0.003494644 0.003382278 -0.00186869 0.003494644 0.003382278 -0.001759315 0.003496109 0.004491043 0.004691406 0.003500717 -0.004056244 -0.00435936 0.00350737 -0.004844482 -0.004982132 0.003509232 -0.004866791 0.000277626 0.003516251 0.004861679 -0.0009457703 0.003518356 -0.004138138 -2.82135e-05 0.003518631 -0.004859985 -0.00497184 0.003519882 -0.004066528 0.004379433 0.003521835 0.004135208 -0.00129567 0.003522629 0.003353088 -0.003402229 0.003525711 0.004854858 0.004303688 0.003526321 -0.003349228 0.001423714 0.003529129 0.003346283 0.001847237 0.003529739 0.004128433 0.003953812 0.003532883 -0.003342316 -0.003825729 0.003537308 0.003336899 0.001846527 0.003537674 0.003337219 0.001627785 0.003537674 0.003337219 0.00173716 0.003546555 -0.004839645 -0.004751495 0.003547165 0.004405869 -0.004657646 0.003547897 -0.004838654 -0.003001411 0.003548996 -0.004111923 -0.004401131 0.003549271 -0.004837662 -0.001251335 0.003550156 -0.004110916 -0.002651047 0.003550613 -0.00483667 0.0004987411 0.003551285 -0.004109924 -0.0009009705 0.003551987 -0.004835663 0.002248817 0.003552475 -0.004108917 0.0008491058 0.003553329 -0.004834686 0.003998901 0.003553635 -0.004107925 0.00259919 0.003554794 -0.004106918 0.004349266 0.003555313 -0.004833221 0.005 0.003558945 -0.004035599 0.004381081 0.003567795 0.004428879 0.004688515 0.003571487 -0.00329805 0.003177689 0.0035728 -0.004024628 0.00438166 0.003572922 -0.003299454 0.002958931 0.003572922 -0.003299454 0.003068306 0.003581223 -0.003967331 -0.004344604 0.003605118 0.003258499 0.003371849 0.003606339 0.003257919 0.001621788 0.003607498 0.003255264 -0.001878387 0.003608017 0.003257416 -0.0001282883 0.003611465 0.003256958 -0.003628418 0.00361174 0.003251694 -0.003409935 0.003612808 -0.003255753 0.003181122 0.00361293 -0.003250351 -0.000318634 0.003614365 0.003253998 -0.003628647 0.003614365 0.003253998 -0.003519272 0.003614487 0.003253876 9.009552e-05 0.003615524 -0.003252747 -0.000537384 0.003615524 -0.003252747 -0.000428009 0.003616959 0.004353745 -0.004660316 0.003619186 -0.003248657 -0.002068314 0.003623306 0.004348999 -0.004660568 0.003625137 -0.004044937 0.001729118 0.003626236 0.004780243 0.005 0.003626541 0.004043686 -0.003052597 0.003633041 -0.004037842 -0.003520332 0.003634171 -0.004774185 0.002034821 0.003634262 0.004036743 0.002196892 0.003640854 0.004769104 -0.002702927 0.003643478 -0.004767105 -0.003214638 0.003644333 -0.004737488 -0.004977028 0.00365007 0.004762054 0.002546547 0.003654312 0.003205902 8.651733e-05 0.003654526 -0.003202896 -0.003814964 0.00365593 0.00320723 -0.0001322174 0.00365593 0.00320723 -2.284241e-05 0.003656845 -0.003204865 -0.00386335 0.003671219 -0.003189743 -0.00386335 0.003689957 0.004322906 0.004683586 0.003692856 -0.003831787 -0.004322769 0.00369664 0.003159607 0.003582947 0.003696945 0.003159882 0.003364212 0.003696945 0.003159882 0.003473579 0.003697647 0.003159058 -0.001667107 0.003702988 -0.003152786 -0.0003109055 0.003703812 0.003151871 0.003582352 0.003722763 -0.003122681 -0.0005275803 0.003723251 -0.003124756 -0.002277657 0.003724472 -0.003120468 0.00297258 0.00372673 -0.003124176 0.001222511 0.003729599 -0.003948837 0.003486488 0.003729843 0.003948593 0.003065414 0.003729996 -0.00311673 0.001441704 0.003730942 0.003947571 0.001315346 0.003731949 -0.003118454 0.001222961 0.003731949 -0.003118454 0.001332336 0.00373201 0.003946548 -0.0004347305 0.003733109 0.003945496 -0.002184807 0.003734207 0.003944473 -0.003934883 0.003736404 0.003942398 0.0004399643 0.00373732 -0.003941544 -0.001762962 0.003737839 -0.003777191 -0.004313972 0.003747726 -0.004649109 -0.004973 0.003757034 -0.004678131 0.003792076 0.003761795 -0.003860168 0.004389977 0.003762619 0.004673615 -0.004460014 0.00376268 -0.004667572 0.004011375 0.003762711 -0.004667603 -0.004738632 0.003762711 -0.004667587 -0.002988625 0.003762711 -0.004667587 -0.001238625 0.003762711 -0.004667572 0.0005113754 0.003762711 -0.004667572 0.002261375 0.003762833 -0.004667862 0.002042618 0.003762924 -0.004667984 -0.00320739 0.003762924 -0.004667786 -0.004957382 0.003763016 -0.004667908 0.0002926178 0.003764053 0.00467247 0.004508659 0.003765335 -0.004670898 0.003792587 0.003765366 0.004671417 0.002758583 0.00376561 -0.004671219 -0.005 0.00376561 -0.004671204 -0.001457413 0.003766159 -0.004670807 -0.001457382 0.003766647 0.00467038 0.001008507 0.003767319 0.003070587 -0.001673599 0.00376796 0.004669327 -0.0007415695 0.003769241 -0.003067307 -0.002054619 0.003769241 0.004668274 -0.002491646 0.003769821 0.003072586 -0.001892319 0.003769821 0.003072586 -0.001782944 0.003770554 0.004667236 -0.004241722 0.003771652 0.004666336 0.0007894669 0.003772171 -0.003069717 -0.002273361 0.003772171 -0.003069717 -0.002163986 0.003776047 -0.003726044 -0.004305969 0.003778519 0.003061859 -0.003424362 0.003784256 -0.003054779 0.001446503 0.00378447 0.003054504 0.001825089 0.003790237 -0.003047363 -0.003802948 0.00380806 0.003022781 0.001822807 0.003809219 0.003023621 0.001604065 0.003809219 0.003023621 0.00171344 0.003817307 0.004202042 0.004678291 0.003819717 0.004187943 -0.004668266 0.003825851 0.0095 -0.004571945 0.003825851 0.0095 0.004571938 0.003825912 -0.0095 -0.00457193 0.003825912 -0.0095 0.004571915 0.0038311 0.004611572 -0.002714157 0.0038311 0.004611572 0.002535843 0.003832199 0.004612961 -0.00446418 0.00383223 0.004613007 0.00450457 0.00383226 0.004613037 0.00275457 0.00383226 0.004613068 0.001004562 0.003832291 0.004613098 -0.0007454376 0.003832321 0.004613129 -0.002495438 0.003832352 0.004613159 -0.004245438 0.003832352 0.004613174 0.0007858124 0.003832382 0.004612991 0.00428582 0.003832565 0.004613235 -0.0009641876 0.003834091 0.004615173 -0.005 0.003836441 0.003845108 -0.001317032 0.003839127 -0.003842422 -5.569458e-06 0.003842453 -0.00297934 0.003202034 0.003843369 -0.004567368 -0.004969269 0.003843369 -0.002980087 0.002983292 0.003843369 -0.002980087 0.003092667 0.003843735 -0.003781876 0.004393745 0.003843826 0.003837708 0.003932442 0.003852493 0.002961273 0.003349663 0.003853104 -0.008683533 -0.005 0.003853104 -0.008683533 0.005 0.003853104 0.008683533 -0.005 0.003853104 0.008683533 0.005 0.003854477 0.002961227 0.001599602 0.003854996 0.002959732 -0.0001504898 0.003855118 0.002958237 -0.001900566 0.00385817 0.00295874 -0.003650635 0.003862778 0.002954865 6.778717e-05 0.003862839 -0.002954773 0.003203896 0.003866409 -0.003815002 -0.004378555 0.003867477 -0.003813904 -0.002628471 0.003868546 -0.003812805 -0.0008783875 0.003868637 -0.002947189 -0.002045555 0.003869644 -0.003811722 0.0008716812 0.003870712 -0.003810623 0.002621765 0.00387178 -0.003809525 0.004371849 0.003874161 -0.00453862 -0.00496801 0.003875229 0.00414711 0.00467588 0.003875992 0.002931198 -0.003433792 0.003879044 0.002933472 -0.003652512 0.003879044 0.002933472 -0.003543137 0.003879288 -0.002928055 -0.0002943115 0.003881699 -0.002929977 -0.0005130539 0.003881699 -0.002929977 -0.0004036789 0.00388588 -0.003579071 -0.004282967 0.00388652 -0.004571121 0.0002999115 0.003890305 0.004567886 -0.0009675446 0.003892349 0.004122742 -0.004671219 0.00389537 0.004126175 0.004674995 0.003895432 -0.004563522 -0.004949539 0.003899094 0.00456041 0.004281937 0.003912857 -0.003715851 0.004396919 0.003914444 0.002881393 6.258392e-05 0.003916214 -0.00287706 -0.003790665 0.003916702 0.00288298 -0.0001561508 0.003916702 0.00288298 -4.677582e-05 0.00391832 -0.00287854 -0.00386335 0.003920334 -0.00454216 -0.004729256 0.003921616 -0.004541061 -0.002979172 0.003922897 -0.004539948 -0.001229095 0.003924149 -0.004538849 0.0005209885 0.00392543 -0.00453775 0.002271057 0.003926712 -0.004536636 0.004021141 0.00393428 0.003744949 -0.003074104 0.0039384 -0.003740631 0.001751839 0.003938583 0.002853058 -0.001689552 0.003938766 -0.002852798 -0.00386335 0.003941544 0.00373732 0.002175362 0.003944107 -0.003685989 0.004398354 0.003944168 0.002845352 0.003559898 0.00394429 -0.002845123 -0.0002881927 0.003945724 -0.003732895 -0.003497604 0.003953201 0.002831619 0.003558945 0.003953751 0.002831985 0.003340195 0.003953751 0.002831985 0.00344957 0.003960709 -0.002816528 -0.002255066 0.003960892 -0.002815125 -0.0005049973 0.003962082 -0.002812561 0.002995155 0.003963821 -0.002815399 0.00124511 0.003968552 -0.004500092 0.005 0.003972153 -0.003451447 -0.004263535 0.00398439 -0.002785416 0.001465958 0.003985916 -0.002786545 0.001247215 0.003985916 -0.002786545 0.00135659 0.003998215 0.004027756 -0.004675545 0.00400444 -0.00446817 0.002057251 0.004005997 0.004466782 -0.002724472 0.004009109 0.004017929 -0.004675987 0.004011765 0.002749161 -0.003446922 0.004013168 -0.004460342 -0.0031922 0.004014511 0.004459106 0.002525009 0.00401622 0.002736237 -0.001697701 0.004017166 0.002741287 0.001802528 0.004017197 -0.002741241 0.001469147 0.004018814 -0.002732742 -0.002030426 0.004019241 0.002738235 -0.001916435 0.004019241 0.002738235 -0.00180706 0.00402034 -0.003608109 0.004401978 0.004021652 -0.002734726 -0.002249146 0.004021652 -0.002734726 -0.002139771 0.004022079 -0.003377609 -0.004252281 0.004022537 -0.002733398 -0.003780312 0.004025223 -0.003372955 -0.004251572 0.004029556 0.003642212 0.003043777 0.004030624 0.003641083 0.001293701 0.004031631 0.003639954 -0.0004563828 0.004032639 0.00363884 -0.002206459 0.004033646 0.003637695 -0.003956535 0.004034439 -0.004388916 -0.004961449 0.00403447 0.004441055 0.005 0.004034988 -0.00363623 0.003509247 0.00403688 0.00363414 0.0004182205 0.004042099 -0.003628296 -0.001740189 0.004051804 0.003963684 0.004668129 0.004052567 0.002684647 0.001798637 0.004054459 0.002685837 0.001579887 0.004054459 0.002685837 0.001689262 0.004076675 0.002643768 0.003327126 0.004078751 0.002641785 -0.0001730347 0.004079575 0.002644104 0.001577057 0.004079605 0.002640869 -0.001923103 0.004081528 0.00264032 -0.003673195 0.004084427 -0.002639648 0.003226158 0.00408461 -0.002639755 0.003007408 0.00408461 -0.002639755 0.003116783 0.004087234 -0.002635696 0.00322644 0.004087509 0.002635269 4.512787e-05 0.004092361 -0.002627731 -0.002023018 0.004110489 -0.003235504 -0.004231102 0.004113235 0.002587555 -0.003458023 0.004116257 -0.002585434 -0.000270256 0.004116562 0.002589645 -0.003676765 0.004116562 0.002589645 -0.00356739 0.004118362 -0.002586807 -0.0004889832 0.004118362 -0.002586807 -0.0003796082 0.004118881 0.0043629 0.004487366 0.004118973 0.004362823 -0.004481384 0.004119827 -0.004362015 0.003814613 0.004120102 0.004361771 0.002737297 0.004121292 0.004360611 0.0009872208 0.004122513 0.004359482 -0.0007628555 0.004123703 0.004358337 -0.002512932 0.004124924 0.004357193 -0.004263 0.004127335 0.004354904 0.0007680893 0.004128372 -0.004353943 -0.001434837 0.004129776 0.003528229 -0.001338989 0.004133011 -0.004288345 -0.00495723 0.004135727 -0.003521225 1.721954e-05 0.004136612 0.003520172 0.003910477 0.004145645 -0.003471298 0.004408134 0.004147018 0.002534256 3.830719e-05 0.004148209 -0.002531555 -0.003766685 0.004149826 -0.002532501 -0.00386335 0.004149857 0.002535934 -0.0001804428 0.004149857 0.002535934 -7.106781e-05 0.004155075 0.002527374 -0.001712273 0.004159256 -0.002520508 -0.0002657776 0.004159561 -0.003493042 -0.00435585 0.004160019 0.002519226 0.00353717 0.004160355 -0.004316681 0.00206749 0.004160416 -0.004316742 -0.003182518 0.004160538 -0.003491867 -0.002605782 0.004160812 -0.004317047 0.00228624 0.004160812 -0.004317032 0.004036232 0.004160843 -0.004317062 0.0005362396 0.004160873 -0.004317108 -0.00296376 0.004160873 -0.004317078 -0.00121376 0.004160904 -0.004317123 -0.00471376 0.00416127 -0.00431749 -0.004932518 0.004161453 -0.004317673 0.000317482 0.004161545 -0.003490692 -0.0008556976 0.004162186 -0.004318649 0.003817474 0.00416246 -0.004318909 -0.001432526 0.00416246 0.003837799 0.004662956 0.004162521 -0.003489517 0.0008943863 0.004163498 -0.003488327 0.00264447 0.004163742 -0.004320145 -0.005 0.004164474 -0.003487152 0.004394539 0.004171951 -0.002491974 -0.002232796 0.004172928 -0.002491104 -0.0004827118 0.004173599 -0.002488281 0.003017426 0.004174637 -0.002490387 0.001267387 0.004175491 -0.00249353 -0.00386335 0.004181076 0.002481033 0.00353463 0.004182449 0.002481781 0.00331588 0.004182449 0.002481781 0.003425247 0.004189011 -0.00342395 0.004410263 0.004191422 0.003839005 -0.00468383 0.00419838 0.003796936 0.004661278 0.00420845 -0.002435425 0.00148983 0.004209305 -0.002435974 0.001271088 0.004209305 -0.002435974 0.001380463 0.00421434 -0.003052505 -0.004204391 0.004215408 -0.0095 -0.004484291 0.004215408 -0.0095 0.004484283 0.004215408 0.0095 -0.004484291 0.004215408 0.0095 0.004484283 0.004216293 -0.0042034 -0.004953651 0.004217209 0.00381131 -0.004684998 0.004217514 -0.004202194 -0.004953598 0.004219681 0.003772705 0.004660278 0.004219833 0.002417709 -0.003469688 0.004220078 0.003419678 -0.003096237 0.00422319 -0.00241185 0.001491425 0.004223923 0.004255081 0.002511734 0.004223984 0.004255157 -0.002738266 0.004224075 0.004255402 -0.004488258 0.004224075 0.004255417 0.004480492 0.004224106 0.004255432 0.002730492 0.004224106 0.004255463 0.0009804916 0.004224136 0.004255478 -0.0007695007 0.004224167 0.004255493 -0.002519501 0.004224167 0.004255508 -0.004269501 0.004224197 0.004255539 0.0007617493 0.004224564 0.002409424 0.001779755 0.004226334 0.004257507 0.00426178 0.004226456 -0.003411774 0.001774628 0.004226578 0.004257828 -0.0009882126 0.00422673 0.003411438 0.002153221 0.004226974 0.00425824 -0.005 0.004227829 -0.002403641 -0.003758041 0.004231796 -0.003021744 -0.004199905 0.004233139 -0.003403473 -0.003474823 0.004235733 -0.003014023 -0.004198799 0.004236404 0.002380707 -0.001722038 0.004237717 -0.002380188 -0.002006645 0.004237869 0.004247421 -0.0009889069 0.004238083 -0.003365112 0.004412796 0.004239761 0.002382568 -0.001940788 0.004239761 0.002382568 -0.001831413 0.00424028 -0.002381699 -0.002225357 0.00424028 -0.002381699 -0.002115982 0.004240829 -0.004244476 0.0003225555 0.004246048 0.004239258 0.004260567 0.004249161 -0.004236145 -0.004926888 0.004259567 -0.002337372 -0.00386335 0.004267807 0.002325958 0.001774284 0.00427037 0.002327271 0.001555527 0.00427037 0.002327271 0.001664902 0.00427095 -0.004214172 -0.00470668 0.004272141 -0.004212967 -0.002956596 0.004273331 -0.004211761 -0.00120652 0.004274521 -0.004210541 0.0005435638 0.004275314 0.002308762 0.003304451 0.004275711 -0.004209335 0.00229364 0.004276901 -0.00420813 0.004043724 0.004276901 0.002306412 -0.0001957092 0.00427861 0.002305923 -0.001945793 0.00427919 0.002309311 0.001554367 0.004279221 0.00230452 -0.003695869 0.004284103 -0.00230188 0.00324855 0.004286209 0.002298004 2.233887e-05 0.004288559 -0.002293594 -0.002000916 0.004293747 -0.002282166 0.003249779 0.004294449 -0.002282516 0.003031044 0.004294449 -0.002282516 0.003140419 0.004306442 0.003310257 0.003021568 0.004307358 0.003309052 0.0012715 0.004308273 0.003307846 -0.0004785843 0.004309219 0.003306625 -0.002228668 0.004310165 0.00330542 -0.003978745 0.004314194 0.003300171 0.0003959122 0.004314255 -0.003300049 0.003532021 0.004320541 0.002224274 -0.003482376 0.004320724 -0.003291611 -0.00171743 0.004321793 -0.002226547 -0.0002467194 0.004323318 -0.002227402 -0.0004654465 0.004323318 -0.002227402 -0.0003560715 0.00432399 0.002226089 -0.003701134 0.00432399 0.002226089 -0.003591759 0.00434285 -0.002802795 -0.004168724 0.004344864 0.002185028 -0.001735062 0.004345963 0.00413678 -0.002745979 0.004346207 -0.002182343 -0.0002438583 0.004348495 -0.002170471 -0.003743248 0.004348648 -0.002170547 -0.003852371 0.004348679 -0.003232544 0.004418503 0.004349136 0.002176514 0.003514381 0.004349228 0.002168137 1.395416e-05 0.004349289 -0.002170853 -0.00386335 0.004350235 0.003668503 -0.004691032 0.004350479 -0.004132019 0.002079964 0.004350754 -0.004131729 0.005 0.004352524 0.002169739 -0.0002048035 0.004352524 0.002169739 -9.542847e-05 0.004353928 0.004128372 0.002503487 0.004355545 -0.002154434 -0.002211029 0.004357346 -0.002153931 -0.0004609299 0.004357437 -0.002150955 0.0030392 0.004357712 -0.002152466 0.001289131 0.004358597 -0.004123474 -0.003169479 0.004366409 0.003651108 -0.004691772 0.00437822 0.002112091 0.003510292 0.004378769 0.00357431 0.004652351 0.004379501 -0.002114746 -0.00386335 0.004380325 0.002113037 0.003291527 0.004380325 0.002113037 0.003400902 0.00439241 -0.004007278 -0.004945709 0.004398819 0.003186462 -0.001361427 0.004400406 -0.002070938 0.001294327 0.004400406 -0.002070938 0.001403702 0.004400528 0.002070648 -0.003492447 0.004400803 -0.002070038 0.00151313 0.004404556 0.002062042 0.001756996 0.00440477 -0.002061584 -0.003736351 0.004405045 0.003177856 0.003888023 0.004405258 -0.003177597 3.993988e-05 0.004411209 0.004067108 0.005 0.004416122 -0.002639725 -0.004146057 0.004416977 -0.002637894 -0.004145805 0.004421432 -0.003136673 0.004422455 0.004424271 -0.00201384 -0.001983521 0.004425217 0.002007858 -0.00174633 0.004425644 -0.003149124 -0.004333244 0.004426346 -0.002014847 -0.00220224 0.004426346 -0.002014847 -0.002092857 0.004426529 -0.003147873 -0.002583176 0.004427414 -0.003146622 -0.0008330917 0.004428299 -0.003145386 0.0009169922 0.004428787 0.002009476 -0.001965111 0.004428787 0.002009476 -0.001855728 0.004429184 -0.003144135 0.002667068 0.004430069 -0.003142883 0.004417145 0.004443527 -0.002578766 -0.004137589 0.004446487 0.001959396 0.003281853 0.004447525 0.001956787 -0.0002183075 0.004449326 0.001954544 -0.003718475 0.004450089 0.004024551 0.004465721 0.00445015 0.001956543 -0.001968399 0.004450668 0.001959686 0.001531746 0.004451218 0.0040233 0.002715652 0.004451401 0.001950607 0.001750015 0.004451462 0.004023026 -0.00450312 0.004452316 0.004022064 0.0009655762 0.004452347 -0.001956787 0.003270042 0.004453445 0.004020813 -0.0007845078 0.004454483 0.001951904 0.00153125 0.004454483 0.001951904 0.001640617 0.004454575 0.004019577 -0.002534584 0.004455704 0.004018326 -0.00428466 0.00445607 -0.001948273 -0.001979446 0.004456497 -0.008389877 -0.005 0.004456497 -0.008389877 0.005 0.004456497 0.008389862 -0.005 0.004456497 0.008389862 0.005 0.004456924 0.001946289 -3.585815e-07 0.004457169 -0.004016678 0.003837379 0.004459244 0.004014389 0.0007463455 0.004465042 -0.004007935 -0.001412071 0.004469986 -0.001911896 0.003272743 0.004471542 -0.001912506 0.00305397 0.004471542 -0.001912506 0.003163345 0.004472916 0.003445343 0.004647324 0.004475296 0.003442108 0.004647209 0.004480606 0.003070435 -0.003118797 0.004484756 -0.003896591 -0.004941345 0.004486588 0.00306163 0.002130653 0.004486649 -0.0030616 0.001797272 0.004492599 -0.003052811 -0.003452187 0.004494705 -0.001855103 -0.0002238235 0.004495499 -0.001855484 -0.0004425812 0.004495499 -0.001855484 -0.0003332062 0.004495682 0.001845398 -0.003506577 0.004499039 0.001846832 -0.003725357 0.004499039 0.001846832 -0.003615982 0.004499313 -0.003034042 0.004426689 0.004499619 -0.003878815 -0.004940659 0.004504532 -0.00183345 -0.0002225037 0.00450621 0.001829376 -0.00175769 0.00450975 0.001820557 0.00349176 0.004510849 -0.001806335 -0.002189651 0.004512527 -0.001804047 0.001310486 0.004513016 -0.001802933 0.00306057 0.004513504 -0.00180603 -0.0004396133 0.004516037 -0.001796844 -0.00386335 0.004516159 -0.001796936 -0.003720322 0.004518784 -0.001798035 -0.003829735 0.004518967 0.001787094 -1.02005e-05 0.004519485 0.003471207 -0.00469912 0.004522568 0.001788498 -0.0002289734 0.004522568 0.001788498 -0.0001195984 0.004525589 -0.003932053 -0.003157494 0.00452562 -0.003932068 0.002092506 0.004526627 -0.003933075 0.003842506 0.004526718 -0.003932968 0.004061264 0.004526749 -0.003932999 0.002311264 0.004526779 -0.003933014 0.000561264 0.00452681 -0.003933044 -0.001188736 0.00452684 -0.003933258 -0.001407494 0.00452684 -0.003933075 -0.002938736 0.004526871 -0.00393309 -0.004688736 0.004527451 -0.003933578 -0.004907486 0.004527695 -0.003933807 0.000342514 0.004528976 0.003368561 0.004644341 0.004529037 -0.003840836 -0.004939201 0.004529251 -0.003935242 -0.005 0.004532242 -0.002986191 0.004428581 0.004533768 -0.002349762 -0.004106499 0.00453389 0.003454269 -0.004699814 0.004542557 0.001728928 0.003486191 0.004545303 0.001729904 0.003267403 0.004545303 0.001729904 0.003376778 0.004549301 -0.001719421 -0.00386335 0.004550186 -0.00171701 0.001534515 0.004552292 0.001711426 -0.003514977 0.004553482 -0.001708237 -0.003714951 0.004555618 0.001702545 0.001734474 0.004557236 0.002955444 0.002999016 0.00455809 0.002954163 0.00124894 0.004558304 -0.001692642 0.00153598 0.004558914 0.002952881 -0.0005011444 0.004559219 -0.001692932 0.001317223 0.004559219 -0.001692932 0.001426598 0.004559738 0.002951599 -0.002251228 0.004560593 0.002950302 -0.004001305 0.004561874 0.003897385 -0.001010857 0.004564499 -0.002259628 -0.004094543 0.004564835 -0.00294371 0.003554565 0.00456514 0.002943237 0.0003732529 0.004568466 -0.003889648 0.0003453445 0.004569443 0.003888504 0.004238602 0.004570572 -0.002934799 -0.001694893 0.004576096 -0.003880692 -0.004904099 0.004578964 -0.00163382 -0.001960487 0.00458049 -0.001634415 -0.00217926 0.00458049 -0.001634415 -0.002069885 0.004580673 -0.002212082 -0.004088242 0.004580917 0.001621872 -0.001770332 0.004583206 0.003865005 -0.004512688 0.004583206 0.003865021 0.00270607 0.004583206 0.003865021 0.00445607 0.004583237 0.003865036 -0.0007939301 0.004583237 0.003865036 0.0009560699 0.004583237 0.003865051 -0.00429393 0.004583237 0.003865051 -0.00254393 0.004583237 0.003865067 0.0007373199 0.004583969 0.00386554 0.00248732 0.004584122 0.003865677 -0.00276268 0.004584488 0.001623154 -0.001989113 0.004584488 0.001623154 -0.001879738 0.004585678 0.003867126 -0.001012657 0.004585983 -0.002908173 0.004431671 0.004586014 0.003867386 0.00423735 0.004586777 0.003868011 -0.005 0.004588821 0.001599091 0.003259544 0.004589218 0.001596298 -0.0002406158 0.0045905 0.001593811 -0.003740768 0.004591599 0.001598526 0.00150943 0.004592789 0.00159613 -0.001990723 0.004592972 -0.00159906 0.003291611 0.004594803 -0.003858521 -0.004683983 0.004595871 -0.003857224 -0.002933899 0.004596054 -0.001590164 -0.001957855 0.00459697 -0.003855927 -0.001183823 0.004598038 -0.003854614 0.0005662613 0.004598312 0.001583649 -2.276611e-05 0.004599136 -0.003853317 0.002316338 0.004600235 -0.00385202 0.004066422 0.004601578 0.001562836 0.001726097 0.004605026 0.00156398 0.001507301 0.004605026 0.00156398 0.001616676 0.004611374 0.00324675 0.004639687 0.004613449 -0.002115875 -0.004075485 0.004614944 -0.001526764 0.003295929 0.004617264 -0.001527466 0.003077156 0.004617264 -0.001527466 0.003186523 0.004629837 0.003332855 -0.004704659 0.004631302 0.0095 -0.00438295 0.004631302 0.0095 0.00438295 0.004631393 -0.0095 -0.004382927 0.004631393 -0.0095 0.004382927 0.004635666 -0.001470673 -0.0002006912 0.00463652 -0.001467972 -0.0004192886 0.00463652 -0.001467972 -0.0003099136 0.004637131 0.001455215 -0.003530365 0.004637802 0.001463959 -0.001779945 0.004639297 -0.001444382 -0.0021679 0.004640213 0.001456238 -0.003749161 0.004640213 0.001456238 -0.003639786 0.004640457 -0.001441833 0.001332253 0.00464064 0.001454971 0.003469513 0.00464064 0.002822723 -0.001384148 0.004640793 -0.002828537 0.004434822 0.00464183 -0.001440964 0.003082306 0.00464296 -0.001444138 -0.0004178619 0.004645309 -0.002815048 6.235504e-05 0.004646133 0.002813629 0.003865295 0.004651779 -0.001407089 -0.00386335 0.004652847 -0.00140744 -0.00369693 0.004654861 0.001395477 -3.38974e-05 0.004655014 -0.001408157 -0.003806335 0.004658524 0.001396576 -0.0002527008 0.004658524 0.001396576 -0.0001433258 0.004661575 -0.003669632 -0.004932663 0.004661606 0.003777481 -0.002768112 0.004662338 -0.002786728 -0.004310959 0.004663132 -0.002785416 -0.002560875 0.004663895 -0.002784119 -0.0008107986 0.004664688 -0.002782806 0.0009392853 0.004665451 -0.002781494 0.002689354 0.004668716 -0.003768738 0.002102753 0.004668961 0.003768387 0.002481346 0.004669632 -0.002782196 0.004436584 0.004669815 0.003278351 -0.004706772 0.004672287 -0.001349884 0.001556519 0.004672806 0.001335922 0.003462578 0.004674057 0.001343658 -0.003537071 0.004674911 -0.00134079 -0.00369294 0.004676041 0.001336777 0.003243774 0.004676041 0.001336777 0.003353149 0.004676071 -0.003759598 -0.00314669 0.004676651 0.00133461 0.001712402 0.004681534 -0.001879181 -0.004044563 0.004683426 -0.001310623 -0.00386335 0.004684891 -0.001298553 0.001559563 0.004686691 -0.001298996 0.001340805 0.004686691 -0.001298996 0.00145018 0.004698898 -0.003731064 0.005 0.004701248 0.001228546 -0.000262413 0.004701401 0.001231415 0.003237717 0.00470195 0.001225876 -0.003762573 0.004702316 -0.001238144 -0.001936829 0.004702347 0.001227158 -0.00179377 0.004702805 0.00123024 0.001487625 0.004703079 -0.001238358 -0.002155586 0.004703079 -0.001238358 -0.002046211 0.004705643 -0.001778625 -0.004031364 0.004705765 0.001228073 -0.002012573 0.004705765 0.001228073 -0.001903198 0.004705826 -0.001227905 0.003313789 0.004708206 -0.001218719 -0.001935669 0.004709488 0.001213745 -4.464722e-05 0.004712967 0.002700241 -0.003141563 0.004716721 -0.002693695 0.00181955 0.004717392 0.001167084 0.001702759 0.004718246 0.002690994 0.002107887 0.004721054 0.001167969 0.001483955 0.004721054 0.001167969 0.00159333 0.004721939 -0.002684555 -0.003429916 0.004724503 0.003065842 0.004632912 0.004725113 -0.001697327 -0.004020699 0.004727798 -0.001127136 0.003319756 0.004730789 -0.001127777 0.00310099 0.004730789 -0.001127777 0.003210358 0.004738358 -0.001095596 -0.00017836 0.004739059 0.001092514 -0.00180162 0.004739639 -0.001070511 -0.002145645 0.004740189 -0.00106778 0.001354515 0.004741165 0.001083405 0.003447853 0.004742569 -0.001067001 0.003104576 0.004743912 -0.001066223 -0.0001766205 0.004744003 -0.001070053 -0.0003955917 0.004744064 0.001058182 -0.003553505 0.00474501 -0.001066437 -0.0003953781 0.00474501 -0.001066437 -0.0002860031 0.004746689 0.001058823 -0.003772293 0.004746689 0.001058823 -0.003662918 0.004747726 0.003028717 0.004631516 0.004748123 0.003028046 0.004631493 0.004753403 0.003661331 0.005 0.004754776 -0.001004013 -0.00386335 0.004755997 0.003657959 0.004443527 0.004756149 0.0009977417 -5.696106e-05 0.004756912 -0.001004486 -0.003672958 0.004757004 0.003656631 0.002693451 0.004758041 0.003655304 0.000943367 0.004758408 -0.001004868 -0.003782349 0.004758438 0.003654785 -0.004525414 0.004759079 0.003653961 -0.0008067093 0.00475975 0.0009985046 -0.0002757187 0.00475975 0.0009985046 -0.0001663361 0.004760117 0.003652618 -0.002556793 0.004761124 0.003651276 -0.00430687 0.004765366 -0.0009715118 0.001578995 0.004765457 0.0009709625 -0.003558525 0.004765579 0.003645477 0.0007240448 0.004765671 -0.00364534 0.003860138 0.00476622 -0.001485397 -0.003992714 0.004767227 -0.0009621887 -0.003670448 0.004767288 0.0009618225 0.001690956 0.004768509 0.0009373474 0.003439552 0.004770035 -0.001465607 -0.003990105 0.004772049 0.0009380035 0.003220848 0.004772049 0.0009380035 0.003330223 0.004772812 -0.003636002 -0.001389305 0.004772995 -0.002616104 0.004442894 0.004778214 -0.000892334 0.001583664 0.004779343 0.002580933 0.002976318 0.004780075 0.002579575 0.001226242 0.004780746 -0.0008927307 0.001364899 0.004780746 -0.0008927307 0.001474281 0.004780807 0.002578232 -0.0005238419 0.00478093 -0.000891571 -0.00386335 0.00478154 0.002576874 -0.002273918 0.004781815 0.003125641 -0.004712708 0.004782242 0.002575516 -0.004024002 0.004783371 0.0008562775 -0.0002838135 0.004783463 0.0008535156 -0.003783958 0.004784073 0.0008576508 0.001466301 0.004784103 0.0008591766 0.00321637 0.004784744 -0.002570862 0.003576675 0.004786423 0.0008553772 -0.002033829 0.004787094 0.002566528 0.0003504715 0.004788071 -0.001340088 -0.003973412 0.004789108 -0.0008466187 0.003336372 0.004789322 0.0008270569 -0.001816711 0.004789719 -0.002561615 -0.001672791 0.00479039 0.0008392944 -6.600189e-05 0.004790756 -0.0008372345 -0.001913078 0.004791641 -0.0008305817 -0.001912682 0.004791916 -0.0008306122 -0.002131439 0.004791916 -0.0008306122 -0.002022064 0.004792343 -0.002581467 0.00444416 0.004792404 0.0008276367 -0.002035416 0.004792404 0.0008276367 -0.001926041 0.004795517 0.003105057 -0.004713478 0.004798569 -0.003475555 -0.004925499 0.004798843 0.0007658081 0.001679794 0.004802597 0.0007664185 0.001461105 0.004802597 0.0007664185 0.00157048 0.004803604 -0.001232147 -0.003959061 0.004806656 -0.0007171173 0.003343979 0.004810104 -0.0007175903 0.003125221 0.004810104 -0.0007175903 0.003234596 0.004810287 -0.0006852264 0.00137709 0.004810318 -0.0006880646 -0.00212307 0.004810379 0.0007157745 -0.001823029 0.00481102 -0.0007116089 -0.0001556778 0.004811783 0.0007064972 0.003426445 0.004811905 -0.00345665 -0.004924805 0.004813217 -0.003454803 -0.004924736 0.004813309 -0.0006869812 -0.0003729858 0.004813644 -0.0006843719 0.003127167 0.004816971 -0.001089554 -0.00393998 0.004817001 0.0006545105 -0.003576538 0.004817093 -0.0006548309 -0.0001523514 0.004819046 -0.0006550446 -0.0003711014 0.004819046 -0.0006550446 -0.0002617264 0.004819046 0.0006548615 -0.003795258 0.004819046 0.0006548615 -0.003685883 0.004823593 0.0005925598 -8.008575e-05 0.004824997 -0.000592041 -0.00386335 0.004825668 -0.0009971008 -0.003927589 0.004826553 -0.0005922546 -0.003648674 0.004827072 0.0005930176 -0.00029879 0.004827072 0.0005930176 -0.000189415 0.004827164 -0.0005923462 -0.003758049 0.004827286 0.0005913849 -0.003580124 0.004827988 -0.0005854034 0.001601738 0.004828415 0.0005820312 0.001669334 0.004829147 -0.0005759277 -0.003647713 0.004830002 -0.0009009094 -0.003914612 0.00483046 0.0005305939 0.003416367 0.004834274 0.0005309906 0.003197662 0.004834274 0.0005309906 0.003307037 0.00483519 -0.0005227356 -0.00386335 0.004835892 0.0004732819 -0.003805664 0.004835953 -0.0006932526 -0.003886528 0.004836197 0.0004773102 0.001444565 0.004836258 -0.0007605896 -0.003895683 0.004836411 0.0004761047 -0.0003055038 0.004836655 -0.000478241 0.001607994 0.004837784 0.0004789734 0.003194679 0.004838058 0.000474762 -0.002055565 0.004839767 -0.0004784851 0.001389244 0.004839767 -0.0004784851 0.001498619 0.00484169 -0.000458786 0.003359146 0.004841873 0.0004568024 -8.782959e-05 0.004842575 -0.0004492798 -0.001890297 0.004842667 0.0004178619 -0.00184008 0.004844345 -0.0004154968 -0.001888321 0.004845352 0.0004181366 -0.0020588 0.004845352 0.0004181366 -0.001949425 0.004845596 -0.0004155426 -0.002107071 0.004845596 -0.0004155426 -0.001997696 0.004846603 0.0003553619 0.001656319 0.004849808 -0.0002977448 0.001399773 0.004850235 -0.0003011169 0.003368332 0.004850357 0.0003556671 0.001437614 0.004850357 0.0003556671 0.001546989 0.004850479 -0.0003005829 -0.002100388 0.004851089 -0.0003018951 -0.003850456 0.004851913 -0.0002991638 -0.000350296 0.004852066 0.0003309631 -0.001845062 0.004852615 0.002440384 -0.001406937 0.004852676 -0.0003223572 -0.0001328888 0.004852737 0.0003215179 0.003404396 0.004854019 -0.0003013153 0.003149597 0.004854019 -0.0003013153 0.003258972 0.004854111 -0.002437363 8.426666e-05 0.004854111 -0.0002966156 0.003149864 0.004854874 -0.0002381744 -0.0001279984 0.004855698 -0.003516846 -0.003132515 0.004855789 -0.003516922 0.002117493 0.004855881 -0.003517105 0.003867485 0.004855972 -0.003517227 -0.001382515 0.004855972 0.0002419891 -0.003600182 0.004856888 0.0001791229 -0.0001038208 0.004857315 0.0002421112 -0.003818916 0.004857315 0.0002421112 -0.003709541 0.004857376 0.002430862 0.003842506 0.004857529 -0.0002382507 -0.0003467331 0.004857529 -0.0002382507 -0.0002373581 0.004857681 -0.00351828 0.00408625 0.004857712 -0.003518326 0.00233625 0.004857773 -0.003518356 0.0005862503 0.004857803 -0.003518387 -0.00116375 0.004857864 -0.003518417 -0.00291375 0.004857895 -0.003518448 -0.00466375 0.004858078 0.0001163025 0.003392548 0.004858383 9.100342e-05 0.001422333 0.004858414 8.69751e-05 -0.003827896 0.004858597 -0.003518997 -0.004882492 0.004858963 -0.003519272 0.0003675079 0.004859055 0.0002046204 -0.003602333 0.004859085 0.003519867 -0.001033302 0.004859329 -0.003519547 -0.005 0.004859451 -0.0001952667 0.001624512 0.004859451 -6.080627e-05 0.001632301 0.004859451 0.0001951294 0.001647118 0.004859512 8.976746e-05 -0.0003277283 0.004859665 8.825684e-05 -0.002077812 0.004859787 -0.0001751709 -0.003624313 0.004859818 -0.0001857452 -0.003624931 0.004860062 0.000179306 -0.0003225403 0.004860062 0.000179306 -0.0002131653 0.004860214 -0.0001751709 -0.003843063 0.004860214 -0.0001751709 -0.003733688 0.004861313 2.197266e-06 -0.001864044 0.004861526 9.249878e-05 0.00317244 0.004861984 0.0001164093 0.003173828 0.004861984 0.0001164093 0.003283203 0.004862869 6.837463e-05 -0.000110199 0.0048629 -6.814575e-05 0.003381897 0.004862991 -6.080627e-05 0.001413574 0.004862991 -6.080627e-05 0.001522949 0.004863022 -5.862427e-05 -0.001867554 0.004863388 2.243042e-06 -0.002082779 0.004863388 2.243042e-06 -0.001973396 0.004865982 0.003510361 0.004216148 0.004866165 -0.003510071 0.0003680649 0.004867966 -0.002409622 -0.004289169 0.004868607 -0.002408279 -0.002539093 0.004869278 -0.002406921 -0.0007890244 0.004869949 -0.002405563 0.0009610519 0.004870621 -0.002404236 0.002711128 0.004873032 -0.003500549 -0.004881386 0.004874008 0.002804642 0.004623322 0.004887772 -0.00241098 0.004450394 0.004888718 -0.003478622 -0.004661377 0.004889694 -0.003477249 -0.002911293 0.004890671 -0.003475861 -0.001161217 0.004891647 -0.003474487 0.0005888596 0.004892624 -0.003473099 0.002338943 0.0048936 -0.003471725 0.00408902 0.004895706 -0.002396774 0.004450912 0.004906754 0.003444717 -0.004537498 0.004906754 0.003444717 0.0007125015 0.004906784 0.003444733 -0.004318748 0.004906784 0.003444733 -0.002568748 0.004906784 0.003444733 -0.0008187485 0.004906784 0.003444733 0.0009312515 0.004906784 0.003444748 0.002681252 0.004906784 0.003444748 0.004431252 0.004908279 0.003445877 -0.001037483 0.004908524 0.00344606 0.004212517 0.004908554 0.003445908 0.002462509 0.004908829 0.003446091 -0.002787491 0.00491069 0.003447495 -0.005 0.00491478 0.002312637 -0.003164322 0.004915085 -0.002311951 0.001841255 0.004919296 0.002303009 0.002085121 0.00491951 -0.002302505 -0.003408226 0.004924088 0.00291217 -0.004720749 0.004941727 0.002670486 0.004618523 0.004949417 0.003391693 -0.002790672 0.004954544 -0.003234528 -0.00491687 0.004955063 0.002860779 -0.004722633 0.004956039 0.003382004 0.002458778 0.0049561 -0.003381927 0.002125389 0.004962692 -0.003372253 -0.003124054 0.004970505 0.002190277 0.002953697 0.004971146 0.002188873 0.001203621 0.004971725 0.002187454 -0.000546463 0.004972366 0.002186066 -0.002296539 0.004972641 -0.002185471 0.003598167 0.004972977 0.002184662 -0.004046616 0.004976791 -0.002175949 -0.001651321 0.004977768 0.002173721 0.0003277588 0.004982468 0.002589813 0.004615639 0.004989059 0.002576736 0.004615166 0.005008774 -0.002170578 0.004458862 0.005010239 -0.003301163 0.005 0.005016373 -0.002154099 0.004459427 0.00503093 -0.002047714 0.0001056213 0.005032761 0.002043137 -0.001429565 0.005033157 0.003266113 0.004420967 0.005034073 0.003264694 0.002670891 0.005035019 0.00326326 0.0009208145 0.005035934 0.003261856 -0.0008292694 0.005036453 0.003261063 -0.004548065 0.005036758 0.002033325 0.003819885 0.00503685 0.003260422 -0.002579353 0.005037643 -0.008054352 -0.005 0.005037643 -0.008054352 0.005 0.005037643 0.008054352 -0.005 0.005037643 0.008054352 0.005 0.005037766 0.003259003 -0.004329422 0.005041855 -0.00202063 -0.004267914 0.005042404 0.002716141 -0.004727936 0.005042435 -0.002019226 -0.002517838 0.005042496 -0.003251724 0.00388269 0.005042801 0.00325119 0.0007013855 0.005042984 -0.002017822 -0.0007677612 0.005043533 -0.002016418 0.0009823151 0.005044083 -0.00201503 0.002732391 0.005046158 -0.0095 -0.004274261 0.005046158 -0.0095 0.004274261 0.005046158 0.0095 -0.004274261 0.005046158 0.0095 0.004274261 0.005048813 -0.003241882 -0.001366768 0.005049362 -0.002082443 0.004461906 0.005056625 0.002692566 -0.00472879 0.005058395 0.003226898 0.005 0.005060043 -0.003052979 -0.004910599 0.005073502 -0.003029831 -0.004909805 0.005073563 -0.002025162 0.004463882 0.005081924 -0.001917679 0.00186264 0.005084274 0.001911423 -0.003186859 0.005085617 -0.003009003 -0.004909081 0.005085617 -0.001907852 -0.003386833 0.005087967 0.001901505 0.002062599 0.005093399 0.002344498 0.004607048 0.005126205 0.003118073 -0.00105603 0.005126511 0.002260788 0.004604187 0.005129196 0.001787354 0.002931374 0.005129684 -0.001785919 0.003619736 0.005129684 0.001785919 0.00118129 0.005130203 0.00178447 -0.000568779 0.005130692 0.001783035 -0.002318863 0.00513121 0.001781601 -0.004068939 0.005131363 -0.003109589 0.00039048 0.005132309 0.003108002 0.00419342 0.005133133 -0.001776001 -0.00162973 0.005135635 0.001768707 0.0003053665 0.005137375 -0.003099609 -0.004858986 0.005147324 -0.003073944 0.003892235 0.005147385 -0.00307399 -0.001357765 0.005147598 -0.001849976 0.004469902 0.005148178 -0.003074341 -0.00310775 0.005148361 -0.003074432 0.002142242 0.005150131 -0.003075623 0.0003922577 0.005150162 -0.003078308 -0.004639076 0.005150467 -0.003075821 -0.004857735 0.005151016 -0.003076874 -0.002889008 0.005151169 -0.003076187 0.004111023 0.005151199 -0.003076233 0.002361023 0.00515126 -0.003076263 0.0006110229 0.005151291 -0.003076263 -0.004638977 0.005151321 -0.003076279 -0.001138977 0.005151352 -0.003076309 -0.005 0.005151352 -0.003076294 -0.002888977 0.005151901 -0.003075424 -0.001138924 0.005152756 -0.003073975 0.0006111526 0.00515361 -0.00307254 0.002361237 0.005154495 -0.003071106 0.004111305 0.005177017 0.002133209 0.004599823 0.005177414 -0.001642548 0.0001274338 0.005179337 0.002466949 -0.004736824 0.005179764 0.00163504 -0.001451828 0.005182907 0.001625 0.003797646 0.005185715 -0.001616074 -0.004246155 0.005186172 -0.001614624 -0.002496078 0.0051866 -0.001613174 -0.0007460022 0.005186966 0.002108063 0.004598953 0.005187057 -0.001611725 0.001004082 0.005187515 -0.001610275 0.002754158 0.005192184 0.00299765 0.0006875 0.005192307 0.002997696 -0.0045625 0.005192307 0.002997711 -0.00434375 0.005192337 0.002997711 -0.00259375 0.005192337 0.002997726 -0.00084375 0.005192368 0.002997742 0.00090625 0.005192368 0.002997742 0.00265625 0.005192398 0.002997757 0.00440625 0.005192734 0.002998077 -0.0010625 0.005192886 0.002998184 0.004187508 0.005195175 0.002999359 0.0024375 0.005195511 0.002999588 -0.0028125 0.005196182 0.002999985 -0.005 0.005200546 -0.001706696 0.0044748 0.005202988 0.002418365 -0.004738503 0.00520607 0.002982773 -0.002813438 0.005206375 -0.002778488 -0.004901367 0.00521022 -0.00297554 0.002147667 0.005211929 0.002972565 0.002436005 0.005215988 -0.002965439 -0.003101791 0.005218277 -0.001507629 0.001884644 0.005220291 0.001500671 -0.003208946 0.005221176 -0.001497482 -0.003364815 0.00522319 0.00149057 0.00204052 0.005231705 -0.001622375 0.004477676 0.005234879 -0.001613754 0.004477966 0.005254471 0.00137619 0.002909546 0.005254837 0.001374741 0.00115947 0.005255203 0.001373276 -0.0005906067 0.0052556 0.001371811 -0.002340675 0.005255722 -0.001371399 0.003641914 0.005255997 0.001370361 -0.004090759 0.005256821 0.002307785 -0.004742325 0.005258377 -0.00136113 -0.001607544 0.005259811 0.001355591 0.0002834778 0.005269791 0.001867584 0.004590912 0.005273575 -0.002635315 -0.004896721 0.005277695 0.00184079 0.004590027 0.00527861 0.002852463 0.004398277 0.005279404 0.002850983 0.002648193 0.005280228 0.002849487 0.0008981094 0.005281021 0.002847977 -0.0008519669 0.005281845 0.002846497 -0.002602043 0.005282394 -0.002845444 0.005 0.005282394 0.002845444 -0.004570854 0.005282639 0.002845001 -0.004352127 0.005285416 -0.002839859 0.0039048 0.005287979 0.002835083 0.0006785965 0.005290878 -0.002829636 -0.001344666 0.005292068 -0.001223618 0.0001497726 0.005292099 0.002235352 -0.004744835 0.005292862 0.001220184 -0.001473495 0.005295212 0.001210022 0.003775978 0.005297897 -0.001198151 -0.004223869 0.005298264 -0.00119664 -0.002473801 0.005298569 -0.001195145 -0.0007237167 0.005298904 -0.001193665 0.001026367 0.00529924 -0.001192169 0.002776436 0.005307571 -0.002562881 -0.004894371 0.005311295 -0.001373871 0.004486084 0.005316818 -0.002543182 -0.00489373 0.00532222 -0.001085037 0.00190712 0.005322342 0.001084412 -0.003230408 0.005323807 0.002767227 0.005 0.005324326 -0.001074631 -0.003342331 0.005324417 0.001074219 0.002019081 0.005330154 0.001662598 0.00458419 0.005341751 0.001623154 0.004582893 0.005346176 0.0009600372 0.002888283 0.005346237 -0.001243927 0.004490456 0.005346451 0.0009585571 0.001138206 0.005346725 0.000957077 -0.0006118774 0.00534697 0.0009555969 -0.002361954 0.005347244 0.0009541016 -0.004112022 0.00534877 -0.0009455566 0.003664497 0.005350204 0.0009373779 0.0002621231 0.005350601 -0.0009350739 -0.001584953 0.005357071 -0.001203537 0.004491806 0.005360367 0.002695709 -0.001078812 0.005362015 -0.002692398 0.0004123917 0.005365646 0.002685211 0.004170639 0.005367172 -0.002682068 -0.004837074 0.005372482 0.001504181 0.004579056 0.005372543 0.0007994385 -0.001494904 0.005373245 -0.000794754 0.0001724472 0.005374069 0.0007890472 0.00375457 0.005376724 -0.001130463 0.004494263 0.005376755 -0.0007705688 -0.004201279 0.005376999 -0.000769043 -0.002451202 0.005377213 -0.0007675323 -0.0007011185 0.005377274 -0.002661743 -0.004617302 0.005377396 -0.0007660065 0.001048965 0.005377609 -0.0007644958 0.002799042 0.005378036 -0.002660263 -0.002867218 0.005378769 -0.002658768 -0.001117142 0.005379532 -0.002657272 0.0006329269 0.005380234 -0.002655792 0.002383003 0.005380997 -0.002654282 0.00413308 0.005391373 0.0006604919 -0.003252007 0.005392197 -0.0006538239 0.001929863 0.005392532 0.001414017 0.004576195 0.005392654 0.0006500549 0.001997459 0.005393478 -0.0006432343 -0.003319588 0.005394791 0.001997879 -0.004752823 0.00539888 -0.002606964 -0.001333443 0.005398911 -0.002606979 0.003916557 0.005400406 -0.002607773 0.0004165955 0.005400681 -0.00260791 -0.004833405 0.005400925 -0.00260788 -0.003083412 0.00540123 -0.002608032 0.002166595 0.00540126 -0.002608185 -0.004614647 0.005401321 -0.0026082 -0.002864647 0.005401352 -0.002608231 -0.001114647 0.005401382 -0.002608246 0.0006353531 0.005401413 -0.002608261 0.002385353 0.005401474 -0.002608292 0.004135361 0.005403091 -0.002608994 -0.005 0.005405258 0.00053508 0.00286657 0.005405411 0.0005335693 0.001116486 0.005405563 0.0005320587 -0.0006335907 0.005405716 0.0005305481 -0.002383659 0.005405869 0.0005290375 -0.004133743 0.005407486 -0.0005123901 0.003687271 0.0054077 0.0005101929 0.0002402954 0.005408463 -0.0005018005 -0.001562164 0.00541127 0.001954453 -0.004754242 0.005416763 -0.002303436 -0.004886177 0.005419113 0.0003696594 -0.001516937 0.005419754 -0.0003600311 0.0001952362 0.005419815 0.0003590851 0.003732521 0.005421219 -0.0003374023 -0.004178581 0.00542131 -0.0003358765 -0.002428497 0.005421402 -0.0003343353 -0.0006784134 0.005421494 -0.0003328247 0.001071655 0.005421585 -0.0003312836 0.002821739 0.005426865 0.0002285309 -0.003274208 0.005427322 -0.0002180786 0.001952644 0.005427322 0.0002179413 0.00197525 0.00542775 -0.0002074432 -0.003296806 0.005428055 0.00125473 0.004571136 0.005429031 0.002554611 -0.002836205 0.005429367 -0.002553848 0.00216938 0.00543071 0.000103302 0.002844322 0.00543074 0.0001017761 0.001094238 0.005430771 9.870911e-05 -0.002405914 0.005430771 0.000100235 -0.000655838 0.005430801 9.718323e-05 -0.004155998 0.005431076 -0.0008836365 0.00450248 0.005431168 -7.609558e-05 0.003710022 0.005431168 7.637024e-05 0.000217926 0.00543129 -6.547546e-05 -0.001539429 0.005434006 0.002543976 0.002413246 0.00543428 -0.002543442 -0.003080093 0.005436813 0.00252713 -0.001087509 0.005436935 0.002527191 0.004162491 0.005437393 0.002527267 0.0006624832 0.005437576 0.002527359 -0.004587517 0.005437607 0.00252739 -0.004368767 0.005437637 0.00252739 -0.002618767 0.005437668 0.002527405 -0.0008687668 0.005437698 0.00252742 0.0008812332 0.005437729 0.002527435 0.002631233 0.005437759 0.002527451 0.004381233 0.00543779 0.001884552 -0.004756531 0.005439987 0.00252861 -0.002837524 0.005440384 0.002528778 0.002412476 0.005440811 0.001181702 0.004568855 0.005440964 0.002529022 -0.005 0.00545015 -0.0007731934 0.004506126 0.005450912 -0.0007687683 0.004506279 0.005452774 -0.002207214 -0.004883171 0.005471878 0.001004623 0.004563324 0.005474228 -0.0006334991 0.00451075 0.005474442 0.0009846497 0.004562698 0.005478226 -0.00213913 -0.004881042 0.005484848 -0.0095 -0.004151497 0.005484848 -0.0095 0.004151489 0.005484848 0.0095 -0.004151497 0.005484848 0.0095 0.004151489 0.005487106 0.001754532 -0.00476078 0.005489914 0.00242099 0.004375656 0.005490585 0.002419449 0.002625572 0.005491287 0.002417892 0.0008754959 0.005491928 0.002416336 -0.0008745804 0.00549263 0.002414795 -0.002624664 0.005492935 -0.002414139 0.003926285 0.005493301 0.002413254 -0.004374748 0.005493912 0.002411911 -0.004593559 0.005497543 -0.00240361 -0.001323189 0.005498428 -0.002078186 -0.004879143 0.005498611 0.002401154 0.0006558838 0.005504105 0.0007538757 0.004555443 0.005505966 -0.0003800964 0.004519058 0.005508987 0.0006943359 0.004553558 0.005510025 -0.0003351135 0.004520523 0.005513229 -0.002367447 0.005 0.005514572 -0.0002849274 0.004522156 0.005517441 -0.0002525635 0.004523216 0.00552095 0.000548111 0.004548935 0.005524704 0.000502655 0.004547493 0.005531387 -6.866455e-07 0.004531372 0.005532394 0.0001068268 0.004534828 0.005533371 0.0002041626 0.004537956 0.005533798 0.0002510986 0.004539467 0.005538498 0.001602554 -0.004765648 0.005547531 0.002285873 0.005 0.005557327 -0.002261963 0.0004337463 0.005559341 0.002256927 -0.00110144 0.005560989 -0.001889679 -0.00487326 0.00556163 -0.002251282 -0.004815735 0.005563766 0.002246063 0.00414801 0.005569382 -0.00223204 -0.004596039 0.005570023 -0.002230499 -0.002845963 0.005570633 -0.002228958 -0.001095886 0.005571274 -0.002227417 0.0006541901 0.005571854 -0.002225861 0.002404266 0.005572495 -0.002224319 0.004154343 0.005577255 0.001472336 -0.004769722 0.005583755 0.0014505 -0.004770409 0.005593613 -0.00767865 -0.005 0.005593613 -0.00767865 0.005 0.005593613 0.007678635 -0.005 0.005593613 0.007678635 0.005 0.005596603 -0.001763626 -0.004869331 0.005608536 -0.002119705 -0.001309326 0.005608658 -0.002119873 0.0004406662 0.005608658 -0.002119751 0.003940674 0.005608841 -0.002119949 -0.004809334 0.005609207 -0.002120087 -0.004590584 0.005609238 -0.002120087 -0.002840584 0.005609268 -0.002120102 -0.001090591 0.005609299 -0.002120117 0.0006594086 0.005609329 -0.002120132 0.002409409 0.00560936 -0.002120148 0.004159409 0.005611801 0.001356277 -0.004773361 0.005612015 -0.002121048 -0.003059372 0.005612442 -0.002121231 0.00219062 0.005612503 -0.002121277 -0.005 0.005613663 -0.002118317 0.002190773 0.005616257 0.00211142 -0.002858734 0.005617722 -0.002107483 -0.003058708 0.005620346 0.002100464 0.002390724 0.005632004 -0.00163826 -0.004865433 0.005638718 0.002036636 -0.00111232 0.005638718 0.002036652 0.00413768 0.005640488 0.002037201 0.0006376572 0.005640732 0.00203743 -0.002862328 0.005640762 0.002037308 -0.004612335 0.005640854 0.002037338 -0.004393593 0.005640915 0.002037354 -0.002643593 0.005640945 0.002037354 -0.0008935928 0.005641006 0.002037384 0.0008564072 0.005641037 0.002037399 0.002606407 0.005641037 0.002037537 0.002387665 0.005641098 0.002037415 0.004356407 0.005643204 0.002038254 -0.005 0.005645706 -0.001579941 -0.004863617 0.005665329 0.001975952 0.004353325 0.005665878 0.001974365 0.002603249 0.005666428 -0.001972794 0.003947861 0.005666428 0.001972778 0.0008531723 0.005666977 0.001971191 -0.000896904 0.005667526 0.001969604 -0.002646988 0.005668106 0.001968018 -0.004397064 0.005669205 0.001964798 -0.004615974 0.005670242 -0.001961807 -0.001301605 0.005673019 0.001953781 0.0006334915 0.005673935 0.001107315 -0.004780968 0.005691483 -0.001385071 -0.004857567 0.005693924 0.001008865 -0.004783974 0.005700577 0.0009762268 -0.004784958 0.005700882 -0.001870926 0.005 0.005704178 -0.009120087 -0.004274261 0.005704178 -0.009120087 0.004274261 0.005704178 0.009120071 -0.004274261 0.005704178 0.009120071 0.004274261 0.00570607 -0.001307648 -0.004855171 0.005719131 -0.001814392 0.0004555511 0.005721725 0.001806122 -0.001123695 0.005722641 -0.001803299 -0.004793907 0.005725082 0.0008555756 -0.004788643 0.005725235 0.001795044 0.004125771 0.005727859 0.001786636 0.005 0.005728287 -0.001785172 -0.00457428 0.005728806 -0.001783569 -0.002824196 0.005729324 -0.001781967 -0.001074127 0.005729782 -0.001780365 0.0006759567 0.005730301 -0.001778748 0.002426033 0.005730789 -0.001777161 0.004176109 0.005739487 -0.001130188 -0.00484967 0.005747787 -0.001071915 -0.00484787 0.005764267 -0.00166539 0.002212776 0.005765152 0.000601181 -0.004796402 0.005766464 0.001657684 -0.002880814 0.005767502 -0.001654144 -0.00303669 0.005769669 0.00164653 0.002368645 0.005770279 0.0005557098 -0.004797798 0.005773514 -0.001615692 0.0004651489 0.005773575 -0.001615723 -0.004784859 0.005773788 -0.001615799 -0.002816109 0.005773788 -0.001615784 -0.004566109 0.005773819 -0.001615799 -0.001066109 0.005773849 -0.001615814 0.0006838913 0.005773849 -0.001615814 0.002433891 0.00577388 -0.001615829 0.004183891 0.005774673 -0.001615906 -0.001284859 0.005774918 -0.001615967 0.003965141 0.005776047 -0.0008738251 -0.004841736 0.005776291 -0.001616501 0.002215118 0.005776657 -0.001616592 -0.003034882 0.00577803 -0.001616928 -0.005 0.005779037 -0.0008432312 -0.00484079 0.005779953 0.0004698486 -0.004800423 0.005794083 0.0003443146 -0.00480426 0.00579686 0.001530334 0.004113258 0.00579689 0.00153035 -0.001136742 0.005797653 0.00153064 -0.002886749 0.005797867 0.001530685 0.002363243 0.005800034 0.001531158 0.0006132126 0.00580043 0.001531265 -0.004636787 0.005800613 0.001531326 -0.004418045 0.005800644 0.001531342 -0.002668045 0.005800705 0.001531357 -0.000918045 0.005800766 0.001531372 0.000831955 0.005800827 0.001531387 0.002581955 0.005800888 0.001531418 0.004331955 0.005801163 -0.0006160431 -0.004833778 0.005801254 0.001531525 -0.005 0.005803818 0.001521805 0.004331497 0.005804245 -0.0005582123 -0.004831993 0.005804245 0.001520187 0.002581421 0.005804672 0.00151857 0.0008313446 0.005805099 0.001516968 -0.0009187317 0.005805527 0.001515366 -0.002668808 0.005805649 -0.001514877 0.003970039 0.005805923 0.001513748 -0.004418884 0.005807266 0.001508606 -0.004637871 0.005808578 -0.001503555 -0.001279419 0.005810165 0.001497421 0.0006115952 0.00581105 9.306335e-05 -0.004811958 0.0058116 8.512878e-05 -0.00481221 0.005813919 -0.0003747711 -0.00482634 0.00581456 -4.293823e-05 -0.004816139 0.005814865 -0.0003570099 -0.004825798 0.005817581 -0.0001762695 -0.004820229 0.005843887 -0.001359756 0.005 0.00584581 -0.001351654 0.0004778976 0.005846664 0.001347839 -0.001145378 0.005848434 -0.001340225 -0.004771561 0.005849228 0.001336624 0.004104103 0.005852249 -0.001323502 -0.004552002 0.005852615 -0.001321854 -0.002801926 0.005852982 -0.001320206 -0.001051842 0.005853348 -0.001318558 0.0006982346 0.005853714 -0.00131691 0.002448318 0.00585408 -0.001315247 0.004198395 0.005863327 0.001273422 0.005 0.005879105 -0.001198578 0.002235245 0.005879227 0.001197891 -0.002902283 0.005881424 -0.001187073 -0.003014206 0.005881516 0.00118663 0.002347206 0.00589357 -0.001099045 -0.00476001 0.0058936 -0.001099075 -0.00454126 0.0058936 -0.001099075 -0.00279126 0.0058936 -0.001099045 0.0004899902 0.005893631 -0.001099075 -0.00104126 0.005893631 -0.001099075 0.0007087402 0.005893631 -0.001099075 0.00245874 0.005893631 -0.001099075 0.00420874 0.005895187 -0.001099426 0.002239975 0.005895462 -0.001099487 -0.003010025 0.005896042 -0.001099457 -0.001260017 0.005896378 -0.001099518 0.003989983 0.005898361 -0.001099945 -0.005 0.005905258 0.001062119 0.004310234 0.005905563 0.001060486 0.002560158 0.005905869 0.001058853 0.0008100739 0.005906174 0.001057205 -0.0009400024 0.005906418 0.001055588 -0.002690071 0.005906723 0.00105394 -0.004440147 0.005908005 0.001046814 -0.004659225 0.005908432 -0.001044479 0.003992622 0.0059095 0.0010121 -0.002910851 0.005909592 0.001012131 0.002339149 0.005910019 0.001035461 0.0005902557 0.005910049 0.0010121 0.004089157 0.005910233 0.001012131 -0.001160835 0.005910446 -0.001032913 -0.001256828 0.00591124 0.008761505 -0.004382744 0.00591124 0.008761505 0.004382736 0.005911606 -0.008760803 -0.00438295 0.005911606 -0.008760803 0.00438295 0.005912186 0.001012573 0.004307938 0.005912216 0.001012589 0.002557938 0.005912277 0.001012589 0.0008079376 0.005912338 0.001012604 -0.0009420624 0.005912399 0.001012604 -0.002692062 0.00591243 0.001012619 -0.004442062 0.005912643 0.00101265 -0.004660805 0.005913071 0.001012711 0.0005891953 0.005913895 0.001012817 -0.005 0.005934677 0.0008830719 -0.001166779 0.00593544 -0.0008779144 0.0005005722 0.005936386 0.0008716125 0.004082687 0.005937149 -0.000866272 -0.004748871 0.005939316 -0.0008511963 -0.004529404 0.00593956 -0.0008495178 -0.002779327 0.005939804 -0.0008478394 -0.001029243 0.005940048 -0.0008461609 0.0007208405 0.005940292 -0.0008444824 0.002470917 0.005940536 -0.0008427887 0.004220993 0.005941208 -0.0008379669 0.005 0.005952927 0.0007502441 0.005 0.005955521 0.0007295837 -0.002923882 0.005956406 -0.000722229 0.00225798 0.005956924 0.0007180634 0.002325584 0.005957809 -0.0007105408 -0.002991455 0.005967758 -0.0005738678 0.004233749 0.005967758 -0.0005738525 -0.001016251 0.005967758 -0.0005738525 0.0007337494 0.005967758 -0.0005738525 0.002483749 0.005967789 -0.0005738525 -0.004516251 0.005967789 -0.0005738525 -0.002766251 0.00596785 -0.0005738525 -0.004735001 0.005967972 -0.0005738525 0.0005149994 0.005968338 -0.0005740051 0.002264999 0.005968521 -0.0005740356 -0.002985001 0.005970688 0.0005927429 0.004288521 0.00597084 0.0005910645 0.002538445 0.005971024 0.0005894012 0.0007883606 0.005971146 0.000587738 -0.0009617081 0.005971329 0.0005860443 -0.002711792 0.005971481 0.0005843811 -0.004461868 0.005971695 -0.0005742493 -0.001235001 0.005972153 -0.0005743103 0.004014999 0.005972366 0.0005751801 -0.004681046 0.005972458 -0.0005743561 -0.005 0.005973282 -0.0005660095 0.004015396 0.005973495 0.0005635834 0.0005684128 0.00597438 -0.0005542908 -0.001234047 0.00597554 0.0004857941 -0.002935226 0.00597554 0.0004858093 0.002314781 0.005977005 0.0004859924 0.004283546 0.005977036 0.0004860077 0.002533546 0.005977066 0.0004860077 0.0007835464 0.005977127 0.0004860077 -0.0009664536 0.005977158 0.0004860077 -0.002716454 0.005977188 0.0004860077 -0.004466454 0.005977402 0.0004858856 0.004064789 0.005977402 0.0004860382 -0.004685204 0.005977676 0.0004860382 0.0005648041 0.005977707 0.0004859161 -0.001185204 0.00598027 0.0004861908 -0.005 0.00598613 0.0004083252 -0.001188812 0.005986832 -0.0003977051 0.0005233688 0.005986893 0.0003966675 0.004060654 0.005987595 -0.0003859558 -0.004726082 0.005988449 -0.0003727112 -0.004506706 0.005988541 -0.0003710175 -0.002756622 0.005988663 -0.0003693237 -0.001006538 0.005988754 -0.0003676453 0.0007435303 0.005988846 -0.0003659363 0.002493614 0.005988937 -0.0003642426 0.004243698 0.00599202 -0.0003096008 0.005 0.005994705 0.0002524414 -0.002946083 0.005995193 -0.0002408905 0.002280769 0.005995193 -4.425049e-05 0.002290001 0.005995193 0.0002407379 0.002303375 0.005995285 -4.425049e-05 -0.002959999 0.00599559 -4.417419e-05 0.004258759 0.005995621 -4.417419e-05 0.0007587585 0.005995621 -4.417419e-05 0.002508759 0.005995651 -0.0002291565 -0.002968681 0.005995651 -4.417419e-05 -0.0009912415 0.005995682 -4.417419e-05 -0.002741241 0.005995712 -4.415894e-05 -0.004491241 0.005995865 -4.415894e-05 -0.004709991 0.005995956 0.0002211761 0.005 0.005996078 -4.415894e-05 0.0005400085 0.005998398 -4.428101e-05 0.004040009 0.005998825 -4.428101e-05 -0.001209984 0.005998917 0.000115799 0.004266273 0.005998947 0.0001141052 0.002516197 0.005998978 0.0001124115 0.0007661133 0.005999008 0.000109024 -0.002734039 0.005999008 0.000110733 -0.000983963 0.005999039 0.0001073456 -0.004484123 0.005999252 9.608459e-05 -0.0047034 0.005999435 -8.407593e-05 0.004038147 0.005999435 8.435059e-05 0.0005460587 0.005999588 -7.232666e-05 -0.001211296 0.005999863 -4.425049e-05 -0.005 0.006119583 -0.008400635 -0.004484291 0.006119583 -0.008400635 0.004484283 0.006119583 0.00840062 -0.004484291 0.006119583 0.00840062 0.004484283 0.006121719 -0.007264618 -0.005 0.006121719 -0.007264618 0.005 0.006121719 0.007264618 -0.005 0.006121719 0.007264618 0.005 0.006314377 -0.008063248 -0.004571945 0.006314377 -0.008063248 0.004571938 0.006314468 0.008063065 -0.004571983 0.006314468 0.008063065 0.004571983 0.006509659 -0.007724976 -0.004652428 0.006509659 -0.007724976 0.004652428 0.006509659 0.007724976 -0.004652428 0.006509659 0.007724976 0.004652428 0.006619308 -0.006814346 -0.005 0.006619308 -0.006814346 0.005 0.006619308 0.006814346 -0.005 0.006619308 0.006814346 0.005 0.006694717 -0.007404449 -0.004721596 0.006694717 -0.007404449 0.004721588 0.006694809 0.007404266 -0.004721626 0.006694809 0.007404266 0.004721619 0.006880264 -0.007083038 -0.00478373 0.006880264 -0.007083038 0.00478373 0.006880264 0.007083023 -0.00478373 0.006880264 0.007083023 0.00478373 0.007083786 0.006330078 -0.005 0.007083786 0.006330078 0.005 0.007083817 -0.006330093 -0.005 0.007083817 -0.006330093 0.005 0.007236313 -0.006466354 -0.004881912 0.007236313 -0.006466354 0.004881912 0.007236313 0.006466354 -0.004881912 0.007236313 0.006466354 0.004881912 0.007512985 -0.00581424 -0.005 0.007512985 -0.00581424 0.005 0.007512985 0.005814224 -0.005 0.007512985 0.005814224 0.005 0.007582016 -0.00586763 -0.004949623 0.007582016 -0.00586763 0.004949623 0.007582016 0.00586763 -0.004949623 0.007582016 0.00586763 0.004949623 0.007904709 -0.005269363 -0.005 0.007904709 -0.005269363 0.005 0.007904709 0.005269363 -0.005 0.007904709 0.005269363 0.005 0.007921097 -0.005280304 -0.004988625 0.007921097 -0.005280304 0.004988617 0.007921097 0.005280304 -0.004988625 0.007921097 0.005280304 0.004988617 0.008227249 -0.00475 -0.005 0.008227249 -0.00475 0.005 0.008227249 0.00475 -0.005 0.008227249 0.00475 0.005 0.008515762 -0.004210968 -0.005 0.008515762 -0.004210968 0.005 0.008515762 0.004210953 -0.005 0.008515762 0.004210953 0.005 0.008533432 -0.004219696 -0.004988625 0.008533432 -0.004219696 0.004988617 0.008533432 0.004219696 -0.004988625 0.008533432 0.004219696 0.004988617 0.008791763 -0.003599319 -0.005 0.008791763 -0.003599319 0.005 0.008791763 0.003599304 -0.005 0.008791763 0.003599304 0.005 0.008872543 -0.00363237 -0.004949623 0.008872543 -0.00363237 0.004949623 0.008872543 0.00363237 -0.004949623 0.008872543 0.00363237 0.004949623 0.009023941 -0.002969711 -0.005 0.009023941 -0.002969711 0.005 0.009023941 0.002969696 -0.005 0.009023941 0.002969696 0.005 0.009211044 -0.002325287 -0.005 0.009211044 -0.002325287 0.005 0.009211044 0.002325272 -0.005 0.009211044 0.002325272 0.005 0.009218216 -0.003033646 -0.004881912 0.009218216 -0.003033646 0.004881912 0.009218216 0.00303363 -0.004881912 0.009218216 0.00303363 0.004881912 0.009352219 -0.001669266 -0.005 0.009352219 -0.001669266 0.005 0.009352219 0.001669235 -0.005 0.009352219 0.001669235 0.005 0.009446732 -0.001004883 -0.005 0.009446732 -0.001004883 0.005 0.009446732 0.001004883 -0.005 0.009446732 0.001004883 0.005 0.009494095 -0.0003355255 -0.005 0.009494095 -0.0003355255 0.005 0.009494095 0.0003355103 -0.005 0.009494095 0.0003355103 0.005 0.009574265 -0.002416962 -0.00478373 0.009574265 -0.002416962 0.00478373 0.009574265 0.002416946 -0.00478373 0.009574265 0.002416946 0.00478373 0.009759842 -0.00209549 -0.004721581 0.009759842 -0.00209549 0.004721581 0.009760025 0.0020952 -0.004721519 0.009760025 0.0020952 0.004721519 0.009944839 -0.001775024 -0.004652428 0.009944839 -0.001775024 0.004652428 0.009944839 0.001775024 -0.004652428 0.009944839 0.001775024 0.004652428 0.01014021 -0.001436691 -0.00457193 0.01014021 -0.001436691 0.004571915 0.0101404 0.001436401 -0.004571854 0.0101404 0.001436401 0.004571854 0.01033498 -0.00109938 -0.004484291 0.01033498 -0.00109938 0.004484283 0.01033498 0.00109938 -0.004484291 0.01033498 0.00109938 0.004484283 0.01054295 -0.0007391205 -0.004382927 0.01054295 -0.0007391205 0.004382927 0.01054311 0.0007388306 -0.004382843 0.01054311 0.0007388306 0.004382843 0.01075032 -0.0003799133 -0.004274261 0.01075032 -0.0003799133 0.004274261 0.01075032 0.0003799133 -0.004274261 0.01075032 0.0003799133 0.004274261 0.01096965 0 -0.004151497 0.01096965 0 0.004151489</float_array>
          <technique_common>
            <accessor count="5551" source="#cubeverts-array0-array" stride="3">
              <param type="float" name="X" />
              <param type="float" name="Y" />
              <param type="float" name="Z" />
            </accessor>
          </technique_common>
        </source>
        <source id="cubenormals-array0">
          <float_array count="33306" id="cubenormals-array0-array">0.8660384 -0.4999774 0 0.8660384 -0.4999774 0 0.866006 -0.5000337 7.676728e-06 0.8660451 -0.4999659 2.574796e-07 0.8660477 -0.4999613 0 0.8660384 -0.4999774 0 0.8660384 -0.4999774 0 0.8660215 -0.5000069 5.367071e-06 0.8660462 -0.4999639 -1.12625e-05 0.8660222 -0.5000057 -2.302539e-06 0.8659896 -0.500062 3.873394e-06 0.86603 -0.499992 0 0.8660216 -0.5000066 2.33851e-06 0.8660296 -0.4999927 -3.000715e-06 0.8660552 -0.4999484 -1.215791e-05 0.8660535 -0.4999515 -1.140088e-05 0.8659831 -0.5000731 1.396523e-05 0.8660496 -0.499958 -1.223433e-05 0.8660222 -0.5000055 -1.306927e-07 0.866048 -0.4999609 -9.432409e-06 0.8660439 -0.4999681 -9.889392e-06 0.8660076 -0.5000308 7.3733e-06 0.866026 -0.4999988 1.952417e-07 0.8659868 -0.5000669 2.112075e-05 0.8659922 -0.5000574 1.83364e-05 0.8660223 -0.5000053 4.01531e-06 0.8660064 -0.5000328 1.020808e-05 0.8660458 -0.4999645 -1.080239e-05 0.8660387 -0.499977 0 0.8660331 -0.4999867 0 0.8660221 -0.5000057 -1.931981e-07 0.8660479 -0.4999611 -9.622672e-06 0.8660333 -0.4999864 -5.408476e-06 0.8660218 -0.5000063 -5.159024e-07 0.8660071 -0.5000317 3.543873e-06 0.8660515 -0.4999548 -7.858497e-06 0.8660535 -0.4999514 -8.521479e-06 0.8660136 -0.5000206 2.99554e-06 0.8660218 -0.5000063 -5.15902e-07 0.866026 -0.499999 -1.693339e-06 0.8660136 -0.5000204 0 0.8660171 -0.5000144 0 0.8660171 -0.5000144 0 0.8660387 -0.499977 0 0.8660471 0.4999623 0 0.8660471 0.4999623 0 0.8660282 0.4999951 3.443187e-06 0.8660405 0.4999737 5.792628e-06 0.86598 0.5000786 -0 0.8660384 0.4999774 0 0.8660384 0.4999774 -0 0.8660161 0.5000162 -5.223411e-06 0.8659835 0.5000725 -2.700837e-05 0.8660238 0.5000028 -4.288471e-06 0.8660608 0.4999387 2.729648e-06 0.8660323 0.499988 0 0.8660215 0.5000068 -4.485336e-06 0.866032 0.4999886 2.534437e-06 0.866043 0.4999694 8.82805e-06 0.8660394 0.4999757 7.202788e-06 0.8660318 0.4999889 4.436654e-06 0.8660254 0.5000001 -2.444249e-06 0.8660725 0.4999184 1.828077e-05 0.8659651 0.5001044 -2.047952e-05 0.8660583 0.4999428 1.762498e-05 0.8660242 0.5000021 1.311439e-06 0.8660318 0.4999889 4.285981e-06 0.8659702 0.5000957 -2.853105e-05 0.8660394 0.4999759 4.90719e-06 0.8660279 0.4999957 -5.578385e-07 0.8660066 0.5000327 -8.887856e-06 0.8660309 0.4999905 4.10431e-06 0.8660387 0.499977 -0 0.8660331 0.4999866 0 0.866038 0.4999781 7.30536e-06 0.8660417 0.4999717 8.628166e-06 0.8660333 0.4999864 6.200636e-06 0.8660166 0.5000154 -9.444507e-07 0.8660071 0.5000317 -3.54387e-06 0.8660693 0.4999239 1.576377e-05 0.8660256 0.4999997 -3.017688e-07 0.8660135 0.5000206 -3.787668e-06 0.8660218 0.5000062 -2.413092e-07 0.8660315 0.4999895 2.438708e-06 0.8660136 0.5000204 -0 0.8660171 0.5000144 0 0.8660171 0.5000144 -0 0.8660387 0.499977 0 0 1 0 0 1 0 0 1 0 0 1 0 0 1 0 0 1 0 0 1 0 0 1 0 0 1 0 0 1 -0 0 1 0 0 1 0 0 1 0 0 1 0 -0 1 0 -0 1 0 -0 1 0 -0 1 0 -0 1 0 0 1 0 0 1 0 0 1 0 0 1 -0 0 1 0 0 1 -0 0 1 0 0 1 -0 0 1 0 0 1 -0 0 1 0 0 1 0 0 1 0 0 1 0 0 1 0 0 1 0 0 1 -0 0 1 0 0 1 -0 0 1 -0 0 1 0 -0 1 0 -0 1 0 -0 1 0 -0 1 0 -0.8659895 0.5000621 0 -0.866008 0.50003 2.083513e-06 -0.866017 0.5000145 0 -0.866017 0.5000145 0 -0.8660474 0.4999617 2.412352e-06 -0.866026 0.4999989 2.026772e-07 -0.8660184 0.500012 -1.290802e-06 -0.8660118 0.5000235 2.686387e-06 -0.8660311 0.4999901 -9.882434e-07 -0.8660208 0.5000079 0 -0.8660161 0.5000162 5.223411e-06 -0.866021 0.5000075 1.889929e-06 -0.8659984 0.5000466 -1.21211e-05 -0.8660526 0.4999529 1.385861e-05 -0.8660339 0.4999853 3.095478e-06 -0.8660077 0.5000306 -8.037725e-06 -0.8660247 0.5000011 8.62038e-07 -0.8660203 0.5000088 -7.646876e-07 -0.8660496 0.499958 -1.223433e-05 -0.8659957 0.5000514 1.153737e-05 -0.8660478 0.4999613 -7.244085e-06 -0.8660607 0.4999388 1.235628e-05 -0.8660203 0.5000089 -1.016029e-07 -0.8659825 0.5000743 -1.700027e-05 -0.8660306 0.499991 -3.586316e-06 -0.8660126 0.5000221 4.999919e-06 -0.8660261 0.4999988 -2.417269e-07 -0.8660458 0.4999645 -1.080239e-05 -0.8660171 0.5000144 1.240279e-06 -0.8660273 0.4999968 0 -0.8660171 0.5000144 0 -0.8660171 0.5000144 0 -0.8660331 0.4999867 0 -0.866033 0.4999867 1.253097e-06 -0.8660315 0.4999894 1.042643e-06 -0.8660281 0.4999955 6.546777e-08 -0.8660218 0.5000062 -8.135522e-07 -0.8660434 0.4999688 5.443831e-06 -0.8659978 0.5000479 1.06895e-05 -0.866048 0.4999608 -7.733587e-06 -0.8660332 0.4999865 -3.469072e-06 -0.8660167 0.5000151 3.569777e-06 -0.866026 0.4999987 9.522348e-07 -0.866004 -0.5000371 0 -0.8660083 -0.5000297 4.009162e-07 -0.8660323 -0.4999881 1.455786e-07 -0.8660157 -0.5000168 0 -0.8660084 -0.5000294 -6.84741e-07 -0.866012 -0.5000232 -7.196441e-07 -0.8660287 -0.4999944 5.28745e-07 -0.8660241 -0.5000022 1.438324e-06 -0.866035 -0.4999834 -1.672121e-06 -0.8660495 -0.4999581 -4.671366e-06 -0.8659932 -0.5000558 6.562692e-06 -0.8660667 -0.4999286 -1.441361e-05 -0.8660088 -0.5000287 8.059262e-06 -0.8660255 -0.4999999 5.384487e-07 -0.8660411 -0.4999729 -7.722207e-06 -0.8660162 -0.5000159 3.024829e-06 -0.8660061 -0.5000333 8.865681e-06 -0.8660129 -0.5000216 5.534971e-06 -0.8660218 -0.5000064 1.52407e-06 -0.8660204 -0.5000087 2.236729e-06 -0.8660217 -0.5000065 1.677319e-06 -0.8660169 -0.5000148 4.511864e-06 -0.8660261 -0.4999987 -1.59493e-06 -0.8660533 -0.4999516 -1.014695e-05 -0.8660175 -0.5000138 4.216619e-06 -0.8660318 -0.4999889 -4.168797e-06 -0.8660238 -0.5000027 -1.654755e-06 -0.8660462 -0.4999639 -1.06247e-05 -0.8660331 -0.4999866 -2.3448e-06 -0.8660244 -0.5000018 -1.019425e-06 -0.8660259 -0.4999991 -1.478111e-06 -0.8660145 -0.500019 -3.219794e-07 -0.8660309 -0.4999906 -5.066721e-07 -0.8660225 -0.5000051 7.22277e-07 -0.8660309 -0.4999906 2.591439e-07 -0.8660171 -0.5000145 2.292297e-06 -0.8660332 -0.4999866 -2.344798e-06 -0.8660297 -0.4999926 -1.818858e-06 -0.8660209 -0.5000077 7.83494e-07 -0.866017 -0.5000143 0 -0.8660171 -0.5000144 0 -0.8660202 -0.500009 3.788246e-07 0 -1 0 0 -1 0 0 -1 0 0 -1 0 0 -1 -0 0 -1 0 0 -1 0 0 -1 0 0 -1 0 0 -1 0 0 -1 0 0 -1 0 0 -1 0 0 -1 -0 0 -1 0 0 -1 -0 0 -1 -0 0 -1 0 -0 -1 0 -0 -1 -0 -0 -1 0 -0 -1 -0 -0 -1 -0 0 -1 0 0 -1 0 0 -1 0 0 -1 -0 0 -1 0 0 -1 -0 0 -1 0 0 -1 0 -0 -1 0 -0 -1 0 0 -1 0 0 -1 0 0 -1 0 0 -1 0 0 -1 0 0 -1 0 -0 -1 0 -0 -1 -0 -0 -1 0 -0 -1 0 0 -0 1 -0 0 1 0 -0 1 -0 0 1 0 -0 1 -0 0 1 0 -0 1 -0 0 1 0 0 1 0 0 1 -0 0 1 0 0 1 -0 0 1 0 0 1 -0 0 1 -0 0 1 0 -0 1 -0 0 1 0 -0 1 -0 0 1 0 -0 1 0 0 1 0 0 1 -0 0 1 0 0 1 -0 0 1 0 0 1 -0 0 1 0 0 1 0 0 1 0 0 1 -0 0 1 0 -0 1 -0 0 1 0 -0 1 -0 0 1 0 -0 1 -0 0 1 0 -0 1 -0 0 1 0 0 1 -0 0 1 0 0 1 -0 0 1 0 0 1 -0 0 1 0 0 1 0 0 1 -0 0 1 0 0 1 -0 0 1 0 0 1 -0 0 1 0 0 1 -0 0 1 0 0 1 -0 0 1 0 -0 1 -0 0 1 0 -0 1 -0 0 1 0 -0 1 -0 0 1 0 -0 1 -0 0 1 0 -0 1 -0 0 1 -0 0 1 0 0 1 0 0 1 -0 0 1 0 0 1 -0 0 1 0 0 1 -0 0 1 0 0 1 -0 0 1 0 0 1 0 0 1 0 0 1 0 0 1 0 0 1 0 0 1 0 0 1 0 0 1 0 0 1 0 0 1 0 0 1 0 0 1 0 0 1 0 0 1 0 0 1 0 0 1 0 0 1 0 0 1 0 0 1 0 -0 1 0 0 1 0 -0 1 0 0 1 0 -0 1 0 0 1 0 0 1 0 -0 1 0 0 1 0 -0 1 0 0 1 0 -0 1 0 0 1 0 -0 1 0 0 1 0 -0 1 0 0 1 0 -0 1 0 0 1 0 -0 1 0 -0 1 0 0 1 0 0 1 0 0 1 0 0 1 0 0 1 0 0 1 0 0 1 0 0 1 0 0 1 0 0 1 0 0 1 0 0 1 0 0 1 0 0 1 0 0 1 0 0 1 0 0 1 0 0 1 0 0 1 0 0 1 0 0 1 0 0 1 0 0 1 0 0 1 0 0 1 0 0 1 0 0 1 0 0 1 0 -0 1 0 0 1 0 -0 1 0 0 1 0 -0 1 0 0 1 0 0 1 0 -0 1 0 0 1 0 -0 1 0 0 1 0 -0 1 0 0 1 0 -0 1 0 0 1 0 -0 1 0 -0 1 0 -0 -1 0 0 -1 0 -0 -1 0 0 -1 0 -0 -1 0 0 -1 0 -0 -1 0 0 -1 0 0 -1 -0 0 -1 0 0 -1 -0 0 -1 0 0 -1 -0 0 -1 0 -0 -1 -0 0 -1 0 -0 -1 -0 0 -1 0 -0 -1 -0 0 -1 -0 0 -1 0 -0 -1 -0 0 -1 0 -0 -1 -0 0 -1 0 -0 -1 -0 0 -1 0 -0 -1 0 -0 -1 0 0 -1 0 0 -1 0 0 -1 0 0 -1 0 0 -1 0 0 -1 0 0 -1 0 0 -1 -0 0 -1 0 0 -1 -0 0 -1 0 0 -1 -0 0 -1 0 0 -1 -0 0 -1 -0 0 -1 0 0 -1 0 0 -1 0 0 -1 0 0 -1 0 -0 -1 0 0 -1 0 -0 -1 0 0 -1 0 -0 -1 0 0 -1 0 -0 -1 0 0 -1 0 -0 -1 0 0 -1 0 -0 -1 0 0 -1 0 -0 -1 0 0 -1 0 0 -1 -0 0 -1 0 -0 -1 0 0 -1 0 0 -1 0 0 -1 0 0 -1 0 0 -1 0 0 -1 -0 0 -1 0 0 -1 -0 0 -1 0 0 -1 -0 0 -1 0 0 -1 -0 0 -1 -0 0 -1 -0 0 -1 0 0 -1 0 0 -1 -0 0 -1 0 0 -1 -0 0 -1 -0 0 -1 0 0 -1 0 -0 -1 -0 0 -1 0 -0 -1 -0 0 -1 0 -0 -1 -0 0 -1 0 -0 -1 -0 0 -1 0 -0 -1 0 0 -1 -0 0 -1 0 -0 -1 -0 0 -1 0 -0 -1 -0 0 -1 0 -0 -1 0 -0 -1 0 0 -1 0 0 -1 0 -0 -1 0 0 -1 0 -0 -1 0 0 -1 0 -0 -1 0 0 -1 0 -0 -1 0 0 -1 0 0 -1 0 0 -1 0 0 -1 0 0 -1 0 0 -1 0 0 -1 0 0 -1 0 0 -1 0 0 -1 0 0 -1 0 0 -1 0 0 -1 0 -0 -1 0 0 -1 0 -0 -1 0 0 -1 0 0 -1 0 0 -1 0 0 -1 0 -0 -1 0 -0 -1 -0 0 -1 0 -0 -1 -0 0 -1 0 -0 -1 -0 0 -1 0 -0 -1 0 -0 -1 0 0 -1 0 0 -1 0 0 -1 0 0 -1 0 0 -1 0 0 -1 0 0 -1 0 0 -1 0 0 -1 0 0 -1 -0 0 -1 0 0 -1 -0 0 -1 0 0 -1 -0 0 -1 0 0 -1 -0 0 -1 0 0 -1 -0 0 -1 0 0 -1 0.1125501 -0.7696972 0.6284097 0.1968081 -0.6836491 0.7027734 0.2562033 -0.6628657 0.7035403 0.5583313 -0.4163916 0.7175543 0.1751872 -0.6832181 0.7088882 0.03038321 -0.705128 0.7084288 -0.2068291 -0.6739905 0.7091956 -0.6699029 0.2233937 0.7080434 -0.627335 0.3252763 0.7075635 -0.5946077 0.3815562 0.7077122 -0.2508155 0.6603866 0.7078002 -0.01394233 0.7063158 0.7077596 0.2850028 0.6466772 0.7075182 0.6139361 0.3497962 0.7076192 0.7044269 0.05690517 0.7074918 0.6009532 -0.3737424 0.706521 0.5343424 -0.4647618 0.7060274 0.5489082 -0.4425497 0.7091189 0.5543168 -0.4385391 0.7074012 0.5541648 -0.4386694 0.7074394 0.5693368 -0.4196753 0.7069147 0.5744937 -0.4138009 0.7062051 0.5821186 -0.4028581 0.7062884 0.5743224 -0.4137627 0.7063669 0.5808623 -0.4016329 0.7080184 0.5922233 -0.387881 0.7062718 0.6023068 -0.3751506 0.7046194 0.5923998 -0.3872513 0.7064694 0.6001692 -0.3734765 0.7073275 0.590342 -0.3855105 0.7091388 0.6096826 -0.359221 0.7065744 0.6189905 -0.345009 0.7055633 0.6079475 -0.3580209 0.7086754 0.6177617 -0.3440871 0.7070888 0.6076751 -0.3567783 0.7095353 0.6259907 -0.3306724 0.7062517 0.6328588 -0.3135178 0.7079523 0.6399942 -0.3006829 0.7071048 0.6336023 -0.3139264 0.7071056 0.6406654 -0.3011878 0.7062817 0.649205 -0.2836098 0.7057607 0.6394873 -0.3006229 0.7075887 0.6473975 -0.2824556 0.7078809 0.6537173 -0.271523 0.706349 0.6603711 -0.2508018 0.7078195 0.6654079 -0.2412107 0.7064345 0.6720371 -0.2178655 0.7077435 0.6646565 -0.2405963 0.7073509 0.6643875 -0.241318 0.7073576 0.6607019 -0.2511523 0.7073864 0.6620347 -0.2483228 0.7071391 0.6755322 -0.2106575 0.7065972 0.6756483 -0.2102395 0.7066107 0.6822645 -0.1843165 0.7074904 0.683641 -0.1797589 0.7073343 0.6823639 -0.1844334 0.707364 0.6839147 -0.1795695 0.7071178 0.6831118 -0.1846919 0.7065743 0.690531 -0.1511894 0.7073251 0.705031 -0.05599891 0.7069622 0.7019184 -0.08449807 0.7072273 0.70183 -0.08535424 0.7072123 0.7018042 -0.08549026 0.7072216 0.6915807 -0.1485031 0.7068685 0.6915322 -0.1486984 0.7068748 0.6972618 -0.1173528 0.7071452 0.6974209 -0.1165383 0.707123 0.6971459 -0.1180896 0.7071369 0.6973341 -0.1170921 0.7071171 0.6973114 -0.1177454 0.707031 0.7022672 -0.08382928 0.7069606 0.7068793 0.007273004 0.7072968 0.7064796 -0.01551908 0.7075632 0.7065706 -0.02282206 0.7072746 0.7065583 -0.02294367 0.7072827 0.7076316 -0.01563099 0.7064086 0.704666 -0.05398221 0.7074828 0.7056727 -0.04991179 0.7067778 0.7021269 -0.08552542 0.7068969 0.703366 0.06931809 0.70744 0.7042491 0.05689654 0.7076694 0.7064896 0.0388654 0.7066554 0.7065852 0.05562411 0.7054384 0.7066087 0.03879267 0.7065403 0.7061309 0.02316029 0.7077025 0.7076504 0.008031562 0.7065171 0.7074543 0.003935646 0.7067481 0.7067261 -0.01566884 0.7073137 0.6974543 0.1239519 0.7058282 0.7035672 0.09078527 0.7048059 0.7021523 0.06992422 0.7085851 0.7008882 0.09048869 0.7075079 0.7013327 0.07075796 0.7093136 0.7008048 0.09020005 0.7076274 0.6831676 0.1901137 0.7050807 0.6889124 0.1569989 0.7076377 0.6925732 0.1418284 0.7072673 0.6902264 0.1569422 0.7063686 0.693281 0.1419279 0.7065535 0.6956614 0.1236606 0.7076464 0.6982337 0.1110738 0.7072003 0.6981765 0.1114199 0.7072023 0.6858509 0.1722564 0.7070616 0.6858546 0.1722421 0.7070615 0.6806628 0.1896395 0.7076263 0.6788419 0.1985806 0.7069225 0.6731551 0.221766 0.7054659 0.6788383 0.1985434 0.7069365 0.6711395 0.2221571 0.707261 0.6705559 0.225032 0.7069055 0.6648641 0.2406984 0.707121 0.6537334 0.269396 0.7071481 0.6503944 0.2920099 0.7012256 0.6583901 0.2588204 0.7067776 0.6583698 0.2588893 0.7067711 0.66514 0.2399345 0.707121 0.6138245 0.3499911 0.7076198 0.6328673 0.3214464 0.70438 0.6285925 0.3267394 0.7057711 0.6312547 0.3204612 0.7062734 0.6445552 0.289898 0.7074656 0.5773655 0.4072509 0.7076692 0.5777114 0.4067579 0.7076705 0.5976678 0.3812456 0.7052978 0.5982693 0.3796764 0.7056344 0.6141512 0.3493919 0.7076324 0.5319517 0.4655941 0.7072831 0.545487 0.450122 0.7069895 0.5613413 0.4324027 0.7056372 0.5599113 0.4355 0.7048681 0.5777813 0.4066463 0.7076775 0.5145679 0.4852278 0.7069469 0.5095868 0.490321 0.7070408 0.5205602 0.4799535 0.7061598 0.513107 0.4930055 0.7026142 0.5321001 0.4654209 0.7072856 0.4612525 0.5356877 0.7073082 0.4610556 0.535854 0.7073104 0.476427 0.524475 0.705651 0.4651079 0.5399029 0.7015551 0.4860874 0.5137031 0.7069852 0.4082625 0.5767989 0.7075484 0.4287495 0.5651402 0.7048337 0.4154759 0.579504 0.7011097 0.4357633 0.5575243 0.7065955 0.3444277 0.6169048 0.7076708 0.3633823 0.6073217 0.7064798 0.3823245 0.5982141 0.7042499 0.3769232 0.6005659 0.7051591 0.3813399 0.5966759 0.7060863 0.4084959 0.5766355 0.7075468 0.2850747 0.6466451 0.7075186 0.3157569 0.6337155 0.7061886 0.3224474 0.6317246 0.7049479 0.3172144 0.635351 0.7040626 0.3446499 0.6167796 0.7076718 0.2228895 0.6708605 0.7072952 0.2235743 0.6706257 0.7073016 0.2648871 0.6565292 0.7062607 0.2561171 0.6633548 0.7031105 0.2848228 0.6467784 0.7074981 0.1588602 0.689168 0.7069731 0.1910059 0.6808872 0.7070427 0.2056603 0.676871 0.7067882 0.1928643 0.6855002 0.7020633 0.2231412 0.6707553 0.7073155 0.1173653 0.6966612 0.7077349 0.1173604 0.6966619 0.7077349 0.1454723 0.6943841 0.704747 0.1390675 0.69728 0.7031791 0.1587774 0.6891916 0.7069686 0.0517386 0.704554 0.7077618 0.05202741 0.7045404 0.7077543 0.08347756 0.7043597 0.7049176 0.08509117 0.7037523 0.7053313 0.1174003 0.696655 0.7077351 -0.01409881 0.706313 0.7077592 -0.01342431 0.7063655 0.70772 0.02093296 0.7087449 0.7051541 0.01927196 0.7092429 0.7047007 0.05183029 0.7045473 0.7077619 -0.04710992 0.708694 0.7039413 -0.04182056 0.7077293 0.7052448 -0.04687208 0.7068297 0.7058292 -0.1025343 0.7021536 0.7046041 -0.08010902 0.7019963 0.7076609 -0.08036342 0.7019685 0.7076594 -0.125541 0.7032672 0.6997533 -0.1042904 0.7019612 0.7045382 -0.1241934 0.6957374 0.7074782 -0.1884089 0.6809655 0.7076638 -0.1572482 0.6937366 0.7028531 -0.1659048 0.6899337 0.7046041 -0.1567483 0.6903145 0.7063256 -0.1242892 0.6957196 0.7074789 -0.2507777 0.660401 0.7078001 -0.2208411 0.6754662 0.7035443 -0.226134 0.6723056 0.7048891 -0.2204064 0.6732221 0.7058279 -0.188361 0.6809791 0.7076635 -0.2821097 0.6503865 0.705274 -0.2846765 0.649652 0.7049197 -0.2824888 0.6513675 0.7042161 -0.3403562 0.6208722 0.7061695 -0.3521569 0.6190272 0.7019906 -0.3317916 0.6260006 0.7057177 -0.3108688 0.634213 0.7079086 -0.3112037 0.634079 0.7078813 -0.3112703 0.6340463 0.7078813 -0.3935511 0.5878153 0.7068173 -0.4425929 0.5762312 0.6870729 -0.408372 0.584633 0.7010254 -0.3779268 0.5973651 0.7073374 -0.377876 0.597394 0.7073402 -0.3782822 0.5971422 0.7073357 -0.4568314 0.539537 0.7072517 -0.4569556 0.5394291 0.7072538 -0.4442997 0.5511416 0.7062866 -0.4612921 0.5452297 0.6999529 -0.4316182 0.5601337 0.7070757 -0.5049114 0.4944038 0.7075515 -0.5048235 0.494495 0.7075508 -0.4917123 0.5101864 0.7056409 -0.5108054 0.5009664 0.698649 -0.4818641 0.5180184 0.7067277 -0.557157 0.4342105 0.70784 -0.5381665 0.4611848 0.7054682 -0.535503 0.4653072 0.7047877 -0.5397127 0.4626741 0.7033085 -0.5217761 0.4778517 0.7066876 -0.5947727 0.3813027 0.7077102 -0.5779842 0.4094782 0.7058766 -0.5747721 0.4162579 0.7045328 -0.5805529 0.4116064 0.7025229 -0.5570956 0.4342883 0.7078404 -0.6276307 0.3247166 0.7075584 -0.6127895 0.3545244 0.7062589 -0.6097324 0.3641326 0.7040126 -0.6166114 0.3570482 0.7016458 -0.5947674 0.3813502 0.707689 -0.6509436 0.2759291 0.7072026 -0.637491 0.3078581 0.7062779 -0.647766 0.2991711 0.7006397 -0.6277263 0.3247739 0.7074473 -0.669915 0.2233571 0.7080435 -0.6636276 0.2563081 0.7027835 -0.6638144 0.2508786 0.704564 -0.6614182 0.2551073 0.7052987 -0.6511974 0.275334 0.707201 -0.6875885 0.1607565 0.7080815 -0.6875187 0.161056 0.7080813 -0.6841609 0.1914017 0.703768 -0.6825871 0.1935944 0.7046958 -0.6701189 0.2228899 0.7079977 -0.6995008 0.09618587 0.7081292 -0.699338 0.09739301 0.7081251 -0.6982072 0.1302247 0.7039518 -0.6981595 0.1303009 0.703985 -0.6874945 0.1610961 0.7080956 -0.7057498 0.04093479 0.7072775 -0.7057505 0.04064771 0.7072935 -0.7066962 0.06796136 0.7042456 -0.7079805 0.06561808 0.703177 -0.6993678 0.09714063 0.7081302 -0.7063174 -0.01565732 0.7077221 -0.706253 -0.0161366 0.7077756 -0.7114135 0.005276547 0.7027538 -0.707673 0.01631236 0.7063518 -0.7058338 0.0393874 0.7072815 -0.7018157 -0.07979865 0.707875 -0.7016428 -0.08039881 0.7079784 -0.7091722 -0.05767789 0.7026721 -0.7066042 -0.0480698 0.7059743 -0.7062969 -0.01634872 0.707727 -0.6914104 -0.1434202 0.7080836 -0.7045256 -0.1123683 0.7007261 -0.7011567 -0.1200803 0.7028229 -0.6997433 -0.1121255 0.7055404 -0.7017965 -0.07995837 0.707876 -0.679325 -0.1982631 0.7065474 -0.690861 -0.1758807 0.7012681 -0.6873161 -0.1814233 0.7033364 -0.6870985 -0.1756183 0.7050204 -0.6915187 -0.1429101 0.7080811 -0.6688646 -0.2537331 0.6987416 -0.6663126 -0.2406774 0.7057634 -0.6710525 -0.2213247 0.7076043 -0.6711029 -0.2207536 0.707735 -0.6711541 -0.2205937 0.7077362 -0.6420516 -0.2984138 0.7062003 -0.6441262 -0.3137752 0.6976006 -0.648491 -0.2806957 0.70758 -0.6484409 -0.2809109 0.7075405 -0.6484031 -0.2810003 0.7075396 -0.6205236 -0.3385288 0.7073533 -0.6204816 -0.3386368 0.7073385 -0.6205972 -0.3384196 0.7073409 -0.5808672 -0.4195704 0.6975342 -0.5817921 -0.4084458 0.7033421 -0.5566396 -0.4339094 0.7084314 -0.5562637 -0.4343886 0.708433 -0.587385 -0.3937921 0.7070407 -0.5872816 -0.3939726 0.707026 -0.6126485 -0.3537397 0.7067744 -0.615065 -0.3868694 0.6870422 -0.6140632 -0.3714859 0.6963652 -0.5154152 -0.4821563 0.7084296 -0.5153248 -0.4822394 0.7084389 -0.5433561 -0.4582147 0.7034227 -0.5426652 -0.4631481 0.7007199 -0.5566078 -0.4339446 0.7084348 -0.469914 -0.5265906 0.708437 -0.4965425 -0.5074925 0.7041995 -0.5008511 -0.5045911 0.7032325 -0.4994752 -0.5104342 0.6999868 -0.5154054 -0.482167 0.7084295 -0.4207495 -0.5666353 0.708445 -0.4485068 -0.549974 0.7045354 -0.454713 -0.5472757 0.702656 -0.4522037 -0.5538039 0.6991516 -0.4701333 -0.5263932 0.7084383 -0.3791701 -0.5949752 0.7086851 -0.4047031 -0.587173 0.7010301 -0.4056192 -0.5869563 0.7006822 -0.4052684 -0.587596 0.7003488 -0.4206897 -0.5666802 0.7084445 -0.3241699 -0.626475 0.7088321 -0.3573056 -0.61948 0.698983 -0.3517747 -0.6197955 0.7015042 -0.3547952 -0.6157298 0.7035604 -0.3792563 -0.5949207 0.7086847 -0.2666769 -0.6528747 0.7089698 -0.3003506 -0.6490278 0.6989653 -0.295587 -0.6484519 0.7015258 -0.2986163 -0.6454159 0.703041 -0.3241578 -0.6264812 0.7088321 -0.2067796 -0.6740057 0.7091957 -0.2408839 -0.673268 0.6990602 -0.2371853 -0.6721342 0.701412 -0.2398054 -0.6702158 0.7023562 -0.2666375 -0.6528907 0.7089698 -0.1566361 -0.6887856 0.7078415 -0.1570496 -0.6886951 0.7078378 -0.1776359 -0.6935434 0.6981711 -0.1836896 -0.6872165 0.7028453 -0.2064726 -0.6741796 0.7091199 -0.09487569 -0.6998407 0.7079701 -0.09523936 -0.6998067 0.7079549 -0.115741 -0.7071342 0.6975423 -0.1266494 -0.6968208 0.705975 -0.126181 -0.6969578 0.7059237 -0.03284143 -0.7053206 0.7081274 -0.03270884 -0.7053018 0.7081521 -0.05286505 -0.7152864 0.696829 -0.06434271 -0.705514 0.7057691 -0.09552237 -0.6997584 0.7079644 0.03035806 -0.7051293 0.7084286 0.03042674 -0.705102 0.7084527 0.0106103 -0.7179912 0.6959713 -0.001446194 -0.7086105 0.7055983 -0.03268095 -0.7053267 0.7081287 0.1141154 -0.696096 0.7088216 0.08319217 -0.7048409 0.7044703 0.07369999 -0.7113436 0.6989697 0.08401008 -0.7197483 0.6891333 0.05669921 -0.7062169 0.7057215 0.1750894 -0.6832424 0.7088889 0.1453569 -0.694899 0.7042632 0.1367437 -0.7044083 0.6964983 0.1478094 -0.7114016 0.6870663 0.1138562 -0.6961365 0.7088236 0.234994 -0.6647868 0.7091095 0.2347209 -0.6648809 0.7091118 0.1968813 -0.6841017 0.7023124 0.2108411 -0.6977503 0.6846098 0.2104391 -0.6975663 0.684921 0.2892479 -0.6436939 0.7085152 0.2895861 -0.6435438 0.7085134 0.2566265 -0.6641424 0.7021807 0.2729117 -0.6790386 0.6814879 0.2358863 -0.6650752 0.7085426 0.3395373 -0.6148087 0.711846 0.3393518 -0.6149107 0.7118464 0.3182184 -0.6467975 0.6931018 0.3198826 -0.6480248 0.6911865 0.2888352 -0.6436376 0.7087348 0.3912675 -0.5821027 0.7127876 0.391574 -0.5818971 0.7127872 0.3754933 -0.6183494 0.6903975 0.3765183 -0.6190566 0.6892046 0.3391904 -0.6148456 0.7119794 0.4402648 -0.5443559 0.7140334 0.4404462 -0.5441406 0.7140855 0.430784 -0.5856504 0.6866139 0.4308298 -0.5856805 0.6865597 0.3915164 -0.5819846 0.7127473 0.4857174 -0.509549 0.7102382 0.4855494 -0.5103269 0.7097945 0.4842793 -0.5491263 0.6811269 0.4835211 -0.5486497 0.682049 0.4405533 -0.5441229 0.7140329 0.5219997 -0.4662794 0.7142128 0.5219206 -0.4659608 0.7144785 0.5447796 -0.5173733 0.6599546 0.5111855 -0.5001404 0.6989627 0.4854277 -0.5098266 0.7102371 0.5582327 -0.4165256 0.7175533 0.5577767 -0.4158709 0.7182872 0.6067865 -0.4817851 0.632213 0.5548388 -0.4548979 0.6965787 0.5219029 -0.4663891 0.7142118 0.578364 -0.3559011 0.73405 0.706677 -0.4656201 0.5327341 0.5914038 -0.4047255 0.6974517 0.5963588 -0.4074006 0.6916509 0.6540601 -0.3684399 0.6606492 0.6505414 -0.3665226 0.6651745 0.57821 -0.3561549 0.7340482 0.5343329 -0.4647727 0.7060274 0.5105599 -0.4851608 0.7098927 0.5101954 -0.4855083 0.7099171 0.5102265 -0.4854858 0.7099102 0.5109163 -0.4851277 0.7096588 0.4889045 -0.512553 0.7058765 0.4685448 -0.5316985 0.7055228 0.4881008 -0.511089 0.7074925 0.4177051 -0.5663586 0.7104649 0.4453884 -0.5489939 0.7072728 0.4200138 -0.5710629 0.7053194 0.4460666 -0.5504974 0.7056751 0.4651963 -0.5275134 0.71086 0.4655851 -0.5273576 0.7107211 0.4655249 -0.5273948 0.7107329 0.4177856 -0.5663165 0.7104511 0.4167503 -0.5664994 0.7109132 0.3924711 -0.5902738 0.7053674 0.3677641 -0.6063992 0.7050032 0.3918415 -0.5896639 0.7062271 0.3653834 -0.6017222 0.710229 0.3876593 -0.5767502 0.7190823 0.3619498 -0.6024355 0.7113817 0.3652051 -0.6013912 0.710601 0.334272 -0.6249022 0.7055207 0.3653698 -0.6078115 0.7050319 0.3344575 -0.6250735 0.7052811 0.3343184 -0.6251298 0.7052971 0.3089585 -0.6278405 0.7143955 0.3032977 -0.6362656 0.7093494 0.2762659 -0.6495615 0.708341 0.3123909 -0.6359026 0.7057194 0.2763754 -0.6520371 0.70602 0.2179203 -0.6700226 0.7096341 0.2187948 -0.6697248 0.7096461 0.2525449 -0.6536777 0.7133908 0.2485518 -0.6509393 0.7172865 0.2769873 -0.6517826 0.7060153 0.153958 -0.6778318 0.7189165 0.1863451 -0.6738457 0.7149876 0.1929968 -0.6705419 0.716328 0.1860416 -0.6615016 0.7265013 0.2183727 -0.6759672 0.7038336 0.1482829 -0.7636172 0.6284114 0.1237985 -0.65398 0.7463137 0.1258922 -0.6484018 0.7508171 0.1246046 -0.6442117 0.754629 0.1532018 -0.694473 0.7030196 -0.4308494 0.5371001 -0.7251843 -0.7025717 0.05933725 -0.7091348 -0.6153724 -0.3456289 -0.708419 -0.2879086 -0.6445742 -0.7082604 0.5108426 -0.4876918 -0.7079524 0.6869721 -0.1647534 -0.707761 0.5188689 0.4795245 -0.7076945 0.1466141 0.6916819 -0.7071638 0.1656697 0.6869048 -0.7076124 0.165967 0.6883956 -0.7060923 0.1323032 0.694986 -0.7067464 0.1467133 0.6920264 -0.7068059 0.1326239 0.6940126 -0.7076421 0.1159317 0.6981115 -0.7065411 0.115953 0.6981081 -0.7065408 0.09927302 0.6995507 -0.7076536 0.08482031 0.7014545 -0.707649 0.09930763 0.7007223 -0.7064886 0.08470429 0.7025469 -0.7065784 0.1013732 0.7015734 -0.7053497 0.06243116 0.7036393 -0.7078094 0.06582059 0.7036746 -0.7074671 0.06198821 0.7041537 -0.7073368 0.03996507 0.7063705 -0.7067131 0.03225047 0.7059299 -0.7075471 0.009803303 0.7046474 -0.7094899 0.03211525 0.7063454 -0.7071385 0.009371216 0.7070156 -0.7071359 0.03247216 0.708376 -0.7050878 0.009313617 0.707552 -0.7065998 -0.001706639 0.7065452 -0.7076659 -0.02135728 0.7066022 -0.7072887 -0.001806586 0.7095802 -0.7046223 -0.02048278 0.7074735 -0.7064431 -0.05205594 0.7038711 -0.7084178 -0.03966627 0.7056805 -0.707419 -0.05230315 0.7048957 -0.7073799 -0.03958987 0.706452 -0.7066528 -0.05239219 0.7057371 -0.706534 -0.07379522 0.7026909 -0.707658 -0.08316877 0.7016466 -0.7076545 -0.07397271 0.7042382 -0.7060996 -0.1142531 0.6971778 -0.7077353 -0.107824 0.6985656 -0.7073755 -0.1144541 0.6975456 -0.7073403 -0.1077023 0.6987968 -0.7071657 -0.1145737 0.6981226 -0.7067515 -0.1081519 0.6994705 -0.7064306 -0.1454641 0.691582 -0.7074988 -0.1413581 0.6932982 -0.7066509 -0.1758577 0.6847015 -0.7072892 -0.1800844 0.6834806 -0.7074064 -0.1747418 0.6850231 -0.7072543 -0.1745112 0.6850804 -0.7072558 -0.1757532 0.6848537 -0.7071678 -0.1745717 0.6852498 -0.7070766 -0.2056744 0.676681 -0.7069659 -0.203222 0.677885 -0.7065217 -0.2073171 0.6758391 -0.7072914 -0.2362882 0.6667923 -0.7067927 -0.2408767 0.6651516 -0.7067897 -0.2360515 0.6668266 -0.7068394 -0.2408128 0.6642587 -0.7076507 -0.2640069 0.6525652 -0.7102527 -0.2423083 0.6676986 -0.7038929 -0.2661251 0.6557606 -0.7065094 -0.2737562 0.6512707 -0.7077457 -0.2955372 0.6422294 -0.7072476 -0.2724462 0.6523524 -0.7072547 -0.2743395 0.6515583 -0.7072549 -0.2959112 0.6429807 -0.7064081 -0.304928 0.6371805 -0.7078276 -0.3253848 0.6286984 -0.7063023 -0.3252259 0.6287838 -0.7062995 -0.3355302 0.621522 -0.7079052 -0.3545428 0.6103753 -0.7083371 -0.3351899 0.6218498 -0.7077786 -0.353091 0.6119501 -0.7077032 -0.3379289 0.6252209 -0.7034934 -0.3687964 0.6016493 -0.7085248 -0.3733881 0.5977854 -0.7093899 -0.3650551 0.604788 -0.7077897 -0.3857083 0.5935296 -0.7063651 -0.3939718 0.5867685 -0.7074524 -0.3941209 0.5866519 -0.7074661 -0.3848718 0.592802 -0.7074317 -0.4103321 0.5740002 -0.7086263 -0.4102702 0.5740489 -0.7086228 -0.3959218 0.5891363 -0.7043893 -0.4120866 0.5756597 -0.7062581 -0.4216292 0.5665084 -0.7080234 -0.4368924 0.5558992 -0.7071783 -0.4239323 0.5689162 -0.7047097 -0.4405534 0.55391 -0.7064676 -0.4375434 0.556313 -0.70645 -0.4412175 0.5530354 -0.7067383 -0.5076274 0.4902382 -0.7085062 -0.5101918 0.4845432 -0.7105788 -0.5316362 0.4669706 -0.7066126 -0.5136412 0.4882442 -0.7055424 -0.5077068 0.4901308 -0.7085235 -0.486349 0.5145037 -0.7062228 -0.4702506 0.5296257 -0.7059469 -0.4862598 0.5142853 -0.7064432 -0.4659028 0.5277113 -0.7102501 -0.461154 0.5350207 -0.707877 -0.461065 0.535126 -0.7078553 -0.5563208 0.4203373 -0.7168149 -0.5471576 0.4449999 -0.7089385 -0.5323643 0.467188 -0.7059203 -0.5321926 0.4674364 -0.7058854 -0.584129 0.3970182 -0.7079335 -0.5860827 0.3861986 -0.7122904 -0.5546114 0.4403715 -0.7060306 -0.5545396 0.4404761 -0.7060217 -0.5665069 0.4244754 -0.706322 -0.5830883 0.3987246 -0.7078324 -0.6172472 0.332577 -0.7130207 -0.6155278 0.3391353 -0.711416 -0.6201422 0.3338854 -0.7098902 -0.6045215 0.3695188 -0.7056979 -0.5919843 0.3898659 -0.7053787 -0.5987673 0.3766167 -0.7068505 -0.6025677 0.3691067 -0.7075819 -0.6447282 0.2769045 -0.7124951 -0.6376594 0.3107013 -0.7048795 -0.6248266 0.3364581 -0.7045479 -0.6338015 0.3095587 -0.7088506 -0.6335846 0.3100407 -0.7088338 -0.6850808 0.1918988 -0.7027369 -0.6617515 0.2170947 -0.7176035 -0.6597893 0.2218339 -0.7179608 -0.6593432 0.2227132 -0.7180985 -0.6658879 0.2184818 -0.7133436 -0.6628426 0.2512794 -0.7053356 -0.6516159 0.2799611 -0.7049955 -0.6554157 0.2506579 -0.7124612 -0.6429661 0.2781724 -0.7135928 -0.705121 0.1255783 -0.6978786 -0.7050585 0.1259175 -0.6978806 -0.6715586 0.1562019 -0.7242997 -0.6713439 0.1601355 -0.7236394 -0.6738872 0.1568178 -0.7220002 -0.6766682 0.1596142 -0.7187792 -0.6850486 0.1920135 -0.702737 -0.6643853 0.09773302 -0.7409725 -0.6644372 0.09775317 -0.7409234 -0.6645107 0.09773077 -0.7408604 0.2673398 0.6540728 -0.7076145 0.2677491 0.6539077 -0.7076123 0.2358116 0.6682993 -0.7055274 0.2367616 0.6681696 -0.7053321 0.217724 0.6731101 -0.7067667 0.1732203 0.6856962 -0.7069762 0.173249 0.6856907 -0.7069746 0.1985011 0.678614 -0.7071636 0.1948874 0.679315 -0.7074955 0.1986405 0.678201 -0.7075205 0.198252 0.6783071 -0.7075279 0.3283114 0.625834 -0.7074909 0.3291379 0.6253855 -0.7075036 0.2938108 0.6445144 -0.7058869 0.2996846 0.643296 -0.7045277 0.2678065 0.6538856 -0.707611 0.387345 0.5913949 -0.7072594 0.3583523 0.610074 -0.7066777 0.3495713 0.6158774 -0.7060417 0.3599399 0.6126745 -0.7036144 0.3288458 0.6255572 -0.7074876 0.414772 0.5726675 -0.7071182 0.41499 0.5725045 -0.7071223 0.4027455 0.5827978 -0.7057923 0.4172664 0.5765001 -0.7025214 0.3868972 0.591682 -0.7072644 0.4714428 0.5263128 -0.7076273 0.4479018 0.5510141 -0.7041075 0.453168 0.5455222 -0.7050136 0.4468169 0.5490878 -0.7062982 0.4308674 0.5607046 -0.7070811 0.5188913 0.4795004 -0.7076943 0.4976596 0.5054964 -0.7048463 0.4994403 0.503129 -0.7052805 0.4969193 0.5049524 -0.705758 0.4713062 0.5264362 -0.7076266 0.5427069 0.4563635 -0.7051253 0.5419877 0.45702 -0.7052532 0.5425911 0.4559819 -0.7054611 0.5842818 0.4032489 -0.7042763 0.579809 0.4070942 -0.705759 0.5623069 0.4278965 -0.7076125 0.5618994 0.4283345 -0.7076712 0.5619161 0.4283127 -0.7076712 0.6052355 0.3658651 -0.7069885 0.5980504 0.3772636 -0.7071124 0.5939419 0.3837015 -0.7071112 0.6372053 0.307756 -0.7065803 0.6215847 0.3365699 -0.7073565 0.6124225 0.3535568 -0.7070617 0.6267675 0.3398362 -0.7011946 0.6052517 0.3658424 -0.7069864 0.6733405 0.2138819 -0.7077197 0.6732748 0.2141021 -0.7077155 0.6672708 0.2410235 -0.7047392 0.663865 0.2464504 -0.7060776 0.6501784 0.2767977 -0.7075669 0.6504925 0.2760742 -0.707561 0.6411104 0.2979857 -0.7072355 0.6569018 0.2801054 -0.7000149 0.6374331 0.307343 -0.7065545 0.6921963 0.1420772 -0.7075863 0.6883808 0.1636532 -0.7066467 0.6885801 0.1625403 -0.7067094 0.6857473 0.1810446 -0.7049635 0.6847556 0.1828851 -0.7054521 0.6731784 0.2143971 -0.707718 0.7026269 0.07680131 -0.7074015 0.6991582 0.1097126 -0.7064992 0.6985153 0.1196279 -0.705525 0.7024006 0.1105907 -0.7031381 0.6921893 0.1421099 -0.7075865 0.7070159 0.01032953 -0.7071221 0.7059689 0.04379138 -0.7068877 0.706753 0.05744203 -0.7051245 0.7105664 0.04472535 -0.7022072 0.7026291 0.07678344 -0.7074013 0.7097399 -0.005264133 -0.7044442 0.7127773 -0.02224251 -0.7010376 0.7070042 0.01078179 -0.7071272 0.7052895 -0.05585986 -0.7067152 0.706624 -0.02285045 -0.7072203 0.7066425 -0.0224065 -0.7072158 0.6991922 -0.1005939 -0.7078215 0.7060539 -0.06785882 -0.7048993 0.7077546 -0.07812454 -0.7021252 0.7052912 -0.05588012 -0.7067119 0.6868725 -0.1651749 -0.7077594 0.6961686 -0.1330606 -0.705439 0.6974782 -0.130085 -0.7047 0.6973211 -0.1335427 -0.7042084 0.6992455 -0.1002184 -0.707822 0.6688263 -0.2278169 -0.7076517 0.6688455 -0.2277597 -0.707652 0.6824789 -0.1909719 -0.7055156 0.6827033 -0.1976781 -0.7034484 0.686984 -0.1646703 -0.7077689 0.6447113 -0.2895447 -0.7074681 0.6447482 -0.2894613 -0.7074686 0.6625494 -0.2504082 -0.7059207 0.6622273 -0.2603284 -0.7026266 0.6687589 -0.2280657 -0.707635 0.6256149 -0.3282989 -0.7076904 0.6256822 -0.3281774 -0.7076874 0.6394725 -0.308815 -0.7040654 0.6391443 -0.3103261 -0.7036991 0.6448174 -0.2892883 -0.7074764 0.592428 -0.3846982 -0.7078393 0.5923095 -0.3848596 -0.7078506 0.6096292 -0.3640181 -0.7041613 0.6114066 -0.3577244 -0.7058436 0.6257198 -0.3281018 -0.7076892 0.5541411 -0.4379258 -0.7079185 0.5540538 -0.4380179 -0.70793 0.5749263 -0.4164251 -0.7043081 0.5760826 -0.4131675 -0.705281 0.5923305 -0.3848473 -0.7078399 0.5109222 -0.4876082 -0.7079525 0.5359445 -0.465249 -0.7044906 0.5356982 -0.465459 -0.7045391 0.5357838 -0.4652762 -0.7045947 0.5540473 -0.4380444 -0.7079186 0.4928077 -0.5113033 -0.7040665 0.4836738 -0.5258597 -0.699665 0.4966977 -0.5061489 -0.7050565 0.453895 -0.5426802 -0.7067372 0.4784088 -0.5205014 -0.7072505 0.47806 -0.5208154 -0.7072553 0.4024986 -0.582239 -0.7063941 0.4283414 -0.5621205 -0.7074915 0.4437289 -0.5504336 -0.707197 0.4338988 -0.5690641 -0.6984969 0.454329 -0.5421246 -0.7068847 0.3746119 -0.5990309 -0.707692 0.374694 -0.5989805 -0.7076911 0.3953834 -0.5905215 -0.7035314 0.402504 -0.5822321 -0.7063967 0.4024391 -0.5822967 -0.7063805 0.3476404 -0.6170231 -0.7059949 0.340986 -0.6220582 -0.7048207 0.3497652 -0.620443 -0.7019364 0.2982133 -0.6420815 -0.7062578 0.3177127 -0.6308501 -0.7078748 0.3178532 -0.6307801 -0.7078741 0.2460724 -0.6622389 -0.7077343 0.2461354 -0.6622149 -0.707735 0.2845116 -0.64927 -0.705338 0.2787431 -0.6553791 -0.7019833 0.2978796 -0.6422725 -0.706225 0.1838384 -0.682337 -0.7075449 0.1842165 -0.6822346 -0.7075452 0.2258663 -0.6715297 -0.7057141 0.2178534 -0.6790097 -0.7010605 0.2459077 -0.6623077 -0.7077272 0.1211645 -0.6964207 -0.7073312 0.1529326 -0.6908249 -0.706663 0.1656466 -0.688816 -0.7057576 0.1550041 -0.6970865 -0.7000316 0.1843271 -0.6822005 -0.7075494 0.09348807 -0.701012 -0.7069951 0.08888198 -0.7015498 -0.7070557 0.1041831 -0.7012389 -0.705273 0.09037164 -0.7096065 -0.6987786 0.1211129 -0.6964301 -0.7073308 0.008460973 -0.7059975 -0.7081638 0.0410657 -0.7090226 -0.7039891 0.04188209 -0.7091162 -0.7038466 0.04105495 -0.709497 -0.7035115 0.06475234 -0.7041728 -0.7070699 -0.05565509 -0.7038504 -0.7081646 -0.02334243 -0.7094964 -0.7043223 -0.02097376 -0.7101263 -0.7037618 -0.02357686 -0.7109479 -0.7028494 0.008386877 -0.7059985 -0.7081637 -0.1194204 -0.6958818 -0.7081577 -0.08757731 -0.7041013 -0.7046784 -0.08365494 -0.7058156 -0.7034389 -0.08788874 -0.7065502 -0.702184 -0.0555299 -0.7038599 -0.7081649 -0.1746216 -0.6848813 -0.7074213 -0.1513223 -0.6927223 -0.7051505 -0.145825 -0.6962058 -0.7028745 -0.1522929 -0.6964315 -0.7012775 -0.1191627 -0.6959249 -0.7081587 -0.2284608 -0.6681125 -0.7081182 -0.1996688 -0.6853942 -0.7002622 -0.2064873 -0.6795522 -0.7039687 -0.1984282 -0.680328 -0.7055354 -0.1747721 -0.6848427 -0.7074214 -0.2879771 -0.6445432 -0.7082608 -0.2608695 -0.6640914 -0.7006637 -0.2656932 -0.6585175 -0.7041035 -0.2592609 -0.6600519 -0.7050641 -0.2286169 -0.6680582 -0.708119 -0.34611 -0.6151119 -0.7084104 -0.3451192 -0.6156712 -0.7084079 -0.3236713 -0.6341214 -0.70223 -0.3184071 -0.6342661 -0.7045022 -0.2879807 -0.6445477 -0.7082552 -0.5040731 -0.5040731 -0.7012993 -0.3946294 -0.5867901 -0.7070679 -0.3946736 -0.5867568 -0.7070708 -0.3784685 -0.6029955 -0.702252 -0.3749761 -0.6032832 -0.7038766 -0.3451458 -0.6156377 -0.708424 -0.4411136 -0.5525223 -0.7072043 -0.4402328 -0.5532395 -0.7071924 -0.4287174 -0.5651656 -0.7048327 -0.4472873 -0.563361 -0.6946642 -0.4150096 -0.572601 -0.7070325 -0.489055 -0.5103607 -0.7073593 -0.4878604 -0.5115252 -0.7073432 -0.4780032 -0.5261468 -0.7033367 -0.4966376 -0.521832 -0.6935723 -0.4649074 -0.5331789 -0.7068107 -0.5322385 -0.4647852 -0.7075994 -0.5317146 -0.4653953 -0.7075923 -0.5238854 -0.4830382 -0.7015827 -0.5425308 -0.4759925 -0.6921644 -0.510881 -0.489579 -0.7066208 -0.5819388 -0.3993742 -0.7084119 -0.5695517 -0.4219403 -0.7053916 -0.5656341 -0.4356936 -0.7001637 -0.5533561 -0.4416534 -0.7062148 -0.5531035 -0.4417842 -0.7063308 -0.6156695 -0.3451068 -0.7084154 -0.6022991 -0.3749035 -0.7047576 -0.6016155 -0.3838048 -0.7005374 -0.6083799 -0.3788792 -0.6973696 -0.5819885 -0.3993029 -0.7084114 -0.643976 -0.2890169 -0.7083531 -0.6439744 -0.2890205 -0.7083532 -0.6302958 -0.3275945 -0.7038531 -0.6405512 -0.3235936 -0.6964061 -0.6154311 -0.3455739 -0.7083949 -0.6673986 -0.2300142 -0.7082886 -0.6673658 -0.2301069 -0.7082893 -0.6565788 -0.2705685 -0.7040575 -0.667971 -0.2654689 -0.6952274 -0.6439306 -0.2890753 -0.7083706 -0.6814324 -0.1805547 -0.7092601 -0.6814148 -0.1806212 -0.7092601 -0.6817831 -0.2126505 -0.6999654 -0.6862038 -0.2097335 -0.6965172 -0.6674078 -0.229997 -0.7082855 -0.6945033 -0.120172 -0.7093827 -0.6945791 -0.1193642 -0.709445 -0.6982815 -0.151636 -0.6995781 -0.6970304 -0.1525525 -0.7006257 -0.681418 -0.1805999 -0.7092624 -0.7022764 -0.05743641 -0.7095836 -0.702271 -0.05739441 -0.7095925 -0.7094349 -0.08941679 -0.6990758 -0.7084271 -0.09023415 -0.6999921 -0.6946325 -0.1194212 -0.709383 -0.7043092 0.00549932 -0.7098721 -0.7153165 -0.02736543 -0.6982647 -0.7149901 -0.02640875 -0.6986356 -0.7145193 -0.02683402 -0.699101 -0.7022831 -0.0573543 -0.7095836 -0.7026104 0.05890771 -0.7091323 -0.7025188 0.05904911 -0.7092112 -0.7176002 0.03709766 -0.6954665 -0.7135788 0.03228832 -0.6998305 -0.7043068 0.005812878 -0.7098719 -0.6943064 0.1208221 -0.709465 -0.694272 0.1210135 -0.7094661 -0.7126364 0.1004663 -0.6943024 -0.7050106 0.09066905 -0.7033769 -0.7047882 0.09035299 -0.7036405 -0.6805913 0.1820054 -0.7096968 -0.6806159 0.1819155 -0.7096962 -0.7023109 0.1634669 -0.6928477 -0.6944451 0.1525992 -0.7031782 -0.6944255 0.1525621 -0.7032055 -0.6867809 0.2254016 -0.6910327 -0.6787813 0.213677 -0.7025653 -0.678722 0.2135064 -0.7026746 -0.6585594 0.2681674 -0.7031256 -0.6612946 0.2413567 -0.7102368 -0.661204 0.2416006 -0.7102382 -0.6297171 0.3185423 -0.7085105 -0.6296774 0.3186227 -0.7085097 -0.652902 0.2803375 -0.7036547 -0.6734174 0.3019917 -0.6747666 -0.6586015 0.2684407 -0.7029821 -0.5989103 0.3725127 -0.708901 -0.5986705 0.3729062 -0.7088968 -0.6263966 0.3374352 -0.702684 -0.6478604 0.3618208 -0.6703451 -0.6297159 0.3185558 -0.7085055 -0.5633396 0.4234381 -0.7094707 -0.5613711 0.4253909 -0.7098626 -0.5949548 0.3919803 -0.7016981 -0.6184532 0.4204993 -0.6638495 -0.5989085 0.3725173 -0.7089003 -0.5274863 0.4683837 -0.708784 -0.5484859 0.4518563 -0.7035547 -0.5626011 0.4467272 -0.6956398 -0.5858884 0.4785446 -0.6540107 -0.5631471 0.4236991 -0.7094678 -0.4810488 0.5019084 -0.7188047 -0.4604222 0.4987835 -0.7343205 -0.5362999 0.5092776 -0.6730666 -0.5351012 0.5074762 -0.6753774 -0.5276676 0.4681772 -0.7087855 -0.4307902 0.5371478 -0.7251841 -0.5060277 0.5703519 -0.6470199 -0.5003033 0.5673642 -0.65406 -0.4957135 0.5598291 -0.6639726 -0.4811857 0.5017766 -0.718805 -0.482527 0.6559634 -0.5804134 -0.4583322 0.617163 -0.6395634 -0.4584264 0.6173265 -0.6393381 -0.4503203 0.7234387 -0.523305 -0.4509222 0.7244879 -0.5213314 -0.3673292 0.5531746 -0.7477079 -0.3673002 0.553194 -0.7477078 -0.4327324 0.257792 0.8638784 -0.4868417 -0.1283956 0.8640021 -0.4752051 -0.1662875 0.8640189 -0.4602621 -0.2042874 0.8639592 -0.4422288 -0.2410308 0.8639085 -0.4213355 -0.2760037 0.8638856 -0.397786 -0.3089903 0.8638816 -0.01800887 -0.5031258 0.8640255 0.02202532 -0.502999 0.8640063 0.06281047 -0.4996728 0.863934 0.1032196 -0.4929884 0.8638912 0.142703 -0.4830705 0.8638742 0.4625392 -0.1991116 0.8639514 0.4763725 -0.1628622 0.8640285 0.4880171 -0.1239701 0.8639854 0.4965865 -0.08389977 0.8639228 0.5017924 -0.04345944 0.8638956 0.5037206 -0.002843129 0.8638619 0.324388 0.3851035 0.8639837 0.293485 0.409049 0.8640286 0.2594423 0.4315617 0.86397 0.2236631 0.4512557 0.8639114 0.1864557 0.4679073 0.8638849 -0.2410404 0.442159 0.8639415 -0.2746626 0.4219793 0.8639988 -0.3068924 0.3991023 0.8640223 -0.3383539 0.3729765 0.8639475 -0.3675972 0.3443308 0.8638915 -0.3942445 0.3135108 0.8638763 -0.4929238 -0.1028494 0.8639723 -0.4834118 -0.1405213 0.864041 -0.4707111 -0.1787236 0.863996 -0.4547369 -0.2164014 0.8639356 -0.4357345 -0.2527169 0.863869 -0.08320365 -0.4967009 0.8639244 -0.04418495 -0.5015927 0.8639749 -0.005170743 -0.5034114 0.8640314 0.03535793 -0.5022919 0.8639749 0.07606272 -0.4978557 0.863918 0.1161278 -0.4901195 0.8638849 0.4323872 -0.2583302 0.8638905 0.4514093 -0.223273 0.8639322 0.467356 -0.1873955 0.8639799 0.4804118 -0.1504812 0.8640369 0.4911516 -0.1110914 0.8639612 0.4986349 -0.0707987 0.8639159 0.3720731 0.339501 0.8638869 0.3442677 0.3675545 0.8639349 0.3147443 0.3929316 0.864026 0.2826837 0.4166124 0.8640162 0.2480395 0.4382757 0.8639392 -0.1806066 0.470218 0.8638729 -0.2173967 0.4543243 0.8639029 -0.2523163 0.4358141 0.8639459 -0.2850581 0.4149707 0.8640262 -0.3173439 0.3909092 0.8639924 -0.3480883 0.3639475 0.863931 -0.5023267 -0.03707429 0.8638827 -0.4977408 -0.07663801 0.8639332 -0.4901485 -0.1152826 0.8639817 -0.4796387 -0.1529516 0.8640327 -0.465865 -0.1911386 0.8639652 -0.1486782 -0.4812548 0.86388 -0.1096158 -0.4916106 0.8638885 -0.07043942 -0.4986753 0.863922 -0.03154878 -0.5025079 0.8639969 0.007848056 -0.5033808 0.864029 0.04862213 -0.5012194 0.8639531 0.3939441 -0.3138942 0.8638741 0.4179372 -0.2811452 0.8638784 0.4389318 -0.2470281 0.8638959 0.4568627 -0.2117472 0.8639674 0.4718428 -0.1756511 0.8640087 0.4843123 -0.1377187 0.863988 0.4141962 0.2866467 0.8638722 0.3898816 0.3189141 0.8638785 0.3632914 0.3487943 0.8639224 0.334861 0.3760834 0.8639615 0.3046449 0.4008209 0.8640221 0.27159 0.4239972 0.8639822 -0.115674 0.4902266 0.863885 -0.1548861 0.4793081 0.8638716 -0.1925854 0.4654024 0.8638932 -0.2288673 0.4486125 0.8639252 -0.2630753 0.4293077 0.8639944 -0.2956124 0.4075163 0.8640277 -0.5027852 0.03064201 0.8638681 -0.5035865 -0.00970506 0.8638903 -0.5011906 -0.05004714 0.8638884 -0.4956168 -0.08934967 0.8639332 -0.4870687 -0.1275499 0.8639994 -0.2121048 -0.4568281 0.8638979 -0.1744473 -0.4725466 0.863868 -0.1360042 -0.4849825 0.8638836 -0.09692814 -0.4942484 0.8639002 -0.05776392 -0.5002661 0.8639428 -0.01893802 -0.5031032 0.8640187 0.3760692 -0.3350178 0.8639069 0.4020492 -0.3034753 0.863863 0.425047 -0.2702731 0.8638793 0.4451306 -0.2356224 0.8639102 0.4620847 -0.2000617 0.8639751 0.4491623 0.2277175 0.8639432 0.4292283 0.2635623 0.8638853 0.406613 0.2972921 0.8638769 0.381524 0.3288196 0.8638964 0.3542525 0.3579707 0.8639225 0.3251472 0.3845095 0.8639628 -0.0481318 0.5012652 0.863954 -0.08864965 0.4957933 0.8639041 -0.1285103 0.4870288 0.8638796 -0.1673125 0.4751173 0.8638692 -0.2046041 0.4602358 0.8638982 -0.2402471 0.442605 0.8639341 -0.4938809 0.09850056 0.8639324 -0.5003557 0.0579551 0.863878 -0.5033966 0.0174694 0.8638789 -0.5031767 -0.02305958 0.8638758 -0.4997091 -0.0629478 0.863903 -0.4931428 -0.102011 0.8639468 -0.2719452 -0.4237944 0.86397 -0.2367718 -0.4444972 0.8639221 -0.2000121 -0.4622632 0.8638912 -0.1620505 -0.4769238 0.8638769 -0.1232855 -0.4883788 0.863879 -0.08416333 -0.4965539 0.8639159 -0.4025913 0.2970573 0.8658391 -0.4937103 -0.08083597 0.8658613 -0.4859059 -0.1191045 0.8658577 -0.4750286 -0.1570707 0.8658388 -0.4609275 -0.194522 0.8658563 -0.02665636 -0.499571 0.8658627 0.01307562 -0.5000984 0.8658698 0.05347824 -0.4974343 0.8658516 0.09357473 -0.4914822 0.8658458 0.4383425 -0.2411634 0.8658499 0.4558733 -0.2060521 0.8658649 0.4704668 -0.1701061 0.8658665 0.4825945 -0.1318872 0.8658569 0.3575939 0.3499303 0.865838 0.3291506 0.3767633 0.8658575 0.2987232 0.4013249 0.8658538 0.2653981 0.4241053 0.8658513 0.2302527 0.4441634 0.8658536 -0.1958367 0.4604008 0.8658401 -0.2316243 0.4434664 0.8658451 -0.2653681 0.4241228 0.8658519 -0.2981475 0.4017508 0.8658547 -0.4973401 -0.05445172 0.8658452 -0.4915079 -0.09342106 0.8658479 -0.4827476 -0.131278 0.8658642 -0.4707945 -0.1692821 0.86585 -0.4555278 -0.2068991 0.8658448 -0.1303801 -0.4830417 0.8658358 -0.09157187 -0.4918657 0.8658422 -0.05263124 -0.4975326 0.8658471 0.06658601 -0.4958506 0.8658514 0.4247997 -0.2643182 0.8658412 0.4443697 -0.229877 0.8658477 0.4609483 -0.1944904 0.8658522 0.4747712 -0.1578102 0.8658454 0.4859565 -0.1190168 0.8658413 0.4009613 0.2992656 0.865835 0.3757689 0.3302959 0.8658535 0.3485924 0.3588829 0.8658443 -0.1324715 0.4824587 0.8658434 -0.1707869 0.4702781 0.8658351 -0.2076562 0.4551878 0.8658423 -0.242795 0.4374393 0.8658507 -0.2760256 0.4172464 0.8658611 -0.3083473 0.3939482 0.8658677 -0.5001791 0.01241434 0.865833 -0.4995653 -0.02771292 0.8658329 -0.4957988 -0.06702512 0.8658471 -0.1940242 -0.4611625 0.8658428 -0.1562939 -0.4752765 0.8658432 -0.117772 -0.4862629 0.8658395 -0.07894512 -0.494042 0.8658465 -0.04014077 -0.4986897 0.8658507 -0.0009815488 -0.5002733 0.865867 0.1193642 -0.4858752 0.8658392 0.162667 -0.4761548 0.8641853 0.3585542 -0.3489425 0.8658395 0.3856187 -0.3188316 0.8658202 0.4098742 -0.2868895 0.8658509 0.4314017 -0.2534102 0.8658382 0.4375783 0.2425931 0.8658371 0.4165834 0.2771159 0.865832 0.3930044 0.3096178 0.8658432 0.36712 0.3399071 0.8658441 0.3393086 0.3676312 0.865862 0.3097087 0.3928904 0.8658624 -0.06614217 0.4959259 0.8658422 -0.1059862 0.4889618 0.8658425 -0.1450507 0.4788363 0.8658383 -0.1828366 0.4657006 0.8658486 -0.4938997 0.07980727 0.8658487 -0.4987344 0.0396125 0.8658491 -0.500322 -0.0006540106 0.8658392 -0.4986658 -0.04063342 0.8658413 -0.4938744 -0.07986032 0.8658582 -0.2546011 -0.4306893 0.8658435 -0.2189004 -0.4498805 0.8658465 -0.1818906 -0.4660778 0.8658448 -0.06631153 -0.4958888 0.8658506 0.3389311 -0.3680243 0.8658428 0.3675974 -0.3393967 0.8658417 0.3937888 -0.308633 0.8658383 0.4172525 -0.2760727 0.8658431 0.4378828 -0.2420157 0.8658448 0.4663611 0.1811694 0.8658435 0.4501445 0.2183467 0.8658491 0.4310227 0.2540444 0.8658412 0.3582536 0.3492208 0.8658517 0.001469821 0.500286 0.865859 -0.03887068 0.4987756 0.8658591 -0.07914261 0.4940249 0.8658382 -0.1188085 0.4860064 0.8658419 -0.1575276 0.4748701 0.8658426 -0.194913 0.4607784 0.8658476 -0.4785684 0.1457833 0.8658635 -0.4888038 0.1066435 0.865851 -0.4957879 0.06705868 0.8658507 -0.4974584 -0.05351785 0.8658354 -0.3100612 -0.3925942 0.8658706 -0.277734 -0.4161139 0.8658598 -0.2431512 -0.4372581 0.8658423 -0.2070006 -0.4554887 0.8658411 -0.1695711 -0.4707021 0.8658436 -0.1312894 -0.4828002 0.8658332 -0.3372205 0.3701034 0.8656244 0.0235363 0.5000271 0.8656898 0.3507749 0.3560508 0.8661321 0.4993964 0.03029873 0.8658437 0.4017825 -0.2889498 0.8689528 -0.01988471 -0.4996507 0.8659987 0.4532349 0.1766504 0.8737121 0.4956914 0.06895892 0.8657567 0.499059 0.02643102 0.8661648 0.4405957 -0.2339287 0.8666908 0.3324503 -0.3732179 0.8661324 0.1089112 -0.4911236 0.8642545 0.1570619 -0.4816855 0.8621546 0.1341623 -0.4826192 0.8654936 0.1096064 -0.4873317 0.8663107 0.1335772 -0.4965704 0.8576567 0.1343515 -0.4967433 0.8574356 0.1793932 -0.4686291 0.8649884 0.1569421 -0.4765847 0.8650064 0.2011626 -0.4586504 0.8655481 0.2004055 -0.4589286 0.8655762 0.1866702 -0.4649107 0.8654549 0.2016431 -0.4689861 0.8598791 0.1791766 -0.4686915 0.8649995 0.2576148 -0.4331321 0.863731 0.2390891 -0.4401046 0.8655312 0.2387968 -0.4402367 0.8655447 0.2225094 -0.4476806 0.8660667 0.2420606 -0.4537332 0.8576322 0.2218592 -0.451956 0.8640106 0.2905437 -0.4097178 0.8647056 0.298181 -0.4116368 0.861187 0.2761094 -0.4169943 0.8659557 0.2762161 -0.4169494 0.8659433 0.3397776 -0.388739 0.8564072 0.3150847 -0.3900188 0.8652207 0.314752 -0.3901304 0.8652916 0.3150243 -0.3899451 0.8652759 0.3641141 -0.3429189 0.8659258 0.3641616 -0.3428745 0.8659235 0.3563346 -0.3622164 0.8612925 0.3521646 -0.3615339 0.8632922 0.3522091 -0.361525 0.8632777 0.3909788 -0.3079144 0.8673663 0.3910213 -0.3078678 0.8673637 0.3862587 -0.3341202 0.8597488 0.3805873 -0.3326702 0.8628348 0.3806133 -0.3326703 0.8628233 0.4167015 -0.2703495 0.8679118 0.4120314 -0.3020698 0.8596418 0.4155004 -0.3037617 0.857373 0.4154703 -0.303754 0.8573902 0.4404204 -0.2342005 0.8667064 0.4332029 -0.256789 0.8639414 0.4459988 -0.2769599 0.8511041 0.4583341 -0.2835284 0.8423429 0.4165987 -0.2704833 0.8679195 0.4520594 -0.2145399 0.865803 0.4517849 -0.2150412 0.865822 0.445338 -0.2316391 0.86488 0.4639559 -0.1964733 0.8637958 0.463418 -0.1968684 0.8639946 0.4784959 -0.1798049 0.8594835 0.4612529 -0.1957011 0.8654171 0.4693733 -0.1733384 0.865819 0.4853681 -0.1198702 0.8660536 0.4934124 -0.1096648 0.8628544 0.4883287 -0.1324243 0.8625538 0.4872465 -0.1205491 0.8649039 0.4836824 -0.1306567 0.8654364 0.4737062 -0.1584282 0.8663158 0.4954374 -0.136524 0.8578479 0.4760003 -0.159457 0.8648683 0.4823315 -0.1554083 0.8620932 0.469314 -0.1734715 0.8658245 0.4925214 -0.0799664 0.8666188 0.5017787 -0.06458398 0.8625816 0.4985353 -0.08737776 0.8624545 0.4970396 -0.08110452 0.8639292 0.4952337 -0.08593232 0.8644994 0.4889046 -0.1070412 0.865745 0.4968316 -0.03974328 0.8669364 0.5055307 -0.01932901 0.8625921 0.5040026 -0.04191988 0.8626842 0.5036528 -0.04107568 0.862929 0.5036072 -0.04118166 0.8629506 0.4958763 -0.06230511 0.8661551 0.4984211 0.0005228291 0.866935 0.5043361 0.02520471 0.8631395 0.5048311 0.00331409 0.8632118 0.5073576 -0.0006014814 0.8617354 0.508187 0.0009158849 0.8612463 0.4992275 -0.01724678 0.8662993 0.4972769 0.04096944 0.8666241 0.4973884 0.0688092 0.8647948 0.5015523 0.04004065 0.8642003 0.5122574 0.04540506 0.8576309 0.5117555 0.04474715 0.8579651 0.4934171 0.07941964 0.8661593 0.5156827 0.08822571 0.8522251 0.5154428 0.08801916 0.8523915 0.5026827 0.1198753 0.8561192 0.49839 0.1178711 0.8589028 0.4988194 0.1181243 0.8586186 0.4992769 0.1197288 0.8581304 0.4908178 0.1038008 0.8650568 0.4919598 0.09041123 0.8659108 0.4532302 0.1766654 0.8737115 0.5099692 0.1627019 0.8446652 0.5095018 0.162744 0.8449392 0.5090583 0.1625854 0.8452371 0.5090361 0.1625471 0.8452578 0.4741626 0.1385731 0.8694638 0.474149 0.138635 0.8694614 -0.3520991 0.4621773 0.8138909 -0.3838662 0.500056 0.7762672 -0.3838144 0.5000929 0.776269 -0.4375312 0.6026186 0.667396 -0.2337064 0.3126416 0.9206718 -0.2337256 0.3126295 0.920671 -0.354971 0.34212 0.8700285 -0.3519421 0.3830349 0.8540615 -0.3726766 0.3977886 0.8383773 -0.3726823 0.3977838 0.838377 -0.3898479 0.4344338 0.8119643 -0.3121461 0.357588 0.8801679 -0.3122037 0.3575444 0.8801653 -0.3550764 0.3420256 0.8700226 -0.4028155 0.3775596 0.8337796 -0.3895509 0.3460013 0.8535416 -0.3819727 0.3536095 0.8538485 -0.3750385 0.3312244 0.8658155 -0.410896 0.3104192 0.8572074 -0.4115875 0.3095914 0.857175 -0.420454 0.3325883 0.8441584 -0.3909273 0.3157847 0.8645553 -0.3700489 0.3363669 0.8659799 -0.4281929 0.2989607 0.8528032 -0.3908187 0.3038195 0.8688812 -0.4080586 0.2827478 0.8680679 -0.4402488 0.2931595 0.8486687 -0.4252057 0.2682321 0.8644372 -0.4194788 0.2763759 0.8646697 -0.4233415 0.266834 0.8657838 -0.4571481 0.2537787 0.8524154 -0.4362389 0.2490092 0.8646907 -0.4224785 0.2680739 0.8658224 -0.4706303 0.2141028 0.8559598 -0.461959 0.2131966 0.8608955 -0.4472563 0.2300857 0.8643045 -0.4599447 0.2077237 0.8633086 -0.4420746 0.2272836 0.8677052 -0.4422328 0.2270108 0.8676959 -0.4806556 0.1743439 0.8594036 -0.4828433 0.17425 0.8581954 -0.4705335 0.1928577 0.8610483 -0.4791889 0.1739498 0.860302 -0.4595557 0.1875287 0.8681253 -0.4595574 0.1875249 0.8681252 -0.4846947 0.1098936 0.8677526 -0.4940835 0.1357303 0.8587542 -0.4920148 0.1364577 0.859826 -0.4920647 0.136316 0.8598199 -0.4920016 0.1349428 0.8600726 -0.4757869 0.1507687 0.8665423 -0.4757126 0.1509628 0.8665493 -0.4846981 0.1098818 0.8677521 -0.5038113 0.0953887 0.8585309 -0.5035321 0.09155875 0.8591114 -0.5026292 0.09510152 0.8592553 -0.4983102 0.09028537 0.862285 -0.500061 0.02211375 0.8657078 -0.5004771 0.04462447 0.8645988 -0.5080418 0.05397775 0.8596395 -0.5093419 0.04600173 0.8593338 -0.510393 0.05441424 0.858218 -0.4940121 0.06615275 0.8669348 -0.4939924 0.06624898 0.8669387 -0.5000766 0.02198408 0.8657021 -0.5122011 0.01304164 0.8587666 -0.5099199 0.000622134 0.8602217 -0.509029 0.01263844 0.8606566 -0.4999642 -0.0003238011 0.866046 -0.4995914 -0.03809927 0.8654229 -0.5051823 -0.02833967 0.8625472 -0.5050704 -0.03789035 0.862246 -0.5105546 -0.02810276 0.8593859 -0.5022718 -0.01909141 0.864499 -0.4999382 0.0002156343 0.8660611 -0.4926126 -0.08214428 0.8663631 -0.4926305 -0.08198738 0.8663679 -0.4986269 -0.0684725 0.8641081 -0.4972442 -0.08237104 0.8636916 -0.5056214 -0.06846304 0.8600348 -0.4980267 -0.06013819 0.8650739 -0.4979508 -0.06192037 0.8649919 -0.4937047 -0.1040964 0.8633769 -0.4967901 -0.1076656 0.8611665 -0.4851942 -0.1249808 0.8654284 -0.4886919 -0.1063813 0.8659464 -0.4829722 -0.1245815 0.8667279 -0.4844804 -0.1455774 0.8626041 -0.4861423 -0.1476427 0.8613172 -0.4829828 -0.1245278 0.8667297 -0.4724506 -0.1843815 0.8618549 -0.4742751 -0.1879243 0.8600858 -0.4715164 -0.1674273 0.8658178 -0.4671927 -0.1823087 0.8651558 -0.470332 -0.1672632 0.8664934 -0.4703622 -0.1671568 0.8664976 -0.45367 -0.2211166 0.8633024 -0.4555669 -0.2259669 0.8610445 -0.4608669 -0.2031202 0.8639119 -0.4538267 -0.2213379 0.8631633 -0.4564675 -0.2015569 0.8666096 -0.4564984 -0.2014734 0.8666128 -0.4317454 -0.2559409 0.864922 -0.4347639 -0.2670888 0.8600255 -0.4417335 -0.2448575 0.8630853 -0.4354555 -0.257636 0.8625556 -0.4369174 -0.2426406 0.8661574 -0.4368517 -0.2427813 0.8661512 -0.4077347 -0.2887637 0.8662378 -0.4097134 -0.3054992 0.8595378 -0.4184876 -0.2838705 0.8627199 -0.4135541 -0.29202 0.8623789 -0.4144346 -0.2819825 0.8652918 -0.4146968 -0.2815243 0.8653153 -0.3848626 -0.3214992 0.8651699 -0.3830364 -0.3370118 0.8600618 -0.3912961 -0.3204577 0.8626669 -0.3886377 -0.3240869 0.8625128 -0.3891251 -0.3189799 0.8641952 -0.4007733 -0.2992029 0.8659436 -0.3472085 -0.3597977 0.8660207 -0.3470948 -0.359919 0.8660159 -0.3617941 -0.3538541 0.8624919 -0.3524766 -0.3644122 0.8619536 -0.3624743 -0.3543277 0.8620117 -0.3639112 -0.3449827 0.8651912 -0.3639252 -0.3449654 0.8651921 -0.333282 -0.3774633 0.8639702 -0.3327534 -0.3807851 0.8627154 -0.3192503 -0.3927879 0.8624366 -0.3323057 -0.3803604 0.8630753 -0.3135802 -0.388948 0.8662487 -0.2774316 -0.415987 0.8660176 -0.2774991 -0.4159352 0.8660209 -0.3005541 -0.4041198 0.8639181 -0.2800834 -0.4204322 0.8630122 -0.3009316 -0.4044089 0.8636513 -0.3003813 -0.4075391 0.8623706 -0.3137784 -0.3887681 0.8662578 -0.2316866 -0.4472451 0.8638827 -0.2300994 -0.4515308 0.8620756 -0.2431711 -0.4382733 0.8653232 -0.2649631 -0.42394 0.8660656 -0.2442904 -0.4400934 0.8640834 -0.2660125 -0.4256516 0.8649035 -0.2892402 -0.2892402 0.9125131 -0.2638179 -0.4364893 0.8601611 -0.193725 -0.4626309 0.8651262 -0.1890987 -0.4736292 0.8601843 -0.2059932 -0.4563342 0.8656362 -0.1934411 -0.4630221 0.8649804 -0.2058247 -0.4560476 0.8658272 -0.2059693 -0.4559697 0.8658339 -0.155106 -0.4751297 0.8661374 -0.1460123 -0.4908017 0.8589494 -0.1643277 -0.4748285 0.8646006 -0.1566876 -0.4780759 0.8642293 -0.1636598 -0.4741025 0.8651256 -0.1638916 -0.4740013 0.8651371 -0.1184353 -0.4909814 0.8630818 -0.1210797 -0.4890056 0.8638363 -0.1182184 -0.4899353 0.8637059 -0.1209573 -0.4883876 0.864203 -0.1418547 -0.4798661 0.8657977 -0.07788739 -0.4937238 0.8661237 -0.06604299 -0.5040292 0.8611578 -0.08232893 -0.4980786 0.8632147 -0.08233562 -0.4980771 0.863215 -0.07916492 -0.498468 0.8632859 -0.09793676 -0.4903249 0.8660195 -0.09784864 -0.4903481 0.8660164 -0.03901135 -0.4976713 0.8664879 -0.02080389 -0.5085787 0.8607641 -0.04273499 -0.5021387 0.8637305 -0.0399256 -0.5025402 0.8636314 -0.04253169 -0.5011334 0.8643241 -0.06461509 -0.4961883 0.8658072 0.002661705 -0.5053497 0.8629106 -0.0003837073 -0.5037614 0.8638428 0.0027232 -0.5039305 0.86374 -0.0002954534 -0.5032611 0.8641344 0.0262544 -0.4997517 0.8657708 0.02623544 -0.4997514 0.8657714 0.04026759 -0.5035723 0.8630142 0.04942935 -0.5011582 0.8639429 0.04022715 -0.5014685 0.8642402 0.04944496 -0.4988492 0.8652772 0.1065607 -0.4890668 0.8657127 0.1065425 -0.4890695 0.8657135 0.08068696 -0.4966934 0.8641674 0.1068605 -0.4934145 0.8632051 0.08988273 -0.4956299 0.8638704 0.08089506 -0.4985677 0.8630679 0.07246774 -0.4962541 0.8651476 0.07205492 -0.4962816 0.8651662 0.1306266 -0.4911875 0.8612036 0.1204544 -0.4870447 0.8650308 0.129758 -0.4850914 0.8647827 0.151839 -0.4809288 0.8635116 0.1200616 -0.4851849 0.8661299 0.1516372 -0.4781336 0.8650978 0.1598919 -0.4788645 0.8632053 0.1731375 -0.4698367 0.8656079 0.1589008 -0.4741599 0.8659809 0.1723733 -0.4698718 0.8657413 0.1973884 -0.463849 0.8636445 0.1951861 -0.4636821 0.8642345 0.1728986 -0.4697096 0.8657245 0.2495865 -0.4345601 0.8653693 0.2328869 -0.4456232 0.8643978 0.23718 -0.4456727 0.8632042 0.2155014 -0.4527586 0.8651987 0.2333201 -0.4453837 0.8644044 0.2151815 -0.4517036 0.8658295 0.2149693 -0.4517891 0.8658376 0.2673913 -0.427113 0.8637571 0.2642561 -0.4278803 0.864342 0.2670686 -0.4264084 0.864205 0.2641552 -0.4274863 0.8645678 0.2494981 -0.4346041 0.8653727 0.3001215 -0.4045799 0.8638531 0.303012 -0.4027274 0.8637097 0.3002581 -0.4047826 0.8637106 0.2820017 -0.4132435 0.865855 0.2820457 -0.4132171 0.8658532 0.3193344 -0.3856011 0.8656427 0.3197163 -0.3853267 0.865624 0.3022493 -0.4014283 0.8645812 0.3765606 -0.379371 0.8451507 0.3865981 -0.4330659 0.8142456 0.3308065 -0.3776012 0.864861 0.3342862 -0.3733916 0.8653505 0.5786815 -0.7925872 -0.1921799 0.3823842 -0.4267869 0.8195336 0.3763785 -0.3795275 0.8451616 0.4321956 -0.4346641 0.7901102 0.3639459 -0.3295653 0.8711659 0.401708 -0.2890376 0.868958 0.4000035 -0.3187159 0.8593122 0.4001207 -0.3189381 0.8591752 0.3867453 -0.3294654 0.861325 0.3650608 -0.330855 0.8702101 0.3648875 -0.3310257 0.8702179 0.4170081 -0.2716453 0.8673598 0.4374812 -0.2304635 0.8691931 0.4374822 -0.2304768 0.8691892 0.4538464 -0.2634319 0.8512504 0.4366207 -0.2573451 0.8620533 0.4167196 -0.2720395 0.867375 0.4580049 -0.1903526 0.8683302 0.4580776 -0.1901025 0.8683467 0.4634496 -0.2207813 0.8581784 0.4688942 -0.2221857 0.8548519 0.4374556 -0.2305054 0.869195 0.4832567 -0.1862363 0.8554408 0.4849644 -0.1862554 0.8544697 0.4580659 -0.1902314 0.8683246 0.4900565 -0.1451075 0.859528 0.4829743 -0.1170382 0.8677775 0.4829056 -0.1172538 0.8677867 0.4692807 -0.1626562 0.8679393 0.4692259 -0.1627336 0.8679544 0.4692978 -0.1625597 0.8679481 0.4950766 -0.07122238 0.8659253 0.4940754 -0.1024622 0.8633603 0.5121747 -0.1009275 0.8529307 0.4828238 -0.117185 0.8678415 0.4969997 -0.0482622 0.8664076 0.4970126 -0.04817813 0.8664049 0.5101189 -0.0643957 0.8576899 0.4947372 -0.07187538 0.8660653 0.4949732 -0.07167381 0.8659472 0.5027751 -0.009114015 0.8643692 0.5106632 -0.02254925 0.8594851 0.5044016 -0.02563209 0.8630886 0.5045742 -0.02548661 0.862992 0.5229136 0.02968965 0.8518685 0.4994293 0.007015262 0.8663263 0.4994285 0.007004132 0.8663267 0.5006525 0.05393042 0.8639668 0.506165 0.05912751 0.8604075 0.510191 0.05410915 0.8583574 0.4986736 0.1005647 0.8609364 0.4928272 0.07690798 0.8667217 0.4928516 0.07663896 0.8667317 0.4956281 0.1000471 0.8627533 0.4940698 0.1473814 0.8568394 0.4843239 0.1218389 0.8663635 0.4843487 0.1216975 0.8663695 0.4757069 0.1592293 0.8650717 0.4597348 0.1944747 0.8665007 0.459672 0.1946211 0.8665012 0.4756415 0.1752542 0.8620041 0.4747014 0.1737113 0.8628343 0.4758901 0.158516 0.8651019 0.4562161 0.2119748 0.8642532 0.4617437 0.2211066 0.8590137 0.4597736 0.1943616 0.8665056 0.4281097 0.2586759 0.8659151 0.440646 0.2384574 0.8654301 0.4409619 0.2375783 0.8655109 0.4405218 0.2385803 0.8654594 0.4011567 0.2977757 0.866258 0.4220768 0.2825178 0.8614144 0.4177565 0.2836277 0.863154 0.4187174 0.2806377 0.8636655 0.4278781 0.259114 0.8658985 0.3966353 0.3126548 0.8630918 0.397791 0.3087803 0.8639543 0.4011006 0.2978633 0.866254 0.3507957 0.3560274 0.8661333 0.37422 0.3447949 0.8608577 0.367565 0.3466452 0.8629792 0.3692695 0.3409049 0.8645368 0.3898202 0.3138087 0.8657737 0.4043225 0.3688521 0.8369417 0.3941786 0.3296394 0.8578818 0.3385583 0.3738169 0.863504 0.3383863 0.3762416 0.8625178 0.3383562 0.3763402 0.8624866 0.3051888 0.4097119 0.8596487 0.3165698 0.3873051 0.8658974 0.3167311 0.3871522 0.8659068 0.2538775 0.4306585 0.8660713 0.2683747 0.4258174 0.8640918 0.27675 0.423726 0.8624765 0.2796696 0.4169809 0.864819 0.2793671 0.4172234 0.8647998 0.2370662 0.4495215 0.8612375 0.2539027 0.4306811 0.8660526 0.2539983 0.4306154 0.8660573 0.2115395 0.4543778 0.8653275 0.2113694 0.4544747 0.8653183 0.2340382 0.4444701 0.8646806 0.19505 0.4750508 0.8580689 0.2020814 0.4583967 0.8654684 0.1887466 0.4636507 0.8656805 0.1422265 0.4797173 0.8658193 0.1438079 0.4791208 0.8658883 0.1662793 0.4769721 0.8630462 0.1679126 0.4747883 0.8639337 0.1893962 0.4633406 0.8657047 0.1078374 0.4898841 0.8650922 0.1267051 0.486743 0.8643072 0.1229398 0.4918689 0.8619459 0.1438621 0.4790841 0.8658996 0.07012076 0.4954166 0.8658208 0.09550133 0.4983183 0.8617183 0.08781379 0.4954704 0.8641747 0.09416618 0.493088 0.8648681 0.09343845 0.4932932 0.8648301 0.02339935 0.5000436 0.865684 0.04726136 0.5012794 0.8639938 0.04895597 0.5019239 0.8635251 0.04765449 0.5024001 0.8633211 0.07010348 0.4954202 0.8658201 -0.02471109 0.5015193 0.8647935 0.009462442 0.5010489 0.8653673 0.0004642947 0.5085114 0.8610552 0.02181847 0.5006559 0.8653714 -0.02476249 0.5015211 0.864791 -0.03069614 0.5035931 0.8633955 -0.02425775 0.5060518 0.8621618 -0.1010765 0.490984 0.865285 -0.07694901 0.5003559 0.8623936 -0.06299667 0.4988981 0.8643681 -0.04916741 0.4979782 0.8657947 -0.04930298 0.4979735 0.8657896 -0.1114336 0.4905843 0.8642393 -0.126357 0.4947892 0.8597776 -0.1008331 0.4910136 0.8652967 -0.1485896 0.4808215 0.8641365 -0.1253428 0.4849746 0.8654993 -0.1246488 0.4851106 0.8655232 -0.1710084 0.4704823 0.8656804 -0.1951136 0.4670289 0.8624468 -0.1709488 0.4705109 0.8656766 -0.1709353 0.4705147 0.8656772 -0.2372328 0.4408952 0.8656397 -0.2382542 0.440403 0.8656097 -0.225444 0.4514846 0.8633289 -0.2163321 0.45232 0.8652208 -0.2165462 0.4522387 0.8652097 -0.2594519 0.4313942 0.8640507 -0.2603613 0.4313271 0.8638107 -0.2386287 0.4402464 0.8655862 -0.3020173 0.4072957 0.861914 -0.278989 0.4158638 0.8655764 -0.2786497 0.4160357 0.8656031 -0.2790556 0.4158041 0.8655837 -0.3370304 0.3702554 0.8656335 -0.3210433 0.3904696 0.8628237 -0.3242999 0.3848732 0.8641194 -0.3190576 0.3876794 0.8648161 -0.3192256 0.3875639 0.8648059 -0.3552114 0.3583342 0.863378 -0.3498446 0.3613348 0.8643182 -0.3504672 0.3609818 0.8642134 0.4585228 -0.2206189 0.8608624 0.4434012 -0.2370089 0.8644201 0.4469224 -0.2326873 0.8637807 0.4434733 -0.2359278 0.8646788 0.4243115 -0.2651299 0.8658324 0.4285305 -0.2630954 0.864374 0.4260977 -0.2668304 0.8644317 0.4017256 -0.2982463 0.8658323 0.4063151 -0.2967356 0.8642083 0.4039712 -0.2994048 0.8643864 0.3763826 -0.3296174 0.8658455 0.381129 -0.3284975 0.8641933 0.3483379 -0.3591131 0.8658513 0.3517584 -0.3563177 0.8656234 0.3499893 -0.3608936 0.8644439 0.3208526 -0.3823137 0.866539 0.3218599 -0.3838485 0.8654864 0.318379 -0.3859254 0.8658502 0.2534331 -0.4313705 0.8658471 0.2873351 -0.4123593 0.864522 0.2900275 -0.4087774 0.8653237 0.2861838 -0.4103437 0.865862 0.3195854 -0.3879809 0.8644859 0.2543746 -0.4335165 0.8644981 0.2574847 -0.4304087 0.86513 0.2587642 -0.4332548 0.8633257 0.2761224 -0.4170024 0.8659478 0.2188311 -0.4499037 0.8658519 0.2231706 -0.4495351 0.8649353 0.2196511 -0.4521827 0.864456 0.1825138 -0.4658361 0.8658438 0.1869871 -0.4660922 0.8647507 0.1830897 -0.4682467 0.8644207 0.1490721 -0.4797181 0.8646665 0.1491009 -0.4798751 0.8645743 0.1445937 -0.478987 0.8658314 0.06557296 -0.495989 0.8658494 0.1058521 -0.4914944 0.8644238 0.1099357 -0.4905786 0.8644344 0.1055225 -0.4890738 0.8658359 0.1451148 -0.4813937 0.8644084 0.02527456 -0.4996473 0.8658601 0.02930165 -0.5021792 0.864267 -0.01503435 -0.5000572 0.8658619 -0.05373773 -0.497404 0.8658531 -0.04965756 -0.4984648 0.8654865 -0.05416067 -0.4997313 0.8644855 -0.09260262 -0.4916654 0.8658463 -0.3396172 -0.3673491 0.8658608 -0.3386166 -0.3720078 0.8642622 -0.367402 -0.3395939 0.8658474 -0.36478 -0.3428305 0.8656806 -0.3693871 -0.3409978 0.8644499 -0.3933582 -0.3091492 0.8658499 -0.4168996 -0.2765886 0.8658484 -0.4152211 -0.280674 0.8653401 -0.4190021 -0.2778781 0.8644195 -0.4378001 -0.2421557 0.8658474 -0.4559721 -0.2059103 0.8658466 -0.4555317 -0.2101608 0.8650568 -0.4582223 -0.2066969 0.8644702 -0.471079 -0.1683916 0.8658689 -0.4830135 -0.130402 0.8658483 -0.4838115 -0.1346042 0.8647591 -0.4852606 -0.1307833 0.8645334 -0.4916636 -0.09245812 0.8658627 -0.5001379 -0.01373246 0.8658369 -0.4654932 0.1832869 0.8658649 -0.4681688 0.1800104 0.8651093 -0.4531028 0.2159553 0.8649054 -0.4498517 0.2188984 0.865862 -0.467598 0.1842403 0.8645274 -0.4096284 0.2872542 0.8658462 -0.4331457 0.2551792 0.8644469 -0.4349383 0.2511421 0.864729 -0.4312376 0.2536346 0.8658543 -0.4519349 0.2200722 0.8644786 -0.3852488 0.3192602 0.865827 -0.3897021 0.317776 0.8643788 -0.3869928 0.3209763 0.8644136 -0.3581786 0.3493238 0.8658413 -0.3287406 0.3771449 0.8658472 -0.3334831 0.3766568 0.8642446 -0.2970658 0.4025361 0.8658618 -0.2645678 0.4245971 0.8658644 -0.2683829 0.4229941 0.8654748 -0.2656043 0.4266971 0.8645137 -0.230734 0.4439196 0.8658506 0.04065413 0.4986251 0.8658639 0.03701426 0.5016388 0.8642849 0.07915318 0.494018 0.8658413 0.07533108 0.4949558 0.8656465 0.08009067 0.4962933 0.8644527 0.1181419 0.4861878 0.8658314 0.1566942 0.47515 0.8658403 0.1530172 0.4773236 0.8653023 0.1577785 0.4773893 0.8644104 0.1945327 0.4609654 0.8658336 0.2311147 0.44373 0.8658463 0.2281497 0.4469005 0.8650015 0.2324348 0.445765 0.8644464 0.2663073 0.4235205 0.8658584 0.299524 0.4007075 0.865863 0.2975563 0.4046216 0.8647205 0.300974 0.4024965 0.8645295 0.3298601 0.3761282 0.8658636 0.3848184 0.3197189 0.865849 0.4793686 0.1431422 0.8658614 0.4795009 0.1472859 0.8650929 0.4898392 0.1096691 0.8648874 0.4890574 0.1054413 0.865855 0.48165 0.1435193 0.864532 0.499568 0.02720191 0.8658475 0.4982408 0.06694061 0.8644508 0.4972928 0.07098481 0.864674 0.4958385 0.0667024 0.8658493 0.491416 0.1056456 0.8644938 0.5001439 -0.01292071 0.8658459 0.5028411 -0.008966117 0.8643324 0.5026087 -0.01316941 0.8644137 0.497476 -0.05323774 0.8658426 0.4823952 -0.1326285 0.8658548 0.4938521 -0.09396448 0.864454 0.4924706 -0.089184 0.8657476 0.4701414 -0.1710328 0.8658608 0.4722374 -0.1673762 0.8654346 0.4722818 -0.171852 0.8645327 0.4554524 -0.206996 0.8658613 0.3080328 -0.3942084 0.8658612 0.3127161 -0.3939269 0.8643091 0.2071147 -0.4554204 0.8658497 0.243321 -0.4398479 0.8644818 0.2462016 -0.4360112 0.865609 0.2423805 -0.4376703 0.8658501 0.2802642 -0.4176374 0.8643095 0.2756114 -0.4175246 0.8658589 0.3080536 -0.3970115 0.864572 0.1702819 -0.4704469 0.8658428 0.1745925 -0.469956 0.8652508 0.1709409 -0.4728129 0.8644231 0.132003 -0.4825868 0.8658437 0.09261984 -0.491658 0.8658488 0.09693479 -0.492401 0.8649536 0.09278933 -0.4941116 0.8644327 0.05251026 -0.4975426 0.8658488 0.01214004 -0.5001497 0.8658538 0.01610064 -0.5020744 0.8646745 0.01190608 -0.5024828 0.8645052 -0.02760201 -0.4995308 0.8658563 -0.1051756 -0.4891359 0.8658431 -0.2885336 -0.4086964 0.8658611 -0.2860944 -0.4121144 0.8650501 -0.3179428 -0.3884759 0.8648694 -0.3198815 -0.3846646 0.8658574 -0.290112 -0.4104235 0.8645157 -0.3760768 -0.3299911 0.8658361 -0.3508028 -0.3600457 0.8644677 -0.3474606 -0.3628159 0.8646594 -0.3488759 -0.3586075 0.8658442 -0.321609 -0.3862448 0.8645129 -0.4012133 -0.298889 0.8658484 -0.400961 -0.3037015 0.8642892 -0.4032063 -0.3003604 0.8644121 -0.4239552 -0.2656527 0.8658468 -0.4612488 -0.193758 0.8658564 -0.4463019 -0.2314196 0.8644418 -0.4423016 -0.23437 0.865702 -0.4753418 -0.1560776 0.8658464 -0.4748244 -0.1600048 0.8654132 -0.477632 -0.1564215 0.864523 -0.4861311 -0.1181928 0.8658562 -0.4858364 0.1194845 0.8658444 -0.4894159 0.1163685 0.8642514 -0.4761207 0.1540938 0.8657738 -0.4759864 0.154458 0.8657827 -0.4441404 0.2303252 0.8658462 -0.4628327 0.1960277 0.8644993 -0.462789 0.1912605 0.8655899 -0.4608133 0.1947961 0.8658554 -0.4766758 0.1592738 0.8645298 -0.4244969 0.2647866 0.8658467 -0.4276323 0.2617984 0.8652122 -0.4264699 0.2662229 0.8644356 -0.4019783 0.297864 0.8658468 -0.3766606 0.3293147 0.8658398 -0.3806311 0.32726 0.8648819 -0.3784139 0.3310447 0.8644144 -0.3488583 0.358637 0.8658391 -0.3186935 0.3856592 0.865853 -0.3230807 0.3847726 0.8646207 -0.3199784 0.3876615 0.864484 -0.2865905 0.4100606 0.8658615 -0.2537835 0.4311387 0.86586 -0.02575163 0.4996274 0.8658576 -0.02983726 0.5008922 0.8649952 0.05321669 0.4974644 0.8658506 0.01469112 0.502373 0.8645262 0.01050711 0.5019319 0.8648432 0.01438451 0.500075 0.8658626 -0.02562413 0.5019929 0.8644921 0.09207595 0.4917647 0.8658461 0.08861627 0.4948824 0.8644297 0.09271475 0.4941011 0.8644467 0.1308381 0.4829052 0.8658429 0.1691008 0.4708699 0.8658443 0.1663206 0.4748863 0.8641877 0.2065895 0.4556651 0.8658465 0.2427089 0.4374863 0.8658511 0.2393664 0.4399829 0.8655165 0.244113 0.4394434 0.8644641 0.2773228 0.4163748 0.8658661 0.4557588 0.2063792 0.8658473 0.4566647 0.2110787 0.8642356 0.4707729 0.1693383 0.8658507 0.4697181 0.1727905 0.8657415 0.4916021 0.09286667 0.865854 0.4851527 0.131248 0.8645235 0.4822969 0.1349054 0.8655577 0.4828949 0.130753 0.8658615 0.4732271 0.169374 0.8645049 0.4973942 0.05399062 0.8658429 0.4980737 0.05817966 0.8651807 0.4998186 0.05397033 0.864447 0.5001085 0.01419279 0.8658464 0.4996606 -0.02599652 0.8658311 0.5015576 -0.02201924 0.864844 0.502085 -0.02643411 0.8644142 0.4959175 -0.06626686 0.8658375 0.4888799 -0.106197 0.865863 0.4918973 -0.1027584 0.864568 0.4911731 -0.1069874 0.8644668 0.4787031 -0.1453695 0.8658586 0.4656824 -0.1827941 0.8658674 0.329113 -0.3768326 0.8658417 0.333141 -0.3753633 0.864939 0.2650022 -0.4243465 0.8658544 0.2987414 -0.4041862 0.8645155 0.3018041 -0.4012862 0.8648027 0.2975268 -0.4021798 0.865869 0.3304994 -0.378749 0.8644763 0.2312057 -0.4437056 0.8658345 0.2357805 -0.4440757 0.8644099 0.1980827 -0.461192 0.8649076 0.1953828 -0.4606001 0.8658366 0.2317629 -0.4460633 0.8644729 0.07971841 -0.4939292 0.86584 0.08384691 -0.4939039 0.8654644 0.07974712 -0.4963606 0.8644457 0.03935967 -0.4987408 0.8658571 -0.2307013 -0.443958 0.8658396 -0.2284929 -0.4482615 0.8642064 -0.2654662 -0.4240955 0.8658353 -0.2624648 -0.4262596 0.8656877 -0.3295118 -0.3764592 0.8658524 -0.3006702 -0.4027355 0.8645239 -0.2961977 -0.4038926 0.8655274 -0.2991066 -0.4010385 0.8658542 -0.2673422 -0.4256901 0.8644744 -0.3579463 -0.3495623 0.865841 -0.3559361 -0.3533426 0.865135 -0.3598424 -0.3510655 0.8644457 -0.3844929 -0.3201588 0.8658311 -0.4088961 -0.2883366 0.8658325 -0.4079987 -0.2926883 0.8647951 -0.4110287 -0.2895463 0.8644179 -0.4307902 -0.2544306 0.8658434 -0.4499484 -0.2187604 0.8658465 -0.4502645 -0.2233027 0.8645217 -0.4522325 -0.2195276 0.8644613 -0.4661382 -0.1816395 0.8658651 -0.4792231 -0.1435823 0.8658691 -0.4975476 0.0527063 0.8658339 -0.4993488 0.04878341 0.8650265 -0.4940054 0.08908276 0.8648832 -0.4916131 0.09280174 0.8658547 -0.4999271 0.05319899 0.8644321 -0.4703375 0.1704859 0.8658621 -0.4847341 0.1330112 0.8644888 -0.4853886 0.128934 0.8647392 -0.482482 0.132294 0.8658577 -0.4939569 0.09343591 0.8644515 -0.4557024 0.2064657 0.8658564 -0.4596096 0.2039446 0.8643873 -0.457743 0.2076869 0.8644869 -0.4380873 0.2416379 0.8658468 -0.3940363 0.3083107 0.8658406 -0.4194191 0.277235 0.8644237 -0.4200327 0.2722204 0.8657185 -0.3679531 0.3390032 0.8658448 -0.3712733 0.3364617 0.8654188 -0.3695064 0.340901 0.8644372 -0.3392738 0.3676815 0.8658542 -0.09310651 0.4915873 0.8658366 -0.09748945 0.4936066 0.8642039 -0.05302765 0.4974853 0.8658502 -0.05721277 0.4973857 0.8656409 0.02710295 0.4995523 0.8658596 -0.01241625 0.5024661 0.8645077 -0.01670959 0.5006386 0.8654951 -0.01271019 0.5001352 0.865854 -0.05300269 0.4999011 0.8644592 0.06583735 0.4959659 0.8658425 0.06199611 0.4977345 0.8651109 0.06642121 0.4982795 0.8644685 0.1046791 0.4892513 0.8658381 0.1433408 0.479328 0.865851 0.1399554 0.4822889 0.8647599 0.144346 0.4816001 0.8644221 0.1813841 0.4662852 0.8658394 0.2184704 0.4501012 0.8658404 0.2159174 0.4539895 0.8644497 0.2197016 0.4522033 0.8644324 0.2541769 0.4309219 0.8658524 0.2881483 0.4089472 0.8658711 0.4237386 0.2660391 0.8658341 0.4227841 0.2703621 0.8649612 0.4434828 0.2353613 0.8648283 0.4438235 0.2309656 0.8658381 0.4259021 0.2672089 0.8644112 0.4751912 0.1564113 0.8658689 0.4632889 0.1950503 0.864476 0.4613112 0.198732 0.8646951 0.4610355 0.1943027 0.865848 0.4460875 0.2318571 0.8644353 0.486007 0.1186271 0.8658664 0.4875705 0.1230058 0.8643752 0.4883482 0.1188892 0.8645123 0.4938042 0.08039472 0.8658488 0.5003002 0.0009154058 0.8658516 0.5010582 0.04108203 0.8644379 0.49857 0.04532288 0.8656637 0.4988123 -0.03906251 0.8658293 0.4999337 -0.03501912 0.8653554 0.5012184 -0.03961463 0.8644136 0.4940135 -0.07926054 0.8658339 0.4022856 -0.2974343 0.8658517 0.3799578 -0.3258013 0.8657284 0.3190865 -0.3853577 0.8658425 0.3506882 -0.3602326 0.8644364 0.3525034 -0.3556666 0.865588 0.3493358 -0.3581848 0.8658338 0.3787055 -0.3307109 0.8644145 0.2869574 -0.4097866 0.8658697 0.290866 -0.4082535 0.8652896 0.2881276 -0.4118153 0.8645176 0.254245 -0.4308997 0.8658435 0.2196717 -0.4494934 0.8658521 0.2240944 -0.4491729 0.8648846 0.220577 -0.451752 0.8644454 0.1834121 -0.4655 0.8658347 0.145516 -0.4786786 0.8658475 0.1500502 -0.479626 0.8645483 0.1460188 -0.4811013 0.8644189 0.1064645 -0.488854 0.8658448 0.02625585 -0.4996063 0.8658546 -0.1686494 -0.4710201 0.8658507 -0.165279 -0.4738913 0.8649335 -0.2031487 -0.4592237 0.8647799 -0.2061008 -0.4558991 0.8658398 -0.1697581 -0.4732506 0.8644165 -0.2768891 -0.4167165 0.8658405 -0.2437769 -0.4396689 0.8644444 -0.2397899 -0.441483 0.864635 -0.2423148 -0.4376976 0.8658547 -0.2073066 -0.4580184 0.8644323 -0.3093317 -0.3932015 0.8658559 -0.3079177 -0.397578 0.8643602 -0.310836 -0.3949478 0.8645214 -0.3389206 -0.3680108 0.8658527 -0.3926918 -0.3100185 0.8658416 -0.3687389 -0.3417109 0.864445 -0.3642265 -0.3435551 0.8656263 -0.4163028 -0.2774923 0.8658464 -0.4147179 -0.2815024 0.8653123 -0.4184953 -0.2786461 0.8644177 -0.4373432 -0.242996 0.8658429 -0.5001079 -0.01471494 0.865838 -0.5027979 -0.01872615 0.8642012 -0.499623 0.02585442 0.8658571 -0.5001205 0.0212552 0.8656949 -0.4890199 0.1056535 0.8658504 -0.498347 0.06635943 0.8644343 -0.4970331 0.0616948 0.8655357 -0.4959606 0.06586229 0.8658437 -0.5021064 0.02591256 0.8644176 -0.4788697 0.1448032 0.8658614 -0.4809911 0.1413105 0.8652623 -0.4809882 0.1458292 0.8645138 -0.4658629 0.1823675 0.8658602 -0.4503034 0.2180168 0.8658496 -0.4535716 0.2151302 0.8648652 -0.4523539 0.2192281 0.8644738 -0.4317159 0.2528384 0.8658487 -0.4102072 0.2864567 0.8658364 -0.4143699 0.2844769 0.864506 -0.412081 0.2880263 0.8644246 -0.3858468 0.3184825 0.8658471 -0.3588633 0.3486186 0.8658419 -0.1584807 0.4745617 0.8658378 -0.1628898 0.4748149 0.8648803 -0.1241657 0.4866564 0.8647245 -0.1197394 0.4857776 0.8658422 -0.159012 0.476966 0.8644181 -0.03987608 0.4987083 0.8658522 -0.08025293 0.4962906 0.8644392 -0.08441798 0.4953471 0.8645837 -0.08009036 0.4938524 0.8658494 -0.1201421 0.4882008 0.8644223 0.0004891268 0.5002877 0.8658591 -0.003340889 0.5029288 0.8643214 0.0005079694 0.5026145 0.8645105 0.03970265 0.4987164 0.8658555 0.1172904 0.4863718 0.8658438 0.07910223 0.4964346 0.8644626 0.07443793 0.4951717 0.8656003 0.1558128 0.4754325 0.8658442 0.1521419 0.4776698 0.8652655 0.1568548 0.4776834 0.8644161 0.1935457 0.4613746 0.8658369 0.3841929 0.3204721 0.8658483 0.3838199 0.3253731 0.8641844 0.4084709 0.2889664 0.8658233 0.4064321 0.2923736 0.8656389 0.4497114 0.219265 0.8658421 0.4327839 0.2558772 0.8644218 0.4289314 0.2587695 0.8654804 0.4305654 0.2548513 0.8658316 0.4107963 0.289901 0.8644095 0.465966 0.1820878 0.8658636 0.4655248 0.1863033 0.8652039 0.4682787 0.1827086 0.8644841 0.4791096 0.1440197 0.8658593 0.4888706 0.1063265 0.8658523 0.4897042 0.110548 0.864852 0.4912256 0.1065183 0.8644949 0.4957073 0.06771596 0.8658457 0.4995167 0.02815006 0.8658468 0.5016667 0.03231636 0.8644572 0.5019843 0.02805363 0.8644216 0.500187 -0.01191394 0.8658354 0.497561 -0.0522342 0.8658549 0.4177763 -0.2752957 0.8658379 0.4214796 -0.2728094 0.8648295 0.398455 -0.3058854 0.864678 0.3944058 -0.307856 0.8658341 0.4197087 -0.2768164 0.8644173 0.3396445 -0.3673593 0.8658456 0.3699352 -0.3404739 0.8644221 0.3726381 -0.3372595 0.8645212 0.3682301 -0.3387072 0.8658429 0.3961484 -0.3095956 0.8644172 0.3088121 -0.3936118 0.865855 0.3135303 -0.3933548 0.8642747 0.2766872 -0.4168275 0.8658516 0.2431459 -0.4372194 0.8658633 0.2470541 -0.4355844 0.8655811 0.2441117 -0.4394252 0.8644738 0.2081429 -0.4549772 0.8658362 0.1712455 -0.4701064 0.8658378 0.175501 -0.4696788 0.8652174 0.1718052 -0.4725052 0.8644199 0.1329471 -0.4823401 0.8658366 -0.06536264 -0.496018 0.8658487 -0.07793064 -0.4843296 0.8714079 -0.1389577 -0.4810731 0.8655977 -0.1427644 -0.4795324 0.8658332 -0.1009353 -0.492914 0.8642036 -0.2180736 -0.4502739 0.8658506 -0.1820598 -0.4686428 0.8644235 -0.1772703 -0.4686064 0.8654382 -0.1809798 -0.4664387 0.8658414 -0.1438572 -0.4817458 0.8644224 -0.2537512 -0.4311665 0.8658555 -0.2508423 -0.4342673 0.8651532 -0.2551703 -0.4330975 0.8644737 -0.2877509 -0.4092363 0.8658666 -0.3191955 -0.3852306 0.8658589 -0.3172818 -0.3891059 0.8648288 -0.3208088 -0.3868986 0.8645179 -0.3482064 -0.3592325 0.8658547 -0.375444 -0.3307188 0.865833 -0.3746336 -0.3353083 0.8644178 -0.3774071 -0.332156 0.8644283 -0.4006599 -0.2996623 0.8658373 -0.4234324 -0.2665365 0.865831 -0.4985764 -0.04158604 0.8658476 -0.5000343 -0.04584062 0.8647915 -0.4988368 0.03862399 0.8658349 -0.5027844 -0.001418633 0.8644107 -0.5023926 -0.005689951 0.8646208 -0.5003278 -0.001611684 0.8658346 -0.501041 -0.04158131 0.864424 -0.4940627 0.07883102 0.8658451 -0.4972302 0.07533447 0.8643419 -0.4964183 0.07940445 0.8644442 -0.4860467 0.1185326 0.8658572 -0.4610925 0.1940855 0.8658664 -0.4769937 0.1582973 0.864534 -0.4763598 0.1535684 0.8657356 -0.4445957 0.2294622 0.8658417 -0.4472216 0.2261855 0.8653514 -0.4466048 0.2307544 0.8644631 -0.4250661 0.2638721 0.8658466 -0.3773397 0.3285191 0.8658464 -0.3813114 0.3265261 0.8648597 -0.3790066 0.3303517 0.8644199 -0.3495643 0.3579446 0.8658409 -0.3537904 0.3565139 0.8647139 -0.3510683 0.3598449 0.8644436 -0.319445 0.385039 0.8658521 -0.323855 0.3841993 0.8645859 -0.3207078 0.3870548 0.8644854 -0.2912644 0.4080276 0.865262 -0.2919516 0.4092709 0.8644429 -0.2873975 0.4094966 0.865861 -0.1839449 0.4652923 0.8658333 -0.2209509 0.4515642 0.8644481 -0.2240309 0.4475564 0.8657386 -0.2204545 0.4491133 0.8658504 -0.2592824 0.4310201 0.8642884 -0.254629 0.4306594 0.8658502 -0.2885236 0.411525 0.8645236 -0.1844883 0.4676956 0.8644217 -0.1879506 0.4642146 0.8655515 -0.1883907 0.4658369 0.8645837 -0.2163742 0.4523196 0.8652105 -0.1508368 0.4812078 0.8635319 -0.1502458 0.4780372 0.8653939 -0.1461009 0.4785286 0.865832 -0.06713308 0.4958054 0.865835 -0.1072017 0.4912173 0.864415 -0.1112544 0.4888659 0.8652356 -0.1069647 0.4887568 0.8658381 -0.1464482 0.4809763 0.8644158 -0.06712701 0.498213 0.8644523 -0.07128693 0.4965128 0.8650972 -0.07133591 0.4985553 0.8639176 -0.07653932 0.4964956 0.8646582 -0.02675399 0.4995766 0.8658565 -0.03084537 0.5008997 0.8649555 -0.02661027 0.5019521 0.864486 0.01344015 0.5001082 0.8658586 0.009591579 0.5020079 0.8648098 0.01369574 0.5023885 0.8645335 0.05228676 0.4975462 0.8658602 0.04856447 0.5001186 0.8645941 0.05278753 0.4998815 0.8644837 0.09112322 0.4919525 0.8658402 0.08770229 0.4951017 0.8643972 0.09189412 0.494244 0.8644526 0.1298728 0.483172 0.8658394 0.1267684 0.4869042 0.8642072 0.1319424 0.4850377 0.8644823 0.1681949 0.4712169 0.865832 0.1654183 0.4752116 0.8641821 0.205563 0.4561463 0.8658374 0.2019463 0.4581687 0.8656207 0.206884 0.4582101 0.8644319 0.2397434 0.4422668 0.8642471 0.2385056 0.4405139 0.865484 0.2417698 0.4380063 0.8658509 0.3089178 0.3935306 0.8658541 0.2780152 0.418765 0.8644903 0.2736038 0.4199456 0.8653246 0.2765021 0.4169445 0.8658544 0.2432852 0.4399222 0.8644541 0.3105837 0.3951534 0.8645181 0.3065305 0.3968956 0.8651664 0.3085998 0.3990179 0.8634529 0.2988205 0.4022808 0.8653765 0.3385979 0.3683358 0.8658407 0.336674 0.3721698 0.864951 0.3403469 0.3699241 0.8644768 0.36648 0.340607 0.8658402 0.3650877 0.3448082 0.8647649 0.3684154 0.3420592 0.8644453 0.3923882 0.3104055 0.8658407 0.3915658 0.3148975 0.8645899 0.3944494 0.3117322 0.8644263 0.4160224 0.2779162 0.8658453 0.4158034 0.2826182 0.8644273 0.4183059 0.2789316 0.8644173 0.4424248 0.2502462 0.8611836 0.4374955 0.2481821 0.8642936 0.4370949 0.2434782 0.8658328 0.4826394 0.1316174 0.865873 0.4728641 0.1703546 0.8645108 0.4694394 0.1737501 0.8657006 0.4705738 0.1698495 0.8658589 0.4562448 0.2119842 0.8642358 0.455343 0.2072585 0.8658561 0.4394178 0.2442182 0.8644475 0.4849156 0.1321044 0.864526 0.482095 0.1357919 0.8655316 0.4842342 0.1361356 0.8642825 0.4799348 0.1442313 0.8653669 0.4966708 0.09849183 0.8623326 0.4915254 0.09808271 0.8653222 0.4914191 0.09385625 0.8658512 0.50008 0.01518635 0.8658461 0.499712 0.05494852 0.8644469 0.4980317 0.05913647 0.8651401 0.497298 0.0549606 0.8658372 0.493799 0.09408662 0.8644711 0.5025578 0.01501002 0.8644133 0.5014619 0.01939205 0.8649623 0.5104532 0.01865686 0.8597031 0.4993946 0.03055115 0.8658358 0.4997073 -0.02501805 0.8658329 0.5016487 -0.02107374 0.8648148 0.5021133 -0.02542406 0.864428 0.4960139 -0.06533632 0.865853 0.498582 -0.06154148 0.8646551 0.4984322 -0.06574482 0.8644322 0.4891059 -0.105214 0.8658553 0.4921511 -0.1018205 0.8645345 0.491351 -0.1061488 0.8644689 0.4911361 -0.1450808 0.8589161 0.4825101 -0.1414225 0.8643978 0.4790067 -0.1443926 0.8658541 0.452556 -0.2139536 0.8656887 0.4505264 -0.2175787 0.8658438 0.4699385 -0.1792998 0.864297 0.4660648 -0.1818951 0.8658509 0.4810287 -0.1456608 0.8645197 0.410606 -0.2859 0.8658313 0.4339359 -0.2538815 0.8644326 0.4345715 -0.2490624 0.8655145 0.4319297 -0.2524668 0.8658506 0.4525453 -0.2188208 0.8644767 0.4123163 -0.2876945 0.864423 0.4135544 -0.2830687 0.8653582 0.4403868 -0.3066845 0.8438033 0.4170391 -0.2717349 0.8673169 0.4231674 -0.3502604 0.8356118 0.389673 -0.3155863 0.8651938 0.3861951 -0.3180785 0.8658403 0.3291731 -0.3751883 0.8665326 0.3599663 -0.3492649 0.8651232 0.3611614 -0.3472374 0.8654413 0.3592418 -0.3482344 0.8658396 0.3878793 -0.319894 0.8644174 0.07494874 -0.4950197 0.8656433 0.06979784 -0.4961241 0.8654416 0.0698397 -0.498107 0.8642985 0.06609391 -0.4983831 0.8644338 0.03435294 -0.5023409 0.8639871 0.02941073 -0.5003043 0.8653501 0.03456051 -0.4994506 0.8656528 0.07504182 -0.4980116 0.8639174 -0.005704178 -0.5005668 0.8656791 -0.01092484 -0.5011779 0.8652752 -0.01082798 -0.5004736 0.8656841 -0.01518367 -0.5023549 0.8645282 -0.04513996 -0.5014991 0.8639797 -0.04978576 -0.4990484 0.8651429 -0.04446571 -0.4986662 0.8656529 -0.006143034 -0.5034057 0.8640283 -0.08333278 -0.4936704 0.8656473 -0.08879875 -0.493816 0.8650205 -0.08865848 -0.493357 0.8652968 -0.09325646 -0.4940081 0.8644416 -0.1222098 -0.4855363 0.8656323 -0.1277927 -0.4854237 0.8648889 -0.1276413 -0.4850414 0.8651258 -0.1321835 -0.4850698 0.8644274 -0.1607053 -0.4742044 0.8656235 -0.1663493 -0.4738152 0.86477 -0.166196 -0.4735041 0.8649697 -0.1706806 -0.4729177 0.8644171 -0.1984469 -0.4596734 0.8656323 -0.2041352 -0.4589905 0.8646713 -0.2040079 -0.4587772 0.8648146 -0.2082551 -0.4576035 0.8644239 -0.2350714 -0.4420422 0.8656444 -0.240732 -0.4410589 0.8645896 -0.24064 -0.4409295 0.8646812 -0.2445603 -0.4392065 0.8644581 -0.2701802 -0.4214729 0.8656577 -0.2757482 -0.4201912 0.8645243 -0.275722 -0.4201599 0.8645479 -0.2791383 -0.4179943 0.8645014 -0.3030585 -0.3984796 0.8656613 -0.3085596 -0.3968953 0.864445 -0.3086074 -0.396944 0.8644055 -0.3117222 -0.3942106 0.8645388 -0.3636674 -0.3484528 0.863902 -0.3646837 -0.3427594 0.8657492 -0.3345146 -0.3765554 0.8638901 -0.3385736 -0.3719704 0.864295 -0.3329695 -0.3738831 0.8656459 -0.3051606 -0.4004131 0.8640292 -0.3885506 -0.3156952 0.8656587 -0.3908513 -0.3127319 0.8656985 -0.3911351 -0.3129077 0.8655069 -0.3953735 -0.3105564 0.8644273 -0.4144993 -0.2861982 0.8638755 -0.414851 -0.2804839 0.8655792 -0.4118893 -0.284672 0.8656264 -0.3901958 -0.3185397 0.8638748 -0.4334382 -0.2506212 0.8656329 -0.4363173 -0.2461295 0.8654752 -0.4367539 -0.2463111 0.8652034 -0.4400886 -0.243072 0.8644294 -0.4551771 -0.2155585 0.8639146 -0.454988 -0.2099841 0.8653858 -0.4523406 -0.2145702 0.8656486 -0.436246 -0.2517347 0.8638976 -0.468329 -0.1769644 0.8656509 -0.4706098 -0.172541 0.8653069 -0.4712568 -0.172696 0.8649238 -0.4734285 -0.1688464 0.8644977 -0.4836872 -0.1397268 0.8640157 -0.4830271 -0.1344805 0.8652167 -0.4808632 -0.1392219 0.8656719 -0.4710309 -0.1778942 0.8639928 -0.490229 -0.1016482 0.8656461 -0.4922155 -0.09673169 0.8650821 -0.4931641 -0.09680449 0.8645335 -0.4940766 -0.09262649 0.8644702 -0.4967098 -0.0629053 0.865634 -0.4985333 -0.05772344 0.8649465 -0.499591 -0.05771947 0.8643364 -0.4998882 -0.05347155 0.8644378 -0.5001493 -0.02321325 0.8656281 -0.5017511 -0.01786242 0.8648276 -0.5028566 -0.01776902 0.8641873 -0.4996128 0.02657993 0.865841 -0.5003948 0.01703901 0.8656297 -0.5017517 0.02254999 0.8647177 -0.5000204 0.02226222 0.8657274 -0.5020481 0.0269003 0.8644212 -0.4973647 0.05742661 0.8656388 -0.4984482 0.06306059 0.8646229 -0.4968558 0.06266258 0.8655678 -0.4982176 0.06732251 0.8644344 -0.4910626 0.09759716 0.8656398 -0.4918462 0.1032927 0.8645334 -0.4903599 0.1027925 0.8654367 -0.4910669 0.1074395 0.8644709 -0.4815022 0.1370852 0.8656577 -0.4819679 0.1427715 0.8644786 -0.4806705 0.1422177 0.8652919 -0.4807167 0.1467122 0.8645154 -0.4841262 0.1382464 0.8640079 -0.4691261 0.1747556 0.865668 -0.4692954 0.1806007 0.8643757 -0.471355 0.1767338 0.8640542 -0.4518345 0.2151562 0.8657675 -0.4386886 0.2474436 0.8639005 -0.4335326 0.2500896 0.8657394 -0.4352201 0.247357 0.8656778 -0.456737 0.2121395 0.8639376 -0.4155918 0.2792709 0.865616 -0.4124102 0.2839506 0.8656153 -0.4138255 0.2851999 0.8645284 -0.4115187 0.2888834 0.8644066 -0.3936505 0.3142695 0.8638715 -0.3883243 0.3163468 0.8655223 -0.3914585 0.3121582 0.8656313 -0.4176271 0.2816088 0.8638774 -0.3649525 0.3427718 0.8656311 -0.3616062 0.3468406 0.8654147 -0.3628957 0.3484127 0.8642426 -0.3594559 0.3514448 0.8644525 -0.3375174 0.3736766 0.863972 -0.3324225 0.3751306 0.8653163 -0.3360555 0.3711127 0.8656455 -0.3668714 0.3450728 0.863904 -0.3047392 0.3971492 0.8656827 -0.3009863 0.4009195 0.8652576 -0.3006424 0.4003307 0.8656498 -0.2983498 0.4044552 0.8645249 -0.2738163 0.4225267 0.8639999 -0.2686286 0.4235032 0.8651494 -0.2724798 0.4199829 0.8656611 -0.3061771 0.3996824 0.8640079 -0.2391633 0.4398434 0.8656435 -0.2349845 0.4433352 0.8650063 -0.2348161 0.4429006 0.8652748 -0.2316003 0.4461559 0.8644688 -0.2038011 0.4573317 0.8656286 -0.1993485 0.460715 0.8648711 -0.1992414 0.4603549 0.8650873 -0.1956655 0.4631055 0.8644353 -0.1667 0.4721259 0.8656259 -0.1619931 0.4753569 0.8647509 -0.1619319 0.4750676 0.8649213 -0.158056 0.4772801 0.8644201 -0.1281266 0.4840248 0.8656232 -0.1232412 0.4870288 0.864647 -0.1232151 0.4868259 0.864765 -0.1190905 0.4884696 0.864416 -0.08853694 0.4927852 0.865635 -0.08344284 0.4955625 0.8645549 -0.08343758 0.4954532 0.8646181 -0.07938075 0.4964281 0.8644409 -0.04822999 0.4983253 0.8656476 -0.04301439 0.5008132 0.8644859 -0.04301436 0.5008152 0.8644848 -0.03887862 0.5011756 0.8644717 -0.007682163 0.5005582 0.8656688 -0.002377186 0.5027349 0.8644373 -0.002361982 0.5028723 0.8643574 0.0008642703 0.5026524 0.8644881 0.07100108 0.4985575 0.8639441 0.0752757 0.4947552 0.8657661 0.03240855 0.5024139 0.8640196 0.0370062 0.5015969 0.8643097 0.0314429 0.4996379 0.8656635 -0.007344357 0.5033935 0.864026 0.1087196 0.4887322 0.8656332 0.1142257 0.4873888 0.8656816 0.114354 0.4877402 0.8654667 0.1191135 0.4884339 0.864433 0.149033 0.4811395 0.8638831 0.152829 0.4769137 0.8655614 0.1478367 0.4783717 0.865624 0.110137 0.491495 0.863888 0.1857466 0.4649437 0.8656359 0.1908883 0.4631851 0.8654601 0.1911619 0.4636733 0.8651382 0.1956735 0.4631277 0.8644215 0.2245524 0.450802 0.8639177 0.2278068 0.4463892 0.8653558 0.2228608 0.4483412 0.8656346 0.1873238 0.4675694 0.86388 0.2584753 0.4287515 0.8656573 0.263338 0.4265607 0.865274 0.2637883 0.4271289 0.8648564 0.2676942 0.4254587 0.8644794 0.2942776 0.4084793 0.8640285 0.2969915 0.4040141 0.8651987 0.2923465 0.4063838 0.8656706 0.260342 0.431033 0.8639633 0.3231028 0.3824089 0.8656604 0.3277151 0.3797812 0.8650832 0.3284268 0.3804343 0.8645263 0.3315792 0.3777431 0.864503 0.351938 0.3561302 0.8656273 0.3565458 0.3532227 0.8649328 0.3573912 0.3538821 0.8643142 0.3600468 0.3508384 0.8644529 0.3789604 0.327229 0.8656271 0.3835814 0.3239999 0.8648061 0.3844585 0.3245769 0.8641999 0.4093888 0.2875842 0.86585 0.4038643 0.2959419 0.8656281 0.4084447 0.2923952 0.8646837 0.4069326 0.2915664 0.8656759 0.4113234 0.2891325 0.8644162 0.4264519 0.2623483 0.8656281 0.4308441 0.2585736 0.8645884 0.4293506 0.2579047 0.8655306 0.4332799 0.2550152 0.864428 0.4462788 0.2269476 0.8656385 0.4504828 0.2229286 0.8645045 0.4490439 0.2224178 0.8653842 0.4524778 0.2191099 0.864439 0.4631834 0.189945 0.8656685 0.4671999 0.1856596 0.864439 0.4658735 0.1853044 0.8652307 0.4686277 0.1817908 0.8644884 0.4660753 0.1905676 0.8639778 0.4769918 0.1519706 0.8656695 0.4807269 0.1475129 0.8643736 0.4798733 0.1521692 0.8640406 0.4883178 0.1095108 0.8657673 0.497838 0.07622551 0.8639138 0.4954435 0.07094149 0.8657385 0.4950586 0.07419863 0.8656856 0.4902707 0.114832 0.8639723 0.4993459 0.03662125 0.8656284 0.4997267 0.03146763 0.8656114 0.5016546 0.03135766 0.8644995 0.5020244 0.02715363 0.8644271 0.5037023 -0.003770133 0.8638691 0.5008304 -0.008687681 0.8655019 0.5006791 -0.00343933 0.8656261 0.5023669 0.03656346 0.8638811 0.4987546 -0.04390033 0.8656307 0.4986659 -0.0491078 0.8654021 0.5007355 -0.04956618 0.86418 0.4920958 -0.090863 0.8657861 0.496432 -0.08490233 0.8639137 0.4931929 -0.08940568 0.8653135 0.4935318 -0.0841031 0.8656517 0.5017028 -0.04444247 0.8638976 0.4850541 -0.1239563 0.8656543 0.4844799 -0.1290715 0.8652281 0.4838612 -0.1288266 0.8656108 0.4845735 -0.1335789 0.8644913 0.4760844 -0.1636727 0.8640341 0.4726885 -0.1675973 0.8651455 0.4735262 -0.1624292 0.8656729 0.487805 -0.1248581 0.8639773 0.4595847 -0.198539 0.8656583 0.4584776 -0.2038455 0.8650117 0.4581373 -0.2036437 0.8652396 0.4575635 -0.2080966 0.8644834 0.4426721 -0.2338834 0.8656442 0.4412817 -0.2392972 0.8648742 0.4410199 -0.2391121 0.8650589 0.4398385 -0.2434534 0.8644493 0.4227627 -0.2682604 0.8656258 0.4210762 -0.2737289 0.8647354 0.4208841 -0.2735683 0.8648797 0.4191344 -0.2776643 0.864424 0.3999059 -0.3012898 0.865621 0.3979174 -0.3067553 0.8646173 0.3977874 -0.3066276 0.8647223 0.3955018 -0.3104118 0.8644205 0.3742499 -0.3326262 0.8656192 0.371984 -0.3379744 0.8645238 0.3719345 -0.3379173 0.8645673 0.3691751 -0.3412879 0.8644261 0.3460049 -0.3618468 0.8656486 0.3434296 -0.3671168 0.8644544 0.3434446 -0.3671371 0.8644398 0.3402854 -0.3700081 0.8644651 0.2517895 -0.4360839 0.8639635 0.2460895 -0.4357436 0.8657757 0.2846786 -0.4152218 0.8640306 0.2790857 -0.4153531 0.8657903 0.3172193 -0.3910361 0.8639808 0.3126261 -0.3937818 0.8644078 0.3154314 -0.3887682 0.8656572 0.3478507 -0.3642043 0.8639185 0.2159276 -0.4517078 0.8656417 0.211155 -0.4539048 0.8656697 0.2112886 -0.4543129 0.865423 0.207979 -0.4576929 0.8644432 0.18002 -0.4704053 0.8638933 0.1744741 -0.4694635 0.8655419 0.179255 -0.4675159 0.8656192 0.2169075 -0.4545773 0.8638927 0.1415083 -0.4802706 0.8656301 0.1362333 -0.4821466 0.8654335 0.1363221 -0.4827139 0.8651032 0.1323841 -0.4850187 0.8644255 0.1021845 -0.4931882 0.8639002 0.09688555 -0.4917463 0.8653316 0.1020001 -0.4901902 0.8656266 0.1417292 -0.4833637 0.8638706 0.06190681 -0.4968094 0.8656489 0.05670314 -0.4981272 0.865248 0.05669951 -0.4988901 0.8648085 0.05249487 -0.4999537 0.8644597 0.02111649 -0.5030554 0.8639962 0.01617226 -0.5012203 0.8651686 0.021367 -0.5001698 0.8656636 0.06186117 -0.4997877 0.8639361 -0.01851229 -0.5002792 0.8656663 -0.02372036 -0.5010708 0.8650811 -0.02388057 -0.5020472 0.8645105 -0.02798375 -0.5018149 0.8645222 -0.05708363 -0.4973876 0.8656484 -0.06252734 -0.4979682 0.8649382 -0.06279758 -0.4990608 0.8642886 -0.06692557 -0.4982009 0.8644748 -0.09600837 -0.4913924 0.8656304 -0.1015886 -0.4917262 0.8648035 -0.1019145 -0.4927008 0.8642102 -0.1435828 -0.4792811 0.8658369 -0.1347536 -0.4822182 0.8656253 -0.140491 -0.4822829 0.8646766 -0.1398327 -0.4807396 0.8656421 -0.1447789 -0.4814666 0.864424 -0.1730734 -0.4698202 0.8656296 -0.1788945 -0.4695913 0.8645697 -0.178159 -0.4681913 0.8654804 -0.1830045 -0.468277 0.8644224 -0.2105255 -0.4542746 0.865629 -0.216333 -0.4537392 0.8644772 -0.2155398 -0.4524849 0.8653324 -0.2202441 -0.4519433 0.8644303 -0.2466709 -0.4356705 0.865647 -0.2524863 -0.4348122 0.864401 -0.2516737 -0.4337288 0.8651819 -0.2560148 -0.432608 0.864469 -0.2483826 -0.4380962 0.8639316 -0.2811809 -0.4142133 0.8656585 -0.2869063 -0.4130355 0.8643416 -0.2837819 -0.4157704 0.8640618 -0.316806 -0.3873748 0.8657798 -0.3446249 -0.3672159 0.8639365 -0.3460261 -0.3616332 0.8657294 -0.3431329 -0.3645091 0.8656749 -0.3150605 -0.3927176 0.8640079 -0.3699691 -0.3373657 0.8656254 -0.3736281 -0.3333957 0.865592 -0.3752279 -0.3345117 0.8644686 -0.3780515 -0.3313878 0.8644415 -0.3983848 -0.3082353 0.8638753 -0.3991817 -0.3026623 0.8654764 -0.3957109 -0.306784 0.8656191 -0.3725383 -0.3389733 0.8638937 -0.4191385 -0.2738876 0.8656261 -0.4223851 -0.2696539 0.8653771 -0.4242516 -0.270551 0.8641832 -0.4441538 -0.2303027 0.8658453 -0.4427378 -0.2401292 0.8638988 -0.442991 -0.2346358 0.8652774 -0.4398625 -0.2391358 0.8656414 -0.421869 -0.2751835 0.863887 -0.4578673 -0.2025268 0.8656445 -0.4606576 -0.1980723 0.8651947 -0.4600551 -0.1978934 0.8655562 -0.4635323 -0.1945415 0.8644602 -0.475534 -0.1652784 0.8640316 -0.4753132 -0.1601088 0.8651257 -0.4726929 -0.1647874 0.8656826 -0.4606527 -0.2033711 0.8639671 -0.4841737 -0.1272388 0.865671 -0.4866011 -0.1223757 0.8650107 -0.4862263 -0.1223265 0.8652284 -0.4884371 -0.1184976 0.8645158 -0.4926437 -0.08923762 0.8656436 -0.4948997 -0.08415635 0.8648652 -0.4946264 -0.08414254 0.865023 -0.4962869 -0.08003254 0.8644617 -0.4981726 -0.05011176 0.8656285 -0.5002239 -0.04483305 0.8647346 -0.5000495 -0.0448383 0.8648352 -0.5011119 -0.04058201 0.8644304 -0.5005922 -0.01019963 0.8656231 -0.5024222 -0.004702398 0.8646096 -0.502318 -0.004713971 0.8646701 -0.5027639 -0.0004605232 0.8644236 -0.4997759 0.03007342 0.8656325 -0.5013502 0.03576246 0.8645051 -0.5013282 0.03575826 0.864518 -0.5011657 0.04005191 0.8644239 -0.4956896 0.07054011 0.8656304 -0.4969466 0.07625578 0.8644242 -0.4970296 0.07627882 0.8643743 -0.4962221 0.08062763 0.8644437 -0.4671399 0.1878701 0.8639938 -0.4624989 0.1910989 0.8657806 -0.4802933 0.1508961 0.8640305 -0.4759743 0.1544525 0.8657904 -0.4910112 0.1116323 0.8639712 -0.4892437 0.1163055 0.8643573 -0.4883021 0.110513 0.8656488 -0.4986093 0.07119607 0.863898 -0.4487365 0.2220189 0.8656461 -0.4463584 0.2267152 0.8656583 -0.4467506 0.2269769 0.8653873 -0.4461776 0.231592 0.8644598 -0.4321721 0.2587048 0.863886 -0.4271865 0.2614461 0.8655389 -0.4298417 0.256733 0.8656352 -0.4511762 0.223729 0.8639359 -0.4079727 0.290274 0.8656207 -0.4051034 0.2948703 0.8654148 -0.4055732 0.2953075 0.8650455 -0.4038384 0.2995047 0.8644139 -0.38528 0.3244904 0.8638664 -0.3801183 0.3266994 0.8653193 -0.3831811 0.3222628 0.8656321 -0.4101199 0.2924308 0.8638784 -0.3557111 0.352356 0.8656297 -0.3525322 0.3565249 0.8652231 -0.3530324 0.3571681 0.8647537 -0.3503385 0.3605514 0.8644453 -0.3276077 0.3823993 0.8639699 -0.32259 0.3840262 0.8651356 -0.3260447 0.3799233 0.8656518 -0.3576324 0.3546163 0.8639134 -0.29422 0.4050241 0.8656732 -0.2906159 0.4088967 0.8650699 -0.2911071 0.4097895 0.864482 -0.287891 0.4119661 0.8645245 -0.2619224 0.4266553 0.8656569 -0.2580584 0.4304394 0.8649437 -0.2585443 0.4315175 0.8642613 -0.2222512 0.4483741 0.8657743 -0.2278687 0.4457833 0.8656519 -0.2236719 0.4495326 0.8648072 -0.2231175 0.4479823 0.8657543 -0.2201251 0.4519496 0.8644573 -0.1919327 0.4624313 0.8656322 -0.1874407 0.4660725 0.8646632 -0.1870211 0.4645135 0.8655925 -0.1835741 0.468047 0.8644262 -0.154272 0.4763294 0.8656272 -0.1495799 0.479758 0.8645567 -0.149306 0.4782733 0.8654262 -0.1455419 0.4812491 0.864417 -0.1153607 0.4872129 0.8656301 -0.1104272 0.490437 0.8644521 -0.1102814 0.4890137 0.8652766 -0.1062496 0.4914125 0.8644216 -0.07545489 0.4949467 0.865641 -0.07034668 0.4979024 0.8643753 -0.07031757 0.4965807 0.8651375 -0.0661469 0.4983417 0.8644537 0.005643504 0.5034155 0.8640261 0.01028656 0.5003173 0.8657811 -0.03404511 0.5023028 0.8640213 -0.02976842 0.5020953 0.8642999 -0.03508674 0.4994043 0.8656583 -0.07559194 0.4979242 0.8639198 0.04442859 0.4986514 0.8656633 0.04912816 0.4981231 0.8657134 0.04952834 0.4999526 0.8646354 0.05373424 0.4997717 0.8644887 0.08373715 0.4966229 0.8639177 0.08803032 0.4929582 0.8655882 0.08276381 0.4937838 0.8656372 0.04464466 0.5015554 0.8639727 0.1218421 0.4856278 0.8656328 0.1269423 0.4845935 0.8654795 0.1277243 0.4865737 0.8642526 0.1316569 0.4852164 0.8644255 0.1615844 0.4770772 0.8638796 0.1654256 0.4730643 0.865358 0.1602167 0.4743692 0.8656238 0.122824 0.4884912 0.8638811 0.1979861 0.4598656 0.8656358 0.2031661 0.4583081 0.8652614 0.2028109 0.4577113 0.8656606 0.2077934 0.4577997 0.8644312 0.2363938 0.4446855 0.8639287 0.2397232 0.4404862 0.8651617 0.2346521 0.4422789 0.8656372 0.1995269 0.4624908 0.8638815 0.26974 0.421751 0.8656595 0.2746798 0.4197271 0.8650898 0.274368 0.4193538 0.8653696 0.2788227 0.4182121 0.8644978 0.3027125 0.3987224 0.8656706 0.3074992 0.3964756 0.8650152 0.3072675 0.3962389 0.865206 0.3112802 0.3945679 0.864535 0.3325829 0.3742204 0.8656487 0.3374887 0.3716407 0.864861 0.337313 0.3714878 0.8649952 0.341058 0.3692596 0.8644806 0.3609399 0.3469865 0.8656343 0.3657493 0.3441638 0.864742 0.3656718 0.3441066 0.8647975 0.3690305 0.341403 0.8644423 0.3872722 0.3173133 0.8656399 0.3921548 0.3141182 0.8646064 0.3921299 0.3141027 0.8646234 0.39512 0.3109055 0.8644177 0.4115344 0.285184 0.8656267 0.4162602 0.2817354 0.8644957 0.4163158 0.281764 0.8644595 0.418766 0.2782568 0.8644121 0.4332131 0.2510066 0.8656339 0.4378149 0.2472588 0.8643965 0.4379307 0.247307 0.864324 0.4399018 0.2433788 0.864438 0.435975 0.2522458 0.8638853 0.4521339 0.2150325 0.865642 0.4565263 0.2110336 0.8643197 0.4550498 0.2156568 0.863957 0.4696468 0.1727733 0.8657836 0.4835385 0.140194 0.8640232 0.4819409 0.1348488 0.8657649 0.4810614 0.1383715 0.865698 0.4708779 0.1783251 0.8639873 0.4901343 0.1020176 0.8656563 0.491141 0.09708975 0.8656524 0.4916529 0.09712961 0.8653573 0.4939685 0.09315892 0.8644747 0.4996461 0.06340069 0.8639063 0.4974586 0.05818134 0.8655344 0.4966558 0.06323473 0.865641 0.4930466 0.1024011 0.8639555 0.500123 0.0238326 0.8656263 0.5007318 0.01845812 0.8654056 0.5014316 0.01839982 0.8650016 0.5025889 0.01399707 0.8644122 0.5034205 -0.0170132 0.863874 0.5007808 -0.0218909 0.8652973 0.5004147 -0.0164303 0.86563 0.5031443 0.02348586 0.8638831 0.4974172 -0.0570382 0.8656343 0.4975221 -0.06233251 0.865209 0.4983731 -0.06254439 0.8647037 0.4982765 -0.06678115 0.8644425 0.4939223 -0.09808694 0.8639558 0.4910074 -0.1024598 0.8651091 0.491161 -0.09706767 0.8656435 0.5003716 -0.0576092 0.863892 0.4816388 -0.1365028 0.8656738 0.4812116 -0.1419584 0.8650337 0.4821711 -0.1423671 0.8644319 0.4809744 -0.1459436 0.8645022 0.4692792 -0.1744086 0.865655 0.468604 -0.1796755 0.8649433 0.4695873 -0.1801893 0.8643029 0.4502496 -0.2181484 0.8658444 0.4544257 -0.2101392 0.8656435 0.4534775 -0.2155745 0.8648039 0.4521111 -0.2147155 0.8657325 0.4521459 -0.2197057 0.8644614 0.4365065 -0.2451801 0.8656493 0.4352419 -0.2508334 0.8646659 0.4340298 -0.2499276 0.865537 0.4334528 -0.2546621 0.8644454 0.4156353 -0.2791859 0.8656226 0.4140921 -0.2847693 0.8645428 0.4129992 -0.2838065 0.8653818 0.4117946 -0.2885048 0.8644016 0.3918232 -0.3116961 0.8656328 0.3899438 -0.3173405 0.8644298 0.3889867 -0.3163495 0.8652238 0.3872489 -0.3206574 0.8644172 0.3653137 -0.3423843 0.8656321 0.36314 -0.3479008 0.8643462 0.3623307 -0.3469159 0.8650814 0.3600549 -0.3508896 0.8644288 0.3065378 -0.3993981 0.8640114 0.3009484 -0.3998244 0.8657774 0.3379742 -0.3733296 0.8639436 0.3338071 -0.3763199 0.8642662 0.336319 -0.3708601 0.8656514 0.3673327 -0.3446006 0.8638965 0.2728027 -0.4197651 0.865665 0.2686201 -0.4223774 0.8657024 0.2694421 -0.424077 0.8646153 0.2659274 -0.4265172 0.8645031 0.2406108 -0.4423713 0.8639526 0.2350423 -0.4421753 0.8655843 0.2397378 -0.4395185 0.8656496 0.2741541 -0.4222765 0.8640151 0.2042256 -0.4571151 0.865643 0.1994741 -0.4595327 0.8654708 0.2001018 -0.4616357 0.8642058 0.1579996 -0.4747156 0.8658413 0.1677627 -0.4749461 0.8638761 0.1622488 -0.4741884 0.8653443 0.1671243 -0.4719792 0.8656241 0.2051066 -0.4600229 0.8638924 0.1286198 -0.4838859 0.8656276 0.1235939 -0.4858885 0.8652381 0.1235104 -0.4852459 0.8656105 0.1196087 -0.4883394 0.864418 0.08916507 -0.4957009 0.863904 0.08387412 -0.4944583 0.8651451 0.08902197 -0.4926864 0.8656414 0.1289775 -0.486893 0.8638866 0.0487476 -0.4982728 0.8656489 0.04353941 -0.4997846 0.8650547 0.04355321 -0.4993319 0.8653154 0.03935003 -0.5011255 0.8644795 0.008148624 -0.5005544 0.8656667 0.00298231 -0.5017764 0.8649922 0.003016763 -0.5014621 0.8651744 -0.001263227 -0.5025966 0.8645201 -0.03095252 -0.4996622 0.8656672 -0.03635422 -0.500669 0.8648751 -0.03632034 -0.5004914 0.8649793 -0.04060701 -0.500982 0.8645045 -0.06973597 -0.4957768 0.8656456 -0.07530446 -0.4965519 0.8647343 -0.07528494 -0.496481 0.8647767 -0.07963216 -0.4963543 0.8644601 -0.1086399 -0.4887617 0.8656266 -0.1143587 -0.4892786 0.8645973 -0.1143661 -0.489299 0.8645849 -0.118557 -0.4885737 0.8644305 -0.147298 -0.4785339 0.8656261 -0.1532088 -0.4787692 0.8644693 -0.1532426 -0.478843 0.8644224 -0.1573335 -0.477515 0.8644221 -0.1853517 -0.4651181 0.8656269 -0.1913082 -0.4650418 0.8643711 -0.1913983 -0.4652029 0.8642644 -0.1954928 -0.4631849 0.8644317 -0.1869341 -0.4677015 0.8638929 -0.2224267 -0.4485396 0.8656435 -0.2284081 -0.4481348 0.8642945 -0.2237874 -0.4512325 0.8638915 -0.2623708 -0.4261408 0.8657746 -0.2938745 -0.408751 0.8640373 -0.2959276 -0.4036014 0.8657556 -0.2928716 -0.405952 0.8656958 -0.2599033 -0.431308 0.8639581 -0.3225981 -0.3828229 0.8656657 -0.3266233 -0.3794383 0.8656464 -0.3270223 -0.3798052 0.8653349 -0.3312333 -0.3780703 0.8644925 -0.3538769 -0.3583236 0.8639302 -0.3553977 -0.3529218 0.865528 -0.3515779 -0.3564292 0.8656507 -0.3248377 -0.3847021 0.8639935 -0.3786407 -0.327572 0.8656372 -0.3824054 -0.3237929 0.8654041 -0.3830417 -0.3242124 0.8649655 -0.3865965 -0.3214246 0.8644242 -0.4062934 -0.2977616 0.8638656 -0.4072598 -0.2922823 0.8652806 -0.403652 -0.2962501 0.8656217 -0.3811565 -0.3292844 0.8638816 -0.426232 -0.2627186 0.8656242 -0.4296511 -0.2585844 0.8651786 -0.4304904 -0.2589612 0.8646486 -0.4330365 -0.2554393 0.8644247 -0.4488913 -0.2284297 0.8638961 -0.4493387 -0.2229731 0.8650882 -0.4460561 -0.2273561 0.8656462 -0.4289609 -0.2639753 0.8638921 -0.463065 -0.1903668 0.8656393 -0.466062 -0.185922 0.8649967 -0.4670826 -0.1861964 0.8643869 -0.4684715 -0.1821357 0.8645004 -0.4768729 -0.1523644 0.8656659 -0.4796065 -0.1478282 0.8649419 -0.4806775 -0.1480276 0.8643129 -0.4889527 -0.1059472 0.8658525 -0.4872462 -0.1149817 0.8656618 -0.4898749 -0.1101214 0.8648097 -0.4883295 -0.1099592 0.865704 -0.4913241 -0.1061044 0.8644898 -0.4947628 -0.07660419 0.8656451 -0.4972306 -0.07148341 0.8646687 -0.4957883 -0.07144824 0.8654993 -0.4982054 -0.06732789 0.8644412 -0.4992805 -0.0372397 0.8656397 -0.5015677 -0.03183173 0.8645326 -0.5001769 -0.03190981 0.8653351 -0.5020162 -0.02755405 0.8644191 -0.5006799 0.002913263 0.8656277 -0.5026997 0.008466752 0.8644197 -0.5014037 0.008288581 0.8651738 -0.5026253 0.01276145 0.8644102 -0.4879111 0.1244184 0.8639807 -0.4836949 0.1282653 0.8657871 -0.4964626 0.08448892 0.8639367 -0.4925573 0.08864003 0.8657541 -0.5018212 0.04373105 0.8638652 -0.5005594 0.04905036 0.8643114 -0.4988014 0.04327211 0.8656355 -0.5036919 0.003263677 0.8638772 -0.4736034 0.1621703 0.8656793 -0.4719771 0.1667342 0.8657005 -0.4736921 0.1675727 0.8646011 -0.4724575 0.1713894 0.8645285 -0.4623026 0.1996032 0.8639646 -0.4578421 0.2028988 0.8655707 -0.4598528 0.1979479 0.8656512 -0.4762452 0.1632167 0.8640317 -0.4428449 0.2335776 0.8656385 -0.440689 0.2382813 0.8654567 -0.442457 0.2395291 0.8642092 -0.4181083 0.2748672 0.8658138 -0.4252928 0.26985 0.8638906 -0.4205534 0.2726545 0.8653291 -0.4230763 0.2677436 0.8656327 -0.4453181 0.235219 0.8639235 -0.4002172 0.3008508 0.8656298 -0.3974688 0.3056436 0.8652171 -0.3970458 0.3052287 0.8655576 -0.3958409 0.3099777 0.8644211 -0.3765481 0.3345454 0.8638813 -0.3716206 0.3368617 0.8651141 -0.3745297 0.3323041 0.865622 -0.4023655 0.3030567 0.8638627 -0.3463916 0.3615113 0.8656341 -0.3432292 0.3659701 0.86502 -0.3429714 0.3656202 0.8652701 -0.3407174 0.3696083 0.8644659 -0.3158946 0.3883903 0.8656579 -0.3125204 0.3926745 0.8649496 -0.3123662 0.3924266 0.8651178 -0.3096906 0.395895 0.8644992 -0.2837802 0.4124119 0.8656704 -0.280207 0.4165022 0.8648757 -0.2801327 0.4163585 0.864969 -0.277032 0.4193381 0.8645281 -0.2510584 0.4331479 0.8656515 -0.2472041 0.4371728 0.864737 -0.2471972 0.4371564 0.8647472 -0.243733 0.4396295 0.8644768 -0.2163219 0.4515367 0.8656324 -0.2121924 0.4554576 0.8645998 -0.2122196 0.4555406 0.8645493 -0.2083929 0.4575142 0.8644381 -0.1798122 0.4672831 0.8656293 -0.1753479 0.4711178 0.8644659 -0.1753846 0.4712698 0.8643755 -0.1714468 0.4726325 0.8644215 -0.1417517 0.4802095 0.8656242 -0.1370194 0.4838635 0.8643506 -0.1370563 0.4840977 0.8642135 -0.1321408 0.4850394 0.864451 -0.142249 0.4832067 0.863873 -0.1024731 0.4900832 0.8656314 -0.09748293 0.493521 0.8642535 -0.1024824 0.4931182 0.863905 -0.05721353 0.4971727 0.8657631 -0.0215959 0.5030302 0.8639989 -0.01674344 0.50023 0.8657308 -0.02236112 0.5001423 0.8656545 -0.06233642 0.4997181 0.8639422 0.01792516 0.5002993 0.8656669 0.02306369 0.5001493 0.865632 0.02315049 0.5006819 0.8653216 0.02751553 0.5018514 0.8645161 0.0573432 0.5002988 0.8639519 0.06183056 0.497062 0.8655092 0.05650694 0.4974491 0.8656508 0.01846205 0.5031124 0.8640237 0.09557529 0.4914668 0.8656361 0.1008044 0.4908531 0.865391 0.1010576 0.4916127 0.8649302 0.1054422 0.4915413 0.8644473 0.1355075 0.4851267 0.8638806 0.1396138 0.4814858 0.8652626 0.1341985 0.4823712 0.8656262 0.09647295 0.4943273 0.863906 0.1725921 0.4699995 0.8656284 0.1779497 0.468865 0.8651587 0.1783986 0.4697213 0.8646016 0.182625 0.4684287 0.8644204 0.2116658 0.4570259 0.863901 0.2153482 0.4530876 0.8650646 0.2100898 0.4544677 0.8656335 0.1740335 0.472685 0.8638756 0.2462227 0.435918 0.8656499 0.2514744 0.4342578 0.8649744 0.252144 0.4351522 0.8643297 0.2555339 0.4328826 0.8644738 0.2807939 0.4144728 0.86566 0.2858285 0.4125946 0.8649091 0.2865344 0.4133971 0.8642921 0.3194705 0.3850138 0.865854 0.3125911 0.3910241 0.8656714 0.3176516 0.3888436 0.864811 0.3165704 0.3877942 0.8656782 0.3212205 0.3865754 0.8645097 0.3419798 0.3656317 0.8656577 0.3471196 0.3631302 0.8646643 0.346034 0.3622335 0.8654753 0.3503461 0.360469 0.8644765 0.3697345 0.3376186 0.8656271 0.3747808 0.3348534 0.8645302 0.3736822 0.3340853 0.8653027 0.3777705 0.3317403 0.8644292 0.3954889 0.3070427 0.8656288 0.4004834 0.3039666 0.8644173 0.3994293 0.3033497 0.8651215 0.4030518 0.3005696 0.8644115 0.460477 0.2038379 0.8639509 0.4595251 0.1982001 0.8657676 0.4424946 0.2405652 0.863902 0.4419715 0.234777 0.8657603 0.4215119 0.2757956 0.863866 0.4238238 0.2708631 0.8642955 0.4188683 0.2742896 0.8656295 0.3978455 0.3089984 0.8638512 0.4725053 0.1654317 0.8656622 0.4742235 0.1603921 0.865671 0.4760888 0.160791 0.8645725 0.4774559 0.1569206 0.8645298 0.4869419 0.1280336 0.8639994 0.4855156 0.122734 0.8655697 0.4841245 0.1275015 0.8656598 0.4753889 0.1657977 0.8640119 0.492554 0.08972318 0.8656445 0.4938099 0.08460187 0.8654446 0.4959093 0.08471011 0.8642327 0.4986592 0.04056227 0.8658485 0.5011274 0.05050886 0.8638983 0.4991376 0.04530649 0.8653375 0.4980946 0.05056199 0.8656474 0.4955023 0.08979633 0.8639525 0.5005684 0.01071281 0.8656307 0.5013807 0.005344283 0.8652104 0.5008712 0.005400234 0.865505 0.5027912 0.0008982942 0.8644075 0.5027704 -0.03024642 0.8638906 0.5003594 -0.03510093 0.865106 0.4997937 -0.02962933 0.8656375 0.5035818 0.01035435 0.8638856 0.4957411 -0.06999329 0.8656453 0.4960397 -0.07547808 0.8650132 0.4957158 -0.07538851 0.8652065 0.4963502 -0.07996932 0.8644313 0.4884146 -0.1099385 0.8656585 0.4884384 -0.1155123 0.8649189 0.4882021 -0.1154262 0.8650638 0.4881857 -0.1198981 0.8644647 0.4778739 -0.1491804 0.8656684 0.4776162 -0.1546229 0.8648552 0.4775216 -0.1545797 0.8649152 0.4768873 -0.1587068 0.8645176 0.4647694 -0.1860364 0.8656672 0.4642377 -0.1915843 0.8647421 0.4642632 -0.1915985 0.8647252 0.4630404 -0.1955374 0.8644992 0.4489238 -0.221676 0.8656369 0.4481173 -0.2273011 0.8645953 0.4482308 -0.2273767 0.8645166 0.4464423 -0.2311105 0.8644519 0.4300435 -0.2563971 0.8656345 0.4289162 -0.2622078 0.8644524 0.4290579 -0.2623196 0.8643481 0.4267254 -0.2657976 0.8644403 0.4082003 -0.2899474 0.8656229 0.406771 -0.2957091 0.8643457 0.4069866 -0.2959094 0.8641756 0.3762112 -0.3297842 0.8658565 0.3580042 -0.354254 0.8639079 0.3523168 -0.3554271 0.8657624 0.385756 -0.3239263 0.8638657 0.3817078 -0.3277104 0.8642367 0.3834849 -0.3219046 0.8656308 0.4107457 -0.291647 0.8638461 0.3261365 -0.3798317 0.8656574 0.3223867 -0.382904 0.8657086 0.3226465 -0.3832983 0.8654373 0.3203825 -0.3873148 0.8644896 0.2960207 -0.407219 0.864028 0.2905911 -0.4077551 0.8656169 0.294524 -0.4048188 0.8656658 0.3280043 -0.3820868 0.8639577 0.2622898 -0.4264245 0.8656594 0.2580121 -0.4293338 0.8655069 0.2583086 -0.4299899 0.8650926 0.2551922 -0.4330324 0.8644998 0.2293178 -0.448386 0.8639233 0.2238028 -0.4483604 0.8653815 0.2282969 -0.4455837 0.8656418 0.2634793 -0.4290788 0.8639849 0.1923259 -0.4622684 0.8656319 0.1876122 -0.4648955 0.8652595 0.1878588 -0.4658081 0.8647149 0.1840658 -0.4678421 0.8644325 0.1553024 -0.479171 0.8638729 0.1498623 -0.4786125 0.8651424 0.1547778 -0.4761636 0.8656281 0.1930945 -0.4651935 0.863892 0.1158539 -0.4870985 0.8656286 0.1108006 -0.4893218 0.8650361 0.1109147 -0.4904252 0.8643965 0.1068789 -0.4912739 0.8644228 0.07594468 -0.4948733 0.8656401 0.07082758 -0.4968293 0.8649532 0.07085508 -0.4980237 0.8642638 0.06647372 -0.4982871 0.8644601 0.03556617 -0.4993746 0.865656 0.03033124 -0.5010765 0.8648713 0.03027241 -0.5021214 0.8642671 -0.01388925 -0.5000936 0.86586 -0.004820305 -0.50059 0.865671 -0.01006242 -0.5019975 0.8648106 -0.00986561 -0.5005462 0.8656535 -0.01423704 -0.5023859 0.8645263 -0.04352383 -0.4987422 0.865657 -0.0490328 -0.4999478 0.8646663 -0.04873934 -0.4986001 0.8654608 -0.05326771 -0.4998239 0.8644875 -0.08238488 -0.493839 0.8656418 -0.08806973 -0.4948018 0.8645316 -0.08770113 -0.4935871 0.8652632 -0.09229387 -0.4941862 0.8644431 -0.1212403 -0.4857657 0.8656399 -0.1271871 -0.4864686 0.864391 -0.1267434 -0.4853419 0.8650891 -0.1312222 -0.4853185 0.8644343 -0.1221267 -0.4887086 0.863857 -0.1597866 -0.47453 0.8656151 -0.1657838 -0.4749216 0.8642715 -0.1609647 -0.4773169 0.8638628 -0.2022825 -0.4577652 0.8657556 -0.2359152 -0.4449418 0.8639276 -0.2386782 -0.4399117 0.8657428 -0.2355121 -0.4417522 0.8656725 -0.1990998 -0.4626757 0.8638811 -0.2694498 -0.4219254 0.8656649 -0.2736442 -0.4192287 0.8656594 -0.2749283 -0.420769 0.8645044 -0.2784246 -0.4184882 0.8644925 -0.3042573 -0.4011243 0.8640178 -0.3064453 -0.3960706 0.8655747 -0.3023383 -0.3989823 0.8656816 -0.2711962 -0.4242269 0.8639931 -0.3322709 -0.3745027 0.8656464 -0.3363541 -0.3713311 0.8654357 -0.3379064 -0.3726858 0.864248 -0.3669019 -0.3401593 0.8658375 -0.3629922 -0.3491469 0.8639058 -0.3646578 -0.3438743 0.865318 -0.3604894 -0.3474178 0.8656491 -0.3344699 -0.3763905 0.8639792 -0.3870634 -0.31761 0.8656245 -0.3909716 -0.3139691 0.8651962 -0.39057 -0.3137191 0.8654683 -0.3947538 -0.3113432 0.8644274 -0.4139619 -0.2869439 0.8638859 -0.4150803 -0.2816893 0.8650778 -0.4112039 -0.2856553 0.8656284 -0.3895783 -0.3192703 0.8638838 -0.4329607 -0.2514207 0.86564 -0.4366336 -0.2472795 0.8649878 -0.4363529 -0.2471622 0.865163 -0.4396161 -0.2439204 0.8644308 -0.4519584 -0.2154542 0.8656287 -0.4553597 -0.21121 0.8648919 -0.4551431 -0.2111392 0.8650231 -0.4578729 -0.2075382 0.8644539 -0.4678845 -0.1780684 0.865665 -0.4711015 -0.1736008 0.8648273 -0.471025 -0.1735823 0.8648726 -0.4730354 -0.1699148 0.8645036 -0.4805819 -0.1402072 0.8656691 -0.4835659 -0.1355776 0.8647443 -0.483617 -0.1355858 0.8647144 -0.4850406 -0.1316819 0.8645203 -0.4899931 -0.1026532 0.865661 -0.4928517 -0.09773048 0.8646074 -0.493054 -0.09774638 0.8644903 -0.493858 -0.09381633 0.8644667 -0.4965494 -0.06394583 0.8656498 -0.4992881 -0.05865375 0.8644484 -0.4995274 -0.05865331 0.8643103 -0.4997869 -0.05404405 0.8644607 -0.4995965 -0.06388634 0.8638992 -0.5001128 -0.02419931 0.8656221 -0.5025927 -0.01874308 0.86432 -0.5031553 -0.02416604 0.863858 -0.5000349 0.02124116 0.8657447 -0.5004373 0.05713307 0.8638855 -0.4966556 0.06160126 0.865759 -0.5035754 0.01547764 0.8638126 -0.5034202 0.01653125 0.8638837 -0.4911115 0.09723494 0.8656529 -0.4901499 0.1016749 0.8656877 -0.4906238 0.1018334 0.8654006 -0.4912804 0.10647 0.8644696 -0.4844326 0.1372333 0.8639976 -0.4804429 0.1410777 0.8656049 -0.4816872 0.1363726 0.8656673 -0.4940668 0.097537 0.8639355 -0.4694546 0.1738915 0.865664 -0.4679177 0.1787899 0.8654982 -0.4685737 0.1791318 0.8650725 -0.4679475 0.1833948 0.8645181 -0.4571282 0.2112799 0.8639414 -0.4528284 0.2146638 0.8653704 -0.4546408 0.2096586 0.8656471 -0.4719813 0.1752385 0.8640169 -0.4367482 0.2448218 0.8656288 -0.4347132 0.2497445 0.8652469 -0.4355167 0.2503435 0.8646696 -0.4337202 0.2542526 0.8644319 -0.4181927 0.2807895 0.8638704 -0.4135503 0.2837562 0.865135 -0.4158675 0.2788078 0.865633 -0.4391567 0.246593 0.8639058 -0.3921966 0.3112611 0.8656203 -0.3896016 0.3161809 0.8650088 -0.3904093 0.3170154 0.8643389 -0.3876704 0.3201644 0.8644112 -0.3656456 0.342024 0.8656344 -0.3628204 0.3467968 0.8649238 -0.363604 0.3477485 0.8642125 -0.3235338 0.3813573 0.8659633 -0.3366574 0.3705749 0.8656421 -0.333618 0.3751629 0.8648421 -0.3326965 0.3738425 0.8657683 -0.3308336 0.3784749 0.8644685 -0.3055026 0.3965985 0.8656662 -0.3022334 0.4010142 0.8647789 -0.3014918 0.39975 0.8656227 -0.2991312 0.4039039 0.8645127 -0.2732995 0.4194269 0.8656722 -0.2697624 0.4237347 0.8646833 -0.269199 0.4225726 0.8654273 -0.26642 0.4261974 0.8645092 -0.2400043 0.4393832 0.8656445 -0.2361317 0.4436723 0.864521 -0.2356792 0.4425107 0.8652396 -0.2324205 0.445737 0.8644647 -0.2046685 0.4569373 0.8656322 -0.2004783 0.4611408 0.8643827 -0.2001472 0.4600354 0.8650482 -0.1965481 0.4627373 0.8644322 -0.205505 0.4598333 0.8638988 -0.1676164 0.4717998 0.8656267 -0.1631152 0.4758697 0.8642578 -0.168075 0.474813 0.8638886 -0.1239327 0.4848752 0.8657578 -0.08966117 0.495619 0.8638996 -0.08431871 0.493363 0.865727 -0.08870471 0.4927231 0.8656532 -0.129484 0.4867777 0.8638759 -0.04914254 0.4982361 0.8656476 -0.04406626 0.4987444 0.8656282 -0.04400564 0.5007964 0.8644457 -0.03990504 0.5010996 0.8644692 -0.008369263 0.5033889 0.8640195 -0.003570705 0.5008142 0.8655474 -0.00860051 0.5005417 0.8656697 -0.04912481 0.5011702 0.8639533 0.03045529 0.4997065 0.8656592 0.0356939 0.4997544 0.8654314 0.03606584 0.5017152 0.8642806 0.07845064 0.4941292 0.8658417 0.07004515 0.4987133 0.863932 0.07457168 0.4956599 0.8653094 0.06922385 0.4958448 0.8656478 0.03110122 0.5025243 0.8640035 0.1081222 0.4888716 0.8656293 0.1135462 0.4884389 0.865179 0.1133976 0.4880293 0.8654296 0.1181296 0.4886697 0.8644347 0.1481318 0.4814197 0.8638819 0.1522873 0.4779883 0.865064 0.1468086 0.4786828 0.8656269 0.1091985 0.4916938 0.863894 0.1848418 0.4653126 0.8656313 0.1903959 0.4643353 0.8649521 0.1902578 0.4640879 0.8651152 0.1947772 0.4634888 0.8644304 0.2219663 0.4487816 0.8656362 0.2274072 0.4475425 0.8648651 0.2273079 0.4473938 0.8649681 0.2316139 0.4461975 0.8644436 0.2576894 0.4292325 0.8656533 0.2629725 0.4277401 0.8648028 0.2629474 0.4277083 0.8648262 0.2669319 0.4259459 0.8644753 0.2915027 0.4069663 0.8656816 0.2967638 0.4051746 0.8647339 0.2968154 0.4052302 0.8646902 0.3002946 0.4030043 0.8645291 0.3223505 0.3830417 0.8656611 0.3275709 0.3809769 0.8646119 0.327746 0.3811382 0.8644746 0.3308463 0.3784198 0.8644878 0.3512024 0.3568089 0.8656468 0.356556 0.3543893 0.8644513 0.3567842 0.354568 0.8642839 0.3596243 0.3512218 0.864473 0.4287106 0.2643985 0.863887 0.4284945 0.2585728 0.8657554 0.4059848 0.2981609 0.8638729 0.4062378 0.2922666 0.8657662 0.3808877 0.3295256 0.8639082 0.3836205 0.3252413 0.8643225 0.3783227 0.3279644 0.8656277 0.3535797 0.3586267 0.8639261 0.4458378 0.2278049 0.8656406 0.4481648 0.2230864 0.8656678 0.4486857 0.2232724 0.86535 0.452008 0.2200037 0.8644577 0.4656579 0.1916112 0.8639721 0.4649095 0.1861371 0.8655705 0.4629323 0.1906538 0.8656471 0.448678 0.2288262 0.863902 0.4766927 0.1528848 0.8656732 0.4785321 0.1480946 0.8654911 0.4792977 0.148238 0.8650429 0.4813649 0.1445138 0.864525 0.4900565 0.1157163 0.8639759 0.4888101 0.1104534 0.8653697 0.4871234 0.115506 0.8656611 0.4794999 0.1533676 0.864036 0.4946988 0.07712112 0.8656359 0.4961726 0.07195871 0.8652367 0.4972124 0.07198517 0.8646374 0.4981129 0.06790585 0.8644491 0.5022704 0.03743715 0.8638998 0.5005318 0.032379 0.8651125 0.4992342 0.0378569 0.8656397 0.4976614 0.07708703 0.8639391 0.5006734 -0.002280659 0.8656333 0.5017225 -0.007873476 0.8649927 0.5028933 -0.008033362 0.8643111 0.5026014 -0.01226947 0.8644312 0.4988697 -0.04283928 0.8656176 0.4996179 -0.04828037 0.8648993 0.5008234 -0.04854488 0.8641871 0.4918197 -0.09189758 0.8658339 0.4937068 -0.08309615 0.8656492 0.4941864 -0.08864611 0.8648246 0.4927012 -0.08819336 0.8657179 0.4940413 -0.09299203 0.8644511 0.4853127 -0.1228885 0.8656616 0.4855026 -0.128448 0.8647475 0.4841831 -0.1279286 0.8655639 0.4848368 -0.1325963 0.8644949 0.4738588 -0.1614439 0.8656753 0.4737525 -0.1670794 0.8646636 0.4725906 -0.1665126 0.8654084 0.4725884 -0.1709718 0.8645397 0.4599749 -0.1976811 0.8656474 0.459595 -0.2034092 0.8645213 0.4585531 -0.2027939 0.8652189 0.4579269 -0.2072593 0.8644921 0.44314 -0.2330614 0.8656265 0.442466 -0.2388996 0.8643788 0.4415594 -0.2382611 0.8650184 0.4403251 -0.2425936 0.8644432 0.4455211 -0.2348404 0.8639219 0.4232569 -0.2674592 0.8656322 0.4222519 -0.2734523 0.8642495 0.4254445 -0.269581 0.8638999 0.3971165 -0.3045756 0.8657553 0.3768317 -0.3341673 0.8639039 0.371283 -0.3357016 0.8657097 0.3747313 -0.3320331 0.8656387 0.4026466 -0.3026457 0.8638757 0.3468923 -0.3609976 0.865648 0.3429576 -0.3648221 0.8656124 0.3442062 -0.366513 0.8644017 0.3408831 -0.369453 0.864467 0.3177598 -0.3905612 0.8639969 0.3123848 -0.3915152 0.8655239 0.3161488 -0.3881787 0.86566 0.3484889 -0.363576 0.8639259 0.2841533 -0.4121381 0.8656784 0.2801285 -0.4153859 0.8654379 0.2798628 -0.4148734 0.8657695 0.2774706 -0.4190284 0.8645376 0.2525639 -0.4356274 0.8639678 0.2472472 -0.436043 0.865295 0.2514814 -0.4329228 0.8656414 0.2855102 -0.4146885 0.8640124 0.216856 -0.4512672 0.8656393 0.2123399 -0.4542944 0.8651753 0.2122271 -0.4539519 0.8653828 0.2088952 -0.4572849 0.8644382 0.181039 -0.4700454 0.8638763 0.1755644 -0.4699405 0.8650625 0.1802409 -0.4671091 0.865634 0.2177447 -0.4541393 0.8639124 0.1422039 -0.4800725 0.8656261 0.1373246 -0.4827166 0.8649431 0.1372942 -0.482525 0.8650548 0.1333792 -0.4847557 0.86442 0.1029214 -0.4899843 0.8656342 0.09789339 -0.4923955 0.8648489 0.09788454 -0.4922807 0.8649153 0.09375402 -0.4939266 0.8644343 0.06287077 -0.4966972 0.8656438 0.05767353 -0.4988702 0.8647556 0.05767364 -0.4988402 0.8647729 0.05356547 -0.4998244 0.8644688 0.02235316 -0.5001361 0.8656583 0.01710692 -0.5020109 0.864692 0.01709877 -0.5021106 0.8646343 0.0130169 -0.5024554 0.8645052 -0.01749617 -0.5003055 0.8656722 -0.02288004 -0.5019186 0.8646122 -0.02291856 -0.502156 0.8644733 -0.02702355 -0.5018692 0.8645213 -0.05612258 -0.4974891 0.8656529 -0.06180243 -0.4989022 0.8644519 -0.06188565 -0.4992416 0.86425 -0.1042152 -0.489343 0.8658422 -0.1735834 -0.472851 0.8638754 -0.1770189 -0.4681256 0.8657498 -0.1350158 -0.4852772 0.8638731 -0.1388472 -0.4808127 0.8657601 -0.0958928 -0.4944445 0.8639035 -0.1008736 -0.4927284 0.8643166 -0.09501811 -0.4915765 0.8656351 -0.05700874 -0.5003197 0.8639619 -0.2098544 -0.4545665 0.8656387 -0.214351 -0.452442 0.86565 -0.2146856 -0.4529733 0.8652892 -0.2192915 -0.4523931 0.8644372 -0.2475923 -0.4385253 0.8639408 -0.2504286 -0.4337135 0.8655507 -0.2456706 -0.436232 0.8656486 -0.211215 -0.4572283 0.8639042 -0.2803754 -0.4147476 0.8656639 -0.2847915 -0.4121417 0.8654668 -0.2853165 -0.4127399 0.8650088 -0.2892799 -0.4110166 0.8645128 -0.3143402 -0.3932708 0.8640186 -0.316605 -0.3884479 0.8653725 -0.3122595 -0.3912911 0.8656705 -0.2822674 -0.4169027 0.8640124 -0.3415986 -0.3660029 0.8656514 -0.3459728 -0.3628605 0.8652371 -0.3468083 -0.3635521 0.8646119 -0.3500584 -0.3607862 0.8644608 -0.371863 -0.3396675 0.8639119 -0.3736499 -0.3346192 0.8651102 -0.3693522 -0.3380107 0.8656372 -0.3439386 -0.3678252 0.8639507 -0.3950895 -0.3075343 0.8656368 -0.3993366 -0.3038482 0.8649893 -0.4004557 -0.3045047 0.8642408 -0.4026769 -0.3011008 0.8644014 -0.4185912 -0.2747081 0.8656308 -0.4226384 -0.2708366 0.864884 -0.4237146 -0.2713564 0.8641942 -0.44379 -0.2309496 0.8658595 -0.43943 -0.2399315 0.865641 -0.4432912 -0.2358477 0.8647941 -0.4418799 -0.2353004 0.865665 -0.4458413 -0.2323224 0.8644373 -0.4574306 -0.2034619 0.8656561 -0.4610776 -0.1991799 0.8647166 -0.4597593 -0.1987859 0.8655089 -0.4631678 -0.1954349 0.864454 -0.4723921 -0.1656779 0.8656769 -0.4757906 -0.1612253 0.8646559 -0.4745684 -0.1609628 0.8653762 -0.4773208 -0.1573733 0.8645222 -0.4839546 -0.1281025 0.865666 -0.4871943 -0.1233826 0.8645336 -0.4860544 -0.1232307 0.8651967 -0.4882075 -0.1194024 0.864521 -0.4924839 -0.09012821 0.8656422 -0.4955638 -0.08514486 0.8643881 -0.4945128 -0.08508971 0.8649953 -0.4961219 -0.08096509 0.8644695 -0.5035873 -0.01085436 0.8638762 -0.5004225 -0.005904501 0.8657612 -0.5010739 -0.05193055 0.863845 -0.5009629 -0.04581471 0.8642552 -0.4980775 -0.05105846 0.8656281 -0.4954219 -0.09060317 0.8639144 -0.4999074 0.02845881 0.8656111 -0.4994119 0.034417 0.8656808 -0.501466 0.03480975 0.8644768 -0.5012478 0.03907607 0.864421 -0.498753 0.07028286 0.86389 -0.4951339 0.07475647 0.8655946 -0.4958073 0.06954088 0.8656438 -0.5027986 0.02978509 0.8638903 -0.4884511 0.1098748 0.8656461 -0.4876122 0.1146363 0.8655015 -0.4896562 0.1153787 0.864248 -0.4748793 0.1574128 0.8658585 -0.4805977 0.1499483 0.8640262 -0.4768568 0.1537945 0.8654217 -0.4779981 0.1487122 0.8656804 -0.4912671 0.1105253 0.8639681 -0.4650036 0.1854899 0.8656588 -0.463604 0.1906194 0.8652951 -0.463215 0.1904037 0.8655509 -0.463212 0.1951455 0.8644958 -0.451621 0.2228655 0.8639267 -0.4474777 0.2263557 0.8651744 -0.4491685 0.2210861 0.8656608 -0.4674152 0.1870724 0.8640179 -0.4302598 0.256051 0.8656295 -0.4283744 0.261119 0.8650505 -0.4281892 0.2609733 0.8651861 -0.4269583 0.2654533 0.8644311 -0.4084866 0.289552 0.8656202 -0.4062995 0.2946747 0.8649205 -0.4061865 0.2945699 0.8650093 -0.404427 0.2986884 0.8644212 -0.410699 0.2916307 0.8638738 -0.3837968 0.3215401 0.8656281 -0.3813511 0.3265693 0.8648259 -0.3858806 0.3237308 0.8638834 -0.3615163 0.3468636 0.8654431 -0.4565644 0.204603 -0.8658444 -0.4711596 0.1683319 -0.8658366 -0.4830147 0.1304407 -0.8658418 -0.4660448 -0.1820398 -0.8658313 -0.4499893 -0.2186838 -0.8658447 -0.430952 -0.2541599 -0.8658424 -0.1954985 -0.4605398 -0.8658426 -0.1578099 -0.474769 -0.8658466 -0.1190411 -0.4859214 -0.8658578 0.1930677 -0.461536 -0.8658575 0.2289098 -0.4448431 -0.8658607 0.2626113 -0.4258605 -0.8658395 0.4642712 -0.1863514 -0.8658668 0.4774576 -0.1494927 -0.8658442 0.4878384 -0.1110899 -0.8658364 0.4583766 0.2005385 -0.8658379 0.4408181 0.2366253 -0.8658451 0.4203269 0.271365 -0.8658443 0.1768627 0.4680322 -0.8658322 0.1385121 0.4807521 -0.8658475 -0.2113817 0.4534199 -0.8658685 -0.2459247 0.4356771 -0.865856 -0.4566604 0.204371 -0.8658487 -0.4712264 0.1680833 -0.8658485 -0.4830579 0.1303228 -0.8658354 -0.4659593 -0.1822294 -0.8658375 -0.4499253 -0.2188373 -0.8658392 -0.4308934 -0.2542574 -0.8658431 -0.1953284 -0.4605989 -0.8658496 -0.1577142 -0.4748075 -0.865843 -0.1189323 -0.4859491 -0.8658571 0.1931815 -0.4614729 -0.8658658 0.229007 -0.4447879 -0.8658634 0.2627357 -0.4257663 -0.8658481 0.4642839 -0.1863967 -0.8658503 0.4775312 -0.1493297 -0.8658317 0.4878751 -0.1109735 -0.8658307 0.4582993 0.2006929 -0.865843 0.4408232 0.2366816 -0.8658272 0.4202459 0.2714996 -0.8658414 0.1767621 0.4680628 -0.8658362 0.1383794 0.4807948 -0.8658449 -0.2114438 0.4534112 -0.8658578 -0.2460554 0.4356029 -0.8658561 -0.4712485 0.1679679 -0.8658589 -0.483066 0.130234 -0.8658443 -0.4659222 -0.1822962 -0.8658432 -0.449899 -0.2189284 -0.8658298 -0.4307917 -0.2544197 -0.865846 -0.195302 -0.4606124 -0.8658484 -0.1574942 -0.4748706 -0.8658484 -0.1187947 -0.4859928 -0.8658514 0.1932672 -0.4614598 -0.8658537 0.229112 -0.4447388 -0.8658609 0.2628574 -0.4256762 -0.8658556 0.4643516 -0.1862124 -0.8658537 0.4775594 -0.1491372 -0.8658494 0.4878833 -0.1108188 -0.8658459 0.4582948 0.2007576 -0.8658304 0.4407127 0.2368664 -0.8658329 0.4201615 0.2716342 -0.8658402 0.1765851 0.4681336 -0.8658341 0.138205 0.4808471 -0.8658438 -0.2116206 0.453336 -0.865854 -0.2461909 0.4355246 -0.865857 -0.4712858 0.1679627 -0.8658397 -0.4831131 0.1301131 -0.8658362 -0.4658236 -0.1825601 -0.8658407 -0.4498345 -0.2190433 -0.8658342 -0.4307151 -0.2545611 -0.8658424 -0.1951294 -0.4606916 -0.865845 -0.1574117 -0.4748974 -0.8658487 -0.1186149 -0.4860118 -0.8658655 0.1934313 -0.461384 -0.8658575 0.2292854 -0.4446516 -0.8658597 0.2629612 -0.4256371 -0.8658432 0.4643939 -0.1861406 -0.8658464 0.4775778 -0.1490786 -0.8658493 0.4879329 -0.1106468 -0.86584 0.4581819 0.2009848 -0.8658374 0.440631 0.2369928 -0.8658399 0.4201081 0.2717084 -0.8658428 0.1764676 0.4681707 -0.8658379 0.1380419 0.4808694 -0.8658574 -0.2117584 0.45327 -0.8658549 -0.2462938 0.435457 -0.8658617 -0.4713557 0.1677428 -0.8658442 -0.4831391 0.1299568 -0.8658453 -0.465804 -0.1826081 -0.8658413 -0.4497588 -0.2191998 -0.8658339 -0.4306676 -0.2546374 -0.8658437 -0.1949519 -0.4607728 -0.865842 -0.1572806 -0.4749396 -0.8658494 -0.1185317 -0.4860517 -0.8658544 0.193559 -0.461324 -0.8658609 0.2293948 -0.4446 -0.8658573 0.2630864 -0.4255444 -0.8658507 0.4644503 -0.1858959 -0.8658687 0.4776248 -0.1489829 -0.8658398 0.4879552 -0.110557 -0.8658388 0.4580867 0.2011669 -0.8658455 0.4405887 0.2371043 -0.8658309 0.4200247 0.271847 -0.8658398 0.1763134 0.4682126 -0.8658467 0.1379701 0.4809144 -0.865844 -0.2118536 0.4532152 -0.8658603 -0.2463846 0.4354156 -0.8658567 -0.2260499 -0.4452833 -0.8663858 0.1493545 -0.4797038 -0.8646256 0.1899069 -0.464098 -0.8651869 0.2279356 -0.4458802 -0.8655844 0.218565 0.4515936 -0.8650391 0.1784529 0.4680187 -0.8655132 -0.4817994 -0.140399 -0.8649609 -0.4674352 -0.1804031 -0.8654242 -0.4496391 -0.2195138 -0.8658166 0.4480513 -0.2243789 -0.8653925 0.4645017 -0.1862131 -0.865773 0.4779944 -0.1462849 -0.8660959 -0.1746995 0.4689465 -0.8657767 -0.2139488 0.4518188 -0.8660749 -0.2323042 -0.4434972 -0.8656472 -0.1928522 -0.4612785 -0.8660429 -0.1520136 -0.4757496 -0.8663453 0.4719438 0.1654547 -0.8659641 0.4556625 0.2048898 -0.8662516 -0.4579019 0.1999935 -0.8662151 -0.4539439 -0.2145964 -0.8648025 -0.3224781 -0.3810075 -0.8665109 0.1595602 -0.4734606 -0.8662422 0.199616 -0.457576 -0.8664743 0.4638264 -0.1925458 -0.8647492 0.4775669 -0.1526343 -0.8652357 0.2071767 0.4543441 -0.8664002 -0.1694103 0.4727895 -0.864737 -0.209025 0.4557122 -0.8652369 -0.4762223 -0.1505042 -0.8663491 -0.2387247 -0.4422028 -0.8645619 -0.1993273 -0.4602929 -0.8651006 -0.1585092 -0.4750204 -0.865581 -0.0819693 0.4934827 -0.8658844 -0.1040488 0.49108 -0.8648782 -0.2863105 0.403645 -0.8689632 -0.4416605 0.2399807 -0.8644913 0.4504219 -0.2229097 -0.8645412 0.4902025 -0.108257 -0.8648595 0.4872238 0.1154026 -0.8656183 0.4577971 0.2052628 -0.865037 0.3271092 0.3792825 -0.8655312 0.1564586 0.4741874 -0.8664104 -0.1559563 0.4723237 -0.8675182 -0.250464 0.4358775 -0.8644528 -0.4494574 0.2197569 -0.8658493 -0.2474458 -0.4337079 -0.866411 0.105166 -0.4881699 -0.8663893 0.2730178 -0.1953207 -0.9419719 0.2750659 -0.1967967 -0.9410685 0.2751783 -0.196603 -0.9410761 0.6948369 -0.4444302 -0.5654057 0.4065373 -0.2988434 -0.8633772 0.3679358 -0.3258843 -0.8708747 0.3679403 -0.3258863 -0.870872 0.4570987 -0.3707118 -0.808476 0.4002181 -0.3219965 -0.8579882 0.3832418 -0.3214045 -0.8659242 0.3876985 -0.3149527 -0.866311 0.4060783 -0.2986063 -0.8636751 0.3681274 -0.3256442 -0.8708835 0.3732811 -0.3648843 -0.8529482 0.3799573 -0.3643828 -0.8502104 0.3930579 -0.3804806 -0.8371021 0.336342 -0.3560704 -0.8718302 0.3126478 -0.3879368 -0.8670388 0.3125651 -0.3879326 -0.8670705 0.3468948 -0.3974066 -0.8495481 0.3462461 -0.3962271 -0.8503633 0.3456376 -0.3963123 -0.8505711 0.3368819 -0.3561854 -0.8715748 0.3368392 -0.3562307 -0.8715727 0.2781109 -0.4087437 -0.8692428 0.2781319 -0.4087276 -0.8692436 0.2945539 -0.4021764 -0.8668865 0.3166551 -0.4574595 -0.8309394 0.3130704 -0.4224171 -0.8506178 0.3055308 -0.4073411 -0.8606533 0.3125696 -0.3880075 -0.8670354 0.2421236 -0.4321723 -0.868679 0.273462 -0.4391254 -0.8557963 0.2731322 -0.4382578 -0.8563462 0.2731294 -0.4382877 -0.8563318 0.2047049 -0.4536695 -0.8673407 0.233975 -0.4512755 -0.8611656 0.2322365 -0.4571973 -0.8585085 0.2392568 -0.4595025 -0.8553441 0.2421403 -0.4320754 -0.8687226 0.2419061 -0.4323127 -0.8686697 0.1676505 -0.4725645 -0.8652029 0.1676555 -0.4725623 -0.8652032 0.1941095 -0.4618041 -0.8654816 0.1888538 -0.4723219 -0.8609565 0.2023261 -0.4770728 -0.8552577 0.2047869 -0.4536584 -0.8673272 0.204814 -0.4536109 -0.8673456 0.127629 -0.4838024 -0.865821 0.157267 -0.4781158 -0.864102 0.1571468 -0.4781967 -0.8640792 0.1584773 -0.5022444 -0.8500797 0.1676938 -0.4724648 -0.8652489 0.1162751 -0.4851661 -0.8666567 0.1052293 -0.4891915 -0.8658051 0.1220363 -0.5001462 -0.8572986 0.1270884 -0.4839227 -0.8658332 0.1270563 -0.4840002 -0.8657947 0.08410949 -0.4969733 -0.8636801 0.08051687 -0.5050223 -0.8593425 0.08713745 -0.5097586 -0.8558933 0.01676947 -0.4978734 -0.8670876 0.04053542 -0.5084611 -0.8601304 0.03948708 -0.5078298 -0.860552 0.04024291 -0.5065228 -0.8612869 0.03936443 -0.5068619 -0.861128 0.06075699 -0.4944973 -0.8670531 0.06080955 -0.4944878 -0.8670548 0.0167051 -0.4978796 -0.8670852 -0.0009584396 -0.5100043 -0.8601712 -0.0009051274 -0.5099894 -0.8601801 -0.0008651327 -0.5099447 -0.8602067 -0.02024173 -0.4979663 -0.86696 -0.06406307 -0.4946994 -0.8666998 -0.06378786 -0.4947928 -0.8666667 -0.04090859 -0.5051345 -0.8620706 -0.04229387 -0.5063597 -0.8612845 -0.04080455 -0.5065718 -0.8612317 -0.02018038 -0.4980187 -0.8669314 -0.02013485 -0.4980179 -0.866933 -0.06379724 -0.4947162 -0.8667097 -0.08004981 -0.5028094 -0.8606827 -0.086401 -0.5014898 -0.8608385 -0.07963475 -0.4968372 -0.8641824 -0.1074956 -0.4886475 -0.8658339 -0.1182772 -0.4855231 -0.8661857 -0.1313199 -0.4918098 -0.8607429 -0.1196082 -0.4951728 -0.8605218 -0.1076078 -0.4886518 -0.8658175 -0.1070928 -0.4887267 -0.8658392 -0.1574209 -0.476338 -0.8650554 -0.1712668 -0.4784971 -0.8612248 -0.1534691 -0.484972 -0.8609584 -0.1579838 -0.4787408 -0.8636252 -0.1514145 -0.4793389 -0.8644697 -0.1293845 -0.4831305 -0.8659356 -0.1946061 -0.4597355 -0.8664708 -0.2091257 -0.4592719 -0.8633283 -0.1899896 -0.4743938 -0.8595665 -0.1961394 -0.4649168 -0.8633549 -0.1869972 -0.4651462 -0.8652579 -0.1869474 -0.4651618 -0.8652601 -0.2306932 -0.4418872 -0.8669004 -0.2489788 -0.436906 -0.8643626 -0.2311128 -0.4524971 -0.8612974 -0.2332946 -0.4486768 -0.8627067 -0.2294174 -0.4486543 -0.8637575 -0.2074531 -0.454713 -0.8661405 -0.2653919 -0.4219948 -0.8668838 -0.2859035 -0.4110643 -0.8656127 -0.2682692 -0.4282698 -0.8629116 -0.2702208 -0.4288649 -0.8620068 -0.2701274 -0.4288637 -0.8620366 -0.3179431 -0.3870982 -0.8654867 -0.3048357 -0.3991516 -0.8647273 -0.3014693 -0.4059215 -0.8627537 -0.3092834 -0.4059589 -0.8599657 -0.2853283 -0.4101673 -0.8662278 -0.3179143 -0.3871189 -0.865488 -0.3323597 -0.3813162 -0.8626326 -0.3346512 -0.3801489 -0.8622618 -0.3318416 -0.3803497 -0.8632585 -0.3330509 -0.3781635 -0.8637531 -0.3789768 -0.3280328 -0.8653156 -0.3635395 -0.3453597 -0.8651969 -0.3592287 -0.3522709 -0.8642106 -0.3685156 -0.3505705 -0.8609859 -0.3612779 -0.3549142 -0.8622727 -0.347077 -0.3598214 -0.8660636 -0.3470111 -0.3598769 -0.8660669 -0.3788494 -0.3281593 -0.8653234 -0.3885242 -0.3251099 -0.8621789 -0.4004003 -0.31663 -0.8598983 -0.3847456 -0.3212984 -0.8652967 -0.3927464 -0.3096606 -0.8659449 -0.4164914 -0.2758279 -0.8662874 -0.4077357 -0.2877581 -0.8665719 -0.4282604 -0.279126 -0.859466 -0.4127465 -0.2922184 -0.8626986 -0.4089503 -0.2934021 -0.8641034 -0.3928044 -0.3095942 -0.8659424 -0.4517775 -0.222976 -0.8638164 -0.4537818 -0.2219408 -0.8630321 -0.4642576 -0.2035118 -0.8620023 -0.4485139 -0.2185766 -0.8666369 -0.4580038 -0.2003368 -0.8660818 -0.4442739 -0.2330397 -0.865051 -0.4379838 -0.2414205 -0.8659598 -0.4299094 -0.2542583 -0.8663317 -0.4437855 -0.2452371 -0.8619242 -0.4353903 -0.2582642 -0.8624006 -0.432656 -0.2596793 -0.8633513 -0.4191928 -0.2721755 -0.8661397 -0.4797671 -0.1457544 -0.8652047 -0.4831899 -0.1375053 -0.8646501 -0.4837015 -0.1473533 -0.8627397 -0.4749446 -0.1579598 -0.8657231 -0.4746845 -0.1583048 -0.8658027 -0.4646185 -0.1822185 -0.8665599 -0.4802217 -0.1604798 -0.8623418 -0.4686795 -0.1841922 -0.8639519 -0.4724813 -0.1821337 -0.862316 -0.4584379 -0.1997663 -0.8659838 -0.4874378 -0.1072886 -0.8665411 -0.4940028 -0.0823878 -0.8655481 -0.4924224 -0.09930404 -0.8646727 -0.4941899 -0.1169676 -0.8614493 -0.4928872 -0.1088048 -0.8632634 -0.4880676 -0.1153499 -0.86515 -0.4880533 -0.1153945 -0.8651521 -0.5002713 -0.03711039 -0.8650731 -0.497408 -0.06023324 -0.8654231 -0.4990289 -0.07016939 -0.8637398 -0.5053112 -0.06137857 -0.8607516 -0.4934919 -0.08255856 -0.8658233 -0.500272 -0.03710569 -0.8650729 -0.5041422 -0.03048556 -0.8630825 -0.5116636 -0.01477154 -0.859059 -0.5025938 -0.03007579 -0.8639994 -0.5000417 -0.01353087 -0.8658956 -0.5000181 -0.01382224 -0.8659047 -0.503705 0.0104444 -0.8638125 -0.5037406 0.009349248 -0.8638043 -0.5041717 0.01045039 -0.8635402 -0.4991683 0.03241244 -0.8658986 -0.4957673 0.07307246 -0.8653758 -0.4958907 0.07231051 -0.8653691 -0.5003108 0.05106968 -0.8643384 -0.5017287 0.05573243 -0.8632278 -0.5021878 0.05099479 -0.8632537 -0.4991019 0.03251129 -0.8659332 -0.4991013 0.0328353 -0.8659214 -0.491075 0.09080596 -0.8663715 -0.4966917 0.1140488 -0.8604012 -0.4957533 0.09107739 -0.8636745 -0.4955035 0.09038571 -0.8638904 -0.4957802 0.07291526 -0.8653816 -0.4854394 0.1301903 -0.8645225 -0.4853389 0.135627 -0.8637427 -0.4874706 0.1304919 -0.8633332 -0.4874375 0.1127706 -0.865845 -0.4872577 0.1138652 -0.8658029 -0.4716618 0.1677358 -0.8656788 -0.4706636 0.1791676 -0.8639299 -0.4806631 0.1582698 -0.8625043 -0.4736005 0.1680797 -0.864553 -0.4757761 0.1565545 -0.8655216 -0.4756582 0.1570252 -0.8655012 -0.4561898 0.2035684 -0.8662856 -0.4520068 0.2207207 -0.8642755 -0.4630956 0.2006454 -0.8632983 -0.4595941 0.2047919 -0.8641953 -0.4606279 0.1997147 -0.8648329 -0.4609464 0.198778 -0.8648791 -0.4401249 0.238902 -0.8655726 -0.4358884 0.248289 -0.8650745 -0.4435352 0.2402355 -0.8634601 -0.4446052 0.2346279 -0.8644513 -0.4446095 0.2346081 -0.8644545 -0.4094208 0.2876827 -0.8658021 -0.4274385 0.2703062 -0.8626882 -0.4224774 0.2746941 -0.8637453 -0.4238223 0.268854 -0.8649232 -0.4240442 0.268433 -0.8649452 -0.6030244 0.4416916 -0.6642816 -0.6088449 0.4449381 -0.6567633 -0.3905841 0.3621909 -0.8463225 -0.3902941 0.3620453 -0.8465186 -0.465111 0.4103284 -0.7844121 -0.3384581 0.2936984 -0.8939728 -0.3384473 0.2937128 -0.8939722 -0.3153385 0.3719368 -0.8730547 -0.361208 0.3929154 -0.8456632 -0.3849227 0.4077629 -0.8279879 -0.3377129 0.3486589 -0.8742922 -0.3377357 0.3486332 -0.8742937 -0.3353271 0.4277992 -0.839371 -0.3151327 0.3718447 -0.8731683 -0.31511 0.3718667 -0.873167 -0.2706935 0.420912 -0.8657702 -0.2687054 0.4222512 -0.8657374 -0.295056 0.4396071 -0.848344 -0.2835415 0.4043583 -0.8695393 -0.2835079 0.4043859 -0.8695374 -0.2150924 0.4663892 -0.8580306 -0.2269334 0.4407326 -0.8684791 -0.2267712 0.4409654 -0.8684033 -0.1797529 0.4670683 -0.8657575 -0.1796166 0.4673578 -0.8656296 -0.1800032 0.4671715 -0.8656498 -0.1104661 0.4847308 -0.8676597 -0.1370067 0.4936147 -0.8588211 -0.137308 0.4899608 -0.8608629 -0.1371985 0.4902223 -0.8607314 -0.06486919 0.4953674 -0.8662581 -0.08946864 0.4965624 -0.8633778 -0.09639485 0.5019006 -0.859537 -0.09290102 0.5099445 -0.855176 -0.1105549 0.4847039 -0.8676634 -0.05565547 0.5073256 -0.8599554 -0.04662462 0.5260377 -0.8491822 -0.06507777 0.4953228 -0.866268 0.01287069 0.4992104 -0.8663852 -0.01175291 0.5122836 -0.8587359 -0.02648957 0.5019693 -0.8644797 -0.04292671 0.4980068 -0.86611 -0.04185878 0.4981565 -0.8660762 0.02558151 0.5034057 -0.8636714 0.03573658 0.519632 -0.8536425 0.01282795 0.4992083 -0.8663871 0.05882206 0.4992987 -0.8644309 0.03707541 0.4993098 -0.8656299 0.03585871 0.4993344 -0.8656671 0.0811557 0.4922468 -0.8666642 0.1034275 0.4952733 -0.8625584 0.1051771 0.4970076 -0.8613485 0.08142705 0.4922191 -0.8666545 0.1440629 0.4886596 -0.8604985 0.1274043 0.4828371 -0.8663928 0.1272132 0.482864 -0.8664058 0.1273465 0.4828391 -0.8664002 0.1835952 0.4722649 -0.8621244 0.2274638 0.4584543 -0.8591158 0.2020019 0.4570599 -0.8661937 0.2012146 0.457073 -0.86637 0.2014432 0.4569913 -0.8663599 0.2646154 0.4244576 -0.8659182 0.2643563 0.4245987 -0.8659282 0.2557575 0.4388658 -0.8613855 0.2446107 0.4374653 -0.8653263 0.2444853 0.437466 -0.8653615 0.2971296 0.4050434 -0.8646697 0.2890604 0.4156555 -0.8623658 0.2860885 0.4151829 -0.8635836 0.286154 0.4151821 -0.8635622 0.3340328 0.3903185 -0.8579473 0.3078425 0.3944761 -0.8658069 0.3077477 0.3945389 -0.865812 0.3447297 0.3659391 -0.8644363 0.3501613 0.365381 -0.862487 0.359399 0.34724 -0.8661736 0.3913271 0.3119478 -0.8657665 0.3801343 0.3349589 -0.8621488 0.3593388 0.3473695 -0.8661467 0.3593029 0.3474022 -0.8661484 0.3997931 0.3019724 -0.8654352 0.4150395 0.3002677 -0.8588257 0.3914153 0.3118529 -0.8657608 0.4259203 0.2710088 -0.8632184 0.4155069 0.2814954 -0.8649361 0.4061766 0.2930376 -0.8655343 0.4539938 0.2309932 -0.8605415 0.4347706 0.247385 -0.8658956 0.4343682 0.2479383 -0.8659393 0.4776106 0.1619612 -0.8635142 0.4659681 0.1823956 -0.8657976 0.4658973 0.1825481 -0.8658037 0.4891919 0.1252965 -0.8631291 0.4810614 0.1376294 -0.8658164 0.4810857 0.1375631 -0.8658134 0.485235 0.1222621 -0.8657939 0.4973904 0.1142802 -0.8599667 0.4884244 0.1263811 -0.8634057 0.4947395 0.08873468 -0.8644993 0.4970318 0.08540556 -0.8635192 0.4976621 0.08970347 -0.86272 0.5007319 0.01655611 -0.865444 0.5043117 0.04180314 -0.8625092 0.4960149 0.06506119 -0.8658732 0.4960047 0.06511202 -0.8658751 0.5026473 0.005436881 -0.8644745 0.5106536 -0.007257584 -0.8597559 0.5007153 0.01670421 -0.8654508 0.5020586 -0.03228187 -0.8642309 0.5008036 -0.009157597 -0.8655125 0.5007583 -0.008027282 -0.86555 0.4969846 -0.06030149 -0.8656617 0.4970434 -0.05992458 -0.8656541 0.4901468 -0.1086828 -0.8648376 0.4899858 -0.1096158 -0.8648111 0.4958865 -0.07537688 -0.8651098 0.5008929 -0.08497272 -0.8613281 0.4970404 -0.05999075 -0.8656512 0.4798717 -0.1555949 -0.8634312 0.4830517 -0.1313162 -0.8656889 0.4829105 -0.1321012 -0.8656482 0.4660262 -0.2023981 -0.8613098 0.4684183 -0.1773284 -0.8655281 0.4683743 -0.1775462 -0.8655072 0.4376426 -0.2429228 -0.8657121 0.4120899 -0.2855463 -0.8652429 0.4264501 -0.2650428 -0.8648078 0.4308371 -0.2609656 -0.8638729 0.4294184 -0.266707 -0.8628252 0.4375526 -0.2431134 -0.8657041 0.408604 -0.2949964 -0.8637245 0.4045717 -0.309738 -0.8604557 0.412095 -0.2855375 -0.8652433 0.3835508 -0.3259468 -0.8640876 0.3971711 -0.3051234 -0.8655373 0.3970365 -0.3053215 -0.8655292 0.3720471 -0.3368001 -0.8649548 -0.4929342 0.08603884 -0.865802 -0.4949235 0.09605568 -0.8636111 -0.4872669 0.1154773 -0.8655842 -0.4912778 0.1609351 -0.8560058 -0.4855553 0.1383316 -0.863192 -0.4855271 0.1380951 -0.8632457 -0.4872668 0.1154782 -0.8655841 -0.4740181 0.1827321 -0.8613454 -0.4600198 0.2229268 -0.8594681 -0.4591551 0.2032538 -0.8647916 -0.4593898 0.2025698 -0.8648275 -0.4434746 0.2646274 -0.8563308 -0.397756 0.3046196 -0.8654462 -0.4006032 0.3001857 -0.8656821 -0.4195837 0.2787051 -0.863871 -0.4205591 0.2827604 -0.8620769 -0.4267533 0.2603776 -0.8660746 -0.3926926 0.309733 -0.8659434 -0.3983077 0.324161 -0.8580621 -0.4005039 0.3002906 -0.8656917 -0.3754873 0.3601105 -0.8540081 -0.3726838 0.3376573 -0.8643461 -0.3727348 0.3375647 -0.8643603 -0.3849302 0.3202907 -0.865588 -0.3357306 0.3668725 -0.8675768 -0.3502787 0.3947057 -0.8494187 -0.3449946 0.3648843 -0.8647765 -0.3449414 0.3650321 -0.8647352 -0.3153737 0.3984827 -0.8612497 -0.3153682 0.3985987 -0.8611979 -0.3243935 0.3780073 -0.8671097 -0.2416727 0.4193614 -0.8750601 -0.2416288 0.4193921 -0.8750575 -0.2949897 0.4406469 -0.8478274 -0.2920986 0.4365208 -0.8509571 -0.2920054 0.4362727 -0.8511164 -0.2458189 0.4357306 -0.865859 -0.2319203 0.4513052 -0.8617057 -0.2458254 0.4357761 -0.8658343 -0.2404863 0.4476355 -0.8612716 -0.2404452 0.4476872 -0.8612561 -0.210663 0.4525056 -0.8665217 -0.1938749 0.4667791 -0.8628615 -0.2158448 0.4550756 -0.8638965 -0.2130422 0.4565555 -0.8638114 -0.2139556 0.455326 -0.8642345 -0.2246982 0.4483145 -0.8651732 -0.1737854 0.4680888 -0.8664246 -0.1500265 0.4828973 -0.8627295 -0.1707442 0.4732657 -0.8642141 -0.1753593 0.4713287 -0.8643485 -0.1723307 0.4758048 -0.8625033 -0.1906744 0.4624069 -0.8659233 -0.1356008 0.4814077 -0.865944 -0.1036149 0.4948271 -0.8627921 -0.1262408 0.4858532 -0.8648757 -0.1363174 0.4826302 -0.8651507 -0.1301543 0.4929299 -0.8602791 -0.1473722 0.4786048 -0.8655742 -0.103273 0.4886358 -0.8663543 -0.0964521 0.4902222 -0.8662443 -0.09004519 0.5027552 -0.8597262 -0.08796677 0.5067801 -0.8575755 -0.01806213 0.5061911 -0.8622322 -0.01826525 0.5059376 -0.8623767 -0.03893223 0.500818 -0.8646766 -0.01774616 0.5034811 -0.863824 -0.03811649 0.4980065 -0.8663352 -0.05654544 0.4953898 -0.8668284 -0.04522518 0.518243 -0.8540368 -0.06154114 0.4995776 -0.8640804 0.02196475 0.5053061 -0.8626606 0.02459143 0.5089887 -0.8604218 0.003894824 0.5051582 -0.8630179 0.02201813 0.5058481 -0.8623416 0.005426773 0.4990814 -0.866538 0.005576089 0.4990896 -0.8665324 0.0834611 0.4937457 -0.8655919 0.06118179 0.4996812 -0.864046 0.06700931 0.5095524 -0.8578264 0.04611466 0.5071813 -0.8606048 0.0612412 0.506447 -0.8600935 0.04789054 0.496913 -0.8664778 0.04793005 0.496912 -0.8664763 0.09886193 0.4823912 -0.8703591 0.1209957 0.5291293 -0.8398703 0.09862043 0.5042753 -0.857893 0.1008694 0.5039653 -0.8578137 0.09876605 0.5011263 -0.8597195 0.0837351 0.4937171 -0.8655818 0.160267 0.4586635 -0.8740379 0.160195 0.4586826 -0.8740411 0.1449661 0.5174891 -0.8433207 0.1441113 0.5152034 -0.8448653 0.1446297 0.5150858 -0.8448485 0.1441647 0.5138081 -0.8457054 0.1213857 0.4784042 -0.8697097 0.3234941 -0.3840183 -0.8648015 0.3234535 -0.38406 -0.8647981 0.3542873 -0.3555306 -0.8649153 0.3545992 -0.3543571 -0.865269 0.3545468 -0.3544208 -0.8652645 0.2902827 -0.410858 -0.8642521 0.2921578 -0.4060287 -0.8659009 0.2887666 -0.4086605 -0.8658005 0.2553686 -0.4345772 -0.8636722 0.219127 -0.4550653 -0.8630753 0.1801327 -0.4734163 -0.8622234 0.1390425 -0.488756 -0.8612692 0.1119261 -0.4849812 -0.8673326 0.09670423 -0.5006322 -0.8602416 0.0101803 -0.5133249 -0.858134 0.05056769 -0.4962378 -0.8667127 0.07249148 -0.492271 -0.8674182 0.0535413 -0.5088739 -0.8591744 0.09320425 -0.4899617 -0.8667471 -0.03305632 -0.5141051 -0.8570899 -0.006545273 -0.4976279 -0.8673659 -0.03418375 -0.4981185 -0.8664349 -0.07536756 -0.4939492 -0.8662182 -0.08385152 -0.4962649 -0.8641123 -0.1166434 -0.4862606 -0.8659935 -0.1166148 -0.486265 -0.865995 -0.2696127 -0.4209668 -0.8660808 -0.2762403 -0.4210227 -0.8639625 -0.344224 -0.3705052 -0.862691 -0.3089817 -0.3926457 -0.866233 -0.3017335 -0.397752 -0.8664584 -0.3115208 -0.3970231 -0.8633235 -0.2740919 -0.4183231 -0.8659558 -0.374586 -0.3416295 -0.8619598 -0.3590378 -0.3454603 -0.8670346 -0.3693293 -0.3354363 -0.8666477 -0.4038869 -0.3092991 -0.8609352 -0.4306293 -0.2742758 -0.8598437 -0.4091563 -0.2832483 -0.8673878 -0.4214793 -0.2666251 -0.8667561 -0.4542968 -0.2370747 -0.8587258 -0.4746599 -0.1981173 -0.8575824 -0.4876284 -0.1100683 -0.8660852 -0.492259 -0.1041048 -0.8642009 -0.500289 -0.02714935 -0.8654328 -0.5002619 -0.02733246 -0.8654426 -0.4982672 -0.06562734 -0.8645362 -0.4955311 -0.06953896 -0.865802 -0.4955411 -0.06949555 -0.8657998 -0.5016849 0.01625396 -0.8648977 -0.5009974 0.01505353 -0.8653179 -0.4993868 0.05975391 -0.8643161 -0.4993882 0.05966301 -0.8643215 -0.4934925 0.1025888 -0.8636786 -0.4904743 0.09517395 -0.866243 -0.4892677 0.1028622 -0.8660465 -0.4840734 0.1445545 -0.8630046 -0.471319 0.1853176 -0.8622736 -0.4554397 0.2242334 -0.8615649 -0.4143884 0.2754279 -0.8674225 -0.4364676 0.2621768 -0.8606738 -0.4353188 0.2413965 -0.8673092 -0.4267536 0.2580524 -0.86677 -0.413865 0.2999566 -0.8595009 -0.359124 0.3695557 -0.8570056 -0.3760265 0.3278373 -0.8666757 -0.3907496 0.3078902 -0.8674781 -0.3879805 0.3359527 -0.8582581 -0.4028689 0.2940016 -0.8667524 -0.3146358 0.3880835 -0.8662537 -0.3146394 0.38808 -0.866254 -0.3412792 0.3708765 -0.8637009 -0.280852 0.4138069 -0.8659596 -0.2776819 0.4193834 -0.8642976 -0.245696 0.4362757 -0.8656195 -0.2456137 0.4363323 -0.8656142 -0.09269914 0.4906276 -0.8664244 -0.1281414 0.486765 -0.8640831 -0.1322038 0.482205 -0.8660257 -0.1269797 0.4838405 -0.8658952 -0.08585998 0.4971771 -0.8633904 -8.30614e-05 0.5071063 -0.8618835 -0.04149412 0.4975658 -0.8664331 -0.05288742 0.4959428 -0.8667432 -0.04303769 0.5039569 -0.8626559 -0.08440943 0.4925026 -0.866208 0.04253794 0.5066764 -0.8610863 0.02614368 0.4973334 -0.8671655 0.04299329 0.4970095 -0.8666793 0.08439109 0.5027602 -0.8602966 0.1270286 0.4956957 -0.8591563 0.1027978 0.4867844 -0.8674523 0.125369 0.4827298 -0.8667495 0.1699675 0.4849619 -0.8578595 0.2457727 0.4352009 -0.8661385 0.254068 0.4345708 -0.8640588 0.3166175 0.3883182 -0.8654261 0.3166446 0.3883001 -0.8654243 0.2875163 0.4124735 -0.8644073 0.282352 0.4131156 -0.8658019 0.2823098 0.4131391 -0.8658043 0.3483097 0.3611889 -0.8649988 0.3473232 0.3614152 -0.865301 0.3778922 0.3313634 -0.8645205 0.3777614 0.3314854 -0.8645309 0.4312493 0.2628046 -0.8631094 0.4030223 0.2958272 -0.8660597 0.3988988 0.3009128 -0.8662167 0.4534761 0.225335 -0.862313 0.4723905 0.1862551 -0.8614849 0.4879039 0.1459695 -0.860606 0.4827645 0.1211473 -0.8673303 0.4997665 0.1051017 -0.8597599 0.5141079 0.02026892 -0.8574859 0.4952581 0.06032492 -0.866649 0.4906074 0.08339193 -0.8673812 0.5082263 0.06373008 -0.8588624 0.4884942 0.1010766 -0.866693 0.4988282 -0.02567418 -0.8663206 0.4988309 -0.0257607 -0.8663164 0.503999 0.005415699 -0.8636872 0.495254 -0.06887387 -0.8660138 0.4974501 -0.07558202 -0.8641936 0.4881346 -0.1112095 -0.8656541 0.4881297 -0.1112463 -0.8656522 0.4470805 -0.2305604 -0.864269 0.4267887 -0.2592919 -0.8663828 0.42697 -0.2680524 -0.8636229 0.3765687 -0.3393844 -0.8619828 0.3977908 -0.3017544 -0.8664333 0.4039815 -0.2925575 -0.8667232 0.4033028 -0.3047511 -0.8628288 0.4229318 -0.2661556 -0.8661927 0.3470446 -0.3716716 -0.8610576 0.3510499 -0.3532022 -0.8671864 0.3395553 -0.3654344 -0.8666947 0.3150907 -0.4011454 -0.8601164 0.281015 -0.4275781 -0.85919 0.2902737 -0.404192 -0.8673927 0.2726045 -0.4177704 -0.8666918 0.2453167 -0.4507652 -0.8582718 0.1180192 -0.486113 -0.8658901 0.1135544 -0.4899324 -0.864333 0.03303101 -0.5006544 -0.8650169 0.03291892 -0.5006729 -0.8650104 0.07361484 -0.4968385 -0.8647152 0.07574252 -0.4951843 -0.86548 0.07570452 -0.4951938 -0.8654779 -0.009560794 -0.5025401 -0.8645011 -0.00639134 -0.5005518 -0.8656831 -0.05166306 -0.5009306 -0.8639442 -0.09295548 -0.4959362 -0.8633693 -0.08376239 -0.4920869 -0.866507 -0.09271221 -0.4908713 -0.8662851 -0.1353358 -0.4875307 -0.8625532 -0.1774146 -0.4754768 -0.861653 -0.2184459 -0.4599045 -0.8606795 -0.257974 -0.4409484 -0.8596593 -0.2686658 -0.4187942 -0.8674272 -0.2955465 -0.4188461 -0.8586153 -0.3010578 -0.3962502 -0.8673811 -0.3306713 -0.3938628 -0.8576297 -0.2890752 -0.4066121 -0.8666615 -0.3531345 -0.3532177 -0.8663333 -0.3625003 -0.3494246 -0.864 -0.3819174 -0.3224037 -0.8661379 -0.3818587 -0.3224625 -0.866142 -0.4088774 -0.2885605 -0.8657668 -0.4130287 -0.2864356 -0.8645009 -0.4331345 -0.2522807 -0.8653027 -0.4329904 -0.2524813 -0.8653164 -0.4715365 -0.1753544 -0.8642362 -0.4856769 -0.1351224 -0.8636318 -0.4882965 -0.1026363 -0.8666212 -0.4962723 -0.09451654 -0.8630067 -0.5079476 -0.009754318 -0.8613327 -0.4963503 -0.05142878 -0.8665977 -0.4942094 -0.06449651 -0.8669471 -0.5035832 -0.05320892 -0.8623066 -0.4907275 -0.09275918 -0.8663615 -0.5086888 0.03424556 -0.8602691 -0.497479 0.01550508 -0.8673374 -0.4975104 0.03490496 -0.8667554 -0.5056483 0.07818247 -0.8591899 -0.4989082 0.1215849 -0.8580837 -0.4883459 0.09515002 -0.8674473 -0.4843483 0.1198714 -0.8666243 -0.4886046 0.1640396 -0.8569461 -0.4402311 0.2373706 -0.8659399 -0.4399854 0.2434915 -0.8643637 -0.418578 0.2776445 -0.8647 -0.4188564 0.2743482 -0.8656168 -0.4187896 0.2744738 -0.8656093 -0.3665952 0.3436744 -0.8645784 -0.3665309 0.3437587 -0.8645722 -0.3941726 0.310178 -0.8651113 -0.3941813 0.3101107 -0.8651314 -0.3942425 0.3100154 -0.8651378 -0.3364064 0.3746831 -0.8639696 -0.3380343 0.3682967 -0.8660776 -0.3340569 0.3722235 -0.8659421 -0.3039467 0.4028909 -0.8633049 -0.2695993 0.4280051 -0.8626285 -0.274795 0.4162008 -0.8667552 -0.2653018 0.4229504 -0.8664456 -0.2338007 0.4498848 -0.8619401 -0.1959313 0.469223 -0.8610696 -0.1553479 0.4861921 -0.8599327 -0.1311023 0.4799454 -0.8674472 -0.1133152 0.4996477 -0.8587852 -0.02354434 0.4988632 -0.8663609 -0.02349785 0.4988692 -0.8663587 -0.05396914 0.5012565 -0.863614 -0.06614899 0.494655 -0.8665683 -0.09202795 0.4889331 -0.8674533 -0.07018793 0.5095874 -0.8575513 -0.10856 0.4868824 -0.866695 0.01883418 0.4995232 -0.8660958 0.02592123 0.5025433 -0.8641633 0.06057437 0.4967369 -0.8657848 0.06047102 0.4967403 -0.8657901 0.1015778 0.4906369 -0.8654232 0.1033464 0.4911906 -0.8648996 0.1434021 0.4809233 -0.8649558 0.1436446 0.4808759 -0.864942 0.1850511 0.4675876 -0.8643599 0.2252205 0.4508986 -0.8636933 0.2523794 0.4304475 -0.8666138 0.2636981 0.4309776 -0.8629726 0.3340734 0.3824603 -0.8614634 0.2963098 0.4016308 -0.866541 0.2856287 0.4085574 -0.8668893 0.3000717 0.4080463 -0.8622384 0.2612194 0.4256779 -0.8663502 0.3653336 0.3545535 -0.8607109 0.3453755 0.3586448 -0.8672311 0.3589101 0.3464195 -0.8667048 0.3954678 0.3235372 -0.8596097 0.4236684 0.2894045 -0.8583415 0.3974291 0.2992616 -0.8674632 0.4129858 0.2798825 -0.8666652 0.4487873 0.2529732 -0.8570849 0.4848405 0.1252088 -0.8655937 0.4871325 0.1227323 -0.864661 0.5003057 0.04321185 -0.8647699 0.5003878 0.04276964 -0.8647444 0.4944522 0.08435218 -0.8651022 0.4941685 0.08469232 -0.865231 0.4942513 0.08438576 -0.8652138 0.5032516 -0.0002015002 -0.8641399 0.4999775 0.004771925 -0.8660253 0.5002367 -0.001002672 -0.8658881 0.5025846 -0.04384084 -0.8634157 0.4982432 -0.08719939 -0.8626413 0.4929862 -0.07556529 -0.8667493 0.4916441 -0.08699656 -0.8664397 0.4902712 -0.1297052 -0.8618646 0.4788734 -0.1712182 -0.8610253 0.4642149 -0.2111492 -0.8601864 0.446504 -0.2494804 -0.8592984 0.4254114 -0.2879649 -0.8579635 0.4249881 -0.258613 -0.8674701 0.4121345 -0.2812296 -0.8666343 0.4086044 -0.2952835 -0.8636261 0.3864689 -0.3161146 -0.8664372 0.3864771 -0.3161026 -0.8664379 0.358018 -0.3487303 -0.8661468 0.3552557 -0.3566767 -0.8640459 0.3271229 -0.3786407 -0.865807 0.3271008 -0.3786635 -0.8658054 0.2940947 -0.405672 -0.8654123 0.2932087 -0.4075991 -0.8648073 0.2595137 -0.4294831 -0.8649837 0.2593767 -0.4295852 -0.8649741 0.2234088 -0.4502409 -0.8645065 0.1440959 -0.4839579 -0.863146 0.1119273 -0.4857816 -0.8668843 0.1020643 -0.4959583 -0.8623272 0.01608254 -0.509101 -0.8605565 0.05707063 -0.4956145 -0.8666656 0.07234865 -0.4928315 -0.8671117 0.05922373 -0.5043683 -0.8614552 0.09975164 -0.4890359 -0.8665411 -0.02689902 -0.5101649 -0.8596559 -0.006811492 -0.4976439 -0.8673548 -0.02780327 -0.4980425 -0.8667068 -0.06934591 -0.507681 -0.8587498 -0.1116334 -0.5019018 -0.8576903 -0.08380365 -0.490446 -0.8674328 -0.1101821 -0.4867339 -0.8665738 -0.2698329 -0.4225864 -0.8652231 -0.2706877 -0.4225536 -0.8649721 -0.3380078 -0.3726443 -0.8642262 -0.3382602 -0.3724586 -0.8642074 -0.3028375 -0.3990667 -0.8654682 -0.305197 -0.3988551 -0.8647366 -0.3052596 -0.3988165 -0.8647323 -0.3683141 -0.3441222 -0.8636693 -0.3599748 -0.3461608 -0.8663665 -0.3655925 -0.3407005 -0.8661786 -0.3974257 -0.312202 -0.862892 -0.4241498 -0.2775083 -0.8620243 -0.4098611 -0.2834511 -0.8669886 -0.4181653 -0.2722763 -0.8666045 -0.447918 -0.2406598 -0.8610763 -0.4683835 -0.2020488 -0.8601122 -0.4854096 -0.1620684 -0.8591341 -0.4990136 -0.1210673 -0.8580956 -0.4931759 -0.1040746 -0.8636816 -0.4984704 -0.03346573 -0.8662606 -0.4984681 -0.03348107 -0.8662612 -0.4993815 -0.06566313 -0.8638902 -0.4936055 -0.07541617 -0.8664099 -0.4936026 -0.07542837 -0.8664104 -0.5001159 0.009850418 -0.8659025 -0.5026765 0.01518685 -0.8643412 -0.4980834 0.05320372 -0.8654954 -0.498084 0.05315758 -0.8654979 -0.4924587 0.09605154 -0.8650193 -0.4922784 0.09556254 -0.8651762 -0.4833585 0.1378446 -0.8645018 -0.4833292 0.1380096 -0.8644919 -0.4708771 0.1786201 -0.8639269 -0.4553255 0.2175935 -0.863326 -0.4147717 0.2758966 -0.8670902 -0.4367052 0.2551903 -0.8626508 -0.435953 0.2419925 -0.8668244 -0.4304907 0.2526444 -0.8665152 -0.41444 0.2927746 -0.8616974 -0.3604156 0.3620622 -0.8596578 -0.3801191 0.3228988 -0.8667445 -0.3908584 0.308314 -0.8672786 -0.3888888 0.328586 -0.8606954 -0.4068245 0.2887447 -0.866672 -0.3292863 0.3929503 -0.8585805 -0.3361232 0.3668458 -0.8674361 -0.3190471 0.3835409 -0.8666633 -0.2959108 0.4208082 -0.8575297 -0.2503247 0.4322537 -0.8663107 -0.2503606 0.4322289 -0.8663127 -0.2781255 0.4203244 -0.8636976 -0.1336682 0.4830657 -0.865321 -0.1326746 0.4840716 -0.8649117 -0.09296311 0.4924085 -0.8653853 -0.09157433 0.493687 -0.8648048 -0.09171763 0.4936453 -0.8648134 -0.006134761 0.5041264 -0.8636082 -0.04956734 0.4979071 -0.8658127 -0.05293448 0.4974228 -0.8658918 -0.04890645 0.5007141 -0.8642301 -0.04927001 0.5006397 -0.8642525 0.03634955 0.5039659 -0.8629584 0.02634734 0.4982419 -0.8666376 0.03666319 0.498055 -0.86637 0.07802829 0.5003394 -0.8623062 0.1200874 0.4934577 -0.8614398 0.1031142 0.4871845 -0.8671901 0.1190592 0.4843397 -0.866741 0.1627766 0.4829847 -0.8603659 0.2045996 0.4688925 -0.8592315 0.2449451 0.4512906 -0.8581018 0.2836418 0.4303726 -0.8569286 0.2520077 0.4290828 -0.8673984 0.2765456 0.4156886 -0.8664442 0.2882831 0.4132978 -0.863758 0.3196651 0.3889143 -0.864037 0.3109802 0.3911169 -0.8662096 0.3109102 0.3911634 -0.8662136 0.3722455 0.3349049 -0.865605 0.3722714 0.3348809 -0.8656031 0.3484861 0.362488 -0.8643841 0.3427902 0.3642348 -0.8659261 0.3428319 0.3642018 -0.8659234 0.4003515 0.3020594 -0.8651467 0.400434 0.3020253 -0.8651204 0.4256877 0.2669256 -0.8646043 0.4258 0.2667813 -0.8645937 0.4481604 0.229547 -0.8639794 0.4672585 0.1907354 -0.8633015 0.4829146 0.1507613 -0.8625918 0.4833594 0.1211179 -0.867003 0.495019 0.1101483 -0.8618721 0.5095899 0.02616654 -0.8600194 0.4943649 0.06662385 -0.8666975 0.4910055 0.08319197 -0.8671751 0.5036795 0.06908757 -0.8611236 0.4873324 0.1072595 -0.866604 0.5119572 -0.01795465 -0.8588234 0.4974951 0.004332468 -0.8674559 0.4984387 -0.01916006 -0.8667132 0.5105938 -0.06227615 -0.8575637 0.4882748 -0.1048246 -0.8663714 0.4882606 -0.1049346 -0.8663662 0.4984379 -0.07587378 -0.8635988 0.4282917 -0.2614552 -0.8649898 0.4282956 -0.2603027 -0.8653354 0.3784752 -0.3328 -0.8637133 0.4024517 -0.2975801 -0.8657244 0.4051549 -0.2935562 -0.8658373 0.4049109 -0.2981149 -0.8643926 0.4045563 -0.2987159 -0.8643512 0.3492872 -0.3650698 -0.862973 0.3516719 -0.3539718 -0.8666204 0.3448436 -0.3612557 -0.8663585 0.3176148 -0.3946111 -0.8622082 0.283918 -0.4211497 -0.8614079 0.2903888 -0.4047333 -0.8671016 0.2779039 -0.4143491 -0.8666511 0.2485327 -0.4444827 -0.86062 0.2115877 -0.464797 -0.8597642 0.1717337 -0.4832962 -0.8584476 0.1300239 -0.4984261 -0.8571262 0.1136768 -0.4910286 -0.8636946 0.03916648 -0.4985698 -0.8659643 0.0391219 -0.4985773 -0.865962 0.07366535 -0.4982018 -0.8639262 0.08178499 -0.4928229 -0.8662775 0.08174203 -0.4928339 -0.8662754 -0.003410414 -0.5007344 -0.8655943 -0.006466247 -0.5023617 -0.8646334 -0.04534711 -0.4993894 -0.86519 -0.04541416 -0.4993898 -0.8651864 -0.08660366 -0.4946787 -0.8647501 -0.0841231 -0.4936713 -0.8655702 -0.1285013 -0.4865018 -0.8641779 -0.1285288 -0.4864974 -0.8641763 -0.1705542 -0.4747274 -0.8634496 -0.2114321 -0.4594485 -0.8626723 -0.2508456 -0.4408137 -0.8618351 -0.2691058 -0.4189919 -0.8671954 -0.2882739 -0.4190584 -0.860981 -0.3560235 -0.3673664 -0.8592376 -0.317418 -0.3847882 -0.8667087 -0.3013551 -0.3961904 -0.8673051 -0.3234652 -0.3944374 -0.8601101 -0.2838793 -0.410197 -0.8666897 -0.3867072 -0.3376167 -0.8581797 -0.3588805 -0.3445989 -0.8674425 -0.3770449 -0.3267754 -0.8666344 -0.4041936 -0.2930792 -0.866448 -0.4141025 -0.2870093 -0.8637967 -0.4285203 -0.257175 -0.866159 -0.428507 -0.2571934 -0.8661601 -0.4926494 -0.09989836 -0.8644748 -0.4897497 -0.1028372 -0.865777 -0.5001251 -0.05896367 -0.8639435 -0.4955142 -0.06449463 -0.8662021 -0.4966589 -0.05754815 -0.8660359 -0.5045855 -0.01599266 -0.8632136 -0.5055134 0.02776927 -0.8623719 -0.4983023 0.0157628 -0.8668601 -0.4983371 0.02846492 -0.866516 -0.5027747 0.07152396 -0.8614534 -0.496318 0.1147673 -0.8605213 -0.4885622 0.09543885 -0.8672937 -0.4856501 0.1135841 -0.8667426 -0.4862992 0.1568722 -0.8595954 -0.4729245 0.1977292 -0.8586301 -0.4563862 0.2367135 -0.8577169 -0.4212438 0.2682685 -0.8663635 -0.4195955 0.2785051 -0.8639297 -0.3695281 0.3377227 -0.8656746 -0.3694158 0.3378707 -0.8656647 -0.3953587 0.3112503 -0.8641844 -0.3968448 0.3040363 -0.8660693 -0.3967182 0.3042351 -0.8660575 -0.3395733 0.3688638 -0.8652338 -0.3393106 0.3697232 -0.86497 -0.3073529 0.3972049 -0.8647326 -0.30735 0.3972076 -0.8647324 -0.2732598 0.4224993 -0.8641894 -0.2754806 0.4174261 -0.865948 -0.2718864 0.4199881 -0.8658451 -0.2376813 0.4446098 -0.8636143 -0.2003594 0.4638345 -0.8629679 -0.160116 0.4808445 -0.8620623 -0.0917737 0.4891723 -0.8673454 -0.1184133 0.4944187 -0.8611205 -0.1310174 0.4804128 -0.8672013 -0.1148081 0.4854224 -0.8667089 -0.07566082 0.5044546 -0.8601169 0.01098316 0.5134686 -0.8580382 -0.02987404 0.4979295 -0.8667028 -0.0522003 0.4948324 -0.8674192 -0.03235576 0.5108265 -0.8590747 -0.07246498 0.4934648 -0.8667418 0.05429827 0.4963636 -0.866415 0.05431391 0.4963631 -0.8664142 0.02613145 0.5034416 -0.863634 0.09521873 0.4905285 -0.8662074 0.1037701 0.4925248 -0.8640897 0.1370963 0.4809981 -0.8659362 0.1370035 0.4810159 -0.8659409 0.2570614 0.4319467 -0.8644891 0.253298 0.4317784 -0.8656833 0.3174342 0.3852428 -0.8665007 0.3274663 0.3840675 -0.8632833 0.2919152 0.4060547 -0.8659707 0.286473 0.4095767 -0.8661293 0.2934318 0.4093443 -0.8639068 0.2941515 0.4089359 -0.8638556 0.3886791 0.3259283 -0.8618 0.3548163 0.3511837 -0.866473 0.3460721 0.3590644 -0.8667796 0.3588407 0.3564693 -0.8626489 0.3246086 0.3797401 -0.8662717 0.4167805 0.2921758 -0.8607713 0.397825 0.2992637 -0.8672811 0.409106 0.2852454 -0.8667568 0.4420561 0.2560214 -0.859674 0.4640661 0.2179536 -0.8585679 0.4826376 0.178334 -0.8574718 0.482015 0.1308762 -0.8663331 0.4884159 0.1228142 -0.8639251 0.4979866 0.04924993 -0.8657851 0.4979886 0.04923968 -0.8657845 0.4958811 0.08453899 -0.8642657 0.4917423 0.09030783 -0.8660451 0.4917225 0.09038043 -0.8660487 0.5011032 0.006098563 -0.865366 0.5018936 0.00475133 -0.8649163 0.5006742 -0.03741597 -0.8648267 0.5006728 -0.03735872 -0.8648301 0.4965802 -0.08059479 -0.8642409 0.4944575 -0.07592307 -0.8658796 0.4940194 -0.07969582 -0.8657906 0.4889385 -0.123117 -0.8635864 0.4778252 -0.1644666 -0.8629217 0.4634827 -0.2043019 -0.8622323 0.4461526 -0.2423813 -0.8615098 0.4250298 -0.2589562 -0.8673473 0.4253735 -0.2805493 -0.8604356 0.3737479 -0.3520607 -0.8581176 0.3901009 -0.310731 -0.8667569 0.4026254 -0.2922715 -0.8674504 0.4011123 -0.3173631 -0.859296 0.4155717 -0.2756447 -0.8667873 0.3435839 -0.3843136 -0.8568857 0.3504603 -0.3532344 -0.8674117 0.3311204 -0.3736601 -0.866451 0.2982979 -0.400867 -0.8662124 0.2939048 -0.4087934 -0.8640068 0.2638115 -0.4249608 -0.8659168 0.2637802 -0.4249843 -0.8659148 0.1121121 -0.4871852 -0.8660724 0.1075897 -0.4918709 -0.863995 0.02205845 -0.5054678 -0.8625635 0.06349138 -0.4956082 -0.8662225 0.07236589 -0.4939821 -0.8664554 0.06497903 -0.5005003 -0.8632944 0.1063313 -0.4887368 -0.8659272 -0.0207576 -0.5068145 -0.8618051 -0.007044991 -0.4982373 -0.8670121 -0.02154882 -0.4985283 -0.8666056 -0.06294944 -0.504616 -0.861046 -0.1048208 -0.4990945 -0.8601844 -0.08411247 -0.4905373 -0.8673513 -0.1039331 -0.487772 -0.866762 -0.1478305 -0.4902873 -0.8589322 -0.1903768 -0.4777005 -0.8576473 -0.2636913 -0.4246538 -0.866104 -0.2715843 -0.4237595 -0.8641006 -0.3322049 -0.3751822 -0.8653775 -0.3322078 -0.3751802 -0.8653773 -0.3039266 -0.4004104 -0.8644653 -0.2991958 -0.4011803 -0.8657576 -0.2992088 -0.4011723 -0.8657568 -0.3625367 -0.3469886 -0.8649659 -0.3612942 -0.3473243 -0.865351 -0.3918593 -0.3150475 -0.8644023 -0.3914731 -0.3154388 -0.8644346 -0.4182687 -0.2810562 -0.8637469 -0.4109428 -0.2840857 -0.8662686 -0.4150659 -0.2785507 -0.8661003 -0.4421104 -0.2444832 -0.8629985 -0.4627011 -0.2061927 -0.8622019 -0.4799232 -0.1665064 -0.8613648 -0.4935268 -0.1259822 -0.8605579 -0.487206 -0.1018176 -0.8673312 -0.5036497 -0.08492212 -0.8597239 -0.5148793 0.001363454 -0.8572616 -0.4972377 -0.03976997 -0.8667024 -0.4933861 -0.063843 -0.8674642 -0.510785 -0.04270205 -0.8586473 -0.4921585 -0.08137788 -0.8666935 -0.497392 0.04670419 -0.8662679 -0.4973928 0.04662031 -0.8662719 -0.5037661 0.01542492 -0.8637024 -0.4094041 0.2877095 -0.8658012 -0.3982278 0.3086898 -0.8637854 -0.3983992 0.3083786 -0.8638176 -0.3986786 0.3076729 -0.8639402 -0.3906658 0.3130883 -0.8656534 -0.3718774 0.3383456 -0.8644243 -0.3690813 0.3414952 -0.8643841 -0.3417216 0.3654384 -0.8658414 -0.3402856 0.3698085 -0.8645504 -0.343537 0.367076 -0.8644291 -0.3699434 0.3368168 -0.8658501 -0.3131647 0.3933014 -0.8644315 -0.3095132 0.3955671 -0.8647129 -0.3208039 0.4068864 -0.8552943 -0.2838092 0.4043641 -0.8694493 -0.2795924 0.4148869 -0.8658504 -0.2771206 0.4185008 -0.8649054 -0.2811777 0.4167242 -0.8644536 -0.3114862 0.3915461 -0.8658336 -0.247719 0.437346 -0.864502 -0.2434966 0.4385153 -0.865109 -0.2555379 0.4552315 -0.8529154 -0.2268914 0.4408942 -0.8684081 -0.213068 0.4551685 -0.8645367 -0.208643 0.455732 -0.8653186 -0.2150886 0.4663692 -0.8580423 -0.1950635 0.4623529 -0.864974 -0.1759482 0.4708502 -0.8644896 -0.1712628 0.4707714 -0.8654729 -0.1787831 0.4857015 -0.8556464 -0.1559155 0.4723399 -0.8675168 -0.1748413 0.4687616 -0.8658482 -0.1374528 0.4835685 -0.8644468 -0.132603 0.4828213 -0.8656213 -0.1366209 0.4812988 -0.8658442 -0.09398087 0.4943052 -0.8641933 -0.05763644 0.4969882 -0.865841 -0.05400681 0.5002101 -0.8642182 -0.05977205 0.4990679 -0.864499 -0.09731168 0.4907802 -0.8658321 -0.01813801 0.5024222 -0.8644322 -0.01397283 0.5026284 -0.8643897 -0.01462425 0.507019 -0.8618108 -0.01113499 0.5051622 -0.8629526 0.02164962 0.4998516 -0.8658404 0.02568776 0.5018229 -0.864589 0.02149174 0.5022287 -0.8644677 -0.01789848 0.4999845 -0.8658494 0.06042311 0.4989834 -0.8645025 0.06459978 0.4979455 -0.8647989 0.06468849 0.5050345 -0.8606716 0.08124818 0.4922225 -0.8666693 0.09893576 0.4904198 -0.8658522 0.103041 0.4910701 -0.8650045 0.09906468 0.4927189 -0.8645312 0.06048055 0.4966328 -0.865851 0.1383141 0.4832676 -0.8644776 0.1421646 0.4809451 -0.8651479 0.1434305 0.488323 -0.8607952 0.156556 0.4741617 -0.8664069 0.1768023 0.470615 -0.8644434 0.180463 0.4676261 -0.8653086 0.1816764 0.4723957 -0.8624593 0.1813117 0.4732357 -0.8620754 0.214162 0.4548551 -0.8644313 0.2174456 0.451335 -0.865456 0.2180518 0.4531103 -0.8643752 0.2443444 0.4375301 -0.8653688 0.2827331 0.4127806 -0.8658373 0.2875731 0.4128609 -0.8642035 0.2491752 0.4338736 -0.8658322 0.2528563 0.4321707 -0.8656167 0.2499548 0.4362348 -0.86442 0.2134579 0.4525114 -0.8658344 0.3156753 0.3912278 -0.8644593 0.3191287 0.3888633 -0.8642582 0.3203389 0.3907545 -0.8629566 0.3261797 0.3800004 -0.8655671 0.3436518 0.3635981 -0.8658521 0.3480813 0.3626387 -0.8644841 0.34515 0.3653706 -0.864509 0.314344 0.3892155 -0.8658517 0.372472 0.3374273 -0.8645272 0.3750653 0.3341328 -0.8646857 0.3760858 0.3352778 -0.8637987 0.3933355 0.3088564 -0.8659647 0.3967572 0.3047961 -0.8658424 0.4005574 0.3027053 -0.8648255 0.3984568 0.3064396 -0.8644807 0.3709597 0.3356715 -0.86586 0.4219334 0.2733553 -0.8644357 0.4235204 0.2692074 -0.8649613 0.4257808 0.2710554 -0.8632727 0.4347864 0.2473152 -0.8659076 0.4425633 0.2385588 -0.8644232 0.4435881 0.2340736 -0.8651237 0.443893 0.2342846 -0.8649102 0.4580723 0.204767 -0.8650088 0.4602818 0.2023052 -0.864415 0.4606965 0.1976262 -0.865276 0.4625611 0.1987071 -0.8640328 0.4640763 0.2088392 -0.8608249 0.4748815 0.1650131 -0.864441 0.4746684 0.1602509 -0.8654534 0.4777746 0.1617329 -0.8634661 0.4777946 0.16186 -0.8634314 0.4924307 0.08836059 -0.8658547 0.4957585 0.08503182 -0.8642877 0.4840758 0.1264474 -0.8658416 0.4855051 0.1223653 -0.8656278 0.4863587 0.1271669 -0.8644558 0.4727528 0.1638621 -0.8658256 0.50016 0.04969 -0.8645061 0.5007656 0.04597285 -0.8643612 0.5014467 0.04611569 -0.8639587 0.5007674 0.04123963 -0.864599 0.50023 0.009337461 -0.8658423 0.5026142 0.005432597 -0.8644938 0.5025947 0.00969105 -0.8644679 0.4978487 0.04953426 -0.8658481 0.5017948 -0.03090759 -0.8644343 0.5011676 -0.0351762 -0.864635 0.5033292 -0.03507019 -0.8633828 0.5002928 -0.04604116 -0.8646312 0.4952488 -0.07110654 -0.8658363 0.4964372 -0.07539389 -0.8647923 0.4977014 -0.0711715 -0.8644235 0.4993563 -0.03100688 -0.8658417 0.4904094 -0.1107729 -0.8644235 0.4885153 -0.1148813 -0.8649597 0.4915246 -0.1152164 -0.8632084 0.4829995 -0.131668 -0.8656645 0.4800127 -0.1494384 -0.8644397 0.4775548 -0.1532684 -0.8651302 0.4794685 -0.1536389 -0.8640052 0.4684334 -0.1773453 -0.8655164 0.4667413 -0.1866607 -0.8644711 0.4637316 -0.1901786 -0.8653237 0.4632775 -0.1900523 -0.8655947 0.4514243 -0.2203225 -0.8646815 0.4507515 -0.2222592 -0.8645368 0.4473292 -0.2252993 -0.8655269 0.4496843 -0.2261613 -0.8640805 0.452448 -0.2235173 -0.8633255 0.4078517 -0.2897791 -0.8658437 0.4078279 -0.2945643 -0.8642386 0.4297599 -0.2561547 -0.8658471 0.4279481 -0.2596425 -0.8657056 0.4319281 -0.2569835 -0.8645215 0.4486387 -0.2213788 -0.8658606 0.3853493 -0.3228547 -0.8644482 0.3826209 -0.326438 -0.8643146 0.3832698 -0.3268698 -0.8638636 0.3844279 -0.3258724 -0.8637258 0.356051 -0.3515116 -0.8658333 0.3549064 -0.3560183 -0.8644607 0.3579322 -0.35307 -0.8644224 0.3831658 -0.3217108 -0.8658441 0.3285932 -0.3805288 -0.8644214 0.3250514 -0.3830994 -0.864625 0.3240763 -0.3821957 -0.8653907 0.2901585 -0.4109667 -0.8642421 0.2956834 -0.4036017 -0.8658389 0.2934536 -0.4074389 -0.8647997 0.2973021 -0.4054113 -0.8644381 0.3267585 -0.3788926 -0.8658345 0.2645253 -0.4274505 -0.8644723 0.2603918 -0.4289237 -0.8649974 0.2589976 -0.4271384 -0.8662984 0.252583 -0.4313413 -0.86611 0.2305689 -0.4465839 -0.8645234 0.2263005 -0.4474466 -0.865205 0.2249198 -0.4453553 -0.8666428 0.2159629 -0.4502618 -0.8663858 0.1946675 -0.4633825 -0.8645121 0.1901 -0.4636338 -0.8653934 0.188773 -0.4612326 -0.8669656 0.1764902 -0.4667394 -0.8666058 0.1567533 -0.477618 -0.8644706 0.1519698 -0.4772101 -0.8655493 0.1507913 -0.4746148 -0.8671809 0.1353233 -0.4801024 -0.8667118 0.0774527 -0.494294 -0.8658375 0.07397515 -0.497693 -0.8641928 0.1168556 -0.4864788 -0.8658425 0.112894 -0.4876586 -0.8657044 0.1177881 -0.4887413 -0.8644408 0.1557688 -0.475433 -0.8658519 0.03805539 -0.5013275 -0.8644203 0.03390955 -0.5018412 -0.8642949 0.03289448 -0.4964725 -0.867429 0.007984341 -0.4989254 -0.8666081 -0.001995673 -0.5003167 -0.8658402 -0.00600837 -0.5026409 -0.8644744 -0.001713667 -0.5027371 -0.8644376 0.03766957 -0.4989191 -0.8658295 -0.04112469 -0.5009849 -0.8644784 -0.04534429 -0.5002657 -0.8646839 -0.04530467 -0.5017377 -0.8638326 -0.07531058 -0.4939531 -0.8662209 -0.07960884 -0.4939106 -0.8658607 -0.08377989 -0.4949034 -0.8648998 -0.07979287 -0.4962115 -0.8645272 -0.04121952 -0.4986032 -0.8658498 -0.1188429 -0.4883645 -0.8645094 -0.1227296 -0.4864002 -0.8650736 -0.1228979 -0.4876768 -0.8643306 -0.1584871 -0.4750256 -0.8655822 -0.1577856 -0.4772907 -0.8644636 -0.1615181 -0.4746605 -0.8652221 -0.161717 -0.4755946 -0.8646718 -0.1993994 -0.4602697 -0.8650963 -0.1957555 -0.4630641 -0.864437 -0.1991787 -0.4598599 -0.865365 -0.1993067 -0.4602902 -0.8651068 -0.238784 -0.4421782 -0.864558 -0.2323624 -0.4458526 -0.8644207 -0.2354524 -0.4420744 -0.8655244 -0.2353962 -0.4419292 -0.8656138 -0.2751016 -0.4216076 -0.8640407 -0.2988765 -0.4012275 -0.865846 -0.3036985 -0.4011087 -0.8642217 -0.2660062 -0.4237393 -0.865844 -0.269908 -0.4215789 -0.8656909 -0.2672512 -0.4258479 -0.8644248 -0.2314095 -0.4435914 -0.8658385 -0.3308121 -0.3784633 -0.8644819 -0.333994 -0.3759223 -0.8643671 -0.3316139 -0.3725136 -0.866756 -0.3402293 -0.3653548 -0.866464 -0.3574666 -0.3499778 -0.8658714 -0.3617293 -0.348728 -0.8646044 -0.3588904 -0.3518038 -0.8645413 -0.329358 -0.3765833 -0.8658569 -0.3858681 -0.3220701 -0.8645095 -0.3881608 -0.3186431 -0.8647531 -0.3851266 -0.3154979 -0.8672592 -0.3967008 -0.3022644 -0.8667552 -0.4087682 -0.2884833 -0.8658441 -0.4124097 -0.2861286 -0.864898 -0.410574 -0.2900394 -0.8644687 -0.384144 -0.3204855 -0.8658651 -0.432654 -0.2560723 -0.8644291 -0.4339658 -0.2517583 -0.8650383 -0.4306126 -0.2492353 -0.8674414 -0.4431072 -0.2291706 -0.8666816 -0.4518247 -0.2205095 -0.8644246 -0.4525458 -0.2159499 -0.8651982 -0.4492406 -0.2138539 -0.8674384 -0.4613735 -0.1903175 -0.8665527 -0.4680034 -0.1837011 -0.8644227 -0.4681093 -0.1789538 -0.8653609 -0.4707564 -0.1803492 -0.8636333 -0.4762151 -0.1505217 -0.86635 -0.4810291 -0.1460658 -0.8644511 -0.4805028 -0.1412917 -0.8655366 -0.4831465 -0.1424249 -0.8638777 -0.4875928 -0.1101805 -0.866091 -0.4954793 -0.06915399 -0.8658625 -0.4986401 -0.06572086 -0.8643141 -0.4885387 -0.1078034 -0.865857 -0.4897509 -0.1032596 -0.8657261 -0.4909125 -0.1079961 -0.8644893 -0.4787491 -0.1452852 -0.8658472 -0.5017734 -0.02962408 -0.8644917 -0.5021052 -0.02563995 -0.8644264 -0.5013298 -0.02550898 -0.8648801 -0.501652 0.01575625 -0.8649259 -0.5001865 0.01092202 -0.8658488 -0.5022777 0.0149399 -0.8645773 -0.5025792 0.01066757 -0.8644654 -0.4994206 -0.02941675 -0.86586 -0.5001353 0.0511368 -0.8644361 -0.4991871 0.05541589 -0.8647203 -0.4972548 0.05543309 -0.8658319 -0.4969985 0.05887225 -0.865752 -0.4919759 0.0909861 -0.8658413 -0.4928633 0.09534437 -0.8648672 -0.4944424 0.09116137 -0.8644168 -0.4977014 0.05123154 -0.865834 -0.4855606 0.1303363 -0.8644325 -0.4833901 0.1343032 -0.8650414 -0.4807214 0.133896 -0.8665903 -0.4783306 0.1438255 -0.8663222 -0.473695 0.1682917 -0.8644599 -0.4709771 0.1719543 -0.8652239 -0.4681557 0.1712889 -0.8668854 -0.4641845 0.1834175 -0.8665395 -0.4590475 0.2047644 -0.8644923 -0.4558119 0.2080656 -0.8654156 -0.4530686 0.2071822 -0.8670665 -0.4471135 0.2214281 -0.8666367 -0.4568106 0.2040291 -0.86585 -0.4417585 0.2396564 -0.8645312 -0.4380537 0.2425229 -0.8656163 -0.4396654 0.2387151 -0.8658576 -0.4192926 0.2779129 -0.8642673 -0.3957926 0.306047 -0.8658426 -0.395564 0.310828 -0.8642426 -0.3967316 0.309027 -0.8643532 -0.4191373 0.2731465 -0.8658608 -0.3717782 0.3384611 -0.8644218 -0.3690084 0.3415931 -0.8643767 -0.3646902 0.3384607 -0.8674361 -0.3464336 0.359408 -0.8664927 -0.3416094 0.3655549 -0.8658364 -0.3401781 0.3699351 -0.8645386 -0.3435199 0.3671156 -0.864419 -0.3698559 0.3369541 -0.8658341 -0.3130868 0.393369 -0.864429 -0.3094148 0.3956567 -0.8647071 -0.3103336 0.3965794 -0.8639547 -0.2808423 0.4138148 -0.865959 -0.2794448 0.4150072 -0.8658404 -0.2770064 0.4185863 -0.8649005 -0.2810904 0.4167891 -0.8644508 -0.3113745 0.3916456 -0.8658288 -0.2476319 0.4374118 -0.8644937 -0.2433787 0.4385974 -0.8651007 -0.2437991 0.4391823 -0.8646854 -0.2089346 0.4557644 -0.8652312 -0.2129169 0.4552319 -0.8645405 -0.2085498 0.4557953 -0.8653079 -0.2087413 0.4561117 -0.8650948 -0.1692032 0.4728878 -0.8647239 -0.1758156 0.4709109 -0.8644835 -0.1710893 0.4708381 -0.865471 -0.1710282 0.4707167 -0.8655491 -0.128415 0.4866614 -0.8641008 -0.174667 0.4688196 -0.8658519 -0.1373224 0.4835961 -0.864452 -0.1324684 0.482855 -0.8656231 -0.1362361 0.4814191 -0.8658379 -0.09387168 0.4943258 -0.8641933 -0.0575066 0.4970166 -0.8658334 -0.05388048 0.5002446 -0.8642061 -0.05811595 0.4993986 -0.8644209 -0.09721003 0.4907945 -0.8658354 -0.01792658 0.50245 -0.8644205 -0.01382008 0.5026611 -0.864373 -0.01315305 0.4981459 -0.8669934 0.001000383 0.4990086 -0.8665964 0.02173403 0.4998287 -0.8658515 0.02584327 0.501843 -0.8645725 0.02165135 0.5022405 -0.8644569 -0.01774819 0.5000069 -0.8658396 0.06058953 0.4989485 -0.8645111 0.06472795 0.497928 -0.8647993 0.06467057 0.4936115 -0.8672746 0.08395731 0.491706 -0.8667044 0.09905482 0.4903764 -0.8658633 0.1031916 0.4910391 -0.8650041 0.09920724 0.492683 -0.8645353 0.0606118 0.4966085 -0.8658557 0.138487 0.4832014 -0.864487 0.1423017 0.4809088 -0.8651457 0.1416136 0.4769159 -0.8674658 0.1668684 0.4702487 -0.8666146 0.1769658 0.4705345 -0.8644538 0.1805732 0.4675986 -0.8653005 0.1813009 0.4704541 -0.8635988 0.2070335 0.4543957 -0.8664073 0.2143041 0.4548051 -0.8644223 0.2175945 0.4512884 -0.8654429 0.2185227 0.4540051 -0.8637865 0.2457241 0.4352231 -0.8661411 0.2828486 0.4126883 -0.8658435 0.2876725 0.4127667 -0.8642153 0.2489583 0.4339621 -0.8658503 0.2529975 0.4321037 -0.8656088 0.2500869 0.4361686 -0.8644152 0.2135562 0.452471 -0.8658313 0.3174938 0.3899773 -0.8643584 0.3192345 0.3887928 -0.8642509 0.318697 0.3879535 -0.8648261 0.3482472 0.3612385 -0.8650033 0.3437534 0.363504 -0.8658512 0.3481857 0.362551 -0.8644787 0.3451164 0.3654003 -0.8645099 0.3144623 0.3891371 -0.865844 0.3725451 0.3373453 -0.8645278 0.3751727 0.3340199 -0.8646827 0.3738905 0.3325825 -0.8657914 0.4058899 0.298338 -0.8638564 0.3968315 0.3046933 -0.8658445 0.4006569 0.3025974 -0.8648173 0.3986007 0.3062379 -0.8644859 0.3710352 0.3355629 -0.8658698 0.4220012 0.2732435 -0.864438 0.4236025 0.2690797 -0.8649607 0.421439 0.2673129 -0.866564 0.4270595 0.259105 -0.8663053 0.4426091 0.2384552 -0.8644283 0.4436441 0.2339595 -0.8651259 0.4411492 0.232234 -0.8668649 0.4475865 0.2209765 -0.8665077 0.4603415 0.2021376 -0.8644224 0.4607596 0.1975017 -0.8652708 0.4580101 0.1959096 -0.8670906 0.4646587 0.1817344 -0.86664 0.4749205 0.1649226 -0.8644369 0.4747129 0.1601229 -0.8654526 0.4718654 0.1587663 -0.8672578 0.4782722 0.1416431 -0.8667139 0.4924358 0.08822991 -0.8658652 0.495761 0.08490157 -0.8642989 0.4840605 0.1264206 -0.8658541 0.4855447 0.1222083 -0.8656278 0.4863898 0.1270004 -0.8644627 0.4727651 0.1637775 -0.8658349 0.5001983 0.04932647 -0.8645048 0.5007692 0.04586085 -0.8643651 0.4954858 0.04475546 -0.8674623 0.4987344 0.0176886 -0.8665744 0.5002099 0.009189471 -0.8658553 0.5026302 0.005239628 -0.8644856 0.5026033 0.009444631 -0.8644655 0.4978559 0.0494073 -0.8658513 0.5017639 -0.03103499 -0.8644477 0.5011502 -0.03526744 -0.8646414 0.502435 -0.03520479 -0.863898 0.4952598 -0.06875835 -0.8660196 0.4952317 -0.07123127 -0.8658358 0.4964373 -0.07555052 -0.8647788 0.4976848 -0.0713558 -0.8644179 0.4993536 -0.03115097 -0.8658381 0.4903812 -0.1108998 -0.8644232 0.4885037 -0.1149911 -0.8649516 0.4891829 -0.115067 -0.8645574 0.4775435 -0.1527417 -0.8652295 0.4799676 -0.1495881 -0.8644388 0.4775152 -0.1534235 -0.8651246 0.4777531 -0.1534697 -0.864985 0.4638523 -0.1924606 -0.8647543 0.4666632 -0.1868252 -0.8644777 0.4637049 -0.190294 -0.8653127 0.4634326 -0.1902181 -0.8654752 0.446658 -0.2316338 -0.8642004 0.4507396 -0.222353 -0.8645189 0.4472674 -0.2254466 -0.8655205 0.4465382 -0.2251793 -0.8659665 0.4446139 -0.2293477 -0.8658626 0.4077694 -0.2898968 -0.8658429 0.4077445 -0.2946542 -0.8642472 0.4297368 -0.2561614 -0.8658566 0.4278636 -0.2597849 -0.8657047 0.4318531 -0.257112 -0.8645208 0.4485727 -0.2215135 -0.8658604 0.3851285 -0.3231512 -0.8644359 0.3825402 -0.3265637 -0.8643028 0.3786434 -0.3239669 -0.8669917 0.3699662 -0.3348458 -0.8666044 0.3559327 -0.351598 -0.8658468 0.3547851 -0.3561474 -0.8644574 0.3578573 -0.3531423 -0.864424 0.3830806 -0.3218135 -0.8658437 0.328427 -0.3806508 -0.8644308 0.3249843 -0.3831595 -0.8646237 0.3215239 -0.3799503 -0.8673294 0.3069148 -0.3931744 -0.8667279 0.2955891 -0.4036739 -0.8658374 0.2933499 -0.4075428 -0.864786 0.2971985 -0.4055062 -0.8644292 0.3266664 -0.3789938 -0.8658248 0.2644156 -0.4275214 -0.8644708 0.2602895 -0.429 -0.8649904 0.2577279 -0.4257178 -0.8673757 0.2369117 -0.4392194 -0.8665791 0.230472 -0.4466462 -0.864517 0.2261775 -0.4475215 -0.8651984 0.227573 -0.4496357 -0.8637351 0.1996633 -0.4575508 -0.8664767 0.1945161 -0.4634451 -0.8645127 0.1899748 -0.4637018 -0.8653845 0.1912827 -0.4660688 -0.8638234 0.1594541 -0.4735065 -0.8662367 0.1566332 -0.4776622 -0.864468 0.1518398 -0.4772603 -0.8655444 0.1529314 -0.4796645 -0.8640219 0.117907 -0.4861512 -0.865884 0.07732566 -0.4943225 -0.8658325 0.0738542 -0.4977136 -0.8641913 0.1162235 -0.486655 -0.8658285 0.1127465 -0.4876973 -0.8657017 0.1176436 -0.4887737 -0.8644422 0.1556521 -0.4754678 -0.8658538 0.03801308 -0.5013308 -0.8644203 0.03375618 -0.5018668 -0.864286 0.03346904 -0.5003471 -0.8651778 -0.00951486 -0.5025363 -0.8645038 -0.002135775 -0.5003012 -0.8658488 -0.006167578 -0.5026448 -0.864471 -0.001979781 -0.5027307 -0.8644408 0.03754826 -0.4989108 -0.8658396 -0.04127309 -0.5009573 -0.8644873 -0.04546848 -0.5002502 -0.8646863 -0.04553513 -0.4977367 -0.866132 -0.05161184 -0.4973954 -0.8659874 -0.0797262 -0.4938802 -0.8658673 -0.08391083 -0.494884 -0.8648981 -0.07991158 -0.4961881 -0.8645297 -0.04136563 -0.4985885 -0.8658512 -0.1189978 -0.4883181 -0.8645144 -0.1228634 -0.4863724 -0.8650702 -0.1224553 -0.4832861 -0.866856 -0.1343046 -0.4807013 -0.8665383 -0.1579544 -0.4772204 -0.8644716 -0.1616477 -0.4746267 -0.8652165 -0.1609635 -0.4714207 -0.8670948 -0.1755403 -0.4669849 -0.8666664 -0.1958904 -0.463009 -0.864436 -0.1993386 -0.4597912 -0.8653648 -0.1983874 -0.4566 -0.8672709 -0.2153039 -0.449915 -0.8667299 -0.2324706 -0.4457867 -0.8644257 -0.2355753 -0.4420014 -0.8655282 -0.2344053 -0.4389817 -0.8673807 -0.2531907 -0.4297365 -0.8667301 -0.2990228 -0.4011354 -0.8658381 -0.3038495 -0.401015 -0.864212 -0.2665357 -0.4234386 -0.8658282 -0.2699891 -0.4215348 -0.8656871 -0.2673359 -0.4257853 -0.8644295 -0.2316324 -0.4434723 -0.8658399 -0.3305693 -0.3786403 -0.8644972 -0.3340567 -0.3758669 -0.864367 -0.3346651 -0.3767381 -0.8637521 -0.3531496 -0.3532048 -0.8663324 -0.35758 -0.3499087 -0.8658525 -0.3618692 -0.3486586 -0.8645738 -0.3591164 -0.3516301 -0.8645182 -0.3294786 -0.3765126 -0.8658418 -0.3859302 -0.3220368 -0.8644941 -0.3882592 -0.3185693 -0.864736 -0.3889038 -0.3192375 -0.8641998 -0.4088724 -0.2885664 -0.8657673 -0.4088732 -0.2883404 -0.865842 -0.4125238 -0.2859888 -0.86489 -0.4106229 -0.2900195 -0.8644522 -0.3842662 -0.3203924 -0.8658454 -0.4327365 -0.2559391 -0.8644271 -0.4340435 -0.2516666 -0.8650261 -0.4342044 -0.2517877 -0.8649101 -0.4539681 -0.2145562 -0.8647998 -0.4518918 -0.2203791 -0.8644229 -0.4526229 -0.2158044 -0.8651943 -0.4523353 -0.215622 -0.8653901 -0.4713766 -0.1756772 -0.8642579 -0.4680596 -0.1835563 -0.864423 -0.4681717 -0.1788545 -0.8653475 -0.4673267 -0.1784095 -0.8658959 -0.4689077 -0.1746831 -0.865801 -0.4810765 -0.1459236 -0.8644487 -0.4805519 -0.1411018 -0.8655403 -0.4793355 -0.1405811 -0.8662993 -0.481583 -0.1338201 -0.8661236 -0.495506 -0.06901184 -0.8658586 -0.4986401 -0.06560591 -0.8643228 -0.4885282 -0.1077814 -0.8658656 -0.4897776 -0.1031346 -0.8657258 -0.490929 -0.1078559 -0.8644974 -0.4788097 -0.1450487 -0.8658534 -0.501773 -0.0295895 -0.8644931 -0.502123 -0.02548113 -0.8644207 -0.4973802 -0.02468207 -0.8671816 -0.4987132 -0.008531442 -0.866725 -0.5001853 0.01106702 -0.8658476 -0.5022827 0.0150808 -0.864572 -0.5025713 0.01087975 -0.8644673 -0.4994191 -0.02927301 -0.8658658 -0.5001218 0.05132369 -0.8644328 -0.4991925 0.05555365 -0.8647084 -0.4944465 0.05559403 -0.8674284 -0.4926757 0.07785729 -0.8667232 -0.491957 0.09110692 -0.8658394 -0.4928544 0.09547335 -0.8648581 -0.4944055 0.0913419 -0.8644188 -0.4976832 0.05132622 -0.8658389 -0.4855286 0.1304659 -0.8644308 -0.4833704 0.1344265 -0.8650333 -0.4792952 0.1338033 -0.8673943 -0.4726735 0.1607406 -0.8664538 -0.4736722 0.1683907 -0.8644531 -0.4709206 0.1721113 -0.8652233 -0.473355 0.1726857 -0.8637793 -0.4578751 0.2000719 -0.8662111 -0.4589998 0.2048775 -0.8644908 -0.4557685 0.2081844 -0.86541 -0.4579827 0.2088975 -0.8640681 -0.4401866 0.2374733 -0.8659343 -0.4567973 0.2039911 -0.8658659 -0.4416611 0.2397922 -0.8645433 -0.4379657 0.2426594 -0.8656226 -0.4396012 0.2387746 -0.8658738 -0.4192183 0.277969 -0.8642853 -0.4190676 0.273307 -0.8658439 -0.3954957 0.3109856 -0.864217 -0.3956476 0.3075282 -0.865384 -0.3957098 0.3061629 -0.8658395 -0.3717573 0.3384756 -0.8644251 -0.3689171 0.3417003 -0.8643731 -0.367175 0.3404363 -0.8656128 -0.3363644 0.3747296 -0.8639657 -0.3415147 0.3656417 -0.8658371 -0.3400824 0.3700492 -0.8645273 -0.3434113 0.3672297 -0.8644137 -0.3697541 0.3370782 -0.8658293 -0.3129843 0.3934479 -0.8644302 -0.309289 0.3957597 -0.8647049 -0.3071444 0.3936037 -0.8664517 -0.3003006 0.3993478 -0.8662223 -0.2793353 0.4150591 -0.8658509 -0.276885 0.4186694 -0.8648992 -0.2809271 0.4168821 -0.8644589 -0.3112556 0.3917168 -0.8658394 -0.247505 0.4374622 -0.8645046 -0.2433106 0.4386391 -0.8650986 -0.2413816 0.435953 -0.8669947 -0.2291805 0.4432456 -0.8666081 -0.212775 0.4553109 -0.8645338 -0.2083975 0.4558824 -0.8652987 -0.2066193 0.4529403 -0.8672679 -0.1910989 0.4606241 -0.8667794 -0.1757032 0.4709513 -0.8644844 -0.1709741 0.4708855 -0.8654679 -0.1694688 0.4678868 -0.8673882 -0.1502476 0.4755493 -0.8667632 -0.1744989 0.468888 -0.8658488 -0.1371731 0.4836458 -0.864448 -0.1323076 0.4829096 -0.8656172 -0.1363169 0.4813725 -0.8658511 -0.09373815 0.494334 -0.8642032 -0.05737153 0.4970269 -0.8658364 -0.05374107 0.5002684 -0.8642009 -0.0568638 0.4996391 -0.8643652 -0.09706906 0.4908126 -0.865841 -0.01784837 0.5024438 -0.8644256 -0.0136947 0.5026656 -0.8643724 -0.01382747 0.5035647 -0.8638469 0.01889166 0.4995259 -0.8660929 0.02187652 0.4998321 -0.865846 0.02596763 0.5018457 -0.8645672 0.02174039 0.5022385 -0.8644558 -0.01759438 0.5000221 -0.8658339 0.06080228 0.4989404 -0.8645007 0.06488949 0.4979405 -0.8647801 0.06489524 0.4983711 -0.8645316 0.1015283 0.4906425 -0.8654258 0.0992 0.4903512 -0.8658609 0.1033306 0.4910206 -0.864998 0.09936331 0.4926495 -0.8645366 0.06070234 0.4965904 -0.8658599 0.1386166 0.4831679 -0.864485 0.1424146 0.4808938 -0.8651354 0.1423526 0.4805339 -0.8653456 0.1847398 0.4676751 -0.864379 0.1771039 0.4705068 -0.8644406 0.1807313 0.467564 -0.8652861 0.1804927 0.4666293 -0.8658404 0.1833405 0.4656453 -0.8657718 0.2144283 0.4547533 -0.8644188 0.2177386 0.4512256 -0.8654394 0.2172776 0.4498784 -0.8662562 0.2235663 0.4471166 -0.8660859 0.2829562 0.4126204 -0.8658408 0.2878371 0.4126982 -0.8641933 0.2492953 0.433816 -0.8658265 0.2530885 0.4320797 -0.8655942 0.2502141 0.4360824 -0.8644217 0.2136455 0.4524156 -0.8658381 0.3172754 0.3901133 -0.8643773 0.3193584 0.3886999 -0.8642468 0.3166853 0.3845304 -0.867091 0.3289762 0.3750818 -0.8666536 0.343848 0.3634025 -0.8658563 0.348273 0.3624581 -0.8644825 0.3451211 0.3653726 -0.8645197 0.3145735 0.3890383 -0.865848 0.3727177 0.3371564 -0.864527 0.3752666 0.3339427 -0.8646717 0.3720636 0.3303548 -0.8674297 0.3869474 0.3145962 -0.8667762 0.3969409 0.30454 -0.8658484 0.4007635 0.3024539 -0.864818 0.3986547 0.3061718 -0.8644844 0.3711154 0.3354829 -0.8658664 0.4220597 0.2731351 -0.8644436 0.4236507 0.2690197 -0.8649558 0.4202915 0.2662778 -0.8674394 0.4359554 0.2431622 -0.8664958 0.4427193 0.2382773 -0.8644209 0.443754 0.2338165 -0.8651083 0.4457652 0.2352071 -0.8636961 0.4555992 0.2050038 -0.8662578 0.4603813 0.2020645 -0.8644183 0.4608124 0.197369 -0.8652729 0.462814 0.1985278 -0.8639386 0.4719704 0.1653959 -0.8659608 0.4749797 0.1647843 -0.8644307 0.4747787 0.1599714 -0.8654445 0.4766408 0.1608583 -0.8642558 0.4848335 0.1252281 -0.8655949 0.4924913 0.08806036 -0.8658509 0.4957999 0.08474676 -0.8642918 0.4841684 0.1260738 -0.8658444 0.4855649 0.1221342 -0.8656269 0.4863997 0.1269069 -0.8644708 0.4727748 0.1637132 -0.8658417 0.5001006 0.04990087 -0.8645284 0.5007991 0.04571623 -0.8643554 0.4987426 0.04528632 -0.8655663 0.5033352 -0.00101202 -0.8640907 0.5002288 0.009025203 -0.8658462 0.5026347 0.005112492 -0.8644838 0.5025998 0.00930691 -0.8644691 0.497862 0.04928104 -0.8658549 0.5017689 -0.03116755 -0.86444 0.5011579 -0.03543693 -0.86463 0.4980316 -0.03558809 -0.8664283 0.4977431 -0.04364984 -0.8662255 0.4952097 -0.07137644 -0.8658364 0.4964172 -0.07567363 -0.8647794 0.4976551 -0.07148382 -0.8644244 0.4993346 -0.03127825 -0.8658444 0.4903457 -0.1110639 -0.8644222 0.4884646 -0.1151818 -0.8649483 0.4849386 -0.1147859 -0.8669825 0.4820887 -0.1290065 -0.8665724 0.4799071 -0.1497479 -0.8644447 0.4775045 -0.1535192 -0.8651134 0.473963 -0.1528309 -0.8671804 0.4692952 -0.1691715 -0.8666851 0.4666127 -0.1869584 -0.8644761 0.4636602 -0.1904313 -0.8653064 0.4603251 -0.1895009 -0.867289 0.4534755 -0.2078036 -0.866705 0.4506694 -0.2224727 -0.8645247 0.447212 -0.2255623 -0.865519 0.4441419 -0.2244359 -0.8673906 0.4346991 -0.2446433 -0.86671 0.4076956 -0.2900122 -0.8658391 0.4076694 -0.2947623 -0.8642458 0.4298533 -0.2559529 -0.8658604 0.4278169 -0.2599115 -0.8656898 0.431757 -0.2572643 -0.8645236 0.4485168 -0.2216051 -0.865866 0.3850899 -0.3231978 -0.8644357 0.382443 -0.326701 -0.8642938 0.3831756 -0.3271893 -0.8637846 0.3580084 -0.3487421 -0.866146 0.3558376 -0.3517012 -0.865844 0.3547007 -0.356239 -0.8644543 0.3577782 -0.353217 -0.8644261 0.3829781 -0.3219345 -0.865844 0.3283623 -0.3807085 -0.86443 0.3248574 -0.3832729 -0.8646211 0.3251438 -0.3835387 -0.8643955 0.2942092 -0.4055714 -0.8654205 0.2954653 -0.4037588 -0.8658401 0.2932351 -0.4076278 -0.8647848 0.2969981 -0.4056278 -0.864441 0.3265547 -0.3790493 -0.8658428 0.2643048 -0.4275824 -0.8644746 0.2601692 -0.4290727 -0.8649905 0.2598555 -0.4286706 -0.865284 0.2238349 -0.4499736 -0.8645355 0.2303368 -0.4466917 -0.8645297 0.2260559 -0.4475714 -0.8652043 0.2254963 -0.4467228 -0.8657887 0.1849243 -0.4684689 -0.8639096 0.1943942 -0.4634905 -0.8645158 0.1898607 -0.4637536 -0.8653817 0.1891557 -0.4624765 -0.8662191 0.1833089 -0.4651062 -0.8660682 0.1564993 -0.4777112 -0.8644651 0.1517126 -0.4773168 -0.8655357 0.1509622 -0.475662 -0.8665773 0.1418433 -0.4789082 -0.8663299 0.07716391 -0.4943536 -0.8658292 0.07369016 -0.4977448 -0.8641874 0.11665 -0.4865367 -0.8658377 0.1126373 -0.4877489 -0.865687 0.1174996 -0.4888109 -0.8644406 0.1555434 -0.4755064 -0.8658521 0.03774236 -0.5013651 -0.8644122 0.03360082 -0.5018946 -0.8642759 0.03263694 -0.4967818 -0.8672616 0.01432126 -0.4986067 -0.8667099 -0.00227306 -0.5003029 -0.8658474 -0.006279478 -0.5026401 -0.864473 -0.002076334 -0.5027183 -0.8644478 0.03741265 -0.4989141 -0.8658435 -0.04141524 -0.5009469 -0.8644866 -0.04560676 -0.5002483 -0.8646801 -0.04572932 -0.4955602 -0.867369 -0.06921872 -0.4941303 -0.8666279 -0.07989827 -0.4938722 -0.8658559 -0.08404002 -0.4948733 -0.8648917 -0.08003283 -0.496172 -0.8645276 -0.04151015 -0.4985813 -0.8658485 -0.119106 -0.4883097 -0.8645041 -0.123001 -0.4863578 -0.8650588 -0.1233024 -0.4886359 -0.8637311 -0.1519941 -0.4757541 -0.8663462 -0.1580741 -0.4772049 -0.8644583 -0.1617897 -0.4746042 -0.8652022 -0.1622567 -0.4767922 -0.8639109 -0.1929544 -0.4612459 -0.8660374 -0.1960271 -0.4629537 -0.8644346 -0.1994998 -0.4597228 -0.865364 -0.2000868 -0.4616912 -0.8641797 -0.2322749 -0.4435092 -0.8656489 -0.2325803 -0.44572 -0.8644304 -0.2356654 -0.44197 -0.8655197 -0.2362732 -0.4435385 -0.8645511 -0.2697253 -0.4226413 -0.8652298 -0.2990956 -0.4010604 -0.8658478 -0.3039344 -0.4009383 -0.8642178 -0.2666701 -0.423347 -0.8658316 -0.2701488 -0.421438 -0.8656845 -0.2674656 -0.4257241 -0.8644195 -0.2318406 -0.4433884 -0.8658271 -0.3310466 -0.3782572 -0.8644823 -0.334188 -0.3757685 -0.864359 -0.3325984 -0.3734946 -0.8659562 -0.3369777 -0.3698617 -0.8658223 -0.3576519 -0.3498078 -0.8658635 -0.3619539 -0.3485612 -0.8645776 -0.3592161 -0.3515054 -0.8645275 -0.3295661 -0.3764136 -0.8658516 -0.385996 -0.321925 -0.8645065 -0.3883444 -0.3184421 -0.8647445 -0.3859553 -0.3159679 -0.8667196 -0.3932713 -0.3076209 -0.8664336 -0.4089198 -0.2882412 -0.865853 -0.4126047 -0.2858768 -0.8648884 -0.4106982 -0.2899008 -0.8644562 -0.3843861 -0.3202415 -0.865848 -0.4328005 -0.2557955 -0.8644376 -0.4341083 -0.2515461 -0.8650286 -0.4310807 -0.2492704 -0.8671988 -0.4400303 -0.2349367 -0.8667053 -0.451958 -0.2202328 -0.8644255 -0.45269 -0.2156989 -0.8651854 -0.4495189 -0.2136905 -0.8673345 -0.45862 -0.1960869 -0.8667282 -0.4681111 -0.1834406 -0.8644198 -0.4682321 -0.1786659 -0.8653538 -0.4650969 -0.1770167 -0.8673812 -0.473756 -0.1563269 -0.8666701 -0.4811023 -0.145804 -0.8644546 -0.4805941 -0.1410687 -0.8655224 -0.477558 -0.1397701 -0.8674115 -0.4853399 -0.1159804 -0.866599 -0.4955155 -0.06887525 -0.865864 -0.4986404 -0.06547755 -0.8643324 -0.4884861 -0.1078679 -0.8658787 -0.4898199 -0.1029459 -0.8657244 -0.4909788 -0.1077257 -0.8644853 -0.4788224 -0.1450606 -0.8658445 -0.5017747 -0.02942525 -0.8644977 -0.5021297 -0.02535153 -0.8644207 -0.5027529 -0.02545643 -0.8640553 -0.500111 0.009779527 -0.8659061 -0.5001847 0.01123417 -0.8658459 -0.5022768 0.01522212 -0.8645729 -0.5025735 0.01077553 -0.8644673 -0.4994523 -0.02909438 -0.8658527 -0.500111 0.05145366 -0.8644314 -0.4991903 0.05568218 -0.8647014 -0.499156 0.05568248 -0.8647212 -0.4924641 0.09599438 -0.8650226 -0.4919564 0.09125158 -0.8658244 -0.492859 0.0956042 -0.8648409 -0.4943636 0.09157566 -0.864418 -0.4976644 0.05143078 -0.8658436 -0.4855227 0.1305752 -0.8644177 -0.4833348 0.1346064 -0.8650253 -0.4822125 0.1344345 -0.865678 -0.4700087 0.1819095 -0.8637133 -0.4736013 0.1685584 -0.8644593 -0.47088 0.1722503 -0.8652179 -0.4693449 0.1718873 -0.8661236 -0.4673205 0.1780902 -0.865965 -0.4589038 0.2050296 -0.8645056 -0.4557349 0.2082825 -0.865404 -0.4539317 0.2077009 -0.8664909 -0.4504741 0.2159976 -0.8662668 -0.4567245 0.2042159 -0.8658515 -0.4416342 0.2398791 -0.864533 -0.4378907 0.2427919 -0.8656234 -0.439433 0.2391093 -0.8658668 -0.4191337 0.2781096 -0.8642812 -0.4189825 0.2733993 -0.8658559 -0.3953929 0.3110846 -0.8642285 -0.3948872 0.3217435 -0.8605494 -0.3956208 0.3062575 -0.8658467 -0.3715783 0.3386704 -0.8644258 -0.3688357 0.341796 -0.86437 -0.3645651 0.3386949 -0.8673972 -0.350781 0.3545487 -0.8667456 -0.3414065 0.3657385 -0.8658388 -0.3399809 0.3701498 -0.8645242 -0.3432595 0.3673624 -0.8644177 -0.3696693 0.3371519 -0.8658367 -0.3128809 0.3935245 -0.8644328 -0.3091724 0.3958542 -0.8647033 -0.305849 0.3925109 -0.8674051 -0.285498 0.4094253 -0.8665228 -0.2792253 0.4151317 -0.8658515 -0.276785 0.418741 -0.8648965 -0.2808106 0.4169524 -0.864463 -0.3111355 0.3918008 -0.8658446 -0.2473629 0.4375443 -0.8645037 -0.2431775 0.4387264 -0.8650919 -0.2443067 0.4402992 -0.8639739 -0.2139849 0.451798 -0.8660768 -0.2126815 0.4553509 -0.8645357 -0.2082614 0.4559351 -0.8653036 -0.2092263 0.4575318 -0.8642274 -0.1747919 0.4689023 -0.865782 -0.1755555 0.470998 -0.864489 -0.170845 0.4709393 -0.8654641 -0.1715796 0.4724029 -0.8645206 -0.1338062 0.4830131 -0.865329 -0.1744598 0.4688814 -0.8658603 -0.1370323 0.483668 -0.8644579 -0.1322171 0.4829462 -0.8656105 -0.1361687 0.4814224 -0.8658467 -0.09358407 0.4943701 -0.8641992 -0.09690914 0.4908572 -0.8658336 -0.05360005 0.5003124 -0.8641844 -0.05871344 0.4957021 -0.8665057 -0.05722395 0.49704 -0.8658387 -0.01761187 0.502457 -0.8644228 -0.01355472 0.5026815 -0.8643655 -0.01306514 0.4993558 -0.8662985 -0.00552231 0.4998239 -0.8661094 0.02203186 0.4998348 -0.8658406 0.02610897 0.5018498 -0.8645607 0.02190398 0.5022325 -0.8644552 -0.01746276 0.5000235 -0.8658358 0.06085631 0.498934 -0.8645006 0.06500233 0.4979279 -0.8647789 0.06495154 0.4942477 -0.8668913 0.07789011 0.4929837 -0.866545 0.09934422 0.4903361 -0.8658529 0.1034707 0.4910124 -0.8649858 0.09951618 0.4926281 -0.8645311 0.06085208 0.4965819 -0.8658541 0.1387381 0.4831457 -0.8644778 0.142588 0.4808495 -0.8651315 0.1419287 0.4770367 -0.8673478 0.1605764 0.4721379 -0.8667762 0.1771986 0.4704641 -0.8644444 0.1808527 0.4675089 -0.8652905 0.1799245 0.4638784 -0.8674353 0.2010088 0.456473 -0.866734 0.2145511 0.4546913 -0.864421 0.2178324 0.451205 -0.8654265 0.2166807 0.4478433 -0.8674595 0.2397888 0.4375587 -0.8666278 0.2137428 0.4523851 -0.8658301 0.2503357 0.4360305 -0.8644128 0.2532621 0.4319671 -0.8655996 0.249362 0.4337433 -0.8658437 0.2879145 0.4126068 -0.8642112 0.2830835 0.4125312 -0.8658416 0.3194757 0.388619 -0.8642399 0.3137723 0.3889985 -0.8661565 0.3439307 0.3633133 -0.8658609 0.3483947 0.3623677 -0.8644714 0.345401 0.3651255 -0.8645123 0.3146873 0.3889363 -0.8658525 0.3727581 0.3370927 -0.8645345 0.3753645 0.3338191 -0.864677 0.3753375 0.3337888 -0.8647004 0.4003639 0.3020459 -0.8651457 0.3969955 0.3044569 -0.8658525 0.4008093 0.3023846 -0.864821 0.3987136 0.306064 -0.8644955 0.3712108 0.3353527 -0.865876 0.4221683 0.2729658 -0.8644441 0.4237562 0.2688793 -0.8649477 0.4228654 0.2681524 -0.8656091 0.4487043 0.2287148 -0.8639178 0.4427707 0.2381722 -0.8644236 0.4438185 0.2336888 -0.8651096 0.4424377 0.2327351 -0.8660735 0.4455805 0.227252 -0.8659183 0.460423 0.2019761 -0.8644168 0.4608639 0.1972554 -0.8652715 0.4590643 0.1962145 -0.866464 0.4628281 0.1882132 -0.8662367 0.4750239 0.1646066 -0.8644403 0.4748322 0.1598509 -0.8654375 0.4727362 0.1588537 -0.8667675 0.4768509 0.1478923 -0.8664533 0.4924787 0.0879536 -0.8658689 0.4958246 0.08460069 -0.864292 0.4842066 0.1259259 -0.8658445 0.4856149 0.1219772 -0.865621 0.4864387 0.1267246 -0.8644758 0.4727628 0.1636968 -0.8658515 0.5002272 0.04901211 -0.8645059 0.5008078 0.04556884 -0.8643582 0.4956181 0.04448622 -0.8674006 0.4980747 0.02422107 -0.8667958 0.5002156 0.008918704 -0.865855 0.5026397 0.004990258 -0.8644815 0.5025971 0.009159129 -0.8644723 0.4978712 0.04912256 -0.8658587 0.501748 -0.03136889 -0.8644448 0.5011559 -0.0355626 -0.8646259 0.4962043 -0.03580021 -0.8674674 0.4951276 -0.0622215 -0.8665894 0.4951929 -0.07146282 -0.8658389 0.4964228 -0.07581002 -0.8647643 0.4976521 -0.07162123 -0.8644147 0.4993425 -0.03144506 -0.8658339 0.4903056 -0.1112448 -0.8644218 0.4884601 -0.1153036 -0.8649346 0.4903575 -0.1155166 -0.8638319 0.4779987 -0.1462649 -0.8660969 0.4799005 -0.1498476 -0.8644311 0.4774852 -0.1536529 -0.8651004 0.4791178 -0.1539704 -0.8641408 0.4645257 -0.1861333 -0.8657773 0.46659 -0.1870859 -0.8644609 0.4636011 -0.1906125 -0.8652982 0.4649622 -0.1909924 -0.8644837 0.4479986 -0.2245138 -0.8653847 0.4506114 -0.2225982 -0.8645226 0.4471826 -0.2256711 -0.8655058 0.4481252 -0.226017 -0.8649278 0.4282493 -0.2615426 -0.8649843 0.4075921 -0.2901054 -0.8658565 0.4075645 -0.2949006 -0.8642482 0.4295734 -0.2564311 -0.8658578 0.4277248 -0.2600407 -0.8656965 0.4317008 -0.2573617 -0.8645226 0.4485089 -0.2216228 -0.8658655 0.3846621 -0.3237362 -0.8644246 0.3823681 -0.3267845 -0.8642954 0.3795241 -0.3248872 -0.866262 0.375393 -0.3300794 -0.8660991 0.3557515 -0.3518369 -0.8658242 0.3546376 -0.3563124 -0.86445 0.357797 -0.3531977 -0.8644261 0.3828909 -0.3220644 -0.8658344 0.3282884 -0.3808111 -0.864413 0.3247395 -0.3834177 -0.8646011 0.3218123 -0.3806993 -0.8668938 0.3123133 -0.3893164 -0.866541 0.2953392 -0.4038343 -0.865848 0.2931159 -0.4077068 -0.864788 0.296898 -0.4056876 -0.8644474 0.3264589 -0.3791181 -0.8658487 0.2641587 -0.4276588 -0.8644813 0.2600773 -0.4291376 -0.8649859 0.2576486 -0.4260224 -0.8672498 0.2422903 -0.4360097 -0.8667127 0.2302382 -0.446755 -0.8645232 0.2259339 -0.4476469 -0.8651971 0.223841 -0.4444704 -0.8673761 0.2052796 -0.4545505 -0.8667434 0.1942555 -0.4635462 -0.864517 0.1897153 -0.4638168 -0.8653798 0.1879579 -0.4606307 -0.8674625 0.165353 -0.4706638 -0.8666798 0.1563472 -0.4777432 -0.864475 0.151578 -0.4773569 -0.8655372 0.1502101 -0.4743376 -0.8674334 0.1239455 -0.4835419 -0.8665015 0.07703549 -0.4943582 -0.8658381 0.07354567 -0.4977633 -0.864189 0.1166991 -0.4865134 -0.8658441 0.1125078 -0.4877889 -0.8656812 0.1173689 -0.488844 -0.8644398 0.1552908 -0.4755936 -0.8658496 0.03734645 -0.5014067 -0.8644054 0.03347607 -0.501909 -0.8642724 0.03348586 -0.5019609 -0.8642418 -0.003379772 -0.5007318 -0.8655958 -0.002425497 -0.5003065 -0.8658451 -0.006435157 -0.5026539 -0.8644638 -0.002161057 -0.5027252 -0.8644436 0.03726503 -0.4989374 -0.8658366 -0.04151025 -0.5009391 -0.8644865 -0.04571854 -0.5002459 -0.8646756 -0.04573693 -0.4995411 -0.865082 -0.08668967 -0.4946722 -0.8647453 -0.08006293 -0.4938611 -0.8658471 -0.08418705 -0.4948654 -0.864882 -0.08022433 -0.4961419 -0.8645272 -0.04161325 -0.4985674 -0.8658515 -0.1192111 -0.4882945 -0.8644983 -0.12316 -0.4863238 -0.8650554 -0.1229366 -0.4846416 -0.8660308 -0.1283009 -0.4834771 -0.8659034 -0.1582055 -0.4771512 -0.8644639 -0.1619289 -0.4745541 -0.8652037 -0.1614836 -0.4724725 -0.8664253 -0.1695222 -0.4700363 -0.8662148 -0.1961319 -0.4629157 -0.8644312 -0.1995949 -0.4597038 -0.8653521 -0.1988949 -0.4573593 -0.8667544 -0.2094311 -0.4532098 -0.8664523 -0.2327399 -0.4456433 -0.8644271 -0.2358243 -0.4419051 -0.8655096 -0.2348731 -0.4394542 -0.8670147 -0.2476996 -0.4331605 -0.8666123 -0.2992221 -0.4009617 -0.8658498 -0.3040814 -0.4008376 -0.8642129 -0.2668449 -0.4232441 -0.8658281 -0.2702598 -0.4213785 -0.8656788 -0.2675803 -0.4256462 -0.8644224 -0.2318721 -0.4433616 -0.8658324 -0.3309932 -0.3782762 -0.8644944 -0.3342675 -0.3756925 -0.8643612 -0.3312788 -0.3714201 -0.8673532 -0.3483958 -0.3570928 -0.8666632 -0.3577672 -0.3496954 -0.8658614 -0.3620643 -0.3484574 -0.8645732 -0.3592396 -0.3514836 -0.8645266 -0.3296851 -0.3763252 -0.8658447 -0.3860315 -0.3218784 -0.8645079 -0.3884256 -0.3183421 -0.864745 -0.3897516 -0.3197153 -0.863641 -0.4042403 -0.2930245 -0.8664447 -0.4090042 -0.2881241 -0.8658522 -0.4126952 -0.2857651 -0.864882 -0.4107962 -0.2897554 -0.8644584 -0.3844683 -0.320133 -0.8658516 -0.4328674 -0.2556837 -0.8644373 -0.4341902 -0.2514116 -0.8650266 -0.4355529 -0.2524357 -0.8640427 -0.4496602 -0.2194789 -0.8658144 -0.4519979 -0.220147 -0.8644265 -0.4527409 -0.2155921 -0.8651854 -0.4539101 -0.2163325 -0.8643876 -0.46743 -0.1804136 -0.8654248 -0.4681694 -0.183264 -0.8644257 -0.4682954 -0.178574 -0.8653385 -0.4691262 -0.179011 -0.864798 -0.4816927 -0.1406651 -0.8649771 -0.4811524 -0.1456781 -0.8644479 -0.4806437 -0.1408736 -0.8655266 -0.4810763 -0.1410585 -0.8652561 -0.4926686 -0.09983627 -0.8644711 -0.4955493 -0.06869765 -0.8658588 -0.4986843 -0.06528671 -0.8643215 -0.4884756 -0.107945 -0.8658749 -0.4898606 -0.1028744 -0.8657098 -0.4909997 -0.1076 -0.8644892 -0.4789242 -0.1447283 -0.8658438 -0.5017206 -0.02976707 -0.8645175 -0.5021229 -0.02525579 -0.8644274 -0.4984407 -0.02463727 -0.8665736 -0.4992617 -0.01481712 -0.8663244 -0.5001833 0.01139899 -0.8658445 -0.5022969 0.01541239 -0.8645579 -0.5025833 0.01099838 -0.8644589 -0.499469 -0.02895397 -0.8658478 -0.500098 0.05149754 -0.8644363 -0.4991696 0.05580034 -0.8647057 -0.4949617 0.05583417 -0.8671191 -0.4937459 0.07135675 -0.8666736 -0.4919261 0.09144647 -0.8658211 -0.4928257 0.09574658 -0.8648441 -0.4943619 0.09161048 -0.8644154 -0.4976605 0.05161842 -0.8658347 -0.4854844 0.1307399 -0.8644142 -0.4833362 0.134714 -0.8650077 -0.4792515 0.134087 -0.8673747 -0.4742272 0.1546286 -0.8667171 -0.4735675 0.1687061 -0.864449 -0.4708643 0.1723857 -0.8651994 -0.467133 0.1715021 -0.8673949 -0.4596577 0.1940526 -0.8666362 -0.4588712 0.2051412 -0.8644965 -0.4556822 0.2084245 -0.8653976 -0.4524302 0.2073744 -0.867354 -0.4422283 0.2315349 -0.866502 -0.441574 0.2399976 -0.8645308 -0.4378349 0.2429156 -0.865617 -0.4407525 0.2441196 -0.8637956 -0.4212676 0.2682235 -0.8663659 -0.3955303 0.3063543 -0.8658538 -0.3953151 0.3112236 -0.864214 -0.4123202 0.2842672 -0.8655543 -0.4167546 0.2770634 -0.8657664 -0.4209951 0.274604 -0.8644974 -0.4393572 0.2392606 -0.8658634 -0.3714605 0.3387842 -0.8644317 -0.3687234 0.3419159 -0.8643707 -0.3685032 0.341756 -0.8645277 -0.339333 0.369132 -0.8652136 -0.3413029 0.365834 -0.8658394 -0.3398928 0.3702219 -0.864528 -0.3431635 0.3674302 -0.8644269 -0.3695515 0.3372612 -0.8658444 -0.3127574 0.3936232 -0.8644325 -0.3090825 0.3959413 -0.8646955 -0.3081479 0.3950008 -0.865459 -0.2734849 0.4223182 -0.8642067 -0.2791174 0.4152166 -0.8658456 -0.2766768 0.4188403 -0.8648831 -0.2806567 0.4170636 -0.8644592 -0.311041 0.3918801 -0.8658427 -0.2472703 0.4376043 -0.8644997 -0.2430556 0.4388024 -0.8650876 -0.2417863 0.4370329 -0.866338 -0.2350403 0.4410742 -0.8661464 -0.2125503 0.4554134 -0.8645352 -0.2081368 0.4560039 -0.8652974 -0.2068609 0.4538903 -0.8667135 -0.1973322 0.4586211 -0.8664448 -0.1753885 0.4710487 -0.8644952 -0.1707475 0.470998 -0.8654515 -0.1695387 0.4685869 -0.8669965 -0.1566523 0.4737418 -0.8666192 -0.174319 0.4689554 -0.8658485 -0.1369111 0.483722 -0.8644469 -0.1320692 0.483003 -0.8656015 -0.1359231 0.4815085 -0.8658375 -0.09343001 0.494414 -0.8641908 -0.09677394 0.4908829 -0.8658342 -0.05346386 0.5003274 -0.8641841 -0.05679471 0.4973294 -0.8657008 -0.05708707 0.4970663 -0.8658327 -0.01770006 0.5024408 -0.8644305 -0.01339362 0.5026876 -0.8643643 -0.0126227 0.4974358 -0.8674089 0.01255083 0.4988772 -0.8665817 0.02217127 0.4998175 -0.8658469 0.02623754 0.5018351 -0.8645653 0.02200132 0.5022123 -0.8644645 -0.01730696 0.5000171 -0.8658426 0.0610392 0.4989032 -0.8645055 0.06512597 0.4979193 -0.8647746 0.06514717 0.4994498 -0.8638899 0.0951636 0.4905345 -0.8662099 0.09948374 0.4902918 -0.865862 0.1036259 0.4909783 -0.8649867 0.09962174 0.4926061 -0.8645315 0.06098222 0.4965676 -0.8658533 0.1388939 0.4830872 -0.8644855 0.1427182 0.4808147 -0.8651294 0.1429468 0.4821363 -0.8643557 0.1784456 0.4680207 -0.8655136 0.1773325 0.4704097 -0.8644466 0.1809601 0.4674855 -0.8652809 0.1811966 0.4684096 -0.8647313 0.218529 0.4516069 -0.8650413 0.2146944 0.454632 -0.8644166 0.2179913 0.4511392 -0.8654209 0.218133 0.4515527 -0.8651695 0.2569945 0.4319777 -0.8644935 0.2139536 0.4522959 -0.8658246 0.2504548 0.4359702 -0.8644087 0.2533673 0.4319377 -0.8655835 0.2495436 0.4336701 -0.8658281 0.2880559 0.4125407 -0.8641956 0.2831774 0.4124656 -0.8658422 0.3195561 0.3885489 -0.8642417 0.3226454 0.3883363 -0.8631888 0.3440315 0.3632276 -0.8658568 0.3485211 0.3622836 -0.8644556 0.3454356 0.365115 -0.8645029 0.3148049 0.388874 -0.8658377 0.3728519 0.3369977 -0.8645311 0.3754489 0.3337483 -0.8646676 0.3726165 0.3305786 -0.8671072 0.3828356 0.3197842 -0.8667036 0.3971029 0.3043407 -0.8658441 0.4009543 0.3022567 -0.8647986 0.3988218 0.3059846 -0.8644736 0.3713512 0.3352535 -0.8658541 0.4222355 0.2728828 -0.8644376 0.4238523 0.2687432 -0.8649429 0.4205325 0.2660373 -0.8673964 0.4323252 0.24868 -0.8667486 0.4428192 0.2380635 -0.8644287 0.4438739 0.2335837 -0.8651096 0.440524 0.2312713 -0.86744 0.4523551 0.210402 -0.8666636 0.4604938 0.2017637 -0.8644286 0.4609345 0.1971235 -0.8652639 0.4576826 0.1952443 -0.8674136 0.4689459 0.1709955 -0.8665161 0.4750638 0.1645056 -0.8644375 0.4748806 0.1597846 -0.8654231 0.4776081 0.1610823 -0.8636799 0.4820204 0.1308614 -0.8663324 0.4925091 0.08785739 -0.8658613 0.4958329 0.08452491 -0.8642946 0.4842816 0.1256591 -0.8658413 0.4856766 0.121771 -0.8656154 0.4865059 0.1265881 -0.8644579 0.4728497 0.1635414 -0.8658333 0.5003167 0.04853837 -0.8644809 0.5008495 0.04541266 -0.8643422 0.5005155 0.04534303 -0.8645393 0.5011218 0.005923833 -0.8653565 0.5002252 0.008756481 -0.8658511 0.5026457 0.004847408 -0.8644788 0.5025954 0.009006581 -0.8644748 0.4978789 0.048997 -0.8658613 0.5017456 -0.03150995 -0.8644411 0.5011594 -0.03571836 -0.8646175 0.499843 -0.03578138 -0.8653765 0.4965587 -0.08097347 -0.864218 0.495149 -0.0716323 -0.86585 0.4963886 -0.07598516 -0.8647685 0.4976291 -0.07172971 -0.8644189 0.4993304 -0.03158401 -0.8658358 0.4902546 -0.1113753 -0.8644339 0.4884298 -0.1154073 -0.8649379 0.4860703 -0.1151415 -0.8663014 0.4846114 -0.1224664 -0.8661143 0.4798505 -0.1499724 -0.8644373 0.4774197 -0.1538161 -0.8651076 0.4748246 -0.1533101 -0.8666244 0.4718938 -0.1636089 -0.8663419 0.4665157 -0.1872153 -0.864473 0.4635766 -0.1906945 -0.8652932 0.4608782 -0.1899403 -0.866899 0.4563068 -0.2021966 -0.8665453 0.450518 -0.2227411 -0.8645346 0.4471148 -0.2257998 -0.8655072 0.444471 -0.2248281 -0.8671204 0.4378086 -0.2391281 -0.8666841 0.40753 -0.2902344 -0.8658425 0.4075013 -0.2949943 -0.8642459 0.4295125 -0.2565439 -0.8658546 0.4276657 -0.2601679 -0.8656875 0.4316157 -0.2574987 -0.8645243 0.4484129 -0.2218118 -0.8658669 0.3848648 -0.3234662 -0.8644354 0.3822807 -0.3269144 -0.8642849 0.3776725 -0.3238381 -0.8674632 0.3618718 -0.3434954 -0.866637 0.3556469 -0.3519294 -0.8658297 0.3545296 -0.3564486 -0.8644381 0.3575509 -0.3534591 -0.8644212 0.3828012 -0.3221512 -0.8658417 0.328177 -0.3808949 -0.8644182 0.3246547 -0.3834924 -0.8645999 0.3257544 -0.3845137 -0.8637322 0.2983264 -0.4008418 -0.8662143 0.2952287 -0.4039148 -0.8658481 0.2930021 -0.4078088 -0.8647783 0.296814 -0.405765 -0.8644398 0.3263487 -0.3792358 -0.8658388 0.2640432 -0.4277314 -0.8644808 0.2599779 -0.4292125 -0.8649787 0.2606363 -0.4300571 -0.8643608 0.2279728 -0.4458567 -0.8655866 0.2301176 -0.4468325 -0.8645152 0.2258171 -0.4477309 -0.8651842 0.2262258 -0.4483513 -0.864756 0.1900463 -0.4640249 -0.8651955 0.1941221 -0.4636079 -0.8645139 0.1896104 -0.4638835 -0.865367 0.1898034 -0.4642334 -0.865137 0.1496129 -0.4795939 -0.8646419 0.1562275 -0.4777964 -0.8644673 0.1514472 -0.4774161 -0.8655273 0.1513861 -0.4772815 -0.8656123 0.1072548 -0.4919822 -0.8639734 0.07690278 -0.4943729 -0.8658416 0.0734024 -0.4977863 -0.8641881 0.1162063 -0.4866464 -0.8658357 0.1123442 -0.4878295 -0.8656796 0.1172228 -0.4888817 -0.8644382 0.1551949 -0.4756274 -0.8658482 0.03728753 -0.5013964 -0.8644139 0.03336489 -0.5019132 -0.8642742 0.03255875 -0.497625 -0.8667809 0.02093428 -0.4987969 -0.866466 -0.002560098 -0.5003094 -0.8658429 -0.006575466 -0.5026689 -0.8644541 -0.002353565 -0.502731 -0.8644397 0.03713108 -0.4989505 -0.8658348 -0.04165925 -0.5009317 -0.8644837 -0.0458632 -0.5002473 -0.8646671 -0.04597524 -0.4958736 -0.8671768 -0.06306627 -0.4948532 -0.8666851 -0.08016319 -0.4938183 -0.8658623 -0.08434503 -0.4948443 -0.8648787 -0.08031514 -0.4961346 -0.8645229 -0.04177396 -0.4985675 -0.8658437 -0.1194182 -0.4882237 -0.8645096 -0.1232794 -0.4863049 -0.8650489 -0.1227246 -0.4821375 -0.8674572 -0.1456652 -0.4770426 -0.8667248 -0.1583538 -0.4771033 -0.8644631 -0.1620688 -0.4745213 -0.8651955 -0.1612396 -0.4706521 -0.8674609 -0.1865159 -0.4628562 -0.8665887 -0.1962682 -0.4628516 -0.8644346 -0.199716 -0.4596634 -0.8653457 -0.2005795 -0.4625545 -0.8636037 -0.2261507 -0.4452421 -0.8663806 -0.2328575 -0.4455924 -0.8644217 -0.2359765 -0.4418231 -0.86551 -0.2370365 -0.4445539 -0.8638203 -0.2637416 -0.4246283 -0.8661012 -0.2993408 -0.4008749 -0.865849 -0.3041265 -0.4007511 -0.864237 -0.2666506 -0.4233128 -0.8658544 -0.2703861 -0.4212821 -0.8656863 -0.2676877 -0.4255671 -0.8644281 -0.2320598 -0.4432581 -0.8658351 -0.3310872 -0.3781925 -0.864495 -0.3343902 -0.3755963 -0.8643556 -0.3338525 -0.374828 -0.8648968 -0.3625383 -0.3469872 -0.8649659 -0.3578432 -0.3496081 -0.8658652 -0.362159 -0.3483722 -0.8645679 -0.3594011 -0.3513155 -0.8645278 -0.3297817 -0.3762259 -0.8658512 -0.3862094 -0.3216727 -0.864505 -0.3885528 -0.3182246 -0.8647311 -0.387205 -0.3168303 -0.8658469 -0.3893541 -0.3143849 -0.8657745 -0.4091073 -0.2880187 -0.8658385 -0.4127617 -0.2856926 -0.8648743 -0.4108916 -0.2896038 -0.8644638 -0.3845312 -0.3200364 -0.8658594 -0.432938 -0.2556052 -0.8644251 -0.4342796 -0.2512986 -0.8650146 -0.4320346 -0.2496131 -0.8666254 -0.4372632 -0.2412605 -0.8663685 -0.4520847 -0.2199849 -0.8644224 -0.452838 -0.2154129 -0.8651791 -0.4503076 -0.2138125 -0.8668952 -0.4562811 -0.2022905 -0.8665369 -0.4681981 -0.1831542 -0.8644334 -0.4683311 -0.1784777 -0.865339 -0.4655763 -0.1770302 -0.8671211 -0.4717383 -0.1623542 -0.8666626 -0.4812024 -0.1455447 -0.8644426 -0.4807047 -0.1407787 -0.8655083 -0.4778877 -0.1395757 -0.8672612 -0.483687 -0.1219124 -0.8667089 -0.4955686 -0.06859881 -0.8658557 -0.4987162 -0.06517246 -0.8643116 -0.488891 -0.1063481 -0.8658382 -0.4898885 -0.1027175 -0.8657126 -0.4910251 -0.1074595 -0.8644922 -0.4788581 -0.1448953 -0.8658524 -0.5017934 -0.02923798 -0.8644932 -0.5021712 -0.0250875 -0.8644043 -0.4969364 -0.02420991 -0.8674492 -0.4991109 0.003421167 -0.8665314 -0.5001821 0.01154037 -0.8658434 -0.5023037 0.01555311 -0.8645515 -0.5025818 0.01113759 -0.864458 -0.4994771 -0.02882973 -0.8658473 -0.5000864 0.05159425 -0.8644372 -0.4991573 0.05594019 -0.8647038 -0.5005093 0.05592941 -0.8639227 -0.4929374 0.08600343 -0.8658038 -0.4918898 0.09156093 -0.8658296 -0.4928063 0.09590264 -0.8648379 -0.4943246 0.09179248 -0.8644173 -0.4976391 0.0517557 -0.8658388 -0.4854347 0.1308722 -0.8644222 -0.4833014 0.134835 -0.8650082 -0.4810251 0.1344851 -0.8663306 -0.4746706 0.1603047 -0.8654422 -0.4735123 0.1688326 -0.8644546 -0.4708153 0.1725167 -0.8651999 -0.4726536 0.172952 -0.8641101 -0.4670389 0.1821833 -0.8652652 -0.458846 0.2052276 -0.8644894 -0.4556169 0.2085624 -0.8653988 -0.4575042 0.209172 -0.8642552 -0.44953 0.2213701 -0.8654006 -0.4415169 0.240109 -0.8645291 -0.4378097 0.2430104 -0.865603 -0.4380929 0.2431274 -0.8654269 -0.4269358 0.2600279 -0.8660896 -0.3954451 0.3064983 -0.8658417 -0.3952324 0.3112864 -0.8642292 -0.418986 0.273381 -0.86586 -0.4166524 0.2772163 -0.8657666 -0.4209724 0.2747033 -0.8644769 -0.4392112 0.2396283 -0.8658359 -0.3713675 0.3389195 -0.8644187 -0.3686547 0.3420355 -0.8643526 -0.3670835 0.3408934 -0.8654717 -0.3450622 0.3648964 -0.8647443 -0.3412049 0.3659361 -0.8658349 -0.3397928 0.370355 -0.8645104 -0.3430224 0.3675877 -0.8644159 -0.3694797 0.3373568 -0.8658378 -0.3126861 0.3936842 -0.8644305 -0.3089699 0.3960381 -0.8646915 -0.3187694 0.405893 -0.8565261 -0.2864266 0.403549 -0.8689696 -0.2546047 0.4317614 -0.8653083 -0.2525921 0.4339239 -0.8648163 -0.2790156 0.415294 -0.8658413 -0.2765806 0.4189231 -0.8648738 -0.2805528 0.4171413 -0.8644555 -0.3109124 0.3919924 -0.8658381 -0.7144337 -0.6997031 -0 0.8581129 -0.513461 0 -0.197497 0.9803035 0 -0.8979207 -0.4401572 -0 -0.9998103 0.01947683 0 -0.7520735 -0.6583055 -0.03192531 -0.9994556 -0.02698797 -0.01897815 -0.3387726 -0.9407328 -0.01597105 0.9496281 0.3133792 -0.0002038911 -0.922192 -0.3855234 -0.03055335 0.4442988 -0.8957953 0.01222086 0.5151536 -0.8569846 -0.01393202 0.5190054 -0.8546575 -0.01392646 0.3602166 -0.9323707 0.03047813 0.4407696 -0.8972301 -0.02646067 0.4413774 -0.8969314 -0.02645996 0.2764694 -0.9605566 0.02992883 0.2835057 -0.9586812 -0.02355613 0.2765669 -0.960706 -0.02355485 0.1905178 -0.9812531 0.02907548 0.1180316 -0.9926705 0.02595773 0.1193574 -0.9926287 0.02102701 0.144686 -0.9894652 0.004957201 -0.6345277 0.7187066 0.2843158 -0.6854731 0.714452 -0.1403033 -0.6574001 0.7404051 -0.1400908 -0.6833879 0.7136079 -0.154093 -0.7193384 0.6831754 0.125792 -0.7496218 0.6588865 -0.06273695 -0.7233748 0.6876075 -0.06264722 -0.7481016 0.658866 -0.07899102 -0.780816 0.619982 0.07712821 -0.8022252 0.5959725 -0.03537659 -0.7825489 0.621586 -0.03532814 -0.8011127 0.5964653 -0.04947299 -0.8339201 0.5495108 0.05113901 -0.8481589 0.5293875 -0.01937283 -0.8349997 0.5499098 -0.01935349 -0.8788041 0.4731493 -0.06191215 -0.848893 0.523424 0.07353953 -0.8825374 0.4693251 0.02935609 -0.9151676 0.3931938 0.0886969 -0.9152176 0.393077 0.08869686 -0.8545544 0.4096922 -0.3192004 -0.8786334 0.4731287 -0.06444083 -0.8785144 0.4733497 -0.0644398 -0.9484712 0.311199 0.05964406 -0.9683014 0.2455125 0.0460025 -0.9693674 0.2255779 -0.09716801 -0.9484839 0.3111604 0.05964401 -0.9968033 0.07945826 -0.008338775 -0.9969255 0.07337908 -0.02747825 -0.9891438 0.1454751 0.02077495 -0.9863778 0.163179 0.02076937 -0.9868312 0.1451843 -0.07131378 -0.9729685 0.2263086 0.04600919 -0.03048899 -0.9991381 -0.02817024 -0.03046713 -0.9991388 -0.02817025 0.03297634 -0.9989654 0.03131449 0.04938623 -0.9985008 -0.02360562 0.04938506 -0.9985008 -0.02360562 -0.1094513 -0.9934957 -0.03141101 -0.1356884 -0.9900341 0.03769879 -0.1878078 -0.9816123 -0.03413841 -0.1878065 -0.9816126 -0.03413842 -0.4080603 -0.9083496 0.09158436 -0.3418858 -0.9390689 -0.03554887 -0.3056039 -0.9514956 -0.03552964 -0.3320963 -0.936789 0.1101743 -0.2654662 -0.9634601 -0.03566757 -0.5378366 -0.8426664 -0.02539776 -0.4813525 -0.8734229 0.07370272 -0.4637389 -0.8854483 -0.0304532 -0.4877678 -0.8724415 -0.03047047 -0.5512264 -0.8324459 0.0564202 -0.6779481 -0.7346209 0.02680848 -0.6198308 -0.7844992 -0.01925124 -0.6073669 -0.7941882 -0.01924772 -0.6168889 -0.7859815 0.04099999 -0.5557332 -0.8309724 -0.02540608 -0.7312843 -0.6819454 0.01317885 -0.7867594 -0.6172454 0.004206765 -0.7334988 -0.6796805 -0.003753641 -0.7353439 -0.6776837 -0.003753798 -0.8340039 -0.5517254 -0.006035999 -0.8366844 -0.5474665 0.01548149 -0.8760328 -0.4820397 -0.01429349 -0.8758299 -0.4824083 -0.01429341 -0.9118221 -0.4100431 -0.02109838 -0.9174057 -0.396878 0.02923457 -0.9416543 -0.3355263 -0.02663293 -0.9416577 -0.3355167 -0.02663293 -0.9652533 -0.2595229 -0.0305608 -0.9710854 -0.2359042 0.03663955 -0.9827275 -0.1821085 -0.03291325 -0.9826845 -0.1823399 -0.03291325 -0.9938748 0.04823982 0.0994269 -0.9990725 -0.0240551 -0.03571462 -0.9972725 -0.06460432 -0.03568993 -0.9924787 -0.03264061 0.1179859 -0.9939693 -0.1039039 -0.03505845 -0.9882565 0.129238 0.081527 -0.9811213 0.1913643 -0.02794294 -0.9757078 0.2094449 0.06424168 -0.9308356 0.363964 0.03279058 -0.956183 0.2919312 -0.02214347 -0.961366 0.2743814 -0.02214075 -0.9564349 0.2879814 0.04794671 -0.9763154 0.2145399 -0.02794735 -0.8992081 0.4370809 0.01962168 -0.9018125 0.432068 -0.007174681 -0.8980871 0.439759 -0.007175453 -0.861577 0.5075564 0.00845831 -0.8179436 0.5752951 -0.001931104 -0.8161564 0.5777189 0.0113835 -0.714483 0.6994123 -0.01834517 -0.7144511 0.6994449 -0.01834517 -0.7637355 0.6452166 0.02008594 -0.7687306 0.6394814 -0.0108069 -0.7691042 0.6390321 -0.01080695 -0.6556246 0.7546859 -0.0246095 -0.6424677 0.7656416 0.03206692 -0.5932016 0.8045335 -0.0289425 -0.5929049 0.8047522 -0.02894255 -0.5272632 0.8491027 -0.03190836 -0.5038748 0.8629472 0.03784616 -0.4583551 0.8881112 -0.03419256 -0.4584887 0.8880422 -0.0341926 -0.2653425 0.9635803 -0.03326262 -0.2404198 0.9665907 0.0888855 -0.3114568 0.9496132 -0.03506156 -0.3468634 0.937261 -0.035035 -0.3176692 0.9421546 0.106915 -0.3864269 0.9216452 -0.03527731 -0.08073571 0.9952338 0.05469391 -0.1556929 0.987356 -0.02979853 -0.1817624 0.9828911 -0.02979074 -0.1611361 0.9843471 0.07138578 -0.2343661 0.9715786 -0.03327949 -0.0001251176 0.9992371 0.03905507 -0.01201347 0.9997585 -0.0184056 0.003336066 0.9998251 -0.01840682 0.07980576 0.996497 0.02499597 0.1597805 0.9871497 -0.002385757 0.154976 0.9878493 0.01166832 0.3149084 0.9490948 -0.007191375 0.3148117 0.9491268 -0.007191378 0.23852 0.9711094 0.007385929 0.2374759 0.9713904 0.002464294 0.1600822 0.9871008 -0.002385725 0.3905654 0.9204469 -0.01536801 0.3999166 0.9162343 0.02411287 0.4633874 0.8858805 -0.02208467 0.4635606 0.8857899 -0.0220846 0.5332771 0.8454958 -0.02742993 0.5499554 0.8344764 0.03461338 0.5990568 0.8001062 -0.03100126 0.5990848 0.8000852 -0.03100125 0.6604764 0.750117 -0.03309691 0.6827204 0.7296406 0.03895532 0.7607578 0.6388997 0.1142567 0.7175887 0.695591 -0.03492201 0.7178155 0.695357 -0.03492208 0.7991281 0.6001922 -0.03411049 0.8115842 0.5762732 0.09612626 0.8967426 0.4382196 0.0617764 0.8626251 0.5048698 -0.03137618 0.8476434 0.5296383 -0.03136466 0.8570548 0.5092063 0.07852404 0.8192927 0.5723591 -0.03412561 0.9301214 0.3644029 0.04565923 0.9257882 0.377443 -0.02128443 0.9324307 0.3607213 -0.02128538 0.9569826 0.2884915 0.03093725 0.9763191 0.2162516 -0.00602273 0.9772626 0.2112685 0.0179869 0.9985932 0.05291814 -0.003343737 0.9987825 0.0492177 -0.003344371 0.9910303 0.1335952 0.003344649 0.9911154 0.1328212 0.006979138 0.9777308 0.2097771 -0.006021969 0.9995424 -0.02776522 -0.01200473 0.9991245 -0.036059 0.02121469 0.9938931 -0.1086346 -0.019362 0.9939181 -0.1084064 -0.019362 0.9817736 -0.1883297 -0.02554365 0.9780425 -0.2057968 0.03287254 0.9633328 -0.2666196 -0.03006563 0.9633846 -0.266432 -0.03006561 0.9390147 -0.3423052 -0.03284108 0.9288647 -0.3684298 0.03833976 0.9089227 -0.4155754 -0.0340106 0.9089172 -0.4155873 -0.03401058 0.8944228 -0.4454747 0.03949839 0.8731701 -0.4861508 -0.03509077 0.8513601 -0.5234268 -0.03479157 0.8320544 -0.5449719 0.103397 0.8731611 -0.486167 -0.03509077 0.7350305 -0.6745318 0.06882613 0.7846163 -0.6191157 -0.03275573 0.8035952 -0.594275 -0.03273696 0.7864419 -0.6116628 0.08589403 0.8316562 -0.5541986 -0.03481215 0.6784176 -0.7328048 0.05240941 0.6905105 -0.7229214 -0.02408219 0.6758186 -0.7366741 -0.02409001 0.617281 -0.7858576 0.03730906 0.5523671 -0.833266 0.02363244 0.5583439 -0.8295486 -0.01005742 0.5510771 -0.8343937 -0.01005743 0.4844149 -0.8747665 0.01121301 0.3387338 -0.9408449 -0.008390577 0.3386786 -0.9408646 -0.008390562 0.4116254 -0.9113116 0.008708567 0.2616063 -0.9650381 -0.01623636 0.2510939 -0.9676441 0.02483602 0.1830988 -0.9828216 -0.02316672 0.1828077 -0.9828757 -0.02316668 0.1029827 -0.9942845 -0.02816247 0.08233439 -0.9959769 0.03537013 0.02291034 -0.9992319 -0.03179169 0.02294889 -0.999231 -0.0317917 -0.05648624 -0.9978409 -0.03350616 -0.08729622 -0.9954149 0.03909593 -0.135125 -0.9902276 -0.03450105 -0.2823378 -0.9547674 0.09329825 -0.2131415 -0.9764014 -0.03479767 -0.175247 -0.98391 -0.03477835 -0.2039327 -0.9727781 0.1100651 -0.1351756 -0.9902208 -0.03450106 -0.3594427 -0.9300701 0.07596399 -0.3398707 -0.93996 -0.03103469 -0.3661273 -0.9300467 -0.03104878 -0.434431 -0.8987462 0.05937148 -0.5064104 -0.8611839 0.04371422 -0.495422 -0.8684077 -0.02061897 -0.5100239 -0.8599131 -0.02061803 -0.5745962 -0.8179089 0.02939619 -0.6383884 -0.7695379 0.01648388 -0.6350124 -0.7724867 -0.004858396 -0.640172 -0.7682163 -0.004858146 -0.6976718 -0.7163984 0.005230597 -0.7526485 -0.6584076 -0.004449233 -0.7553881 -0.6551329 0.01376923 -0.8028299 -0.5960647 -0.01308666 -0.803131 -0.5956588 -0.01308679 -0.8484744 -0.5288417 -0.02043257 -0.855464 -0.5170681 0.02866909 -0.8883028 -0.4585036 -0.02631878 -0.8882822 -0.4585434 -0.0263188 -0.9499931 -0.3105021 -0.03318728 -0.9583164 -0.2830647 0.03878364 -0.9788105 -0.2009942 0.03913166 -0.9715796 -0.2341994 -0.03440879 -0.9715567 -0.2342937 -0.03440879 -0.9913419 -0.08528065 0.09984092 -0.9870117 -0.1568412 -0.03476808 -0.9870005 -0.1569114 -0.03476809 -0.9965525 -0.004794807 0.08282523 -0.9990721 -0.02844126 -0.03234281 -0.9994746 0.00187445 -0.03235584 -0.9948793 0.07627776 0.06630825 -0.9863266 0.1569993 0.05011099 -0.989537 0.1423641 -0.02343093 -0.9865988 0.1614736 -0.0234322 -0.9709084 0.2367987 0.03554323 -0.9490717 0.3143016 0.02184989 -0.9512382 0.3083322 -0.008779048 -0.9485478 0.3165123 -0.008778211 -0.9211109 0.3891786 0.009731551 -0.8475319 0.5306633 -0.009287152 -0.8475868 0.5305756 -0.00928714 -0.8861596 0.4632684 0.01017291 -0.8019715 0.5971101 -0.01735382 -0.7948273 0.6062775 0.02601871 -0.7511268 0.6597282 -0.02381493 -0.7510669 0.6597965 -0.02381491 -0.6953421 0.7180939 -0.02899199 -0.6795328 0.732749 0.03624754 -0.5716944 0.8197609 -0.03402445 -0.5717115 0.8197489 -0.03402446 -0.6144012 0.7880461 0.0386598 -0.6353008 0.7715858 -0.03237634 -0.6351449 0.771714 -0.03237633 -0.3677626 0.9255833 0.08970107 -0.4353363 0.8996042 -0.0345632 -0.4690975 0.8824708 -0.03453881 -0.4403099 0.8915005 0.1065556 -0.5051193 0.8623646 -0.03437706 -0.3128765 0.9493075 -0.03038982 -0.2920287 0.9536037 0.07320681 -0.1338307 0.9901215 0.04181914 -0.2094057 0.9774835 -0.02598747 -0.2304194 0.9727444 -0.02598439 -0.2137002 0.9752378 0.05695041 -0.2867485 0.9575233 -0.03040335 -0.05328423 0.9982006 0.02750336 -0.06148144 0.9980309 -0.01242442 -0.05109161 0.9986166 -0.0124259 0.02707018 0.9995232 0.01484888 0.1065705 0.994298 0.003779128 0.1070987 0.9942292 0.006175663 0.1860745 0.9825199 -0.005553802 0.1853867 0.98265 -0.00555373 0.2634851 0.9645637 -0.01387591 0.2726551 0.9618342 0.02311635 0.3405691 0.9399791 -0.02126061 0.3403218 0.9400686 -0.02126075 0.4150471 0.9093966 -0.02708807 0.4324494 0.9010029 0.03436853 0.5553474 0.8309271 -0.03390443 0.555326 0.8309413 -0.0339044 0.5079319 0.860569 0.03776358 0.4868562 0.8729199 -0.03133582 0.4869414 0.8728724 -0.03133583 0.7273691 0.6794468 0.09636513 0.6795138 0.7328539 -0.03444109 0.6496984 0.7594129 -0.03441278 0.6693712 0.7339106 0.1154018 0.6196026 0.7841468 -0.0347339 0.7685467 0.638999 -0.03187792 0.7809794 0.6194153 0.07997445 0.8726893 0.4858721 0.04839088 0.8338427 0.5512951 -0.02792841 0.8203911 0.5711205 -0.02792673 0.8295614 0.5547722 0.06368461 0.7869871 0.6161447 -0.03189144 0.9098056 0.4136634 0.03371135 0.9059737 0.4230347 -0.0159174 0.9112889 0.4114597 -0.01591863 0.9405867 0.3389535 0.02017448 0.9648728 0.2625903 0.008178975 0.9645471 0.2639049 0.001805526 0.9827432 0.184967 -0.001722631 0.9827316 0.1850282 -0.001722671 0.9942927 0.1061524 -0.01066213 0.9949355 0.09855342 0.01976107 0.9995509 0.0137523 0.02662629 0.9994913 0.0260363 -0.01841928 0.9995068 0.02543577 -0.01841931 0.990411 -0.1350171 -0.02926497 0.990436 -0.1348342 -0.02926498 0.9968796 -0.07186747 0.03264989 0.9981964 -0.05464226 -0.02486577 0.9981996 -0.05458274 -0.02486577 0.9762372 -0.2141597 -0.03311377 0.9697794 -0.240824 0.03913659 0.9559046 -0.2916305 -0.03461317 0.9558517 -0.2918039 -0.03461313 0.913551 -0.4052962 -0.03405124 0.8969101 -0.4297825 0.1041113 0.9297799 -0.3664742 -0.03472887 0.8188841 -0.5696389 0.07028835 0.8603985 -0.5085716 -0.03270121 0.8761072 -0.4810071 -0.03268627 0.861087 -0.5010424 0.08651957 0.8979751 -0.4387257 -0.03406748 0.7706956 -0.6348746 0.05442877 0.7817934 -0.6230308 -0.02513555 0.7687297 -0.6390794 -0.02514376 0.7170561 -0.6958787 0.0397904 0.6585307 -0.7521017 0.02608272 0.6644374 -0.7472589 -0.01128281 0.657394 -0.7534626 -0.01128537 0.5959627 -0.8028997 0.01342856 0.5299724 -0.8480107 0.002642976 0.5290308 -0.8485692 0.007527161 0.4603052 -0.8877351 -0.006739127 0.4609119 -0.8874203 -0.006739135 0.3885229 -0.9213169 -0.01500434 0.3790228 -0.9250819 0.02377275 0.2356133 -0.971449 -0.02780597 0.235642 -0.971442 -0.02780597 0.2988574 -0.9538229 0.03010214 0.3132292 -0.9494213 -0.0220559 0.3132754 -0.9494063 -0.02205591 0.1564898 -0.9871671 -0.03181408 0.1315458 -0.990568 0.03835006 0.07662673 -0.9964709 -0.0342657 0.07669094 -0.996466 -0.0342657 -0.152832 -0.983877 0.09288938 -0.08220851 -0.9960263 -0.03425652 -0.04297158 -0.9984897 -0.03423125 -0.07350298 -0.9908337 0.1133396 -0.003111732 -0.9993783 -0.03511969 -0.2316944 -0.9697524 0.07679881 -0.2104137 -0.9771152 -0.03117448 -0.238177 -0.9707208 -0.03119006 -0.3096905 -0.9488668 0.06118392 -0.385985 -0.9213611 0.04592718 -0.3735963 -0.9273393 -0.02162741 -0.3901877 -0.9204813 -0.02162948 -0.4598055 -0.8874576 0.03159028 -0.5303504 -0.8475802 0.01833901 -0.5261276 -0.8503816 -0.006387939 -0.5312038 -0.84722 -0.006387734 -0.5968341 -0.8023341 0.007000666 -0.6588971 -0.7522272 -0.002965655 -0.661568 -0.7497834 0.01235571 -0.7221226 -0.6914582 0.02060433 -0.7165158 -0.6974753 -0.01154556 -0.7163584 -0.697637 -0.01154553 -0.8185957 -0.5738158 -0.02523078 -0.8185724 -0.5738489 -0.02523078 -0.777959 -0.6277051 0.0276786 -0.7698843 -0.6378968 -0.01913001 -0.7699835 -0.637777 -0.01913002 -0.8620831 -0.5058702 -0.0301329 -0.8732765 -0.4857908 0.03735399 -0.9000137 -0.4345737 -0.03348444 -0.8999431 -0.4347197 -0.03348443 -0.9318069 -0.361233 -0.03530788 -0.9432358 -0.3296522 0.04044145 -0.9711297 -0.2156046 0.1020873 -0.9576548 -0.2857938 -0.03491798 -0.9576728 -0.2857333 -0.03491798 -0.9869992 -0.1375651 0.08311763 -0.9862821 -0.1619245 -0.03206281 -0.9907861 -0.1315816 -0.03207909 -0.9960341 -0.05775499 0.0676792 -0.9983805 0.0230197 0.0520236 -0.9996774 0.007470673 -0.02427532 -0.9993271 0.02749413 -0.02428078 -0.9938458 0.1041611 0.03769707 -0.9825349 0.1845168 0.02405619 -0.9840326 0.1776938 -0.0102306 -0.9824256 0.1863737 -0.01023141 -0.9646148 0.2634019 0.01173571 -0.9398417 0.3414989 0.008719761 -0.8745834 0.4846112 -0.01599059 -0.8748158 0.4841917 -0.01599056 -0.9077361 0.4192045 0.01681986 -0.9104102 0.4136285 -0.008046599 -0.9103939 0.4136643 -0.008046606 -0.8328131 0.5530771 -0.02298269 -0.8238353 0.5660009 0.03063233 -0.7857231 0.6179359 -0.02818335 -0.785461 0.618269 -0.02818346 -0.7330546 0.6794039 -0.0322664 -0.7149738 0.6980629 0.03899582 -0.6758363 0.7362378 -0.03462891 -0.6759571 0.7361268 -0.03462895 -0.4871183 0.8685879 0.09094407 -0.5503051 0.8342547 -0.03439977 -0.5821854 0.8123291 -0.03437446 -0.5541556 0.8249731 0.1110446 -0.6147334 0.7879423 -0.03535135 -0.4166596 0.9060624 0.07379483 -0.4372827 0.8988125 -0.03033082 -0.4125042 0.9104503 -0.03034118 -0.3426108 0.9376287 0.05891033 -0.2657506 0.963043 0.04387126 -0.278634 0.9601711 -0.02084548 -0.2622451 0.9647762 -0.02084654 -0.1867738 0.9819543 0.029687 -0.106627 0.9941567 0.01682642 -0.02605677 0.9996459 0.005395389 -0.02621981 0.9996454 0.004635281 0.1330154 0.9910348 -0.01252941 0.1330284 0.991033 -0.01252941 0.05820943 0.9982108 0.01367223 0.05390866 0.9985359 -0.004472479 0.05409694 0.9985257 -0.004472486 0.2115105 0.9771756 -0.01977946 0.2247415 0.9740091 0.02823943 0.2892646 0.9568916 -0.02616095 0.2891775 0.956918 -0.02616091 0.3652277 0.9304122 -0.03068962 0.3870805 0.9212758 0.03767656 0.5096654 0.8596458 -0.03535806 0.5096955 0.859628 -0.03535808 0.4646673 0.8845785 0.04006381 0.4389617 0.89787 -0.03379586 0.4389092 0.8978957 -0.03379583 0.6916823 0.7177428 0.0801298 0.639584 0.7679843 -0.03365045 0.6119085 0.7902132 -0.03363268 0.6309639 0.769348 0.09994192 0.5766681 0.8162153 -0.03530439 0.7478384 0.660737 0.06453254 0.7362031 0.6761743 -0.02816551 0.7526659 0.6577995 -0.02817368 0.7994456 0.5986716 0.04979183 0.8405784 0.5414221 -0.01703014 0.8459234 0.5321062 0.03572942 0.9205573 0.3906074 0.0005528594 0.9212785 0.3887706 0.01016946 0.8875 0.460719 -0.00904518 0.8838196 0.4677402 -0.009043816 0.886609 0.4619742 0.02245729 0.8475645 0.5304189 -0.01703314 0.9715376 0.2367051 -0.009234549 0.9730275 0.2299698 0.0182003 0.9872452 0.1583022 -0.01695188 0.9871458 0.158921 -0.01695185 0.9965541 0.07954085 -0.02351865 0.9975119 0.06313943 0.03136031 0.9995787 -0.0008413774 -0.02901158 0.9995788 -0.0007038821 -0.02901161 0.9961451 -0.08127075 -0.03301491 0.9934058 -0.1078282 0.038963 0.9863225 -0.161064 -0.03501891 0.9862993 -0.1612056 -0.0350189 0.9196357 -0.382621 0.08872139 0.9479994 -0.3163812 -0.03464272 0.9593897 -0.2799515 -0.03462132 0.9455091 -0.3067483 0.1091699 0.9701824 -0.2397482 -0.03559443 0.8873922 -0.4555794 0.0705884 0.8986661 -0.437636 -0.0295656 0.8866084 -0.4615742 -0.02957664 0.8487185 -0.5258815 0.05590775 0.80402 -0.5931473 0.04156903 0.752293 -0.6587049 -0.01276843 0.7603791 -0.6491288 0.02133764 0.6379846 -0.770039 0.003941917 0.6982275 -0.7158651 -0.003945571 0.7008918 -0.7132567 -0.003945604 0.6980296 -0.7159071 0.01522352 0.7526753 -0.6582681 -0.01276857 0.5741314 -0.8187444 -0.005530601 0.5700359 -0.8214812 0.01509092 0.5069717 -0.8618549 -0.01363431 0.5072173 -0.8617103 -0.0136343 0.4370584 -0.8991973 -0.02059239 0.4240962 -0.9051613 0.02872967 0.3638033 -0.9310936 -0.02668167 0.3638035 -0.9310935 -0.02668167 0.2877283 -0.9572054 -0.0311506 0.2642037 -0.9637175 0.03801087 0.2097609 -0.9771551 -0.03418042 0.2096794 -0.9771726 -0.03418043 -0.02129607 -0.9949529 0.09805801 0.05070317 -0.9980842 -0.03545405 0.09110145 -0.9952111 -0.03543115 0.05909897 -0.9911541 0.1188311 0.1304232 -0.9908133 -0.03575977 -0.1012312 -0.9917557 0.0785686 -0.07851982 -0.9964394 -0.03071086 -0.1075468 -0.9937251 -0.03072512 -0.1802848 -0.9816806 0.0616493 -0.2452375 -0.9692059 -0.0223296 -0.2588874 -0.9647495 0.04728146 -0.3269382 -0.9449107 -0.01597131 -0.3362902 -0.9411653 0.03341615 -0.2631761 -0.9644894 -0.02232774 -0.5532628 -0.8330052 -0.001625227 -0.5569543 -0.8305416 -0.00162488 -0.4830505 -0.8755897 0.002198518 -0.4841911 -0.8749201 0.008590126 -0.4132184 -0.9105991 -0.007735379 -0.6181507 -0.7859895 -0.01049781 -0.6239449 -0.7812333 0.01916531 -0.7346516 -0.6780205 -0.02398751 -0.7345226 -0.6781601 -0.02398752 -0.6872807 -0.7259265 0.02599831 -0.6784376 -0.7344431 -0.01776987 -0.6784175 -0.7344617 -0.01776987 -0.7864116 -0.6170086 -0.02927703 -0.7997389 -0.5992317 0.03659254 -0.8334591 -0.5515884 -0.03310772 -0.8333679 -0.5517263 -0.03310768 -0.8750829 -0.4827006 -0.03507362 -0.890219 -0.453692 0.04091079 -0.9332944 -0.3425737 0.1077257 -0.9108965 -0.411078 -0.03580781 -0.9109834 -0.4108857 -0.03580782 -0.9598137 -0.2667125 0.08730546 -0.9560112 -0.2915463 -0.03229998 -0.9647516 -0.26117 -0.03231884 -0.9795262 -0.189353 0.06836625 -0.9916205 -0.1268067 -0.02467312 -0.992447 -0.1105987 0.05307418 -0.9989279 -0.04222644 -0.01897452 -0.9987819 -0.03033829 0.0389124 -0.9940484 -0.1061063 -0.02468078 -0.9774057 0.2113575 0.002442607 -0.9912447 0.1320135 -0.002525833 -0.9917185 0.128406 -0.002526016 -0.9912096 0.1316144 0.01346024 -0.9985297 0.05298626 -0.01144509 -0.9571889 0.2893733 -0.007241474 -0.9554339 0.2947545 0.01631086 -0.8990059 0.437428 -0.02109205 -0.8990489 0.4373399 -0.02109205 -0.9270486 0.3742165 0.02330094 -0.9309854 0.3647494 -0.01496949 -0.9307789 0.365276 -0.01496948 -0.8612217 0.5075009 -0.02720371 -0.8507041 0.5245088 0.03454318 -0.8176256 0.5748797 -0.03165123 -0.8176559 0.5748364 -0.03165123 -0.768703 0.6386657 -0.03467037 -0.7486652 0.6617115 0.04047439 -0.6589842 0.7431003 0.1163694 -0.7147765 0.6984419 -0.03568513 -0.714837 0.69838 -0.03568504 -0.5977715 0.7958984 0.0959949 -0.6214115 0.7827536 -0.03383031 -0.5942479 0.8035698 -0.03384039 -0.5327829 0.8428127 0.07621744 -0.4808252 0.8764136 -0.02657732 -0.4642204 0.8837389 0.05920458 -0.3170145 0.9478991 0.03144814 -0.3891302 0.9209346 -0.02137868 -0.4051585 0.9139966 -0.02137628 -0.3922758 0.9187559 0.04480394 -0.4606853 0.8871654 -0.02658357 -0.2454805 0.9692702 0.01595919 -0.1598059 0.9871227 0.00713333 -0.2382553 0.9711813 -0.006429816 -0.237872 0.9712752 -0.006429838 -0.07949897 0.9968297 -0.003220501 -0.07583718 0.9970385 0.01277085 0.08033511 0.9965917 -0.01873733 0.08053023 0.996576 -0.01873731 0.009048785 0.9997473 0.02057783 0.0008409125 0.999931 -0.01171549 0.0006650825 0.9999312 -0.01171549 0.1591489 0.9869518 -0.02445032 0.1765853 0.9837554 0.03229285 0.2372093 0.9710042 -0.029706 0.2372206 0.9710015 -0.02970601 0.3143545 0.9487231 -0.03325227 0.3408562 0.9392755 0.03973106 0.3895513 0.9203254 -0.03537 0.3896954 0.9202644 -0.03537004 0.5724835 0.819281 -0.03226732 0.590375 0.8026515 0.08489985 0.531945 0.8460633 -0.0348068 0.5004607 0.86506 -0.03478886 0.5224275 0.8462393 0.1046348 0.4624727 0.885911 -0.03578735 0.7125227 0.6998417 0.05033026 0.6589893 0.7516243 -0.0281748 0.6397998 0.7680251 -0.02817144 0.6537763 0.7537748 0.06633367 0.5975766 0.8011618 -0.03228025 0.7668391 0.6407775 0.03690401 0.7599497 0.6497373 -0.01782649 0.7693693 0.6385555 -0.01782735 0.8179719 0.5751673 -0.0102177 0.85901 0.5118449 0.01079364 0.9314801 0.3636954 -0.008392855 0.931376 0.3639618 -0.00839286 0.8998765 0.4360558 0.008807557 0.8991827 0.4375718 0.001219295 0.8610854 0.5084597 -0.0008939993 0.9575248 0.2878908 -0.01628333 0.9604633 0.2773395 0.02434884 0.9772956 0.2107108 -0.02223469 0.9772517 0.210914 -0.02223467 0.9907787 0.1326478 -0.02760279 0.9930843 0.1121639 0.03468019 0.9980698 0.05331381 -0.03185222 0.9980835 0.05305621 -0.03185219 0.999028 -0.0273222 -0.03459228 0.9974785 -0.05836776 0.0403701 0.977527 -0.1773882 0.1139052 0.9935662 -0.1074162 -0.03588912 0.9935862 -0.1072302 -0.03588913 0.9720204 -0.2324964 -0.03349227 0.9619411 -0.2567828 0.09344404 0.9108956 -0.408646 0.05724989 0.9397687 -0.3405016 -0.02989114 0.9488517 -0.3143045 -0.02988394 0.9395685 -0.3340957 0.07477326 0.9637299 -0.2647677 -0.03350752 0.8759751 -0.4804952 0.04233351 0.8828003 -0.4693075 -0.02035305 0.8749363 -0.4838101 -0.02035425 0.8339181 -0.551724 -0.0134654 0.7914324 -0.6110764 0.01484007 0.787223 -0.6166465 -0.005187711 0.678316 -0.7347562 -0.004542006 0.6773763 -0.7356225 -0.004542023 0.7356794 -0.6773118 0.004943523 0.7355906 -0.6774037 0.005548298 0.7876222 -0.6161367 -0.005187816 0.6169275 -0.7869126 -0.01300403 0.6098148 -0.7922466 0.02170732 0.5519524 -0.8336387 -0.01987804 0.5520115 -0.8335995 -0.019878 0.4842572 -0.8745658 -0.02509107 0.4678386 -0.8831998 0.03294338 0.4130838 -0.9102039 -0.02984524 0.4131144 -0.9101899 -0.02984522 0.3390147 -0.9401833 -0.03353062 0.3116201 -0.9493703 0.03986271 0.2623139 -0.9643234 -0.03566144 0.2623833 -0.9643046 -0.03566147 0.2289647 -0.9725644 0.04115576 0.1838731 -0.982291 -0.03598773 0.03139927 -0.9960591 0.0829473 0.1045575 -0.9939102 -0.03478624 0.1402548 -0.9895046 -0.03477326 0.1119218 -0.9884252 0.102416 0.1840128 -0.9822649 -0.0359877 -0.04897709 -0.996693 0.06484088 -0.02976467 -0.999175 -0.02762994 -0.05430205 -0.998142 -0.02763564 -0.1285535 -0.9905266 0.04828114 -0.2073871 -0.9776496 0.03452544 -0.1970835 -0.9802464 -0.0165817 -0.210541 -0.9774444 -0.01658517 -0.2871932 -0.9578295 -0.009086752 -0.3599232 -0.932934 0.009459541 -0.3627949 -0.9318689 0.0003718873 -0.4365663 -0.899672 -0.0003870021 -0.5078398 -0.8613976 -0.00963999 -0.5136968 -0.8577709 0.01856248 -0.5749981 -0.8179752 -0.01713723 -0.5753971 -0.8176946 -0.0171372 -0.6385835 -0.7692036 -0.02316946 -0.6509374 -0.7585238 0.03036889 -0.6973244 -0.7162117 -0.02791957 -0.6974136 -0.7161249 -0.02791965 -0.8023093 -0.5958942 -0.03478238 -0.8207515 -0.5698437 0.04056049 -0.8474586 -0.5296462 -0.0358992 -0.9152703 -0.3923676 0.09125719 -0.887369 -0.459683 -0.03560685 -0.8690452 -0.493451 -0.03558959 -0.8785196 -0.4646558 0.110898 -0.8475631 -0.529479 -0.03589918 -0.9454676 -0.3174515 0.07290832 -0.9406195 -0.338165 -0.02965586 -0.9494563 -0.3124944 -0.02966494 -0.9689929 -0.2408114 0.05533984 -0.9858311 -0.1628602 0.04017002 -0.9843436 -0.1752364 -0.01896909 -0.9869799 -0.1597213 -0.01896859 -0.9965978 -0.08149225 -0.01232769 -0.9998787 -0.007729301 0.01352054 -0.9999909 -0.001702397 -0.003906215 -0.9999889 -0.002657686 -0.003906206 -0.9969351 0.07813254 0.003960089 -0.9968856 0.0786144 0.006224041 -0.9875455 0.157232 -0.005642469 -0.987316 0.1586676 -0.005642389 -0.9864228 0.1635036 0.01538595 -0.9712386 0.2376904 -0.01410568 -0.9712468 0.2376566 -0.01410569 -0.968742 0.2469783 0.02325645 -0.9487536 0.3153278 -0.02085682 -0.9399821 0.3329341 -0.07475615 -0.9441759 0.3281924 0.02866654 -0.948953 0.314727 -0.02085683 -0.8880804 0.4596856 -0.001563201 -0.8883303 0.4592024 -0.001563213 -0.9095572 0.4122054 0.05284313 -0.920812 0.3891395 -0.02599508 -0.9208497 0.3890502 -0.02599509 0.7740362 -0.624056 0.1068743 0.7743414 -0.6242355 0.1035633 0.7218445 -0.6859344 -0.09183931 0.7109398 -0.6972316 -0.09182992 0.7237258 -0.6871955 -0.06311337 0.7187032 -0.6942212 0.03902045 0.6606664 -0.7497156 -0.0380328 0.6523369 -0.7569743 -0.03803098 0.6610454 -0.7495981 -0.03348939 0.6559695 -0.7545631 0.01840042 0.59247 -0.8055392 -0.009265233 0.6541312 -0.7561461 -0.0188504 0.5924755 -0.8053669 -0.01889562 0.5886833 -0.8083301 0.00738136 0.5183948 -0.8547714 0.02515296 0.5878336 -0.8089471 -0.007494426 0.5190175 -0.8547304 -0.007530137 0.5176294 -0.8555977 -0.003525172 0.5196608 -0.8543717 -0.001273997 0.5178843 -0.8554507 0 0.4437144 -0.8961682 0 0.4437175 -0.8961667 -1.680852e-05 0.4437008 -0.896175 0 0.3659544 -0.9306327 0 0.3644409 -0.9308637 -0.02599185 0.3603952 -0.9324375 -0.02599077 0.3659176 -0.9306472 0.0001923594 0.3660663 -0.9305888 0 0.284895 -0.9585587 0 0.2848503 -0.958572 0.0002290203 0.2849951 -0.958529 0 0.201441 -0.9795007 0 0.2001683 -0.9795257 -0.02149331 0.1905801 -0.9814363 -0.02149482 0.2014309 -0.9795027 5.07449e-05 0.2014581 -0.9794971 0 0.1165763 -0.9931817 0 0.1166271 -0.9931757 -0.000251011 0.03111384 -0.9995159 0 0.03118761 -0.9995135 -0.000182079 0.03130933 -0.9995097 0 0.1165113 -0.9931894 0 -0.05372431 -0.9985558 -0 -0.0537459 -0.9985546 -2.738448e-05 -0.05175235 -0.9980498 0.03490412 -0.109478 -0.9934928 -0.03141101 -0.1378514 -0.9904529 0 -0.1378726 -0.99045 6.693172e-05 -0.137937 -0.990441 0 -0.05375577 -0.9985541 0 -0.2213644 -0.9751911 -0 -0.2213467 -0.9751952 1.470609e-05 -0.2189377 -0.9749157 0.04007044 -0.2655836 -0.9634278 -0.03566761 -0.3038037 -0.9527346 0 -0.3038312 -0.9527259 0.0001144181 -0.304022 -0.952665 0 -0.2213426 -0.9751961 0 -0.3845556 -0.9231018 -0 -0.3845479 -0.9231051 2.767028e-06 -0.3861389 -0.9218256 -0.03367962 -0.4161764 -0.9086595 -0.03369458 -0.4624334 -0.886654 0.0001829293 -0.4623884 -0.8866775 -6.111561e-05 -0.4616055 -0.8870853 0 -0.3845474 -0.9231053 0 -0.4616029 -0.8870867 -0 -0.5367571 -0.8437368 0 -0.5367795 -0.8437225 -7.478091e-05 -0.5369154 -0.8436361 0 -0.6066131 -0.7949972 0 -0.6066462 -0.7949719 0.0001998492 -0.6064301 -0.7951368 -0 -0.67166 -0.7408595 0 -0.6721055 -0.7403591 -0.01194792 -0.6798807 -0.7332253 -0.01194813 -0.6716359 -0.7408814 -0.0001543004 -0.6717483 -0.7407795 0 -0.7318578 -0.6814574 0 -0.7318596 -0.6814554 1.265708e-05 -0.7318531 -0.6814625 -0 -0.7872822 -0.6165927 0 -0.7870396 -0.6168696 0.006378115 -0.8356391 -0.5492457 -0.006035841 -0.7872828 -0.6165921 3.510238e-06 -0.7872814 -0.6165938 0 -0.8372774 -0.5467785 0 -0.8372601 -0.5468047 -0.0001540941 -0.8373029 -0.5467393 0 -0.8811066 -0.4729178 -0 -0.8811511 -0.4728348 -0.0001532589 -0.8802732 -0.473902 0.02314831 -0.9117267 -0.410255 -0.02109835 -0.9184741 -0.3954813 0 -0.918469 -0.395493 -3.363987e-05 -0.9184595 -0.395515 0 -0.8811826 -0.4727761 0 -0.9488713 -0.3156632 -0 -0.9489064 -0.3155577 -0.0001308032 -0.9477476 -0.3172166 0.03388214 -0.9653795 -0.2590528 -0.03056089 -0.9722145 -0.2340919 0 -0.9722188 -0.234074 5.995374e-05 -0.9722338 -0.2340119 0 -0.9489204 -0.3155156 0 -0.9885085 -0.1511656 -0 -0.9885147 -0.1511254 -2.850058e-05 -0.9874198 -0.1531912 0.03917297 -0.9940081 -0.1035314 -0.03505845 -0.9885157 -0.1511177 -0 -0.9977317 -0.06731543 0 -0.9977748 -0.0666725 -0.0002989921 -0.9977797 -0.06659984 0 -0.9998168 0.01914136 0 -0.9998185 0.01905352 1.89688e-05 -0.9998182 0.01906536 -1.773006e-05 -0.9991788 0.02105992 -0.03461283 -0.9978247 0.05609492 -0.03462952 -0.9944912 0.1048209 0 -0.9944794 0.1049313 -0.0003243875 -0.9937828 0.1067004 -0.03179223 -0.9901926 0.1360406 -0.03180593 -0.9943695 0.1059686 0 -0.9818283 0.1897712 0 -0.9818109 0.1898613 -0.0002510494 -0.9817294 0.1902825 0 -0.9619496 0.2732269 0 -0.9619478 0.2732334 3.282174e-05 -0.9619582 0.2731968 0 -0.9352617 0.3539569 0 -0.9348477 0.35472 -0.01527907 -0.9303066 0.3664646 -0.01527999 -0.9352657 0.3539464 -5.394691e-05 -0.935249 0.3539906 0 -0.902009 0.4317174 0 -0.902033 0.431667 -0.0002652759 -0.9019535 0.431833 0 -0.8622522 0.5064793 0 -0.8623054 0.5063851 0.001894954 -0.8151529 0.5792426 -0.00193032 -0.8622734 0.5064431 -0.000202377 -0.8622155 0.5065418 0 -0.8158289 0.5782933 0 -0.815766 0.5783818 0.0005312471 -0.763174 0.646193 0 -0.7631394 0.6462338 0.0001310291 -0.7630842 0.6462991 0 -0.815912 0.5781761 0 -0.7048434 0.7093629 0 -0.7048411 0.7093652 -4.397452e-06 -0.7056959 0.7080013 0.02697164 -0.6556 0.7547072 -0.02460952 -0.6413831 0.7672207 0 -0.6413805 0.7672229 1.079437e-05 -0.6413728 0.7672294 0 -0.70484 0.7093664 0 -0.5736947 0.8190692 0 -0.5736485 0.8191016 -4.764401e-05 -0.5749385 0.8174238 0.03555251 -0.5273402 0.8490549 -0.03190833 -0.5024327 0.8646163 0 -0.5024151 0.8646266 7.717183e-05 -0.5023037 0.8646912 0 -0.5736371 0.8191094 0 -0.4271285 0.904191 0 -0.4274868 0.9040216 0.0001410255 -0.4291815 0.902336 0.03991275 -0.386391 0.9216602 -0.03527733 -0.3489404 0.9371449 2.37169e-06 -0.3489635 0.9371363 -0.000113186 -0.3499697 0.936761 0 -0.4275169 0.9040074 0 -0.3489542 0.9371397 0 -0.2673649 0.9635954 0 -0.2673519 0.9635989 -3.852397e-05 -0.2672652 0.9636229 0 -0.1835488 0.9830106 0 -0.1835619 0.9830081 -6.569672e-05 -0.1834707 0.9830251 0 -0.09850448 0.9951366 0 -0.09704053 0.9949691 -0.02489198 -0.07627993 0.9967756 -0.02489629 -0.09848997 0.995138 7.152282e-05 -0.09856167 0.995131 0 -0.01306669 0.9999146 0 -0.01308858 0.9999143 -0.0001058978 -0.0130057 0.9999154 0 0.07168035 0.9974277 0 0.07228488 0.9973243 -0.01091233 0.08219995 0.9965562 -0.01091227 0.07164219 0.9974304 -0.0001817083 0.07175837 0.997422 -0 0.155635 0.9878146 0 0.1556816 0.9878072 0.0002251688 0.2389557 0.9710305 0 0.2389396 0.9710344 -3.715345e-05 0.2389176 0.9710398 -0 0.1555638 0.9878259 0 0.3210623 0.9470581 0 0.3211874 0.9470156 -0.0001895942 0.3202233 0.9471972 0.01657034 0.3907328 0.9203759 -0.01536801 0.4013649 0.9159182 0 0.4013264 0.9159351 -0.0001240058 0.401233 0.9159761 -0 0.3212567 0.9469922 0 0.4784498 0.8781149 0 0.4785156 0.8780791 -7.384382e-05 0.476748 0.878518 0.03028792 0.5333534 0.8454476 -0.02742988 0.5519481 0.8338785 0 0.551945 0.8338805 -1.409272e-05 0.5519291 0.833891 -0 0.4785352 0.8780684 0 0.6207169 0.7840348 0 0.6208665 0.7839163 -9.555765e-05 0.6187747 0.7846791 0.03737488 0.6605737 0.7500314 -0.03309695 0.6848244 0.7287081 0 0.6848266 0.7287062 1.238779e-05 0.6848629 0.7286719 -0 0.6208853 0.7839014 0 0.7440367 0.6681388 0 0.7440224 0.6681547 6.250112e-05 0.7449037 0.666235 -0.03534505 0.7707934 0.6361023 -0.03537617 0.7438678 0.6683269 0 0.7983603 0.6021801 0 0.7984164 0.6021056 -0.0002577664 0.7987008 0.6017284 -0 0.8470916 0.5314469 0 0.847046 0.5315194 -0.0004214107 0.8473154 0.5310899 0 0.8896275 0.4566869 0 0.8900196 0.4551074 -0.02724614 0.9003833 0.4342433 -0.02725319 0.8896006 0.4567391 -0.0002889001 0.8897182 0.4565102 -0 0.9255336 0.3786657 0 0.9255316 0.3786706 -2.600125e-05 0.9255385 0.3786536 0 0.9544465 0.2983822 0 0.9545908 0.297579 -0.014252 0.9581572 0.2858874 -0.01425345 0.9544412 0.298399 -8.501931e-05 0.9544561 0.2983515 -0 0.9762641 0.2165835 0 0.9762619 0.2165934 -4.846635e-05 0.9910632 0.133393 0 0.9910613 0.1334067 -3.255923e-05 0.9910586 0.1334276 -0 0.9762672 0.2165698 0 0.9988271 0.04841746 0 0.9988241 0.04848119 8.519238e-05 0.9987068 0.04920761 0.01279117 0.9995356 -0.0280115 -0.01200476 0.9993024 -0.03734718 0 0.9993039 -0.03730651 -0.0001263262 0.9993081 -0.03719335 0 0.9988226 0.04851238 0 0.9924152 -0.1229303 0 0.9924147 -0.1229356 -4.720099e-06 0.9922271 -0.1212769 0.02788039 0.9817579 -0.1884112 -0.02554365 0.9781842 -0.2077394 0 0.9781787 -0.2077655 0.0001025002 0.9781456 -0.207921 0 0.9924145 -0.1229369 0 0.9568738 -0.2905041 0 0.9568409 -0.2906122 -4.475139e-05 0.9568078 -0.288417 0.03652941 0.938895 -0.3426332 -0.03284099 0.9287694 -0.3706581 6.544503e-05 0.9287575 -0.3706878 0.0002103326 0.9282078 -0.3720623 0 0.9568378 -0.2906224 0 0.9289797 -0.3701308 0 0.8941384 -0.4477908 0 0.8941284 -0.4478106 -6.29672e-05 0.8940548 -0.4479575 0 0.8529181 -0.5220447 0 0.8529281 -0.5220284 -9.251692e-05 0.8528553 -0.5221474 0 0.8051532 -0.5930669 0 0.8051486 -0.5930731 3.791926e-05 0.8051721 -0.5930411 0 0.7512586 -0.6600081 0 0.7498093 -0.6610051 -0.02929609 0.7325078 -0.6801276 -0.02930587 0.751236 -0.6600338 0.0001682358 0.7513246 -0.6599328 0 0.6917214 -0.7221645 0 0.6917129 -0.7221726 5.76668e-05 0.6917397 -0.7221469 0 0.6273357 -0.7787489 0 0.6264518 -0.7792619 -0.01757709 0.615236 -0.7881471 -0.01757776 0.6273292 -0.7787542 4.1058e-05 0.6273463 -0.7787404 0 0.5588435 -0.8292732 0 0.5588673 -0.8292571 -0.0001376586 0.5588144 -0.8292928 0 0.4868105 -0.8735076 0 0.4867607 -0.8735354 -8.251874e-05 0.4867078 -0.8735639 -0.001157904 0.4132173 -0.9106319 0.0009763823 0.4112428 -0.9115258 0 0.411197 -0.9115465 0.0001438441 0.4110906 -0.9115945 0 0.4867315 -0.8735516 0 0.3317354 -0.9433725 0 0.3318156 -0.9433443 8.619315e-05 0.332729 -0.9428539 0.01782703 0.2615689 -0.9650483 -0.0162364 0.2497587 -0.9683082 0 0.2497698 -0.9683053 -4.166169e-05 0.2498214 -0.9682919 0 0.3318406 -0.9433354 0 0.1654526 -0.9862177 0 0.165537 -0.9862036 4.623625e-05 0.1672331 -0.9854297 0.03100515 0.1030825 -0.9942741 -0.02816246 0.08033968 -0.9967675 0 0.0803471 -0.9967669 -3.283668e-05 0.08046003 -0.9967579 0 0.1655483 -0.9862016 0 -0.004981112 -0.9999875 -0 -0.005021921 -0.9999874 -0.0001207279 -0.002852606 -0.9992748 0.03796654 -0.05643991 -0.9978435 -0.03350615 -0.00554862 -0.9999846 -0 -0.08950717 -0.9959862 0 -0.08954448 -0.9959828 -0.0001034661 -0.08975258 -0.9959642 0 -0.173418 -0.9848483 0 -0.173417 -0.9848485 -4.609216e-06 -0.1734229 -0.9848474 -0 -0.2565116 -0.9665411 0 -0.2582353 -0.9654961 -0.03364349 -0.2905045 -0.9562814 -0.03366166 -0.2564768 -0.9665504 -0.0001751559 -0.2566342 -0.9665086 0 -0.3383381 -0.9410245 0 -0.3383219 -0.9410305 -8.507658e-05 -0.3383797 -0.9410096 -0 -0.4179598 -0.9084656 0 -0.4192214 -0.9074917 -0.02668664 -0.4395102 -0.897841 -0.02669282 -0.4179944 -0.9084496 0.0001880645 -0.4178936 -0.908496 0 -0.494489 -0.8691838 0 -0.4945039 -0.8691754 8.353488e-05 -0.4944677 -0.869196 0 -0.5669624 -0.8237437 -0 -0.5669762 -0.8237341 -2.683496e-05 -0.5675537 -0.8232283 -0.01334676 -0.5767743 -0.8167945 -0.01334532 -0.6348098 -0.7726685 0 -0.6348091 -0.772669 -1.988474e-06 -0.6348081 -0.7726699 0 -0.5669858 -0.8237276 0 -0.6979043 -0.7161911 -0 -0.6978083 -0.7162845 0.0001513434 -0.697612 -0.7164594 0.004839782 -0.7540253 -0.6568303 -0.004449256 -0.7559733 -0.6546025 0 -0.7559751 -0.6546004 9.278102e-06 -0.7559817 -0.6545926 0 -0.6977719 -0.71632 0 -0.8094717 -0.5871589 -0 -0.8092059 -0.5875251 0.0003063144 -0.8082747 -0.588397 0.02193336 -0.8484516 -0.5288786 -0.02043255 -0.8091586 -0.5875905 -0 -0.8568011 -0.5156471 0 -0.8566748 -0.5158568 0.0001062798 -0.8566618 -0.5158784 0 -0.8976073 -0.4407961 0 -0.897828 -0.4403464 -9.068104e-05 -0.8978177 -0.4403674 -1.86353e-05 -0.8964493 -0.441871 0.0335968 -0.9221106 -0.3857183 -0.03055337 -0.9322802 -0.3617371 -0 -0.9322574 -0.3617959 0.0001821976 -0.9308396 -0.36353 0.03719663 -0.9499867 -0.310522 -0.0331873 -0.9320664 -0.3622873 -0 -0.9596612 -0.281159 0 -0.959657 -0.2811734 4.056661e-05 -0.9596384 -0.2812368 0 -0.9799978 -0.1990085 0 -0.9799966 -0.1990143 -2.791374e-05 -0.9800028 -0.1989837 -0 -0.9933079 -0.1154966 0 -0.9929435 -0.1134865 -0.03440807 -0.9963654 -0.07791455 -0.03442627 -0.9933128 -0.1154537 0.0002082234 -0.9932927 -0.1156266 0 -0.9995402 -0.03032239 0 -0.9995404 -0.03031413 4.032348e-05 -0.9995396 -0.03034083 -0 -0.9984577 0.05551648 0 -0.9979579 0.05715054 -0.02852927 -0.9962043 0.08223602 -0.02853536 -0.9984561 0.05554682 0.000149413 -0.9984606 0.05546535 0 -0.9900019 0.1410538 0 -0.9899895 0.1411407 0.0004321906 -0.9900178 0.1409423 0 -0.9741933 0.2257153 0 -0.9742361 0.2255302 0.0002850333 -0.9738712 0.226468 -0.01694697 -0.9707801 0.2393714 -0.01694829 -0.9514446 0.3078203 0 -0.9514312 0.3078618 0.0001219498 -0.9514017 0.3079529 0 -0.9742621 0.2254183 0 -0.9219115 0.3874003 0 -0.9219393 0.3873343 7.442652e-05 -0.9219412 0.3873301 0.0001558937 -0.8873398 0.4611158 -0.0005765987 -0.8859565 0.4637682 0 -0.8859423 0.4637955 0.0001075601 -0.8858802 0.463914 0 -0.9219487 0.3873123 0 -0.8433692 0.5373345 0 -0.8433353 0.5373878 -3.605283e-05 -0.8437639 0.5363923 0.01859519 -0.8020987 0.5969393 -0.0173538 -0.8433304 0.5373955 0 -0.7939643 0.6079642 0 -0.7941837 0.6076777 0.0001176852 -0.7942001 0.6076564 0 -0.7388693 0.6738488 0 -0.7390903 0.6736064 2.313063e-05 -0.739085 0.6736122 -3.864901e-07 -0.7399565 0.6719043 0.03176527 -0.6953585 0.718078 -0.02899195 -0.7390836 0.6736137 0 -0.6784521 0.7346445 0 -0.6784332 0.7346621 -7.253452e-05 -0.6783185 0.734768 0 -0.613111 0.7899967 0 -0.6131162 0.7899927 -3.216871e-05 -0.6130819 0.7900195 0 -0.5438171 0.8392038 0 -0.5452586 0.8373305 0.039632 -0.5050391 0.8624116 -0.03437704 -0.5438297 0.8391956 -7.188113e-05 -0.5437702 0.8392342 0 -0.4710841 0.8820883 0 -0.4710586 0.8821019 0.0001371149 -0.4711508 0.8820527 0 -0.39455 0.9188745 0 -0.3925901 0.9191146 -0.03318535 -0.3624808 0.9313995 -0.03320458 -0.39459 0.9188572 -0.0002109556 -0.3944713 0.9189082 0 -0.3146915 0.949194 0 -0.3147114 0.9491873 -0.0001024679 -0.2319797 0.9727206 0 -0.2319701 0.9727228 2.262454e-05 -0.2319566 0.9727261 0 -0.3146619 0.9492038 0 -0.1475044 0.9890614 0 -0.1475522 0.9890543 6.80454e-05 -0.1463714 0.9890283 -0.01995908 -0.1304635 0.9912521 -0.01996319 -0.06224831 0.9980607 0 -0.06220732 0.9980633 0.0001221571 -0.06210407 0.9980697 0 -0.1475776 0.9890505 0 0.02305145 0.9997342 0 0.02302024 0.999735 2.949718e-05 0.0232272 0.9997237 -0.00362623 0.02951722 0.9995577 -0.003625628 0.1074645 0.9942089 0 0.1074466 0.9942108 -6.516645e-05 0.1073545 0.9942208 -0 0.02301129 0.9997352 0 0.1908068 0.9816276 0 0.1911007 0.9815704 -0.0001386022 0.1902272 0.9816232 0.01515209 0.2633247 0.9646075 -0.01387592 0.1911342 0.9815639 0 0.2735446 0.9618593 0 0.2740156 0.9617252 -0.0001060694 0.2740524 0.9617147 6.713744e-05 0.2724988 0.9621561 -0 0.3554976 0.9346772 0 0.3554538 0.9346938 0.0001366125 0.3537093 0.9348931 0.02940681 0.415016 0.9094108 -0.02708803 0.3550414 0.9348506 0 0.4345013 0.9006712 0 0.4345098 0.9006671 -2.561642e-05 0.4345492 0.9006481 -0 0.5101753 0.8600704 0 0.5102215 0.8600429 0.0002632324 0.5099601 0.8601981 0 0.5818164 0.8133202 0 0.5795442 0.8139942 0.03926807 0.6195654 0.7841761 -0.03473391 0.5818667 0.8132841 0.0002994901 0.5816546 0.8134359 -0 0.6486197 0.7611126 0 0.6486244 0.7611087 2.874115e-05 0.648609 0.7611218 0 0.710508 0.703689 0 0.7114388 0.7019374 -0.0337433 0.7354899 0.676694 -0.03376303 0.7105333 0.7036636 0.0001716006 0.7104645 0.7037331 -0 0.7677665 0.6407297 0 0.7677743 0.6407204 5.931796e-05 0.8198408 0.5725914 0 0.8197911 0.5726627 -0.0002124498 0.8197116 0.5727764 -0 0.7677562 0.6407421 0 0.8658783 0.5002548 0 0.8659415 0.5001453 -0.0001658413 0.8663734 0.4988824 -0.02266137 0.8753785 0.4829065 -0.0226637 0.905691 0.4239382 0 0.9056964 0.4239269 3.957549e-05 0.9057119 0.4238939 -0 0.8659711 0.5000939 0 0.938647 0.3448793 0 0.9386679 0.3448226 -5.123065e-05 0.9387909 0.344402 -0.007674739 0.9414848 0.3369678 -0.007675613 0.9645532 0.2638884 0 0.9645715 0.2638216 0.0002641492 0.9646866 0.2634002 -0 0.938673 0.3448088 0 0.9835235 0.1807806 0 0.9833961 0.1814716 0.0002497596 0.9832236 0.1820611 0.01118304 0.9943207 0.1058898 -0.01066213 0.9952351 0.09750448 -0.0001104925 0.9952397 0.09745692 0.0001122215 0.995342 0.09640747 -0 0.9833854 0.1815303 0 0.9953047 0.0967911 0 0.9999261 0.01215217 0 0.9999252 0.01223022 0.0002217106 0.9999188 0.01275064 -0 0.9972729 -0.07380184 0 0.9972751 -0.07377237 -0.0001455 0.9972599 -0.07397766 0 0.9872574 -0.1591315 0 0.9869255 -0.1569082 0.03684918 0.9761643 -0.2144918 -0.03311377 0.9872698 -0.1590539 -0.0003865896 0.987208 -0.1594378 0 0.9699763 -0.2431993 0 0.9699759 -0.2432011 8.612835e-06 0.9699776 -0.2431946 0 0.9457146 -0.3249982 0 0.9456997 -0.3226146 0.0396493 0.9298009 -0.3664206 -0.03472887 0.9456953 -0.3250544 0.0002857324 0.9457543 -0.3248826 0 0.9148498 -0.4037943 0 0.9148417 -0.4038126 9.51871e-05 0.8775001 -0.4795764 0 0.8774698 -0.479632 0.0001405566 0.8774286 -0.4797073 0 0.9148623 -0.403766 0 0.833423 -0.5526356 0 0.8334482 -0.5525975 6.529009e-05 0.8321233 -0.5537862 -0.02986334 0.817143 -0.5756608 -0.02986783 0.7829846 -0.6220411 0 0.7829554 -0.6220779 0.0001382905 0.7828845 -0.622167 0 0.8334622 -0.5525765 0 0.7266878 -0.6869679 0 0.7266049 -0.6870556 -0.000119141 0.7257323 -0.687722 -0.018737 0.7151825 -0.6986865 -0.01873949 0.6649033 -0.7469294 0 0.664956 -0.7468824 -0.0002596976 0.665215 -0.7466518 0 0.7265802 -0.6870818 0 0.5988792 -0.8008394 0 0.5986863 -0.8009835 -0.0001211017 0.5985935 -0.8010502 -0.002120723 0.5947437 -0.8039125 -0.002121617 0.5286501 -0.8488398 0 0.5286809 -0.8488207 -0.0001575931 0.5292125 -0.8484894 0 0.5986622 -0.8010017 0 0.4551715 -0.8904038 0 0.4551797 -0.8903996 2.707397e-05 0.4559228 -0.8898746 0.01604841 0.3887195 -0.921234 -0.01500431 0.4552702 -0.8903533 0 0.3778754 -0.9258565 0 0.3778675 -0.9258596 -2.345632e-05 0.3778274 -0.9258761 0 0.2973264 -0.9547759 0 0.297305 -0.9547825 0.0001094428 0.2974311 -0.9547433 0 0.2141774 -0.9767947 0 0.2160347 -0.9757592 0.03497162 0.1565784 -0.9871531 -0.0318141 0.2141304 -0.9768051 0.0002367907 0.2143364 -0.9767599 0 0.1294344 -0.991588 0 0.1294399 -0.9915873 -2.712899e-05 0.129421 -0.9915897 0 0.04411895 -0.9990262 0 0.04637378 -0.9981267 0.03990608 -0.003091739 -0.9993783 -0.03511969 0.04406436 -0.9990286 0.0002656444 0.04421871 -0.9990219 0 -0.0410668 -0.9991564 0 -0.04108158 -0.9991558 7.078899e-05 -0.04104646 -0.9991572 0 -0.125259 -0.992124 -0 -0.1251924 -0.9921325 0.0001032628 -0.1269767 -0.9913445 -0.033364 -0.1604611 -0.9864772 -0.03339061 -0.2087735 -0.977964 0 -0.2087783 -0.977963 1.320407e-05 -0.208788 -0.9779609 0 -0.1251485 -0.992138 0 -0.2915394 -0.9565588 -0 -0.2914842 -0.9565756 6.427904e-05 -0.2928869 -0.9557577 -0.02728616 -0.3149475 -0.9487163 -0.0273014 -0.3725131 -0.928027 0 -0.3725154 -0.928026 8.628745e-06 -0.3725244 -0.9280224 0 -0.2914643 -0.9565817 0 -0.4506979 -0.8926765 -0 -0.4508333 -0.8926081 -9.819085e-05 -0.4515548 -0.8921178 -0.0149723 -0.4623995 -0.8865453 -0.01497409 -0.450856 -0.8925967 -0 -0.5260604 -0.8504472 0 -0.5258194 -0.8505962 0.0001129775 -0.5257968 -0.8506103 0 -0.5966237 -0.8025211 0 -0.5963531 -0.8027222 4.870211e-05 -0.5963982 -0.8026887 -0.0001214677 -0.5962329 -0.8028042 0.003423606 -0.6596278 -0.7515867 -0.002965777 -0.5972494 -0.8020557 -0 -0.6621369 -0.749383 0 -0.6621348 -0.7493848 7.855261e-06 -0.6621192 -0.7493985 0 -0.7230818 -0.6907623 0 -0.723047 -0.6907988 -0.0002416265 -0.7233006 -0.6905333 0 -0.7792563 -0.6267054 0 -0.7792324 -0.6267351 -0.000185642 -0.7793549 -0.6265827 -0 -0.8300686 -0.5576614 0 -0.8285289 -0.5589564 0.03328136 -0.8620967 -0.5058471 -0.03013298 -0.83006 -0.557674 -7.560247e-05 -0.8300937 -0.5576239 0 -0.8749421 -0.4842277 0 -0.8749198 -0.4842678 -0.0002258517 -0.87499 -0.4841409 -0 -0.9132742 -0.4073455 0 -0.911626 -0.4091161 0.03952321 -0.9318969 -0.3610006 -0.03530786 -0.9132506 -0.4073981 -0.0002824775 -0.9133123 -0.4072599 0 -0.9447694 -0.3277358 0 -0.9447965 -0.3276577 0.0004005228 -0.9447361 -0.3278319 0 -0.9691614 -0.2464268 -0 -0.9691551 -0.2464517 3.735698e-05 -0.9690703 -0.2444851 -0.03361117 -0.9772788 -0.2092724 -0.0336358 -0.9865003 -0.1637592 0 -0.9864966 -0.1637814 -6.369666e-05 -0.9864882 -0.1638326 0 -0.9691514 -0.2464663 0 -0.9968252 -0.07962112 -0 -0.9968365 -0.07947987 -0.000143163 -0.9965458 -0.07779686 -0.02905597 -0.9982117 -0.05223908 -0.02906153 -0.9999817 0.006047245 0 -0.9999816 0.006062767 5.634282e-05 -0.9999812 0.006134854 0 -0.9968399 -0.0794356 0 -0.9957779 0.09179516 0 -0.9957642 0.09194386 -8.088303e-05 -0.9955074 0.09296538 -0.01795849 -0.9940561 0.107377 -0.01796072 -0.9957623 0.09196381 0 -0.9842439 0.1768159 0 -0.9841886 0.1771236 -9.117904e-05 -0.984185 0.1771438 0 -0.963343 0.2682727 0 -0.9654065 0.2607494 0.0002672272 -0.9653834 0.2608348 4.55531e-06 -0.9653662 0.260896 -0.001101133 -0.940465 0.339889 0.001047016 -0.9653887 0.2608157 0 -0.9397166 0.3419542 0 -0.9397078 0.3419786 -7.204999e-05 -0.9396579 0.3421155 0 -0.9074706 0.4201156 0 -0.907483 0.4200889 -0.0001395536 -0.907407 0.4202529 0 -0.8686786 0.4953762 0 -0.8691073 0.4940168 0.02449124 -0.8327839 0.5531211 -0.02298264 -0.8686667 0.4953968 0.0001150076 -0.8687201 0.4953034 0 -0.8232187 0.5677244 0 -0.8232002 0.5677511 0.0001586627 -0.8232657 0.5676563 0 -0.7715026 0.6362261 0 -0.7723278 0.6342339 0.03545726 -0.7331545 0.6792963 -0.03226643 -0.7714702 0.6362654 0.0002503464 -0.7715642 0.6361513 0 -0.7139299 0.7002173 0 -0.7139338 0.7002132 -2.785924e-05 -0.7139241 0.7002231 0 -0.6512624 0.7588526 0 -0.651288 0.7588307 5.376423e-05 -0.6525211 0.7566954 0.04035357 -0.6148676 0.7878376 -0.03535135 -0.5840936 0.8116862 0 -0.5841159 0.8116704 -7.226651e-05 -0.5841587 0.8116395 0 -0.6513054 0.7588156 0 -0.5133957 0.858152 0 -0.5133714 0.8581666 -3.224505e-05 -0.5115311 0.8586422 -0.03270568 -0.4828901 0.8750694 -0.03271999 -0.4389907 0.8984917 0 -0.4390189 0.8984778 -0.0001054413 -0.4391236 0.8984267 0 -0.513362 0.8581722 0 -0.3614116 0.9324063 0 -0.3610361 0.9325518 -0.0002721171 -0.3595109 0.932768 -0.02637848 -0.3386664 0.9405365 -0.02638528 -0.3609688 0.9325778 0 -0.2800481 0.959986 0 -0.2798521 0.9600431 -8.874034e-05 -0.2798318 0.960049 0 -0.1961161 0.9805806 0 -0.1963063 0.9805426 3.549666e-05 -0.1963248 0.9805389 9.332323e-05 -0.1955119 0.980604 -0.01381637 -0.1845003 0.9827354 -0.01381449 -0.1113513 0.9937811 0 -0.1113736 0.9937786 6.517836e-05 -0.1110775 0.993799 -0.005052811 -0.1044461 0.9945177 -0.00505272 -0.111561 0.9937576 0 -0.02590301 0.9996645 0 -0.02596425 0.9996629 0.0001656517 -0.02623277 0.9996558 0 0.05898096 0.9982592 0 0.0589694 0.9982598 -5.510641e-05 0.05903133 0.9982561 0 0.1430077 0.9897215 0 0.1417858 0.9896653 0.02143337 0.2113488 0.9772105 -0.01977954 0.1430151 0.9897205 3.559017e-05 0.1429854 0.9897248 -0 0.226404 0.9740335 0 0.2264487 0.974023 0.000222738 0.2263042 0.9740567 0 0.308881 0.9511006 0 0.3068563 0.9511631 0.03358793 0.3651067 0.9304596 -0.03068965 0.3089046 0.951093 0.0001210322 0.3088415 0.9511135 -0 0.3893783 0.9210779 0 0.3893076 0.9211077 -0.0003778322 0.4671125 0.8841979 0 0.4671025 0.8842031 -2.806343e-05 0.467086 0.8842118 -0 0.389469 0.9210396 0 0.5410743 0.8409748 0 0.5411445 0.8409297 -0.0001067265 0.5387228 0.8415015 0.04065666 0.5767272 0.8161736 -0.03530439 0.6107283 0.7918401 0 0.6107455 0.791827 6.763914e-05 0.6107967 0.7917874 -0 0.5411763 0.8409091 0 0.6754546 0.7374016 0 0.6754866 0.7373723 -3.490836e-05 0.6764374 0.7358406 -0.0311618 0.6982835 0.7151421 -0.03117523 0.7354196 0.6776119 0 0.7354131 0.6776192 -3.809661e-05 0.7353676 0.6776685 -0 0.675494 0.7373654 0 0.7902779 0.6127486 0 0.7904967 0.6124663 -0.0001165698 0.7911062 0.6112224 -0.02362549 0.8024814 0.5962089 -0.02362977 0.8401138 0.5424102 -0.0002253592 0.8401583 0.5423412 0.0001689919 0.8414292 0.5403674 -0 0.7905132 0.6124451 0 0.8407491 0.5414249 0 0.8836249 0.4681955 0 0.8836066 0.4682301 0.0001105779 0.883495 0.4684406 -0 0.9205699 0.3905781 0 0.9205661 0.3905867 -4.590736e-05 0.9205903 0.3905297 0 0.9505242 0.3106505 0 0.9503 0.3111756 0.009983655 0.9714095 0.2372304 -0.009234639 0.9505215 0.3106585 -4.058424e-05 0.950534 0.3106207 -0 0.9734221 0.2290186 0 0.973425 0.2290059 6.177642e-05 0.9734141 0.2290522 0 0.9892741 0.1460708 0 0.9887487 0.1474342 0.02528132 0.9965505 0.07958731 -0.02351866 0.9892876 0.1459796 0.0004409796 0.9892479 0.1462489 -0 0.9981149 0.06137276 0 0.9981185 0.06131495 0.0002815793 0.9981096 0.06145878 -0 0.9997017 -0.02442091 0 0.9997064 -0.02422575 0.0003171473 0.9991122 -0.02214939 0.03583525 0.9961516 -0.08119112 -0.03301492 0.9939216 -0.1100907 0 0.9939141 -0.1101572 0.000176958 0.9939003 -0.110282 0 0.9997099 -0.02408774 0 0.9808036 -0.1949982 0 0.9807885 -0.1950746 -9.222279e-05 0.9804395 -0.1926046 0.04051974 0.9702093 -0.2396396 -0.03559444 0.9605144 -0.2782304 0 0.9605185 -0.278216 -4.957973e-05 0.960533 -0.2781659 0 0.9807824 -0.1951048 0 0.9332969 -0.3591057 0 0.9333945 -0.3588522 0.0001925611 0.9322609 -0.3603614 -0.03208588 0.9200961 -0.3903748 -0.03210294 0.9334134 -0.3588029 0 0.8997229 -0.4364614 0 0.8997838 -0.4363359 6.431669e-05 0.8997908 -0.4363215 0 0.858947 -0.5120645 0 0.8596135 -0.5109447 0.0002826156 0.8595483 -0.5110544 -0.0001114077 0.8585243 -0.5121357 -0.02555049 0.8473949 -0.5303477 -0.02555219 0.8127423 -0.5826235 0 0.8128188 -0.5825166 0.0003838316 0.8119655 -0.5833606 -0.02005911 0.8024111 -0.5964346 -0.02005952 0.8135461 -0.5815005 0 0.7597334 -0.6502346 0 0.7597476 -0.6502181 5.985246e-05 0.7598143 -0.6501402 0 0.7010608 -0.7131015 0 0.7010193 -0.7131423 0.0002860834 0.7012545 -0.7129111 0 0.6373104 -0.7706072 0 0.6375789 -0.770359 0.006335776 0.5740739 -0.8187849 -0.005530691 0.6373174 -0.7706014 -4.406129e-05 0.6372879 -0.7706258 0 0.5693983 -0.8220618 0 0.5693972 -0.8220626 6.430289e-06 0.5694008 -0.82206 0 0.4979266 -0.8672191 0 0.4988814 -0.8663827 0.02232262 0.4370857 -0.899184 -0.02059238 0.4979126 -0.8672273 7.693944e-05 0.497951 -0.8672051 0 0.4227945 -0.9062256 0 0.4227972 -0.9062243 -1.42786e-05 0.422791 -0.9062273 0 0.3440833 -0.9389391 0 0.3440257 -0.9389603 -9.372085e-05 0.3456786 -0.9377307 0.0341662 0.2877914 -0.9571865 -0.03115063 0.262292 -0.9649885 0 0.2622664 -0.9649956 7.418332e-05 0.2622119 -0.9650103 0 0.3439895 -0.9389735 0 0.1783355 -0.9839697 0 0.1783881 -0.9839601 5.819633e-05 0.180543 -0.9827451 0.04020263 0.1304166 -0.9908141 -0.03575977 0.09320442 -0.9956471 0 0.09320092 -0.9956474 1.234948e-05 0.09318649 -0.9956486 0 0.1784063 -0.9839569 0 0.007953792 -0.9999683 0 0.0078781 -0.999969 -4.613572e-05 0.005961129 -0.9994181 -0.03358538 -0.028817 -0.9990199 -0.0336011 0.007866116 -0.999969 0 -0.07675461 -0.99705 0 -0.07684624 -0.9970429 -3.30626e-05 -0.07685415 -0.9970424 0 -0.1606169 -0.9870169 0 -0.1607331 -0.9869979 -1.260247e-05 -0.1607607 -0.9869933 -9.671644e-05 -0.1622095 -0.9863801 -0.02724507 -0.1857028 -0.982228 -0.02725184 -0.16139 -0.9868907 -0 -0.2440477 -0.9697632 0 -0.2440579 -0.9697607 -2.986114e-05 -0.2441265 -0.9697434 0 -0.3261043 -0.9453338 0 -0.3261043 -0.9453338 -5.696527e-07 -0.326105 -0.9453335 -0 -0.4061587 -0.9138025 0 -0.4051821 -0.9140738 0.01721824 -0.4133008 -0.9105617 -0.007735394 -0.4061639 -0.9138002 2.766554e-05 -0.4061385 -0.9138116 0 -0.4831633 -0.8755302 0 -0.4831292 -0.8755491 -0.0001907858 -0.4832589 -0.8754775 -0 -0.5563092 -0.8309754 0 -0.5557212 -0.8312884 0.01155169 -0.6183384 -0.7858418 -0.01049785 -0.5563047 -0.8309784 -2.65889e-05 -0.5563186 -0.8309691 0 -0.624903 -0.7807025 0 -0.6248621 -0.7807351 -0.000249346 -0.6885694 -0.7251704 0 -0.6885678 -0.725172 -4.98202e-06 -0.6885656 -0.725174 0 -0.6249661 -0.7806519 0 -0.747548 -0.6642078 -0 -0.7475342 -0.6642234 2.984174e-05 -0.7459499 -0.6652413 0.03182237 -0.7863378 -0.6171026 -0.02927712 -0.8015317 -0.5979522 0 -0.8015409 -0.59794 4.515368e-05 -0.8015631 -0.59791 0 -0.7475265 -0.6642321 0 -0.8499158 -0.5269185 -0 -0.8498946 -0.5269527 3.971716e-05 -0.8480148 -0.5284936 0.03956474 -0.8749938 -0.482862 -0.03507363 -0.8920639 -0.4519092 0 -0.8920469 -0.4519429 -0.0001390587 -0.8919632 -0.4521079 0 -0.8498883 -0.5269629 0 -0.9273293 -0.3742465 -0 -0.9275085 -0.3738019 -0.0002428525 -0.9276914 -0.3717383 -0.03463122 -0.9409247 -0.3368379 -0.03465419 -0.9559776 -0.2934397 0 -0.9559743 -0.2934501 -4.81071e-05 -0.955919 -0.2936307 0 -0.9275309 -0.3737463 0 -0.9773735 -0.2115208 -0 -0.9773868 -0.2114593 -0.0001836698 -0.9773197 -0.2098201 -0.02866598 -0.9824563 -0.1842751 -0.02867531 -0.9775341 -0.2107774 -0 -0.9917343 -0.1283088 0 -0.991746 -0.1282174 -0.0002530543 -0.9918063 -0.1277508 0 -0.999061 -0.04332587 0 -0.9990603 -0.04334236 -8.039545e-05 -0.9990644 -0.04324494 -0 -0.9990945 0.04254727 0 -0.9989375 0.04135827 0.02032777 -0.998533 0.05292377 -0.0114451 -0.9990931 0.04258017 0.0001618407 -0.9990992 0.04243585 0 -0.9917405 0.1282605 0 -0.9917284 0.1283534 0.0004612699 -0.99177 0.128032 0 -0.9770786 0.212879 0 -0.9771438 0.2124443 0.007578776 -0.9568286 0.2905626 -0.007241307 -0.9770725 0.2129068 0.0001394859 -0.9770898 0.2128279 0 -0.9552858 0.2956837 0 -0.9552732 0.2957247 0.0002073993 -0.9267833 0.3755965 0 -0.9268081 0.3755353 -0.0001534095 -0.9268453 0.3754435 0 -0.9553034 0.2956271 0 -0.8918387 0.4523537 0 -0.8918461 0.4523392 2.16118e-05 -0.8922065 0.4506783 0.02926998 -0.8612419 0.5074666 -0.02720366 -0.8502276 0.5264153 0 -0.8501796 0.5264928 0.000279643 -0.850047 0.5267069 0 -0.8918497 0.452332 0 -0.8019166 0.5974361 0 -0.8020265 0.5972887 0.0001627531 -0.8027562 0.5950822 0.03820323 -0.768681 0.6386919 -0.0346704 -0.7477753 0.6639519 0 -0.747726 0.6640074 0.0002865974 -0.7474322 0.6643381 0 -0.8020544 0.5972509 0 -0.6878201 0.7258813 0 -0.687942 0.7257658 6.732692e-05 -0.686013 0.726726 -0.03543303 -0.6564254 0.7535573 -0.03545457 -0.6879534 0.7257549 0 -0.623312 0.7819732 0 -0.6232884 0.7819921 -4.424196e-06 -0.6232635 0.7820118 0.0001423025 -0.6242427 0.7812305 0 -0.5544728 0.8322018 0 -0.5544382 0.8322248 -0.000118454 -0.5527827 0.8327839 -0.03003788 -0.528885 0.8481613 -0.0300504 -0.5541767 0.8323991 0 -0.4822792 0.8760176 0 -0.4822988 0.8760068 5.950619e-05 -0.4823788 0.8759627 0 -0.4063641 0.9137112 0 -0.4063663 0.9137103 -1.120518e-05 -0.4063554 0.9137151 0 -0.3268893 0.9450626 0 -0.326057 0.9452374 -0.01460264 -0.3143824 0.9491842 -0.01460178 -0.3269462 0.9450429 -0.0002942992 -0.326723 0.9451202 0 -0.2446115 0.9696212 0 -0.2446147 0.9696203 -1.626416e-05 -0.2446045 0.9696229 0 -0.1603872 0.9870542 0 -0.1605809 0.9870169 0.003390121 -0.07824394 0.996929 -0.003220459 -0.1603607 0.9870585 0.0001319228 -0.1604303 0.9870472 0 -0.07510859 0.9971754 0 -0.07510033 0.997176 4.038549e-05 0.01021919 0.9999477 0 0.01022 0.9999478 2.017703e-06 0.01022138 0.9999477 -0 -0.07511877 0.9971746 0 0.09465986 0.9955096 0 0.09473708 0.9955023 -9.561004e-05 0.09321156 0.9952866 0.0267631 0.1589782 0.9869793 -0.02445032 0.1784634 0.9839465 0 0.1784735 0.9839447 3.28541e-05 0.1785057 0.9839389 -0 0.09477105 0.9954991 0 0.2615415 0.9651923 0 0.2616123 0.9651731 -5.721462e-05 0.2593803 0.9650696 0.03691372 0.3143825 0.9487138 -0.03325227 0.3433047 0.9392241 0 0.3432975 0.9392267 -3.099856e-05 0.3432437 0.9392464 -0 0.2616275 0.9651688 0 0.4227576 0.9062428 0 0.4227841 0.9062304 -8.544604e-06 0.420263 0.9064751 0.04101079 0.462294 0.8860042 -0.03578737 0.4990169 0.8665922 2.119647e-05 0.4990167 0.8665923 1.978535e-05 0.4994972 0.8663155 -0 0.4227859 0.9062296 0 0.4989363 0.8666387 0 0.5712879 0.8207496 0 0.5712644 0.8207661 7.9925e-05 0.5711322 0.8208581 -0 0.6388388 0.7693407 0 0.6388319 0.7693463 -4.209895e-05 0.6388743 0.7693111 0 0.701479 0.7126901 0 0.7022305 0.7115527 -0.0237732 0.7160432 0.6976508 -0.02377751 0.7015117 0.7126579 0.000218879 0.7013645 0.7128028 -0 0.7594071 0.6506158 0 0.7594236 0.6505965 0.000122822 0.7593652 0.6506646 0 0.8122989 0.5832414 0 0.8115039 0.5840342 0.01911689 0.8177536 0.5754776 -0.01021769 0.8123356 0.5831903 0.0003086885 0.8122289 0.5833387 -0 0.8593817 0.5113345 0 0.8593743 0.511347 -7.153175e-05 0.9001601 0.4355592 0 0.9001374 0.435606 -0.0001219783 0.9001042 0.4356748 -0 0.8593925 0.5113165 0 0.9341142 0.3569744 0 0.9341293 0.3569348 -5.838075e-05 0.9336277 0.3578201 0.01744284 0.957651 0.2874711 -0.01628335 0.9611345 0.2760805 0 0.96113 0.2760963 -4.901977e-05 0.9611181 0.2761375 -0 0.9341372 0.3569143 0 0.9810286 0.193863 0 0.9810039 0.1939883 0.0001155691 0.9802485 0.1955227 0.02973085 0.9907612 0.1327787 -0.02760282 0.9938936 0.1103421 0 0.9939003 0.1102823 0.0002248402 0.9939371 0.1099505 -0 0.980997 0.1940225 0 0.9996865 0.02503911 0 0.9996845 0.02511482 3.290997e-05 0.9988945 0.02730299 0.03826782 0.9990404 -0.02686327 -0.03459232 0.9996843 0.0251227 0 0.9981048 -0.06153729 0 0.9981529 -0.06075316 0.0001444821 0.9981525 -0.06075929 0.000172883 0.9982869 -0.05850766 0 0.9892331 -0.1463486 0 0.9892379 -0.1463158 9.60617e-05 0.9883001 -0.1482826 -0.03570974 0.9817188 -0.1869531 -0.03573191 0.9892787 -0.1460403 0 0.9730344 -0.23066 0 0.9730107 -0.2307602 -0.0002793621 0.9729064 -0.2311995 0 0.9498093 -0.3128297 0 0.9498094 -0.3128293 -2.389182e-06 0.9498085 -0.3128318 0 0.9199576 -0.3920179 0 0.919104 -0.3931952 -0.02540444 0.9100587 -0.4136998 -0.02540951 0.9199433 -0.3920515 0.000173312 0.9200011 -0.3919157 0 0.8835223 -0.4683893 0 0.8835027 -0.4684259 0.0001987723 0.8835654 -0.4683079 0 0.8404863 -0.5418327 0 0.8409721 -0.5406156 0.02237853 0.8338212 -0.5518704 -0.01346542 0.8404702 -0.5418577 0.0001450233 0.8405135 -0.5417906 0 0.7909927 -0.6118256 0 0.7910249 -0.6117839 -0.0002587941 0.7354762 -0.6775506 0 0.7354913 -0.6775342 -5.549805e-05 0.7355163 -0.677507 0 0.7909513 -0.611879 0 0.6746203 -0.7381649 0 0.674579 -0.7382026 -7.16951e-05 0.6751121 -0.7375838 0.01392208 0.6172159 -0.7866863 -0.01300413 0.6089675 -0.7931951 0 0.6089724 -0.7931915 -1.920239e-05 0.6089868 -0.7931803 0 0.6745603 -0.7382197 0 0.5394961 -0.8419881 0 0.5394375 -0.8420257 -5.649825e-05 0.5405372 -0.8408688 0.02755657 0.4843245 -0.8745286 -0.02509103 0.4664029 -0.8845724 0 0.4664498 -0.8845477 -0.0002042917 0.466769 -0.8843793 0 0.5394238 -0.8420344 0 0.3902154 -0.9207236 0 0.3898052 -0.9208974 -0.000145186 0.3914921 -0.9194382 0.03697746 0.3390585 -0.9401674 -0.03353065 0.309677 -0.9508418 6.290275e-05 0.3096765 -0.950842 6.534174e-05 0.308829 -0.9511176 0 0.3897741 -0.9209105 0 0.3099915 -0.9507394 0 0.2268481 -0.9739302 0 0.2268192 -0.9739369 -8.377023e-05 0.2266431 -0.9739779 0 0.142341 -0.9898177 0 0.1423143 -0.9898216 0.0001328991 0.1424914 -0.989796 0 0.05694015 -0.9983776 0 0.05508555 -0.9979758 -0.03177867 0.0248659 -0.9991851 -0.03179184 0.05694484 -0.9983773 -2.287379e-05 0.05692257 -0.9983786 0 -0.02821248 -0.999602 0 -0.02817434 -0.999603 -0.0001830518 -0.02831433 -0.9995991 -0 -0.1125688 -0.9936439 0 -0.1137957 -0.9932456 -0.02266639 -0.132665 -0.9909016 -0.02267166 -0.1125292 -0.9936484 -0.0001887326 -0.1126461 -0.9936352 0 -0.1961871 -0.9805664 0 -0.1961832 -0.9805672 -1.92236e-05 -0.1961929 -0.9805653 0 -0.2791373 -0.9602512 -0 -0.2790433 -0.9602786 0.0001588687 -0.2780097 -0.9604096 0.01799955 -0.2873538 -0.9577814 -0.009086784 -0.3603752 -0.9328074 0 -0.3604423 -0.9327815 0.0001901718 -0.3605683 -0.9327329 0 -0.2789766 -0.9602979 0 -0.4393161 -0.8983325 -0 -0.4392571 -0.8983614 7.797634e-05 -0.4386945 -0.8985763 0.01039043 -0.5083074 -0.8611218 -0.009640126 -0.5147007 -0.85737 0 -0.5147048 -0.8573675 1.596704e-05 -0.5147191 -0.8573589 0 -0.4392337 -0.8983728 0 -0.5859836 -0.810323 -0 -0.5860333 -0.8102869 -4.375584e-05 -0.5846761 -0.8108728 0.02527838 -0.6384218 -0.7693378 -0.02316943 -0.5860429 -0.81028 -0 -0.6524209 -0.7578568 0 -0.6525271 -0.7577654 -6.52895e-05 -0.6525395 -0.7577547 0 -0.7146959 -0.6994354 0 -0.7141606 -0.6999819 0.0001657717 -0.7142011 -0.6999406 -1.261753e-05 -0.7123759 -0.7009215 0.0350668 -0.7519584 -0.6584371 -0.03192531 -0.7710944 -0.6367208 -0 -0.7710819 -0.636736 5.751726e-05 -0.7690911 -0.6379678 0.0386804 -0.8022527 -0.5959705 -0.03478233 -0.7709618 -0.6368814 -0 -0.8228053 -0.5683233 0 -0.822762 -0.5683861 0.0002092529 -0.8225576 -0.5686818 0 -0.8685705 -0.4955657 0 -0.8685915 -0.4955287 0.0002096348 -0.8684718 -0.4957386 -0 -0.907953 -0.4190721 0 -0.9082568 -0.4170831 -0.03333644 -0.9213765 -0.3872379 -0.03334773 -0.9079511 -0.4190764 -2.317598e-05 -0.9079593 -0.4190582 0 -0.9404567 -0.3399135 0 -0.9404469 -0.3399407 -0.0001404429 -0.9404798 -0.3398495 -0 -0.9659327 -0.2587936 0 -0.9659966 -0.2573742 -0.02467905 -0.9712442 -0.2368025 -0.02468443 -0.9659175 -0.25885 -0.0002785424 -0.9659591 -0.2586949 0 -0.9843342 -0.1763131 0 -0.9843347 -0.1763104 1.296318e-05 -0.9843335 -0.1763166 0 -0.9957241 -0.09237642 -0 -0.9957298 -0.09231597 -9.243898e-05 -0.9953871 -0.09351741 0.02142211 -0.9966282 -0.08111872 -0.01232765 -0.9957333 -0.09227786 -0 -0.999975 -0.007081558 0 -0.9999759 -0.006936581 -0.00019004 -0.9999764 -0.00686829 0 -0.9974177 0.07181888 0 -0.4910275 0.8709252 -0.01952424 0.2376672 0.9712411 -0.01431715 0.314524 0.9492376 -0.004765962 0.3895148 0.9210088 0.004585729 0.3513131 0.9362469 0.004555714 0.4248064 0.9051775 0.01389518 0.1056135 -0.994206 0.02000844 0.02570471 -0.9994744 0.01975154 0.1075937 -0.9939762 0.02085383 0.02765282 -0.9994056 0.02058797 -0.4904515 0.8712498 -0.01952422 -0.4909342 0.87097 -0.0198721 -0.5101814 0.8600634 -0.002426841 0.2394438 -0.9708931 0.005769231 0.3105344 -0.9505585 -0.002623956 0.2393064 -0.9709406 -0.002604158 -0.5541078 0.8324226 0.006087616 -0.5587955 0.8293054 0.0001735433 -0.5538422 0.8326215 0.0001742275 -0.5585312 0.8294633 -0.005786665 -0.6185321 0.7857378 0.00585333 -0.6227 0.7824597 -0.001263066 -0.6183264 0.7859205 -0.001261679 -0.6224963 0.7826032 -0.005522839 -0.6794224 0.7337255 0.00565249 -0.6830533 0.7303648 -0.002366131 -0.6791644 0.7339824 -0.002365677 -0.6829814 0.7304167 -0.005301086 -0.736177 0.6767682 0.005315758 -0.7393132 0.6733528 -0.003462695 -0.7358923 0.6770898 -0.003461968 -0.7390723 0.6736073 -0.00503613 -0.7882363 0.6153524 0.005009912 -0.7908136 0.6120434 -0.004074569 -0.7874349 0.6163844 -0.004074629 -0.7906759 0.6122174 -0.004642751 -0.8349859 0.5502514 0.004692202 -0.8371392 0.5469729 -0.004305551 -0.876172 0.4819797 0.004259543 -0.8754668 0.4832594 0.004275083 -0.87617 0.4819832 0.004275112 -0.8779086 0.4788121 -0.003929889 -0.9113532 0.4116074 0.003822444 -0.9127001 0.4086195 0.002932219 -0.911525 0.4112343 0.00293243 -0.9128863 0.4081985 -0.003541604 -0.9410945 0.3381248 0.003590822 -0.9421884 0.3350787 0.001787683 -0.9410973 0.3381311 0.001787767 -0.9421574 0.3351531 -0.003443475 -0.965089 0.261903 0.003191853 -0.9657744 0.2593816 0.001015511 -0.9650208 0.2621715 0.001015576 -0.9657665 0.2593957 -0.002978392 -0.9829574 0.1838073 0.003077806 -0.9834471 0.1811958 0.0001624781 -0.9829239 0.1840126 0.000162807 -0.9833882 0.1814943 -0.002758479 -0.9945434 0.1042897 0.002655005 -0.9947701 0.1021391 -0.0002775586 -0.9945226 0.1045212 -0.0002774896 -0.9947524 0.102286 -0.002300765 -0.9997072 0.02407446 0.002440494 -0.9997548 0.02213404 -0.0006973736 -0.9997074 0.02417977 -0.0006973405 -0.9997547 0.02204946 -0.002106334 -0.998427 -0.05603456 0.001904981 -0.9983414 -0.05756313 -0.0009829734 -0.9984105 -0.05635187 -0.0009828719 -0.9983246 -0.05783957 -0.001603005 -0.9907978 -0.1353405 0.001680868 -0.9906318 -0.1365567 -0.0009864992 -0.9909137 -0.1344956 -0.0009864869 -0.9906048 -0.1367493 -0.00134765 -0.9770104 -0.2131882 0.001218184 -0.9768128 -0.2140932 -0.000962277 -0.9573691 -0.2888661 0.0009127545 -0.9572636 -0.2892155 0.000882008 -0.9571029 -0.2897469 0.0008820217 -0.9569239 -0.2903384 -0.0005323329 -0.9309298 -0.3651977 0.0006991103 -0.9306567 -0.3658933 0.0004405655 -0.9310101 -0.3649932 0.0004405772 -0.9308659 -0.365361 -0.0003544533 -0.8987053 -0.4385531 0.0001844117 -0.8987069 -0.4385499 0.0001865593 -0.8987439 -0.438474 0.0001865057 -0.8987262 -0.4385102 0.0001160015 -0.8606293 -0.509232 -6.959854e-05 -0.8606927 -0.5091247 3.551372e-05 -0.8605999 -0.5092817 3.55038e-05 -0.8607134 -0.5090897 0.0003694773 -0.8168543 -0.5768439 -0.0005321185 -0.8172166 -0.5763305 0.0001542106 -0.8169045 -0.576773 0.0001542062 -0.8171972 -0.5763577 0.0007864866 -0.7681593 -0.6402583 -0.0008422364 -0.7686726 -0.6396424 0.000241082 -0.7680681 -0.640368 0.0002411599 -0.7686689 -0.6396459 0.001164981 -0.7147754 -0.6993531 -0.001165936 -0.7155514 -0.6985598 0.0006405487 -0.7147604 -0.6993691 0.0006406129 -0.7155973 -0.6985114 0.001490515 -0.6573794 -0.7535583 -0.001515108 -0.6584153 -0.7526539 0.001141827 -0.6570598 -0.7538376 0.001141954 -0.6584635 -0.7526101 0.001943937 -0.5957039 -0.803202 -0.001815482 -0.5970687 -0.8021876 0.002036731 -0.595869 -0.803079 0.002036654 -0.5967709 -0.8024085 0.002236696 -0.5297519 -0.8481495 -0.002299382 -0.5314519 -0.847084 0.002752425 -0.4599639 -0.8879338 -0.002632337 -0.462398 -0.8866695 -0.002307035 -0.4600152 -0.887908 -0.002307318 -0.462023 -0.8868625 0.003117033 -0.3873881 -0.9219117 -0.003028381 -0.3899121 -0.9208499 -0.002060607 -0.3871202 -0.9220269 -0.002060447 -0.3895717 -0.9209891 0.003605657 -0.3121638 -0.9500226 -0.003302544 -0.3147396 -0.9491765 -0.00169845 -0.3117951 -0.9501479 -0.001698342 -0.3146185 -0.9492104 0.003831511 -0.2349155 -0.9720083 -0.003815471 -0.238195 -0.9712169 -0.0009803983 -0.2348359 -0.9720346 -0.0009797405 -0.2379904 -0.9712586 0.004153636 -0.1569696 -0.9875947 -0.004141836 -0.1605209 -0.9870325 -0.0001600939 -0.156812 -0.9876285 -0.0001596597 -0.1604152 -0.9870391 0.004541048 -0.07861678 -0.9968953 -0.004393198 -0.08238295 -0.9966003 0.0009037567 -0.07831308 -0.9969284 0.0009040543 -0.08229895 -0.9965957 0.004885627 0.0006249886 -0.9999877 -0.004912886 -0.003534772 -0.9999912 0.00223163 0.000791038 -0.9999973 0.002232247 -0.003349768 -0.9999805 0.005269756 0.08042262 -0.9967459 -0.005455886 0.07599489 -0.997102 0.003509544 0.08069127 -0.996733 0.003510223 0.07617407 -0.9970781 0.005741757 0.1601069 -0.9870819 -0.005910725 0.1554895 -0.9878255 0.004884785 0.1604717 -0.9870283 0.004885118 0.1554758 -0.9878201 0.006224578 0.233595 -0.9723184 -0.005495106 0.8629981 -0.5051356 0.008498427 0.8958734 -0.4443087 -0.0007809139 0.862709 -0.5057001 -0.0007574349 0.3160975 -0.9487076 -0.006006135 0.3111649 -0.95033 0.00700921 0.391311 -0.9202314 -0.007066909 0.3852926 -0.9227821 -0.004764916 0.3909376 -0.9204049 -0.004763715 0.3859105 -0.9225076 0.007273761 0.4628102 -0.8864269 -0.007356074 0.4571959 -0.8893591 -0.003493389 0.4628008 -0.8864554 -0.003492864 0.4575942 -0.8891287 0.007598028 0.531144 -0.8472477 -0.007579515 0.5258041 -0.8506035 -0.001937549 0.5314103 -0.8471124 -0.00193718 0.5260464 -0.8504174 0.008084412 0.5965978 -0.8024993 -0.008120469 0.5912585 -0.8064821 -0.0001687672 0.596955 -0.8022747 -0.0001678319 0.591565 -0.8062111 0.008634796 0.6587754 -0.7522898 -0.008662431 0.6535994 -0.7568391 0.001521357 0.6592179 -0.7519503 0.001522513 0.6537871 -0.7566231 0.009169109 0.7170386 -0.6969733 -0.00916707 0.7120659 -0.7021046 0.003355193 0.7175107 -0.6965395 0.003356419 0.7122548 -0.7018561 0.009544373 0.7706937 -0.6371323 -0.00967171 0.7660007 -0.6428182 0.005251164 0.7714415 -0.6362785 0.00525128 0.7661186 -0.642619 0.01016015 0.8193482 -0.5732111 -0.009881026 0.8150178 -0.5793879 0.007467687 0.8197559 -0.5726644 0.007468163 0.814788 -0.5796635 0.01052027 0.8582029 -0.5132437 -0.008299469 0.8999343 -0.4359243 -0.009395186 0.8963789 -0.4431516 0.01101614 0.9313408 -0.3639921 -0.0106854 0.9282586 -0.3718652 -0.007226892 0.9315864 -0.3634482 -0.007226303 0.9284289 -0.3713287 0.01160374 0.9572998 -0.2888742 -0.01134833 0.9547851 -0.2972498 -0.005292681 0.9575247 -0.2883026 -0.00529144 0.9548543 -0.2968314 0.01201119 0.9774189 -0.2109511 -0.0123216 0.9753764 -0.2205277 -0.002906068 0.9775282 -0.2107849 -0.002903941 0.9754585 -0.2198219 0.01260797 0.9911729 -0.131957 -0.01278896 0.9899032 -0.1417427 -0.0007300249 0.9913234 -0.1314432 -0.0007281492 0.9899046 -0.141122 0.01317609 0.9985668 -0.05186447 -0.0132045 0.9980814 -0.06189223 0.001662319 0.9986914 -0.05111393 0.001664844 0.9980279 -0.06127778 0.01361209 0.999507 0.02833176 -0.0135285 0.9998259 0.01818162 0.004190734 0.999563 0.02926056 0.004193498 0.9997292 0.01854124 0.01406518 0.9940562 0.1079948 -0.013753 0.9951828 0.09778497 0.007016385 0.9940143 0.109025 0.007016858 0.9950911 0.09791502 0.01436484 0.9823971 0.1862849 -0.01391887 0.9843078 0.1761799 0.009943846 0.9846439 0.1742914 0.009943572 0.9822312 0.1873702 0.01068973 0.9676422 0.2520965 -0.01076264 0.964329 0.2644778 0.01100789 0.9446476 0.3280714 -0.003179331 0.9645281 0.2639614 -0.003157081 0.9447359 0.3276405 -0.01121436 0.9402698 0.3402346 0.01153489 0.9106004 0.412986 -0.01579807 0.9155805 0.4020065 -0.01015569 0.9104322 0.4135337 -0.01015343 0.915046 0.4030156 0.01641161 0.8745207 0.484714 -0.01630302 0.88052 0.4739498 -0.007483225 0.8742442 0.4854287 -0.007479633 0.8798587 0.4749353 0.01688928 0.8325269 0.5537251 -0.01696137 0.8397006 0.5430303 -0.004567959 0.8323563 0.554222 -0.004565825 0.8389704 0.5439017 0.01730828 0.7854555 0.6186755 -0.01732915 0.7934726 0.6086035 -0.001684643 0.785156 0.6192959 -0.001680043 0.7928519 0.6091599 0.01761102 0.733651 0.6792983 -0.01760705 0.742513 0.6698297 0.001612803 0.7331815 0.6800311 0.00161721 0.7419279 0.6702424 0.01783654 0.6776537 0.7351671 -0.01774437 0.6872979 0.7263557 0.005386619 0.6769459 0.736013 0.00539027 0.6866738 0.7267416 0.01804973 0.6175074 0.7863553 -0.0181618 0.6278651 0.7782658 0.009367744 0.6278734 0.7782591 0.009367739 0.6163945 0.7873306 0.01298294 0.565168 0.8248726 -0.01305288 0.5518588 0.8338323 0.01325237 0.5517066 0.8339331 0.01325238 0.5748123 0.8178965 0.02522091 0.4845476 0.8745413 -0.01977527 0.4963753 0.8679365 0.01725911 0.4262259 0.9046161 -0.001135818 0.4838322 0.8751602 -0.001098834 0.4266945 0.9042915 -0.0137375 0.4112998 0.9113923 0.0140184 0.3423055 0.9393973 -0.01896421 0.3530607 0.9355013 -0.01361689 0.3529563 0.9355407 -0.01361688 0.3367102 0.9415013 0.01420454 0.2771869 0.9607137 -0.01401466 0.2613678 0.9651872 -0.01002062 0.2613072 0.9652036 -0.0100206 0.2754283 0.961081 0.02150662 0.1841373 0.9826674 -0.02140914 0.1995669 0.9798642 -0.006252915 0.1834666 0.9830061 -0.006247285 0.1982857 0.979905 0.02165554 0.1058456 0.9941481 -0.02158848 0.1215999 0.9925775 -0.001868207 0.104981 0.9944726 -0.001862369 0.1204079 0.9924814 0.02197301 0.02706459 0.9993904 -0.02204953 0.0428784 0.999077 0.002566569 0.02591284 0.9996609 0.00257281 0.04205742 0.9988549 0.02280664 -0.05259081 0.9983497 -0.02306909 -0.03653143 0.9993085 0.00692664 -0.05409542 0.9985117 0.006933389 -0.03731379 0.9990237 0.02364938 -0.1323485 0.9909175 -0.02379784 -0.1162483 0.993156 0.01129555 -0.1165294 0.993123 0.0112957 -0.1341621 0.9908397 0.0154049 -0.1940906 0.9808612 -0.0155039 -0.2134122 0.9768393 0.01550069 -0.2135723 0.9768043 0.0155007 -0.189988 0.981385 0.02807218 -0.272002 0.9621707 -0.01557274 -0.2912217 0.956525 0.01580309 -0.3487576 0.9372108 0.002009894 -0.2908102 0.9567786 0.002042758 -0.347973 0.9373742 -0.01563059 -0.3668654 0.93014 0.01578668 -0.4212475 0.9068624 -0.01229287 -0.3659632 0.9305485 -0.01226248 -0.4212892 0.9067926 -0.01557695 -0.4397336 0.8979892 0.01580945 -0.4914493 0.8707683 -0.01549265 -0.5081183 0.8612074 -0.01172793 -0.5082045 0.8611566 -0.01172793 -0.4929328 0.8696803 0.02594971 -0.5739914 0.8184385 -0.02631152 -0.5587573 0.8293031 -0.006827379 -0.5749304 0.8181738 -0.006821597 -0.559814 0.8281798 0.02695431 -0.637377 0.7700679 -0.02731369 -0.6228768 0.7823173 -0.00202696 -0.6384844 0.7696322 -0.002019196 -0.6236718 0.7811859 0.02796664 -0.6969665 0.7165559 -0.0280222 -0.6834596 0.7299834 0.002652209 -0.6982636 0.7158358 0.002659519 -0.6840429 0.7288806 0.0286061 -0.7523441 0.6581373 -0.02887189 -0.739822 0.6727622 0.007375613 -0.7536848 0.6571946 0.007382159 -0.7401876 0.6717652 0.0292229 -0.8026965 0.59567 -0.02924791 -0.7913645 0.6112223 0.01222917 -0.8041337 0.5943226 0.01223426 -0.7916244 0.6102922 0.02956855 -0.8368533 0.54716 -0.01710467 -0.8492016 0.527791 0.01712984 -0.8656892 0.5002924 0.01702534 -0.8491806 0.5278279 0.01703167 -0.877609 0.4790756 -0.0169977 -0.888454 0.4586481 0.01707012 -0.9128994 0.4081784 0.002253409 -0.8881183 0.4596093 0.002283802 -0.9210364 0.3887328 -0.02405587 -0.9132128 0.4064659 0.02877289 -0.9420382 0.3352367 -0.01343034 -0.9214351 0.3883012 -0.01340197 -0.9418823 0.3354999 -0.01724824 -0.9496245 0.3128931 0.01764408 -0.970702 0.2381866 -0.03169623 -0.9656305 0.2595624 -0.01360319 -0.9712765 0.2375647 -0.01359743 -0.9657561 0.2574231 0.03238003 -0.9866322 0.1596879 -0.03250707 -0.9833832 0.1813326 -0.008709545 -0.9872923 0.1586765 -0.008700146 -0.9832054 0.1794926 0.03300997 -0.9962527 0.0797586 -0.03345396 -0.9947755 0.1020294 -0.003416126 -0.9969018 0.07858294 -0.003403619 -0.9944043 0.1001398 0.03364688 -0.9994294 -0.0003934774 -0.0337753 -0.9997616 0.02175856 0.001805532 -0.9999962 -0.002039419 0.001814257 -0.9992239 0.02010379 0.03387448 -0.9961944 -0.08023237 -0.0340501 -0.9982767 -0.05820868 0.007437297 -0.9965892 -0.08218457 0.007448233 -0.9976383 -0.05971151 0.03394706 -0.9866636 -0.1591465 -0.03416727 -0.9904177 -0.1374485 0.0134404 -0.9867955 -0.161412 0.01344755 -0.9896904 -0.1392688 0.03342137 -0.9710419 -0.2364578 -0.03414052 -0.9763651 -0.215182 0.02019234 -0.9560491 -0.2928714 0.01401366 -0.9709151 -0.239012 0.01404409 -0.9569197 -0.2897726 -0.01834605 -0.9488763 -0.3150861 0.0188251 -0.9307606 -0.3656287 0.0006516207 -0.9493951 -0.3140835 0.0006851987 -0.9309038 -0.3647758 -0.01888586 -0.9206334 -0.3899569 0.0191754 -0.898737 -0.4383211 -0.01209997 -0.9216855 -0.3877503 -0.01206428 -0.8017451 -0.5975612 -0.01120413 -0.8872127 -0.4608079 -0.02257494 -0.8971912 -0.4400092 0.03794781 -0.8472165 -0.5298933 -0.0379096 -0.8608251 -0.5086216 -0.01685352 -0.8473005 -0.5308465 -0.01684794 -0.8590171 -0.5105132 0.03828596 -0.8174149 -0.5757213 -0.01943414 -0.7513961 -0.6598331 -0.004927046 -0.8017933 -0.5974963 -0.01120418 -0.8154351 -0.5775414 0.0388785 -0.7689128 -0.6390665 -0.01916238 -0.75142 -0.6598058 -0.004927023 -0.7667611 -0.6407654 0.03869545 -0.697172 -0.715859 -0.03869228 -0.7153551 -0.6987591 0.001670988 -0.6965016 -0.7175531 0.001684048 -0.7135789 -0.6995189 0.03845115 -0.6385711 -0.7685895 -0.0386936 -0.6579248 -0.7530295 0.009030486 -0.6578347 -0.7531081 0.009030543 -0.6369804 -0.7706385 0.01929536 -0.5756924 -0.816691 -0.03992481 -0.5962489 -0.8026359 0.01621467 -0.5960147 -0.8028098 0.01621489 -0.5737599 -0.818786 0.01972698 -0.5085758 -0.8600338 -0.04114064 -0.5302515 -0.8475211 0.0232662 -0.461715 -0.8869099 0.01449402 -0.5068066 -0.8619373 0.01453169 -0.4378335 -0.8982147 -0.03888676 -0.4604493 -0.8871772 0.03004981 -0.3893817 -0.9210722 0.002826402 -0.4366353 -0.899634 0.002862754 -0.3902754 -0.9204758 -0.02023246 -0.361846 -0.9320136 0.0204475 -0.3147649 -0.9491289 -0.008801655 -0.3631186 -0.9317016 -0.008775988 -0.1318483 -0.9911889 -0.01267255 -0.2879398 -0.9572735 -0.02679811 -0.3122587 -0.9490061 0.04337942 -0.2335145 -0.972042 -0.02460173 -0.2388409 -0.9708514 -0.02006394 -0.2103401 -0.9774226 -0.02005268 -0.2357092 -0.9708515 0.04345842 -0.1611546 -0.9867286 -0.01989392 -0.05296775 -0.9985851 -0.004718663 -0.1319236 -0.9911789 -0.01267259 -0.1581088 -0.9864789 0.04313925 -0.08309282 -0.9963459 -0.01976249 -0.05296243 -0.9985854 -0.004718659 -0.08018151 -0.9957922 0.04437236 0.02467478 -0.9986923 -0.04477353 -0.003215269 -0.9999908 0.002857664 -0.003177925 -0.9999908 0.00285769 0.1043285 -0.9934751 -0.04607401 0.07658056 -0.9970127 0.01005228 0.07663209 -0.9970088 0.01005231 0.1837485 -0.9818441 -0.04710189 0.1563246 -0.9875557 0.01721633 0.1869244 -0.9822231 0.01723303 0.1570982 -0.9864107 0.04810657 0.2619878 -0.9638934 -0.04766389 0.2351834 -0.9716453 0.02437709 0.312103 -0.9499147 0.01592849 0.2652241 -0.9640546 0.01596433 0.3387425 -0.9398037 -0.04497439 0.3123911 -0.9494213 0.03179461 0.3859565 -0.9225044 0.004806473 0.3412642 -0.939955 0.004839367 0.3848763 -0.9227373 -0.02064272 0.415648 -0.9092858 0.02088121 0.4572746 -0.8892986 -0.006930371 0.4144636 -0.9100397 -0.006905479 0.4841799 -0.8744715 -0.02948317 0.4589744 -0.8871817 0.04744576 0.5251969 -0.8507564 -0.01954175 0.4860024 -0.8737395 -0.01951868 0.5521603 -0.8334725 -0.0210422 0.5272983 -0.8482466 0.04933686 0.6148227 -0.7870964 -0.04972305 0.5909392 -0.8066072 -0.01325341 0.6170344 -0.7868249 -0.01323979 0.5926501 -0.8038619 0.05071485 0.6759923 -0.7351103 -0.05145176 0.6535203 -0.7568883 -0.005581317 0.6534873 -0.7569168 -0.005581331 0.6791003 -0.7337283 0.02157472 0.7113017 -0.7025595 -0.02144658 0.7353769 -0.6776559 0.001798271 0.7354631 -0.6775623 0.001798337 0.7129555 -0.699229 0.05266176 0.784844 -0.6174131 -0.05311281 0.7662719 -0.6424451 0.009570905 0.7876536 -0.6160436 0.009590679 0.7666951 -0.6398093 0.05312911 0.8317338 -0.552606 -0.05334365 0.8153468 -0.5787184 0.01716337 0.8346648 -0.5504905 0.01717512 0.8146488 -0.5773833 0.05455062 0.8731537 -0.4845233 -0.05328759 0.8588734 -0.511556 0.02543851 0.8964033 -0.4429664 0.01555861 0.8758544 -0.4823239 0.01558527 0.909066 -0.413775 -0.04887847 0.8965151 -0.4416686 0.03449088 0.9285532 -0.3711836 0.003419089 0.9110076 -0.4123752 0.003445262 0.9394095 -0.3404464 -0.04007699 0.9282689 -0.3692704 0.04422937 0.9547072 -0.2974346 -0.008172481 0.9404935 -0.3397142 -0.008142033 0.9638883 -0.2643782 -0.0319924 0.9542059 -0.2942626 0.05385781 0.9751095 -0.2209229 -0.01883323 0.9644606 -0.2635564 -0.01880665 0.9822459 -0.1860583 -0.02398755 0.9744406 -0.2171879 0.05739977 0.9924852 -0.1079059 -0.05770126 0.9897101 -0.1421798 -0.01608636 0.9942212 -0.106141 -0.01607014 0.9886337 -0.1385379 0.05840227 0.9977984 -0.06262158 -0.02184029 0.9996396 -0.02559094 -0.008113876 0.9980395 -0.06205606 -0.008136541 0.9994692 -0.02415074 0.02186495 0.9996128 0.0172196 -0.02185786 0.9984728 0.05524581 0.0003132636 0.9998354 0.01813822 0.0002903488 0.9981897 0.05601765 0.02189423 0.9950744 0.09678432 -0.02143932 0.9908568 0.1346134 0.009061638 0.9908372 0.1347576 0.009061688 0.9932449 0.100073 0.05873482 0.9761152 0.2092811 -0.05831439 0.9840663 0.1768011 0.01883837 0.9842715 0.1756551 0.01883751 0.9768179 0.213012 0.02127552 0.9565272 0.2856365 -0.0588857 0.9667749 0.2539586 0.02917547 0.9441339 0.3293044 0.01302767 0.9571475 0.289307 0.01304879 0.9309455 0.3612812 -0.05306875 0.9432105 0.3298917 0.0390561 0.9152124 0.4029604 0.003033939 0.931267 0.3643244 0.003061654 0.8991935 0.4352405 -0.0449076 0.9133838 0.4041926 0.04856434 0.8803583 0.4742681 -0.006255247 0.8991805 0.4375334 -0.006232034 0.8614307 0.5065635 -0.03647607 0.8774413 0.4762339 0.05742844 0.8397897 0.5426924 -0.01543528 0.8611158 0.5081752 -0.01541285 0.8179101 0.5746595 -0.0280993 0.8360159 0.544935 0.06421349 0.7936877 0.6079315 -0.02189109 0.7693593 0.6385231 -0.01935408 0.7691336 0.6387948 -0.01935377 0.7898417 0.6099274 0.06433244 0.7428668 0.6690933 -0.02152406 0.715724 0.6983156 -0.009727819 0.7426953 0.6695585 -0.00975248 0.7145934 0.6992071 0.02158148 0.6877794 0.7256117 -0.0211419 0.6580163 0.7530034 0.0006829724 0.6872372 0.7264328 0.000658873 0.6571633 0.7534473 0.02129537 0.6286085 0.777429 -0.02134026 0.5959613 0.8029333 0.01133081 0.6275541 0.7784909 0.01130509 0.5954368 0.8031114 0.02161619 0.5319616 0.8441594 -0.06642067 0.563559 0.8257948 0.02154192 0.5635256 0.8258176 0.02154196 0.5295283 0.8480062 0.02202482 0.4625713 0.8839766 -0.06792079 0.4954122 0.868095 0.03126783 0.4253323 0.9049362 0.01352031 0.4601255 0.8877505 0.01354469 0.389924 0.9189115 -0.05967429 0.4238173 0.904827 0.04082832 0.3518263 0.9360532 0.004768254 0.3878128 0.9217257 0.004787603 0.3145415 0.947874 -0.05097701 0.3494462 0.9356035 0.05033447 0.2765185 0.9610009 -0.003841317 0.3128271 0.9498024 -0.003818615 0.2373512 0.970542 -0.04138164 0.2729619 0.9601507 0.06001959 0.1996246 0.9797901 -0.01270892 0.236309 0.971595 -0.0126936 0.1999146 0.9795781 -0.02146602 0.1567583 0.9874059 0.02136422 0.1221518 0.9922894 -0.02099149 0.08099987 0.9965133 -0.0200063 0.1220719 0.9923193 -0.02002033 0.07834935 0.9966993 0.02125787 0.04369721 0.9988195 -0.02121634 0.0004120966 0.9999601 -0.008927315 0.04315259 0.9990284 -0.008954769 -0.0008146348 0.9997657 0.02163117 -0.03548341 0.999137 -0.02159306 -0.07966551 0.9968208 0.001318273 -0.0364233 0.9993356 0.001285234 -0.08064047 0.9965037 0.0218514 -0.115008 0.9931242 -0.02185264 -0.1600549 0.9870418 0.01144221 -0.1161585 0.9931651 0.01141299 -0.1603239 0.9868174 0.02208187 -0.1940721 0.980745 -0.02180135 -0.2391322 0.9707516 0.02137985 -0.1990583 0.9797546 0.02136573 -0.2392591 0.9707081 0.02193039 -0.2719621 0.9620635 -0.02169059 -0.3163388 0.9483945 0.02185496 -0.3495203 0.9368221 0.01413927 -0.3160334 0.9486424 0.01415907 -0.3865801 0.9198951 -0.06594497 -0.350463 0.9356462 0.04173446 -0.4224478 0.9063705 0.005512008 -0.3906087 0.9205401 0.005533823 -0.4591983 0.8866282 -0.05502195 -0.4238753 0.9041908 0.05261953 -0.4920781 0.8705447 -0.00333715 -0.4619385 0.8869057 -0.003317446 -0.5284699 0.8478542 -0.04316032 -0.4938469 0.8671311 0.06480009 -0.5587418 0.8292428 -0.01280604 -0.5302854 0.8477228 -0.012789 -0.5582475 0.8294078 -0.02103645 -0.5968154 0.8020943 0.0213541 -0.6222686 0.7825172 -0.02117987 -0.584587 0.8110552 -0.02115226 -0.6222587 0.7825211 -0.02132615 -0.6590253 0.7518129 0.02151998 -0.6826679 0.7304144 -0.0214376 -0.7163098 0.6976951 -0.01103576 -0.6831308 0.7302122 -0.01106724 -0.7172554 0.6964734 0.02166839 -0.7389567 0.6734117 -0.02144007 -0.7703881 0.6375748 -0.0007300822 -0.7396641 0.672976 -0.0007603663 -0.7709064 0.6365815 0.0216183 -0.7904825 0.6121133 -0.02132197 -0.8193982 0.5731393 0.009896518 -0.7914745 0.6111226 0.009864146 -0.8194807 0.5727057 0.0214365 -0.836834 0.5470492 -0.02111898 -0.8626571 0.5053611 0.02080899 -0.8278999 0.5604917 0.02076032 -0.8626121 0.505425 0.02111579 -0.8776078 0.4789338 -0.02066127 -0.8999674 0.4354694 0.02061738 -0.9131508 0.4074247 0.01267499 -0.8998755 0.4359621 0.01269018 -0.9126089 0.4083295 -0.0202962 -0.9314983 0.3631686 0.02047792 -0.9424546 0.3343131 0.003762118 -0.9314581 0.3638292 0.003778831 -0.9549591 0.291099 -0.05757143 -0.9416416 0.3314817 0.05857544 -0.965915 0.2588299 -0.003899487 -0.957297 0.2890802 -0.003880594 -0.9655011 0.2595714 -0.02074499 -0.9773604 0.2105285 0.02108075 -0.9833643 0.1813012 -0.01115364 -0.9771929 0.212061 -0.01113926 -0.9831342 0.181685 -0.02092569 -0.9911129 0.1313495 0.02103677 -0.9945858 0.1023324 -0.01808481 -0.990792 0.1341812 -0.01807429 -0.9944961 0.1026439 -0.0210195 -0.9984655 0.05122864 0.02103086 -0.9995323 0.02245965 -0.02075494 -0.9995435 -0.02651308 -0.01448986 -0.999645 0.02234492 -0.0145152 -0.999365 -0.02899977 0.02069881 -0.9981514 -0.0572467 -0.02041286 -0.9941692 -0.1078011 -0.002590096 -0.9982796 -0.05857361 -0.002621595 -0.9938755 -0.1086235 0.02030984 -0.9904837 -0.1361734 -0.01996957 -0.9824004 -0.186527 0.009859012 -0.9904736 -0.1373515 0.009830393 -0.9821725 -0.1869046 0.02009734 -0.9766797 -0.2138081 -0.01956623 -0.9643285 -0.263943 0.02011064 -0.955995 -0.2928289 0.01802375 -0.9644307 -0.2637197 0.01803686 -0.9568315 -0.2899583 -0.0199383 -0.9403485 -0.3396135 0.02018225 -0.9303284 -0.3665722 0.01067751 -0.9405679 -0.3394374 0.0106928 -0.9307966 -0.3649828 -0.0201301 -0.9101548 -0.4137714 0.02028627 -0.8984208 -0.4391169 0.004060945 -0.9106464 -0.4131663 0.004076118 -0.8742574 -0.4812435 -0.06386451 0.8619628 -0.5069352 0.006061131 0.8964028 -0.4432362 -0.001965825 0.8613033 -0.5080873 -0.001951929 -0.9107105 0.4130156 0.004958588 -0.9131168 0.4076525 -0.006114521 -0.9405903 0.3394852 0.00630616 -0.9426073 0.3338887 0.003134298 -0.9404396 0.3399463 0.003134682 -0.9423811 0.3344856 -0.006100659 -0.9645833 0.2637125 0.005898451 -0.9659792 0.2586148 0.001626763 -0.9645171 0.2640154 0.001627533 -0.9659625 0.258617 -0.005800186 -0.9826044 0.1856221 0.00573355 -0.9835724 0.1805144 0.0001624005 -0.9825683 0.1859019 0.000163012 -0.9835109 0.1807655 -0.0054832 -0.9943377 0.1061236 0.00550358 -0.9948573 0.1012822 -0.0009715403 -0.9943116 0.1065057 -0.0009710075 -0.9948181 0.1015382 -0.005176091 -0.999651 0.02590096 0.005193273 -0.9997705 0.02132097 -0.002090666 -0.9996542 0.02621143 -0.002090082 -0.9997537 0.02166045 -0.004841811 -0.9985121 -0.05431473 0.00484897 -0.9982882 -0.05841979 -0.00279365 -0.9985527 -0.05370774 -0.00279373 -0.9982989 -0.05813749 -0.004395281 -0.9910328 -0.1335418 0.004537485 -0.9905182 -0.1373328 -0.003669604 -0.9911389 -0.1327785 -0.003669314 -0.990559 -0.1370243 -0.00412146 -0.9773805 -0.2114497 0.004047259 -0.9766479 -0.214814 -0.003739963 -0.9576864 -0.2877893 0.003757164 -0.9564143 -0.2919923 0.00348755 -0.9576324 -0.2879723 0.003487684 -0.9567169 -0.2909986 -0.003542986 -0.9315977 -0.3634746 0.003478205 -0.9305079 -0.3662633 0.002513423 -0.9316657 -0.3633083 0.002513695 -0.9306058 -0.3660094 -0.003139026 -0.8995394 -0.4368272 0.003294811 -0.8982149 -0.4395538 0.001559698 -0.8995856 -0.4367417 0.001559637 -0.8984236 -0.4391203 -0.002910441 -0.8614742 -0.5077931 0.002900582 -0.8602542 -0.5098643 0.0009334708 -0.8615513 -0.5076696 0.0009336235 -0.860342 -0.5097111 -0.002475079 -0.8180079 -0.5752009 0.002628544 -0.8166744 -0.5770988 0.0001541886 -0.8179962 -0.5752236 0.0001542509 -0.8168359 -0.5768657 -0.002227389 -0.7692707 -0.6389194 0.002187637 -0.7681735 -0.6402417 -8.931943e-05 -0.769344 -0.6388347 -8.910122e-05 -0.7681221 -0.6403006 -0.001855321 -0.7160521 -0.6980445 0.001811602 -0.715026 -0.6990977 -0.0005431024 -0.7160833 -0.6980146 -0.0005431671 -0.7150473 -0.6990744 -0.001511377 -0.6586866 -0.7524161 0.001431868 -0.6578674 -0.7531335 -0.0006430761 -0.6588745 -0.7522527 -0.0006430675 -0.6578977 -0.7531065 -0.001129726 -0.5971653 -0.8021173 0.00116269 -0.5964783 -0.8026288 -0.0007534983 -0.596581 -0.8025526 -0.0007534935 -0.5962995 -0.8027617 -0.0007969551 -0.5313126 -0.8471755 0.0008250138 -0.5308701 -0.8474531 -0.0004406697 -0.4623438 -0.8867006 0.0004866598 -0.4618678 -0.8869486 0.0004356464 -0.4616232 -0.887076 0.0004356471 -0.4614158 -0.887184 -0.0001091148 -0.3889948 -0.92124 0.0001255768 -0.388975 -0.9212484 0.0001185267 -0.3888892 -0.9212845 0.0001185379 -0.3889402 -0.921263 0.0002326221 -0.3135571 -0.9495693 -0.0002599054 -0.3138813 -0.9494622 -6.622923e-05 -0.3136136 -0.9495507 -6.624127e-05 -0.3139917 -0.9494255 0.0006487843 -0.2366795 -0.9715876 -0.0005650296 -0.2373526 -0.9714235 -0 -0.2366563 -0.9715934 0 -0.2373103 -0.9714334 0.001023026 -0.1587545 -0.9873177 -0.0008944468 -0.1596962 -0.9871662 0.0001377185 -0.158674 -0.987331 0.0001377248 -0.1596557 -0.9871718 0.001359818 -0.08039558 -0.9967623 -0.001234966 -0.08159203 -0.9966657 0.0004171313 -0.08031813 -0.9967692 0.0004171746 -0.08154796 -0.9966682 0.001574262 -0.001177795 -0.9999977 -0.001768141 -0.002800896 -0.9999956 0.0009765583 -0.001124167 -0.9999989 0.0009765615 -0.002671584 -0.9999944 0.002023755 0.07858291 -0.9969053 -0.002117951 0.07675067 -0.9970491 0.001540777 0.0789618 -0.9968764 0.001540821 0.0766985 -0.9970512 0.002532086 0.1582957 -0.9873888 -0.002411238 0.1562176 -0.9877198 0.002386115 0.1582981 -0.9873886 0.00238591 0.1565299 -0.9876694 0.002761619 0.2371615 -0.9714658 -0.002943275 0.2348193 -0.9720337 0.003203027 0.3160681 -0.9487303 -0.003418686 0.3107153 -0.9504985 -0.002912248 0.3143857 -0.9492909 -0.002911959 0.3118368 -0.9501287 0.003635084 0.3889308 -0.9212602 -0.003520667 0.386249 -0.922391 -0.002564787 0.3893588 -0.9210826 -0.00256471 0.3865481 -0.9222607 0.003971715 0.4609586 -0.8874133 -0.003849205 0.4579621 -0.8889697 -0.001871635 0.4611959 -0.8872964 -0.001871517 0.4581982 -0.8888396 0.004309747 0.5296804 -0.8481871 -0.004166314 0.5265858 -0.8501214 -0.0009912871 0.5297326 -0.8481641 -0.0009908293 0.5266092 -0.8500949 0.004626916 0.5952804 -0.803504 -0.004749431 0.5919586 -0.8059685 8.258351e-05 0.5953961 -0.8034323 8.311215e-05 0.5921454 -0.8058146 0.005156004 0.6574526 -0.7534786 -0.005122698 0.6542372 -0.7562886 0.001075177 0.657752 -0.7532337 0.001075988 0.6543668 -0.7561566 0.005585053 0.7157649 -0.6983188 -0.005606192 0.7126002 -0.7015669 0.002219116 0.7162262 -0.6978647 0.002218754 0.7126062 -0.701537 0.006189263 0.7696046 -0.6384938 -0.005875218 0.7665333 -0.6421936 0.003723837 0.7698009 -0.6382732 0.003724386 0.7665603 -0.6421402 0.006431058 0.8183962 -0.5746186 -0.006414612 0.8154768 -0.5787672 0.005108418 0.818617 -0.574317 0.005108522 0.8152586 -0.5790565 0.006854701 0.8586884 -0.5124651 -0.005810283 -0.895512 -0.4408005 0.06126317 -0.8604886 -0.509464 -0.002377956 -0.8746282 -0.4847885 -0.002364012 -0.8607704 -0.5085933 -0.02017653 -0.8320665 -0.5543066 0.02023595 -0.8170423 -0.5765136 -0.00860193 -0.8329296 -0.5533123 -0.008589153 -0.8173193 -0.5758395 -0.01994835 -0.7849668 -0.619215 0.01999925 -0.7686712 -0.6394754 -0.01469151 -0.7862865 -0.6176877 -0.0146799 -0.7687124 -0.6392933 -0.01963242 -0.7331179 -0.6798214 0.01951862 -0.7157025 -0.6981425 -0.01916079 -0.678135 -0.7347746 -0.01546426 -0.7156532 -0.698284 -0.015491 -0.677109 -0.7356334 0.01915548 -0.6585472 -0.7523027 -0.01887355 -0.6177198 -0.7863972 -0.001269289 -0.6581436 -0.7528913 -0.00129901 -0.6168774 -0.7868244 0.01922667 -0.5972586 -0.8018216 -0.01908365 -0.5527939 -0.8332303 0.01209222 -0.5967233 -0.8023565 0.01205755 -0.5523475 -0.8333878 0.01941687 -0.5317122 -0.8467053 -0.01929502 -0.4837922 -0.8749667 0.01945257 -0.461097 -0.8871908 0.01679243 -0.4839442 -0.8749375 0.016801 -0.4623961 -0.8864632 -0.0193089 -0.4119721 -0.9109904 0.01938106 -0.3888575 -0.9212342 0.0108409 -0.4123672 -0.9109531 0.01085199 -0.3899578 -0.920633 -0.01918228 -0.3373542 -0.94118 0.01929746 -0.3139451 -0.949428 0.005005515 -0.3381199 -0.9410897 0.00502167 -0.315043 -0.9488879 -0.0189616 -0.2609141 -0.9651759 0.0189573 -0.2376494 -0.9713506 -0.0008823068 -0.2618404 -0.9651108 -0.0008694633 -0.2383875 -0.970992 -0.01860197 -0.1832793 -0.9828866 0.01851621 -0.16037 -0.9870329 -0.006882254 -0.1842467 -0.982856 -0.006873686 -0.1607754 -0.9868256 -0.01806731 -0.1050745 -0.9942988 0.01814442 -0.08248568 -0.9965037 -0.01328525 -0.1064339 -0.9942311 -0.01327852 -0.082661 -0.996416 -0.01794927 -0.0261388 -0.9994935 0.01814986 -0.00397611 -0.9998283 -0.01809529 0.05199092 -0.9985355 -0.01496538 -0.003725409 -0.9998807 -0.01499332 0.05355471 -0.9983963 0.01835035 0.07553399 -0.9969768 -0.01821763 0.1326468 -0.9911616 -0.001880281 0.07619251 -0.9970914 -0.001915489 0.1333535 -0.9908962 0.01848075 0.1549793 -0.9877496 -0.01822103 0.2123328 -0.9771371 0.01085494 0.1562387 -0.9876601 0.01081709 0.2125592 -0.9769768 0.01830104 0.2335081 -0.9721871 -0.01806167 0.2904333 -0.9567233 0.01813365 0.3121579 -0.9498971 0.0159033 0.2903259 -0.9567955 0.01591122 0.3105692 -0.9503851 -0.01774785 0.3660811 -0.9304124 0.01781624 0.3865035 -0.9222293 0.01040772 0.3657393 -0.9306591 0.01041474 0.3852897 -0.922631 -0.01743215 0.4389418 -0.8983479 0.01735354 0.4579843 -0.8889477 0.004736951 0.4384724 -0.8987321 0.004744542 0.4570849 -0.8892623 -0.01690759 0.5084353 -0.8609338 0.01692819 0.5261905 -0.8503659 -0.001225574 0.5077851 -0.8614829 -0.00121692 0.5255213 -0.8506148 -0.01678511 0.5749888 -0.817983 0.01708232 0.5914669 -0.8063015 -0.006693448 0.5741594 -0.8187162 -0.006685961 0.5910199 -0.806481 -0.0168481 0.638305 -0.7695916 0.01718536 0.6535262 -0.7568112 -0.01184809 0.6375372 -0.7703285 -0.01183975 0.653154 -0.7570353 -0.01695484 0.6979696 -0.7159204 0.01721677 0.7117136 -0.7022788 -0.0163737 0.696685 -0.7171904 -0.01636817 0.7115906 -0.702391 -0.01690149 0.753271 -0.6574885 0.017079 0.7656449 -0.6430469 -0.01669404 0.8031624 -0.5957386 -0.005073961 0.7660208 -0.6427954 -0.005109925 0.8036569 -0.5948548 0.01683239 0.8146195 -0.5797643 -0.0163796 0.8486115 -0.5289453 0.008679662 0.8153041 -0.5789685 0.008645084 0.8486531 -0.5286919 0.01651498 0.858195 -0.5130733 -0.016031 0.8880192 -0.4595275 0.01600716 0.8968551 -0.4421124 0.01369032 0.8879588 -0.4597189 0.01369416 0.8960335 -0.4437137 -0.01556399 0.9215342 -0.3879818 0.01565017 0.92861 -0.3709624 0.008393739 0.921455 -0.3883942 0.008398414 0.9281679 -0.3718449 -0.01535275 0.9492981 -0.313983 0.01573812 0.955011 -0.2965517 0.003324379 0.9492775 -0.314422 0.003330456 0.9545995 -0.2974902 -0.01547269 0.9713244 -0.2372327 0.01580011 0.9755569 -0.2197434 -0.001209604 0.9712992 -0.2378578 -0.001202994 0.9752333 -0.2206331 -0.01552712 0.9872308 -0.1585195 0.01570972 0.9899372 -0.1414125 -0.005169073 0.9872094 -0.1593452 -0.005162498 0.9897737 -0.1418171 -0.01536204 0.9967872 -0.07856658 0.01557402 0.9980443 -0.06186974 -0.008933 0.9967406 -0.08017782 -0.008927745 0.9979515 -0.06214358 -0.01519757 0.9998819 0.001720302 0.01527405 0.9997557 0.01799493 -0.01283886 0.9999174 -0.0006012534 -0.01283445 0.9997275 0.01789143 -0.01499815 0.9965546 0.0816166 0.01475344 0.9951495 0.09729603 -0.01452661 0.9872155 0.1592402 -0.006953157 0.9952105 0.09750549 -0.006983089 0.9869357 0.1604663 0.01443287 0.9843516 0.1756546 -0.01404844 0.9713344 0.2375263 0.009524874 0.9842778 0.1763722 0.009494746 0.9712154 0.2377916 0.01398887 0.9675263 0.2523835 -0.01398034 0.9492919 0.3140773 0.01415324 0.9441664 0.3292859 0.01098264 0.9493894 0.3139094 0.01098578 0.9445291 0.3281297 -0.01398896 0.9212011 0.3888313 0.01409891 0.9150918 0.4031841 0.007041012 0.9214224 0.3884984 0.007044627 0.9154335 0.4022272 -0.01395891 0.8869833 0.461588 0.01403453 0.8800676 0.4748349 0.00357622 0.8873625 0.4610585 0.003582387 0.8802872 0.474243 -0.01371117 0.8470729 0.531297 0.01382511 0.8392795 0.5437002 -3.461628e-05 0.8475155 0.5307705 -2.98595e-05 0.839525 0.5431532 -0.01350044 0.8016854 0.5975929 0.01353836 0.7931757 0.6089827 -0.003504385 0.8022521 0.5969751 -0.003500788 0.7934375 0.6085079 -0.01323137 0.7513892 0.6597291 0.01310608 0.7424235 0.6698967 -0.006756617 0.7520899 0.659026 -0.006753011 0.7425587 0.6696601 -0.01271977 0.6967448 0.7172057 0.01274949 0.6873119 0.7262906 -0.01021586 0.6972806 0.7167255 -0.010214 0.6874926 0.726088 -0.01225061 0.6380119 0.7699254 0.01248131 0.6281719 0.7779784 -0.01224467 0.5755022 0.8177853 -0.004949728 0.6279413 0.7782447 -0.004979121 0.5749354 0.8181049 0.01239815 0.5646687 0.8252258 -0.01231092 0.5074737 0.8615962 0.011066 0.565133 0.824926 0.01103732 0.5077183 0.8614344 0.01236445 0.4971417 0.8675844 -0.01214819 0.4369558 0.8994017 0.01209336 0.4253029 0.9050033 0.009296036 0.4369889 0.8994188 0.009296593 0.4261626 0.9045685 -0.01188796 0.3632246 0.9316252 0.01193412 0.3514973 0.936168 0.006253468 0.3634334 0.9315993 0.006255353 0.3523292 0.9358031 -0.01169141 0.287264 0.9577818 0.01155442 0.2758999 0.9611807 0.003324907 0.2876405 0.9577327 0.003327196 0.2764544 0.960961 -0.01125881 0.2098888 0.9776605 0.01125444 0.1986781 0.9800647 0.0003566077 0.2103937 0.9776166 0.0003608279 0.199239 0.979891 -0.01084008 0.1318929 0.9912052 0.01079081 0.1210699 0.9926405 -0.00263107 0.1324093 0.9911916 -0.00262723 0.1213508 0.992555 -0.01041881 0.0532382 0.9985262 0.01053547 0.04269387 0.9990718 -0.005720114 0.05380138 0.9985353 -0.005718595 0.04304368 0.9990197 -0.01033949 -0.02625504 0.9996001 0.01051242 -0.03640187 0.9993033 -0.008234873 -0.02546427 0.9996418 -0.008234609 -0.03632973 0.9992874 -0.0102467 -0.1061257 0.9942992 0.010322 -0.1158145 0.9932199 -0.01006324 -0.1843637 0.9828318 -0.007189712 -0.1158996 0.9932348 -0.007216697 -0.1856053 0.9825718 0.01015741 -0.194935 0.9807664 -0.00987468 -0.264034 0.9644769 0.008393443 -0.1946018 0.9808466 0.008370917 -0.2640216 0.9644659 0.009902226 -0.2728635 0.9620057 -0.009520986 -0.3405049 0.9401941 0.009559947 -0.3496858 0.9368371 0.007494364 -0.3403919 0.9402538 0.007496655 -0.3487743 0.9371618 -0.009177402 -0.4144369 0.9100317 0.009184904 -0.4225062 0.9063455 0.005119644 -0.4142052 0.9101692 0.005120143 -0.422164 0.9064775 -0.008729366 -0.4849957 0.874473 0.008724407 -0.4926346 0.8702331 0.002362706 -0.4848758 0.8745798 0.002364536 -0.4921671 0.870461 -0.008322601 -0.5526158 0.8333922 0.008557729 -0.5595403 0.8288031 3.756456e-05 -0.5521649 0.833735 3.930197e-05 -0.5591043 0.8290558 -0.008299322 -0.6171089 0.7868339 0.008307865 -0.6233141 0.7819688 -0.002069515 -0.6167477 0.7871582 -0.002068318 -0.6231167 0.7820868 -0.008110419 -0.6780533 0.7349679 0.008118336 -0.6836127 0.7298344 -0.003943632 -0.6777688 0.7352646 -0.003942478 -0.6834732 0.729933 -0.007888848 -0.7349231 0.6781043 0.007912602 -0.7398045 0.6727992 -0.005536679 -0.7345375 0.6785455 -0.005535478 -0.7397397 0.6728494 -0.007683862 -0.7870443 0.6168506 0.007528864 -0.7911834 0.6115404 -0.006864408 -0.7872296 0.6166218 -0.006864164 -0.7912685 0.6114262 -0.007216819 -0.8339327 0.5518177 0.007313626 -0.8375062 0.5463829 -0.007001216 -0.8753839 0.4833921 0.005934357 -0.8373052 0.5467038 0.005923285 -0.8752752 0.4835766 0.0068538 -0.8781934 0.4782626 -0.006420424 -0.9107732 0.4128546 0.006585245 -0.913469 0.4068781 0.004957642 0.8991695 -0.4375535 -0.006415501 0.8967134 -0.4425508 0.007333102 0.931008 -0.3649227 -0.007448521 0.9285364 -0.3712096 -0.004844208 0.9309136 -0.3652074 -0.004843521 0.9287418 -0.3706459 0.007770029 0.9569041 -0.290294 -0.007992999 0.9549677 -0.2966886 -0.003528439 0.9569805 -0.2901306 -0.003527859 0.9551015 -0.2961623 0.0083031 0.9770541 -0.2128189 -0.008562771 0.9755789 -0.2196396 -0.002027924 0.9771495 -0.2125434 -0.002027018 0.9756225 -0.2192678 0.009080176 0.9909723 -0.1337792 -0.008785754 0.9900371 -0.1408062 -0.000305693 0.9910681 -0.1333572 -0.0003044218 0.9900638 -0.1403139 0.009256977 0.9985144 -0.05365905 -0.009476284 0.9981295 -0.06111973 0.001388216 0.998583 -0.05319921 0.001389401 0.9981054 -0.06074065 0.009803359 0.9995998 0.02655697 -0.009752221 0.999814 0.01901327 0.003211976 0.9996243 0.0272195 0.003213084 0.9997633 0.01929057 0.01005708 0.9942842 0.1062823 -0.01015271 0.9951168 0.09856034 0.005336954 0.9942598 0.1068603 0.005337622 0.9950795 0.09853422 0.01037687 0.9827387 0.1847049 -0.01042139 0.9842002 0.1768871 0.007810599 0.9844776 0.1753365 0.007810456 0.9826408 0.1853183 0.008609134 0.9674395 0.2529612 -0.008447183 0.9649098 0.262433 0.008834157 0.9441944 0.3293583 -0.004457139 0.9647352 0.2631853 -0.004441558 0.9444409 0.3285572 -0.009036478 0.9409706 0.3383594 0.009338315 0.9113464 0.411469 -0.01187549 0.9152861 0.4027323 -0.007620061 0.9112182 0.4118536 -0.007619653 0.9148219 0.4036646 0.01248389 0.8753488 0.483334 -0.01235736 0.8800544 0.4748394 -0.005645633 0.8751705 0.4837818 -0.005644179 0.8796082 0.4755226 0.01295205 0.8336097 0.5522038 -0.01287719 0.8392124 0.543793 -0.00340693 0.8334254 0.5526214 -0.003405371 0.8386108 0.544574 0.01307731 0.786544 0.617386 -0.01353261 0.7930186 0.6091964 -0.001114386 0.7863535 0.6177758 -0.001112679 0.7924939 0.6097277 0.01361788 0.7348744 0.6780663 -0.0136357 0.7419612 0.670441 0.001519598 0.7345778 0.6785228 0.001521988 0.7416085 0.6706886 0.01391034 0.678911 0.7340901 -0.0138439 0.6866906 0.7269353 0.004592391 0.6784471 0.7346348 0.004593395 0.6862291 0.727249 0.01408824 0.6189311 0.7853163 -0.01422842 0.6272789 0.7787563 0.007723036 0.6181839 0.7859956 0.007726106 0.6269741 0.7789018 0.0146749 0.5544987 0.8320479 -0.01507919 0.5635586 0.826003 0.01098699 0.566732 0.8238289 0.010986 0.5536461 0.8326738 0.01141382 0.4968714 0.8677486 -0.01145951 0.4850229 0.8744224 0.01175716 0.4252735 0.9050621 -0.002253743 0.4856074 0.8741742 -0.002229037 0.425876 0.9047047 -0.01178487 0.4131984 0.9105621 0.01198939 0.3391945 0.9405628 -0.01699451 0.3521115 0.9358945 -0.01090673 0.3397348 0.9404581 -0.01090483 0.3507984 0.9362961 0.01703336 0.2634914 0.9645116 -0.01701867 0.2761151 0.9610908 -0.008058091 0.2631321 0.9647262 -0.008057249 0.274851 0.961331 0.0173115 0.1858184 0.9824318 -0.01730105 0.1986573 0.9800563 -0.005007321 0.1852586 0.982677 -0.005005187 0.1976781 0.9801092 0.01758706 0.1076016 0.9940419 -0.01739258 0.1207227 0.9926854 -0.001297012 0.1068908 0.9942699 -0.00129322 0.1197344 0.9926469 0.01776849 0.0287685 0.9994242 -0.0179869 0.04214899 0.9991082 0.002497161 0.02782003 0.9996098 0.002502419 0.04128162 0.9989749 0.01857182 -0.0508013 0.998533 -0.01873852 -0.03735137 0.9992841 0.006015643 -0.05206796 0.9986254 0.006019904 -0.03782564 0.9990965 0.01937451 -0.1306584 0.9912357 -0.0194978 -0.1170625 0.9930768 0.009739457 -0.1167859 0.9931093 0.009739345 -0.1322221 0.9911256 0.01369005 -0.195031 0.9807032 -0.01357273 -0.2114108 0.9773044 0.01347473 -0.2115051 0.977284 0.01347472 -0.1965612 0.9802752 0.02059648 -0.2729219 0.9619375 -0.01377311 -0.2892703 0.9571446 0.01403175 -0.3493491 0.936992 0.001127731 -0.2887074 0.9574167 0.001161836 -0.3488391 0.9370789 -0.0139404 -0.3650432 0.9308832 0.01413739 -0.422019 0.906482 -0.01379307 -0.3503368 0.9365229 -0.01374814 -0.4221335 0.9064273 -0.01388584 -0.4378986 0.8989142 0.01408001 -0.4922 0.8703707 -0.01393219 -0.506934 0.8619299 -0.009730363 -0.5066381 0.8621039 -0.009730494 -0.4935406 0.8694527 0.02167031 -0.5725379 0.8195874 -0.02183795 -0.5595191 0.8287984 -0.005627878 -0.5734329 0.8192332 -0.005622592 -0.5603648 0.8279362 0.02264825 -0.6360331 0.7713286 -0.022674 -0.6235389 0.7817912 -0.001384044 -0.6370263 0.7708409 -0.001377037 -0.6243368 0.7808052 0.02338394 -0.6958662 0.7177849 -0.0235581 -0.6840832 0.7293991 0.002652628 -0.6968137 0.7172472 0.002658909 -0.6845487 0.7285689 0.02409181 -0.7512609 0.6595607 -0.02422143 -0.7403722 0.6721638 0.006681515 -0.7523497 0.65873 0.00668617 -0.7407253 0.6713592 0.02454988 -0.8017892 0.5970942 -0.02475188 -0.7918726 0.6105893 0.01087784 -0.8029166 0.5959921 0.01088122 -0.7920621 0.6099299 0.02496181 -0.8470185 0.5309714 -0.02508255 -0.8381439 0.5452328 0.01536004 -0.8480784 0.5296481 0.01536065 -0.8377384 0.5454673 0.02568679 -0.8780636 0.4782926 -0.01551169 -0.8875302 0.460488 0.01551813 -0.9134454 0.4069595 0.00119037 -0.8874995 0.4608069 0.001224992 -0.9203691 0.3905002 -0.02074273 -0.9135538 0.4059338 0.02524267 -0.9422039 0.3347 -0.01508582 -0.9219751 0.3869561 -0.01506042 -0.9422082 0.3346509 -0.01589584 -0.9490274 0.314779 0.01616762 -0.9704074 0.2399585 -0.02700884 -0.9658832 0.2587188 -0.01159084 -0.9708523 0.2393984 -0.01158567 -0.9660738 0.2567989 0.0274942 -0.9865018 0.1613477 -0.02794956 -0.9835341 0.1805759 -0.007287001 -0.9870032 0.1605359 -0.007279521 -0.9834615 0.1788943 0.02828847 -0.9962595 0.08155398 -0.02856608 -0.994873 0.1010966 -0.002707599 -0.9967522 0.0804852 -0.002698196 -0.9946195 0.09951159 0.02880032 -0.9995782 0.001361929 -0.02901022 -0.9997785 0.0209594 0.001945315 -0.9999981 -9.165707e-05 0.001953085 -0.9993778 0.01962581 0.02930429 -0.996483 -0.07855479 -0.0291659 -0.9982263 -0.05913396 0.006876956 -0.9967541 -0.08021255 0.006886005 -0.9977557 -0.06020299 0.02931067 -0.9870765 -0.1575203 -0.02944998 -0.9903166 -0.1382929 0.01216886 -0.9871408 -0.1593886 0.01217491 -0.9898717 -0.1388596 0.02952748 -0.9715875 -0.2348477 -0.02939698 -0.9762249 -0.2159996 0.01814556 -0.9561756 -0.2924648 0.01388017 -0.9713863 -0.2370977 0.01390836 -0.9566849 -0.2906209 -0.01713043 -0.9495153 -0.3132249 0.01762819 -0.9303634 -0.3666386 -0.0002301801 -0.9499682 -0.3123466 -0.000196095 -0.9306088 -0.3655911 -0.01762169 -0.9214528 -0.388074 0.01797498 -0.8983755 -0.4390177 -0.01359822 -0.9222482 -0.3863602 -0.01356474 -0.8028924 -0.5960458 -0.009656796 -0.88814 -0.4591517 -0.01967062 -0.8970631 -0.4406871 0.0327498 -0.8482545 -0.5285524 -0.03311693 -0.8603793 -0.509439 -0.01480959 -0.8482922 -0.5293215 -0.01480145 -0.8588703 -0.5111099 0.03329614 -0.8169164 -0.5764663 -0.01828373 -0.8029317 -0.5959928 -0.009656833 -0.8151952 -0.578203 0.0337339 -0.7532398 -0.6568952 -0.03344538 -0.7680859 -0.640333 -0.004197518 -0.7526084 -0.6584551 -0.004186534 -0.7665557 -0.6412814 0.03392398 -0.6986685 -0.7146586 -0.03354514 -0.7147377 -0.6993906 0.001720283 -0.6977779 -0.7163122 0.001733263 -0.7134131 -0.6999219 0.03392756 -0.6400644 -0.7675871 -0.03358085 -0.6573075 -0.7535743 0.008531759 -0.6572162 -0.7536538 0.008531808 -0.6384936 -0.7694097 0.01829043 -0.5771738 -0.8158747 -0.03491437 -0.5956054 -0.8031373 0.01498669 -0.5958388 -0.8029642 0.01498654 -0.5753337 -0.8177029 0.01879487 -0.510244 -0.8592827 -0.03583894 -0.5296211 -0.8479677 0.02126377 -0.4599771 -0.8878167 0.01423742 -0.5083949 -0.861006 0.0142595 -0.4619437 -0.8867036 -0.01909897 -0.4374094 -0.8990537 0.01937589 -0.3884014 -0.921488 0.002020247 -0.4382477 -0.8988518 0.00205347 -0.3894667 -0.920839 -0.01926631 -0.3637175 -0.931306 0.0194597 -0.3140112 -0.9493654 -0.01012523 -0.3650423 -0.9309362 -0.01009605 -0.2119689 -0.9771164 -0.01768673 -0.289724 -0.9568139 -0.02381607 -0.3117912 -0.949381 0.03823483 -0.2379535 -0.9710867 -0.01920705 -0.1337673 -0.9909512 -0.01104604 -0.212121 -0.9770833 -0.01768684 -0.2351508 -0.9712011 0.03837338 -0.1602936 -0.9868871 -0.01896591 -0.05480677 -0.9984894 -0.003876441 -0.1337982 -0.9909471 -0.01104605 -0.1576137 -0.9867626 0.03817581 -0.08217204 -0.9964386 -0.01892027 -0.05484341 -0.9984874 -0.003876464 -0.07954954 -0.9960623 0.03913718 0.02292811 -0.9989523 -0.03960515 -0.002408797 -0.9999925 0.002998075 -0.00236398 -0.9999927 0.002998101 0.1026504 -0.9938822 -0.04075747 0.07741264 -0.9969532 0.009566035 0.07749416 -0.9969469 0.009566089 0.1821114 -0.9823898 -0.04178138 0.1570828 -0.9874535 0.01613963 0.1849045 -0.9826237 0.01615243 0.1584965 -0.9864681 0.04194693 0.2605023 -0.9645374 -0.04249824 0.2359103 -0.9715083 0.02275757 0.3125497 -0.949763 0.01621384 0.2632437 -0.9645927 0.01624022 0.3371277 -0.9405897 -0.04044488 0.3131178 -0.9492585 0.02942008 0.3868318 -0.9221406 0.004237171 0.3392099 -0.940701 0.004268345 0.3856709 -0.922418 -0.02007618 0.4139222 -0.91009 0.02011429 0.4579397 -0.8889462 -0.00811665 0.4128147 -0.9107792 -0.0080879 0.4826561 -0.8754109 -0.02643674 0.4596362 -0.8870744 0.04281917 0.5478058 -0.835573 -0.04155239 0.5259972 -0.8502758 -0.01892092 0.550671 -0.834508 -0.01891579 0.5278615 -0.8481858 0.04408041 0.613656 -0.7883263 -0.04436139 0.591691 -0.8060805 -0.01166419 0.6156107 -0.7879644 -0.01165126 0.5932447 -0.8037387 0.0454393 0.6747804 -0.7366062 -0.04563619 0.6542169 -0.7562927 -0.004635465 0.6769589 -0.7360064 -0.00461793 0.6553587 -0.753888 0.04645466 0.7316661 -0.6800701 -0.04657621 0.7127792 -0.701385 0.00222379 0.7341372 -0.6789975 0.002238923 0.7135103 -0.6990461 0.04730265 0.7839669 -0.6189972 -0.04731022 0.7668417 -0.64177 0.009223351 0.7864755 -0.6175523 0.009241154 0.7671394 -0.6396921 0.04786555 0.8310278 -0.5541872 -0.04763791 0.8158264 -0.5780667 0.01631291 0.8336127 -0.5521082 0.01632431 0.8160567 -0.5760037 0.0476582 0.8725957 -0.4860929 -0.04785859 0.8592795 -0.5109454 0.02394694 0.8969373 -0.441874 0.01583788 0.8748788 -0.484082 0.01586295 0.9085429 -0.4154132 -0.0445165 0.8969045 -0.4410485 0.03222553 0.9287818 -0.3706147 0.003004159 0.9102215 -0.4141106 0.003036432 0.9389298 -0.342192 -0.03627007 0.928619 -0.3687201 0.04137869 0.9549758 -0.2965358 -0.009362424 0.9399388 -0.3412153 -0.009332034 0.9634973 -0.2661619 -0.02882186 0.9545968 -0.2936505 0.05014164 0.9752449 -0.2201558 -0.02070798 0.9651591 -0.260845 -0.02068561 0.9996052 -0.027247 -0.006857947 0.981945 -0.1879359 -0.02154255 0.9748714 -0.216705 0.05162095 0.9926335 -0.1092548 -0.05236544 0.9898652 -0.1412915 -0.01426199 0.9940428 -0.1080555 -0.01424668 0.9890661 -0.1378858 0.05230424 0.9978499 -0.06191264 -0.02150408 0.9985781 0.05330094 0.0008692949 0.9995998 -0.02744634 -0.00685809 0.9969031 -0.05823059 0.05285249 0.9996063 0.01812484 -0.02141912 0.9985957 0.05296968 0.0008691016 0.9983611 0.02149698 0.05303862 0.9901147 0.1298458 -0.05303742 0.9950495 0.09898233 0.008896518 0.9910899 0.1328961 0.00891376 0.9934878 0.1010003 0.0527326 0.9767976 0.2076073 -0.05259045 0.9839485 0.1775586 0.01784115 0.9841088 0.1766679 0.01784053 0.9772089 0.2112501 0.02088908 0.9572945 0.2841685 -0.05324968 0.966624 0.2547036 0.02764426 0.9438124 0.3302144 0.01329025 0.9577187 0.287398 0.01331642 0.9318008 0.3597028 -0.04859174 0.9430369 0.3306808 0.03649367 0.9150876 0.4032467 0.002566326 0.9319673 0.3625332 0.002596869 0.9001328 0.4336786 -0.041035 0.9132283 0.404893 0.04555959 0.8799094 0.4750823 -0.007503054 0.9000446 0.4357337 -0.007478562 0.8623907 0.5051374 -0.0334425 0.8772983 0.4768977 0.05400217 0.83934 0.543339 -0.01706147 0.8624865 0.5057931 -0.01703727 0.8190286 0.5731857 -0.02550274 0.8360102 0.5456159 0.05822711 0.7931816 0.6085965 -0.02175465 0.7703155 0.637425 -0.0174179 0.7703579 0.6373738 -0.017418 0.7897873 0.6105947 0.05839788 0.7423271 0.6696959 -0.02139693 0.7169802 0.6970423 -0.008445651 0.7420258 0.6703178 -0.008466382 0.7159575 0.6978158 0.02140045 0.6872023 0.7261602 -0.0210775 0.6593255 0.7518566 0.001272673 0.6865442 0.727087 0.001251233 0.6586506 0.7521499 0.02120672 0.6279719 0.7779451 -0.02127643 0.5974721 0.8018119 0.01116222 0.6271721 0.778801 0.01114254 0.597083 0.8018873 0.02164653 0.5335142 0.843622 -0.06053409 0.562869 0.8262896 0.02059483 0.5630539 0.8261635 0.02059463 0.494755 0.8685238 0.02973093 0.4642158 0.8835589 -0.06186531 0.5311612 0.846987 0.02192904 0.4231519 0.9052348 0.03863173 0.3915974 0.9184855 -0.05509828 0.4619181 0.8868133 0.01391953 0.3163505 0.9474896 -0.04675133 0.3488095 0.9359866 0.04754942 0.2757194 0.9612263 -0.004790347 0.2391749 0.9702348 -0.03794501 0.2723898 0.9605175 0.05665654 0.1988265 0.9799299 -0.01433663 0.08065905 0.9965783 -0.01804875 0.1609261 0.9865553 -0.02848381 0.1949424 0.9787719 0.0632701 0.1212966 0.9923908 -0.02115803 0.08207021 0.9964631 -0.01804984 0.1172181 0.9910601 0.06371737 0.005018566 0.997914 -0.06436156 0.04230635 0.9990745 -0.007770179 0.04224212 0.9990771 -0.007770146 0.001116864 0.9997633 0.02172732 -0.03626532 0.9991066 -0.02169714 -0.07791469 0.996958 0.002012403 -0.03743614 0.9992971 0.001983088 -0.07872903 0.9966511 0.02209886 -0.1158464 0.9930258 -0.02189297 -0.1579762 0.9873774 0.01137246 -0.1174103 0.9930187 0.01134487 -0.1584128 0.9871237 0.02218326 -0.1948576 0.9805844 -0.02201629 -0.2371955 0.9712421 0.02066974 -0.2372809 0.9712211 0.02066974 -0.2009168 0.9773574 0.06636941 -0.309765 0.948292 -0.06919589 -0.2750347 0.9609618 0.03013967 -0.3504621 0.9364625 0.01464446 -0.3141572 0.9492576 0.01466685 -0.3851711 0.9208068 -0.06130272 -0.3512124 0.9354504 0.0397782 -0.4230707 0.9060803 0.005448312 -0.3887279 0.9213363 0.005470644 -0.4577438 0.8876222 -0.05096365 -0.4245746 0.9040117 0.04999149 -0.492807 0.8701285 -0.004211443 -0.4601934 0.8878089 -0.004189976 -0.5270618 0.8488893 -0.03991046 -0.4945303 0.8669812 0.06150849 -0.5593628 0.8287989 -0.01433484 -0.528408 0.84887 -0.01430954 -0.5589337 0.8289377 -0.02133724 -0.5952812 0.8032244 0.02169605 -0.6229284 0.7819802 -0.02161472 -0.6561288 0.7543988 -0.01943197 -0.6230269 0.7819586 -0.01944928 -0.6575562 0.7530873 0.02189135 -0.683256 0.7298539 -0.02178351 -0.7150126 0.6990449 -0.009657161 -0.683806 0.7295996 -0.009687155 -0.7158886 0.6978652 0.02208146 -0.739513 0.6727884 -0.0218243 -0.7691758 0.6390373 9.890439e-06 -0.7402678 0.6723122 -1.845492e-05 -0.7696632 0.6380696 0.02204027 -0.7909828 0.6114526 -0.02172561 -0.8181198 0.5749638 0.009821466 -0.7919794 0.6104692 0.009797008 -0.8183936 0.5742477 0.02171413 -0.8372452 0.5464016 -0.02158129 -0.8617008 0.5070089 0.02034236 -0.8370038 0.5468197 0.02031645 -0.8616047 0.5071185 0.02163617 -0.8779944 0.4782043 -0.02113321 -0.899147 0.4371374 0.02110835 -0.9136996 0.4061779 0.01314082 -0.8990326 0.4376841 0.01315792 -0.9276787 0.3678077 -0.06426219 -0.9134217 0.404688 0.04345625 -0.9427589 0.3334554 0.003630049 -0.9307273 0.3656956 0.003649903 -0.9546583 0.2928486 -0.05354756 -0.9420527 0.3308071 0.0557088 -0.9660638 0.2582601 -0.004744467 -0.9566922 0.2910631 -0.004720608 -0.9756101 0.2151881 -0.04334899 -0.964813 0.2541801 0.06729414 -0.9834842 0.1805471 -0.01271322 -0.976639 0.214511 -0.01269598 -0.9832478 0.1809873 -0.02161739 -0.9908459 0.1332584 0.02160361 -0.9946166 0.1016382 -0.02018674 -0.9905435 0.1357072 -0.02017383 -0.9946021 0.101509 -0.02150726 -0.9983548 0.05316491 0.02147523 -0.9995346 0.02178111 -0.02136121 -0.9995936 -0.02546345 -0.01281717 -0.9996887 0.02139035 -0.01284127 -0.9994031 -0.02708051 0.02145068 -0.9980902 -0.05809706 -0.02099348 -0.9943963 -0.105702 -0.00175178 -0.9982569 -0.0589905 -0.001781589 -0.9940687 -0.1066828 0.02112253 -0.9903494 -0.137048 -0.02063708 -0.9827457 -0.1846918 0.009995107 -0.9902533 -0.1389207 0.009969452 -0.9825066 -0.1850871 0.0205824 -0.9765024 -0.2145496 -0.02028501 -0.9648975 -0.2618233 0.02053026 -0.9561362 -0.2923015 0.01905972 -0.9648852 -0.2619788 0.01907065 -0.9565865 -0.2907118 -0.02071209 -0.9409232 -0.3379696 0.02098191 -0.9300572 -0.3672379 0.01140262 -0.9412717 -0.3374569 0.01142078 -0.9304975 -0.3657036 -0.0208581 -0.9109176 -0.4120482 0.02110596 -0.8979398 -0.4401011 0.003904326 -0.9114496 -0.411393 0.003921172 -0.8752699 -0.4799227 -0.05980474 -0.8953243 -0.4415035 0.05889916 -0.8600674 -0.510172 -0.002916325 -0.8756791 -0.4828849 -0.002897876 -0.8603047 -0.5093498 -0.0209473 -0.8331216 -0.5526906 0.02101293 -0.8165981 -0.5771209 -0.009956371 -0.8342109 -0.5513559 -0.009941866 -0.8168411 -0.5764839 -0.02090143 -0.7861426 -0.6176984 0.02070138 -0.7681769 -0.6400177 -0.01678159 -0.7870843 -0.6166173 -0.01677126 -0.7682537 -0.6398182 -0.02046837 -0.7344068 -0.6784021 0.02043087 -0.7150745 -0.6987591 -0.02010139 -0.6797153 -0.7333419 -0.01402768 -0.715054 -0.6989277 -0.01406365 -0.6784953 -0.7343353 0.01989238 -0.6579869 -0.7527697 -0.01977324 -0.6190402 -0.7853592 -0.0003770259 -0.6573234 -0.7536085 -0.0004059449 -0.6184174 -0.7855937 0.02006101 -0.5966349 -0.8022612 -0.0200991 -0.5542859 -0.8322365 0.01222699 -0.5954341 -0.8033115 0.01219818 -0.5538548 -0.8323671 0.02024477 -0.5310286 -0.8471131 -0.02020035 -0.4855358 -0.8739792 0.02037853 -0.459712 -0.8878849 0.01803876 -0.4855896 -0.8740007 0.0180473 -0.4617224 -0.8867921 -0.02030321 -0.4137166 -0.9101777 0.02037673 -0.3879336 -0.9216152 0.01152706 -0.4140902 -0.9101627 0.01153942 -0.3892258 -0.9209216 -0.02016871 -0.3391795 -0.9405024 0.0203111 -0.3132262 -0.9496647 0.00513747 -0.3399565 -0.940427 0.005153975 -0.3142498 -0.9491301 -0.01998175 -0.2627181 -0.9646657 0.01998067 -0.2368852 -0.9715366 -0.00139015 -0.2639266 -0.9645418 -0.001376131 -0.2376503 -0.9711509 -0.01970318 -0.1850376 -0.9825363 0.01958596 -0.1595207 -0.9871618 -0.008053428 -0.186445 -0.9824325 -0.008038026 -0.1600021 -0.9869304 -0.01917897 -0.1069171 -0.9940836 0.01913955 -0.08173951 -0.9965372 -0.01524239 -0.1084945 -0.9939803 -0.01523337 -0.08199847 -0.996451 -0.01901721 -0.0280154 -0.9994211 0.01930208 -0.003131077 -0.9998105 -0.01921027 0.05065147 -0.998627 -0.01335847 -0.00275225 -0.9999065 -0.0133905 0.05161021 -0.9984779 0.01944608 0.07629266 -0.9968961 -0.01942946 0.1306704 -0.9914253 -0.001033547 0.07709169 -0.9970234 -0.001069692 0.1315012 -0.9911228 0.01956861 0.155704 -0.9876148 -0.01931888 0.2104762 -0.9775337 0.01129268 0.1575705 -0.9874436 0.01125359 0.2106987 -0.9773554 0.0195613 0.2343152 -0.9719698 -0.01925965 0.2885046 -0.957285 0.01925005 0.3118575 -0.9499691 0.01742503 0.2885307 -0.9573119 0.01743405 0.3113225 -0.9501149 -0.01897477 0.3642768 -0.9310963 0.0190273 0.3874485 -0.921823 0.01122218 0.3639756 -0.9313408 0.01123075 0.3859618 -0.9223261 -0.01865499 0.437242 -0.8991508 0.01863661 0.4589267 -0.8884609 0.004860464 0.436776 -0.8995571 0.004870581 0.4577049 -0.8889195 -0.01811831 0.5068012 -0.8618701 0.01822856 0.5270239 -0.8498483 -0.001861449 0.5060974 -0.8624743 -0.001848989 0.5261628 -0.8501905 -0.01813678 0.5734031 -0.8190703 0.01824092 0.5920188 -0.8058841 -0.00803201 0.5725662 -0.8198193 -0.008021796 0.5916317 -0.8060029 -0.01819803 0.6368904 -0.7707321 0.01851206 0.654084 -0.756298 -0.01368486 0.6354212 -0.7720445 -0.01367709 0.6538025 -0.7564421 -0.01837138 0.6965992 -0.717223 0.01845635 0.7122039 -0.7017326 -0.01835512 0.7513428 -0.6597011 -0.01668593 0.7121903 -0.7017873 -0.01671776 0.7520081 -0.6588963 0.01842359 0.7661477 -0.6424069 -0.01819338 0.801834 -0.5975325 -0.004141243 0.7666167 -0.6420914 -0.004171718 0.8025279 -0.5963409 0.01806607 0.8150324 -0.5791389 -0.01789573 0.8475371 -0.5306595 0.009026471 0.8158689 -0.578167 0.008994467 0.8476579 -0.5302444 0.01780449 0.8585442 -0.5124428 -0.01744344 0.8871523 -0.4611448 0.01750504 0.8812181 -0.4723395 0.01871121 0.8817551 -0.4713363 0.01871145 0.8871197 -0.4610752 0.02070016 0.9015971 -0.4319077 -0.02404761 0.9207237 -0.3895112 0.02343012 0.935077 -0.353409 0.02707556 0.9441864 -0.3190027 -0.08215383 0.920741 -0.3894703 0.02343013 0.9826632 -0.1832741 0.02799216 0.9848476 -0.1636222 -0.05747205 0.970732 -0.238411 0.02897482 0.9626048 -0.2693569 0.02896064 0.9676869 -0.2422733 -0.06989834 0.9486347 -0.3152111 0.02709565 0.9999469 -0.007416596 0.00715074 0.9995657 -0.002421769 -0.02937458 0.9965432 -0.08002629 0.02230093 0.9951656 -0.09564534 0.02229963 0.9955195 -0.08331919 -0.04471024 0.9867567 -0.1597724 0.02799997 0.9962283 0.08096942 -0.03119267 0.9968713 0.07865454 -0.007813414 0.9999744 0.0003380587 0.007150937 0.9784621 0.1675717 -0.1205477 0.9868096 0.1591549 0.02960835 0.9867627 0.1594451 0.02960828 0.7964269 0.2097113 -0.5672084 0.9630077 0.2389912 0.1244962 0.9630731 0.2387275 0.1244964 -0.4230289 0.9052561 0.03947062 -0.4413686 0.8971658 -0.01694753 -0.4209606 0.9069205 -0.01695218 -0.3603587 0.9325984 0.02004802 -0.3479107 0.9374624 -0.01105867 -0.3477852 0.9375091 -0.01105866 -0.2765477 0.9609179 0.0125774 -0.2724693 0.9621645 -0.0001057963 -0.1905681 0.9815263 0.01702438 -0.1945705 0.9808885 0.0002210486 -0.287343 0.9578277 -0.0001053194 -0.1029786 0.9939376 0.03851707 -0.1147162 0.9932767 -0.01554178 -0.1149173 0.9932535 -0.01554179 -0.01471283 0.9976044 0.06759542 -0.03425622 0.9987804 -0.0355585 -0.03409253 0.9987859 -0.03555847 0.07321213 0.9909204 0.1127691 0.04610832 0.9969131 -0.0635476 0.0460845 0.9969143 -0.0635476 0.1581829 0.9664387 0.2024215 0.1260829 0.9855711 -0.1129283 0.1260253 0.9855784 -0.1129284 0.2185664 0.9123533 0.3461792 0.2040882 0.9382591 -0.2793166 0.2042264 0.9382293 -0.2793162 -0.4416277 -0.234702 0.8659561 -0.4570075 -0.2031246 0.8659588 -0.4570919 -0.2031575 0.8659065 -0.470226 -0.1705794 0.8659042 -0.4702024 -0.1705755 0.8659179 -0.4810052 -0.1371816 0.8659186 -0.4810506 -0.137176 0.8658944 -0.4894932 -0.1030753 0.8658937 -0.4894973 -0.1030733 0.8658916 -0.4940979 -0.07699111 0.8659905 -0.4924472 -0.06806882 0.8676764 -0.4965013 -0.05963075 0.8659854 -0.4884325 0.0008189255 0.8726012 -0.498297 -0.04211036 0.8659831 -0.4968733 -0.03335423 0.8671819 -0.4994412 -0.02459969 0.8659984 -0.5002194 0.001556177 0.8658973 -0.5002384 0.001601853 0.8658863 -0.4890471 0.07679112 0.8688706 -0.4961126 0.06273724 0.8659887 -0.498894 0.03666184 0.8658872 -0.4946512 0.04271867 0.8680411 -0.4992968 0.02772037 0.8659875 -0.4412272 0.2362734 0.8657329 -0.4561057 0.2062163 0.8657034 -0.4558591 0.2060498 0.865873 -0.4691888 0.1735706 0.8658725 -0.4691848 0.173567 0.8658754 -0.4802118 0.1402102 0.8658739 -0.4802031 0.1401989 0.8658807 -0.4888537 0.1061728 0.8658807 -0.4888504 0.1061669 0.8658833 -0.495097 0.07158636 0.8658836 -0.2442096 0.4229802 0.8726107 -0.3610213 0.3463129 0.86587 -0.3845744 0.3199563 0.8658698 -0.384555 0.3199336 0.8658868 -0.4061827 0.2919894 0.8658856 -0.4063451 0.292116 0.8657666 -0.4251053 0.2640282 0.8657798 -0.33243 0.3673415 0.8686486 -0.3419966 0.3648581 0.8659774 -0.3610163 0.3463017 0.8658767 -0.3066574 0.3911399 0.8677389 -0.315347 0.3881043 0.8659858 -0.3288459 0.376731 0.8659874 -0.2787814 0.4125733 0.8672163 -0.2871445 0.4094136 0.8659842 -0.3014085 0.3990248 0.8659862 -0.218922 0.4497878 0.8658893 -0.2115177 0.4491802 0.8680423 -0.2268846 0.4456206 0.865994 -0.2501078 0.4332183 0.8658915 -0.2501198 0.4332169 0.8658887 -0.2724765 0.4193035 0.8659914 -0.1457013 0.4705271 0.8702732 -0.161843 0.4731368 0.8659956 -0.1865978 0.4641229 0.8658932 -0.179057 0.461529 0.8688669 -0.1948209 0.460547 0.8659915 -0.0160957 0.5000531 0.8658452 -0.04978256 0.4978506 0.8658328 -0.04978834 0.4977696 0.8658791 -0.08480493 0.4930114 0.8658798 -0.08480217 0.4930242 0.8658727 -0.1193899 0.4858112 0.8658715 -0.1193994 0.4857881 0.8658832 -0.1533994 0.4761456 0.8658834 0.2442116 0.422964 0.872618 0.1193958 0.4857962 0.8658791 0.08480104 0.4930148 0.8658783 0.08480766 0.4930334 0.865867 0.04978702 0.4977829 0.8658714 0.04979634 0.4978497 0.8658326 0.0160949 0.5000531 0.8658451 0.1519214 0.471558 0.8686501 0.1450012 0.4785877 0.865984 0.1193915 0.4857902 0.865883 0.1854055 0.4611346 0.867744 0.178442 0.4671335 0.8659934 0.1618208 0.4731448 0.8659955 0.2179029 0.4477165 0.8672187 0.2110008 0.4533661 0.8659896 0.1948566 0.4605314 0.8659918 0.2800894 0.4144635 0.8658925 0.2832517 0.4077756 0.8680366 0.27246 0.4193198 0.8659887 0.2501126 0.4332266 0.8658859 0.2501264 0.4332082 0.8658911 0.2268823 0.4456218 0.865994 0.3346548 0.3614587 0.8702607 0.3288699 0.3766941 0.8659943 0.3086273 0.3936752 0.8658921 0.3101596 0.385806 0.8688813 0.3014053 0.399008 0.8659951 0.4251172 0.2640105 0.8657793 0.406365 0.2920868 0.8657671 0.4060801 0.2919483 0.8659474 0.3844453 0.3199098 0.8659443 0.3845331 0.3199381 0.8658949 0.3609889 0.3462886 0.8658933 0.3610523 0.3462971 0.8658634 0.3356731 0.3709478 0.8658645 0.4804123 0.1394837 0.8658801 0.4693635 0.1730578 0.8658804 0.4692159 0.1730306 0.8659658 0.455842 0.2057016 0.8659647 0.4559917 0.2057622 0.8658715 0.4410233 0.236048 0.8658982 0.4843222 0.1042227 0.8686597 0.4869436 0.1136944 0.866002 0.4803733 0.1394876 0.8659011 0.4920489 0.07000048 0.8677487 0.4937784 0.0791025 0.8659824 0.490697 0.09637059 0.8659845 0.5002359 0 0.8658892 0.4993651 0.02631495 0.865992 0.4966904 0.03514468 0.8672159 0.4981264 0.04390059 0.8659924 0.496256 0.06149812 0.8659953 0.4989825 -0.0353077 0.8658924 0.4884444 -0 0.872595 0.5002359 0 0.8658892 0.4993658 -0.02630389 0.8659918 0.4947606 -0.04140686 0.8680423 0.480373 -0.109063 0.8702569 0.4906956 -0.09639855 0.8659822 0.4952655 -0.07045486 0.86588 0.4892027 -0.07572842 0.8688763 0.4962498 -0.06155445 0.865995 0.4411413 -0.2361179 0.8658191 0.4560819 -0.2058508 0.865803 0.455869 -0.2057068 0.8659493 0.4692558 -0.172992 0.865952 0.4693553 -0.173082 0.8658801 0.4804043 -0.1395087 0.8658804 0.480377 -0.1394735 0.8659012 0.4890188 -0.1052358 0.8659018 0.2501184 -0.433217 0.865889 0.2189036 -0.4497961 0.8658895 0.211502 -0.4491885 0.8680419 0.226884 -0.4456255 0.8659917 0.1457005 -0.470537 0.8702679 0.161842 -0.4731467 0.8659904 0.1866189 -0.4641245 0.8658879 0.1790576 -0.4615238 0.8688695 0.1948362 -0.4605403 0.8659916 0.0160949 -0.5000531 0.8658451 0.04978479 -0.4978506 0.8658327 0.04978964 -0.4977826 0.8658715 0.08479995 -0.4930346 0.8658672 0.08480435 -0.4930141 0.8658783 0.119391 -0.4857973 0.8658792 0.1193942 -0.4857896 0.8658831 0.153389 -0.4761486 0.8658836 0.4251172 -0.2640105 0.8657793 0.4063386 -0.2921259 0.8657663 0.4061218 -0.2919568 0.8659251 0.3845098 -0.319896 0.8659208 0.3845794 -0.3199777 0.8658596 0.3610411 -0.34632 0.865859 0.3610328 -0.3463016 0.8658699 0.3420061 -0.3648625 0.8659718 0.3324182 -0.3673509 0.8686492 0.3288427 -0.3767173 0.8659946 0.3153347 -0.3880989 0.8659927 0.3066465 -0.3911342 0.8677453 0.3014059 -0.3990076 0.865995 0.2870967 -0.4094298 0.8659923 0.2787959 -0.4125663 0.867215 0.2724926 -0.4192948 0.8659906 0.2501213 -0.4332167 0.8658884 0.2442099 -0.422978 0.8726117 -0.2442078 -0.4229941 0.8726044 -0.1194043 -0.4858081 0.8658713 -0.08480424 -0.4930238 0.8658729 -0.08480008 -0.4930121 0.86588 -0.04978521 -0.49777 0.8658789 -0.04979634 -0.4978497 0.8658326 -0.0160957 -0.5000531 0.8658451 -0.151913 -0.4715667 0.8686469 -0.1450012 -0.4785877 0.865984 -0.1193915 -0.4857902 0.865883 -0.1854097 -0.4611398 0.8677404 -0.178441 -0.4671434 0.8659884 -0.1618198 -0.4731546 0.8659902 -0.2179026 -0.4477166 0.8672187 -0.2110008 -0.4533661 0.8659896 -0.1948413 -0.4605381 0.8659917 -0.280072 -0.4145001 0.8658807 -0.2832591 -0.40776 0.8680415 -0.2724804 -0.4192966 0.8659935 -0.2501167 -0.4332141 0.865891 -0.2501119 -0.4332205 0.8658891 -0.2268984 -0.4456179 0.8659918 -0.33465 -0.3614751 0.8702558 -0.3288404 -0.3767357 0.8659874 -0.3086522 -0.3936698 0.8658856 -0.3101809 -0.385819 0.868868 -0.3014072 -0.3990321 0.8659833 -0.4251055 -0.2640283 0.8657796 -0.406365 -0.2920868 0.8657671 -0.406213 -0.2920129 0.8658634 -0.3845904 -0.3199566 0.8658625 -0.3845777 -0.3199525 0.8658697 -0.3610269 -0.3463068 0.8658702 -0.3609997 -0.3463031 0.8658829 -0.3356628 -0.3709137 0.8658832 -0.4241439 -0.2651571 -0.8659062 -0.4044618 -0.2942622 -0.8659216 -0.4044151 -0.2942248 -0.8659562 -0.3827903 -0.3218596 -0.8659549 -0.3828848 -0.3219751 -0.8658702 -0.3593506 -0.3480444 -0.8658708 -0.3593383 -0.3480153 -0.8658876 -0.3340234 -0.372378 -0.8658886 -0.3340238 -0.3723829 -0.8658863 -0.3137448 -0.3894017 -0.8659853 -0.3051478 -0.392445 -0.8676818 -0.2998621 -0.4001722 -0.8659936 -0.2444507 -0.416273 -0.8757629 -0.2856168 -0.4104661 -0.8659911 -0.2773368 -0.4136074 -0.867187 -0.2660763 -0.4253753 -0.8650197 -0.2495926 -0.4354639 -0.8649131 -0.2521377 -0.4321604 -0.8658314 -0.1780294 -0.4619234 -0.8688684 -0.1937144 -0.461018 -0.865989 -0.2177065 -0.4503807 -0.8658875 -0.2102998 -0.4497313 -0.8680528 -0.225624 -0.446253 -0.8659977 -0.01599634 -0.4999454 -0.8659092 -0.04947281 -0.4977788 -0.8658918 -0.04947025 -0.4978151 -0.8658711 -0.08427186 -0.4931147 -0.8658731 -0.08428268 -0.493064 -0.8659009 -0.1186744 -0.4859325 -0.8659018 -0.1186671 -0.4859504 -0.8658928 -0.1524964 -0.4764168 -0.8658937 -0.1524868 -0.4764325 -0.8658867 -0.1855476 -0.4645554 -0.865887 0.2441983 -0.422958 -0.8726246 0.2800786 -0.4144644 -0.8658956 0.2832337 -0.4077922 -0.8680347 0.3346446 -0.3614248 -0.8702787 0.3288282 -0.3767296 -0.8659947 0.3086342 -0.3936695 -0.8658921 0.3101691 -0.3857859 -0.8688868 0.3014 -0.399005 -0.8659983 0.4249035 -0.2638779 -0.8659246 0.4061366 -0.2919757 -0.8659118 0.4061153 -0.2919654 -0.8659253 0.3844835 -0.3199292 -0.8659202 0.3845915 -0.319964 -0.8658594 0.3610503 -0.34631 -0.8658592 0.3610274 -0.3463069 -0.8658699 0.3356655 -0.3709394 -0.8658711 0.1193958 -0.4857962 -0.8658791 0.08480104 -0.4930148 -0.8658783 0.08480766 -0.4930334 -0.865867 0.04979677 -0.4977817 -0.8658716 0.04977132 -0.4975995 -0.8659778 0.01608681 -0.4998018 -0.8659904 0.1519095 -0.471556 -0.8686533 0.1449833 -0.4785929 -0.8659843 0.1193915 -0.4857902 -0.865883 0.1854147 -0.4611296 -0.8677447 0.17843 -0.4671474 -0.8659885 0.161842 -0.4731467 -0.8659904 0.2724926 -0.4192947 -0.8659906 0.2501213 -0.4332167 -0.8658884 0.2501184 -0.433217 -0.865889 0.226884 -0.4456255 -0.8659917 0.2178947 -0.447723 -0.8672174 0.2110186 -0.453352 -0.8659925 0.1948539 -0.4605265 -0.8659949 0.4804123 -0.1394837 -0.8658801 0.4693622 -0.1730615 -0.8658804 0.4692372 -0.1730385 -0.8659527 0.455869 -0.2057069 -0.8659493 0.4558714 -0.2057079 -0.8659478 0.4409196 -0.2359992 -0.8659644 0.4843335 -0.1042275 -0.8686528 0.486947 -0.1136806 -0.8660019 0.4803733 -0.1394876 -0.8659011 0.4920541 -0.069998 -0.867746 0.4937818 -0.0791007 -0.8659807 0.4906956 -0.09639855 -0.8659822 0.5002359 0 -0.8658892 0.4993658 -0.02630389 -0.8659918 0.4966855 -0.03514514 -0.8672187 0.4981205 -0.04390401 -0.8659956 0.4962467 -0.0615322 -0.8659983 0.4989771 0.03530647 -0.8658956 0.4884213 0 -0.8726079 0.5002359 0 -0.8658891 0.4993651 0.02631495 -0.865992 0.494777 0.04137414 -0.8680346 0.4803575 0.1090677 -0.8702648 0.490697 0.09637059 -0.8659844 0.4952624 0.07045764 -0.8658816 0.4891751 0.07575235 -0.8688897 0.4962488 0.06151276 -0.8659984 0.4408014 0.2359293 -0.8660436 0.4557696 0.205645 -0.8660163 0.4558444 0.2056957 -0.8659648 0.4692379 0.1729758 -0.8659649 0.4693553 0.173082 -0.8658801 0.4804043 0.1395087 -0.8658804 0.480377 0.1394735 -0.8659012 0.4890194 0.1052335 -0.8659018 0.2442001 0.422944 -0.8726309 0.3610143 0.3462607 -0.8658939 0.3845233 0.3199493 -0.8658952 0.3844666 0.3198828 -0.8659448 0.4060816 0.2919464 -0.8659475 0.4061306 0.2919845 -0.8659116 0.4249035 0.2638779 -0.8659246 0.332422 0.3673551 -0.8686459 0.3420232 0.3648615 -0.8659655 0.3610374 0.3463119 -0.8658638 0.30664 0.3911403 -0.8677449 0.3153294 0.3881034 -0.8659927 0.3288554 0.3767065 -0.8659945 0.278799 0.4125541 -0.8672198 0.2870982 0.409422 -0.8659955 0.3014143 0.3989945 -0.8659982 0.2189105 0.4497868 -0.8658926 0.2115169 0.4491799 -0.8680427 0.2268823 0.4456218 -0.865994 0.2501078 0.4332183 -0.8658915 0.2501306 0.4332155 -0.8658862 0.2724448 0.4193295 -0.8659889 0.1457015 0.4705272 -0.870273 0.1618386 0.4731384 -0.8659956 0.1866058 0.46412 -0.8658932 0.1790206 0.461511 -0.8688839 0.1948574 0.460525 -0.865995 0.01608681 0.4998018 -0.8659904 0.04980285 0.4975972 -0.8659773 0.04978964 0.4977826 -0.8658715 0.08479995 0.4930346 -0.8658672 0.08480435 0.4930141 -0.8658783 0.119391 0.4857973 -0.8658792 0.1193942 0.4857896 -0.8658831 0.1533994 0.4761456 -0.8658834 -0.244198 0.4229601 -0.8726237 -0.1194043 0.4858081 -0.8658713 -0.08480424 0.4930238 -0.8658729 -0.08480008 0.4930121 -0.86588 -0.04979496 0.4977688 -0.8658791 -0.04977132 0.4975995 -0.8659778 -0.01608761 0.4998018 -0.8659904 -0.151918 0.4715473 -0.8686565 -0.1449833 0.4785929 -0.8659843 -0.1193915 0.4857902 -0.865883 -0.1853969 0.461136 -0.867745 -0.1784311 0.4671375 -0.8659936 -0.161843 0.4731368 -0.8659956 -0.2179127 0.4477141 -0.8672175 -0.211034 0.4533451 -0.8659924 -0.1948387 0.4605332 -0.8659948 -0.2800736 0.4144857 -0.8658871 -0.2832521 0.4077636 -0.8680421 -0.2724765 0.4193035 -0.8659914 -0.2501103 0.4332227 -0.8658885 -0.2501176 0.433213 -0.8658913 -0.2268846 0.4456206 -0.865994 -0.3346515 0.3614281 -0.8702747 -0.3288314 0.3767433 -0.8659875 -0.3086453 0.3936755 -0.8658855 -0.3101807 0.3857911 -0.8688805 -0.3014026 0.3990223 -0.8659894 -0.4248919 0.2638956 -0.8659249 -0.4061366 0.2919757 -0.8659118 -0.4061779 0.2919958 -0.8658857 -0.3845478 0.3199429 -0.8658866 -0.3845777 0.3199525 -0.8658697 -0.3610269 0.3463068 -0.8658702 -0.361013 0.346305 -0.8658767 -0.3356704 0.3709221 -0.8658766 -0.4883696 -0 -0.8726369 -0.4804056 0.1395045 -0.8658804 -0.4693635 0.1730578 -0.8658804 -0.4693394 0.1730534 -0.8658944 -0.4559566 0.2057374 -0.8658959 -0.4557625 0.2056588 -0.8660167 -0.4408016 0.2359294 -0.8660434 -0.4843527 0.1042292 -0.8686418 -0.4869719 0.1137037 -0.8659849 -0.4803991 0.1395052 -0.865884 -0.4920641 0.06998005 -0.8677418 -0.4937767 0.07900237 -0.8659925 -0.4906601 0.09646883 -0.8659945 -0.4966858 0.03514436 -0.8672186 -0.4981206 0.04390225 -0.8659956 -0.4962463 0.06153481 -0.8659983 -0.498977 -0.03530727 -0.8658957 -0.4947708 -0.04138374 -0.8680376 -0.4993561 -0.02631849 -0.865997 -0.5002268 -0 -0.8658944 -0.5002268 -0 -0.8658944 -0.499355 0.02633968 -0.865997 -0.4803631 -0.1090863 -0.8702595 -0.4906658 -0.09645771 -0.8659925 -0.4952507 -0.07043 -0.8658905 -0.4892293 -0.07566808 -0.8688666 -0.4962421 -0.06157252 -0.865998 -0.4409196 -0.2359992 -0.8659644 -0.4558805 -0.20569 -0.8659472 -0.455978 -0.205756 -0.8658802 -0.4693609 -0.1730607 -0.8658813 -0.4693622 -0.1730618 -0.8658804 -0.4804043 -0.1395087 -0.8658804 -0.4803997 -0.1395028 -0.865884 -0.489048 -0.1052421 -0.8658845</float_array>
          <technique_common>
            <accessor count="11102" source="#cubenormals-array0-array" stride="3">
              <param type="float" name="X" />
              <param type="float" name="Y" />
              <param type="float" name="Z" />
            </accessor>
          </technique_common>
        </source>
        <vertices id="cubeverts-array0-vertices">
          <input semantic="POSITION" source="#cubeverts-array0" />
        </vertices>
        <triangles count="11102" material="ref_M12_Hex_Nut">
          <input offset="0" semantic="VERTEX" source="#cubeverts-array0-vertices" />
          <input offset="1" semantic="NORMAL" source="#cubenormals-array0" />
          <p>5545 0 5549 0 5550 0 5546 1 5545 1 5550 1 5546 2 5533 2 5537 2 5541 3 5546 3 5537 3 5545 4 5546 4 5541 4 5206 5 5109 5 5108 5 5205 6 5206 6 5108 6 5505 7 5521 7 5546 7 5542 8 5505 8 5546 8 5205 9 5434 9 5426 9 5324 10 5205 10 5426 10 5206 11 5205 11 5324 11 5458 12 5450 12 5205 12 5323 13 5458 13 5205 13 5546 14 5521 14 5525 14 5529 15 5546 15 5525 15 5533 16 5546 16 5529 16 5205 17 5450 17 5446 17 5438 18 5205 18 5446 18 5434 19 5205 19 5438 19 5505 20 5542 20 5538 20 5534 21 5505 21 5538 21 5493 22 5505 22 5534 22 5530 23 5493 23 5534 23 5458 24 5323 24 5425 24 5433 25 5458 25 5425 25 5466 26 5458 26 5433 26 5437 27 5466 27 5433 27 5474 28 5473 28 5477 28 5465 29 5473 29 5474 29 5466 30 5437 30 5445 30 5449 31 5466 31 5445 31 5474 32 5466 32 5449 32 5457 33 5474 33 5449 33 5465 34 5474 34 5457 34 5493 35 5530 35 5526 35 5522 36 5493 36 5526 36 5485 37 5493 37 5522 37 5506 38 5485 38 5522 38 5485 39 5506 39 5494 39 5486 40 5485 40 5494 40 5477 41 5485 41 5486 41 5478 42 5477 42 5486 42 5474 43 5477 43 5478 43 5207 44 5110 44 5111 44 5208 45 5207 45 5111 45 5208 46 5435 46 5427 46 5321 47 5208 47 5427 47 5207 48 5208 48 5321 48 5548 49 5550 49 5549 49 5547 50 5548 50 5549 50 5459 51 5451 51 5208 51 5322 52 5459 52 5208 52 5547 53 5536 53 5540 53 5544 54 5547 54 5540 54 5548 55 5547 55 5544 55 5508 56 5524 56 5547 56 5543 57 5508 57 5547 57 5208 58 5451 58 5447 58 5439 59 5208 59 5447 59 5435 60 5208 60 5439 60 5547 61 5524 61 5528 61 5532 62 5547 62 5528 62 5536 63 5547 63 5532 63 5508 64 5543 64 5539 64 5535 65 5508 65 5539 65 5496 66 5508 66 5535 66 5531 67 5496 67 5535 67 5459 68 5322 68 5428 68 5436 69 5459 69 5428 69 5467 70 5459 70 5436 70 5440 71 5467 71 5436 71 5475 72 5476 72 5480 72 5468 73 5476 73 5475 73 5467 74 5440 74 5448 74 5452 75 5467 75 5448 75 5475 76 5467 76 5452 76 5460 77 5475 77 5452 77 5468 78 5475 78 5460 78 5496 79 5531 79 5527 79 5523 80 5496 80 5527 80 5488 81 5496 81 5523 81 5507 82 5488 82 5523 82 5488 83 5507 83 5495 83 5487 84 5488 84 5495 84 5480 85 5488 85 5487 85 5479 86 5480 86 5487 86 5475 87 5480 87 5479 87 621 88 404 88 405 88 622 89 621 89 405 89 963 90 621 90 622 90 4875 91 5111 91 5110 91 4874 92 4875 92 5110 92 4874 93 4050 93 4252 93 4524 94 4874 94 4252 94 4875 95 4874 95 4524 95 3344 96 3583 96 4874 96 4523 97 3344 97 4874 97 621 98 963 98 1201 98 1389 99 621 99 1201 99 1544 100 621 100 1389 100 2070 101 1388 101 1200 101 962 102 2070 102 1200 102 1830 103 2070 103 962 103 621 104 1830 104 962 104 1699 105 1830 105 621 105 1544 106 1699 106 621 106 4874 107 3583 107 3736 107 3895 108 4874 108 3736 108 4050 109 4874 109 3895 109 1543 110 1388 110 2070 110 2295 111 1543 111 2070 111 1698 112 1543 112 2295 112 3344 113 4523 113 4251 113 4049 114 3344 114 4251 114 3113 115 3344 115 4049 115 3894 116 3113 116 4049 116 2905 117 2904 117 2725 117 3112 118 2904 118 2905 118 2725 119 2526 119 2527 119 2726 120 2725 120 2527 120 2905 121 2725 121 2726 121 3113 122 3894 122 3735 122 3582 123 3113 123 3735 123 2905 124 3113 124 3582 124 3343 125 2905 125 3582 125 3112 126 2905 126 3343 126 2527 127 2526 127 2294 127 2069 128 2527 128 2294 128 2295 129 2527 129 2069 129 1829 130 2295 130 2069 130 1698 131 2295 131 1829 131 0 132 1 132 5 132 4 133 0 133 5 133 327 134 405 134 404 134 326 135 327 135 404 135 4 136 5 136 9 136 13 137 4 137 9 137 17 138 4 138 13 138 326 139 112 139 120 139 220 140 326 140 120 140 327 141 326 141 220 141 90 142 98 142 326 142 219 143 90 143 326 143 44 144 15 144 12 144 8 145 44 145 12 145 27 146 44 146 8 146 4 147 27 147 8 147 21 148 27 148 4 148 17 149 21 149 4 149 326 150 98 150 101 150 109 151 326 151 101 151 112 152 326 152 109 152 20 153 15 153 44 153 55 154 20 154 44 154 22 155 20 155 55 155 90 156 219 156 119 156 111 157 90 157 119 157 82 158 90 158 111 158 108 159 82 159 111 159 63 160 64 160 70 160 70 161 64 161 71 161 74 162 70 162 71 162 73 163 70 163 74 163 81 164 73 164 74 164 64 165 63 165 54 165 43 166 64 166 54 166 55 167 64 167 43 167 26 168 55 168 43 168 22 169 55 169 26 169 82 170 108 170 100 170 97 171 82 171 100 171 74 172 82 172 97 172 89 173 74 173 97 173 81 174 74 174 89 174 341 175 402 175 403 175 325 176 341 176 403 176 222 177 341 177 325 177 2 178 1 178 0 178 3 179 2 179 0 179 7 180 2 180 3 180 341 181 222 181 118 181 113 182 341 182 118 182 107 183 341 183 113 183 2 184 7 184 11 184 16 185 2 185 11 185 19 186 2 186 16 186 341 187 107 187 102 187 96 188 341 188 102 188 231 189 341 189 96 189 88 190 231 190 96 190 121 191 231 191 88 191 2 192 19 192 23 192 25 193 2 193 23 193 6 194 2 194 25 194 42 195 6 195 25 195 10 196 6 196 42 196 42 197 53 197 18 197 14 198 42 198 18 198 10 199 42 199 14 199 88 200 80 200 110 200 114 201 88 201 110 201 121 202 88 202 114 202 53 203 62 203 40 203 24 204 53 204 40 204 18 205 53 205 24 205 62 206 69 206 60 206 52 207 62 207 60 207 40 208 62 208 52 208 72 209 78 209 83 209 91 210 72 210 83 210 80 211 72 211 91 211 99 212 80 212 91 212 110 213 80 213 99 213 72 214 69 214 62 214 68 215 72 215 62 215 78 216 72 216 68 216 4872 217 5108 217 5109 217 4873 218 4872 218 5109 218 4526 219 4872 219 4873 219 403 220 402 220 643 220 620 221 403 221 643 221 620 222 643 222 980 222 1211 223 620 223 980 223 1396 224 620 224 1211 224 4872 225 4526 225 4250 225 4052 226 4872 226 4250 226 3893 227 4872 227 4052 227 620 228 1396 228 1554 228 1837 229 620 229 1554 229 964 230 620 230 1837 230 2076 231 964 231 1837 231 1199 232 964 232 2076 232 1390 233 1199 233 2076 233 3342 234 4051 234 4249 234 4525 235 3342 235 4249 235 3581 236 3342 236 4525 236 4872 237 3581 237 4525 237 3738 238 3581 238 4872 238 3893 239 3738 239 4872 239 3892 240 4051 240 3342 240 3111 241 3892 241 3342 241 3737 242 3892 242 3111 242 1542 243 1390 243 2076 243 2300 244 1542 244 2076 244 1700 245 1542 245 2300 245 2724 246 2525 246 2531 246 2723 247 2724 247 2531 247 2903 248 2724 248 2723 248 2902 249 2903 249 2723 249 2531 250 2525 250 2293 250 2068 251 2531 251 2293 251 2300 252 2531 252 2068 252 1828 253 2300 253 2068 253 1700 254 2300 254 1828 254 2903 255 2902 255 3110 255 3341 256 2903 256 3110 256 3111 257 2903 257 3341 257 3580 258 3111 258 3341 258 3737 259 3111 259 3580 259 2093 260 2260 260 1871 260 1625 261 2093 261 1871 261 1929 262 2093 262 1625 262 1371 263 1929 263 1625 263 1761 264 1929 264 1371 264 1060 265 1761 265 1371 265 1588 266 1761 266 1060 266 2759 267 2929 267 2901 267 2726 268 2759 268 2901 268 2604 269 2759 269 2726 269 2530 270 2604 270 2726 270 2428 271 2604 271 2530 271 2303 272 2428 272 2530 272 2260 273 2428 273 2303 273 2085 274 2260 274 2303 274 1871 275 2260 275 2085 275 203 276 259 276 39 276 35 277 203 277 39 277 147 278 203 278 35 278 31 279 147 279 35 279 133 280 147 280 31 280 28 281 133 281 31 281 185 282 133 282 28 282 3260 283 3427 283 3798 283 3559 284 3260 284 3798 284 3095 285 3260 285 3559 285 3325 286 3095 286 3559 286 2929 287 3095 287 3325 287 3109 288 2929 288 3325 288 2901 289 2929 289 3109 289 1588 290 1060 290 628 290 359 291 1588 291 628 291 1406 292 1588 292 359 292 117 293 1406 293 359 293 1225 294 1406 294 117 294 105 295 1225 295 117 295 1023 296 1225 296 105 296 94 297 1023 297 105 297 733 298 1023 298 94 298 3969 299 4165 299 5432 299 5155 300 3969 300 5432 300 3777 301 3969 301 5155 301 4862 302 3777 302 5155 302 3595 303 3777 303 4862 303 4400 304 3595 304 4862 304 3427 305 3595 305 4400 305 4078 306 3427 306 4400 306 3798 307 3427 307 4078 307 5289 308 5345 308 5512 308 5504 309 5289 309 5512 309 5215 310 5289 310 5504 310 5500 311 5215 311 5504 311 5138 312 5215 312 5500 312 5492 313 5138 313 5500 313 4996 314 5138 314 5492 314 733 315 94 315 86 315 77 316 733 316 86 316 576 317 733 317 77 317 71 318 576 318 77 318 494 319 576 319 71 319 67 320 494 320 71 320 385 321 494 321 67 321 59 322 385 322 67 322 329 323 385 323 59 323 51 324 329 324 59 324 259 325 329 325 51 325 47 326 259 326 51 326 39 327 259 327 47 327 4996 328 5492 328 5484 328 5480 329 4996 329 5484 329 4879 330 4996 330 5480 330 5472 331 4879 331 5480 331 4615 332 4879 332 5472 332 5464 333 4615 333 5472 333 4363 334 4615 334 5464 334 5454 335 4363 335 5464 335 4165 336 4363 336 5454 336 5444 337 4165 337 5454 337 5432 338 4165 338 5444 338 5128 339 4976 339 5482 339 5490 340 5128 340 5482 340 5204 341 5128 341 5490 341 5498 342 5204 342 5490 342 5278 343 5204 343 5498 343 5278 344 5498 344 5502 344 5510 345 5278 345 5502 345 5344 346 5278 346 5510 346 5514 347 5344 347 5510 347 5396 348 5344 348 5514 348 5518 349 5396 349 5514 349 5410 350 5396 350 5518 350 5520 351 5410 351 5518 351 5345 352 5410 352 5520 352 5516 353 5345 353 5520 353 5512 354 5345 354 5516 354 987 355 696 355 84 355 92 356 987 356 84 356 1192 357 987 357 92 357 103 358 1192 358 92 358 1382 359 1192 359 103 359 115 360 1382 360 103 360 1556 361 1382 361 115 361 185 362 28 362 32 362 36 363 185 363 32 363 237 364 185 364 36 364 41 365 237 365 36 365 307 366 237 366 41 366 48 367 307 367 41 367 353 368 307 368 48 368 56 369 353 369 48 369 411 370 353 370 56 370 61 371 411 371 56 371 558 372 411 372 61 372 69 373 558 373 61 373 696 374 558 374 69 374 75 375 696 375 69 375 84 376 696 376 75 376 4338 377 4135 377 5442 377 5456 378 4338 378 5442 378 4573 379 4338 379 5456 379 5462 380 4573 380 5456 380 4848 381 4573 381 5462 381 5470 382 4848 382 5462 382 4976 383 4848 383 5470 383 5478 384 4976 384 5470 384 5482 385 4976 385 5478 385 3572 386 3402 386 4076 386 4398 387 3572 387 4076 387 3749 388 3572 388 4398 388 4860 389 3749 389 4398 389 3944 390 3749 390 4860 390 5153 391 3944 391 4860 391 4135 392 3944 392 5153 392 5430 393 4135 393 5153 393 5442 394 4135 394 5430 394 2906 395 2744 395 2899 395 3107 396 2906 396 2899 396 3066 397 2906 397 3107 397 3323 398 3066 398 3107 398 3236 399 3066 399 3323 399 3557 400 3236 400 3323 400 3402 401 3236 401 3557 401 3796 402 3402 402 3557 402 4076 403 3402 403 3796 403 2399 404 2233 404 2083 404 2301 405 2399 405 2083 405 2581 406 2399 406 2301 406 2528 407 2581 407 2301 407 2744 408 2581 408 2528 408 2724 409 2744 409 2528 409 2899 410 2744 410 2724 410 1556 411 115 411 357 411 626 412 1556 412 357 412 1731 413 1556 413 626 413 1058 414 1731 414 626 414 1910 415 1731 415 1058 415 1369 416 1910 416 1058 416 2067 417 1910 417 1369 417 1623 418 2067 418 1369 418 2233 419 2067 419 1623 419 1869 420 2233 420 1623 420 2083 421 2233 421 1869 421 1277 422 1459 422 122 422 106 423 1277 423 122 423 1088 424 1277 424 106 424 95 425 1088 425 106 425 851 426 1088 426 95 426 87 427 851 427 95 427 601 428 851 428 87 428 3556 429 3316 429 3795 429 4824 430 4499 430 5463 430 5471 431 4824 431 5463 431 4945 432 4824 432 5471 432 5479 433 4945 433 5471 433 5100 434 4945 434 5479 434 1317 435 1126 435 104 435 116 436 1317 436 104 436 1500 437 1317 437 116 437 358 438 1500 438 116 438 1674 439 1500 439 358 439 627 440 1674 440 358 440 1846 441 1674 441 627 441 504 442 384 442 66 442 70 443 504 443 66 443 644 444 504 444 70 444 76 445 644 445 70 445 905 446 644 446 76 446 85 447 905 447 76 447 1126 448 905 448 85 448 93 449 1126 449 85 449 104 450 1126 450 93 450 3155 451 3316 451 3556 451 3322 452 3155 452 3556 452 2990 453 3155 453 3322 453 3106 454 2990 454 3322 454 2819 455 2990 455 3106 455 2898 456 2819 456 3106 456 2652 457 2819 457 2898 457 3882 458 3695 458 4861 458 5154 459 3882 459 4861 459 4065 460 3882 460 5154 460 5431 461 4065 461 5154 461 4275 462 4065 462 5431 462 5443 463 4275 463 5431 463 4499 464 4275 464 5443 464 5453 465 4499 465 5443 465 5463 466 4499 466 5453 466 2652 467 2898 467 2723 467 2532 468 2652 468 2723 468 2476 469 2652 469 2532 469 2304 470 2476 470 2532 470 2309 471 2476 471 2304 471 2087 472 2309 472 2304 472 2212 473 2309 473 2087 473 1876 474 2212 474 2087 474 2139 475 2212 475 1876 475 1627 476 2139 476 1876 476 1977 477 2139 477 1627 477 1384 478 1977 478 1627 478 1804 479 1977 479 1384 479 1083 480 1804 480 1384 480 1635 481 1804 481 1083 481 642 482 1635 482 1083 482 1459 483 1635 483 642 483 367 484 1459 484 642 484 122 485 1459 485 367 485 5152 486 4859 486 3840 486 4025 487 5152 487 3840 487 5170 488 5243 488 5497 488 5489 489 5170 489 5497 489 5049 490 5170 490 5489 490 5481 491 5049 491 5489 491 4916 492 5049 492 5481 492 3184 493 3027 493 3324 493 3558 494 3184 494 3324 494 3358 495 3184 495 3558 495 3797 496 3358 496 3558 496 3520 497 3358 497 3797 497 4077 498 3520 498 3797 498 3695 499 3520 499 4077 499 4399 500 3695 500 4077 500 4861 501 3695 501 4399 501 2682 502 2512 502 2529 502 2725 503 2682 503 2529 503 2855 504 2682 504 2725 504 2900 505 2855 505 2725 505 3027 506 2855 506 2900 506 3108 507 3027 507 2900 507 3324 508 3027 508 3108 508 1846 509 627 509 1059 509 1370 510 1846 510 1059 510 2006 511 1846 511 1370 511 1624 512 2006 512 1370 512 2171 513 2006 513 1624 513 1870 514 2171 514 1624 514 2349 515 2171 515 1870 515 2084 516 2349 516 1870 516 2512 517 2349 517 2084 517 2302 518 2512 518 2084 518 2529 519 2512 519 2302 519 258 520 202 520 38 520 46 521 258 521 38 521 328 522 258 522 46 522 50 523 328 523 46 523 384 524 328 524 50 524 58 525 384 525 50 525 66 526 384 526 58 526 601 527 87 527 79 527 68 528 601 528 79 528 476 529 601 529 68 529 65 530 476 530 68 530 373 531 476 531 65 531 57 532 373 532 65 532 308 533 373 533 57 533 49 534 308 534 57 534 236 535 308 535 49 535 4916 536 5481 536 5477 536 5469 537 4916 537 5477 537 4772 538 4916 538 5469 538 5461 539 4772 539 5469 539 4451 540 4772 540 5461 540 5455 541 4451 541 5461 541 4232 542 4451 542 5455 542 5441 543 4232 543 5455 543 4025 544 4232 544 5441 544 5429 545 4025 545 5441 545 5152 546 4025 546 5429 546 236 547 49 547 45 547 37 548 236 548 45 548 184 549 236 549 37 549 33 550 184 550 37 550 132 551 184 551 33 551 29 552 132 552 33 552 146 553 132 553 29 553 30 554 146 554 29 554 202 555 146 555 30 555 34 556 202 556 30 556 38 557 202 557 34 557 4075 558 3795 558 3316 558 3479 559 4075 559 3316 559 4397 560 4075 560 3479 560 3667 561 4397 561 3479 561 4859 562 4397 562 3667 562 3708 563 4859 563 3667 563 3840 564 4859 564 3708 564 5424 565 5385 565 5519 565 5517 566 5424 566 5519 566 5369 567 5424 567 5517 567 5513 568 5369 568 5517 568 5306 569 5369 569 5513 569 5509 570 5306 570 5513 570 5243 571 5306 571 5509 571 5501 572 5243 572 5509 572 5497 573 5243 573 5501 573 5100 574 5479 574 5483 574 5491 575 5100 575 5483 575 5188 576 5100 576 5491 576 5499 577 5188 577 5491 577 5260 578 5188 578 5499 578 5503 579 5260 579 5499 579 5333 580 5260 580 5503 580 5511 581 5333 581 5503 581 5385 582 5333 582 5511 582 5515 583 5385 583 5511 583 5519 584 5385 584 5515 584 2475 585 2469 585 2470 585 2347 586 2335 586 2362 586 2205 587 2209 587 2214 587 733 588 713 588 772 588 2260 589 2210 589 2262 589 2604 590 2597 590 2607 590 3260 591 3217 591 3239 591 5204 592 4957 592 4946 592 4976 593 4804 593 4668 593 4848 594 4497 594 4452 594 3402 595 3362 595 3319 595 2744 596 2773 596 2740 596 1910 597 2066 597 2019 597 558 598 1122 598 1113 598 274 599 672 599 669 599 930 600 1203 600 1210 600 1449 601 1291 601 1244 601 1353 602 1449 602 1244 602 1353 603 1244 603 1226 603 1165 604 1353 604 1226 604 1346 605 1353 605 1165 605 1119 606 1346 606 1165 606 1341 607 1346 607 1119 607 1055 608 1341 608 1119 608 1259 609 1341 609 1055 609 1048 610 1259 610 1055 610 1258 611 1259 611 1048 611 988 612 1258 612 1048 612 1210 613 1258 613 988 613 966 614 1210 614 988 614 930 615 1210 615 966 615 1161 616 1203 616 930 616 879 617 1161 617 930 617 1147 618 1161 618 879 618 1147 619 879 619 831 619 690 620 1147 620 831 620 1093 621 1147 621 690 621 681 622 1093 622 690 622 1065 623 1093 623 681 623 659 624 1065 624 681 624 1044 625 1065 625 659 625 605 626 1044 626 659 626 1020 627 1044 627 605 627 563 628 1020 628 605 628 983 629 1020 629 563 629 956 630 552 630 495 630 890 631 956 631 495 631 983 632 563 632 553 632 552 633 983 633 553 633 958 634 983 634 552 634 956 635 958 635 552 635 890 636 495 636 446 636 445 637 890 637 446 637 872 638 890 638 445 638 435 639 872 639 445 639 849 640 872 640 435 640 401 641 849 641 435 641 813 642 849 642 401 642 756 643 813 643 401 643 324 644 323 644 687 644 689 645 324 645 687 645 342 646 324 646 689 646 352 647 342 647 689 647 756 648 401 648 372 648 366 649 756 649 372 649 735 650 756 650 366 650 362 651 735 651 366 651 725 652 735 652 362 652 352 653 725 653 362 653 700 654 725 654 352 654 689 655 700 655 352 655 288 656 286 656 668 656 670 657 288 657 668 657 295 658 288 658 670 658 300 659 295 659 670 659 673 660 300 660 670 660 323 661 300 661 673 661 686 662 323 662 673 662 687 663 323 663 686 663 275 664 274 664 669 664 663 665 275 665 669 665 278 666 275 666 663 666 662 667 278 667 663 667 279 668 278 668 662 668 664 669 279 669 662 669 286 670 279 670 664 670 665 671 286 671 664 671 668 672 286 672 665 672 273 673 688 673 685 673 684 674 672 674 274 674 263 675 684 675 274 675 685 676 684 676 263 676 262 677 685 677 263 677 273 678 685 678 262 678 285 679 745 679 712 679 704 680 285 680 712 680 280 681 285 681 704 681 695 682 280 682 704 682 277 683 280 683 695 683 688 684 277 684 695 684 276 685 277 685 688 685 273 686 276 686 688 686 745 687 285 687 293 687 298 688 745 688 293 688 800 689 745 689 298 689 301 690 800 690 298 690 801 691 800 691 301 691 307 692 801 692 301 692 873 693 801 693 307 693 353 694 873 694 307 694 880 695 873 695 353 695 353 696 411 696 991 696 945 697 353 697 991 697 353 698 945 698 923 698 882 699 353 699 923 699 880 700 353 700 882 700 558 701 1113 701 1057 701 1021 702 558 702 1057 702 411 703 558 703 1021 703 1006 704 411 704 1021 704 991 705 411 705 1006 705 696 706 1233 706 1229 706 1196 707 696 707 1229 707 558 708 696 708 1196 708 1145 709 558 709 1196 709 1122 710 558 710 1145 710 987 711 1352 711 1349 711 1335 712 987 712 1349 712 696 713 987 713 1335 713 1254 714 696 714 1335 714 1233 715 696 715 1254 715 1192 716 1477 716 1476 716 1451 717 1192 717 1476 717 987 718 1192 718 1451 718 1407 719 987 719 1451 719 1352 720 987 720 1407 720 1382 721 1612 721 1604 721 1576 722 1382 722 1604 722 1192 723 1382 723 1576 723 1548 724 1192 724 1576 724 1477 725 1192 725 1548 725 1701 726 1556 726 1749 726 1382 727 1556 727 1701 727 1696 728 1382 728 1701 728 1612 729 1382 729 1696 729 1862 730 1731 730 1885 730 1731 731 1862 731 1841 731 1802 732 1731 732 1841 732 1556 733 1731 733 1802 733 1765 734 1556 734 1802 734 1749 735 1556 735 1765 735 1910 736 2019 736 1997 736 1940 737 1910 737 1997 737 1731 738 1910 738 1940 738 1925 739 1731 739 1940 739 1885 740 1731 740 1925 740 2067 741 2200 741 2150 741 2138 742 2067 742 2150 742 1910 743 2067 743 2138 743 2071 744 1910 744 2138 744 2066 745 1910 745 2071 745 2233 746 2308 746 2296 746 2290 747 2233 747 2296 747 2067 748 2233 748 2290 748 2224 749 2067 749 2290 749 2200 750 2067 750 2224 750 2399 751 2446 751 2439 751 2398 752 2399 752 2439 752 2233 753 2399 753 2398 753 2389 754 2233 754 2398 754 2308 755 2233 755 2389 755 2581 756 2596 756 2584 756 2556 757 2581 757 2584 757 2399 758 2581 758 2556 758 2462 759 2399 759 2556 759 2446 760 2399 760 2462 760 2744 761 2740 761 2719 761 2707 762 2744 762 2719 762 2581 763 2744 763 2707 763 2615 764 2581 764 2707 764 2596 765 2581 765 2615 765 2834 766 2773 766 2744 766 2906 767 2834 767 2744 767 2869 768 2834 768 2906 768 2906 769 2956 769 2935 769 2877 770 2906 770 2935 770 2869 771 2906 771 2877 771 2961 772 2956 772 2906 772 3066 773 2961 773 2906 773 3034 774 2961 774 3066 774 3236 775 3169 775 3114 775 3097 776 3236 776 3114 776 3066 777 3236 777 3097 777 3043 778 3066 778 3097 778 3034 779 3066 779 3043 779 3402 780 3319 780 3264 780 3234 781 3402 781 3264 781 3236 782 3402 782 3234 782 3206 783 3236 783 3234 783 3169 784 3236 784 3206 784 3369 785 3362 785 3402 785 3572 786 3369 786 3402 786 3426 787 3369 787 3572 787 3572 788 3749 788 3614 788 3534 789 3572 789 3614 789 3501 790 3572 790 3534 790 3572 791 3501 791 3499 791 3461 792 3572 792 3499 792 3426 793 3572 793 3461 793 3749 794 3944 794 3772 794 3767 795 3749 795 3772 795 3696 796 3749 796 3767 796 3749 797 3696 797 3626 797 3615 798 3749 798 3626 798 3614 799 3749 799 3615 799 4135 800 3948 800 3945 800 3920 801 4135 801 3945 801 3944 802 4135 802 3920 802 3855 803 3944 803 3920 803 3772 804 3944 804 3855 804 4338 805 4124 805 4107 805 4072 806 4338 806 4107 806 4135 807 4338 807 4072 807 4010 808 4135 808 4072 808 3948 809 4135 809 4010 809 4573 810 4283 810 4242 810 4205 811 4573 811 4242 811 4338 812 4573 812 4205 812 4153 813 4338 813 4205 813 4124 814 4338 814 4153 814 4848 815 4452 815 4421 815 4366 816 4848 816 4421 816 4573 817 4848 817 4366 817 4332 818 4573 818 4366 818 4283 819 4573 819 4332 819 4976 820 4668 820 4641 820 4558 821 4976 821 4641 821 4848 822 4976 822 4558 822 4538 823 4848 823 4558 823 4497 824 4848 824 4538 824 4847 825 5128 825 4849 825 4976 826 5128 826 4847 826 4811 827 4976 827 4847 827 4804 828 4976 828 4811 828 5204 829 4946 829 4904 829 4882 830 5204 830 4904 830 5128 831 5204 831 4882 831 4877 832 5128 832 4882 832 4849 833 5128 833 4877 833 5278 834 5010 834 5002 834 4992 835 5278 835 5002 835 5204 836 5278 836 4992 836 4958 837 5204 837 4992 837 4957 838 5204 838 4958 838 5344 839 5102 839 5101 839 5080 840 5344 840 5101 840 5278 841 5344 841 5080 841 5019 842 5278 842 5080 842 5010 843 5278 843 5019 843 5396 844 5129 844 5127 844 5125 845 5396 845 5127 845 5344 846 5396 846 5125 846 5105 847 5344 847 5125 847 5102 848 5344 848 5105 848 5410 849 5135 849 5134 849 5133 850 5410 850 5134 850 5396 851 5410 851 5133 851 5130 852 5396 852 5133 852 5129 853 5396 853 5130 853 5345 854 5126 854 5131 854 5132 855 5345 855 5131 855 5410 856 5345 856 5132 856 5136 857 5410 857 5132 857 5135 858 5410 858 5136 858 5289 859 5099 859 5104 859 5106 860 5289 860 5104 860 5345 861 5289 861 5106 861 5124 862 5345 862 5106 862 5126 863 5345 863 5124 863 5215 864 5000 864 5015 864 5033 865 5215 865 5015 865 5289 866 5215 866 5033 866 5072 867 5289 867 5033 867 5099 868 5289 868 5072 868 4930 869 4968 869 5215 869 5138 870 4930 870 5215 870 5215 871 4968 871 4970 871 4999 872 5215 872 4970 872 5000 873 5215 873 4999 873 5138 874 4996 874 4846 874 4888 875 5138 875 4846 875 5138 876 4888 876 4890 876 4922 877 5138 877 4890 877 4930 878 5138 878 4922 878 4996 879 4803 879 4830 879 4845 880 4996 880 4830 880 4846 881 4996 881 4845 881 4449 882 4517 882 4879 882 4615 883 4449 883 4879 883 4409 884 4449 884 4615 884 4408 885 4409 885 4615 885 4879 886 4517 886 4595 886 4613 887 4879 887 4595 887 4996 888 4879 888 4613 888 4614 889 4996 889 4613 889 4803 890 4996 890 4614 890 4363 891 4229 891 4244 891 4256 892 4363 892 4244 892 4615 893 4363 893 4256 893 4349 894 4615 894 4256 894 4408 895 4615 895 4349 895 4165 896 4047 896 4093 896 4104 897 4165 897 4093 897 4363 898 4165 898 4104 898 4169 899 4363 899 4104 899 4229 900 4363 900 4169 900 3969 901 3898 901 3913 901 3946 902 3969 902 3913 902 4165 903 3969 903 3946 903 3984 904 4165 904 3946 904 4047 905 4165 905 3984 905 3777 906 3716 906 3766 906 3791 907 3777 907 3766 907 3969 908 3777 908 3791 908 3815 909 3969 909 3791 909 3898 910 3969 910 3815 910 3595 911 3560 911 3603 911 3630 912 3595 912 3603 912 3777 913 3595 913 3630 913 3686 914 3777 914 3630 914 3716 915 3777 915 3686 915 3427 916 3400 916 3434 916 3496 917 3427 917 3434 917 3595 918 3427 918 3496 918 3523 919 3595 919 3496 919 3560 920 3595 920 3523 920 3260 921 3239 921 3277 921 3364 922 3260 922 3277 922 3427 923 3260 923 3364 923 3368 924 3427 924 3364 924 3400 925 3427 925 3368 925 3095 926 3071 926 3077 926 3160 927 3095 927 3077 927 3260 928 3095 928 3160 928 3214 929 3260 929 3160 929 3217 930 3260 930 3214 930 2929 931 2921 931 2925 931 2993 932 2929 932 2925 932 3095 933 2929 933 2993 933 3065 934 3095 934 2993 934 3071 935 3095 935 3065 935 2759 936 2758 936 2784 936 2828 937 2759 937 2784 937 2929 938 2759 938 2828 938 2914 939 2929 939 2828 939 2921 940 2929 940 2914 940 2604 941 2607 941 2633 941 2671 942 2604 942 2633 942 2759 943 2604 943 2671 943 2750 944 2759 944 2671 944 2758 945 2759 945 2750 945 2428 946 2438 946 2450 946 2496 947 2428 947 2450 947 2604 948 2428 948 2496 948 2551 949 2604 949 2496 949 2597 950 2604 950 2551 950 2260 951 2262 951 2281 951 2348 952 2260 952 2281 952 2428 953 2260 953 2348 953 2377 954 2428 954 2348 954 2438 955 2428 955 2377 955 2093 956 2051 956 2112 956 2122 957 2093 957 2112 957 2260 958 2093 958 2122 958 2203 959 2260 959 2122 959 2210 960 2260 960 2203 960 1929 961 1908 961 1941 961 1953 962 1929 962 1941 962 2093 963 1929 963 1953 963 2044 964 2093 964 1953 964 2051 965 2093 965 2044 965 1761 966 1750 966 1775 966 1803 967 1761 967 1775 967 1929 968 1761 968 1803 968 1907 969 1929 969 1803 969 1908 970 1929 970 1907 970 1588 971 1595 971 1602 971 1646 972 1588 972 1602 972 1761 973 1588 973 1646 973 1730 974 1761 974 1646 974 1750 975 1761 975 1730 975 1406 976 1429 976 1444 976 1470 977 1406 977 1444 977 1588 978 1406 978 1470 978 1558 979 1588 979 1470 979 1595 980 1588 980 1558 980 1225 981 1241 981 1271 981 1278 982 1225 982 1271 982 1406 983 1225 983 1278 983 1385 984 1406 984 1278 984 1429 985 1406 985 1385 985 1023 986 1035 986 1092 986 1131 987 1023 987 1092 987 1225 988 1023 988 1131 988 1230 989 1225 989 1131 989 1241 990 1225 990 1230 990 733 991 772 991 883 991 902 992 733 992 883 992 1023 993 733 993 902 993 1022 994 1023 994 902 994 1035 995 1023 995 1022 995 640 996 576 996 578 996 733 997 576 997 640 997 641 998 733 998 640 998 713 999 733 999 641 999 576 1000 494 1000 520 1000 569 1001 576 1001 520 1001 578 1002 576 1002 569 1002 1348 1003 1291 1003 1449 1003 1455 1004 1348 1004 1449 1004 1380 1005 1348 1005 1455 1005 1419 1006 1380 1006 1455 1006 1575 1007 1419 1007 1455 1007 1450 1008 1419 1008 1575 1008 1587 1009 1450 1009 1575 1009 1517 1010 1450 1010 1587 1010 1719 1011 1664 1011 1655 1011 1605 1012 1719 1012 1655 1012 1706 1013 1719 1013 1605 1013 1562 1014 1706 1014 1605 1014 1587 1015 1706 1015 1562 1015 1532 1016 1587 1016 1562 1016 1517 1017 1587 1017 1532 1017 1729 1018 1664 1018 1719 1018 1821 1019 1729 1019 1719 1019 1766 1020 1729 1020 1821 1020 1833 1021 1766 1021 1821 1021 1789 1022 1766 1022 1833 1022 1909 1023 1789 1023 1833 1023 1796 1024 1789 1024 1909 1024 1898 1025 1796 1025 1909 1025 1945 1026 1898 1026 1909 1026 1915 1027 1898 1027 1945 1027 1946 1028 1915 1028 1945 1028 1932 1029 1915 1029 1946 1029 1968 1030 1932 1030 1946 1030 2075 1031 1968 1031 1946 1031 2048 1032 1968 1032 2075 1032 2063 1033 2048 1033 2075 1033 2081 1034 2063 1034 2075 1034 2065 1035 2063 1035 2081 1035 2209 1036 2205 1036 2201 1036 2186 1037 2209 1037 2201 1037 2081 1038 2209 1038 2186 1038 2110 1039 2081 1039 2186 1039 2065 1040 2081 1040 2110 1040 2335 1041 2347 1041 2332 1041 2321 1042 2335 1042 2332 1042 2214 1043 2335 1043 2321 1043 2256 1044 2214 1044 2321 1044 2205 1045 2214 1045 2256 1045 2461 1046 2470 1046 2469 1046 2447 1047 2461 1047 2469 1047 2362 1048 2461 1048 2447 1048 2417 1049 2362 1049 2447 1049 2347 1050 2362 1050 2417 1050 4025 1051 3976 1051 4008 1051 5369 1052 5259 1052 5262 1052 4945 1053 4865 1053 4833 1053 3520 1054 3465 1054 3459 1054 1126 1055 1395 1055 1350 1055 258 1056 580 1056 573 1056 1088 1057 1372 1057 1404 1057 2366 1058 2323 1058 2261 1058 2289 1059 2366 1059 2261 1059 2323 1060 2366 1060 2386 1060 2392 1061 2323 1061 2386 1061 2367 1062 2323 1062 2392 1062 2448 1063 2367 1063 2392 1063 2412 1064 2367 1064 2448 1064 2440 1065 2412 1065 2448 1065 2468 1066 2440 1066 2448 1066 2493 1067 2440 1067 2468 1067 2536 1068 2493 1068 2468 1068 2541 1069 2493 1069 2536 1069 2538 1070 2541 1070 2536 1070 2569 1071 2541 1071 2538 1071 2606 1072 2569 1072 2538 1072 2573 1073 2569 1073 2606 1073 2637 1074 2573 1074 2606 1074 2609 1075 2637 1075 2606 1075 2666 1076 2637 1076 2609 1076 2667 1077 2666 1077 2609 1077 2703 1078 2666 1078 2667 1078 2672 1079 2703 1079 2667 1079 2727 1080 2703 1080 2672 1080 2735 1081 2727 1081 2672 1081 2796 1082 2727 1082 2735 1082 2796 1083 2735 1083 2749 1083 2754 1084 2796 1084 2749 1084 2804 1085 2796 1085 2754 1085 2795 1086 2804 1086 2754 1086 2842 1087 2804 1087 2795 1087 2829 1088 2842 1088 2795 1088 2879 1089 2842 1089 2829 1089 2865 1090 2879 1090 2829 1090 2955 1091 2879 1091 2865 1091 2907 1092 2955 1092 2865 1092 2965 1093 2955 1093 2907 1093 2940 1094 2965 1094 2907 1094 2991 1095 2965 1095 2940 1095 2971 1096 2991 1096 2940 1096 3042 1097 2991 1097 2971 1097 2973 1098 3042 1098 2971 1098 3115 1099 3042 1099 2973 1099 3060 1100 3115 1100 2973 1100 3117 1101 3115 1101 3060 1101 3118 1102 3117 1102 3060 1102 3118 1103 3060 1103 3067 1103 3096 1104 3118 1104 3067 1104 3204 1105 3118 1105 3096 1105 3122 1106 3204 1106 3096 1106 3261 1107 3204 1107 3122 1107 3262 1108 3261 1108 3122 1108 3210 1109 3262 1109 3122 1109 3274 1110 3262 1110 3210 1110 3215 1111 3274 1111 3210 1111 3345 1112 3274 1112 3215 1112 3223 1113 3345 1113 3215 1113 3399 1114 3345 1114 3223 1114 3275 1115 3399 1115 3223 1115 3416 1116 3399 1116 3275 1116 3338 1117 3416 1117 3275 1117 3425 1118 3416 1118 3338 1118 3425 1119 3338 1119 3340 1119 3363 1120 3425 1120 3340 1120 3491 1121 3425 1121 3363 1121 3420 1122 3491 1122 3363 1122 3524 1123 3491 1123 3420 1123 3567 1124 3524 1124 3420 1124 3456 1125 3567 1125 3420 1125 3570 1126 3567 1126 3456 1126 3460 1127 3570 1127 3456 1127 3632 1128 3570 1128 3460 1128 3492 1129 3632 1129 3460 1129 3647 1130 3632 1130 3492 1130 3648 1131 3647 1131 3492 1131 3564 1132 3648 1132 3492 1132 3715 1133 3648 1133 3564 1133 3715 1134 3564 1134 3571 1134 3594 1135 3715 1135 3571 1135 3728 1136 3715 1136 3594 1136 3743 1137 3728 1137 3594 1137 3784 1138 3743 1138 3594 1138 3624 1139 3784 1139 3594 1139 3799 1140 3784 1140 3624 1140 3678 1141 3799 1141 3624 1141 3854 1142 3799 1142 3678 1142 3854 1143 3678 1143 3707 1143 3720 1144 3854 1144 3707 1144 3889 1145 3854 1145 3720 1145 3726 1146 3889 1146 3720 1146 4100 1147 4039 1147 3853 1147 3982 1148 4100 1148 3853 1148 4136 1149 4100 1149 3982 1149 3983 1150 4136 1150 3982 1150 3853 1151 4039 1151 4007 1151 3985 1152 3853 1152 4007 1152 3848 1153 3853 1153 3985 1153 3951 1154 3848 1154 3985 1154 3726 1155 3848 1155 3951 1155 3914 1156 3726 1156 3951 1156 3889 1157 3726 1157 3914 1157 3983 1158 4248 1158 4184 1158 3983 1159 4184 1159 4158 1159 4156 1160 3983 1160 4158 1160 4136 1161 3983 1161 4156 1161 4326 1162 4279 1162 4122 1162 4208 1163 4326 1163 4122 1163 4248 1164 3983 1164 4112 1164 4122 1165 4248 1165 4112 1165 4277 1166 4248 1166 4122 1166 4279 1167 4277 1167 4122 1167 4291 1168 4335 1168 4453 1168 4379 1169 4291 1169 4453 1169 4238 1170 4291 1170 4379 1170 4365 1171 4238 1171 4379 1171 4208 1172 4238 1172 4365 1172 4364 1173 4208 1173 4365 1173 4326 1174 4208 1174 4364 1174 4350 1175 4430 1175 4518 1175 4482 1176 4350 1176 4518 1176 4335 1177 4350 1177 4482 1177 4472 1178 4335 1178 4482 1178 4453 1179 4335 1179 4472 1179 4569 1180 4659 1180 4637 1180 4543 1181 4569 1181 4637 1181 4543 1182 4637 1182 4633 1182 4596 1183 4543 1183 4633 1183 4458 1184 4543 1184 4596 1184 4582 1185 4458 1185 4596 1185 4430 1186 4458 1186 4582 1186 4568 1187 4430 1187 4582 1187 4518 1188 4430 1188 4568 1188 4648 1189 4715 1189 4707 1189 4698 1190 4648 1190 4707 1190 4616 1191 4648 1191 4698 1191 4689 1192 4616 1192 4698 1192 4569 1193 4616 1193 4689 1193 4676 1194 4569 1194 4689 1194 4659 1195 4569 1195 4676 1195 4713 1196 4715 1196 4648 1196 4697 1197 4713 1197 4648 1197 4711 1198 4713 1198 4697 1198 1977 1199 2101 1199 2104 1199 2129 1200 1977 1200 2104 1200 2139 1201 1977 1201 2129 1201 2211 1202 2139 1202 2129 1202 2218 1203 2139 1203 2211 1203 2289 1204 2261 1204 2252 1204 2212 1205 2289 1205 2252 1205 2248 1206 2289 1206 2212 1206 2139 1207 2248 1207 2212 1207 2226 1208 2248 1208 2139 1208 2218 1209 2226 1209 2139 1209 1804 1210 1958 1210 1969 1210 1975 1211 1804 1211 1969 1211 1977 1212 1804 1212 1975 1212 2062 1213 1977 1213 1975 1213 2101 1214 1977 1214 2062 1214 1635 1215 1824 1215 1835 1215 1860 1216 1635 1216 1835 1216 1804 1217 1635 1217 1860 1217 1911 1218 1804 1218 1860 1218 1958 1219 1804 1219 1911 1219 1459 1220 1689 1220 1690 1220 1726 1221 1459 1221 1690 1221 1635 1222 1459 1222 1726 1222 1756 1223 1635 1223 1726 1223 1824 1224 1635 1224 1756 1224 1277 1225 1541 1225 1594 1225 1596 1226 1277 1226 1594 1226 1459 1227 1277 1227 1596 1227 1668 1228 1459 1228 1596 1228 1689 1229 1459 1229 1668 1229 1088 1230 1404 1230 1445 1230 1474 1231 1088 1231 1445 1231 1277 1232 1088 1232 1474 1232 1531 1233 1277 1233 1474 1233 1541 1234 1277 1234 1531 1234 1351 1235 1372 1235 1088 1235 851 1236 1351 1236 1088 1236 1300 1237 1351 1237 851 1237 1151 1238 1221 1238 851 1238 601 1239 1151 1239 851 1239 851 1240 1221 1240 1222 1240 1260 1241 851 1241 1222 1241 1300 1242 851 1242 1260 1242 601 1243 1100 1243 1125 1243 1129 1244 601 1244 1125 1244 1151 1245 601 1245 1129 1245 476 1246 965 1246 975 1246 984 1247 476 1247 975 1247 601 1248 476 1248 984 1248 1040 1249 601 1249 984 1249 1100 1250 601 1250 1040 1250 308 1251 671 1251 674 1251 691 1252 308 1252 674 1252 373 1253 308 1253 691 1253 788 1254 373 1254 691 1254 373 1255 788 1255 802 1255 809 1256 373 1256 802 1256 476 1257 373 1257 809 1257 889 1258 476 1258 809 1258 965 1259 476 1259 889 1259 595 1260 236 1260 594 1260 236 1261 595 1261 597 1261 599 1262 236 1262 597 1262 308 1263 236 1263 599 1263 657 1264 308 1264 599 1264 671 1265 308 1265 657 1265 184 1266 559 1266 561 1266 568 1267 184 1267 561 1267 236 1268 184 1268 568 1268 577 1269 236 1269 568 1269 594 1270 236 1270 577 1270 132 1271 534 1271 535 1271 542 1272 132 1272 535 1272 184 1273 132 1273 542 1273 544 1274 184 1274 542 1274 559 1275 184 1275 544 1275 132 1276 146 1276 526 1276 527 1277 132 1277 526 1277 534 1278 132 1278 527 1278 146 1279 532 1279 524 1279 525 1280 146 1280 524 1280 526 1281 146 1281 525 1281 541 1282 202 1282 543 1282 146 1283 202 1283 541 1283 533 1284 146 1284 541 1284 532 1285 146 1285 533 1285 258 1286 573 1286 564 1286 549 1287 258 1287 564 1287 202 1288 258 1288 549 1288 547 1289 202 1289 549 1289 543 1290 202 1290 547 1290 328 1291 635 1291 619 1291 600 1292 328 1292 619 1292 258 1293 328 1293 600 1293 585 1294 258 1294 600 1294 580 1295 258 1295 585 1295 384 1296 705 1296 703 1296 694 1297 384 1297 703 1297 328 1298 384 1298 694 1298 658 1299 328 1299 694 1299 635 1300 328 1300 658 1300 504 1301 900 1301 893 1301 823 1302 504 1302 893 1302 384 1303 504 1303 823 1303 789 1304 384 1304 823 1304 705 1305 384 1305 789 1305 644 1306 1043 1306 1031 1306 1005 1307 644 1307 1031 1307 504 1308 644 1308 1005 1308 929 1309 504 1309 1005 1309 900 1310 504 1310 929 1310 905 1311 1202 1311 1177 1311 1163 1312 905 1312 1177 1312 644 1313 905 1313 1163 1313 1084 1314 644 1314 1163 1314 1043 1315 644 1315 1084 1315 1126 1316 1350 1316 1307 1316 1299 1317 1126 1317 1307 1317 905 1318 1126 1318 1299 1318 1234 1319 905 1319 1299 1319 1202 1320 905 1320 1234 1320 1126 1321 1317 1321 1428 1321 1412 1322 1126 1322 1428 1322 1395 1323 1126 1323 1412 1323 1317 1324 1560 1324 1497 1324 1490 1325 1317 1325 1497 1325 1428 1326 1317 1326 1490 1326 1500 1327 1691 1327 1645 1327 1626 1328 1500 1328 1645 1328 1317 1329 1500 1329 1626 1329 1573 1330 1317 1330 1626 1330 1560 1331 1317 1331 1573 1331 1674 1332 1788 1332 1778 1332 1723 1333 1674 1333 1778 1333 1500 1334 1674 1334 1723 1334 1697 1335 1500 1335 1723 1335 1691 1336 1500 1336 1697 1336 1820 1337 1788 1337 1674 1337 1846 1338 1820 1338 1674 1338 1880 1339 1820 1339 1846 1339 1846 1340 1950 1340 1942 1340 1928 1341 1846 1341 1942 1341 1880 1342 1846 1342 1928 1342 2006 1343 2086 1343 2072 1343 2064 1344 2006 1344 2072 1344 1846 1345 2006 1345 2064 1345 1973 1346 1846 1346 2064 1346 1950 1347 1846 1347 1973 1347 2171 1348 2225 1348 2222 1348 2213 1349 2171 1349 2222 1349 2006 1350 2171 1350 2213 1350 2131 1351 2006 1351 2213 1351 2086 1352 2006 1352 2131 1352 2349 1353 2390 1353 2382 1353 2368 1354 2349 1354 2382 1354 2171 1355 2349 1355 2368 1355 2282 1356 2171 1356 2368 1356 2225 1357 2171 1357 2282 1357 2512 1358 2543 1358 2542 1358 2497 1359 2512 1359 2542 1359 2349 1360 2512 1360 2497 1360 2449 1361 2349 1361 2497 1361 2390 1362 2349 1362 2449 1362 2682 1363 2687 1363 2645 1363 2627 1364 2682 1364 2645 1364 2512 1365 2682 1365 2627 1365 2580 1366 2512 1366 2627 1366 2543 1367 2512 1367 2580 1367 2855 1368 2835 1368 2797 1368 2770 1369 2855 1369 2797 1369 2682 1370 2855 1370 2770 1370 2732 1371 2682 1371 2770 1371 2687 1372 2682 1372 2732 1372 3027 1373 2992 1373 2960 1373 2915 1374 3027 1374 2960 1374 2855 1375 3027 1375 2915 1375 2882 1376 2855 1376 2915 1376 2835 1377 2855 1377 2882 1377 3184 1378 3138 1378 3116 1378 3054 1379 3184 1379 3116 1379 3027 1380 3184 1380 3054 1380 3044 1381 3027 1381 3054 1381 2992 1382 3027 1382 3044 1382 3358 1383 3286 1383 3243 1383 3205 1384 3358 1384 3243 1384 3184 1385 3358 1385 3205 1385 3164 1386 3184 1386 3205 1386 3138 1387 3184 1387 3164 1387 3520 1388 3459 1388 3408 1388 3335 1389 3520 1389 3408 1389 3358 1390 3520 1390 3335 1390 3321 1391 3358 1391 3335 1391 3286 1392 3358 1392 3321 1392 3695 1393 3620 1393 3616 1393 3568 1394 3695 1394 3616 1394 3520 1395 3695 1395 3568 1395 3467 1396 3520 1396 3568 1396 3465 1397 3520 1397 3467 1397 3785 1398 3882 1398 3786 1398 3882 1399 3785 1399 3771 1399 3744 1400 3882 1400 3771 1400 3695 1401 3882 1401 3744 1401 3644 1402 3695 1402 3744 1402 3620 1403 3695 1403 3644 1403 4065 1404 3967 1404 3965 1404 3932 1405 4065 1405 3965 1405 3882 1406 4065 1406 3932 1406 3890 1407 3882 1407 3932 1407 3786 1408 3882 1408 3890 1408 4275 1409 4143 1409 4140 1409 4103 1410 4275 1410 4140 1410 4065 1411 4275 1411 4103 1411 4048 1412 4065 1412 4103 1412 3967 1413 4065 1413 4048 1413 4499 1414 4347 1414 4336 1414 4254 1415 4499 1415 4336 1415 4275 1416 4499 1416 4254 1416 4243 1417 4275 1417 4254 1417 4143 1418 4275 1418 4243 1418 4824 1419 4559 1419 4522 1419 4454 1420 4824 1420 4522 1420 4499 1421 4824 1421 4454 1421 4434 1422 4499 1422 4454 1422 4347 1423 4499 1423 4434 1423 4945 1424 4833 1424 4829 1424 4671 1425 4945 1425 4829 1425 4824 1426 4945 1426 4671 1426 4650 1427 4824 1427 4671 1427 4559 1428 4824 1428 4650 1428 5100 1429 4965 1429 4947 1429 4924 1430 5100 1430 4947 1430 4945 1431 5100 1431 4924 1431 4878 1432 4945 1432 4924 1432 4865 1433 4945 1433 4878 1433 5188 1434 5096 1434 5058 1434 5036 1435 5188 1435 5058 1435 5100 1436 5188 1436 5036 1436 4983 1437 5100 1437 5036 1437 4965 1438 5100 1438 4983 1438 5260 1439 5151 1439 5150 1439 5137 1440 5260 1440 5150 1440 5188 1441 5260 1441 5137 1441 5112 1442 5188 1442 5137 1442 5096 1443 5188 1443 5112 1443 5333 1444 5203 1444 5202 1444 5200 1445 5333 1445 5202 1445 5260 1446 5333 1446 5200 1446 5167 1447 5260 1447 5200 1447 5151 1448 5260 1448 5167 1448 5385 1449 5245 1449 5229 1449 5225 1450 5385 1450 5229 1450 5333 1451 5385 1451 5225 1451 5213 1452 5333 1452 5225 1452 5203 1453 5333 1453 5213 1453 5424 1454 5275 1454 5273 1454 5272 1455 5424 1455 5273 1455 5385 1456 5424 1456 5272 1456 5246 1457 5385 1457 5272 1457 5245 1458 5385 1458 5246 1458 5369 1459 5262 1459 5274 1459 5276 1460 5369 1460 5274 1460 5424 1461 5369 1461 5276 1461 5277 1462 5424 1462 5276 1462 5275 1463 5424 1463 5277 1463 5306 1464 5222 1464 5223 1464 5240 1465 5306 1465 5223 1465 5369 1466 5306 1466 5240 1466 5244 1467 5369 1467 5240 1467 5259 1468 5369 1468 5244 1468 5243 1469 5175 1469 5189 1469 5201 1470 5243 1470 5189 1470 5306 1471 5243 1471 5201 1471 5209 1472 5306 1472 5201 1472 5222 1473 5306 1473 5209 1473 5243 1474 5170 1474 5141 1474 5156 1475 5243 1475 5141 1475 5175 1476 5243 1476 5156 1476 5170 1477 5103 1477 5107 1477 5122 1478 5170 1478 5107 1478 5141 1479 5170 1479 5122 1479 5049 1480 4969 1480 4991 1480 4993 1481 5049 1481 4991 1481 5170 1482 5049 1482 4993 1482 5059 1483 5170 1483 4993 1483 5103 1484 5170 1484 5059 1484 4916 1485 4880 1485 4881 1485 4885 1486 4916 1486 4881 1486 5049 1487 4916 1487 4885 1487 4949 1488 5049 1488 4885 1488 4969 1489 5049 1489 4949 1489 4772 1490 4672 1490 4685 1490 4686 1491 4772 1491 4685 1491 4916 1492 4772 1492 4686 1492 4832 1493 4916 1493 4686 1493 4880 1494 4916 1494 4832 1494 4451 1495 4411 1495 4422 1495 4450 1496 4451 1496 4422 1496 4772 1497 4451 1497 4450 1497 4549 1498 4772 1498 4450 1498 4672 1499 4772 1499 4549 1499 4232 1500 4202 1500 4253 1500 4255 1501 4232 1501 4253 1501 4451 1502 4232 1502 4255 1502 4353 1503 4451 1503 4255 1503 4411 1504 4451 1504 4353 1504 4025 1505 4008 1505 4069 1505 4092 1506 4025 1506 4069 1506 4232 1507 4025 1507 4092 1507 4164 1508 4232 1508 4092 1508 4202 1509 4232 1509 4164 1509 4025 1510 3840 1510 3896 1510 3915 1511 4025 1511 3896 1511 3976 1512 4025 1512 3915 1512 3751 1513 3840 1513 3708 1513 3840 1514 3751 1514 3794 1514 3825 1515 3840 1515 3794 1515 3896 1516 3840 1516 3825 1516 4278 1517 4109 1517 4043 1517 5031 1518 4690 1518 4703 1518 4995 1519 4608 1519 4630 1519 4954 1520 4530 1520 4562 1520 4884 1521 4418 1521 4460 1521 4825 1522 4319 1522 4357 1522 4588 1523 4185 1523 4257 1523 2997 1524 2945 1524 2962 1524 2871 1525 2805 1525 2857 1525 2737 1526 2696 1526 2734 1526 2599 1527 2572 1527 2610 1527 2451 1528 2427 1528 2471 1528 950 1529 1208 1529 1227 1529 740 1530 1114 1530 1132 1530 630 1531 1019 1531 1033 1531 565 1532 931 1532 955 1532 498 1533 837 1533 878 1533 459 1534 782 1534 797 1534 1280 1535 1508 1535 1475 1535 1426 1536 1608 1536 1585 1536 1557 1537 1743 1537 1705 1537 1702 1538 1865 1538 1799 1538 1826 1539 1992 1539 1926 1539 3320 1540 3270 1540 3256 1540 3449 1541 3401 1541 3380 1541 3587 1542 3525 1542 3487 1542 3729 1543 3643 1543 3601 1543 3871 1544 3776 1544 3722 1544 4006 1545 3907 1545 3846 1545 5060 1546 4725 1546 4739 1546 5016 1547 4661 1547 4682 1547 4984 1548 4578 1548 4601 1548 4925 1549 4483 1549 4531 1549 4851 1550 4368 1550 4424 1550 3224 1551 3139 1551 3168 1551 3087 1552 3028 1552 3053 1552 2952 1553 2888 1553 2926 1553 2821 1554 2755 1554 2799 1554 2695 1555 2622 1555 2699 1555 2558 1556 2503 1556 2575 1556 1189 1557 1391 1557 1399 1557 1036 1558 1269 1558 1293 1558 892 1559 1176 1559 1193 1559 692 1560 1056 1560 1103 1560 598 1561 978 1561 1011 1561 546 1562 891 1562 935 1562 1042 1563 1320 1563 1298 1563 1195 1564 1439 1564 1401 1564 1342 1565 1552 1565 1519 1565 1456 1566 1667 1566 1614 1566 1600 1567 1784 1567 1735 1567 3093 1568 3072 1568 3055 1568 3227 1569 3211 1569 3171 1569 3366 1570 3329 1570 3281 1570 3498 1571 3448 1571 3413 1571 3625 1572 3573 1572 3528 1572 3768 1573 3709 1573 3633 1573 5061 1574 4747 1574 4741 1574 5082 1575 4753 1575 4788 1575 5056 1576 4696 1576 4723 1576 5008 1577 4618 1577 4663 1577 4967 1578 4545 1578 4587 1578 3441 1579 3359 1579 3377 1579 3302 1580 3220 1580 3252 1580 3187 1581 3089 1581 3125 1581 3046 1582 2957 1582 3008 1582 2912 1583 2831 1583 2891 1583 2771 1584 2720 1584 2762 1584 1425 1585 1568 1585 1584 1585 1274 1586 1448 1586 1473 1586 1149 1587 1347 1587 1363 1587 1001 1588 1228 1588 1256 1588 822 1589 1123 1589 1170 1589 667 1590 1026 1590 1063 1590 744 1591 1155 1591 1143 1591 951 1592 1252 1592 1231 1592 1106 1593 1367 1593 1340 1593 1236 1594 1484 1594 1442 1594 1379 1595 1599 1595 1540 1595 1520 1596 1722 1596 1661 1596 2870 1597 2873 1597 2856 1597 2998 1598 2994 1598 2963 1598 3135 1599 3119 1599 3088 1599 3266 1600 3257 1600 3219 1600 3410 1601 3387 1601 3333 1601 3550 1602 3502 1602 3436 1602 4994 1603 4642 1603 4629 1603 5032 1604 4717 1604 4704 1604 5069 1605 4774 1605 4773 1605 5070 1606 4731 1606 4775 1606 5034 1607 4673 1607 4705 1607 3675 1608 3553 1608 3569 1608 3551 1609 3417 1609 3437 1609 3411 1610 3283 1610 3334 1610 3265 1611 3165 1611 3218 1611 3136 1612 3039 1612 3090 1612 3003 1613 2909 1613 2964 1613 1524 1614 1630 1614 1663 1614 1381 1615 1529 1615 1545 1615 1238 1616 1400 1616 1443 1616 1105 1617 1281 1617 1339 1617 952 1618 1184 1618 1232 1618 579 1619 997 1619 979 1619 660 1620 1087 1620 1054 1620 817 1621 1194 1621 1168 1621 1000 1622 1305 1622 1255 1622 1150 1623 1411 1623 1364 1623 1273 1624 1538 1624 1472 1624 2626 1625 2670 1625 2638 1625 2763 1626 2792 1626 2760 1626 2908 1627 2922 1627 2884 1627 3045 1628 3057 1628 3007 1628 3186 1629 3190 1629 3124 1629 3301 1630 3297 1630 3251 1630 4892 1631 4519 1631 4505 1631 4963 1632 4597 1632 4585 1632 5007 1633 4677 1633 4660 1633 5055 1634 4733 1634 4722 1634 5081 1635 4765 1635 4789 1635 5062 1636 4708 1636 4742 1636 3926 1637 3745 1637 3764 1637 3780 1638 3617 1638 3639 1638 3628 1639 3493 1639 3533 1639 3500 1640 3370 1640 3415 1640 3367 1641 3240 1641 3282 1641 3226 1642 3102 1642 3170 1642 4278 1643 4437 1643 4566 1643 5031 1644 5373 1644 5346 1644 4995 1645 5315 1645 5291 1645 4954 1646 5249 1646 5226 1646 4884 1647 5179 1647 5172 1647 2871 1648 3026 1648 2880 1648 2737 1649 2852 1649 2741 1649 2599 1650 2685 1650 2590 1650 2451 1651 2524 1651 2429 1651 950 1652 656 1652 582 1652 740 1653 516 1653 463 1653 630 1654 394 1654 369 1654 565 1655 331 1655 320 1655 1280 1656 852 1656 1061 1656 1426 1657 1089 1657 1243 1657 1557 1658 1284 1658 1405 1658 1702 1659 1468 1659 1570 1659 1826 1660 1649 1660 1727 1660 3320 1661 3304 1661 3398 1661 3449 1662 3469 1662 3548 1662 3587 1663 3663 1663 3702 1663 3729 1664 3836 1664 3857 1664 5060 1665 5413 1665 5386 1665 5016 1666 5384 1666 5334 1666 4984 1667 5319 1667 5280 1667 4925 1668 5248 1668 5211 1668 4851 1669 5176 1669 5140 1669 3224 1670 3346 1670 3276 1670 3087 1671 3172 1671 3123 1671 2952 1672 3023 1672 2972 1672 2558 1673 2681 1673 2550 1673 1036 1674 907 1674 679 1674 892 1675 653 1675 548 1675 692 1676 513 1676 412 1676 598 1677 395 1677 355 1677 546 1678 340 1678 297 1678 1042 1679 615 1679 683 1679 1195 1680 856 1680 940 1680 1342 1681 1091 1681 1130 1681 3093 1682 2989 1682 3131 1682 3227 1683 3149 1683 3279 1683 3366 1684 3307 1684 3432 1684 3498 1685 3468 1685 3589 1685 3625 1686 3656 1686 3748 1686 3768 1687 3833 1687 3916 1687 5061 1688 5357 1688 5387 1688 5082 1689 5411 1689 5422 1689 5056 1690 5383 1690 5371 1690 3441 1691 3689 1691 3540 1691 3302 1692 3515 1692 3393 1692 3187 1693 3352 1693 3230 1693 3046 1694 3177 1694 3078 1694 2912 1695 3017 1695 2932 1695 2771 1696 2844 1696 2785 1696 2373 1697 2356 1697 2331 1697 2229 1698 2373 1698 2331 1698 1425 1699 1329 1699 1242 1699 1274 1700 1140 1700 1053 1700 1149 1701 916 1701 842 1701 1001 1702 651 1702 624 1702 744 1703 375 1703 464 1703 951 1704 482 1704 586 1704 1106 1705 608 1705 722 1705 1236 1706 858 1706 1002 1706 1379 1707 1102 1707 1186 1707 1520 1708 1289 1708 1354 1708 2870 1709 2811 1709 2878 1709 2998 1710 2982 1710 3036 1710 3135 1711 3148 1711 3192 1711 3266 1712 3315 1712 3337 1712 4994 1713 5241 1713 5290 1713 5032 1714 5302 1714 5347 1714 5069 1715 5358 1715 5398 1715 5070 1716 5399 1716 5400 1716 5034 1717 5374 1717 5348 1717 3675 1718 3867 1718 3810 1718 3551 1719 3685 1719 3634 1719 3411 1720 3510 1720 3482 1720 3003 1721 3182 1721 3037 1721 1524 1722 1505 1722 1361 1722 1381 1723 1322 1723 1187 1723 1238 1724 1141 1724 1003 1724 1105 1725 919 1725 719 1725 952 1726 655 1726 587 1726 579 1727 317 1727 343 1727 660 1728 381 1728 397 1728 817 1729 479 1729 501 1729 1273 1730 853 1730 1050 1730 2626 1731 2478 1731 2619 1731 2763 1732 2654 1732 2772 1732 2908 1733 2809 1733 2927 1733 3045 1734 2979 1734 3076 1734 3186 1735 3146 1735 3229 1735 3301 1736 3305 1736 3392 1736 4892 1737 5159 1737 5192 1737 4963 1738 5239 1738 5267 1738 5007 1739 5305 1739 5314 1739 5062 1740 5412 1740 5388 1740 3926 1741 4271 1741 4106 1741 3780 1742 4063 1742 3923 1742 3628 1743 3869 1743 3753 1743 3500 1744 3682 1744 3593 1744 3367 1745 3507 1745 3433 1745 3226 1746 3347 1746 3278 1746 3817 1747 3707 1747 3678 1747 2454 1748 2536 1748 2468 1748 1240 1749 1372 1749 1351 1749 414 1750 527 1750 526 1750 1272 1751 1234 1751 1299 1751 2928 1752 2882 1752 2915 1752 307 1753 301 1753 294 1753 134 1754 275 1754 278 1754 139 1755 288 1755 295 1755 988 1756 1048 1756 1041 1756 1603 1757 1655 1757 1664 1757 2562 1758 2475 1758 2583 1758 2421 1759 2347 1759 2417 1759 2447 1760 2421 1760 2417 1760 2562 1761 2421 1761 2447 1761 2469 1762 2562 1762 2447 1762 2475 1763 2562 1763 2469 1763 2269 1764 2321 1764 2332 1764 2347 1765 2269 1765 2332 1765 2133 1766 2186 1766 2201 1766 2205 1767 2133 1767 2201 1767 2269 1768 2133 1768 2205 1768 2256 1769 2269 1769 2205 1769 2321 1770 2269 1770 2256 1770 2005 1771 1968 1771 2048 1771 2005 1772 2048 1772 2063 1772 2065 1773 2005 1773 2063 1773 2133 1774 2005 1774 2065 1774 2110 1775 2133 1775 2065 1775 2186 1776 2133 1776 2110 1776 1796 1777 1881 1777 1748 1777 1881 1778 1796 1778 1898 1778 1915 1779 1881 1779 1898 1779 1932 1780 1881 1780 1915 1780 1748 1781 1664 1781 1729 1781 1748 1782 1729 1782 1766 1782 1789 1783 1748 1783 1766 1783 1796 1784 1748 1784 1789 1784 1471 1785 1517 1785 1532 1785 1562 1786 1471 1786 1532 1786 1603 1787 1471 1787 1562 1787 1605 1788 1603 1788 1562 1788 1655 1789 1603 1789 1605 1789 1343 1790 1348 1790 1380 1790 1419 1791 1343 1791 1380 1791 1471 1792 1343 1792 1419 1792 1450 1793 1471 1793 1419 1793 1517 1794 1471 1794 1450 1794 1244 1795 1197 1795 1226 1795 1343 1796 1197 1796 1244 1796 1291 1797 1343 1797 1244 1797 1348 1798 1343 1798 1291 1798 1041 1799 1048 1799 1055 1799 1119 1800 1041 1800 1055 1800 1197 1801 1041 1801 1119 1801 1165 1802 1197 1802 1119 1802 1226 1803 1197 1803 1165 1803 551 1804 831 1804 879 1804 930 1805 551 1805 879 1805 654 1806 551 1806 930 1806 690 1807 831 1807 551 1807 514 1808 690 1808 551 1808 681 1809 690 1809 514 1809 425 1810 681 1810 514 1810 659 1811 681 1811 425 1811 446 1812 339 1812 299 1812 339 1813 446 1813 495 1813 552 1814 339 1814 495 1814 356 1815 339 1815 552 1815 553 1816 356 1816 552 1816 396 1817 356 1817 553 1817 563 1818 396 1818 553 1818 425 1819 396 1819 563 1819 605 1820 425 1820 563 1820 659 1821 425 1821 605 1821 372 1822 266 1822 235 1822 266 1823 372 1823 401 1823 435 1824 266 1824 401 1824 299 1825 266 1825 435 1825 445 1826 299 1826 435 1826 446 1827 299 1827 445 1827 342 1828 206 1828 183 1828 206 1829 342 1829 352 1829 362 1830 206 1830 352 1830 235 1831 206 1831 362 1831 366 1832 235 1832 362 1832 372 1833 235 1833 366 1833 153 1834 139 1834 295 1834 153 1835 295 1835 300 1835 323 1836 153 1836 300 1836 183 1837 153 1837 323 1837 324 1838 183 1838 323 1838 342 1839 183 1839 324 1839 135 1840 134 1840 278 1840 279 1841 135 1841 278 1841 139 1842 135 1842 279 1842 286 1843 139 1843 279 1843 288 1844 139 1844 286 1844 134 1845 180 1845 263 1845 274 1846 134 1846 263 1846 275 1847 134 1847 274 1847 277 1848 187 1848 232 1848 187 1849 277 1849 276 1849 273 1850 187 1850 276 1850 180 1851 187 1851 273 1851 262 1852 180 1852 273 1852 263 1853 180 1853 262 1853 294 1854 301 1854 298 1854 293 1855 294 1855 298 1855 247 1856 294 1856 293 1856 285 1857 247 1857 293 1857 232 1858 247 1858 285 1858 280 1859 232 1859 285 1859 277 1860 232 1860 280 1860 3896 1861 3832 1861 3919 1861 3832 1862 3896 1862 3825 1862 3794 1863 3832 1863 3825 1863 3752 1864 3832 1864 3794 1864 3751 1865 3752 1865 3794 1865 3708 1866 3752 1866 3751 1866 4069 1867 4105 1867 4092 1867 4020 1868 4105 1868 4069 1868 4020 1869 4069 1869 4008 1869 3976 1870 4020 1870 4008 1870 3919 1871 4020 1871 3976 1871 3915 1872 3919 1872 3976 1872 3896 1873 3919 1873 3915 1873 4164 1874 4092 1874 4105 1874 4224 1875 4164 1875 4105 1875 4202 1876 4164 1876 4224 1876 4290 1877 4202 1877 4224 1877 4253 1878 4202 1878 4290 1878 4447 1879 4422 1879 4411 1879 4353 1880 4447 1880 4411 1880 4290 1881 4447 1881 4353 1881 4255 1882 4290 1882 4353 1882 4253 1883 4290 1883 4255 1883 4450 1884 4422 1884 4447 1884 4478 1885 4450 1885 4447 1885 4549 1886 4450 1886 4478 1886 4768 1887 4549 1887 4478 1887 4672 1888 4549 1888 4768 1888 4802 1889 4672 1889 4768 1889 4685 1890 4672 1890 4802 1890 4802 1891 4901 1891 4832 1891 4686 1892 4802 1892 4832 1892 4685 1893 4802 1893 4686 1893 4949 1894 4909 1894 5014 1894 4909 1895 4949 1895 4885 1895 4881 1896 4909 1896 4885 1896 4901 1897 4909 1897 4881 1897 4880 1898 4901 1898 4881 1898 4832 1899 4901 1899 4880 1899 5059 1900 5040 1900 5142 1900 5040 1901 5059 1901 4993 1901 4991 1902 5040 1902 4993 1902 5014 1903 5040 1903 4991 1903 4969 1904 5014 1904 4991 1904 4949 1905 5014 1905 4969 1905 5141 1906 5212 1906 5156 1906 5160 1907 5212 1907 5141 1907 5160 1908 5141 1908 5122 1908 5107 1909 5160 1909 5122 1909 5142 1910 5160 1910 5107 1910 5103 1911 5142 1911 5107 1911 5059 1912 5142 1912 5103 1912 5175 1913 5156 1913 5212 1913 5231 1914 5175 1914 5212 1914 5189 1915 5175 1915 5231 1915 5281 1916 5189 1916 5231 1916 5201 1917 5189 1917 5281 1917 5337 1918 5244 1918 5240 1918 5223 1919 5337 1919 5240 1919 5294 1920 5337 1920 5223 1920 5222 1921 5294 1921 5223 1921 5281 1922 5294 1922 5222 1922 5209 1923 5281 1923 5222 1923 5201 1924 5281 1924 5209 1924 5259 1925 5244 1925 5337 1925 5356 1926 5259 1926 5337 1926 5262 1927 5259 1927 5356 1927 5389 1928 5262 1928 5356 1928 5274 1929 5262 1929 5389 1929 5275 1930 5420 1930 5273 1930 5409 1931 5420 1931 5275 1931 5277 1932 5409 1932 5275 1932 5389 1933 5409 1933 5277 1933 5276 1934 5389 1934 5277 1934 5274 1935 5389 1935 5276 1935 5368 1936 5225 1936 5229 1936 5245 1937 5368 1937 5229 1937 5382 1938 5368 1938 5245 1938 5246 1939 5382 1939 5245 1939 5420 1940 5382 1940 5246 1940 5272 1941 5420 1941 5246 1941 5273 1942 5420 1942 5272 1942 5213 1943 5225 1943 5368 1943 5331 1944 5213 1944 5368 1944 5203 1945 5213 1945 5331 1945 5313 1946 5203 1946 5331 1946 5202 1947 5203 1947 5313 1947 5313 1948 5269 1948 5167 1948 5200 1949 5313 1949 5167 1949 5202 1950 5313 1950 5200 1950 5112 1951 5252 1951 5197 1951 5252 1952 5112 1952 5137 1952 5150 1953 5252 1953 5137 1953 5269 1954 5252 1954 5150 1954 5151 1955 5269 1955 5150 1955 5167 1956 5269 1956 5151 1956 4983 1957 5180 1957 5120 1957 5180 1958 4983 1958 5036 1958 5058 1959 5180 1959 5036 1959 5197 1960 5180 1960 5058 1960 5096 1961 5197 1961 5058 1961 5112 1962 5197 1962 5096 1962 4878 1963 5089 1963 4977 1963 5089 1964 4878 1964 4924 1964 4947 1965 5089 1965 4924 1965 5120 1966 5089 1966 4947 1966 4965 1967 5120 1967 4947 1967 4983 1968 5120 1968 4965 1968 4671 1969 4934 1969 4856 1969 4934 1970 4671 1970 4829 1970 4833 1971 4934 1971 4829 1971 4977 1972 4934 1972 4833 1972 4865 1973 4977 1973 4833 1973 4878 1974 4977 1974 4865 1974 4454 1975 4812 1975 4623 1975 4812 1976 4454 1976 4522 1976 4559 1977 4812 1977 4522 1977 4856 1978 4812 1978 4559 1978 4650 1979 4856 1979 4559 1979 4671 1980 4856 1980 4650 1980 4388 1981 4243 1981 4254 1981 4336 1982 4388 1982 4254 1982 4484 1983 4388 1983 4336 1983 4347 1984 4484 1984 4336 1984 4623 1985 4484 1985 4347 1985 4434 1986 4623 1986 4347 1986 4454 1987 4623 1987 4434 1987 4143 1988 4243 1988 4388 1988 4262 1989 4143 1989 4388 1989 4140 1990 4143 1990 4262 1990 4192 1991 4140 1991 4262 1991 4103 1992 4140 1992 4192 1992 4011 1993 3890 1993 3932 1993 3965 1994 4011 1994 3932 1994 4055 1995 4011 1995 3965 1995 3967 1996 4055 1996 3965 1996 4192 1997 4055 1997 3967 1997 4048 1998 4192 1998 3967 1998 4103 1999 4192 1999 4048 1999 3644 2000 3856 2000 3698 2000 3856 2001 3644 2001 3744 2001 3771 2002 3856 2002 3744 2002 3873 2003 3856 2003 3771 2003 3785 2004 3873 2004 3771 2004 4011 2005 3873 2005 3785 2005 3786 2006 4011 2006 3785 2006 3890 2007 4011 2007 3786 2007 3467 2008 3694 2008 3535 2008 3694 2009 3467 2009 3568 2009 3616 2010 3694 2010 3568 2010 3698 2011 3694 2011 3616 2011 3620 2012 3698 2012 3616 2012 3644 2013 3698 2013 3620 2013 3335 2014 3519 2014 3383 2014 3519 2015 3335 2015 3408 2015 3459 2016 3519 2016 3408 2016 3535 2017 3519 2017 3459 2017 3465 2018 3535 2018 3459 2018 3467 2019 3535 2019 3465 2019 3355 2020 3225 2020 3243 2020 3286 2021 3355 2021 3243 2021 3383 2022 3355 2022 3286 2022 3321 2023 3383 2023 3286 2023 3335 2024 3383 2024 3321 2024 3181 2025 3075 2025 3054 2025 3116 2026 3181 2026 3054 2026 3181 2027 3116 2027 3138 2027 3164 2028 3181 2028 3138 2028 3225 2029 3181 2029 3164 2029 3205 2030 3225 2030 3164 2030 3243 2031 3225 2031 3205 2031 3021 2032 2928 2032 2915 2032 3021 2033 2915 2033 2960 2033 2992 2034 3021 2034 2960 2034 3075 2035 3021 2035 2992 2035 3044 2036 3075 2036 2992 2036 3054 2037 3075 2037 3044 2037 2835 2038 2882 2038 2928 2038 2843 2039 2835 2039 2928 2039 2797 2040 2835 2040 2843 2040 2781 2041 2797 2041 2843 2041 2770 2042 2797 2042 2781 2042 2732 2043 2770 2043 2781 2043 2680 2044 2732 2044 2781 2044 2687 2045 2732 2045 2680 2045 2623 2046 2687 2046 2680 2046 2645 2047 2687 2047 2623 2047 2466 2048 2449 2048 2497 2048 2542 2049 2466 2049 2497 2049 2520 2050 2466 2050 2542 2050 2520 2051 2542 2051 2543 2051 2580 2052 2520 2052 2543 2052 2623 2053 2520 2053 2580 2053 2627 2054 2623 2054 2580 2054 2645 2055 2623 2055 2627 2055 2390 2056 2449 2056 2466 2056 2357 2057 2390 2057 2466 2057 2382 2058 2390 2058 2357 2058 2368 2059 2382 2059 2357 2059 2329 2060 2368 2060 2357 2060 2282 2061 2368 2061 2329 2061 2173 2062 2282 2062 2329 2062 2225 2063 2282 2063 2173 2063 2170 2064 2225 2064 2173 2064 2222 2065 2225 2065 2170 2065 2170 2066 2023 2066 2131 2066 2213 2067 2170 2067 2131 2067 2222 2068 2170 2068 2213 2068 1973 2069 1879 2069 1950 2069 2007 2070 1879 2070 1973 2070 2007 2071 1973 2071 2064 2071 2072 2072 2007 2072 2064 2072 2023 2073 2007 2073 2072 2073 2086 2074 2023 2074 2072 2074 2131 2075 2023 2075 2086 2075 1849 2076 1725 2076 1880 2076 1928 2077 1849 2077 1880 2077 1879 2078 1849 2078 1928 2078 1942 2079 1879 2079 1928 2079 1950 2080 1879 2080 1942 2080 1679 2081 1564 2081 1778 2081 1788 2082 1679 2082 1778 2082 1725 2083 1679 2083 1788 2083 1820 2084 1725 2084 1788 2084 1880 2085 1725 2085 1820 2085 1564 2086 1691 2086 1697 2086 1723 2087 1564 2087 1697 2087 1778 2088 1564 2088 1723 2088 1555 2089 1560 2089 1573 2089 1626 2090 1555 2090 1573 2090 1691 2091 1564 2091 1515 2091 1555 2092 1691 2092 1515 2092 1645 2093 1691 2093 1555 2093 1626 2094 1645 2094 1555 2094 1497 2095 1560 2095 1555 2095 1415 2096 1497 2096 1555 2096 1490 2097 1497 2097 1415 2097 1272 2098 1299 2098 1307 2098 1350 2099 1272 2099 1307 2099 1395 2100 1272 2100 1350 2100 1415 2101 1395 2101 1412 2101 1428 2102 1415 2102 1412 2102 1490 2103 1415 2103 1428 2103 1202 2104 1148 2104 1177 2104 998 2105 1031 2105 1043 2105 1084 2106 998 2106 1043 2106 1148 2107 998 2107 1084 2107 1163 2108 1148 2108 1084 2108 1177 2109 1148 2109 1163 2109 814 2110 893 2110 900 2110 929 2111 814 2111 900 2111 998 2112 814 2112 929 2112 1005 2113 998 2113 929 2113 1031 2114 998 2114 1005 2114 814 2115 661 2115 789 2115 823 2116 814 2116 789 2116 893 2117 814 2117 823 2117 661 2118 658 2118 694 2118 581 2119 619 2119 635 2119 658 2120 581 2120 635 2120 661 2121 694 2121 703 2121 705 2122 661 2122 703 2122 789 2123 661 2123 705 2123 585 2124 529 2124 580 2124 581 2125 529 2125 585 2125 600 2126 581 2126 585 2126 619 2127 581 2127 600 2127 467 2128 547 2128 549 2128 564 2129 467 2129 549 2129 529 2130 467 2130 564 2130 573 2131 529 2131 564 2131 580 2132 529 2132 573 2132 541 2133 436 2133 533 2133 467 2134 436 2134 541 2134 543 2135 467 2135 541 2135 547 2136 467 2136 543 2136 436 2137 525 2137 524 2137 532 2138 436 2138 524 2138 533 2139 436 2139 532 2139 534 2140 527 2140 414 2140 434 2141 534 2141 414 2141 535 2142 534 2142 434 2142 434 2143 559 2143 544 2143 542 2144 434 2144 544 2144 535 2145 434 2145 542 2145 559 2146 462 2146 561 2146 462 2147 594 2147 577 2147 568 2148 462 2148 577 2148 561 2149 462 2149 568 2149 595 2150 499 2150 597 2150 566 2151 674 2151 671 2151 657 2152 566 2152 671 2152 499 2153 566 2153 657 2153 599 2154 499 2154 657 2154 597 2155 499 2155 599 2155 566 2156 631 2156 788 2156 691 2157 566 2157 788 2157 674 2158 566 2158 691 2158 889 2159 760 2159 965 2159 631 2160 889 2160 809 2160 802 2161 631 2161 809 2161 788 2162 631 2162 802 2162 954 2163 1100 2163 1040 2163 984 2164 954 2164 1040 2164 760 2165 954 2165 984 2165 975 2166 760 2166 984 2166 965 2167 760 2167 975 2167 954 2168 1151 2168 1129 2168 1125 2169 954 2169 1129 2169 1100 2170 954 2170 1125 2170 1240 2171 1351 2171 1300 2171 1260 2172 1240 2172 1300 2172 1107 2173 1240 2173 1260 2173 1222 2174 1107 2174 1260 2174 954 2175 1107 2175 1222 2175 1221 2176 954 2176 1222 2176 1151 2177 954 2177 1221 2177 1240 2178 1383 2178 1445 2178 1404 2179 1240 2179 1445 2179 1372 2180 1240 2180 1404 2180 1383 2181 1541 2181 1531 2181 1474 2182 1383 2182 1531 2182 1445 2183 1383 2183 1474 2183 1656 2184 1690 2184 1689 2184 1668 2185 1656 2185 1689 2185 1523 2186 1656 2186 1668 2186 1596 2187 1523 2187 1668 2187 1594 2188 1523 2188 1596 2188 1656 2189 1824 2189 1756 2189 1726 2190 1656 2190 1756 2190 1690 2191 1656 2191 1726 2191 1780 2192 1911 2192 1860 2192 1835 2193 1780 2193 1860 2193 1824 2194 1780 2194 1835 2194 1958 2195 1911 2195 1780 2195 1922 2196 1958 2196 1780 2196 1969 2197 1958 2197 1922 2197 2058 2198 2104 2198 2101 2198 2062 2199 2058 2199 2101 2199 1922 2200 2058 2200 2062 2200 1975 2201 1922 2201 2062 2201 1969 2202 1922 2202 1975 2202 2211 2203 2202 2203 2218 2203 2058 2204 2202 2204 2211 2204 2129 2205 2058 2205 2211 2205 2104 2206 2058 2206 2129 2206 2328 2207 2366 2207 2289 2207 2248 2208 2328 2208 2289 2208 2202 2209 2328 2209 2248 2209 2226 2210 2202 2210 2248 2210 2218 2211 2202 2211 2226 2211 2454 2212 2468 2212 2448 2212 2392 2213 2454 2213 2448 2213 2328 2214 2454 2214 2392 2214 2386 2215 2328 2215 2392 2215 2366 2216 2328 2216 2386 2216 2606 2217 2603 2217 2609 2217 2454 2218 2603 2218 2606 2218 2538 2219 2454 2219 2606 2219 2536 2220 2454 2220 2538 2220 2667 2221 2609 2221 2603 2221 2739 2222 2667 2222 2603 2222 2672 2223 2667 2223 2739 2223 2829 2224 2872 2224 2865 2224 2739 2225 2795 2225 2754 2225 2739 2226 2754 2226 2749 2226 2735 2227 2739 2227 2749 2227 2672 2228 2739 2228 2735 2228 2872 2229 3006 2229 2940 2229 2907 2230 2872 2230 2940 2230 2865 2231 2872 2231 2907 2231 3006 2232 3060 2232 2973 2232 2971 2233 3006 2233 2973 2233 2940 2234 3006 2234 2971 2234 3137 2235 3067 2235 3060 2235 3137 2236 3210 2236 3122 2236 3096 2237 3137 2237 3122 2237 3067 2238 3137 2238 3096 2238 3414 2239 3340 2239 3338 2239 3275 2240 3414 2240 3338 2240 3273 2241 3414 2241 3275 2241 3223 2242 3273 2242 3275 2242 3215 2243 3273 2243 3223 2243 3414 2244 3552 2244 3420 2244 3363 2245 3414 2245 3420 2245 3340 2246 3414 2246 3363 2246 3552 2247 3564 2247 3492 2247 3552 2248 3492 2248 3460 2248 3456 2249 3552 2249 3460 2249 3420 2250 3552 2250 3456 2250 3817 2251 3678 2251 3624 2251 3594 2252 3817 2252 3624 2252 3673 2253 3817 2253 3594 2253 3571 2254 3673 2254 3594 2254 3564 2255 3673 2255 3571 2255 3817 2256 3971 2256 3726 2256 3720 2257 3817 2257 3726 2257 3707 2258 3817 2258 3720 2258 654 2259 930 2259 966 2259 988 2260 654 2260 966 2260 682 2261 654 2261 988 2261 1041 2262 682 2262 988 2262 908 2263 682 2263 1041 2263 1197 2264 908 2264 1041 2264 941 2265 908 2265 1197 2265 1128 2266 941 2266 1197 2266 1343 2267 1128 2267 1197 2267 1144 2268 1128 2268 1343 2268 1306 2269 1144 2269 1343 2269 1471 2270 1306 2270 1343 2270 1318 2271 1306 2271 1471 2271 1603 2272 1318 2272 1471 2272 1457 2273 1318 2273 1603 2273 1603 2274 1664 2274 1748 2274 1506 2275 1603 2275 1748 2275 1457 2276 1603 2276 1506 2276 1881 2277 1857 2277 1776 2277 1677 2278 1881 2278 1776 2278 1748 2279 1881 2279 1677 2279 1621 2280 1748 2280 1677 2280 1506 2281 1748 2281 1621 2281 2005 2282 1931 2282 1857 2282 1881 2283 2005 2283 1857 2283 1968 2284 2005 2284 1881 2284 1932 2285 1968 2285 1881 2285 2017 2286 1931 2286 2005 2286 2133 2287 2017 2287 2005 2287 2079 2288 2017 2288 2133 2288 2183 2289 2079 2289 2133 2289 2269 2290 2183 2290 2133 2290 2231 2291 2183 2291 2269 2291 2269 2292 2347 2292 2421 2292 2359 2293 2269 2293 2421 2293 2231 2294 2269 2294 2359 2294 2562 2295 2683 2295 2555 2295 2522 2296 2562 2296 2555 2296 2421 2297 2562 2297 2522 2297 2394 2298 2421 2298 2522 2298 2359 2299 2421 2299 2394 2299 2836 2300 2698 2300 2700 2300 2825 2301 2836 2301 2700 2301 2854 2302 2836 2302 2825 2302 3024 2303 2981 2303 2954 2303 3094 2304 3024 2304 2954 2304 3134 2305 3024 2305 3094 2305 3174 2306 3134 2306 3094 2306 4476 2307 4289 2307 4073 2307 4204 2308 4476 2308 4073 2308 4498 2309 4476 2309 4204 2309 4361 2310 4498 2310 4204 2310 4795 2311 4498 2311 4361 2311 4821 2312 4795 2312 4361 2312 4942 2313 4898 2313 4542 2313 4756 2314 4942 2314 4542 2314 5013 2315 4942 2315 4756 2315 5087 2316 5013 2316 4756 2316 5177 2317 5143 2317 4857 2317 4926 2318 5177 2318 4857 2318 5214 2319 5177 2319 4926 2319 5247 2320 5214 2320 4926 2320 5318 2321 5282 2321 4985 2321 5018 2322 5318 2322 4985 2322 5336 2323 5318 2323 5018 2323 5381 2324 5336 2324 5018 2324 5081 2325 5370 2325 5421 2325 5038 2326 5118 2326 4841 2326 4656 2327 5038 2327 4841 2327 4656 2328 4473 2328 4902 2328 4979 2329 4656 2329 4902 2329 5038 2330 4656 2330 4979 2330 4318 2331 4439 2331 4632 2331 4750 2332 4318 2332 4632 2332 4473 2333 4318 2333 4750 2333 4867 2334 4473 2334 4750 2334 4902 2335 4473 2335 4867 2335 4227 2336 4402 2336 4166 2336 3996 2337 4227 2337 4166 2337 4193 2338 4227 2338 3996 2338 4023 2339 4193 2339 3996 2339 3852 2340 4009 2340 3865 2340 3723 2341 3852 2341 3865 2341 3837 2342 3852 2342 3723 2342 3664 2343 3697 2343 3579 2343 3438 2344 3664 2344 3579 2344 3536 2345 3664 2345 3438 2345 3470 2346 3536 2346 3438 2346 2330 2347 2467 2347 2504 2347 2372 2348 2330 2348 2504 2348 2310 2349 2330 2349 2372 2349 2228 2350 2310 2350 2372 2350 2184 2351 2310 2351 2228 2351 2142 2352 2184 2352 2228 2352 1989 2353 2026 2353 2091 2353 1954 2354 1989 2354 2091 2354 1882 2355 1989 2355 1954 2355 1813 2356 1882 2356 1954 2356 1650 2357 1724 2357 1823 2357 1695 2358 1650 2358 1823 2358 1561 2359 1650 2359 1695 2359 1469 2360 1561 2360 1695 2360 1288 2361 1402 2361 1553 2361 1417 2362 1288 2362 1553 2362 1239 2363 1288 2363 1417 2363 1090 2364 1239 2364 1417 2364 1150 2365 623 2365 843 2365 252 2366 281 2366 528 2366 468 2367 252 2367 528 2367 468 2368 437 2368 196 2368 223 2369 468 2369 196 2369 252 2370 468 2370 223 2370 415 2371 159 2371 124 2371 148 2372 415 2372 124 2372 437 2373 415 2373 148 2373 172 2374 437 2374 148 2374 196 2375 437 2375 172 2375 205 2376 169 2376 433 2376 461 2377 205 2377 433 2377 217 2378 205 2378 461 2378 257 2379 217 2379 461 2379 567 2380 330 2380 322 2380 260 2381 567 2381 322 2381 500 2382 567 2382 260 2382 393 2383 371 2383 632 2383 757 2384 393 2384 632 2384 465 2385 393 2385 757 2385 515 2386 465 2386 757 2386 1676 2387 1530 2387 1660 2387 1781 2388 1676 2388 1660 2388 2057 2389 2015 2389 1972 2389 1847 2390 2057 2390 1972 2390 1921 2391 2057 2391 1847 2391 1827 2392 1921 2392 1847 2392 1781 2393 1921 2393 1827 2393 1688 2394 1781 2394 1827 2394 1676 2395 1781 2395 1688 2395 2181 2396 2127 2396 2197 2396 2326 2397 2181 2397 2197 2397 2273 2398 2181 2398 2326 2398 2360 2399 2273 2399 2326 2399 2523 2400 2434 2400 2453 2400 2605 2401 2523 2401 2453 2401 2595 2402 2523 2402 2605 2402 2684 2403 2595 2403 2605 2403 2851 2404 2745 2404 2743 2404 2876 2405 2851 2405 2743 2405 2883 2406 2851 2406 2876 2406 3025 2407 2883 2407 2876 2407 3136 2408 3336 2408 3195 2408 4054 2409 3977 2409 3818 2409 3973 2410 4054 2410 3818 2410 3973 2411 4123 2411 4260 2411 4146 2412 3973 2412 4260 2412 4054 2413 3973 2413 4146 2413 4274 2414 4822 2414 4557 2414 4492 2415 4274 2415 4557 2415 4123 2416 4274 2416 4492 2416 4341 2417 4123 2417 4492 2417 4260 2418 4123 2418 4341 2418 4943 2419 4834 2419 4412 2419 4591 2420 4943 2420 4412 2420 4951 2421 4943 2421 4591 2421 5084 2422 4951 2422 4591 2422 4887 2423 5186 2423 5174 2423 5098 2424 4887 2424 5174 2424 4827 2425 4887 2425 5098 2425 5250 2426 5228 2426 4956 2426 4998 2427 5250 2427 4956 2427 5293 2428 5250 2428 4998 2428 5316 2429 5293 2429 4998 2429 5171 2430 5224 2430 4953 2430 4883 2431 5171 2431 4953 2431 5169 2432 5171 2432 4883 2432 4826 2433 5169 2433 4883 2433 4589 2434 4906 2434 4950 2434 5042 2435 4589 2435 4950 2435 4826 2436 4589 2436 5042 2436 5074 2437 4826 2437 5042 2437 5169 2438 4826 2438 5074 2438 4749 2439 4835 2439 4413 2439 4272 2440 4749 2440 4413 2440 4556 2441 4749 2441 4272 2441 4438 2442 4556 2442 4272 2442 4215 2443 4337 2443 4120 2443 3968 2444 4215 2444 4120 2444 4141 2445 4215 2445 3968 2445 4018 2446 4141 2446 3968 2446 3834 2447 3972 2447 3814 2447 3671 2448 3834 2448 3814 2448 3803 2449 3834 2449 3671 2449 3665 2450 3803 2450 3671 2450 3550 2451 3481 2451 3631 2451 2656 2452 2736 2452 2733 2452 2598 2453 2656 2453 2733 2453 2452 2454 2313 2454 2430 2454 2480 2455 2452 2455 2430 2455 2598 2456 2452 2456 2480 2456 2588 2457 2598 2457 2480 2457 2656 2458 2598 2458 2588 2458 2141 2459 2270 2459 2325 2459 2198 2460 2141 2460 2325 2460 2128 2461 2141 2461 2198 2461 1979 2462 2128 2462 2198 2462 1825 2463 1971 2463 2056 2463 1920 2464 1825 2464 2056 2464 1805 2465 1825 2465 1920 2465 1643 2466 1672 2466 1777 2466 1647 2467 1643 2467 1777 2467 1522 2468 1643 2468 1647 2468 1466 2469 1522 2469 1647 2469 319 2470 368 2470 629 2470 562 2471 319 2471 629 2471 309 2472 319 2472 562 2472 496 2473 309 2473 562 2473 460 2474 193 2474 216 2474 243 2475 460 2475 216 2475 496 2476 460 2476 243 2476 254 2477 496 2477 243 2477 309 2478 496 2478 254 2478 149 2479 168 2479 432 2479 416 2480 149 2480 432 2480 125 2481 149 2481 416 2481 166 2482 125 2482 416 2482 209 2483 173 2483 438 2483 469 2484 209 2484 438 2484 224 2485 209 2485 469 2485 265 2486 224 2486 469 2486 333 2487 284 2487 531 2487 584 2488 333 2488 531 2488 346 2489 333 2489 584 2489 387 2490 346 2490 584 2490 667 2491 502 2491 400 2491 1516 2492 1408 2492 1559 2492 1704 2493 1516 2493 1559 2493 1831 2494 1850 2494 1728 2494 1680 2495 1831 2495 1728 2495 1704 2496 1831 2496 1680 2496 1574 2497 1704 2497 1680 2497 1516 2498 1704 2498 1574 2498 2008 2499 1883 2499 1955 2499 2092 2500 2008 2500 1955 2500 2092 2501 2185 2501 2172 2501 2027 2502 2092 2502 2172 2502 2008 2503 2092 2503 2027 2503 2519 2504 2472 2504 2505 2504 2636 2505 2519 2505 2505 2505 2625 2506 2519 2506 2636 2506 2673 2507 2625 2507 2636 2507 3863 2508 3704 2508 3590 2508 3741 2509 3863 2509 3590 2509 3879 2510 3863 2510 3741 2510 3885 2511 3879 2511 3741 2511 4005 2512 4269 2512 4199 2512 4062 2513 4005 2513 4199 2513 3885 2514 4005 2514 4062 2514 4036 2515 3885 2515 4062 2515 3879 2516 3885 2516 4036 2516 4491 2517 4403 2517 4167 2517 4317 2518 4491 2518 4167 2518 4631 2519 4491 2519 4317 2519 4813 2520 4631 2520 4317 2520 4933 2521 4868 2521 4474 2521 4658 2522 4933 2522 4474 2522 4980 2523 4933 2523 4658 2523 5088 2524 4980 2524 4658 2524 5178 2525 5123 2525 4844 2525 4900 2526 5178 2526 4844 2526 5199 2527 5178 2527 4900 2527 5251 2528 5199 2528 4900 2528 4967 2529 5317 2529 5271 2529 5297 2530 5335 2530 5017 2530 4982 2531 5297 2531 5017 2531 4982 2532 4923 2532 5230 2532 5279 2533 4982 2533 5230 2533 5297 2534 4982 2534 5279 2534 4850 2535 5039 2535 5139 2535 5158 2536 4850 2536 5139 2536 4923 2537 4850 2537 5158 2537 5210 2538 4923 2538 5158 2538 5230 2539 4923 2539 5210 2539 4907 2540 5012 2540 4745 2540 4541 2541 4907 2541 4745 2541 4897 2542 4907 2542 4541 2542 4796 2543 4897 2543 4541 2543 4203 2544 4448 2544 4475 2544 4769 2545 4203 2545 4475 2545 4362 2546 4203 2546 4769 2546 4225 2547 4288 2547 4067 2547 3918 2548 4225 2548 4067 2548 4101 2549 4225 2549 3918 2549 4021 2550 4101 2550 3918 2550 2827 2551 2975 2551 2953 2551 2820 2552 2827 2552 2953 2552 2818 2553 2827 2553 2820 2553 2691 2554 2818 2554 2820 2554 2557 2555 2481 2555 2549 2555 2657 2556 2557 2556 2549 2556 2691 2557 2557 2557 2657 2557 2686 2558 2691 2558 2657 2558 2818 2559 2691 2559 2686 2559 2320 2560 2393 2560 2420 2560 2267 2561 2320 2561 2420 2561 2230 2562 2320 2562 2267 2562 2149 2563 2230 2563 2267 2563 1991 2564 2080 2564 2134 2564 2004 2565 1991 2565 2134 2565 1930 2566 1991 2566 2004 2566 1812 2567 1930 2567 2004 2567 1642 2568 1774 2568 1878 2568 1742 2569 1642 2569 1878 2569 1613 2570 1642 2570 1742 2570 1460 2571 1613 2571 1742 2571 1600 2572 1301 2572 1452 2572 488 2573 550 2573 894 2573 693 2574 488 2574 894 2574 693 2575 596 2575 383 2575 413 2576 693 2576 383 2576 488 2577 693 2577 413 2577 545 2578 246 2578 296 2578 316 2579 545 2579 296 2579 596 2580 545 2580 316 2580 354 2581 596 2581 316 2581 383 2582 596 2582 354 2582 186 2583 233 2583 477 2583 448 2584 186 2584 477 2584 182 2585 186 2585 448 2585 137 2586 182 2586 448 2586 423 2587 157 2587 136 2587 138 2588 423 2588 136 2588 424 2589 423 2589 138 2589 207 2590 181 2590 447 2590 478 2591 207 2591 447 2591 234 2592 207 2592 478 2592 267 2593 234 2593 478 2593 1189 2594 1124 2594 938 2594 1458 2595 1127 2595 1338 2595 1601 2596 1507 2596 1453 2596 1319 2597 1601 2597 1453 2597 1458 2598 1601 2598 1319 2598 1302 2599 1458 2599 1319 2599 1127 2600 1458 2600 1302 2600 1678 2601 1616 2601 1744 2601 1877 2602 1678 2602 1744 2602 1772 2603 1678 2603 1877 2603 1858 2604 1772 2604 1877 2604 2018 2605 1924 2605 2002 2605 2132 2606 2018 2606 2002 2606 2077 2607 2018 2607 2132 2607 2182 2608 2077 2608 2132 2608 2358 2609 2227 2609 2263 2609 2419 2610 2358 2610 2263 2610 2391 2611 2358 2611 2419 2611 2521 2612 2391 2612 2419 2612 2695 2613 2830 2613 2692 2613 3508 2614 3428 2614 3365 2614 3497 2615 3508 2615 3365 2615 3497 2616 3627 2616 3683 2616 3584 2617 3497 2617 3683 2617 3508 2618 3497 2618 3584 2618 3775 2619 4064 2619 3917 2619 3870 2620 3775 2620 3917 2620 3627 2621 3775 2621 3870 2621 3750 2622 3627 2622 3870 2622 3683 2623 3627 2623 3750 2623 4273 2624 4102 2624 3921 2624 4066 2625 4273 2625 3921 2625 4282 2626 4273 2626 4066 2626 4471 2627 4282 2627 4066 2627 4354 2628 4820 2628 4771 2628 4496 2629 4354 2629 4771 2629 4201 2630 4354 2630 4496 2630 4941 2631 4889 2631 4537 2631 4740 2632 4941 2632 4537 2632 5011 2633 4941 2633 4740 2633 5086 2634 5011 2634 4740 2634 5372 2635 5423 2635 5083 2635 5057 2636 5372 2636 5083 2636 5366 2637 5372 2637 5057 2637 5009 2638 5366 2638 5057 2638 4966 2639 5238 2639 5270 2639 5304 2640 4966 2640 5270 2640 5009 2641 4966 2641 5304 2641 5320 2642 5009 2642 5304 2642 5366 2643 5009 2643 5320 2643 5157 2644 5198 2644 4899 2644 4843 2645 5157 2645 4899 2645 5121 2646 5157 2646 4843 2646 5037 2647 5121 2647 4843 2647 4903 2648 4981 2648 4662 2648 4477 2649 4903 2649 4662 2649 4876 2650 4903 2650 4477 2650 4751 2651 4876 2651 4477 2651 4444 2652 4640 2652 4320 2652 4168 2653 4444 2653 4320 2653 4404 2654 4444 2654 4168 2654 4228 2655 4404 2655 4168 2655 4006 2656 4027 2656 4200 2656 3145 2657 3238 2657 3198 2657 3050 2658 3145 2658 3198 2658 3050 2659 2913 2659 2978 2659 3083 2660 3050 2660 2978 2660 3145 2661 3050 2661 3083 2661 2769 2662 2653 2662 2783 2662 2808 2663 2769 2663 2783 2663 2913 2664 2769 2664 2808 2664 2933 2665 2913 2665 2808 2665 2978 2666 2913 2666 2933 2666 2477 2667 2624 2667 2634 2667 2506 2668 2477 2668 2634 2668 2473 2669 2477 2669 2506 2669 2336 2670 2473 2670 2506 2670 2232 2671 2143 2671 2188 2671 2311 2672 2232 2672 2188 2672 2381 2673 2232 2673 2311 2673 1990 2674 2031 2674 2094 2674 1956 2675 1990 2675 2094 2675 1884 2676 1990 2676 1956 2676 1814 2677 1884 2677 1956 2677 625 2678 848 2678 1154 2678 1004 2679 625 2679 1154 2679 603 2680 625 2680 1004 2680 824 2681 603 2681 1004 2681 666 2682 382 2682 399 2682 481 2683 666 2683 399 2683 824 2684 666 2684 481 2684 503 2685 824 2685 481 2685 603 2686 824 2686 503 2686 318 2687 345 2687 583 2687 530 2688 318 2688 583 2688 283 2689 318 2689 530 2689 253 2690 283 2690 530 2690 195 2691 225 2691 470 2691 439 2692 195 2692 470 2692 174 2693 195 2693 439 2693 144 2694 174 2694 439 2694 158 2695 126 2695 417 2695 431 2696 158 2696 417 2696 165 2697 158 2697 431 2697 204 2698 165 2698 431 2698 459 2699 255 2699 215 2699 918 2700 711 2700 1094 2700 1235 2701 918 2701 1094 2701 1235 2702 1378 2702 1139 2702 999 2703 1235 2703 1139 2703 918 2704 1235 2704 999 2704 1521 2705 1504 2705 1355 2705 1321 2706 1521 2706 1355 2706 1378 2707 1521 2707 1321 2707 1185 2708 1378 2708 1321 2708 1139 2709 1378 2709 1185 2709 1673 2710 1525 2710 1654 2710 1779 2711 1673 2711 1654 2711 1675 2712 1673 2712 1779 2712 1848 2713 1822 2713 1916 2713 2050 2714 1848 2714 1916 2714 1970 2715 1848 2715 2050 2715 2016 2716 1970 2716 2050 2716 2180 2717 2123 2717 2187 2717 2322 2718 2180 2718 2187 2718 2268 2719 2180 2719 2322 2719 2361 2720 2268 2720 2322 2720 2997 2721 3183 2721 3035 2721 3185 2722 3183 2722 2997 2722 3263 2723 3409 2723 3356 2723 3332 2724 3263 2724 3356 2724 3133 2725 3263 2725 3332 2725 3549 2726 3684 2726 3629 2726 3509 2727 3549 2727 3629 2727 3409 2728 3549 2728 3509 2728 3466 2729 3409 2729 3509 2729 3356 2730 3409 2730 3466 2730 3866 2731 3806 2731 3672 2731 3816 2732 3866 2732 3672 2732 3974 2733 3866 2733 3816 2733 4053 2734 3974 2734 3816 2734 4261 2735 4142 2735 3970 2735 4119 2736 4261 2736 3970 2736 4328 2737 4261 2737 4119 2737 4493 2738 4328 2738 4119 2738 4823 2739 4550 2739 4258 2739 4410 2740 4823 2740 4258 2740 4831 2741 4823 2741 4410 2741 4944 2742 4831 2742 4410 2742 4588 2743 5073 2743 4948 2743 5401 2744 5397 2744 5068 2744 5071 2745 5401 2745 5068 2745 5035 2746 5303 2746 5349 2746 5359 2747 5035 2747 5349 2747 5071 2748 5035 2748 5359 2748 5405 2749 5071 2749 5359 2749 5401 2750 5071 2750 5405 2750 5242 2751 5292 2751 4997 2751 4955 2752 5242 2752 4997 2752 5227 2753 5242 2753 4955 2753 5173 2754 5227 2754 4955 2754 4828 2755 5041 2755 5085 2755 5168 2756 4828 2756 5085 2756 4886 2757 4828 2757 5168 2757 4905 2758 4952 2758 4594 2758 4414 2759 4905 2759 4594 2759 4836 2760 4905 2760 4414 2760 4748 2761 4836 2761 4414 2761 4216 2762 4346 2762 4127 2762 3971 2763 4216 2763 4127 2763 4145 2764 4216 2764 3971 2764 4019 2765 4145 2765 3971 2765 3817 2766 4019 2766 3971 2766 3975 2767 4019 2767 3817 2767 3835 2768 3975 2768 3817 2768 3673 2769 3835 2769 3817 2769 3808 2770 3835 2770 3673 2770 3673 2771 3564 2771 3552 2771 3666 2772 3673 2772 3552 2772 3808 2773 3673 2773 3666 2773 3273 2774 3308 2774 3339 2774 3477 2775 3273 2775 3339 2775 3414 2776 3273 2776 3477 2776 3490 2777 3414 2777 3477 2777 3552 2778 3414 2778 3490 2778 3635 2779 3552 2779 3490 2779 3666 2780 3552 2780 3635 2780 3137 2781 3199 2781 3308 2781 3273 2782 3137 2782 3308 2782 3210 2783 3137 2783 3273 2783 3215 2784 3210 2784 3273 2784 3137 2785 3060 2785 3006 2785 3147 2786 3137 2786 3006 2786 3199 2787 3137 2787 3147 2787 2872 2788 2810 2788 2881 2788 2980 2789 2872 2789 2881 2789 3006 2790 2872 2790 2980 2790 3038 2791 3006 2791 2980 2791 3147 2792 3006 2792 3038 2792 2739 2793 2742 2793 2810 2793 2872 2794 2739 2794 2810 2794 2795 2795 2739 2795 2872 2795 2829 2796 2795 2796 2872 2796 2655 2797 2742 2797 2739 2797 2603 2798 2655 2798 2739 2798 2594 2799 2655 2799 2603 2799 2479 2800 2594 2800 2603 2800 2454 2801 2479 2801 2603 2801 2437 2802 2479 2802 2454 2802 2312 2803 2437 2803 2454 2803 2328 2804 2312 2804 2454 2804 2275 2805 2312 2805 2328 2805 2140 2806 2275 2806 2328 2806 2202 2807 2140 2807 2328 2807 2130 2808 2140 2808 2202 2808 1978 2809 2130 2809 2202 2809 2058 2810 1978 2810 2202 2810 1974 2811 1978 2811 2058 2811 1834 2812 1974 2812 2058 2812 1922 2813 1834 2813 2058 2813 1810 2814 1834 2814 1922 2814 1780 2815 1810 2815 1922 2815 1687 2816 1810 2816 1780 2816 1780 2817 1824 2817 1656 2817 1644 2818 1780 2818 1656 2818 1687 2819 1780 2819 1644 2819 1523 2820 1290 2820 1357 2820 1467 2821 1523 2821 1357 2821 1656 2822 1523 2822 1467 2822 1528 2823 1656 2823 1467 2823 1644 2824 1656 2824 1528 2824 1383 2825 1188 2825 1290 2825 1523 2826 1383 2826 1290 2826 1541 2827 1383 2827 1523 2827 1594 2828 1541 2828 1523 2828 1101 2829 1188 2829 1383 2829 1240 2830 1101 2830 1383 2830 1007 2831 1101 2831 1240 2831 857 2832 1007 2832 1240 2832 1107 2833 857 2833 1240 2833 743 2834 857 2834 1107 2834 607 2835 743 2835 1107 2835 954 2836 607 2836 1107 2836 588 2837 607 2837 954 2837 480 2838 588 2838 954 2838 760 2839 480 2839 954 2839 466 2840 480 2840 760 2840 760 2841 889 2841 631 2841 374 2842 760 2842 631 2842 466 2843 760 2843 374 2843 499 2844 245 2844 256 2844 310 2845 499 2845 256 2845 566 2846 499 2846 310 2846 321 2847 566 2847 310 2847 631 2848 566 2848 321 2848 370 2849 631 2849 321 2849 374 2850 631 2850 370 2850 462 2851 218 2851 245 2851 499 2852 462 2852 245 2852 594 2853 462 2853 499 2853 595 2854 594 2854 499 2854 462 2855 559 2855 434 2855 194 2856 462 2856 434 2856 218 2857 462 2857 194 2857 414 2858 167 2858 123 2858 150 2859 414 2859 123 2859 434 2860 414 2860 150 2860 170 2861 434 2861 150 2861 194 2862 434 2862 170 2862 436 2863 171 2863 167 2863 414 2864 436 2864 167 2864 525 2865 436 2865 414 2865 526 2866 525 2866 414 2866 208 2867 171 2867 436 2867 467 2868 208 2868 436 2868 221 2869 208 2869 467 2869 264 2870 221 2870 467 2870 529 2871 264 2871 467 2871 282 2872 264 2872 529 2872 332 2873 282 2873 529 2873 581 2874 332 2874 529 2874 344 2875 332 2875 581 2875 581 2876 658 2876 661 2876 386 2877 581 2877 661 2877 344 2878 581 2878 386 2878 814 2879 998 2879 508 2879 497 2880 814 2880 508 2880 661 2881 814 2881 497 2881 398 2882 661 2882 497 2882 386 2883 661 2883 398 2883 1148 2884 917 2884 832 2884 652 2885 1148 2885 832 2885 998 2886 1148 2886 652 2886 618 2887 998 2887 652 2887 508 2888 998 2888 618 2888 1272 2889 1045 2889 917 2889 1148 2890 1272 2890 917 2890 1234 2891 1272 2891 1148 2891 1202 2892 1234 2892 1148 2892 1272 2893 1395 2893 1415 2893 1142 2894 1272 2894 1415 2894 1045 2895 1272 2895 1142 2895 1555 2896 1515 2896 1403 2896 1330 2897 1555 2897 1403 2897 1415 2898 1555 2898 1330 2898 1237 2899 1415 2899 1330 2899 1142 2900 1415 2900 1237 2900 2562 2901 2583 2901 2602 2901 2700 2902 2562 2902 2602 2902 2683 2903 2562 2903 2700 2903 2698 2904 2683 2904 2700 2904 2728 2905 2800 2905 2825 2905 2700 2906 2728 2906 2825 2906 2701 2907 2728 2907 2700 2907 2602 2908 2701 2908 2700 2908 2825 2909 2800 2909 2866 2909 2954 2910 2825 2910 2866 2910 2854 2911 2825 2911 2954 2911 2981 2912 2854 2912 2954 2912 2974 2913 3056 2913 3094 2913 2954 2914 2974 2914 3094 2914 2931 2915 2974 2915 2954 2915 2866 2916 2931 2916 2954 2916 3094 2917 3056 2917 3102 2917 3226 2918 3094 2918 3102 2918 3174 2919 3094 2919 3226 2919 3278 2920 3174 2920 3226 2920 3226 2921 3170 2921 3240 2921 3367 2922 3226 2922 3240 2922 3347 2923 3226 2923 3367 2923 3433 2924 3347 2924 3367 2924 3367 2925 3282 2925 3370 2925 3500 2926 3367 2926 3370 2926 3507 2927 3367 2927 3500 2927 3593 2928 3507 2928 3500 2928 3500 2929 3415 2929 3493 2929 3628 2930 3500 2930 3493 2930 3682 2931 3500 2931 3628 2931 3753 2932 3682 2932 3628 2932 3628 2933 3533 2933 3617 2933 3780 2934 3628 2934 3617 2934 3869 2935 3628 2935 3780 2935 3923 2936 3869 2936 3780 2936 3780 2937 3639 2937 3745 2937 3926 2938 3780 2938 3745 2938 4063 2939 3780 2939 3926 2939 4106 2940 4063 2940 3926 2940 3926 2941 3764 2941 3886 2941 4073 2942 3926 2942 3886 2942 4271 2943 3926 2943 4073 2943 4289 2944 4271 2944 4073 2944 3991 2945 4125 2945 4361 2945 4204 2946 3991 2946 4361 2946 3986 2947 3991 2947 4204 2947 4073 2948 3986 2948 4204 2948 3899 2949 3986 2949 4073 2949 3886 2950 3899 2950 4073 2950 4361 2951 4125 2951 4128 2951 4542 2952 4361 2952 4128 2952 4821 2953 4361 2953 4542 2953 4898 2954 4821 2954 4542 2954 4239 2955 4333 2955 4756 2955 4542 2956 4239 2956 4756 2956 4214 2957 4239 2957 4542 2957 4128 2958 4214 2958 4542 2958 4756 2959 4333 2959 4348 2959 4857 2960 4756 2960 4348 2960 5087 2961 4756 2961 4857 2961 5143 2962 5087 2962 4857 2962 4455 2963 4536 2963 4926 2963 4857 2964 4455 2964 4926 2964 4425 2965 4455 2965 4857 2965 4348 2966 4425 2966 4857 2966 4926 2967 4536 2967 4561 2967 4985 2968 4926 2968 4561 2968 5247 2969 4926 2969 4985 2969 5282 2970 5247 2970 4985 2970 4636 2971 4684 2971 5018 2971 4985 2972 4636 2972 5018 2972 4604 2973 4636 2973 4985 2973 4561 2974 4604 2974 4985 2974 5018 2975 4684 2975 4708 2975 5062 2976 5018 2976 4708 2976 5381 2977 5018 2977 5062 2977 5388 2978 5381 2978 5062 2978 5062 2979 4742 2979 4765 2979 5081 2980 5062 2980 4765 2980 5412 2981 5062 2981 5081 2981 5421 2982 5412 2982 5081 2982 5081 2983 4789 2983 4733 2983 5055 2984 5081 2984 4733 2984 5370 2985 5081 2985 5055 2985 5367 2986 5370 2986 5055 2986 5055 2987 4722 2987 4677 2987 5007 2988 5055 2988 4677 2988 5367 2989 5055 2989 5007 2989 5314 2990 5367 2990 5007 2990 5007 2991 4660 2991 4597 2991 4963 2992 5007 2992 4597 2992 5305 2993 5007 2993 4963 2993 5267 2994 5305 2994 4963 2994 4963 2995 4585 2995 4519 2995 4892 2996 4963 2996 4519 2996 5239 2997 4963 2997 4892 2997 5192 2998 5239 2998 4892 2998 4892 2999 4505 2999 4405 2999 4841 3000 4892 3000 4405 3000 5159 3001 4892 3001 4841 3001 5118 3002 5159 3002 4841 3002 4841 3003 4405 3003 4390 3003 4309 3004 4841 3004 4390 3004 4656 3005 4841 3005 4309 3005 4306 3006 4656 3006 4309 3006 4473 3007 4656 3007 4306 3007 4178 3008 4084 3008 4318 3008 4473 3009 4178 3009 4318 3009 4181 3010 4178 3010 4473 3010 4306 3011 4181 3011 4473 3011 4318 3012 4084 3012 4068 3012 4166 3013 4318 3013 4068 3013 4439 3014 4318 3014 4166 3014 4402 3015 4439 3015 4166 3015 3947 3016 3841 3016 3996 3016 4166 3017 3947 3017 3996 3017 3958 3018 3947 3018 4166 3018 4068 3019 3958 3019 4166 3019 3996 3020 3841 3020 3811 3020 3865 3021 3996 3021 3811 3021 4023 3022 3996 3022 3865 3022 4009 3023 4023 3023 3865 3023 3677 3024 3599 3024 3723 3024 3865 3025 3677 3025 3723 3025 3717 3026 3677 3026 3865 3026 3811 3027 3717 3027 3865 3027 3723 3028 3599 3028 3561 3028 3579 3029 3723 3029 3561 3029 3837 3030 3723 3030 3579 3030 3697 3031 3837 3031 3579 3031 3429 3032 3373 3032 3438 3032 3579 3033 3429 3033 3438 3033 3478 3034 3429 3034 3579 3034 3561 3035 3478 3035 3579 3035 3438 3036 3373 3036 3297 3036 3301 3037 3438 3037 3297 3037 3470 3038 3438 3038 3301 3038 3392 3039 3470 3039 3301 3039 3301 3040 3251 3040 3190 3040 3186 3041 3301 3041 3190 3041 3305 3042 3301 3042 3186 3042 3229 3043 3305 3043 3186 3043 3186 3044 3124 3044 3057 3044 3045 3045 3186 3045 3057 3045 3146 3046 3186 3046 3045 3046 3076 3047 3146 3047 3045 3047 3045 3048 3007 3048 2922 3048 2908 3049 3045 3049 2922 3049 2979 3050 3045 3050 2908 3050 2927 3051 2979 3051 2908 3051 2908 3052 2884 3052 2792 3052 2763 3053 2908 3053 2792 3053 2809 3054 2908 3054 2763 3054 2772 3055 2809 3055 2763 3055 2763 3056 2760 3056 2670 3056 2626 3057 2763 3057 2670 3057 2654 3058 2763 3058 2626 3058 2619 3059 2654 3059 2626 3059 2626 3060 2638 3060 2554 3060 2504 3061 2626 3061 2554 3061 2478 3062 2626 3062 2504 3062 2467 3063 2478 3063 2504 3063 2400 3064 2271 3064 2228 3064 2372 3065 2400 3065 2228 3065 2407 3066 2400 3066 2372 3066 2504 3067 2407 3067 2372 3067 2537 3068 2407 3068 2504 3068 2554 3069 2537 3069 2504 3069 2228 3070 2271 3070 2266 3070 2091 3071 2228 3071 2266 3071 2142 3072 2228 3072 2091 3072 2026 3073 2142 3073 2091 3073 2137 3074 2045 3074 1954 3074 2091 3075 2137 3075 1954 3075 2151 3076 2137 3076 2091 3076 2266 3077 2151 3077 2091 3077 1954 3078 2045 3078 2022 3078 1823 3079 1954 3079 2022 3079 1813 3080 1954 3080 1823 3080 1724 3081 1813 3081 1823 3081 1904 3082 1795 3082 1695 3082 1823 3083 1904 3083 1695 3083 1923 3084 1904 3084 1823 3084 2022 3085 1923 3085 1823 3085 1695 3086 1795 3086 1770 3086 1553 3087 1695 3087 1770 3087 1469 3088 1695 3088 1553 3088 1402 3089 1469 3089 1553 3089 1659 3090 1583 3090 1417 3090 1553 3091 1659 3091 1417 3091 1703 3092 1659 3092 1553 3092 1770 3093 1703 3093 1553 3093 1417 3094 1583 3094 1538 3094 1273 3095 1417 3095 1538 3095 1090 3096 1417 3096 1273 3096 1050 3097 1090 3097 1273 3097 1273 3098 1472 3098 1411 3098 1150 3099 1273 3099 1411 3099 853 3100 1273 3100 1150 3100 843 3101 853 3101 1150 3101 1150 3102 1364 3102 1305 3102 1000 3103 1150 3103 1305 3103 623 3104 1150 3104 1000 3104 602 3105 623 3105 1000 3105 1000 3106 1255 3106 1194 3106 817 3107 1000 3107 1194 3107 602 3108 1000 3108 817 3108 501 3109 602 3109 817 3109 817 3110 1168 3110 1087 3110 660 3111 817 3111 1087 3111 479 3112 817 3112 660 3112 397 3113 479 3113 660 3113 660 3114 1054 3114 997 3114 579 3115 660 3115 997 3115 381 3116 660 3116 579 3116 343 3117 381 3117 579 3117 579 3118 979 3118 906 3118 528 3119 579 3119 906 3119 317 3120 579 3120 528 3120 281 3121 317 3121 528 3121 528 3122 906 3122 895 3122 821 3123 528 3123 895 3123 468 3124 528 3124 821 3124 815 3125 468 3125 821 3125 437 3126 468 3126 815 3126 768 3127 716 3127 415 3127 437 3128 768 3128 415 3128 769 3129 768 3129 437 3129 815 3130 769 3130 437 3130 415 3131 716 3131 726 3131 433 3132 415 3132 726 3132 159 3133 415 3133 433 3133 169 3134 159 3134 433 3134 765 3135 799 3135 461 3135 433 3136 765 3136 461 3136 753 3137 765 3137 433 3137 726 3138 753 3138 433 3138 461 3139 799 3139 812 3139 500 3140 461 3140 812 3140 257 3141 461 3141 500 3141 260 3142 257 3142 500 3142 901 3143 957 3143 567 3143 500 3144 901 3144 567 3144 881 3145 901 3145 500 3145 812 3146 881 3146 500 3146 567 3147 957 3147 989 3147 632 3148 567 3148 989 3148 330 3149 567 3149 632 3149 371 3150 330 3150 632 3150 1082 3151 1146 3151 757 3151 632 3152 1082 3152 757 3152 1034 3153 1082 3153 632 3153 989 3154 1034 3154 632 3154 757 3155 1146 3155 1184 3155 952 3156 757 3156 1184 3156 515 3157 757 3157 952 3157 587 3158 515 3158 952 3158 952 3159 1232 3159 1281 3159 1105 3160 952 3160 1281 3160 655 3161 952 3161 1105 3161 719 3162 655 3162 1105 3162 1105 3163 1339 3163 1400 3163 1238 3164 1105 3164 1400 3164 919 3165 1105 3165 1238 3165 1003 3166 919 3166 1238 3166 1238 3167 1443 3167 1529 3167 1381 3168 1238 3168 1529 3168 1141 3169 1238 3169 1381 3169 1187 3170 1141 3170 1381 3170 1381 3171 1545 3171 1630 3171 1524 3172 1381 3172 1630 3172 1322 3173 1381 3173 1524 3173 1361 3174 1322 3174 1524 3174 1524 3175 1663 3175 1760 3175 1660 3176 1524 3176 1760 3176 1505 3177 1524 3177 1660 3177 1530 3178 1505 3178 1660 3178 2003 3179 2121 3179 2057 3179 1921 3180 2003 3180 2057 3180 1897 3181 2003 3181 1921 3181 1781 3182 1897 3182 1921 3182 1888 3183 1897 3183 1781 3183 1660 3184 1888 3184 1781 3184 1773 3185 1888 3185 1660 3185 1760 3186 1773 3186 1660 3186 2057 3187 2121 3187 2126 3187 2197 3188 2057 3188 2126 3188 2015 3189 2057 3189 2197 3189 2127 3190 2015 3190 2197 3190 2259 3191 2371 3191 2326 3191 2197 3192 2259 3192 2326 3192 2246 3193 2259 3193 2197 3193 2126 3194 2246 3194 2197 3194 2326 3195 2371 3195 2397 3195 2453 3196 2326 3196 2397 3196 2360 3197 2326 3197 2453 3197 2434 3198 2360 3198 2453 3198 2535 3199 2614 3199 2605 3199 2453 3200 2535 3200 2605 3200 2488 3201 2535 3201 2453 3201 2397 3202 2488 3202 2453 3202 2605 3203 2614 3203 2649 3203 2743 3204 2605 3204 2649 3204 2684 3205 2605 3205 2743 3205 2745 3206 2684 3206 2743 3206 2776 3207 2861 3207 2876 3207 2743 3208 2776 3208 2876 3208 2738 3209 2776 3209 2743 3209 2649 3210 2738 3210 2743 3210 2876 3211 2861 3211 2909 3211 3003 3212 2876 3212 2909 3212 3025 3213 2876 3213 3003 3213 3037 3214 3025 3214 3003 3214 3003 3215 2964 3215 3039 3215 3136 3216 3003 3216 3039 3216 3182 3217 3003 3217 3136 3217 3195 3218 3182 3218 3136 3218 3136 3219 3090 3219 3165 3219 3265 3220 3136 3220 3165 3220 3336 3221 3136 3221 3265 3221 3357 3222 3336 3222 3265 3222 3265 3223 3218 3223 3283 3223 3411 3224 3265 3224 3283 3224 3357 3225 3265 3225 3411 3225 3482 3226 3357 3226 3411 3226 3411 3227 3334 3227 3417 3227 3551 3228 3411 3228 3417 3228 3510 3229 3411 3229 3551 3229 3634 3230 3510 3230 3551 3230 3551 3231 3437 3231 3553 3231 3675 3232 3551 3232 3553 3232 3685 3233 3551 3233 3675 3233 3810 3234 3685 3234 3675 3234 3675 3235 3569 3235 3668 3235 3818 3236 3675 3236 3668 3236 3867 3237 3675 3237 3818 3237 3977 3238 3867 3238 3818 3238 3818 3239 3668 3239 3681 3239 3800 3240 3818 3240 3681 3240 3973 3241 3818 3241 3800 3241 3809 3242 3973 3242 3800 3242 4123 3243 3973 3243 3809 3243 3928 3244 4042 3244 4274 3244 4123 3245 3928 3245 4274 3245 3925 3246 3928 3246 4123 3246 3809 3247 3925 3247 4123 3247 4274 3248 4042 3248 4044 3248 4412 3249 4274 3249 4044 3249 4822 3250 4274 3250 4412 3250 4834 3251 4822 3251 4412 3251 4170 3252 4270 3252 4591 3252 4412 3253 4170 3253 4591 3253 4148 3254 4170 3254 4412 3254 4044 3255 4148 3255 4412 3255 4591 3256 4270 3256 4292 3256 4827 3257 4591 3257 4292 3257 5084 3258 4591 3258 4827 3258 5098 3259 5084 3259 4827 3259 4387 3260 4462 3260 4887 3260 4827 3261 4387 3261 4887 3261 4359 3262 4387 3262 4827 3262 4292 3263 4359 3263 4827 3263 4887 3264 4462 3264 4514 3264 4956 3265 4887 3265 4514 3265 5186 3266 4887 3266 4956 3266 5228 3267 5186 3267 4956 3267 4590 3268 4635 3268 4998 3268 4956 3269 4590 3269 4998 3269 4567 3270 4590 3270 4956 3270 4514 3271 4567 3271 4956 3271 4998 3272 4635 3272 4673 3272 5034 3273 4998 3273 4673 3273 5316 3274 4998 3274 5034 3274 5348 3275 5316 3275 5034 3275 5034 3276 4705 3276 4731 3276 5070 3277 5034 3277 4731 3277 5374 3278 5034 3278 5070 3278 5400 3279 5374 3279 5070 3279 5070 3280 4775 3280 4774 3280 5069 3281 5070 3281 4774 3281 5399 3282 5070 3282 5069 3282 5398 3283 5399 3283 5069 3283 5069 3284 4773 3284 4717 3284 5032 3285 5069 3285 4717 3285 5358 3286 5069 3286 5032 3286 5347 3287 5358 3287 5032 3287 5032 3288 4704 3288 4642 3288 4994 3289 5032 3289 4642 3289 5302 3290 5032 3290 4994 3290 5290 3291 5302 3291 4994 3291 4994 3292 4629 3292 4570 3292 4953 3293 4994 3293 4570 3293 5241 3294 4994 3294 4953 3294 5224 3295 5241 3295 4953 3295 4358 3296 4259 3296 4589 3296 4826 3297 4358 3297 4589 3297 4459 3298 4358 3298 4826 3298 4883 3299 4459 3299 4826 3299 4465 3300 4459 3300 4883 3300 4953 3301 4465 3301 4883 3301 4560 3302 4465 3302 4953 3302 4570 3303 4560 3303 4953 3303 4589 3304 4259 3304 4245 3304 4413 3305 4589 3305 4245 3305 4906 3306 4589 3306 4413 3306 4835 3307 4906 3307 4413 3307 4137 3308 4041 3308 4272 3308 4413 3309 4137 3309 4272 3309 4149 3310 4137 3310 4413 3310 4245 3311 4149 3311 4413 3311 4272 3312 4041 3312 3998 3312 4120 3313 4272 3313 3998 3313 4438 3314 4272 3314 4120 3314 4337 3315 4438 3315 4120 3315 3900 3316 3804 3316 3968 3316 4120 3317 3900 3317 3968 3317 3924 3318 3900 3318 4120 3318 3998 3319 3924 3319 4120 3319 3968 3320 3804 3320 3754 3320 3814 3321 3968 3321 3754 3321 4018 3322 3968 3322 3814 3322 3972 3323 4018 3323 3814 3323 3621 3324 3565 3324 3671 3324 3814 3325 3621 3325 3671 3325 3674 3326 3621 3326 3814 3326 3754 3327 3674 3327 3814 3327 3671 3328 3565 3328 3502 3328 3550 3329 3671 3329 3502 3329 3665 3330 3671 3330 3550 3330 3631 3331 3665 3331 3550 3331 3550 3332 3436 3332 3387 3332 3410 3333 3550 3333 3387 3333 3481 3334 3550 3334 3410 3334 3480 3335 3481 3335 3410 3335 3410 3336 3333 3336 3257 3336 3266 3337 3410 3337 3257 3337 3480 3338 3410 3338 3266 3338 3337 3339 3480 3339 3266 3339 3266 3340 3219 3340 3119 3340 3135 3341 3266 3341 3119 3341 3315 3342 3266 3342 3135 3342 3192 3343 3315 3343 3135 3343 3135 3344 3088 3344 2994 3344 2998 3345 3135 3345 2994 3345 3148 3346 3135 3346 2998 3346 3036 3347 3148 3347 2998 3347 2998 3348 2963 3348 2873 3348 2870 3349 2998 3349 2873 3349 2982 3350 2998 3350 2870 3350 2878 3351 2982 3351 2870 3351 2870 3352 2856 3352 2746 3352 2733 3353 2870 3353 2746 3353 2811 3354 2870 3354 2733 3354 2736 3355 2811 3355 2733 3355 2608 3356 2474 3356 2452 3356 2598 3357 2608 3357 2452 3357 2613 3358 2608 3358 2598 3358 2733 3359 2613 3359 2598 3359 2731 3360 2613 3360 2733 3360 2746 3361 2731 3361 2733 3361 2452 3362 2474 3362 2465 3362 2325 3363 2452 3363 2465 3363 2313 3364 2452 3364 2325 3364 2270 3365 2313 3365 2325 3365 2365 3366 2247 3366 2198 3366 2325 3367 2365 3367 2198 3367 2370 3368 2365 3368 2325 3368 2465 3369 2370 3369 2325 3369 2198 3370 2247 3370 2217 3370 2056 3371 2198 3371 2217 3371 1979 3372 2198 3372 2056 3372 1971 3373 1979 3373 2056 3373 2090 3374 1999 3374 1920 3374 2056 3375 2090 3375 1920 3375 2120 3376 2090 3376 2056 3376 2217 3377 2120 3377 2056 3377 1920 3378 1999 3378 1962 3378 1777 3379 1920 3379 1962 3379 1805 3380 1920 3380 1777 3380 1672 3381 1805 3381 1777 3381 1845 3382 1769 3382 1647 3382 1777 3383 1845 3383 1647 3383 1895 3384 1845 3384 1777 3384 1962 3385 1895 3385 1777 3385 1647 3386 1769 3386 1722 3386 1520 3387 1647 3387 1722 3387 1466 3388 1647 3388 1520 3388 1354 3389 1466 3389 1520 3389 1520 3390 1661 3390 1599 3390 1379 3391 1520 3391 1599 3391 1289 3392 1520 3392 1379 3392 1186 3393 1289 3393 1379 3393 1379 3394 1540 3394 1484 3394 1236 3395 1379 3395 1484 3395 1102 3396 1379 3396 1236 3396 1002 3397 1102 3397 1236 3397 1236 3398 1442 3398 1367 3398 1106 3399 1236 3399 1367 3399 858 3400 1236 3400 1106 3400 722 3401 858 3401 1106 3401 1106 3402 1340 3402 1252 3402 951 3403 1106 3403 1252 3403 608 3404 1106 3404 951 3404 586 3405 608 3405 951 3405 951 3406 1231 3406 1155 3406 744 3407 951 3407 1155 3407 482 3408 951 3408 744 3408 464 3409 482 3409 744 3409 744 3410 1143 3410 1039 3410 629 3411 744 3411 1039 3411 375 3412 744 3412 629 3412 368 3413 375 3413 629 3413 629 3414 1039 3414 1032 3414 961 3415 629 3415 1032 3415 562 3416 629 3416 961 3416 953 3417 562 3417 961 3417 496 3418 562 3418 953 3418 876 3419 798 3419 460 3419 496 3420 876 3420 460 3420 877 3421 876 3421 496 3421 953 3422 877 3422 496 3422 460 3423 798 3423 794 3423 432 3424 460 3424 794 3424 193 3425 460 3425 432 3425 168 3426 193 3426 432 3426 747 3427 717 3427 416 3427 432 3428 747 3428 416 3428 750 3429 747 3429 432 3429 794 3430 750 3430 432 3430 416 3431 717 3431 738 3431 438 3432 416 3432 738 3432 166 3433 416 3433 438 3433 173 3434 166 3434 438 3434 787 3435 816 3435 469 3435 438 3436 787 3436 469 3436 770 3437 787 3437 438 3437 738 3438 770 3438 438 3438 469 3439 816 3439 850 3439 531 3440 469 3440 850 3440 265 3441 469 3441 531 3441 284 3442 265 3442 531 3442 944 3443 982 3443 584 3443 531 3444 944 3444 584 3444 899 3445 944 3445 531 3445 850 3446 899 3446 531 3446 584 3447 982 3447 1026 3447 667 3448 584 3448 1026 3448 387 3449 584 3449 667 3449 400 3450 387 3450 667 3450 667 3451 1063 3451 1123 3451 822 3452 667 3452 1123 3452 502 3453 667 3453 822 3453 506 3454 502 3454 822 3454 822 3455 1170 3455 1228 3455 1001 3456 822 3456 1228 3456 506 3457 822 3457 1001 3457 624 3458 506 3458 1001 3458 1001 3459 1256 3459 1347 3459 1149 3460 1001 3460 1347 3460 651 3461 1001 3461 1149 3461 842 3462 651 3462 1149 3462 1149 3463 1363 3463 1448 3463 1274 3464 1149 3464 1448 3464 916 3465 1149 3465 1274 3465 1053 3466 916 3466 1274 3466 1274 3467 1473 3467 1568 3467 1425 3468 1274 3468 1568 3468 1140 3469 1274 3469 1425 3469 1242 3470 1140 3470 1425 3470 1425 3471 1584 3471 1694 3471 1559 3472 1425 3472 1694 3472 1329 3473 1425 3473 1559 3473 1408 3474 1329 3474 1559 3474 1801 3475 1927 3475 1831 3475 1704 3476 1801 3476 1831 3476 1800 3477 1801 3477 1704 3477 1559 3478 1800 3478 1704 3478 1707 3479 1800 3479 1559 3479 1694 3480 1707 3480 1559 3480 1831 3481 1927 3481 1936 3481 1955 3482 1831 3482 1936 3482 1850 3483 1831 3483 1955 3483 1883 3484 1850 3484 1955 3484 2061 3485 2152 3485 2092 3485 1955 3486 2061 3486 2092 3486 2046 3487 2061 3487 1955 3487 1936 3488 2046 3488 1955 3488 2092 3489 2152 3489 2192 3489 2229 3490 2092 3490 2192 3490 2185 3491 2092 3491 2229 3491 2331 3492 2185 3492 2229 3492 2307 3493 2402 3493 2373 3493 2229 3494 2307 3494 2373 3494 2272 3495 2307 3495 2229 3495 2192 3496 2272 3496 2229 3496 2373 3497 2402 3497 2444 3497 2505 3498 2373 3498 2444 3498 2356 3499 2373 3499 2505 3499 2472 3500 2356 3500 2505 3500 2587 3501 2646 3501 2636 3501 2505 3502 2587 3502 2636 3502 2540 3503 2587 3503 2505 3503 2444 3504 2540 3504 2505 3504 2636 3505 2646 3505 2720 3505 2771 3506 2636 3506 2720 3506 2673 3507 2636 3507 2771 3507 2785 3508 2673 3508 2771 3508 2771 3509 2762 3509 2831 3509 2912 3510 2771 3510 2831 3510 2844 3511 2771 3511 2912 3511 2932 3512 2844 3512 2912 3512 2912 3513 2891 3513 2957 3513 3046 3514 2912 3514 2957 3514 3017 3515 2912 3515 3046 3515 3078 3516 3017 3516 3046 3516 3046 3517 3008 3517 3089 3517 3187 3518 3046 3518 3089 3518 3177 3519 3046 3519 3187 3519 3230 3520 3177 3520 3187 3520 3187 3521 3125 3521 3220 3521 3302 3522 3187 3522 3220 3522 3352 3523 3187 3523 3302 3523 3393 3524 3352 3524 3302 3524 3302 3525 3252 3525 3359 3525 3441 3526 3302 3526 3359 3526 3515 3527 3302 3527 3441 3527 3540 3528 3515 3528 3441 3528 3441 3529 3377 3529 3462 3529 3590 3530 3441 3530 3462 3530 3689 3531 3441 3531 3590 3531 3704 3532 3689 3532 3590 3532 3590 3533 3462 3533 3489 3533 3596 3534 3590 3534 3489 3534 3741 3535 3590 3535 3596 3535 3610 3536 3741 3536 3596 3536 3885 3537 3741 3537 3610 3537 3731 3538 3845 3538 4005 3538 3885 3539 3731 3539 4005 3539 3727 3540 3731 3540 3885 3540 3610 3541 3727 3541 3885 3541 4005 3542 3845 3542 3849 3542 4167 3543 4005 3543 3849 3543 4269 3544 4005 3544 4167 3544 4403 3545 4269 3545 4167 3545 3978 3546 4083 3546 4317 3546 4167 3547 3978 3547 4317 3547 3962 3548 3978 3548 4167 3548 3849 3549 3962 3549 4167 3549 4317 3550 4083 3550 4108 3550 4474 3551 4317 3551 4108 3551 4813 3552 4317 3552 4474 3552 4868 3553 4813 3553 4474 3553 4206 3554 4307 3554 4658 3554 4474 3555 4206 3555 4658 3555 4182 3556 4206 3556 4474 3556 4108 3557 4182 3557 4474 3557 4658 3558 4307 3558 4334 3558 4844 3559 4658 3559 4334 3559 5088 3560 4658 3560 4844 3560 5123 3561 5088 3561 4844 3561 4433 3562 4511 3562 4900 3562 4844 3563 4433 3563 4900 3563 4401 3564 4433 3564 4844 3564 4334 3565 4401 3565 4844 3565 4900 3566 4511 3566 4545 3566 4967 3567 4900 3567 4545 3567 5251 3568 4900 3568 4967 3568 5271 3569 5251 3569 4967 3569 4967 3570 4587 3570 4618 3570 5008 3571 4967 3571 4618 3571 5317 3572 4967 3572 5008 3572 5332 3573 5317 3573 5008 3573 5008 3574 4663 3574 4696 3574 5056 3575 5008 3575 4696 3575 5332 3576 5008 3576 5056 3576 5371 3577 5332 3577 5056 3577 5056 3578 4723 3578 4753 3578 5082 3579 5056 3579 4753 3579 5383 3580 5056 3580 5082 3580 5422 3581 5383 3581 5082 3581 5082 3582 4788 3582 4747 3582 5061 3583 5082 3583 4747 3583 5411 3584 5082 3584 5061 3584 5387 3585 5411 3585 5061 3585 5061 3586 4741 3586 4691 3586 5017 3587 5061 3587 4691 3587 5357 3588 5061 3588 5017 3588 5335 3589 5357 3589 5017 3589 4527 3590 4423 3590 4850 3590 4923 3591 4527 3591 4850 3591 4600 3592 4527 3592 4923 3592 4982 3593 4600 3593 4923 3593 4606 3594 4600 3594 4982 3594 5017 3595 4606 3595 4982 3595 4683 3596 4606 3596 5017 3596 4691 3597 4683 3597 5017 3597 4850 3598 4423 3598 4415 3598 4745 3599 4850 3599 4415 3599 5039 3600 4850 3600 4745 3600 5012 3601 5039 3601 4745 3601 4321 3602 4212 3602 4541 3602 4745 3603 4321 3603 4541 3603 4329 3604 4321 3604 4745 3604 4415 3605 4329 3605 4745 3605 4541 3606 4212 3606 4186 3606 4362 3607 4541 3607 4186 3607 4796 3608 4541 3608 4362 3608 4769 3609 4796 3609 4362 3609 4097 3610 3990 3610 4203 3610 4362 3611 4097 3611 4203 3611 4126 3612 4097 3612 4362 3612 4186 3613 4126 3613 4362 3613 4203 3614 3990 3614 3959 3614 4067 3615 4203 3615 3959 3615 4448 3616 4203 3616 4067 3616 4288 3617 4448 3617 4067 3617 3819 3618 3757 3618 3918 3618 4067 3619 3819 3619 3918 3619 3897 3620 3819 3620 4067 3620 3959 3621 3897 3621 4067 3621 3918 3622 3757 3622 3709 3622 3768 3623 3918 3623 3709 3623 4021 3624 3918 3624 3768 3624 3916 3625 4021 3625 3768 3625 3768 3626 3633 3626 3573 3626 3625 3627 3768 3627 3573 3627 3833 3628 3768 3628 3625 3628 3748 3629 3833 3629 3625 3629 3625 3630 3528 3630 3448 3630 3498 3631 3625 3631 3448 3631 3656 3632 3625 3632 3498 3632 3589 3633 3656 3633 3498 3633 3498 3634 3413 3634 3329 3634 3366 3635 3498 3635 3329 3635 3468 3636 3498 3636 3366 3636 3432 3637 3468 3637 3366 3637 3366 3638 3281 3638 3211 3638 3227 3639 3366 3639 3211 3639 3307 3640 3366 3640 3227 3640 3279 3641 3307 3641 3227 3641 3227 3642 3171 3642 3072 3642 3093 3643 3227 3643 3072 3643 3149 3644 3227 3644 3093 3644 3131 3645 3149 3645 3093 3645 3093 3646 3055 3646 2942 3646 2953 3647 3093 3647 2942 3647 2989 3648 3093 3648 2953 3648 2975 3649 2989 3649 2953 3649 2953 3650 2942 3650 2930 3650 2801 3651 2953 3651 2930 3651 2820 3652 2953 3652 2801 3652 2798 3653 2820 3653 2801 3653 2691 3654 2820 3654 2798 3654 2690 3655 2574 3655 2557 3655 2691 3656 2690 3656 2557 3656 2697 3657 2690 3657 2691 3657 2798 3658 2697 3658 2691 3658 2557 3659 2574 3659 2565 3659 2420 3660 2557 3660 2565 3660 2481 3661 2557 3661 2420 3661 2393 3662 2481 3662 2420 3662 2426 3663 2327 3663 2267 3663 2420 3664 2426 3664 2267 3664 2445 3665 2426 3665 2420 3665 2565 3666 2445 3666 2420 3666 2267 3667 2327 3667 2288 3667 2134 3668 2267 3668 2288 3668 2149 3669 2267 3669 2134 3669 2080 3670 2149 3670 2134 3670 2166 3671 2082 3671 2004 3671 2134 3672 2166 3672 2004 3672 2206 3673 2166 3673 2134 3673 2288 3674 2206 3674 2134 3674 2004 3675 2082 3675 2043 3675 1878 3676 2004 3676 2043 3676 1812 3677 2004 3677 1878 3677 1774 3678 1812 3678 1878 3678 1914 3679 1859 3679 1742 3679 1878 3680 1914 3680 1742 3680 1959 3681 1914 3681 1878 3681 2043 3682 1959 3682 1878 3682 1742 3683 1859 3683 1784 3683 1600 3684 1742 3684 1784 3684 1460 3685 1742 3685 1600 3685 1452 3686 1460 3686 1600 3686 1600 3687 1735 3687 1667 3687 1456 3688 1600 3688 1667 3688 1301 3689 1600 3689 1456 3689 1279 3690 1301 3690 1456 3690 1456 3691 1614 3691 1552 3691 1342 3692 1456 3692 1552 3692 1279 3693 1456 3693 1342 3693 1130 3694 1279 3694 1342 3694 1342 3695 1519 3695 1439 3695 1195 3696 1342 3696 1439 3696 1091 3697 1342 3697 1195 3697 940 3698 1091 3698 1195 3698 1195 3699 1401 3699 1320 3699 1042 3700 1195 3700 1320 3700 856 3701 1195 3701 1042 3701 683 3702 856 3702 1042 3702 1042 3703 1298 3703 1209 3703 894 3704 1042 3704 1209 3704 615 3705 1042 3705 894 3705 550 3706 615 3706 894 3706 1010 3707 932 3707 545 3707 596 3708 1010 3708 545 3708 1104 3709 1010 3709 596 3709 693 3710 1104 3710 596 3710 1110 3711 1104 3711 693 3711 894 3712 1110 3712 693 3712 1198 3713 1110 3713 894 3713 1209 3714 1198 3714 894 3714 545 3715 932 3715 926 3715 477 3716 545 3716 926 3716 246 3717 545 3717 477 3717 233 3718 246 3718 477 3718 835 3719 786 3719 448 3719 477 3720 835 3720 448 3720 844 3721 835 3721 477 3721 926 3722 844 3722 477 3722 448 3723 786 3723 780 3723 424 3724 448 3724 780 3724 137 3725 448 3725 424 3725 138 3726 137 3726 424 3726 732 3727 731 3727 423 3727 424 3728 732 3728 423 3728 734 3729 732 3729 424 3729 780 3730 734 3730 424 3730 423 3731 731 3731 761 3731 447 3732 423 3732 761 3732 157 3733 423 3733 447 3733 181 3734 157 3734 447 3734 808 3735 845 3735 478 3735 447 3736 808 3736 478 3736 785 3737 808 3737 447 3737 761 3738 785 3738 447 3738 478 3739 845 3739 891 3739 546 3740 478 3740 891 3740 267 3741 478 3741 546 3741 297 3742 267 3742 546 3742 546 3743 935 3743 978 3743 598 3744 546 3744 978 3744 340 3745 546 3745 598 3745 355 3746 340 3746 598 3746 598 3747 1011 3747 1056 3747 692 3748 598 3748 1056 3748 395 3749 598 3749 692 3749 412 3750 395 3750 692 3750 692 3751 1103 3751 1176 3751 892 3752 692 3752 1176 3752 513 3753 692 3753 892 3753 548 3754 513 3754 892 3754 892 3755 1193 3755 1269 3755 1036 3756 892 3756 1269 3756 653 3757 892 3757 1036 3757 679 3758 653 3758 1036 3758 1036 3759 1293 3759 1391 3759 1189 3760 1036 3760 1391 3760 907 3761 1036 3761 1189 3761 938 3762 907 3762 1189 3762 1189 3763 1399 3763 1503 3763 1338 3764 1189 3764 1503 3764 1124 3765 1189 3765 1338 3765 1127 3766 1124 3766 1338 3766 1615 3767 1739 3767 1601 3767 1458 3768 1615 3768 1601 3768 1611 3769 1615 3769 1458 3769 1338 3770 1611 3770 1458 3770 1518 3771 1611 3771 1338 3771 1503 3772 1518 3772 1338 3772 1601 3773 1739 3773 1747 3773 1744 3774 1601 3774 1747 3774 1507 3775 1601 3775 1744 3775 1616 3776 1507 3776 1744 3776 1868 3777 1957 3777 1877 3777 1744 3778 1868 3778 1877 3778 1861 3779 1868 3779 1744 3779 1747 3780 1861 3780 1744 3780 1877 3781 1957 3781 1996 3781 2002 3782 1877 3782 1996 3782 1858 3783 1877 3783 2002 3783 1924 3784 1858 3784 2002 3784 2115 3785 2204 3785 2132 3785 2002 3786 2115 3786 2132 3786 2078 3787 2115 3787 2002 3787 1996 3788 2078 3788 2002 3788 2132 3789 2204 3789 2241 3789 2263 3790 2132 3790 2241 3790 2182 3791 2132 3791 2263 3791 2227 3792 2182 3792 2263 3792 2376 3793 2441 3793 2419 3793 2263 3794 2376 3794 2419 3794 2324 3795 2376 3795 2263 3795 2241 3796 2324 3796 2263 3796 2419 3797 2441 3797 2503 3797 2558 3798 2419 3798 2503 3798 2521 3799 2419 3799 2558 3799 2550 3800 2521 3800 2558 3800 2558 3801 2575 3801 2622 3801 2695 3802 2558 3802 2622 3802 2681 3803 2558 3803 2695 3803 2692 3804 2681 3804 2695 3804 2695 3805 2699 3805 2755 3805 2821 3806 2695 3806 2755 3806 2830 3807 2695 3807 2821 3807 2853 3808 2830 3808 2821 3808 2821 3809 2799 3809 2888 3809 2952 3810 2821 3810 2888 3810 2853 3811 2821 3811 2952 3811 2972 3812 2853 3812 2952 3812 2952 3813 2926 3813 3028 3813 3087 3814 2952 3814 3028 3814 3023 3815 2952 3815 3087 3815 3123 3816 3023 3816 3087 3816 3087 3817 3053 3817 3139 3817 3224 3818 3087 3818 3139 3818 3172 3819 3087 3819 3224 3819 3276 3820 3172 3820 3224 3820 3224 3821 3168 3821 3267 3821 3365 3822 3224 3822 3267 3822 3346 3823 3224 3823 3365 3823 3428 3824 3346 3824 3365 3824 3365 3825 3267 3825 3280 3825 3405 3826 3365 3826 3280 3826 3497 3827 3365 3827 3405 3827 3412 3828 3497 3828 3405 3828 3627 3829 3497 3829 3412 3829 3530 3830 3636 3830 3775 3830 3627 3831 3530 3831 3775 3831 3529 3832 3530 3832 3627 3832 3412 3833 3529 3833 3627 3833 3775 3834 3636 3834 3650 3834 3921 3835 3775 3835 3650 3835 4064 3836 3775 3836 3921 3836 4102 3837 4064 3837 3921 3837 3781 3838 3891 3838 4066 3838 3921 3839 3781 3839 4066 3839 3758 3840 3781 3840 3921 3840 3650 3841 3758 3841 3921 3841 4066 3842 3891 3842 3908 3842 4201 3843 4066 3843 3908 3843 4471 3844 4066 3844 4201 3844 4496 3845 4471 3845 4201 3845 4029 3846 4121 3846 4354 3846 4201 3847 4029 3847 4354 3847 3989 3848 4029 3848 4201 3848 3908 3849 3989 3849 4201 3849 4354 3850 4121 3850 4147 3850 4537 3851 4354 3851 4147 3851 4820 3852 4354 3852 4537 3852 4889 3853 4820 3853 4537 3853 4280 3854 4327 3854 4740 3854 4537 3855 4280 3855 4740 3855 4211 3856 4280 3856 4537 3856 4147 3857 4211 3857 4537 3857 4740 3858 4327 3858 4368 3858 4851 3859 4740 3859 4368 3859 5086 3860 4740 3860 4851 3860 5140 3861 5086 3861 4851 3861 4851 3862 4424 3862 4483 3862 4925 3863 4851 3863 4483 3863 5176 3864 4851 3864 4925 3864 5211 3865 5176 3865 4925 3865 4925 3866 4531 3866 4578 3866 4984 3867 4925 3867 4578 3867 5248 3868 4925 3868 4984 3868 5280 3869 5248 3869 4984 3869 4984 3870 4601 3870 4661 3870 5016 3871 4984 3871 4661 3871 5319 3872 4984 3872 5016 3872 5334 3873 5319 3873 5016 3873 5016 3874 4682 3874 4725 3874 5060 3875 5016 3875 4725 3875 5384 3876 5016 3876 5060 3876 5386 3877 5384 3877 5060 3877 5060 3878 4739 3878 4784 3878 5083 3879 5060 3879 4784 3879 5413 3880 5060 3880 5083 3880 5423 3881 5413 3881 5083 3881 5083 3882 4784 3882 4792 3882 4726 3883 5083 3883 4792 3883 5057 3884 5083 3884 4726 3884 4724 3885 5057 3885 4726 3885 5009 3886 5057 3886 4724 3886 4664 3887 4586 3887 4966 3887 5009 3888 4664 3888 4966 3888 4665 3889 4664 3889 5009 3889 4724 3890 4665 3890 5009 3890 4966 3891 4586 3891 4577 3891 4899 3892 4966 3892 4577 3892 5238 3893 4966 3893 4899 3893 5198 3894 5238 3894 4899 3894 4479 3895 4396 3895 4843 3895 4899 3896 4479 3896 4843 3896 4508 3897 4479 3897 4899 3897 4577 3898 4508 3898 4899 3898 4843 3899 4396 3899 4367 3899 4662 3900 4843 3900 4367 3900 5037 3901 4843 3901 4662 3901 4981 3902 5037 3902 4662 3902 4281 3903 4183 3903 4477 3903 4662 3904 4281 3904 4477 3904 4308 3905 4281 3905 4662 3905 4367 3906 4308 3906 4662 3906 4477 3907 4183 3907 4150 3907 4320 3908 4477 3908 4150 3908 4751 3909 4477 3909 4320 3909 4640 3910 4751 3910 4320 3910 4031 3911 3966 3911 4168 3911 4320 3912 4031 3912 4168 3912 4088 3913 4031 3913 4320 3913 4150 3914 4088 3914 4320 3914 4168 3915 3966 3915 3907 3915 4006 3916 4168 3916 3907 3916 4228 3917 4168 3917 4006 3917 4200 3918 4228 3918 4006 3918 4006 3919 3846 3919 3776 3919 3871 3920 4006 3920 3776 3920 4027 3921 4006 3921 3871 3921 4026 3922 4027 3922 3871 3922 3871 3923 3722 3923 3643 3923 3729 3924 3871 3924 3643 3924 4026 3925 3871 3925 3729 3925 3857 3926 4026 3926 3729 3926 3729 3927 3601 3927 3525 3927 3587 3928 3729 3928 3525 3928 3836 3929 3729 3929 3587 3929 3702 3930 3836 3930 3587 3930 3587 3931 3487 3931 3401 3931 3449 3932 3587 3932 3401 3932 3663 3933 3587 3933 3449 3933 3548 3934 3663 3934 3449 3934 3449 3935 3380 3935 3270 3935 3320 3936 3449 3936 3270 3936 3469 3937 3449 3937 3320 3937 3398 3938 3469 3938 3320 3938 3320 3939 3256 3939 3142 3939 3198 3940 3320 3940 3142 3940 3304 3941 3320 3941 3198 3941 3238 3942 3304 3942 3198 3942 3198 3943 3142 3943 3132 3943 3031 3944 3198 3944 3132 3944 3050 3945 3198 3945 3031 3945 3012 3946 3050 3946 3031 3946 2913 3947 3050 3947 3012 3947 2885 3948 2761 3948 2769 3948 2913 3949 2885 3949 2769 3949 2892 3950 2885 3950 2913 3950 3012 3951 2892 3951 2913 3951 2769 3952 2761 3952 2753 3952 2634 3953 2769 3953 2753 3953 2653 3954 2769 3954 2634 3954 2624 3955 2653 3955 2634 3955 2618 3956 2539 3956 2506 3956 2634 3957 2618 3957 2506 3957 2644 3958 2618 3958 2634 3958 2753 3959 2644 3959 2634 3959 2506 3960 2539 3960 2500 3960 2381 3961 2506 3961 2500 3961 2336 3962 2506 3962 2381 3962 2311 3963 2336 3963 2381 3963 2380 3964 2274 3964 2232 3964 2381 3965 2380 3965 2232 3965 2410 3966 2380 3966 2381 3966 2500 3967 2410 3967 2381 3967 2232 3968 2274 3968 2245 3968 2094 3969 2232 3969 2245 3969 2143 3970 2232 3970 2094 3970 2031 3971 2143 3971 2094 3971 2118 3972 2047 3972 1956 3972 2094 3973 2118 3973 1956 3973 2156 3974 2118 3974 2094 3974 2245 3975 2156 3975 2094 3975 1956 3976 2047 3976 1992 3976 1826 3977 1956 3977 1992 3977 1814 3978 1956 3978 1826 3978 1727 3979 1814 3979 1826 3979 1826 3980 1926 3980 1865 3980 1702 3981 1826 3981 1865 3981 1649 3982 1826 3982 1702 3982 1570 3983 1649 3983 1702 3983 1702 3984 1799 3984 1743 3984 1557 3985 1702 3985 1743 3985 1468 3986 1702 3986 1557 3986 1405 3987 1468 3987 1557 3987 1557 3988 1705 3988 1608 3988 1426 3989 1557 3989 1608 3989 1284 3990 1557 3990 1426 3990 1243 3991 1284 3991 1426 3991 1426 3992 1585 3992 1508 3992 1280 3993 1426 3993 1508 3993 1089 3994 1426 3994 1280 3994 1061 3995 1089 3995 1280 3995 1280 3996 1475 3996 1394 3996 1154 3997 1280 3997 1394 3997 852 3998 1280 3998 1154 3998 848 3999 852 3999 1154 3999 1171 4000 1062 4000 666 4000 824 4001 1171 4001 666 4001 1257 4002 1171 4002 824 4002 1004 4003 1257 4003 824 4003 1270 4004 1257 4004 1004 4004 1154 4005 1270 4005 1004 4005 1368 4006 1270 4006 1154 4006 1394 4007 1368 4007 1154 4007 666 4008 1062 4008 1049 4008 583 4009 666 4009 1049 4009 382 4010 666 4010 583 4010 345 4011 382 4011 583 4011 969 4012 898 4012 530 4012 583 4013 969 4013 530 4013 981 4014 969 4014 583 4014 1049 4015 981 4015 583 4015 530 4016 898 4016 888 4016 470 4017 530 4017 888 4017 253 4018 530 4018 470 4018 225 4019 253 4019 470 4019 807 4020 771 4020 439 4020 470 4021 807 4021 439 4021 818 4022 807 4022 470 4022 888 4023 818 4023 470 4023 439 4024 771 4024 762 4024 417 4025 439 4025 762 4025 144 4026 439 4026 417 4026 126 4027 144 4027 417 4027 736 4028 749 4028 431 4028 417 4029 736 4029 431 4029 718 4030 736 4030 417 4030 762 4031 718 4031 417 4031 431 4032 749 4032 782 4032 459 4033 431 4033 782 4033 204 4034 431 4034 459 4034 215 4035 204 4035 459 4035 459 4036 797 4036 837 4036 498 4037 459 4037 837 4037 255 4038 459 4038 498 4038 261 4039 255 4039 498 4039 498 4040 878 4040 931 4040 565 4041 498 4041 931 4041 261 4042 498 4042 565 4042 320 4043 261 4043 565 4043 565 4044 955 4044 1019 4044 630 4045 565 4045 1019 4045 331 4046 565 4046 630 4046 369 4047 331 4047 630 4047 630 4048 1033 4048 1114 4048 740 4049 630 4049 1114 4049 394 4050 630 4050 740 4050 463 4051 394 4051 740 4051 740 4052 1132 4052 1208 4052 950 4053 740 4053 1208 4053 516 4054 740 4054 950 4054 582 4055 516 4055 950 4055 950 4056 1227 4056 1312 4056 1094 4057 950 4057 1312 4057 656 4058 950 4058 1094 4058 711 4059 656 4059 1094 4059 1094 4060 1312 4060 1334 4060 1433 4061 1094 4061 1334 4061 1235 4062 1094 4062 1433 4062 1441 4063 1235 4063 1433 4063 1378 4064 1235 4064 1441 4064 1551 4065 1662 4065 1521 4065 1378 4066 1551 4066 1521 4066 1539 4067 1551 4067 1378 4067 1441 4068 1539 4068 1378 4068 1521 4069 1662 4069 1671 4069 1654 4070 1521 4070 1671 4070 1504 4071 1521 4071 1654 4071 1525 4072 1504 4072 1654 4072 1787 4073 1896 4073 1779 4073 1654 4074 1787 4074 1779 4074 1771 4075 1787 4075 1654 4075 1671 4076 1771 4076 1654 4076 1779 4077 1896 4077 1919 4077 1916 4078 1779 4078 1919 4078 1675 4079 1779 4079 1916 4079 1822 4080 1675 4080 1916 4080 2042 4081 2119 4081 2050 4081 1916 4082 2042 4082 2050 4082 1998 4083 2042 4083 1916 4083 1919 4084 1998 4084 1916 4084 2050 4085 2119 4085 2161 4085 2187 4086 2050 4086 2161 4086 2016 4087 2050 4087 2187 4087 2123 4088 2016 4088 2187 4088 2285 4089 2369 4089 2322 4089 2187 4090 2285 4090 2322 4090 2242 4091 2285 4091 2187 4091 2161 4092 2242 4092 2187 4092 2322 4093 2369 4093 2427 4093 2451 4094 2322 4094 2427 4094 2361 4095 2322 4095 2451 4095 2429 4096 2361 4096 2451 4096 2451 4097 2471 4097 2572 4097 2599 4098 2451 4098 2572 4098 2524 4099 2451 4099 2599 4099 2590 4100 2524 4100 2599 4100 2599 4101 2610 4101 2696 4101 2737 4102 2599 4102 2696 4102 2685 4103 2599 4103 2737 4103 2741 4104 2685 4104 2737 4104 2737 4105 2734 4105 2805 4105 2871 4106 2737 4106 2805 4106 2852 4107 2737 4107 2871 4107 2880 4108 2852 4108 2871 4108 2871 4109 2857 4109 2945 4109 2997 4110 2871 4110 2945 4110 3026 4111 2871 4111 2997 4111 3035 4112 3026 4112 2997 4112 2997 4113 2962 4113 3068 4113 3133 4114 2997 4114 3068 4114 3185 4115 2997 4115 3133 4115 3332 4116 3185 4116 3133 4116 3326 4117 3435 4117 3549 4117 3409 4118 3326 4118 3549 4118 3216 4119 3326 4119 3409 4119 3263 4120 3216 4120 3409 4120 3207 4121 3216 4121 3263 4121 3133 4122 3207 4122 3263 4122 3086 4123 3207 4123 3133 4123 3068 4124 3086 4124 3133 4124 3549 4125 3435 4125 3455 4125 3672 4126 3549 4126 3455 4126 3684 4127 3549 4127 3672 4127 3806 4128 3684 4128 3672 4128 3576 4129 3676 4129 3816 4129 3672 4130 3576 4130 3816 4130 3566 4131 3576 4131 3672 4131 3455 4132 3566 4132 3672 4132 3816 4133 3676 4133 3712 4133 3970 4134 3816 4134 3712 4134 4053 4135 3816 4135 3970 4135 4142 4136 4053 4136 3970 4136 3822 4137 3922 4137 4119 4137 3970 4138 3822 4138 4119 4138 3805 4139 3822 4139 3970 4139 3712 4140 3805 4140 3970 4140 4119 4141 3922 4141 3957 4141 4258 4142 4119 4142 3957 4142 4493 4143 4119 4143 4258 4143 4550 4144 4493 4144 4258 4144 4094 4145 4144 4145 4410 4145 4258 4146 4094 4146 4410 4146 4040 4147 4094 4147 4258 4147 3957 4148 4040 4148 4258 4148 4410 4149 4144 4149 4185 4149 4588 4150 4410 4150 4185 4150 4944 4151 4410 4151 4588 4151 4948 4152 4944 4152 4588 4152 4588 4153 4257 4153 4319 4153 4825 4154 4588 4154 4319 4154 5073 4155 4588 4155 4825 4155 5097 4156 5073 4156 4825 4156 4825 4157 4357 4157 4418 4157 4884 4158 4825 4158 4418 4158 5097 4159 4825 4159 4884 4159 5172 4160 5097 4160 4884 4160 4884 4161 4460 4161 4530 4161 4954 4162 4884 4162 4530 4162 5179 4163 4884 4163 4954 4163 5226 4164 5179 4164 4954 4164 4954 4165 4562 4165 4608 4165 4995 4166 4954 4166 4608 4166 5249 4167 4954 4167 4995 4167 5291 4168 5249 4168 4995 4168 4995 4169 4630 4169 4690 4169 5031 4170 4995 4170 4690 4170 5315 4171 4995 4171 5031 4171 5346 4172 5315 4172 5031 4172 5031 4173 4703 4173 4752 4173 5068 4174 5031 4174 4752 4174 5373 4175 5031 4175 5068 4175 5397 4176 5373 4176 5068 4176 4779 4177 4706 4177 5035 4177 5071 4178 4779 4178 5035 4178 4778 4179 4779 4179 5071 4179 5068 4180 4778 4180 5071 4180 4770 4181 4778 4181 5068 4181 4752 4182 4770 4182 5068 4182 5035 4183 4706 4183 4699 4183 4997 4184 5035 4184 4699 4184 5303 4185 5035 4185 4997 4185 5292 4186 5303 4186 4997 4186 4619 4187 4563 4187 4955 4187 4997 4188 4619 4188 4955 4188 4634 4189 4619 4189 4997 4189 4699 4190 4634 4190 4997 4190 4955 4191 4563 4191 4544 4191 4886 4192 4955 4192 4544 4192 5173 4193 4955 4193 4886 4193 5168 4194 5173 4194 4886 4194 4431 4195 4360 4195 4828 4195 4886 4196 4431 4196 4828 4196 4461 4197 4431 4197 4886 4197 4544 4198 4461 4198 4886 4198 4828 4199 4360 4199 4330 4199 4594 4200 4828 4200 4330 4200 5041 4201 4828 4201 4594 4201 4952 4202 5041 4202 4594 4202 4207 4203 4157 4203 4414 4203 4594 4204 4207 4204 4414 4204 4276 4205 4207 4205 4594 4205 4330 4206 4276 4206 4594 4206 4414 4207 4157 4207 4109 4207 4278 4208 4414 4208 4109 4208 4748 4209 4414 4209 4278 4209 4566 4210 4748 4210 4278 4210 4278 4211 4043 4211 3979 4211 4127 4212 4278 4212 3979 4212 4437 4213 4278 4213 4127 4213 4346 4214 4437 4214 4127 4214 4127 4215 3979 4215 3927 4215 3847 4216 4127 4216 3927 4216 3971 4217 4127 4217 3847 4217 3807 4218 3971 4218 3847 4218 3726 4219 3971 4219 3807 4219 4864 4220 5161 4220 5144 4220 4927 4221 5233 4221 5216 4221 4986 4222 5295 4222 5283 4222 4842 4223 5090 4223 5119 4223 4651 4224 4935 4224 4978 4224 4470 4225 4814 4225 4863 4225 3318 4226 3348 4226 3397 4226 3197 4227 3173 4227 3237 4227 3052 4228 3014 4228 3085 4228 1967 4229 1856 4229 1894 4229 1842 4230 1686 4230 1738 4230 1712 4231 1509 4231 1582 4231 593 4232 338 4232 351 4232 540 4233 270 4233 292 4233 475 4234 210 4234 230 4234 706 4235 487 4235 449 4235 933 4236 614 4236 570 4236 1071 4237 859 4237 697 4237 2153 4238 2148 4238 2106 4238 2291 4239 2318 4239 2250 4239 3505 4240 3660 4240 3607 4240 3637 4241 3830 4241 3760 4241 4866 4242 5162 4242 5145 4242 4928 4243 5232 4243 5217 4243 4987 4244 5296 4244 5284 4244 4840 4245 5091 4245 5117 4245 4649 4246 4936 4246 4975 4246 4469 4247 4815 4247 4858 4247 3317 4248 3349 4248 3396 4248 3196 4249 3175 4249 3235 4249 3051 4250 3015 4250 3084 4250 1966 4251 1853 4251 1893 4251 1840 4252 1681 4252 1737 4252 1711 4253 1510 4253 1581 4253 592 4254 337 4254 350 4254 539 4255 271 4255 291 4255 474 4256 211 4256 229 4256 707 4257 486 4257 450 4257 934 4258 612 4258 571 4258 1073 4259 860 4259 698 4259 2154 4260 2147 4260 2107 4260 2292 4261 2317 4261 2251 4261 3506 4262 3659 4262 3609 4262 3638 4263 3831 4263 3761 4263 4929 4264 5234 4264 5218 4264 4988 4265 5298 4265 5285 4265 4839 4266 5092 4266 5116 4266 4647 4267 4937 4267 4974 4267 4466 4268 4816 4268 4855 4268 3306 4269 3350 4269 3395 4269 3191 4270 3176 4270 3233 4270 3049 4271 3016 4271 3082 4271 1965 4272 1854 4272 1892 4272 1839 4273 1682 4273 1736 4273 1710 4274 1511 4274 1580 4274 591 4275 336 4275 349 4275 538 4276 272 4276 290 4276 473 4277 212 4277 228 4277 708 4278 485 4278 451 4278 936 4279 613 4279 572 4279 1079 4280 861 4280 699 4280 2155 4281 2146 4281 2108 4281 2297 4282 2316 4282 2253 4282 3511 4283 3658 4283 3611 4283 3640 4284 3827 4284 3762 4284 4931 4285 5235 4285 5219 4285 4989 4286 5299 4286 5286 4286 4838 4287 5093 4287 5115 4287 4644 4288 4938 4288 4973 4288 4464 4289 4817 4289 4854 4289 3303 4290 3351 4290 3394 4290 3189 4291 3178 4291 3232 4291 3048 4292 3018 4292 3081 4292 1964 4293 1855 4293 1891 4293 1838 4294 1683 4294 1734 4294 1709 4295 1512 4295 1579 4295 590 4296 335 4296 348 4296 537 4297 268 4297 289 4297 472 4298 213 4298 227 4298 709 4299 484 4299 452 4299 937 4300 611 4300 574 4300 1080 4301 862 4301 701 4301 2157 4302 2145 4302 2109 4302 2298 4303 2315 4303 2254 4303 3521 4304 3662 4304 3612 4304 3641 4305 3828 4305 3763 4305 4932 4306 5236 4306 5220 4306 4990 4307 5300 4307 5287 4307 4837 4308 5094 4308 5114 4308 4643 4309 4939 4309 4972 4309 4463 4310 4818 4310 4853 4310 3300 4311 3353 4311 3391 4311 3188 4312 3179 4312 3231 4312 3047 4313 3019 4313 3080 4313 1963 4314 1851 4314 1890 4314 1836 4315 1684 4315 1733 4315 1708 4316 1513 4316 1578 4316 589 4317 334 4317 347 4317 536 4318 269 4318 287 4318 471 4319 214 4319 226 4319 710 4320 483 4320 453 4320 939 4321 610 4321 575 4321 1081 4322 863 4322 702 4322 2158 4323 2144 4323 2111 4323 2299 4324 2314 4324 2255 4324 3522 4325 3661 4325 3613 4325 3642 4326 3826 4326 3765 4326 3318 4327 3327 4327 3255 4327 1967 4328 2159 4328 2054 4328 1842 4329 2038 4329 1939 4329 1712 4330 1917 4330 1819 4330 2153 4331 2116 4331 2219 4331 2291 4332 2243 4332 2343 4332 4840 4333 4494 4333 4384 4333 4649 4334 4375 4334 4303 4334 4469 4335 4284 4335 4176 4335 592 4336 1051 4336 992 4336 539 4337 972 4337 921 4337 474 4338 886 4338 828 4338 3506 4339 3330 4339 3422 4339 3638 4340 3451 4340 3544 4340 3306 4341 3360 4341 3253 4341 3191 4342 3221 4342 3128 4342 3049 4343 3091 4343 3011 4343 708 4344 1037 4344 1117 4344 936 4345 1152 4345 1215 4345 4931 4346 4467 4346 4535 4346 4464 4347 4293 4347 4175 4347 3734 4348 3669 4348 3600 4348 1964 4349 2124 4349 2052 4349 1838 4350 2000 4350 1937 4350 537 4351 985 4351 915 4351 472 4352 896 4352 826 4352 2157 4353 2135 4353 2223 4353 3521 4354 3298 4354 3424 4354 3641 4355 3430 4355 3547 4355 4837 4356 4456 4356 4380 4356 3300 4357 3371 4357 3249 4357 3188 4358 3241 4358 3126 4358 3047 4359 3104 4359 3009 4359 3150 4360 3115 4360 3117 4360 3287 4361 3204 4361 3261 4361 3934 4362 3889 4362 3914 4362 4864 4363 4518 4363 4568 4363 589 4364 983 4364 958 4364 440 4365 700 4365 689 4365 560 4366 800 4366 801 4366 939 4367 1113 4367 1122 4367 1622 4368 1696 4368 1701 4368 2299 4369 2296 4369 2308 4369 3386 4370 3362 4370 3369 4370 3793 4371 3696 4371 3767 4371 5149 4372 4877 4372 4882 4372 3537 4373 3523 4373 3496 4373 2189 4374 2210 4374 2203 4374 520 4375 494 4375 505 4375 517 4376 520 4376 505 4376 569 4377 520 4377 517 4377 633 4378 569 4378 517 4378 578 4379 569 4379 633 4379 854 4380 883 4380 772 4380 713 4381 854 4381 772 4381 650 4382 854 4382 713 4382 641 4383 650 4383 713 4383 633 4384 650 4384 641 4384 640 4385 633 4385 641 4385 578 4386 633 4386 640 4386 902 4387 883 4387 854 4387 914 4388 902 4388 854 4388 1022 4389 902 4389 914 4389 1064 4390 1022 4390 914 4390 1035 4391 1022 4391 1064 4391 1245 4392 1271 4392 1241 4392 1230 4393 1245 4393 1241 4393 1138 4394 1245 4394 1230 4394 1131 4395 1138 4395 1230 4395 1064 4396 1138 4396 1131 4396 1092 4397 1064 4397 1131 4397 1035 4398 1064 4398 1092 4398 1413 4399 1470 4399 1444 4399 1429 4400 1413 4400 1444 4400 1328 4401 1413 4401 1429 4401 1385 4402 1328 4402 1429 4402 1245 4403 1328 4403 1385 4403 1278 4404 1245 4404 1385 4404 1271 4405 1245 4405 1278 4405 1558 4406 1577 4406 1595 4406 1558 4407 1470 4407 1413 4407 1514 4408 1558 4408 1413 4408 1577 4409 1558 4409 1514 4409 1730 4410 1732 4410 1750 4410 1685 4411 1732 4411 1730 4411 1646 4412 1685 4412 1730 4412 1577 4413 1685 4413 1646 4413 1602 4414 1577 4414 1646 4414 1595 4415 1577 4415 1602 4415 1889 4416 1941 4416 1908 4416 1907 4417 1889 4417 1908 4417 1852 4418 1889 4418 1907 4418 1803 4419 1852 4419 1907 4419 1732 4420 1852 4420 1803 4420 1775 4421 1732 4421 1803 4421 1750 4422 1732 4422 1775 4422 2044 4423 2032 4423 2051 4423 2009 4424 2032 4424 2044 4424 1889 4425 2009 4425 2044 4425 1953 4426 1889 4426 2044 4426 1941 4427 1889 4427 1953 4427 2174 4428 2189 4428 2203 4428 2122 4429 2174 4429 2203 4429 2032 4430 2174 4430 2122 4430 2112 4431 2032 4431 2122 4431 2051 4432 2032 4432 2112 4432 2262 4433 2210 4433 2189 4433 2337 4434 2262 4434 2189 4434 2281 4435 2262 4435 2337 4435 2489 4436 2496 4436 2450 4436 2438 4437 2489 4437 2450 4437 2353 4438 2489 4438 2438 4438 2377 4439 2353 4439 2438 4439 2337 4440 2353 4440 2377 4440 2348 4441 2337 4441 2377 4441 2281 4442 2337 4442 2348 4442 2551 4443 2496 4443 2489 4443 2514 4444 2551 4444 2489 4444 2597 4445 2551 4445 2514 4445 2628 4446 2597 4446 2514 4446 2607 4447 2597 4447 2628 4447 2786 4448 2784 4448 2758 4448 2750 4449 2786 4449 2758 4449 2674 4450 2786 4450 2750 4450 2671 4451 2674 4451 2750 4451 2628 4452 2674 4452 2671 4452 2633 4453 2628 4453 2671 4453 2607 4454 2628 4454 2633 4454 2828 4455 2784 4455 2786 4455 2845 4456 2828 4456 2786 4456 2914 4457 2828 4457 2845 4457 2934 4458 2914 4458 2845 4458 2921 4459 2914 4459 2934 4459 3020 4460 3079 4460 3065 4460 2993 4461 3020 4461 3065 4461 2934 4462 3020 4462 2993 4462 2925 4463 2934 4463 2993 4463 2921 4464 2934 4464 2925 4464 3214 4465 3180 4465 3228 4465 3180 4466 3214 4466 3160 4466 3077 4467 3180 4467 3160 4467 3079 4468 3180 4468 3077 4468 3071 4469 3079 4469 3077 4469 3065 4470 3079 4470 3071 4470 3364 4471 3354 4471 3388 4471 3354 4472 3364 4472 3277 4472 3239 4473 3354 4473 3277 4473 3228 4474 3354 4474 3239 4474 3217 4475 3228 4475 3239 4475 3214 4476 3228 4476 3217 4476 3518 4477 3537 4477 3496 4477 3518 4478 3496 4478 3434 4478 3400 4479 3518 4479 3434 4479 3388 4480 3518 4480 3400 4480 3368 4481 3388 4481 3400 4481 3364 4482 3388 4482 3368 4482 3693 4483 3699 4483 3630 4483 3603 4484 3693 4484 3630 4484 3537 4485 3693 4485 3603 4485 3560 4486 3537 4486 3603 4486 3523 4487 3537 4487 3560 4487 3858 4488 3791 4488 3766 4488 3716 4489 3858 4489 3766 4489 3699 4490 3858 4490 3716 4490 3686 4491 3699 4491 3716 4491 3630 4492 3699 4492 3686 4492 3815 4493 3791 4493 3858 4493 3874 4494 3815 4494 3858 4494 3898 4495 3815 4495 3874 4495 4022 4496 3898 4496 3874 4496 3913 4497 3898 4497 4022 4497 4191 4498 4104 4498 4093 4498 4047 4499 4191 4499 4093 4499 4056 4500 4191 4500 4047 4500 3984 4501 4056 4501 4047 4501 4022 4502 4056 4502 3984 4502 3946 4503 4022 4503 3984 4503 3913 4504 4022 4504 3946 4504 4169 4505 4104 4505 4191 4505 4263 4506 4169 4506 4191 4506 4229 4507 4169 4507 4263 4507 4383 4508 4229 4508 4263 4508 4244 4509 4229 4509 4383 4509 4408 4510 4617 4510 4409 4510 4486 4511 4617 4511 4408 4511 4349 4512 4486 4512 4408 4512 4383 4513 4486 4513 4349 4513 4256 4514 4383 4514 4349 4514 4244 4515 4383 4515 4256 4515 4803 4516 4614 4516 4852 4516 4940 4517 4803 4517 4852 4517 4830 4518 4803 4518 4940 4518 4971 4519 4830 4519 4940 4519 4845 4520 4830 4520 4971 4520 4852 4521 4614 4521 4613 4521 4595 4522 4852 4522 4613 4522 4819 4523 4852 4523 4595 4523 4517 4524 4819 4524 4595 4524 4617 4525 4819 4525 4517 4525 4449 4526 4617 4526 4517 4526 4409 4527 4617 4527 4449 4527 5187 4528 5190 4528 4968 4528 4930 4529 5187 4529 4968 4529 5113 4530 5187 4530 4930 4530 5113 4531 4930 4531 4922 4531 4890 4532 5113 4532 4922 4532 5095 4533 5113 4533 4890 4533 4888 4534 5095 4534 4890 4534 4971 4535 5095 4535 4888 4535 4846 4536 4971 4536 4888 4536 4845 4537 4971 4537 4846 4537 5258 4538 5261 4538 5033 4538 5015 4539 5258 4539 5033 4539 5258 4540 5015 4540 5000 4540 4999 4541 5258 4541 5000 4541 5190 4542 5258 4542 4999 4542 4970 4543 5190 4543 4999 4543 4968 4544 5190 4544 4970 4544 5307 4545 5106 4545 5104 4545 5099 4546 5307 4546 5104 4546 5261 4547 5307 4547 5099 4547 5072 4548 5261 4548 5099 4548 5033 4549 5261 4549 5072 4549 5124 4550 5106 4550 5307 4550 5325 4551 5124 4551 5307 4551 5126 4552 5124 4552 5325 4552 5360 4553 5126 4553 5325 4553 5131 4554 5126 4554 5360 4554 5132 4555 5131 4555 5360 4555 5375 4556 5132 4556 5360 4556 5136 4557 5132 4557 5375 4557 5414 4558 5136 4558 5375 4558 5135 4559 5136 4559 5414 4559 5395 4560 5127 4560 5129 4560 5130 4561 5395 4561 5129 4561 5402 4562 5395 4562 5130 4562 5133 4563 5402 4563 5130 4563 5414 4564 5402 4564 5133 4564 5134 4565 5414 4565 5133 4565 5135 4566 5414 4566 5134 4566 5350 4567 5343 4567 5102 4567 5105 4568 5350 4568 5102 4568 5395 4569 5350 4569 5105 4569 5125 4570 5395 4570 5105 4570 5127 4571 5395 4571 5125 4571 5301 4572 5288 4572 5019 4572 5080 4573 5301 4573 5019 4573 5343 4574 5301 4574 5080 4574 5101 4575 5343 4575 5080 4575 5102 4576 5343 4576 5101 4576 4958 4577 5237 4577 5221 4577 5237 4578 4958 4578 4992 4578 5002 4579 5237 4579 4992 4579 5288 4580 5237 4580 5002 4580 5010 4581 5288 4581 5002 4581 5019 4582 5288 4582 5010 4582 5166 4583 5149 4583 4882 4583 5166 4584 4882 4584 4904 4584 4946 4585 5166 4585 4904 4585 5221 4586 5166 4586 4946 4586 4957 4587 5221 4587 4946 4587 4958 4588 5221 4588 4957 4588 5048 4589 5030 4589 4811 4589 4847 4590 5048 4590 4811 4590 5149 4591 5048 4591 4847 4591 4849 4592 5149 4592 4847 4592 4877 4593 5149 4593 4849 4593 4921 4594 4558 4594 4641 4594 4668 4595 4921 4595 4641 4595 5030 4596 4921 4596 4668 4596 4804 4597 5030 4597 4668 4597 4811 4598 5030 4598 4804 4598 4378 4599 4452 4599 4497 4599 4421 4600 4452 4600 4378 4600 4233 4601 4242 4601 4283 4601 4332 4602 4233 4602 4283 4602 4378 4603 4233 4603 4332 4603 4366 4604 4378 4604 4332 4604 4421 4605 4378 4605 4366 4605 4091 4606 4107 4606 4124 4606 4153 4607 4091 4607 4124 4607 4233 4608 4091 4608 4153 4608 4205 4609 4233 4609 4153 4609 4242 4610 4233 4610 4205 4610 4091 4611 3948 4611 4010 4611 4072 4612 4091 4612 4010 4612 4107 4613 4091 4613 4072 4613 3793 4614 3767 4614 3772 4614 3855 4615 3793 4615 3772 4615 3943 4616 3793 4616 3855 4616 3920 4617 3943 4617 3855 4617 3945 4618 3943 4618 3920 4618 3642 4619 3534 4619 3614 4619 3615 4620 3642 4620 3614 4620 3626 4621 3642 4621 3615 4621 3522 4622 3426 4622 3461 4622 3499 4623 3522 4623 3461 4623 3501 4624 3522 4624 3499 4624 3264 4625 3248 4625 3234 4625 3386 4626 3248 4626 3264 4626 3319 4627 3386 4627 3264 4627 3362 4628 3386 4628 3319 4628 3103 4629 3097 4629 3114 4629 3169 4630 3103 4630 3114 4630 3248 4631 3103 4631 3169 4631 3206 4632 3248 4632 3169 4632 3234 4633 3248 4633 3206 4633 3103 4634 2970 4634 3034 4634 3043 4635 3103 4635 3034 4635 3097 4636 3103 4636 3043 4636 2869 4637 2841 4637 2834 4637 2970 4638 2877 4638 2935 4638 2970 4639 2935 4639 2956 4639 2961 4640 2970 4640 2956 4640 3034 4641 2970 4641 2961 4641 2841 4642 2717 4642 2740 4642 2773 4643 2841 4643 2740 4643 2834 4644 2841 4644 2773 4644 2717 4645 2615 4645 2707 4645 2719 4646 2717 4646 2707 4646 2740 4647 2717 4647 2719 4647 2596 4648 2582 4648 2584 4648 2582 4649 2436 4649 2462 4649 2556 4650 2582 4650 2462 4650 2584 4651 2582 4651 2556 4651 2436 4652 2389 4652 2398 4652 2436 4653 2398 4653 2439 4653 2446 4654 2436 4654 2439 4654 2462 4655 2436 4655 2446 4655 2290 4656 2296 4656 2299 4656 2158 4657 2071 4657 2138 4657 2158 4658 2138 4658 2150 4658 2200 4659 2158 4659 2150 4659 2224 4660 2158 4660 2200 4660 1906 4661 1925 4661 1940 4661 1997 4662 1906 4662 1940 4662 2030 4663 1906 4663 1997 4663 2019 4664 2030 4664 1997 4664 2066 4665 2030 4665 2019 4665 1862 4666 1764 4666 1841 4666 1906 4667 1764 4667 1862 4667 1885 4668 1906 4668 1862 4668 1925 4669 1906 4669 1885 4669 1764 4670 1749 4670 1765 4670 1802 4671 1764 4671 1765 4671 1841 4672 1764 4672 1802 4672 1612 4673 1696 4673 1622 4673 1496 4674 1612 4674 1622 4674 1604 4675 1612 4675 1496 4675 1476 4676 1362 4676 1451 4676 1496 4677 1477 4677 1548 4677 1576 4678 1496 4678 1548 4678 1604 4679 1496 4679 1576 4679 1362 4680 1220 4680 1352 4680 1407 4681 1362 4681 1352 4681 1451 4682 1362 4682 1407 4682 1220 4683 1254 4683 1335 4683 1349 4684 1220 4684 1335 4684 1352 4685 1220 4685 1349 4685 1081 4686 1145 4686 1196 4686 1229 4687 1081 4687 1196 4687 1233 4688 1081 4688 1229 4688 710 4689 991 4689 1006 4689 1021 4690 710 4690 1006 4690 1057 4691 710 4691 1021 4691 617 4692 880 4692 882 4692 923 4693 617 4693 882 4693 945 4694 617 4694 923 4694 617 4695 560 4695 801 4695 873 4696 617 4696 801 4696 880 4697 617 4697 873 4697 745 4698 800 4698 560 4698 493 4699 745 4699 560 4699 712 4700 745 4700 493 4700 685 4701 458 4701 684 4701 493 4702 688 4702 695 4702 704 4703 493 4703 695 4703 712 4704 493 4704 704 4704 458 4705 430 4705 669 4705 672 4706 458 4706 669 4706 684 4707 458 4707 672 4707 430 4708 664 4708 662 4708 663 4709 430 4709 662 4709 669 4710 430 4710 663 4710 668 4711 665 4711 418 4711 670 4712 668 4712 418 4712 440 4713 689 4713 687 4713 686 4714 440 4714 687 4714 418 4715 440 4715 686 4715 673 4716 418 4716 686 4716 670 4717 418 4717 673 4717 471 4718 813 4718 756 4718 735 4719 471 4719 756 4719 725 4720 471 4720 735 4720 536 4721 956 4721 890 4721 872 4722 536 4722 890 4722 849 4723 536 4723 872 4723 1020 4724 675 4724 1044 4724 836 4725 1161 4725 1147 4725 1093 4726 836 4726 1147 4726 675 4727 836 4727 1093 4727 1065 4728 675 4728 1093 4728 1044 4729 675 4729 1065 4729 836 4730 1012 4730 1210 4730 1203 4731 836 4731 1210 4731 1161 4732 836 4732 1203 4732 1012 4733 1341 4733 1259 4733 1258 4734 1012 4734 1259 4734 1210 4735 1012 4735 1258 4735 1156 4736 1353 4736 1346 4736 4711 4737 4737 4737 5063 4737 5020 4738 4711 4738 5063 4738 4713 4739 4711 4739 5020 4739 5020 4740 4689 4740 4698 4740 5020 4741 4698 4741 4707 4741 4715 4742 5020 4742 4707 4742 4713 4743 5020 4743 4715 4743 4986 4744 4659 4744 4676 4744 4927 4745 4582 4745 4596 4745 4633 4746 4927 4746 4596 4746 4637 4747 4927 4747 4633 4747 4482 4748 4518 4748 4864 4748 4551 4749 4364 4749 4365 4749 4379 4750 4551 4750 4365 4750 4797 4751 4551 4751 4379 4751 4453 4752 4797 4752 4379 4752 4472 4753 4797 4753 4453 4753 4551 4754 4369 4754 4279 4754 4326 4755 4551 4755 4279 4755 4364 4756 4551 4756 4326 4756 4369 4757 4158 4757 4184 4757 4369 4758 4184 4758 4248 4758 4277 4759 4369 4759 4248 4759 4279 4760 4369 4760 4277 4760 4039 4761 4213 4761 4085 4761 4213 4762 4039 4762 4100 4762 4136 4763 4213 4763 4100 4763 4156 4764 4213 4764 4136 4764 4085 4765 3951 4765 3985 4765 4007 4766 4085 4766 3985 4766 4039 4767 4085 4767 4007 4767 3787 4768 3743 4768 3784 4768 3799 4769 3787 4769 3784 4769 3934 4770 3787 4770 3799 4770 3854 4771 3934 4771 3799 4771 3889 4772 3934 4772 3854 4772 3829 4773 3759 4773 3647 4773 3648 4774 3829 4774 3647 4774 3931 4775 3829 4775 3648 4775 3715 4776 3931 4776 3648 4776 3728 4777 3931 4777 3715 4777 3524 4778 3657 4778 3604 4778 3657 4779 3524 4779 3567 4779 3570 4780 3657 4780 3567 4780 3759 4781 3657 4781 3570 4781 3632 4782 3759 4782 3570 4782 3647 4783 3759 4783 3632 4783 3399 4784 3471 4784 3443 4784 3471 4785 3399 4785 3416 4785 3425 4786 3471 4786 3416 4786 3604 4787 3471 4787 3425 4787 3491 4788 3604 4788 3425 4788 3524 4789 3604 4789 3491 4789 3310 4790 3287 4790 3261 4790 3310 4791 3261 4791 3262 4791 3274 4792 3310 4792 3262 4792 3443 4793 3310 4793 3274 4793 3345 4794 3443 4794 3274 4794 3399 4795 3443 4795 3345 4795 3156 4796 3150 4796 3117 4796 3287 4797 3156 4797 3117 4797 3118 4798 3287 4798 3117 4798 3204 4799 3287 4799 3118 4799 2879 4800 2987 4800 2858 4800 2987 4801 2879 4801 2955 4801 2965 4802 2987 4802 2955 4802 2999 4803 2987 4803 2965 4803 2991 4804 2999 4804 2965 4804 3150 4805 2999 4805 2991 4805 3042 4806 3150 4806 2991 4806 3115 4807 3150 4807 3042 4807 2727 4808 2812 4808 2702 4808 2812 4809 2727 4809 2796 4809 2804 4810 2812 4810 2796 4810 2858 4811 2812 4811 2804 4811 2842 4812 2858 4812 2804 4812 2879 4813 2858 4813 2842 4813 2573 4814 2559 4814 2569 4814 2658 4815 2559 4815 2573 4815 2658 4816 2573 4816 2637 4816 2666 4817 2658 4817 2637 4817 2702 4818 2658 4818 2666 4818 2703 4819 2702 4819 2666 4819 2727 4820 2702 4820 2703 4820 2412 4821 2482 4821 2401 4821 2482 4822 2412 4822 2440 4822 2493 4823 2482 4823 2440 4823 2559 4824 2482 4824 2493 4824 2541 4825 2559 4825 2493 4825 2569 4826 2559 4826 2541 4826 2249 4827 2212 4827 2252 4827 2261 4828 2249 4828 2252 4828 2319 4829 2249 4829 2261 4829 2323 4830 2319 4830 2261 4830 2401 4831 2319 4831 2323 4831 2367 4832 2401 4832 2323 4832 2412 4833 2401 4833 2367 4833 1292 4834 1586 4834 1478 4834 1454 4835 1292 4835 1478 4835 1156 4836 1292 4836 1454 4836 1373 4837 1156 4837 1454 4837 1353 4838 1156 4838 1373 4838 1713 4839 1589 4839 1430 4839 1563 4840 1713 4840 1430 4840 1718 4841 1713 4841 1563 4841 1815 4842 1718 4842 1563 4842 1708 4843 1933 4843 1832 4843 1836 4844 2049 4844 1943 4844 1963 4845 2164 4845 2073 4845 2095 4846 2234 4846 2276 4846 2207 4847 2095 4847 2276 4847 2383 4848 2544 4848 2459 4848 2413 4849 2383 4849 2459 4849 2234 4850 2383 4850 2413 4850 2333 4851 2234 4851 2413 4851 2276 4852 2234 4852 2333 4852 2650 4853 2600 4853 2507 4853 2639 4854 2650 4854 2507 4854 2729 4855 2650 4855 2639 4855 2867 4856 2764 4856 2774 4856 2916 4857 2867 4857 2774 4857 2893 4858 2867 4858 2916 4858 2976 4859 2893 4859 2916 4859 3439 4860 3585 4860 3484 4860 3375 4861 3439 4861 3484 4861 3730 4862 3718 4862 3618 4862 3602 4863 3730 4863 3618 4863 3585 4864 3730 4864 3602 4864 3494 4865 3585 4865 3602 4865 3484 4866 3585 4866 3494 4866 3838 4867 3746 4867 3868 4867 3997 4868 3838 4868 3868 4868 3887 4869 3838 4869 3997 4869 3952 4870 3887 4870 3997 4870 4074 4871 3987 4871 4159 4871 4312 4872 4074 4872 4159 4872 4129 4873 4074 4873 4312 4873 4173 4874 4129 4874 4312 4874 4463 4875 4299 4875 4240 4875 4564 4876 4500 4876 4891 4876 4959 4877 4564 4877 4891 4877 5001 4878 4709 4878 4655 4878 4638 4879 5001 4879 4655 4879 4959 4880 5001 4880 4638 4880 4575 4881 4959 4881 4638 4881 4564 4882 4959 4882 4575 4882 4786 4883 4718 4883 5050 4883 5075 4884 4786 4884 5050 4884 4785 4885 4786 4885 5075 4885 4746 4886 4785 4886 5075 4886 4688 4887 4743 4887 5067 4887 5025 4888 4688 4888 5067 4888 4678 4889 4688 4889 5025 4889 4605 4890 4678 4890 5025 4890 4990 4891 4539 4891 4598 4891 4932 4892 4428 4892 4520 4892 4236 4893 4801 4893 4555 4893 4344 4894 4406 4894 4871 4894 4801 4895 4344 4895 4871 4895 4310 4896 4344 4896 4801 4896 4236 4897 4310 4897 4801 4897 4377 4898 3994 4898 4070 4898 4133 4899 4377 4899 4070 4899 4555 4900 4377 4900 4133 4900 4179 4901 4555 4901 4133 4901 4236 4902 4555 4902 4179 4902 4090 4903 3812 4903 3905 4903 3949 4904 4090 4904 3905 4904 4231 4905 4090 4905 3949 4905 3679 4906 3773 4906 3942 4906 3792 4907 3679 4907 3942 4907 3655 4908 3679 4908 3792 4908 3562 4909 3655 4909 3792 4909 3064 4910 3247 4910 3101 4910 3203 4911 3296 4911 3385 4911 3247 4912 3203 4912 3385 4912 3193 4913 3203 4913 3247 4913 3064 4914 3193 4914 3247 4914 2969 4915 2826 4915 2923 4915 2951 4916 2969 4916 2923 4916 3101 4917 2969 4917 2951 4917 3058 4918 3101 4918 2951 4918 3064 4919 3101 4919 3058 4919 2718 4920 2793 4920 2840 4920 2714 4921 2718 4921 2840 4921 2668 4922 2718 4922 2714 4922 2593 4923 2668 4923 2714 4923 2458 4924 2552 4924 2579 4924 2435 4925 2458 4925 2579 4925 2405 4926 2458 4926 2435 4926 2346 4927 2405 4927 2435 4927 2020 4928 2105 4928 2029 4928 1905 4929 2020 4929 2029 4929 1763 4930 1767 4930 1875 4930 1901 4931 1763 4931 1875 4931 1905 4932 1763 4932 1901 4932 1993 4933 1905 4933 1901 4933 2020 4934 1905 4934 1993 4934 1657 4935 1754 4935 1620 4935 1495 4936 1657 4936 1620 4936 1633 4937 1657 4937 1495 4937 1534 4938 1633 4938 1495 4938 1219 4939 1313 4939 1409 4939 1424 4940 1219 4940 1409 4940 1360 4941 1219 4941 1424 4941 1080 4942 1214 4942 1303 4942 937 4943 1118 4943 1190 4943 709 4944 1030 4944 1085 4944 616 4945 557 4945 949 4945 995 4946 616 4946 949 4946 492 4947 796 4947 819 4947 871 4948 492 4948 819 4948 557 4949 492 4949 871 4949 903 4950 557 4950 871 4950 949 4951 557 4951 903 4951 429 4952 714 4952 758 4952 766 4953 429 4953 758 4953 457 4954 429 4954 766 4954 763 4955 737 4955 419 4955 441 4956 763 4956 419 4956 779 4957 763 4957 441 4957 810 4958 779 4958 441 4958 590 4959 1067 4959 990 4959 676 4960 838 4960 1178 4960 1077 4961 676 4961 1178 4961 1013 4962 1374 4962 1275 4962 1262 4963 1013 4963 1275 4963 838 4964 1013 4964 1262 4964 1182 4965 838 4965 1262 4965 1178 4966 838 4966 1182 4966 1481 4967 1397 4967 1157 4967 1294 4968 1481 4968 1157 4968 1526 4969 1481 4969 1294 4969 1590 4970 1526 4970 1294 4970 1715 4971 1628 4971 1434 4971 1567 4972 1715 4972 1434 4972 1757 4973 1715 4973 1567 4973 1817 4974 1757 4974 1567 4974 2257 4975 2165 4975 2096 4975 2235 4976 2257 4976 2096 4976 2384 4977 2533 4977 2414 4977 2395 4978 2384 4978 2414 4978 2235 4979 2384 4979 2395 4979 2277 4980 2235 4980 2395 4980 2257 4981 2235 4981 2277 4981 2647 4982 2545 4982 2508 4982 2640 4983 2647 4983 2508 4983 2765 4984 2647 4984 2640 4984 2894 4985 2777 4985 2775 4985 2917 4986 2894 4986 2775 4986 2910 4987 2894 4987 2917 4987 3010 4988 2910 4988 2917 4988 3048 4989 3127 4989 3040 4989 3189 4990 3250 4990 3166 4990 3303 4991 3374 4991 3284 4991 3440 4992 3586 4992 3483 4992 3418 4993 3440 4993 3483 4993 3586 4994 3734 4994 3600 4994 3554 4995 3586 4995 3600 4995 3483 4996 3586 4996 3554 4996 3801 4997 3719 4997 3872 4997 3999 4998 3801 4998 3872 4998 3839 4999 3801 4999 3999 4999 3929 5000 3839 5000 3999 5000 4045 5001 3953 5001 4160 5001 4313 5002 4045 5002 4160 5002 4079 5003 4045 5003 4313 5003 4171 5004 4079 5004 4313 5004 4644 5005 4385 5005 4304 5005 4838 5006 4503 5006 4392 5006 4893 5007 4960 5007 4579 5007 4515 5008 4893 5008 4579 5008 5003 5009 4714 5009 4674 5009 4654 5010 5003 5010 4674 5010 4960 5011 5003 5011 4654 5011 4592 5012 4960 5012 4654 5012 4579 5013 4960 5013 4592 5013 4766 5014 4734 5014 5051 5014 5076 5015 4766 5015 5051 5015 4790 5016 4766 5016 5076 5016 4732 5017 4790 5017 5076 5017 4680 5018 4720 5018 5066 5018 5024 5019 4680 5019 5066 5019 4645 5020 4680 5020 5024 5020 4603 5021 4645 5021 5024 5021 4355 5022 4427 5022 4870 5022 4800 5023 4355 5023 4870 5023 4800 5024 4554 5024 4246 5024 4345 5025 4800 5025 4246 5025 4355 5026 4800 5026 4345 5026 4374 5027 4000 5027 4134 5027 4138 5028 4374 5028 4134 5028 4554 5029 4374 5029 4138 5029 4237 5030 4554 5030 4138 5030 4246 5031 4554 5031 4237 5031 3906 5032 3995 5032 4230 5032 4089 5033 3906 5033 4230 5033 3901 5034 3906 5034 4089 5034 3774 5035 3901 5035 4089 5035 3654 5036 3755 5036 3940 5036 3790 5037 3654 5037 3940 5037 3622 5038 3654 5038 3790 5038 3545 5039 3622 5039 3790 5039 3640 5040 3423 5040 3503 5040 3511 5041 3295 5041 3389 5041 3384 5042 3246 5042 3202 5042 3258 5043 3384 5043 3202 5043 2968 5044 2874 5044 2950 5044 2995 5045 2968 5045 2950 5045 3100 5046 2968 5046 2995 5046 3063 5047 3100 5047 2995 5047 3246 5048 3100 5048 3063 5048 3120 5049 3246 5049 3063 5049 3202 5050 3246 5050 3120 5050 2747 5051 2824 5051 2839 5051 2712 5052 2747 5052 2839 5052 2716 5053 2747 5053 2712 5053 2611 5054 2716 5054 2712 5054 2463 5055 2592 5055 2578 5055 2433 5056 2463 5056 2578 5056 2457 5057 2463 5057 2433 5057 2363 5058 2457 5058 2433 5058 2297 5059 2220 5059 2345 5059 2155 5060 2102 5060 2215 5060 2028 5061 1903 5061 1981 5061 2088 5062 2028 5062 1981 5062 1762 5063 1753 5063 1843 5063 1874 5064 1762 5064 1843 5064 1903 5065 1762 5065 1874 5065 1960 5066 1903 5066 1874 5066 1981 5067 1903 5067 1960 5067 1634 5068 1720 5068 1619 5068 1494 5069 1634 5069 1619 5069 1597 5070 1634 5070 1494 5070 1537 5071 1597 5071 1494 5071 1427 5072 1479 5072 1359 5072 1218 5073 1427 5073 1359 5073 1365 5074 1427 5074 1218 5074 1314 5075 1365 5075 1218 5075 959 5076 1029 5076 609 5076 556 5077 959 5077 609 5077 491 5078 791 5078 865 5078 874 5079 491 5079 865 5079 556 5080 491 5080 874 5080 946 5081 556 5081 874 5081 959 5082 556 5082 946 5082 746 5083 790 5083 456 5083 428 5084 746 5084 456 5084 741 5085 746 5085 428 5085 730 5086 741 5086 428 5086 778 5087 728 5087 420 5087 442 5088 778 5088 420 5088 783 5089 778 5089 442 5089 827 5090 783 5090 442 5090 473 5091 922 5091 846 5091 538 5092 994 5092 942 5092 591 5093 1074 5093 1024 5093 1180 5094 1120 5094 677 5094 839 5095 1180 5095 677 5095 1223 5096 1180 5096 839 5096 1016 5097 1223 5097 839 5097 1265 5098 1223 5098 1016 5098 1344 5099 1265 5099 1016 5099 1446 5100 1376 5100 1158 5100 1295 5101 1446 5101 1158 5101 1482 5102 1446 5102 1295 5102 1565 5103 1482 5103 1295 5103 1692 5104 1591 5104 1437 5104 1569 5105 1692 5105 1437 5105 1714 5106 1692 5106 1569 5106 1797 5107 1714 5107 1569 5107 1710 5108 1934 5108 1816 5108 1965 5109 2167 5109 2059 5109 2097 5110 2236 5110 2278 5110 2190 5111 2097 5111 2278 5111 2385 5112 2546 5112 2442 5112 2415 5113 2385 5113 2442 5113 2236 5114 2385 5114 2415 5114 2305 5115 2236 5115 2415 5115 2278 5116 2236 5116 2305 5116 2651 5117 2585 5117 2509 5117 2641 5118 2651 5118 2509 5118 2721 5119 2651 5119 2641 5119 2766 5120 2721 5120 2641 5120 2895 5121 2832 5121 2779 5121 2918 5122 2895 5122 2779 5122 2958 5123 2895 5123 2918 5123 3463 5124 3376 5124 3442 5124 3588 5125 3463 5125 3442 5125 3739 5126 3724 5126 3606 5126 3597 5127 3739 5127 3606 5127 3588 5128 3739 5128 3597 5128 3485 5129 3588 5129 3597 5129 3463 5130 3588 5130 3485 5130 3843 5131 3732 5131 3881 5131 4002 5132 3843 5132 3881 5132 3850 5133 3843 5133 4002 5133 3955 5134 3850 5134 4002 5134 4080 5135 3980 5135 4161 5135 4314 5136 4080 5136 4161 5136 4110 5137 4080 5137 4314 5137 4174 5138 4110 5138 4314 5138 4466 5139 4302 5139 4209 5139 4647 5140 4381 5140 4339 5140 4839 5141 4501 5141 4435 5141 4547 5142 4894 5142 4961 5142 5004 5143 4700 5143 4652 5143 4625 5144 5004 5144 4652 5144 4961 5145 5004 5145 4625 5145 4574 5146 4961 5146 4625 5146 4547 5147 4961 5147 4574 5147 4780 5148 4716 5148 5052 5148 5078 5149 4780 5149 5052 5149 4776 5150 4780 5150 5078 5150 4757 5151 4776 5151 5078 5151 4692 5152 4738 5152 5065 5152 5022 5153 4692 5153 5065 5153 4687 5154 4692 5154 5022 5154 4609 5155 4687 5155 5022 5155 4988 5156 4540 5156 4607 5156 4929 5157 4429 5157 4528 5157 4235 5158 4799 5158 4553 5158 4343 5159 4416 5159 4869 5159 4799 5160 4343 5160 4869 5160 4322 5161 4343 5161 4799 5161 4235 5162 4322 5162 4799 5162 4373 5163 3992 5163 4098 5163 4132 5164 4373 5164 4098 5164 4553 5165 4373 5165 4132 5165 4189 5166 4553 5166 4132 5166 4235 5167 4553 5167 4189 5167 3903 5168 3963 5168 4226 5168 4087 5169 3903 5169 4226 5169 3820 5170 3903 5170 4087 5170 3769 5171 3820 5171 4087 5171 3789 5172 3574 5172 3649 5172 3710 5173 3789 5173 3649 5173 3938 5174 3789 5174 3710 5174 3212 5175 3294 5175 3382 5175 3245 5176 3212 5176 3382 5176 3245 5177 3099 5177 3073 5177 3201 5178 3245 5178 3073 5178 3212 5179 3245 5179 3201 5179 2967 5180 2823 5180 2943 5180 2949 5181 2967 5181 2943 5181 3099 5182 2967 5182 2949 5182 3062 5183 3099 5183 2949 5183 3073 5184 3099 5184 3062 5184 2713 5185 2802 5185 2838 5185 2709 5186 2713 5186 2838 5186 2688 5187 2713 5187 2709 5187 2591 5188 2688 5188 2709 5188 2456 5189 2563 5189 2577 5189 2432 5190 2456 5190 2577 5190 2424 5191 2456 5191 2432 5191 2344 5192 2424 5192 2432 5192 2292 5193 2221 5193 2286 5193 2154 5194 2103 5194 2162 5194 1980 5195 2040 5195 2025 5195 1900 5196 1980 5196 2025 5196 1912 5197 1980 5197 1900 5197 1759 5198 1912 5198 1900 5198 1759 5199 1618 5199 1782 5199 1873 5200 1759 5200 1782 5200 1912 5201 1759 5201 1873 5201 1493 5202 1546 5202 1632 5202 1665 5203 1493 5203 1632 5203 1618 5204 1493 5204 1665 5204 1752 5205 1618 5205 1665 5205 1782 5206 1618 5206 1752 5206 1435 5207 1536 5207 1358 5207 1217 5208 1435 5208 1358 5208 1422 5209 1435 5209 1217 5209 1315 5210 1422 5210 1217 5210 1073 5211 1212 5211 1308 5211 934 5212 1115 5212 1206 5212 707 5213 1027 5213 1108 5213 606 5214 555 5214 947 5214 1008 5215 606 5215 947 5215 490 5216 795 5216 829 5216 869 5217 490 5217 829 5217 555 5218 490 5218 869 5218 924 5219 555 5219 869 5219 947 5220 555 5220 924 5220 759 5221 776 5221 455 5221 427 5222 759 5222 455 5222 723 5223 759 5223 427 5223 739 5224 723 5224 427 5224 443 5225 805 5225 781 5225 751 5226 443 5226 781 5226 421 5227 443 5227 751 5227 1174 5228 1070 5228 678 5228 840 5229 1174 5229 678 5229 1017 5230 1375 5230 1263 5230 1261 5231 1017 5231 1263 5231 840 5232 1017 5232 1261 5232 1179 5233 840 5233 1261 5233 1174 5234 840 5234 1179 5234 1483 5235 1386 5235 1159 5235 1296 5236 1483 5236 1159 5236 1498 5237 1483 5237 1296 5237 1592 5238 1498 5238 1296 5238 1716 5239 1609 5239 1438 5239 1571 5240 1716 5240 1438 5240 1745 5241 1716 5241 1571 5241 1818 5242 1745 5242 1571 5242 1711 5243 1938 5243 1866 5243 1840 5244 2055 5244 1994 5244 1966 5245 2169 5245 2113 5245 2239 5246 2098 5246 2237 5246 2387 5247 2501 5247 2416 5247 2374 5248 2387 5248 2416 5248 2237 5249 2387 5249 2374 5249 2279 5250 2237 5250 2374 5250 2239 5251 2237 5251 2279 5251 2620 5252 2547 5252 2510 5252 2642 5253 2620 5253 2510 5253 2664 5254 2620 5254 2642 5254 2756 5255 2664 5255 2642 5255 2889 5256 2767 5256 2780 5256 2919 5257 2889 5257 2780 5257 2896 5258 2889 5258 2919 5258 3013 5259 2896 5259 2919 5259 3051 5260 3129 5260 3029 5260 3196 5261 3254 5261 3140 5261 3317 5262 3378 5262 3268 5262 3444 5263 3591 5263 3486 5263 3406 5264 3444 5264 3486 5264 3740 5265 3721 5265 3652 5265 3605 5266 3740 5266 3652 5266 3591 5267 3740 5267 3605 5267 3531 5268 3591 5268 3605 5268 3486 5269 3591 5269 3531 5269 3842 5270 3782 5270 3883 5270 4003 5271 3842 5271 3883 5271 3911 5272 3842 5272 4003 5272 4033 5273 3954 5273 4162 5273 4315 5274 4033 5274 4162 5274 4081 5275 4033 5275 4315 5275 4151 5276 4081 5276 4315 5276 4583 5277 4504 5277 4895 5277 4962 5278 4583 5278 4895 5278 4657 5279 4583 5279 4962 5279 5005 5280 4657 5280 4962 5280 4669 5281 4657 5281 5005 5281 4719 5282 4669 5282 5005 5282 4777 5283 4727 5283 5053 5283 5077 5284 4777 5284 5053 5284 4793 5285 4777 5285 5077 5285 4736 5286 4793 5286 5077 5286 4681 5287 4729 5287 5064 5287 5021 5288 4681 5288 5064 5288 4666 5289 4681 5289 5021 5289 4602 5290 4666 5290 5021 5290 4987 5291 4532 5291 4580 5291 4928 5292 4426 5292 4480 5292 4286 5293 4342 5293 4798 5293 4552 5294 4286 5294 4798 5294 4372 5295 4037 5295 4131 5295 4154 5296 4372 5296 4131 5296 4552 5297 4372 5297 4154 5297 4234 5298 4552 5298 4154 5298 4286 5299 4552 5299 4234 5299 3909 5300 3993 5300 4217 5300 4086 5301 3909 5301 4217 5301 3904 5302 3909 5302 4086 5302 3778 5303 3904 5303 4086 5303 3651 5304 3770 5304 3936 5304 3788 5305 3651 5305 3936 5305 3645 5306 3651 5306 3788 5306 3543 5307 3645 5307 3788 5307 3637 5308 3421 5308 3526 5308 3505 5309 3293 5309 3403 5309 3061 5310 3244 5310 3098 5310 3200 5311 3271 5311 3381 5311 3244 5312 3200 5312 3381 5312 3143 5313 3200 5313 3244 5313 3061 5314 3143 5314 3244 5314 2966 5315 2822 5315 2886 5315 2948 5316 2966 5316 2886 5316 3098 5317 2966 5317 2948 5317 3032 5318 3098 5318 2948 5318 3061 5319 3098 5319 3032 5319 2706 5320 2616 5320 2710 5320 2751 5321 2706 5321 2710 5321 2837 5322 2706 5322 2751 5322 2498 5323 2589 5323 2576 5323 2431 5324 2498 5324 2576 5324 2455 5325 2498 5325 2431 5325 2378 5326 2455 5326 2431 5326 1985 5327 2099 5327 2024 5327 1899 5328 1985 5328 2024 5328 1751 5329 1755 5329 1617 5329 1755 5330 1751 5330 1863 5330 1872 5331 1755 5331 1863 5331 1899 5332 1755 5332 1872 5332 1976 5333 1899 5333 1872 5333 1985 5334 1899 5334 1976 5334 1492 5335 1533 5335 1606 5335 1631 5336 1492 5336 1606 5336 1617 5337 1492 5337 1631 5337 1740 5338 1617 5338 1631 5338 1751 5339 1617 5339 1740 5339 1423 5340 1501 5340 1356 5340 1216 5341 1423 5341 1356 5341 1392 5342 1423 5342 1216 5342 1311 5343 1392 5343 1216 5343 1071 5344 1213 5344 1267 5344 933 5345 1116 5345 1172 5345 967 5346 1028 5346 604 5346 554 5347 967 5347 604 5347 489 5348 803 5348 867 5348 884 5349 489 5349 867 5349 554 5350 489 5350 884 5350 948 5351 554 5351 884 5351 967 5352 554 5352 948 5352 754 5353 793 5353 454 5353 426 5354 754 5354 454 5354 748 5355 754 5355 426 5355 720 5356 748 5356 426 5356 773 5357 727 5357 422 5357 444 5358 773 5358 422 5358 774 5359 773 5359 444 5359 825 5360 774 5360 444 5360 475 5361 920 5361 833 5361 540 5362 993 5362 927 5362 593 5363 1076 5363 1014 5363 680 5364 841 5364 1181 5364 1111 5365 680 5365 1181 5365 1018 5366 1377 5366 1309 5366 1266 5367 1018 5367 1309 5367 841 5368 1018 5368 1266 5368 1204 5369 841 5369 1266 5369 1181 5370 841 5370 1204 5370 1485 5371 1431 5371 1160 5371 1297 5372 1485 5372 1160 5372 1549 5373 1485 5373 1297 5373 1669 5374 1593 5374 1440 5374 1572 5375 1669 5375 1440 5375 1717 5376 1669 5376 1572 5376 1785 5377 1717 5377 1572 5377 2100 5378 2238 5378 2280 5378 2168 5379 2100 5379 2280 5379 2388 5380 2548 5380 2422 5380 2418 5381 2388 5381 2422 5381 2238 5382 2388 5382 2418 5382 2283 5383 2238 5383 2418 5383 2280 5384 2238 5384 2283 5384 2665 5385 2570 5385 2511 5385 2643 5386 2665 5386 2511 5386 2693 5387 2665 5387 2643 5387 2768 5388 2693 5388 2643 5388 2897 5389 2806 5389 2782 5389 2920 5390 2897 5390 2782 5390 2946 5391 2897 5391 2920 5391 3022 5392 2946 5392 2920 5392 3052 5393 3130 5393 3069 5393 3457 5394 3379 5394 3446 5394 3592 5395 3457 5395 3446 5395 3742 5396 3713 5396 3608 5396 3577 5397 3742 5397 3608 5397 3592 5398 3742 5398 3577 5398 3488 5399 3592 5399 3577 5399 3457 5400 3592 5400 3488 5400 3823 5401 3725 5401 3884 5401 4004 5402 3823 5402 3884 5402 3844 5403 3823 5403 4004 5403 3956 5404 3844 5404 4004 5404 4082 5405 3960 5405 4163 5405 4316 5406 4082 5406 4163 5406 4095 5407 4082 5407 4316 5407 4177 5408 4095 5408 4316 5408 4470 5409 4305 5409 4187 5409 4651 5410 4382 5410 4324 5410 4842 5411 4502 5411 4419 5411 4896 5412 4964 5412 4576 5412 4533 5413 4896 5413 4576 5413 5006 5414 4712 5414 4694 5414 4653 5415 5006 5415 4694 5415 4964 5416 5006 5416 4653 5416 4611 5417 4964 5417 4653 5417 4576 5418 4964 5418 4611 5418 5079 5419 4782 5419 4767 5419 4754 5420 5079 5420 4767 5420 5054 5421 5079 5421 4754 5421 4538 5422 4558 5422 4921 5422 4911 5423 4538 5423 4921 5423 4497 5424 4538 5424 4911 5424 4810 5425 4497 5425 4911 5425 4378 5426 4497 5426 4810 5426 4759 5427 4378 5427 4810 5427 4233 5428 4378 5428 4759 5428 4440 5429 4301 5429 4091 5429 4233 5430 4440 5430 4091 5430 4513 5431 4440 5431 4233 5431 4759 5432 4513 5432 4233 5432 4091 5433 4301 5433 4219 5433 3943 5434 4091 5434 4219 5434 3948 5435 4091 5435 3943 5435 3945 5436 3948 5436 3943 5436 4012 5437 3941 5437 3793 5437 3943 5438 4012 5438 3793 5438 4118 5439 4012 5439 3943 5439 4219 5440 4118 5440 3943 5440 3793 5441 3941 5441 3826 5441 3642 5442 3793 5442 3826 5442 3696 5443 3793 5443 3642 5443 3626 5444 3696 5444 3642 5444 3642 5445 3765 5445 3661 5445 3522 5446 3642 5446 3661 5446 3534 5447 3642 5447 3522 5447 3501 5448 3534 5448 3522 5448 3522 5449 3613 5449 3476 5449 3386 5450 3522 5450 3476 5450 3426 5451 3522 5451 3386 5451 3369 5452 3426 5452 3386 5452 3386 5453 3476 5453 3454 5453 3314 5454 3386 5454 3454 5454 3248 5455 3386 5455 3314 5455 3292 5456 3248 5456 3314 5456 3103 5457 3248 5457 3292 5457 3152 5458 3005 5458 2970 5458 3103 5459 3152 5459 2970 5459 3163 5460 3152 5460 3103 5460 3292 5461 3163 5461 3103 5461 2970 5462 3005 5462 2986 5462 2841 5463 2970 5463 2986 5463 2877 5464 2970 5464 2841 5464 2869 5465 2877 5465 2841 5465 2817 5466 2715 5466 2717 5466 2841 5467 2817 5467 2717 5467 2864 5468 2817 5468 2841 5468 2986 5469 2864 5469 2841 5469 2717 5470 2715 5470 2663 5470 2582 5471 2717 5471 2663 5471 2615 5472 2717 5472 2582 5472 2596 5473 2615 5473 2582 5473 2487 5474 2411 5474 2436 5474 2582 5475 2487 5475 2436 5475 2568 5476 2487 5476 2582 5476 2663 5477 2568 5477 2582 5477 2436 5478 2411 5478 2314 5478 2299 5479 2436 5479 2314 5479 2389 5480 2436 5480 2299 5480 2308 5481 2389 5481 2299 5481 2299 5482 2255 5482 2144 5482 2158 5483 2299 5483 2144 5483 2290 5484 2299 5484 2158 5484 2224 5485 2290 5485 2158 5485 2158 5486 2111 5486 1982 5486 2030 5487 2158 5487 1982 5487 2071 5488 2158 5488 2030 5488 2066 5489 2071 5489 2030 5489 1794 5490 1653 5490 1764 5490 1906 5491 1794 5491 1764 5491 1806 5492 1794 5492 1906 5492 2030 5493 1806 5493 1906 5493 1952 5494 1806 5494 2030 5494 1982 5495 1952 5495 2030 5495 1764 5496 1653 5496 1640 5496 1622 5497 1764 5497 1640 5497 1749 5498 1764 5498 1622 5498 1701 5499 1749 5499 1622 5499 1465 5500 1337 5500 1496 5500 1622 5501 1465 5501 1496 5501 1491 5502 1465 5502 1622 5502 1640 5503 1491 5503 1622 5503 1496 5504 1337 5504 1287 5504 1362 5505 1496 5505 1287 5505 1477 5506 1496 5506 1362 5506 1476 5507 1477 5507 1362 5507 1099 5508 977 5508 1220 5508 1362 5509 1099 5509 1220 5509 1169 5510 1099 5510 1362 5510 1287 5511 1169 5511 1362 5511 1220 5512 977 5512 863 5512 1081 5513 1220 5513 863 5513 1254 5514 1220 5514 1081 5514 1233 5515 1254 5515 1081 5515 1081 5516 702 5516 610 5516 939 5517 1081 5517 610 5517 1145 5518 1081 5518 939 5518 1122 5519 1145 5519 939 5519 939 5520 575 5520 483 5520 710 5521 939 5521 483 5521 1113 5522 939 5522 710 5522 1057 5523 1113 5523 710 5523 710 5524 453 5524 376 5524 617 5525 710 5525 376 5525 991 5526 710 5526 617 5526 945 5527 991 5527 617 5527 306 5528 251 5528 493 5528 560 5529 306 5529 493 5529 311 5530 306 5530 560 5530 617 5531 311 5531 560 5531 365 5532 311 5532 617 5532 376 5533 365 5533 617 5533 493 5534 251 5534 242 5534 458 5535 493 5535 242 5535 688 5536 493 5536 458 5536 685 5537 688 5537 458 5537 192 5538 156 5538 430 5538 458 5539 192 5539 430 5539 201 5540 192 5540 458 5540 242 5541 201 5541 458 5541 430 5542 156 5542 145 5542 418 5543 430 5543 145 5543 664 5544 430 5544 418 5544 665 5545 664 5545 418 5545 164 5546 175 5546 440 5546 418 5547 164 5547 440 5547 127 5548 164 5548 418 5548 145 5549 127 5549 418 5549 440 5550 175 5550 214 5550 471 5551 440 5551 214 5551 700 5552 440 5552 471 5552 725 5553 700 5553 471 5553 471 5554 226 5554 269 5554 536 5555 471 5555 269 5555 813 5556 471 5556 536 5556 849 5557 813 5557 536 5557 536 5558 287 5558 334 5558 589 5559 536 5559 334 5559 956 5560 536 5560 589 5560 958 5561 956 5561 589 5561 589 5562 347 5562 388 5562 675 5563 589 5563 388 5563 983 5564 589 5564 675 5564 1020 5565 983 5565 675 5565 518 5566 634 5566 1012 5566 836 5567 518 5567 1012 5567 507 5568 518 5568 836 5568 675 5569 507 5569 836 5569 406 5570 507 5570 675 5570 388 5571 406 5571 675 5571 1012 5572 634 5572 649 5572 1156 5573 1012 5573 649 5573 1341 5574 1012 5574 1156 5574 1346 5575 1341 5575 1156 5575 913 5576 1066 5576 1292 5576 1156 5577 913 5577 1292 5577 855 5578 913 5578 1156 5578 649 5579 855 5579 1156 5579 1292 5580 1066 5580 1136 5580 1430 5581 1292 5581 1136 5581 1586 5582 1292 5582 1430 5582 1589 5583 1586 5583 1430 5583 1326 5584 1414 5584 1563 5584 1430 5585 1326 5585 1563 5585 1246 5586 1326 5586 1430 5586 1136 5587 1246 5587 1430 5587 1563 5588 1414 5588 1513 5588 1708 5589 1563 5589 1513 5589 1815 5590 1563 5590 1708 5590 1832 5591 1815 5591 1708 5591 1708 5592 1578 5592 1684 5592 1836 5593 1708 5593 1684 5593 1933 5594 1708 5594 1836 5594 1943 5595 1933 5595 1836 5595 1836 5596 1733 5596 1851 5596 1963 5597 1836 5597 1851 5597 2049 5598 1836 5598 1963 5598 2073 5599 2049 5599 1963 5599 1963 5600 1890 5600 2011 5600 2095 5601 1963 5601 2011 5601 2164 5602 1963 5602 2095 5602 2207 5603 2164 5603 2095 5603 2193 5604 2338 5604 2383 5604 2234 5605 2193 5605 2383 5605 2176 5606 2193 5606 2234 5606 2095 5607 2176 5607 2234 5607 2033 5608 2176 5608 2095 5608 2011 5609 2033 5609 2095 5609 2383 5610 2338 5610 2354 5610 2507 5611 2383 5611 2354 5611 2544 5612 2383 5612 2507 5612 2600 5613 2544 5613 2507 5613 2515 5614 2629 5614 2639 5614 2507 5615 2515 5615 2639 5615 2490 5616 2515 5616 2507 5616 2354 5617 2490 5617 2507 5617 2639 5618 2629 5618 2675 5618 2774 5619 2639 5619 2675 5619 2729 5620 2639 5620 2774 5620 2764 5621 2729 5621 2774 5621 2846 5622 2936 5622 2916 5622 2774 5623 2846 5623 2916 5623 2787 5624 2846 5624 2774 5624 2675 5625 2787 5625 2774 5625 2916 5626 2936 5626 3019 5626 3047 5627 2916 5627 3019 5627 2976 5628 2916 5628 3047 5628 3009 5629 2976 5629 3047 5629 3047 5630 3080 5630 3179 5630 3188 5631 3047 5631 3179 5631 3104 5632 3047 5632 3188 5632 3126 5633 3104 5633 3188 5633 3188 5634 3231 5634 3353 5634 3300 5635 3188 5635 3353 5635 3241 5636 3188 5636 3300 5636 3249 5637 3241 5637 3300 5637 3300 5638 3391 5638 3517 5638 3439 5639 3300 5639 3517 5639 3371 5640 3300 5640 3439 5640 3375 5641 3371 5641 3439 5641 3700 5642 3859 5642 3730 5642 3585 5643 3700 5643 3730 5643 3692 5644 3700 5644 3585 5644 3439 5645 3692 5645 3585 5645 3538 5646 3692 5646 3439 5646 3517 5647 3538 5647 3439 5647 3730 5648 3859 5648 3875 5648 3868 5649 3730 5649 3875 5649 3718 5650 3730 5650 3868 5650 3746 5651 3718 5651 3868 5651 4057 5652 4194 5652 3997 5652 3868 5653 4057 5653 3997 5653 4024 5654 4057 5654 3868 5654 3875 5655 4024 5655 3868 5655 3997 5656 4194 5656 4264 5656 4159 5657 3997 5657 4264 5657 3952 5658 3997 5658 4159 5658 3987 5659 3952 5659 4159 5659 4485 5660 4620 5660 4312 5660 4159 5661 4485 5661 4312 5661 4386 5662 4485 5662 4159 5662 4264 5663 4386 5663 4159 5663 4312 5664 4620 5664 4818 5664 4463 5665 4312 5665 4818 5665 4173 5666 4312 5666 4463 5666 4240 5667 4173 5667 4463 5667 4463 5668 4853 5668 4939 5668 4643 5669 4463 5669 4939 5669 4299 5670 4463 5670 4643 5670 4351 5671 4299 5671 4643 5671 4643 5672 4972 5672 5094 5672 4837 5673 4643 5673 5094 5673 4351 5674 4643 5674 4837 5674 4380 5675 4351 5675 4837 5675 4837 5676 5114 5676 5185 5676 4891 5677 4837 5677 5185 5677 4456 5678 4837 5678 4891 5678 4500 5679 4456 5679 4891 5679 5263 5680 5308 5680 5001 5680 4959 5681 5263 5681 5001 5681 5257 5682 5263 5682 4959 5682 4891 5683 5257 5683 4959 5683 5191 5684 5257 5684 4891 5684 5185 5685 5191 5685 4891 5685 5001 5686 5308 5686 5326 5686 5050 5687 5001 5687 5326 5687 4709 5688 5001 5688 5050 5688 4718 5689 4709 5689 5050 5689 5376 5690 5415 5690 5075 5690 5050 5691 5376 5691 5075 5691 5361 5692 5376 5692 5050 5692 5326 5693 5361 5693 5050 5693 5075 5694 5415 5694 5404 5694 5067 5695 5075 5695 5404 5695 4746 5696 5075 5696 5067 5696 4743 5697 4746 5697 5067 5697 5353 5698 5342 5698 5025 5698 5067 5699 5353 5699 5025 5699 5394 5700 5353 5700 5067 5700 5404 5701 5394 5701 5067 5701 5025 5702 5342 5702 5300 5702 4990 5703 5025 5703 5300 5703 4605 5704 5025 5704 4990 5704 4598 5705 4605 5705 4990 5705 4990 5706 5287 5706 5236 5706 4932 5707 4990 5707 5236 5707 4539 5708 4990 5708 4932 5708 4520 5709 4539 5709 4932 5709 4932 5710 5220 5710 5165 5710 4871 5711 4932 5711 5165 5711 4428 5712 4932 5712 4871 5712 4406 5713 4428 5713 4871 5713 4871 5714 5165 5714 5148 5714 5047 5715 4871 5715 5148 5715 4801 5716 4871 5716 5047 5716 5029 5717 4801 5717 5047 5717 4555 5718 4801 5718 5029 5718 4912 5719 4809 5719 4377 5719 4555 5720 4912 5720 4377 5720 4920 5721 4912 5721 4555 5721 5029 5722 4920 5722 4555 5722 4377 5723 4809 5723 4760 5723 4231 5724 4377 5724 4760 5724 3994 5725 4377 5725 4231 5725 3949 5726 3994 5726 4231 5726 4441 5727 4300 5727 4090 5727 4231 5728 4441 5728 4090 5728 4512 5729 4441 5729 4231 5729 4760 5730 4512 5730 4231 5730 4090 5731 4300 5731 4218 5731 3942 5732 4090 5732 4218 5732 3812 5733 4090 5733 3942 5733 3773 5734 3812 5734 3942 5734 4017 5735 3939 5735 3792 5735 3942 5736 4017 5736 3792 5736 4117 5737 4017 5737 3942 5737 4218 5738 4117 5738 3942 5738 3792 5739 3939 5739 3828 5739 3641 5740 3792 5740 3828 5740 3562 5741 3792 5741 3641 5741 3547 5742 3562 5742 3641 5742 3641 5743 3763 5743 3662 5743 3521 5744 3641 5744 3662 5744 3430 5745 3641 5745 3521 5745 3424 5746 3430 5746 3521 5746 3521 5747 3612 5747 3474 5747 3385 5748 3521 5748 3474 5748 3298 5749 3521 5749 3385 5749 3296 5750 3298 5750 3385 5750 3385 5751 3474 5751 3453 5751 3313 5752 3385 5752 3453 5752 3247 5753 3385 5753 3313 5753 3291 5754 3247 5754 3313 5754 3101 5755 3247 5755 3291 5755 3151 5756 3004 5756 2969 5756 3101 5757 3151 5757 2969 5757 3162 5758 3151 5758 3101 5758 3291 5759 3162 5759 3101 5759 2969 5760 3004 5760 2985 5760 2840 5761 2969 5761 2985 5761 2826 5762 2969 5762 2840 5762 2793 5763 2826 5763 2840 5763 2816 5764 2711 5764 2714 5764 2840 5765 2816 5765 2714 5765 2863 5766 2816 5766 2840 5766 2985 5767 2863 5767 2840 5767 2714 5768 2711 5768 2662 5768 2579 5769 2714 5769 2662 5769 2593 5770 2714 5770 2579 5770 2552 5771 2593 5771 2579 5771 2486 5772 2409 5772 2435 5772 2579 5773 2486 5773 2435 5773 2567 5774 2486 5774 2579 5774 2662 5775 2567 5775 2579 5775 2435 5776 2409 5776 2315 5776 2298 5777 2435 5777 2315 5777 2346 5778 2435 5778 2298 5778 2264 5779 2346 5779 2298 5779 2298 5780 2254 5780 2145 5780 2157 5781 2298 5781 2145 5781 2264 5782 2298 5782 2157 5782 2223 5783 2264 5783 2157 5783 2157 5784 2109 5784 1983 5784 2029 5785 2157 5785 1983 5785 2135 5786 2157 5786 2029 5786 2105 5787 2135 5787 2029 5787 1793 5788 1652 5788 1763 5788 1905 5789 1793 5789 1763 5789 1807 5790 1793 5790 1905 5790 2029 5791 1807 5791 1905 5791 1951 5792 1807 5792 2029 5792 1983 5793 1951 5793 2029 5793 1763 5794 1652 5794 1639 5794 1620 5795 1763 5795 1639 5795 1767 5796 1763 5796 1620 5796 1754 5797 1767 5797 1620 5797 1464 5798 1336 5798 1495 5798 1620 5799 1464 5799 1495 5799 1489 5800 1464 5800 1620 5800 1639 5801 1489 5801 1620 5801 1495 5802 1336 5802 1286 5802 1360 5803 1495 5803 1286 5803 1534 5804 1495 5804 1360 5804 1424 5805 1534 5805 1360 5805 1098 5806 976 5806 1219 5806 1360 5807 1098 5807 1219 5807 1167 5808 1098 5808 1360 5808 1286 5809 1167 5809 1360 5809 1219 5810 976 5810 862 5810 1080 5811 1219 5811 862 5811 1313 5812 1219 5812 1080 5812 1303 5813 1313 5813 1080 5813 1080 5814 701 5814 611 5814 937 5815 1080 5815 611 5815 1214 5816 1080 5816 937 5816 1190 5817 1214 5817 937 5817 937 5818 574 5818 484 5818 709 5819 937 5819 484 5819 1118 5820 937 5820 709 5820 1085 5821 1118 5821 709 5821 709 5822 452 5822 377 5822 616 5823 709 5823 377 5823 1030 5824 709 5824 616 5824 995 5825 1030 5825 616 5825 305 5826 250 5826 492 5826 557 5827 305 5827 492 5827 312 5828 305 5828 557 5828 616 5829 312 5829 557 5829 364 5830 312 5830 616 5830 377 5831 364 5831 616 5831 492 5832 250 5832 241 5832 457 5833 492 5833 241 5833 796 5834 492 5834 457 5834 766 5835 796 5835 457 5835 191 5836 155 5836 429 5836 457 5837 191 5837 429 5837 200 5838 191 5838 457 5838 241 5839 200 5839 457 5839 429 5840 155 5840 143 5840 419 5841 429 5841 143 5841 714 5842 429 5842 419 5842 737 5843 714 5843 419 5843 163 5844 176 5844 441 5844 419 5845 163 5845 441 5845 128 5846 163 5846 419 5846 143 5847 128 5847 419 5847 441 5848 176 5848 213 5848 472 5849 441 5849 213 5849 810 5850 441 5850 472 5850 826 5851 810 5851 472 5851 472 5852 227 5852 268 5852 537 5853 472 5853 268 5853 896 5854 472 5854 537 5854 915 5855 896 5855 537 5855 537 5856 289 5856 335 5856 590 5857 537 5857 335 5857 985 5858 537 5858 590 5858 990 5859 985 5859 590 5859 590 5860 348 5860 389 5860 676 5861 590 5861 389 5861 1067 5862 590 5862 676 5862 1077 5863 1067 5863 676 5863 519 5864 636 5864 1013 5864 838 5865 519 5865 1013 5865 509 5866 519 5866 838 5866 676 5867 509 5867 838 5867 407 5868 509 5868 676 5868 389 5869 407 5869 676 5869 1013 5870 636 5870 648 5870 1157 5871 1013 5871 648 5871 1374 5872 1013 5872 1157 5872 1397 5873 1374 5873 1157 5873 912 5874 1068 5874 1294 5874 1157 5875 912 5875 1294 5875 864 5876 912 5876 1157 5876 648 5877 864 5877 1157 5877 1294 5878 1068 5878 1137 5878 1434 5879 1294 5879 1137 5879 1590 5880 1294 5880 1434 5880 1628 5881 1590 5881 1434 5881 1325 5882 1416 5882 1567 5882 1434 5883 1325 5883 1567 5883 1247 5884 1325 5884 1434 5884 1137 5885 1247 5885 1434 5885 1567 5886 1416 5886 1512 5886 1709 5887 1567 5887 1512 5887 1817 5888 1567 5888 1709 5888 1886 5889 1817 5889 1709 5889 1709 5890 1579 5890 1683 5890 1838 5891 1709 5891 1683 5891 1886 5892 1709 5892 1838 5892 1937 5893 1886 5893 1838 5893 1838 5894 1734 5894 1855 5894 1964 5895 1838 5895 1855 5895 2000 5896 1838 5896 1964 5896 2052 5897 2000 5897 1964 5897 1964 5898 1891 5898 2010 5898 2096 5899 1964 5899 2010 5899 2124 5900 1964 5900 2096 5900 2165 5901 2124 5901 2096 5901 2194 5902 2339 5902 2384 5902 2235 5903 2194 5903 2384 5903 2175 5904 2194 5904 2235 5904 2096 5905 2175 5905 2235 5905 2034 5906 2175 5906 2096 5906 2010 5907 2034 5907 2096 5907 2384 5908 2339 5908 2355 5908 2508 5909 2384 5909 2355 5909 2533 5910 2384 5910 2508 5910 2545 5911 2533 5911 2508 5911 2516 5912 2630 5912 2640 5912 2508 5913 2516 5913 2640 5913 2491 5914 2516 5914 2508 5914 2355 5915 2491 5915 2508 5915 2640 5916 2630 5916 2676 5916 2775 5917 2640 5917 2676 5917 2765 5918 2640 5918 2775 5918 2777 5919 2765 5919 2775 5919 2847 5920 2937 5920 2917 5920 2775 5921 2847 5921 2917 5921 2788 5922 2847 5922 2775 5922 2676 5923 2788 5923 2775 5923 2917 5924 2937 5924 3018 5924 3048 5925 2917 5925 3018 5925 3010 5926 2917 5926 3048 5926 3040 5927 3010 5927 3048 5927 3048 5928 3081 5928 3178 5928 3189 5929 3048 5929 3178 5929 3127 5930 3048 5930 3189 5930 3166 5931 3127 5931 3189 5931 3189 5932 3232 5932 3351 5932 3303 5933 3189 5933 3351 5933 3250 5934 3189 5934 3303 5934 3284 5935 3250 5935 3303 5935 3303 5936 3394 5936 3516 5936 3440 5937 3303 5937 3516 5937 3374 5938 3303 5938 3440 5938 3418 5939 3374 5939 3440 5939 3701 5940 3860 5940 3734 5940 3586 5941 3701 5941 3734 5941 3691 5942 3701 5942 3586 5942 3440 5943 3691 5943 3586 5943 3539 5944 3691 5944 3440 5944 3516 5945 3539 5945 3440 5945 3734 5946 3860 5946 3876 5946 3872 5947 3734 5947 3876 5947 3669 5948 3734 5948 3872 5948 3719 5949 3669 5949 3872 5949 4058 5950 4195 5950 3999 5950 3872 5951 4058 5951 3999 5951 4028 5952 4058 5952 3872 5952 3876 5953 4028 5953 3872 5953 3999 5954 4195 5954 4265 5954 4160 5955 3999 5955 4265 5955 3929 5956 3999 5956 4160 5956 3953 5957 3929 5957 4160 5957 4488 5958 4621 5958 4313 5958 4160 5959 4488 5959 4313 5959 4389 5960 4488 5960 4160 5960 4265 5961 4389 5961 4160 5961 4313 5962 4621 5962 4817 5962 4464 5963 4313 5963 4817 5963 4171 5964 4313 5964 4464 5964 4175 5965 4171 5965 4464 5965 4464 5966 4854 5966 4938 5966 4644 5967 4464 5967 4938 5967 4293 5968 4464 5968 4644 5968 4304 5969 4293 5969 4644 5969 4644 5970 4973 5970 5093 5970 4838 5971 4644 5971 5093 5971 4385 5972 4644 5972 4838 5972 4392 5973 4385 5973 4838 5973 4838 5974 5115 5974 5184 5974 4893 5975 4838 5975 5184 5975 4503 5976 4838 5976 4893 5976 4515 5977 4503 5977 4893 5977 5264 5978 5309 5978 5003 5978 4960 5979 5264 5979 5003 5979 5256 5980 5264 5980 4960 5980 4893 5981 5256 5981 4960 5981 5193 5982 5256 5982 4893 5982 5184 5983 5193 5983 4893 5983 5003 5984 5309 5984 5327 5984 5051 5985 5003 5985 5327 5985 4714 5986 5003 5986 5051 5986 4734 5987 4714 5987 5051 5987 5377 5988 5416 5988 5076 5988 5051 5989 5377 5989 5076 5989 5362 5990 5377 5990 5051 5990 5327 5991 5362 5991 5051 5991 5076 5992 5416 5992 5403 5992 5066 5993 5076 5993 5403 5993 4732 5994 5076 5994 5066 5994 4720 5995 4732 5995 5066 5995 5352 5996 5341 5996 5024 5996 5066 5997 5352 5997 5024 5997 5393 5998 5352 5998 5066 5998 5403 5999 5393 5999 5066 5999 5024 6000 5341 6000 5299 6000 4989 6001 5024 6001 5299 6001 4603 6002 5024 6002 4989 6002 4571 6003 4603 6003 4989 6003 4989 6004 5286 6004 5235 6004 4931 6005 4989 6005 5235 6005 4571 6006 4989 6006 4931 6006 4535 6007 4571 6007 4931 6007 4931 6008 5219 6008 5164 6008 4870 6009 4931 6009 5164 6009 4467 6010 4931 6010 4870 6010 4427 6011 4467 6011 4870 6011 4870 6012 5164 6012 5147 6012 5046 6013 4870 6013 5147 6013 4800 6014 4870 6014 5046 6014 5028 6015 4800 6015 5046 6015 4554 6016 4800 6016 5028 6016 4919 6017 4554 6017 5028 6017 4374 6018 4554 6018 4919 6018 4913 6019 4374 6019 4919 6019 4808 6020 4374 6020 4913 6020 4374 6021 4808 6021 4761 6021 4230 6022 4374 6022 4761 6022 4000 6023 4374 6023 4230 6023 3995 6024 4000 6024 4230 6024 4442 6025 4298 6025 4089 6025 4230 6026 4442 6026 4089 6026 4510 6027 4442 6027 4230 6027 4761 6028 4510 6028 4230 6028 4089 6029 4298 6029 4220 6029 3940 6030 4089 6030 4220 6030 3774 6031 4089 6031 3940 6031 3755 6032 3774 6032 3940 6032 4016 6033 3937 6033 3790 6033 3940 6034 4016 6034 3790 6034 4116 6035 4016 6035 3940 6035 4220 6036 4116 6036 3940 6036 3790 6037 3937 6037 3827 6037 3640 6038 3790 6038 3827 6038 3545 6039 3790 6039 3640 6039 3503 6040 3545 6040 3640 6040 3640 6041 3762 6041 3658 6041 3511 6042 3640 6042 3658 6042 3423 6043 3640 6043 3511 6043 3389 6044 3423 6044 3511 6044 3511 6045 3611 6045 3475 6045 3384 6046 3511 6046 3475 6046 3295 6047 3511 6047 3384 6047 3258 6048 3295 6048 3384 6048 3384 6049 3475 6049 3450 6049 3311 6050 3384 6050 3450 6050 3246 6051 3384 6051 3311 6051 3290 6052 3246 6052 3311 6052 3100 6053 3246 6053 3290 6053 3154 6054 3002 6054 2968 6054 3100 6055 3154 6055 2968 6055 3161 6056 3154 6056 3100 6056 3290 6057 3161 6057 3100 6057 2968 6058 3002 6058 2984 6058 2839 6059 2968 6059 2984 6059 2874 6060 2968 6060 2839 6060 2824 6061 2874 6061 2839 6061 2815 6062 2708 6062 2712 6062 2839 6063 2815 6063 2712 6063 2862 6064 2815 6064 2839 6064 2984 6065 2862 6065 2839 6065 2712 6066 2708 6066 2661 6066 2578 6067 2712 6067 2661 6067 2611 6068 2712 6068 2578 6068 2592 6069 2611 6069 2578 6069 2485 6070 2408 6070 2433 6070 2578 6071 2485 6071 2433 6071 2566 6072 2485 6072 2578 6072 2661 6073 2566 6073 2578 6073 2433 6074 2408 6074 2316 6074 2297 6075 2433 6075 2316 6075 2363 6076 2433 6076 2297 6076 2345 6077 2363 6077 2297 6077 2297 6078 2253 6078 2146 6078 2155 6079 2297 6079 2146 6079 2220 6080 2297 6080 2155 6080 2215 6081 2220 6081 2155 6081 2155 6082 2108 6082 1984 6082 2028 6083 2155 6083 1984 6083 2102 6084 2155 6084 2028 6084 2088 6085 2102 6085 2028 6085 1792 6086 1651 6086 1762 6086 1903 6087 1792 6087 1762 6087 1808 6088 1792 6088 1903 6088 2028 6089 1808 6089 1903 6089 1949 6090 1808 6090 2028 6090 1984 6091 1949 6091 2028 6091 1762 6092 1651 6092 1638 6092 1619 6093 1762 6093 1638 6093 1753 6094 1762 6094 1619 6094 1720 6095 1753 6095 1619 6095 1463 6096 1333 6096 1494 6096 1619 6097 1463 6097 1494 6097 1488 6098 1463 6098 1619 6098 1638 6099 1488 6099 1619 6099 1494 6100 1333 6100 1285 6100 1359 6101 1494 6101 1285 6101 1537 6102 1494 6102 1359 6102 1479 6103 1537 6103 1359 6103 1097 6104 974 6104 1218 6104 1359 6105 1097 6105 1218 6105 1166 6106 1097 6106 1359 6106 1285 6107 1166 6107 1359 6107 1218 6108 974 6108 861 6108 1079 6109 1218 6109 861 6109 1314 6110 1218 6110 1079 6110 1248 6111 1314 6111 1079 6111 1079 6112 699 6112 613 6112 936 6113 1079 6113 613 6113 1248 6114 1079 6114 936 6114 1215 6115 1248 6115 936 6115 936 6116 572 6116 485 6116 708 6117 936 6117 485 6117 1152 6118 936 6118 708 6118 1117 6119 1152 6119 708 6119 708 6120 451 6120 378 6120 609 6121 708 6121 378 6121 1037 6122 708 6122 609 6122 1029 6123 1037 6123 609 6123 304 6124 249 6124 491 6124 556 6125 304 6125 491 6125 313 6126 304 6126 556 6126 609 6127 313 6127 556 6127 363 6128 313 6128 609 6128 378 6129 363 6129 609 6129 491 6130 249 6130 240 6130 456 6131 491 6131 240 6131 791 6132 491 6132 456 6132 790 6133 791 6133 456 6133 190 6134 154 6134 428 6134 456 6135 190 6135 428 6135 199 6136 190 6136 456 6136 240 6137 199 6137 456 6137 428 6138 154 6138 142 6138 420 6139 428 6139 142 6139 730 6140 428 6140 420 6140 728 6141 730 6141 420 6141 162 6142 177 6142 442 6142 420 6143 162 6143 442 6143 129 6144 162 6144 420 6144 142 6145 129 6145 420 6145 442 6146 177 6146 212 6146 473 6147 442 6147 212 6147 827 6148 442 6148 473 6148 846 6149 827 6149 473 6149 473 6150 228 6150 272 6150 538 6151 473 6151 272 6151 922 6152 473 6152 538 6152 942 6153 922 6153 538 6153 538 6154 290 6154 336 6154 591 6155 538 6155 336 6155 994 6156 538 6156 591 6156 1024 6157 994 6157 591 6157 591 6158 349 6158 390 6158 677 6159 591 6159 390 6159 1074 6160 591 6160 677 6160 1120 6161 1074 6161 677 6161 521 6162 637 6162 1016 6162 839 6163 521 6163 1016 6163 510 6164 521 6164 839 6164 677 6165 510 6165 839 6165 408 6166 510 6166 677 6166 390 6167 408 6167 677 6167 1016 6168 637 6168 647 6168 1158 6169 1016 6169 647 6169 1344 6170 1016 6170 1158 6170 1376 6171 1344 6171 1158 6171 911 6172 1069 6172 1295 6172 1158 6173 911 6173 1295 6173 866 6174 911 6174 1158 6174 647 6175 866 6175 1158 6175 1295 6176 1069 6176 1135 6176 1437 6177 1295 6177 1135 6177 1565 6178 1295 6178 1437 6178 1591 6179 1565 6179 1437 6179 1327 6180 1418 6180 1569 6180 1437 6181 1327 6181 1569 6181 1250 6182 1327 6182 1437 6182 1135 6183 1250 6183 1437 6183 1569 6184 1418 6184 1511 6184 1710 6185 1569 6185 1511 6185 1797 6186 1569 6186 1710 6186 1816 6187 1797 6187 1710 6187 1710 6188 1580 6188 1682 6188 1839 6189 1710 6189 1682 6189 1934 6190 1710 6190 1839 6190 2053 6191 1934 6191 1839 6191 1839 6192 1736 6192 1854 6192 1965 6193 1839 6193 1854 6193 2053 6194 1839 6194 1965 6194 2059 6195 2053 6195 1965 6195 1965 6196 1892 6196 2012 6196 2097 6197 1965 6197 2012 6197 2167 6198 1965 6198 2097 6198 2190 6199 2167 6199 2097 6199 2195 6200 2340 6200 2385 6200 2236 6201 2195 6201 2385 6201 2177 6202 2195 6202 2236 6202 2097 6203 2177 6203 2236 6203 2035 6204 2177 6204 2097 6204 2012 6205 2035 6205 2097 6205 2385 6206 2340 6206 2350 6206 2509 6207 2385 6207 2350 6207 2546 6208 2385 6208 2509 6208 2585 6209 2546 6209 2509 6209 2517 6210 2631 6210 2641 6210 2509 6211 2517 6211 2641 6211 2492 6212 2517 6212 2509 6212 2350 6213 2492 6213 2509 6213 2641 6214 2631 6214 2677 6214 2779 6215 2641 6215 2677 6215 2766 6216 2641 6216 2779 6216 2832 6217 2766 6217 2779 6217 2848 6218 2938 6218 2918 6218 2779 6219 2848 6219 2918 6219 2789 6220 2848 6220 2779 6220 2677 6221 2789 6221 2779 6221 2918 6222 2938 6222 3016 6222 3049 6223 2918 6223 3016 6223 2958 6224 2918 6224 3049 6224 3011 6225 2958 6225 3049 6225 3049 6226 3082 6226 3176 6226 3191 6227 3049 6227 3176 6227 3091 6228 3049 6228 3191 6228 3128 6229 3091 6229 3191 6229 3191 6230 3233 6230 3350 6230 3306 6231 3191 6231 3350 6231 3221 6232 3191 6232 3306 6232 3253 6233 3221 6233 3306 6233 3306 6234 3395 6234 3514 6234 3442 6235 3306 6235 3514 6235 3360 6236 3306 6236 3442 6236 3376 6237 3360 6237 3442 6237 3703 6238 3861 6238 3739 6238 3588 6239 3703 6239 3739 6239 3690 6240 3703 6240 3588 6240 3442 6241 3690 6241 3588 6241 3541 6242 3690 6242 3442 6242 3514 6243 3541 6243 3442 6243 3739 6244 3861 6244 3877 6244 3881 6245 3739 6245 3877 6245 3724 6246 3739 6246 3881 6246 3732 6247 3724 6247 3881 6247 4059 6248 4196 6248 4002 6248 3881 6249 4059 6249 4002 6249 4030 6250 4059 6250 3881 6250 3877 6251 4030 6251 3881 6251 4002 6252 4196 6252 4266 6252 4161 6253 4002 6253 4266 6253 3955 6254 4002 6254 4161 6254 3980 6255 3955 6255 4161 6255 4487 6256 4624 6256 4314 6256 4161 6257 4487 6257 4314 6257 4391 6258 4487 6258 4161 6258 4266 6259 4391 6259 4161 6259 4314 6260 4624 6260 4816 6260 4466 6261 4314 6261 4816 6261 4174 6262 4314 6262 4466 6262 4209 6263 4174 6263 4466 6263 4466 6264 4855 6264 4937 6264 4647 6265 4466 6265 4937 6265 4302 6266 4466 6266 4647 6266 4339 6267 4302 6267 4647 6267 4647 6268 4974 6268 5092 6268 4839 6269 4647 6269 5092 6269 4381 6270 4647 6270 4839 6270 4435 6271 4381 6271 4839 6271 4839 6272 5116 6272 5183 6272 4894 6273 4839 6273 5183 6273 4501 6274 4839 6274 4894 6274 4547 6275 4501 6275 4894 6275 5265 6276 5310 6276 5004 6276 4961 6277 5265 6277 5004 6277 5255 6278 5265 6278 4961 6278 4894 6279 5255 6279 4961 6279 5194 6280 5255 6280 4894 6280 5183 6281 5194 6281 4894 6281 5004 6282 5310 6282 5328 6282 5052 6283 5004 6283 5328 6283 4700 6284 5004 6284 5052 6284 4716 6285 4700 6285 5052 6285 5378 6286 5418 6286 5078 6286 5052 6287 5378 6287 5078 6287 5363 6288 5378 6288 5052 6288 5328 6289 5363 6289 5052 6289 5078 6290 5418 6290 5406 6290 5065 6291 5078 6291 5406 6291 4757 6292 5078 6292 5065 6292 4738 6293 4757 6293 5065 6293 5351 6294 5340 6294 5022 6294 5065 6295 5351 6295 5022 6295 5392 6296 5351 6296 5065 6296 5406 6297 5392 6297 5065 6297 5022 6298 5340 6298 5298 6298 4988 6299 5022 6299 5298 6299 4609 6300 5022 6300 4988 6300 4607 6301 4609 6301 4988 6301 4988 6302 5285 6302 5234 6302 4929 6303 4988 6303 5234 6303 4540 6304 4988 6304 4929 6304 4528 6305 4540 6305 4929 6305 4929 6306 5218 6306 5163 6306 4869 6307 4929 6307 5163 6307 4429 6308 4929 6308 4869 6308 4416 6309 4429 6309 4869 6309 4869 6310 5163 6310 5146 6310 5045 6311 4869 6311 5146 6311 4799 6312 4869 6312 5045 6312 5027 6313 4799 6313 5045 6313 4553 6314 4799 6314 5027 6314 4918 6315 4553 6315 5027 6315 4373 6316 4553 6316 4918 6316 4915 6317 4373 6317 4918 6317 4807 6318 4373 6318 4915 6318 4373 6319 4807 6319 4762 6319 4226 6320 4373 6320 4762 6320 3992 6321 4373 6321 4226 6321 3963 6322 3992 6322 4226 6322 4443 6323 4297 6323 4087 6323 4226 6324 4443 6324 4087 6324 4509 6325 4443 6325 4226 6325 4762 6326 4509 6326 4226 6326 4087 6327 4297 6327 4222 6327 3938 6328 4087 6328 4222 6328 3769 6329 4087 6329 3938 6329 3710 6330 3769 6330 3938 6330 4015 6331 3935 6331 3789 6331 3938 6332 4015 6332 3789 6332 4115 6333 4015 6333 3938 6333 4222 6334 4115 6334 3938 6334 3789 6335 3935 6335 3831 6335 3638 6336 3789 6336 3831 6336 3574 6337 3789 6337 3638 6337 3544 6338 3574 6338 3638 6338 3638 6339 3761 6339 3659 6339 3506 6340 3638 6340 3659 6340 3451 6341 3638 6341 3506 6341 3422 6342 3451 6342 3506 6342 3506 6343 3609 6343 3472 6343 3382 6344 3506 6344 3472 6344 3330 6345 3506 6345 3382 6345 3294 6346 3330 6346 3382 6346 3382 6347 3472 6347 3447 6347 3312 6348 3382 6348 3447 6348 3245 6349 3382 6349 3312 6349 3289 6350 3245 6350 3312 6350 3099 6351 3245 6351 3289 6351 3159 6352 3099 6352 3289 6352 2967 6353 3099 6353 3159 6353 3153 6354 2967 6354 3159 6354 3001 6355 2967 6355 3153 6355 2967 6356 3001 6356 2983 6356 2838 6357 2967 6357 2983 6357 2823 6358 2967 6358 2838 6358 2802 6359 2823 6359 2838 6359 2814 6360 2705 6360 2709 6360 2838 6361 2814 6361 2709 6361 2860 6362 2814 6362 2838 6362 2983 6363 2860 6363 2838 6363 2709 6364 2705 6364 2660 6364 2577 6365 2709 6365 2660 6365 2591 6366 2709 6366 2577 6366 2563 6367 2591 6367 2577 6367 2484 6368 2404 6368 2432 6368 2577 6369 2484 6369 2432 6369 2561 6370 2484 6370 2577 6370 2660 6371 2561 6371 2577 6371 2432 6372 2404 6372 2317 6372 2292 6373 2432 6373 2317 6373 2344 6374 2432 6374 2292 6374 2286 6375 2344 6375 2292 6375 2292 6376 2251 6376 2147 6376 2154 6377 2292 6377 2147 6377 2221 6378 2292 6378 2154 6378 2162 6379 2221 6379 2154 6379 2154 6380 2107 6380 1987 6380 2025 6381 2154 6381 1987 6381 2103 6382 2154 6382 2025 6382 2040 6383 2103 6383 2025 6383 2025 6384 1987 6384 1948 6384 1809 6385 2025 6385 1948 6385 1900 6386 2025 6386 1809 6386 1791 6387 1900 6387 1809 6387 1759 6388 1900 6388 1791 6388 1648 6389 1759 6389 1791 6389 1618 6390 1759 6390 1648 6390 1637 6391 1618 6391 1648 6391 1462 6392 1332 6392 1493 6392 1618 6393 1462 6393 1493 6393 1487 6394 1462 6394 1618 6394 1637 6395 1487 6395 1618 6395 1493 6396 1332 6396 1283 6396 1358 6397 1493 6397 1283 6397 1546 6398 1493 6398 1358 6398 1536 6399 1546 6399 1358 6399 1096 6400 971 6400 1217 6400 1358 6401 1096 6401 1217 6401 1164 6402 1096 6402 1358 6402 1283 6403 1164 6403 1358 6403 1217 6404 971 6404 860 6404 1073 6405 1217 6405 860 6405 1315 6406 1217 6406 1073 6406 1308 6407 1315 6407 1073 6407 1073 6408 698 6408 612 6408 934 6409 1073 6409 612 6409 1212 6410 1073 6410 934 6410 1206 6411 1212 6411 934 6411 934 6412 571 6412 486 6412 707 6413 934 6413 486 6413 1115 6414 934 6414 707 6414 1108 6415 1115 6415 707 6415 707 6416 450 6416 379 6416 606 6417 707 6417 379 6417 1027 6418 707 6418 606 6418 1008 6419 1027 6419 606 6419 303 6420 248 6420 490 6420 555 6421 303 6421 490 6421 314 6422 303 6422 555 6422 606 6423 314 6423 555 6423 361 6424 314 6424 606 6424 379 6425 361 6425 606 6425 490 6426 248 6426 239 6426 455 6427 490 6427 239 6427 795 6428 490 6428 455 6428 776 6429 795 6429 455 6429 189 6430 152 6430 427 6430 455 6431 189 6431 427 6431 198 6432 189 6432 455 6432 239 6433 198 6433 455 6433 427 6434 152 6434 141 6434 421 6435 427 6435 141 6435 739 6436 427 6436 421 6436 751 6437 739 6437 421 6437 161 6438 178 6438 443 6438 421 6439 161 6439 443 6439 130 6440 161 6440 421 6440 141 6441 130 6441 421 6441 443 6442 178 6442 211 6442 474 6443 443 6443 211 6443 805 6444 443 6444 474 6444 828 6445 805 6445 474 6445 474 6446 229 6446 271 6446 539 6447 474 6447 271 6447 886 6448 474 6448 539 6448 921 6449 886 6449 539 6449 539 6450 291 6450 337 6450 592 6451 539 6451 337 6451 972 6452 539 6452 592 6452 992 6453 972 6453 592 6453 592 6454 350 6454 391 6454 678 6455 592 6455 391 6455 1051 6456 592 6456 678 6456 1070 6457 1051 6457 678 6457 522 6458 638 6458 1017 6458 840 6459 522 6459 1017 6459 511 6460 522 6460 840 6460 678 6461 511 6461 840 6461 409 6462 511 6462 678 6462 391 6463 409 6463 678 6463 1017 6464 638 6464 646 6464 1159 6465 1017 6465 646 6465 1375 6466 1017 6466 1159 6466 1386 6467 1375 6467 1159 6467 910 6468 1072 6468 1296 6468 1159 6469 910 6469 1296 6469 868 6470 910 6470 1159 6470 646 6471 868 6471 1159 6471 1296 6472 1072 6472 1134 6472 1438 6473 1296 6473 1134 6473 1592 6474 1296 6474 1438 6474 1609 6475 1592 6475 1438 6475 1323 6476 1420 6476 1571 6476 1438 6477 1323 6477 1571 6477 1251 6478 1323 6478 1438 6478 1134 6479 1251 6479 1438 6479 1571 6480 1420 6480 1510 6480 1711 6481 1571 6481 1510 6481 1818 6482 1571 6482 1711 6482 1866 6483 1818 6483 1711 6483 1711 6484 1581 6484 1681 6484 1840 6485 1711 6485 1681 6485 1938 6486 1711 6486 1840 6486 1994 6487 1938 6487 1840 6487 1840 6488 1737 6488 1853 6488 1966 6489 1840 6489 1853 6489 2055 6490 1840 6490 1966 6490 2113 6491 2055 6491 1966 6491 1966 6492 1893 6492 2014 6492 2098 6493 1966 6493 2014 6493 2169 6494 1966 6494 2098 6494 2239 6495 2169 6495 2098 6495 2196 6496 2341 6496 2387 6496 2237 6497 2196 6497 2387 6497 2179 6498 2196 6498 2237 6498 2098 6499 2179 6499 2237 6499 2036 6500 2179 6500 2098 6500 2014 6501 2036 6501 2098 6501 2387 6502 2341 6502 2351 6502 2510 6503 2387 6503 2351 6503 2501 6504 2387 6504 2510 6504 2547 6505 2501 6505 2510 6505 2518 6506 2632 6506 2642 6506 2510 6507 2518 6507 2642 6507 2494 6508 2518 6508 2510 6508 2351 6509 2494 6509 2510 6509 2642 6510 2632 6510 2678 6510 2780 6511 2642 6511 2678 6511 2756 6512 2642 6512 2780 6512 2767 6513 2756 6513 2780 6513 2849 6514 2939 6514 2919 6514 2780 6515 2849 6515 2919 6515 2790 6516 2849 6516 2780 6516 2678 6517 2790 6517 2780 6517 2919 6518 2939 6518 3015 6518 3051 6519 2919 6519 3015 6519 3013 6520 2919 6520 3051 6520 3029 6521 3013 6521 3051 6521 3051 6522 3084 6522 3175 6522 3196 6523 3051 6523 3175 6523 3129 6524 3051 6524 3196 6524 3140 6525 3129 6525 3196 6525 3196 6526 3235 6526 3349 6526 3317 6527 3196 6527 3349 6527 3254 6528 3196 6528 3317 6528 3268 6529 3254 6529 3317 6529 3317 6530 3396 6530 3513 6530 3444 6531 3317 6531 3513 6531 3378 6532 3317 6532 3444 6532 3406 6533 3378 6533 3444 6533 3705 6534 3862 6534 3740 6534 3591 6535 3705 6535 3740 6535 3688 6536 3705 6536 3591 6536 3444 6537 3688 6537 3591 6537 3542 6538 3688 6538 3444 6538 3513 6539 3542 6539 3444 6539 3740 6540 3862 6540 3878 6540 3883 6541 3740 6541 3878 6541 3721 6542 3740 6542 3883 6542 3782 6543 3721 6543 3883 6543 4060 6544 4197 6544 4003 6544 3883 6545 4060 6545 4003 6545 4032 6546 4060 6546 3883 6546 3878 6547 4032 6547 3883 6547 4003 6548 4197 6548 4267 6548 4162 6549 4003 6549 4267 6549 3911 6550 4003 6550 4162 6550 3954 6551 3911 6551 4162 6551 4490 6552 4627 6552 4315 6552 4162 6553 4490 6553 4315 6553 4394 6554 4490 6554 4162 6554 4267 6555 4394 6555 4162 6555 4315 6556 4627 6556 4815 6556 4469 6557 4315 6557 4815 6557 4151 6558 4315 6558 4469 6558 4176 6559 4151 6559 4469 6559 4469 6560 4858 6560 4936 6560 4649 6561 4469 6561 4936 6561 4284 6562 4469 6562 4649 6562 4303 6563 4284 6563 4649 6563 4649 6564 4975 6564 5091 6564 4840 6565 4649 6565 5091 6565 4375 6566 4649 6566 4840 6566 4384 6567 4375 6567 4840 6567 4840 6568 5117 6568 5182 6568 4895 6569 4840 6569 5182 6569 4494 6570 4840 6570 4895 6570 4504 6571 4494 6571 4895 6571 5266 6572 5311 6572 5005 6572 4962 6573 5266 6573 5005 6573 5254 6574 5266 6574 4962 6574 4895 6575 5254 6575 4962 6575 5195 6576 5254 6576 4895 6576 5182 6577 5195 6577 4895 6577 5005 6578 5311 6578 5329 6578 5053 6579 5005 6579 5329 6579 4719 6580 5005 6580 5053 6580 4727 6581 4719 6581 5053 6581 5379 6582 5417 6582 5077 6582 5053 6583 5379 6583 5077 6583 5364 6584 5379 6584 5053 6584 5329 6585 5364 6585 5053 6585 5077 6586 5417 6586 5407 6586 5064 6587 5077 6587 5407 6587 4736 6588 5077 6588 5064 6588 4729 6589 4736 6589 5064 6589 5355 6590 5339 6590 5021 6590 5064 6591 5355 6591 5021 6591 5391 6592 5355 6592 5064 6592 5407 6593 5391 6593 5064 6593 5021 6594 5339 6594 5296 6594 4987 6595 5021 6595 5296 6595 4602 6596 5021 6596 4987 6596 4580 6597 4602 6597 4987 6597 4987 6598 5284 6598 5232 6598 4928 6599 4987 6599 5232 6599 4532 6600 4987 6600 4928 6600 4480 6601 4532 6601 4928 6601 4928 6602 5217 6602 5162 6602 4866 6603 4928 6603 5162 6603 4426 6604 4928 6604 4866 6604 4370 6605 4426 6605 4866 6605 4866 6606 5145 6606 5044 6606 4798 6607 4866 6607 5044 6607 4370 6608 4866 6608 4798 6608 4342 6609 4370 6609 4798 6609 4910 6610 4806 6610 4372 6610 4552 6611 4910 6611 4372 6611 4917 6612 4910 6612 4552 6612 4798 6613 4917 6613 4552 6613 5026 6614 4917 6614 4798 6614 5044 6615 5026 6615 4798 6615 4372 6616 4806 6616 4763 6616 4217 6617 4372 6617 4763 6617 4037 6618 4372 6618 4217 6618 3993 6619 4037 6619 4217 6619 4445 6620 4296 6620 4086 6620 4217 6621 4445 6621 4086 6621 4507 6622 4445 6622 4217 6622 4763 6623 4507 6623 4217 6623 4086 6624 4296 6624 4221 6624 3936 6625 4086 6625 4221 6625 3778 6626 4086 6626 3936 6626 3770 6627 3778 6627 3936 6627 4014 6628 3933 6628 3788 6628 3936 6629 4014 6629 3788 6629 4114 6630 4014 6630 3936 6630 4221 6631 4114 6631 3936 6631 3788 6632 3933 6632 3830 6632 3637 6633 3788 6633 3830 6633 3543 6634 3788 6634 3637 6634 3526 6635 3543 6635 3637 6635 3637 6636 3760 6636 3660 6636 3505 6637 3637 6637 3660 6637 3421 6638 3637 6638 3505 6638 3403 6639 3421 6639 3505 6639 3505 6640 3607 6640 3473 6640 3381 6641 3505 6641 3473 6641 3293 6642 3505 6642 3381 6642 3271 6643 3293 6643 3381 6643 3381 6644 3473 6644 3445 6644 3309 6645 3381 6645 3445 6645 3244 6646 3381 6646 3309 6646 3288 6647 3244 6647 3309 6647 3098 6648 3244 6648 3288 6648 3158 6649 3098 6649 3288 6649 2966 6650 3098 6650 3158 6650 3157 6651 2966 6651 3158 6651 3000 6652 2966 6652 3157 6652 2966 6653 3000 6653 2988 6653 2837 6654 2966 6654 2988 6654 2822 6655 2966 6655 2837 6655 2751 6656 2822 6656 2837 6656 2813 6657 2704 6657 2706 6657 2837 6658 2813 6658 2706 6658 2859 6659 2813 6659 2837 6659 2988 6660 2859 6660 2837 6660 2706 6661 2704 6661 2659 6661 2576 6662 2706 6662 2659 6662 2616 6663 2706 6663 2576 6663 2589 6664 2616 6664 2576 6664 2483 6665 2403 6665 2431 6665 2576 6666 2483 6666 2431 6666 2560 6667 2483 6667 2576 6667 2659 6668 2560 6668 2576 6668 2431 6669 2403 6669 2318 6669 2291 6670 2431 6670 2318 6670 2378 6671 2431 6671 2291 6671 2343 6672 2378 6672 2291 6672 2291 6673 2250 6673 2148 6673 2153 6674 2291 6674 2148 6674 2243 6675 2291 6675 2153 6675 2219 6676 2243 6676 2153 6676 2153 6677 2106 6677 1988 6677 2024 6678 2153 6678 1988 6678 2116 6679 2153 6679 2024 6679 2099 6680 2116 6680 2024 6680 2024 6681 1988 6681 1947 6681 1811 6682 2024 6682 1947 6682 1899 6683 2024 6683 1811 6683 1790 6684 1899 6684 1811 6684 1755 6685 1899 6685 1790 6685 1641 6686 1755 6686 1790 6686 1617 6687 1755 6687 1641 6687 1636 6688 1617 6688 1641 6688 1461 6689 1331 6689 1492 6689 1617 6690 1461 6690 1492 6690 1486 6691 1461 6691 1617 6691 1636 6692 1486 6692 1617 6692 1492 6693 1331 6693 1282 6693 1356 6694 1492 6694 1282 6694 1533 6695 1492 6695 1356 6695 1501 6696 1533 6696 1356 6696 1095 6697 970 6697 1216 6697 1356 6698 1095 6698 1216 6698 1162 6699 1095 6699 1356 6699 1282 6700 1162 6700 1356 6700 1216 6701 970 6701 859 6701 1071 6702 1216 6702 859 6702 1311 6703 1216 6703 1071 6703 1267 6704 1311 6704 1071 6704 1071 6705 697 6705 614 6705 933 6706 1071 6706 614 6706 1213 6707 1071 6707 933 6707 1172 6708 1213 6708 933 6708 933 6709 570 6709 487 6709 706 6710 933 6710 487 6710 1116 6711 933 6711 706 6711 1046 6712 1116 6712 706 6712 706 6713 449 6713 380 6713 604 6714 706 6714 380 6714 1046 6715 706 6715 604 6715 1028 6716 1046 6716 604 6716 302 6717 244 6717 489 6717 554 6718 302 6718 489 6718 315 6719 302 6719 554 6719 604 6720 315 6720 554 6720 360 6721 315 6721 604 6721 380 6722 360 6722 604 6722 489 6723 244 6723 238 6723 454 6724 489 6724 238 6724 803 6725 489 6725 454 6725 793 6726 803 6726 454 6726 188 6727 151 6727 426 6727 454 6728 188 6728 426 6728 197 6729 188 6729 454 6729 238 6730 197 6730 454 6730 426 6731 151 6731 140 6731 422 6732 426 6732 140 6732 720 6733 426 6733 422 6733 727 6734 720 6734 422 6734 160 6735 179 6735 444 6735 422 6736 160 6736 444 6736 131 6737 160 6737 422 6737 140 6738 131 6738 422 6738 444 6739 179 6739 210 6739 475 6740 444 6740 210 6740 825 6741 444 6741 475 6741 833 6742 825 6742 475 6742 475 6743 230 6743 270 6743 540 6744 475 6744 270 6744 920 6745 475 6745 540 6745 927 6746 920 6746 540 6746 540 6747 292 6747 338 6747 593 6748 540 6748 338 6748 993 6749 540 6749 593 6749 1014 6750 993 6750 593 6750 593 6751 351 6751 392 6751 680 6752 593 6752 392 6752 1076 6753 593 6753 680 6753 1111 6754 1076 6754 680 6754 523 6755 639 6755 1018 6755 841 6756 523 6756 1018 6756 512 6757 523 6757 841 6757 680 6758 512 6758 841 6758 410 6759 512 6759 680 6759 392 6760 410 6760 680 6760 1018 6761 639 6761 645 6761 1160 6762 1018 6762 645 6762 1377 6763 1018 6763 1160 6763 1431 6764 1377 6764 1160 6764 909 6765 1075 6765 1297 6765 1160 6766 909 6766 1297 6766 870 6767 909 6767 1160 6767 645 6768 870 6768 1160 6768 1297 6769 1075 6769 1133 6769 1440 6770 1297 6770 1133 6770 1549 6771 1297 6771 1440 6771 1593 6772 1549 6772 1440 6772 1324 6773 1421 6773 1572 6773 1440 6774 1324 6774 1572 6774 1253 6775 1324 6775 1440 6775 1133 6776 1253 6776 1440 6776 1572 6777 1421 6777 1509 6777 1712 6778 1572 6778 1509 6778 1785 6779 1572 6779 1712 6779 1819 6780 1785 6780 1712 6780 1712 6781 1582 6781 1686 6781 1842 6782 1712 6782 1686 6782 1917 6783 1712 6783 1842 6783 1939 6784 1917 6784 1842 6784 1842 6785 1738 6785 1856 6785 1967 6786 1842 6786 1856 6786 2038 6787 1842 6787 1967 6787 2054 6788 2038 6788 1967 6788 1967 6789 1894 6789 2013 6789 2100 6790 1967 6790 2013 6790 2159 6791 1967 6791 2100 6791 2168 6792 2159 6792 2100 6792 2199 6793 2342 6793 2388 6793 2238 6794 2199 6794 2388 6794 2178 6795 2199 6795 2238 6795 2100 6796 2178 6796 2238 6796 2037 6797 2178 6797 2100 6797 2013 6798 2037 6798 2100 6798 2388 6799 2342 6799 2352 6799 2511 6800 2388 6800 2352 6800 2548 6801 2388 6801 2511 6801 2570 6802 2548 6802 2511 6802 2513 6803 2635 6803 2643 6803 2511 6804 2513 6804 2643 6804 2495 6805 2513 6805 2511 6805 2352 6806 2495 6806 2511 6806 2643 6807 2635 6807 2679 6807 2782 6808 2643 6808 2679 6808 2768 6809 2643 6809 2782 6809 2806 6810 2768 6810 2782 6810 2850 6811 2941 6811 2920 6811 2782 6812 2850 6812 2920 6812 2791 6813 2850 6813 2782 6813 2679 6814 2791 6814 2782 6814 2920 6815 2941 6815 3014 6815 3052 6816 2920 6816 3014 6816 3022 6817 2920 6817 3052 6817 3069 6818 3022 6818 3052 6818 3052 6819 3085 6819 3173 6819 3197 6820 3052 6820 3173 6820 3130 6821 3052 6821 3197 6821 3208 6822 3130 6822 3197 6822 3197 6823 3237 6823 3348 6823 3318 6824 3197 6824 3348 6824 3208 6825 3197 6825 3318 6825 3255 6826 3208 6826 3318 6826 3318 6827 3397 6827 3512 6827 3446 6828 3318 6828 3512 6828 3327 6829 3318 6829 3446 6829 3379 6830 3327 6830 3446 6830 3706 6831 3864 6831 3742 6831 3592 6832 3706 6832 3742 6832 3687 6833 3706 6833 3592 6833 3446 6834 3687 6834 3592 6834 3546 6835 3687 6835 3446 6835 3512 6836 3546 6836 3446 6836 3742 6837 3864 6837 3880 6837 3884 6838 3742 6838 3880 6838 3713 6839 3742 6839 3884 6839 3725 6840 3713 6840 3884 6840 4061 6841 4198 6841 4004 6841 3884 6842 4061 6842 4004 6842 4035 6843 4061 6843 3884 6843 3880 6844 4035 6844 3884 6844 4004 6845 4198 6845 4268 6845 4163 6846 4004 6846 4268 6846 3956 6847 4004 6847 4163 6847 3960 6848 3956 6848 4163 6848 4489 6849 4628 6849 4316 6849 4163 6850 4489 6850 4316 6850 4395 6851 4489 6851 4163 6851 4268 6852 4395 6852 4163 6852 4316 6853 4628 6853 4814 6853 4470 6854 4316 6854 4814 6854 4177 6855 4316 6855 4470 6855 4187 6856 4177 6856 4470 6856 4470 6857 4863 6857 4935 6857 4651 6858 4470 6858 4935 6858 4305 6859 4470 6859 4651 6859 4324 6860 4305 6860 4651 6860 4651 6861 4978 6861 5090 6861 4842 6862 4651 6862 5090 6862 4382 6863 4651 6863 4842 6863 4419 6864 4382 6864 4842 6864 4842 6865 5119 6865 5181 6865 4896 6866 4842 6866 5181 6866 4502 6867 4842 6867 4896 6867 4533 6868 4502 6868 4896 6868 5268 6869 5312 6869 5006 6869 4964 6870 5268 6870 5006 6870 5253 6871 5268 6871 4964 6871 4896 6872 5253 6872 4964 6872 5196 6873 5253 6873 4896 6873 5181 6874 5196 6874 4896 6874 5006 6875 5312 6875 5330 6875 5054 6876 5006 6876 5330 6876 4712 6877 5006 6877 5054 6877 4754 6878 4712 6878 5054 6878 5380 6879 5419 6879 5079 6879 5054 6880 5380 6880 5079 6880 5365 6881 5380 6881 5054 6881 5330 6882 5365 6882 5054 6882 5079 6883 5419 6883 5408 6883 5063 6884 5079 6884 5408 6884 4782 6885 5079 6885 5063 6885 4737 6886 4782 6886 5063 6886 5354 6887 5338 6887 5020 6887 5063 6888 5354 6888 5020 6888 5390 6889 5354 6889 5063 6889 5408 6890 5390 6890 5063 6890 5020 6891 5338 6891 5295 6891 4986 6892 5020 6892 5295 6892 4689 6893 5020 6893 4986 6893 4676 6894 4689 6894 4986 6894 4986 6895 5283 6895 5233 6895 4927 6896 4986 6896 5233 6896 4659 6897 4986 6897 4927 6897 4637 6898 4659 6898 4927 6898 4927 6899 5216 6899 5161 6899 4864 6900 4927 6900 5161 6900 4582 6901 4927 6901 4864 6901 4568 6902 4582 6902 4864 6902 4864 6903 5144 6903 5043 6903 4797 6904 4864 6904 5043 6904 4482 6905 4864 6905 4797 6905 4472 6906 4482 6906 4797 6906 4908 6907 4805 6907 4369 6907 4551 6908 4908 6908 4369 6908 4914 6909 4908 6909 4551 6909 4797 6910 4914 6910 4551 6910 5023 6911 4914 6911 4797 6911 5043 6912 5023 6912 4797 6912 4369 6913 4805 6913 4764 6913 4213 6914 4369 6914 4764 6914 4158 6915 4369 6915 4213 6915 4156 6916 4158 6916 4213 6916 4446 6917 4295 6917 4085 6917 4213 6918 4446 6918 4085 6918 4506 6919 4446 6919 4213 6919 4764 6920 4506 6920 4213 6920 4085 6921 4295 6921 4223 6921 3934 6922 4085 6922 4223 6922 3951 6923 4085 6923 3934 6923 3914 6924 3951 6924 3934 6924 3931 6925 3728 6925 3743 6925 3787 6926 3931 6926 3743 6926 4013 6927 3931 6927 3787 6927 3934 6928 4013 6928 3787 6928 4113 6929 4013 6929 3934 6929 4223 6930 4113 6930 3934 6930 3961 6931 3956 6931 3960 6931 1264 6932 1261 6932 1263 6932 2944 6933 2949 6933 2943 6933 4393 6934 4385 6934 4392 6934 4744 6935 4746 6935 4743 6935 3961 6936 4040 6936 3957 6936 4794 6937 4792 6937 4784 6937 3269 6938 3280 6938 3267 6938 1009 6939 932 6939 1010 6939 4393 6940 4462 6940 4387 6940 1944 6941 2074 6941 1946 6941 1945 6942 1944 6942 1946 6942 1909 6943 1944 6943 1945 6943 2074 6944 2209 6944 2081 6944 2075 6945 2074 6945 2081 6945 1946 6946 2074 6946 2075 6946 2335 6947 2214 6947 2208 6947 2334 6948 2335 6948 2208 6948 2362 6949 2335 6949 2334 6949 2461 6950 2362 6950 2334 6950 2460 6951 2601 6951 2583 6951 2475 6952 2460 6952 2583 6952 2470 6953 2460 6953 2475 6953 3848 6954 3726 6954 3807 6954 3847 6955 3848 6955 3807 6955 3853 6956 3848 6956 3847 6956 3927 6957 3853 6957 3847 6957 3982 6958 3853 6958 3927 6958 3979 6959 3982 6959 3927 6959 3983 6960 3982 6960 3979 6960 4043 6961 3983 6961 3979 6961 4112 6962 3983 6962 4043 6962 4109 6963 4112 6963 4043 6963 4122 6964 4112 6964 4109 6964 4157 6965 4122 6965 4109 6965 4208 6966 4122 6966 4157 6966 4207 6967 4208 6967 4157 6967 4238 6968 4208 6968 4207 6968 4291 6969 4238 6969 4207 6969 4276 6970 4291 6970 4207 6970 4331 6971 4291 6971 4276 6971 4432 6972 4458 6972 4430 6972 4350 6973 4432 6973 4430 6973 4331 6974 4432 6974 4350 6974 4335 6975 4331 6975 4350 6975 4291 6976 4331 6976 4335 6976 4458 6977 4546 6977 4543 6977 4546 6978 4622 6978 4616 6978 4569 6979 4546 6979 4616 6979 4543 6980 4546 6980 4569 6980 4737 6981 4702 6981 4783 6981 4702 6982 4737 6982 4711 6982 4697 6983 4702 6983 4711 6983 4622 6984 4702 6984 4697 6984 4648 6985 4622 6985 4697 6985 4616 6986 4622 6986 4648 6986 2730 6987 2800 6987 2728 6987 2701 6988 2730 6988 2728 6988 2601 6989 2730 6989 2701 6989 2602 6990 2601 6990 2701 6990 2583 6991 2601 6991 2602 6991 2931 6992 2866 6992 2868 6992 2977 6993 2931 6993 2868 6993 2974 6994 2931 6994 2977 6994 3056 6995 2974 6995 2977 6995 3242 6996 3370 6996 3282 6996 3240 6997 3242 6997 3282 6997 3105 6998 3242 6998 3240 6998 3170 6999 3105 6999 3240 6999 3102 7000 3105 7000 3170 7000 3617 7001 3495 7001 3619 7001 3493 7002 3415 7002 3372 7002 3495 7003 3493 7003 3372 7003 3533 7004 3493 7004 3495 7004 3617 7005 3533 7005 3495 7005 3747 7006 3886 7006 3764 7006 3745 7007 3747 7007 3764 7007 3619 7008 3747 7008 3745 7008 3639 7009 3619 7009 3745 7009 3617 7010 3619 7010 3639 7010 3988 7011 3899 7011 3888 7011 3988 7012 4125 7012 3991 7012 3986 7013 3988 7013 3991 7013 3899 7014 3988 7014 3986 7014 4214 7015 4128 7015 4130 7015 4241 7016 4214 7016 4130 7016 4239 7017 4214 7017 4241 7017 4333 7018 4239 7018 4241 7018 4425 7019 4348 7019 4352 7019 4457 7020 4425 7020 4352 7020 4455 7021 4425 7021 4457 7021 4536 7022 4455 7022 4457 7022 4604 7023 4561 7023 4565 7023 4639 7024 4604 7024 4565 7024 4636 7025 4604 7025 4639 7025 4684 7026 4636 7026 4639 7026 4787 7027 4733 7027 4789 7027 4765 7028 4787 7028 4789 7028 4710 7029 4787 7029 4765 7029 4742 7030 4710 7030 4765 7030 4708 7031 4710 7031 4742 7031 4744 7032 4677 7032 4722 7032 4679 7033 4599 7033 4597 7033 4660 7034 4679 7034 4597 7034 4521 7035 4405 7035 4505 7035 4519 7036 4521 7036 4505 7036 4599 7037 4521 7037 4519 7037 4585 7038 4599 7038 4519 7038 4597 7039 4599 7039 4585 7039 4309 7040 4390 7040 4407 7040 4311 7041 4309 7041 4407 7041 4306 7042 4309 7042 4311 7042 4181 7043 4306 7043 4311 7043 4084 7044 4178 7044 4180 7044 4071 7045 4084 7045 4180 7045 3950 7046 3841 7046 3947 7046 3958 7047 3950 7047 3947 7047 4071 7048 3950 7048 3958 7048 4068 7049 4071 7049 3958 7049 4084 7050 4071 7050 4068 7050 3717 7051 3811 7051 3813 7051 3680 7052 3717 7052 3813 7052 3677 7053 3717 7053 3680 7053 3599 7054 3677 7054 3680 7054 3478 7055 3561 7055 3563 7055 3431 7056 3478 7056 3563 7056 3429 7057 3478 7057 3431 7057 3373 7058 3429 7058 3431 7058 3057 7059 3194 7059 3059 7059 3194 7060 3057 7060 3124 7060 3190 7061 3194 7061 3124 7061 3299 7062 3194 7062 3190 7062 3251 7063 3299 7063 3190 7063 3297 7064 3299 7064 3251 7064 2924 7065 2792 7065 2884 7065 2922 7066 2924 7066 2884 7066 3059 7067 2924 7067 2922 7067 3007 7068 3059 7068 2922 7068 3057 7069 3059 7069 3007 7069 2670 7070 2760 7070 2794 7070 2669 7071 2670 7071 2794 7071 2638 7072 2670 7072 2669 7072 2554 7073 2638 7073 2669 7073 2406 7074 2407 7074 2537 7074 2553 7075 2406 7075 2537 7075 2265 7076 2151 7076 2266 7076 2271 7077 2265 7077 2266 7077 2406 7078 2265 7078 2271 7078 2400 7079 2406 7079 2271 7079 2407 7080 2406 7080 2400 7080 2045 7081 2137 7081 2136 7081 2021 7082 2045 7082 2136 7082 2022 7083 2045 7083 2021 7083 1923 7084 2022 7084 2021 7084 1795 7085 1904 7085 1902 7085 1768 7086 1795 7086 1902 7086 1770 7087 1795 7087 1768 7087 1703 7088 1770 7088 1768 7088 1583 7089 1659 7089 1658 7089 1535 7090 1583 7090 1658 7090 1535 7091 1411 7091 1472 7091 1538 7092 1535 7092 1472 7092 1583 7093 1535 7093 1538 7093 1410 7094 1304 7094 1305 7094 1364 7095 1410 7095 1305 7095 1191 7096 1087 7096 1168 7096 1194 7097 1191 7097 1168 7097 1304 7098 1191 7098 1194 7098 1255 7099 1304 7099 1194 7099 1305 7100 1304 7100 1255 7100 997 7101 1054 7101 1086 7101 996 7102 997 7102 1086 7102 979 7103 997 7103 996 7103 906 7104 979 7104 996 7104 904 7105 820 7105 821 7105 895 7106 904 7106 821 7106 767 7107 716 7107 768 7107 769 7108 767 7108 768 7108 820 7109 767 7109 769 7109 815 7110 820 7110 769 7110 821 7111 820 7111 815 7111 753 7112 726 7112 715 7112 764 7113 753 7113 715 7113 765 7114 753 7114 764 7114 799 7115 765 7115 764 7115 881 7116 812 7116 811 7116 897 7117 881 7117 811 7117 901 7118 881 7118 897 7118 957 7119 901 7119 897 7119 1034 7120 989 7120 986 7120 1078 7121 1034 7121 986 7121 1082 7122 1034 7122 1078 7122 1146 7123 1082 7123 1078 7123 1183 7124 1146 7124 1078 7124 1184 7125 1146 7125 1183 7125 1183 7126 1276 7126 1281 7126 1232 7127 1183 7127 1281 7127 1184 7128 1183 7128 1232 7128 1398 7129 1529 7129 1443 7129 1400 7130 1398 7130 1443 7130 1276 7131 1398 7131 1400 7131 1339 7132 1276 7132 1400 7132 1281 7133 1276 7133 1339 7133 1630 7134 1545 7134 1527 7134 1629 7135 1630 7135 1527 7135 1663 7136 1630 7136 1629 7136 1760 7137 1663 7137 1629 7137 1888 7138 1773 7138 1758 7138 1887 7139 1888 7139 1758 7139 1897 7140 1888 7140 1887 7140 2003 7141 1897 7141 1887 7141 2125 7142 2246 7142 2126 7142 2121 7143 2125 7143 2126 7143 2001 7144 2125 7144 2121 7144 2371 7145 2259 7145 2258 7145 2396 7146 2371 7146 2258 7146 2397 7147 2371 7147 2396 7147 2488 7148 2397 7148 2396 7148 2614 7149 2535 7149 2534 7149 2648 7150 2614 7150 2534 7150 2649 7151 2614 7151 2648 7151 2738 7152 2649 7152 2648 7152 2861 7153 2776 7153 2778 7153 2911 7154 2861 7154 2778 7154 2909 7155 2861 7155 2911 7155 3041 7156 3165 7156 3090 7156 3039 7157 3041 7157 3090 7157 2911 7158 3041 7158 3039 7158 2964 7159 2911 7159 3039 7159 2909 7160 2911 7160 2964 7160 3283 7161 3218 7161 3167 7161 3285 7162 3283 7162 3167 7162 3334 7163 3283 7163 3285 7163 3417 7164 3334 7164 3285 7164 3553 7165 3437 7165 3419 7165 3555 7166 3553 7166 3419 7166 3569 7167 3553 7167 3555 7167 3668 7168 3569 7168 3555 7168 3800 7169 3681 7169 3670 7169 3802 7170 3800 7170 3670 7170 3809 7171 3800 7171 3802 7171 3925 7172 3809 7172 3802 7172 4042 7173 3928 7173 3930 7173 4046 7174 4042 7174 3930 7174 4044 7175 4042 7175 4046 7175 4148 7176 4044 7176 4046 7176 4270 7177 4170 7177 4172 7177 4294 7178 4270 7178 4172 7178 4292 7179 4270 7179 4294 7179 4359 7180 4292 7180 4294 7180 4567 7181 4514 7181 4516 7181 4593 7182 4567 7182 4516 7182 4593 7183 4675 7183 4635 7183 4590 7184 4593 7184 4635 7184 4567 7185 4593 7185 4590 7185 4675 7186 4731 7186 4705 7186 4673 7187 4675 7187 4705 7187 4635 7188 4675 7188 4673 7188 4774 7189 4775 7189 4735 7189 4791 7190 4774 7190 4735 7190 4773 7191 4774 7191 4791 7191 4717 7192 4773 7192 4791 7192 4642 7193 4704 7193 4721 7193 4646 7194 4642 7194 4721 7194 4629 7195 4642 7195 4646 7195 4570 7196 4629 7196 4646 7196 4465 7197 4560 7197 4572 7197 4468 7198 4465 7198 4572 7198 4459 7199 4465 7199 4468 7199 4358 7200 4459 7200 4468 7200 4247 7201 4149 7201 4245 7201 4259 7202 4247 7202 4245 7202 4356 7203 4247 7203 4259 7203 4041 7204 4137 7204 4139 7204 4001 7205 4041 7205 4139 7205 3998 7206 4041 7206 4001 7206 3924 7207 3998 7207 4001 7207 3804 7208 3900 7208 3902 7208 3756 7209 3804 7209 3902 7209 3623 7210 3565 7210 3621 7210 3674 7211 3623 7211 3621 7211 3756 7212 3623 7212 3674 7212 3754 7213 3756 7213 3674 7213 3804 7214 3756 7214 3754 7214 3390 7215 3257 7215 3333 7215 3387 7216 3390 7216 3333 7216 3504 7217 3390 7217 3387 7217 3436 7218 3504 7218 3387 7218 3502 7219 3504 7219 3436 7219 3259 7220 3121 7220 3119 7220 3219 7221 3259 7221 3119 7221 2996 7222 2873 7222 2963 7222 2994 7223 2996 7223 2963 7223 3121 7224 2996 7224 2994 7224 3088 7225 3121 7225 2994 7225 3119 7226 3121 7226 3088 7226 2746 7227 2856 7227 2875 7227 2748 7228 2746 7228 2875 7228 2731 7229 2746 7229 2748 7229 2613 7230 2731 7230 2748 7230 2474 7231 2608 7231 2612 7231 2464 7232 2474 7232 2612 7232 2465 7233 2474 7233 2464 7233 2370 7234 2465 7234 2464 7234 2247 7235 2365 7235 2364 7235 2216 7236 2247 7236 2364 7236 2217 7237 2247 7237 2216 7237 2120 7238 2217 7238 2216 7238 1999 7239 2090 7239 2089 7239 1961 7240 1999 7240 2089 7240 1844 7241 1769 7241 1845 7241 1895 7242 1844 7242 1845 7242 1961 7243 1844 7243 1895 7243 1962 7244 1961 7244 1895 7244 1999 7245 1961 7245 1962 7245 1598 7246 1484 7246 1540 7246 1599 7247 1598 7247 1540 7247 1721 7248 1598 7248 1599 7248 1661 7249 1721 7249 1599 7249 1722 7250 1721 7250 1661 7250 1480 7251 1366 7251 1367 7251 1442 7252 1480 7252 1367 7252 1249 7253 1155 7253 1231 7253 1252 7254 1249 7254 1231 7254 1366 7255 1249 7255 1252 7255 1340 7256 1366 7256 1252 7256 1367 7257 1366 7257 1340 7257 1039 7258 1143 7258 1153 7258 1038 7259 1039 7259 1153 7259 1032 7260 1039 7260 1038 7260 961 7261 1032 7261 1038 7261 877 7262 953 7262 960 7262 875 7263 877 7263 960 7263 876 7264 877 7264 875 7264 798 7265 876 7265 875 7265 750 7266 794 7266 792 7266 742 7267 750 7267 792 7267 742 7268 729 7268 717 7268 747 7269 742 7269 717 7269 750 7270 742 7270 747 7270 784 7271 816 7271 787 7271 770 7272 784 7272 787 7272 729 7273 784 7273 770 7273 738 7274 729 7274 770 7274 717 7275 729 7275 738 7275 899 7276 850 7276 847 7276 943 7277 899 7277 847 7277 944 7278 899 7278 943 7278 982 7279 944 7279 943 7279 1025 7280 1121 7280 1123 7280 1063 7281 1025 7281 1123 7281 1026 7282 1025 7282 1063 7282 1224 7283 1347 7283 1256 7283 1228 7284 1224 7284 1256 7284 1121 7285 1224 7285 1228 7285 1170 7286 1121 7286 1228 7286 1123 7287 1121 7287 1170 7287 1448 7288 1363 7288 1345 7288 1447 7289 1448 7289 1345 7289 1473 7290 1448 7290 1447 7290 1568 7291 1473 7291 1447 7291 1694 7292 1584 7292 1566 7292 1693 7293 1694 7293 1566 7293 1707 7294 1694 7294 1693 7294 1800 7295 1707 7295 1693 7295 1927 7296 1801 7296 1798 7296 1935 7297 1927 7297 1798 7297 1936 7298 1927 7298 1935 7298 2046 7299 1936 7299 1935 7299 2152 7300 2061 7300 2060 7300 2191 7301 2152 7301 2060 7301 2306 7302 2402 7302 2307 7302 2272 7303 2306 7303 2307 7303 2191 7304 2306 7304 2272 7304 2192 7305 2191 7305 2272 7305 2152 7306 2191 7306 2192 7306 2540 7307 2444 7307 2443 7307 2586 7308 2540 7308 2443 7308 2587 7309 2540 7309 2586 7309 2646 7310 2587 7310 2586 7310 2833 7311 2957 7311 2891 7311 2831 7312 2833 7312 2891 7312 2722 7313 2833 7313 2831 7313 2762 7314 2722 7314 2831 7314 2720 7315 2722 7315 2762 7315 3089 7316 3008 7316 2959 7316 3092 7317 3089 7317 2959 7317 3125 7318 3089 7318 3092 7318 3220 7319 3125 7319 3092 7319 3359 7320 3252 7320 3222 7320 3361 7321 3359 7321 3222 7321 3377 7322 3359 7322 3361 7322 3462 7323 3377 7323 3361 7323 3596 7324 3489 7324 3464 7324 3598 7325 3596 7325 3464 7325 3610 7326 3596 7326 3598 7326 3727 7327 3610 7327 3598 7327 3845 7328 3731 7328 3733 7328 3851 7329 3845 7329 3733 7329 3851 7330 3981 7330 3962 7330 3849 7331 3851 7331 3962 7331 3845 7332 3851 7332 3849 7332 4111 7333 4182 7333 4108 7333 4083 7334 4111 7334 4108 7334 3981 7335 4111 7335 4083 7335 3978 7336 3981 7336 4083 7336 3962 7337 3981 7337 3978 7337 4307 7338 4206 7338 4210 7338 4340 7339 4307 7339 4210 7339 4334 7340 4307 7340 4340 7340 4401 7341 4334 7341 4340 7341 4511 7342 4433 7342 4436 7342 4548 7343 4511 7343 4436 7343 4548 7344 4618 7344 4587 7344 4545 7345 4548 7345 4587 7345 4511 7346 4548 7346 4545 7346 4696 7347 4663 7347 4626 7347 4701 7348 4696 7348 4626 7348 4723 7349 4696 7349 4701 7349 4753 7350 4723 7350 4701 7350 4747 7351 4788 7351 4781 7351 4758 7352 4747 7352 4781 7352 4741 7353 4747 7353 4758 7353 4691 7354 4741 7354 4758 7354 4606 7355 4683 7355 4693 7355 4610 7356 4606 7356 4693 7356 4600 7357 4606 7357 4610 7357 4527 7358 4600 7358 4610 7358 4423 7359 4529 7359 4417 7359 4323 7360 4212 7360 4321 7360 4329 7361 4323 7361 4321 7361 4417 7362 4323 7362 4329 7362 4415 7363 4417 7363 4329 7363 4423 7364 4417 7364 4415 7364 4126 7365 4186 7365 4190 7365 4099 7366 4126 7366 4190 7366 4097 7367 4126 7367 4099 7367 3990 7368 4097 7368 4099 7368 3897 7369 3959 7369 3964 7369 3821 7370 3897 7370 3964 7370 3819 7371 3897 7371 3821 7371 3757 7372 3819 7372 3821 7372 3575 7373 3448 7373 3528 7373 3573 7374 3575 7374 3528 7374 3711 7375 3575 7375 3573 7375 3633 7376 3711 7376 3573 7376 3709 7377 3711 7377 3633 7377 3329 7378 3413 7378 3452 7378 3331 7379 3329 7379 3452 7379 3281 7380 3329 7380 3331 7380 3211 7381 3281 7381 3331 7381 3072 7382 3171 7382 3213 7382 3074 7383 3072 7383 3213 7383 3055 7384 3072 7384 3074 7384 2942 7385 3055 7385 3074 7385 2944 7386 2801 7386 2930 7386 2697 7387 2798 7387 2803 7387 2689 7388 2697 7388 2803 7388 2564 7389 2445 7389 2565 7389 2574 7390 2564 7390 2565 7390 2689 7391 2564 7391 2574 7391 2690 7392 2689 7392 2574 7392 2697 7393 2689 7393 2690 7393 2327 7394 2426 7394 2425 7394 2287 7395 2327 7395 2425 7395 2288 7396 2327 7396 2287 7396 2206 7397 2288 7397 2287 7397 2082 7398 2166 7398 2163 7398 2041 7399 2082 7399 2163 7399 1913 7400 1859 7400 1914 7400 1959 7401 1913 7401 1914 7401 2041 7402 1913 7402 1959 7402 2043 7403 2041 7403 1959 7403 2082 7404 2041 7404 2043 7404 1666 7405 1552 7405 1614 7405 1667 7406 1666 7406 1614 7406 1783 7407 1666 7407 1667 7407 1735 7408 1783 7408 1667 7408 1784 7409 1783 7409 1735 7409 1439 7410 1519 7410 1547 7410 1436 7411 1439 7411 1547 7411 1401 7412 1439 7412 1436 7412 1320 7413 1401 7413 1436 7413 1316 7414 1207 7414 1209 7414 1298 7415 1316 7415 1209 7415 1109 7416 1009 7416 1010 7416 1109 7417 1010 7417 1104 7417 1110 7418 1109 7418 1104 7418 1207 7419 1109 7419 1110 7419 1198 7420 1207 7420 1110 7420 1209 7421 1207 7421 1198 7421 844 7422 926 7422 925 7422 830 7423 844 7423 925 7423 835 7424 844 7424 830 7424 786 7425 835 7425 830 7425 734 7426 780 7426 777 7426 724 7427 734 7427 777 7427 732 7428 734 7428 724 7428 731 7429 732 7429 724 7429 785 7430 761 7430 752 7430 806 7431 785 7431 752 7431 808 7432 785 7432 806 7432 845 7433 808 7433 806 7433 973 7434 1056 7434 1011 7434 978 7435 973 7435 1011 7435 887 7436 973 7436 978 7436 935 7437 887 7437 978 7437 891 7438 887 7438 935 7438 1176 7439 1103 7439 1052 7439 1175 7440 1176 7440 1052 7440 1193 7441 1176 7441 1175 7441 1269 7442 1193 7442 1175 7442 1264 7443 1391 7443 1293 7443 1499 7444 1503 7444 1399 7444 1387 7445 1499 7445 1399 7445 1610 7446 1739 7446 1615 7446 1611 7447 1610 7447 1615 7447 1499 7448 1610 7448 1611 7448 1518 7449 1499 7449 1611 7449 1503 7450 1499 7450 1518 7450 1861 7451 1747 7451 1746 7451 1867 7452 1861 7452 1746 7452 1868 7453 1861 7453 1867 7453 1957 7454 1868 7454 1867 7454 2078 7455 1996 7455 1995 7455 2114 7456 2078 7456 1995 7456 2115 7457 2078 7457 2114 7457 2204 7458 2115 7458 2114 7458 2324 7459 2241 7459 2240 7459 2375 7460 2324 7460 2240 7460 2376 7461 2324 7461 2375 7461 2441 7462 2376 7462 2375 7462 2621 7463 2755 7463 2699 7463 2622 7464 2621 7464 2699 7464 2502 7465 2621 7465 2622 7465 2575 7466 2502 7466 2622 7466 2503 7467 2502 7467 2575 7467 2888 7468 2799 7468 2757 7468 2890 7469 2888 7469 2757 7469 2926 7470 2888 7470 2890 7470 3028 7471 2926 7471 2890 7471 3030 7472 3141 7472 3139 7472 3053 7473 3030 7473 3139 7473 3141 7474 3269 7474 3267 7474 3168 7475 3141 7475 3267 7475 3139 7476 3141 7476 3168 7476 3532 7477 3636 7477 3530 7477 3529 7478 3532 7478 3530 7478 3407 7479 3532 7479 3529 7479 3412 7480 3407 7480 3529 7480 3405 7481 3407 7481 3412 7481 3758 7482 3650 7482 3653 7482 3783 7483 3758 7483 3653 7483 3912 7484 3989 7484 3908 7484 3891 7485 3912 7485 3908 7485 3783 7486 3912 7486 3891 7486 3781 7487 3783 7487 3891 7487 3758 7488 3783 7488 3781 7488 4121 7489 4029 7489 4034 7489 4152 7490 4121 7490 4034 7490 4147 7491 4121 7491 4152 7491 4211 7492 4147 7492 4152 7492 4327 7493 4280 7493 4285 7493 4376 7494 4327 7494 4285 7494 4376 7495 4483 7495 4424 7495 4368 7496 4376 7496 4424 7496 4327 7497 4376 7497 4368 7497 4578 7498 4531 7498 4495 7498 4584 7499 4578 7499 4495 7499 4601 7500 4578 7500 4584 7500 4661 7501 4601 7501 4584 7501 4670 7502 4728 7502 4725 7502 4682 7503 4670 7503 4725 7503 4728 7504 4794 7504 4784 7504 4739 7505 4728 7505 4784 7505 4725 7506 4728 7506 4739 7506 4667 7507 4586 7507 4664 7507 4665 7508 4667 7508 4664 7508 4730 7509 4667 7509 4665 7509 4724 7510 4730 7510 4665 7510 4726 7511 4730 7511 4724 7511 4508 7512 4577 7512 4581 7512 4481 7513 4508 7513 4581 7513 4371 7514 4308 7514 4367 7514 4396 7515 4371 7515 4367 7515 4481 7516 4371 7516 4396 7516 4479 7517 4481 7517 4396 7517 4508 7518 4481 7518 4479 7518 4183 7519 4281 7519 4287 7519 4155 7520 4183 7520 4287 7520 4150 7521 4183 7521 4155 7521 4088 7522 4150 7522 4155 7522 3966 7523 4031 7523 4038 7523 3910 7524 3966 7524 4038 7524 3910 7525 3776 7525 3846 7525 3907 7526 3910 7526 3846 7526 3966 7527 3910 7527 3907 7527 3643 7528 3722 7528 3779 7528 3646 7529 3643 7529 3779 7529 3601 7530 3643 7530 3646 7530 3525 7531 3601 7531 3646 7531 3527 7532 3404 7532 3401 7532 3487 7533 3527 7533 3401 7533 3272 7534 3142 7534 3256 7534 3270 7535 3272 7535 3256 7535 3404 7536 3272 7536 3270 7536 3380 7537 3404 7537 3270 7537 3401 7538 3404 7538 3380 7538 3033 7539 3132 7539 3144 7539 3033 7540 2892 7540 3012 7540 3031 7541 3033 7541 3012 7541 3132 7542 3033 7542 3031 7542 2761 7543 2885 7543 2887 7543 2752 7544 2761 7544 2887 7544 2617 7545 2539 7545 2618 7545 2644 7546 2617 7546 2618 7546 2752 7547 2617 7547 2644 7547 2753 7548 2752 7548 2644 7548 2761 7549 2752 7549 2753 7549 2410 7550 2500 7550 2499 7550 2379 7551 2410 7551 2499 7551 2380 7552 2410 7552 2379 7552 2274 7553 2380 7553 2379 7553 2156 7554 2245 7554 2244 7554 2117 7555 2156 7555 2244 7555 2118 7556 2156 7556 2117 7556 2047 7557 2118 7557 2117 7557 1743 7558 1864 7558 1741 7558 1864 7559 1743 7559 1799 7559 1865 7560 1864 7560 1799 7560 1986 7561 1864 7561 1865 7561 1926 7562 1986 7562 1865 7562 1992 7563 1986 7563 1926 7563 1607 7564 1508 7564 1585 7564 1608 7565 1607 7565 1585 7565 1741 7566 1607 7566 1608 7566 1705 7567 1741 7567 1608 7567 1743 7568 1741 7568 1705 7568 1394 7569 1475 7569 1502 7569 1393 7570 1394 7570 1502 7570 1368 7571 1394 7571 1393 7571 1257 7572 1270 7572 1268 7572 1173 7573 1257 7573 1268 7573 1047 7574 981 7574 1049 7574 1062 7575 1047 7575 1049 7575 1173 7576 1047 7576 1062 7576 1171 7577 1173 7577 1062 7577 1257 7578 1173 7578 1171 7578 898 7579 969 7579 968 7579 885 7580 898 7580 968 7580 888 7581 898 7581 885 7581 818 7582 888 7582 885 7582 771 7583 807 7583 804 7583 755 7584 771 7584 804 7584 762 7585 771 7585 755 7585 718 7586 762 7586 755 7586 749 7587 736 7587 721 7587 775 7588 749 7588 721 7588 775 7589 837 7589 797 7589 782 7590 775 7590 797 7590 749 7591 775 7591 782 7591 834 7592 928 7592 931 7592 878 7593 834 7593 931 7593 1015 7594 1114 7594 1033 7594 1019 7595 1015 7595 1033 7595 928 7596 1015 7596 1019 7596 955 7597 928 7597 1019 7597 931 7598 928 7598 955 7598 1208 7599 1132 7599 1112 7599 1205 7600 1208 7600 1112 7600 1227 7601 1208 7601 1205 7601 1334 7602 1312 7602 1310 7602 1432 7603 1334 7603 1310 7603 1433 7604 1334 7604 1432 7604 1550 7605 1662 7605 1551 7605 1539 7606 1550 7606 1551 7606 1432 7607 1550 7607 1539 7607 1441 7608 1432 7608 1539 7608 1433 7609 1432 7609 1441 7609 1771 7610 1671 7610 1670 7610 1786 7611 1771 7611 1670 7611 1787 7612 1771 7612 1786 7612 1896 7613 1787 7613 1786 7613 1998 7614 1919 7614 1918 7614 2039 7615 1998 7615 1918 7615 2042 7616 1998 7616 2039 7616 2119 7617 2042 7617 2039 7617 2242 7618 2161 7618 2160 7618 2284 7619 2242 7619 2160 7619 2285 7620 2242 7620 2284 7620 2369 7621 2285 7621 2284 7621 2423 7622 2369 7622 2284 7622 2427 7623 2369 7623 2423 7623 2571 7624 2696 7624 2610 7624 2572 7625 2571 7625 2610 7625 2423 7626 2571 7626 2572 7626 2471 7627 2423 7627 2572 7627 2427 7628 2423 7628 2471 7628 2805 7629 2734 7629 2694 7629 2807 7630 2805 7630 2694 7630 2857 7631 2805 7631 2807 7631 2945 7632 2857 7632 2807 7632 3068 7633 2962 7633 2947 7633 3070 7634 3068 7634 2947 7634 3086 7635 3068 7635 3070 7635 3216 7636 3207 7636 3209 7636 3328 7637 3216 7637 3209 7637 3326 7638 3216 7638 3328 7638 3435 7639 3326 7639 3328 7639 3566 7640 3455 7640 3458 7640 3578 7641 3566 7641 3458 7641 3576 7642 3566 7642 3578 7642 3676 7643 3576 7643 3578 7643 3805 7644 3712 7644 3714 7644 3824 7645 3805 7645 3714 7645 3822 7646 3805 7646 3824 7646 3922 7647 3822 7647 3824 7647 4144 7648 4094 7648 4096 7648 4188 7649 4144 7649 4096 7649 4185 7650 4144 7650 4188 7650 4325 7651 4418 7651 4357 7651 4319 7652 4325 7652 4357 7652 4188 7653 4325 7653 4319 7653 4257 7654 4188 7654 4319 7654 4185 7655 4188 7655 4257 7655 4530 7656 4460 7656 4420 7656 4534 7657 4530 7657 4420 7657 4562 7658 4530 7658 4534 7658 4608 7659 4562 7659 4534 7659 4690 7660 4630 7660 4612 7660 4695 7661 4690 7661 4612 7661 4703 7662 4690 7662 4695 7662 4770 7663 4752 7663 4755 7663 4783 7664 4770 7664 4755 7664 4778 7665 4770 7665 4783 7665 4779 7666 4778 7666 4783 7666 4706 7667 4779 7667 4783 7667 4702 7668 4706 7668 4783 7668 4699 7669 4706 7669 4702 7669 4634 7670 4699 7670 4702 7670 4622 7671 4634 7671 4702 7671 4619 7672 4634 7672 4622 7672 4563 7673 4619 7673 4622 7673 4546 7674 4563 7674 4622 7674 4544 7675 4563 7675 4546 7675 4546 7676 4458 7676 4432 7676 4461 7677 4546 7677 4432 7677 4544 7678 4546 7678 4461 7678 4331 7679 4276 7679 4330 7679 4360 7680 4331 7680 4330 7680 4432 7681 4331 7681 4360 7681 4431 7682 4432 7682 4360 7682 4461 7683 4432 7683 4431 7683 1449 7684 1353 7684 1373 7684 1454 7685 1449 7685 1373 7685 1455 7686 1449 7686 1454 7686 1478 7687 1455 7687 1454 7687 1575 7688 1455 7688 1478 7688 1586 7689 1575 7689 1478 7689 1587 7690 1575 7690 1586 7690 1589 7691 1587 7691 1586 7691 1706 7692 1587 7692 1589 7692 1713 7693 1706 7693 1589 7693 1719 7694 1706 7694 1713 7694 1718 7695 1719 7695 1713 7695 1821 7696 1719 7696 1718 7696 1815 7697 1821 7697 1718 7697 1833 7698 1821 7698 1815 7698 1832 7699 1833 7699 1815 7699 1909 7700 1833 7700 1832 7700 1933 7701 1909 7701 1832 7701 1944 7702 1909 7702 1933 7702 1943 7703 1944 7703 1933 7703 2074 7704 1944 7704 1943 7704 2049 7705 2074 7705 1943 7705 2074 7706 2049 7706 2073 7706 2208 7707 2074 7707 2073 7707 2209 7708 2074 7708 2208 7708 2214 7709 2209 7709 2208 7709 2208 7710 2073 7710 2164 7710 2207 7711 2208 7711 2164 7711 2334 7712 2208 7712 2207 7712 2276 7713 2334 7713 2207 7713 2334 7714 2276 7714 2333 7714 2460 7715 2334 7715 2333 7715 2461 7716 2334 7716 2460 7716 2470 7717 2461 7717 2460 7717 2460 7718 2333 7718 2413 7718 2459 7719 2460 7719 2413 7719 2601 7720 2460 7720 2459 7720 2544 7721 2601 7721 2459 7721 2650 7722 2729 7722 2730 7722 2601 7723 2650 7723 2730 7723 2600 7724 2650 7724 2601 7724 2544 7725 2600 7725 2601 7725 2730 7726 2729 7726 2764 7726 2868 7727 2730 7727 2764 7727 2800 7728 2730 7728 2868 7728 2866 7729 2800 7729 2868 7729 2893 7730 2976 7730 2977 7730 2868 7731 2893 7731 2977 7731 2867 7732 2893 7732 2868 7732 2764 7733 2867 7733 2868 7733 2977 7734 2976 7734 3009 7734 3105 7735 2977 7735 3009 7735 3056 7736 2977 7736 3105 7736 3102 7737 3056 7737 3105 7737 3126 7738 3241 7738 3242 7738 3105 7739 3126 7739 3242 7739 3104 7740 3126 7740 3105 7740 3009 7741 3104 7741 3105 7741 3242 7742 3241 7742 3249 7742 3372 7743 3242 7743 3249 7743 3370 7744 3242 7744 3372 7744 3415 7745 3370 7745 3372 7745 3375 7746 3484 7746 3495 7746 3372 7747 3375 7747 3495 7747 3371 7748 3375 7748 3372 7748 3249 7749 3371 7749 3372 7749 3495 7750 3484 7750 3494 7750 3602 7751 3495 7751 3494 7751 3619 7752 3495 7752 3602 7752 3618 7753 3619 7753 3602 7753 3747 7754 3619 7754 3618 7754 3718 7755 3747 7755 3618 7755 3747 7756 3718 7756 3746 7756 3888 7757 3747 7757 3746 7757 3886 7758 3747 7758 3888 7758 3899 7759 3886 7759 3888 7759 3888 7760 3746 7760 3838 7760 3887 7761 3888 7761 3838 7761 3988 7762 3888 7762 3887 7762 3952 7763 3988 7763 3887 7763 3988 7764 3952 7764 3987 7764 4130 7765 3988 7765 3987 7765 4125 7766 3988 7766 4130 7766 4128 7767 4125 7767 4130 7767 4130 7768 3987 7768 4074 7768 4129 7769 4130 7769 4074 7769 4241 7770 4130 7770 4129 7770 4173 7771 4241 7771 4129 7771 4240 7772 4241 7772 4173 7772 4241 7773 4240 7773 4299 7773 4352 7774 4241 7774 4299 7774 4333 7775 4241 7775 4352 7775 4348 7776 4333 7776 4352 7776 4380 7777 4456 7777 4457 7777 4352 7778 4380 7778 4457 7778 4351 7779 4380 7779 4352 7779 4299 7780 4351 7780 4352 7780 4457 7781 4456 7781 4500 7781 4565 7782 4457 7782 4500 7782 4536 7783 4457 7783 4565 7783 4561 7784 4536 7784 4565 7784 4575 7785 4638 7785 4639 7785 4565 7786 4575 7786 4639 7786 4564 7787 4575 7787 4565 7787 4500 7788 4564 7788 4565 7788 4639 7789 4638 7789 4655 7789 4710 7790 4639 7790 4655 7790 4684 7791 4639 7791 4710 7791 4708 7792 4684 7792 4710 7792 4710 7793 4655 7793 4709 7793 4718 7794 4710 7794 4709 7794 4787 7795 4710 7795 4718 7795 4786 7796 4787 7796 4718 7796 4785 7797 4787 7797 4786 7797 4787 7798 4785 7798 4746 7798 4744 7799 4787 7799 4746 7799 4733 7800 4787 7800 4744 7800 4722 7801 4733 7801 4744 7801 4744 7802 4743 7802 4688 7802 4679 7803 4744 7803 4688 7803 4677 7804 4744 7804 4679 7804 4660 7805 4677 7805 4679 7805 4679 7806 4688 7806 4678 7806 4605 7807 4679 7807 4678 7807 4599 7808 4679 7808 4605 7808 4598 7809 4599 7809 4605 7809 4521 7810 4599 7810 4598 7810 4539 7811 4521 7811 4598 7811 4521 7812 4539 7812 4520 7812 4407 7813 4521 7813 4520 7813 4405 7814 4521 7814 4407 7814 4390 7815 4405 7815 4407 7815 4407 7816 4520 7816 4428 7816 4406 7817 4407 7817 4428 7817 4311 7818 4407 7818 4406 7818 4344 7819 4311 7819 4406 7819 4311 7820 4344 7820 4310 7820 4180 7821 4311 7821 4310 7821 4181 7822 4311 7822 4180 7822 4178 7823 4181 7823 4180 7823 4180 7824 4310 7824 4236 7824 4179 7825 4180 7825 4236 7825 4071 7826 4180 7826 4179 7826 4133 7827 4071 7827 4179 7827 3994 7828 3949 7828 3950 7828 4071 7829 3994 7829 3950 7829 4070 7830 3994 7830 4071 7830 4133 7831 4070 7831 4071 7831 3950 7832 3949 7832 3905 7832 3813 7833 3950 7833 3905 7833 3841 7834 3950 7834 3813 7834 3811 7835 3841 7835 3813 7835 3773 7836 3679 7836 3680 7836 3813 7837 3773 7837 3680 7837 3812 7838 3773 7838 3813 7838 3905 7839 3812 7839 3813 7839 3680 7840 3679 7840 3655 7840 3563 7841 3680 7841 3655 7841 3599 7842 3680 7842 3563 7842 3561 7843 3599 7843 3563 7843 3547 7844 3430 7844 3431 7844 3563 7845 3547 7845 3431 7845 3562 7846 3547 7846 3563 7846 3655 7847 3562 7847 3563 7847 3431 7848 3430 7848 3424 7848 3299 7849 3431 7849 3424 7849 3373 7850 3431 7850 3299 7850 3297 7851 3373 7851 3299 7851 3296 7852 3203 7852 3194 7852 3299 7853 3296 7853 3194 7853 3298 7854 3296 7854 3299 7854 3424 7855 3298 7855 3299 7855 3194 7856 3203 7856 3193 7856 3064 7857 3194 7857 3193 7857 3059 7858 3194 7858 3064 7858 3058 7859 3059 7859 3064 7859 2924 7860 3059 7860 3058 7860 2951 7861 2924 7861 3058 7861 2924 7862 2951 7862 2923 7862 2794 7863 2924 7863 2923 7863 2792 7864 2924 7864 2794 7864 2760 7865 2792 7865 2794 7865 2794 7866 2923 7866 2826 7866 2793 7867 2794 7867 2826 7867 2669 7868 2794 7868 2793 7868 2718 7869 2669 7869 2793 7869 2669 7870 2718 7870 2668 7870 2553 7871 2669 7871 2668 7871 2554 7872 2669 7872 2553 7872 2537 7873 2554 7873 2553 7873 2553 7874 2668 7874 2593 7874 2552 7875 2553 7875 2593 7875 2406 7876 2553 7876 2552 7876 2458 7877 2406 7877 2552 7877 2346 7878 2264 7878 2265 7878 2406 7879 2346 7879 2265 7879 2405 7880 2346 7880 2406 7880 2458 7881 2405 7881 2406 7881 2265 7882 2264 7882 2223 7882 2136 7883 2265 7883 2223 7883 2151 7884 2265 7884 2136 7884 2137 7885 2151 7885 2136 7885 2105 7886 2020 7886 2021 7886 2136 7887 2105 7887 2021 7887 2135 7888 2105 7888 2136 7888 2223 7889 2135 7889 2136 7889 2021 7890 2020 7890 1993 7890 1902 7891 2021 7891 1993 7891 1923 7892 2021 7892 1902 7892 1904 7893 1923 7893 1902 7893 1875 7894 1767 7894 1768 7894 1902 7895 1875 7895 1768 7895 1901 7896 1875 7896 1902 7896 1993 7897 1901 7897 1902 7897 1768 7898 1767 7898 1754 7898 1658 7899 1768 7899 1754 7899 1703 7900 1768 7900 1658 7900 1659 7901 1703 7901 1658 7901 1633 7902 1534 7902 1535 7902 1658 7903 1633 7903 1535 7903 1657 7904 1633 7904 1658 7904 1754 7905 1657 7905 1658 7905 1535 7906 1534 7906 1424 7906 1410 7907 1535 7907 1424 7907 1411 7908 1535 7908 1410 7908 1364 7909 1411 7909 1410 7909 1410 7910 1424 7910 1409 7910 1313 7911 1410 7911 1409 7911 1304 7912 1410 7912 1313 7912 1303 7913 1304 7913 1313 7913 1191 7914 1304 7914 1303 7914 1214 7915 1191 7915 1303 7915 1191 7916 1214 7916 1190 7916 1086 7917 1191 7917 1190 7917 1087 7918 1191 7918 1086 7918 1054 7919 1087 7919 1086 7919 1086 7920 1190 7920 1118 7920 1085 7921 1086 7921 1118 7921 996 7922 1086 7922 1085 7922 1030 7923 996 7923 1085 7923 996 7924 1030 7924 995 7924 904 7925 996 7925 995 7925 906 7926 996 7926 904 7926 895 7927 906 7927 904 7927 904 7928 995 7928 949 7928 903 7929 904 7929 949 7929 820 7930 904 7930 903 7930 871 7931 820 7931 903 7931 796 7932 766 7932 767 7932 820 7933 796 7933 767 7933 819 7934 796 7934 820 7934 871 7935 819 7935 820 7935 767 7936 766 7936 758 7936 715 7937 767 7937 758 7937 716 7938 767 7938 715 7938 726 7939 716 7939 715 7939 737 7940 763 7940 764 7940 715 7941 737 7941 764 7941 714 7942 737 7942 715 7942 758 7943 714 7943 715 7943 764 7944 763 7944 779 7944 811 7945 764 7945 779 7945 799 7946 764 7946 811 7946 812 7947 799 7947 811 7947 826 7948 896 7948 897 7948 811 7949 826 7949 897 7949 810 7950 826 7950 811 7950 779 7951 810 7951 811 7951 897 7952 896 7952 915 7952 986 7953 897 7953 915 7953 957 7954 897 7954 986 7954 989 7955 957 7955 986 7955 990 7956 1067 7956 1078 7956 986 7957 990 7957 1078 7957 985 7958 990 7958 986 7958 915 7959 985 7959 986 7959 1078 7960 1067 7960 1077 7960 1178 7961 1078 7961 1077 7961 1183 7962 1078 7962 1178 7962 1182 7963 1183 7963 1178 7963 1276 7964 1183 7964 1182 7964 1276 7965 1182 7965 1262 7965 1275 7966 1276 7966 1262 7966 1398 7967 1276 7967 1275 7967 1374 7968 1398 7968 1275 7968 1398 7969 1374 7969 1397 7969 1527 7970 1398 7970 1397 7970 1529 7971 1398 7971 1527 7971 1545 7972 1529 7972 1527 7972 1527 7973 1397 7973 1481 7973 1526 7974 1527 7974 1481 7974 1629 7975 1527 7975 1526 7975 1590 7976 1629 7976 1526 7976 1629 7977 1590 7977 1628 7977 1758 7978 1629 7978 1628 7978 1760 7979 1629 7979 1758 7979 1773 7980 1760 7980 1758 7980 1758 7981 1628 7981 1715 7981 1757 7982 1758 7982 1715 7982 1887 7983 1758 7983 1757 7983 1817 7984 1887 7984 1757 7984 1886 7985 1887 7985 1817 7985 1887 7986 1886 7986 1937 7986 2001 7987 1887 7987 1937 7987 2003 7988 1887 7988 2001 7988 2121 7989 2003 7989 2001 7989 2052 7990 2124 7990 2125 7990 2001 7991 2052 7991 2125 7991 2000 7992 2052 7992 2001 7992 1937 7993 2000 7993 2001 7993 2125 7994 2124 7994 2165 7994 2258 7995 2125 7995 2165 7995 2246 7996 2125 7996 2258 7996 2259 7997 2246 7997 2258 7997 2277 7998 2395 7998 2396 7998 2258 7999 2277 7999 2396 7999 2257 8000 2277 8000 2258 8000 2165 8001 2257 8001 2258 8001 2396 8002 2395 8002 2414 8002 2534 8003 2396 8003 2414 8003 2488 8004 2396 8004 2534 8004 2535 8005 2488 8005 2534 8005 2545 8006 2647 8006 2648 8006 2534 8007 2545 8007 2648 8007 2533 8008 2545 8008 2534 8008 2414 8009 2533 8009 2534 8009 2648 8010 2647 8010 2765 8010 2778 8011 2648 8011 2765 8011 2738 8012 2648 8012 2778 8012 2776 8013 2738 8013 2778 8013 2778 8014 2765 8014 2777 8014 2894 8015 2778 8015 2777 8015 2911 8016 2778 8016 2894 8016 2910 8017 2911 8017 2894 8017 3041 8018 2911 8018 2910 8018 3010 8019 3041 8019 2910 8019 3041 8020 3010 8020 3040 8020 3167 8021 3041 8021 3040 8021 3165 8022 3041 8022 3167 8022 3218 8023 3165 8023 3167 8023 3167 8024 3040 8024 3127 8024 3166 8025 3167 8025 3127 8025 3285 8026 3167 8026 3166 8026 3250 8027 3285 8027 3166 8027 3285 8028 3250 8028 3284 8028 3419 8029 3285 8029 3284 8029 3417 8030 3285 8030 3419 8030 3437 8031 3417 8031 3419 8031 3419 8032 3284 8032 3374 8032 3418 8033 3419 8033 3374 8033 3555 8034 3419 8034 3418 8034 3483 8035 3555 8035 3418 8035 3554 8036 3555 8036 3483 8036 3555 8037 3554 8037 3600 8037 3670 8038 3555 8038 3600 8038 3668 8039 3555 8039 3670 8039 3681 8040 3668 8040 3670 8040 3719 8041 3801 8041 3802 8041 3670 8042 3719 8042 3802 8042 3669 8043 3719 8043 3670 8043 3600 8044 3669 8044 3670 8044 3802 8045 3801 8045 3839 8045 3930 8046 3802 8046 3839 8046 3925 8047 3802 8047 3930 8047 3928 8048 3925 8048 3930 8048 3953 8049 4045 8049 4046 8049 3930 8050 3953 8050 4046 8050 3929 8051 3953 8051 3930 8051 3839 8052 3929 8052 3930 8052 4046 8053 4045 8053 4079 8053 4172 8054 4046 8054 4079 8054 4148 8055 4046 8055 4172 8055 4170 8056 4148 8056 4172 8056 4172 8057 4079 8057 4171 8057 4175 8058 4172 8058 4171 8058 4294 8059 4172 8059 4175 8059 4293 8060 4294 8060 4175 8060 4304 8061 4294 8061 4293 8061 4294 8062 4304 8062 4385 8062 4393 8063 4294 8063 4385 8063 4359 8064 4294 8064 4393 8064 4387 8065 4359 8065 4393 8065 4393 8066 4392 8066 4503 8066 4516 8067 4393 8067 4503 8067 4462 8068 4393 8068 4516 8068 4514 8069 4462 8069 4516 8069 4516 8070 4503 8070 4515 8070 4579 8071 4516 8071 4515 8071 4593 8072 4516 8072 4579 8072 4592 8073 4593 8073 4579 8073 4675 8074 4593 8074 4592 8074 4654 8075 4675 8075 4592 8075 4675 8076 4654 8076 4674 8076 4735 8077 4675 8077 4674 8077 4731 8078 4675 8078 4735 8078 4775 8079 4731 8079 4735 8079 4735 8080 4674 8080 4714 8080 4734 8081 4735 8081 4714 8081 4791 8082 4735 8082 4734 8082 4766 8083 4791 8083 4734 8083 4791 8084 4766 8084 4790 8084 4721 8085 4791 8085 4790 8085 4717 8086 4791 8086 4721 8086 4704 8087 4717 8087 4721 8087 4721 8088 4790 8088 4732 8088 4720 8089 4721 8089 4732 8089 4646 8090 4721 8090 4720 8090 4680 8091 4646 8091 4720 8091 4645 8092 4646 8092 4680 8092 4646 8093 4645 8093 4603 8093 4572 8094 4646 8094 4603 8094 4570 8095 4646 8095 4572 8095 4560 8096 4570 8096 4572 8096 4535 8097 4467 8097 4468 8097 4572 8098 4535 8098 4468 8098 4571 8099 4535 8099 4572 8099 4603 8100 4571 8100 4572 8100 4468 8101 4467 8101 4427 8101 4356 8102 4468 8102 4427 8102 4358 8103 4468 8103 4356 8103 4259 8104 4358 8104 4356 8104 4345 8105 4246 8105 4247 8105 4356 8106 4345 8106 4247 8106 4355 8107 4345 8107 4356 8107 4427 8108 4355 8108 4356 8108 4247 8109 4246 8109 4237 8109 4139 8110 4247 8110 4237 8110 4149 8111 4247 8111 4139 8111 4137 8112 4149 8112 4139 8112 4139 8113 4237 8113 4138 8113 4134 8114 4139 8114 4138 8114 4001 8115 4139 8115 4134 8115 4000 8116 4001 8116 4134 8116 3995 8117 4001 8117 4000 8117 4001 8118 3995 8118 3906 8118 3902 8119 4001 8119 3906 8119 3924 8120 4001 8120 3902 8120 3900 8121 3924 8121 3902 8121 3902 8122 3906 8122 3901 8122 3774 8123 3902 8123 3901 8123 3756 8124 3902 8124 3774 8124 3755 8125 3756 8125 3774 8125 3623 8126 3756 8126 3755 8126 3654 8127 3623 8127 3755 8127 3623 8128 3654 8128 3622 8128 3504 8129 3623 8129 3622 8129 3565 8130 3623 8130 3504 8130 3502 8131 3565 8131 3504 8131 3504 8132 3622 8132 3545 8132 3503 8133 3504 8133 3545 8133 3390 8134 3504 8134 3503 8134 3423 8135 3390 8135 3503 8135 3390 8136 3423 8136 3389 8136 3259 8137 3390 8137 3389 8137 3257 8138 3390 8138 3259 8138 3219 8139 3257 8139 3259 8139 3259 8140 3389 8140 3295 8140 3258 8141 3259 8141 3295 8141 3121 8142 3259 8142 3258 8142 3202 8143 3121 8143 3258 8143 3063 8144 2995 8144 2996 8144 3121 8145 3063 8145 2996 8145 3120 8146 3063 8146 3121 8146 3202 8147 3120 8147 3121 8147 2996 8148 2995 8148 2950 8148 2875 8149 2996 8149 2950 8149 2873 8150 2996 8150 2875 8150 2856 8151 2873 8151 2875 8151 2824 8152 2747 8152 2748 8152 2875 8153 2824 8153 2748 8153 2874 8154 2824 8154 2875 8154 2950 8155 2874 8155 2875 8155 2748 8156 2747 8156 2716 8156 2612 8157 2748 8157 2716 8157 2613 8158 2748 8158 2612 8158 2608 8159 2613 8159 2612 8159 2592 8160 2463 8160 2464 8160 2612 8161 2592 8161 2464 8161 2611 8162 2592 8162 2612 8162 2716 8163 2611 8163 2612 8163 2464 8164 2463 8164 2457 8164 2364 8165 2464 8165 2457 8165 2370 8166 2464 8166 2364 8166 2365 8167 2370 8167 2364 8167 2364 8168 2457 8168 2363 8168 2345 8169 2364 8169 2363 8169 2216 8170 2364 8170 2345 8170 2220 8171 2216 8171 2345 8171 2215 8172 2216 8172 2220 8172 2216 8173 2215 8173 2102 8173 2089 8174 2216 8174 2102 8174 2120 8175 2216 8175 2089 8175 2090 8176 2120 8176 2089 8176 2089 8177 2102 8177 2088 8177 1981 8178 2089 8178 2088 8178 1961 8179 2089 8179 1981 8179 1960 8180 1961 8180 1981 8180 1844 8181 1961 8181 1960 8181 1874 8182 1844 8182 1960 8182 1844 8183 1874 8183 1843 8183 1721 8184 1844 8184 1843 8184 1769 8185 1844 8185 1721 8185 1722 8186 1769 8186 1721 8186 1721 8187 1843 8187 1753 8187 1720 8188 1721 8188 1753 8188 1598 8189 1721 8189 1720 8189 1634 8190 1598 8190 1720 8190 1598 8191 1634 8191 1597 8191 1480 8192 1598 8192 1597 8192 1484 8193 1598 8193 1480 8193 1442 8194 1484 8194 1480 8194 1480 8195 1597 8195 1537 8195 1479 8196 1480 8196 1537 8196 1366 8197 1480 8197 1479 8197 1427 8198 1366 8198 1479 8198 1314 8199 1248 8199 1249 8199 1366 8200 1314 8200 1249 8200 1365 8201 1314 8201 1366 8201 1427 8202 1365 8202 1366 8202 1249 8203 1248 8203 1215 8203 1153 8204 1249 8204 1215 8204 1155 8205 1249 8205 1153 8205 1143 8206 1155 8206 1153 8206 1117 8207 1037 8207 1038 8207 1153 8208 1117 8208 1038 8208 1152 8209 1117 8209 1153 8209 1215 8210 1152 8210 1153 8210 1038 8211 1037 8211 1029 8211 960 8212 1038 8212 1029 8212 961 8213 1038 8213 960 8213 953 8214 961 8214 960 8214 946 8215 874 8215 875 8215 960 8216 946 8216 875 8216 959 8217 946 8217 960 8217 1029 8218 959 8218 960 8218 875 8219 874 8219 865 8219 792 8220 875 8220 865 8220 798 8221 875 8221 792 8221 794 8222 798 8222 792 8222 790 8223 746 8223 742 8223 792 8224 790 8224 742 8224 791 8225 790 8225 792 8225 865 8226 791 8226 792 8226 742 8227 746 8227 741 8227 730 8228 742 8228 741 8228 729 8229 742 8229 730 8229 728 8230 729 8230 730 8230 784 8231 729 8231 728 8231 778 8232 784 8232 728 8232 784 8233 778 8233 783 8233 847 8234 784 8234 783 8234 816 8235 784 8235 847 8235 850 8236 816 8236 847 8236 847 8237 783 8237 827 8237 846 8238 847 8238 827 8238 943 8239 847 8239 846 8239 922 8240 943 8240 846 8240 943 8241 922 8241 942 8241 1025 8242 943 8242 942 8242 982 8243 943 8243 1025 8243 1026 8244 982 8244 1025 8244 1025 8245 942 8245 994 8245 1024 8246 1025 8246 994 8246 1121 8247 1025 8247 1024 8247 1074 8248 1121 8248 1024 8248 1180 8249 1223 8249 1224 8249 1121 8250 1180 8250 1224 8250 1120 8251 1180 8251 1121 8251 1074 8252 1120 8252 1121 8252 1224 8253 1223 8253 1265 8253 1345 8254 1224 8254 1265 8254 1347 8255 1224 8255 1345 8255 1363 8256 1347 8256 1345 8256 1376 8257 1446 8257 1447 8257 1345 8258 1376 8258 1447 8258 1344 8259 1376 8259 1345 8259 1265 8260 1344 8260 1345 8260 1447 8261 1446 8261 1482 8261 1566 8262 1447 8262 1482 8262 1568 8263 1447 8263 1566 8263 1584 8264 1568 8264 1566 8264 1591 8265 1692 8265 1693 8265 1566 8266 1591 8266 1693 8266 1565 8267 1591 8267 1566 8267 1482 8268 1565 8268 1566 8268 1693 8269 1692 8269 1714 8269 1798 8270 1693 8270 1714 8270 1800 8271 1693 8271 1798 8271 1801 8272 1800 8272 1798 8272 1816 8273 1934 8273 1935 8273 1798 8274 1816 8274 1935 8274 1797 8275 1816 8275 1798 8275 1714 8276 1797 8276 1798 8276 1935 8277 1934 8277 2053 8277 2060 8278 1935 8278 2053 8278 2046 8279 1935 8279 2060 8279 2061 8280 2046 8280 2060 8280 2060 8281 2053 8281 2059 8281 2167 8282 2060 8282 2059 8282 2191 8283 2060 8283 2167 8283 2190 8284 2191 8284 2167 8284 2306 8285 2191 8285 2190 8285 2278 8286 2306 8286 2190 8286 2306 8287 2278 8287 2305 8287 2443 8288 2306 8288 2305 8288 2402 8289 2306 8289 2443 8289 2444 8290 2402 8290 2443 8290 2443 8291 2305 8291 2415 8291 2442 8292 2443 8292 2415 8292 2586 8293 2443 8293 2442 8293 2546 8294 2586 8294 2442 8294 2586 8295 2546 8295 2585 8295 2722 8296 2586 8296 2585 8296 2646 8297 2586 8297 2722 8297 2720 8298 2646 8298 2722 8298 2722 8299 2585 8299 2651 8299 2721 8300 2722 8300 2651 8300 2833 8301 2722 8301 2721 8301 2766 8302 2833 8302 2721 8302 2832 8303 2833 8303 2766 8303 2833 8304 2832 8304 2895 8304 2959 8305 2833 8305 2895 8305 2957 8306 2833 8306 2959 8306 3008 8307 2957 8307 2959 8307 3011 8308 3091 8308 3092 8308 2959 8309 3011 8309 3092 8309 2958 8310 3011 8310 2959 8310 2895 8311 2958 8311 2959 8311 3092 8312 3091 8312 3128 8312 3222 8313 3092 8313 3128 8313 3220 8314 3092 8314 3222 8314 3252 8315 3220 8315 3222 8315 3253 8316 3360 8316 3361 8316 3222 8317 3253 8317 3361 8317 3221 8318 3253 8318 3222 8318 3128 8319 3221 8319 3222 8319 3361 8320 3360 8320 3376 8320 3464 8321 3361 8321 3376 8321 3462 8322 3361 8322 3464 8322 3489 8323 3462 8323 3464 8323 3464 8324 3376 8324 3463 8324 3485 8325 3464 8325 3463 8325 3598 8326 3464 8326 3485 8326 3597 8327 3598 8327 3485 8327 3606 8328 3598 8328 3597 8328 3598 8329 3606 8329 3724 8329 3733 8330 3598 8330 3724 8330 3727 8331 3598 8331 3733 8331 3731 8332 3727 8332 3733 8332 3733 8333 3724 8333 3732 8333 3843 8334 3733 8334 3732 8334 3851 8335 3733 8335 3843 8335 3850 8336 3851 8336 3843 8336 3981 8337 3851 8337 3850 8337 3981 8338 3850 8338 3955 8338 3980 8339 3981 8339 3955 8339 4111 8340 3981 8340 3980 8340 4080 8341 4111 8341 3980 8341 4111 8342 4080 8342 4110 8342 4210 8343 4111 8343 4110 8343 4182 8344 4111 8344 4210 8344 4206 8345 4182 8345 4210 8345 4210 8346 4110 8346 4174 8346 4209 8347 4210 8347 4174 8347 4340 8348 4210 8348 4209 8348 4302 8349 4340 8349 4209 8349 4340 8350 4302 8350 4339 8350 4436 8351 4340 8351 4339 8351 4401 8352 4340 8352 4436 8352 4433 8353 4401 8353 4436 8353 4436 8354 4339 8354 4381 8354 4435 8355 4436 8355 4381 8355 4548 8356 4436 8356 4435 8356 4501 8357 4548 8357 4435 8357 4547 8358 4548 8358 4501 8358 4548 8359 4547 8359 4574 8359 4626 8360 4548 8360 4574 8360 4618 8361 4548 8361 4626 8361 4663 8362 4618 8362 4626 8362 4652 8363 4700 8363 4701 8363 4626 8364 4652 8364 4701 8364 4625 8365 4652 8365 4626 8365 4574 8366 4625 8366 4626 8366 4701 8367 4700 8367 4716 8367 4781 8368 4701 8368 4716 8368 4753 8369 4701 8369 4781 8369 4788 8370 4753 8370 4781 8370 4776 8371 4757 8371 4758 8371 4781 8372 4776 8372 4758 8372 4780 8373 4776 8373 4781 8373 4716 8374 4780 8374 4781 8374 4758 8375 4757 8375 4738 8375 4693 8376 4758 8376 4738 8376 4691 8377 4758 8377 4693 8377 4683 8378 4691 8378 4693 8378 4693 8379 4738 8379 4692 8379 4687 8380 4693 8380 4692 8380 4610 8381 4693 8381 4687 8381 4609 8382 4610 8382 4687 8382 4607 8383 4610 8383 4609 8383 4610 8384 4607 8384 4540 8384 4529 8385 4610 8385 4540 8385 4527 8386 4610 8386 4529 8386 4423 8387 4527 8387 4529 8387 4529 8388 4540 8388 4528 8388 4429 8389 4529 8389 4528 8389 4417 8390 4529 8390 4429 8390 4416 8391 4417 8391 4429 8391 4323 8392 4417 8392 4416 8392 4343 8393 4323 8393 4416 8393 4323 8394 4343 8394 4322 8394 4190 8395 4323 8395 4322 8395 4212 8396 4323 8396 4190 8396 4186 8397 4212 8397 4190 8397 4190 8398 4322 8398 4235 8398 4189 8399 4190 8399 4235 8399 4099 8400 4190 8400 4189 8400 4132 8401 4099 8401 4189 8401 4099 8402 4132 8402 4098 8402 3964 8403 4099 8403 4098 8403 3990 8404 4099 8404 3964 8404 3959 8405 3990 8405 3964 8405 3964 8406 4098 8406 3992 8406 3963 8407 3964 8407 3992 8407 3821 8408 3964 8408 3963 8408 3903 8409 3821 8409 3963 8409 3820 8410 3821 8410 3903 8410 3821 8411 3820 8411 3769 8411 3711 8412 3821 8412 3769 8412 3757 8413 3821 8413 3711 8413 3709 8414 3757 8414 3711 8414 3649 8415 3574 8415 3575 8415 3711 8416 3649 8416 3575 8416 3710 8417 3649 8417 3711 8417 3769 8418 3710 8418 3711 8418 3575 8419 3574 8419 3544 8419 3452 8420 3575 8420 3544 8420 3448 8421 3575 8421 3452 8421 3413 8422 3448 8422 3452 8422 3422 8423 3330 8423 3331 8423 3452 8424 3422 8424 3331 8424 3451 8425 3422 8425 3452 8425 3544 8426 3451 8426 3452 8426 3331 8427 3330 8427 3294 8427 3213 8428 3331 8428 3294 8428 3211 8429 3331 8429 3213 8429 3171 8430 3211 8430 3213 8430 3213 8431 3294 8431 3212 8431 3201 8432 3213 8432 3212 8432 3074 8433 3213 8433 3201 8433 3073 8434 3074 8434 3201 8434 3062 8435 3074 8435 3073 8435 3074 8436 3062 8436 2949 8436 2944 8437 3074 8437 2949 8437 2942 8438 3074 8438 2944 8438 2930 8439 2942 8439 2944 8439 2944 8440 2943 8440 2823 8440 2803 8441 2944 8441 2823 8441 2801 8442 2944 8442 2803 8442 2798 8443 2801 8443 2803 8443 2803 8444 2823 8444 2802 8444 2713 8445 2803 8445 2802 8445 2689 8446 2803 8446 2713 8446 2688 8447 2689 8447 2713 8447 2564 8448 2689 8448 2688 8448 2591 8449 2564 8449 2688 8449 2564 8450 2591 8450 2563 8450 2425 8451 2564 8451 2563 8451 2445 8452 2564 8452 2425 8452 2426 8453 2445 8453 2425 8453 2425 8454 2563 8454 2456 8454 2424 8455 2425 8455 2456 8455 2287 8456 2425 8456 2424 8456 2344 8457 2287 8457 2424 8457 2287 8458 2344 8458 2286 8458 2163 8459 2287 8459 2286 8459 2206 8460 2287 8460 2163 8460 2166 8461 2206 8461 2163 8461 2163 8462 2286 8462 2221 8462 2162 8463 2163 8463 2221 8463 2041 8464 2163 8464 2162 8464 2103 8465 2041 8465 2162 8465 1980 8466 1912 8466 1913 8466 2041 8467 1980 8467 1913 8467 2040 8468 1980 8468 2041 8468 2103 8469 2040 8469 2041 8469 1913 8470 1912 8470 1873 8470 1783 8471 1913 8471 1873 8471 1859 8472 1913 8472 1783 8472 1784 8473 1859 8473 1783 8473 1752 8474 1665 8474 1666 8474 1783 8475 1752 8475 1666 8475 1782 8476 1752 8476 1783 8476 1873 8477 1782 8477 1783 8477 1666 8478 1665 8478 1632 8478 1547 8479 1666 8479 1632 8479 1552 8480 1666 8480 1547 8480 1519 8481 1552 8481 1547 8481 1536 8482 1435 8482 1436 8482 1547 8483 1536 8483 1436 8483 1546 8484 1536 8484 1547 8484 1632 8485 1546 8485 1547 8485 1436 8486 1435 8486 1422 8486 1316 8487 1436 8487 1422 8487 1320 8488 1436 8488 1316 8488 1298 8489 1320 8489 1316 8489 1308 8490 1212 8490 1207 8490 1316 8491 1308 8491 1207 8491 1315 8492 1308 8492 1316 8492 1422 8493 1315 8493 1316 8493 1207 8494 1212 8494 1206 8494 1115 8495 1207 8495 1206 8495 1109 8496 1207 8496 1115 8496 1108 8497 1109 8497 1115 8497 1009 8498 1109 8498 1108 8498 1027 8499 1009 8499 1108 8499 1009 8500 1027 8500 1008 8500 925 8501 1009 8501 1008 8501 932 8502 1009 8502 925 8502 926 8503 932 8503 925 8503 925 8504 1008 8504 947 8504 924 8505 925 8505 947 8505 830 8506 925 8506 924 8506 869 8507 830 8507 924 8507 830 8508 869 8508 829 8508 777 8509 830 8509 829 8509 786 8510 830 8510 777 8510 780 8511 786 8511 777 8511 777 8512 829 8512 795 8512 776 8513 777 8513 795 8513 724 8514 777 8514 776 8514 759 8515 724 8515 776 8515 723 8516 724 8516 759 8516 724 8517 723 8517 739 8517 752 8518 724 8518 739 8518 731 8519 724 8519 752 8519 761 8520 731 8520 752 8520 781 8521 805 8521 806 8521 752 8522 781 8522 806 8522 751 8523 781 8523 752 8523 739 8524 751 8524 752 8524 806 8525 805 8525 828 8525 887 8526 806 8526 828 8526 845 8527 806 8527 887 8527 891 8528 845 8528 887 8528 921 8529 972 8529 973 8529 887 8530 921 8530 973 8530 886 8531 921 8531 887 8531 828 8532 886 8532 887 8532 973 8533 972 8533 992 8533 1052 8534 973 8534 992 8534 1056 8535 973 8535 1052 8535 1103 8536 1056 8536 1052 8536 1052 8537 992 8537 1051 8537 1070 8538 1052 8538 1051 8538 1175 8539 1052 8539 1070 8539 1174 8540 1175 8540 1070 8540 1179 8541 1175 8541 1174 8541 1175 8542 1179 8542 1261 8542 1264 8543 1175 8543 1261 8543 1269 8544 1175 8544 1264 8544 1293 8545 1269 8545 1264 8545 1264 8546 1263 8546 1375 8546 1387 8547 1264 8547 1375 8547 1391 8548 1264 8548 1387 8548 1399 8549 1391 8549 1387 8549 1387 8550 1375 8550 1386 8550 1483 8551 1387 8551 1386 8551 1499 8552 1387 8552 1483 8552 1498 8553 1499 8553 1483 8553 1610 8554 1499 8554 1498 8554 1592 8555 1610 8555 1498 8555 1610 8556 1592 8556 1609 8556 1746 8557 1610 8557 1609 8557 1739 8558 1610 8558 1746 8558 1747 8559 1739 8559 1746 8559 1746 8560 1609 8560 1716 8560 1745 8561 1746 8561 1716 8561 1867 8562 1746 8562 1745 8562 1818 8563 1867 8563 1745 8563 1867 8564 1818 8564 1866 8564 1995 8565 1867 8565 1866 8565 1957 8566 1867 8566 1995 8566 1996 8567 1957 8567 1995 8567 1995 8568 1866 8568 1938 8568 1994 8569 1995 8569 1938 8569 2114 8570 1995 8570 1994 8570 2055 8571 2114 8571 1994 8571 2113 8572 2114 8572 2055 8572 2114 8573 2113 8573 2169 8573 2240 8574 2114 8574 2169 8574 2204 8575 2114 8575 2240 8575 2241 8576 2204 8576 2240 8576 2279 8577 2374 8577 2375 8577 2240 8578 2279 8578 2375 8578 2239 8579 2279 8579 2240 8579 2169 8580 2239 8580 2240 8580 2375 8581 2374 8581 2416 8581 2502 8582 2375 8582 2416 8582 2441 8583 2375 8583 2502 8583 2503 8584 2441 8584 2502 8584 2547 8585 2620 8585 2621 8585 2502 8586 2547 8586 2621 8586 2501 8587 2547 8587 2502 8587 2416 8588 2501 8588 2502 8588 2621 8589 2620 8589 2664 8589 2757 8590 2621 8590 2664 8590 2755 8591 2621 8591 2757 8591 2799 8592 2755 8592 2757 8592 2757 8593 2664 8593 2756 8593 2767 8594 2757 8594 2756 8594 2890 8595 2757 8595 2767 8595 2889 8596 2890 8596 2767 8596 2896 8597 2890 8597 2889 8597 2890 8598 2896 8598 3013 8598 3030 8599 2890 8599 3013 8599 3028 8600 2890 8600 3030 8600 3053 8601 3028 8601 3030 8601 3030 8602 3013 8602 3029 8602 3129 8603 3030 8603 3029 8603 3141 8604 3030 8604 3129 8604 3140 8605 3141 8605 3129 8605 3269 8606 3141 8606 3140 8606 3254 8607 3269 8607 3140 8607 3269 8608 3254 8608 3268 8608 3407 8609 3269 8609 3268 8609 3280 8610 3269 8610 3407 8610 3405 8611 3280 8611 3407 8611 3407 8612 3268 8612 3378 8612 3406 8613 3407 8613 3378 8613 3532 8614 3407 8614 3406 8614 3486 8615 3532 8615 3406 8615 3532 8616 3486 8616 3531 8616 3653 8617 3532 8617 3531 8617 3636 8618 3532 8618 3653 8618 3650 8619 3636 8619 3653 8619 3653 8620 3531 8620 3605 8620 3652 8621 3653 8621 3605 8621 3783 8622 3653 8622 3652 8622 3721 8623 3783 8623 3652 8623 3842 8624 3911 8624 3912 8624 3783 8625 3842 8625 3912 8625 3782 8626 3842 8626 3783 8626 3721 8627 3782 8627 3783 8627 3912 8628 3911 8628 3954 8628 4034 8629 3912 8629 3954 8629 3989 8630 3912 8630 4034 8630 4029 8631 3989 8631 4034 8631 4081 8632 4151 8632 4152 8632 4034 8633 4081 8633 4152 8633 4033 8634 4081 8634 4034 8634 3954 8635 4033 8635 4034 8635 4152 8636 4151 8636 4176 8636 4285 8637 4152 8637 4176 8637 4211 8638 4152 8638 4285 8638 4280 8639 4211 8639 4285 8639 4303 8640 4375 8640 4376 8640 4285 8641 4303 8641 4376 8641 4284 8642 4303 8642 4285 8642 4176 8643 4284 8643 4285 8643 4376 8644 4375 8644 4384 8644 4495 8645 4376 8645 4384 8645 4483 8646 4376 8646 4495 8646 4531 8647 4483 8647 4495 8647 4504 8648 4583 8648 4584 8648 4495 8649 4504 8649 4584 8649 4494 8650 4504 8650 4495 8650 4384 8651 4494 8651 4495 8651 4584 8652 4583 8652 4657 8652 4670 8653 4584 8653 4657 8653 4661 8654 4584 8654 4670 8654 4682 8655 4661 8655 4670 8655 4670 8656 4657 8656 4669 8656 4719 8657 4670 8657 4669 8657 4728 8658 4670 8658 4719 8658 4727 8659 4728 8659 4719 8659 4794 8660 4728 8660 4727 8660 4777 8661 4794 8661 4727 8661 4794 8662 4777 8662 4793 8662 4730 8663 4794 8663 4793 8663 4792 8664 4794 8664 4730 8664 4726 8665 4792 8665 4730 8665 4730 8666 4793 8666 4736 8666 4729 8667 4730 8667 4736 8667 4667 8668 4730 8668 4729 8668 4681 8669 4667 8669 4729 8669 4667 8670 4681 8670 4666 8670 4581 8671 4667 8671 4666 8671 4586 8672 4667 8672 4581 8672 4577 8673 4586 8673 4581 8673 4581 8674 4666 8674 4602 8674 4580 8675 4581 8675 4602 8675 4481 8676 4581 8676 4580 8676 4532 8677 4481 8677 4580 8677 4426 8678 4370 8678 4371 8678 4481 8679 4426 8679 4371 8679 4480 8680 4426 8680 4481 8680 4532 8681 4480 8681 4481 8681 4371 8682 4370 8682 4342 8682 4287 8683 4371 8683 4342 8683 4308 8684 4371 8684 4287 8684 4281 8685 4308 8685 4287 8685 4234 8686 4154 8686 4155 8686 4287 8687 4234 8687 4155 8687 4286 8688 4234 8688 4287 8688 4342 8689 4286 8689 4287 8689 4155 8690 4154 8690 4131 8690 4038 8691 4155 8691 4131 8691 4088 8692 4155 8692 4038 8692 4031 8693 4088 8693 4038 8693 3993 8694 3909 8694 3910 8694 4038 8695 3993 8695 3910 8695 4037 8696 3993 8696 4038 8696 4131 8697 4037 8697 4038 8697 3910 8698 3909 8698 3904 8698 3779 8699 3910 8699 3904 8699 3776 8700 3910 8700 3779 8700 3722 8701 3776 8701 3779 8701 3779 8702 3904 8702 3778 8702 3770 8703 3779 8703 3778 8703 3646 8704 3779 8704 3770 8704 3651 8705 3646 8705 3770 8705 3645 8706 3646 8706 3651 8706 3646 8707 3645 8707 3543 8707 3527 8708 3646 8708 3543 8708 3525 8709 3646 8709 3527 8709 3487 8710 3525 8710 3527 8710 3527 8711 3543 8711 3526 8711 3421 8712 3527 8712 3526 8712 3404 8713 3527 8713 3421 8713 3403 8714 3404 8714 3421 8714 3272 8715 3404 8715 3403 8715 3293 8716 3272 8716 3403 8716 3272 8717 3293 8717 3271 8717 3144 8718 3272 8718 3271 8718 3142 8719 3272 8719 3144 8719 3132 8720 3142 8720 3144 8720 3144 8721 3271 8721 3200 8721 3143 8722 3144 8722 3200 8722 3033 8723 3144 8723 3143 8723 3061 8724 3033 8724 3143 8724 3033 8725 3061 8725 3032 8725 2887 8726 3033 8726 3032 8726 2892 8727 3033 8727 2887 8727 2885 8728 2892 8728 2887 8728 2887 8729 3032 8729 2948 8729 2886 8730 2887 8730 2948 8730 2752 8731 2887 8731 2886 8731 2822 8732 2752 8732 2886 8732 2710 8733 2616 8733 2617 8733 2752 8734 2710 8734 2617 8734 2751 8735 2710 8735 2752 8735 2822 8736 2751 8736 2752 8736 2617 8737 2616 8737 2589 8737 2499 8738 2617 8738 2589 8738 2539 8739 2617 8739 2499 8739 2500 8740 2539 8740 2499 8740 2455 8741 2378 8741 2379 8741 2499 8742 2455 8742 2379 8742 2498 8743 2455 8743 2499 8743 2589 8744 2498 8744 2499 8744 2379 8745 2378 8745 2343 8745 2244 8746 2379 8746 2343 8746 2274 8747 2379 8747 2244 8747 2245 8748 2274 8748 2244 8748 2219 8749 2116 8749 2117 8749 2244 8750 2219 8750 2117 8750 2243 8751 2219 8751 2244 8751 2343 8752 2243 8752 2244 8752 2117 8753 2116 8753 2099 8753 1986 8754 2117 8754 2099 8754 2047 8755 2117 8755 1986 8755 1992 8756 2047 8756 1986 8756 1976 8757 1872 8757 1864 8757 1986 8758 1976 8758 1864 8758 1985 8759 1976 8759 1986 8759 2099 8760 1985 8760 1986 8760 1864 8761 1872 8761 1863 8761 1751 8762 1864 8762 1863 8762 1741 8763 1864 8763 1751 8763 1740 8764 1741 8764 1751 8764 1607 8765 1741 8765 1740 8765 1631 8766 1607 8766 1740 8766 1607 8767 1631 8767 1606 8767 1502 8768 1607 8768 1606 8768 1508 8769 1607 8769 1502 8769 1475 8770 1508 8770 1502 8770 1502 8771 1606 8771 1533 8771 1501 8772 1502 8772 1533 8772 1393 8773 1502 8773 1501 8773 1423 8774 1393 8774 1501 8774 1393 8775 1423 8775 1392 8775 1268 8776 1393 8776 1392 8776 1368 8777 1393 8777 1268 8777 1270 8778 1368 8778 1268 8778 1268 8779 1392 8779 1311 8779 1267 8780 1268 8780 1311 8780 1173 8781 1268 8781 1267 8781 1213 8782 1173 8782 1267 8782 1116 8783 1046 8783 1047 8783 1173 8784 1116 8784 1047 8784 1172 8785 1116 8785 1173 8785 1213 8786 1172 8786 1173 8786 1047 8787 1046 8787 1028 8787 968 8788 1047 8788 1028 8788 981 8789 1047 8789 968 8789 969 8790 981 8790 968 8790 948 8791 884 8791 885 8791 968 8792 948 8792 885 8792 967 8793 948 8793 968 8793 1028 8794 967 8794 968 8794 885 8795 884 8795 867 8795 804 8796 885 8796 867 8796 818 8797 885 8797 804 8797 807 8798 818 8798 804 8798 793 8799 754 8799 755 8799 804 8800 793 8800 755 8800 803 8801 793 8801 804 8801 867 8802 803 8802 804 8802 755 8803 754 8803 748 8803 721 8804 755 8804 748 8804 718 8805 755 8805 721 8805 736 8806 718 8806 721 8806 721 8807 748 8807 720 8807 727 8808 721 8808 720 8808 775 8809 721 8809 727 8809 773 8810 775 8810 727 8810 774 8811 775 8811 773 8811 775 8812 774 8812 825 8812 834 8813 775 8813 825 8813 837 8814 775 8814 834 8814 878 8815 837 8815 834 8815 834 8816 825 8816 833 8816 920 8817 834 8817 833 8817 928 8818 834 8818 920 8818 927 8819 928 8819 920 8819 1015 8820 928 8820 927 8820 993 8821 1015 8821 927 8821 1015 8822 993 8822 1014 8822 1112 8823 1015 8823 1014 8823 1114 8824 1015 8824 1112 8824 1132 8825 1114 8825 1112 8825 1112 8826 1014 8826 1076 8826 1111 8827 1112 8827 1076 8827 1205 8828 1112 8828 1111 8828 1181 8829 1205 8829 1111 8829 1205 8830 1181 8830 1204 8830 1310 8831 1205 8831 1204 8831 1227 8832 1205 8832 1310 8832 1312 8833 1227 8833 1310 8833 1310 8834 1204 8834 1266 8834 1309 8835 1310 8835 1266 8835 1432 8836 1310 8836 1309 8836 1377 8837 1432 8837 1309 8837 1485 8838 1549 8838 1550 8838 1432 8839 1485 8839 1550 8839 1431 8840 1485 8840 1432 8840 1377 8841 1431 8841 1432 8841 1550 8842 1549 8842 1593 8842 1670 8843 1550 8843 1593 8843 1662 8844 1550 8844 1670 8844 1671 8845 1662 8845 1670 8845 1717 8846 1785 8846 1786 8846 1670 8847 1717 8847 1786 8847 1669 8848 1717 8848 1670 8848 1593 8849 1669 8849 1670 8849 1786 8850 1785 8850 1819 8850 1918 8851 1786 8851 1819 8851 1896 8852 1786 8852 1918 8852 1919 8853 1896 8853 1918 8853 1939 8854 2038 8854 2039 8854 1918 8855 1939 8855 2039 8855 1917 8856 1939 8856 1918 8856 1819 8857 1917 8857 1918 8857 2039 8858 2038 8858 2054 8858 2160 8859 2039 8859 2054 8859 2119 8860 2039 8860 2160 8860 2161 8861 2119 8861 2160 8861 2168 8862 2280 8862 2284 8862 2160 8863 2168 8863 2284 8863 2159 8864 2168 8864 2160 8864 2054 8865 2159 8865 2160 8865 2284 8866 2280 8866 2283 8866 2418 8867 2284 8867 2283 8867 2423 8868 2284 8868 2418 8868 2422 8869 2423 8869 2418 8869 2571 8870 2423 8870 2422 8870 2548 8871 2571 8871 2422 8871 2571 8872 2548 8872 2570 8872 2694 8873 2571 8873 2570 8873 2696 8874 2571 8874 2694 8874 2734 8875 2696 8875 2694 8875 2694 8876 2570 8876 2665 8876 2693 8877 2694 8877 2665 8877 2807 8878 2694 8878 2693 8878 2768 8879 2807 8879 2693 8879 2807 8880 2768 8880 2806 8880 2947 8881 2807 8881 2806 8881 2945 8882 2807 8882 2947 8882 2962 8883 2945 8883 2947 8883 2947 8884 2806 8884 2897 8884 2946 8885 2947 8885 2897 8885 3070 8886 2947 8886 2946 8886 3022 8887 3070 8887 2946 8887 3069 8888 3070 8888 3022 8888 3070 8889 3069 8889 3130 8889 3209 8890 3070 8890 3130 8890 3086 8891 3070 8891 3209 8891 3207 8892 3086 8892 3209 8892 3255 8893 3327 8893 3328 8893 3209 8894 3255 8894 3328 8894 3208 8895 3255 8895 3209 8895 3130 8896 3208 8896 3209 8896 3328 8897 3327 8897 3379 8897 3458 8898 3328 8898 3379 8898 3435 8899 3328 8899 3458 8899 3455 8900 3435 8900 3458 8900 3488 8901 3577 8901 3578 8901 3458 8902 3488 8902 3578 8902 3457 8903 3488 8903 3458 8903 3379 8904 3457 8904 3458 8904 3578 8905 3577 8905 3608 8905 3714 8906 3578 8906 3608 8906 3676 8907 3578 8907 3714 8907 3712 8908 3676 8908 3714 8908 3714 8909 3608 8909 3713 8909 3725 8910 3714 8910 3713 8910 3824 8911 3714 8911 3725 8911 3823 8912 3824 8912 3725 8912 3844 8913 3824 8913 3823 8913 3824 8914 3844 8914 3956 8914 3961 8915 3824 8915 3956 8915 3922 8916 3824 8916 3961 8916 3957 8917 3922 8917 3961 8917 3961 8918 3960 8918 4082 8918 4096 8919 3961 8919 4082 8919 4040 8920 3961 8920 4096 8920 4094 8921 4040 8921 4096 8921 4096 8922 4082 8922 4095 8922 4177 8923 4096 8923 4095 8923 4188 8924 4096 8924 4177 8924 4187 8925 4188 8925 4177 8925 4325 8926 4188 8926 4187 8926 4305 8927 4325 8927 4187 8927 4325 8928 4305 8928 4324 8928 4420 8929 4325 8929 4324 8929 4418 8930 4325 8930 4420 8930 4460 8931 4418 8931 4420 8931 4420 8932 4324 8932 4382 8932 4419 8933 4420 8933 4382 8933 4534 8934 4420 8934 4419 8934 4502 8935 4534 8935 4419 8935 4534 8936 4502 8936 4533 8936 4612 8937 4534 8937 4533 8937 4608 8938 4534 8938 4612 8938 4630 8939 4608 8939 4612 8939 4612 8940 4533 8940 4576 8940 4611 8941 4612 8941 4576 8941 4695 8942 4612 8942 4611 8942 4653 8943 4695 8943 4611 8943 4694 8944 4695 8944 4653 8944 4695 8945 4694 8945 4712 8945 4755 8946 4695 8946 4712 8946 4703 8947 4695 8947 4755 8947 4752 8948 4703 8948 4755 8948 4755 8949 4712 8949 4754 8949 4767 8950 4755 8950 4754 8950 4783 8951 4755 8951 4767 8951 4782 8952 4783 8952 4767 8952 4737 8953 4783 8953 4782 8953 3667 8954 3604 8954 3657 8954 2314 8955 2330 8955 2310 8955 2144 8956 2184 8956 2142 8956 1982 8957 2026 8957 1989 8957 1952 8958 1982 8958 1989 8958 1813 8959 1794 8959 1806 8959 2490 8960 2434 8960 2523 8960 2629 8961 2595 8961 2684 8961 2494 8962 2429 8962 2524 8962 2632 8963 2590 8963 2685 8963 3708 8964 3667 8964 3657 8964 3759 8965 3708 8965 3657 8965 3752 8966 3708 8966 3759 8966 2173 8967 2329 8967 2199 8967 2178 8968 2173 8968 2199 8968 2170 8969 2173 8969 2178 8969 3832 8970 3752 8970 3759 8970 3829 8971 3832 8971 3759 8971 3919 8972 3832 8972 3829 8972 3931 8973 3919 8973 3829 8973 4020 8974 3919 8974 3931 8974 4013 8975 4020 8975 3931 8975 4105 8976 4020 8976 4013 8976 4113 8977 4105 8977 4013 8977 4224 8978 4105 8978 4113 8978 4223 8979 4224 8979 4113 8979 4290 8980 4224 8980 4223 8980 4295 8981 4290 8981 4223 8981 4447 8982 4290 8982 4295 8982 4446 8983 4447 8983 4295 8983 4478 8984 4447 8984 4446 8984 4506 8985 4478 8985 4446 8985 4768 8986 4478 8986 4506 8986 4764 8987 4768 8987 4506 8987 4802 8988 4768 8988 4764 8988 4805 8989 4802 8989 4764 8989 4901 8990 4802 8990 4805 8990 4908 8991 4901 8991 4805 8991 4909 8992 4901 8992 4908 8992 4914 8993 4909 8993 4908 8993 5014 8994 4909 8994 4914 8994 5023 8995 5014 8995 4914 8995 5040 8996 5014 8996 5023 8996 5043 8997 5040 8997 5023 8997 5142 8998 5040 8998 5043 8998 5144 8999 5142 8999 5043 8999 5160 9000 5142 9000 5144 9000 5161 9001 5160 9001 5144 9001 5212 9002 5160 9002 5161 9002 5216 9003 5212 9003 5161 9003 5231 9004 5212 9004 5216 9004 5233 9005 5231 9005 5216 9005 5281 9006 5231 9006 5233 9006 5283 9007 5281 9007 5233 9007 5294 9008 5281 9008 5283 9008 5295 9009 5294 9009 5283 9009 5337 9010 5294 9010 5295 9010 5338 9011 5337 9011 5295 9011 5356 9012 5337 9012 5338 9012 5354 9013 5356 9013 5338 9013 5389 9014 5356 9014 5354 9014 5390 9015 5389 9015 5354 9015 5409 9016 5389 9016 5390 9016 5408 9017 5409 9017 5390 9017 5420 9018 5409 9018 5408 9018 5419 9019 5420 9019 5408 9019 5382 9020 5420 9020 5419 9020 5380 9021 5382 9021 5419 9021 5368 9022 5382 9022 5380 9022 5365 9023 5368 9023 5380 9023 5331 9024 5368 9024 5365 9024 5330 9025 5331 9025 5365 9025 5313 9026 5331 9026 5330 9026 5312 9027 5313 9027 5330 9027 5269 9028 5313 9028 5312 9028 5268 9029 5269 9029 5312 9029 5252 9030 5269 9030 5268 9030 5253 9031 5252 9031 5268 9031 5197 9032 5252 9032 5253 9032 5196 9033 5197 9033 5253 9033 5180 9034 5197 9034 5196 9034 5181 9035 5180 9035 5196 9035 5120 9036 5180 9036 5181 9036 5119 9037 5120 9037 5181 9037 5089 9038 5120 9038 5119 9038 5090 9039 5089 9039 5119 9039 4977 9040 5089 9040 5090 9040 4978 9041 4977 9041 5090 9041 4934 9042 4977 9042 4978 9042 4935 9043 4934 9043 4978 9043 4856 9044 4934 9044 4935 9044 4863 9045 4856 9045 4935 9045 4812 9046 4856 9046 4863 9046 4814 9047 4812 9047 4863 9047 4623 9048 4812 9048 4814 9048 4628 9049 4623 9049 4814 9049 4484 9050 4623 9050 4628 9050 4489 9051 4484 9051 4628 9051 4388 9052 4484 9052 4489 9052 4395 9053 4388 9053 4489 9053 4262 9054 4388 9054 4395 9054 4268 9055 4262 9055 4395 9055 4192 9056 4262 9056 4268 9056 4198 9057 4192 9057 4268 9057 4055 9058 4192 9058 4198 9058 4061 9059 4055 9059 4198 9059 4011 9060 4055 9060 4061 9060 4035 9061 4011 9061 4061 9061 3873 9062 4011 9062 4035 9062 3880 9063 3873 9063 4035 9063 3856 9064 3873 9064 3880 9064 3864 9065 3856 9065 3880 9065 3698 9066 3856 9066 3864 9066 3706 9067 3698 9067 3864 9067 3694 9068 3698 9068 3706 9068 3687 9069 3694 9069 3706 9069 3535 9070 3694 9070 3687 9070 3546 9071 3535 9071 3687 9071 3519 9072 3535 9072 3546 9072 3512 9073 3519 9073 3546 9073 3383 9074 3519 9074 3512 9074 3397 9075 3383 9075 3512 9075 3355 9076 3383 9076 3397 9076 3348 9077 3355 9077 3397 9077 3225 9078 3355 9078 3348 9078 3237 9079 3225 9079 3348 9079 3181 9080 3225 9080 3237 9080 3173 9081 3181 9081 3237 9081 3075 9082 3181 9082 3173 9082 3085 9083 3075 9083 3173 9083 3021 9084 3075 9084 3085 9084 3014 9085 3021 9085 3085 9085 2928 9086 3021 9086 3014 9086 2941 9087 2928 9087 3014 9087 2843 9088 2928 9088 2941 9088 2850 9089 2843 9089 2941 9089 2781 9090 2843 9090 2850 9090 2791 9091 2781 9091 2850 9091 2680 9092 2781 9092 2791 9092 2679 9093 2680 9093 2791 9093 2623 9094 2680 9094 2679 9094 2635 9095 2623 9095 2679 9095 2520 9096 2623 9096 2635 9096 2513 9097 2520 9097 2635 9097 2466 9098 2520 9098 2513 9098 2495 9099 2466 9099 2513 9099 2357 9100 2466 9100 2495 9100 2352 9101 2357 9101 2495 9101 2329 9102 2357 9102 2352 9102 2342 9103 2329 9103 2352 9103 2199 9104 2329 9104 2342 9104 508 9105 618 9105 523 9105 512 9106 508 9106 523 9106 497 9107 508 9107 512 9107 2023 9108 2170 9108 2178 9108 2037 9109 2023 9109 2178 9109 2007 9110 2023 9110 2037 9110 2013 9111 2007 9111 2037 9111 1879 9112 2007 9112 2013 9112 1894 9113 1879 9113 2013 9113 1849 9114 1879 9114 1894 9114 1856 9115 1849 9115 1894 9115 1725 9116 1849 9116 1856 9116 1738 9117 1725 9117 1856 9117 1679 9118 1725 9118 1738 9118 1686 9119 1679 9119 1738 9119 1564 9120 1679 9120 1686 9120 1582 9121 1564 9121 1686 9121 1515 9122 1564 9122 1582 9122 1509 9123 1515 9123 1582 9123 1403 9124 1515 9124 1509 9124 1421 9125 1403 9125 1509 9125 1330 9126 1403 9126 1421 9126 1324 9127 1330 9127 1421 9127 1237 9128 1330 9128 1324 9128 1253 9129 1237 9129 1324 9129 1142 9130 1237 9130 1253 9130 1133 9131 1142 9131 1253 9131 1045 9132 1142 9132 1133 9132 1075 9133 1045 9133 1133 9133 917 9134 1045 9134 1075 9134 909 9135 917 9135 1075 9135 832 9136 917 9136 909 9136 870 9137 832 9137 909 9137 652 9138 832 9138 870 9138 645 9139 652 9139 870 9139 618 9140 652 9140 645 9140 639 9141 618 9141 645 9141 523 9142 618 9142 639 9142 398 9143 497 9143 512 9143 410 9144 398 9144 512 9144 386 9145 398 9145 410 9145 392 9146 386 9146 410 9146 344 9147 386 9147 392 9147 351 9148 344 9148 392 9148 332 9149 344 9149 351 9149 338 9150 332 9150 351 9150 282 9151 332 9151 338 9151 292 9152 282 9152 338 9152 264 9153 282 9153 292 9153 270 9154 264 9154 292 9154 221 9155 264 9155 270 9155 230 9156 221 9156 270 9156 208 9157 221 9157 230 9157 210 9158 208 9158 230 9158 171 9159 208 9159 210 9159 179 9160 171 9160 210 9160 167 9161 171 9161 179 9161 160 9162 167 9162 179 9162 123 9163 167 9163 160 9163 131 9164 123 9164 160 9164 150 9165 123 9165 131 9165 140 9166 150 9166 131 9166 170 9167 150 9167 140 9167 151 9168 170 9168 140 9168 194 9169 170 9169 151 9169 188 9170 194 9170 151 9170 218 9171 194 9171 188 9171 197 9172 218 9172 188 9172 245 9173 218 9173 197 9173 245 9174 197 9174 238 9174 244 9175 245 9175 238 9175 256 9176 245 9176 244 9176 302 9177 256 9177 244 9177 310 9178 256 9178 302 9178 315 9179 310 9179 302 9179 321 9180 310 9180 315 9180 360 9181 321 9181 315 9181 370 9182 321 9182 360 9182 374 9183 370 9183 360 9183 380 9184 374 9184 360 9184 466 9185 374 9185 380 9185 449 9186 466 9186 380 9186 480 9187 466 9187 449 9187 487 9188 480 9188 449 9188 588 9189 480 9189 487 9189 570 9190 588 9190 487 9190 607 9191 588 9191 570 9191 614 9192 607 9192 570 9192 743 9193 607 9193 614 9193 697 9194 743 9194 614 9194 857 9195 743 9195 697 9195 859 9196 857 9196 697 9196 1007 9197 857 9197 859 9197 970 9198 1007 9198 859 9198 1101 9199 1007 9199 970 9199 1095 9200 1101 9200 970 9200 1188 9201 1101 9201 1095 9201 1162 9202 1188 9202 1095 9202 1290 9203 1188 9203 1162 9203 1282 9204 1290 9204 1162 9204 1357 9205 1290 9205 1282 9205 1331 9206 1357 9206 1282 9206 1467 9207 1357 9207 1331 9207 1467 9208 1331 9208 1461 9208 1486 9209 1467 9209 1461 9209 1528 9210 1467 9210 1486 9210 1636 9211 1528 9211 1486 9211 1644 9212 1528 9212 1636 9212 1687 9213 1644 9213 1636 9213 1641 9214 1687 9214 1636 9214 1810 9215 1687 9215 1641 9215 1810 9216 1641 9216 1790 9216 1811 9217 1810 9217 1790 9217 1834 9218 1810 9218 1811 9218 1947 9219 1834 9219 1811 9219 1974 9220 1834 9220 1947 9220 1978 9221 1974 9221 1947 9221 1978 9222 1947 9222 1988 9222 2106 9223 1978 9223 1988 9223 2130 9224 1978 9224 2106 9224 2148 9225 2130 9225 2106 9225 2140 9226 2130 9226 2148 9226 2275 9227 2140 9227 2148 9227 2250 9228 2275 9228 2148 9228 2312 9229 2275 9229 2250 9229 2318 9230 2312 9230 2250 9230 2437 9231 2312 9231 2318 9231 2403 9232 2437 9232 2318 9232 2479 9233 2437 9233 2403 9233 2483 9234 2479 9234 2403 9234 2594 9235 2479 9235 2483 9235 2560 9236 2594 9236 2483 9236 2655 9237 2594 9237 2560 9237 2659 9238 2655 9238 2560 9238 2742 9239 2655 9239 2659 9239 2704 9240 2742 9240 2659 9240 2810 9241 2742 9241 2704 9241 2813 9242 2810 9242 2704 9242 2881 9243 2810 9243 2813 9243 2859 9244 2881 9244 2813 9244 2980 9245 2881 9245 2859 9245 2980 9246 2859 9246 2988 9246 3000 9247 2980 9247 2988 9247 3038 9248 2980 9248 3000 9248 3157 9249 3038 9249 3000 9249 3147 9250 3038 9250 3157 9250 3199 9251 3147 9251 3157 9251 3199 9252 3157 9252 3158 9252 3288 9253 3199 9253 3158 9253 3308 9254 3199 9254 3288 9254 3309 9255 3308 9255 3288 9255 3339 9256 3308 9256 3309 9256 3445 9257 3339 9257 3309 9257 3477 9258 3339 9258 3445 9258 3473 9259 3477 9259 3445 9259 3490 9260 3477 9260 3473 9260 3607 9261 3490 9261 3473 9261 3635 9262 3490 9262 3607 9262 3660 9263 3635 9263 3607 9263 3666 9264 3635 9264 3660 9264 3808 9265 3666 9265 3660 9265 3760 9266 3808 9266 3660 9266 3835 9267 3808 9267 3760 9267 3830 9268 3835 9268 3760 9268 3975 9269 3835 9269 3830 9269 3933 9270 3975 9270 3830 9270 4019 9271 3975 9271 3933 9271 4014 9272 4019 9272 3933 9272 4145 9273 4019 9273 4014 9273 4114 9274 4145 9274 4014 9274 4216 9275 4145 9275 4114 9275 4221 9276 4216 9276 4114 9276 4346 9277 4216 9277 4221 9277 4296 9278 4346 9278 4221 9278 4437 9279 4346 9279 4296 9279 4445 9280 4437 9280 4296 9280 4566 9281 4437 9281 4445 9281 4507 9282 4566 9282 4445 9282 4748 9283 4566 9283 4507 9283 4763 9284 4748 9284 4507 9284 4836 9285 4748 9285 4763 9285 4836 9286 4763 9286 4806 9286 4910 9287 4836 9287 4806 9287 4905 9288 4836 9288 4910 9288 4917 9289 4905 9289 4910 9289 4952 9290 4905 9290 4917 9290 5026 9291 4952 9291 4917 9291 5041 9292 4952 9292 5026 9292 5044 9293 5041 9293 5026 9293 5085 9294 5041 9294 5044 9294 5168 9295 5085 9295 5044 9295 5168 9296 5044 9296 5145 9296 5162 9297 5168 9297 5145 9297 5173 9298 5168 9298 5162 9298 5217 9299 5173 9299 5162 9299 5227 9300 5173 9300 5217 9300 5242 9301 5227 9301 5217 9301 5232 9302 5242 9302 5217 9302 5292 9303 5242 9303 5232 9303 5284 9304 5292 9304 5232 9304 5303 9305 5292 9305 5284 9305 5296 9306 5303 9306 5284 9306 5349 9307 5303 9307 5296 9307 5339 9308 5349 9308 5296 9308 5359 9309 5349 9309 5339 9309 5355 9310 5359 9310 5339 9310 5405 9311 5359 9311 5355 9311 5391 9312 5405 9312 5355 9312 5401 9313 5405 9313 5391 9313 5407 9314 5401 9314 5391 9314 5397 9315 5401 9315 5407 9315 5417 9316 5397 9316 5407 9316 5373 9317 5397 9317 5417 9317 5379 9318 5373 9318 5417 9318 5346 9319 5373 9319 5379 9319 5364 9320 5346 9320 5379 9320 5315 9321 5346 9321 5364 9321 5329 9322 5315 9322 5364 9322 5291 9323 5315 9323 5329 9323 5311 9324 5291 9324 5329 9324 5249 9325 5291 9325 5311 9325 5249 9326 5311 9326 5266 9326 5254 9327 5249 9327 5266 9327 5226 9328 5249 9328 5254 9328 5195 9329 5226 9329 5254 9329 5179 9330 5226 9330 5195 9330 5182 9331 5179 9331 5195 9331 5172 9332 5179 9332 5182 9332 5117 9333 5172 9333 5182 9333 5097 9334 5172 9334 5117 9334 5091 9335 5097 9335 5117 9335 5073 9336 5097 9336 5091 9336 4831 9337 4815 9337 4823 9337 4948 9338 5073 9338 5091 9338 4975 9339 4948 9339 5091 9339 4944 9340 4948 9340 4975 9340 4936 9341 4944 9341 4975 9341 4831 9342 4944 9342 4936 9342 4858 9343 4831 9343 4936 9343 4815 9344 4831 9344 4858 9344 4550 9345 4490 9345 4493 9345 4550 9346 4823 9346 4815 9346 4627 9347 4550 9347 4815 9347 4490 9348 4550 9348 4627 9348 4328 9349 4493 9349 4490 9349 4394 9350 4328 9350 4490 9350 4261 9351 4328 9351 4394 9351 4267 9352 4261 9352 4394 9352 4142 9353 4261 9353 4267 9353 4197 9354 4142 9354 4267 9354 4053 9355 4142 9355 4197 9355 4053 9356 4197 9356 4060 9356 4032 9357 4053 9357 4060 9357 3974 9358 4053 9358 4032 9358 3866 9359 3974 9359 4032 9359 3866 9360 4032 9360 3878 9360 3862 9361 3866 9361 3878 9361 3806 9362 3866 9362 3862 9362 3684 9363 3806 9363 3862 9363 3684 9364 3862 9364 3705 9364 3688 9365 3684 9365 3705 9365 3629 9366 3684 9366 3688 9366 3509 9367 3629 9367 3688 9367 3509 9368 3688 9368 3542 9368 3513 9369 3509 9369 3542 9369 3466 9370 3509 9370 3513 9370 3396 9371 3466 9371 3513 9371 3356 9372 3466 9372 3396 9372 3349 9373 3356 9373 3396 9373 3332 9374 3356 9374 3349 9374 3035 9375 3015 9375 3026 9375 3185 9376 3332 9376 3349 9376 3235 9377 3185 9377 3349 9377 3183 9378 3185 9378 3235 9378 3175 9379 3183 9379 3235 9379 3035 9380 3183 9380 3175 9380 3084 9381 3035 9381 3175 9381 3015 9382 3035 9382 3084 9382 2880 9383 2849 9383 2852 9383 2880 9384 3026 9384 3015 9384 2939 9385 2880 9385 3015 9385 2849 9386 2880 9386 2939 9386 2741 9387 2852 9387 2849 9387 2790 9388 2741 9388 2849 9388 2685 9389 2741 9389 2790 9389 2678 9390 2685 9390 2790 9390 2632 9391 2685 9391 2678 9391 2524 9392 2590 9392 2632 9392 2518 9393 2524 9393 2632 9393 2494 9394 2524 9394 2518 9394 2361 9395 2429 9395 2494 9395 2351 9396 2361 9396 2494 9396 2268 9397 2361 9397 2351 9397 2341 9398 2268 9398 2351 9398 2180 9399 2268 9399 2341 9399 2180 9400 2341 9400 2196 9400 2179 9401 2180 9401 2196 9401 2123 9402 2180 9402 2179 9402 2016 9403 2123 9403 2179 9403 2016 9404 2179 9404 2036 9404 2014 9405 2016 9405 2036 9405 1970 9406 2016 9406 2014 9406 1893 9407 1970 9407 2014 9407 1848 9408 1970 9408 1893 9408 1853 9409 1848 9409 1893 9409 1822 9410 1848 9410 1853 9410 1675 9411 1822 9411 1853 9411 1675 9412 1853 9412 1737 9412 1681 9413 1675 9413 1737 9413 1673 9414 1675 9414 1681 9414 1525 9415 1673 9415 1681 9415 1581 9416 1525 9416 1681 9416 1504 9417 1525 9417 1581 9417 1510 9418 1504 9418 1581 9418 1355 9419 1504 9419 1510 9419 1420 9420 1355 9420 1510 9420 1321 9421 1355 9421 1420 9421 1321 9422 1420 9422 1323 9422 1251 9423 1321 9423 1323 9423 1185 9424 1321 9424 1251 9424 1134 9425 1185 9425 1251 9425 1139 9426 1185 9426 1134 9426 999 9427 1139 9427 1134 9427 1072 9428 999 9428 1134 9428 918 9429 999 9429 1072 9429 910 9430 918 9430 1072 9430 711 9431 918 9431 910 9431 868 9432 711 9432 910 9432 656 9433 711 9433 868 9433 646 9434 656 9434 868 9434 582 9435 656 9435 646 9435 638 9436 582 9436 646 9436 516 9437 582 9437 638 9437 516 9438 638 9438 522 9438 511 9439 516 9439 522 9439 463 9440 516 9440 511 9440 394 9441 463 9441 511 9441 394 9442 511 9442 409 9442 391 9443 394 9443 409 9443 369 9444 394 9444 391 9444 331 9445 369 9445 391 9445 331 9446 391 9446 350 9446 337 9447 331 9447 350 9447 320 9448 331 9448 337 9448 261 9449 320 9449 337 9449 261 9450 337 9450 291 9450 271 9451 261 9451 291 9451 255 9452 261 9452 271 9452 215 9453 255 9453 271 9453 229 9454 215 9454 271 9454 204 9455 215 9455 229 9455 211 9456 204 9456 229 9456 165 9457 204 9457 211 9457 165 9458 211 9458 178 9458 161 9459 165 9459 178 9459 158 9460 165 9460 161 9460 130 9461 158 9461 161 9461 126 9462 158 9462 130 9462 141 9463 126 9463 130 9463 144 9464 126 9464 141 9464 152 9465 144 9465 141 9465 174 9466 144 9466 152 9466 189 9467 174 9467 152 9467 195 9468 174 9468 189 9468 225 9469 195 9469 189 9469 198 9470 225 9470 189 9470 253 9471 225 9471 198 9471 253 9472 198 9472 239 9472 248 9473 253 9473 239 9473 283 9474 253 9474 248 9474 318 9475 283 9475 248 9475 318 9476 248 9476 303 9476 314 9477 318 9477 303 9477 345 9478 318 9478 314 9478 382 9479 345 9479 314 9479 382 9480 314 9480 361 9480 379 9481 382 9481 361 9481 399 9482 382 9482 379 9482 481 9483 399 9483 379 9483 481 9484 379 9484 450 9484 486 9485 481 9485 450 9485 503 9486 481 9486 486 9486 603 9487 503 9487 486 9487 603 9488 486 9488 571 9488 612 9489 603 9489 571 9489 625 9490 603 9490 612 9490 848 9491 625 9491 612 9491 848 9492 612 9492 698 9492 860 9493 848 9493 698 9493 852 9494 848 9494 860 9494 1061 9495 852 9495 860 9495 1061 9496 860 9496 971 9496 1096 9497 1061 9497 971 9497 1089 9498 1061 9498 1096 9498 1164 9499 1089 9499 1096 9499 1243 9500 1089 9500 1164 9500 1283 9501 1243 9501 1164 9501 1284 9502 1243 9502 1283 9502 1332 9503 1284 9503 1283 9503 1405 9504 1284 9504 1332 9504 1462 9505 1405 9505 1332 9505 1468 9506 1405 9506 1462 9506 1487 9507 1468 9507 1462 9507 1570 9508 1468 9508 1487 9508 1649 9509 1570 9509 1487 9509 1649 9510 1487 9510 1637 9510 1648 9511 1649 9511 1637 9511 1727 9512 1649 9512 1648 9512 1814 9513 1727 9513 1648 9513 1814 9514 1648 9514 1791 9514 1809 9515 1814 9515 1791 9515 1884 9516 1814 9516 1809 9516 1990 9517 1884 9517 1809 9517 1990 9518 1809 9518 1948 9518 1987 9519 1990 9519 1948 9519 2031 9520 1990 9520 1987 9520 2143 9521 2031 9521 1987 9521 2143 9522 1987 9522 2107 9522 2147 9523 2143 9523 2107 9523 2188 9524 2143 9524 2147 9524 2311 9525 2188 9525 2147 9525 2311 9526 2147 9526 2251 9526 2317 9527 2311 9527 2251 9527 2336 9528 2311 9528 2317 9528 2404 9529 2336 9529 2317 9529 2473 9530 2336 9530 2404 9530 2484 9531 2473 9531 2404 9531 2477 9532 2473 9532 2484 9532 2561 9533 2477 9533 2484 9533 2624 9534 2477 9534 2561 9534 2660 9535 2624 9535 2561 9535 2653 9536 2624 9536 2660 9536 2705 9537 2653 9537 2660 9537 2783 9538 2653 9538 2705 9538 2814 9539 2783 9539 2705 9539 2808 9540 2783 9540 2814 9540 2860 9541 2808 9541 2814 9541 2933 9542 2808 9542 2860 9542 2983 9543 2933 9543 2860 9543 2978 9544 2933 9544 2983 9544 3001 9545 2978 9545 2983 9545 3083 9546 2978 9546 3001 9546 3153 9547 3083 9547 3001 9547 3145 9548 3083 9548 3153 9548 3159 9549 3145 9549 3153 9549 3238 9550 3145 9550 3159 9550 3289 9551 3238 9551 3159 9551 3304 9552 3238 9552 3289 9552 3312 9553 3304 9553 3289 9553 3398 9554 3304 9554 3312 9554 3469 9555 3398 9555 3312 9555 3469 9556 3312 9556 3447 9556 3472 9557 3469 9557 3447 9557 3548 9558 3469 9558 3472 9558 3663 9559 3548 9559 3472 9559 3663 9560 3472 9560 3609 9560 3659 9561 3663 9561 3609 9561 3702 9562 3663 9562 3659 9562 3836 9563 3702 9563 3659 9563 3836 9564 3659 9564 3761 9564 3831 9565 3836 9565 3761 9565 3857 9566 3836 9566 3831 9566 3935 9567 3857 9567 3831 9567 4026 9568 3857 9568 3935 9568 4015 9569 4026 9569 3935 9569 4027 9570 4026 9570 4015 9570 4115 9571 4027 9571 4015 9571 4200 9572 4027 9572 4115 9572 4222 9573 4200 9573 4115 9573 4228 9574 4200 9574 4222 9574 4297 9575 4228 9575 4222 9575 4404 9576 4228 9576 4297 9576 4443 9577 4404 9577 4297 9577 4444 9578 4404 9578 4443 9578 4509 9579 4444 9579 4443 9579 4640 9580 4444 9580 4509 9580 4762 9581 4640 9581 4509 9581 4751 9582 4640 9582 4762 9582 4807 9583 4751 9583 4762 9583 4876 9584 4751 9584 4807 9584 4915 9585 4876 9585 4807 9585 4903 9586 4876 9586 4915 9586 4918 9587 4903 9587 4915 9587 4981 9588 4903 9588 4918 9588 5027 9589 4981 9589 4918 9589 5037 9590 4981 9590 5027 9590 5045 9591 5037 9591 5027 9591 5121 9592 5037 9592 5045 9592 5146 9593 5121 9593 5045 9593 5157 9594 5121 9594 5146 9594 5163 9595 5157 9595 5146 9595 5198 9596 5157 9596 5163 9596 5238 9597 5198 9597 5163 9597 5238 9598 5163 9598 5218 9598 5234 9599 5238 9599 5218 9599 5270 9600 5238 9600 5234 9600 5285 9601 5270 9601 5234 9601 5304 9602 5270 9602 5285 9602 5298 9603 5304 9603 5285 9603 5320 9604 5304 9604 5298 9604 5340 9605 5320 9605 5298 9605 5366 9606 5320 9606 5340 9606 5351 9607 5366 9607 5340 9607 5372 9608 5366 9608 5351 9608 5392 9609 5372 9609 5351 9609 5423 9610 5372 9610 5392 9610 5406 9611 5423 9611 5392 9611 5413 9612 5423 9612 5406 9612 5418 9613 5413 9613 5406 9613 5386 9614 5413 9614 5418 9614 5378 9615 5386 9615 5418 9615 5384 9616 5386 9616 5378 9616 5363 9617 5384 9617 5378 9617 5334 9618 5384 9618 5363 9618 5328 9619 5334 9619 5363 9619 5319 9620 5334 9620 5328 9620 5310 9621 5319 9621 5328 9621 5280 9622 5319 9622 5310 9622 5265 9623 5280 9623 5310 9623 5248 9624 5280 9624 5265 9624 5255 9625 5248 9625 5265 9625 5211 9626 5248 9626 5255 9626 5194 9627 5211 9627 5255 9627 5176 9628 5211 9628 5194 9628 5183 9629 5176 9629 5194 9629 5140 9630 5176 9630 5183 9630 5116 9631 5140 9631 5183 9631 5086 9632 5140 9632 5116 9632 5092 9633 5086 9633 5116 9633 5011 9634 5086 9634 5092 9634 4941 9635 5011 9635 5092 9635 506 9636 624 9636 519 9636 509 9637 506 9637 519 9637 502 9638 506 9638 509 9638 5139 9639 5039 9639 5046 9639 5147 9640 5139 9640 5046 9640 5158 9641 5139 9641 5147 9641 5164 9642 5158 9642 5147 9642 5210 9643 5158 9643 5164 9643 5219 9644 5210 9644 5164 9644 5230 9645 5210 9645 5219 9645 5235 9646 5230 9646 5219 9646 5279 9647 5230 9647 5235 9647 5286 9648 5279 9648 5235 9648 5297 9649 5279 9649 5286 9649 5299 9650 5297 9650 5286 9650 5335 9651 5297 9651 5299 9651 5341 9652 5335 9652 5299 9652 5357 9653 5335 9653 5341 9653 5352 9654 5357 9654 5341 9654 5387 9655 5357 9655 5352 9655 5393 9656 5387 9656 5352 9656 5411 9657 5387 9657 5393 9657 5403 9658 5411 9658 5393 9658 5422 9659 5411 9659 5403 9659 5416 9660 5422 9660 5403 9660 5383 9661 5422 9661 5416 9661 5377 9662 5383 9662 5416 9662 5371 9663 5383 9663 5377 9663 5362 9664 5371 9664 5377 9664 5332 9665 5371 9665 5362 9665 5327 9666 5332 9666 5362 9666 5317 9667 5332 9667 5327 9667 5309 9668 5317 9668 5327 9668 5271 9669 5317 9669 5309 9669 5264 9670 5271 9670 5309 9670 5251 9671 5271 9671 5264 9671 5256 9672 5251 9672 5264 9672 5199 9673 5251 9673 5256 9673 5193 9674 5199 9674 5256 9674 5178 9675 5199 9675 5193 9675 5184 9676 5178 9676 5193 9676 5123 9677 5178 9677 5184 9677 5115 9678 5123 9678 5184 9678 5088 9679 5123 9679 5115 9679 5093 9680 5088 9680 5115 9680 4980 9681 5088 9681 5093 9681 4973 9682 4980 9682 5093 9682 4933 9683 4980 9683 4973 9683 4938 9684 4933 9684 4973 9684 4868 9685 4933 9685 4938 9685 4854 9686 4868 9686 4938 9686 4813 9687 4868 9687 4854 9687 4817 9688 4813 9688 4854 9688 4631 9689 4813 9689 4817 9689 4621 9690 4631 9690 4817 9690 4491 9691 4631 9691 4621 9691 4488 9692 4491 9692 4621 9692 4403 9693 4491 9693 4488 9693 4389 9694 4403 9694 4488 9694 4269 9695 4403 9695 4389 9695 4265 9696 4269 9696 4389 9696 4199 9697 4269 9697 4265 9697 4195 9698 4199 9698 4265 9698 4062 9699 4199 9699 4195 9699 4058 9700 4062 9700 4195 9700 4036 9701 4062 9701 4058 9701 4028 9702 4036 9702 4058 9702 3879 9703 4036 9703 4028 9703 3876 9704 3879 9704 4028 9704 3863 9705 3879 9705 3876 9705 3860 9706 3863 9706 3876 9706 3704 9707 3863 9707 3860 9707 3701 9708 3704 9708 3860 9708 3689 9709 3704 9709 3701 9709 3691 9710 3689 9710 3701 9710 3540 9711 3689 9711 3691 9711 3539 9712 3540 9712 3691 9712 3515 9713 3540 9713 3539 9713 3516 9714 3515 9714 3539 9714 3393 9715 3515 9715 3516 9715 3394 9716 3393 9716 3516 9716 3352 9717 3393 9717 3394 9717 3351 9718 3352 9718 3394 9718 3230 9719 3352 9719 3351 9719 3232 9720 3230 9720 3351 9720 3177 9721 3230 9721 3232 9721 3178 9722 3177 9722 3232 9722 3078 9723 3177 9723 3178 9723 3081 9724 3078 9724 3178 9724 3017 9725 3078 9725 3081 9725 3018 9726 3017 9726 3081 9726 2932 9727 3017 9727 3018 9727 2937 9728 2932 9728 3018 9728 2844 9729 2932 9729 2937 9729 2847 9730 2844 9730 2937 9730 2785 9731 2844 9731 2847 9731 2788 9732 2785 9732 2847 9732 2673 9733 2785 9733 2788 9733 2676 9734 2673 9734 2788 9734 2625 9735 2673 9735 2676 9735 2630 9736 2625 9736 2676 9736 2519 9737 2625 9737 2630 9737 2516 9738 2519 9738 2630 9738 2472 9739 2519 9739 2516 9739 2491 9740 2472 9740 2516 9740 2356 9741 2472 9741 2491 9741 2355 9742 2356 9742 2491 9742 2331 9743 2356 9743 2355 9743 2339 9744 2331 9744 2355 9744 2185 9745 2331 9745 2339 9745 2194 9746 2185 9746 2339 9746 2172 9747 2185 9747 2194 9747 2175 9748 2172 9748 2194 9748 2027 9749 2172 9749 2175 9749 2034 9750 2027 9750 2175 9750 2008 9751 2027 9751 2034 9751 2010 9752 2008 9752 2034 9752 1883 9753 2008 9753 2010 9753 1891 9754 1883 9754 2010 9754 1850 9755 1883 9755 1891 9755 1855 9756 1850 9756 1891 9756 1728 9757 1850 9757 1855 9757 1734 9758 1728 9758 1855 9758 1680 9759 1728 9759 1734 9759 1683 9760 1680 9760 1734 9760 1574 9761 1680 9761 1683 9761 1579 9762 1574 9762 1683 9762 1516 9763 1574 9763 1579 9763 1512 9764 1516 9764 1579 9764 1408 9765 1516 9765 1512 9765 1416 9766 1408 9766 1512 9766 1329 9767 1408 9767 1416 9767 1325 9768 1329 9768 1416 9768 1242 9769 1329 9769 1325 9769 1247 9770 1242 9770 1325 9770 1140 9771 1242 9771 1247 9771 1137 9772 1140 9772 1247 9772 1053 9773 1140 9773 1137 9773 1068 9774 1053 9774 1137 9774 916 9775 1053 9775 1068 9775 912 9776 916 9776 1068 9776 842 9777 916 9777 912 9777 864 9778 842 9778 912 9778 651 9779 842 9779 864 9779 648 9780 651 9780 864 9780 624 9781 651 9781 648 9781 636 9782 624 9782 648 9782 519 9783 624 9783 636 9783 4941 9784 5092 9784 4974 9784 4937 9785 4941 9785 4974 9785 4889 9786 4941 9786 4937 9786 4855 9787 4889 9787 4937 9787 4820 9788 4889 9788 4855 9788 4816 9789 4820 9789 4855 9789 4771 9790 4820 9790 4816 9790 4624 9791 4771 9791 4816 9791 4496 9792 4771 9792 4624 9792 4487 9793 4496 9793 4624 9793 4471 9794 4496 9794 4487 9794 4391 9795 4471 9795 4487 9795 4282 9796 4471 9796 4391 9796 4266 9797 4282 9797 4391 9797 4273 9798 4282 9798 4266 9798 4196 9799 4273 9799 4266 9799 4102 9800 4273 9800 4196 9800 4059 9801 4102 9801 4196 9801 4064 9802 4102 9802 4059 9802 4030 9803 4064 9803 4059 9803 3917 9804 4064 9804 4030 9804 3877 9805 3917 9805 4030 9805 3870 9806 3917 9806 3877 9806 3861 9807 3870 9807 3877 9807 3750 9808 3870 9808 3861 9808 3703 9809 3750 9809 3861 9809 3683 9810 3750 9810 3703 9810 3690 9811 3683 9811 3703 9811 3584 9812 3683 9812 3690 9812 3541 9813 3584 9813 3690 9813 3508 9814 3584 9814 3541 9814 3514 9815 3508 9815 3541 9815 3428 9816 3508 9816 3514 9816 3395 9817 3428 9817 3514 9817 3346 9818 3428 9818 3395 9818 3350 9819 3346 9819 3395 9819 3276 9820 3346 9820 3350 9820 3233 9821 3276 9821 3350 9821 3172 9822 3276 9822 3233 9822 3176 9823 3172 9823 3233 9823 3123 9824 3172 9824 3176 9824 3082 9825 3123 9825 3176 9825 3023 9826 3123 9826 3082 9826 3016 9827 3023 9827 3082 9827 2972 9828 3023 9828 3016 9828 2938 9829 2972 9829 3016 9829 2853 9830 2972 9830 2938 9830 2848 9831 2853 9831 2938 9831 2830 9832 2853 9832 2848 9832 2789 9833 2830 9833 2848 9833 2692 9834 2830 9834 2789 9834 2677 9835 2692 9835 2789 9835 2681 9836 2692 9836 2677 9836 2631 9837 2681 9837 2677 9837 2550 9838 2681 9838 2631 9838 2517 9839 2550 9839 2631 9839 2521 9840 2550 9840 2517 9840 2492 9841 2521 9841 2517 9841 2391 9842 2521 9842 2492 9842 2350 9843 2391 9843 2492 9843 2358 9844 2391 9844 2350 9844 2340 9845 2358 9845 2350 9845 2227 9846 2358 9846 2340 9846 2195 9847 2227 9847 2340 9847 2182 9848 2227 9848 2195 9848 2177 9849 2182 9849 2195 9849 2077 9850 2182 9850 2177 9850 2035 9851 2077 9851 2177 9851 2018 9852 2077 9852 2035 9852 2012 9853 2018 9853 2035 9853 1924 9854 2018 9854 2012 9854 1892 9855 1924 9855 2012 9855 1858 9856 1924 9856 1892 9856 1854 9857 1858 9857 1892 9857 1772 9858 1858 9858 1854 9858 1736 9859 1772 9859 1854 9859 1678 9860 1772 9860 1736 9860 1682 9861 1678 9861 1736 9861 1616 9862 1678 9862 1682 9862 1580 9863 1616 9863 1682 9863 1507 9864 1616 9864 1580 9864 1511 9865 1507 9865 1580 9865 1453 9866 1507 9866 1511 9866 1418 9867 1453 9867 1511 9867 1319 9868 1453 9868 1418 9868 1327 9869 1319 9869 1418 9869 1302 9870 1319 9870 1327 9870 1250 9871 1302 9871 1327 9871 1127 9872 1302 9872 1250 9872 1135 9873 1127 9873 1250 9873 1124 9874 1127 9874 1135 9874 1069 9875 1124 9875 1135 9875 938 9876 1124 9876 1069 9876 911 9877 938 9877 1069 9877 907 9878 938 9878 911 9878 866 9879 907 9879 911 9879 679 9880 907 9880 866 9880 647 9881 679 9881 866 9881 653 9882 679 9882 647 9882 637 9883 653 9883 647 9883 548 9884 653 9884 637 9884 521 9885 548 9885 637 9885 513 9886 548 9886 521 9886 510 9887 513 9887 521 9887 412 9888 513 9888 510 9888 408 9889 412 9889 510 9889 395 9890 412 9890 408 9890 390 9891 395 9891 408 9891 355 9892 395 9892 390 9892 349 9893 355 9893 390 9893 340 9894 355 9894 349 9894 336 9895 340 9895 349 9895 297 9896 340 9896 336 9896 290 9897 297 9897 336 9897 267 9898 297 9898 290 9898 272 9899 267 9899 290 9899 234 9900 267 9900 272 9900 228 9901 234 9901 272 9901 207 9902 234 9902 228 9902 212 9903 207 9903 228 9903 181 9904 207 9904 212 9904 177 9905 181 9905 212 9905 157 9906 181 9906 177 9906 162 9907 157 9907 177 9907 136 9908 157 9908 162 9908 129 9909 136 9909 162 9909 138 9910 136 9910 129 9910 142 9911 138 9911 129 9911 137 9912 138 9912 142 9912 154 9913 137 9913 142 9913 182 9914 137 9914 154 9914 190 9915 182 9915 154 9915 186 9916 182 9916 190 9916 199 9917 186 9917 190 9917 233 9918 186 9918 199 9918 240 9919 233 9919 199 9919 246 9920 233 9920 240 9920 249 9921 246 9921 240 9921 296 9922 246 9922 249 9922 304 9923 296 9923 249 9923 316 9924 296 9924 304 9924 313 9925 316 9925 304 9925 354 9926 316 9926 313 9926 363 9927 354 9927 313 9927 383 9928 354 9928 363 9928 378 9929 383 9929 363 9929 413 9930 383 9930 378 9930 451 9931 413 9931 378 9931 488 9932 413 9932 451 9932 485 9933 488 9933 451 9933 550 9934 488 9934 485 9934 572 9935 550 9935 485 9935 615 9936 550 9936 572 9936 613 9937 615 9937 572 9937 683 9938 615 9938 613 9938 699 9939 683 9939 613 9939 856 9940 683 9940 699 9940 861 9941 856 9941 699 9941 940 9942 856 9942 861 9942 974 9943 940 9943 861 9943 1091 9944 940 9944 974 9944 1097 9945 1091 9945 974 9945 1130 9946 1091 9946 1097 9946 1166 9947 1130 9947 1097 9947 1279 9948 1130 9948 1166 9948 1285 9949 1279 9949 1166 9949 1301 9950 1279 9950 1285 9950 1333 9951 1301 9951 1285 9951 1452 9952 1301 9952 1333 9952 1463 9953 1452 9953 1333 9953 1460 9954 1452 9954 1463 9954 1488 9955 1460 9955 1463 9955 1613 9956 1460 9956 1488 9956 1638 9957 1613 9957 1488 9957 1642 9958 1613 9958 1638 9958 1651 9959 1642 9959 1638 9959 1774 9960 1642 9960 1651 9960 1792 9961 1774 9961 1651 9961 1812 9962 1774 9962 1792 9962 1808 9963 1812 9963 1792 9963 1930 9964 1812 9964 1808 9964 1949 9965 1930 9965 1808 9965 1991 9966 1930 9966 1949 9966 1984 9967 1991 9967 1949 9967 2080 9968 1991 9968 1984 9968 2108 9969 2080 9969 1984 9969 2149 9970 2080 9970 2108 9970 2146 9971 2149 9971 2108 9971 2230 9972 2149 9972 2146 9972 2253 9973 2230 9973 2146 9973 2320 9974 2230 9974 2253 9974 2316 9975 2320 9975 2253 9975 2393 9976 2320 9976 2316 9976 2408 9977 2393 9977 2316 9977 2481 9978 2393 9978 2408 9978 2485 9979 2481 9979 2408 9979 2549 9980 2481 9980 2485 9980 2566 9981 2549 9981 2485 9981 2657 9982 2549 9982 2566 9982 2661 9983 2657 9983 2566 9983 2686 9984 2657 9984 2661 9984 2708 9985 2686 9985 2661 9985 2818 9986 2686 9986 2708 9986 2815 9987 2818 9987 2708 9987 2827 9988 2818 9988 2815 9988 2862 9989 2827 9989 2815 9989 2975 9990 2827 9990 2862 9990 2984 9991 2975 9991 2862 9991 2989 9992 2975 9992 2984 9992 3002 9993 2989 9993 2984 9993 3131 9994 2989 9994 3002 9994 3154 9995 3131 9995 3002 9995 3149 9996 3131 9996 3154 9996 3161 9997 3149 9997 3154 9997 3279 9998 3149 9998 3161 9998 3290 9999 3279 9999 3161 9999 3307 10000 3279 10000 3290 10000 3311 10001 3307 10001 3290 10001 3432 10002 3307 10002 3311 10002 3450 10003 3432 10003 3311 10003 3468 10004 3432 10004 3450 10004 3475 10005 3468 10005 3450 10005 3589 10006 3468 10006 3475 10006 3611 10007 3589 10007 3475 10007 3656 10008 3589 10008 3611 10008 3658 10009 3656 10009 3611 10009 3748 10010 3656 10010 3658 10010 3762 10011 3748 10011 3658 10011 3833 10012 3748 10012 3762 10012 3827 10013 3833 10013 3762 10013 3916 10014 3833 10014 3827 10014 3937 10015 3916 10015 3827 10015 4021 10016 3916 10016 3937 10016 4016 10017 4021 10017 3937 10017 4101 10018 4021 10018 4016 10018 4116 10019 4101 10019 4016 10019 4225 10020 4101 10020 4116 10020 4220 10021 4225 10021 4116 10021 4288 10022 4225 10022 4220 10022 4298 10023 4288 10023 4220 10023 4448 10024 4288 10024 4298 10024 4442 10025 4448 10025 4298 10025 4475 10026 4448 10026 4442 10026 4510 10027 4475 10027 4442 10027 4769 10028 4475 10028 4510 10028 4761 10029 4769 10029 4510 10029 4796 10030 4769 10030 4761 10030 4808 10031 4796 10031 4761 10031 4897 10032 4796 10032 4808 10032 4913 10033 4897 10033 4808 10033 4907 10034 4897 10034 4913 10034 4919 10035 4907 10035 4913 10035 5012 10036 4907 10036 4919 10036 5028 10037 5012 10037 4919 10037 5039 10038 5012 10038 5028 10038 5046 10039 5039 10039 5028 10039 400 10040 502 10040 509 10040 407 10041 400 10041 509 10041 387 10042 400 10042 407 10042 389 10043 387 10043 407 10043 346 10044 387 10044 389 10044 348 10045 346 10045 389 10045 333 10046 346 10046 348 10046 335 10047 333 10047 348 10047 284 10048 333 10048 335 10048 289 10049 284 10049 335 10049 265 10050 284 10050 289 10050 268 10051 265 10051 289 10051 224 10052 265 10052 268 10052 227 10053 224 10053 268 10053 209 10054 224 10054 227 10054 213 10055 209 10055 227 10055 173 10056 209 10056 213 10056 176 10057 173 10057 213 10057 166 10058 173 10058 176 10058 163 10059 166 10059 176 10059 125 10060 166 10060 163 10060 128 10061 125 10061 163 10061 149 10062 125 10062 128 10062 143 10063 149 10063 128 10063 168 10064 149 10064 143 10064 155 10065 168 10065 143 10065 193 10066 168 10066 155 10066 191 10067 193 10067 155 10067 216 10068 193 10068 191 10068 200 10069 216 10069 191 10069 243 10070 216 10070 200 10070 243 10071 200 10071 241 10071 250 10072 243 10072 241 10072 254 10073 243 10073 250 10073 305 10074 254 10074 250 10074 309 10075 254 10075 305 10075 312 10076 309 10076 305 10076 319 10077 309 10077 312 10077 364 10078 319 10078 312 10078 368 10079 319 10079 364 10079 375 10080 368 10080 364 10080 377 10081 375 10081 364 10081 464 10082 375 10082 377 10082 452 10083 464 10083 377 10083 482 10084 464 10084 452 10084 484 10085 482 10085 452 10085 586 10086 482 10086 484 10086 574 10087 586 10087 484 10087 608 10088 586 10088 574 10088 611 10089 608 10089 574 10089 722 10090 608 10090 611 10090 701 10091 722 10091 611 10091 858 10092 722 10092 701 10092 862 10093 858 10093 701 10093 1002 10094 858 10094 862 10094 976 10095 1002 10095 862 10095 1102 10096 1002 10096 976 10096 1098 10097 1102 10097 976 10097 1186 10098 1102 10098 1098 10098 1167 10099 1186 10099 1098 10099 1289 10100 1186 10100 1167 10100 1286 10101 1289 10101 1167 10101 1354 10102 1289 10102 1286 10102 1336 10103 1354 10103 1286 10103 1466 10104 1354 10104 1336 10104 1464 10105 1466 10105 1336 10105 1522 10106 1466 10106 1464 10106 1489 10107 1522 10107 1464 10107 1643 10108 1522 10108 1489 10108 1643 10109 1489 10109 1639 10109 1652 10110 1643 10110 1639 10110 1672 10111 1643 10111 1652 10111 1793 10112 1672 10112 1652 10112 1805 10113 1672 10113 1793 10113 1807 10114 1805 10114 1793 10114 1825 10115 1805 10115 1807 10115 1951 10116 1825 10116 1807 10116 1971 10117 1825 10117 1951 10117 1979 10118 1971 10118 1951 10118 1983 10119 1979 10119 1951 10119 2128 10120 1979 10120 1983 10120 2109 10121 2128 10121 1983 10121 2141 10122 2128 10122 2109 10122 2145 10123 2141 10123 2109 10123 2270 10124 2141 10124 2145 10124 2254 10125 2270 10125 2145 10125 2313 10126 2270 10126 2254 10126 2315 10127 2313 10127 2254 10127 2430 10128 2313 10128 2315 10128 2409 10129 2430 10129 2315 10129 2480 10130 2430 10130 2409 10130 2486 10131 2480 10131 2409 10131 2588 10132 2480 10132 2486 10132 2567 10133 2588 10133 2486 10133 2656 10134 2588 10134 2567 10134 2662 10135 2656 10135 2567 10135 2736 10136 2656 10136 2662 10136 2711 10137 2736 10137 2662 10137 2811 10138 2736 10138 2711 10138 2816 10139 2811 10139 2711 10139 2878 10140 2811 10140 2816 10140 2863 10141 2878 10141 2816 10141 2982 10142 2878 10142 2863 10142 2982 10143 2863 10143 2985 10143 3004 10144 2982 10144 2985 10144 3036 10145 2982 10145 3004 10145 3151 10146 3036 10146 3004 10146 3148 10147 3036 10147 3151 10147 3192 10148 3148 10148 3151 10148 3192 10149 3151 10149 3162 10149 3291 10150 3192 10150 3162 10150 3315 10151 3192 10151 3291 10151 3313 10152 3315 10152 3291 10152 3337 10153 3315 10153 3313 10153 3453 10154 3337 10154 3313 10154 3480 10155 3337 10155 3453 10155 3474 10156 3480 10156 3453 10156 3481 10157 3480 10157 3474 10157 3612 10158 3481 10158 3474 10158 3631 10159 3481 10159 3612 10159 3662 10160 3631 10160 3612 10160 3665 10161 3631 10161 3662 10161 3803 10162 3665 10162 3662 10162 3763 10163 3803 10163 3662 10163 3834 10164 3803 10164 3763 10164 3828 10165 3834 10165 3763 10165 3972 10166 3834 10166 3828 10166 3939 10167 3972 10167 3828 10167 4018 10168 3972 10168 3939 10168 4017 10169 4018 10169 3939 10169 4141 10170 4018 10170 4017 10170 4117 10171 4141 10171 4017 10171 4215 10172 4141 10172 4117 10172 4218 10173 4215 10173 4117 10173 4337 10174 4215 10174 4218 10174 4300 10175 4337 10175 4218 10175 4438 10176 4337 10176 4300 10176 4441 10177 4438 10177 4300 10177 4556 10178 4438 10178 4441 10178 4512 10179 4556 10179 4441 10179 4749 10180 4556 10180 4512 10180 4760 10181 4749 10181 4512 10181 4835 10182 4749 10182 4760 10182 4809 10183 4835 10183 4760 10183 4906 10184 4835 10184 4809 10184 4912 10185 4906 10185 4809 10185 4950 10186 4906 10186 4912 10186 4950 10187 4912 10187 4920 10187 5029 10188 4950 10188 4920 10188 5042 10189 4950 10189 5029 10189 5047 10190 5042 10190 5029 10190 5074 10191 5042 10191 5047 10191 5169 10192 5074 10192 5047 10192 5169 10193 5047 10193 5148 10193 5165 10194 5169 10194 5148 10194 5171 10195 5169 10195 5165 10195 5220 10196 5171 10196 5165 10196 5224 10197 5171 10197 5220 10197 5241 10198 5224 10198 5220 10198 5236 10199 5241 10199 5220 10199 5290 10200 5241 10200 5236 10200 5287 10201 5290 10201 5236 10201 5302 10202 5290 10202 5287 10202 5300 10203 5302 10203 5287 10203 5347 10204 5302 10204 5300 10204 5342 10205 5347 10205 5300 10205 5358 10206 5347 10206 5342 10206 5353 10207 5358 10207 5342 10207 5398 10208 5358 10208 5353 10208 5394 10209 5398 10209 5353 10209 5399 10210 5398 10210 5394 10210 5404 10211 5399 10211 5394 10211 5400 10212 5399 10212 5404 10212 5415 10213 5400 10213 5404 10213 5374 10214 5400 10214 5415 10214 5376 10215 5374 10215 5415 10215 5348 10216 5374 10216 5376 10216 5361 10217 5348 10217 5376 10217 5316 10218 5348 10218 5361 10218 5326 10219 5316 10219 5361 10219 5293 10220 5316 10220 5326 10220 5308 10221 5293 10221 5326 10221 5250 10222 5293 10222 5308 10222 5250 10223 5308 10223 5263 10223 5257 10224 5250 10224 5263 10224 5228 10225 5250 10225 5257 10225 5191 10226 5228 10226 5257 10226 5186 10227 5228 10227 5191 10227 5185 10228 5186 10228 5191 10228 5174 10229 5186 10229 5185 10229 5114 10230 5174 10230 5185 10230 5098 10231 5174 10231 5114 10231 5094 10232 5098 10232 5114 10232 5084 10233 5098 10233 5094 10233 4834 10234 4818 10234 4822 10234 4951 10235 5084 10235 5094 10235 4972 10236 4951 10236 5094 10236 4943 10237 4951 10237 4972 10237 4939 10238 4943 10238 4972 10238 4834 10239 4943 10239 4939 10239 4853 10240 4834 10240 4939 10240 4818 10241 4834 10241 4853 10241 4557 10242 4822 10242 4818 10242 4620 10243 4557 10243 4818 10243 4492 10244 4557 10244 4620 10244 4485 10245 4492 10245 4620 10245 4341 10246 4492 10246 4485 10246 4386 10247 4341 10247 4485 10247 4260 10248 4341 10248 4386 10248 4264 10249 4260 10249 4386 10249 4146 10250 4260 10250 4264 10250 4194 10251 4146 10251 4264 10251 4054 10252 4146 10252 4194 10252 4054 10253 4194 10253 4057 10253 4024 10254 4054 10254 4057 10254 3977 10255 4054 10255 4024 10255 3867 10256 3977 10256 4024 10256 3867 10257 4024 10257 3875 10257 3859 10258 3867 10258 3875 10258 3810 10259 3867 10259 3859 10259 3685 10260 3810 10260 3859 10260 3685 10261 3859 10261 3700 10261 3692 10262 3685 10262 3700 10262 3634 10263 3685 10263 3692 10263 3538 10264 3634 10264 3692 10264 3510 10265 3634 10265 3538 10265 3517 10266 3510 10266 3538 10266 3482 10267 3510 10267 3517 10267 3391 10268 3482 10268 3517 10268 3357 10269 3482 10269 3391 10269 3353 10270 3357 10270 3391 10270 3336 10271 3357 10271 3353 10271 3195 10272 3179 10272 3182 10272 3195 10273 3336 10273 3353 10273 3231 10274 3195 10274 3353 10274 3179 10275 3195 10275 3231 10275 3037 10276 3019 10276 3025 10276 3037 10277 3182 10277 3179 10277 3080 10278 3037 10278 3179 10278 3019 10279 3037 10279 3080 10279 2883 10280 2846 10280 2851 10280 2883 10281 3025 10281 3019 10281 2936 10282 2883 10282 3019 10282 2846 10283 2883 10283 2936 10283 2745 10284 2851 10284 2846 10284 2787 10285 2745 10285 2846 10285 2684 10286 2745 10286 2787 10286 2675 10287 2684 10287 2787 10287 2629 10288 2684 10288 2675 10288 2523 10289 2595 10289 2629 10289 2515 10290 2523 10290 2629 10290 2490 10291 2523 10291 2515 10291 2360 10292 2434 10292 2490 10292 2354 10293 2360 10293 2490 10293 2273 10294 2360 10294 2354 10294 2338 10295 2273 10295 2354 10295 2181 10296 2273 10296 2338 10296 2181 10297 2338 10297 2193 10297 2176 10298 2181 10298 2193 10298 2127 10299 2181 10299 2176 10299 2015 10300 2127 10300 2176 10300 2015 10301 2176 10301 2033 10301 2011 10302 2015 10302 2033 10302 1972 10303 2015 10303 2011 10303 1890 10304 1972 10304 2011 10304 1847 10305 1972 10305 1890 10305 1851 10306 1847 10306 1890 10306 1827 10307 1847 10307 1851 10307 1688 10308 1827 10308 1851 10308 1733 10309 1688 10309 1851 10309 1676 10310 1688 10310 1733 10310 1684 10311 1676 10311 1733 10311 1530 10312 1676 10312 1684 10312 1578 10313 1530 10313 1684 10313 1505 10314 1530 10314 1578 10314 1513 10315 1505 10315 1578 10315 1361 10316 1505 10316 1513 10316 1414 10317 1361 10317 1513 10317 1322 10318 1361 10318 1414 10318 1326 10319 1322 10319 1414 10319 1187 10320 1322 10320 1326 10320 1246 10321 1187 10321 1326 10321 1141 10322 1187 10322 1246 10322 1136 10323 1141 10323 1246 10323 1003 10324 1141 10324 1136 10324 1066 10325 1003 10325 1136 10325 919 10326 1003 10326 1066 10326 913 10327 919 10327 1066 10327 719 10328 919 10328 913 10328 855 10329 719 10329 913 10329 655 10330 719 10330 855 10330 649 10331 655 10331 855 10331 587 10332 655 10332 649 10332 634 10333 587 10333 649 10333 515 10334 587 10334 634 10334 515 10335 634 10335 518 10335 507 10336 515 10336 518 10336 465 10337 515 10337 507 10337 393 10338 465 10338 507 10338 393 10339 507 10339 406 10339 388 10340 393 10340 406 10340 371 10341 393 10341 388 10341 330 10342 371 10342 388 10342 330 10343 388 10343 347 10343 334 10344 330 10344 347 10344 322 10345 330 10345 334 10345 260 10346 322 10346 334 10346 260 10347 334 10347 287 10347 269 10348 260 10348 287 10348 257 10349 260 10349 269 10349 169 10350 164 10350 159 10350 217 10351 257 10351 269 10351 226 10352 217 10352 269 10352 205 10353 217 10353 226 10353 214 10354 205 10354 226 10354 169 10355 205 10355 214 10355 175 10356 169 10356 214 10356 164 10357 169 10357 175 10357 124 10358 145 10358 148 10358 124 10359 159 10359 164 10359 127 10360 124 10360 164 10360 145 10361 124 10361 127 10361 172 10362 148 10362 145 10362 156 10363 172 10363 145 10363 196 10364 172 10364 156 10364 192 10365 196 10365 156 10365 223 10366 196 10366 192 10366 201 10367 223 10367 192 10367 252 10368 223 10368 201 10368 252 10369 201 10369 242 10369 251 10370 252 10370 242 10370 281 10371 252 10371 251 10371 317 10372 281 10372 251 10372 317 10373 251 10373 306 10373 311 10374 317 10374 306 10374 343 10375 317 10375 311 10375 381 10376 343 10376 311 10376 381 10377 311 10377 365 10377 376 10378 381 10378 365 10378 397 10379 381 10379 376 10379 479 10380 397 10380 376 10380 479 10381 376 10381 453 10381 483 10382 479 10382 453 10382 501 10383 479 10383 483 10383 602 10384 501 10384 483 10384 602 10385 483 10385 575 10385 610 10386 602 10386 575 10386 623 10387 602 10387 610 10387 843 10388 623 10388 610 10388 843 10389 610 10389 702 10389 863 10390 843 10390 702 10390 853 10391 843 10391 863 10391 1050 10392 853 10392 863 10392 1050 10393 863 10393 977 10393 1099 10394 1050 10394 977 10394 1090 10395 1050 10395 1099 10395 1169 10396 1090 10396 1099 10396 1239 10397 1090 10397 1169 10397 1287 10398 1239 10398 1169 10398 1288 10399 1239 10399 1287 10399 1337 10400 1288 10400 1287 10400 1402 10401 1288 10401 1337 10401 1465 10402 1402 10402 1337 10402 1469 10403 1402 10403 1465 10403 1491 10404 1469 10404 1465 10404 1561 10405 1469 10405 1491 10405 1650 10406 1561 10406 1491 10406 1640 10407 1650 10407 1491 10407 1653 10408 1650 10408 1640 10408 1653 10409 1794 10409 1813 10409 1724 10410 1653 10410 1813 10410 1650 10411 1653 10411 1724 10411 1806 10412 1952 10412 1989 10412 1882 10413 1806 10413 1989 10413 1813 10414 1806 10414 1882 10414 2142 10415 2026 10415 1982 10415 2111 10416 2142 10416 1982 10416 2144 10417 2142 10417 2111 10417 2310 10418 2184 10418 2144 10418 2255 10419 2310 10419 2144 10419 2314 10420 2310 10420 2255 10420 2467 10421 2487 10421 2478 10421 2467 10422 2330 10422 2314 10422 2411 10423 2467 10423 2314 10423 2487 10424 2467 10424 2411 10424 2619 10425 2478 10425 2487 10425 2568 10426 2619 10426 2487 10426 2654 10427 2619 10427 2568 10427 2654 10428 2568 10428 2663 10428 2715 10429 2654 10429 2663 10429 2772 10430 2654 10430 2715 10430 2817 10431 2772 10431 2715 10431 2809 10432 2772 10432 2817 10432 2864 10433 2809 10433 2817 10433 2927 10434 2809 10434 2864 10434 2986 10435 2927 10435 2864 10435 2979 10436 2927 10436 2986 10436 3005 10437 2979 10437 2986 10437 3076 10438 2979 10438 3005 10438 3152 10439 3076 10439 3005 10439 3146 10440 3076 10440 3152 10440 3229 10441 3146 10441 3152 10441 3163 10442 3229 10442 3152 10442 3305 10443 3229 10443 3163 10443 3305 10444 3163 10444 3292 10444 3314 10445 3305 10445 3292 10445 3392 10446 3305 10446 3314 10446 3470 10447 3392 10447 3314 10447 3470 10448 3314 10448 3454 10448 3476 10449 3470 10449 3454 10449 3536 10450 3470 10450 3476 10450 3664 10451 3536 10451 3476 10451 3664 10452 3476 10452 3613 10452 3661 10453 3664 10453 3613 10453 3697 10454 3664 10454 3661 10454 3837 10455 3697 10455 3661 10455 3837 10456 3661 10456 3765 10456 3826 10457 3837 10457 3765 10457 3852 10458 3837 10458 3826 10458 3941 10459 3852 10459 3826 10459 4009 10460 3852 10460 3941 10460 4012 10461 4009 10461 3941 10461 4023 10462 4009 10462 4012 10462 4118 10463 4023 10463 4012 10463 4193 10464 4023 10464 4118 10464 4219 10465 4193 10465 4118 10465 4227 10466 4193 10466 4219 10466 4301 10467 4227 10467 4219 10467 4402 10468 4227 10468 4301 10468 4440 10469 4402 10469 4301 10469 4439 10470 4402 10470 4440 10470 4513 10471 4439 10471 4440 10471 4632 10472 4439 10472 4513 10472 4759 10473 4632 10473 4513 10473 4750 10474 4632 10474 4759 10474 4810 10475 4750 10475 4759 10475 4867 10476 4750 10476 4810 10476 4911 10477 4867 10477 4810 10477 4902 10478 4867 10478 4911 10478 4921 10479 4902 10479 4911 10479 4979 10480 4902 10480 4921 10480 5030 10481 4979 10481 4921 10481 5038 10482 4979 10482 5030 10482 5048 10483 5038 10483 5030 10483 5118 10484 5038 10484 5048 10484 5159 10485 5118 10485 5048 10485 5159 10486 5048 10486 5149 10486 5166 10487 5159 10487 5149 10487 5192 10488 5159 10488 5166 10488 5239 10489 5192 10489 5166 10489 5239 10490 5166 10490 5221 10490 5237 10491 5239 10491 5221 10491 5267 10492 5239 10492 5237 10492 5305 10493 5267 10493 5237 10493 5305 10494 5237 10494 5288 10494 5301 10495 5305 10495 5288 10495 5314 10496 5305 10496 5301 10496 5343 10497 5314 10497 5301 10497 5367 10498 5314 10498 5343 10498 5350 10499 5367 10499 5343 10499 5370 10500 5367 10500 5350 10500 5395 10501 5370 10501 5350 10501 5421 10502 5370 10502 5395 10502 5402 10503 5421 10503 5395 10503 5412 10504 5421 10504 5402 10504 5414 10505 5412 10505 5402 10505 5388 10506 5412 10506 5414 10506 5375 10507 5388 10507 5414 10507 5381 10508 5388 10508 5375 10508 5360 10509 5381 10509 5375 10509 5336 10510 5381 10510 5360 10510 5325 10511 5336 10511 5360 10511 5318 10512 5336 10512 5325 10512 5307 10513 5318 10513 5325 10513 5282 10514 5318 10514 5307 10514 5261 10515 5282 10515 5307 10515 5247 10516 5282 10516 5261 10516 5258 10517 5247 10517 5261 10517 5214 10518 5247 10518 5258 10518 5190 10519 5214 10519 5258 10519 5177 10520 5214 10520 5190 10520 5187 10521 5177 10521 5190 10521 5143 10522 5177 10522 5187 10522 5113 10523 5143 10523 5187 10523 5087 10524 5143 10524 5113 10524 5095 10525 5087 10525 5113 10525 5013 10526 5087 10526 5095 10526 4942 10527 5013 10527 5095 10527 4942 10528 5095 10528 4971 10528 4940 10529 4942 10529 4971 10529 4898 10530 4942 10530 4940 10530 4852 10531 4898 10531 4940 10531 4821 10532 4898 10532 4852 10532 4819 10533 4821 10533 4852 10533 4795 10534 4821 10534 4819 10534 4617 10535 4795 10535 4819 10535 4498 10536 4795 10536 4617 10536 4486 10537 4498 10537 4617 10537 4476 10538 4498 10538 4486 10538 4383 10539 4476 10539 4486 10539 4289 10540 4476 10540 4383 10540 4263 10541 4289 10541 4383 10541 4271 10542 4289 10542 4263 10542 4191 10543 4271 10543 4263 10543 4106 10544 4271 10544 4191 10544 4056 10545 4106 10545 4191 10545 4063 10546 4106 10546 4056 10546 4022 10547 4063 10547 4056 10547 3923 10548 4063 10548 4022 10548 3874 10549 3923 10549 4022 10549 3869 10550 3923 10550 3874 10550 3858 10551 3869 10551 3874 10551 3753 10552 3869 10552 3858 10552 3699 10553 3753 10553 3858 10553 3682 10554 3753 10554 3699 10554 3693 10555 3682 10555 3699 10555 3593 10556 3682 10556 3693 10556 3537 10557 3593 10557 3693 10557 3507 10558 3593 10558 3537 10558 3518 10559 3507 10559 3537 10559 3433 10560 3507 10560 3518 10560 3388 10561 3433 10561 3518 10561 3347 10562 3433 10562 3388 10562 3354 10563 3347 10563 3388 10563 3278 10564 3347 10564 3354 10564 3228 10565 3278 10565 3354 10565 3174 10566 3278 10566 3228 10566 3180 10567 3174 10567 3228 10567 3134 10568 3174 10568 3180 10568 3079 10569 3134 10569 3180 10569 3024 10570 3134 10570 3079 10570 3020 10571 3024 10571 3079 10571 2981 10572 3024 10572 3020 10572 2934 10573 2981 10573 3020 10573 2854 10574 2981 10574 2934 10574 2845 10575 2854 10575 2934 10575 2836 10576 2854 10576 2845 10576 2786 10577 2836 10577 2845 10577 2698 10578 2836 10578 2786 10578 2674 10579 2698 10579 2786 10579 2683 10580 2698 10580 2674 10580 2628 10581 2683 10581 2674 10581 2555 10582 2683 10582 2628 10582 2514 10583 2555 10583 2628 10583 2522 10584 2555 10584 2514 10584 2489 10585 2522 10585 2514 10585 2394 10586 2522 10586 2489 10586 2353 10587 2394 10587 2489 10587 2359 10588 2394 10588 2353 10588 2337 10589 2359 10589 2353 10589 2231 10590 2359 10590 2337 10590 2189 10591 2231 10591 2337 10591 2183 10592 2231 10592 2189 10592 2174 10593 2183 10593 2189 10593 2079 10594 2183 10594 2174 10594 2032 10595 2079 10595 2174 10595 2017 10596 2079 10596 2032 10596 2009 10597 2017 10597 2032 10597 1931 10598 2017 10598 2009 10598 1889 10599 1931 10599 2009 10599 1857 10600 1931 10600 1889 10600 1852 10601 1857 10601 1889 10601 1776 10602 1857 10602 1852 10602 1732 10603 1776 10603 1852 10603 1677 10604 1776 10604 1732 10604 1685 10605 1677 10605 1732 10605 1621 10606 1677 10606 1685 10606 1577 10607 1621 10607 1685 10607 1506 10608 1621 10608 1577 10608 1514 10609 1506 10609 1577 10609 1457 10610 1506 10610 1514 10610 1413 10611 1457 10611 1514 10611 1318 10612 1457 10612 1413 10612 1328 10613 1318 10613 1413 10613 1306 10614 1318 10614 1328 10614 1245 10615 1306 10615 1328 10615 1144 10616 1306 10616 1245 10616 1138 10617 1144 10617 1245 10617 1128 10618 1144 10618 1138 10618 1064 10619 1128 10619 1138 10619 941 10620 1128 10620 1064 10620 914 10621 941 10621 1064 10621 908 10622 941 10622 914 10622 854 10623 908 10623 914 10623 682 10624 908 10624 854 10624 650 10625 682 10625 854 10625 654 10626 682 10626 650 10626 633 10627 654 10627 650 10627 551 10628 654 10628 633 10628 517 10629 551 10629 633 10629 514 10630 551 10630 517 10630 514 10631 517 10631 505 10631 494 10632 514 10632 505 10632 425 10633 514 10633 494 10633 385 10634 425 10634 494 10634 396 10635 425 10635 385 10635 385 10636 329 10636 339 10636 356 10637 385 10637 339 10637 396 10638 385 10638 356 10638 206 10639 259 10639 203 10639 259 10640 206 10640 235 10640 266 10641 259 10641 235 10641 329 10642 259 10642 266 10642 299 10643 329 10643 266 10643 339 10644 329 10644 299 10644 135 10645 147 10645 133 10645 147 10646 135 10646 139 10646 153 10647 147 10647 139 10647 203 10648 147 10648 153 10648 183 10649 203 10649 153 10649 206 10650 203 10650 183 10650 133 10651 185 10651 180 10651 134 10652 133 10652 180 10652 135 10653 133 10653 134 10653 185 10654 237 10654 232 10654 187 10655 185 10655 232 10655 180 10656 185 10656 187 10656 237 10657 307 10657 294 10657 247 10658 237 10658 294 10658 232 10659 237 10659 247 10659 3471 10660 3604 10660 3667 10660 3479 10661 3471 10661 3667 10661 3443 10662 3471 10662 3479 10662 3316 10663 3443 10663 3479 10663 3310 10664 3443 10664 3316 10664 3287 10665 3310 10665 3316 10665 3155 10666 3287 10666 3316 10666 3156 10667 3287 10667 3155 10667 3155 10668 2990 10668 2999 10668 3150 10669 3155 10669 2999 10669 3156 10670 3155 10670 3150 10670 2990 10671 2819 10671 2858 10671 2987 10672 2990 10672 2858 10672 2999 10673 2990 10673 2987 10673 2819 10674 2652 10674 2702 10674 2812 10675 2819 10675 2702 10675 2858 10676 2819 10676 2812 10676 2652 10677 2476 10677 2559 10677 2658 10678 2652 10678 2559 10678 2702 10679 2652 10679 2658 10679 2476 10680 2309 10680 2401 10680 2482 10681 2476 10681 2401 10681 2559 10682 2476 10682 2482 10682 2309 10683 2212 10683 2249 10683 2319 10684 2309 10684 2249 10684 2401 10685 2309 10685 2319 10685 60 10686 69 10686 61 10686 56 10687 60 10687 61 10687 52 10688 60 10688 56 10688 48 10689 52 10689 56 10689 40 10690 52 10690 48 10690 41 10691 40 10691 48 10691 24 10692 40 10692 41 10692 36 10693 24 10693 41 10693 18 10694 24 10694 36 10694 14 10695 18 10695 36 10695 32 10696 14 10696 36 10696 10 10697 14 10697 32 10697 2 10698 5 10698 1 10698 6 10699 10 10699 32 10699 28 10700 6 10700 32 10700 2 10701 6 10701 28 10701 31 10702 2 10702 28 10702 5 10703 2 10703 31 10703 35 10704 21 10704 17 10704 13 10705 35 10705 17 10705 31 10706 35 10706 13 10706 9 10707 31 10707 13 10707 5 10708 31 10708 9 10708 67 10709 71 10709 64 10709 55 10710 67 10710 64 10710 59 10711 67 10711 55 10711 44 10712 59 10712 55 10712 51 10713 59 10713 44 10713 27 10714 51 10714 44 10714 47 10715 51 10715 27 10715 21 10716 47 10716 27 10716 39 10717 47 10717 21 10717 35 10718 39 10718 21 10718 327 10719 622 10719 405 10719 94 10720 105 10720 90 10720 82 10721 94 10721 90 10721 86 10722 94 10722 82 10722 74 10723 86 10723 82 10723 77 10724 86 10724 74 10724 71 10725 77 10725 74 10725 105 10726 117 10726 101 10726 98 10727 105 10727 101 10727 90 10728 105 10728 98 10728 117 10729 359 10729 112 10729 109 10730 117 10730 112 10730 101 10731 117 10731 109 10731 359 10732 628 10732 220 10732 120 10733 359 10733 220 10733 112 10734 359 10734 120 10734 1201 10735 1060 10735 1371 10735 1060 10736 1201 10736 963 10736 622 10737 1060 10737 963 10737 628 10738 1060 10738 622 10738 327 10739 628 10739 622 10739 220 10740 628 10740 327 10740 1625 10741 1830 10741 1699 10741 1544 10742 1625 10742 1699 10742 1371 10743 1625 10743 1544 10743 1389 10744 1371 10744 1544 10744 1201 10745 1371 10745 1389 10745 2530 10746 2726 10746 2527 10746 2295 10747 2530 10747 2527 10747 2303 10748 2530 10748 2295 10748 2070 10749 2303 10749 2295 10749 2085 10750 2303 10750 2070 10750 1830 10751 2085 10751 2070 10751 1871 10752 2085 10752 1830 10752 1625 10753 1871 10753 1830 10753 4875 10754 5208 10754 5111 10754 3325 10755 3559 10755 3344 10755 3113 10756 3325 10756 3344 10756 3109 10757 3325 10757 3113 10757 2905 10758 3109 10758 3113 10758 2901 10759 3109 10759 2905 10759 2726 10760 2901 10760 2905 10760 3559 10761 3798 10761 3736 10761 3583 10762 3559 10762 3736 10762 3344 10763 3559 10763 3583 10763 3798 10764 4078 10764 4050 10764 3895 10765 3798 10765 4050 10765 3736 10766 3798 10766 3895 10766 4078 10767 4400 10767 4524 10767 4252 10768 4078 10768 4524 10768 4050 10769 4078 10769 4252 10769 5428 10770 4862 10770 5155 10770 4862 10771 5428 10771 5322 10771 5208 10772 4862 10772 5322 10772 4400 10773 4862 10773 5208 10773 4875 10774 4400 10774 5208 10774 4524 10775 4400 10775 4875 10775 5432 10776 5452 10776 5448 10776 5440 10777 5432 10777 5448 10777 5155 10778 5432 10778 5440 10778 5436 10779 5155 10779 5440 10779 5428 10780 5155 10780 5436 10780 5472 10781 5480 10781 5476 10781 5468 10782 5472 10782 5476 10782 5464 10783 5472 10783 5468 10783 5460 10784 5464 10784 5468 10784 5454 10785 5464 10785 5460 10785 5452 10786 5454 10786 5460 10786 5444 10787 5454 10787 5452 10787 5432 10788 5444 10788 5452 10788 5500 10789 5504 10789 5508 10789 5496 10790 5500 10790 5508 10790 5492 10791 5500 10791 5496 10791 5488 10792 5492 10792 5496 10792 5484 10793 5492 10793 5488 10793 5480 10794 5484 10794 5488 10794 5504 10795 5512 10795 5528 10795 5524 10796 5504 10796 5528 10796 5508 10797 5504 10797 5524 10797 5512 10798 5516 10798 5536 10798 5532 10799 5512 10799 5536 10799 5528 10800 5512 10800 5532 10800 5520 10801 5518 10801 5548 10801 5544 10802 5520 10802 5548 10802 5516 10803 5520 10803 5544 10803 5540 10804 5516 10804 5544 10804 5536 10805 5516 10805 5540 10805 5538 10806 5518 10806 5514 10806 5546 10807 5550 10807 5548 10807 5518 10808 5546 10808 5548 10808 5542 10809 5546 10809 5518 10809 5538 10810 5542 10810 5518 10810 5510 10811 5522 10811 5526 10811 5530 10812 5510 10812 5526 10812 5514 10813 5510 10813 5530 10813 5534 10814 5514 10814 5530 10814 5538 10815 5514 10815 5534 10815 5482 10816 5478 10816 5486 10816 5494 10817 5482 10817 5486 10817 5490 10818 5482 10818 5494 10818 5506 10819 5490 10819 5494 10819 5498 10820 5490 10820 5506 10820 5522 10821 5498 10821 5506 10821 5502 10822 5498 10822 5522 10822 5510 10823 5502 10823 5522 10823 4873 10824 4860 10824 4398 10824 4398 10825 4076 10825 4250 10825 4526 10826 4398 10826 4250 10826 4873 10827 4398 10827 4526 10827 3796 10828 3581 10828 3738 10828 3893 10829 3796 10829 3738 10829 4076 10830 3796 10830 3893 10830 4052 10831 4076 10831 3893 10831 4250 10832 4076 10832 4052 10832 2899 10833 2724 10833 2903 10833 3111 10834 2899 10834 2903 10834 3107 10835 2899 10835 3111 10835 3342 10836 3107 10836 3111 10836 3323 10837 3107 10837 3342 10837 3581 10838 3323 10838 3342 10838 3557 10839 3323 10839 3581 10839 3796 10840 3557 10840 3581 10840 5474 10841 5478 10841 5470 10841 5462 10842 5474 10842 5470 10842 5466 10843 5474 10843 5462 10843 5456 10844 5466 10844 5462 10844 5458 10845 5466 10845 5456 10845 5442 10846 5458 10846 5456 10846 5450 10847 5458 10847 5442 10847 5446 10848 5450 10848 5442 10848 5430 10849 5446 10849 5442 10849 5438 10850 5446 10850 5430 10850 5434 10851 5438 10851 5430 10851 5153 10852 5434 10852 5430 10852 5426 10853 5434 10853 5153 10853 5324 10854 5426 10854 5153 10854 4860 10855 5324 10855 5153 10855 5206 10856 5324 10856 4860 10856 4873 10857 5206 10857 4860 10857 5109 10858 5206 10858 4873 10858 620 10859 325 10859 403 10859 2083 10860 1869 10860 2068 10860 2293 10861 2083 10861 2068 10861 2301 10862 2083 10862 2293 10862 2525 10863 2301 10863 2293 10863 2528 10864 2301 10864 2525 10864 2724 10865 2528 10865 2525 10865 1869 10866 1623 10866 1700 10866 1828 10867 1869 10867 1700 10867 2068 10868 1869 10868 1828 10868 1623 10869 1369 10869 1390 10869 1542 10870 1623 10870 1390 10870 1700 10871 1623 10871 1542 10871 1369 10872 1058 10872 964 10872 1199 10873 1369 10873 964 10873 1390 10874 1369 10874 1199 10874 118 10875 626 10875 357 10875 626 10876 118 10876 222 10876 325 10877 626 10877 222 10877 1058 10878 626 10878 325 10878 620 10879 1058 10879 325 10879 964 10880 1058 10880 620 10880 115 10881 96 10881 102 10881 107 10882 115 10882 102 10882 357 10883 115 10883 107 10883 113 10884 357 10884 107 10884 118 10885 357 10885 113 10885 75 10886 69 10886 72 10886 80 10887 75 10887 72 10887 84 10888 75 10888 80 10888 88 10889 84 10889 80 10889 92 10890 84 10890 88 10890 96 10891 92 10891 88 10891 103 10892 92 10892 96 10892 115 10893 103 10893 96 10893 78 10894 68 10894 79 10894 87 10895 78 10895 79 10895 83 10896 78 10896 87 10896 95 10897 83 10897 87 10897 91 10898 83 10898 95 10898 106 10899 91 10899 95 10899 99 10900 91 10900 106 10900 122 10901 99 10901 106 10901 110 10902 99 10902 122 10902 114 10903 110 10903 122 10903 367 10904 114 10904 122 10904 121 10905 114 10905 367 10905 341 10906 643 10906 402 10906 231 10907 121 10907 367 10907 642 10908 231 10908 367 10908 341 10909 231 10909 642 10909 1083 10910 341 10910 642 10910 643 10911 341 10911 1083 10911 1384 10912 1554 10912 1396 10912 1211 10913 1384 10913 1396 10913 1083 10914 1384 10914 1211 10914 980 10915 1083 10915 1211 10915 643 10916 1083 10916 980 10916 2532 10917 2723 10917 2531 10917 2300 10918 2532 10918 2531 10918 2304 10919 2532 10919 2300 10919 2076 10920 2304 10920 2300 10920 2087 10921 2304 10921 2076 10921 1837 10922 2087 10922 2076 10922 1876 10923 2087 10923 1837 10923 1554 10924 1876 10924 1837 10924 1627 10925 1876 10925 1554 10925 1384 10926 1627 10926 1554 10926 4872 10927 5205 10927 5108 10927 4859 10928 5152 10928 5425 10928 5323 10929 4859 10929 5425 10929 5429 10930 5449 10930 5445 10930 5437 10931 5429 10931 5445 10931 5152 10932 5429 10932 5437 10932 5433 10933 5152 10933 5437 10933 5425 10934 5152 10934 5433 10934 5469 10935 5477 10935 5473 10935 5465 10936 5469 10936 5473 10936 5461 10937 5469 10937 5465 10937 5457 10938 5461 10938 5465 10938 5455 10939 5461 10939 5457 10939 5449 10940 5455 10940 5457 10940 5441 10941 5455 10941 5449 10941 5429 10942 5441 10942 5449 10942 3322 10943 3556 10943 3341 10943 3110 10944 3322 10944 3341 10944 3106 10945 3322 10945 3110 10945 2902 10946 3106 10946 3110 10946 2898 10947 3106 10947 2902 10947 2723 10948 2898 10948 2902 10948 3556 10949 3795 10949 3737 10949 3580 10950 3556 10950 3737 10950 3341 10951 3556 10951 3580 10951 3795 10952 4075 10952 4051 10952 3892 10953 3795 10953 4051 10953 3737 10954 3795 10954 3892 10954 4859 10955 5323 10955 5205 10955 4872 10956 4859 10956 5205 10956 4397 10957 4859 10957 4872 10957 4525 10958 4397 10958 4872 10958 4075 10959 4397 10959 4525 10959 4249 10960 4075 10960 4525 10960 4051 10961 4075 10961 4249 10961 5497 10962 5501 10962 5505 10962 5493 10963 5497 10963 5505 10963 5489 10964 5497 10964 5493 10964 5485 10965 5489 10965 5493 10965 5481 10966 5489 10966 5485 10966 5477 10967 5481 10967 5485 10967 5501 10968 5509 10968 5525 10968 5521 10969 5501 10969 5525 10969 5505 10970 5501 10970 5521 10970 5509 10971 5513 10971 5533 10971 5529 10972 5509 10972 5533 10972 5525 10973 5509 10973 5529 10973 5517 10974 5519 10974 5545 10974 5541 10975 5517 10975 5545 10975 5513 10976 5517 10976 5541 10976 5537 10977 5513 10977 5541 10977 5533 10978 5513 10978 5537 10978 5539 10979 5519 10979 5515 10979 5547 10980 5549 10980 5545 10980 5519 10981 5547 10981 5545 10981 5543 10982 5547 10982 5519 10982 5539 10983 5543 10983 5519 10983 5511 10984 5523 10984 5527 10984 5531 10985 5511 10985 5527 10985 5515 10986 5511 10986 5531 10986 5535 10987 5515 10987 5531 10987 5539 10988 5515 10988 5535 10988 5483 10989 5479 10989 5487 10989 5495 10990 5483 10990 5487 10990 5491 10991 5483 10991 5495 10991 5507 10992 5491 10992 5495 10992 5499 10993 5491 10993 5507 10993 5523 10994 5499 10994 5507 10994 5503 10995 5499 10995 5523 10995 5511 10996 5503 10996 5523 10996 5207 10997 4874 10997 5110 10997 5453 10998 5443 10998 5459 10998 5467 10999 5453 10999 5459 10999 5463 11000 5453 11000 5467 11000 5475 11001 5463 11001 5467 11001 5471 11002 5463 11002 5475 11002 5479 11003 5471 11003 5475 11003 5443 11004 5431 11004 5447 11004 5451 11005 5443 11005 5447 11005 5459 11006 5443 11006 5451 11006 5431 11007 5154 11007 5435 11007 5439 11008 5431 11008 5435 11008 5447 11009 5431 11009 5439 11009 5154 11010 4861 11010 5321 11010 5427 11011 5154 11011 5321 11011 5435 11012 5154 11012 5427 11012 4251 11013 4399 11013 4077 11013 4399 11014 4251 11014 4523 11014 4874 11015 4399 11015 4523 11015 4861 11016 4399 11016 4874 11016 5207 11017 4861 11017 4874 11017 5321 11018 4861 11018 5207 11018 3797 11019 3582 11019 3735 11019 3894 11020 3797 11020 3735 11020 4077 11021 3797 11021 3894 11021 4049 11022 4077 11022 3894 11022 4251 11023 4077 11023 4049 11023 2900 11024 2725 11024 2904 11024 3112 11025 2900 11025 2904 11025 3108 11026 2900 11026 3112 11026 3343 11027 3108 11027 3112 11027 3324 11028 3108 11028 3343 11028 3582 11029 3324 11029 3343 11029 3558 11030 3324 11030 3582 11030 3797 11031 3558 11031 3582 11031 621 11032 326 11032 404 11032 2084 11033 1870 11033 2069 11033 2294 11034 2084 11034 2069 11034 2302 11035 2084 11035 2294 11035 2526 11036 2302 11036 2294 11036 2529 11037 2302 11037 2526 11037 2725 11038 2529 11038 2526 11038 1870 11039 1624 11039 1698 11039 1829 11040 1870 11040 1698 11040 2069 11041 1870 11041 1829 11041 1624 11042 1370 11042 1388 11042 1543 11043 1624 11043 1388 11043 1698 11044 1624 11044 1543 11044 1370 11045 1059 11045 962 11045 1200 11046 1370 11046 962 11046 1388 11047 1370 11047 1200 11047 119 11048 627 11048 358 11048 627 11049 119 11049 219 11049 326 11050 627 11050 219 11050 1059 11051 627 11051 326 11051 621 11052 1059 11052 326 11052 962 11053 1059 11053 621 11053 116 11054 97 11054 100 11054 108 11055 116 11055 100 11055 358 11056 116 11056 108 11056 111 11057 358 11057 108 11057 119 11058 358 11058 111 11058 76 11059 70 11059 73 11059 81 11060 76 11060 73 11060 85 11061 76 11061 81 11061 89 11062 85 11062 81 11062 93 11063 85 11063 89 11063 97 11064 93 11064 89 11064 104 11065 93 11065 97 11065 116 11066 104 11066 97 11066 4 11067 3 11067 0 11067 50 11068 46 11068 43 11068 54 11069 50 11069 43 11069 58 11070 50 11070 54 11070 63 11071 58 11071 54 11071 66 11072 58 11072 63 11072 70 11073 66 11073 63 11073 46 11074 38 11074 22 11074 26 11075 46 11075 22 11075 43 11076 46 11076 26 11076 38 11077 34 11077 15 11077 20 11078 38 11078 15 11078 22 11079 38 11079 20 11079 34 11080 30 11080 8 11080 12 11081 34 11081 8 11081 15 11082 34 11082 12 11082 11 11083 29 11083 33 11083 29 11084 11 11084 7 11084 3 11085 29 11085 7 11085 30 11086 29 11086 3 11086 4 11087 30 11087 3 11087 8 11088 30 11088 4 11088 37 11089 25 11089 23 11089 19 11090 37 11090 23 11090 33 11091 37 11091 19 11091 16 11092 33 11092 19 11092 11 11093 33 11093 16 11093 65 11094 68 11094 62 11094 53 11095 65 11095 62 11095 57 11096 65 11096 53 11096 42 11097 57 11097 53 11097 49 11098 57 11098 42 11098 25 11099 49 11099 42 11099 45 11100 49 11100 25 11100 37 11101 45 11101 25 11101</p>
        </triangles>
      </mesh>
    </geometry>
  </library_geometries>
  <library_materials>
    <material id="mat_M12_Hex_Nut" name="M12_Hex_Nut">
      <instance_effect url="#effect_M12_Hex_Nut" />
    </material>
  </library_materials>
  <library_visual_scenes>
    <visual_scene id="myscene">
      <node id="node0" name="node0">
        <instance_geometry url="#geometry0">
          <bind_material>
            <technique_common>
              <instance_material symbol="ref_M12_Hex_Nut" target="#mat_M12_Hex_Nut" />
            </technique_common>
          </bind_material>
        </instance_geometry>
      </node>
    </visual_scene>
  </library_visual_scenes>
  <scene>
    <instance_visual_scene url="#myscene" />
  </scene>
</COLLADA>
