<COLLADA xmlns="http://www.collada.org/2005/11/COLLADASchema" version="1.4.1">
  <asset>
    <contributor />
    <created>2026-02-16T15:12:20.120011</created>
    <modified>2026-02-16T15:12:20.120018</modified>
    <unit name="meter" meter="1.0" />
    <up_axis>Z_UP</up_axis>
  </asset>
  <library_effects>
    <effect id="effect_M16_Hex_Nut" name="effect_M16_Hex_Nut">
      <profile_COMMON>
        <technique sid="common">
          <phong>
            <emission>
              <color>0.0 0.0 0.0 1.0</color>
            </emission>
            <ambient>
              <color>0.0 0.0 0.0 1.0</color>
            </ambient>
            <diffuse>
              <color>0.6784313917160034 0.7098039388656616 0.7411764860153198 1.0</color>
            </diffuse>
            <specular>
              <color>1 1 1 1.0</color>
            </specular>
            <shininess>
              <float>0.0</float>
            </shininess>
            <reflective>
              <color>0.0 0.0 0.0 1.0</color>
            </reflective>
            <reflectivity>
              <float>0.0</float>
            </reflectivity>
            <transparent>
              <color>0.0 0.0 0.0 1.0</color>
            </transparent>
            <transparency>
              <float>1.0</float>
            </transparency>
          </phong>
        </technique>
        <extra>
          <technique profile="GOOGLEEARTH">
            <double_sided>0</double_sided>
          </technique>
        </extra>
      </profile_COMMON>
    </effect>
  </library_effects>
  <library_geometries>
    <geometry id="geometry0" name="M16_Hex_Nut">
      <mesh>
        <source id="cubeverts-array0">
          <float_array count="17187" id="cubeverts-array0-array">-0.01385641 -3.051758e-08 -0.0054282 -0.01385641 -3.051758e-08 0.0054282 -0.01360516 -0.0004351501 0.005569244 -0.01357934 -0.0004798889 -0.005583282 -0.01357934 0.0004798889 -0.005583282 -0.01355681 0.0005188904 0.005595436 -0.01334431 -0.0008869629 0.005706863 -0.01331784 -0.0009328308 -0.005720306 -0.01331737 0.0009336243 -0.005720543 -0.01329709 0.00096875 0.005730774 -0.01308176 -0.001341705 0.005835815 -0.01305464 -0.001388702 -0.005848579 -0.01305464 0.001388672 -0.005848579 -0.01303662 0.001419922 0.005856987 -0.01283626 -0.001766937 0.005947296 -0.01280865 0.001814758 -0.005959274 -0.01280847 -0.001815063 -0.005959351 -0.01279253 0.001842682 0.005966202 -0.01259036 -0.002192841 0.006049721 -0.0125619 -0.002242126 -0.006060966 -0.0125619 0.002242126 -0.006060966 -0.0125477 0.002266724 0.006066521 -0.01232819 0.002646942 -0.006148308 -0.01232802 -0.002647247 -0.006148369 -0.01212366 -0.00300119 0.006217323 -0.01209375 0.003052979 -0.006226822 -0.01209375 -0.003053009 -0.006226822 -0.0120829 0.003071808 0.006230225 -0.01199386 -0.0003836365 0.0065 -0.01199251 -0.0004237976 -0.0065 -0.01199251 0.0004237976 -0.0065 -0.01199122 0.0004589539 0.0065 -0.01193738 -0.001224365 0.0065 -0.01193268 -0.001269318 -0.0065 -0.01193268 0.001269318 -0.0065 -0.01192945 0.001299347 0.0065 -0.01182203 -0.002059021 0.0065 -0.0118133 0.002108521 -0.0065 -0.0118133 -0.002108521 -0.0065 -0.01180886 0.00213327 0.0065 -0.01167553 -0.003777405 0.006343323 -0.01164839 -0.002883545 0.0065 -0.01164402 -0.00383197 -0.006350845 -0.01164402 0.00383197 -0.006350845 -0.01163615 0.003845581 0.006352684 -0.01163498 -0.002937195 -0.0065 -0.01163498 0.002937164 -0.0065 -0.01163005 0.002956665 0.0065 -0.01141733 -0.003693878 0.0065 -0.01139861 -0.003751221 -0.0065 -0.01139861 0.00375119 -0.0065 -0.0113939 0.003765503 0.0065 -0.01124067 -0.004530579 0.006431091 -0.01120737 -0.004588257 -0.006436371 -0.01120737 0.004588257 -0.006436371 -0.01120225 0.004597107 0.006437157 -0.01112996 -0.004485962 0.0065 -0.01110538 -0.004546509 -0.0065 -0.01110538 0.004546509 -0.0065 -0.01110156 0.004555817 0.0065 -0.01081439 -0.005268921 0.00648288 -0.01078773 -0.00525592 0.0065 -0.01077904 -0.00533017 -0.006485626 -0.01077904 0.005330139 -0.006485626 -0.01077652 0.005334503 0.006485802 -0.01075672 -0.005319122 -0.0065 -0.01075672 0.005319092 -0.0065 -0.01075449 0.005323608 0.0065 -0.0103923 -0.006 -0.0065 -0.0103923 -0.006 0.0065 -0.0103923 0.006 -0.0065 -0.0103923 0.006 0.0065 -0.01000556 -0.006669861 0.006485619 -0.01000556 0.006669861 -0.006485626 -0.01000556 0.006669861 0.006485619 -0.009984842 -0.006656036 0.0065 -0.009984842 0.006656036 -0.0065 -0.009984842 0.006656036 0.0065 -0.009970217 -0.006731079 -0.00648288 -0.009945635 -0.006714478 -0.0065 -0.00957723 -0.007411743 0.006436363 -0.00957723 0.007411743 -0.006436371 -0.00957723 0.007411743 0.006436363 -0.009543928 -0.007469421 -0.006431091 -0.009490065 -0.007344299 0.0065 -0.009490065 0.007344299 -0.0065 -0.009490065 0.007344299 0.0065 -0.009449934 -0.007395844 -0.0065 -0.009140585 -0.00816803 0.006350838 -0.009140585 0.00816803 -0.006350845 -0.009140585 0.00816803 0.006350838 -0.009109079 -0.008222595 -0.006343323 -0.008947943 -0.00799588 0.0065 -0.008947943 0.00799588 -0.0065 -0.008947943 0.00799588 0.0065 -0.00890764 -0.008040771 -0.0065 -0.008690855 -0.008946991 0.006226822 -0.008690855 0.008946991 -0.006226822 -0.008690855 0.008946991 0.006226822 -0.008660948 -0.00899881 -0.006217323 -0.008456457 0.009352966 -0.006148323 -0.008456457 0.009352966 0.006148323 -0.008456205 -0.009353424 0.006148232 -0.008361174 -0.008607605 0.0065 -0.008361174 0.008607605 -0.0065 -0.008361174 0.008607605 0.0065 -0.008321424 -0.008646027 -0.0065 -0.0082227 -0.009757874 0.006060959 -0.0082227 0.009757843 -0.006060966 -0.0082227 0.009757843 0.006060959 -0.008194239 -0.009807159 -0.006049721 -0.007999964 2.322388e-05 0.0065 -0.007999922 -3.515625e-05 0.005085236 -0.007999304 0.0001052246 -0.00517041 -0.007999067 -0.0001221008 0.003088737 -0.00799906 0.000122467 -0.003171112 -0.007998777 0.00013974 -0.001171806 -0.007998533 0.0001529236 -0.00492234 -0.007998457 0.0001570129 0.0008274994 -0.007998098 0.0001742859 0.002826805 -0.007997702 0.0001915894 0.004826103 -0.007997267 -0.0002089233 0.001092216 -0.007996397 0.0002399902 -0.002925842 -0.007994558 -0.0002949219 -0.0065 -0.007994528 -0.0002957153 -0.0009042969 -0.007994528 -0.0002949219 -0.000904335 -0.007993311 0.0003270264 -0.0009293594 -0.007991693 -0.0002947388 0.001095642 -0.007991636 -0.0002948914 -0.00290435 -0.007990854 -0.0003823853 -0.002900833 -0.007990404 -0.0002948608 0.00484565 -0.007990053 -0.0002948608 0.002845642 -0.007989733 -0.0002948303 0.0008456421 -0.007989729 -0.0002946777 0.003095634 -0.007989683 -0.0002948303 -0.004904358 -0.007989447 -0.0002948303 -0.001154366 -0.00798934 0.0004128113 -0.0065 -0.00798929 0.0004128113 0.001067169 -0.007989275 0.000414093 0.001067116 -0.007989202 -0.0002947998 -0.003154358 -0.007988993 -0.0002947998 -0.005154366 -0.007988699 -0.0002946777 0.005095634 -0.007988356 -0.000431366 0.004851135 -0.007987413 -0.0004485474 0.002851814 -0.00798646 0.0004125671 -0.0009328308 -0.007986429 -0.0004656982 0.0008525009 -0.007986383 0.0004127197 0.003067169 -0.007986246 -0.0004689331 -0.004897369 -0.007985411 -0.0004828796 -0.001146805 -0.007984472 0.0004124451 -0.002932831 -0.007984423 0.0004126282 0.005067162 -0.007984354 -0.0005000305 -0.003146126 -0.007984289 0.0005010986 0.003063599 -0.007983767 0.0004124451 0.004817162 -0.007983587 0.0004124451 0.002817162 -0.007983446 0.0004124451 0.0008171616 -0.007983431 0.0004124451 -0.004932838 -0.007983343 0.0004124451 -0.001182838 -0.007983274 0.0004124756 -0.003182838 -0.007983263 -0.0005171814 -0.005145439 -0.007983248 0.0004124756 -0.005182838 -0.00797835 0.0005881042 0.005060074 -0.007976007 0.01018512 -0.005959297 -0.007976007 0.01018512 0.00595929 -0.007975752 -0.01018558 0.005959175 -0.007973089 -0.0006555786 0.005110085 -0.007971468 -0.0006750793 0.0065 -0.007967409 0.000721344 0.0065 -0.007966696 0.000729187 -0.005195656 -0.007965548 -0.0007416382 0.003113518 -0.007965101 0.0007464294 -0.00319635 -0.007963465 0.0007636719 -0.001197052 -0.007962275 0.0007759399 -0.004947548 -0.007961794 0.0007808838 0.0008022461 -0.007960085 0.0007981262 0.002801544 -0.007958342 0.0008153076 0.00480085 -0.007957079 -0.0008275757 0.001116928 -0.007953348 0.0008627014 -0.00295108 -0.007947962 -0.01023373 -0.005947136 -0.007947699 -0.000913269 -0.0008796539 -0.007943468 0.0009493713 -0.0009546051 -0.007937407 -0.0009987793 -0.002876259 -0.007937212 -0.001000336 -0.0065 -0.007937151 -0.001000336 -0.002876198 -0.007935507 -0.001000183 0.004873787 -0.007934969 -0.001000122 0.002873787 -0.007934465 -0.001000061 0.0008737793 -0.007934408 -0.001000061 -0.004876221 -0.007934359 -0.0009998779 -0.0008762283 -0.007934004 -0.001 -0.001126221 -0.00793358 -0.000999939 -0.003126228 -0.007933187 -0.0009999084 -0.005126228 -0.00793265 0.001035889 0.00104187 -0.007932467 -0.0009996338 0.001123756 -0.007931475 -0.0009995728 0.003123749 -0.007931406 -0.0009996338 0.005123749 -0.007931067 -0.001047943 0.004875687 -0.007928812 -0.00106485 0.002876366 -0.007926523 -0.001081757 0.0008770294 -0.007926207 -0.001084045 -0.004872871 -0.0079242 -0.001098663 -0.001122299 -0.007921843 -0.001115509 -0.003121628 -0.007921591 0.001117279 -0.0065 -0.0079214 0.001117249 0.003038551 -0.007920885 0.001122284 0.003038338 -0.007919447 -0.001132416 -0.005120964 -0.007918856 0.001116791 0.001038551 -0.007918547 0.001116943 0.005038544 -0.007916842 0.001116516 -0.0009614487 -0.007915915 0.001116516 -0.005211449 -0.007915766 0.001116486 -0.003211449 -0.007915762 0.001116394 -0.002961441 -0.007915659 0.001116455 -0.001211449 -0.007915621 0.001116455 -0.004961449 -0.007915586 0.001116425 0.0007885513 -0.007915552 0.001116394 0.004788551 -0.007915548 0.001116425 0.002788551 -0.007908186 0.001208527 0.005034821 -0.007898932 -0.001267639 0.005134392 -0.007885431 0.00134903 -0.005220932 -0.007884909 -0.001352112 0.003137733 -0.007882494 0.001366089 -0.003221634 -0.007882132 -0.001368225 0.0065 -0.007879526 0.001383118 -0.001222328 -0.007877539 0.001394409 -0.004972794 -0.00787652 0.001400146 0.0007769775 -0.007874048 0.00141394 0.0065 -0.007873476 0.001417145 0.002776283 -0.007870394 0.001434143 0.004775581 -0.007870005 -0.00143631 0.00114106 -0.007861887 0.001480072 -0.002976303 -0.007854227 -0.001520233 -0.000855629 -0.007845316 0.001565552 -0.0009798126 -0.00783758 -0.001603821 -0.002852341 -0.007827826 0.001650757 0.001016685 -0.007827429 -0.001652679 0.004899582 -0.007823923 -0.001669189 0.00290023 -0.007820383 -0.001685699 0.0009008789 -0.00782007 -0.001687164 -0.00484906 -0.007817743 -0.001697906 -0.0065 -0.007817579 -0.001697876 -0.00109864 -0.007817339 -0.001697784 -0.00484864 -0.007817289 -0.001697784 0.0009013672 -0.007816969 -0.001697754 -0.003098648 -0.007816805 -0.001702209 -0.001098473 -0.007816702 -0.001697662 0.002901375 -0.007816393 -0.001697662 -0.005098648 -0.007816153 -0.00169751 0.004901382 -0.007814734 -0.001697174 -0.00284861 -0.007813189 -0.001718719 -0.003097816 -0.007813089 -0.00169696 0.005151352 -0.007812994 -0.001696777 -0.0008486099 -0.007812166 -0.001696716 0.003151367 -0.007812136 -0.001696655 0.001151382 -0.007809542 -0.001735229 -0.005097168 -0.007809423 0.001735748 0.003013191 -0.007791853 0.001813019 -0.0065 -0.007791559 0.001812958 0.00501001 -0.00779011 0.001820496 0.005009705 -0.007789255 0.001812317 0.003010025 -0.007787497 0.001812073 -0.005239967 -0.007787264 0.001811859 0.00101004 -0.00778718 0.001812012 -0.003239975 -0.007786898 0.00181192 -0.001239967 -0.007786753 0.00181189 -0.004989967 -0.00778665 0.001811859 0.0007600327 -0.007786444 0.001811829 0.002760033 -0.007786272 0.001811798 0.004760033 -0.007786177 0.001811676 -0.0009899597 -0.007786001 0.001811676 -0.00298996 -0.007779119 -0.001866882 0.005158058 -0.007758726 -0.001949921 0.003161385 -0.007756399 0.001959137 -0.005246017 -0.007752161 0.00197583 -0.003246712 -0.007747892 0.001992493 -0.001247398 -0.007745256 0.002002716 -0.004997818 -0.007743589 0.002009155 0.000751915 -0.007739252 0.002025818 0.002751221 -0.007737413 -0.002032837 0.001164719 -0.007734873 0.00204245 0.004750534 -0.007732687 -0.009176361 0.0065 -0.007732687 0.009176361 -0.0065 -0.007732687 0.009176361 0.0065 -0.007732641 -0.002050934 0.0065 -0.007729959 -0.01061133 0.005848572 -0.007729959 0.0106113 -0.005848579 -0.007729959 0.0106113 0.005848572 -0.007723097 0.002086548 -0.003001289 -0.007720598 0.002095764 0.0065 -0.007715185 -0.002115631 -0.0008319321 -0.007702845 -0.01065829 -0.005835823 -0.007700052 0.002170074 -0.001004738 -0.007694178 -0.009208679 -0.0065 -0.007692038 -0.002198303 -0.002828568 -0.007677809 -0.002247498 0.004923439 -0.007676126 0.002253235 0.000991806 -0.007672998 -0.002263855 0.002924118 -0.007668154 -0.002280212 0.0009247894 -0.007667971 -0.002280823 -0.004825188 -0.007663271 -0.0022966 -0.001074547 -0.00765835 -0.002312958 -0.003073868 -0.007653395 -0.002329285 -0.005073196 -0.007651327 0.00233606 0.002988365 -0.007637087 -0.002382202 -0.0065 -0.007635244 -0.002381561 -0.005070999 -0.007634748 -0.002381378 -0.003070992 -0.007634508 -0.00238147 0.005179008 -0.007634283 -0.002381226 -0.001070992 -0.007633879 -0.002381104 -0.004820984 -0.007633856 -0.002381104 0.0009290161 -0.007633459 -0.002380951 0.002929016 -0.007633097 -0.002380859 0.004929024 -0.007632605 -0.00238089 0.003179031 -0.007632235 -0.002380585 -0.002820969 -0.007631594 -0.002380524 0.001179039 -0.007631472 -0.002380432 -0.000820961 -0.007625658 0.002418518 0.004984947 -0.007612803 -0.00245871 0.005182152 -0.007601126 0.002494568 -0.0065 -0.007599031 0.002493958 -0.005268204 -0.007598608 0.002493652 0.004981812 -0.007598543 0.002493805 -0.003268196 -0.007598093 0.002493652 -0.001268196 -0.007597857 0.002493561 -0.005018188 -0.007597673 0.0024935 0.0007318115 -0.007597296 0.002493378 0.002731812 -0.007596952 0.002493286 0.004731819 -0.007596708 0.002493042 0.002981827 -0.007596231 0.002493042 -0.003018181 -0.007595671 0.002492737 0.0009818268 -0.007595507 0.002492737 -0.001018166 -0.00758584 -0.00254068 0.003185577 -0.007581343 0.002554047 -0.005270699 -0.007575865 0.002570251 -0.00327137 -0.00757036 0.002586426 -0.001272041 -0.00756724 0.002595551 -0.005022423 -0.007564817 0.0026026 0.0007272797 -0.007559244 0.002618744 0.002726608 -0.007557962 -0.002622437 0.001189003 -0.007553633 0.002634857 0.004725937 -0.007538881 0.002676788 -0.00302581 -0.007529173 -0.002703979 -0.0008075638 -0.007524137 -0.002717957 0.0065 -0.007509691 0.002757629 -0.001029182 -0.007508226 0.002761627 0.0065 -0.007499475 -0.002785278 -0.002804108 -0.00748105 -0.002834412 0.004947983 -0.007479673 0.002838013 0.000967453 -0.007474939 -0.002850494 0.002948669 -0.007468874 -0.002866333 -0.004800644 -0.007468794 -0.002866547 0.0009493637 -0.007467283 0.01106628 -0.005720573 -0.007467283 0.01106628 0.005720566 -0.00746702 -0.01106674 0.005720428 -0.007462614 -0.002882599 -0.001049957 -0.007456396 -0.002898651 -0.003049271 -0.007450144 -0.002914673 -0.005048584 -0.007448835 0.00291803 0.002964104 -0.007440554 -0.01111258 -0.005706993 -0.007417192 0.002997528 0.00496077 -0.007399622 -0.003040649 0.005206856 -0.007396666 -0.003047852 -0.0065 -0.007396395 -0.003047729 0.005207169 -0.007394167 -0.003046875 0.003207184 -0.007392721 -0.003046112 -0.005042816 -0.007392405 -0.00304599 -0.003042809 -0.007392271 -0.003046112 0.001207191 -0.007392118 -0.003045868 -0.001042809 -0.007391874 -0.003045776 -0.004792809 -0.007391867 -0.003045776 0.0009571915 -0.007391649 -0.003045685 0.002957191 -0.00739147 -0.003045624 0.004957199 -0.007391264 -0.003045654 -0.0007928009 -0.007391138 -0.003045563 -0.002792801 -0.007366175 -0.003120789 0.003210342 -0.007362795 0.003128784 -0.005294739 -0.007356161 0.003144348 -0.003295395 -0.007350912 0.003156586 -0.0065 -0.007350782 0.003156555 -0.001295906 -0.007350477 0.003156433 -0.005045906 -0.007350458 0.003156372 -0.003295906 -0.007350409 -3.231812e-05 0.005460243 -0.007350199 0.003156311 0.0007041016 -0.007349913 0.003156128 -0.005295914 -0.00734984 9.664917e-05 -0.005545418 -0.007349653 0.003156097 0.002704109 -0.007349623 -0.0001121826 0.00346373 -0.007349619 0.0001125488 -0.003546104 -0.007349493 0.003159882 -0.001296043 -0.00734936 0.0001283875 -0.001546799 -0.007349142 0.003155884 0.004704109 -0.007349134 0.0001405334 -0.004547333 -0.007349062 0.0001442871 0.000452507 -0.007348734 0.0001601257 0.002451805 -0.007348372 0.0001760254 0.004451111 -0.007347994 0.003155426 -0.003045876 -0.007347971 -0.0001919861 0.001467224 -0.00734717 0.0002204895 -0.00255085 -0.007346601 0.003154633 0.004954109 -0.007346376 0.003154724 -0.00104586 -0.007346052 0.003167877 -0.005046379 -0.007345694 0.003154327 0.002954124 -0.007345613 0.003154358 0.0009541397 -0.007345453 -0.000271698 -0.0005293045 -0.007344332 0.0003004761 -0.0005543594 -0.007342794 0.003175415 0.0007033005 -0.007342077 -0.0003513184 -0.002525826 -0.007340624 0.0003804626 0.001442116 -0.007339785 -0.0003963623 0.004476128 -0.007338915 -0.0004121399 0.002476822 -0.007338015 -0.0004279175 0.0004775009 -0.007337839 -0.0004308777 -0.004522369 -0.007337076 -0.0004436951 -0.001521812 -0.007336107 -0.0004594421 -0.003521126 -0.007336069 0.003190948 0.002702644 -0.007336042 0.0004604187 0.003438599 -0.0073351 -0.0004751892 -0.005520439 -0.007331835 -0.003200653 0.001213837 -0.007330591 0.0005403442 0.005435074 -0.007329309 0.003206421 0.004701996 -0.007325758 -0.000602356 0.005485085 -0.00731988 0.0006699829 -0.005570648 -0.007318823 -0.0006814575 0.003488518 -0.007318411 0.0006858215 -0.003571358 -0.007316916 0.0007016602 -0.001572052 -0.007315825 0.0007129517 -0.004572548 -0.007315378 0.0007174683 0.0004272461 -0.007313807 0.0007333069 0.002426552 -0.007312204 0.000749115 0.004425842 -0.007311914 0.003245911 -0.003049667 -0.007311045 -0.000760376 0.001491936 -0.007307611 0.0007926636 -0.002576073 -0.007302423 -0.0008391418 -0.0005046539 -0.007298536 0.0008722534 -0.0005796051 -0.007296606 -0.003280182 -0.0007826691 -0.007292967 -0.0009176941 -0.002501259 -0.007288599 0.0009517822 0.00141687 -0.007287146 -0.0009628296 0.004500687 -0.007285074 -0.0009783936 0.002501358 -0.007282969 -0.000993927 0.000502037 -0.007282679 -0.0009960327 -0.004497879 -0.007280836 -0.00100946 -0.001497299 -0.007278666 -0.001024963 -0.003496635 -0.007277792 0.001031158 0.003413345 -0.007276957 0.003323547 -0.001052948 -0.007276464 -0.001040466 -0.005495956 -0.007266119 0.001110413 0.005409813 -0.0072605 -0.003359344 -0.002779167 -0.007258215 -0.003364288 0.0065 -0.00725762 -0.001164703 0.005509392 -0.007245214 0.001239532 -0.005595932 -0.007244734 -0.00124234 0.003512733 -0.007242517 0.001255157 -0.003596626 -0.007241117 0.003400909 0.0009437561 -0.00723979 0.001270813 -0.001597328 -0.007238554 0.003406372 0.0065 -0.007237959 0.001281219 -0.004597794 -0.007237837 -0.003407898 0.004972992 -0.007237024 0.001286469 0.0004019699 -0.007234228 0.001302094 0.002401276 -0.007231401 0.001317719 0.004400581 -0.007231039 -0.001319702 0.00151606 -0.007230463 -0.003423492 0.002973694 -0.007223585 0.001359924 -0.002601303 -0.007223513 -0.003438141 -0.004775658 -0.007223047 -0.003439117 0.0009743881 -0.007216543 -0.00139679 -0.0004806366 -0.007215601 -0.003454712 -0.001024918 -0.007208361 0.001438446 -0.000604805 -0.007208124 -0.003470276 -0.003024223 -0.007205271 0.01152011 -0.005583282 -0.007205271 0.01152011 0.005583275 -0.007205267 -0.01152011 0.005583275 -0.007204397 0.003478027 0.002940445 -0.007201246 -0.001473633 -0.002477341 -0.007200609 -0.00348584 -0.005023521 -0.007192289 0.001516754 0.001391685 -0.007191919 -0.001518494 0.004524582 -0.007188696 -0.001533691 0.00252523 -0.007185446 -0.001548859 0.0005258789 -0.007185163 -0.001550171 -0.004474068 -0.007182158 -0.001564026 -0.001473473 -0.007178839 -0.001579193 -0.003472816 -0.007176542 -0.01156989 -0.005563332 -0.007175486 -0.00159436 -0.005472168 -0.007175375 0.001594818 0.003388191 -0.007166792 0.003554871 0.004937119 -0.007157629 0.001672699 0.005384697 -0.007156843 0.0001233521 -0.005657913 -0.007155851 9.414673e-05 -0.005657074 -0.007154047 0.0003696899 -0.005664948 -0.007153158 0.0004482727 -0.005667198 -0.007147532 -0.001715332 0.005533058 -0.007145895 -0.0001998901 -0.005648697 -0.007141478 0.000653717 -0.005673073 -0.007140875 -0.0002633667 -0.005646881 -0.007140574 -0.003607239 0.005231949 -0.007134604 0.0007746277 -0.005676537 -0.007128794 -0.001791595 0.003536385 -0.007126657 0.001800079 -0.005621025 -0.007125208 -0.0004616089 -0.005641251 -0.007122766 0.00181543 -0.003621712 -0.007120481 -0.0005213623 -0.005639549 -0.007118845 0.00183075 -0.001622398 -0.007116419 0.001840118 -0.004622826 -0.007116289 0.0009704285 -0.005682152 -0.007114889 0.001846069 0.0003769073 -0.007112032 0.001003113 -0.005683098 -0.007110903 0.001861359 0.002376221 -0.007109213 -0.001867798 0.001539719 -0.007106882 0.001876648 0.004375542 -0.007104025 -8.007813e-05 0.005604477 -0.007102217 -0.0004052124 0.00561377 -0.00710206 -3.125e-05 0.005603073 -0.007101927 0.003682739 -0.005318481 -0.007100851 -0.003684845 0.003235466 -0.007099977 2.053833e-05 0.005601585 -0.007098352 -0.003689636 -0.0065 -0.007098173 -0.003689514 0.00323568 -0.00709606 0.001917145 -0.002626282 -0.007095858 -0.003688416 0.001235695 -0.007095663 -0.003688141 0.005235687 -0.00709498 -0.0005815735 0.005618782 -0.007094072 0.003697845 -0.003319145 -0.007094053 -0.0036875 -0.0007643051 -0.007093519 -0.000600708 0.005619316 -0.007093359 -0.003686951 -0.005014305 -0.00709321 -0.00368689 -0.003014313 -0.007093107 -0.003686951 -0.002764305 -0.007093092 -0.003686859 -0.001014305 -0.007093012 -0.003686829 -0.004764305 -0.007093004 -0.003686829 0.0009856949 -0.007092955 -0.003686798 0.002985695 -0.007092936 -0.003686798 0.004985695 -0.007091024 0.0002428589 0.005595184 -0.007088793 -0.001943878 -0.0004569321 -0.00708618 0.003712921 -0.001319817 -0.007084806 0.001212128 -0.005689102 -0.007082506 0.00371994 -0.005070129 -0.007080732 -0.0008407898 -0.005630478 -0.007078257 0.003728058 0.000679512 -0.007074884 0.001993866 -0.0006297455 -0.007074545 0.001290894 -0.005691368 -0.007072142 -0.0008912659 -0.005629059 -0.007070551 -0.0009017334 0.005627815 -0.007070299 0.003743103 0.002678848 -0.007067522 -0.002019806 -0.002453568 -0.007067106 0.0005209351 0.00558712 -0.007065615 -0.009699341 0.0065 -0.007065615 0.009699341 -0.0065 -0.007065615 0.009699341 0.0065 -0.007063448 0.000563446 0.005585884 -0.007062307 0.003758179 0.004678185 -0.00706027 -0.003761993 0.001238983 -0.007054449 -0.002065033 0.004548447 -0.007053541 0.0006385498 0.005583694 -0.0070529 0.002070282 0.001366806 -0.007052198 -0.001008362 -0.005625732 -0.007050032 -0.002080078 0.00254911 -0.007045576 -0.002095093 0.0005497894 -0.007045412 -0.002095673 -0.004450188 -0.007043165 0.003793915 -0.0065 -0.007043089 0.003793884 -0.003073418 -0.00704265 -0.00113028 0.005634224 -0.007042147 0.003795807 -0.003073502 -0.007041899 0.003793152 0.004676575 -0.007041418 0.003792908 0.002676567 -0.00704109 -0.002110107 -0.001449539 -0.007040968 0.003792664 0.0006765671 -0.007040739 0.003792511 -0.005073433 -0.007040579 0.003792633 -0.001073441 -0.007040545 0.003792419 -0.001323441 -0.007040159 0.003792206 -0.003323441 -0.007039801 0.003791992 -0.005323448 -0.007038908 0.003791687 0.0009265366 -0.007038065 0.003791199 0.002926529 -0.007038038 0.003791138 0.004926529 -0.007036566 -0.002125122 -0.003448868 -0.007032015 -0.002140167 -0.005448196 -0.007031702 -0.00121994 0.005636742 -0.007031595 -0.001220581 0.005636757 -0.007030115 0.002146393 0.003363373 -0.007028997 -0.009725922 -0.0065 -0.00702672 -0.001157959 -0.005621498 -0.007021463 0.0008815918 0.005576599 -0.00701885 -0.003838715 -0.0007574844 -0.007018515 0.001608643 -0.005700516 -0.007013338 0.001631866 -0.005701187 -0.007006529 0.002222168 0.005359947 -0.007000921 0.003871307 -0.001076881 -0.006994722 -0.002259064 0.005557159 -0.006988234 0.001067902 0.005571114 -0.006983843 0.001764069 -0.005705002 -0.006978506 -0.00153598 0.005645546 -0.006976591 -0.003915009 -0.00275396 -0.00696995 -0.002334412 0.00356057 -0.006965815 0.00234668 -0.005645691 -0.006965193 0.001197083 0.005567314 -0.006960783 0.002361572 -0.00364637 -0.00695883 0.003946472 0.0009197159 -0.00695854 -0.001472412 -0.005612617 -0.006955721 0.002376434 -0.001647041 -0.006953566 0.001248596 0.005565788 -0.006952856 0.002384827 -0.004647415 -0.006950632 0.002391296 0.0003522873 -0.006950148 -0.001667999 0.005649261 -0.006949732 -0.003962463 0.004998253 -0.006949232 -0.001509277 -0.005611572 -0.006948263 0.001923553 -0.005709602 -0.006945509 0.002406128 0.002351608 -0.006944334 -0.002409546 0.001564003 -0.006941145 -0.003977509 0.002998947 -0.006940908 -0.001542206 -0.005610634 -0.006940355 0.002420929 0.004350937 -0.006936899 -0.003984924 0.0065 -0.006933493 -0.003990814 -0.004750427 -0.006932524 -0.003992523 0.000999649 -0.006928202 -0.012 -0.0054282 -0.006928202 -0.012 0.0054282 -0.006928202 0.012 -0.0054282 -0.006928202 0.012 0.0054282 -0.006926802 0.002459473 -0.00265081 -0.006923868 -0.004007507 -0.000999649 -0.00691894 -0.001629181 -0.005608162 -0.006917879 -0.002484467 -0.0004325562 -0.006915884 0.004021271 0.002916306 -0.006915182 -0.004022461 -0.002998947 -0.006914507 -0.001833923 0.005653931 -0.006913637 0.004025116 0.0065 -0.006911077 -0.001849915 0.005654381 -0.006906466 -0.004037415 -0.004998253 -0.006899981 0.002533752 -0.0006541824 -0.006894667 0.001509766 0.005558037 -0.006890596 -0.002559143 -0.002429115 -0.006873663 -0.002604309 0.00457299 -0.006872396 0.002607635 0.001342453 -0.00687208 0.004095642 0.00491288 -0.006868586 0.001605072 0.005555191 -0.006868052 -0.002619049 0.002573669 -0.006863794 0.002235321 -0.005718628 -0.006862478 -0.002633606 -0.004425652 -0.006862402 -0.002633789 0.0005743561 -0.006858805 0.002250946 -0.005719078 -0.006856726 -0.00264856 -0.00142495 -0.006851015 -0.0026633 -0.003424263 -0.00684527 -0.00267804 -0.005423576 -0.006844069 0.002681091 0.003339104 -0.006841558 0.002304871 -0.005720642 -0.006837515 -0.004153107 0.005257195 -0.006829412 -0.002161652 0.005663353 -0.006828669 -0.001940857 -0.005599136 -0.00681698 -0.002201691 0.005664528 -0.006814989 0.00275415 0.00533577 -0.006809896 0.001819519 0.005548782 -0.00680158 0.001846283 0.005547981 -0.006798849 -0.002793793 0.005581856 -0.006796457 0.004219971 -0.005342903 -0.006791842 -0.004227386 0.003260727 -0.006787382 0.004234528 -0.003343582 -0.006786341 -0.002065338 -0.005595428 -0.006778273 0.004249115 -0.001344261 -0.006774492 0.004255127 -0.005094551 -0.006770521 -0.002111847 -0.005594048 -0.006769136 0.004263641 0.0006550446 -0.006768114 -0.002867432 0.003585335 -0.006765074 0.002543945 -0.005727577 -0.006765009 0.002874756 -0.005669739 -0.006762362 0.001972565 0.005544182 -0.006759966 0.004278198 0.002654366 -0.006758913 0.002889038 -0.003670395 -0.00675279 0.00290332 -0.001671043 -0.006750757 0.004292664 0.004653679 -0.006749632 0.002910675 -0.004671379 -0.006746637 0.002917603 0.0003283005 -0.006745371 -0.004301147 0.001264244 -0.006744486 -0.004302551 -0.0065 -0.006744432 -0.004302521 0.001264313 -0.00674415 -0.002436249 0.005671417 -0.006742029 -0.004300873 0.003264297 -0.006742018 -0.004301056 -0.0007356949 -0.00674045 0.002931885 0.002327652 -0.006740377 -0.004299835 0.005264297 -0.006740332 -0.004299988 -0.002735687 -0.006739683 -0.00429953 0.005014305 -0.00673955 -0.004299438 0.003014305 -0.006739477 -0.004299377 -0.004735695 -0.00673945 -0.004299377 0.001014297 -0.006739382 -0.004299316 -0.0009856949 -0.006739344 -0.004299286 -0.002985703 -0.00673934 -0.004299286 -0.004985695 -0.006736563 -0.002940796 0.001588829 -0.006734243 0.002946075 0.004326996 -0.00673337 -0.002470947 0.00567244 -0.006728033 0.004328247 -0.003098007 -0.006724825 -0.002246216 -0.005590042 -0.00671826 0.002982361 -0.00267466 -0.006708361 0.002127533 0.005539497 -0.006704199 -0.003013824 -0.0004076767 -0.006700182 -0.0001022644 0.00383873 -0.006700174 0.0001026001 -0.003921104 -0.006699934 0.0001170349 -0.001921806 -0.006699736 0.0001281128 -0.004172333 -0.006699667 0.0001315308 7.749939e-05 -0.006699369 0.0001459961 0.002076805 -0.006699038 0.0001604614 0.004076111 -0.006698919 4.943848e-05 -0.003918556 -0.006698671 -0.0001750183 0.001842216 -0.006698484 4.943848e-05 -0.001918564 -0.006698179 4.943848e-05 -0.004168564 -0.006698111 -0.00437439 -0.0007322388 -0.006698084 4.943848e-05 8.143616e-05 -0.006697943 0.0002010193 -0.002175842 -0.00669771 4.943848e-05 0.002081429 -0.006697371 4.943848e-05 0.004081429 -0.006696592 4.943848e-05 -0.002168571 -0.006696585 4.931641e-05 0.003831429 -0.006696383 -0.0002477112 -0.0001543045 -0.006695795 4.940796e-05 -0.0001685791 -0.006695791 4.934692e-05 0.001831429 -0.006695356 0.0002739258 -0.0001793594 -0.0066933 -0.0003203125 -0.002150833 -0.006691977 0.0003468628 0.001817123 -0.00669121 -0.0003613281 0.004101128 -0.006690416 -0.0003757019 0.002101814 -0.006689592 -0.0003901062 0.0001025085 -0.006689436 -0.0003927917 -0.004147369 -0.006688742 -0.00040448 -0.001896812 -0.006687857 -0.0004188232 -0.003896126 -0.006687803 0.0004197388 0.003813599 -0.00668614 0.00305368 -0.0006779404 -0.006680735 0.004400848 -0.001101471 -0.006680296 0.00440155 -0.0065 -0.006680269 0.00440152 -0.001101501 -0.0066779 0.004399872 -0.003101509 -0.006677858 0.004400024 0.0008984833 -0.006677011 0.004399292 0.004648476 -0.006676702 0.004399078 0.002648476 -0.006676416 0.004398895 0.0006484756 -0.006676344 -0.0005428772 0.003859772 -0.006676275 0.004398804 -0.005101524 -0.006676218 0.004398956 0.002898468 -0.006676168 0.004398712 -0.001351524 -0.006675943 0.00439859 -0.003351532 -0.006675753 0.004398468 -0.005351532 -0.006675383 0.004398346 0.00489846 -0.006675283 -0.0005426331 -0.003890244 -0.006675009 -0.0005426025 -0.001890251 -0.006674814 -0.0005426025 -0.004140251 -0.006674788 -0.0005427246 0.001859764 -0.006674768 -0.0005426025 0.0001097565 -0.006674551 -0.000542572 0.002109749 -0.006674368 -0.000542572 0.004109749 -0.006674025 -0.000542572 -0.002140251 -0.006674013 -0.0005426331 -0.0001402512 -0.006672098 -0.0006212158 0.00386351 -0.006671728 0.0006252441 -0.00394635 -0.006671019 -0.003086578 -0.002404167 -0.006670359 0.0006396484 -0.001947052 -0.006670118 0.0006414185 -0.001947136 -0.006669863 0.0006414185 -0.004197136 -0.006669706 0.0006414185 5.286407e-05 -0.006669577 0.0006413574 -0.003947136 -0.006669367 0.0006499329 -0.004197556 -0.006669184 0.0006413879 0.002052856 -0.006668959 0.0006540833 5.225372e-05 -0.006668692 0.0006413269 0.004052864 -0.006667528 0.0006685181 0.002051544 -0.006667505 0.0006412354 -0.002197136 -0.006666067 0.0006829224 0.00405085 -0.006665949 0.0006410828 -0.0001971436 -0.006665224 0.0006409302 0.003802856 -0.00666519 0.0006409607 0.001802864 -0.00666501 -0.0006931763 0.001866936 -0.006661882 0.0007226257 -0.00220108 -0.00665914 0.002829773 -0.005735886 -0.006657152 -0.0007649841 -0.0001296539 -0.006656195 0.002277252 0.005534973 -0.006653608 0.0007951965 -0.0002046051 -0.006653212 0.003124786 0.001318764 -0.006651983 0.002849091 -0.005736458 -0.006650194 -0.003131195 0.004597992 -0.006650068 -0.004447083 -0.002728714 -0.006649343 0.002855347 -0.005736633 -0.006648531 -0.0008366089 -0.002126259 -0.006644545 0.0008676758 0.001791862 -0.006643419 -0.003145569 0.002598686 -0.006643221 -0.0008777466 0.004125694 -0.006641333 -0.0008919373 0.002126358 -0.006640398 -0.002728729 0.005680183 -0.006639418 -0.0009060974 0.0001270294 -0.006639154 -0.0009080505 -0.004122879 -0.006637468 -0.0009202576 -0.001872299 -0.006637037 -0.003158997 -0.004400658 -0.00663661 -0.003159912 0.0005993805 -0.006635496 -0.0009343872 -0.003871628 -0.006634695 0.000940033 0.003788345 -0.00663262 0.004473083 0.0008950577 -0.00662977 -0.003174225 -0.001399918 -0.006622896 -0.003188538 -0.003399223 -0.006622759 -0.002777618 0.005681648 -0.006619471 0.003195648 0.003315445 -0.006619146 -0.004492981 0.005023514 -0.006615992 -0.00320285 -0.005398521 -0.006609423 -0.004507294 0.003024216 -0.006607668 -0.002545166 -0.005580902 -0.006604742 -0.001131134 0.003887665 -0.006604559 -0.001132568 0.003887733 -0.006602537 0.001144257 -0.003971626 -0.006602411 -0.001130798 0.001887634 -0.006601252 -0.004519257 -0.004725204 -0.006600855 -0.001130554 -0.000112381 -0.006600203 -0.001130341 -0.003862396 -0.006600092 -0.001130341 -0.001862396 -0.006600065 -0.001130371 -0.002112396 -0.00660005 0.001158508 -0.001972328 -0.006600031 -0.001130341 -0.004112404 -0.006600012 -0.00113031 0.0001376038 -0.006599958 -0.00113031 0.002137604 -0.006599939 -0.001130341 0.004137596 -0.006599669 -0.004521545 0.001024918 -0.006598383 0.001167999 -0.004222786 -0.006597532 0.001172791 2.697754e-05 -0.006596571 0.002426239 0.005530441 -0.006594984 0.001187042 0.002026276 -0.006592543 -0.002579102 -0.005579834 -0.006592405 0.001201294 0.004025581 -0.006592073 -0.001203064 0.001891052 -0.006589888 -0.004535797 -0.0009743881 -0.006586962 0.001228363 -0.002225746 -0.006586405 0.00122821 0.004024261 -0.006585924 0.001228119 0.002024261 -0.006585474 0.001228027 2.426147e-05 -0.006585333 0.001227997 -0.004225739 -0.006585279 0.001239746 -0.002226303 -0.006585058 0.001227936 -0.001975739 -0.006584921 0.003266235 0.005312126 -0.006584673 0.001227875 -0.003975731 -0.006584673 0.001228027 -0.0002257462 -0.006583685 0.004544769 0.002891579 -0.00658317 0.001227722 0.001774269 -0.006582457 0.001227539 0.003774269 -0.006580072 -0.004549988 -0.002973694 -0.006578859 -0.001273376 -0.0001056366 -0.006571398 0.00131134 -0.0002298126 -0.00657023 -0.004564209 -0.004972992 -0.006564917 -0.001343414 -0.002102341 -0.006562639 -0.004575134 0.0065 -0.006560835 -0.003314362 0.005606941 -0.006556746 0.001382721 0.001766685 -0.00655641 -0.001384308 0.004149582 -0.006553476 -0.001398163 0.00215023 -0.006552008 -0.002953766 0.005687035 -0.006550508 -0.001411987 0.0001508789 -0.006550249 -0.001413177 -0.00409906 -0.006547514 -0.001425812 -0.001848465 -0.006544485 -0.001439636 -0.003847816 -0.00654133 0.001453918 0.003763191 -0.006540869 -0.00269516 -0.005576187 -0.006537077 0.00257489 0.005525909 -0.006535955 0.004613129 0.0065 -0.006533937 0.004615997 0.004888084 -0.006525324 0.003383728 -0.005693481 -0.006524412 0.003150635 -0.005745308 -0.006524332 -0.003385651 0.003610458 -0.006521387 -0.003022766 0.005689178 -0.006518103 0.003397614 -0.003694145 -0.006511423 0.002631439 0.00552417 -0.006510855 0.003411469 -0.001694817 -0.006507479 0.003417908 -0.004695122 -0.006503576 0.003425354 0.0003045197 -0.006498865 -0.00163327 0.003911385 -0.006496264 0.003439209 0.002303848 -0.006493368 0.001654999 -0.003996704 -0.006493124 -0.004673248 0.005282379 -0.00648979 0.001668976 -0.001997398 -0.00648892 0.003453033 0.004303177 -0.006487581 0.001677521 -0.004247826 -0.006487051 -0.003456543 0.001613991 -0.006486185 0.001682922 1.914978e-06 -0.006482553 0.001696869 0.002001228 -0.006481016 -0.001702759 0.001914719 -0.006478888 0.001710815 0.004000534 -0.006478689 -0.001710388 0.0019151 -0.006477411 -0.002837616 -0.005571709 -0.006476904 -0.001709991 -8.488464e-05 -0.006476492 -0.001709747 0.003915123 -0.006475275 -0.001709534 -0.002084862 -0.006474649 -0.001709351 0.004165154 -0.006474501 -0.00170932 0.002165154 -0.00647439 -0.00170929 -0.004084846 -0.006474382 -0.001709259 0.0001651459 -0.006474295 -0.001709229 -0.001834846 -0.006474237 -0.001709198 -0.003834846 -0.006470396 0.00348764 -0.002698494 -0.006469023 0.001747742 -0.002251289 -0.006462397 -0.001772095 -8.193207e-05 -0.006452593 0.001805695 -0.000254158 -0.006451086 0.001805206 -0.002254135 -0.006450373 0.001805145 0.001745865 -0.006450094 0.001804932 0.003995872 -0.006449774 0.00180484 0.00199588 -0.00644972 0.001817688 -0.0002547455 -0.006449484 0.001804749 -4.127502e-06 -0.006449389 0.001804718 -0.004254128 -0.006449224 0.001804688 -0.002004128 -0.006448992 -0.003527069 -0.0003824844 -0.006448992 0.001804626 -0.00400412 -0.006448935 0.001804749 0.003745872 -0.006447897 0.004735443 -0.005367828 -0.00644581 0.00331958 -0.005750389 -0.006443007 -0.00184137 -0.002078568 -0.006441942 -0.004743561 0.003285881 -0.006437662 0.004749359 -0.00336853 -0.006436579 0.003337708 -0.005750946 -0.006432516 0.003557007 -0.0007018814 -0.006431089 -0.001882538 0.004173439 -0.006429678 0.00188736 0.001741814 -0.006427397 0.004763245 -0.001369217 -0.006427057 -0.00189624 0.002174118 -0.006423651 0.00476828 -0.005119476 -0.006423002 -0.001909973 0.0001747818 -0.006422907 -0.00324472 0.005696083 -0.00642285 -0.001910461 -0.004075195 -0.006420626 -0.003249847 0.005696243 -0.006418909 -0.001923676 -0.001824539 -0.006417101 0.0047771 0.0006300888 -0.006414785 -0.001937347 -0.003823868 -0.006410158 -0.003597137 -0.002378952 -0.006408903 0.001956757 0.003738373 -0.006406775 0.004790955 0.002629395 -0.006405287 0.002865387 0.005516991 -0.006396418 0.004804779 0.004628693 -0.006393843 0.003626068 0.001294716 -0.00639002 -0.004813263 0.001289375 -0.006385485 -0.003640747 0.004623253 -0.006384882 0.003439392 -0.005754082 -0.006377592 -0.003654572 0.002623947 -0.006374067 -0.012 0.005583275 -0.006374067 0.012 -0.005583282 -0.006374067 0.012 0.005583275 -0.006371389 0.004837921 -0.003122978 -0.006370565 -0.003666809 -0.004375427 -0.006369673 -0.003668365 0.000624649 -0.006363291 -0.01017392 0.0065 -0.006363291 0.01017389 -0.0065 -0.006363291 0.01017389 0.0065 -0.006361719 -0.003682129 -0.001374657 -0.006357222 -0.003077545 -0.005563942 -0.006354383 0.003694794 0.003291306 -0.006354052 -0.002128113 0.003935577 -0.006353739 -0.003695892 -0.003373947 -0.006345732 -0.003709595 -0.005373253 -0.006345701 0.002152893 -0.00402137 -0.006344126 0.002985413 0.005513222 -0.006341085 0.002166443 -0.002022041 -0.006338472 0.002174103 -0.004272423 -0.006337835 -0.004881775 -0.0065 -0.006337812 -0.004881744 -0.0007071686 -0.006337385 -0.004882385 -0.0007071457 -0.006336443 0.002179993 -2.272034e-05 -0.006335608 -0.004879974 0.001292809 -0.006335466 -0.004880066 -0.002707184 -0.006334368 -0.004879211 0.005042809 -0.0063342 -0.003123505 -0.005562462 -0.006334101 -0.004879028 0.003042809 -0.006334047 -0.004878784 0.003292801 -0.006333918 -0.004878876 -0.004707191 -0.00633386 -0.004878845 0.001042809 -0.006333654 -0.004878662 -0.0009571991 -0.006333475 -0.00487851 -0.002957191 -0.006333326 -0.004878387 -0.004957199 -0.006333204 -0.004878174 0.005292793 -0.006331778 0.002193512 0.001976608 -0.006330702 -0.002196594 0.001939003 -0.006329161 -0.01019519 -0.0065 -0.006329023 -0.012 -0.005595436 -0.006327078 0.002207031 0.003975937 -0.006318354 0.004906952 -0.001126488 -0.006314718 0.002242126 -0.00227581 -0.006314142 0.003763123 0.005287888 -0.006306589 -0.002264893 -5.755615e-05 -0.006302031 -0.002276215 -5.697632e-05 -0.006300501 -0.002275757 -0.002056953 -0.006299894 -0.00227536 0.001943047 -0.006299398 -0.00227536 0.004193054 -0.006299101 -0.002275238 0.002193054 -0.006298841 -0.002275146 -0.004056946 -0.00629883 -0.002275146 0.0001930618 -0.00629859 -0.002275055 -0.001806938 -0.006298483 -0.002274902 0.003943054 -0.00629838 -0.002274994 -0.003806938 -0.006297968 0.003610229 -0.005759354 -0.00629027 0.002309845 -0.0002791901 -0.00628404 -0.004950836 -0.002703667 -0.006282377 -0.003815948 0.005632202 -0.006281713 -0.002333008 -0.002054108 -0.006278471 0.003114227 0.005509171 -0.00627632 -0.003539246 0.005705444 -0.006267889 0.002368958 0.001717857 -0.006266279 -0.002374176 0.004197983 -0.006266237 0.002368286 -0.0002821198 -0.006265726 0.002368225 0.003717888 -0.006265146 0.004974731 -0.0065 -0.006265123 0.002377197 0.001717445 -0.006265116 0.004974701 0.0008700333 -0.006264654 0.002367645 -0.002282089 -0.006264547 0.004975464 0.0008699875 -0.006264101 0.002367493 0.003967911 -0.006263941 0.002367432 0.001967911 -0.006263811 0.002367401 -3.20816e-05 -0.006263769 0.002367371 -0.004282082 -0.006263708 0.002367371 -0.002032082 -0.006263632 0.00236734 -0.004032082 -0.00626293 0.00497287 -0.001129967 -0.006262789 0.004972931 0.002870026 -0.006261377 0.004971649 -0.003129974 -0.006261248 0.00497171 0.004870018 -0.00626116 -0.002387634 0.002198677 -0.006261045 -0.003254333 -0.005558113 -0.006260893 0.003148712 0.00550808 -0.006260878 0.004971252 0.004620026 -0.006260721 0.00497113 0.002620018 -0.006260588 0.004971039 0.0006200256 -0.006260534 0.004971008 -0.005129974 -0.006260492 0.004970978 -0.001379982 -0.006260424 0.004970947 -0.003379982 -0.006260382 0.004970917 -0.005379982 -0.006256079 -0.002400909 -0.004050652 -0.006256014 -0.002401062 0.0001993561 -0.006250837 -0.00241452 -0.001799957 -0.00624925 -0.00499469 0.005048576 -0.006248423 -0.003589447 0.005707085 -0.00624563 -0.002427948 -0.003799271 -0.006244654 0.00387735 -0.005717896 -0.006240412 -0.003884186 0.003635719 -0.006239294 0.002444183 0.003714104 -0.006238493 -0.005008118 0.003049263 -0.006236315 0.003890747 -0.003718582 -0.006229998 -0.005018677 -0.004700188 -0.006227949 0.003904114 -0.001719269 -0.006227705 -0.005021545 0.00104995 -0.006224474 0.003909668 -0.004719551 -0.006219553 0.003917511 0.0002800446 -0.006216894 -0.005034912 -0.0009493637 -0.006211123 0.003930847 0.002279366 -0.006209974 0.005043427 0.002866478 -0.00620606 -0.005048279 -0.002948669 -0.006202665 0.003944183 0.004278671 -0.006197714 -0.003951965 0.001639244 -0.006195192 -0.005061584 -0.00494799 -0.00618178 0.003976807 -0.002723007 -0.006178133 -0.003402649 -0.005553177 -0.006172174 0.003832397 -0.005766434 -0.006170057 -0.002614044 0.003960342 -0.006162832 -0.003743378 0.00571209 -0.006161669 0.002633759 -0.004045387 -0.006156084 0.00264679 -0.002046051 -0.006154654 0.005110779 0.004862946 -0.006154291 -0.004019257 -0.0003572311 -0.006153204 0.002653473 -0.004296387 -0.006150473 0.002659821 -4.669952e-05 -0.006144838 0.002672791 0.001952644 -0.006141294 -0.002680939 0.001963829 -0.006139177 0.00268576 0.003951996 -0.00613833 0.004043549 -0.0007264709 -0.006138296 -0.005130432 0.0065 -0.006137579 0.003893494 -0.005768379 -0.006124605 0.002718811 -0.002299667 -0.006119204 -0.003821838 0.005714645 -0.006111788 -0.002747528 -3.266907e-05 -0.006110826 -0.005163116 0.005307274 -0.006110147 -0.004086029 -0.002353714 -0.006108397 0.005165985 0.0065 -0.006103899 0.003424774 0.005499054 -0.006095324 0.002783844 -0.000302948 -0.006094118 0.004109894 0.001270058 -0.006083014 -0.003555969 -0.005547928 -0.006081736 -0.004128204 0.004648521 -0.006081541 -0.002813843 -0.002029167 -0.006076208 -0.00282431 -0.002028603 -0.006075495 -0.002824036 0.004221405 -0.00607506 -0.002823822 0.002221405 -0.006074678 -0.002823669 -0.004028587 -0.006074648 -0.002823639 0.0002214127 -0.006074274 -0.002823486 -0.001778587 -0.006074133 -0.002823242 -2.859497e-05 -0.006073923 -0.002823303 -0.003778587 -0.006072802 -0.004141327 0.002649216 -0.006072748 -0.002822632 0.001971413 -0.006072073 -0.002822357 0.00397142 -0.006070829 0.004000031 -0.005771889 -0.006065306 0.002848663 0.001693756 -0.006065298 -0.004152313 -0.004350197 -0.006063841 -0.004154419 0.0006499176 -0.006062555 -0.002854523 0.004223 -0.006058744 0.005224121 -0.005393051 -0.006056379 -0.002867584 0.002223694 -0.006054857 -0.004167511 -0.001349388 -0.006054655 -0.005228851 0.003310715 -0.006050562 -0.002879883 -0.004025658 -0.006050169 -0.002880676 0.0002243881 -0.006049158 0.004175781 0.003266579 -0.006047434 0.005237244 -0.003393753 -0.006045843 -0.004180603 -0.003348694 -0.006044458 0.003519012 0.005495857 -0.006043936 -0.002893738 -0.001774918 -0.006037668 -0.002906799 -0.003774216 -0.006036795 -0.004193665 -0.005348 -0.006036089 0.005250275 -0.001394447 -0.006034548 0.002913239 0.003690445 -0.006034269 0.002913788 0.003690422 -0.006032515 0.005254395 -0.005144669 -0.006032175 0.00291272 0.001690384 -0.006030748 0.002911987 -0.0003096313 -0.006030027 0.002911774 -0.004059639 -0.006029997 0.002911713 -0.002309639 -0.006029947 0.002911713 -0.002059639 -0.006029928 0.002911713 -0.004309639 -0.00602989 0.002911713 -5.963898e-05 -0.006029863 0.002911652 0.003940361 -0.006029863 0.002911682 0.001940353 -0.006024717 0.005263336 0.0006048431 -0.006013319 0.005276367 0.002604149 -0.006009249 -0.003674896 -0.005543861 -0.006006258 0.00357959 0.005493797 -0.006003447 0.004241241 0.005263092 -0.00600189 0.005289368 0.004603447 -0.005997835 -0.005293945 0.00131414 -0.005974878 0.005319855 -0.003148201 -0.005965948 -0.004293854 0.005657379 -0.00596475 0.004169312 -0.005777466 -0.005949331 -0.004097443 0.005723824 -0.005947813 -0.003086487 0.003985466 -0.005942137 0.003097382 -0.004069153 -0.005940374 -0.005358368 -0.0006824341 -0.00593553 0.003110046 -0.002069817 -0.00593482 -0.003786011 -0.00553997 -0.005934423 0.003693481 0.005489929 -0.005932451 0.003115906 -0.004320122 -0.005928888 0.003122681 -7.048035e-05 -0.005926207 -0.00413147 0.005724991 -0.005924395 0.004350983 -0.005742828 -0.005922224 0.003135315 0.001928848 -0.005918917 -0.004358429 0.003660881 -0.005916529 0.005384674 -0.001151726 -0.005915529 0.003147919 0.003928177 -0.005914991 0.00436377 -0.003743523 -0.005913828 -0.003151123 0.001988991 -0.005913809 -0.003817413 -0.005538864 -0.005905558 0.004376526 -0.001744217 -0.005902117 0.004381165 -0.004744469 -0.005898645 0.003179443 -0.002323502 -0.005896101 0.004389252 0.0002550888 -0.005886606 0.004401978 0.002254387 -0.005882292 -0.005422058 -0.002679031 -0.005881582 -0.005422821 -0.0065 -0.005881552 -0.005422791 -0.002678993 -0.005880102 -0.005421539 0.005070992 -0.005879713 -0.005421204 0.003070992 -0.005879522 -0.005420837 -0.0006790161 -0.005879442 -0.005420959 -0.004679008 -0.005879347 -0.005420868 0.001070984 -0.005879129 -0.003215393 -7.484436e-06 -0.005879011 -0.005420593 -0.0009290237 -0.005878706 -0.005420288 -0.002929016 -0.005878428 -0.005420044 -0.004929024 -0.005878111 -0.005419525 0.001320969 -0.005877348 -0.005418884 0.003320953 -0.005877253 -0.005418854 0.005320961 -0.005877092 0.004414673 0.004253693 -0.005871214 -0.004422485 0.001664368 -0.005867891 0.00430954 -0.005782242 -0.005865088 -0.004221313 0.00572805 -0.005864111 0.003242676 -0.000326889 -0.005857477 0.005448822 0.0008447495 -0.005854097 0.004445129 -0.002747986 -0.005850138 0.012 -0.005720543 -0.005850138 0.012 0.005720543 -0.005850039 -0.012 0.005720566 -0.005843908 -0.005463409 0.005073196 -0.005843729 -0.003279297 -0.00200396 -0.005832228 -0.005475861 0.00307386 -0.005828859 0.003305664 0.001669724 -0.005823599 -0.005485046 -0.004675636 -0.005822851 -0.004485992 -0.0003321381 -0.005821238 -0.003319031 0.004248245 -0.005820528 -0.005488281 0.001074539 -0.005814043 -0.003331665 0.002248947 -0.005809484 -0.012 -0.005730797 -0.005808805 -0.005500732 -0.0009247894 -0.005807634 -0.003342804 -0.004000435 -0.005806822 -0.003344208 0.000249649 -0.005805365 0.004508575 -0.0007514877 -0.005802965 -0.003350342 0.00025 -0.005802954 -0.003350372 -0.00175 -0.005802912 -0.003350311 -0.004 -0.005802507 -0.003350067 0.002249992 -0.005802485 -0.003350098 -0.003750008 -0.00580208 -0.003349792 0.00425 -0.005800962 0.005508972 -0.0065 -0.005800905 -0.003349091 -0.002000008 -0.005800825 0.00550885 0.002841408 -0.005799574 -0.003356781 -0.001749649 -0.005799547 -0.003348297 -7.629395e-09 -0.005798994 0.005506989 0.0008414154 -0.005798864 -0.003348022 0.004 -0.005798864 -0.003347961 0.002 -0.005798689 0.005506927 0.004841408 -0.005797735 0.00551236 0.002841217 -0.005797525 0.005505615 -0.001158577 -0.005797056 -0.005513092 -0.002924118 -0.005796728 0.005505035 -0.005408585 -0.005796713 0.005504883 -0.003158585 -0.005796637 0.005504913 -0.003408592 -0.005796576 0.005504822 -0.005158585 -0.005796576 0.005504852 -0.001408585 -0.005796549 0.005504761 0.004591415 -0.005796537 0.005504791 0.0005914154 -0.00579653 0.005504761 0.002591415 -0.005792883 0.003368286 0.003666306 -0.005792299 -0.003369293 -0.003748955 -0.005785284 -0.005525421 -0.004923447 -0.005779551 0.004437469 -0.005786591 -0.005774008 -0.004011047 -0.005531921 -0.00577384 -0.004548889 -0.002328667 -0.00576671 -0.004365906 0.005732994 -0.00575593 0.004571503 0.001244995 -0.005752497 0.00395459 0.00548069 -0.005750982 0.003434326 0.003662582 -0.005749884 0.003433838 -0.004087433 -0.005749659 0.003433685 -0.00208744 -0.005749636 0.003433533 0.001662567 -0.005749578 0.003433655 -0.00433744 -0.005749464 0.003433563 -8.744049e-05 -0.005749292 0.003433472 0.00191256 -0.005749151 0.00343335 0.00391256 -0.005748949 0.003433136 -0.0003374405 -0.00574893 0.003433197 -0.00233744 -0.005741873 -0.004589172 0.004673576 -0.00573731 0.005575226 0.004837692 -0.005731989 -0.004601501 0.002674263 -0.005724642 -0.004079437 -0.005529472 -0.005724184 -0.004611206 -0.004325195 -0.005722078 -0.004613831 0.0006749496 -0.005712145 -0.004626129 -0.001324364 -0.005707708 0.004532135 -0.005789925 -0.005705786 0.004633942 0.00324147 -0.005702188 -0.004638397 -0.003323677 -0.005700788 0.004023682 0.005478172 -0.005698961 0.004026123 0.005478088 -0.005694662 -0.005618805 0.005331657 -0.005692205 -0.004650635 -0.005322983 -0.005688986 -0.003540955 0.004010719 -0.005685247 0.003546936 -0.004093582 -0.005677618 0.003559113 -0.002094269 -0.005674452 0.003564178 -0.004344551 -0.005669962 0.00357132 -9.494781e-05 -0.005667109 -0.005646576 0.0065 -0.005662283 0.003583496 0.001904358 -0.005659208 0.004079224 0.005476158 -0.005654959 0.004695831 0.005237953 -0.00565457 0.003595642 0.003903679 -0.005650061 -0.003602722 0.002014252 -0.005635534 0.003625397 -0.002348007 -0.005634218 0.005679382 0.0065 -0.005634115 -0.005679504 0.003335007 -0.00563228 0.005681305 -0.005418335 -0.005629217 -0.01059772 0.0065 -0.005629217 0.01059772 -0.0065 -0.005629217 0.01059772 0.0065 -0.005619989 0.005693481 -0.003419037 -0.005614687 -0.004743927 0.005682274 -0.005610472 -0.003664093 1.776886e-05 -0.005607668 0.005705597 -0.001419739 -0.005604406 0.005708832 -0.005169922 -0.00559812 -0.0106142 -0.0065 -0.005595919 0.003686249 -0.0003514633 -0.005595324 0.005717712 0.000579567 -0.005582956 0.005729797 0.002578873 -0.005581999 0.004697815 -0.005795769 -0.005573004 -0.005739471 0.001338341 -0.005571291 -0.004627014 0.005742134 -0.005570562 0.005741852 0.004578171 -0.00557023 -0.003724976 -0.001978722 -0.005566839 0.004799988 -0.005768051 -0.005563078 -0.004804352 0.003685715 -0.005562075 -0.00428421 -0.005521889 -0.005556913 -0.004644501 0.00574276 -0.005556444 0.004812012 -0.003768753 -0.005555616 0.003746735 0.001645058 -0.005546019 0.004824036 -0.001769455 -0.005544329 -0.003763428 0.004273521 -0.005542738 0.004827789 -0.004769669 -0.005541906 0.005769501 -0.003173431 -0.005536184 -0.003775391 0.002274216 -0.005535574 0.004835999 0.0002298508 -0.005532354 -0.004674408 0.005743835 -0.005529345 -0.0037854 -0.003975197 -0.005528013 -0.003787323 0.00027491 -0.005526152 0.004764923 -0.005798218 -0.005525099 0.004847961 0.002229149 -0.005524981 -0.004330963 -0.005520157 -0.005519823 -0.003799286 -0.001724396 -0.005514627 0.003806824 0.003641579 -0.005514597 0.004859894 0.004228447 -0.005511606 -0.003811157 -0.003723694 -0.005511351 -0.005798706 -0.0006583328 -0.00551087 -0.004864136 0.00168914 -0.005489779 0.004887909 -0.002773201 -0.005483027 -0.003849243 -0.003721405 -0.005482672 -0.003848999 -0.001721413 -0.005482336 -0.003848755 0.0002785873 -0.005482286 -0.003848724 -0.003971413 -0.005482023 -0.003848511 0.00227858 -0.005481737 -0.003848297 0.00427858 -0.005480986 -0.003847809 -0.00197142 -0.005480906 -0.003847931 0.00402858 -0.005480314 -0.003847382 2.857208e-05 -0.00548028 -0.003847412 0.00202858 -0.005478777 0.005829498 -0.001176949 -0.005458075 -0.004923309 -0.0003074417 -0.005457384 0.004330353 0.005466705 -0.005449167 -0.005857178 -0.002655029 -0.005436163 0.00494751 -0.0007767334 -0.005431883 -0.004437897 -0.005516075 -0.005425318 0.003929596 -0.004115715 -0.005424971 0.003929321 -0.002115723 -0.005424852 0.00392926 -0.004365723 -0.005424654 0.003929108 -0.0001157227 -0.00542436 0.003928925 0.001884285 -0.005424093 0.003928711 0.003884277 -0.005423635 0.003928192 0.003634285 -0.005423574 0.003928314 -0.002365723 -0.005422976 0.003927765 0.001634277 -0.005422949 0.003927826 -0.0003657303 -0.005415026 0.005888733 0.0008195496 -0.005407522 -0.00589566 0.005097168 -0.005404707 -0.004981842 -0.002304031 -0.005395899 -0.003973297 0.004035881 -0.005395052 -0.005907074 0.003097816 -0.005392317 0.003978149 -0.004118523 -0.005386457 -0.005914917 -0.004651741 -0.005383718 0.003989807 -0.002119225 -0.005382563 -0.005918457 0.001098473 -0.00538191 0.005006439 0.001219742 -0.005380579 0.003994019 -0.004369476 -0.005379297 -0.005921417 -0.0065 -0.00537919 -0.005921295 0.00109864 -0.005379065 -0.005921143 -0.00465136 -0.005378969 -0.005921082 -0.0009013748 -0.005378786 -0.005920807 0.00309864 -0.00537855 -0.005920624 -0.002901375 -0.005378408 -0.00592038 0.005098648 -0.005378153 -0.005920258 -0.004901382 -0.005377298 -0.005919098 -0.002651352 -0.005376085 -0.005917786 -0.0006513519 -0.005376036 -0.005917969 0.005348602 -0.00537546 -0.005917145 0.001348633 -0.005375433 -0.005917206 0.00334861 -0.005375097 0.004001404 -0.0001199188 -0.005372057 0.004950104 -0.005804993 -0.00537005 -0.00592981 -0.0009008865 -0.00536944 -0.005019836 0.004698196 -0.005366446 0.00401297 0.001879387 -0.005362982 -0.004880463 0.005751244 -0.005358713 -0.005031281 0.002698868 -0.005357771 0.004024567 0.003878693 -0.005357523 -0.005941101 -0.002900238 -0.005354822 0.004446533 0.005462151 -0.005352411 -0.004031708 0.002039375 -0.005350782 -0.005039703 -0.004300636 -0.005350668 0.005947296 0.00281604 -0.00534796 -0.005042725 0.0006995316 -0.005344973 -0.005952393 -0.004899582 -0.005337187 -0.005054108 -0.001299789 -0.005336805 0.004052307 -0.002372978 -0.005327017 0.005064819 0.003216225 -0.005326391 -0.005065491 -0.003299118 -0.005324686 0.012 -0.005848579 -0.005324686 0.012 0.005848572 -0.005324682 -0.012 0.005848572 -0.005315577 -0.005076843 -0.005298454 -0.005315123 -0.00457196 -0.005510941 -0.005313334 0.00449353 0.005460297 -0.005308321 -0.004089569 4.285431e-05 -0.005298006 0.005031403 -0.005808067 -0.005292379 0.004110168 -0.0003764954 -0.005291376 0.006000122 -0.0065 -0.005291174 0.005999908 0.004812851 -0.00528966 0.005998016 0.002812866 -0.005288626 -0.012 -0.005856995 -0.005288313 0.005996521 0.0008128738 -0.005288279 0.005996704 -0.005437126 -0.005288076 0.00599649 -0.003437134 -0.005287897 0.005996277 -0.001437126 -0.005287867 0.005996246 -0.005187126 -0.005287745 0.005996094 0.0005628738 -0.005287619 0.005995941 0.002562874 -0.005287546 0.005995697 -0.001187126 -0.005287519 0.005995789 0.004562874 -0.00528739 0.005995605 -0.003187119 -0.005285715 0.006005096 0.004812546 -0.005271498 0.005122589 0.005212692 -0.005263639 -0.004146912 -0.001953659 -0.005248888 -0.006037323 0.005355362 -0.005247305 0.004167572 0.001619995 -0.005245447 0.004570465 0.005457283 -0.005234495 -0.004183624 0.004298576 -0.005232981 -0.005027405 0.005756645 -0.005232313 -0.005162628 0.00570665 -0.005225489 -0.004194916 0.002299263 -0.005218374 -0.004203766 -0.003950195 -0.005216455 -0.004206146 0.0002999496 -0.005207399 -0.004217346 -0.001699356 -0.005201601 0.004224487 0.003616478 -0.00519832 -0.004228516 -0.003698677 -0.00518416 -0.006092987 0.003358673 -0.00517668 -0.005218384 0.003710007 -0.005174994 0.005220032 -0.005793343 -0.005172468 0.006102905 -0.005443459 -0.0051663 -0.005097534 0.005759285 -0.005163702 0.005231201 -0.003794037 -0.005159315 0.006114044 -0.003444153 -0.005152674 -0.006119629 0.0065 -0.005152384 0.005242371 -0.001794731 -0.005149649 0.005194183 -0.005814247 -0.005149488 0.005194305 -0.005814255 -0.005149385 0.0052453 -0.004794914 -0.005148386 -0.004746796 -0.005504028 -0.005146139 0.006125122 -0.001444839 -0.005143309 0.006127502 -0.005194984 -0.005141821 -0.00512326 0.005760254 -0.005141039 0.00525351 0.000204567 -0.00513294 0.0061362 0.0005544739 -0.005129679 0.005264587 0.002203865 -0.005120604 -0.004318298 0.004056961 -0.005120535 -0.005273468 0.001713341 -0.00511997 -0.004317566 -0.003693062 -0.005119749 -0.004317383 -0.001693062 -0.005119722 0.006147217 0.00255378 -0.005119547 -0.0043172 0.0003069305 -0.005119513 -0.004317169 -0.003943062 -0.005119406 -0.004317261 0.002056938 -0.005119371 -0.004317078 0.002306938 -0.005119215 -0.004316956 0.004306938 -0.005118879 -0.004316711 -0.001943069 -0.005118841 -0.004316742 5.693817e-05 -0.005118738 -0.006148071 0.001362 -0.005118284 0.005275665 0.004203171 -0.005117041 0.006149445 0.0065 -0.005106482 0.006158203 0.004553093 -0.005095358 -0.004802399 -0.005501831 -0.005091959 0.005301056 -0.002798439 -0.005076555 0.006182922 -0.003198463 -0.005071501 -0.004379822 0.004060715 -0.005065454 0.00438678 -0.004143753 -0.005063883 -0.005327911 -0.0002833328 -0.005061869 -0.004834473 -0.005500511 -0.005058249 0.004394897 -0.002144279 -0.005058115 0.004394775 -0.004394279 -0.005058054 0.004394684 -0.004144272 -0.005057825 0.004394531 -0.0001442719 -0.005057428 0.004394226 0.001855721 -0.005057058 0.004393921 0.003855721 -0.005056288 0.00439328 -0.002394279 -0.005055948 0.004397766 -0.002144447 -0.005055113 0.004392242 -0.0003942871 -0.005054609 0.004391693 0.003605721 -0.005054556 0.004391724 0.001605721 -0.005052958 0.004401184 -0.004394676 -0.005052633 -0.006202484 -0.0006346741 -0.005046423 0.004408661 -0.0001451492 -0.005036875 0.004419586 0.001854149 -0.005033957 0.005356201 -0.0008019485 -0.005027308 0.00443045 0.003853447 -0.005023905 -0.004434326 0.002064148 -0.005023672 0.004799561 0.005447876 -0.005009722 -0.005262115 0.00576548 -0.00500926 0.006237579 -0.00120192 -0.005006746 -0.005381622 -0.002280029 -0.005004679 0.004455994 -0.002398201 -0.004996244 0.00535025 -0.005820366 -0.004985857 -0.006256287 -0.002631317 -0.004980764 0.004839996 0.005446144 -0.004975779 -0.004488281 6.755829e-05 -0.004975378 0.005410645 0.001194542 -0.004968485 -0.005416992 0.00472216 -0.004957029 -0.00542746 0.002722816 -0.004955801 0.004510284 -0.0004017258 -0.004949129 -0.005434692 -0.004276741 -0.004945551 -0.005437927 0.000723465 -0.004941439 0.006291443 0.0007946167 -0.004940413 -0.006292236 0.005120956 -0.004934057 -0.005448364 -0.001275879 -0.004927126 -0.004541626 -0.001929031 -0.004926996 -0.006302765 0.003121628 -0.004922544 -0.005458771 -0.00327523 -0.004918417 -0.006309479 -0.004627953 -0.004916246 0.005464447 0.003191048 -0.004913549 -0.006313263 0.001122299 -0.004911013 -0.005469147 -0.00527459 -0.00490634 0.004564056 0.001594742 -0.00490008 -0.0063237 -0.000877037 -0.004894976 -0.004576263 0.004323189 -0.004888155 0.004927277 0.00544239 -0.004886583 -0.006334137 -0.002876366 -0.004885195 -0.0045867 0.002323868 -0.004877962 -0.00459436 -0.003925636 -0.004875391 -0.004597107 0.0003245392 -0.004873098 0.006344513 0.002791176 -0.00487306 -0.006344543 -0.004875687 -0.00486706 -0.01096869 0.0065 -0.00486706 0.01096866 -0.0065 -0.00486706 0.01096866 0.0065 -0.004865965 -0.005022125 -0.005492821 -0.004865568 -0.004607513 -0.001674789 -0.004856569 0.005517548 0.005187546 -0.004856298 0.004617279 0.003591217 -0.00485573 -0.004617889 -0.003674118 -0.004844545 0.0054935 -0.005826172 -0.004839472 -0.01098087 -0.0065 -0.004834909 -0.006373657 -0.0065 -0.004833918 -0.006372253 -0.004873787 -0.004833605 -0.006371857 -0.002873787 -0.004833307 -0.006371429 -0.0008737793 -0.004833227 -0.006371582 0.005376221 -0.004833033 -0.006371033 0.001126221 -0.004832937 -0.006370911 -0.004623779 -0.004832777 -0.006370728 0.003126228 -0.004832685 0.012 -0.005959274 -0.004832685 0.012 0.005959267 -0.004832594 -0.012 0.00595929 -0.004832541 -0.006370392 0.005126228 -0.004832022 -0.006369995 0.003376236 -0.004831892 -0.006369568 -0.002623756 -0.004831411 -0.006369141 0.001376251 -0.004831377 -0.006368988 -0.0006237488 -0.004822729 -0.00554715 0.005730362 -0.004804258 0.00639682 0.004787743 -0.004800352 -0.012 -0.005966225 -0.004792284 0.005017639 0.005438499 -0.004776506 -0.005486237 0.005774193 -0.004772696 -0.005489594 0.00577433 -0.004770369 -0.006422119 0.005379379 -0.004763258 -0.005598297 0.003733673 -0.004759226 0.005574097 -0.005829437 -0.004752516 0.005607422 -0.005818459 -0.004740431 0.005617615 -0.003819145 -0.004740381 0.006444275 -0.0065 -0.004739031 0.005591522 -0.005830177 -0.004738897 0.006442383 -0.005465393 -0.004738859 0.006442078 0.004784615 -0.004738596 0.006441986 -0.003465393 -0.004738321 0.00644162 -0.001465385 -0.004738279 0.006441589 -0.005215393 -0.004738066 0.006441284 0.0005346069 -0.004737841 0.006440979 0.002534615 -0.004737677 0.00644046 0.002784622 -0.004737638 0.006440674 0.004534615 -0.004737276 0.006440186 -0.00321537 -0.004736998 0.006439606 0.0007846375 -0.004736856 0.006439514 -0.00121537 -0.004728327 0.005627808 -0.001819839 -0.004725721 0.005630035 -0.004819992 -0.004720728 -0.004755707 0.004084908 -0.004719248 -0.004757263 0.004085007 -0.004719027 -0.004754059 0.002084885 -0.004717916 -0.00475296 8.485413e-05 -0.004717566 -0.004752411 -0.003665154 -0.00471747 -0.00475235 -0.001665154 -0.004717398 -0.004752289 0.0003348465 -0.00471739 -0.004752289 -0.003915154 -0.004717379 -0.00475235 -0.001915154 -0.004717348 -0.004752228 0.002334839 -0.004717318 -0.004752228 0.004334846 -0.0047162 0.00563797 0.0001794662 -0.004707415 0.004768982 -0.004169037 -0.00470405 0.005648132 0.00217878 -0.00470315 -0.005648895 0.001736992 -0.004700884 -0.006473145 0.00338279 -0.004697096 0.004779144 -0.002169739 -0.004696836 -0.005170135 -0.005486519 -0.004694361 0.00478183 -0.004419922 -0.004691885 0.005658264 0.004178093 -0.004686754 0.004789276 -0.000170433 -0.004686182 -0.005565674 0.005777458 -0.004683847 0.006485474 -0.005468185 -0.004676394 0.004799377 0.001828873 -0.00466997 0.006495483 -0.003468864 -0.004668062 -0.004807495 0.002088348 -0.00466643 -0.005196747 -0.005485374 -0.004666014 0.004809479 0.003828171 -0.004664389 0.005680939 -0.002823456 -0.004656069 0.006505463 -0.001469536 -0.004653776 0.006507111 -0.005219643 -0.004649828 0.004824524 -0.00242289 -0.004649584 0.004824219 0.00382711 -0.004649248 0.004823853 0.00182711 -0.004648928 0.004823517 -0.0001728821 -0.004648714 0.004823273 -0.004422882 -0.00464863 0.004823181 -0.002172882 -0.004648355 0.004822876 -0.004172882 -0.004648172 0.004822876 -0.0004228897 -0.004647116 0.004821777 0.001577118 -0.004646635 0.004821259 0.003577118 -0.004642412 -0.005698914 -0.0002596664 -0.004642153 0.006515381 0.0005297852 -0.004642015 0.004832672 -0.002423439 -0.004630774 -0.006523468 0.0013862 -0.004628214 0.006525299 0.002529114 -0.004627188 -0.005231079 -0.005483917 -0.004616419 -0.004857117 9.166718e-05 -0.00461426 0.006535187 0.004528442 -0.00460256 0.00573114 -0.0008269272 -0.004598913 -0.00654599 0.0065 -0.004589132 0.004882874 -0.0004269485 -0.004583437 0.006556824 -0.003223045 -0.004581057 -0.005748352 -0.00225631 -0.004578413 0.005201538 0.005430199 -0.004564329 -0.004906097 -0.001905029 -0.004560816 0.006572571 0.0065 -0.004560045 -0.00657312 -0.0006103668 -0.004551462 0.005224701 0.005429153 -0.004540243 0.005780609 0.001169624 -0.004539301 -0.005781372 0.004745956 -0.004535734 0.004932526 0.00156955 -0.004533354 -0.005700043 0.005782967 -0.004529448 -0.004938324 0.00434716 -0.004526968 -0.005791016 0.002746628 -0.004519091 -0.005797211 -0.004252945 -0.004519007 -0.004947876 0.002347809 -0.004514616 -0.00580069 0.0007472916 -0.004512846 0.005786743 -0.005838432 -0.004512659 0.006605743 -0.001226433 -0.004511808 -0.004954437 -0.003901733 -0.004508539 -0.004957428 0.000348465 -0.004502241 -0.005810272 -0.001252029 -0.004498064 -0.004966919 -0.001650887 -0.00448984 -0.005819885 -0.003251366 -0.004488714 -0.00662204 -0.002606926 -0.004487566 -0.00497641 -0.00365023 -0.004481825 0.004981567 0.00356604 -0.004477453 0.005829407 0.003166176 -0.004477415 -0.005829437 -0.005250694 -0.00444145 0.006653839 0.000770195 -0.004439524 -0.006655121 0.005145439 -0.004428034 0.00532135 0.005424561 -0.004425219 -0.006664642 0.003146118 -0.004416792 -0.006670227 -0.004603477 -0.004414202 0.005877441 0.005162735 -0.004410891 -0.006674133 0.001146805 -0.004396536 -0.006683594 -0.0008525009 -0.004383066 -0.005900696 0.005754372 -0.004382166 -0.006693024 -0.002851822 -0.004378912 -0.005429108 -0.005474953 -0.004369825 0.00670108 0.00276683 -0.004367765 -0.006702454 -0.004851135 -0.004350687 0.005914612 -0.005844086 -0.004345873 -0.005850708 0.005789566 -0.004342356 -0.005103607 0.004108673 -0.004339201 -0.012 0.006060959 -0.004339201 0.012 -0.006060966 -0.004339201 0.012 0.006060959 -0.004321547 0.005121246 -0.004194145 -0.004319223 -0.005947601 0.003757782 -0.004310801 -0.012 -0.006066521 -0.004310507 0.005130554 -0.002194839 -0.004308138 0.005132507 -0.004444984 -0.004303568 0.005958923 -0.005843185 -0.00430134 0.005420563 0.005419846 -0.00430023 0.005954376 -0.005845856 -0.004299456 0.005139801 -0.0001955261 -0.004297796 0.006747498 0.004763489 -0.004290812 0.005968109 -0.003843857 -0.004288385 0.005149048 0.001803787 -0.004287561 -0.00514975 0.002111992 -0.004281839 -0.005154114 0.002112335 -0.004280584 -0.00515274 0.0001123581 -0.00428042 -0.005152344 0.004112366 -0.00428039 -0.005903351 0.005791862 -0.004279505 -0.005151459 -0.001887627 -0.00427907 -0.005150909 0.004362389 -0.00427899 -0.005150787 0.002362396 -0.004278955 -0.005150726 -0.003887611 -0.004278925 -0.005150696 0.0003623962 -0.004278883 -0.005150635 -0.001637611 -0.004278856 -0.005150574 -0.003637604 -0.004278044 0.005977295 -0.001844536 -0.004277292 0.005158264 0.003803093 -0.004275934 0.00597876 -0.00484465 -0.004265253 0.005986389 0.0001547852 -0.004264021 -0.005514648 -0.005470871 -0.004259306 -0.006771881 0.005404015 -0.00425725 0.005988251 -0.005847351 -0.004254801 -0.005993866 0.001761208 -0.004252684 -0.006776062 -0.0065 -0.004252535 -0.006775787 0.005404327 -0.004252451 0.005995514 0.002154114 -0.004252226 0.005178925 -0.002448463 -0.0042512 -0.006773804 0.00340435 -0.004250555 -0.006772491 -0.00484565 -0.004250364 -0.006772186 -0.002845642 -0.004250193 -0.006771912 -0.0008456497 -0.004250109 -0.006772095 0.001404358 -0.004250036 -0.006771667 0.001154358 -0.004249979 -0.006771576 -0.004595642 -0.004249899 -0.006771454 0.003154358 -0.004249777 -0.006771271 0.005154366 -0.004249559 -0.006771149 -0.0005956345 -0.004249521 -0.006770966 -0.002595634 -0.004245516 -0.005527496 -0.00547023 -0.00423963 0.006004578 0.004153435 -0.004232191 -0.005195343 0.0001153336 -0.004211309 0.006024506 -0.002848045 -0.004211149 -0.0055513 -0.005469025 -0.00420521 0.005216583 -0.0004513245 -0.004204275 0.005215302 -0.002451317 -0.00420373 0.005214813 0.001548683 -0.004203722 0.005214569 0.003798691 -0.004203512 0.005214325 0.001798698 -0.00420331 0.005214081 -0.0002013016 -0.004203173 0.005213928 -0.004451294 -0.004203131 0.005213867 -0.002201294 -0.004202971 0.005213654 -0.004201302 -0.004202791 0.005213654 0.003548698 -0.00419586 0.005224701 -0.0004519196 -0.004192602 -0.005967712 0.005794868 -0.004189817 -0.006039459 -0.0002353668 -0.004185579 -0.006817688 0.003407494 -0.004176256 -0.005240387 -0.001881317 -0.004171389 0.006826385 -0.005492302 -0.004163122 0.006055878 -0.005850487 -0.004156923 0.006835205 -0.003492958 -0.004152285 0.006838013 -0.0065 -0.004152185 0.00683783 -0.003493164 -0.004152044 0.006837646 -0.001493164 -0.00415201 0.006837585 -0.005243156 -0.00415188 0.00683728 -0.005493164 -0.004151712 0.006837128 0.0005068436 -0.0041514 0.00683667 0.002506844 -0.004151335 0.005527344 0.005414482 -0.004151114 0.006836212 0.004506859 -0.004150568 0.006835358 -0.003243134 -0.004149908 0.006833954 0.004756859 -0.004149664 0.006833832 -0.001243118 -0.004149359 0.00683313 0.002756882 -0.004149271 0.006833099 0.0007568893 -0.00414628 0.006069427 -0.0008514328 -0.004142439 0.006843994 -0.001493614 -0.004140772 0.006844971 -0.00524369 -0.004139048 0.005269836 0.001544624 -0.004138186 -0.005270508 0.004370956 -0.004127943 0.006852722 0.0005057297 -0.004126947 -0.005279327 0.002371628 -0.004124277 -0.006084412 -0.002231926 -0.004119761 -0.005284912 -0.003877945 -0.004115686 -0.005288116 0.0003722992 -0.004113432 0.00686145 0.002505074 -0.004111307 -0.006862762 0.00141098 -0.004104406 -0.005296875 -0.001627037 -0.004098909 0.006870117 0.004504417 -0.0040931 -0.005305603 -0.003626358 -0.004081804 0.005314301 0.003541176 -0.004080847 0.006113586 0.001145195 -0.004080614 -0.01128488 0.0065 -0.004080614 0.01128488 -0.0065 -0.004080614 0.01128488 0.0065 -0.004079077 -0.006114807 0.004770439 -0.004067572 0.006888763 -0.003246986 -0.004065935 -0.006123535 0.002771126 -0.004058191 -0.006128693 -0.00422847 -0.004056967 -0.0112934 -0.0065 -0.004052771 -0.006132263 0.0007718048 -0.004042017 0.005605164 0.005410576 -0.004039583 -0.006140961 -0.001227509 -0.004036493 -0.006907013 -0.0005855255 -0.004026377 -0.006149628 -0.003226814 -0.004017702 -0.006095978 0.005800858 -0.004015039 0.006157013 0.003141838 -0.004013147 -0.006158295 -0.005226135 -0.004010054 -0.006922394 0.0065 -0.003999998 0.006928192 0.0065 -0.003999826 -0.005697876 -0.005461632 -0.003994024 0.006931641 -0.001250267 -0.003992552 0.006178406 -0.005856171 -0.003968191 0.006942749 0.006496826 -0.003961164 -0.0069505 -0.002582031 -0.003953997 0.006949249 0.006495407 -0.003948862 0.006199677 0.005138496 -0.003937632 0.00567453 0.005406944 -0.003937555 -0.005422058 0.004132782 -0.003933043 0.005677551 0.005406784 -0.003920012 0.006973755 0.0007464523 -0.003913496 -0.006222046 0.005779022 -0.003911661 0.005440765 -0.004218864 -0.003908529 -0.006980225 0.005170403 -0.003900015 0.005449097 -0.002219536 -0.003898096 0.00545047 -0.00446965 -0.00389345 -0.006988647 0.003171104 -0.003888361 -0.00618222 0.005805176 -0.003888357 0.005457397 -0.0002202072 -0.003885321 -0.006993164 -0.004578522 -0.003878828 -0.005464203 0.0021362 -0.003878351 -0.00699704 0.001171799 -0.003876688 0.005465729 0.001779114 -0.003871782 0.012 -0.006148308 -0.003871782 0.012 0.006148308 -0.003871683 -0.012 0.006148323 -0.003864996 0.005473969 0.003778442 -0.003863234 -0.007005371 -0.000827507 -0.003848101 -0.007013733 -0.002826813 -0.003845751 -0.00626416 0.003782494 -0.00384543 0.007015167 0.002743156 -0.003839182 0.005492126 -0.002473045 -0.003837294 0.006279755 -0.00586113 -0.003832945 -0.007022003 -0.004826111 -0.003820047 0.006290985 -0.005861679 -0.003819586 -0.005505798 0.0001396332 -0.003819422 0.006280243 -0.003867958 -0.003809462 -0.005512268 0.0001402054 -0.003808485 -0.005510986 -0.001859779 -0.00380821 -0.005510315 0.002140221 -0.003807737 -0.005509888 0.004390236 -0.00380757 -0.005509674 0.002390244 -0.003807478 -0.005509552 -0.003859756 -0.003807413 -0.00550943 0.0003902435 -0.003807348 -0.005509094 0.004140244 -0.003807276 -0.005509216 -0.001609756 -0.003807161 -0.005509033 -0.003609756 -0.003806116 0.00628833 -0.001868614 -0.003804583 0.006289246 -0.00486869 -0.003796309 -0.00582547 -0.005454651 -0.003792795 0.006296387 0.0001307297 -0.003779898 0.005533112 -0.0004764328 -0.003779463 0.006304352 0.002130074 -0.00377751 -0.006305573 0.00178598 -0.003770292 0.007055817 0.004739838 -0.003766115 0.006312347 0.004129417 -0.00375984 -0.005546753 -0.001856926 -0.003745356 -0.006277588 0.005809952 -0.003737322 0.006329468 -0.002871994 -0.003729086 -0.005867615 -0.005452347 -0.003727781 0.005567932 0.00152063 -0.003726866 0.005566437 -0.0004793396 -0.003726461 0.00556604 0.00352066 -0.003725924 0.005565002 -0.002479324 -0.00372563 0.005564575 0.003770683 -0.003725523 0.005564423 0.001770683 -0.003725431 0.005564301 -0.0002293167 -0.003725374 0.00556424 -0.004479309 -0.003725359 0.005564209 -0.002229309 -0.003725298 0.005564148 -0.004229309 -0.003720247 0.005573364 0.001520195 -0.003719679 -0.007082672 0.005429077 -0.003718817 0.006357056 -0.005864914 -0.003718634 -0.005574463 0.004395439 -0.003708773 -0.006346222 -0.0002105255 -0.003706652 -0.005582428 0.002396118 -0.003705839 0.005818115 0.005399101 -0.003699594 -0.005587128 -0.003853477 -0.003694765 -0.005886993 -0.005451195 -0.003694651 -0.005590393 0.0003968124 -0.003682631 -0.005598328 -0.001602509 -0.003670588 -0.005606232 -0.003601822 -0.003669752 0.006368866 -0.000875267 -0.003664698 -0.006326263 0.005812584 -0.00366136 0.005845612 0.005397606 -0.003660254 0.005612946 0.003516838 -0.003644926 0.007081604 0.006464592 -0.003642309 -0.007122742 0.003432594 -0.003639559 -0.006386169 -0.002207024 -0.003637331 0.007125305 -0.005516006 -0.003637178 -0.007125366 -0.0065 -0.003637083 -0.007125183 0.003432823 -0.003635855 -0.007122955 0.001432838 -0.003635851 -0.007122589 0.005432831 -0.00363492 -0.007121124 -0.0005671616 -0.003634695 -0.007120361 -0.004817169 -0.003634607 -0.007120209 -0.002817169 -0.003634531 -0.007120087 -0.0008171616 -0.003634474 -0.007119995 0.001182831 -0.003634466 -0.007120148 -0.002567162 -0.003634459 -0.007119995 -0.004567162 -0.003634432 -0.007119965 0.003182838 -0.003634405 -0.007119934 0.005182838 -0.003622171 0.007133026 -0.003516678 -0.003606985 0.007140717 -0.001517342 -0.003606001 0.007141174 -0.00526738 -0.003601744 0.006407562 0.001121445 -0.003591787 0.007148376 0.0004819946 -0.003591196 -0.006413513 0.00479541 -0.003577345 -0.006421234 0.002796104 -0.003576567 0.007156006 0.002481323 -0.003569876 -0.006425385 -0.004203522 -0.003564489 -0.007162018 0.001436111 -0.003563471 -0.006428955 0.0007967987 -0.003561323 0.007163605 0.004480659 -0.003549582 -0.006436646 -0.001202499 -0.003546061 0.007171143 0.006479996 -0.003535673 -0.006444275 -0.003201805 -0.00353322 0.006445587 0.003118149 -0.003531691 0.007178223 -0.0065 -0.003531691 0.007178223 0.0065 -0.003531641 0.007178131 -0.00327063 -0.003531446 0.007177704 0.006479362 -0.003531195 0.007177124 0.004479355 -0.003530958 0.007176605 0.002479355 -0.003530733 0.007176147 0.0004793472 -0.003530539 0.00717572 -0.00527066 -0.003530527 0.00717569 -0.001520653 -0.00353034 0.007175659 -0.001270668 -0.003530329 0.007175293 -0.00352066 -0.003530142 0.007174896 -0.005520668 -0.003529505 0.007173981 0.0007293167 -0.003529177 0.007179474 -0.003270744 -0.003529146 0.007173004 0.004729309 -0.003529116 0.007173065 0.002729301 -0.003524469 0.007127106 0.006452614 -0.003521746 -0.006451904 -0.005201111 -0.003505926 -0.005710663 0.004157501 -0.003486227 -0.007200439 -0.0005603638 -0.00348192 0.005725311 -0.004242958 -0.00346979 0.005732666 -0.002243614 -0.003468393 0.00573349 -0.00449369 -0.003464186 0.006482971 0.005114838 -0.003463354 -0.006447876 0.005819153 -0.003457647 0.00573999 -0.0002442703 -0.003452044 -0.006024048 -0.005443031 -0.003451849 0.00721698 -0.001274117 -0.003445494 0.005747314 0.001755074 -0.003443712 -0.005748383 0.00216098 -0.003436106 0.006524109 -0.00587365 -0.003433329 0.005754578 0.003754425 -0.003418436 0.005980896 0.005389694 -0.003417677 -0.006507629 0.00580407 -0.003407534 -0.007238007 -0.002556839 -0.00340708 0.005770172 -0.002496986 -0.003403654 -0.006480957 0.00582106 -0.003402899 -0.012 0.006226822 -0.003402899 0.012 -0.006226822 -0.003402899 0.012 0.006226822 -0.003390593 -0.007245941 0.0065 -0.00338405 0.006000061 0.005388573 -0.003381182 -0.012 -0.006230232 -0.003381048 -0.005785461 0.0001644745 -0.003374018 0.007253693 0.0007224884 -0.003352991 0.006568359 -0.005876183 -0.003351843 -0.007263977 0.005195648 -0.00334659 -0.006544464 0.003807587 -0.00334548 0.005806061 -0.000500267 -0.003336123 -0.007271179 0.00319635 -0.00333032 0.007200439 0.006433311 -0.003328432 -0.00727475 -0.004553314 -0.003328085 0.006553864 -0.003891678 -0.003323687 -0.006088928 -0.005438789 -0.003320383 -0.007278412 0.001197044 -0.003320066 0.007203888 0.006432289 -0.003317949 -0.005821869 -0.001832024 -0.003314138 0.006560944 -0.001892334 -0.003313231 0.006561401 -0.00489238 -0.003307383 -0.005827362 -0.001831451 -0.003306864 -0.005826569 0.004418549 -0.003306623 -0.005826172 0.002418556 -0.003306505 -0.005825958 -0.003831436 -0.003306406 -0.005825806 0.0004185562 -0.003306288 -0.005825317 0.0001685562 -0.0033062 -0.005825439 -0.001581436 -0.003306013 -0.005825134 -0.003581436 -0.003305532 -0.005823975 0.002168564 -0.00330514 -0.005823395 0.004168571 -0.003304632 -0.007285553 -0.0008022461 -0.003300173 0.006567993 0.0001069946 -0.003295702 0.007289612 0.002719086 -0.003288862 -0.007292694 -0.002801552 -0.003286184 0.006575012 0.002106331 -0.00328348 0.00584137 0.001496452 -0.003275091 -0.006580505 0.001811111 -0.003273863 -0.005846771 0.00442041 -0.003273809 -0.01154477 0.0065 -0.003273809 0.01154477 -0.0065 -0.003273809 0.01154477 0.0065 -0.003273077 -0.007299805 -0.00480085 -0.003272181 0.00658197 0.004105667 -0.003271372 -0.00655423 0.005825287 -0.003261236 -0.005853821 0.002421104 -0.003256773 0.006619598 -0.00587912 -0.003254457 -0.01155026 -0.0065 -0.003254427 -0.005857605 -0.003828522 -0.003248587 -0.00586084 0.0004217987 -0.00324357 0.006070007 0.005384087 -0.003242647 0.006596588 -0.002895744 -0.003235926 -0.005867859 -0.001577507 -0.003223246 -0.005874817 -0.003576805 -0.003221273 0.005875885 0.003493164 -0.00322101 0.005876038 0.003493149 -0.003220209 0.00587381 0.001493134 -0.003219446 0.005872406 -0.0005068817 -0.003219015 0.005871704 -0.002506897 -0.003218966 0.005871765 -0.004256882 -0.003218939 0.005871674 -0.004506889 -0.003218935 0.005871674 -0.002256882 -0.003218931 0.005871613 0.003743103 -0.00321892 0.005871613 -0.0002568893 -0.00321892 0.005871613 0.001743111 -0.003216913 0.007324707 0.004715683 -0.00320318 -0.006615845 -0.0001853638 -0.003171591 0.006631042 -0.0008991241 -0.003168921 -0.006167175 -0.005433678 -0.003156057 -0.007351135 0.005454315 -0.003151964 -0.006174805 -0.005433136 -0.003144453 0.006679382 -0.005882545 -0.003134706 0.007266571 0.006413879 -0.00313088 -0.00665036 -0.002181839 -0.00310602 -0.006637939 0.005830475 -0.003101213 0.006140869 0.005379532 -0.003100084 0.006664764 0.001097496 -0.003079706 -0.006674225 0.004820648 -0.00307696 0.007384613 -0.005540367 -0.003075739 -0.007385132 0.003457848 -0.00306526 -0.006680878 0.00282135 -0.003061113 0.007391174 -0.003541046 -0.003058195 -0.006684082 -0.004178307 -0.003050871 -0.005966187 0.004182594 -0.003050802 -0.006687469 0.0008220444 -0.003045248 0.007397736 -0.001541725 -0.003045004 0.007397827 -0.00529174 -0.003036329 -0.006694031 -0.001177254 -0.003034002 0.005974762 -0.00426667 -0.003029367 0.007404236 0.0004575958 -0.003028124 0.006697754 0.003094093 -0.003021841 -0.006700592 -0.003176552 -0.003021284 0.005981201 -0.002267342 -0.00302046 0.005981598 -0.004517387 -0.003013468 0.007410706 0.002456902 -0.003008554 0.00598761 -0.0002680054 -0.003007338 -0.006707123 -0.00517585 -0.002997553 0.007417175 0.004456223 -0.002995806 0.005993988 0.001731331 -0.002995062 -0.007418213 0.001461372 -0.002993204 -0.007418945 -0.0065 -0.002993177 -0.007418854 0.001461456 -0.002992167 -0.007416138 0.003461441 -0.002992052 -0.007416321 -0.0005385513 -0.002991434 -0.007414337 0.005461441 -0.002991301 -0.00741449 -0.002538551 -0.002991011 -0.007413635 0.005211441 -0.002990961 -0.007413513 0.003211449 -0.002990953 -0.007413452 -0.004538559 -0.002990931 -0.007413391 0.001211441 -0.002990923 -0.0074133 -0.004788559 -0.002990915 -0.00741333 -0.0007885513 -0.002990911 -0.0074133 -0.002788559 -0.002985685 -0.005999054 0.002186111 -0.002983034 0.006000366 0.003730659 -0.002981623 0.007423584 0.006455544 -0.002979895 -0.006701782 0.005834419 -0.0029648 0.007430328 -0.003295181 -0.00295611 0.006013672 -0.002520744 -0.002955732 0.006730042 0.005090675 -0.002949991 0.006773926 -0.005888412 -0.002941912 0.00732431 0.00639476 -0.002920134 -0.006031219 0.0001896362 -0.002914049 -0.007450378 -0.0005351105 -0.00289982 -0.006754303 0.005829323 -0.002893911 -0.006740631 0.005837059 -0.002891336 0.006045074 -0.0005241165 -0.002884169 0.007462006 -0.001298645 -0.002883459 0.00746228 -0.0065 -0.002883459 0.00746228 0.0065 -0.002883451 0.00746225 -0.001298676 -0.002882483 0.007459534 -0.003298683 -0.002882353 0.007459656 0.0007013092 -0.002882311 0.007459045 0.006451309 -0.002882162 0.007458679 0.004451302 -0.002882025 0.007458313 0.002451309 -0.002881891 0.007457977 0.0004513016 -0.002881781 0.007457703 -0.005298698 -0.002881777 0.007457672 -0.001548698 -0.002881674 0.007457458 -0.003548706 -0.002881643 0.007457794 0.002701294 -0.002881578 0.007457245 -0.005548698 -0.002881315 0.007456818 0.004701286 -0.0028799 -0.006296997 -0.005424316 -0.002875986 0.006240326 0.005372391 -0.002854219 -0.006062714 -0.001806839 -0.002842287 0.006821472 -0.005891624 -0.002832708 -0.00748172 -0.002531586 -0.002831984 -0.006315948 -0.005422783 -0.002826143 0.006075836 0.001472496 -0.002826021 -0.006785522 0.003832848 -0.002813234 0.007362854 0.006381996 -0.002812994 0.006268127 0.005370392 -0.002812578 0.006791107 -0.003916046 -0.00280757 -0.006084442 0.004445648 -0.002803133 0.007492828 0.0006978989 -0.002798002 0.006797119 -0.001916725 -0.002797785 0.006797211 -0.004916733 -0.002794401 -0.006090515 0.002446342 -0.002787962 -0.006093475 -0.003803314 -0.002783411 0.006803101 8.25882e-05 -0.002781221 -0.006096527 0.000447052 -0.002779562 -0.006097229 0.0004471283 -0.002779455 -0.006096954 -0.003802864 -0.002779371 -0.006096863 -0.001552864 -0.002779356 -0.00609671 0.002447136 -0.002779158 -0.006096222 0.004447136 -0.002779142 -0.006096375 -0.003552864 -0.002778536 -0.006094788 -0.001802872 -0.002777887 -0.006093384 0.0001971359 -0.002777529 -0.006092682 0.002197136 -0.002777494 -0.006092743 0.004197136 -0.002774397 -0.00750354 0.005220924 -0.002768805 0.006809082 0.002081909 -0.002768026 -0.006102539 -0.001552254 -0.00276166 0.006287994 0.005368774 -0.002760546 0.006105896 0.003469093 -0.002758177 -0.007509491 0.003221626 -0.002754816 -0.006108521 -0.003551552 -0.002754183 0.006814972 0.004081223 -0.002751894 -0.006815918 0.001836365 -0.002751055 -0.007512115 -0.004528069 -0.002745253 -0.007514221 0.0065 -0.002741945 -0.007515442 0.001222321 -0.002725698 -0.007521362 -0.0007769775 -0.002724085 0.006827057 -0.002920189 -0.002721701 0.007522766 0.00269442 -0.00270944 -0.007527222 -0.002776283 -0.002693178 -0.007533051 -0.004775581 -0.002688398 0.006135223 0.003465393 -0.002687769 0.00613382 0.00146537 -0.002687742 0.006134064 -0.00428463 -0.002687647 0.00613385 -0.00453463 -0.002687643 0.00613385 -0.00228463 -0.002687563 0.006133667 -0.0002846375 -0.002687494 0.006133484 0.001715363 -0.002687441 0.006133331 0.003715363 -0.002687418 0.006133087 -0.0005346375 -0.002687368 0.006133118 -0.002534637 -0.0026826 -0.006836029 0.005843536 -0.002677458 -0.00684549 -0.0001601028 -0.002665918 0.006899353 -0.005896881 -0.002656023 0.007402588 0.006366432 -0.002650003 0.00685614 -0.0009236374 -0.002649168 0.006906738 -0.005897377 -0.002639887 0.00755188 0.004690941 -0.00260272 -0.006874268 -0.002156586 -0.002587225 -0.006412689 -0.005414986 -0.002585138 -0.006413513 -0.005414917 -0.0025763 -0.006185913 0.00420784 -0.002575548 0.00688446 0.001072891 -0.002573526 -0.007574768 0.005479523 -0.002564047 0.00619101 -0.004291046 -0.00255076 0.006196472 -0.002291725 -0.002550558 0.006196564 -0.00454174 -0.002549143 -0.006894318 0.004845924 -0.002537458 0.006201935 -0.0002924118 -0.002534243 -0.00689978 0.002846626 -0.002527697 -0.006902222 -0.004153069 -0.002524141 0.006207397 0.001706909 -0.002520979 -0.006900513 0.005848389 -0.002519579 0.006381805 0.00536116 -0.002519323 -0.006905243 0.0008473282 -0.002510809 0.006212769 0.003706223 -0.002508726 -0.006213623 0.002211372 -0.002504396 -0.006910706 -0.001151978 -0.002503428 -0.012 0.006350838 -0.002503428 0.012 -0.006350845 -0.002503428 0.012 0.006350838 -0.002500727 0.006912018 0.00306942 -0.00249402 0.007601288 -0.005565247 -0.002490995 -0.007602295 0.003483025 -0.002489462 -0.006916107 -0.003151283 -0.002488428 0.007444946 0.006349831 -0.002487696 -0.012 -0.006352692 -0.002483377 0.006223816 -0.002545189 -0.002477617 0.007606659 -0.003565948 -0.002474516 -0.006921417 -0.005150589 -0.002461767 0.007611816 -0.005316612 -0.002461199 0.007612 -0.001566643 -0.002451071 -0.006928406 0.005850479 -0.00245067 -0.0117471 0.0065 -0.002450666 0.0117471 -0.0065 -0.002450666 0.0117471 0.0065 -0.002444773 0.007617279 0.0004326706 -0.002440863 -0.006240601 0.0002148972 -0.002435907 -0.01175018 -0.0065 -0.002428328 0.007622559 0.002431976 -0.002425554 0.006938751 0.005065941 -0.002415842 0.006250336 -0.0005486374 -0.002411871 0.007627777 0.004431274 -0.002408209 -0.007628937 0.001486526 -0.002395399 0.007632965 0.00643058 -0.002379656 -0.006956909 0.005852615 -0.002378839 0.007638123 -0.003320122 -0.002372732 -0.006266815 -0.001781586 -0.002365301 -0.006961914 0.005853043 -0.002347963 0.006276154 0.001447891 -0.002345861 0.007474487 0.006335732 -0.002343245 0.00702594 -0.005906395 -0.002325804 -0.007654449 -0.0065 -0.002325796 -0.007654419 -0.0005100174 -0.00232519 -0.007654663 -0.0005099869 -0.002325045 -0.007651672 0.001489975 -0.002324873 -0.007651672 -0.002510025 -0.002324865 -0.006502838 -0.005406769 -0.002324472 -0.007649811 0.003489967 -0.002324427 -0.007650208 0.005239967 -0.002324331 -0.007649902 0.003239967 -0.002324301 -0.007649811 -0.004510033 -0.002324255 -0.007649628 0.00123996 -0.002324186 -0.007649384 -0.0007600327 -0.002324133 -0.00764917 -0.00276004 -0.002324129 -0.007648804 0.00548996 -0.002324091 -0.007648987 -0.004760033 -0.002323893 -0.006285095 0.004470932 -0.002314325 0.006450592 0.005354752 -0.002310305 -0.0062901 0.002471626 -0.002309042 0.007037567 -0.005907394 -0.002304338 -0.006292297 -0.003778069 -0.002296705 -0.006295074 0.0004723206 -0.002295588 0.007663574 -0.001323624 -0.002288748 -0.006985077 0.003858032 -0.002284777 -0.006516602 -0.00540551 -0.002283102 -0.006300018 -0.001526985 -0.002279753 0.006301239 0.00344442 -0.002276457 0.006989075 -0.003940941 -0.002269484 -0.006304932 -0.003526283 -0.002261896 0.006993805 -0.004941612 -0.002261374 0.006993958 -0.001941635 -0.00226116 0.006468414 0.005353096 -0.002246279 0.00699884 5.767059e-05 -0.002241953 -0.007679413 -0.0025065 -0.002231169 0.007003662 0.002056969 -0.002229383 -0.006317627 -0.003524269 -0.002229242 -0.00631723 -0.001524261 -0.002229101 -0.006316803 0.0004757309 -0.002229033 -0.006316589 -0.003774269 -0.002228975 -0.006316437 0.002475731 -0.002228861 -0.006316071 0.004475731 -0.002228502 -0.006315094 -0.001774277 -0.002228376 -0.006315155 0.004225731 -0.002228201 -0.006314362 0.0002257233 -0.002228148 -0.006314392 0.002225723 -0.00222114 0.006481842 0.005351852 -0.002216051 0.007008484 0.004056274 -0.002212687 -0.007009521 0.001861519 -0.002212656 0.007687897 -0.0065 -0.002212656 0.007687897 0.0065 -0.002212648 0.007687897 0.0006728897 -0.002212027 0.00768808 0.0006728592 -0.002211931 0.00768512 -0.00132711 -0.002211763 0.00768512 0.002672882 -0.00221139 0.007683197 -0.003327126 -0.002211298 0.007682922 0.006422874 -0.002211226 0.007682678 0.004422874 -0.002211222 0.007683228 0.004672867 -0.002211157 0.007682495 0.002422874 -0.002211103 0.007682343 0.0004228745 -0.002211058 0.00768222 -0.005327126 -0.002211054 0.00768222 -0.001577126 -0.002211016 0.007682129 -0.003577126 -0.002210989 0.007682068 -0.005577126 -0.002185701 0.007017975 -0.002945114 -0.002181528 -0.007696838 0.005246017 -0.002164961 -0.007701508 0.003246712 -0.002160437 0.007512909 0.006317383 -0.002158514 -0.007703308 -0.004503029 -0.002148775 -0.006558258 -0.005401306 -0.002148382 -0.007706116 0.001247398 -0.002136408 -0.007033173 -0.0001349792 -0.002135633 0.006349213 -0.004312874 -0.002135504 0.006348846 -0.004562866 -0.0021355 0.006348816 -0.002312866 -0.002135374 0.00634848 -0.0003128738 -0.002135263 0.006348145 0.001687126 -0.00213516 0.006347839 0.003687119 -0.002135126 0.00634729 0.003437126 -0.002135 0.006347351 -0.002562881 -0.002134832 0.006346527 0.001437119 -0.002134787 0.006346558 -0.0005628815 -0.0021318 -0.007710754 -0.000751915 -0.002128168 0.007711731 0.00266935 -0.002115206 -0.007715302 -0.002751228 -0.002109209 0.007041351 -0.0009486237 -0.002098604 -0.007719849 -0.004750542 -0.002086508 -0.006367859 0.004233025 -0.002085611 -0.007723358 -0.0065 -0.002078962 -0.007725128 0.0065 -0.0020753 0.006371521 -0.004315941 -0.002074888 -0.007726227 -0.006499557 -0.002074598 -0.007725159 -0.006498955 -0.002071203 -0.007064301 0.005861671 -0.002062029 0.006375793 -0.00456662 -0.002061552 0.006375946 -0.002316635 -0.002059931 -0.007055939 -0.0021315 -0.002050703 0.007125275 -0.005914909 -0.002047789 0.006380402 -0.000317337 -0.002044039 0.007734467 0.004665833 -0.002034014 0.006384796 0.001681976 -0.002032434 0.007063904 0.001047867 -0.002032385 0.0071315 -0.005915451 -0.002020231 0.006389191 0.003681282 -0.002017164 -0.006390137 0.002236519 -0.002004622 -0.006597198 -0.005396896 -0.002004412 -0.007071899 0.004871017 -0.001992563 0.006397858 -0.002570114 -0.001989187 -0.007076233 0.002871704 -0.001983263 -0.00707785 -0.004128021 -0.001982882 0.007541718 0.006299828 -0.001977491 -0.00775174 0.005504456 -0.001973955 -0.007080475 0.0008723984 -0.001972898 -0.007741821 -0.006489258 -0.001958719 -0.007084717 -0.001126915 -0.001955381 0.007085602 0.003044342 -0.001947626 -0.006411682 0.0002400131 -0.001943472 -0.007088898 -0.003126228 -0.001928221 -0.007093048 -0.005125534 -0.001922831 0.006419159 -0.0005736313 -0.001917807 0.006568176 0.005342445 -0.001913736 -0.007111359 0.005866196 -0.001893511 -0.007772675 0.003507912 -0.001893465 0.007772705 -0.005590454 -0.00187808 0.007106506 0.005040825 -0.001877905 -0.006432465 -0.001756508 -0.00187665 0.007776764 -0.003591148 -0.00186125 0.007780487 -0.005341789 -0.001859827 0.007780792 -0.00159185 -0.001852839 0.006439697 0.001422859 -0.001842993 0.007784821 0.0004074478 -0.001840231 -0.006641632 -0.005391876 -0.001829412 0.00756665 0.00628466 -0.001827291 -0.006447021 0.004496017 -0.001826151 0.007788788 0.002406746 -0.001821142 -0.007139038 0.005868843 -0.001813414 -0.006450928 0.002496704 -0.001809393 -0.007792694 0.001511345 -0.001809298 0.007792725 0.004406052 -0.001808016 -0.006452423 -0.003753029 -0.001807508 -0.006648895 -0.005390892 -0.001799528 -0.006454803 0.0004973907 -0.001792437 0.0077966 0.00640535 -0.001787497 0.006600677 0.005338432 -0.001785635 -0.006458649 -0.001501915 -0.001782602 0.006459503 0.00341935 -0.001776323 0.007800293 -0.003345322 -0.001771738 -0.006462494 -0.003501228 -0.001757353 -0.007158112 0.005870674 -0.001756762 0.00721167 -0.00592337 -0.001746752 0.006609436 0.005337181 -0.001742094 0.007576965 0.006276039 -0.001739779 -0.007141632 0.003882904 -0.001738127 0.006611267 0.005336914 -0.001725145 -0.007811768 -0.0004852295 -0.001724283 0.007145386 -0.003966156 -0.00171673 0.007223328 -0.005924522 -0.001710131 0.007148773 -0.004966797 -0.001708826 0.007149078 -0.00196685 -0.001693357 0.007152771 3.244781e-05 -0.001691187 0.007819183 -0.001348846 -0.001677881 0.007156403 0.002031754 -0.001662485 -0.007160004 0.001886345 -0.001662401 0.007160034 0.004031044 -0.001661917 -0.006488953 0.004254143 -0.001661852 -0.006488098 -0.00349588 -0.001661779 -0.006487793 -0.00149588 -0.001661707 -0.006487549 0.0005041199 -0.001661669 -0.006487427 -0.00374588 -0.001661646 -0.006487305 0.00250412 -0.001661585 -0.006487122 0.004504112 -0.001661531 -0.006487427 0.00225412 -0.001661432 -0.006486633 -0.001745888 -0.001661379 -0.006486633 0.0002541199 -0.001640795 -0.007829926 -0.002481812 -0.0016402 -0.007830078 -0.0065 -0.001640196 -0.007830048 -0.002481789 -0.001639692 -0.00782724 -0.0004818115 -0.001639688 -0.007827942 0.005268196 -0.00163957 -0.007827454 0.003268188 -0.00163954 -0.007827271 -0.004481804 -0.001639471 -0.007826965 0.001268196 -0.001639376 -0.007826569 -0.0007318115 -0.001639296 -0.007825348 0.001518166 -0.001639292 -0.007826172 -0.002731812 -0.001639223 -0.007825806 -0.004731819 -0.001639135 -0.007825378 -0.006481827 -0.001639048 -0.007824371 0.003518166 -0.001638968 -0.00782431 0.005518158 -0.001632338 -0.00778775 -0.006456993 -0.001632105 0.007166992 -0.002970322 -0.001631361 -0.007787842 -0.006456902 -0.00163014 -0.012 0.006436363 -0.00163014 0.012 -0.006436371 -0.00163014 0.012 0.006436363 -0.001619902 -0.012 -0.006437157 -0.001615305 -0.01189078 0.0065 -0.001615305 0.01189078 -0.0065 -0.001615305 0.01189078 0.0065 -0.001605844 0.007837158 0.0006476288 -0.001605341 -0.01189212 -0.0065 -0.001586042 -0.00651059 0.004257912 -0.001585081 -0.007177551 -0.0001102219 -0.001578794 -0.007842682 0.005270691 -0.00157192 0.006513977 -0.004341156 -0.001566668 0.006515045 -0.004341408 -0.001566626 0.006514954 -0.004591415 -0.001566614 0.006514893 -0.002341415 -0.001566473 0.006514374 -0.0003414154 -0.001566339 0.006513916 0.001658585 -0.001566221 0.006513458 0.003658585 -0.001566015 0.006512665 -0.002591415 -0.001565649 0.006511139 -0.000591423 -0.001565569 0.006510345 0.003408585 -0.001565512 0.006510345 0.001408585 -0.001562029 -0.007846008 0.003271362 -0.001559015 0.006517059 -0.004591789 -0.001557829 0.006517365 -0.00234185 -0.001556345 -0.007847137 -0.004478409 -0.001553881 0.007184357 -0.0009738541 -0.001545263 -0.007849365 0.001272041 -0.001543726 0.006520721 -0.0003425522 -0.00153023 -0.006710266 -0.005382561 -0.001529619 0.006524048 0.001656746 -0.001528494 -0.007852631 -0.0007272873 -0.001524538 0.007853394 -0.0065 -0.001524538 0.007853394 0.0065 -0.0015245 0.00785321 0.002644272 -0.001524084 0.007850616 0.0006442719 -0.001523874 0.007850433 0.004644264 -0.001523703 0.007848633 -0.001355721 -0.001523455 0.007847595 -0.003355728 -0.00152342 0.007847473 0.006394272 -0.001523394 0.007847412 0.004394279 -0.001523378 0.007847382 0.002394272 -0.001523378 0.007847656 -0.005605728 -0.001523367 0.007847412 0.0003942795 -0.001523367 0.007847443 -0.001605728 -0.001523367 0.007847473 -0.005355721 -0.001523367 0.007847534 -0.003605721 -0.001520311 0.007854218 0.002644096 -0.001515581 -0.006527313 0.002261345 -0.001515501 0.006527344 0.003656044 -0.001511724 -0.007855896 -0.002726616 -0.001507578 -0.007194214 -0.002106812 -0.001495493 0.007606049 0.006251686 -0.001494947 -0.00785907 -0.004725937 -0.001487886 0.006533691 -0.002595322 -0.001475462 0.007200867 0.001022621 -0.001475386 0.006667572 0.005328857 -0.001471819 -0.007863464 -0.006475014 -0.001460783 -0.007803528 -0.00644091 -0.001450609 -0.007205933 0.004895683 -0.001445017 -0.006543304 0.0002647705 -0.001438215 -0.007238129 0.005879639 -0.001435209 -0.007209015 0.00289637 -0.00143461 0.007870331 0.004640572 -0.001429987 -0.007210022 -0.004103409 -0.001419802 -0.007212067 0.0008970413 -0.001416567 0.00654953 -0.0005988464 -0.001416395 0.007296417 -0.005933052 -0.001410074 -0.006731171 -0.005379005 -0.001404394 -0.007215057 -0.001102287 -0.001396875 0.007216522 0.003019096 -0.001396811 -0.007877136 0.0065 -0.001396406 0.00730127 -0.005933617 -0.001388987 -0.007218048 -0.003101616 -0.001374361 -0.006558502 -0.001731812 -0.001373575 -0.007221008 -0.005100945 -0.001373518 -0.007881226 0.005528915 -0.001345083 0.006564575 0.001397621 -0.001322428 -0.006569153 0.004520691 -0.001318132 0.007231323 0.005015564 -0.001308386 -0.006571991 0.002521362 -0.001305807 0.007620087 0.006232964 -0.001303625 -0.006572937 -0.003728401 -0.001294344 -0.006574768 0.0005220413 -0.001289934 -0.007819183 -0.006424889 -0.001288877 -0.007895477 0.003532272 -0.001288843 -0.007268524 0.005883751 -0.001284571 -0.006753021 -0.005375298 -0.001280661 0.00789682 -0.005615738 -0.001280298 -0.006577515 -0.001477287 -0.001273443 0.006578857 0.003394096 -0.00126745 -0.007272888 0.005884338 -0.001266249 -0.006580261 -0.003476616 -0.001263586 0.007899567 -0.003616447 -0.001248804 0.007901917 -0.00536705 -0.001246504 0.007902283 -0.001617142 -0.001229422 0.007904968 0.000382164 -0.001223024 0.006709473 0.005321167 -0.001219015 -0.006764404 -0.00537336 -0.001212328 0.007907623 0.002381462 -0.001204203 -0.007908844 0.001535622 -0.001195238 0.007910217 0.00438076 -0.001190588 0.007341797 -0.0059394 -0.001184233 -0.007254456 0.003907272 -0.001178137 0.007912781 0.006380066 -0.001162657 0.00791507 -0.003370567 -0.00116239 0.006719513 0.005319321 -0.001160994 0.007258209 -0.00399144 -0.001158808 0.007630951 0.006218445 -0.00115156 0.006720795 0.005318993 -0.001147413 0.007260376 -0.004992043 -0.001145304 0.007260681 -0.001992142 -0.001136335 0.007631653 0.006216232 -0.001129606 0.007263153 7.156372e-06 -0.001119509 -0.007921295 -0.0004610443 -0.001113905 0.007265564 0.002006462 -0.001113867 -0.007304108 0.005888557 -0.001106432 -0.007266754 0.001910622 -0.001098192 0.007267975 0.004005768 -0.001082388 -0.006612854 0.004282143 -0.001081949 -0.006610565 0.002282112 -0.00108172 -0.006608459 -0.003467918 -0.001081694 -0.006609009 0.0002820969 -0.00108169 -0.006608337 -0.001467918 -0.001081663 -0.006608215 0.000532074 -0.001081652 -0.006608185 -0.003717918 -0.001081644 -0.006608154 0.002532082 -0.001081625 -0.006608093 0.004532074 -0.001081602 -0.006608215 -0.001717918 -0.001079588 -0.006613434 0.004282272 -0.001076403 0.007927246 -0.001374084 -0.001071524 0.007365204 -0.005942749 -0.001068262 0.00727243 -0.002995567 -0.001060438 -0.007832092 -0.006403542 -0.001058405 0.006616852 -0.00436644 -0.001046022 0.006618805 -0.00461705 -0.0010441 0.00661911 -0.002367142 -0.001034819 -0.0079328 -0.002457726 -0.001029787 0.006621338 -0.0003678436 -0.001028616 -0.007278168 -8.604431e-05 -0.001015474 0.006623566 0.001631462 -0.001008665 -0.006624634 0.002285622 -0.001001154 0.006625763 0.003630768 -0.000990057 0.007938477 0.000622406 -0.0009890079 0.00728363 -0.0009990768 -0.0009846935 0.006627563 0.003629967 -0.0009846859 0.006627777 -0.002620033 -0.0009846325 0.006627075 0.001629974 -0.0009845715 0.006626587 -0.0003700256 -0.0009845181 0.006626129 -0.002370033 -0.0009845104 0.006626068 -0.004620026 -0.0009844646 0.006625732 -0.004370026 -0.0009842854 0.006625488 -0.0006200333 -0.0009840641 0.006623962 0.001379974 -0.0009839993 0.00662326 0.003379982 -0.0009738636 0.006629791 -0.00262056 -0.0009717999 -0.007940765 0.005294731 -0.0009549961 -0.00794278 0.003295395 -0.0009508038 -0.007288757 -0.002082726 -0.00095014 -0.00794339 -0.004454422 -0.0009417629 -0.007944366 -0.0065 -0.00094174 -0.007944244 0.001295898 -0.0009417362 -0.007944061 -0.004454094 -0.000941721 -0.007943878 0.003295906 -0.0009416676 -0.007943298 0.005295906 -0.0009416447 -0.007943634 -0.0007041016 -0.0009415569 -0.007943054 -0.002704117 -0.0009414845 -0.007941345 -0.002454094 -0.0009414768 -0.007942474 -0.004704117 -0.0009413853 -0.007941833 -0.006454124 -0.0009412708 -0.007939575 -0.0004541092 -0.0009411221 -0.007939636 0.005545853 -0.0009411182 -0.00793866 0.001545876 -0.0009410572 -0.00793869 0.00354586 -0.0009381962 -0.007944824 0.001296043 -0.0009377232 -0.00663504 0.0002889557 -0.0009289417 -0.007834808 -0.006391403 -0.0009214001 -0.007946777 -0.0007033081 -0.0009096737 0.007293976 0.000997406 -0.0009068089 -0.006804138 -0.005364288 -0.0009046001 -0.0079487 -0.002702652 -0.000903635 0.007948792 0.002618904 -0.000903368 -0.007338867 0.005894249 -0.0009016171 0.006640015 -0.0006240845 -0.0008928967 -0.007296051 0.004919739 -0.000887804 -0.007950592 -0.004702003 -0.0008774624 -0.007297913 0.002920387 -0.0008729954 -0.007298462 -0.004079422 -0.0008667812 -0.006644653 -0.001707726 -0.0008654919 -0.007953033 -0.006451134 -0.0008620243 -0.007299774 0.0009210434 -0.0008529491 -0.007836395 -0.006384392 -0.0008486881 0.006756744 0.005309837 -0.00084659 -0.007301544 -0.001078308 -0.0008311596 -0.007303345 -0.003077652 -0.000830267 0.007303436 0.002993904 -0.0008292904 0.006649445 0.001372406 -0.0008244877 0.007957397 -0.0065 -0.0008244877 0.007957397 0.0065 -0.0008244495 0.007957123 0.0046157 -0.0008242893 0.007954712 0.002615715 -0.0008240871 0.007952667 0.0006157227 -0.0008239307 0.007951569 -0.00138427 -0.0008239155 0.007952698 -0.005634285 -0.0008238888 0.007952393 -0.003634285 -0.0008238735 0.007952209 -0.005384285 -0.0008238697 0.007952179 -0.001634285 -0.0008238544 0.007951935 0.0003657227 -0.0008238468 0.007951416 -0.003384277 -0.0008238468 0.007951752 0.002365723 -0.000823843 0.007951477 0.006365723 -0.000823843 0.007951599 0.004365723 -0.0008194828 0.007641144 0.006184975 -0.0008171482 0.00795816 0.004615402 -0.0008157253 -0.007305084 -0.005076996 -0.0008139973 -0.006651337 0.004544731 -0.0008076077 -0.006812195 -0.00536145 -0.0007999249 -0.006653046 0.002545387 -0.0007958584 -0.006653534 -0.003704422 -0.0007858562 -0.006654724 0.0005460434 -0.0007734776 -0.012 0.006485619 -0.0007734776 0.012 -0.006485626 -0.0007734776 0.012 0.006485619 -0.0007718754 -0.01197516 0.0065 -0.0007718754 0.01197516 -0.0065 -0.0007718754 0.01197516 0.0065 -0.00077178 -0.006656372 -0.0014533 -0.0007684307 -0.012 -0.006485809 -0.0007678471 0.00741095 -0.005951164 -0.0007670841 -0.007963135 0.005552673 -0.0007668591 -0.01197549 -0.0065 -0.0007611599 -0.006815948 -0.005360123 -0.0007577114 -0.00665799 -0.003452652 -0.0007569027 0.006658051 0.003368896 -0.000750803 0.007312042 0.004990402 -0.0007421818 0.007414825 -0.005951881 -0.0007207165 -0.007839142 -0.006372185 -0.0007092762 -0.007363617 0.005899422 -0.0007039967 -0.007968994 0.0065 -0.0007034512 0.007641205 0.006173538 -0.0006949749 0.006767792 0.005305214 -0.000682169 -0.007970856 0.003555969 -0.0006612225 0.007972595 -0.005640892 -0.0006511211 -0.007371033 0.005900978 -0.0006440411 0.00797403 -0.003641586 -0.0006303005 0.00763913 0.006166321 -0.0006300297 0.007975128 -0.005392151 -0.0006268635 0.007975403 -0.001642273 -0.0006267834 -0.0073237 0.003930969 -0.0006160984 0.007428864 -0.005955345 -0.0006096821 0.007976715 0.0003570404 -0.0005970402 -0.007977692 0.00155928 -0.0005937939 -0.00682959 -0.005355331 -0.0005925045 0.007978027 0.002356346 -0.000591753 0.007326599 -0.004016586 -0.000578886 -0.007380249 0.005902901 -0.0005788784 0.007327667 -0.005017143 -0.0005759678 0.007327881 -0.002017273 -0.0005753231 0.007979279 0.004355652 -0.0005714016 -0.006676575 0.004305977 -0.0005601826 0.007329102 -1.796722e-05 -0.0005590954 0.006777588 0.005301132 -0.0005581417 0.007980499 0.006354965 -0.0005485668 -0.007329987 0.00193428 -0.0005443974 0.007330292 0.001981346 -0.0005434513 0.007981506 -0.003395622 -0.0005394611 0.00667923 -0.004391579 -0.0005344639 0.006779358 0.005300392 -0.0005342579 0.007636353 0.006156853 -0.0005286121 0.007331451 0.003980652 -0.0005277271 0.006680145 -0.004642143 -0.0005250721 0.006680359 -0.002392281 -0.0005117168 -0.007983612 -0.0004373932 -0.0005106831 0.006681488 -0.0003929672 -0.0005027676 0.007441467 -0.00595845 -0.0005000935 -0.006682251 0.00230928 -0.0004993267 0.007333496 -0.003020622 -0.0004962902 0.006682556 0.001606346 -0.0004937153 -0.006682495 0.002309586 -0.0004936008 -0.006680206 0.004309608 -0.0004935017 -0.006680603 0.0003095932 -0.000493372 -0.006678925 -0.001690392 -0.0004933529 -0.006677856 -0.003440361 -0.0004933453 -0.006677887 -0.001440361 -0.0004933414 -0.00667804 -0.003690361 -0.0004933414 -0.006677948 0.000559639 -0.0004933376 -0.006678192 0.004559631 -0.0004933376 -0.00667807 0.002559631 -0.0004819012 0.006683594 0.003605659 -0.000470171 -0.007335449 -6.239319e-05 -0.0004568729 0.007986938 -0.001399101 -0.0004552059 0.006685486 -0.00264563 -0.0004286251 -0.006687256 0.0003126068 -0.0004262066 -0.007988647 -0.002434052 -0.0004197826 0.00733847 -0.001024094 -0.0003950596 0.006688812 -0.0006484985 -0.0003950443 0.006687225 -0.002648491 -0.00039501 0.006686493 0.003601524 -0.0003949947 0.006686127 0.001601524 -0.0003949757 0.006685791 -0.0003984756 -0.0003949566 0.006685516 -0.002398468 -0.0003949528 0.006685486 -0.004648468 -0.0003949375 0.006685242 -0.004398476 -0.0003948689 0.006686554 0.001351509 -0.0003947887 0.006685028 0.003351524 -0.0003916035 -0.007340027 -0.002059052 -0.0003856335 -0.007831451 -0.006340927 -0.0003826847 0.006690002 -0.0006490936 -0.0003703175 0.007991425 0.0005974426 -0.0003678951 0.007631592 0.006140457 -0.0003616123 -0.007991852 0.005318481 -0.0003570004 -0.006691437 -0.001684052 -0.0003446026 -0.007992584 0.003319145 -0.0003405247 -0.007992767 -0.004430695 -0.00034025 0.00734259 0.0009724426 -0.0003322506 -0.007342987 0.004943474 -0.0003275814 -0.007993286 0.001319809 -0.0003166218 -0.007343658 0.002944145 -0.0003128796 -0.007343811 -0.004055695 -0.0003105564 -0.007993988 -0.0006795197 -0.0003101826 0.006693756 0.001347435 -0.0003028927 -0.006694122 0.004568481 -0.0003009853 -0.00734433 0.000944809 -0.0002935238 -0.007994598 -0.002678848 -0.0002886448 -0.006694763 0.002569145 -0.0002853374 -0.00734494 -0.00105452 -0.0002852306 -0.006694916 -0.003680702 -0.0002837887 0.007994965 0.002593987 -0.0002799206 -0.006840546 -0.005346275 -0.0002764874 -0.007995239 -0.004678185 -0.0002743855 -0.006695343 0.0005698166 -0.0002696934 -0.007345551 -0.003053848 -0.0002607479 0.007345825 0.002968987 -0.0002601261 -0.006695923 -0.00142952 -0.0002546902 -0.007995941 -0.006427322 -0.0002540379 -0.007346069 -0.005053185 -0.0002527561 -0.007407318 0.005911652 -0.0002493305 -0.007822327 -0.006327995 -0.000245863 -0.006696442 -0.003428856 -0.0002377071 0.006696747 0.003343987 -0.000236578 -0.006840057 -0.005345009 -0.0002359562 -0.007995819 -0.00642659 -0.0002359562 -0.007995056 -0.004676582 -0.0002359562 -0.007994507 -0.002676575 -0.0002359524 -0.007996521 -0.0065 -0.0002359486 -0.007993988 -0.0006765747 -0.0002359447 -0.0079935 0.001323441 -0.0002359371 -0.007993195 -0.004426559 -0.0002359333 -0.007993073 0.003323441 -0.0002359257 -0.007992645 0.005323448 -0.0002358799 -0.007991455 -0.002426544 -0.0002357998 -0.007990662 -0.0004265366 -0.000235796 -0.007993835 0.005573433 -0.0002357464 -0.007990784 0.001573463 -0.0002357349 -0.007991882 0.003573456 -0.0002309475 -0.007821106 -0.006326248 -0.0002198849 0.006787445 0.005291008 -0.0002018719 -0.006839691 -0.005343994 -0.0001973133 0.007997559 0.004590538 -0.0001812954 0.007348236 0.004965546 -0.0001748524 0.007465302 -0.005967369 -0.0001674786 0.006786377 0.005289459 -0.0001547718 -0.007998505 0.005576607 -0.0001433849 -0.007411621 0.005914597 -0.0001180248 0.00799646 0.004587418 -0.0001180019 0.007994446 0.002587433 -0.0001179867 0.007999146 -0.0065 -0.0001179867 0.007999146 0.0065 -0.0001179447 0.007993347 0.0005874405 -0.0001178761 0.007993195 -0.00141256 -0.0001178722 0.007996521 -0.00566259 -0.000117857 0.007996033 -0.00366259 -0.0001178493 0.007995667 -0.005412582 -0.0001178455 0.007995575 -0.001662582 -0.0001178379 0.007995178 0.0003374252 -0.0001178341 0.007993988 -0.003412567 -0.0001178341 0.007994171 0.006337425 -0.0001178341 0.007994812 0.002337425 -0.0001178303 0.007994476 0.004337425 -0.0001101246 0.007467163 -0.005969109 -6.86512e-05 -0.007999695 0.003580002 -6.307793e-05 -0.00735022 0.003955009 -5.750084e-05 -0.006700714 0.004330002 -5.25074e-05 -0.007809143 -0.006309326 -4.08268e-05 0.007999878 -0.005665665 -3.80764e-05 0.007469177 -0.005971046 -3.367043e-05 0.007607452 0.006107521 -2.370262e-05 0.007999969 -0.003666351 -2.178001e-05 0.007350464 -0.004041344 -1.985359e-05 0.006700928 -0.004416344 -1.058769e-05 0.008 -0.005416862 -9.725571e-06 0.007350464 -0.00504187 -8.871078e-06 0.006700958 -0.004666862 -6.578445e-06 0.008 -0.001667023 -6.048203e-06 0.007350494 -0.002042023 -5.804062e-06 -0.008 0.0065 -5.51033e-06 0.006700958 -0.002417023 -5.331039e-06 -0.007416992 0.005918327 1.907349e-09 -0.012 -0.0065 1.907349e-09 -0.012 0.0065 1.907349e-09 0.012 -0.0065 1.907349e-09 0.012 0.0065 8.825302e-06 0.006700958 -0.0004177017 9.679794e-06 0.007350464 -4.270172e-05 1.053429e-05 0.008 0.0003323059 1.473045e-05 -0.006700958 0.002333412 1.615715e-05 -0.007350464 0.001958412 1.758385e-05 -0.007999969 0.001583412 2.316093e-05 0.006700928 0.001581627 2.540398e-05 0.007350433 0.001956627 2.764702e-05 0.007999939 0.002331619 3.445625e-05 0.006782257 0.005283478 3.474236e-05 -0.006837006 -0.005337082 3.748894e-05 0.006700867 0.003580948 3.848076e-05 0.00759906 0.006100418 4.112434e-05 0.007350372 0.003955948 4.475975e-05 0.007999878 0.004330948 5.858421e-05 0.007596741 0.006098442 6.186104e-05 0.007999756 0.006330276 6.33564e-05 0.006700653 -0.002670273 6.949425e-05 0.007350159 -0.003045273 7.461739e-05 -0.007420105 0.005920486 7.56321e-05 0.007999634 -0.003420273 8.703804e-05 -0.006700409 0.0003368301 9.487724e-05 0.006781036 0.005281685 9.547615e-05 -0.007349854 -3.816986e-05 9.870338e-05 -0.006696014 0.004337433 9.871864e-05 -0.00669751 0.00233741 9.88102e-05 -0.006699799 0.0003373947 9.882545e-05 -0.00669577 -0.00341256 9.883308e-05 -0.006695984 -0.00141256 9.884071e-05 -0.006696228 0.0005874329 9.884834e-05 -0.006696472 0.002587433 9.884834e-05 -0.006696411 -0.003662575 9.885597e-05 -0.006696747 0.004587425 9.88636e-05 -0.006698181 -0.001662582 0.0001039104 -0.007999329 -0.0004131622 0.0001354847 0.006699585 -0.0006736679 0.0001486149 0.007348969 -0.001048668 0.0001533108 0.007474609 -0.005976189 0.0001594105 -0.006699066 -0.001659737 0.000159605 -0.006831543 -0.005333412 0.0001617489 0.007998352 -0.001423676 0.0001748638 -0.007348419 -0.002034729 0.0001903172 -0.007997742 -0.002409737 0.0001974545 0.006693604 0.001573463 0.0001974545 0.006693787 0.003573463 0.0001974583 0.00669342 -0.0004265366 0.0001974583 0.006694244 -0.002676544 0.0001974621 0.006693329 -0.002426537 0.0001974659 0.006693298 -0.004676537 0.0001974697 0.006693207 -0.004426529 0.0001975193 0.006695923 -0.0006765671 0.0001976337 0.006695374 0.003323433 0.0001976452 0.006697662 0.001323418 0.00020751 0.006697754 0.001322945 0.0002147427 -0.00669751 0.004592896 0.0002276211 0.007346924 0.0009479446 0.0002291203 -0.006697052 0.002593575 0.0002318439 -0.00669696 -0.003656288 0.0002355595 -0.00734671 0.004967896 0.0002434978 -0.006696533 0.0005942688 0.000247736 0.007996155 0.0005729523 0.0002513294 -0.007346191 0.002968582 0.0002543163 -0.007346069 -0.004031296 0.0002563725 -0.00799588 0.005342896 0.0002578793 -0.006696014 -0.001405052 0.0002670994 -0.007345642 0.0009692612 0.0002722569 -0.006695435 -0.003404366 0.0002735348 -0.007995331 0.003343582 0.0002767887 -0.007995209 -0.004406288 0.0002791996 -0.007772278 -0.006277298 0.000279417 0.006695129 0.00331958 0.0002828732 -0.007345032 -0.001030052 0.0002907009 -0.00799472 0.001344261 0.0002919979 -0.006821411 -0.005329475 0.0002986469 -0.007344421 -0.003029366 0.0002990856 0.007568848 0.006074753 0.0003065014 0.007344086 0.002944572 0.0003078671 -0.00799408 -0.0006550522 0.0003144245 -0.00734375 -0.005028679 0.000325037 -0.007993378 -0.002654366 0.0003335857 0.007993011 0.00256958 0.000342207 -0.007992676 -0.004653687 0.0003526745 -0.007760834 -0.006270081 0.0003549557 0.006763672 0.005274033 0.0003633099 -0.00799176 -0.006402832 0.0003852367 0.007340393 0.004941216 0.0004023914 -0.006812988 -0.005326187 0.0004029331 -0.007418488 0.005929413 0.0004096622 0.00676001 0.00527243 0.0004192753 0.007989014 0.004566223 0.0004308224 -0.007417114 0.005930176 0.000457262 -0.007744537 -0.006259804 0.0004610806 -0.006685089 0.004354652 0.000463892 -0.007986542 0.005601181 0.0004713154 -0.007980591 0.005351532 0.0004713192 -0.007980835 0.003351524 0.000471323 -0.007980896 -0.004398476 0.0004713306 -0.00798111 0.001351524 0.0004713306 -0.007980133 -0.002398468 0.0004713421 -0.007981415 -0.0006484756 0.0004713573 -0.00798175 -0.002648483 0.0004713802 -0.007982086 -0.004648483 0.0004714031 -0.007980286 -0.000398468 0.0004714108 -0.007982605 -0.006398483 0.0004715137 -0.007981384 0.001601532 0.0004716244 -0.007983429 0.003601517 0.0004716778 -0.007985779 0.005601494 0.0004717083 -0.007986084 -0.0065 0.0004771976 -0.006807251 -0.005323967 0.0004815617 0.007469391 -0.005984901 0.0004957371 0.006682587 -0.004440514 0.0005057735 -0.007333069 0.003979652 0.0005058842 0.006681854 -0.004690987 0.000509901 0.006681549 -0.002441177 0.0005107174 0.006750183 0.005269478 0.0005240612 0.00668045 -0.0004418335 0.0005336018 -0.006679687 0.002358139 0.0005379505 0.007466003 -0.005986382 0.0005382137 0.006679321 0.001557503 0.0005437908 0.007330353 -0.004065514 0.0005504665 -0.007981049 0.00360466 0.0005515461 0.007465179 -0.005986732 0.0005523586 0.006678131 0.003556854 0.0005549183 0.007329498 -0.005065987 0.0005593281 0.007329163 -0.00206617 0.0005748615 0.007327942 -6.68335e-05 0.0005749226 0.007979309 -0.005689857 0.0005771732 0.006676056 -0.00269429 0.0005853252 -0.007327148 0.001983139 0.0005889835 0.007972565 0.002559631 0.0005890141 0.007973572 0.004559616 0.0005890369 0.007972504 0.0005596466 0.0005891476 0.007973297 -0.001440369 0.0005892849 0.007975067 -0.003440384 0.0005893078 0.007975372 0.006309608 0.0005893345 0.007975861 0.004309601 0.0005893574 0.007976379 0.002309601 0.0005893764 0.007977692 -0.005690422 0.0005893841 0.007976929 0.0003095932 0.0005894108 0.007977539 -0.001690414 0.0005894184 0.007977692 -0.005440414 0.0005894337 0.007978149 -0.003690422 0.0005894375 0.007978241 -0.0065 0.0005894375 0.007978241 0.0065 0.0005903835 0.007326721 0.00193251 0.0005918446 0.007978058 -0.003690521 0.0006039524 0.007977173 -0.005440987 0.0006058979 0.007325439 0.003931854 0.0006061115 -0.006673492 0.000361618 0.0006087513 0.007976807 -0.001691177 0.0006095791 -0.007720825 -0.006244843 0.0006245556 0.006735535 0.005266151 0.0006256542 0.007975494 0.0003081741 0.0006302013 0.007515808 0.006042183 0.0006331158 0.007323151 -0.003069298 0.0006370449 -0.007974609 0.001608131 0.0006375179 0.007514313 0.006041458 0.0006425495 0.007974152 0.00230751 0.0006435413 -0.007406677 0.005935997 0.0006482868 0.006669525 -0.0006975937 0.0006594334 0.007972748 0.004306854 0.0006648579 -0.007320374 -1.337433e-05 0.0006763134 0.007971344 0.006306198 0.0006785946 -0.006666534 -0.00163488 0.0006890621 0.007970245 -0.003444298 0.0006900768 -0.006660309 0.004365723 0.0006901073 -0.006661011 0.002365715 0.0006902561 -0.006662537 0.000365715 0.0006903591 -0.006662079 -0.003384285 0.0006903934 -0.006662445 -0.001384285 0.0006904278 -0.006662842 0.000615715 0.0006904583 -0.006663177 -0.003634293 0.0006904659 -0.006663239 0.002615715 0.0006905003 -0.006663696 0.004615707 0.0006905499 -0.006664825 -0.0016343 0.0006924267 -0.007970001 0.0065 0.0006955967 0.00750238 0.006035728 0.0007111187 0.00731601 -0.001072594 0.0007192135 0.006662262 0.001299126 0.0007236118 -0.007967224 -0.0003883743 0.0007319546 -0.007402313 0.005938416 0.0007346592 -0.006660583 0.004617828 0.0007443676 -0.007312714 -0.00200988 0.000749033 -0.006658966 0.002618523 0.0007510395 -0.006658752 -0.003631386 0.0007634029 -0.006657349 0.0006192169 0.000771883 -0.01197516 -0.0065 0.000771883 -0.01197516 0.0065 0.000771883 0.01197516 -0.0065 0.000771883 0.01197516 0.0065 0.0007734852 -0.012 -0.006485626 0.0007734852 -0.012 0.006485619 0.0007734852 0.012 -0.006485626 0.0007734852 0.012 0.006485619 0.0007739582 0.007962463 -0.001447586 0.0007777691 -0.00665567 -0.001380089 0.0007882519 0.006649658 -0.002704147 0.0007882557 0.006649536 0.00354586 0.0007882633 0.006649506 0.00154586 0.0007882748 0.006649506 -0.0004541321 0.00078829 0.006649536 -0.002454132 0.0007882938 0.006649567 -0.004704124 0.0007883053 0.006649597 -0.004454132 0.0007883167 0.006650482 -0.0007041473 0.0007885036 0.006652069 0.001295876 0.0007888355 0.006654297 0.003295906 0.0007889271 0.007308014 0.0009241333 0.0007901134 0.006654205 0.003295845 0.0007913799 -0.006768402 -0.005314514 0.0007921391 -0.006653992 -0.003379387 0.0008058681 -0.007306183 0.004992828 0.0008097401 0.007449646 -0.005993515 0.0008101406 -0.007958893 -0.002384888 0.0008199596 -0.006763519 -0.005313644 0.0008216343 -0.007304413 0.002993523 0.0008238354 -0.007304169 -0.004006386 0.0008244495 0.006709869 0.005260315 0.0008374004 -0.007302643 0.0009942093 0.000853159 -0.007300812 -0.001005089 0.0008586369 0.007953766 0.0005491333 0.0008667011 0.007299194 0.002920845 0.0008683453 0.006702118 0.005259018 0.0008689213 -0.00729895 -0.003004395 0.0008770809 -0.007951782 0.005367821 0.0008846722 -0.007297058 -0.0050037 0.0008942394 -0.00794989 0.003368523 0.0008966312 -0.007949615 -0.004381378 0.0009113941 -0.007947906 0.001369217 0.000928545 -0.007945953 -0.0006300888 0.0009385777 -0.007654633 -0.00621196 0.000943285 0.007944183 0.002545845 0.0009445019 0.007289551 0.004917542 0.0009456959 -0.007943909 -0.002629395 0.0009475079 -0.007652435 -0.006211052 0.0009576168 0.007448578 0.00600988 0.0009628468 -0.007941864 -0.004628693 0.0009797153 -0.006628937 0.004379723 0.0009830608 -0.007939392 -0.006377876 0.001000246 -0.006732666 -0.005308144 0.001005037 0.006625153 -0.004464211 0.001008287 -0.007376465 0.00594603 0.001014414 0.006623718 -0.004714645 0.001019114 0.006623016 -0.002464867 0.001027964 0.007933685 0.004542542 0.001033186 0.00662085 -0.000465538 0.001047262 0.006618622 0.001533798 0.00105187 -0.006617889 0.00238324 0.001061335 0.006616364 0.003533142 0.00106148 -0.00737146 0.005947502 0.001074682 -0.007271484 0.004004715 0.001083399 -0.0079263 0.005626198 0.001085337 0.006612488 -0.002718002 0.001102045 -0.00671524 -0.005305046 0.001102453 0.007267334 -0.004089203 0.001109274 0.007418335 -0.006001411 0.001112741 0.007265747 -0.005089645 0.001117895 0.007264984 -0.002089874 0.001123911 -0.006606018 0.0003867569 0.001130045 -0.007607208 -0.006192467 0.001133333 0.007262573 -9.05304e-05 0.001134027 0.006655212 0.005251122 0.001137781 0.007415375 -0.006002167 0.001148771 0.007260162 0.001908798 0.001153822 -0.007259369 0.00200824 0.001156233 0.006600464 -0.0007213669 0.001164209 0.00725769 0.003908134 0.001169645 -0.007914032 0.003629723 0.001174757 -0.007907257 0.001379982 0.001174757 -0.007907166 0.003379982 0.001174761 -0.007907349 -0.0006200256 0.001174761 -0.007907196 -0.004370018 0.001174765 -0.007907104 0.005379982 0.001174776 -0.007907532 -0.002620026 0.001174795 -0.007907715 -0.004620026 0.001174826 -0.00790802 -0.006370026 0.001174849 -0.007907318 -0.002370026 0.001175055 -0.007908386 -0.000370018 0.001175131 -0.007910095 0.005629974 0.001175344 -0.007910431 0.001629974 0.001175627 -0.007912933 0.003629967 0.001175673 -0.007913116 -0.0065 0.001183065 0.007912018 -0.005713547 0.001190538 0.007253418 -0.003092995 0.001195841 -0.006593384 -0.001609711 0.001199869 0.007909515 -0.003714203 0.001200941 0.007386932 0.005985275 0.001207018 0.006638733 0.005248909 0.001211065 0.007907776 -0.005464653 0.001211966 0.007404327 -0.006004158 0.001216677 0.007906921 -0.001714867 0.001227091 0.006587646 0.001275253 0.001232851 -0.007246368 1.17569e-05 0.00123348 0.007904327 0.000284462 0.00125028 0.007901672 0.002283806 0.001252127 -0.006582947 0.004643044 0.001255781 -0.007900818 0.001633232 0.001266077 -0.007573547 -0.006178627 0.001266359 -0.006580231 0.002643745 0.001267084 0.007899017 0.004283134 0.001267637 -0.006579987 -0.003606186 0.001268309 0.007240204 -0.001096359 0.001276007 -0.006573242 0.002394272 0.001276068 -0.006573273 0.004394279 0.00127611 -0.006574005 0.0003942719 0.0012764 -0.0065755 -0.001605728 0.001276777 -0.00657724 0.004644264 0.0012768 -0.006576965 -0.003355728 0.001276884 -0.006577484 -0.001355728 0.001276896 -0.006577759 0.002644272 0.001276907 -0.00657782 -0.003605728 0.001276964 -0.006578003 0.0006442719 0.001280516 0.00736676 0.005977226 0.001280592 -0.006577454 0.0006444473 0.001283884 0.007896301 0.006282471 0.001290583 -0.007339661 0.005953865 0.001291285 0.007889221 0.004532082 0.001291353 0.007889252 0.002532082 0.001291555 0.007890198 0.0005320816 0.001291601 0.007891479 -0.005717896 0.001291677 0.007891937 -0.003717896 0.001291731 0.007892242 -0.005467888 0.001291758 0.007892426 -0.001717888 0.001291853 0.007892883 0.0002821274 0.001291857 0.007892059 -0.001467888 0.001291952 0.007893433 0.002282127 0.001292063 0.007894012 0.004282135 0.001292189 0.007894623 0.006282135 0.001292234 0.007894806 -0.003467865 0.00129225 0.007894958 -0.0065 0.00129225 0.007894958 0.0065 0.001294817 -0.006574677 -0.001354851 0.001295736 0.007894379 -0.003468002 0.001297899 0.006574066 0.003271873 0.001309038 -0.006571838 -0.003354156 0.00131175 -0.007232513 -0.001984718 0.001336245 0.007349884 0.005971428 0.001341791 -0.007886658 -0.0003632355 0.001342073 -0.006662567 -0.005297638 0.001346033 0.007226166 0.0009002609 0.001359888 -0.007547424 -0.006168961 0.001372839 0.006553802 -0.0007318344 0.001372892 0.006553802 -0.002731834 0.001372942 0.006553955 0.003518166 0.001372957 0.006554596 0.001268181 0.001372976 0.006554108 0.001518166 0.001373022 0.006554291 -0.0004818344 0.001373072 0.006554474 -0.002481834 0.001373091 0.006554565 -0.004731834 0.001373121 0.006554718 -0.004481827 0.001373278 0.006556122 0.003268188 0.001373491 -0.007221039 0.005018051 0.001377115 0.006600464 0.005243752 0.001380381 0.007880005 -0.001471367 0.001385374 -0.00787912 0.0065 0.001389109 -0.007218018 0.003018753 0.001390509 -0.007217743 -0.003981186 0.001391317 -0.007325714 0.005956657 0.001404718 -0.007215027 0.001019447 0.001409048 -0.006647888 -0.00529557 0.001420321 -0.007211945 -0.0009798584 0.0014237 0.007211273 0.002896866 0.001427664 -0.007871582 -0.002359718 0.001435919 -0.007208862 -0.002979149 0.001439337 0.006586426 0.005241859 0.001451509 -0.00720575 -0.004978447 0.001464972 0.007864716 0.0005252609 0.00146559 0.007366577 -0.006010948 0.001493658 -0.006532379 0.004404961 0.001494856 -0.0078591 0.005393051 0.001501299 0.007195526 0.004893463 0.001511858 -0.007855865 0.003393745 0.001512674 0.006528015 -0.00448851 0.00151338 -0.00785556 -0.004356194 0.001521299 0.00652597 -0.004738937 0.001526667 0.006524719 -0.002489197 0.001528708 -0.00749527 -0.006151367 0.001528845 -0.00785257 0.001394447 0.001540651 0.006521454 -0.0004898758 0.001545828 -0.007849243 -0.0006048508 0.001549505 0.007848511 0.002521866 0.001554636 0.006518127 0.001509445 0.001562803 -0.007845856 -0.002604149 0.001564779 -0.006515686 0.002408493 0.001568613 0.006514771 0.003508759 0.001579771 -0.007842468 -0.004603455 0.001583883 -0.007291901 0.005962029 0.001587072 -0.006600098 -0.005290001 0.001591753 0.006509155 -0.002742371 0.001592279 -0.007290405 0.005962265 0.001598925 -0.007838593 -0.006352661 0.001599642 0.007270142 0.005944031 0.001615309 -0.01189078 -0.0065 0.001615309 -0.01189078 0.0065 0.001615309 0.01189078 -0.0065 0.001615309 0.01189078 0.0065 0.001630144 -0.012 -0.006436371 0.001630144 -0.012 0.006436363 0.001630144 0.012 -0.006436371 0.001630144 0.012 0.006436363 0.001633959 0.00783136 0.004518463 0.001635698 -0.00649826 0.0004120178 0.001638437 -0.007165527 0.004029968 0.0016593 0.007160736 -0.00411351 0.001662085 0.006491547 -0.0007458191 0.001668756 0.007158569 -0.00511393 0.001674646 0.007157166 -0.002114189 0.001678205 -0.007449097 -0.006135788 0.001680826 0.007324768 -0.006016815 0.001689989 0.007153564 -0.0001148758 0.001698095 -0.007817719 0.005651436 0.001704149 0.007234985 0.005932953 0.001705324 0.007149902 0.001884445 0.001706408 -0.006480072 -0.001584465 0.001712255 -0.006566528 -0.005286087 0.001716448 -0.007147278 0.002033493 0.001720659 0.00714624 0.003883766 0.00173229 0.006473175 0.001250725 0.001740267 0.006503723 0.005232513 0.001746038 0.007140076 -0.003117371 0.001753862 0.007216553 0.005927582 0.001762377 -0.006465057 0.004668335 0.001776346 -0.006461212 0.002669037 0.001776903 -0.00646106 -0.003580933 0.001777334 0.006491638 0.005231339 0.00178216 -0.007411926 -0.006124763 0.001783216 -0.007798706 0.003654961 0.001789213 0.007797333 -0.005737831 0.001790308 -0.006457367 0.0006697311 0.001793005 0.007302979 -0.006019867 0.001794245 -0.007128143 3.701782e-05 0.001802351 0.006454041 0.003247253 0.001804258 -0.006453491 -0.001329575 0.001805918 0.007793488 -0.003738518 0.001816217 0.007791107 -0.00548893 0.001818201 -0.006449554 -0.003328873 0.001822622 0.007789581 -0.001739197 0.001823191 0.007120758 -0.001120819 0.001839323 0.007785675 0.0002601242 0.001851965 -0.006434753 0.0004228745 0.001852015 -0.006434753 0.002422874 0.001852144 -0.006435547 -0.001577133 0.001852278 -0.006435516 0.004422882 0.001852465 -0.006436707 0.004672874 0.001852571 -0.006437042 0.002672874 0.001852579 -0.006437042 -0.003577118 0.00185269 -0.006437439 0.0006728745 0.001852819 -0.006437866 -0.001327118 0.001852961 -0.006438293 -0.003327118 0.001853636 -0.006521484 -0.005281609 0.001856016 0.007781738 0.002259438 0.001866129 0.007285858 -0.006021889 0.00186812 -0.007778839 0.001658493 0.001868998 -0.007772339 -0.004591423 0.001869001 -0.00777243 -0.006341423 0.001869009 -0.007772339 -0.002591415 0.001869024 -0.007772339 -0.000591423 0.001869051 -0.0077724 0.001408585 0.001869085 -0.007772491 0.003408585 0.001869089 -0.007772522 -0.004341415 0.001869131 -0.007772644 0.005408585 0.001869196 -0.007773468 0.005658585 0.001869379 -0.007773529 -0.002341415 0.00186965 -0.007775391 0.003658585 0.001869844 -0.007775482 -0.0003414078 0.001870409 -0.007778198 0.001658592 0.001870436 -0.00777829 -0.0065 0.001871813 -0.007108185 -0.001959457 0.001872705 0.00777774 0.004258759 0.001879278 0.006458435 0.005228096 0.001889387 0.007773682 0.00625808 0.001900198 0.007100616 0.0008757248 0.001900324 0.007771027 -0.003492371 0.001914633 -0.007221832 0.005971313 0.001931135 -0.00721756 0.005971779 0.001933203 -0.007091705 0.005043335 0.001946672 0.006406769 0.00123996 0.00194673 0.006406769 -0.0007600403 0.001946863 0.006407532 0.003239967 0.001947001 0.006407501 -0.00276004 0.001947126 0.006407898 0.003489967 0.001947214 0.006408203 0.001489967 0.001947309 0.006408508 -0.0005100403 0.001947412 0.006408875 -0.002510033 0.001947462 0.006409027 -0.004760025 0.001947527 0.006409241 -0.004510033 0.001948526 -0.007087524 0.003044029 0.001949137 -0.007087341 -0.00395594 0.001952791 -0.007757996 -0.0003379822 0.001955332 0.007141968 0.005905823 0.001963842 -0.007083282 0.001044731 0.001977049 0.00707962 0.002872261 0.001979147 -0.00707901 -0.000954567 0.001983534 0.007744171 0.004504112 0.001983568 0.007744751 -0.00574588 0.001983622 0.007744965 -0.003745872 0.001983664 0.007745148 -0.005495872 0.00198369 0.007745239 -0.001745872 0.001983767 0.007745575 0.0002541275 0.001983835 0.007745148 0.00250412 0.001983854 0.007745941 0.002254128 0.001983953 0.007746307 0.004254135 0.001984068 0.007746735 0.006254135 0.001984148 0.00774704 -0.003495865 0.001984293 0.007750031 -0.001495819 0.001984316 0.00774704 0.0005041275 0.001984941 0.007749817 -0.001495842 0.001984949 0.007749847 -0.0065 0.001984949 0.007749847 0.0065 0.00199132 -0.007337128 -0.006102562 0.001994436 -0.007074738 -0.002953873 0.001998205 -0.006396118 0.004430168 0.002009214 0.007122009 0.005899994 0.002009722 -0.007070404 -0.004953178 0.002011503 -0.006471191 -0.005276611 0.00201499 0.006390808 -0.004513367 0.002022795 0.006388336 -0.004763763 0.002028765 0.006386475 -0.002514053 0.002032747 0.007246796 -0.006026489 0.002036669 0.006407196 0.005223099 0.00203721 -0.007736267 -0.002334457 0.002042536 0.00638208 -0.0005147552 0.002053728 0.007057739 0.004868782 0.002056295 0.006377655 0.00148455 0.002067648 -0.006373993 0.00243367 0.002067747 -0.007728149 0.0065 0.00206811 0.007728058 0.0005007248 0.002070051 0.006373199 0.003483856 0.002092085 -0.007296082 -0.006091667 0.002092119 0.006365997 -0.002767258 0.002104029 -0.007718384 0.005418335 0.002120707 -0.007713776 0.003419037 0.00212137 -0.007713593 -0.00433094 0.002136805 -0.006351135 0.0004371643 0.002137373 -0.007709198 0.001419731 0.002151751 0.0077052 0.002497253 0.002151777 -0.007160339 0.00597802 0.002154028 -0.007704559 -0.0005795746 0.002158384 -0.006416809 -0.005271904 0.002161234 0.006342865 -0.0007707596 0.002170675 -0.00769989 -0.002578873 0.002187307 -0.00769519 -0.004578171 0.002191889 -0.007016083 0.004055168 0.002205248 -0.007690063 -0.006327423 0.00220566 -0.006327545 -0.001559349 0.002210299 0.007010284 -0.004138367 0.002218859 0.007007568 -0.005138763 0.002225412 0.007005493 -0.002139061 0.002230131 0.00631897 0.001225731 0.002233145 -0.007139221 0.005980324 0.002235205 0.007681366 0.004493782 0.002240515 0.007000702 -0.0001397476 0.002249132 0.007187256 -0.006032555 0.00225561 0.00699585 0.00185955 0.002260775 -0.006308075 0.004693459 0.002268061 -0.006991821 0.00205867 0.002270697 0.006990936 0.003858856 0.002274218 -0.006303253 -0.003555862 0.002274351 -0.006303223 0.002694145 0.00228792 -0.006298279 0.0006948318 0.002291277 0.00700296 0.005868652 0.002294905 0.006983063 -0.003142258 0.002298792 0.006294312 0.003222221 0.002299105 -0.00721167 -0.00606929 0.002301474 -0.006293335 -0.001304474 0.002302347 -0.00766153 0.005676659 0.002306623 -0.006361877 -0.005267151 0.002308317 0.006995789 0.00586676 0.002315012 -0.006288361 -0.003303787 0.00232839 0.006296906 0.005213615 0.002331217 0.006295685 0.005213524 0.002343924 -0.006966766 6.216431e-05 0.00235095 -0.006343903 -0.005265717 0.002352446 0.007158813 -0.006035454 0.002370722 0.006957672 -0.00114576 0.002370813 0.006278595 0.005212204 0.002385576 -0.007636017 0.003680168 0.002389154 0.007634918 -0.005762672 0.002405611 0.00762973 -0.003763367 0.002408682 -0.007161316 -0.006057213 0.002411375 -0.006319305 -0.005263763 0.002413443 -0.006245972 -0.001548706 0.002413488 -0.006245941 0.0004512863 0.002413614 -0.006246521 0.004701294 0.002413691 -0.006246735 0.002701286 0.002413694 -0.006246735 -0.003548706 0.002413774 -0.006246979 0.0007012939 0.002413805 -0.006246643 0.002451302 0.002413877 -0.006247223 -0.001298706 0.002413988 -0.006247498 -0.003298698 0.002414373 -0.006248108 0.004451309 0.002414927 0.007626801 -0.005513756 0.002419455 -0.006940887 -0.001934341 0.00242206 0.007624542 -0.001764061 0.002438498 0.007619293 0.0002352448 0.002446299 0.006931458 0.0008507309 0.002450674 -0.0117471 -0.0065 0.002450674 -0.0117471 0.0065 0.002450674 0.0117471 -0.0065 0.002450674 0.0117471 0.0065 0.00245072 0.006928009 0.005850464 0.002454924 0.007614014 0.002234558 0.002468477 -0.00760965 0.00168367 0.002471346 0.007608704 0.004233856 0.00247991 -0.006919525 0.005068451 0.002487757 0.007603363 0.006233162 0.002488836 -0.006221649 0.004455093 0.002494654 -0.006914215 -0.003930862 0.002494802 -0.006914154 0.003069145 0.002497694 0.007600098 -0.003517258 0.002503435 -0.012 -0.006350845 0.002503435 -0.012 0.006350838 0.002503435 0.012 -0.006350845 0.002503435 0.012 0.006350838 0.002505274 0.006209625 0.003211449 0.00250532 0.006209595 0.001211441 0.002505651 0.006210297 -0.000788559 0.002506243 0.006211761 -0.002788559 0.002506475 0.006212372 0.003461441 0.002506636 0.006212769 0.001461449 0.002506807 0.006213257 -0.0005385513 0.002506987 0.006213745 -0.002538551 0.002507074 0.006213989 -0.004788551 0.002507174 0.006214233 -0.004538551 0.002507277 0.006214203 -0.004538551 0.002508448 0.007108459 -0.006039902 0.002509687 -0.006908752 0.001069839 0.002514215 0.006211426 -0.00478891 0.002520708 0.006208801 -0.002539253 0.002521612 0.006904419 0.002847214 0.002524549 -0.006903351 -0.0009294739 0.002534132 0.006203308 -0.0005399475 0.002539404 -0.006897919 -0.002928787 0.002547541 0.006197815 0.001459343 0.002547659 -0.007042633 0.005989273 0.002548094 0.006881653 0.005839325 0.002548647 -0.007576965 0.005687119 0.002548712 -0.007576935 -0.006312874 0.002548761 -0.007577026 -0.004562874 0.002548822 -0.007577179 -0.002562881 0.002548899 -0.007577393 -0.0005628738 0.002548929 -0.007577942 0.003687119 0.002548983 -0.007577576 0.001437126 0.002549078 -0.00757785 0.003437126 0.002549082 -0.00757785 -0.004312874 0.002549181 -0.007578156 0.005437126 0.002549562 -0.007579834 0.001687134 0.002549704 -0.007579742 -0.002312859 0.002550554 -0.00758252 -0.0003128586 0.002550562 -0.00758252 -0.0065 0.002551039 -0.007582367 -0.0003128357 0.002554243 -0.006892426 -0.004928101 0.002555986 -0.006194336 0.002458542 0.002559809 -0.0070383 0.005989616 0.002560938 0.006192291 0.003458649 0.00258021 0.007572479 -0.00152076 0.002581766 0.006183624 -0.002792442 0.002596659 0.006876526 0.004843697 0.00260132 0.006856354 0.005833237 0.002601404 -0.007072723 -0.006035973 0.002615263 0.006172913 0.005204071 0.002622778 -0.006166351 0.0004619827 0.002632792 -0.00705661 -0.006032448 0.002633249 -0.00755423 -0.002309341 0.002649019 0.006155121 -0.0007959671 0.002660082 0.007538361 -0.005774277 0.002660089 0.007538452 -0.003774269 0.002660109 0.007538513 -0.005524269 0.002660116 0.007538544 -0.001774277 0.002660154 0.007538696 0.0002257309 0.002660208 0.007538879 0.002225723 0.002660269 0.007539062 0.004225731 0.002660349 0.007539307 0.006225739 0.002660406 0.00753949 -0.003524269 0.002660563 0.007539429 0.004475731 0.002661066 0.007541382 -0.001524261 0.002661215 0.00754129 0.002475731 0.002662111 0.007544037 0.0004757385 0.002662115 0.007544067 -0.0065 0.002662115 0.007544067 0.0065 0.002662462 0.007543976 0.0004757233 0.002667517 0.007057098 -0.006044434 0.002689192 -0.006137695 -0.001534599 0.002699045 -0.007530945 0.005443451 0.002699919 -0.006191254 -0.005254333 0.002707224 -0.00698584 0.005993851 0.002707319 0.0061297 0.005200958 0.002710524 -0.006185944 -0.005253975 0.00271509 -0.007525208 -0.004305862 0.002715254 -0.007525146 0.003444145 0.002715963 0.006125885 0.001200508 0.002730074 -0.006824677 0.004080093 0.002731451 -0.007519257 0.001444832 0.002734343 -0.007518219 0.0065 0.002742929 -0.006113861 0.004718178 0.002744432 0.007514526 0.002472214 0.002747633 -0.007513367 -0.0005544739 0.002750303 0.006816559 -0.004163559 0.00275522 -0.006108337 -0.003531181 0.002756002 -0.006107971 0.002718857 0.002757917 0.006813477 -0.005163918 0.002763796 -0.007507446 -0.00255378 0.002765036 0.006810577 -0.002164253 0.002769056 -0.006102081 0.0007195358 0.002779764 0.006804596 -0.0001649551 0.002779943 -0.007501465 -0.004553093 0.002782095 -0.00609613 -0.001279793 0.002782583 0.006095886 0.003196976 0.00279447 0.006798584 0.001834351 0.002795118 -0.006090179 -0.003279121 0.002796556 -0.0074953 -0.006302383 0.00280374 -0.006794769 0.002083542 0.002807226 0.006746796 0.005808983 0.00280863 0.007004608 -0.006048515 0.002809172 0.006792511 0.003833641 0.002823854 0.006786407 0.005832947 0.002826109 0.007484192 0.004468704 0.002827906 -0.006127197 -0.005250099 0.002832014 0.00678302 -0.003167442 0.002848871 0.006065186 0.005193451 0.002858015 -0.006932129 0.005998169 0.002866442 0.006056915 0.005200958 0.002877005 -0.006764069 8.69751e-05 0.002888079 0.006703796 0.005799446 0.002890722 -0.007459473 0.005701637 0.00289805 -0.006920319 -0.00600264 0.002905787 0.00675174 -0.001170967 0.00294985 -0.006732605 -0.001909599 0.002956034 -0.00600824 0.004729309 0.002956045 -0.006008301 0.002729301 0.002956049 -0.006008301 -0.003520691 0.002956079 -0.006008362 0.0007293091 0.002956106 -0.006008301 -0.001520691 0.002956125 -0.006008484 -0.001270691 0.002956186 -0.006008606 -0.003270691 0.002956495 -0.006008972 0.0004793167 0.002957186 -0.006010406 0.00247934 0.002958166 -0.006012512 0.004479362 0.002961344 -0.006011108 0.00447953 0.002971315 -0.007427734 0.003705093 0.002977282 0.007425354 -0.005787857 0.002977816 0.00694165 -0.006053421 0.002979219 0.006719666 0.0008255005 0.002980482 -0.006050812 -0.005245041 0.002984934 0.00599942 -0.004563843 0.002990988 0.005996429 -0.004814171 0.00299333 0.007418884 -0.003788551 0.0029979 0.00599295 -0.002564545 0.003001616 0.007415558 -0.005538918 0.003005312 -0.0068591 -0.005990349 0.003008802 -0.006706451 0.005093178 0.003009367 0.007412384 -0.001789253 0.003010851 0.00598645 -0.0005652466 0.00302228 -0.006700409 -0.003906181 0.003023138 -0.006700043 0.003093857 0.003023787 0.00597995 0.001434059 0.003025393 0.007405853 0.0002100449 0.00302566 -0.005979004 0.002482887 0.003036707 0.005973389 0.003433357 0.003037458 -0.006693542 0.001094536 0.003041399 0.007399292 0.002209351 0.003043886 0.005963257 0.005200958 0.003044291 0.005963928 0.005182838 0.003044313 0.005963867 0.003182838 0.003044691 0.005964508 0.001182831 0.003045393 0.005965881 -0.0008171692 0.003045454 0.005966278 -0.004567169 0.003045549 0.005966461 -0.004817169 0.00304566 0.005966675 -0.002567169 0.003045877 0.005967102 -0.0005671692 0.003046118 0.005967499 0.001432831 0.00304637 0.005967987 0.003432823 0.003046404 0.005967987 -0.002817177 0.003051489 -0.007395172 0.001708542 0.00305176 -0.006687042 -0.0009047928 0.003052298 0.006686798 0.002821976 0.003056143 0.00596347 -0.002817696 0.003057398 0.0073927 0.004208649 0.003066046 -0.006680511 -0.002904114 0.003073381 0.007386108 0.006207947 0.003080317 -0.00667392 -0.004903442 0.003082262 0.007382385 -0.003542435 0.003089533 -0.005946228 0.0004862289 0.003110308 0.006572479 0.005772461 0.003120913 0.00592981 -0.0008212128 0.003125006 0.006653107 0.004818443 0.003131224 -0.007361755 -0.0002880249 0.003134405 0.006875458 -0.006058029 0.003145903 -0.0067789 -0.005974236 0.00315296 -0.005912872 -0.001510437 0.003162554 0.007348328 -0.001545967 0.003164042 -0.006807678 0.006007019 0.003168409 0.006538147 0.005765411 0.003171801 -0.006804108 0.006007248 0.003185289 0.005895477 0.00117527 0.003188848 -0.006754395 -0.005969315 0.003204844 -0.005884918 0.004742302 0.003208357 -0.007322113 0.003715355 0.003208384 -0.007322021 0.005715363 0.003208723 -0.00732309 0.00171537 0.003208868 -0.007322998 -0.006284622 0.00320899 -0.007323242 -0.004534622 0.003209131 -0.007323578 -0.002534622 0.003209284 -0.007323944 -0.0005346146 0.003209452 -0.007324341 0.001465385 0.003209501 -0.007324829 -0.0002846146 0.003209631 -0.007324738 0.003465393 0.003209642 -0.007324768 -0.004284607 0.003209822 -0.007325195 0.005465393 0.003210512 -0.007327515 -0.002284599 0.003210718 -0.007327423 -0.002284584 0.003210722 -0.007327423 -0.0065 0.003215933 -0.005878815 -0.003507118 0.003217302 -0.005878082 0.00274295 0.003229742 -0.005871246 0.0007436142 0.003238131 -0.005906616 -0.005236389 0.003242159 -0.00586441 -0.001255737 0.003242472 0.007313446 0.0004505081 0.003245459 -0.006770233 0.006009392 0.003248384 -0.00659375 0.00410453 0.003249266 0.005860474 0.003171761 0.003253023 -0.005898315 -0.005235886 0.00325456 -0.005857544 -0.003255074 0.003273813 -0.01154477 -0.0065 0.003273813 -0.01154477 0.0065 0.003273813 0.01154477 -0.0065 0.003273813 0.01154477 0.0065 0.00327426 0.006580933 -0.004188843 0.003274672 -0.007299072 0.005468185 0.003280901 0.006577637 -0.005189171 0.003283087 -0.005879639 -0.005234863 0.003283197 0.006812561 -0.006062416 0.003288485 0.006573822 -0.002189545 0.003289343 -0.007292511 -0.004281189 0.003290277 -0.007292053 0.003468857 0.003298094 0.0064534 0.005749161 0.003302691 0.006566711 -0.0001902466 0.003305861 -0.007285004 0.001469528 0.003312826 0.005824799 0.005168259 0.003315901 0.007273712 0.002197136 0.003315908 0.007273773 0.004197136 0.003315912 0.007273712 0.0001971359 0.003315931 0.007273865 0.006197136 0.003315939 0.007273743 -0.001802864 0.003315954 0.007273926 -0.003552864 0.003315966 0.007273773 -0.005552864 0.003315981 0.007273804 -0.003802864 0.003316038 0.007273895 -0.005802864 0.003316362 0.007274902 -0.001552856 0.003316877 0.00655957 0.001809052 0.003317202 0.007276764 0.0004471359 0.003317259 0.007276489 0.004447136 0.003318384 0.007279144 0.002447136 0.003318441 0.007279297 -0.0065 0.003318441 0.007279297 0.0065 0.00331893 -0.006558533 0.002107887 0.003321428 -0.007277924 -0.0005297852 0.003322012 0.007277649 0.002446976 0.003331053 0.006552368 0.003808357 0.003336973 -0.007270813 -0.002529114 0.003345209 0.006545166 0.005807663 0.003352369 0.006541504 -0.003192696 0.003352503 -0.007263641 -0.004528442 0.003354395 0.006778656 -0.006064552 0.003367697 -0.007256653 -0.006277786 0.003380072 -0.007250854 0.0065 0.00338413 0.00578363 0.005200958 0.003388998 -0.006522614 0.0001112366 0.003401148 0.007240997 0.004443451 0.003402899 -0.012 -0.006226822 0.003402899 -0.012 0.006226822 0.003402899 0.012 -0.006226822 0.003402899 0.012 0.006226822 0.003412062 -0.005767212 0.004503281 0.003423418 0.006504608 -0.001196213 0.00344211 0.006359314 0.00573111 0.003443609 0.005748444 -0.004589012 0.003448771 0.005745331 -0.004839302 0.003455992 0.005740967 -0.002589706 0.003458136 -0.007213959 0.005726158 0.003458574 -0.006485992 -0.001885437 0.003465528 -0.006669159 0.0060158 0.003468355 0.005733521 -0.0005904007 0.003473352 -0.005730499 0.002506577 0.00347357 -0.006574829 -0.005936005 0.003475492 -0.00572348 -0.003243111 0.003475515 -0.00572348 -0.001243118 0.00347555 -0.005723511 0.0007568817 0.003475603 -0.005723572 0.002756882 0.003475618 -0.005723602 -0.003493126 0.003475664 -0.005723663 0.004756874 0.003476107 -0.005724365 -0.001493141 0.003476683 -0.005725555 0.004506866 0.003476954 -0.005725769 0.0005068436 0.003477926 -0.005727478 0.002506836 0.003480703 0.005726044 0.001408913 0.003493029 0.005718536 0.003408226 0.00349404 0.006466949 0.0008002777 0.00351095 0.00570755 -0.002842781 0.003515486 -0.006455322 0.005117294 0.003517485 -0.005733887 -0.00522683 0.003527651 -0.006448669 -0.003882118 0.00352915 -0.006447845 0.003117958 0.003534346 -0.005693085 0.0005098877 0.003535425 -0.007176422 0.00372953 0.003542795 -0.006440369 0.001118607 0.003548094 0.007170166 -0.005813141 0.003556417 -0.006432861 -0.0008807297 0.003558962 0.005670837 0.005200958 0.003559507 0.005671509 0.005154366 0.003559923 0.005672089 0.003154358 0.003559977 0.005672424 -0.004595634 0.003560038 0.005672516 -0.004845642 0.003560122 0.005672668 -0.002595642 0.003560286 0.005672913 -0.0005956421 0.003560465 0.005673218 0.00140435 0.003560667 0.005673523 0.00340435 0.003560728 0.00567337 0.00115435 0.003560987 0.005674011 -0.00284565 0.003561903 0.005675323 -0.000845665 0.003563589 0.007162476 -0.00381385 0.003564215 0.006428528 0.002796761 0.003569029 -0.006510284 -0.005924667 0.003570024 -0.006425323 -0.002880081 0.003570814 0.007158844 -0.005564178 0.003572668 0.005669128 -0.0008462677 0.003579069 0.007154755 -0.001814545 0.003583471 0.006669708 -0.006071419 0.003583609 -0.006417755 -0.004879425 0.003594526 0.007146973 0.0001847534 0.003595026 -0.005654968 -0.001486778 0.003598829 -0.006490112 -0.005921127 0.003609972 0.007139191 0.002184059 0.003612204 -0.007138062 0.001732887 0.003625399 0.007131378 0.004183357 0.003628595 -0.006468597 -0.005917519 0.003633924 0.005630066 0.001150269 0.003633936 0.006389374 0.004793259 0.003638205 0.00621814 0.005705734 0.003640806 0.007123505 0.006182655 0.003645342 -0.005622681 0.004765999 0.003648596 0.007119507 -0.003567696 0.003655386 -0.00561615 -0.003483437 0.003657293 -0.005614899 0.00276667 0.003669226 -0.005607117 0.000767334 0.00368115 -0.005599304 -0.001231995 0.003688463 -0.007098969 -0.0002637634 0.003693056 -0.005591431 -0.003231331 0.003694693 0.005590363 0.003146805 0.003708941 0.006167206 0.005696579 0.003714632 -0.005598206 -0.00521978 0.003725927 0.007079376 -0.001571213 0.003737509 -0.005582428 -0.005218971 0.003738729 0.00658728 -0.006076149 0.003742792 -0.006326202 0.004128281 0.00375498 0.005550049 0.005143349 0.003760176 0.006126495 0.00568972 0.003762262 -0.006516418 0.006024513 0.003764189 -0.007059113 -0.002260429 0.003773813 -0.005557465 -0.005217667 0.003777395 0.006305603 -0.004214012 0.003783056 0.006302216 -0.005214302 0.003790979 0.006297455 -0.002214706 0.003802786 0.007038361 0.0004252701 0.003804541 0.006289276 -0.0002153931 0.003810022 -0.00628595 0.002131577 0.003818083 0.006281067 0.001783913 0.003826128 -0.007025726 0.005492302 0.003831606 0.006272827 0.003783218 0.003839369 -0.007018494 -0.004257118 0.003841002 -0.007017609 0.003492958 0.003842974 -0.00701001 0.001743118 0.003843031 -0.007009979 0.003743103 0.00384337 -0.007010803 -0.0002568665 0.003843508 -0.007010742 0.005743111 0.003843973 -0.0054888 0.004527229 0.00384424 -0.007012421 -0.002256851 0.003844564 -0.007012695 -0.006256866 0.003844782 -0.007013062 -0.004506859 0.003845026 -0.00701355 -0.002506851 0.00384511 0.006264557 0.005782532 0.003845289 -0.007014069 -0.0005068512 0.003845339 -0.007014282 0.005493164 0.003845564 -0.007014618 0.001493164 0.003845617 -0.007014771 -0.004256836 0.003845652 -0.007014832 0.003493164 0.003845758 -0.007015015 -0.0065 0.003851263 0.006260773 -0.003217789 0.003855848 -0.00700946 0.001493614 0.003863073 -0.006298828 -0.005889091 0.00387068 -0.007001282 -0.0005057297 0.003871691 0.012 -0.006148323 0.003871691 0.012 0.006148323 0.003871782 -0.012 -0.006148308 0.003871782 -0.012 0.006148308 0.003875994 0.005466217 0.005200958 0.003876928 -0.006244904 0.0001348953 0.003878431 0.006513092 -0.006080414 0.003879164 0.006996582 0.002421761 0.00387932 0.005463837 -0.004613823 0.003881544 0.006511261 -0.006080505 0.003883612 0.005460815 -0.004864075 0.003885485 -0.006993073 -0.002505081 0.003891012 0.005455536 -0.002614502 0.00390027 -0.006984863 -0.004504425 0.003902685 0.005447205 -0.000615181 0.003902857 -0.005447083 0.002530624 0.003913996 -0.006977173 -0.006253815 0.003914335 0.005438812 0.00138414 0.003918966 0.006218628 -0.00122126 0.00392597 0.00543045 0.003383461 0.003942297 0.005418579 -0.002867493 0.003943487 -0.006203094 -0.001861778 0.003945852 0.006952271 -0.003581436 0.003945868 0.006952271 0.006168564 0.003945875 0.006952454 -0.001581429 0.003945929 0.006952362 0.004168571 0.003946001 0.006952484 0.002168564 0.0039461 0.006952637 0.0001685715 0.003946211 0.006952789 -0.001831436 0.003946287 0.006952911 -0.005581436 0.003946341 0.006953003 -0.003831436 0.003946383 0.00695343 0.0004185638 0.003946486 0.006953247 -0.005831436 0.003947397 0.0069552 0.002418564 0.003948671 0.006957275 0.004418541 0.003948801 0.00695752 -0.0065 0.003948801 0.00695752 0.0065 0.003955042 0.006953979 0.004418251 0.003961355 -0.005404663 0.0005340424 0.003968004 -0.005394165 -0.003215363 0.003968092 -0.005394501 0.004534622 0.003968119 -0.005394318 -0.00121537 0.003968252 -0.005394501 0.0007846298 0.003968405 -0.005394714 0.002784622 0.003968443 -0.005394745 -0.003465378 0.003968573 -0.005394928 0.004784622 0.003968977 -0.005395721 0.002534607 0.003969473 -0.005396179 -0.001465393 0.003970373 -0.005397522 0.000534584 0.003986155 0.006175781 0.0007752686 0.003990435 0.005943542 0.005658859 0.003998682 -0.006167664 0.005141006 0.004000002 -0.006928192 -0.0065 0.004000002 -0.006928192 0.00575 0.004000002 -0.006928192 0.0065 0.004000456 0.005375824 -0.0008708954 0.004009695 -0.006160522 -0.003858437 0.004011786 -0.006159149 0.00314167 0.004019457 -0.005361603 -0.001462532 0.004021875 -0.005369049 -0.005208374 0.004024881 -0.006150635 0.001142342 0.004037958 -0.006142029 -0.0008569946 0.004046171 0.005334015 0.005200958 0.004046885 0.0053349 -0.004623749 0.004046915 0.00533493 -0.004873756 0.004046949 0.005334991 -0.002623749 0.004047037 0.005335114 -0.0006237564 0.004047136 0.005335266 0.001376251 0.004047258 0.005335419 0.003376244 0.004047354 0.005335327 0.005126236 0.004047464 0.005335724 -0.002873756 0.004048262 0.005336548 0.003126221 0.004048513 0.005337067 -0.0008737793 0.004049597 0.005338379 0.001126198 0.00405102 -0.006133423 -0.002856331 0.004052816 0.006132233 0.002771805 0.004058081 0.005332428 0.00112571 0.004064066 -0.006124786 -0.004855659 0.004068132 -0.005324768 0.004790359 0.004073519 -0.006885254 0.003753281 0.004077154 -0.005317871 -0.003459106 0.004079542 -0.00531604 0.002791039 0.004080618 -0.01128488 -0.0065 0.004080618 -0.01128488 0.0065 0.004080618 0.01128488 -0.0065 0.004080618 0.01128488 0.0065 0.004081022 -0.006125519 -0.005861328 0.004090937 -0.005307281 0.0007917175 0.004094095 -0.006115112 -0.005859657 0.00409638 0.006871643 -0.005838318 0.00410232 -0.005298492 -0.001207588 0.004111181 0.006862793 -0.00383902 0.00411368 -0.005289673 -0.003206909 0.004115168 0.005288483 0.00312233 0.004116106 -0.006097626 -0.005856857 0.004117346 0.0068591 -0.005589302 0.004118948 0.006088013 0.004768356 0.004125963 0.006853912 -0.001839706 0.00412636 -0.005282593 -0.005204292 0.004128557 0.005822723 0.005639656 0.004140722 0.006845032 0.0001596069 0.004146692 -0.0068414 0.001756577 0.004155462 0.00683609 0.002158913 0.004163546 -0.006056274 -0.005850487 0.004167852 0.00634256 -0.006089409 0.004170183 0.006827118 0.004158218 0.004171705 0.005244019 0.005118958 0.004184877 0.006818115 0.006157532 0.004189646 0.005769287 0.005631172 0.004191576 0.006814026 -0.003592789 0.00420558 -0.005217041 -0.005201195 0.004211535 -0.005212097 -0.005200966 0.004216566 -0.006020813 0.004152229 0.004219507 -0.006796753 -0.0002401123 0.004234842 0.005729767 0.005624893 0.004255335 0.005993469 -0.004238823 0.004256777 -0.005175232 0.004551819 0.004260046 0.005990143 -0.005239075 0.004265265 0.006768127 -0.001596268 0.004268164 0.005984344 -0.002239502 0.00428097 0.005975189 -0.000240181 0.00428116 -0.005975067 0.002155632 0.004288561 0.005148895 -0.004638069 0.004289873 -0.006742523 -0.006491547 0.004291952 -0.006751221 -0.002236778 0.004292021 0.005145996 -0.004888275 0.004293749 0.005966003 0.00175914 0.004299475 0.005139771 -0.002638725 0.004306509 0.005956818 0.003758461 0.004310373 0.005130646 -0.000639389 0.004312651 -0.005128723 0.002555298 0.004316961 0.006246552 -0.006094124 0.00431925 0.005947571 0.00575779 0.004321241 0.005121521 0.001359955 0.004324419 0.005943817 -0.003242493 0.00433209 0.005112335 0.003359299 0.004338274 0.005107086 0.005200958 0.004338388 0.006721466 0.0004002686 0.004339205 -0.012 -0.006060966 0.004339205 -0.012 0.006060959 0.004339205 0.012 -0.006060966 0.004339205 0.012 0.006060959 0.004345327 -0.005928558 0.0001590424 0.004346773 0.005099854 -0.002891602 0.004352022 -0.006712677 0.005516006 0.004359217 -0.005885681 -0.005824211 0.004364008 -0.006704895 -0.004233437 0.004366285 -0.0067034 0.00351667 0.004368063 -0.005081635 0.0005587769 0.004380533 -0.006694092 0.001517334 0.004384291 0.006203186 -0.006096252 0.004388216 0.005896881 -0.001245903 0.004388456 0.0062005 -0.006096375 0.00439477 -0.006684784 -0.0004820023 0.004400946 0.005053162 -0.0008949051 0.004408983 -0.006675415 -0.002481331 0.004409063 -0.005881287 -0.00183754 0.00441094 0.006674103 0.002396805 0.004422995 -0.005033905 -0.001437737 0.004423185 -0.006665985 -0.004480667 0.004427942 -0.005021027 -0.005200966 0.004428839 -0.005022064 0.004562874 0.004429277 -0.006644501 -0.006487312 0.004429289 -0.005022644 0.002562874 0.004430029 -0.005023254 -0.003187126 0.004430258 -0.005023529 -0.001187134 0.004430281 -0.005023804 0.0005628586 0.004430452 -0.005023834 -0.005187134 0.004430502 -0.005023834 0.0008128662 0.004430765 -0.005024109 0.002812866 0.004430841 -0.0050242 -0.003437134 0.004431051 -0.005024445 0.004812866 0.004431852 -0.005025452 -0.001437149 0.004435667 -0.006657715 -0.00623008 0.004437372 -0.006656586 -0.006480003 0.004442362 -0.006635284 -0.006486908 0.00444742 -0.006642822 -0.0002293167 0.004447542 -0.006642883 0.001770691 0.004447821 -0.006643494 -0.002229324 0.00444816 -0.006643738 0.003770676 0.004448568 -0.006644653 0.00552066 0.004448771 -0.006644958 -0.00422934 0.004448809 -0.006644989 0.00352066 0.004449068 -0.006645386 0.001520653 0.00444935 -0.006645782 -0.0004793472 0.004449656 -0.00664621 -0.002479355 0.004449987 -0.006646667 -0.004479355 0.004450296 -0.006647095 -0.006229362 0.004450338 -0.006647156 -0.00647937 0.004450693 -0.006647675 -0.0065 0.004450693 -0.006647675 0.0065 0.004451426 0.005849304 0.0007507019 0.004454531 0.005005981 0.001101807 0.004462454 -0.005840912 0.005165359 0.004469297 0.005505402 0.005591125 0.004469473 -0.004992676 0.004815247 0.004472349 -0.005833313 -0.003834099 0.00447497 -0.005831329 0.003166039 0.004477442 -0.004985535 -0.003434242 0.00448023 -0.004983032 0.002815941 0.004482916 0.006625977 0.004393356 0.004487471 -0.005821686 0.001166725 0.004490973 -0.004973328 0.0008166351 0.004499952 -0.005812073 -0.0008325958 0.004501692 -0.004963623 -0.001182671 0.004501707 0.004955475 0.005200958 0.004502516 0.004956299 0.001348618 0.00450252 0.004956268 -0.0006513824 0.004502535 0.004956329 0.00334861 0.004502542 0.004956299 -0.002651375 0.004502581 0.004956329 -0.004901375 0.004502581 0.004956329 -0.004651367 0.004502596 0.00495639 -0.00290139 0.004503141 0.004957062 -0.0009013977 0.004504229 0.004958252 0.00109861 0.00450424 0.004958069 0.005098648 0.004505056 -0.00574646 -0.005803528 0.004505754 0.004959839 0.00309864 0.004507536 0.004958313 0.003098526 0.004512392 -0.004953918 -0.003181976 0.004512419 -0.005802368 -0.002831909 0.004514048 0.005801117 0.00274733 0.004523073 -0.004944153 -0.005181282 0.004524862 -0.005792694 -0.004831223 0.004535173 -0.005784607 -0.005830658 0.004544893 0.006576385 -0.001609749 0.004544935 0.006576538 0.0003902435 0.004545378 0.006576996 -0.003609764 0.004545435 0.006577087 0.006140236 0.004545523 0.006577484 0.002390244 0.004545599 0.006577301 0.004140236 0.004545786 0.006577576 0.002140228 0.004545988 0.00657785 0.0001402359 0.004546209 0.006578156 -0.001859772 0.004546362 0.0065784 -0.005609772 0.00454645 0.006578522 -0.003859772 0.004546679 0.006579132 0.004390228 0.004546713 0.006578918 -0.005859779 0.004548254 0.006581299 -0.0065 0.004548254 0.006581299 0.0065 0.004560099 0.004910034 0.005095238 0.004569845 -0.006545624 -0.006483032 0.004576063 0.005752319 0.004743958 0.004576982 -0.005677795 -0.005793327 0.004578917 0.005390656 0.00557473 0.004583384 0.005385986 0.005574066 0.004589159 -0.006552826 0.003777229 0.004592581 -0.005662903 -0.005791122 0.004617369 0.00653299 -0.005863144 0.004631353 0.006523071 -0.003863823 0.00463648 0.00651944 -0.005614075 0.004645315 0.006513123 -0.001864502 0.004646276 -0.004828552 0.004576843 0.004650141 -0.004824829 -0.005200966 0.004659254 0.006503174 0.000134819 0.00465946 -0.006503021 0.001780632 0.004659937 0.006010223 -0.006105118 0.004669382 -0.005676849 0.004176826 0.004669504 0.004806122 -0.004661743 0.004672228 0.004803467 -0.004911919 0.004673162 0.006493195 0.00213414 0.004679697 0.004796173 -0.002662415 0.004687052 0.006483185 0.004133461 0.004689867 0.004786224 -0.0006630707 0.004693682 0.005270538 0.005557571 0.004698584 -0.004777679 0.002580368 0.004700022 0.004776245 0.001336266 0.004700914 0.006473145 0.006132782 0.004704248 0.00564798 -0.004263069 0.004706541 0.006469025 -0.003617493 0.004708048 0.005644806 -0.005263275 0.004710161 0.004766266 0.003335602 0.004716219 0.00563797 -0.002263725 0.004723375 0.004753143 -0.00291526 0.00472817 0.00562796 -0.0002643814 0.004729296 -0.006452423 -0.0002159653 0.004730673 -0.005625854 0.00218029 0.004740099 0.00561792 0.001734955 0.004750353 -0.004726227 0.0005838852 0.004751997 0.005607849 0.003734299 0.004763876 0.005597778 0.005733643 0.004767447 0.004708954 0.005200958 0.004768103 0.005594177 -0.003266594 0.004774057 0.00470224 -0.0009186172 0.004775976 0.006417938 -0.001620895 0.004791456 -0.005574188 0.0001837769 0.004798666 -0.006401031 -0.00221254 0.004801565 -0.004674194 -0.00141259 0.00481613 -0.005429291 -0.005757568 0.004824255 0.004650757 0.001078018 0.004827524 0.005542969 -0.001269905 0.004832594 0.012 -0.005959297 0.004832594 0.012 0.00595929 0.004832693 -0.012 -0.005959274 0.004832693 -0.012 0.005959267 0.004839933 -0.006337738 -0.006474457 0.004844778 0.00636618 0.0003757095 0.004845312 -0.004628784 0.004840446 0.004851713 -0.00552182 -0.001812737 0.004852224 -0.004621552 -0.003409065 0.00485425 -0.004609924 -0.005200966 0.004855314 -0.004618317 0.002841148 0.004855349 -0.004610992 0.002591415 0.004855417 -0.004610962 0.004591415 0.004855864 -0.004611542 0.0005914154 0.004856771 -0.006357025 0.005540359 0.004856985 -0.00461261 -0.001408592 0.004857706 -0.004613129 -0.005158585 0.004858038 -0.004613434 -0.003158592 0.004858137 0.00585791 -0.006111626 0.004858389 -0.0046138 -0.001158585 0.00485845 -0.004613953 0.004841408 0.004858725 -0.004614197 -0.003408592 0.004858763 -0.004614197 0.0008414078 0.00485885 -0.004614288 0.002841408 0.004863272 0.005853973 -0.006111786 0.004865294 -0.004607819 0.0008418503 0.00486706 -0.01096869 -0.0065 0.00486706 -0.01096869 0.0065 0.00486706 0.01096866 -0.0065 0.00486706 0.01096866 0.0065 0.004867544 -0.006348785 -0.004209099 0.004870398 -0.006346588 0.003541039 0.00487396 0.004598633 0.003074638 0.004875246 -0.00459726 -0.001157455 0.004884005 -0.006336151 0.001541725 0.00488518 -0.0045867 -0.003156754 0.004886301 0.005491241 0.0007268066 0.00489509 -0.004576141 -0.005156052 0.004897585 -0.006325653 -0.0004575958 0.004897715 -0.005335876 -0.005744583 0.004902693 -0.005476624 0.005190247 0.004905386 0.005027618 0.005524239 0.004911154 -0.006315094 -0.002456909 0.004911436 -0.005468781 -0.003809242 0.004912928 0.006313721 0.002372322 0.004914495 -0.005466034 0.003190941 0.004919825 -0.006270599 -0.006471802 0.00492201 0.004538147 0.005200958 0.004922457 0.005808441 -0.006113731 0.00492293 0.004538971 -0.000929039 0.00492296 0.00453894 -0.002929039 0.004923048 0.004539001 0.003320953 0.004923151 0.004539093 0.001320961 0.004923166 0.004545898 0.005071243 0.004923277 0.004539185 -0.000679039 0.004923422 0.004539307 -0.002679031 0.004923475 0.00453952 0.001070969 0.004923555 0.004539398 -0.004929039 0.00492359 0.004539429 -0.004679039 0.004924623 0.004540588 0.003070992 0.004924696 -0.006304565 -0.004456223 0.004926279 -0.005455383 0.001191628 0.00492639 0.004542114 0.005071007 0.004935923 -0.006295746 -0.006205658 0.004938036 -0.005444763 -0.0008076706 0.004938223 -0.006293976 -0.006455544 0.004942675 0.00498053 0.005517914 0.004944452 0.005438934 0.002723534 0.004949774 -0.005434082 -0.002806976 0.004961489 -0.005423401 -0.004806282 0.004970613 -0.005415039 -0.00580574 0.004980425 0.00626062 0.004368958 0.004986296 0.004925415 0.005510513 0.005000326 -0.006202942 -0.006469139 0.005002104 0.005385956 0.004720238 0.005008619 -0.004451599 0.004602089 0.005014151 -0.005202606 -0.005726044 0.005017035 -0.006223663 -0.002201294 0.005017191 -0.006223755 -0.0002012939 0.005017363 -0.006224152 0.005548698 0.005017481 -0.006224304 -0.004201302 0.005017508 -0.006224335 0.003548698 0.005017672 -0.006224548 0.001548691 0.005017866 -0.006224792 -0.0004513016 0.005017912 -0.006224579 0.001798706 0.00501808 -0.006225067 -0.002451309 0.005018324 -0.006225372 -0.004451309 0.005018545 -0.006225647 -0.006201309 0.005018591 -0.006225708 -0.006451317 0.005019186 -0.006226166 0.003798683 0.005020796 -0.006228302 -0.0065 0.005020796 -0.006228302 0.0065 0.005025724 0.004432281 -0.004685982 0.005027784 0.004429932 -0.004936134 0.005029688 -0.005184814 -0.005723572 0.005035208 0.004421478 -0.002686661 0.005044668 0.004410706 -0.0006873474 0.00505411 0.004399872 0.001311974 0.005056845 -0.004396729 0.002605614 0.005058363 -0.004394989 -0.005200966 0.005063528 0.004389038 0.003311295 0.005075338 0.004375366 -0.00293956 0.005081987 -0.006178467 0.003801819 0.00509664 -0.0052966 0.004201851 0.005100111 -0.00611908 -0.006465828 0.005104475 -0.004341339 0.0006091385 0.00510478 0.004775696 0.005490425 0.005106874 0.006157928 -0.005887405 0.005108427 0.006149109 0.0003623962 0.005108442 0.00614917 0.002362396 0.005108984 0.006149689 -0.001637619 0.005109056 0.006150024 0.004362381 0.005110102 0.006151001 -0.003637634 0.005110201 0.006151123 0.006112358 0.005110495 0.006151489 0.004112358 0.005110807 0.006151886 0.00211235 0.005111147 0.006152313 0.0001123505 0.005111502 0.006152771 -0.001887657 0.005111757 0.006153076 -0.005637657 0.005111876 0.006153259 -0.003887665 0.00511194 0.006153351 -0.005887665 0.005112112 0.006153564 -0.0065 0.005112112 0.006153564 0.0065 0.005119932 0.006147034 -0.003888062 0.005122118 0.005271942 -0.004286751 0.005122343 0.004320251 -0.0009430084 0.005124067 0.006143616 -0.005638275 0.005125105 0.005269043 -0.005286926 0.005132963 0.006136169 -0.001888733 0.005133295 0.005261078 -0.002287407 0.005144453 0.005250153 -0.0002880707 0.005145975 0.006125275 0.000110611 0.005148695 -0.006122986 0.001805298 0.005151484 -0.004285461 -0.001387337 0.005154013 -0.005240784 0.002205368 0.005155592 0.005239227 0.001711266 0.005158953 0.006114349 0.002109955 0.005160238 0.004274902 0.005200958 0.005166712 0.005228271 0.003710602 0.005168795 0.004264557 0.001053551 0.005171904 0.006103363 0.004109291 0.005175913 0.005595398 -0.006122246 0.005177809 0.005217255 0.005709938 0.005181211 0.005213898 -0.003290268 0.005184832 0.006092407 0.006108635 0.005189432 0.006088501 -0.003641602 0.005192011 -0.004236267 0.004865746 0.005197874 -0.004229095 -0.003383812 0.005201155 -0.004225037 0.00286644 0.005210276 -0.004213776 0.0008671341 0.005210798 -0.005184326 0.0002088852 0.005214682 0.004208313 0.003050087 0.005214846 -0.006066772 -0.0001912231 0.005219374 -0.004202515 -0.001132164 0.005228445 -0.004191223 -0.003131462 0.005233015 -0.004929382 -0.005689117 0.005236799 0.005158051 -0.001293617 0.005237494 -0.004179901 -0.005130768 0.005242682 -0.004162872 -0.005200966 0.005243887 -0.004163849 0.000620018 0.005243925 -0.004163818 0.002620018 0.005244478 -0.004164398 -0.001379982 0.005244577 -0.004164276 0.004620026 0.005245512 -0.004165192 0.004870018 0.005245714 -0.004165375 -0.003379982 0.005245821 -0.004165436 0.002870026 0.005246153 -0.00416571 0.000870018 0.005246515 -0.004165955 -0.001129974 0.005246901 -0.00416626 -0.003129974 0.005247313 -0.004166565 -0.005129974 0.005254103 0.006032776 -0.001644905 0.005255793 -0.004897949 -0.00568499 0.005259996 0.00415152 0.005046623 0.005266977 -0.005127228 -0.001787598 0.005268652 0.00454718 0.005460373 0.005280432 -0.006009735 -0.002187737 0.005291864 0.005101532 0.0007030106 0.005292295 0.004514191 0.005456039 0.005301729 0.00547998 -0.006126656 0.005303785 0.004085358 0.005200958 0.005304754 0.00408606 0.001042801 0.005304792 0.004086029 -0.0009572067 0.005305346 0.004086578 0.003042801 0.005305449 0.004086487 -0.002957199 0.005305693 0.004086639 0.003292801 0.005305922 0.004086823 0.001292801 0.005306181 0.004087036 -0.0007071915 0.005306456 0.00408725 -0.002707191 0.005306589 0.004087555 0.005042816 0.005306707 0.004087463 -0.004957191 0.005306757 0.004087494 -0.004707184 0.005314966 -0.005077484 0.005215454 0.005318075 0.00597644 0.0003518066 0.005322546 -0.00506955 -0.003784065 0.005324686 -0.012 -0.005848579 0.005324686 -0.012 0.005848572 0.005324686 0.012 -0.005848579 0.005324686 0.012 0.005848572 0.005325933 -0.005065979 0.003216148 0.005335917 -0.005960541 0.005565247 0.005336882 -0.005054443 0.00121685 0.005340384 -0.004047607 0.004627304 0.005345411 0.004435089 0.005445763 0.005345434 -0.005952026 -0.004184242 0.005346392 0.005044373 0.002699638 0.005347803 -0.005042877 -0.0007824554 0.005348215 0.004430664 0.00544519 0.005348764 -0.005949005 0.003565941 0.005350328 -0.005889862 -0.006457153 0.005354509 0.0040289 -0.004710793 0.005355963 0.004026978 -0.004960907 0.005358694 -0.005031311 -0.002781746 0.005361582 -0.005937469 0.001566635 0.00536318 0.004017365 -0.002711479 0.005369566 -0.005019714 -0.004781052 0.005371828 0.004005798 -0.0007121811 0.005373976 0.005413696 -0.006129189 0.005374384 -0.005925873 -0.0004326706 0.005377489 -0.00501123 -0.00578054 0.005380449 0.003994202 0.001287125 0.005381361 0.005919525 0.002348526 0.005382269 -0.005857971 -0.006455986 0.0053841 -0.003989288 0.002630814 0.005387156 -0.005914246 -0.002431976 0.005389051 0.003982574 0.003286438 0.005399397 0.003968536 -0.002964401 0.005399908 -0.005902649 -0.004431274 0.005400366 0.004986542 0.004696243 0.005403032 -0.00469455 -0.005658333 0.005409842 -0.005893524 -0.00618074 0.005412638 -0.005890961 -0.006430588 0.005420401 0.005371094 -0.006130821 0.005424006 -0.004665558 -0.005654533 0.005427 -0.003930725 -0.005200966 0.005427164 -0.003930511 0.0006343155 0.005442225 0.003909607 -0.0009678955 0.005444109 0.005861877 0.004345238 0.005469557 -0.003871277 -0.00136219 0.00548443 0.003850159 0.001028595 0.005494097 -0.004883087 0.004227089 0.005506422 -0.003818665 0.004890892 0.005511278 -0.003811646 -0.003358704 0.005512762 0.004168884 0.005411591 0.005512861 0.004861877 -0.004310989 0.005513643 0.003808228 0.005200958 0.005514635 -0.003806793 0.002891579 0.005515123 0.004859314 -0.005311134 0.005516592 -0.005723877 -0.006451118 0.005522825 -0.003794891 0.0008922653 0.005523264 0.004850067 -0.002311661 0.005526007 0.003790283 0.003025085 0.005530985 -0.00378302 -0.00110704 0.005533648 0.004838196 -0.0003123398 0.005539118 -0.003771088 -0.003106346 0.005543997 0.004826355 0.001686974 0.005546999 -0.005764618 0.003826851 0.005547007 -0.004822906 0.002230614 0.005547228 -0.003759155 -0.005105659 0.00554738 -0.005755829 0.005577126 0.005547411 -0.005755859 -0.004172874 0.005547411 -0.005755859 0.003577118 0.005547468 -0.005755951 0.001577126 0.005547548 -0.005756042 -0.0004228821 0.00554756 -0.00575592 -0.002172874 0.005547659 -0.005756195 -0.002422874 0.005547796 -0.005756348 -0.004422882 0.00554793 -0.0057565 -0.006172882 0.00554796 -0.005756531 -0.006422882 0.005548353 -0.005756683 -0.0001728745 0.005549768 -0.005758148 0.001827118 0.005551432 -0.00576001 0.00382711 0.005551611 -0.005760193 -0.0065 0.005551611 -0.005760193 0.0065 0.005554331 0.004814453 0.003686295 0.005557901 0.004089111 0.00540152 0.00556254 0.005749634 -0.005911087 0.005564642 0.004802551 0.005685616 0.005566946 0.003729889 0.005021568 0.005567286 0.004799469 -0.00331456 0.005574728 0.005737793 -0.003911751 0.005574892 -0.004435883 -0.005625252 0.005577982 0.005734619 -0.005661926 0.005586897 0.005725952 -0.001912407 0.005590078 -0.003683228 -0.005200966 0.00559049 -0.005650116 -0.006448425 0.005591413 -0.003684113 -0.001351532 0.005591433 -0.003684082 0.0006484604 0.00559194 -0.003684509 0.004898468 0.005592058 -0.003684601 -0.003351532 0.005592104 -0.003684479 0.002648476 0.005592134 -0.003684662 0.002898468 0.005592352 -0.003684814 0.000898468 0.0055926 -0.003684967 -0.001101532 0.005592871 -0.00368515 -0.003101524 0.005593172 -0.003685333 -0.005101524 0.005593416 -0.003685333 0.004648483 0.005599039 0.005714081 8.692932e-05 0.005599245 -0.004762177 0.0002341385 0.00560084 -0.004396362 -0.005620216 0.005609446 -0.005703888 0.00183036 0.005611162 0.005702179 0.002086266 0.005618849 0.004738983 -0.001318001 0.005623266 0.005690247 0.004085602 0.005629221 -0.01059772 -0.0065 0.005629221 -0.01059772 0.0065 0.005629221 0.01059772 -0.0065 0.005629221 0.01059772 0.0065 0.005631865 0.005673584 0.004334846 0.005631929 0.005673553 0.002334839 0.005632635 0.005674225 0.0003348541 0.005633577 0.005675385 -0.005915131 0.005633898 0.00567572 -0.003915123 0.005633951 0.005675537 -0.001665123 0.005633993 0.005675812 -0.005665123 0.005634253 0.005676056 -0.001915123 0.005634626 0.005676392 8.489227e-05 0.005635038 0.005676788 0.002084892 0.005635344 0.005678284 0.006084938 0.005635469 0.005677216 0.0040849 0.005635851 0.005677551 -0.0036651 0.005635935 0.005677643 0.006084908 0.005635962 0.005677673 -0.0065 0.005635962 0.005677673 0.0065 0.00563872 -0.003620453 0.004652275 0.005639044 0.005674622 -0.00366526 0.005644049 0.003600586 0.005200958 0.005645098 0.003601227 0.003014305 0.005645113 0.003601166 0.001014297 0.005645758 0.003601715 0.005014305 0.005645796 0.003601563 -0.0009856949 0.005647131 0.003602386 -0.002985695 0.00564752 0.003602661 0.003264305 0.00564789 0.003602905 0.001264305 0.005648283 0.00360318 -0.0007356949 0.005648703 0.003603455 -0.002735687 0.005649092 0.003603729 -0.004985687 0.005649145 0.00360376 -0.004735687 0.005650812 -0.004700867 -0.001762337 0.005652327 0.003599182 -0.004735954 0.005653242 0.003597748 -0.004986038 0.005655794 0.00513559 -0.006139519 0.0056597 0.003909149 0.005378822 0.005660097 0.003586945 -0.002736656 0.005667261 0.003895782 0.005377129 0.005667837 0.003574707 -0.0007373505 0.005669802 0.004677917 0.0006785431 0.005671247 -0.005642426 -0.0001661148 0.005675558 0.003562439 0.00126194 0.00567758 -0.003559235 0.002655731 0.005683245 0.00355014 0.003261246 0.005692114 0.003535919 -0.002989563 0.005695269 -0.004646881 0.005240738 0.005699549 0.005613831 -0.001668617 0.005701696 -0.004638977 -0.003758812 0.005705301 -0.004634583 0.00324144 0.005715307 -0.004622223 0.001242142 0.005715742 -0.00349762 0.0006591721 0.005719572 0.005065948 -0.006142006 0.005720137 0.004616241 0.002675087 0.005725283 -0.004609833 -0.000757164 0.005730314 0.003473694 -0.0009930878 0.005732389 -0.005580292 -0.00216259 0.005735235 -0.004597473 -0.00275647 0.005741907 -0.004158936 -0.005590736 0.005745161 -0.004585052 -0.004755768 0.005751894 -0.004576599 -0.005755287 0.00575316 -0.00343573 -0.005200966 0.005753195 -0.003435669 -0.001337395 0.005759478 0.005552338 0.0003280182 0.005765211 -0.00411969 -0.005585861 0.005767839 0.003411011 0.001003387 0.005769846 0.004553955 0.004671616 0.00578462 -0.005526154 0.005590446 0.005786032 -0.003380035 0.004915665 0.005789942 -0.003373352 -0.003333969 0.005792868 -0.005517487 -0.004159073 0.005793253 -0.003367645 0.002916344 0.00579656 -0.005513641 0.003591148 0.005800447 -0.003355255 0.0009170151 0.005804682 0.0033479 0.002999855 0.005807611 -0.003342865 -0.001082298 0.00580847 -0.005501068 0.001591843 0.005808874 0.003615997 0.0053424 0.005811728 -0.005409546 -0.006440002 0.005814749 -0.003330383 -0.003081627 0.005818819 0.005490112 0.002324631 0.005820356 -0.005488495 -0.0004074478 0.005820467 -0.005400055 -0.006439667 0.005821856 -0.003317963 -0.005080956 0.005824976 0.003312469 0.005200958 0.005832212 -0.005475891 -0.002406754 0.005840837 0.003284424 0.00499633 0.005844046 -0.005463257 -0.004406052 0.00584503 0.004929047 -0.006146904 0.005850046 0.012 -0.005720573 0.005850046 0.012 0.005720566 0.005850142 -0.012 -0.005720543 0.005850142 -0.012 0.005720543 0.005852667 -0.00545401 -0.00615554 0.005853178 -0.003955109 -0.005565948 0.005855844 -0.005450592 -0.006405357 0.005858019 -0.004439972 0.004252304 0.005873514 0.004419434 -0.004335793 0.005875109 0.004417297 -0.005335915 0.005877565 0.005427155 0.004321251 0.005881849 0.004888855 -0.006148331 0.005883028 0.004406769 -0.002336487 0.005892515 0.004394073 -0.0003371735 0.005893724 -0.003174774 -0.005200966 0.005895163 -0.003175537 0.004926529 0.005895201 -0.003175568 -0.003323471 0.005895224 -0.003175598 0.002926529 0.005895239 -0.003175537 -0.001323471 0.005895308 -0.003175659 0.0009265289 0.005895426 -0.00317572 -0.001073463 0.005895567 -0.003175812 -0.003073471 0.005895735 -0.003175903 -0.005073463 0.005895948 -0.003175873 0.0006765442 0.005897333 -0.003176605 0.002676559 0.00589937 -0.003177795 0.00467659 0.005901415 -0.003174316 0.004676773 0.005901972 0.004381348 0.001662125 0.005905977 -0.004375946 0.002255814 0.005911409 0.004368622 0.00366143 0.005916151 0.003146759 -0.004761246 0.005916613 0.003145874 -0.005011299 0.005917044 -0.003835632 -0.005551498 0.005920729 0.003367004 0.005311974 0.005920816 0.004355865 0.005660744 0.005922762 0.00435321 -0.003339401 0.005922941 0.003133972 -0.002761948 0.005929708 0.003121155 -0.0007626495 0.005935163 -0.003110748 0.002680145 0.005936441 0.003108307 0.001236656 0.005937525 0.003329651 0.005307404 0.005940142 0.003087646 0.005200958 0.005941282 0.003088165 0.002985695 0.005941301 0.003088257 0.004985695 0.005941965 0.00308847 0.0009856873 0.005943148 0.003095459 0.003235954 0.005943335 0.003089172 -0.001014313 0.005943766 0.003089569 -0.004764313 0.005943796 0.003089569 -0.005014305 0.005944166 0.003089722 -0.002764305 0.00594459 0.003089935 -0.0007643127 0.005945047 0.003090179 0.001235687 0.005945379 0.003090302 -0.00301432 0.005945532 0.003090424 0.00323568 0.005950544 0.003081207 -0.003014816 0.005953215 -0.004311493 0.0002593079 0.005968184 -0.003046906 0.0006835098 0.005969736 0.004288574 -0.001342903 0.005979578 -0.005314575 0.003852081 0.005983759 0.003016205 -0.001018341 0.005987959 -0.005202667 -0.006432976 0.005988657 0.005304352 -0.005935303 0.005999716 -0.004246521 -0.00173719 0.006000006 0.005291504 -0.003935982 0.006000475 -0.002982849 -0.001313148 0.006002466 0.005288696 -0.005686134 0.006009253 -0.005177612 -0.006432121 0.006011324 0.005278625 -0.001936668 0.006016035 0.004223389 0.000653595 0.006016253 0.002950867 0.0009781418 0.006020498 0.003119385 0.005282089 0.006022619 0.005265747 6.265259e-05 0.006028982 -0.002924774 0.004939857 0.006029272 -0.003600739 -0.005523781 0.006032026 -0.002918488 -0.003309822 0.006033888 0.005252808 0.002061981 0.006034296 -0.002913788 -0.005200966 0.006034353 -0.005242981 -0.002394279 0.006034369 -0.005243011 -0.004394279 0.006034369 -0.005242981 -0.0003942795 0.006034407 -0.005243042 -0.006144279 0.00603441 -0.005243073 -0.006394279 0.006034414 -0.005242981 0.001605721 0.006034487 -0.005243042 0.003605721 0.006034529 -0.005243073 -0.004144272 0.006034586 -0.005243103 0.005605721 0.00603517 -0.002911987 0.002940514 0.006035357 -0.005243744 -0.002144279 0.006036646 -0.005245087 0.003855721 0.006036875 -0.005245056 -0.0001442719 0.006037161 -0.005249084 0.001855614 0.006038885 -0.005246918 0.001855721 0.006038969 -0.005246979 -0.0065 0.006038969 -0.005246979 0.0065 0.006040155 -0.004188812 0.005265884 0.006041334 -0.0028992 0.0009411697 0.006045137 0.005239899 0.004061295 0.006045485 -0.004181091 -0.003733704 0.006047461 -0.002886383 -0.001058167 0.006048021 0.002885162 0.002974632 0.006049166 -0.004175812 0.003266579 0.006053057 0.003036896 0.005272156 0.006053564 -0.002873566 -0.003057518 0.006056204 -0.003544342 -0.005517128 0.006056356 0.005226898 0.006060616 0.006058149 -0.00416275 0.001267273 0.006059233 0.005223572 -0.003689568 0.006059633 -0.002860748 -0.005056862 0.00606164 0.004157654 0.002650085 0.006067099 -0.004149689 -0.0007320404 0.006076021 -0.004136597 -0.002731346 0.006079062 0.002819183 0.004971115 0.006084913 -0.004123535 -0.004730659 0.006090506 -0.004115265 -0.005730225 0.0060912 -0.003461639 -0.005507607 0.006091848 0.002791473 0.005200958 0.006094019 -0.005182953 -0.0001408615 0.006098269 0.004630859 -0.006157257 0.006106546 0.004091431 0.004646568 0.00610885 0.004617157 -0.006157722 0.006111265 0.005153534 0.004306938 0.006111689 0.005154053 -0.005943062 0.006111887 0.005154236 -0.003943054 0.00611194 0.005154297 -0.005693054 0.00611207 0.005154175 0.002306938 0.006112116 0.005154449 -0.001943054 0.006112375 0.005154663 5.69458e-05 0.006112661 0.005154877 0.002056946 0.006112982 0.005155151 0.004056953 0.006113329 0.005155457 0.006056953 0.006113428 0.005155548 -0.003693047 0.006113565 0.005155457 0.0003069458 0.006115355 0.005157745 -0.001693001 0.006115683 0.005157318 -0.001693024 0.006115702 0.005157318 -0.0065 0.006115702 0.005157318 0.0065 0.006126951 -0.002713562 0.0047006 0.006130777 0.002809448 0.005245171 0.006143553 0.002675751 -0.004786438 0.006143656 0.002675507 -0.005036453 0.006149309 0.002662476 -0.002787132 0.006150141 -0.005116241 -0.002137337 0.006151247 -0.002641449 -0.005200966 0.006152765 -0.00264212 -0.003045868 0.006152777 -0.00264209 -0.001045868 0.006152784 -0.00264212 -0.005045868 0.006152815 -0.00264212 0.0009541321 0.006152884 -0.00264212 0.002954124 0.006152937 -0.002642151 -0.003295883 0.006152975 -0.002642151 0.004954124 0.006153753 -0.002642456 -0.001295891 0.006154978 -0.002643127 0.004704124 0.006155035 0.002649231 -0.0007878265 0.006155256 -0.002643097 0.0007040863 0.006155272 0.002737762 0.005236671 0.006155497 -0.002648163 0.00270388 0.006157114 -0.002643951 0.002704094 0.00616073 0.002635956 0.001211479 0.006166399 0.002622681 0.003210793 0.006170809 0.005091248 0.0003035431 0.006172358 0.002608612 -0.00303994 0.006182497 -0.003245911 -0.00548278 0.00618339 -0.002582397 0.0007071838 0.006185274 -0.003971375 0.004277275 0.006190237 0.00261731 0.00522258 0.006190992 0.002550995 0.004957199 0.006191671 0.002551239 0.002957191 0.006192011 0.002551544 -0.004792801 0.006192019 0.002551544 -0.005042809 0.006192278 0.002551636 -0.002792809 0.006192572 0.002551758 -0.0007928085 0.0061929 0.00255188 0.001207191 0.006193068 0.002551819 0.0009571838 0.006193254 0.002552032 0.003207184 0.006193281 0.002551941 0.005200958 0.006193666 0.002552185 -0.003042816 0.006195173 0.002552734 -0.001042831 0.006198526 -0.005057495 0.005615738 0.006200201 0.003948059 -0.004360962 0.006200315 0.002541473 -0.001043427 0.006201208 0.003946472 -0.005361046 0.006203623 -0.004929047 -0.006423965 0.006205526 -0.00504892 -0.004133812 0.006208723 0.003934631 -0.002361656 0.006209444 -0.005044098 0.00361644 0.006210615 -0.002516174 -0.001289505 0.006217218 0.003921204 -0.0003623581 0.006220331 -0.00503064 0.001617142 0.006220877 -0.004907013 -0.006423241 0.006225592 0.005024139 0.002300087 0.006225683 0.003907745 0.001636948 0.006227522 0.00247406 0.0009531021 0.006227903 -0.003904205 0.002280724 0.006231192 -0.005017212 -0.000382164 0.006234121 0.003894287 0.003636246 0.006234877 -0.002455475 0.004963539 0.006237177 -0.002449585 -0.003286171 0.00624008 -0.0024422 0.002964203 0.006242025 -0.005003723 -0.00238147 0.006242529 0.003880768 0.005635544 0.006243845 0.003878662 -0.003364563 0.006243906 0.002432373 0.005200958 0.006245256 -0.002428925 0.0009648666 0.006250402 -0.002415649 -0.00103447 0.006252825 -0.004990204 -0.004380768 0.006253973 0.002406403 0.002949631 0.006255526 -0.002402344 -0.003033798 0.006260157 -0.004981018 -0.006130295 0.006260622 -0.002389069 -0.005033142 0.006263594 -0.004976685 -0.006380066 0.006264318 -0.003025055 -0.005457985 0.00626729 0.00441217 -0.006164619 0.006268202 -0.00236908 -0.005200966 0.006269762 -0.003836609 0.0002841721 0.006273123 0.004403992 -0.006164886 0.006279669 0.002338501 0.004946175 0.006279692 0.00495636 0.004296616 0.006285749 0.003810364 -0.001368088 0.006288363 -0.002960144 -0.005450699 0.006295683 -0.002940338 -0.005448479 0.00631085 -0.003768677 -0.001712387 0.006316671 -0.002236664 0.004724464 0.006319101 -0.002871307 -0.005440842 0.006326914 0.003741638 0.0006283798 0.006332628 0.00219104 -0.005061279 0.006332777 0.002190643 -0.004811295 0.006337458 0.002177032 -0.002811974 0.006340368 -0.002168549 0.002727852 0.006342108 0.002163452 -0.0008126602 0.006346731 0.002149872 0.001186661 0.006346865 -0.003707703 0.005290665 0.006351156 -0.003700348 -0.003708969 0.00635132 0.002136261 0.003185982 0.006354788 -0.003694061 0.003291336 0.006355883 0.00212265 0.005185303 0.006355913 0.002122559 -0.003064697 0.006360628 -0.002087463 -0.005200966 0.006362375 -0.002088013 -0.005018166 0.006362516 -0.002088043 -0.003018173 0.00636268 -0.003680481 0.001292023 0.006362684 -0.002088074 -0.001018166 0.006362844 -0.002088257 0.004731827 0.006362883 -0.002088104 0.0009818268 0.006363104 -0.002088196 0.002981827 0.006363264 -0.002088226 -0.003268173 0.006363295 -0.01017392 -0.0065 0.006363295 -0.01017392 0.0065 0.006363295 0.01017389 -0.0065 0.006363295 0.01017389 0.0065 0.006363359 -0.002100128 0.0007312546 0.006363359 -0.002088257 0.004981827 0.006364267 -0.002088715 0.002731804 0.006364912 -0.002088806 -0.001268196 0.006366453 -0.002089386 0.0007317886 0.006367331 0.003672424 0.002624855 0.006370539 -0.00366687 -0.0007073059 0.006374067 -0.012 -0.005583282 0.006374067 -0.012 0.005583275 0.006374067 0.012 -0.005583282 0.006374067 0.012 0.005583275 0.006375658 -0.004832275 0.003877304 0.006378366 -0.003653229 -0.002706627 0.006378439 0.002053864 -0.001068115 0.006382139 0.00482373 -0.005960098 0.006385633 -0.002031403 -0.001265335 0.006386168 -0.003639557 -0.004705948 0.00639068 -0.003631653 -0.005705559 0.006392416 0.001993988 -0.004820961 0.006392424 0.001993988 -0.005070961 0.006392523 0.004809967 -0.003960793 0.006392538 0.001994019 -0.002820961 0.006392687 0.00199408 -0.000820961 0.00639287 0.001994141 0.001179031 0.006393003 0.001994049 0.004929031 0.00639308 0.001994232 0.003179039 0.00639332 0.001994293 0.005179031 0.006393328 0.001994293 -0.003070976 0.006394258 0.004807617 -0.005710907 0.006394438 0.001994507 0.002929008 0.006394987 0.001994812 -0.001070992 0.006396597 0.001995209 0.0009289932 0.006400198 0.001985046 0.0009284744 0.006402876 0.004796173 -0.001961487 0.006405546 -0.001967712 0.004987831 0.006406984 0.003602783 0.00462133 0.006407194 -0.001962341 -0.003261909 0.00640975 -0.001953979 0.00298851 0.006409834 -0.004642609 -0.006414864 0.006411234 -0.002572083 -0.005407928 0.006413202 0.004782349 3.781891e-05 0.006413919 -0.001940247 0.0009891891 0.006418066 -0.001926483 -0.001010124 0.006419436 -0.00462915 -0.006414436 0.006421186 0.001916077 0.002925079 0.006422182 -0.001912689 -0.003009445 0.006423498 0.004768494 0.002037132 0.006426275 -0.001898926 -0.005008766 0.006427855 -0.004762634 0.001880806 0.006433767 0.004754639 0.00403643 0.006441404 0.001846954 0.004921707 0.006442385 -0.00245108 -0.005394569 0.006444002 0.004740753 0.006035744 0.006446119 0.004737885 -0.003714409 0.006446127 -0.002436523 -0.005392967 0.006453054 -0.001805817 -0.005200966 0.006461058 0.004139801 -0.006173538 0.006463797 0.004135559 -0.006173668 0.006470556 -0.001742096 0.004748993 0.006473433 -0.003481995 0.004301781 0.006474264 -0.004689209 -0.006365723 0.006474306 -0.00468924 -0.00611573 0.00647436 -0.00468927 -0.00436573 0.006474489 -0.004689362 -0.002365723 0.006474646 -0.004689453 -0.0003657227 0.006474836 -0.004689606 0.001634277 0.006475054 -0.004689697 0.003634285 0.006475077 -0.004689941 0.003884277 0.006475157 -0.004689789 -0.004115715 0.006475298 -0.00468988 0.005634285 0.006476675 -0.004691101 0.001884285 0.006476748 -0.004690979 -0.002115715 0.006479059 -0.004692719 -0.0001156998 0.006479067 -0.004692719 -0.0065 0.006479067 -0.004692719 0.0065 0.006479261 -0.004692444 -0.0001156845 0.006482496 0.001697113 -0.005085548 0.00648279 0.001695984 -0.004835609 0.00648638 0.00168219 -0.002836273 0.006488905 -0.002270355 -0.005374626 0.006489061 -0.001671844 0.002752464 0.006489599 0.003451782 -0.004386246 0.006489935 0.001668427 -0.0008369293 0.006490103 0.003450836 -0.005386292 0.006493464 0.001654633 0.001162407 0.006496962 0.001640839 0.003161743 0.006497046 0.003437714 -0.002386948 0.006497244 0.004667542 -0.001717903 0.00650028 0.001627625 -0.003088882 0.006500429 0.001627075 0.005161087 0.006504469 0.003423676 -0.0003876495 0.006506811 -0.001601349 0.0007559357 0.006510454 -0.003412262 0.002305153 0.006511854 0.003409576 0.001611649 0.006517302 0.001558105 -0.001092201 0.006519213 0.003395508 0.003610954 0.006520227 -0.001517151 -0.005200966 0.006521742 -0.001517517 0.004760033 0.006522432 -0.001517731 0.002760033 0.006522978 -0.0015177 -0.004989967 0.006523275 -0.001517761 -0.002989967 0.0065236 -0.001517853 -0.000989975 0.006523809 -0.00153064 -0.001240578 0.006523897 -0.001518066 0.0007600174 0.006523954 -0.001517944 0.001010033 0.00652434 -0.001518036 0.003010025 0.006524611 -0.001518097 -0.003239975 0.006524752 -0.001518127 0.005010025 0.006526155 -0.001518524 -0.00123999 0.006526541 0.003381378 0.00561026 0.006527323 0.003379883 -0.003389824 0.006529879 -0.004621765 -0.002112198 0.006533552 0.001488495 0.0009044952 0.006538977 -0.001464508 0.005012672 0.006540052 -0.001459686 -0.003237091 0.006542116 -0.001450378 0.003013367 0.006542627 0.004593201 -0.005971428 0.006542688 0.004593262 -0.00397142 0.006542715 0.004593292 -0.00572142 0.006542784 0.004593353 -0.00197142 0.006542906 0.004593445 2.857971e-05 0.006543062 0.004593567 0.002028587 0.006543249 0.004593719 0.00402858 0.006543467 0.004593903 0.006028587 0.006543512 0.001421173 -0.0008486176 0.006543524 0.001421143 -0.002848618 0.006543524 0.004593933 -0.003721413 0.006543535 0.001421173 0.001151367 0.006543566 0.001421143 -0.004848618 0.006543585 0.001421143 -0.005098618 0.006543585 0.001421204 0.003151367 0.006543623 0.004593781 0.00427858 0.006543661 0.001421234 0.00515136 0.006543669 0.001421234 -0.00309864 0.006544504 0.001421448 -0.001098648 0.006545141 0.004595062 -0.001721413 0.006545229 -0.001436279 0.001014053 0.006545233 0.00459491 0.00227858 0.006545931 0.0014216 0.00490139 0.006546091 0.001421783 0.0009013519 0.006546675 -0.003342255 0.0003085098 0.006547571 0.004596649 0.0002786026 0.006547575 0.004596649 -0.0065 0.006547575 0.004596649 0.0065 0.006547632 0.004596558 0.000278595 0.006548178 0.00142215 0.00290136 0.006548311 -0.00142215 -0.0009852524 0.006549032 0.001418854 0.002901207 0.006551367 -0.00140802 -0.00298455 0.00655232 -0.00196579 -0.005340843 0.006554388 -0.00139389 -0.004983864 0.006554819 -0.004421417 -0.006408058 0.006557833 -0.001931305 -0.005336998 0.006563761 0.00134906 0.004897919 0.006563761 0.003308563 -0.001393341 0.006572519 -0.001839478 -0.005326767 0.006573889 -0.004558929 0.005640884 0.006579687 -0.004550568 -0.004108704 0.00658209 -0.003271942 -0.001688156 0.006583696 -0.004544769 0.003641579 0.00658637 -0.001233948 0.004773979 0.0065874 -0.001228455 -0.005200966 0.006593119 0.001197388 -0.005109215 0.006593454 0.001195526 -0.004859299 0.006593473 -0.004530609 0.001642273 0.006595972 0.001181549 -0.002859955 0.006597269 0.004525055 0.002275085 0.006598463 0.001167542 -0.0008606186 0.006599401 0.003236908 0.0006031418 0.006599413 -0.001162201 0.002777496 0.006600927 0.001153564 0.001138725 0.00660148 -0.001658325 -0.005306587 0.006603212 -0.004516388 -0.0003570404 0.006603361 0.001139526 0.003138062 0.006605024 -0.004344391 -0.006405693 0.006605543 0.001126801 -0.003112541 0.006605761 0.001125519 0.005137398 0.006611681 -0.00109024 0.0007810135 0.006612925 -0.004502136 -0.002356354 0.006613371 -0.003208282 0.005314857 0.006616709 -0.003201385 -0.003684822 0.006617228 0.00105603 -0.001115883 0.006620157 -0.003194244 0.003315514 0.006622602 -0.004487885 -0.004355659 0.006623163 -0.001018158 -0.001215462 0.006626909 -0.003180206 0.00131617 0.006628168 0.0009850464 0.0008807602 0.006628691 -0.004478882 -0.006105225 0.006629988 -0.001404388 -0.005278145 0.006630312 -0.0009351807 0.002788551 0.006630369 -0.0009351196 0.004788551 0.006630537 -0.0009351501 -0.005200966 0.006631048 -0.0009353333 0.0007885437 0.00663225 -0.004473602 -0.006354965 0.006632582 -0.0009355469 -0.001211456 0.006633265 -0.0009500732 0.005037849 0.006633303 -0.0009355164 -0.004961449 0.006633635 -0.003166168 -0.0006831741 0.006633753 -0.0009356079 -0.002961449 0.006633867 -0.0009459229 -0.003211945 0.006634233 -0.0009356689 -0.0009614563 0.006634253 0.003164825 0.002599625 0.006634745 -0.0009357605 0.001038544 0.006634748 -0.0009358215 0.005038544 0.006634905 -0.0009358215 -0.003211456 0.00663529 -0.0009358826 0.003038551 0.006635309 -0.0009357605 0.003038551 0.006636293 -0.001348175 -0.005271851 0.006637316 -0.0009213867 0.001039253 0.006638361 0.0009138184 0.002877396 0.006639292 -0.0009070435 -0.0009600525 0.006640329 -0.0031521 -0.002682518 0.006641237 -0.0008927002 -0.002959351 0.00664255 0.003859589 -0.006182449 0.006643152 -0.0008783264 -0.004958649 0.006643377 -0.001239075 -0.005259575 0.006643515 0.0008372498 0.005123749 0.006643538 0.0008372498 -0.003126259 0.006643538 0.0008373108 -0.001126251 0.006643599 0.0008372498 0.003123749 0.006643721 0.0008372498 0.001123749 0.006643869 0.0008372803 -0.0008762512 0.006644045 0.0008372803 -0.002876251 0.006644251 0.0008373108 -0.004876251 0.0066443 0.0008373108 -0.005126244 0.006644312 0.0008374634 0.0008737564 0.006645864 0.0008376465 0.002873779 0.006646143 0.004452942 0.004271576 0.00664699 -0.003138031 -0.004681854 0.006647806 0.0008423767 0.004874016 0.006648199 0.0008378601 0.004873795 0.006650511 -0.003130554 -0.005681511 0.006653315 0.003841278 -0.006183014 0.006656595 -0.001035431 -0.005236649 0.006659407 -0.000875824 -0.005218575 0.006662146 -0.0007202454 -0.005200966 0.006662523 -0.0007167358 0.00479921 0.006665617 0.0006873474 -0.005133339 0.006665884 0.0006847839 -0.004883469 0.006667334 0.0006705017 -0.00288414 0.006668303 0.003092438 0.004596123 0.006668753 0.0006562195 -0.0008848267 0.006669943 -0.0006440735 0.002802734 0.006670145 0.0006419373 0.001114502 0.006671507 0.000627655 0.003113823 0.006672647 0.000615387 -0.003136765 0.006672831 0.0006133423 0.005113136 0.006676565 -0.0005713196 0.0008062668 0.006678904 0.0005432739 -0.00114019 0.006682394 -0.0004985352 -0.001190208 0.006684389 0.0004710083 0.0008563614 0.00668704 -0.0003455505 0.0008171539 0.006687052 -0.0003454895 0.002817162 0.006687208 -0.0004291382 0.005063148 0.006687433 -0.0004256592 -0.003186691 0.006687822 -0.0003456116 -0.001182838 0.00668786 -0.0003454895 0.004817162 0.00668812 -0.0004147034 0.003063843 0.006689001 -0.000400238 0.001064537 0.006689096 0.0003986511 0.002852913 0.006689299 -0.0003457031 0.005067162 0.006689398 -0.0003457031 -0.003182838 0.006689699 -0.0003457336 0.003067169 0.006689852 -0.0003857422 -0.000934761 0.006690134 -0.0003457336 0.001067162 0.006690596 -0.0003457642 -0.0009328384 0.006690668 -0.0003713074 -0.002934059 0.006691092 -0.0003457642 -0.002932831 0.00669145 0.0002468567 0.0008456345 0.006691454 -0.000356842 -0.004933365 0.006691462 0.0002467957 -0.001154373 0.006691614 -0.0003457642 -0.004932831 0.006691671 -0.0003527527 -0.005183167 0.006691767 -0.0003457642 -0.005182823 0.006692213 0.0002467957 0.005095634 0.006692225 0.0002469482 0.002845634 0.006692263 0.0002467957 -0.003154366 0.006692457 0.0002467957 0.003095634 0.006692736 0.0002467957 0.001095634 0.006693022 0.0003261719 0.004849449 0.006693045 0.0002468262 -0.0009043579 0.006693384 0.0002468262 -0.002904358 0.006693754 0.0002468567 -0.00490435 0.006693796 0.0002470093 0.00484565 0.006693846 0.0002468567 -0.005154358 0.006698122 -0.0001950989 0.00482444 0.006698832 0.0001690979 -0.005158066 0.006698912 0.0001657715 -0.004908226 0.006699255 0.0001513367 -0.002908913 0.006699564 0.0001369324 -0.0009096069 0.006699846 -0.0001222229 0.00282795 0.006699846 0.000122467 0.001089699 0.006700094 0.0001080322 0.003089012 0.006700274 9.637451e-05 -0.003161552 0.006700312 9.359741e-05 0.005088318 0.006700785 -4.931641e-05 0.0008314514 0.006700922 2.355957e-05 -0.001165047 0.006720831 -0.002976593 0.0043256 0.006731829 -0.004322327 0.003902275 0.006738771 0.004311493 -0.00598526 0.006739042 0.00293512 -0.004411438 0.006739153 0.002934845 -0.005411453 0.006745356 0.002920593 -0.002412132 0.006748075 0.004296906 -0.003985954 0.00674917 0.004295166 -0.005736038 0.006751638 0.002906036 -0.0004128189 0.006752142 -0.002904846 0.002328888 0.006757353 0.004282318 -0.001986656 0.006757883 0.002891449 0.001586479 0.006764101 0.002876892 0.003585793 0.0067666 0.00426767 1.264191e-05 0.006770285 0.002862305 0.005585098 0.006770639 0.002861481 -0.003414948 0.006775812 0.004253052 0.002011948 0.006777693 -0.004052887 -0.006397034 0.006778223 -0.004249207 0.001905731 0.006779863 -0.004048828 -0.006396912 0.006780317 0.003625153 -0.006189697 0.00678274 -0.002832672 0.0003321838 0.006784994 0.004238373 0.004011246 0.006794142 0.004223694 0.006010544 0.006795576 0.004221405 -0.003739563 0.006801306 0.002787811 -0.001418427 0.006811708 0.003571747 -0.006191353 0.006812605 -0.002760071 -0.001664497 0.006823786 -0.004175659 -9.082794e-05 0.006831148 0.002713837 0.0005780945 0.00683922 -0.002693451 0.005338539 0.006841185 0.004147064 -0.001743095 0.006841742 -0.002687042 -0.003661163 0.006844927 -0.002678925 0.003339203 0.006850603 -0.002664368 0.001339867 0.006856249 -0.002649811 -0.0006594696 0.006860167 0.002639618 0.002574631 0.006861868 -0.002635223 -0.002658806 0.006863443 -0.004098785 0.00391256 0.006863749 -0.003892395 -0.006392403 0.006864248 -0.004099152 -0.006337433 0.00686429 -0.004099365 0.001912567 0.006864359 -0.004099213 -0.006087433 0.006864504 -0.004099304 -0.004337433 0.006864794 -0.004099457 -0.002337425 0.00686511 -0.00409967 -0.0003374252 0.006865458 -0.004099854 0.001662582 0.006865835 -0.004100098 0.003662582 0.006865957 -0.004100342 -8.742523e-05 0.006866022 -0.004100189 -0.004087418 0.006866247 -0.004100342 0.00566259 0.006867456 -0.002620636 -0.004658142 0.006868456 -0.004101746 -0.002087402 0.00686846 -0.004101746 -0.0065 0.00686846 -0.004101746 0.0065 0.006868502 -0.004101685 -0.002087395 0.006870134 -0.002613586 -0.005657822 0.006885984 0.004072266 0.0002533875 0.006888353 0.002565186 0.004571167 0.006907701 -0.004035309 0.005665665 0.006912371 -0.004027283 -0.004083969 0.006916327 -0.004020508 0.003666344 0.006922915 0.003996948 0 0.006922922 0.003996948 0.002 0.006922937 0.003996948 -0.002000008 0.006922964 0.003997009 0.004 0.006922991 0.003996948 -0.004 0.006923002 0.003996948 -0.00575 0.00692304 0.00399707 0.006 0.006923067 0.00399707 -0.00375 0.006923079 0.003996979 -0.006000008 0.006923967 0.00399762 -0.00175 0.006924913 -0.004005707 0.001667023 0.006925627 0.003998413 0.00425 0.006925714 0.003998657 0.0002500076 0.006928091 0.003999939 0.00225 0.006928205 -0.012 -0.0054282 0.006928205 -0.012 0.0054282 0.006928205 0.004 -0.0065 0.006928205 0.004 0.0065 0.006928205 0.012 -0.0054282 0.006928205 0.012 0.0054282 0.006928942 -0.00245343 0.004349464 0.006929972 0.003996948 0.002249855 0.006933466 -0.003990875 -0.0003323059 0.006937426 -0.003754974 -0.006388451 0.006941988 -0.003976044 -0.002331627 0.006946444 0.002403442 -0.005436272 0.006946608 0.002402985 -0.004436302 0.006950476 -0.003961182 -0.004330948 0.006951746 0.002388062 -0.002436981 0.006954939 -0.002378754 0.002352859 0.006955389 -0.003952545 -0.006080559 0.006956846 0.002373169 -0.0004376602 0.006958929 -0.00394632 -0.006330276 0.006961916 0.002358246 0.001561661 0.006966948 0.002343323 0.003560982 0.00696842 0.003276428 -0.006200249 0.006971952 0.0023284 0.005560303 0.006971987 0.002328278 -0.003439705 0.006973131 0.003921173 0.004246323 0.006980154 -0.002303711 0.0003562546 0.006983004 0.003245789 -0.006201141 0.006996698 0.00225296 -0.001443115 0.007004591 -0.002228302 -0.001640335 0.007020563 0.00217746 0.0005534744 0.00702643 -0.002158447 0.005362831 0.007028234 -0.002152557 -0.003636902 0.007031042 -0.002143372 0.003363503 0.00703562 -0.002128326 0.001364189 0.007040163 -0.00211322 -0.0006351318 0.007043585 0.002101776 0.002550087 0.007044683 -0.002098114 -0.002634445 0.007045454 -0.003789673 0.003926773 0.007049166 -0.002083008 -0.004633759 0.007051092 -0.002076477 -0.005633476 0.007054907 0.003772034 -0.006010544 0.007056467 0.003091431 -0.006205673 0.007063044 0.003756775 -0.004011253 0.007063597 0.003755737 -0.005761299 0.007065619 -0.009699341 -0.0065 0.007065619 -0.009699341 0.0065 0.007065619 0.009699341 -0.0065 0.007065619 0.009699341 0.0065 0.007065763 0.00202597 0.004546707 0.007071154 0.003741486 -0.002011948 0.007079229 0.003726196 -1.264954e-05 0.007084162 -0.003450867 -0.006379951 0.007085745 -0.003713806 0.001930145 0.007087271 0.003710876 0.001986656 0.007094893 -0.003425964 -0.006379288 0.007095278 0.003695526 0.003985954 0.007097742 -0.001910919 0.004373993 0.007103251 0.003680176 0.005985252 0.007104105 0.003678528 -0.003764824 0.007110838 0.001861603 -0.005460556 0.007111162 0.001860352 -0.004460602 0.007112524 0.002973633 -0.006209122 0.007115099 0.001845245 -0.002461273 0.007118036 -0.001833862 0.002377457 0.007118998 0.001830139 -0.0004619293 0.007122869 0.001815033 0.001537407 0.007125166 -0.003637604 -6.64978e-05 0.007126707 0.001799896 0.003536743 0.007128874 -0.003347107 -0.006377144 0.00713035 0.0017854 -0.00346389 0.00713051 0.00178479 0.005536087 0.00713751 -0.001756561 0.0003809357 0.007143759 0.003600922 -0.001768341 0.007149019 0.001709137 -0.001467209 0.00715616 -0.001678986 -0.001615585 0.007163713 -0.003561066 -0.002063148 0.007166842 0.001632751 0.0005294876 0.007172792 -0.001606445 0.005387672 0.007173975 -0.001601135 -0.003612091 0.007176237 -0.001590973 0.003388359 0.007179655 -0.0015755 0.001389053 0.007182554 0.003522919 0.0002281418 0.007183035 -0.001560028 -0.0006102448 0.007183828 0.001556335 0.002526199 0.00718638 -0.001544525 -0.002609558 0.007189699 -0.001528992 -0.004608864 0.007190954 -0.001523102 -0.005608597 0.007197752 -0.003491791 0.00568985 0.007198915 -0.003476196 0.001940361 0.007198931 -0.003476135 0.003940361 0.007199728 -0.003476624 -5.961609e-05 0.00719998 0.001479828 0.004522926 0.007201376 -0.003477448 -0.002059601 0.007201384 -0.003484253 -0.004059822 0.007201536 -0.003477356 -0.006309616 0.007201742 -0.003477448 -0.006059608 0.007201967 -0.00347757 -0.004309601 0.007202433 -0.003477814 -0.002309601 0.007202929 -0.003478027 -0.0003095932 0.007203455 -0.003478333 0.001690407 0.007203592 -0.003478455 0.005690414 0.007203875 -0.003478577 -0.004059586 0.007204012 -0.003478638 0.003690422 0.007204092 -0.003478668 -0.0065 0.007204092 -0.003478668 0.0065 0.007205137 -0.003476501 0.003690514 0.007205275 -0.01152011 -0.005583282 0.007205275 -0.01152011 0.005583275 0.007205275 0.01152011 -0.005583282 0.007205275 0.01152011 0.005583275 0.007212492 -0.003461212 0.00169117 0.007217764 -0.00314093 -0.006371559 0.007219812 -0.003445923 -0.0003081741 0.007220484 0.003444519 0.002224625 0.007224783 -0.001353546 0.004398979 0.007227095 -0.003430634 -0.00230751 0.007232183 0.001313416 -0.005484207 0.00723255 0.001311401 -0.004484299 0.007234346 -0.003415314 -0.004306862 0.007235315 0.001296082 -0.002484955 0.007238047 0.001280731 -0.000485611 0.00723818 -0.003407166 -0.006056511 0.007239092 -0.001274811 0.002402489 0.007240747 0.00126535 0.001513718 0.00724156 -0.003399994 -0.006306198 0.007243418 0.00125 0.003513062 0.007243822 0.002663513 -0.006217979 0.007245813 0.001236023 -0.003487534 0.007246054 0.001234619 0.005512398 0.007249159 0.003369476 0.00597142 0.007249166 0.003369476 -0.003778587 0.007249239 0.003369476 0.00397142 0.007249281 0.003369568 -0.00177858 0.007249353 0.003369507 0.001971413 0.007249506 0.003369568 -2.858734e-05 0.007249689 0.003369659 -0.002028587 0.007249907 0.003369751 -0.004028587 0.00724991 0.003369751 -0.005778587 0.007250154 0.003369843 -0.006028587 0.007250265 0.003370087 0.0002214127 0.007252123 0.003370941 0.002221413 0.007252542 -0.001195892 0.0004060135 0.007254377 0.003371918 0.004221405 0.007254614 0.003372009 -0.0065 0.007254614 0.003372009 0.0065 0.00725754 0.003365723 0.004221123 0.007258631 0.001158386 -0.001490875 0.007259287 0.002621948 -0.006219131 0.007265142 -0.001116821 -0.001590469 0.007270632 0.001080505 0.0005057678 0.007276224 -0.001042175 0.005412857 0.00727688 -0.001037598 -0.003586945 0.00727846 -0.001026428 0.003413551 0.007280664 -0.001010712 0.001414246 0.007281816 0.00100238 0.002502396 0.007282835 -0.0009949646 -0.0005850525 0.007284967 -0.0009792175 -0.002584351 0.007287069 -0.0009634399 -0.004583649 0.00728776 -0.0009582214 -0.00558342 0.007290091 0.002539246 -0.006221428 0.00729217 0.0009240417 0.004499008 0.007308313 -0.0007861938 0.00442421 0.007311712 0.0007539673 -0.005508339 0.007312002 0.0007511597 -0.004508469 0.007313593 0.0007354736 -0.00250914 0.007314714 -0.003239594 0.0039506 0.007315149 0.0007198181 -0.000509819 0.007316454 -0.0007064819 0.002427734 0.007316679 0.0007041626 0.001489494 0.007318167 0.0006884766 0.003488823 0.007319418 0.0006750488 -0.003511765 0.007319624 0.0006727905 0.005488144 0.007323717 -0.000626709 0.0004312592 0.007325407 -0.002860352 -0.006364044 0.007326284 0.0005959473 -0.001515198 0.007327627 0.003210297 -0.006035744 0.007330114 -0.0005468445 -0.001565208 0.0073323 0.0005166626 0.0004813614 0.007334532 0.003194458 -0.004036438 0.007334658 0.003194183 -0.005786446 0.007335394 -0.0004707336 0.005438141 0.007335638 -0.0004668884 -0.003561691 0.007336397 -0.000454895 0.003438843 0.007337362 -0.0004389954 0.001439545 0.007337465 0.0004372864 0.002477913 0.007338293 -0.0004231567 -0.000559761 0.00733919 -0.0004072876 -0.002559059 0.007340055 -0.0003914185 -0.004558365 0.007340292 -0.0003869324 -0.005558167 0.007341402 0.00317865 -0.002037132 0.007341772 0.0003577576 0.004474449 0.007347368 -0.0002140198 0.00444944 0.007348143 0.0001854858 -0.005533058 0.007348234 0.0001818237 -0.004533226 0.007348238 0.003162811 -3.782654e-05 0.007348608 0.0001660156 -0.002533913 0.007348791 -0.00316153 0.001953888 0.007348951 0.000150177 -0.0005346069 0.007349257 0.0001343384 0.001464699 0.00734926 -0.0001340332 0.00245295 0.007349527 0.0001184998 0.003464005 0.007349722 0.0001056824 -0.003536552 0.007349768 0.0001026611 0.005463318 0.007350153 -0.002786987 -0.006362091 0.007350283 -5.407715e-05 0.0004564514 0.007350435 2.581787e-05 -0.001540039 0.007352816 -0.002779083 -0.00636187 0.00735504 0.003146973 0.001961487 0.007361807 0.003131104 0.003960785 0.007362043 0.002346008 -0.006226807 0.007368536 0.003115204 0.005960098 0.007368921 0.003114319 -0.00378994 0.00738209 -0.003082977 -4.280853e-05 0.007402296 0.003034119 -0.001793427 0.007414598 -0.003003967 -0.002039497 0.007434553 -0.002536682 -0.0063554 0.007434778 0.002953674 0.0002030945 0.00744356 -0.002931458 0.005713547 0.007446306 -0.0029245 -0.004036163 0.00744977 -0.002915649 0.003714203 0.0074499 0.002077332 -0.0062341 0.007455954 -0.002899811 0.001714867 0.007462099 -0.002883972 -0.0002844696 0.00746636 0.002872894 0.002199631 0.007466768 0.01106717 -0.005720306 0.007466768 0.01106717 0.005720299 0.007467283 -0.01106628 -0.005720573 0.007467283 -0.01106628 0.005720566 0.00746821 -0.002868073 -0.002283806 0.007474295 -0.002852203 -0.004283134 0.007477209 -0.002844543 -0.006032814 0.007477884 -0.002826324 -3.20816e-05 0.007478014 -0.002826294 0.001967911 0.007478613 -0.00282666 -0.002032097 0.007478998 -0.00282663 0.003967911 0.007479025 0.001974457 -0.006236832 0.007479258 0.001973633 -0.006236855 0.007480043 -0.002827179 0.005717888 0.007480227 -0.002827271 -0.004032112 0.007480345 -0.002836273 -0.006282471 0.007480455 -0.002827362 0.003717888 0.007480902 -0.002827515 0.00171788 0.007481386 -0.002827698 -0.0002821274 0.007481897 -0.002827881 -0.002282127 0.007482454 -0.002828064 -0.004282135 0.007482733 -0.002828125 -0.006032143 0.007483038 -0.002828247 -0.006282143 0.007483347 -0.002828339 -0.0065 0.007483347 -0.002828339 0.0065 0.007497034 0.00279187 0.004196167 0.00751866 0.002715637 -0.001806938 0.007518789 0.002715759 0.0001930695 0.007519396 0.002715851 0.005943054 0.007519403 0.002715851 -0.003806938 0.007519651 0.002715912 0.003943054 0.007519808 0.002716156 0.002193054 0.007519938 0.002716003 0.001943054 0.007520258 0.002716125 -5.695343e-05 0.007520613 0.002716248 -0.002056953 0.007521002 0.0027164 -0.004056961 0.007521021 0.0027164 -0.005806961 0.007521425 0.002716553 -0.006056953 0.007521719 0.002716858 0.004193047 0.007524248 0.002717651 -0.0065 0.007524248 0.002717651 0.0065 0.007528929 -0.002210449 -0.00634671 0.007529665 -0.002207428 -0.006346626 0.007540949 0.001755707 -0.00624263 0.007541212 -0.002670258 0.003974457 0.007552458 -0.002113525 -0.006344131 0.007554815 0.0026315 -0.006060616 0.007560259 0.002615814 -0.005811272 0.007560438 0.002615295 -0.004061295 0.007566027 0.00259906 -0.002061981 0.007569502 -0.002588959 0.001977852 0.007571581 0.002582855 -6.266022e-05 0.007577097 0.00256665 0.001936661 0.007582579 0.002550415 0.003935982 0.007588022 0.002534149 0.005935303 0.00758806 0.002534058 -0.003814705 0.007596949 -0.002507263 -1.874542e-05 0.007608709 -0.001881897 -0.006337975 0.007614954 0.002452026 -0.001818123 0.007617884 0.001430725 -0.006251076 0.007623545 -0.002425201 -0.002015327 0.007623957 0.001399078 -0.006251892 0.007640928 0.002369873 0.0001784821 0.00764131 0.001308624 -0.006254242 0.007647314 -0.002349182 0.005737823 0.007649282 -0.002342743 -0.004011909 0.00765233 -0.002332794 0.00373851 0.007657316 -0.002316376 0.001739189 0.007661963 -0.001612183 -0.006330833 0.007662264 -0.002299957 -0.0002601318 0.007665987 0.002287506 0.002175087 0.007667181 -0.002283508 -0.002259445 0.00767206 -0.002267059 -0.004258766 0.007674021 -0.001551147 -0.006329216 0.007674154 -0.002259949 -0.006008469 0.007676905 -0.00225061 -0.00625808 0.007680891 0.001102356 -0.006259598 0.007690126 0.002204987 0.004171707 0.007691866 -0.001434479 -0.006326126 0.007698286 -0.002154297 -0.00200412 0.007698465 -0.002154297 -4.119873e-06 0.007698919 -0.002154541 0.005745872 0.007699018 -0.002154572 -0.004004128 0.00769916 -0.002154633 0.003745872 0.007699438 -0.002154694 0.001745872 0.007699533 -0.002154541 0.00199588 0.007699751 -0.002154816 -0.0002541351 0.007700098 -0.002154907 -0.002254135 0.007700483 -0.002154999 -0.004254135 0.007700666 -0.00215506 -0.006004143 0.007700903 -0.002155121 -0.006254135 0.00770149 -0.002155121 0.003995865 0.007704035 -0.002155914 -0.0065 0.007704035 -0.002155914 0.0065 0.007724077 0.0008101501 -0.006267197 0.007724916 -0.001218414 -0.006320419 0.007724928 -0.002079773 0.003998993 0.007729372 0.002040558 0.0001651459 0.007729467 0.002040619 0.002165154 0.007729883 0.0007708435 -0.006268227 0.007729967 -0.01061133 -0.005848579 0.007729967 -0.01061133 0.005848572 0.007729967 0.0106113 -0.005848579 0.007729967 0.0106113 0.005848572 0.007730169 0.00204071 -0.001834862 0.007730448 0.002040924 0.004165146 0.007731825 0.002041107 0.005915123 0.007731848 0.002041107 -0.003834885 0.00773226 0.002041229 0.003915115 0.007732687 -0.009176361 -0.0065 0.007732687 -0.009176361 0.0065 0.007732687 0.009176361 -0.0065 0.007732687 0.009176361 0.0065 0.007732729 0.002041382 0.001915115 0.007733236 0.002041534 -8.489227e-05 0.007733778 0.002041687 -0.002084892 0.00773435 0.00204187 -0.0040849 0.0077344 0.00204187 -0.005834908 0.007734957 0.002042023 -0.006084915 0.007734991 0.002042023 -0.0065 0.007734991 0.002042023 0.0065 0.007735212 0.002041199 -0.006084938 0.007739183 0.002026093 -0.005835556 0.007739531 0.00202475 -0.004085609 0.007743814 0.002008301 -0.002086266 0.007744589 0.0006295776 -0.006271904 0.007747015 -0.001995941 0.002002464 0.007747946 -0.001007355 -0.006314842 0.007748064 0.001991852 -8.693695e-05 0.007752275 0.001975403 0.001912407 0.007756453 0.001958954 0.003911751 0.007760416 0.001943176 -0.00383889 0.007760592 0.001942505 0.005911079 0.007761427 -0.0008838501 -0.006311584 0.007764704 0.0004362793 -0.006276947 0.007768213 -0.001911774 5.935669e-06 0.007770388 -0.0007472839 -0.006307999 0.007778463 0.000209198 -0.00628289 0.007780733 0.001860138 -0.001842209 0.007783499 -0.0005475769 -0.006302734 0.007785143 9.893799e-05 -0.006285774 0.00778713 -0.000398407 -0.00629882 0.007787821 -5.74646e-05 -0.006289871 0.007788504 -0.001827362 -0.001990585 0.007790956 -0.0002411194 -0.006294685 0.007800135 0.001777069 0.0001544876 0.007806608 -0.001748413 0.005762672 0.007807894 -0.001742645 -0.003987099 0.007810362 -0.001731567 0.003763359 0.007814077 -0.001714722 0.001764061 0.007817755 -0.001697845 -0.0002352524 0.007818621 0.001693878 0.002151207 0.007821402 -0.001681 -0.002234558 0.00782501 -0.001664124 -0.004233856 0.007826376 -0.001657684 -0.005983597 0.007828581 -0.001647217 -0.006233162 0.007836199 0.001610596 0.004147926 0.007858469 -0.001465485 0.005774269 0.007858503 -0.001465515 -0.003975723 0.007858538 -0.001465515 0.003774269 0.007858641 -0.001465546 0.001774269 0.007858664 -0.001465454 -0.001975731 0.007858778 -0.001465576 -0.0002257309 0.007858957 -0.001465637 -0.002225731 0.007859175 -0.001465698 -0.004225731 0.007859274 -0.001465698 -0.005975739 0.007859426 -0.001465729 -0.006225739 0.007859751 -0.001465637 2.427673e-05 0.007861761 -0.001466034 0.002024261 0.007863195 -0.001473145 0.004023987 0.007864168 -0.001466553 0.004024254 0.007864424 -0.001466583 -0.0065 0.007864424 -0.001466583 0.0065 0.007868605 0.001444 -0.006108643 0.007871252 0.001429504 -0.005859215 0.007871649 0.001427307 -0.004109299 0.007874655 0.001410614 -0.002109962 0.007877634 0.00139389 -0.0001106186 0.007878767 -0.001387451 0.002027496 0.007879511 0.001349487 0.004137604 0.007879545 0.001349426 0.002137604 0.00788048 0.001349548 0.000137619 0.007880571 0.001377167 0.001888725 0.007882135 0.001350006 -0.006112366 0.007882299 0.001349854 -0.001862366 0.007882544 0.001350067 -0.005862366 0.007882601 0.001350067 -0.004112366 0.007883101 0.001350159 -0.00211235 0.007883474 0.001360443 0.003888062 0.007883638 0.00135022 -0.0001123505 0.007884207 0.001350281 0.001887657 0.007884817 0.001350372 0.003887657 0.007884947 0.001350372 0.005887665 0.007885004 0.001350372 -0.003862335 0.007885199 0.001350433 -0.0065 0.007885199 0.001350433 0.0065 0.00788608 0.001345245 -0.003862541 0.007886347 0.001343719 0.005887405 0.007893408 -0.001301575 3.100586e-05 0.007900034 0.001260773 -0.001865875 0.007907122 -0.001215515 -0.001965469 0.007913095 0.001175995 0.0001307678 0.007919184 -0.001134308 0.005787849 0.007919897 -0.001129303 -0.003961945 0.007921618 -0.001117157 0.003788551 0.007924017 -0.001100037 0.001789253 0.007925268 0.001090942 0.002127396 0.007926374 -0.001082886 -0.0002100449 0.007928698 -0.001065735 -0.002209351 0.007930986 -0.001048584 -0.004208656 0.007931734 -0.001042877 -0.005958412 0.007933237 -0.001031403 -0.006207947 0.007936537 0.001005676 0.004124016 0.007954107 -0.0008556824 0.004049202 0.007956354 0.0008345337 -0.00613279 0.007957186 -0.0007651978 -0.0001971436 0.00795719 -0.0007652283 -0.002197136 0.00795722 -0.0007651978 0.001802864 0.007957232 -0.0007652283 -0.004197144 0.00795727 -0.0007652588 -0.005947144 0.007957289 -0.0007651978 0.003802856 0.007957308 -0.0007652588 -0.006197136 0.007957384 -0.0007651978 -0.003947136 0.007957399 -0.0007651978 0.005802864 0.007957804 0.0008206177 -0.005883347 0.00795812 0.0008175049 -0.004133461 0.007958445 -0.0007652588 -0.001947136 0.007959852 0.0008004761 -0.002134148 0.00796026 -0.0007655945 0.004052856 0.007960447 -0.0007654419 5.286407e-05 0.00796155 0.0007834167 -0.000134819 0.007962965 -0.0007689209 0.002052734 0.007963144 -0.0007657776 0.002052856 0.007963209 0.0007663879 0.001864502 0.007963266 -0.0007657776 -0.0065 0.007963266 -0.0007657776 0.0065 0.00796483 0.0007493286 0.003863815 0.007966192 0.0007347107 -0.003886757 0.007966417 0.0007322388 0.005863136 0.00796789 0.0006477356 0.004109749 0.007968634 0.0006479187 -0.006140236 0.00796887 0.0006479492 -0.005890244 0.007968908 0.0006477966 0.002109749 0.007968912 0.0006479492 -0.004140244 0.007969229 0.0006479797 -0.002140236 0.007969584 0.0006480103 -0.0001402359 0.007969976 0.0006480408 0.001859772 0.007970404 0.0006480713 0.003859772 0.007970804 0.0006481018 -0.003890221 0.00797085 0.0006479492 0.0001097717 0.007970869 0.0006481018 0.005859779 0.007970873 -0.0006820679 5.625916e-05 0.007973665 0.0006485901 -0.001890198 0.00797368 0.0006482544 -0.001890205 0.007973692 0.0006482544 -0.0065 0.007973692 0.0006482544 0.0065 0.007976011 -0.01018515 -0.005959297 0.007976011 -0.01018515 0.00595929 0.007976141 0.01018494 -0.005959351 0.007976141 0.01018494 0.005959351 0.007977835 -0.0005951538 -0.001940216 0.007980215 0.0005623169 0.0001063614 0.00798358 -0.0005123596 0.005813141 0.007983847 -0.0005081787 -0.003936684 0.007984671 -0.0004950562 0.003813843 0.00798572 -0.0004778137 0.001814545 0.007985834 0.0004759216 0.002102913 0.007986734 -0.0004605408 -0.000184761 0.007987711 -0.0004432678 -0.002184067 0.007988653 -0.0004260254 -0.004183357 0.007988909 -0.0004211426 -0.005933167 0.007989553 -0.0004087219 -0.006182663 0.007990519 0.0003893738 0.004099449 0.007993792 -5.892944e-05 -0.006168571 0.007993876 -5.889893e-05 -0.005918571 0.007993891 -5.889893e-05 -0.004168571 0.007994024 -5.889893e-05 -0.002168571 0.0079942 -5.889893e-05 -0.0001685715 0.007994413 -5.886841e-05 0.001831436 0.007994658 -5.886841e-05 0.003831429 0.007994898 -5.886841e-05 -0.003918564 0.007994909 -5.905151e-05 0.004081429 0.007994944 -5.886841e-05 0.005831436 0.007996611 -0.0002329407 0.00407444 0.007996862 -5.889893e-05 -0.001918564 0.007996878 -5.905151e-05 0.002081436 0.00799711 0.0002151489 -0.006157532 0.007997454 0.0002019043 -0.005908066 0.007997553 0.000197937 -0.004158218 0.007997961 0.0001806641 -0.00215892 0.007998331 0.0001634521 -0.0001596069 0.007998667 0.0001462097 0.001839699 0.007998671 -0.0001459045 0.00207795 0.00799896 0.0001289673 0.003839012 0.007999174 0.0001150513 -0.003911545 0.007999224 0.0001117249 0.005838318 0.007999781 -5.899048e-05 8.145142e-05 0.007999784 -5.899048e-05 -0.0065 0.007999784 -5.899048e-05 0.0065 0.007999784 -5.886841e-05 8.145905e-05 0.007999952 2.810669e-05 -0.001915047 0.008222708 -0.009757874 -0.006060966 0.008222708 -0.009757874 0.006060959 0.008222708 0.009757843 -0.006060966 0.008222708 0.009757843 0.006060959 0.008361177 -0.008607605 -0.0065 0.008361177 -0.008607605 0.0065 0.008361177 0.008607605 -0.0065 0.008361177 0.008607605 0.0065 0.008456465 -0.009352966 -0.006148323 0.008456465 -0.009352966 0.006148323 0.008456591 0.009352753 -0.006148369 0.008456591 0.009352753 0.006148369 0.008690859 -0.008946991 -0.006226822 0.008690859 -0.008946991 0.006226822 0.008690859 0.008946991 -0.006226822 0.008690859 0.008946991 0.006226822 0.00894795 -0.00799588 -0.0065 0.00894795 -0.00799588 0.0065 0.00894795 0.00799588 -0.0065 0.00894795 0.00799588 0.0065 0.009140593 -0.00816803 -0.006350845 0.009140593 -0.00816803 0.006350838 0.009140593 0.00816803 -0.006350845 0.009140593 0.00816803 0.006350838 0.009490072 -0.007344299 -0.0065 0.009490072 -0.007344299 0.0065 0.009490072 0.007344299 -0.0065 0.009490072 0.007344299 0.0065 0.009577238 -0.007411743 -0.006436371 0.009577238 -0.007411743 0.006436363 0.009577238 0.007411743 -0.006436371 0.009577238 0.007411743 0.006436363 0.009984846 -0.006656036 -0.0065 0.009984846 -0.006656036 0.0065 0.009984846 0.006656036 -0.0065 0.009984846 0.006656036 0.0065 0.01000557 -0.006669861 -0.006485626 0.01000557 -0.006669861 0.006485619 0.01000557 0.006669861 -0.006485626 0.01000557 0.006669861 0.006485619 0.01039231 -0.006 -0.0065 0.01039231 -0.006 0.0065 0.01039231 0.006 -0.0065 0.01039231 0.006 0.0065 0.01075673 -0.005319122 -0.0065 0.01075673 -0.005319122 0.0065 0.01075673 0.005319092 -0.0065 0.01075673 0.005319092 0.0065 0.01077905 -0.00533017 -0.006485626 0.01077905 -0.00533017 0.006485619 0.01077905 0.005330139 -0.006485626 0.01077905 0.005330139 0.006485619 0.01110538 -0.004546509 -0.0065 0.01110538 -0.004546509 0.0065 0.01110538 0.004546509 -0.0065 0.01110538 0.004546509 0.0065 0.01120738 -0.004588257 -0.006436371 0.01120738 -0.004588257 0.006436363 0.01120738 0.004588257 -0.006436371 0.01120738 0.004588257 0.006436363 0.01139862 -0.003751221 -0.0065 0.01139862 -0.003751221 0.0065 0.01139862 0.00375119 -0.0065 0.01139862 0.00375119 0.0065 0.01163499 -0.002937195 -0.0065 0.01163499 -0.002937195 0.0065 0.01163499 0.002937164 -0.0065 0.01163499 0.002937164 0.0065 0.01164402 -0.00383197 -0.006350845 0.01164402 -0.00383197 0.006350838 0.01164402 0.00383197 -0.006350845 0.01164402 0.00383197 0.006350838 0.0118133 -0.002108521 -0.0065 0.0118133 -0.002108521 0.0065 0.0118133 0.002108521 -0.0065 0.0118133 0.002108521 0.0065 0.01193268 -0.001269318 -0.0065 0.01193268 -0.001269318 0.0065 0.01193268 0.001269318 -0.0065 0.01193268 0.001269318 0.0065 0.01199251 -0.0004237976 -0.0065 0.01199251 -0.0004237976 0.0065 0.01199252 0.0004237976 -0.0065 0.01199252 0.0004237976 0.0065 0.01209376 -0.003053009 -0.006226822 0.01209376 -0.003053009 0.006226822 0.01209376 0.003052979 -0.006226822 0.01209376 0.003052979 0.006226822 0.0123282 -0.002646942 -0.006148308 0.0123282 -0.002646942 0.006148308 0.01232841 0.002646576 -0.006148232 0.01232841 0.002646576 0.006148232 0.01256191 -0.002242126 -0.006060966 0.01256191 -0.002242126 0.006060959 0.01256191 0.002242126 -0.006060966 0.01256191 0.002242126 0.006060959 0.01280865 -0.001814758 -0.005959274 0.01280865 -0.001814758 0.005959267 0.01280886 0.001814392 -0.005959183 0.01280886 0.001814392 0.005959175 0.01305465 -0.001388702 -0.005848579 0.01305465 -0.001388702 0.005848572 0.01305465 0.001388672 -0.005848579 0.01305465 0.001388672 0.005848572 0.01331738 -0.0009336243 -0.005720543 0.01331738 -0.0009336243 0.005720543 0.01331759 0.0009332581 -0.005720436 0.01331759 0.0009332581 0.005720428 0.01357934 -0.0004798889 -0.005583282 0.01357934 -0.0004798889 0.005583275 0.01357934 0.0004798889 -0.005583282 0.01357934 0.0004798889 0.005583275 0.01385641 -3.051758e-08 -0.0054282 0.01385641 -3.051758e-08 0.0054282</float_array>
          <technique_common>
            <accessor count="5729" source="#cubeverts-array0-array" stride="3">
              <param type="float" name="X" />
              <param type="float" name="Y" />
              <param type="float" name="Z" />
            </accessor>
          </technique_common>
        </source>
        <source id="cubenormals-array0">
          <float_array count="34374" id="cubenormals-array0-array">0.8660107 -0.5000256 0 0.8660107 -0.5000256 0 0.8660119 -0.5000234 3.614359e-06 0.8660336 -0.4999859 -3.603003e-07 0.8660297 -0.4999927 0 0.8660252 -0.5000003 6.277662e-07 0.8660294 -0.4999931 -2.073538e-06 0.8660214 -0.5000069 0 0.8660214 -0.5000069 0 0.8660324 -0.4999879 0 0.8660245 -0.5000016 9.439098e-07 0.8660342 -0.4999847 -3.158409e-06 0.8660244 -0.5000018 2.797682e-07 0.866013 -0.5000216 -1.801942e-06 0.8660343 -0.4999847 2.115034e-06 0.866018 -0.5000129 -2.233226e-06 0.8660336 -0.4999857 2.906745e-06 0.8660139 -0.5000199 -6.277372e-06 0.8660253 -0.5000003 2.283096e-08 0.866032 -0.4999886 2.77388e-06 0.8660214 -0.5000069 -2.540133e-06 0.8660411 -0.499973 5.823096e-06 0.866033 -0.4999869 -4.084151e-06 0.8660129 -0.5000217 5.225001e-06 0.8660256 -0.4999995 3.841446e-07 0.8660246 -0.5000015 9.806578e-07 0.8660185 -0.5000119 -2.871426e-06 0.8660238 -0.5000029 -1.316854e-06 0.86604 -0.4999748 5.700995e-06 0.8660306 -0.499991 0 0.8660192 -0.5000108 0 0.8660192 -0.5000108 0 0.8660269 -0.4999974 0 0.8660269 -0.4999974 0 0.8660336 -0.4999857 -2.981046e-06 0.8660246 -0.5000013 2.305018e-07 0.8660306 -0.499991 -1.445665e-06 0.8660254 -0.5000002 7.551616e-07 0.8660257 -0.4999994 6.481139e-07 0.8660236 -0.500003 0 0.8660238 -0.5000027 2.623938e-08 0.8660236 -0.500003 -2.458217e-08 0.8660253 -0.5000003 1.950889e-07 0.8660217 -0.5000064 -7.995769e-07 0.8660214 0.5000069 0 0.8660214 0.5000069 0 0.8660126 0.5000222 -3.200852e-06 0.8660242 0.500002 -1.062547e-06 0.8660357 0.4999821 -0 0.8660252 0.5000003 -6.277662e-07 0.866035 0.4999835 5.685864e-06 0.8660382 0.4999779 0 0.8660381 0.4999779 -0 0.8660251 0.5000004 0 0.8660238 0.5000026 -1.304472e-06 0.8660216 0.5000067 -2.279496e-06 0.8660397 0.4999753 4.03777e-06 0.8660235 0.5000033 1.571967e-07 0.8660264 0.4999982 -3.844697e-07 0.8660259 0.4999992 -2.419006e-07 0.8660263 0.4999983 2.267408e-07 0.8660237 0.500003 1.495216e-06 0.866034 0.499985 -4.263627e-06 0.8660251 0.5000005 -5.969366e-07 0.8660129 0.5000216 5.524006e-06 0.866029 0.4999938 -1.337017e-06 0.8660259 0.4999992 4.245947e-07 0.8660257 0.4999996 4.798715e-07 0.8660288 0.4999941 -8.735248e-07 0.8660243 0.500002 -1.405851e-07 0.8660135 0.5000206 -5.197671e-06 0.8660237 0.5000029 -1.34449e-06 0.8660386 0.4999771 6.341501e-06 0.8660269 0.4999974 -0 0.8660236 0.500003 0 0.866029 0.4999937 0 0.8660291 0.4999937 -0 0.8660269 0.4999974 0 0.8660219 0.5000061 -9.015345e-07 0.866024 0.5000025 -1.570554e-07 0.8660237 0.500003 -2.60339e-07 0.8660253 0.5000003 4.105242e-07 0.8660238 0.5000027 2.361544e-08 0.8660217 0.5000064 -0 0.8660257 0.4999996 -5.300366e-07 0.8660216 0.5000065 5.462693e-07 0.8660336 0.4999857 -1.088359e-06 0.8660138 0.5000201 4.483649e-06 0 1 0 0 1 0 0 1 0 -0 1 -0 -0 1 0 0 1 0 0 1 0 0 1 0 0 1 0 0 1 0 0 1 0 0 1 0 0 1 0 0 1 -0 0 1 0 -0 1 -0 -0 1 -0 0 1 0 0 1 0 0 1 0 0 1 0 0 1 0 0 1 0 0 1 0 0 1 0 0 1 -0 0 1 0 0 1 -0 0 1 0 0 1 0 0 1 0 0 1 -0 0 1 0 0 1 -0 0 1 -0 0 1 0 0 1 0 0 1 0 0 1 0 0 1 0 0 1 0 0 1 0 0 1 0 0 1 0 -0.8660312 0.4999899 0 -0.8660352 0.4999832 4.243831e-07 -0.8660214 0.5000069 0 -0.8660214 0.5000069 0 -0.8660292 0.4999934 0 -0.8660311 0.4999902 3.915908e-07 -0.8660297 0.4999924 2.635793e-07 -0.8660193 0.5000105 -1.717419e-06 -0.8660228 0.5000044 -7.806684e-07 -0.8660284 0.4999948 1.192977e-06 -0.8660265 0.4999982 2.34798e-07 -0.8660229 0.5000042 -1.206408e-06 -0.8660193 0.5000104 -3.211474e-06 -0.8660309 0.4999905 2.156016e-06 -0.866034 0.4999851 4.466592e-07 -0.8660307 0.4999909 -1.676875e-07 -0.8660213 0.5000072 -2.679883e-06 -0.8660303 0.4999915 2.566988e-06 -0.8660335 0.499986 4.023343e-06 -0.8660271 0.499997 5.136976e-07 -0.866029 0.4999937 1.292064e-06 -0.8660178 0.5000133 -4.394637e-06 -0.866024 0.5000024 -1.726092e-06 -0.8660212 0.5000072 -1.538676e-06 -0.8660227 0.5000046 -1.089229e-06 -0.8660336 0.4999858 3.632407e-06 -0.8660216 0.5000065 -7.178596e-07 -0.8660238 0.5000027 -6.695864e-08 -0.8660242 0.5000021 7.843586e-08 -0.8660269 0.4999974 0 -0.866027 0.4999974 1.306949e-07 -0.866028 0.4999955 0 -0.8660269 0.4999974 0 -0.8660236 0.5000031 1.288374e-07 -0.8660237 0.5000027 1.521805e-07 -0.8660276 0.4999962 1.178835e-06 -0.8660337 0.4999858 2.012092e-06 -0.8660122 0.5000228 -4.016079e-06 -0.8660236 0.500003 0 -0.8660238 0.5000027 2.623938e-08 -0.8660236 0.500003 -2.458217e-08 -0.8660271 0.4999971 4.466517e-07 -0.8660182 0.5000123 -2.021008e-06 -0.8660134 -0.5000208 0 -0.8660243 -0.500002 9.798322e-07 -0.866025 -0.5000006 9.716874e-07 -0.8659987 -0.5000463 0 -0.8660076 -0.5000309 8.064275e-07 -0.8660325 -0.4999878 5.755041e-07 -0.8660202 -0.5000091 1.475025e-06 -0.8660388 -0.4999768 -2.139695e-06 -0.8660132 -0.5000211 4.949084e-06 -0.8660273 -0.4999966 1.096824e-06 -0.8660125 -0.5000224 3.961481e-06 -0.8660237 -0.5000029 8.633362e-07 -0.866029 -0.4999938 -7.271453e-07 -0.8660297 -0.4999925 -1.058103e-06 -0.8660365 -0.4999808 -4.536911e-06 -0.8660272 -0.499997 -6.061139e-07 -0.8660181 -0.5000128 4.521127e-06 -0.8660384 -0.4999774 -4.488979e-06 -0.8660201 -0.5000091 3.549418e-06 -0.8660325 -0.4999877 -2.794229e-06 -0.8660271 -0.499997 -5.260713e-07 -0.8660218 -0.5000061 2.456402e-06 -0.8660238 -0.5000028 8.940108e-07 -0.8660287 -0.4999943 -6.157192e-07 -0.8660268 -0.4999977 1.512714e-07 -0.8660238 -0.5000029 8.940115e-07 -0.8660307 -0.4999909 -1.220047e-06 -0.8660281 -0.4999955 -1.70449e-07 -0.8660325 -0.4999875 -1.678466e-06 -0.8660331 -0.4999867 -1.751222e-06 -0.8660234 -0.5000034 1.042748e-06 -0.8660274 -0.4999965 1.235423e-06 -0.8660222 -0.5000057 1.293388e-06 -0.8660218 -0.5000063 1.34859e-06 -0.8660222 -0.5000057 1.165397e-07 -0.8660235 -0.5000032 -9.482299e-08 -0.8660237 -0.5000031 -1.093498e-07 -0.8660331 -0.4999867 -1.49369e-06 -0.8660218 -0.5000064 1.790377e-06 -0.8660269 -0.4999974 1.173677e-06 -0.866017 -0.5000145 -1.173718e-06 -0.8660274 -0.4999965 5.903223e-08 0 -1 0 0 -1 0 0 -1 0 0 -1 0 0 -1 -0 0 -1 0 0 -1 0 0 -1 0 0 -1 0 0 -1 0 0 -1 0 0 -1 0 0 -1 0 0 -1 -0 0 -1 0 0 -1 -0 0 -1 -0 0 -1 0 -0 -1 0 -0 -1 -0 -0 -1 0 -0 -1 -0 -0 -1 -0 0 -1 0 0 -1 0 0 -1 0 0 -1 -0 0 -1 0 0 -1 -0 0 -1 0 0 -1 0 0 -1 0 -0 -1 0 0 -1 0 0 -1 0 0 -1 0 0 -1 0 0 -1 0 0 -1 0 -0 -1 0 -0 -1 -0 -0 -1 0 -0 -1 0 0 0 1 -0 0 1 0 -0 1 -0 0 1 0 -0 1 -0 0 1 0 -0 1 -0 0 1 0 0 1 -0 0 1 0 0 1 -0 0 1 0 0 1 -0 0 1 0 0 1 0 -0 1 0 0 1 0 -0 1 0 0 1 0 -0 1 0 0 1 0 0 1 0 -0 1 0 0 1 0 -0 1 0 0 1 0 -0 1 0 0 1 0 -0 1 0 -0 1 -0 0 1 0 0 1 -0 0 1 0 0 1 -0 0 1 0 0 1 0 0 1 0 -0 1 -0 0 1 0 -0 1 -0 0 1 0 -0 1 -0 0 1 0 -0 1 -0 0 1 0 0 1 0 0 1 0 0 1 0 0 1 0 0 1 0 0 1 0 0 1 0 0 1 0 0 1 0 0 1 0 0 1 0 0 1 0 0 1 0 0 1 0 0 1 0 -0 1 -0 0 1 0 -0 1 -0 0 1 0 -0 1 -0 0 1 -0 0 1 0 0 1 -0 0 1 0 -0 1 -0 0 1 0 -0 1 -0 0 1 0 -0 1 -0 0 1 0 -0 1 -0 0 1 0 -0 1 -0 0 1 0 -0 1 -0 0 1 -0 0 1 -0 0 1 0 0 1 -0 0 1 0 0 1 -0 0 1 0 0 1 -0 0 1 0 0 1 0 0 1 -0 0 1 0 0 1 -0 0 1 0 0 1 -0 0 1 0 0 1 -0 0 1 0 0 1 0 0 1 0 0 1 0 0 1 0 0 1 0 0 1 -0 0 1 0 0 1 -0 0 1 0 0 1 0 0 1 0 0 1 0 0 1 0 0 1 0 0 1 0 0 1 0 0 1 0 0 1 0 0 1 0 0 1 0 0 1 0 0 1 0 0 1 0 0 1 0 0 1 0 0 1 0 0 1 0 0 1 0 0 1 0 0 1 0 0 1 0 0 1 0 0 1 0 0 1 0 0 1 0 0 1 0 -0 1 0 0 1 0 -0 1 0 0 1 0 -0 1 0 0 1 0 -0 1 0 0 1 0 -0 1 0 0 1 0 0 1 0 -0 1 0 0 1 0 0 1 0 0 1 0 0 1 0 0 1 0 0 1 0 -0 1 0 0 1 0 -0 1 0 0 1 0 -0 1 0 0 1 0 -0 1 0 0 1 0 -0 1 0 -0 1 0 0 -1 -0 0 -1 0 -0 -1 -0 0 -1 0 -0 -1 -0 0 -1 0 0 -1 0 -0 -1 -0 0 -1 0 -0 -1 -0 0 -1 0 -0 -1 -0 0 -1 0 -0 -1 -0 0 -1 0 0 -1 0 -0 -1 -0 0 -1 0 -0 -1 -0 0 -1 0 -0 -1 -0 0 -1 0 -0 -1 -0 0 -1 0 -0 -1 0 0 -1 0 -0 -1 0 0 -1 0 0 -1 0 0 -1 0 0 -1 0 -0 -1 0 -0 -1 -0 0 -1 0 -0 -1 -0 0 -1 0 -0 -1 -0 0 -1 0 -0 -1 -0 0 -1 0 0 -1 -0 0 -1 0 0 -1 -0 0 -1 0 0 -1 0 0 -1 0 -0 -1 -0 0 -1 0 -0 -1 -0 0 -1 0 -0 -1 -0 0 -1 0 -0 -1 -0 0 -1 0 -0 -1 0 0 -1 0 -0 -1 0 0 -1 0 -0 -1 0 0 -1 0 -0 -1 0 0 -1 0 0 -1 0 0 -1 0 0 -1 0 0 -1 0 0 -1 0 0 -1 0 0 -1 0 0 -1 0 0 -1 -0 0 -1 0 0 -1 -0 0 -1 0 0 -1 -0 0 -1 0 0 -1 -0 0 -1 0 0 -1 0 0 -1 -0 0 -1 0 0 -1 -0 0 -1 0 0 -1 -0 0 -1 0 0 -1 -0 0 -1 -0 0 -1 0 -0 -1 0 0 -1 0 -0 -1 0 0 -1 0 -0 -1 0 0 -1 0 -0 -1 0 0 -1 0 0 -1 0 0 -1 0 0 -1 0 0 -1 0 0 -1 0 0 -1 0 0 -1 0 0 -1 0 0 -1 0 0 -1 0 0 -1 0 0 -1 0 0 -1 0 0 -1 0 0 -1 0 0 -1 0 0 -1 0 0 -1 0 0 -1 0 0 -1 -0 0 -1 0 0 -1 -0 0 -1 0 0 -1 -0 0 -1 0 0 -1 -0 0 -1 -0 0 -1 0 0 -1 0 0 -1 -0 0 -1 0 0 -1 0 0 -1 -0 0 -1 0 0 -1 -0 0 -1 -0 0 -1 0 0 -1 0 0 -1 0 0 -1 0 0 -1 0 0 -1 0 0 -1 0 -0 -1 0 0 -1 0 -0 -1 0 0 -1 0 -0 -1 0 0 -1 0 -0 -1 0 0 -1 0 -0 -1 0 0 -1 0 -0 -1 0 0 -1 0 0 -1 -0 0 -1 0 -0 -1 -0 0 -1 -0 0 -1 -0 0 -1 0 -0 -1 -0 0 -1 0 -0 -1 -0 0 -1 0 -0 -1 0 -0 -1 0.1835709 0.681815 0.7081173 0.2433173 0.6628903 0.7080771 0.7064534 -0.008081979 0.7077134 0.499552 -0.4996181 0.7076931 0.1042548 -0.7000704 0.7064222 -0.2362636 -0.6670963 0.706514 -0.2599586 -0.6569704 0.7076803 -0.2651071 -0.654913 0.7076773 -0.2649019 -0.6550457 0.7076313 -0.2358277 -0.665528 0.7081368 -0.2301136 -0.6693938 0.7063709 -0.2611907 -0.6578036 0.7064515 -0.1771495 -0.6847199 0.7069488 -0.1982867 -0.6779309 0.7078786 -0.2066513 -0.6758679 0.7074587 -0.1989142 -0.6798455 0.7058635 -0.2065344 -0.6770885 0.7063247 -0.2357548 -0.6655689 0.7081227 -0.1763692 -0.6831505 0.7086602 -0.1672401 -0.688306 0.7058793 -0.1988827 -0.6787488 0.7069269 -0.1766857 -0.6830314 0.7086962 -0.1569655 -0.6894281 0.7071426 -0.1351458 -0.6942887 0.7068939 -0.1365447 -0.6939204 0.7069864 -0.134705 -0.6940446 0.7072175 -0.1352386 -0.6939443 0.7072142 -0.1364664 -0.6936458 0.7072711 -0.1025858 -0.7000374 0.7066993 -0.1056176 -0.6988955 0.7073825 -0.1026914 -0.6998121 0.7069069 -0.1055102 -0.6988351 0.7074582 -0.06979811 -0.7042816 0.7064812 -0.07456169 -0.702941 0.707329 -0.07463831 -0.7029334 0.7073286 -0.06981417 -0.7032202 0.7075361 -0.07352115 -0.7027239 0.7076536 -0.04798395 -0.7058158 0.7067685 0.12131 -0.6972317 0.7065067 -0.02686426 -0.7094288 0.7042649 -0.04355709 -0.705991 0.7068802 -0.02629598 -0.7058152 0.7079079 -0.01251625 -0.7077853 0.7063168 0.006681023 -0.7073985 0.7067835 -0.01208129 -0.7070848 0.7070255 0.006514676 -0.7071673 0.7070163 -0.01214319 -0.7047597 0.7093422 0.006523511 -0.7063239 0.7078587 0.01850583 -0.7075816 0.7063892 0.03924651 -0.7053432 0.7077788 0.04941937 -0.7060286 0.706457 0.07186252 -0.7050673 0.7054898 0.04927087 -0.7057076 0.7067879 0.07196978 -0.7037933 0.7067499 0.04993763 -0.7039144 0.7085272 0.07180102 -0.7028676 0.7076876 0.07014357 -0.7028118 0.7079092 0.1045539 -0.7012622 0.7051949 0.09087063 -0.699628 0.7087052 0.09162126 -0.6995862 0.70865 0.1365392 -0.6947132 0.7062086 0.1213436 -0.6968068 0.70692 0.136643 -0.693071 0.7078003 0.1917496 -0.6816082 0.7061461 0.1808169 -0.6834365 0.7072622 0.2099176 -0.6755179 0.7068312 0.2137655 -0.6740121 0.7071154 0.2098054 -0.674872 0.707481 0.244773 -0.6640943 0.7064453 0.2383457 -0.6660011 0.7068478 0.2444694 -0.6635968 0.7070176 0.151307 -0.691415 0.7064357 0.1514225 -0.6913854 0.70644 0.1687109 -0.6859968 0.7077746 0.1809559 -0.6838686 0.7068088 0.1677864 -0.6872755 0.7067533 0.169357 -0.6868839 0.7067593 0.2444669 -0.6635978 0.7070177 0.2381719 -0.6651335 0.7077227 0.2750505 -0.6524573 0.7061492 0.2662175 -0.6543872 0.7077468 0.2745887 -0.6519714 0.7067774 0.2661247 -0.6541717 0.7079809 0.3046488 -0.639518 0.7058369 0.3788289 -0.5974163 0.7068115 0.4110484 -0.5873876 0.6971477 0.2884586 -0.6452276 0.707441 0.2876523 -0.6455935 0.7074358 0.3041198 -0.6379009 0.7075263 0.3103995 -0.6357531 0.706732 0.3336211 -0.6248524 0.7058728 0.309917 -0.6339073 0.7085994 0.3330139 -0.6234552 0.7073933 0.336839 -0.6220028 0.7068607 0.3616609 -0.6075024 0.7072073 0.3515487 -0.6132516 0.7073444 0.3613895 -0.607566 0.7072914 0.3508203 -0.6120116 0.7087784 0.390779 -0.5938962 0.7032632 0.3911127 -0.5937479 0.7032028 0.4517331 -0.543227 0.7077017 0.4279068 -0.5657157 0.7048841 0.4292406 -0.5642625 0.7052379 0.4275587 -0.5652015 0.7055075 0.4082604 -0.5773469 0.7071025 0.4995944 -0.4995759 0.707693 0.477692 -0.5237082 0.7053652 0.476946 -0.5247512 0.7050949 0.4778035 -0.5241301 0.7049761 0.4517142 -0.5432426 0.7077017 0.5433183 -0.4517215 0.7076389 0.5433294 -0.4517084 0.7076389 0.5206267 -0.4808555 0.7054968 0.524229 -0.4785546 0.7043929 0.4994688 -0.4996915 0.7077 0.5774477 -0.4078688 0.7072462 0.578038 -0.4070307 0.7072468 0.5603557 -0.4333585 0.7058341 0.5665144 -0.4288008 0.7036983 0.5432348 -0.4518152 0.7076433 0.6082395 -0.3594939 0.7076785 0.6081975 -0.3595721 0.7076749 0.5970021 -0.3834556 0.7046632 0.5925354 -0.3878657 0.7060184 0.5781314 -0.4069009 0.7072452 0.6381937 -0.3030189 0.7077346 0.6382262 -0.3029349 0.7077413 0.6281108 -0.3298356 0.704759 0.6256018 -0.3327036 0.705642 0.6081769 -0.3596008 0.7076779 0.6630408 -0.2437886 0.707774 0.653995 -0.2750104 0.704741 0.6543491 -0.2736895 0.7049265 0.6535293 -0.2748483 0.7052359 0.638209 -0.3029864 0.7077347 0.6809546 -0.1902044 0.7071939 0.6758789 -0.2142024 0.7051986 0.6757024 -0.21551 0.7049693 0.6763253 -0.2143535 0.7047245 0.6630318 -0.2438128 0.707774 0.68981 -0.1552474 0.7071496 0.7008749 -0.137287 0.6999475 0.6874931 -0.1670342 0.7067199 0.6874944 -0.167031 0.7067192 0.6809005 -0.1904009 0.7071931 0.7029384 -0.0721199 0.7075849 0.703716 -0.1048235 0.7027061 0.7025757 -0.09470609 0.7052788 0.7001009 -0.1040934 0.7064158 0.6936375 -0.1356064 0.7074445 0.7064534 -0.008072993 0.7077134 0.7098318 -0.04066187 0.7031965 0.7079734 -0.0330141 0.7054671 0.7069773 -0.04031041 0.7060866 0.7029409 -0.07209386 0.7075851 0.7031865 0.07343142 0.7072034 0.7055472 0.04904338 0.7069639 0.7091939 0.02894021 0.7044191 0.7081262 0.02410684 0.7056743 0.7064536 -0.008076962 0.7077133 0.7016355 0.09043061 0.7067744 0.7116199 0.1350192 0.6894685 0.7052716 0.1058028 0.7009978 0.7052628 0.105755 0.7010137 0.7031686 0.07361901 0.7072017 0.6869703 0.1672313 0.7071815 0.6869143 0.1674507 0.707184 0.6925486 0.151645 0.7052519 0.693568 0.1686933 0.7003614 0.6938913 0.1365006 0.7070236 0.6689119 0.2284732 0.7073591 0.6775298 0.2117881 0.7043431 0.6763059 0.2305225 0.6996211 0.6790324 0.1982282 0.7068384 0.6374218 0.3048351 0.7076502 0.6374126 0.3048547 0.7076502 0.6490781 0.2823088 0.7063989 0.66326 0.2603268 0.7016525 0.6565782 0.2701383 0.7042233 0.6586248 0.2587658 0.7065789 0.6688519 0.2286442 0.7073606 0.6075951 0.3608473 0.7075432 0.6076341 0.3607805 0.7075438 0.6291394 0.3257181 0.7057558 0.6279966 0.3354711 0.7021961 0.637187 0.3056204 0.7075231 0.5729518 0.4138585 0.7074231 0.5730543 0.4137138 0.7074246 0.5980947 0.3792598 0.7060062 0.5959308 0.3906743 0.7015982 0.6075742 0.3608944 0.7075371 0.5336581 0.4636655 0.7072646 0.5334498 0.4639099 0.7072616 0.5624629 0.4298185 0.7063225 0.5590279 0.4429247 0.700932 0.5728862 0.4139661 0.7074133 0.4981623 0.5006709 0.7079287 0.4983502 0.500492 0.7079229 0.5240843 0.4784364 0.7045808 0.5207074 0.4864648 0.7015809 0.5334553 0.4639162 0.7072532 0.4518147 0.54288 0.7079158 0.4523614 0.5424911 0.7078647 0.4802621 0.5222746 0.7046826 0.4786647 0.5254333 0.7034202 0.4982145 0.500619 0.7079287 0.4016908 0.580959 0.7079062 0.4290337 0.5644445 0.7052181 0.4329472 0.5623146 0.7045276 0.4302995 0.5662377 0.7030058 0.451802 0.5428904 0.7079158 0.347879 0.6147329 0.7078727 0.3767677 0.6003006 0.7054681 0.3823803 0.5982094 0.7042236 0.3784198 0.6027055 0.7025272 0.4017721 0.5809023 0.7079065 0.3011474 0.6387381 0.7080423 0.326731 0.6304761 0.7040928 0.3290348 0.6299673 0.7034751 0.3274109 0.6313949 0.7029529 0.3481228 0.6145932 0.707874 0.2432341 0.6629207 0.7080771 0.2744095 0.6555966 0.703486 0.2726027 0.6557382 0.7040563 0.2741719 0.6546837 0.7044281 0.301171 0.6387269 0.7080423 0.1834233 0.6818545 0.7081174 0.2151078 0.677185 0.7036684 0.21434 0.6771357 0.70395 0.2150173 0.6768028 0.7040636 0.2433832 0.6628617 0.7080812 0.1224004 0.695347 0.7081742 0.1220129 0.6954153 0.708174 0.1544996 0.6933327 0.7038605 0.1541366 0.6935894 0.7036872 0.1835442 0.6818243 0.7081152 0.07068024 0.7028365 0.7078313 0.07075801 0.7028331 0.707827 0.09350095 0.705206 0.70281 0.09711173 0.7033908 0.7041383 0.1219113 0.6954423 0.7081651 0.008347922 0.7062678 0.7078956 0.008728632 0.7063102 0.7078487 0.03156351 0.7107498 0.7027364 0.03977141 0.7073284 0.7057653 0.07083186 0.7028223 0.7078303 -0.0539242 0.7041622 0.7079884 -0.05404039 0.7041306 0.7080111 -0.03054304 0.7108986 0.7026311 -0.02267294 0.7082639 0.7055837 0.008380831 0.7062675 0.7078955 -0.1163323 0.6964422 0.7081207 -0.08601955 0.7079917 0.7009625 -0.09249594 0.7052583 0.7028907 -0.08526088 0.7037079 0.7053549 -0.05412298 0.704146 0.7079895 -0.1529293 0.6912268 0.7062705 -0.1677197 0.6963485 0.6978315 -0.1435433 0.6944615 0.7050663 -0.141597 0.6943043 0.7056145 -0.1160567 0.6964895 0.7081196 -0.2126182 0.67513 0.7063943 -0.2284957 0.6794337 0.6972515 -0.1963041 0.6791914 0.7072225 -0.1961459 0.6792004 0.7072579 -0.1958145 0.6792926 0.7072611 -0.2707467 0.6538975 0.7064802 -0.2874199 0.6572232 0.6967406 -0.2551166 0.6593709 0.7072098 -0.2549714 0.6594011 0.7072338 -0.2551505 0.6593339 0.7072319 -0.3266229 0.6275398 0.7067611 -0.3446931 0.6299471 0.6959549 -0.3119994 0.6344804 0.7071711 -0.3123167 0.6343594 0.7071397 -0.3126938 0.6341786 0.7071352 -0.26098 -0.6580185 0.7063293 -0.2806864 -0.648889 0.7072186 -0.2945581 -0.64364 0.7063731 -0.2944432 -0.6437166 0.7063514 -0.2946206 -0.643634 0.7063526 -0.3294581 -0.6241883 0.7084112 -0.3282585 -0.6217797 0.7110811 -0.3208553 -0.6272792 0.7096286 -0.3209613 -0.6272246 0.709629 -0.3822628 -0.5925151 0.7090846 -0.3513262 -0.6148321 0.7060817 -0.351284 -0.6148564 0.7060815 -0.3812791 -0.5907409 0.7110916 -0.3774117 -0.5947338 0.7098255 -0.3775022 -0.5946856 0.7098177 -0.433021 -0.557407 0.7083715 -0.4084523 -0.5789787 0.705656 -0.4083824 -0.5790281 0.7056558 -0.431169 -0.555001 0.711384 -0.43012 -0.5564533 0.7108843 -0.4020192 -0.5732039 0.7140152 -0.4821525 -0.5197479 0.7052596 -0.4594427 -0.5398179 0.7053431 -0.4595093 -0.5397614 0.7053431 -0.5068957 -0.495865 0.7051062 -0.5067418 -0.4959903 0.7051286 -0.4778254 -0.515076 0.7116036 -0.4781601 -0.5143966 0.71187 -0.4518054 -0.5337804 0.7148078 -0.5410751 -0.4551958 0.7071313 -0.5208133 -0.4713191 0.7117667 -0.5217585 -0.4676659 0.713482 -0.520607 -0.4710996 0.7120628 -0.5206555 -0.4673341 0.7145045 -0.5069582 -0.4958013 0.705106 -0.5577204 -0.4223361 0.7145489 -0.5617161 -0.4086594 0.7193556 -0.5552136 -0.4204775 0.7175907 -0.5544472 -0.4392364 0.7068661 -0.5525805 -0.4415354 0.7068956 -0.5979838 -0.3755526 0.7080787 -0.574008 -0.4141877 0.7063734 -0.574209 -0.4139029 0.706377 -0.6047359 -0.3261839 0.7265663 -0.6047651 -0.3261206 0.7265704 -0.6247498 -0.3200284 0.7122286 -0.611124 -0.3609771 0.704431 -0.6013219 -0.3776096 0.704147 -0.5898646 -0.3536887 0.7259229 -0.5806578 -0.383072 0.7183957 -0.6007802 -0.2935125 0.7435815 -0.6391707 -0.327398 0.6958961 -0.6500109 -0.3046418 0.6961892 -0.6354416 -0.2691258 0.72373 -0.6352978 -0.2690242 0.7238941 -0.6353605 -0.2690107 0.723844 -0.5249481 0.4695058 -0.7099252 -0.6409234 0.2950703 -0.708626 -0.703987 0.00659632 -0.7101821 -0.3981009 -0.5833419 -0.7079745 0.3148276 -0.63206 -0.7080846 0.4216413 -0.5665349 -0.7079949 0.6899703 0.1541545 -0.7072321 0.6533359 0.2686508 -0.7077987 0.2793109 0.6496832 -0.7070341 0.1948433 0.679158 -0.7076585 0.2046714 0.6773914 -0.7065766 0.1789417 0.6839301 -0.7072619 0.1794705 0.6838037 -0.7072502 0.1733202 0.6849595 -0.7076655 0.1598342 0.6876086 -0.7082707 0.1732858 0.6871386 -0.7055584 0.1314255 0.6937059 -0.7081662 0.1413789 0.6922655 -0.7076585 0.1302017 0.6945303 -0.707584 0.1415618 0.6931615 -0.7067442 0.1300008 0.6952614 -0.7069026 0.1413944 0.6941375 -0.7058192 0.10513 0.6985484 -0.7077978 0.1094499 0.6985533 -0.7071379 0.07977182 0.7027745 -0.706926 0.07731741 0.7029374 -0.7070367 0.079908 0.7026389 -0.7070454 0.07701249 0.7028643 -0.7071428 0.07986998 0.7025763 -0.7071119 0.077519 0.7026599 -0.7072905 0.04973729 0.7056608 -0.7068021 0.04503141 0.7053239 -0.7074535 0.0197002 0.7072545 -0.7066846 0.01268767 0.7072255 -0.7068741 0.02022456 0.7070888 -0.7068354 0.0132072 0.7071517 -0.7069385 0.0196459 0.7069816 -0.706959 0.01265162 0.7065212 -0.7075788 -0.01041579 0.7075745 -0.706562 -0.010192 0.7076053 -0.7065344 -0.04029419 0.7051554 -0.707907 -0.0330037 0.7061007 -0.7073419 -0.04044583 0.7056668 -0.7073886 -0.03285152 0.7065421 -0.7069081 -0.0404878 0.7061189 -0.7069348 -0.03327131 0.707127 -0.7063034 -0.07072093 0.7030364 -0.7076287 -0.06586225 0.7045719 -0.7065696 -0.10024 0.6996861 -0.7073835 -0.09807321 0.7000309 -0.707346 -0.1013119 0.6995678 -0.7073477 -0.09827979 0.700336 -0.7070153 -0.101258 0.6999028 -0.707024 -0.09841175 0.7005524 -0.7067825 -0.1211115 0.6966012 -0.7071625 -0.1399478 0.6919228 -0.7082778 -0.1307641 0.6952807 -0.7067429 -0.1404492 0.6932499 -0.7068794 -0.1308043 0.696226 -0.7058042 -0.169989 0.6854072 -0.7080402 -0.1625921 0.6880851 -0.7071794 -0.1703372 0.6862164 -0.707172 -0.1627362 0.6891803 -0.7060789 -0.199518 0.6776675 -0.7077848 -0.1941865 0.6798109 -0.707212 -0.2000294 0.6780635 -0.7072611 -0.1944702 0.680619 -0.7063562 -0.2291817 0.6684413 -0.7075747 -0.2254512 0.6701334 -0.7071725 -0.2294885 0.6687689 -0.7071656 -0.2258383 0.6705919 -0.7066143 -0.2459206 0.6628817 -0.7071852 -0.2585591 0.6582987 -0.7069583 -0.2469618 0.6628104 -0.7068891 -0.2590542 0.6586859 -0.7064162 -0.267076 0.6539385 -0.7078382 -0.2881245 0.6466327 -0.7062935 -0.2977109 0.6422622 -0.7063054 -0.2879139 0.646633 -0.706379 -0.2974551 0.6410288 -0.7075327 -0.2874233 0.6457554 -0.7073811 -0.2972841 0.6406893 -0.7079119 -0.3167166 0.6331968 -0.706224 -0.3266583 0.6261512 -0.7079753 -0.3831228 0.5941415 -0.7072573 -0.3824302 0.5946183 -0.7072313 -0.3842626 0.5934138 -0.7072498 -0.3827952 0.594425 -0.7071965 -0.3834885 0.5939608 -0.7072108 -0.3827899 0.5946461 -0.7070134 -0.3558 0.6111673 -0.7070225 -0.3563793 0.6106321 -0.7071931 -0.3555883 0.6110947 -0.7071919 -0.3558456 0.6109352 -0.7072003 -0.3260466 0.6278393 -0.7067612 -0.336806 0.6216684 -0.7071704 -0.3364757 0.6218484 -0.7071695 -0.4653358 0.5270424 -0.711118 -0.4573361 0.5392085 -0.7071759 -0.4355237 0.5573052 -0.7069159 -0.4336473 0.5588483 -0.7068512 -0.4343377 0.5583019 -0.7068591 -0.4335048 0.5590878 -0.7067491 -0.4344123 0.5583652 -0.7067633 -0.4335935 0.5591846 -0.7066182 -0.4104736 0.5753099 -0.7074813 -0.4085609 0.5774878 -0.7068138 -0.4084989 0.577534 -0.706812 -0.5124642 0.4867209 -0.7074484 -0.4813186 0.5185191 -0.7067322 -0.4684536 0.5305351 -0.7064586 -0.4773078 0.5159667 -0.7113057 -0.4774165 0.5158387 -0.7113255 -0.5098458 0.4841743 -0.7110785 -0.5207115 0.4708402 -0.712158 -0.5000538 0.4939911 -0.7112799 -0.5531235 0.4392226 -0.707911 -0.5261978 0.4732518 -0.7065045 -0.5260619 0.4734055 -0.7065027 -0.5495493 0.4363272 -0.7124704 -0.5420843 0.4466079 -0.7118188 -0.541941 0.4467821 -0.7118186 -0.5836151 0.3976006 -0.7080305 -0.5667264 0.4242568 -0.7062771 -0.5666449 0.4243674 -0.706276 -0.5836146 0.397602 -0.70803 -0.5851328 0.3855492 -0.7134222 -0.5945244 0.3683916 -0.7147226 -0.5917914 0.3899456 -0.7054965 -0.60327 0.3713485 -0.7058085 -0.6357801 0.3140273 -0.7051032 -0.6356004 0.3145733 -0.7050217 -0.6246583 0.3364514 -0.7047003 -0.6232902 0.3114441 -0.7172949 -0.6157758 0.331688 -0.714705 -0.6166846 0.3425487 -0.708774 -0.6166833 0.342553 -0.708773 -0.6408008 0.2957663 -0.7084466 -0.6429178 0.2760894 -0.7144447 -0.6426051 0.2764612 -0.7145822 -0.6426176 0.2759386 -0.714773 -0.6652066 0.2489671 -0.7039288 -0.6865768 0.1880579 -0.7023151 -0.6653423 0.2183413 -0.7138955 -0.6535437 0.1862664 -0.7336112 -0.661626 0.2173631 -0.7176381 -0.6617662 0.2171913 -0.7175608 -0.665232 0.2489512 -0.7039102 -0.6653906 0.2485299 -0.7039092 -0.6865923 0.1880023 -0.7023149 -0.6709694 0.1561357 -0.7248598 -0.6706352 0.1565006 -0.7250904 -0.6550783 0.09635009 -0.7493925 -0.6551368 0.09639549 -0.7493355 -0.6552 0.09636097 -0.7492846 -0.7062026 0.1243075 -0.6970118 -0.6986606 0.1625623 -0.6967403 -0.6447895 0.1266807 -0.7537895 -0.6705917 0.1564185 -0.7251483 0.2508294 0.6663672 -0.7021675 0.2272909 0.6708287 -0.7059233 0.2043435 0.676316 -0.7077007 0.2354054 0.6671205 -0.7067776 0.2849563 0.6640182 -0.6912884 0.2506872 0.6663926 -0.7021942 0.3376204 0.6216089 -0.7068344 0.3087838 0.6360636 -0.7071604 0.2934096 0.6436025 -0.7068852 0.3107549 0.6412646 -0.7015777 0.2795557 0.6496145 -0.7070004 0.3930835 0.588352 -0.706631 0.3654081 0.6051108 -0.7073315 0.3490383 0.6150367 -0.7070376 0.3684309 0.6107383 -0.7008975 0.3375732 0.6216285 -0.7068397 0.4802468 0.5183152 -0.7076103 0.4799734 0.5185757 -0.7076049 0.4528382 0.545108 -0.7055457 0.4582619 0.5426744 -0.7039179 0.4385016 0.5552363 -0.7067029 0.4194324 0.5688269 -0.707469 0.4190153 0.569126 -0.7074756 0.4020023 0.5816435 -0.707167 0.4233175 0.5749965 -0.7001294 0.3930963 0.5883446 -0.70663 0.525142 0.4728632 -0.7075496 0.5040842 0.4972684 -0.7061327 0.4992636 0.5029573 -0.705528 0.505802 0.4992101 -0.7035294 0.4800887 0.5184597 -0.7076117 0.566175 0.4230008 -0.7074717 0.5470144 0.4492756 -0.7063474 0.5419918 0.4570505 -0.7052302 0.5493656 0.451532 -0.7030763 0.5251516 0.4728524 -0.7075496 0.5988455 0.3757712 -0.707234 0.5854925 0.3973821 -0.7066017 0.5806113 0.4076247 -0.7047926 0.588747 0.3998195 -0.7025107 0.5660426 0.4231747 -0.7074736 0.6263887 0.3266122 -0.7077865 0.6136409 0.3565827 -0.7044811 0.6142823 0.354656 -0.7048946 0.6130611 0.3561396 -0.7052096 0.5985826 0.3761866 -0.7072359 0.6532912 0.2687592 -0.7077988 0.6431988 0.2993897 -0.7047418 0.6432735 0.2990052 -0.7048369 0.6430246 0.2993985 -0.704897 0.626343 0.3267 -0.7077863 0.674916 0.2085513 -0.7078098 0.674951 0.2084385 -0.7078096 0.6671616 0.2409675 -0.7048617 0.6677558 0.2401483 -0.7045787 0.6532277 0.2688691 -0.7078155 0.6899491 0.15425 -0.7072321 0.6899639 0.1541761 -0.7072337 0.6857039 0.1810282 -0.7050098 0.6871815 0.1786372 -0.7041806 0.6749587 0.2084259 -0.7078061 0.6997709 0.0990844 -0.7074624 0.6982797 0.1195901 -0.7057647 0.7077725 0.1007517 -0.6992189 0.6954264 0.1308281 -0.7065877 0.7057626 0.03568005 -0.7075494 0.7057624 0.03567879 -0.7075495 0.7078994 0.05754841 -0.7039649 0.7045689 0.06761455 -0.7064071 0.6997548 0.09920437 -0.7074615 0.7059944 -0.02822118 -0.7076549 0.7118246 0.003991418 -0.702346 0.7100762 -0.005235782 -0.7041054 0.7079836 0.003852902 -0.7062183 0.7057672 0.03557666 -0.7075501 0.6980662 -0.1112472 -0.7073385 0.6980438 -0.1113955 -0.7073371 0.7021561 -0.08594692 -0.7068167 0.7089351 -0.06043458 -0.7026796 0.7064262 -0.06793737 -0.7045187 0.7056717 -0.06030817 -0.7059677 0.7059929 -0.02825305 -0.707655 0.6853744 -0.1733201 -0.7072639 0.6853986 -0.1732202 -0.7072648 0.695901 -0.1297679 -0.7063159 0.6985981 -0.1433684 -0.7010036 0.6980653 -0.1112917 -0.7073324 0.6672072 -0.2338983 -0.707196 0.6673486 -0.2334818 -0.7072002 0.6815804 -0.190736 -0.7064475 0.6833427 -0.2054239 -0.7006024 0.6853769 -0.1733035 -0.7072654 0.6441656 -0.291637 -0.7071058 0.6561449 -0.2640145 -0.7069443 0.6620784 -0.2502365 -0.7064232 0.6625959 -0.2659257 -0.7001786 0.6671886 -0.2339611 -0.7071929 0.6205235 -0.3373069 -0.7079369 0.6203043 -0.3376472 -0.7079668 0.6390691 -0.308587 -0.7045316 0.6380593 -0.3179487 -0.7012767 0.6435453 -0.293045 -0.7070885 0.5877761 -0.3915859 -0.7079403 0.6073399 -0.3663511 -0.7049291 0.6093728 -0.3639067 -0.7044407 0.6086591 -0.3670451 -0.7034287 0.6204247 -0.3374894 -0.7079365 0.5503696 -0.4426118 -0.7079464 0.5721383 -0.4190513 -0.7050204 0.5750056 -0.4164711 -0.7042162 0.5736333 -0.4201701 -0.7031372 0.5877459 -0.3916317 -0.7079403 0.5086147 -0.4900442 -0.7079321 0.532114 -0.4685882 -0.7051807 0.5361844 -0.4658726 -0.7038955 0.533978 -0.4700229 -0.7028129 0.5503932 -0.4425822 -0.7079465 0.4703608 -0.5267998 -0.707985 0.4928947 -0.5119289 -0.7035506 0.4932461 -0.5117612 -0.7034264 0.4245217 -0.599587 -0.678437 0.5084205 -0.4902472 -0.7079309 0.4219007 -0.5663431 -0.7079939 0.4500727 -0.5511683 -0.7026009 0.4454492 -0.5526031 -0.7044182 0.4483577 -0.549555 -0.7049572 0.4704606 -0.5267113 -0.7079846 0.3693731 -0.601866 -0.7080401 0.37002 -0.601485 -0.7080261 0.3996284 -0.5889068 -0.7024855 0.3950951 -0.5901239 -0.7040268 0.3982221 -0.5869567 -0.704912 0.4217849 -0.5664175 -0.7080033 0.3149437 -0.6320025 -0.7080843 0.3149081 -0.6320163 -0.7080877 0.3417671 -0.6234345 -0.7032244 0.344621 -0.6200723 -0.7048026 0.3699618 -0.6015065 -0.7080384 0.2675678 -0.6543589 -0.7072636 0.2678267 -0.6542566 -0.7072603 0.2849546 -0.6502784 -0.7042292 0.2720144 -0.6632773 -0.6971881 0.2926688 -0.6457407 -0.7052403 0.2267408 -0.674146 -0.7029337 0.2124946 -0.6849773 -0.6968875 0.2386668 -0.6659908 -0.7067493 0.1788034 -0.6845363 -0.7067103 0.2086443 -0.6754546 -0.7072686 0.2087371 -0.6754268 -0.7072676 0.1175223 -0.6976812 -0.7067031 0.1478276 -0.6912723 -0.7073115 0.1653671 -0.6875787 -0.7070285 0.1509528 -0.7015604 -0.6964384 0.1789776 -0.6844351 -0.7067642 0.05907935 -0.7050025 -0.7067398 0.08617496 -0.7015498 -0.7073907 0.1039115 -0.6994282 -0.7071087 0.0880715 -0.7126723 -0.6959465 0.1172974 -0.6977714 -0.7066514 0.0007091477 -0.7063752 -0.7078373 0.001292621 -0.7063705 -0.7078412 0.0418315 -0.7079132 -0.7050595 0.03285595 -0.7138141 -0.699564 0.05904191 -0.7050114 -0.7067341 -0.060922 -0.7036827 -0.7078977 -0.06085374 -0.703689 -0.7078974 -0.02095274 -0.709055 -0.7048418 -0.02991804 -0.7140068 -0.6994992 0.001029409 -0.7063507 -0.7078612 -0.1225735 -0.695478 -0.7080156 -0.0916695 -0.7027879 -0.7054685 -0.08352227 -0.7048358 -0.7044363 -0.09252137 -0.7087111 -0.6994057 -0.06093073 -0.703682 -0.7078977 -0.179545 -0.6832897 -0.7077278 -0.1535948 -0.6919519 -0.7054157 -0.1457011 -0.695516 -0.7035828 -0.1546338 -0.6979413 -0.6992612 -0.1224752 -0.6954948 -0.7080162 -0.2349893 -0.6654373 -0.7085007 -0.2071279 -0.6807471 -0.7026247 -0.2069127 -0.6808934 -0.7025463 -0.2070483 -0.6809102 -0.70249 -0.1797228 -0.6832436 -0.7077273 -0.2923375 -0.6422443 -0.7085626 -0.2660929 -0.6603499 -0.702234 -0.2663088 -0.6601396 -0.7023498 -0.2658778 -0.6601505 -0.7025028 -0.2350394 -0.6654196 -0.7085007 -0.3475821 -0.6140268 -0.7086309 -0.3230239 -0.6349698 -0.7017613 -0.3236715 -0.6340704 -0.7022759 -0.3230796 -0.6341793 -0.7024501 -0.2923708 -0.6422291 -0.7085627 -0.3980234 -0.5833949 -0.7079743 -0.377878 -0.6042883 -0.7014583 -0.3784767 -0.6030476 -0.7022029 -0.375944 -0.6039661 -0.7027739 -0.3476806 -0.6139709 -0.708631 -0.4433624 -0.5494393 -0.7081993 -0.4446577 -0.5483583 -0.708225 -0.4313766 -0.5686594 -0.7003862 -0.4221934 -0.5699803 -0.7048938 -0.3971576 -0.5838603 -0.708077 -0.4906678 -0.5077443 -0.7081249 -0.4906355 -0.5077854 -0.7081178 -0.4802195 -0.528614 -0.699969 -0.4699737 -0.5309432 -0.7051411 -0.4449638 -0.5481253 -0.7082133 -0.5330543 -0.4631618 -0.7080495 -0.5331475 -0.4629715 -0.708104 -0.5254012 -0.4843923 -0.6995124 -0.514184 -0.4878913 -0.7053913 -0.4907604 -0.5076536 -0.7081258 -0.586808 -0.394271 -0.7072529 -0.5862908 -0.3950235 -0.7072619 -0.5709794 -0.4175426 -0.7068526 -0.571108 -0.4170361 -0.7070478 -0.5664868 -0.4363547 -0.6990616 -0.554772 -0.4409588 -0.7055376 -0.5330381 -0.4631809 -0.7080494 -0.6186144 -0.3416396 -0.70753 -0.6185132 -0.3418186 -0.7075319 -0.5972675 -0.381025 -0.7057559 -0.6163493 -0.3772294 -0.6912391 -0.6166677 -0.3770427 -0.691057 -0.6456795 -0.2865166 -0.707818 -0.6456097 -0.2866703 -0.7078193 -0.6292302 -0.3270526 -0.7050574 -0.6466674 -0.3223311 -0.6913206 -0.6185861 -0.3416622 -0.7075438 -0.667887 -0.2291005 -0.7081242 -0.667959 -0.2288962 -0.7081225 -0.6562378 -0.2704089 -0.7044367 -0.6723288 -0.2649067 -0.6912295 -0.6456646 -0.286534 -0.7078245 -0.6833984 -0.1732743 -0.7091844 -0.6830671 -0.1745564 -0.7091892 -0.6804525 -0.2122476 -0.701381 -0.69121 -0.2072293 -0.692304 -0.6679408 -0.2290009 -0.7081056 -0.69525 -0.1149471 -0.7095172 -0.6952528 -0.1151172 -0.7094868 -0.6976081 -0.1515147 -0.7002759 -0.7032316 -0.1484105 -0.6952982 -0.6830617 -0.1745687 -0.7091914 -0.7022541 -0.05462611 -0.7098276 -0.7088858 -0.08636646 -0.7000156 -0.7097263 -0.08944451 -0.6987762 -0.7128509 -0.08725873 -0.695866 -0.6952429 -0.1149889 -0.7095172 -0.7039874 0.006549682 -0.7101822 -0.7153808 -0.02507364 -0.6982849 -0.7161707 -0.02642184 -0.6974248 -0.7174223 -0.02525018 -0.6961808 -0.7022595 -0.05455917 -0.7098274 -0.7008977 0.06464013 -0.7103267 -0.7008884 0.06473878 -0.7103269 -0.7178543 0.03708991 -0.6952047 -0.716296 0.03572305 -0.6968816 -0.7163137 0.03574557 -0.6968622 -0.6926296 0.1247569 -0.7104223 -0.6926374 0.124714 -0.7104223 -0.7135197 0.1006358 -0.6933701 -0.7086111 0.09579094 -0.6990668 -0.7086095 0.09578794 -0.6990688 -0.6792558 0.1837519 -0.7105257 -0.6792317 0.1838396 -0.7105261 -0.7039228 0.1637841 -0.6911349 -0.697037 0.156154 -0.6998253 -0.6970673 0.1562583 -0.6997718 -0.6605107 0.2424 -0.7106109 -0.6607453 0.2417692 -0.7106078 -0.6889943 0.2261261 -0.6885882 -0.6803388 0.215474 -0.700507 -0.6793107 0.1852636 -0.7100804 -0.6407735 0.2953879 -0.7086292 -0.640727 0.2954353 -0.7086514 -0.6696083 0.2875333 -0.6847987 -0.6588997 0.2715736 -0.7014977 -0.6607199 0.2417809 -0.7106274 -0.6142173 0.3497419 -0.7074021 -0.6142114 0.3497527 -0.7074019 -0.6347021 0.3418942 -0.693009 -0.6589933 0.3721125 -0.6536514 -0.6307096 0.3240329 -0.7051297 -0.5637462 0.4246856 -0.7084014 -0.5836696 0.4020489 -0.7054689 -0.609782 0.4017862 -0.6831791 -0.6277391 0.4290981 -0.6494756 -0.599315 0.37599 -0.7067199 -0.5245208 0.4699905 -0.7099204 -0.5490847 0.4524237 -0.7027224 -0.5808765 0.4612318 -0.6707069 -0.5941169 0.4863103 -0.6407241 -0.5634363 0.4251052 -0.7083963 -0.5490199 0.528452 -0.647546 -0.5441949 0.516778 -0.6609027 -0.524204 0.5060579 -0.6849201 -0.5071126 0.5750434 -0.6419984 -0.4784993 0.5055232 -0.7179726 -0.4784292 0.5053149 -0.7181659 -0.4783134 0.5054257 -0.7181652 -0.4281549 0.5380116 -0.7261039 -0.4281027 0.5380535 -0.7261037 -0.4957116 0.5660537 -0.6586753 -0.3638377 0.5498213 -0.7518767 -0.4891569 0.6649688 -0.5643951 -0.4721989 0.638555 -0.6076807 -0.4281956 0.538235 -0.7259143 -0.4674578 0.7510371 -0.4662901 -0.3638723 0.5499611 -0.7517579 -0.3639777 0.5497278 -0.7518774 0.8660237 0.500003 0 -0.9769323 -0.2075553 0.05023884 -0.9494285 -0.3098888 -0.05053997 -0.9711686 -0.2382172 -0.00916729 -0.971157 -0.2382649 -0.009167254 -0.9786541 -0.2046013 -0.01934844 -0.989964 -0.1320386 0.05036862 -0.9864715 -0.1626723 -0.02029163 -0.9961393 -0.08573261 -0.01887822 -0.9914753 -0.1289171 -0.01889626 -0.9971804 -0.05515896 0.05088071 -0.9958356 -0.0857616 -0.03092296 -0.999935 -0.00947724 -0.006340471 -0.9986014 -0.05248545 -0.006368778 -0.9997413 -0.01074399 0.02005026 -0.9994575 0.02602783 -0.02018241 -0.9976825 0.06779386 0.005797161 -0.9996766 0.02476914 0.005771868 -0.9943357 0.1014026 0.0318455 -0.9962043 0.07046147 -0.05110966 -0.9893026 0.1447959 0.01773677 -0.9945555 0.1026924 0.01771058 -0.9835652 0.179187 0.02217131 -0.9875596 0.1479968 -0.05313108 -0.9750149 0.2212284 0.02009615 -0.9666412 0.2558405 0.01226256 -0.9666771 0.2557048 0.01226267 -0.9730647 0.2243797 -0.05290295 -0.9549339 0.2961547 0.01983373 -0.9438961 0.3302369 0.001944366 -0.9548789 0.2969889 0.001966987 -0.9434016 0.3310631 -0.01976383 -0.9293361 0.3687189 0.01951251 -0.9155395 0.4021295 -0.008905081 -0.9289554 0.3700849 -0.008887379 -0.915212 0.402504 -0.01942971 -0.8821905 0.4680207 0.05192841 -0.8975693 0.4404051 -0.02031687 -0.8615323 0.5073438 -0.01908757 -0.8816534 0.4715107 -0.01910253 -0.8434193 0.5346879 0.05246662 -0.8605385 0.5084274 -0.03122612 -0.8196985 0.5727557 -0.006728599 -0.8430526 0.5377889 -0.00675128 -0.7993811 0.5993012 0.04275468 -0.8179628 0.573753 -0.04176553 -0.7729691 0.6344223 0.005213153 -0.7990882 0.6011915 0.005189106 -0.7501795 0.6604102 0.033002 -0.7701622 0.6357256 -0.05199125 -0.7213692 0.6923412 0.01703366 -0.7489941 0.6623583 0.01701009 -0.6962087 0.7174678 0.02309602 -0.718043 0.6938335 -0.05485728 -0.6654019 0.7462109 0.02024022 -0.6376532 0.7702143 0.01297727 -0.6379624 0.7699581 0.01297755 -0.6619368 0.7475498 -0.05485414 -0.6054851 0.7956074 0.0199156 -0.5761333 0.8173519 0.00250452 -0.6050507 0.7961829 0.002523957 -0.5751119 0.8178335 -0.01986495 -0.5424582 0.839853 0.01964597 -0.5110642 0.8594996 -0.008586864 -0.5414546 0.8406864 -0.008568299 -0.5107335 0.8595178 -0.01950709 -0.4456979 0.8935745 0.05364647 -0.4749967 0.8797557 -0.02020177 -0.4031828 0.9149206 -0.01907894 -0.4431979 0.8962202 -0.01910065 -0.3754981 0.9252353 0.05422854 -0.405459 0.9135671 -0.03158954 -0.3344952 0.9423714 -0.006997971 -0.3732581 0.927701 -0.007022556 -0.3022064 0.952221 0.04411885 -0.3328776 0.9420186 -0.04235053 -0.2608722 0.9653614 0.004791033 -0.3004029 0.9538004 0.004765544 -0.2265665 0.9733962 0.03416775 -0.2579246 0.9647153 -0.05290751 -0.1854448 0.9825225 0.01611909 -0.2262695 0.9739317 0.01609863 -0.1494748 0.9884729 0.02405484 -0.1816293 0.9817457 -0.05644687 -0.108632 0.9938749 0.02029327 -0.07096131 0.9973858 0.0136354 -0.071538 0.9973447 0.01363581 -0.1047122 0.992896 -0.05650598 -0.03107712 0.9993176 0.01996577 0.006445223 0.9999749 0.002925769 -0.03021326 0.9995391 0.002946868 0.007471774 0.9997732 -0.01994631 0.04604189 0.9987438 0.0197702 0.0837278 0.9964556 -0.008115496 0.08383024 0.996447 -0.008115536 0.0491397 0.9972495 -0.05548608 0.1567337 0.9861073 0.05501686 0.1242019 0.9920514 -0.02019651 0.2036001 0.9788646 -0.01926712 0.1604958 0.9868481 -0.0192876 0.2321511 0.9710835 0.05570372 0.2003554 0.979205 -0.0318629 0.2745685 0.961539 -0.00740792 0.235542 0.9718357 -0.007431525 0.3076265 0.9504154 0.04556761 0.2759886 0.960198 -0.04301177 0.348055 0.9374652 0.004107584 0.3097117 0.9508218 0.004082188 0.3813818 0.9237425 0.03532042 0.3501405 0.9351574 -0.05368483 0.4194887 0.9076295 0.01542137 0.3822607 0.9239262 0.01540049 0.4528972 0.891211 0.02504173 0.4219492 0.9047209 -0.05864296 0.4887 0.8722165 0.02026858 0.5214693 0.8531481 0.01442886 0.521513 0.8531213 0.01442878 0.4911771 0.8691002 -0.05839477 0.554977 0.831623 0.02009248 0.5866818 0.80981 0.003483414 0.5555805 0.8314553 0.003503701 0.5873049 0.8091158 -0.02011398 0.6174293 0.786379 0.01972923 0.6474246 0.7620889 -0.007868752 0.64749 0.7620333 -0.007868751 0.619485 0.782962 -0.05664828 0.7007241 0.7111644 0.05684244 0.6771831 0.7355412 -0.02005633 0.7251266 0.6883401 -0.01947542 0.7042235 0.7097109 -0.01948768 0.7533588 0.6550839 0.05758153 0.7317591 0.6808107 -0.03202238 0.7817926 0.6234911 -0.007691765 0.7566737 0.6537471 -0.007714771 0.8026486 0.5946036 0.04692272 0.7822026 0.6215072 -0.04345074 0.8275676 0.5613547 0.003575131 0.8046952 0.5936776 0.003546387 0.8472084 0.5300038 0.03652139 0.8279972 0.5580772 -0.0545026 0.8685124 0.49545 0.01467964 0.8483822 0.5291814 0.01465952 0.8865175 0.461967 0.02594618 0.868816 0.4914564 -0.06024551 0.9042632 0.4264917 0.02031905 0.9201283 0.3913211 0.01522213 0.904477 0.42625 0.01524241 0.9208194 0.3894621 -0.02026827 0.9346626 0.3549639 0.0201586 0.9480935 0.3179658 0.004054235 0.9351534 0.3542194 0.004073226 0.9482493 0.3168928 -0.02005313 0.9592917 0.2817196 0.01983699 0.9698524 0.2435767 -0.007533423 0.9698485 0.2435923 -0.007533411 0.9588932 0.2776599 -0.05855498 0.9834745 0.1713275 0.05852139 0.9784338 0.2055978 -0.01992294 0.9918785 0.1256912 -0.01945906 0.9856009 0.1679635 -0.01947264 0.9936918 0.09516412 0.05933182 0.9910715 0.1293878 -0.03218856 0.9985233 0.05373767 -0.007958707 0.9957135 0.09214583 -0.007983386 0.9986735 0.01730394 0.04849536 0.9976844 0.05187628 -0.04398336 0.9997172 -0.023573 0.003153932 0.9998801 0.0151635 0.00313553 0.997416 -0.06111829 0.03776123 0.9981202 -0.02632596 -0.05534517 0.9948015 -0.1008714 0.01395778 0.9979606 -0.0622924 0.01394038 0.9898762 -0.1393495 0.02696078 0.9926056 -0.1043245 -0.06205264 0.9838618 -0.1777649 0.02038386 0.9760818 -0.2168142 0.01599786 0.983907 -0.1779622 0.01601711 0.9756561 -0.2183615 -0.02033461 0.9670737 -0.2536961 0.02016911 0.9563045 -0.2923356 0.004650096 0.9670748 -0.2544494 0.004672319 0.9557776 -0.2934025 -0.02010212 0.944576 -0.3276906 0.01987878 0.9307282 -0.3656422 -0.007120526 0.9307163 -0.3656727 -0.007120535 0.9417827 -0.3307361 -0.06048923 0.8997158 -0.4322857 0.06033712 0.9159479 -0.4008128 -0.01971368 0.8914354 -0.4527242 -0.01958385 0.8995731 -0.4363305 -0.01958718 0.8637769 -0.5001515 0.06113828 0.8819913 -0.47015 -0.03241115 0.8441436 -0.5360532 -0.008277409 0.8637578 -0.503839 -0.008295231 0.8226514 -0.5663462 0.0499661 0.8423924 -0.5370209 -0.04453814 0.8001838 -0.5997486 0.002709859 0.8224203 -0.568874 0.002686511 0.7760807 -0.6294233 0.03905016 0.7973552 -0.6008898 -0.05618123 0.7514026 -0.6597112 0.01323962 0.7757154 -0.6309444 0.01322145 0.7244849 -0.6887255 0.0279075 0.7474734 -0.6612083 -0.06393114 0.6978814 -0.7159263 0.0202768 0.6682931 -0.7437109 0.0166892 0.6977295 -0.7161664 0.01671026 0.6669767 -0.7448018 -0.02030959 0.6400775 -0.7680442 0.0202242 0.6079458 -0.7939618 0.005171203 0.6397084 -0.7686001 0.005196583 0.6071167 -0.7943557 -0.02020842 0.578724 -0.8152826 0.01981884 0.5447919 -0.8385443 -0.006724935 0.5447265 -0.8385869 -0.006724961 0.5745656 -0.8160846 -0.06229079 0.48074 -0.8746517 0.06223765 0.5129802 -0.8581794 -0.01947697 0.4782054 -0.8780317 -0.01949043 0.4989402 -0.8653648 -0.04692937 0.4121243 -0.9089557 0.0628749 0.4450417 -0.8949231 -0.03241259 0.3761846 -0.9265062 -0.008453934 0.4097829 -0.9121438 -0.008473929 0.3402264 -0.9389353 0.0514442 0.3740211 -0.9263294 -0.04496642 0.303501 -0.9528288 0.002135362 0.3386457 -0.9409117 0.002114007 0.2656595 -0.9632247 0.0402891 0.3002262 -0.9521754 -0.05680009 0.2286648 -0.9734222 0.01271689 0.2646206 -0.964269 0.01269674 0.2292476 -0.973153 0.02046392 0.1869313 -0.9821609 -0.02041069 0.1525699 -0.9880843 0.02029586 0.1095581 -0.9938279 0.01741099 0.1522367 -0.9881903 0.01743249 0.1097615 -0.993751 -0.02027761 0.07524113 -0.9969615 0.02016435 0.03362618 -0.9994172 0.005885719 0.07467688 -0.9971903 0.005909001 0.03225467 -0.9992778 -0.02008539 -0.002211917 -0.9997985 0.01995158 -0.04451341 -0.9989884 -0.006372381 -0.003284245 -0.9999745 -0.006349075 -0.04498551 -0.9987912 -0.01980547 -0.07898534 -0.9966859 0.01945608 -0.121196 -0.9924432 -0.01918367 -0.07235597 -0.9971948 -0.01916088 -0.121459 -0.9924061 -0.0194363 -0.1549586 -0.9877264 0.01959863 -0.1972612 -0.9801484 -0.01993093 -0.2319806 -0.9726812 -0.008742518 -0.1967562 -0.9804133 -0.008762231 -0.2689031 -0.961706 0.05303435 -0.2333116 -0.9713372 -0.0454948 -0.3062792 -0.9519402 0.001716912 -0.2715803 -0.9624143 0.001695718 -0.3436063 -0.9381971 0.04148506 -0.3083751 -0.9495244 -0.05751743 -0.3789006 -0.9253597 0.01198786 -0.3453747 -0.9383885 0.01196986 -0.3784864 -0.9253834 0.02033781 -0.4187852 -0.9078594 -0.02025261 -0.4493929 -0.8931035 0.02029932 -0.4870952 -0.8731551 0.01839639 -0.449538 -0.8930714 0.01841571 -0.4883434 -0.8724167 -0.02024982 -0.5175895 -0.8553926 0.02011738 -0.5537616 -0.8326505 0.006425063 -0.5182477 -0.8552063 0.006448823 -0.5546525 -0.8318407 -0.02004081 -0.5822831 -0.8127434 0.0198662 -0.6169638 -0.7869684 -0.006029784 -0.5836681 -0.8119702 -0.006009092 -0.6172082 -0.7865539 -0.01967761 -0.643009 -0.7656101 0.01950892 -0.6756992 -0.7369313 -0.01904937 -0.6511108 -0.7587439 -0.01903891 -0.6757543 -0.7368727 -0.01935823 -0.6997258 -0.7141442 0.01954142 -0.7303081 -0.6828319 -0.01976806 -0.7536335 -0.6572343 -0.008922567 -0.7300639 -0.6833205 -0.008939618 -0.7777584 -0.6261817 0.05466513 -0.7539786 -0.6553015 -0.04578432 -0.8019733 -0.5973585 0.001259419 -0.7804404 -0.6252289 0.001236331 -0.8248799 -0.5636873 0.04277529 -0.8023241 -0.5940292 -0.0583559 -0.8457776 -0.5334169 0.01125539 -0.8264927 -0.5628353 0.01123732 -0.845417 -0.5337253 0.02018293 -0.8684801 -0.4953102 -0.02025385 -0.8844277 -0.4662405 0.02018074 -0.9032344 -0.4287166 0.0192273 -0.8845098 -0.4661245 0.01924694 -0.9044871 -0.426026 -0.02012585 -0.9180405 -0.3959786 0.02006422 -0.9346005 -0.3556293 0.007047183 -0.9184616 -0.395447 0.007071367 -0.9348807 -0.3543976 -0.02001031 -0.9459901 -0.3235918 0.01977535 -0.9594489 -0.2818285 -0.005520802 -0.946539 -0.3225424 -0.005495407 -0.9594821 -0.2810811 -0.01968748 -0.9680941 -0.2498343 0.01940972 -0.9782109 -0.2067647 -0.01875314 -0.9680374 -0.2501055 -0.01873025 -0.9782174 -0.2066785 -0.01935984 -0.9843731 -0.175026 0.01938058 -0.9911862 -0.1310111 -0.01964627 -0.9951837 -0.09759753 -0.009176066 -0.9912662 -0.1315554 -0.00919445 -0.9967636 -0.05751228 0.05616613 -0.9943382 -0.09572937 -0.04612408 -0.9997861 -0.02065923 0.0009179777 -0.9984862 -0.05499572 0.0008958104 -0.9988095 0.02075615 0.0441442 -0.9981025 -0.01778239 -0.05895166 -0.9983349 0.056697 0.01062701 -0.9996933 0.02237959 0.01060788 -0.9982156 0.05622682 0.02009835 -0.9946019 0.101785 -0.02017374 -0.9869753 0.1542149 0.04579797 -0.9907901 0.1339051 0.02010528 -0.9907943 0.133875 0.02010527 -0.9836227 0.1791157 -0.02010118 -0.9773599 0.2106421 0.01993795 -0.9672381 0.2537547 0.007689435 -0.977399 0.2112619 0.007715086 -0.9667127 0.2550878 -0.01992031 -0.9580768 0.2858316 0.01972802 -0.9444889 0.3285045 -0.005076832 -0.957914 0.287011 -0.005053207 -0.9441017 0.3290713 -0.01959673 -0.9332271 0.3587632 0.01939532 -0.916113 0.4004963 -0.01843353 -0.9330484 0.3592789 -0.01841823 -0.9160713 0.4005536 -0.0192376 -0.9030352 0.4291348 0.01925654 -0.882655 0.4696179 -0.01947563 -0.8668619 0.4984611 -0.009323776 -0.8829755 0.4693262 -0.009342364 -0.8444698 0.5324869 0.05769238 -0.8651272 0.4993937 -0.04648475 -0.8259888 0.5636864 0.0005137006 -0.844364 0.5357697 0.0004954964 -0.8006619 0.5973917 0.04542624 -0.8229188 0.5650206 -0.05963501 -0.779929 0.6257886 0.009963062 -0.8004687 0.5992919 0.009947401 -0.780086 0.6253539 0.01995967 -0.75015 0.6609638 -0.0200439 -0.7289793 0.6842656 0.01923289 -0.7519921 0.6588918 0.01922073 -0.7289698 0.6842545 0.01996772 -0.6962991 0.7174739 -0.01996797 -0.6734741 0.7389429 0.01990339 -0.6391414 0.7690446 0.0082806 -0.673099 0.7395057 0.008308058 -0.6383553 0.7694871 -0.01980186 -0.6141247 0.7889647 0.01963486 -0.5775991 0.8163075 -0.004610086 -0.6132729 0.7898578 -0.004585196 -0.5768316 0.8166301 -0.0195092 -0.5514116 0.8340102 0.01929215 -0.5125048 0.858492 -0.01817311 -0.5503542 0.8347338 -0.01815362 -0.5124921 0.8584784 -0.01915122 -0.4860071 0.8737468 0.01907151 -0.4451966 0.895224 -0.01933668 -0.4164322 0.9091165 -0.009558734 -0.445536 0.8952128 -0.009574381 -0.3776278 0.924062 0.05921672 -0.4142886 0.9089493 -0.04664909 -0.3452749 0.9385015 0.0001856466 -0.3757071 0.9267384 0.0001673976 -0.304235 0.9514386 0.04696544 -0.3419388 0.9377877 -0.06026689 -0.2716402 0.9623528 0.009415759 -0.302671 0.9530487 0.009399706 -0.2720684 0.9620748 0.01977686 -0.2262647 0.9738629 -0.01988132 -0.1963071 0.9803696 0.01840969 -0.2292431 0.9731954 0.01839717 -0.1962607 0.9803503 0.01987307 -0.1494897 0.9885646 -0.01982356 -0.1192812 0.9926635 0.01977409 -0.0731824 0.997278 0.008991845 -0.1189209 0.9928628 0.009018106 -0.0721401 0.9971989 -0.01974836 -0.04186881 0.9989322 0.01952841 0.004646627 0.9999806 -0.004152341 -0.04082824 0.9991577 -0.004125336 0.005326008 0.9997972 -0.01942041 0.03538021 0.999188 0.01927367 0.08208926 0.9964668 -0.01775841 0.03909102 0.9990782 -0.01773968 0.08220785 0.9964368 -0.01885909 0.1116825 0.9935637 0.01892612 0.1582161 0.9872185 -0.01916095 0.1889699 0.981935 -0.009701204 0.1579411 0.9874007 -0.009716036 0.2298746 0.9713092 0.06095926 0.1905054 0.9805615 -0.04697646 0.2636369 0.9646218 -0.0003503234 0.2331033 0.9724519 -0.0003681238 0.3053582 0.9510222 0.04809503 0.2661802 0.9620102 -0.06070016 0.3374798 0.9412915 0.008815731 0.307663 0.9514547 0.00880013 0.3370546 0.9412805 0.01962504 0.3819785 0.923961 -0.01971511 0.4094646 0.9121545 0.01769056 0.379893 0.9248616 0.01767918 0.4092581 0.9122043 0.01977737 0.4529743 0.8913058 -0.01970148 0.4792343 0.8774672 0.01964345 0.5198222 0.8542185 0.009776589 0.4794971 0.8774887 0.009805117 0.5210356 0.8533098 -0.01960492 0.5459584 0.8375886 0.01936026 0.5849307 0.8110754 -0.003578301 0.5468805 0.8372031 -0.003547741 0.5855928 0.8103777 -0.01920789 0.6089866 0.7929497 0.01913274 0.6461375 0.76302 -0.01751309 0.6069968 0.7945119 -0.01748598 0.6461643 0.7629628 -0.01895745 0.6679909 0.743933 0.01875526 0.7027583 0.7111765 -0.01894093 0.7239317 0.6898004 -0.009914446 0.7024647 0.7116493 -0.009930348 0.7229695 0.690617 0.01905572 0.7554486 0.6549255 -0.01923035 0.7748814 0.6321064 -0.0005693823 0.7549615 0.6557689 -0.0005839805 0.8012124 0.5963142 0.04968088 0.7751756 0.628745 -0.06150457 0.8213551 0.5703578 0.008233983 0.8033058 0.5955101 0.008218654 0.8209038 0.570734 0.01948823 0.847892 0.5298097 -0.01951589 0.8629611 0.5049901 0.01682916 0.8467371 0.5317456 0.0168181 0.8628677 0.5050516 0.01954904 0.8866891 0.4619536 -0.01952678 0.8996129 0.4362586 0.01936421 0.9194667 0.3930311 0.01037358 0.8999293 0.4359116 0.01039707 0.9199747 0.3914977 -0.01939491 0.9308166 0.3649788 0.01925844 0.947517 0.3196898 -0.003163258 0.9313487 0.3641151 -0.003133636 0.9475744 0.3189622 -0.01912944 0.9562377 0.2919804 0.01888962 0.9693183 0.2451999 -0.01728402 0.956598 0.2908991 -0.01726615 0.96931 0.2451218 -0.01879621 0.9758255 0.2177583 0.01859862 0.9852505 0.1700956 -0.01868349 0.989939 0.1411415 -0.009989575 0.985299 0.1705458 -0.01000148 0.9896232 0.1424496 0.01881598 0.9954146 0.09374135 -0.01903125 0.9978977 0.06480128 -0.0009836677 0.9955146 0.09460191 -0.0009996059 0.9985085 0.01957422 0.05096533 -0.9855196 0.1691615 0.01163823 -0.6688868 -0.7433639 -0.0006361661 -0.6692823 -0.7430083 0 -0.6689065 -0.7433465 0 -0.6693797 -0.7429203 0.0005967406 -0.7240312 -0.689767 -0.0005623894 -0.7243599 -0.689422 0.0001836337 -0.7238292 -0.6899792 0.0001836382 -0.7242035 -0.6895862 0.0005141404 -0.7751444 -0.631784 -0.0004482889 -0.7753668 -0.6315111 0.0002308868 -0.7751675 -0.6317556 0.0002308771 -0.7754089 -0.6314594 0.000348118 -0.8219244 -0.5695964 -0.0003976686 -0.8220845 -0.5693653 0.0002451188 -0.8211494 -0.5707131 0.0002450836 -0.8215809 -0.5700919 0.000261984 -0.8638595 -0.5037328 -0.0002733663 -0.8639594 -0.5035614 0.0001874469 -0.9005193 -0.4348159 -0.0001233493 -0.9005424 -0.4347682 -0.0001099328 -0.900543 -0.4347668 -0.0001099329 -0.9005783 -0.4346939 5.347562e-05 -0.9316105 -0.3634582 -2.886327e-05 -0.9316108 -0.3634574 -2.842964e-05 -0.9316421 -0.3633772 -2.842578e-05 -0.9316435 -0.3633737 -2.222994e-05 -0.9569601 -0.2902194 0.0001089471 -0.9569134 -0.2903737 -2.920268e-05 -0.9569626 -0.2902111 -2.918923e-05 -0.956928 -0.2903252 -0.0001870086 -0.9764106 -0.2159222 0.0001720285 -0.9763659 -0.2161239 -7.449081e-05 -0.9764149 -0.2159027 -7.45006e-05 -0.9763647 -0.2161291 -0.0002984231 -0.990093 -0.140413 0.0002840154 -0.9900498 -0.1407177 -0.0001963965 -0.9900924 -0.1404172 -0.0001964049 -0.9900504 -0.1407124 -0.0003855635 -0.9979797 -0.06353232 0.0004147223 -0.9979539 -0.06393624 -0.0003654505 -0.9979843 -0.0634599 -0.0003654616 -0.9979522 -0.06396226 -0.0005316227 -0.9998985 0.01423991 0.0005102014 -0.9999053 0.01374982 -0.0006103124 -0.9998949 0.01449071 -0.000610306 -0.9999062 0.01367677 -0.0006464657 -0.9957405 0.0921978 0.0006425782 -0.9963767 0.08126751 -0.02508162 -0.9892064 0.1454943 0.01738017 -0.9850758 0.1720569 -0.00468626 -0.994732 0.1024037 -0.004671239 -0.9850411 0.1721543 -0.007539013 -0.9837706 0.1792776 0.007397477 -0.9686499 0.2483194 -0.007404951 -0.9667041 0.2558374 -0.005506121 -0.9686844 0.2482345 -0.005506491 -0.9668636 0.2551917 0.007210911 -0.9465639 0.3224357 -0.007219079 -0.9441093 0.3296181 -0.003064989 -0.9466037 0.3223851 -0.003067142 -0.9442599 0.3291254 0.007043761 -0.918997 0.3942028 -0.006974693 -0.9161579 0.400817 -0.0006779622 -0.9191176 0.3939829 -0.0006791509 -0.9162471 0.4005544 0.006897515 -0.8860491 0.4635402 -0.006894707 -0.8827945 0.4697561 0.001751902 -0.8862163 0.4632684 0.001750579 -0.8829015 0.4695081 0.006847608 -0.8476409 0.5305241 -0.007008536 -0.8439808 0.536359 0.003921445 -0.8479045 0.5301344 0.003920529 -0.8440185 0.5362695 0.006923689 -0.8038292 0.59482 -0.00691995 -0.799867 0.600148 0.005920122 -0.8042642 0.5942423 0.005920083 -0.7998797 0.6001214 0.006836237 -0.7549604 0.6557335 -0.00695173 -0.7506595 0.6606551 0.006722732 -0.7015824 0.7125764 -0.004101565 -0.7491568 0.6623802 -0.004079044 -0.7015176 0.7126195 -0.006813025 -0.696911 0.7171265 0.006677062 -0.6437533 0.7652036 -0.006713134 -0.6383559 0.7697253 -0.004987361 -0.6439725 0.7650324 -0.004987838 -0.6390386 0.7691467 0.006553446 -0.5825942 0.8127372 -0.006495262 -0.5772527 0.8165604 -0.002906641 -0.5828334 0.8125864 -0.002907211 -0.5776505 0.8162602 0.006278486 -0.5185942 0.8549969 -0.00634402 -0.513035 0.8583674 -0.000677417 -0.5187432 0.8549299 -0.0006785966 -0.513277 0.8582004 0.006237409 -0.4514296 0.8922858 -0.006117733 -0.4460127 0.8950257 0.001337563 -0.451869 0.8920833 0.001337203 -0.4461152 0.8949544 0.006143461 -0.3812605 0.9244465 -0.006246754 -0.375709 0.9267319 0.003269492 -0.3817548 0.9242578 0.003269041 -0.3758169 0.9266741 0.006072196 -0.3083569 0.9512499 -0.006297095 -0.3026823 0.9530771 0.005231896 -0.3084331 0.9512317 0.005231434 -0.3027755 0.9530423 0.006106182 -0.2332319 0.9724016 -0.006171582 -0.2276789 0.9737182 0.005928142 -0.156896 0.9876091 -0.00344265 -0.2274479 0.9737843 -0.00342554 -0.1566611 0.987633 -0.006182298 -0.1510096 0.9885144 0.005953856 -0.07892116 0.996863 -0.005961072 -0.07263792 0.9973486 -0.004411562 -0.07931482 0.9968398 -0.004411978 -0.07373896 0.9972607 0.005788707 -0.001661997 0.9999819 -0.005790211 0.00425143 0.9999877 -0.002562899 -0.001826601 0.9999951 -0.002563475 0.003634146 0.9999784 0.005490562 0.07514645 0.9971562 -0.005705069 0.08086062 0.9967251 -0.0007263218 0.07497379 0.9971853 -0.00072693 0.0804887 0.9967406 0.005444032 0.1513591 0.9884639 -0.005440384 0.1566653 0.9876512 0.001128095 0.1510069 0.9885321 0.001127507 0.1565728 0.9876512 0.005487387 0.2271383 0.9738476 -0.005389278 0.232164 0.9726727 0.0027822 0.2267989 0.9739376 0.002781668 0.2323672 0.972613 0.005421857 0.3020314 0.9532827 -0.005388029 0.3068445 0.9517496 0.004380884 0.3016229 0.9534173 0.004380475 0.3067537 0.9517742 0.005294643 0.3753771 0.9268562 -0.00545533 0.3800191 0.9249634 0.005311865 0.4468207 0.8946197 -0.002633995 0.3786533 0.9255348 -0.002620405 0.4466425 0.8946964 -0.005371617 0.4510182 0.8924997 0.00515769 0.5148697 0.8572529 -0.005162005 0.5194644 0.8544835 -0.003838796 0.5149228 0.857228 -0.003838966 0.519033 0.8547392 0.005059981 0.5800243 0.8145837 -0.005018491 0.5838982 0.8118232 -0.002424187 0.5797978 0.8147568 -0.002425088 0.5837606 0.8119109 0.004911177 0.6409138 0.7675979 -0.004789786 0.6445177 0.764589 -0.0007223446 0.6407289 0.767767 -0.0007227983 0.6443507 0.7647157 0.004700651 0.6978485 0.7162299 -0.004691955 0.7010997 0.7130628 0.0008402801 0.6975695 0.7165166 0.0008394984 0.7010483 0.713098 0.004742307 0.7509044 0.660395 -0.004594807 0.7538343 0.6570601 0.00242301 0.7506949 0.6606447 0.002422938 0.7536308 0.657282 0.004589563 0.7998719 0.6001521 -0.004718958 0.8024544 0.5967025 0.003613593 0.7997367 0.6003401 0.003613097 0.802501 0.5966337 0.004502363 0.8441989 0.5360097 -0.004647155 0.8464406 0.5324644 0.004478727 0.8833938 0.4686276 -0.001910203 0.8464964 0.5323911 -0.001901631 0.8834717 0.4684625 -0.004523916 0.8853752 0.4648568 0.004361156 0.9173375 0.3980859 -0.004425565 0.9190547 0.3941156 -0.003354003 0.9172871 0.3982124 -0.003354644 0.9188854 0.3945019 0.004239925 0.945417 0.3258352 -0.004248651 0.946793 0.3218375 -0.001944451 0.9454222 0.3258421 -0.001944335 0.9466905 0.3221187 0.004082764 0.9677247 0.2519763 -0.004095679 0.9687204 0.2481541 -0.0006821367 0.9676889 0.2521463 -0.0006829876 0.9686638 0.2483445 0.003930436 0.9841835 0.1771087 -0.003927549 0.9848557 0.1733752 0.000676226 0.9841583 0.1772907 0.0006757449 0.9848241 0.1735126 0.003848604 0.9948932 0.1008573 -0.003913884 0.9952626 0.09720537 0.001879748 0.9948723 0.1011214 0.001879494 0.9952459 0.09731919 0.003827311 0.999718 0.02343349 -0.00385614 0.9997974 0.01990872 0.002959515 0.9997138 0.02374301 0.002959267 0.9997937 0.01995943 0.003772737 0.9985051 -0.05452937 -0.003793985 0.9983144 -0.05792068 0.003690061 0.9911952 -0.132404 -0.001166658 0.9983042 -0.05820196 -0.001156678 0.9912011 -0.1323133 -0.003700536 0.9907604 -0.1355771 0.003570874 0.9778891 -0.209093 -0.003591643 0.9771212 -0.2126659 -0.002683135 0.9778759 -0.2091688 -0.002683394 0.9771928 -0.2123255 0.003476099 0.9586725 -0.2844914 -0.003422928 0.9577332 -0.2876533 -0.001625133 0.9586996 -0.2844162 -0.001625461 0.9577941 -0.2874362 0.00329537 0.9338824 -0.3575648 -0.003317829 0.9327374 -0.3605559 -0.0005563811 0.9339287 -0.3574588 -0.0005566558 0.9328184 -0.360333 0.003156986 0.9037339 -0.4280832 -0.003145215 0.9024562 -0.4307812 0.0004632013 0.9038014 -0.4279519 0.0004630352 0.9025012 -0.4306766 0.003041267 0.8681743 -0.4962496 -0.003123469 0.866742 -0.4987548 0.00142329 0.8682468 -0.4961306 0.001423205 0.8667567 -0.4987221 0.003020176 0.8271216 -0.5620149 -0.003033203 0.8255708 -0.5642939 0.002294509 0.827108 -0.5620383 0.002294341 0.8255905 -0.5642623 0.002933921 0.7808145 -0.6247558 -0.002985678 0.7791854 -0.6267871 0.002823141 0.7299624 -0.6834871 -0.0004285009 0.7790431 -0.6269702 -0.0004197866 0.7296963 -0.6837652 -0.002898549 0.7279624 -0.6856115 0.002766506 0.6739672 -0.7387561 -0.002764489 0.6721146 -0.740444 -0.002139053 0.6741667 -0.7385761 -0.002139039 0.6723141 -0.7402611 0.002705965 0.6145941 -0.7888394 -0.002560309 0.6128625 -0.7901884 -0.0013638 0.6147958 -0.7886851 -0.001363734 0.6128401 -0.7902029 0.002570397 0.5519391 -0.8338809 -0.002413927 0.5500592 -0.8351254 -0.0004736968 0.5520974 -0.8337795 -0.0004738323 0.5501276 -0.835077 0.002439558 0.4864844 -0.8736864 -0.00225341 0.4845797 -0.874747 0.0003720893 0.4865221 -0.8736682 0.0003719061 0.4845847 -0.8747413 0.002323949 0.4178583 -0.9085096 -0.002200894 0.416046 -0.9093431 0.0009357355 0.4182238 -0.9083435 0.0009357122 0.4160989 -0.9093166 0.002242317 0.3463148 -0.9381158 -0.0021505 0.3445156 -0.9387792 0.001553947 0.3468735 -0.9379107 0.001553898 0.3444245 -0.9388113 0.002233684 0.2722121 -0.9622353 -0.001988604 0.2705265 -0.9627106 0.001966906 0.1992809 -0.9799424 0.0003923023 0.2666901 -0.9637823 0.0003976985 0.1963122 -0.9805396 -0.00188803 0.1946407 -0.9808725 0.001972678 0.1191596 -0.9928734 -0.001850329 0.1171981 -0.9931076 -0.001354978 0.1192935 -0.9928581 -0.001355026 0.1176555 -0.9930527 0.001881367 0.0414811 -0.9991379 -0.001708136 0.04014391 -0.9991935 -0.0009782549 0.041737 -0.9991282 -0.0009782884 0.04012116 -0.9991934 0.001637156 -0.03558374 -0.9993653 -0.001681698 -0.03711486 -0.9993109 -0.0003653811 -0.03560059 -0.999366 -0.0003654259 -0.03701363 -0.9993137 0.001422662 -0.1121233 -0.993693 -0.001636604 -0.1135832 -0.9935285 0.0001264836 -0.1120707 -0.9937003 0.0001264311 -0.1135068 -0.9935362 0.001440517 -0.1880097 -0.9821662 -0.001414062 -0.1892845 -0.9819221 0.0006224047 -0.1879074 -0.9821866 0.0006223947 -0.1893742 -0.9819038 0.001494719 -0.2635405 -0.9646475 -0.001200549 -0.2645864 -0.9643616 0.0008927002 -0.2635239 -0.9646525 0.0008926733 -0.2647937 -0.9643043 0.001266016 -0.3377399 -0.9412388 -0.001235454 -0.3386823 -0.9409002 0.001053213 -0.2840882 -0.9587976 0.001049032 -0.3378166 -0.9412113 0.001077455 -0.4101605 -0.9120126 -0.00125151 -0.4110361 -0.9116185 0.0009508191 -0.4803634 -0.8770688 -0.001138565 -0.4814523 -0.8764719 -0.0008256067 -0.4800054 -0.8772652 -0.0008256788 -0.4808058 -0.8768265 0.0009900656 -0.5469458 -0.8371676 -0.00086706 -0.5476007 -0.8367396 -0.0004401013 -0.5468739 -0.8372148 -0.0004401101 -0.5474613 -0.8368307 0.0007145519 -0.6098657 -0.7925043 -0.0008907523 -0.6105304 -0.7919928 -0.0001712012 -0.6099226 -0.792461 -0.0001712056 -0.6104776 -0.7920331 0.0007355083 -0.4498324 0.8931127 0.0006884596 -0.4367161 0.8995126 0.0124962 -0.3790275 0.9252977 -0.01274342 -0.3657249 0.9307079 0.005294263 -0.3797669 0.9250671 0.005290458 -0.3659704 0.9305401 0.01267689 -0.3060192 0.9519402 -0.01273258 -0.2926075 0.9561839 0.009660533 -0.3067232 0.9517498 0.00965752 -0.2927453 0.9561064 0.0126771 -0.2307984 0.9729167 -0.01285692 -0.2172346 0.9760363 0.01274191 -0.1550617 0.9878712 0.008138822 -0.2170926 0.9761169 0.008165765 -0.1541464 0.987967 -0.01266155 -0.1405839 0.9899889 0.01258009 -0.07684666 0.9969972 -0.009540387 -0.1410512 0.9899566 -0.009513519 -0.07677151 0.9969684 -0.01265444 -0.0631255 0.9979279 0.01244857 0.0007715015 0.9999243 -0.01227989 0.01502763 0.9998485 -0.008785092 0.0005852362 0.9999613 -0.008787846 0.01421706 0.9998243 0.01221077 0.07765251 0.9969084 -0.01198401 0.09155723 0.9957912 -0.004142196 0.07723206 0.9970046 -0.004145697 0.09083867 0.995794 0.01194724 0.1537032 0.9880456 -0.01188302 0.1672067 0.9859217 0.0005400886 0.1533331 0.9881745 0.0005363243 0.1668477 0.9859098 0.01198471 0.2294885 0.973236 -0.01211174 0.2426311 0.9701066 0.004836764 0.2288269 0.9734551 0.004833125 0.2421769 0.9701578 0.01200763 0.3042714 0.9525058 -0.01231222 0.3170313 0.9483719 0.00904169 0.3039764 0.9526367 0.009039488 0.3168472 0.9483989 0.0121396 0.3776795 0.9258558 -0.01221584 0.3897284 0.9208499 0.01213835 0.4470526 0.8944632 0.008918376 0.3897839 0.9208629 0.008946135 0.4488416 0.8935289 -0.01213385 0.4603532 0.8876545 0.01201749 0.5171254 0.8558621 -0.009027516 0.461617 0.8870336 -0.009004672 0.5170475 0.8558719 -0.01204768 0.528005 0.8491579 0.01190202 0.5819928 0.8131084 -0.01178977 0.5926756 0.8053957 -0.008568273 0.5817375 0.8133314 -0.008571587 0.5921616 0.8057348 0.01167086 0.6427325 0.7660052 -0.01144441 0.6527451 0.7575663 -0.004120106 0.6425205 0.7662573 -0.004123283 0.6522303 0.7579361 0.01132719 0.6995152 0.714527 -0.01139053 0.7087053 0.7055045 0.0002595356 0.6991819 0.7149438 0.000256048 0.7083253 0.7057939 0.0114066 0.7524797 0.6585143 -0.01153681 0.7608342 0.6489316 0.004389547 0.7519918 0.6591578 0.004386255 0.7605789 0.6491421 0.01158868 0.8013082 0.5981405 -0.01154479 0.8087109 0.5881484 0.008254029 0.8007666 0.5989196 0.008251728 0.8086308 0.5882021 0.01159335 0.8454943 0.5338585 -0.01159137 0.851956 0.5234861 0.01154983 0.8842707 0.4668753 0.009639041 0.8520615 0.5233524 0.009664669 0.8846015 0.4662048 -0.01155377 0.8901815 0.4554633 0.0114056 0.9181781 0.3960785 -0.008408137 0.8911762 0.4535798 -0.008388764 0.9182484 0.3958407 -0.01139597 0.9229298 0.3848029 0.01129135 0.9461921 0.3234106 -0.0112248 0.9502363 0.3114234 -0.008138089 0.9461663 0.3235785 -0.008141095 0.9499547 0.3121926 0.01103742 0.9682981 0.2495554 -0.0109973 0.9713646 0.2375582 -0.004098953 0.9682511 0.2499457 -0.004101872 0.9711345 0.2382891 0.01076946 0.9845642 0.1746906 -0.01079254 0.9866613 0.1627869 8.551535e-05 0.984539 0.1751658 8.376446e-05 0.9865224 0.1632691 0.01080377 0.9950873 0.09839579 -0.01093716 0.9962386 0.08656314 0.003932526 0.9950675 0.09912178 0.003929449 0.996156 0.08691252 0.01092103 0.9997204 0.02093025 -0.01100557 0.9999284 0.009265924 0.007567586 0.9997337 0.02180192 0.007566113 0.9998955 0.009433409 0.01095641 0.9983117 -0.05702844 -0.01102831 0.9975948 -0.06844625 0.01094797 0.9909198 -0.1340473 0.01045554 0.9976022 -0.06841169 0.01047731 0.9908128 -0.1347948 -0.01097112 0.9892228 -0.1460162 0.01084079 0.9773622 -0.2114291 -0.007802859 0.98917 -0.1465684 -0.00778192 0.9772888 -0.2116346 -0.01083833 0.9748572 -0.222574 0.01068896 0.9579142 -0.2868571 -0.01063977 0.9544418 -0.2982972 -0.007725839 0.9579747 -0.2867488 -0.007728205 0.9546809 -0.2974468 0.01048359 0.9329699 -0.3598051 -0.01036987 0.9287676 -0.3706419 -0.003921703 0.9330987 -0.3595988 -0.003925965 0.9289844 -0.3699772 0.01024021 0.9026342 -0.4302887 -0.0101575 0.8978275 -0.4403474 -0.0001780969 0.9029047 -0.4298406 -0.0001790892 0.8979356 -0.4400091 0.01018759 0.8668738 -0.4984211 -0.01030756 0.861347 -0.5080049 0.003502531 0.8672225 -0.4979085 0.003499955 0.8614748 -0.5076969 0.01025392 0.8256601 -0.5640717 -0.01041292 0.8195063 -0.5730289 0.006885054 0.8263183 -0.5631614 0.006883348 0.8195541 -0.5729073 0.01040834 0.7792026 -0.6266875 -0.01029788 0.772517 -0.6349127 0.01016658 0.7804097 -0.6251858 0.01016555 0.7724327 -0.6350121 0.01035283 0.7279099 -0.6855962 -0.01025005 0.720656 -0.6932163 0.01029426 0.6722082 -0.7403271 -0.007196871 0.721559 -0.6923156 -0.00717545 0.6722569 -0.7402464 -0.01029266 0.6644509 -0.7472628 0.01017042 0.6126113 -0.7903216 -0.009954023 0.6040986 -0.7968757 -0.007336591 0.6127918 -0.7902103 -0.007338168 0.6045327 -0.7965192 0.009867374 0.5498983 -0.8351741 -0.009804009 0.540953 -0.8410438 -0.003890726 0.5501881 -0.8350316 -0.003892487 0.5414785 -0.8406602 0.009575359 0.4842812 -0.8748592 -0.00964344 0.4750554 -0.8799558 -0.0002596248 0.4846903 -0.8746858 -0.0002620728 0.4755152 -0.8796553 0.009582597 0.4156139 -0.9094899 -0.009646759 0.4062858 -0.9137408 0.003123238 0.4161502 -0.9092906 0.003121014 0.4066659 -0.9135269 0.009559708 0.3439585 -0.9389332 -0.009851749 0.3344843 -0.942381 0.006189987 0.3447039 -0.9386911 0.006188788 0.3346191 -0.9423044 0.009616396 0.2698186 -0.9628613 -0.009797216 0.260323 -0.9654775 0.009227135 0.2712662 -0.9624602 0.009226464 0.2603179 -0.9654748 0.009642364 0.1938102 -0.9809909 -0.009709095 0.1842366 -0.9828351 0.009600934 0.1166765 -0.9931479 -0.006624964 0.1826558 -0.9831548 -0.00660339 0.1167577 -0.9931145 -0.009551509 0.107215 -0.9941909 0.009447566 0.03915743 -0.9991887 -0.009421826 0.02857595 -0.9995682 -0.006842388 0.03929329 -0.9992043 -0.006843659 0.02971962 -0.9995151 0.009286158 -0.03798738 -0.9992365 -0.009125856 -0.04790556 -0.9988452 -0.003657038 -0.03784686 -0.9992769 -0.003658772 -0.04742042 -0.9988338 0.009073752 -0.1146455 -0.9933665 -0.008911935 -0.1241157 -0.9922676 -0.0004655387 -0.1141626 -0.993462 -0.0004676365 -0.1237356 -0.9922753 0.008900665 -0.1905228 -0.9816414 -0.009013894 -0.1998326 -0.9798261 0.002774681 -0.1900568 -0.9817691 0.002772886 -0.1994596 -0.9798651 0.008960202 -0.2658612 -0.9639685 -0.009087702 -0.2748402 -0.9614728 0.005734276 -0.2651976 -0.964177 0.005733239 -0.2745466 -0.961531 0.009066953 -0.3401072 -0.9403431 -0.00905058 -0.3486233 -0.9372246 0.008473532 -0.3385737 -0.9409018 0.008472807 -0.3486949 -0.9371921 0.009104108 -0.4125086 -0.9109102 -0.008898405 -0.4205644 -0.9072191 0.008899312 -0.4822719 -0.8760008 -0.006032947 -0.420981 -0.9070496 -0.006013555 -0.4823197 -0.8759492 -0.008977923 -0.4900118 -0.8716726 0.00868609 -0.548779 -0.8359212 -0.008796686 -0.5570151 -0.8304778 -0.006389738 -0.5488743 -0.8358805 -0.006390524 -0.556185 -0.8310135 0.008647564 -0.6118919 -0.7908956 -0.008505391 -0.6189816 -0.7853974 -0.003575923 -0.6117485 -0.7910443 -0.003577527 -0.6186284 -0.7856398 0.008305328 -0.6706614 -0.7417165 -0.008360366 -0.6773421 -0.7356681 -0.0004140803 -0.670566 -0.7418497 -0.0004149082 -0.6769856 -0.7359495 0.008298265 -0.7256623 -0.6880014 -0.008270352 -0.731553 -0.6817805 0.002349306 -0.7253858 -0.6883385 0.002347535 -0.7314144 -0.6818832 0.008267838 -0.7766948 -0.6298211 -0.008410069 -0.7820187 -0.6232344 0.005052028 -0.7762635 -0.6303884 0.005050666 -0.7819233 -0.6233185 0.008369229 -0.8233495 -0.5674732 -0.008343973 -0.8280076 -0.5606653 0.007600559 -0.8227873 -0.5682986 0.007600354 -0.8279153 -0.5607912 0.00833284 -0.8651035 -0.5015242 -0.008332458 -0.8691673 -0.4944487 0.008283298 -0.9017429 -0.4322392 -0.005377702 -0.8696551 -0.4936307 -0.005364391 -0.901611 -0.432469 -0.008256788 -0.9050546 -0.4252184 0.008084004 -0.9324986 -0.3610833 -0.008082749 -0.9355997 -0.3530122 -0.005971986 -0.9325101 -0.3610944 -0.005972594 -0.9353501 -0.3536346 0.007919662 -0.9576492 -0.2878293 -0.007892887 -0.960031 -0.2798741 -0.0033396 -0.9576182 -0.2880211 -0.003340909 -0.9598643 -0.2803584 0.007739357 -0.9769156 -0.2134887 -0.007643271 -0.9786152 -0.2056987 -0.0006427046 -0.9768745 -0.2138125 -0.0006446646 -0.9785245 -0.2059916 0.007570502 -0.9904116 -0.1379373 -0.007630804 -0.991486 -0.1301973 0.002027972 -0.9903757 -0.1383906 0.002026724 -0.9914268 -0.1304422 0.007604066 -0.998108 -0.06100397 -0.007685722 -0.9985656 -0.05335447 0.004486025 -0.9980922 -0.06157793 0.004484905 -0.9985365 -0.05354249 0.007622622 -0.9998295 0.01678901 -0.007683315 -0.9996825 0.02426714 0.006778469 -0.999845 0.01624857 0.006777612 -0.9996784 0.02419674 0.007594783 -0.9954721 0.09474659 -0.007637313 -0.99475 0.102058 0.007529683 0.5190983 0.8545492 -0.01680751 0.5369281 0.8434654 0.01656432 0.5837136 0.811839 -0.01399723 0.5389851 0.8421994 -0.0139754 0.5837445 0.8117679 -0.01659041 0.6005455 0.7994236 0.01634039 0.6445079 0.7644253 -0.01622715 0.6610998 0.7502242 -0.01052236 0.6442954 0.7647043 -0.01052924 0.6600978 0.7510081 0.01605729 0.7011696 0.7128124 -0.01611695 0.7162948 0.6977898 -0.003360501 0.7008386 0.7133119 -0.003370117 0.7156498 0.6982727 0.01613996 0.7540044 0.656663 -0.01646379 0.7678661 0.6406018 0.003340669 0.7533531 0.6576078 0.00333083 0.7673327 0.6410373 0.01648755 0.8026873 0.5961721 -0.01648912 0.8150081 0.5793671 0.009773062 0.8021624 0.5970261 0.00976618 0.8147666 0.5795552 0.01646625 0.8467041 0.5318031 -0.01665959 0.8574702 0.514287 0.01592894 0.8460574 0.5328539 0.01592476 0.8574204 0.5143502 0.01655896 0.8856533 0.4640514 -0.01657821 0.8949292 0.4459044 0.01645997 0.9188941 0.3944963 0.002518818 0.8953239 0.4454085 0.002551058 0.9191255 0.3936217 -0.01644096 0.9268939 0.3749723 0.01623567 0.9468808 0.3213017 -0.01349278 0.9277883 0.3728638 -0.01346865 0.9468849 0.3211656 -0.01617507 0.9531285 0.3021419 0.01601374 0.9688232 0.2472436 -0.01588009 0.9738407 0.2269902 -0.01048595 0.9688078 0.247591 -0.01049553 0.9735183 0.2280731 0.01564565 0.98491 0.1723519 -0.01572295 0.9883665 0.1520504 -0.003481661 0.9849265 0.1729382 -0.003490462 0.9881132 0.1529144 0.01579588 0.9952502 0.0960318 -0.01596883 0.9971219 0.07575525 0.003003206 0.9952903 0.09689286 0.002995092 0.9969506 0.07637919 0.01599046 0.9996977 0.01853865 -0.01615298 0.999957 -0.0015373 0.00915451 0.9997637 0.01971863 0.009150143 0.9998693 -0.001179368 0.01612601 0.9981011 -0.05943022 -0.01619623 0.9967521 -0.07910427 0.01508685 0.9981909 -0.05820258 0.01508041 0.9967412 -0.07903146 0.01614868 0.9904158 -0.1371689 -0.01616895 0.9875478 -0.1564995 0.01604393 0.9770187 -0.2131303 0.00313061 0.9875611 -0.1572042 0.00316439 0.9767078 -0.2139724 -0.01605168 0.9723706 -0.2329007 0.01589531 0.9572349 -0.28902 -0.01299621 0.9722707 -0.233498 -0.01297309 0.9571604 -0.2891254 -0.01583089 0.9514292 -0.3074714 0.01561417 0.9320503 -0.3619978 -0.01548176 0.9246216 -0.3807468 -0.01031936 0.9321899 -0.3618224 -0.01032582 0.9249948 -0.3796711 0.01531523 0.9015678 -0.4323695 -0.01523258 0.8929388 -0.4501639 -0.003560335 0.9018838 -0.4319638 -0.003571039 0.8932427 -0.4493112 0.01539251 0.8656317 -0.5004411 -0.01551093 0.8557941 -0.5173098 0.002646956 0.8661705 -0.4997416 0.002638319 0.856032 -0.5166875 0.01559726 0.8242373 -0.5660273 -0.01568653 0.8132816 -0.5818079 0.008529774 0.8250241 -0.5650334 0.008523858 0.8133866 -0.5815111 0.01572155 0.7776132 -0.6285458 -0.01574979 0.7656351 -0.6431187 0.01419344 0.7785698 -0.6273977 0.01418983 0.7655973 -0.6431291 0.01567903 0.7262122 -0.6872908 -0.01572303 0.713186 -0.7007985 0.01572273 0.6712279 -0.7412406 0.003927974 0.7128994 -0.7012551 0.003951376 0.6703898 -0.7418465 -0.01553666 0.6565082 -0.7541593 0.01550902 0.6108515 -0.7916455 -0.01256482 0.6550922 -0.7554449 -0.01253864 0.6107081 -0.7917062 -0.0153947 0.5960961 -0.8027709 0.01510848 0.5479377 -0.8363809 -0.01520847 0.5316344 -0.8469115 -0.010286 0.5481304 -0.8363296 -0.01029023 0.5325333 -0.8462777 0.01491745 0.4821725 -0.8759512 -0.01480709 0.4656514 -0.8849602 -0.003789355 0.4827085 -0.8757729 -0.003796118 0.4662648 -0.884519 0.01493922 0.4134678 -0.9103947 -0.01503095 0.3963743 -0.9180859 0.002359181 0.4140962 -0.9102302 0.002351245 0.3969806 -0.9177033 0.01507143 0.3417017 -0.9396837 -0.01531855 0.3242568 -0.945935 0.008036356 0.3427765 -0.9393827 0.008029486 0.324704 -0.9456919 0.01530231 0.267409 -0.9634613 -0.01531942 0.2499814 -0.9681585 0.01335095 0.2693799 -0.9629415 0.01334738 0.2500633 -0.9681095 0.01524796 0.191377 -0.9813964 -0.01536249 0.1737636 -0.9846709 0.01514643 0.1155273 -0.9932941 0.004497136 0.1732805 -0.9848621 0.004526173 0.114345 -0.9933254 -0.01516453 0.09660202 -0.9952073 0.0151854 0.03658541 -0.9992574 -0.01208716 0.09515417 -0.9953895 -0.01206008 0.03681799 -0.9992096 -0.01498523 0.01919234 -0.9997053 0.01486046 -0.04061325 -0.9990664 -0.01473648 -0.05939373 -0.9981845 -0.01000487 -0.04014656 -0.9991437 -0.01000978 -0.05777763 -0.9982231 0.01457779 -0.1169744 -0.9930305 -0.01439654 -0.1349297 -0.9908475 -0.003892908 -0.1163911 -0.9931958 -0.003898975 -0.134031 -0.9908711 0.01449232 -0.1928567 -0.9811186 -0.01457846 -0.2104938 -0.9775931 0.002063532 -0.1921411 -0.9813651 0.002057457 -0.2097125 -0.977652 0.01474071 -0.2682594 -0.9632342 -0.0147218 -0.2851014 -0.9584693 0.007330283 -0.2670789 -0.9636468 0.007324503 -0.2848042 -0.958472 0.01476867 -0.3423721 -0.9394473 -0.0148373 -0.3586141 -0.9333994 0.01270985 -0.3415213 -0.9397882 0.01270647 -0.3584669 -0.9334247 0.01482661 -0.4146746 -0.9098488 -0.01483363 -0.4301551 -0.9026351 0.01471766 -0.4832951 -0.875442 0.005211181 -0.430771 -0.902446 0.005241252 -0.4844218 -0.8747115 -0.0146765 -0.499163 -0.8663852 0.0145944 -0.5508479 -0.8345249 -0.01161056 -0.4992363 -0.8663884 -0.01158393 -0.5508963 -0.8344457 -0.01461858 -0.5648617 -0.825061 0.01433803 -0.6137858 -0.7893424 -0.01433834 -0.6280902 -0.778079 -0.009786814 -0.6136208 -0.7895401 -0.009790903 -0.6267566 -0.7790876 0.01408954 -0.6724495 -0.7400115 -0.01395685 -0.6851755 -0.7283669 -0.004015623 -0.6722164 -0.7403438 -0.004021352 -0.6846014 -0.7287838 0.01396854 -0.7272562 -0.6862218 -0.01407204 -0.7388827 -0.6738321 0.00160176 -0.7268195 -0.6868267 0.001596113 -0.7384434 -0.6741666 0.01416974 -0.7781871 -0.6278701 -0.01428511 -0.7886809 -0.6147646 0.006856541 -0.7775674 -0.6287622 0.006851215 -0.788385 -0.6150157 0.01431184 -0.8246776 -0.5654215 -0.01433496 -0.8339088 -0.5517747 0.01186617 -0.8239454 -0.5665451 0.0118626 -0.8337675 -0.5519301 0.01431477 -0.8662725 -0.4993646 -0.01438899 -0.874314 -0.4851497 0.01431586 -0.9025589 -0.4305267 0.005844837 -0.8745801 -0.4848455 0.005870147 -0.9025983 -0.4302464 -0.01429717 -0.9094416 -0.4155922 0.01411674 -0.9333277 -0.3588537 -0.01111342 -0.9098129 -0.4148706 -0.01108754 -0.9333432 -0.3587077 -0.01411932 -0.9389728 -0.3437102 0.01390749 -0.9582819 -0.285491 -0.01381435 -0.962983 -0.2693892 -0.009648504 -0.9582732 -0.2856908 -0.009652952 -0.9626821 -0.2702926 0.01360741 -0.977361 -0.2111452 -0.01352805 -0.980787 -0.1950384 -0.004104836 -0.9773574 -0.2115555 -0.004109373 -0.9805559 -0.195779 0.01344457 -0.9906757 -0.1355602 -0.0136057 -0.9928345 -0.1194908 0.001303416 -0.990679 -0.136211 0.001298514 -0.992675 -0.1200429 0.01363454 -0.9981881 -0.05857198 -0.01377281 -0.9990713 -0.04262073 0.006331333 -0.9982071 -0.05951969 0.006327923 -0.9989805 -0.0429939 0.01377112 -0.9997189 0.01924129 -0.01385489 -0.9993282 0.03492488 0.011107 -0.9997751 0.01806879 0.01110167 -0.9992988 0.03480668 0.01380541 -0.9951691 0.09719201 -0.01386145 -0.9935475 0.1125797 0.01375416 -0.9847778 0.1736927 0.006591293 -0.9935778 0.1129568 0.006619778 -0.9845492 0.1745652 -0.01378123 -0.9817536 0.1896678 0.0136311 -0.9680626 0.250486 -0.01056893 -0.9816129 0.1905907 -0.01054661 -0.967979 0.2506626 -0.01360034 -0.9640588 0.2653498 0.0134263 -0.9456952 0.324781 -0.01334006 -0.9404032 0.3399323 -0.009374809 -0.9457875 0.3246506 -0.009378018 -0.9407033 0.3389758 0.01314535 -0.9179745 0.3964249 -0.01304467 -0.91174 0.4107469 -0.004162783 -0.9182161 0.3960578 -0.004166563 -0.9119889 0.4100111 0.01293509 -0.8848689 0.4656555 -0.01311399 -0.8776621 0.4792789 0.001007215 -0.8852811 0.4650551 0.001002481 -0.8778969 0.4786696 0.01313144 -0.8462533 0.532616 -0.01324439 -0.8381294 0.54544 0.005841626 -0.846841 0.531814 0.005836398 -0.8383064 0.5450373 0.01329521 -0.8022884 0.596789 -0.01327725 -0.7934048 0.608608 0.01025344 -0.8031776 0.5956514 0.01025241 -0.793357 0.6086126 0.01324078 -0.7532911 0.6575522 -0.01332737 -0.7435826 0.6685137 0.01320641 -0.7006031 0.7135136 0.007330681 -0.7435481 0.668642 0.007358205 -0.699673 0.714339 -0.01332243 -0.6891792 0.7244722 0.01312018 -0.6421734 0.7664943 -0.009989955 -0.6900214 0.7237204 -0.009966189 -0.6419638 0.7666224 -0.01313534 -0.6308153 0.7758246 0.01297772 -0.5805662 0.814112 -0.01283236 -0.5685194 0.8226184 -0.009204208 -0.5808778 0.8139388 -0.009206512 -0.5689962 0.8222422 0.01269753 -0.5163903 0.8562619 -0.01251729 -0.503845 0.8637836 -0.004249088 -0.5167919 0.8561005 -0.004252485 -0.5043348 0.86342 0.01234087 -0.4492889 0.8932974 -0.01262174 -0.4362444 0.899828 0.0006923365 0.9961678 0.06174858 -0.06194298 0.9998928 -0.01246605 0.007678913 0.9998166 0.0175495 0.007667337 0.9997438 -0.01189235 0.01926286 0.9979047 -0.06174062 -0.0193477 0.9958193 -0.08992162 0.01606333 0.9980616 -0.06012909 0.01604823 0.9957781 -0.08974064 0.01930815 0.9900401 -0.1394533 -0.01932581 0.9857532 -0.1670945 0.01923922 0.9765836 -0.2148519 0.01110016 0.9858063 -0.1675173 0.01112665 0.9761583 -0.2162095 -0.0191923 0.9697728 -0.2432638 0.01906431 0.9568341 -0.2906227 -0.002646823 0.9697156 -0.2442228 -0.002621043 0.9564423 -0.2913049 -0.01896294 0.9480533 -0.3175574 0.01876599 0.9312196 -0.3640654 -0.01692507 0.9476321 -0.3189164 -0.01690871 0.9311655 -0.3641223 -0.01859353 0.9208969 -0.3893722 0.01839157 0.900547 -0.434368 -0.01842744 0.8879659 -0.4597981 -0.01012044 0.9008079 -0.4340996 -0.01013253 0.8883992 -0.4586968 0.01854915 0.8644305 -0.5023999 -0.01881748 0.850033 -0.5267278 -0.001295978 0.8650112 -0.5017509 -0.001310466 0.8504246 -0.5257592 0.01884971 0.8228864 -0.5678881 -0.01900019 0.8068323 -0.5907366 0.007209009 0.8236052 -0.5671178 0.007192345 0.8070998 -0.5901096 0.01899143 0.7761399 -0.6302695 -0.01916478 0.7586124 -0.651364 0.01523636 0.7772568 -0.6289992 0.01522671 0.7586253 -0.6512486 0.01904815 0.7245369 -0.6889709 -0.01911381 0.7055705 -0.7083843 0.01902572 0.6700113 -0.7422559 0.01187664 0.7054446 -0.7086651 0.01190003 0.6686446 -0.7433406 -0.01894944 0.6483342 -0.7611204 0.01893288 0.6095726 -0.7927275 -0.002078346 0.6478696 -0.7617484 -0.002051155 0.6088972 -0.793027 -0.01877327 0.5874825 -0.8090242 0.0185508 0.5459585 -0.8376459 -0.01668713 0.5841312 -0.811488 -0.01666475 0.5460098 -0.8375767 -0.01839894 0.5236345 -0.8517471 0.01826957 0.4801591 -0.8769936 -0.01814735 0.4558007 -0.8900236 -0.01017418 0.4804626 -0.876956 -0.01018652 0.4568929 -0.8893343 0.01826343 0.4113534 -0.9112876 -0.01852908 0.3864008 -0.9223295 -0.001663043 0.4121684 -0.9111061 -0.001676277 0.3870919 -0.9218538 0.01858552 0.339422 -0.9404468 -0.01877385 0.3138371 -0.9494533 0.006683631 0.3406697 -0.9401594 0.006669772 0.3145207 -0.9490639 0.01882814 0.2652109 -0.9640068 -0.01881547 0.2394302 -0.9708029 0.01465802 0.2666332 -0.9636867 0.01464646 0.2397407 -0.9706526 0.01892065 0.1891039 -0.9817756 -0.01888003 0.1631844 -0.986416 0.01882525 0.1136537 -0.9934402 0.01262789 0.1630438 -0.9865377 0.01265425 0.1119687 -0.9935347 -0.01875738 0.08598574 -0.9961228 0.01859418 0.03514665 -0.9993807 -0.001690125 0.08465975 -0.9964085 -0.001660116 0.03448896 -0.999234 -0.01849139 0.008562097 -0.9997935 0.01842947 -0.04273939 -0.9989541 -0.016248 0.008501276 -0.9998323 -0.01622317 -0.04272316 -0.99892 -0.01826415 -0.06835004 -0.9974993 0.01797886 -0.1192058 -0.9927071 -0.01796333 -0.1460024 -0.9892308 -0.01028446 -0.1188706 -0.9928564 -0.01029555 -0.1444731 -0.9893442 0.0180428 -0.1951044 -0.9806132 -0.01821938 -0.2210661 -0.975257 -0.001888048 -0.1943771 -0.980925 -0.001901153 -0.2201032 -0.9753045 0.01832092 -0.2704386 -0.9625603 -0.01845693 -0.2956004 -0.955292 0.006121106 -0.2693873 -0.9630126 0.006108601 -0.2949762 -0.9553256 0.01849227 -0.3445998 -0.9385647 -0.01863777 -0.3686998 -0.9294469 0.01374014 -0.3426902 -0.9393482 0.01372892 -0.3684097 -0.9294779 0.01857833 -0.4167456 -0.9088326 -0.01861084 -0.4397944 -0.8979059 0.01859531 -0.4863875 -0.8736431 0.01322701 -0.4401104 -0.8978458 0.01325245 -0.4863674 -0.8735577 -0.01853387 -0.5083221 -0.8609715 0.0183527 -0.5522194 -0.833698 -0.001090257 -0.5092261 -0.8606322 -0.001061436 -0.5528737 -0.8330628 -0.01836294 -0.5736139 -0.8189265 0.01806468 -0.6153975 -0.7880572 -0.01586554 -0.5747914 -0.8181465 -0.01584055 -0.6154948 -0.7879363 -0.01796082 -0.6349152 -0.7723752 0.01786753 -0.6741222 -0.7384107 -0.01757772 -0.6929892 -0.7208732 -0.01037931 -0.6740206 -0.7386395 -0.01038819 -0.6921497 -0.7215383 0.0176443 -0.7287722 -0.6845207 -0.01796111 -0.7463291 -0.6655738 -0.002105506 -0.7284575 -0.6850877 -0.002115661 -0.7454964 -0.6662658 0.01802633 -0.7796146 -0.625995 -0.01820142 -0.7953402 -0.6061378 0.00556338 -0.7789187 -0.6271003 0.005550681 -0.7948642 -0.6065134 0.01823082 -0.8259488 -0.5634491 -0.01826528 -0.8398168 -0.5427117 0.01310481 -0.8250648 -0.5648863 0.01309523 -0.8395845 -0.5429204 0.01831536 -0.8674012 -0.4972708 -0.01834874 -0.8793925 -0.4757477 0.01824788 -0.9029849 -0.4294418 0.01406863 -0.8795444 -0.4756079 0.01409522 -0.9035601 -0.4280723 -0.01825777 -0.9137684 -0.4058332 0.01807688 -0.9339769 -0.357333 -0.0005398037 -0.9142796 -0.4050835 -0.0005149221 -0.9341121 -0.3565213 -0.01809042 -0.9425139 -0.3336879 0.01789153 -0.9588959 -0.2833343 -0.01550323 -0.9427072 -0.3332624 -0.01547521 -0.9588845 -0.2832401 -0.01776396 -0.9654182 -0.2601183 0.01749883 -0.9777843 -0.2088884 -0.01742384 -0.9828261 -0.1842349 -0.01049697 -0.9778146 -0.2092086 -0.0105067 -0.982497 -0.1854637 0.01740552 -0.9909292 -0.1332261 -0.01760957 -0.9940798 -0.1086243 -0.002444003 -0.9909841 -0.1339568 -0.002458327 -0.9938263 -0.1095289 0.0176862 -0.9982588 -0.05621875 -0.01785797 -0.9994833 -0.03173033 0.005131808 -0.9983415 -0.05734152 0.005119684 -0.9993164 -0.03235239 0.01788917 -0.9996046 0.02160204 -0.0180018 -0.9988762 0.0457466 0.0123941 -0.9997195 0.02018444 0.01238581 -0.9988039 0.04547564 0.01796953 -0.9948699 0.09954195 -0.01803411 -0.9922202 0.1231951 0.01795162 -0.9843941 0.17535 0.01485469 -0.9922538 0.1233327 0.01488201 -0.9840691 0.1768758 -0.01796892 -0.9796078 0.2001267 0.01782819 -0.9677034 0.2520916 9.839209e-05 -0.9795982 0.2009658 0.0001260767 -0.9673237 0.252922 -0.01775611 -0.9611267 0.2755471 0.0175842 -0.9449297 0.3269218 -0.0151695 -0.9606318 0.2774119 -0.01513993 -0.9448726 0.326971 -0.01748808 -0.9370332 0.3488158 0.01722053 -0.9170157 0.3984817 -0.0171659 -0.9070311 0.4209327 -0.01050007 -0.9172081 0.3982699 -0.01051093 -0.9075599 0.4195728 0.01713711 -0.8837212 0.4676969 -0.0172182 -0.8724031 0.4887799 -0.002654205 -0.8841742 0.4671497 -0.002665905 -0.8727412 0.4878753 0.0173351 -0.8449671 0.5345301 -0.01754893 -0.8321627 0.5545117 0.004684572 -0.8455832 0.5338232 0.004673317 -0.8324139 0.5538783 0.01749426 -0.8008579 0.5985922 -0.01771715 -0.7867104 0.6172107 0.01172645 -0.8016535 0.5976741 0.01171642 -0.7868169 0.6169347 0.01762579 -0.7517118 0.6592543 -0.01769488 -0.7363594 0.6763597 0.0176718 -0.6991579 0.7147949 0.0156996 -0.7363528 0.6764151 0.01572332 -0.6979157 0.7159622 -0.0176618 -0.6814124 0.7316921 0.01742962 -0.6410654 0.767486 0.0006610162 -0.6808369 0.7324347 0.0006919347 -0.6400818 0.7681089 -0.01743826 -0.6225246 0.7824088 0.01730155 -0.5787923 0.8153414 -0.01476107 -0.6201932 0.7843106 -0.01473731 -0.5787348 0.8153358 -0.0171366 -0.5603064 0.8281105 0.0170255 -0.5143687 0.8574041 -0.01682385 -0.494416 0.8691605 -0.01062594 -0.5146883 0.8573113 -0.01063274 -0.495177 0.8686317 0.01669442 -0.447185 0.8942815 -0.0169213 -0.4264404 0.904511 -0.002917627 -0.4478843 0.8940868 -0.002927845 -0.4272041 0.9039944 0.01704882 -0.3768316 0.9261242 -0.0170827 -0.3556392 0.9346135 0.004285877 -0.3776457 0.9259403 0.004275069 -0.3560916 0.9342931 0.01718304 -0.3037133 0.9526066 -0.01729224 -0.2821721 0.9592993 0.01112304 -0.3047915 0.9523541 0.01111401 -0.282512 0.9591078 0.01729738 -0.2284648 0.9733968 -0.01739445 -0.2069011 0.9782108 0.01719087 -0.1504648 0.9884806 0.01632129 -0.206578 0.9782935 0.01635017 -0.1518439 0.9882537 -0.01726447 -0.1300408 0.9913588 0.01723424 -0.07512257 0.9971735 0.001268835 -0.1291745 0.991621 0.001299172 -0.07434266 0.9970857 -0.01712457 -0.05258411 0.998473 0.0169261 0.00278419 0.9998941 -0.01427888 -0.05109048 0.9985923 -0.01425371 0.003165273 0.9998534 -0.01683004 0.02471569 0.9995565 0.0166068 0.07995192 0.9966604 -0.01660748 0.1024938 0.9946768 -0.01062732 0.07963151 0.9967676 -0.01063487 0.1012675 0.994725 0.01634006 0.1560612 0.9876084 -0.01657259 0.1780705 0.9840127 -0.003145112 0.1555001 0.9878309 -0.003154472 0.1771656 0.9840413 0.01658735 0.2317404 0.9726331 -0.01677008 0.2531995 0.9674063 0.00387501 0.2309777 0.9729514 0.003866156 0.2524906 0.9674534 0.0168023 0.3065867 0.9516916 -0.01696597 0.3272166 0.944892 0.01040548 0.3054998 0.9521354 0.01039801 0.3268799 0.9449147 0.01690212 0.3798513 0.9248913 -0.0169991 0.3994916 0.9165834 0.01677439 0.3888619 0.9211434 0.01677332 0.3996455 0.9165148 0.01685899 0.4509398 0.8923935 -0.01694125 0.4697252 0.8826532 0.01678371 0.5181372 0.8552955 0.001915589 0.470355 0.8824751 0.001946073 -0.9855299 0.1691018 0.01163824 -0.988584 0.1453921 -0.03953193 -0.9736882 0.2265549 0.02458069 -0.6386138 0.7232982 0.2627014 -0.638747 0.7231804 0.2627018 -0.6387886 0.7234437 0.2618745 -0.6888058 0.7072353 -0.1592638 -0.7206426 0.6844416 0.110516 -0.7027934 0.7027681 0.1104461 -0.7179847 0.6818331 0.1400057 -0.7507674 0.6544732 -0.08951673 -0.7797632 0.6191921 0.09257665 -0.8048459 0.5876416 0.08306932 -0.7804545 0.6196595 0.08314359 -0.8023633 0.5940802 -0.05728719 -0.8333812 0.5491222 0.06277443 -0.8493456 0.526498 0.03757274 -0.8344316 0.5498272 0.03760267 -0.8475838 0.5295404 -0.03447814 -0.8797471 0.4738762 0.0385563 -0.8874403 0.4605683 0.01807112 -0.8802701 0.4741282 0.0180781 -0.8868039 0.4619309 -0.01409718 -0.9187361 0.3945346 0.01632349 -0.9201179 0.391492 0.01081485 -0.9188161 0.3945376 0.01081511 -0.9200308 0.3918127 0.00511428 -0.9501206 0.3118291 -0.005771374 -0.9474557 0.3197302 0.01001619 -0.9500989 0.3117882 0.0100176 -0.9474645 0.3190646 0.02255734 -0.9736505 0.2265701 -0.02589917 -0.9693719 0.2452386 0.01327436 -0.9693638 0.2452706 0.01327434 -0.9599767 -0.2800759 0.001489302 -0.9599794 -0.2800667 0.001489304 -0.9494259 -0.3133706 0.01973037 -0.9405143 -0.3396848 -0.006862652 -0.9225595 -0.3856493 0.01259267 -0.9208134 -0.389871 0.01015925 -0.9226149 -0.3855887 0.01015957 -0.9208319 -0.389937 0.004217729 -0.8902266 -0.4554861 -0.00538752 -0.8900168 -0.4558872 -0.006087313 -0.8901827 -0.4555632 -0.006087287 -0.8900045 -0.4559053 -0.006502793 -0.8517087 -0.5239834 0.005796228 -0.8468166 -0.5317718 -0.01097033 -0.8520757 -0.5233037 -0.01096724 -0.8466837 -0.5317439 -0.0193684 -0.8078756 -0.5891017 0.01721071 -0.7970134 -0.6035417 -0.02251652 -0.8087304 -0.5877489 -0.02250483 -0.796764 -0.6034099 -0.03261371 -0.7591782 -0.6502314 0.02911201 -0.7406945 -0.6703045 -0.04542459 -0.7618712 -0.6461354 -0.04540037 -0.7406759 -0.6702409 -0.04665196 -0.7062153 -0.706826 0.04070564 -0.6788576 -0.7317804 -0.06041367 -0.6528424 -0.7566686 -0.03534757 -0.6796683 -0.7326648 -0.03540317 -0.6492985 -0.7587624 0.0518741 -0.6118925 -0.7876284 -0.07231237 -0.5925891 -0.8051615 -0.02351839 -0.5926571 -0.8051114 -0.02351864 -0.6075988 -0.7821327 0.1381743 -0.5289881 -0.8411036 -0.1127666 -0.5421912 -0.8400526 -0.01845281 -0.5284622 -0.8487571 -0.01841739 -0.5379869 -0.8338907 0.1232739 -0.4619897 -0.881025 -0.1017858 -0.4664318 -0.8835043 -0.04314495 -0.4614795 -0.8861017 -0.04313057 -0.4635573 -0.8782515 0.1174266 -0.4157957 -0.9090191 -0.02825123 -0.4631849 0.1952919 0.8644772 -0.4766132 0.1595986 0.8645046 -0.4903858 -0.1104584 0.8644772 -0.4805783 -0.1471939 0.8645105 -0.3347018 -0.3750583 0.8644686 -0.3054464 -0.3991565 0.8645095 -0.05423038 -0.4997765 0.864455 -0.01645648 -0.5023431 0.8645117 0.2786745 -0.4182875 0.8645092 0.4699668 -0.17823 0.8645029 0.4859789 0.1282586 0.864508 0.3207263 0.387022 0.8644933 0.2901781 0.4104108 0.8644996 0.03587187 0.5013856 0.86448 -0.002421384 0.5026182 0.8645051 -0.2623864 0.4287427 0.8644843 -0.2941211 0.4075573 0.8645171 -0.4627267 0.196324 0.8644888 -0.4762616 0.1606173 0.8645097 -0.4906245 -0.1094007 0.8644763 -0.4808848 -0.1461759 0.8645129 -0.3355311 -0.3742993 0.8644761 -0.3063085 -0.3984864 0.8645135 -0.05535246 -0.4996326 0.8644671 -0.01750507 -0.502297 0.864518 0.2454918 -0.4386615 0.8644708 0.2778537 -0.4188483 0.8645018 0.4547976 -0.2141564 0.8644629 0.4696036 -0.1791943 0.8645009 0.4862489 0.127261 0.8645037 0.3215658 0.3863217 0.8644946 0.03701582 0.5012846 0.8644903 -0.2614275 0.4293136 0.8644915 -0.2932662 0.4081901 0.8645089 -0.4623585 0.197219 0.8644821 -0.4759031 0.1616417 0.8645161 -0.4908574 -0.108402 0.8644698 -0.4811988 -0.1451603 0.8645092 -0.3363026 -0.3736522 0.8644563 -0.3071531 -0.3978324 0.8645152 -0.05638229 -0.4995232 0.8644638 -0.01851104 -0.5023009 0.8644947 0.2445244 -0.4392043 0.8644694 0.2769559 -0.4194233 0.8645111 0.4543431 -0.2151001 0.8644676 0.4692044 -0.1802075 0.864507 0.4947296 0.08917831 0.8644593 0.4865211 0.1262785 0.8644946 0.3506138 0.3602954 0.8644404 0.3223667 0.3856282 0.8645059 0.07586989 0.4969696 0.8644449 0.03804083 0.5011988 0.8644955 -0.2605786 0.4298513 0.8644806 -0.4619514 0.1982019 0.864475 -0.4910682 -0.1073659 0.8644794 -0.4815064 -0.1441052 0.8645145 -0.3371002 -0.3728996 0.8644706 -0.3080012 -0.3971628 0.8645212 -0.05741899 -0.4994168 0.864457 -0.01962523 -0.5022286 0.8645122 0.2436835 -0.4396867 0.8644617 0.276022 -0.4200231 0.8645186 0.4539435 -0.2160149 0.8644494 0.4688329 -0.1811837 0.8645046 0.4949315 0.08815996 0.8644482 0.4867736 0.1252735 0.8644988 0.351387 0.359547 0.864438 0.3231654 0.3849916 0.8644916 0.07684162 0.4968153 0.8644477 0.03905789 0.5011361 0.8644866 -0.2263022 0.4489416 0.8644298 -0.2595918 0.4304197 0.8644946 -0.4451181 0.2336906 0.8644412 -0.4615085 0.1991977 0.8644826 -0.4913049 -0.1063581 0.8644694 -0.3378871 -0.3721982 0.8644657 -0.05842936 -0.4993013 0.8644561 0.2427147 -0.4402214 0.864462 0.2751742 -0.4206118 0.8645027 0.4534664 -0.2169703 0.8644606 0.4684756 -0.1821224 0.8645011 0.4951108 0.08712682 0.8644502 0.4870395 0.1241876 0.8645056 0.352188 0.3587207 0.8644553 0.3239529 0.3843436 0.8644851 0.07796216 0.4966638 0.8644345 0.04015326 0.5010153 0.8645064 -0.2253077 0.449405 0.8644487 -0.2587532 0.4309609 0.8644765 -0.4446331 0.2346168 0.86444 -0.4611017 0.2001409 0.8644818 -0.498184 -0.06762007 0.8644306 -0.4915323 -0.1053286 0.8644662 -0.4418578 0.2343701 0.8659286 -0.4957837 -0.06619371 0.8659197 -0.3649295 -0.3420532 0.8659249 -0.09808252 -0.4904551 0.8659293 0.2395927 -0.4390247 0.8659403 0.4502401 -0.2178285 0.8659299 0.4929799 0.08453933 0.8659238 0.3519693 0.3553683 0.8659278 0.07977821 0.4937465 0.8659387 -0.2222521 0.4480874 0.8659224 -0.4413304 0.2353658 0.8659275 -0.4959129 -0.06506351 0.8659313 -0.3656257 -0.341304 0.8659269 -0.09908107 -0.4902671 0.8659222 0.2043264 -0.4565358 0.8659248 0.4317044 -0.2526083 0.8659217 0.493161 0.08342097 0.8659291 0.3526438 0.3546859 0.8659331 0.08068736 0.4936086 0.8659331 -0.221356 0.4485388 0.8659183 -0.4408662 0.2362486 0.8659236 -0.4960508 -0.06407189 0.8659263 -0.3663547 -0.3405014 0.8659347 -0.1000999 -0.4900604 0.8659219 0.2034682 -0.4569364 0.8659155 0.4311742 -0.2535258 0.8659178 0.4982054 0.04439121 0.865922 0.3795831 0.3257072 0.8659281 0.1193865 0.4857327 0.865916 0.08197118 0.4933963 0.8659334 -0.2204072 0.4489873 0.8659279 -0.4403281 0.2372373 0.865927 -0.4961993 -0.06298348 0.8659211 -0.3670669 -0.3397842 0.8659149 -0.1011847 -0.4898014 0.8659424 0.2024975 -0.4573738 0.8659123 0.4306265 -0.2544274 0.8659258 0.4982876 0.04333517 0.8659282 0.3802568 0.3249268 0.8659257 0.1205458 0.4854453 0.8659167 -0.1840719 0.4650565 0.865933 -0.4201608 0.2713872 0.8659179 -0.4398549 0.238119 0.8659256 -0.4963183 -0.06189757 0.8659312 -0.3678786 -0.3388618 0.8659319 -0.1023386 -0.4895655 0.8659402 0.2015756 -0.4577589 0.8659238 0.4301676 -0.2552555 0.8659102 0.498397 0.04227665 0.8659175 0.3809889 0.3240712 0.8659246 0.1216478 0.4851357 0.865936 -0.1831695 0.4654416 0.8659175 -0.4195912 0.2722644 0.8659188 -0.4996766 -0.02239457 0.8659226 -0.2465838 0.4351986 0.8659091 -0.1324198 0.4822054 0.8659924 0.0834045 0.4942942 0.8652843 0.1378477 0.4807131 0.8659751 0.202345 0.4568111 0.8662448 0.3104116 0.3915665 0.8662103 0.328889 -0.3775663 0.8656072 -0.1933614 -0.4606227 0.8662783 -0.4926337 0.07434908 0.8670549 0.246138 -0.421894 0.8725947 0.2191826 -0.4442107 0.8686978 0.1816669 -0.4625722 0.8677696 0.1420371 -0.4778293 0.8668936 -0.2332039 -0.4396277 0.8673774 -0.3462061 -0.3620873 0.8654675 -0.456658 -0.2088117 0.8647896 -0.4567262 -0.2126331 0.8638219 -0.4379005 -0.2519433 0.8629993 -0.4439846 -0.2301884 0.8659624 -0.4440238 -0.2301004 0.8659657 -0.4347897 -0.2511734 0.8647947 -0.416788 -0.2926984 0.8605901 -0.4213324 -0.2704779 0.8656332 -0.421304 -0.2705296 0.8656308 -0.3955155 -0.3136119 0.8632584 -0.393794 -0.3313866 0.857385 -0.3965169 -0.3080424 0.864803 -0.3698465 -0.3432864 0.8633469 -0.380174 -0.3244643 0.8661354 -0.3802652 -0.3243448 0.8661402 -0.3463562 -0.3619216 0.8654768 -0.3567638 -0.3519879 0.8653462 -0.3675264 -0.3445738 0.8638248 -0.3414095 -0.3852166 0.8573492 -0.3401841 -0.368074 0.8653302 -0.3285478 -0.3763497 0.8662663 -0.2929354 -0.4034769 0.8668305 -0.2928 -0.4035875 0.8668247 -0.3150268 -0.3964041 0.8623351 -0.3151255 -0.3931574 0.8637841 -0.3284482 -0.3764455 0.8662624 -0.2554063 -0.4295043 0.8661949 -0.2552939 -0.4295821 0.8661895 -0.28179 -0.4178123 0.8637287 -0.2827823 -0.4249212 0.859928 -0.2928097 -0.4035833 0.8668235 -0.2442282 -0.4330353 0.8676594 -0.2507541 -0.4593318 0.8521365 -0.2553422 -0.4295831 0.8661748 -0.1895766 -0.4567628 0.8691539 -0.1894901 -0.456805 0.8691505 -0.2191321 -0.467099 0.8566211 -0.217529 -0.45716 0.8623722 -0.2175409 -0.4571291 0.8623857 -0.1453301 -0.4667487 0.8723674 -0.1851849 -0.4895157 0.8521039 -0.1845785 -0.4877076 0.8532714 -0.1845748 -0.487582 0.853344 -0.1760141 -0.5636519 0.8070413 -0.1767685 -0.5657276 0.8054224 -0.1455441 -0.4666645 0.8723767 -0.1407929 -0.479715 0.8660547 -0.06501381 -0.4949664 0.8664765 -0.06229476 -0.5021143 0.8625548 -0.06611274 -0.498396 0.8644249 -0.06089284 -0.4982429 0.8648966 -0.03897592 -0.4991546 0.8656359 -0.07522584 -0.4961728 0.8649588 -0.08889569 -0.4920951 0.8659907 -0.103035 -0.4888249 0.866276 -0.08942941 -0.4938923 0.864912 -0.1042525 -0.4926424 0.8639647 -0.0931067 -0.5024091 0.8596024 -0.1103222 -0.4891605 0.8651884 -0.01644754 -0.5001252 0.8657969 -0.01732277 -0.5000623 0.8658161 -0.02799274 -0.5002706 0.8654166 -0.01973077 -0.5094048 0.8603008 -0.03883024 -0.4988468 0.8658199 0.004703529 -0.5017908 0.8649762 0.01039486 -0.5057639 0.8626093 0.02495192 -0.5133778 0.8577999 0.01090933 -0.4986708 0.8667228 0.02763395 -0.4986123 0.8663846 0.08876687 -0.4916362 0.8662645 0.09984843 -0.4997267 0.8604089 0.08951758 -0.5003297 0.861195 0.08531972 -0.4979891 0.862976 0.07148376 -0.4939675 0.8665369 0.07114809 -0.4939252 0.8665886 0.04993151 -0.4956755 0.8670713 0.06965014 -0.512857 0.855644 0.04995986 -0.503142 0.8627585 0.04881694 -0.5021418 0.8634063 0.02729798 -0.4986022 0.866401 0.1267701 -0.4815199 0.8672186 0.1427763 -0.4910264 0.859365 0.1215405 -0.4943019 0.8607517 0.1280542 -0.4893885 0.8626129 0.1214278 -0.4875124 0.8646311 0.1005634 -0.4897527 0.8660423 0.1634745 -0.4685157 0.8681988 0.1840198 -0.4779011 0.8589222 0.1671084 -0.4832487 0.8593867 0.1629904 -0.4789043 0.8626035 0.1630568 -0.4789404 0.8625709 0.198715 -0.452722 0.8692268 0.2229087 -0.4594568 0.8597739 0.2048111 -0.4711394 0.8579511 0.203751 -0.4696879 0.8589988 0.2038101 -0.4697426 0.8589548 0.2307453 -0.4296907 0.8729963 0.2474102 -0.4259475 0.8702626 0.2471384 -0.4705828 0.8470386 0.2399848 -0.4601753 0.8547783 0.2408349 -0.4613903 0.8538837 0.3287393 -0.5510776 0.7669706 0.3298163 -0.5532154 0.7649666 0.2784975 -0.4531858 0.846795 -0.4000755 0.5927851 0.6989602 -0.3260213 0.3532704 0.8768752 -0.3470284 0.4161953 0.8404479 -0.3936074 0.4913145 0.7769706 -0.2864017 0.3689972 0.8842031 -0.3030315 0.357343 0.8834466 -0.2772372 0.3544125 0.8930461 -0.2766283 0.3548334 0.8930677 -0.3259549 0.3533247 0.876878 -0.3637813 0.375482 0.8524532 -0.3521002 0.385273 0.852989 -0.3940331 0.4129896 0.8210832 -0.3603782 0.3608412 0.8601867 -0.3754125 0.3281466 0.8668248 -0.4342762 0.3706317 0.8209972 -0.3894698 0.359229 0.8480965 -0.3973286 0.3513733 0.8477421 -0.3645943 0.3336602 0.8693342 -0.3647567 0.3335041 0.8693259 -0.3990566 0.297037 0.8674808 -0.4401304 0.3165971 0.8402688 -0.4197924 0.3279091 0.8463155 -0.4255704 0.3210289 0.8460675 -0.3977656 0.308228 0.8641631 -0.3819114 0.3210182 0.8666551 -0.4185313 0.2633112 0.8691943 -0.4560435 0.2711867 0.8476332 -0.4407098 0.2874215 0.8503904 -0.4438953 0.2828768 0.8502574 -0.4234188 0.2752517 0.8631066 -0.4053776 0.2889087 0.8672951 -0.4459577 0.2141037 0.8690693 -0.4459638 0.2140925 0.8690689 -0.4575985 0.2434423 0.8551839 -0.4682892 0.2247293 0.8545186 -0.458207 0.2438714 0.8547356 -0.4516086 0.2419938 0.8587716 -0.4264475 0.2512754 0.8689092 -0.4768284 0.2061957 0.8544695 -0.4687453 0.2046372 0.8593029 -0.4749601 0.1817159 0.8610414 -0.4652766 0.2026448 0.861657 -0.4638645 0.1762859 0.8681895 -0.479516 0.1668546 0.8615243 -0.4989268 0.1686435 0.8500772 -0.463795 0.1764416 0.8681949 -0.4842281 0.1264513 0.8657559 -0.5165359 0.1268716 0.8468142 -0.4786467 0.1382576 0.8670537 -0.4827569 0.1265695 0.8665598 -0.4785705 0.1369394 0.867305 -0.4781283 0.1381829 0.8673516 -0.4900434 0.08737376 0.8673081 -0.5271292 0.08168267 0.8458504 -0.4958422 0.09747905 0.8629243 -0.4978887 0.08949658 0.8626107 -0.4920369 0.09644415 0.8652157 -0.4921815 0.09590503 0.8651934 -0.5026278 0.05402872 0.862813 -0.5062776 0.05083458 0.860871 -0.5056549 0.0546068 0.8610059 -0.5098318 0.05146503 0.8587334 -0.4964213 0.03124245 0.8675193 -0.4980909 -0.01062349 0.8670598 -0.5090145 0.01109792 0.8606864 -0.5093318 0.01075564 0.860503 -0.5093047 0.01110846 0.8605146 -0.5096367 0.01085013 0.8603213 -0.4964145 0.031303 0.867521 -0.5059078 -0.02859949 0.8621134 -0.5073738 -0.0312454 0.8611594 -0.5074006 -0.02854747 0.8612373 -0.5109316 -0.03124193 0.8590534 -0.4980928 -0.01067869 0.867058 -0.49106 -0.09522396 0.8659056 -0.4963888 -0.07418897 0.8649243 -0.5014084 -0.06741191 0.8625806 -0.50071 -0.07460391 0.8623942 -0.5061579 -0.06766731 0.8597822 -0.4956149 -0.05272102 0.8669407 -0.495616 -0.05269967 0.8669415 -0.4910762 -0.09509618 0.8659104 -0.4989416 -0.1059188 0.8601387 -0.4892292 -0.1163228 0.8643633 -0.4913318 -0.1049767 0.864623 -0.48598 -0.1157366 0.8662726 -0.4882872 -0.1432351 0.860848 -0.4838008 -0.1369971 0.8643891 -0.486005 -0.1156103 0.8662757 -0.4749653 -0.1806503 0.8612627 -0.4735047 -0.1782501 0.8625661 -0.4731337 -0.1569665 0.8668945 -0.4695142 -0.1697047 0.8664621 -0.4729141 -0.1576348 0.866893 -0.4731185 -0.1569069 0.8669136 -0.4571319 -0.2164844 0.86265 -0.4580495 -0.2185389 0.8616446 -0.4636254 -0.1964445 0.8639798 -0.4560615 -0.2162118 0.8632847 -0.4587111 -0.1949258 0.8669418 -0.4587083 -0.1949333 0.8669415 -0.4362147 -0.2505381 0.8642612 -0.4386188 -0.2586792 0.8606384 -0.4467033 -0.2377459 0.8625154 -0.4396876 -0.2521704 0.8620238 -0.4401347 -0.2349175 0.8666576 -0.4401716 -0.2348375 0.8666605 -0.412661 -0.2824283 0.8659939 -0.4146682 -0.295972 0.8604946 -0.4251043 -0.2765004 0.8618781 -0.4193443 -0.2861101 0.8615633 -0.4189812 -0.272987 0.8659866 -0.4189263 -0.2730844 0.8659825 -0.3892829 -0.313573 0.8661008 -0.3879471 -0.3288249 0.8610291 -0.3991164 -0.3127716 0.8619049 -0.3955359 -0.3177116 0.8617486 -0.3951224 -0.3094002 0.8649566 -0.407836 -0.2898065 0.8658417 -0.3523283 -0.3536117 0.8665007 -0.3521962 -0.3537563 0.8664955 -0.3680112 -0.3458045 0.8631264 -0.3573531 -0.3579914 0.862636 -0.369499 -0.3469851 0.8620161 -0.3696168 -0.3399722 0.8647556 -0.3813104 -0.3238834 0.8658533 -0.3407534 -0.3724734 0.8632212 -0.3407388 -0.3730072 0.8629963 -0.3235895 -0.385734 0.8640018 -0.3387406 -0.3711711 0.8645732 -0.3206327 -0.3825863 0.8665001 -0.2868815 -0.4094161 0.8660701 -0.3095003 -0.3916161 0.8665139 -0.2868823 -0.4098994 0.8658412 -0.3100143 -0.396157 0.8642632 -0.3096853 -0.4028523 0.861281 -0.3206123 -0.3826054 0.8664992 -0.2765562 -0.4169515 0.8658338 -0.2753732 -0.4323469 0.8586302 -0.2864536 -0.4097564 0.8660508 -0.2428918 -0.4371584 0.8659654 -0.2393116 -0.4515092 0.8595751 -0.2526321 -0.4348073 0.8643608 -0.2448373 -0.4399443 0.8640045 -0.251879 -0.4335376 0.865218 -0.253455 -0.4324746 0.8652897 -0.2073479 -0.4539032 0.8665903 -0.1988539 -0.4722382 0.8587481 -0.2154275 -0.4553446 0.8638589 -0.2098781 -0.4583467 0.8636373 -0.2145039 -0.4536511 0.8649791 -0.2345473 -0.4420202 0.8657978 -0.1744195 -0.4728586 0.8637028 -0.1735522 -0.4737949 0.8633644 -0.1746673 -0.4733121 0.8634043 -0.1737279 -0.4740897 0.8631672 -0.1519365 -0.4758021 0.86633 -0.1357093 -0.4846325 0.8641263 -0.1324964 -0.4867576 0.8634302 -0.1360244 -0.485583 0.863543 -0.1332236 -0.4886824 0.8622302 -0.1519277 -0.4758054 0.8663297 -0.07413407 -0.5023212 0.8614973 -0.09653865 -0.4894931 0.8666469 -0.07247952 -0.4946631 0.8660572 -0.0922029 -0.4957902 0.8635338 -0.09238124 -0.4957477 0.8635392 -0.09857435 -0.4959181 0.8627563 -0.1099265 -0.4877298 0.8660461 -0.1099668 -0.4877181 0.8660476 -0.05233198 -0.5064065 0.8607054 -0.05965861 -0.4984592 0.864858 -0.05120878 -0.4997284 0.8646671 -0.05946885 -0.4975083 0.8654184 -0.02901911 -0.5002657 0.8653856 -0.02947394 -0.5002081 0.8654035 -0.02220757 -0.5046449 0.8630414 -0.007339689 -0.5001014 0.8659357 -0.0220249 -0.4991807 0.866218 -0.007931062 -0.499767 0.8661236 0.01708473 -0.504136 0.8634552 0.01494662 -0.5028106 0.8642673 -0.007291039 -0.499804 0.8661078 0.07868062 -0.4941789 0.8657925 0.05652405 -0.4998694 0.8642543 0.05993 -0.5015802 0.8630329 0.03763602 -0.5003276 0.8650177 0.05626633 -0.4996846 0.8643781 0.03722801 -0.4982614 0.8662273 0.03741574 -0.4982571 0.8662216 0.07880514 -0.4941663 0.8657883 0.09564043 -0.4953009 0.8634407 0.09884218 -0.4947784 0.8633797 0.0956447 -0.495184 0.8635074 0.09823199 -0.4930825 0.8644189 0.1628944 -0.4738417 0.8654129 0.1415585 -0.4806907 0.8653888 0.1341708 -0.4865713 0.8632767 0.1420727 -0.484859 0.8629757 0.1341989 -0.486792 0.8631478 0.1199348 -0.4855204 0.8659592 0.1198131 -0.4855428 0.8659636 0.1627052 -0.4738924 0.8654208 0.1717466 -0.4747312 0.863211 0.1853021 -0.4701514 0.8629141 0.1716345 -0.4743926 0.8634195 0.183209 -0.4654418 0.865909 0.2232854 -0.4471917 0.8661197 0.2074554 -0.4589655 0.8638941 0.2247953 -0.4518847 0.8632886 0.2076081 -0.4593661 0.8636444 0.2043652 -0.4590832 0.8645678 0.1834966 -0.4653427 0.8659013 0.255224 -0.4298047 0.8660996 0.2553018 -0.4297636 0.8660972 0.2410868 -0.4397763 0.8651439 0.2563058 -0.4319917 0.864691 0.2421733 -0.4421983 0.8636045 0.2410694 -0.4422338 0.8638952 0.2232507 -0.4472068 0.8661208 0.275798 -0.4215719 0.8638359 0.2743724 -0.4216169 0.8642679 0.2927348 -0.4061331 0.865657 0.2722551 -0.4189583 0.8662282 0.2919144 -0.4059226 0.8660328 0.3912518 -0.5090205 0.7666944 0.3384039 -0.3552315 0.8713745 0.5320877 -0.6508324 0.5415717 0.3580686 -0.3979169 0.844659 0.2848604 -0.3212581 0.9031321 0.2847095 -0.3213729 0.9031389 0.3736341 -0.3332402 0.8656492 0.4266001 -0.4192827 0.8013828 0.3935159 -0.3747319 0.8394767 0.3701201 -0.3570608 0.8576239 0.3384291 -0.3552095 0.8713737 0.3870278 -0.3199037 0.8647954 0.4159806 -0.337204 0.8445433 0.4404771 -0.3702776 0.8178475 0.4288064 -0.2952404 0.8537905 0.3922111 -0.294595 0.8714266 0.3922629 -0.294533 0.8714242 0.4176772 -0.2588361 0.8709475 0.4176863 -0.2588233 0.8709471 0.4665507 -0.2645554 0.8440029 0.447856 -0.2577604 0.8561451 0.4434924 -0.2495076 0.8608487 0.5018709 -0.2295944 0.8339137 0.4430462 -0.2231864 0.868273 0.4430292 -0.223215 0.8682743 0.4548589 -0.2050144 0.8666444 0.4550535 -0.2046261 0.866634 0.4708737 -0.1744296 0.8647845 0.4694898 -0.180777 0.8642333 0.4989537 -0.1862348 0.8463816 0.4651306 -0.1904008 0.8645236 0.4959687 -0.1496451 0.8553486 0.4766652 -0.151492 0.8659332 0.476858 -0.1510069 0.8659119 0.4962117 -0.1095078 0.8612677 0.5014935 -0.1088387 0.8582881 0.4802331 -0.1283586 0.8676983 0.4801958 -0.12841 0.8677113 0.4801832 -0.1284493 0.8677124 0.5023797 -0.06766696 0.8619953 0.5127693 -0.0657758 0.856003 0.4893695 -0.0839853 0.8680229 0.4892381 -0.08410387 0.8680856 0.4892381 -0.08410382 0.8680856 0.5080331 -0.02838429 0.8608697 0.5203588 -0.02419217 0.8536049 0.4969758 -0.03964102 0.8668585 0.4967653 -0.03980144 0.8669717 0.4967689 -0.03977759 0.8669708 0.5194553 0.01859233 0.8542953 0.4976567 -0.003492271 0.867367 0.49766 -0.003445723 0.8673653 0.498818 0.04181637 0.8656974 0.498821 0.04155447 0.8657084 0.5088419 0.05065448 0.8593684 0.4945794 0.06390947 0.8667796 0.4975973 0.08643109 0.8630913 0.494733 0.06381014 0.8666992 0.4947407 0.0637152 0.8667018 0.4865556 0.1071845 0.8670497 0.4863853 0.1074714 0.8671097 0.4786844 0.1456767 0.8658172 0.4787726 0.1454302 0.8658099 0.4881977 0.1260905 0.8635764 0.4938779 0.1313582 0.859552 0.4863996 0.1073837 0.8671125 0.463622 0.1834348 0.866837 0.4636124 0.1834643 0.866836 0.4793619 0.1638716 0.8621823 0.4792973 0.163788 0.8622341 0.4787208 0.1455266 0.8658224 0.4466145 0.2263044 0.8656337 0.4609245 0.199609 0.8646993 0.468679 0.2099071 0.8580671 0.4636099 0.1835042 0.8668287 0.4348319 0.2457129 0.8663408 0.4347695 0.2458367 0.866337 0.4497682 0.2375972 0.8609623 0.4466976 0.2261957 0.8656193 0.4467038 0.2260914 0.8656434 0.4282797 0.2713923 0.8619297 0.4271424 0.2675301 0.8636996 0.4271425 0.2675508 0.8636931 0.3895073 0.312188 0.8665003 0.3894604 0.3122531 0.8664979 0.4061034 0.3022225 0.8624045 0.4101416 0.2840254 0.866668 0.4100991 0.2840951 0.8666652 0.3796875 0.3333888 0.8629538 0.3796946 0.3335563 0.862886 0.3799611 0.3334254 0.8628193 0.3516773 0.369394 0.8601575 0.3596073 0.3463771 0.8664325 0.3597179 0.3462473 0.8664386 0.3455631 0.3637438 0.8650298 0.3102273 0.3917267 0.8662038 0.3104168 0.3915876 0.866199 0.3254989 0.388122 0.8622133 0.3281972 0.3781039 0.865635 0.328101 0.3782001 0.8656294 0.2945844 0.4084411 0.8639421 0.2939981 0.4110466 0.8629055 0.2790769 0.4161273 0.8654214 0.243664 0.4360516 0.8663064 0.2697445 0.4322967 0.8604403 0.2592122 0.4305108 0.8645632 0.2646181 0.4258584 0.8652294 0.2653384 0.4253329 0.8652673 0.2022903 0.4568395 0.8662426 0.2258195 0.4513448 0.8633038 0.2256993 0.4513262 0.863345 0.2257986 0.4512298 0.8633693 0.2436803 0.4360413 0.866307 0.1855137 0.4734401 0.8610687 0.1901399 0.4686255 0.8626917 0.1819426 0.4675368 0.865047 0.1592676 0.4754473 0.8652073 0.160025 0.4746308 0.8655158 0.1600219 0.4746321 0.8655156 0.08367494 0.4942278 0.8652962 0.105989 0.4898906 0.865317 0.1144587 0.4904356 0.8639283 0.108024 0.4973734 0.8607849 0.1224738 0.4871191 0.8647053 0.06069653 0.4961723 0.8660999 0.06079786 0.496175 0.8660912 0.01561978 0.4995938 0.866119 0.01579477 0.4995903 0.8661178 0.03863658 0.5023984 0.8637726 0.03881988 0.5022445 0.8638539 0.06056082 0.496216 0.8660843 -7.596039e-05 0.5015706 0.8651168 -0.007138356 0.5076421 0.8615384 0.01592264 0.4995661 0.8661295 -0.04729269 0.5001272 0.8646595 -0.03091754 0.5071296 0.8613151 -0.03932071 0.5006684 0.8647457 -0.03057933 0.5001447 0.8654017 -0.03092128 0.5001483 0.8653876 -0.08781521 0.5006403 0.8611898 -0.07843223 0.4949429 0.8653785 -0.06374093 0.4959792 0.8659917 -0.0636372 0.4959694 0.8660049 -0.06370649 0.495965 0.8660024 -0.13254 0.482179 0.8659888 -0.1109293 0.4948373 0.8618762 -0.1174118 0.4899857 0.8637874 -0.1101233 0.4892387 0.8651695 -0.1099205 0.4892686 0.8651785 -0.1556618 0.479189 0.8637982 -0.1552814 0.4791501 0.8638882 -0.1554647 0.4790154 0.86393 -0.2001008 0.4658417 0.8619462 -0.1764861 0.467938 0.86596 -0.1765136 0.4679295 0.8659589 -0.2121122 0.4540244 0.8653728 -0.2464324 0.4352724 0.8659151 -0.2470213 0.4348558 0.8659566 -0.2270821 0.4492101 0.8640856 -0.2276034 0.449246 0.8639299 -0.2126971 0.4537938 0.8653503 -0.269281 0.4294298 0.8620197 -0.2595658 0.4288478 0.8652833 -0.2659433 0.4246355 0.865424 -0.2929502 0.4103732 0.8635821 -0.2857882 0.4119119 0.8652478 -0.2854461 0.4121139 0.8652645 -0.3248171 0.3850394 0.863851 -0.3040989 0.3969962 0.865978 -0.3043164 0.396857 0.8659654 -0.3041634 0.3969623 0.8659709 -0.3599423 0.3551653 0.8627277 -0.3516611 0.3573449 0.8652393 -0.3390589 0.3683114 0.8656707 -0.3387668 0.3684949 0.865707 -0.3387462 0.3685117 0.8657079 -0.1129646 -0.4956109 0.8611671 -0.1320806 -0.4853054 0.864311 -0.1416064 -0.482185 0.8645492 -0.142167 -0.481604 0.864781 -0.1777537 -0.4675149 0.8659292 -0.1753018 -0.4695433 0.8653314 -0.1786884 -0.4693617 0.864737 -0.2138128 -0.4521771 0.8659214 -0.2116988 -0.4546216 0.8651605 -0.214871 -0.4539236 0.864745 -0.2485988 -0.4340207 0.8659242 -0.2468887 -0.4368081 0.8650114 -0.2497733 -0.4356295 0.8647776 -0.281858 -0.4131605 0.8659413 -0.2805555 -0.4163206 0.8648502 -0.2831126 -0.414687 0.8648017 -0.3130299 -0.3900858 0.8659361 -0.3122131 -0.3934901 0.8646899 -0.346292 -0.3607337 0.8659983 -0.3394643 -0.367435 0.8658842 -0.3431123 -0.3666359 0.8647844 -0.3698514 -0.3429873 0.8634638 -0.3667755 -0.3406589 0.8656947 -0.3684823 -0.3382403 0.8659182 -0.416393 -0.277123 0.8659212 -0.395279 -0.3097973 0.8647429 -0.3922324 -0.3115085 0.8655149 -0.3935283 -0.3087417 0.865918 -0.3701566 -0.3393803 0.8647573 -0.4182093 -0.2780687 0.864742 -0.4155661 -0.2801518 0.8653437 -0.4184556 -0.281699 0.8634469 -0.4085426 -0.289311 0.8656744 -0.4386616 -0.2478564 0.8637958 -0.4364765 -0.2468973 0.8651763 -0.4367985 -0.2436764 0.8659266 -0.4695187 -0.1723835 0.8659309 -0.4564809 -0.2092982 0.8647656 -0.4547776 -0.2119526 0.8650164 -0.4545697 -0.2086754 0.865922 -0.4386995 -0.2444674 0.8647418 -0.4814823 -0.1353591 0.8659404 -0.4827832 -0.1386233 0.8646988 -0.4834378 -0.1354533 0.8648353 -0.4903602 -0.09857817 0.8659269 -0.4999047 0.01656688 0.8659219 -0.5009814 0.01358594 0.8653514 -0.498661 0.05279018 0.8651881 -0.4970647 0.05561849 0.8659291 -0.5019359 0.01679176 0.8647419 -0.4822471 0.1326428 0.8659351 -0.4931116 0.09497798 0.864766 -0.4932429 0.09185424 0.8650285 -0.4911796 0.09442124 0.8659257 -0.4990777 0.05603686 0.8647435 -0.470469 0.1697746 0.8659304 -0.4733696 0.1678845 0.8647172 -0.4723502 0.1702448 0.8648132 -0.4562382 0.2049413 0.8659363 -0.3971535 0.3040562 0.8659209 -0.399747 0.302239 0.8653635 -0.3750833 0.3327844 0.8651977 -0.3721461 0.3341801 0.8659278 -0.3986785 0.3054149 0.8647412 -0.3153482 0.3882379 0.8659255 -0.3460331 0.3639452 0.8647571 -0.3479701 0.3614217 0.8650382 -0.3448179 0.3623284 0.8659207 -0.373549 0.335691 0.8647385 -0.2840725 0.4116464 0.8659388 -0.2875744 0.4117742 0.8647214 -0.2850384 0.4133348 0.8648165 -0.2520237 0.4320424 0.8659235 -0.1464184 0.4782542 0.8659298 -0.1496042 0.4782601 0.8653819 -0.1117676 0.4888082 0.865202 -0.1085796 0.4882616 0.8659164 -0.146834 0.4802893 0.8647323 -0.03092639 0.4992188 0.8659239 -0.07011868 0.4972839 0.8647497 -0.07308983 0.4963534 0.8650382 -0.06992347 0.4952563 0.8659285 -0.1089087 0.4902665 0.8647414 0.008158585 0.5000923 0.8659337 0.005430921 0.5021681 0.864753 0.008475713 0.5019859 0.8648342 0.04617767 0.498014 0.8659386 0.1589257 0.4742502 0.8659268 0.1562803 0.4761183 0.865383 0.1931528 0.4627029 0.8652155 0.1954516 0.4604144 0.8659198 0.159652 0.4761796 0.8647336 0.2649977 0.4242058 0.8659248 0.2319741 0.4454195 0.8647482 0.2290129 0.4463657 0.8650495 0.2309645 0.4436525 0.8659261 0.1963572 0.4622454 0.8647387 0.2973421 0.4021769 0.8659338 0.2963006 0.4054704 0.8647541 0.2986903 0.4035732 0.8648195 0.3271693 0.3783215 0.8659291 0.4049695 0.2935512 0.8659258 0.403901 0.2965431 0.8654052 0.4260786 0.2642394 0.8652368 0.4266354 0.2610776 0.8659219 0.4067163 0.2946337 0.8647386 0.4622006 0.1911424 0.8659302 0.4476624 0.2275989 0.8647526 0.4457593 0.2301093 0.8650713 0.4457923 0.2268004 0.8659278 0.4284644 0.2619927 0.8647416 0.4757268 0.1543915 0.8659372 0.4767728 0.1576823 0.8647681 0.4776087 0.1548676 0.8648157 0.4861522 0.1175313 0.8659344 0.5001613 0.003500059 0.8659251 0.5010022 0.006540207 0.8654214 0.5002769 -0.03265338 0.8652496 0.4989239 -0.03553508 0.865917 0.5022179 0.003317202 0.8647348 0.4872113 -0.1131022 0.865929 0.4965579 -0.07504275 0.8647536 0.4964435 -0.07184309 0.865091 0.4945984 -0.07451908 0.8659211 0.5009405 -0.03589642 0.864737 0.4768601 -0.1508793 0.8659329 0.4795912 -0.1488073 0.8647825 0.4786347 -0.1516692 0.8648152 0.4638444 -0.1870899 0.8659363 0.4089979 -0.2879177 0.8659239 0.4114352 -0.2859141 0.865433 0.388099 -0.3173331 0.8652623 0.3852873 -0.3189376 0.8659286 0.4105834 -0.2892022 0.8647447 0.3307441 -0.3752317 0.8659155 0.360455 -0.3497106 0.8647397 0.362226 -0.3469906 0.8650952 0.3591318 -0.3481327 0.865926 0.3867787 -0.3203562 0.8647394 0.3003142 -0.3999644 0.8659329 0.3037497 -0.3998441 0.8647894 0.3013054 -0.4016527 0.8648064 0.2686083 -0.4219171 0.8659304 0.1654116 -0.4720374 0.8659212 0.1685841 -0.4717983 0.8654397 0.08988304 -0.4920186 0.8659323 0.1285415 -0.4854836 0.8647444 0.1313205 -0.4837976 0.8652714 0.128137 -0.4834953 0.8659176 0.1659757 -0.4740092 0.8647354 0.0510276 -0.4975673 0.8659232 0.05407415 -0.4989324 0.8649523 0.05104799 -0.4995701 0.864768 0.0118916 -0.5000224 0.8659309 -0.02679839 -0.4994387 0.8659347 -0.02414706 -0.5017307 0.8646867 -0.06472411 -0.4959515 0.8659347 -0.139784 -0.4802383 0.8659282 -0.137041 -0.4818732 0.8654582 -0.2128451 -0.4526221 0.8659274 -0.177633 -0.4697543 0.8647413 -0.1743396 -0.4699802 0.8652886 -0.1767146 -0.4679475 0.8659083 -0.1405132 -0.4821827 0.8647287 -0.2476833 -0.4345411 0.8659255 -0.2459749 -0.4374188 0.8649631 -0.248812 -0.4362038 0.8647652 -0.2809737 -0.413783 0.8659315 -0.3121976 -0.3907559 0.8659344 -0.3113694 -0.3941745 0.8646823 -0.3409598 -0.365943 0.8659286 -0.3928897 -0.3095486 0.8659199 -0.3916194 -0.312389 0.8654752 -0.4362885 -0.2446153 0.865919 -0.41762 -0.2789789 0.8647336 -0.4150188 -0.2810923 0.8653014 -0.4158003 -0.278028 0.865916 -0.3946232 -0.3106474 0.8647374 -0.4541177 -0.2096226 0.8659303 -0.4543789 -0.212962 0.8649781 -0.4559993 -0.2103412 0.8647665 -0.4691392 -0.1733949 0.8659345 -0.4812035 -0.1363996 0.865932 -0.4825108 -0.139647 0.8646861 -0.4900575 -0.1001091 0.8659225 -0.4996347 -0.02351452 0.865917 -0.5002203 -0.026525 0.8654919 -0.5010669 0.01250229 0.8653182 -0.4999425 0.01545887 0.8659207 -0.5016679 -0.02337774 0.8647444 -0.4988396 0.0517187 0.8651499 -0.497194 0.0545289 0.8659242 -0.501976 0.01572887 0.8647385 -0.4825501 0.1315915 0.8659267 -0.4933259 0.09393383 0.8647578 -0.4935104 0.09079424 0.8649879 -0.4913791 0.09336708 0.8659267 -0.4992007 0.05493288 0.8647434 -0.4708162 0.1687855 0.8659351 -0.4737749 0.1668991 0.8646861 -0.4568769 0.2035652 0.8659242 -0.3978166 0.3031951 0.8659184 -0.4004457 0.3014184 0.8653266 -0.3758426 0.3320228 0.8651608 -0.3728673 0.3333786 0.8659264 -0.3993393 0.3045546 0.8647397 -0.3161756 0.3875665 0.8659244 -0.3468423 0.3631803 0.8647545 -0.3488019 0.3607132 0.8649989 -0.3456066 0.3615812 0.8659186 -0.3742713 0.3348895 0.864737 -0.2849675 0.4110333 0.865936 -0.2884507 0.4112025 0.8647016 -0.2850779 0.4131964 0.8648695 -0.2529246 0.4314954 0.8659336 -0.1475021 0.4779627 0.8659069 -0.1506048 0.4780211 0.8653404 -0.1128536 0.4886003 0.8651785 -0.1096178 0.4879917 0.8659377 -0.1479312 0.4799204 0.8647501 -0.03202161 0.4991413 0.8659288 -0.07115987 0.4971249 0.864756 -0.07418102 0.4962335 0.8650143 -0.07102953 0.4950883 0.8659343 -0.1099588 0.4900202 0.864748 0.007091206 0.500101 0.8659381 0.004336584 0.5022507 0.8647112 0.008238514 0.5019481 0.8648585 0.0451286 0.4981332 0.8659254 0.1578272 0.4746177 0.8659264 0.1552423 0.4765096 0.8653545 0.1921846 0.4631621 0.8651855 0.1944027 0.4608813 0.8659075 0.1586771 0.4765224 0.8647242 0.2640653 0.4247671 0.8659344 0.2310153 0.4458969 0.8647589 0.2280687 0.4468922 0.8650272 0.2299634 0.4441729 0.8659258 0.1953826 0.4626546 0.8647407 0.2964762 0.4027948 0.8659436 0.2954616 0.4061462 0.864724 0.2976039 0.4043842 0.8648152 0.3263702 0.3789906 0.8659381 0.4043352 0.29442 0.8659272 0.4033072 0.2974611 0.8653671 0.4255694 0.2651922 0.8651959 0.4260822 0.2619749 0.8659232 0.4060633 0.2955335 0.8647384 0.4617861 0.1921454 0.8659294 0.4471688 0.2285675 0.8647525 0.4453205 0.2310906 0.8650358 0.4453034 0.2278049 0.8659155 0.4279331 0.2628962 0.8647305 0.4754052 0.1554441 0.8659256 0.4764912 0.1587194 0.8647336 0.4773001 0.1558111 0.8648164 0.4859119 0.1185295 0.8659332 0.500159 0.004588102 0.8659214 0.5010467 0.007595552 0.8653868 0.5004063 -0.03156227 0.8652152 0.4989822 -0.03447114 0.8659264 0.5021955 0.004413585 0.8647429 0.4874588 -0.1120518 0.8659263 0.4967322 -0.07393584 0.8647488 0.4966707 -0.07076847 0.8650491 0.4947626 -0.0734477 0.8659189 0.5010204 -0.03481794 0.8647347 0.4771792 -0.1498636 0.8659335 0.4799721 -0.1477994 0.8647439 0.4790607 -0.1503777 0.8648048 0.4642256 -0.1861277 0.8659394 0.4096505 -0.2870059 0.8659181 0.4120953 -0.2850653 0.8653989 0.3888344 -0.3165352 0.8652244 0.3859873 -0.3180986 0.8659256 0.4112 -0.2883304 0.8647428 0.3315433 -0.374503 0.8659253 0.3612099 -0.34891 0.864748 0.3630023 -0.3462531 0.8650653 0.3599135 -0.3473397 0.8659199 0.3874693 -0.3195348 0.8647341 0.3011986 -0.399303 0.8659309 0.304628 -0.3992265 0.8647659 0.3020701 -0.4010511 0.8648188 0.269481 -0.421342 0.8659394 0.1664644 -0.4716599 0.8659253 0.1695961 -0.471478 0.8654165 0.1323962 -0.4835502 0.8652458 0.1291851 -0.4831918 0.8659312 0.1669855 -0.4736284 0.8647496 0.05210697 -0.4974495 0.8659266 0.09114204 -0.4938676 0.8647473 0.09415146 -0.4927199 0.8650795 0.09095006 -0.4918152 0.8659363 0.1295817 -0.4851995 0.8647485 0.0129727 -0.4999917 0.8659331 0.0158474 -0.5019239 0.8647666 0.01296421 -0.5019482 0.8648006 -0.02579364 -0.4994845 0.8659387 -0.1386349 -0.4806026 0.8659108 -0.1360525 -0.4822029 0.8654305 -0.1733329 -0.4704345 0.865244 -0.1757189 -0.468323 0.865908 -0.1395308 -0.4824639 0.864731 -0.2467137 -0.4350918 0.8659258 -0.2129058 -0.4548457 0.8647465 -0.209792 -0.4556364 0.8650912 -0.211835 -0.4531192 0.8659151 -0.1766192 -0.4701591 0.8647289 -0.2800632 -0.414395 0.8659338 -0.2788279 -0.4176288 0.864778 -0.2812658 -0.4159501 0.8647977 -0.3113826 -0.3914002 0.865937 -0.3922304 -0.3103919 0.865917 -0.3910055 -0.313263 0.8654369 -0.4144614 -0.2820272 0.8652644 -0.4152046 -0.2788968 0.8659225 -0.3939268 -0.3115148 0.8647429 -0.4536674 -0.2106184 0.8659248 -0.4376132 -0.2464025 0.8647431 -0.435529 -0.2488321 0.8650994 -0.4357522 -0.2455625 0.865921 -0.4169986 -0.2799018 0.8647352 -0.4687672 -0.1744099 0.8659321 -0.4696198 -0.1777598 0.8647882 -0.4706701 -0.1749374 0.8647928 -0.4809112 -0.1374134 0.8659342 -0.4995761 -0.02452681 0.8659227 -0.5002279 -0.02759284 0.865454 -0.4973193 0.05345378 0.8659193 -0.5020183 0.01463041 0.8647332 -0.5011629 0.01141148 0.8652777 -0.499974 0.01438696 0.8659209 -0.5016185 -0.02445635 0.8647432 -0.4915932 0.09229252 0.8659204 -0.4937663 0.08974522 0.8649512 -0.4935331 0.09283067 0.8647587 -0.4828311 0.1305446 0.8659286 -0.4711713 0.1677803 0.8659373 -0.4741308 0.1658847 0.8646863 -0.4572293 0.2027609 0.8659269 -0.4207688 0.2704157 0.8659267 -0.4230319 0.2683133 0.8654779 -0.3735958 0.3325654 0.8659251 -0.4000023 0.3036866 0.8647384 -0.4011478 0.3005876 0.8652905 -0.398486 0.3023222 0.8659158 -0.4223485 0.2717382 0.8647428 -0.3463798 0.3608245 0.8659253 -0.3496026 0.3599995 0.8649731 -0.3476366 0.3623913 0.8647666 -0.3170043 0.3868563 0.865939 -0.2858456 0.4104378 0.8659291 -0.2893522 0.4106165 0.8646788 -0.2539854 0.4308918 0.8659235 -0.1850784 0.4646565 0.8659332 -0.1882435 0.4642234 0.8654831 -0.1516987 0.4777454 0.8653016 -0.1484754 0.4776306 0.8659239 -0.1857494 0.4665922 0.8647479 -0.1139198 0.4884325 0.8651335 -0.11071 0.487776 0.8659202 -0.1489593 0.4796313 0.864734 -0.033077 0.4990788 0.8659251 -0.07222036 0.4969781 0.8647526 -0.07524652 0.4961398 0.8649758 -0.07215916 0.4949663 0.8659107 -0.1109504 0.4898311 0.8647286 0.005990808 0.500132 0.8659284 0.003262815 0.5023007 0.8646869 0.04605769 0.4979874 0.8659603 0.1568236 0.4749372 0.8659337 0.1542419 0.4768944 0.8653214 0.1911923 0.4636472 0.8651456 0.1934521 0.461248 0.8659252 0.1575843 0.4768578 0.8647391 0.2631699 0.4253355 0.865928 0.2300687 0.4463985 0.8647525 0.2271292 0.4474462 0.8649879 0.2289987 0.4446764 0.8659229 0.1943596 0.4630932 0.8647364 0.29562 0.4034507 0.8659309 0.2946465 0.4068119 0.8646892 0.2973782 0.4044833 0.8648465 0.3255956 0.3796688 0.8659325 0.4036519 0.2953598 0.865926 0.4026919 0.2983663 0.865342 0.4250456 0.2661441 0.8651609 0.4255086 0.2629064 0.865923 0.4054399 0.2963841 0.8647398 0.4613638 0.1931701 0.8659265 0.4466951 0.2294935 0.8647521 0.4448751 0.2320663 0.8650037 0.4448088 0.2287664 0.8659164 0.4273594 0.2638251 0.8647314 0.475057 0.1564657 0.8659326 0.4762038 0.1597882 0.8646951 0.4769193 0.1570318 0.8648058 0.4856632 0.1195484 0.8659327 0.5001391 0.005654325 0.8659266 0.5010912 0.008689947 0.8653508 0.5005386 -0.03049343 0.865177 0.4990648 -0.03338467 0.8659213 0.5021927 0.005494496 0.8647382 0.4877135 -0.1109897 0.8659196 0.4969 -0.07286995 0.864743 0.4968907 -0.06970768 0.865009 0.4949163 -0.0723938 0.8659198 0.5010957 -0.03372212 0.8647346 0.4774965 -0.1488302 0.8659369 0.4803522 -0.1467734 0.8647077 0.4793291 -0.1495145 0.8648058 0.4646336 -0.1851358 0.8659332 0.4102467 -0.286147 0.8659201 0.4127652 -0.2842171 0.8653587 0.389565 -0.3157325 0.8651891 0.3866743 -0.3172593 0.865927 0.4118379 -0.2874175 0.8647432 0.3323502 -0.3737763 0.8659299 0.3619782 -0.3481066 0.8647506 0.3637871 -0.3455183 0.8650295 0.360662 -0.3465648 0.865919 0.3881597 -0.3186971 0.8647336 0.3020404 -0.3986578 0.8659351 0.3055786 -0.3986227 0.864709 0.3031487 -0.4002936 0.8647924 0.2703764 -0.4207992 0.8659242 0.1675301 -0.4712933 0.8659194 0.1706466 -0.4711656 0.8653801 0.133452 -0.4833343 0.8652043 0.130245 -0.4829235 0.8659222 0.1679968 -0.4732854 0.8647416 0.05320337 -0.4973516 0.8659161 0.09217656 -0.4936908 0.8647386 0.09521614 -0.4925884 0.8650379 0.09203767 -0.4916379 0.8659222 0.1305973 -0.4849483 0.8647366 0.01405013 -0.4999622 0.8659332 0.0169199 -0.5019439 0.8647346 0.0139867 -0.5019175 0.8648024 -0.02470692 -0.4995403 0.8659382 -0.1376793 -0.4808595 0.8659207 -0.135037 -0.4825603 0.8653904 -0.1723477 -0.4708489 0.8652154 -0.1747059 -0.4686923 0.865913 -0.1384523 -0.4827679 0.8647347 -0.2457949 -0.4356074 0.8659279 -0.2119061 -0.4553104 0.8647475 -0.2088237 -0.4561471 0.8650565 -0.2108558 -0.4535635 0.8659215 -0.1756069 -0.4705253 0.8647358 -0.2791682 -0.4150089 0.8659288 -0.2779696 -0.4182698 0.8647447 -0.2802583 -0.4166345 0.8647953 -0.3105535 -0.3920475 0.8659419 -0.3915648 -0.3112049 0.8659265 -0.39037 -0.3141441 0.8654043 -0.4139041 -0.282953 0.8652289 -0.4145933 -0.2798224 0.8659167 -0.3932762 -0.3123488 0.8647381 -0.4532024 -0.2116081 0.865927 -0.4370728 -0.2473566 0.8647439 -0.4350487 -0.2497954 0.8650635 -0.4352226 -0.2465006 0.8659207 -0.4163953 -0.2808004 0.8647346 -0.4683902 -0.1754397 0.8659281 -0.4692856 -0.1787788 0.8647596 -0.4702841 -0.1759464 0.8647981 -0.4806075 -0.1384357 0.8659399 -0.4995232 -0.02563017 0.8659213 -0.5002244 -0.02866982 0.8654211 -0.5012421 0.01034372 0.8652453 -0.5000038 0.01330074 0.8659211 -0.5015624 -0.02553395 0.8647446 -0.4917842 0.09121241 0.8659265 -0.4994343 0.05276108 0.8647437 -0.4991816 0.04959644 0.8650768 -0.497438 0.05237191 0.8659173 -0.5020484 0.0135749 0.864733 -0.4831105 0.1294903 0.8659309 -0.4857716 0.1272734 0.8647701 -0.4849492 0.1302142 0.8647939 -0.4715274 0.1667729 0.865938 -0.4213241 0.2695521 0.8659259 -0.4236566 0.267459 0.8654367 -0.4018437 0.2997479 0.8652588 -0.3991059 0.301468 0.8659281 -0.4229459 0.270779 0.8647516 -0.3471592 0.3600815 0.8659225 -0.3757206 0.3332556 0.8647397 -0.377359 0.3304816 0.8650908 -0.3743382 0.3317453 0.8659192 -0.4006416 0.3028547 0.8647342 -0.3178391 0.3861916 0.8659297 -0.3212901 0.3859137 0.8647793 -0.3191062 0.3877033 0.8647875 -0.2866907 0.4098134 0.8659453 -0.1861629 0.4642374 0.8659255 -0.189219 0.4638729 0.8654583 -0.1117546 0.4875301 0.8659245 -0.1499773 0.4793051 0.8647389 -0.1527405 0.4774634 0.865274 -0.1495095 0.4772945 0.8659313 -0.1867094 0.466191 0.8647574 -0.07320029 0.4947826 0.8659284 -0.07632335 0.4960216 0.8649493 -0.07327801 0.4968101 0.8647601 -0.03418687 0.4989924 0.8659318 0.004930459 0.5001224 0.8659407 0.00218762 0.5022939 0.8646942 0.04342087 0.4982428 0.8659496 0.118476 0.4859391 0.8659254 0.1156898 0.4874392 0.8654588 0.1924184 0.4616904 0.8659198 0.1566084 0.4771831 0.8647369 0.1532922 0.4772692 0.8652835 0.1558144 0.4752897 0.8659224 0.1190667 0.4878862 0.8647486 0.2280008 0.4452037 0.8659153 0.2261829 0.4479834 0.8649579 0.2291913 0.4468536 0.8647503 0.26223 0.4259294 0.8659212 0.2947258 0.4040838 0.8659405 0.2937498 0.4074741 0.8646826 0.3247958 0.3803378 0.8659393 0.3788741 0.3265426 0.8659239 0.3774877 0.3293107 0.8654811 0.4249369 0.2638418 0.8659192 0.4047982 0.2972712 0.8647359 0.402116 0.2992671 0.8652987 0.403042 0.2961901 0.8659264 0.3805159 0.3277242 0.8647569 0.4443048 0.2297202 0.8659225 0.4444212 0.2330679 0.8649677 0.4461685 0.230508 0.8647541 0.4609403 0.1941535 0.865932 0.4747067 0.1574754 0.8659416 0.475897 0.1608333 0.8646703 0.4854724 0.1202924 0.8659366 0.4981113 0.04550575 0.8659181 0.4985591 0.04850614 0.8654975 0.5011351 0.009756627 0.8653141 0.5001276 0.006724769 0.8659256 0.5001298 0.04544406 0.8647572 0.5006627 -0.02942337 0.8651422 0.4991377 -0.03230115 0.8659204 0.5021803 0.006572595 0.8647379 0.4879494 -0.1099156 0.8659238 0.4970527 -0.07178127 0.8647463 0.4970959 -0.06864373 0.8649762 0.4950657 -0.07132193 0.8659233 0.5011634 -0.03262743 0.8647374 0.4778281 -0.1477825 0.8659334 0.4763077 -0.1488473 0.8665884 0.4807305 -0.145764 0.8646681 0.4650105 -0.1841774 0.8659353 0.410874 -0.2852458 0.8659201 0.4134282 -0.2833558 0.8653246 0.3902688 -0.3149522 0.8651563 0.3874132 -0.3164027 0.8659101 0.4124391 -0.2865915 0.8647308 0.3331507 -0.3730624 0.8659302 0.3627342 -0.3473188 0.8647506 0.3645828 -0.3447653 0.864995 0.3614047 -0.3457773 0.8659242 0.3888346 -0.3178584 0.8647391 0.3029083 -0.398011 0.8659294 0.3064411 -0.3980189 0.8646819 0.3044326 -0.3993494 0.8647779 0.2712383 -0.4202216 0.8659351 0.1684869 -0.4709242 0.8659345 0.1716743 -0.4708475 0.8653499 0.134505 -0.483098 0.8651733 0.1313235 -0.4826384 0.8659182 0.1689829 -0.4729371 0.86474 0.05425442 -0.4972203 0.8659264 0.09323552 -0.4934743 0.8647486 0.09630387 -0.4924187 0.865014 0.09314175 -0.4914213 0.8659271 0.1316475 -0.4846551 0.8647417 0.0151452 -0.4999411 0.8659269 0.01799219 -0.5019591 0.8647042 0.01510833 -0.5018829 0.8648036 -0.02368688 -0.4995819 0.8659427 -0.136654 -0.4811409 0.8659268 -0.1340263 -0.4828961 0.8653602 -0.1713488 -0.4712636 0.8651879 -0.17368 -0.4690615 0.8659195 -0.1374112 -0.4830527 0.8647418 -0.2448492 -0.4361521 0.8659216 -0.2109253 -0.4557782 0.8647408 -0.2078485 -0.4566682 0.8650163 -0.2098964 -0.4539821 0.8659351 -0.1745527 -0.470895 0.8647481 -0.278261 -0.415628 0.8659239 -0.2770986 -0.4189156 0.8647115 -0.2793911 -0.4172165 0.8647953 -0.309724 -0.3927052 0.8659409 -0.3908948 -0.3120547 0.8659233 -0.3897564 -0.3149984 0.8653705 -0.4133353 -0.2838621 0.865203 -0.4139739 -0.2807199 0.8659226 -0.3925914 -0.3131901 0.864745 -0.4527517 -0.2125887 0.8659226 -0.4365494 -0.2482933 0.8647398 -0.434547 -0.2507885 0.8650284 -0.4346721 -0.2474627 0.8659228 -0.415804 -0.2816612 0.8647392 -0.4680132 -0.1764512 0.8659264 -0.4689634 -0.1798257 0.8647172 -0.4699549 -0.1768484 0.8647931 -0.480324 -0.1394804 0.8659296 -0.4994588 -0.0266776 0.8659268 -0.5002207 -0.02974015 0.8653871 -0.5013287 0.00926819 0.8652073 -0.5000219 0.01225133 0.8659261 -0.501498 -0.02662397 0.8647491 -0.49198 0.09015827 0.8659256 -0.4995524 0.05167 0.8647413 -0.4993523 0.04851191 0.8650398 -0.4975415 0.05129908 0.865922 -0.5020716 0.01245413 0.8647364 -0.4833916 0.1284477 0.8659294 -0.4861131 0.1262381 0.8647299 -0.4852483 0.1291348 0.864788 -0.4718899 0.1657659 0.865934 -0.4219063 0.2686279 0.8659297 -0.4242925 0.2665593 0.8654028 -0.402519 0.2989492 0.8652213 -0.3997571 0.300622 0.8659219 -0.4235331 0.2698769 0.8647463 -0.3479588 0.3593137 0.8659205 -0.3764215 0.3324645 0.8647394 -0.3781161 0.3296999 0.8650585 -0.375045 0.3309296 0.8659254 -0.4012969 0.3019691 0.8647401 -0.3186946 0.3854865 0.8659296 -0.3221879 0.3852498 0.8647413 -0.3199303 0.387035 0.8647823 -0.2875863 0.4091976 0.8659396 -0.1871289 0.4638609 0.8659191 -0.1902363 0.4635443 0.8654113 -0.1537545 0.4772023 0.8652384 -0.1505564 0.4769824 0.8659218 -0.187724 0.4658004 0.8647484 -0.07430773 0.4946296 0.8659214 -0.1130692 0.489328 0.8647389 -0.1160596 0.488036 0.8650728 -0.1128829 0.4872828 0.8659174 -0.1509631 0.4790017 0.8647355 -0.03528514 0.4989374 0.8659194 -0.0382463 0.5007395 0.8647528 -0.03495016 0.5009283 0.8647828 0.003836701 0.5001628 0.8659228 0.1173774 0.4862095 0.8659231 0.1146434 0.4877428 0.8654269 0.1522905 0.4776462 0.8652524 0.154749 0.4756504 0.8659154 0.1180418 0.4881444 0.8647434 0.2270641 0.4456472 0.8659334 0.1923153 0.4639294 0.8647452 0.1892285 0.4645722 0.8650811 0.1914175 0.4620979 0.8659244 0.1555793 0.4775109 0.8647417 0.2612867 0.4264919 0.8659295 0.2598998 0.4296843 0.8647679 0.26263 0.4279933 0.8647816 0.2938781 0.404723 0.8659301 0.3782052 0.3273168 0.8659241 0.3768355 0.3301739 0.8654364 0.4243543 0.2647794 0.8659188 0.4041799 0.2981071 0.8647374 0.4015326 0.3001399 0.8652673 0.4023884 0.2971153 0.8659135 0.3798322 0.3285503 0.8647439 0.4438046 0.2306884 0.8659217 0.4439703 0.234057 0.8649321 0.4456627 0.2314852 0.864754 0.4605203 0.1951459 0.8659325 0.4743684 0.1585031 0.8659396 0.475552 0.1618633 0.864668 0.4851055 0.1218181 0.8659291 0.4980109 0.04649878 0.8659233 0.4985237 0.04957043 0.8654577 0.4992091 -0.03122384 0.8659188 0.5021676 0.007659799 0.8647364 0.5011784 0.01083303 0.8652762 0.5001116 0.007792199 0.8659259 0.5000288 0.04653414 0.8647577 0.4952137 -0.07023362 0.8659276 0.4972988 -0.06756448 0.8649445 0.4972019 -0.07072396 0.8647476 0.4881829 -0.1088658 0.8659248 0.4781498 -0.1467476 0.8659317 0.481044 -0.1447197 0.8646693 0.4651387 -0.1838025 0.8659461 0.4322637 -0.2516541 0.8659205 0.4344184 -0.2494669 0.865475 0.388047 -0.3155812 0.8659261 0.4130608 -0.2856565 0.8647435 0.4140738 -0.282511 0.8652921 0.4114738 -0.2843684 0.8659238 0.4338945 -0.252843 0.8647578 0.3621523 -0.3449812 0.8659294 0.3653639 -0.34401 0.8649661 0.3634891 -0.3465101 0.864758 0.3339431 -0.3723328 0.865939 0.3037679 -0.3973352 0.8659387 0.3073297 -0.3973698 0.8646651 0.2706222 -0.4205682 0.8659596 0.2054286 -0.4560539 0.8659179 0.2083914 -0.4555133 0.8654944 0.1323463 -0.4823707 0.8659117 0.1700189 -0.4725791 0.8647326 0.1727183 -0.4705468 0.8653058 0.169513 -0.47057 0.8659268 0.2060127 -0.4579754 0.8647643 0.09414623 -0.4912339 0.8659248 0.09735616 -0.4922987 0.8649646 0.09444734 -0.4932452 0.8647478 0.05535199 -0.4970888 0.8659324 0.01620492 -0.4998985 0.8659324 0.01662127 -0.5002016 0.8657494 0.01910025 -0.5020111 0.8646503 -0.02259965 -0.4996572 0.8659284 -0.1355942 -0.4814562 0.865918 -0.1329977 -0.4832544 0.8653189 -0.1703736 -0.4716902 0.8651481 -0.1726753 -0.4694455 0.8659123 -0.1363702 -0.4833606 0.8647345 -0.2439004 -0.4366671 0.8659298 -0.209897 -0.4562409 0.864747 -0.2069008 -0.4571621 0.8649826 -0.2089173 -0.4544342 0.8659348 -0.1735241 -0.4712771 0.8647469 -0.2773601 -0.4162197 0.8659288 -0.2762161 -0.4195847 0.8646695 -0.2796166 -0.4169693 0.8648418 -0.30889 -0.3933993 0.8659237 -0.390231 -0.312877 0.8659259 -0.3891245 -0.3158883 0.8653304 -0.4127956 -0.2847941 0.8651544 -0.4133899 -0.2816087 0.865913 -0.3919361 -0.3140366 0.8647353 -0.4522813 -0.2135898 0.8659221 -0.4360188 -0.2492226 0.8647402 -0.434065 -0.2517419 0.8649933 -0.434141 -0.2483948 0.8659225 -0.4151652 -0.2826135 0.8647355 -0.4676341 -0.1774731 0.8659225 -0.4686249 -0.1808331 0.8646908 -0.46954 -0.1779162 0.8647994 -0.4800133 -0.1404854 0.8659394 -0.4994131 -0.02778437 0.8659183 -0.5002207 -0.03081199 0.8653495 -0.5014021 0.008203242 0.8651755 -0.500064 0.01112913 0.865917 -0.5014545 -0.02767291 0.8647414 -0.4921823 0.08908579 0.8659217 -0.4996652 0.05062114 0.8647382 -0.4995165 0.0474347 0.8650048 -0.497641 0.05022864 0.8659275 -0.5020885 0.01137021 0.8647416 -0.4836632 0.1273955 0.8659332 -0.4864455 0.1251931 0.864695 -0.4854612 0.128291 0.8647941 -0.4722527 0.1647456 0.8659309 -0.4225091 0.2677129 0.8659191 -0.424896 0.2657136 0.8653668 -0.424096 0.2689905 0.8647466 -0.4004258 0.2997359 0.8659201 -0.4032238 0.2981023 0.8651853 -0.4019479 0.3011192 0.8647341 -0.375784 0.3301092 0.8659182 -0.3788702 0.3289271 0.8650227 -0.3771484 0.3316348 0.8647411 -0.3487207 0.3585662 0.8659239 -0.3520731 0.3578576 0.8648598 -0.3499946 0.3601378 0.8647569 -0.3235072 0.3852898 0.8642309 -0.3230449 0.3846134 0.8647048 -0.3195113 0.3848085 0.8659301 -0.2592101 0.4281045 0.8657578 -0.2562525 0.4295157 0.8659394 -0.2919999 0.4087254 0.8646846 -0.2884911 0.4085682 0.8659359 -0.3207905 0.386333 0.8647776 -0.1881177 0.4634635 0.8659176 -0.223939 0.4494793 0.8647656 -0.2261617 0.4468278 0.865561 -0.2231853 0.447623 0.8659226 -0.2573716 0.4311325 0.8648033 -0.188739 0.4653907 0.8647479 -0.1912523 0.463198 0.8653729 -0.1918139 0.4650758 0.8642407 -0.1983457 0.4603875 0.8652759 -0.1515782 0.4766578 0.8659222 -0.1548031 0.4769323 0.8652003 -0.1520335 0.4786577 0.8647385 -0.1138999 0.4870367 0.8659227 -0.1171237 0.4878531 0.8650326 -0.1141609 0.4890757 0.8647382 -0.07533757 0.4944715 0.8659227 -0.07848202 0.4958228 0.8648701 -0.07553463 0.4964794 0.8647559 -0.03634555 0.4988375 0.8659331 -0.03932006 0.5006995 0.8647277 -0.03644703 0.500814 0.8647872 0.002786322 0.5001274 0.8659473 -3.084358e-06 0.5023174 0.8646833 0.04128953 0.4984377 0.8659417 0.0380358 0.498983 0.8657766 0.04131474 0.5004107 0.8648018 0.07696135 0.4994169 0.8629366 0.07582218 0.4949881 0.8655853 0.07858671 0.4939761 0.8659167 0.1536915 0.4759749 0.8659254 0.1169787 0.4883817 0.8647539 0.1136372 0.4880349 0.865395 0.1164133 0.486415 0.8659378 0.07912634 0.495863 0.8647883 0.1545417 0.4778461 0.8647427 0.151239 0.4780329 0.8652233 0.1530571 0.4822399 0.8625649 0.1378666 0.4807065 0.8659758 0.1904276 0.4625044 0.8659256 0.1882482 0.4650451 0.8650408 0.1913725 0.4643407 0.8647336 0.2260681 0.4461811 0.8659189 0.2242832 0.4490871 0.8648802 0.2271626 0.4478924 0.8647483 0.2604133 0.4270345 0.8659251 0.259048 0.4302908 0.864722 0.2615174 0.4287011 0.8647682 0.2930025 0.4053621 0.8659279 0.2920076 0.4087676 0.8646621 0.3229413 0.381963 0.8659175 0.3210852 0.3837885 0.8658006 0.324622 0.3830573 0.8648049 0.3513876 0.3602438 0.8641476 0.3494651 0.3586285 0.865598 0.351148 0.3562102 0.8659154 0.4017557 0.2979743 0.865912 0.3791369 0.3293538 0.8647435 0.3761542 0.3310247 0.8654079 0.3774729 0.3281489 0.8659287 0.3526963 0.3574291 0.864783 0.4035139 0.2989903 0.8647435 0.4009463 0.301025 0.8652318 0.4061744 0.3041765 0.8616838 0.4081041 0.3033942 0.8610476 0.4237908 0.2656587 0.8659254 0.423473 0.2689846 0.8650537 0.4256243 0.266609 0.8647333 0.4432988 0.2316676 0.8659194 0.4435134 0.2350524 0.8648967 0.4451738 0.2324328 0.8647516 0.4600955 0.1961576 0.8659298 0.4608525 0.199586 0.864743 0.462006 0.1967554 0.8647762 0.4740308 0.1595412 0.8659338 0.475202 0.1628873 0.864668 0.4849122 0.1225512 0.8659338 0.4843702 0.1254889 0.8658165 0.4867986 0.122895 0.864826 0.5007153 0.08922959 0.8610008 0.4928051 0.088609 0.8656163 0.492793 0.08550298 0.8659355 0.5001079 0.008892054 0.8659174 0.4999445 0.04757103 0.8647499 0.498471 0.05065173 0.8654253 0.4979051 0.04758676 0.865925 0.4947723 0.08574031 0.8647826 0.5021373 0.00875368 0.8647436 0.5012134 0.01188443 0.8652421 0.5095733 0.01123245 0.860354 0.5015283 0.01900575 0.8649325 0.499262 -0.03014932 0.8659264 0.5009083 -0.02726376 0.8650709 0.5013016 -0.03045291 0.8647366 0.495373 -0.0691752 0.8659216 0.4975179 -0.06650864 0.8649003 0.4973707 -0.06959651 0.864742 0.4884254 -0.1077946 0.865922 0.490991 -0.1054563 0.8647583 0.4903101 -0.1084309 0.8647766 0.4784561 -0.1457156 0.8659369 0.4813659 -0.143668 0.8646654 0.4657764 -0.1822291 0.8659359 0.4670086 -0.1795339 0.8658351 0.4675023 -0.1830891 0.8648237 0.4581998 -0.2179094 0.8617241 0.4524329 -0.214437 0.8656334 0.450682 -0.2169122 0.86593 0.4120992 -0.2834748 0.8659194 0.4344298 -0.2519324 0.8647548 0.4349985 -0.2485773 0.8654396 0.4327534 -0.250779 0.8659298 0.4523871 -0.2179103 0.8647895 0.4136716 -0.2847907 0.864737 0.4147331 -0.2816581 0.8652544 0.4335792 -0.2974894 0.8505934 0.4359724 -0.3009913 0.8481346 0.3887606 -0.3147257 0.8659174 0.3917215 -0.3133365 0.8650864 0.3901954 -0.3161935 0.8647365 0.3628983 -0.3442176 0.8659209 0.3661839 -0.3432753 0.8649112 0.3643 -0.3457009 0.8647406 0.3347774 -0.3716185 0.8659236 0.3382452 -0.3711837 0.8647618 0.3359981 -0.3732101 0.8647656 0.3140553 -0.3897381 0.8657213 0.3058826 -0.3986405 0.8645933 0.3142148 -0.3974214 0.8621632 0.2924255 -0.4055969 0.866013 -0.4673729 -0.1786204 0.8658276 -0.4690762 -0.175376 0.8655697 -0.4702687 -0.1756922 0.8648582 -0.4713829 -0.1729876 0.8647968 -0.4821139 -0.1420595 0.8645145 -0.4815956 -0.1384039 0.8653958 -0.4798442 -0.1416967 0.8658358 -0.46964 -0.1792263 0.8644745 -0.4891869 -0.1050632 0.8658279 -0.4910288 -0.1016491 0.8651927 -0.4919516 -0.1017468 0.8646567 -0.4964523 -0.06081697 0.865931 -0.4957851 -0.06755722 0.8658136 -0.4976975 -0.06397967 0.8649877 -0.4964448 -0.06394491 0.86571 -0.4984686 -0.06095152 0.8647624 -0.4995182 -0.02917405 0.865812 -0.5014725 -0.0254014 0.8648006 -0.5002183 -0.02546466 0.8655248 -0.5017194 -0.02231396 0.8647426 -0.5019463 -0.02900028 0.8644125 -0.5002704 0.009751375 0.8658143 -0.5022417 0.01374889 0.864618 -0.5026983 0.01023249 0.8644013 -0.4974956 0.05254596 0.8658736 -0.4948948 0.08854634 0.8644297 -0.4920457 0.09150446 0.8657471 -0.4925738 0.08792904 0.8658172 -0.500365 0.04940422 0.8644039 -0.4841389 0.1263064 0.8658268 -0.4836158 0.1299262 0.8655836 -0.4847733 0.1303637 0.86487 -0.4840986 0.1333695 0.8647897 -0.474859 0.1646897 0.864515 -0.4722705 0.16737 0.8654178 -0.4727738 0.1637562 0.8658341 -0.4863535 0.1271152 0.8644663 -0.4590752 0.1989647 0.8658308 -0.4585662 0.2027928 0.8652122 -0.459408 0.2032691 0.8646537 -0.4393255 0.2391023 0.8659233 -0.4426442 0.2332691 0.8658243 -0.4420984 0.2372858 0.8650112 -0.4410752 0.2365969 0.8657219 -0.4410019 0.2402167 0.864762 -0.4233978 0.2666332 0.8658181 -0.4227743 0.2708373 0.8648173 -0.4217997 0.2700641 0.8655348 -0.4212114 0.2734952 0.8647436 -0.4252935 0.2681731 0.8644123 -0.4014119 0.298723 0.8658135 -0.4006756 0.3031022 0.8646318 -0.4028385 0.3008076 0.8644281 -0.3742808 0.3319124 0.86588 -0.3512601 0.3596902 0.8644301 -0.3471865 0.3604249 0.8657687 -0.3496072 0.3579455 0.8658233 -0.3784564 0.3310212 0.8644049 -0.3205949 0.3841343 0.8658289 -0.3179883 0.3868202 0.8655943 -0.3186677 0.3878371 0.8648892 -0.3163996 0.3899007 0.8647941 -0.2906691 0.4100431 0.8645092 -0.2869695 0.4106995 0.8654331 -0.2894507 0.4081183 0.8658278 -0.3218879 0.3861427 0.8644547 -0.2577626 0.4288323 0.8658299 -0.2551107 0.4316269 0.8652264 -0.2555245 0.4325161 0.8646601 -0.2185224 0.449916 0.8659236 -0.2245237 0.4471644 0.8658136 -0.2217592 0.4500672 0.8650216 -0.2213214 0.448897 0.8657414 -0.219156 0.4518358 0.864763 -0.189531 0.4630684 0.8658208 -0.1865369 0.4661409 0.8648218 -0.1861863 0.4649207 0.8655538 -0.1837337 0.4673787 0.8647538 -0.1900444 0.4654783 0.8644149 -0.1529786 0.4764166 0.8658087 -0.1498579 0.4795007 0.8646512 -0.1536453 0.4787782 0.8643868 -0.1116233 0.487646 0.8658761 -0.07676148 0.4968615 0.8644283 -0.07303108 0.4950722 0.8657771 -0.07644214 0.4944841 0.8658186 -0.1155385 0.4893484 0.8644009 -0.03758559 0.4989266 0.8658288 -0.03395459 0.4995633 0.8656117 -0.03391495 0.500827 0.8648826 -0.03100922 0.5011964 0.8647777 0.001923238 0.5026177 0.8645067 0.005302117 0.5009786 0.8654434 0.001613693 0.500315 0.865842 -0.03748772 0.5012896 0.8644671 0.03964303 0.4987698 0.8658274 0.04338693 0.4994686 0.8652449 0.04357271 0.5004625 0.864661 0.083881 0.4930918 0.8659241 0.07723941 0.4943322 0.8658347 0.08129459 0.4950855 0.8650326 0.08096955 0.4938753 0.8657547 0.08437458 0.4950072 0.8647825 0.1150613 0.4869712 0.8658059 0.1191453 0.4876848 0.8648514 0.1187308 0.4865145 0.8655672 0.1221776 0.4871134 0.8647504 0.1158186 0.4892504 0.8644189 0.1524552 0.4765662 0.8658187 0.1567797 0.4772407 0.8646742 0.1532843 0.4788782 0.8643956 0.1926 0.4616831 0.8658833 0.2263427 0.4489287 0.8644258 0.228319 0.4452937 0.8657852 0.2248132 0.4470124 0.865817 0.1904026 0.4653468 0.8644069 0.2594751 0.4278008 0.8658286 0.262742 0.4262094 0.8656282 0.2635005 0.4272034 0.8649074 0.2662161 0.4257706 0.8647823 0.2937241 0.4078684 0.8645054 0.2954938 0.4045656 0.8654537 0.2921523 0.4061761 0.8658337 0.2608651 0.4297296 0.8644546 0.322318 0.3826817 0.8658324 0.3257359 0.3810613 0.8652679 0.3264815 0.3817781 0.8646707 0.3549291 0.3524119 0.8659279 0.3503525 0.3572313 0.8658169 0.3539364 0.355533 0.8650579 0.3529791 0.354746 0.8657719 0.3564655 0.3536908 0.8647746 0.3766688 0.3293554 0.8658208 0.3804595 0.3275132 0.8648617 0.3794384 0.3267994 0.8655799 0.3825996 0.3253015 0.8647522 0.3786564 0.3307804 0.8644094 0.4010902 0.2991685 0.8658088 0.4049928 0.2971856 0.8646743 0.4032052 0.3004115 0.8643948 0.4250869 0.2637557 0.8658718 0.4451235 0.2337821 0.8644137 0.4445933 0.2296491 0.8657932 0.4427159 0.2331833 0.8658107 0.4254271 0.2679943 0.864402 0.4598158 0.1972961 0.8658198 0.4615155 0.1941149 0.8656343 0.4627074 0.1944817 0.8649155 0.4640785 0.1918049 0.8647786 0.4760919 0.1611699 0.8645003 0.47558 0.157413 0.8654737 0.4738573 0.1606071 0.8658318 0.4620584 0.1980672 0.8644486 0.4847381 0.1239454 0.8658329 0.4865716 0.1205952 0.8652773 0.4876012 0.1207458 0.8646765 0.4936715 0.08034078 0.8659294 0.4927255 0.08697835 0.865827 0.4946509 0.08347049 0.8650741 0.4934147 0.08338656 0.8657879 0.4956722 0.08049022 0.8647718 0.49796 0.04899032 0.8658151 0.4999421 0.04530023 0.8648733 0.4986882 0.04531303 0.8655962 0.5004141 0.0422545 0.8647545 0.5003871 0.04891662 0.8644187 0.5002653 0.01028624 0.865811 0.5022529 0.006429344 0.8646969 0.5027021 0.01013796 0.8644003 0.4991961 -0.03247176 0.8658804 0.4981028 -0.06847092 0.8644104 0.4952265 -0.07153962 0.8658134 0.4957121 -0.0680531 0.8658165 0.5019599 -0.0291937 0.8643981 0.4888553 -0.1066736 0.8658183 0.4883607 -0.1102852 0.8656448 0.4895366 -0.1106773 0.8649303 0.4891099 -0.1137327 0.8647753 0.4810925 -0.1456054 0.8644935 0.4784798 -0.1483395 0.8654782 0.4789679 -0.1446743 0.8658286 0.491124 -0.1073939 0.8644442 0.4664052 -0.1811084 0.8658324 0.4659334 -0.1848154 0.865303 0.4668981 -0.1853116 0.8646767 0.44832 -0.2217594 0.8659284 0.451436 -0.215769 0.8658229 0.4509493 -0.2196614 0.8650974 0.4499145 -0.2190235 0.8657977 0.4500882 -0.222697 0.8647696 0.4336311 -0.2496283 0.8658232 0.433079 -0.2537674 0.8648958 0.4320711 -0.2530318 0.8656151 0.4317148 -0.2565533 0.8647559 0.435616 -0.2510392 0.8644177 0.4130412 -0.2824312 0.8658115 0.4123947 -0.2867366 0.8647038 0.4148597 -0.2840755 0.864403 0.3873473 -0.3165793 0.8658751 0.3655238 -0.345224 0.8644147 0.3614039 -0.3460265 0.865825 0.3639454 -0.343379 0.8658144 0.3914845 -0.3155231 0.8643987 0.3357312 -0.3709857 0.8658257 0.3332598 -0.3735709 0.8656689 0.3340048 -0.3745958 0.8649386 0.3319242 -0.3768254 0.8647711 0.3068666 -0.3981128 0.8644878 0.3031071 -0.3988003 0.8654966 0.3057016 -0.3960672 0.8658391 0.337204 -0.3728458 0.8644533 0.274183 -0.4185174 0.865833 0.2715773 -0.4212925 0.8653083 0.272064 -0.4222384 0.8646941 0.2354862 -0.4412293 0.8659463 0.241843 -0.4380307 0.8658182 0.2391529 -0.4409135 0.8651018 0.2386699 -0.4397644 0.8658199 0.2366989 -0.4428552 0.8647849 0.2077111 -0.4552114 0.8658167 0.2048704 -0.4582113 0.8649107 0.2044745 -0.4570171 0.8656359 0.2021232 -0.459723 0.8647549 0.1351507 -0.4843142 0.8643923 0.1311492 -0.4827604 0.8658766 0.1725875 -0.4722622 0.864397 0.168881 -0.4730021 0.8647245 0.1719042 -0.4699091 0.8658143 0.2085036 -0.4574935 0.8644223 0.0958548 -0.4910861 0.8658211 0.09296679 -0.4916087 0.8658395 0.09307498 -0.4928676 0.8651119 0.09007022 -0.4940698 0.8647441 0.05772399 -0.4994163 0.864437 0.05406381 -0.4976741 0.8656776 0.057787 -0.4969918 0.865829 0.09676994 -0.4933667 0.8644217 0.0183802 -0.5000004 0.86583 0.0148208 -0.5006642 0.8655147 0.01473698 -0.5018826 0.8648102 0.01159459 -0.5019631 0.8648112 -0.02073812 -0.5021699 0.8645203 -0.02398761 -0.5006396 0.8653234 -0.02024744 -0.4999219 0.8658337 0.01829837 -0.5023279 0.8644835 -0.05791947 -0.4969723 0.8658314 -0.06180403 -0.4977333 0.8651254 -0.06153271 -0.4965334 0.8658338 -0.0648876 -0.4979057 0.8648002 -0.09568812 -0.4911351 0.8658118 -0.09971759 -0.4918975 0.8649238 -0.09934609 -0.490698 0.8656476 -0.102796 -0.4915451 0.8647639 -0.1715217 -0.4726597 0.8643918 -0.1738846 -0.4690538 0.8658826 -0.1343184 -0.4845016 0.864417 -0.1375055 -0.4830415 0.864733 -0.1332669 -0.4823058 0.8658066 -0.09631792 -0.4934635 0.864417 -0.2068463 -0.4556193 0.8658092 -0.2100924 -0.4540614 0.865846 -0.210733 -0.4551435 0.865122 -0.2138578 -0.4544034 0.8647441 -0.2433097 -0.4399477 0.8644342 -0.2452543 -0.4363924 0.8656858 -0.2418798 -0.4380038 0.8658215 -0.2080296 -0.4577274 0.8644127 -0.2756467 -0.4175633 0.865829 -0.2789306 -0.416007 0.8655264 -0.2797139 -0.4169577 0.8648158 -0.2822562 -0.4152711 0.8648013 -0.3088255 -0.3965309 0.8645173 -0.3105774 -0.3933503 0.8653423 -0.3071849 -0.394938 0.8658298 -0.2770723 -0.4194279 0.8644716 -0.3360994 -0.370644 0.8658292 -0.3396772 -0.3689892 0.8651395 -0.3387601 -0.3681717 0.8658471 -0.3423149 -0.367352 0.8647965 -0.3633938 -0.3439606 0.8658153 -0.3670706 -0.3422354 0.8649475 -0.366092 -0.3414912 0.8656561 -0.3694128 -0.3401884 0.8647578 -0.4143015 -0.2849029 0.8643984 -0.4141291 -0.2806132 0.865883 -0.3908792 -0.3162292 0.8644145 -0.3926686 -0.3130646 0.8647554 -0.3887943 -0.3149514 0.8658202 -0.3652662 -0.3454427 0.8644361 -0.432369 -0.2519446 0.8657834 -0.434863 -0.2473496 0.8658593 -0.4360163 -0.2478589 0.8651333 -0.4381246 -0.2454797 0.8647466 -0.4537129 -0.2165715 0.8644313 -0.4532057 -0.2125493 0.8656948 -0.4514222 -0.2158248 0.8658162 -0.4353394 -0.2515585 0.8644061 -0.4669884 -0.1796284 0.8658265 -0.4687512 -0.1764117 0.8655352 -0.469942 -0.1767302 0.8648243 -0.4710598 -0.1738784 0.8647943 -0.4818103 -0.143085 0.8645146 -0.4813557 -0.139431 0.8653645 -0.479545 -0.1426996 0.8658368 -0.4692499 -0.1802476 0.8644741 -0.488966 -0.1060853 0.865828 -0.4908695 -0.102689 0.8651602 -0.4896439 -0.1025565 0.8658701 -0.4920946 -0.09981397 0.8648006 -0.495636 -0.0686122 0.865816 -0.4976155 -0.06504188 0.8649557 -0.4963658 -0.06500454 0.8656763 -0.4983457 -0.06199761 0.8647588 -0.4980316 -0.06866403 0.8644361 -0.4994479 -0.0302363 0.8658162 -0.5014718 -0.02646463 0.8647692 -0.5018916 -0.03019781 0.8644032 -0.5001042 0.01237999 0.8658767 -0.5027325 0.008996768 0.8643953 -0.4976079 0.05146337 0.865874 -0.4763837 0.07443495 0.876081 -0.49508 0.08747204 0.8644331 -0.4923037 0.09044448 0.8657117 -0.4927843 0.08671157 0.8658203 -0.5004619 0.04831953 0.8644091 -0.4844103 0.1252397 0.8658301 -0.4839474 0.1289087 0.8655505 -0.4851087 0.1293448 0.864835 -0.4844002 0.1322644 0.8647904 -0.4752106 0.1636812 0.8645134 -0.4726817 0.1663903 0.8653822 -0.4731304 0.1627094 0.8658369 -0.4866205 0.126074 0.8644686 -0.4594935 0.1980037 0.8658292 -0.459043 0.2018702 0.865175 -0.4579706 0.2012666 0.8658838 -0.4583921 0.204938 0.8647989 -0.4431501 0.2323176 0.8658213 -0.4426628 0.2363736 0.8649724 -0.4416249 0.2356781 0.8656924 -0.4415081 0.2392853 0.8647619 -0.4239594 0.2657388 0.8658183 -0.4233957 0.2699627 0.8647869 -0.4224324 0.2692019 0.8654948 -0.4218056 0.2725849 0.8647413 -0.4259211 0.2671894 0.8644079 -0.4020416 0.2978726 0.8658143 -0.4013642 0.3022685 0.8646042 -0.4041895 0.2991538 0.8643713 -0.3749961 0.331107 0.8658788 -0.3520527 0.3589221 0.8644269 -0.3480133 0.3597144 0.8657323 -0.3504122 0.3571641 0.8658205 -0.3791711 0.3302067 0.8644031 -0.3214267 0.383443 0.865827 -0.3188604 0.3861848 0.8655572 -0.3195458 0.3872058 0.8648481 -0.3172868 0.3891913 0.8647885 -0.291541 0.4094325 0.8645049 -0.2878559 0.4101506 0.865399 -0.2903566 0.4074579 0.8658355 -0.3226833 0.3854572 0.864464 -0.2586998 0.4282765 0.8658255 -0.2560828 0.431126 0.865189 -0.2564768 0.4319679 0.8646522 -0.2193695 0.4495141 0.8659181 -0.2254995 0.446646 0.8658275 -0.2226945 0.4496838 0.8649808 -0.2222567 0.4485207 0.865697 -0.2201287 0.451337 0.8647764 -0.1904705 0.4627147 0.8658037 -0.1875803 0.4657686 0.8647966 -0.1872324 0.4645678 0.8655177 -0.1847083 0.467031 0.864734 -0.1909838 0.4650592 0.8644333 -0.1540185 0.476054 0.8658239 -0.1508611 0.4792615 0.8646094 -0.1554018 0.478305 0.8643347 -0.1127045 0.487421 0.8658628 -0.07788958 0.4967079 0.8644157 -0.07412034 0.49497 0.865743 -0.07756589 0.4943096 0.8658184 -0.1165839 0.489098 0.8644022 -0.03859865 0.4988637 0.8658205 -0.03501459 0.499559 0.865572 -0.03497868 0.5007849 0.8648647 -0.03193067 0.5011194 0.8647889 0.0008600517 0.5026205 0.8645067 0.004210615 0.501064 0.8654 0.000561383 0.5003422 0.8658276 -0.03858696 0.5012344 0.8644508 0.03859761 0.4988512 0.8658277 0.04237609 0.4996204 0.8652073 0.04254746 0.5005484 0.8646624 0.08260126 0.4933144 0.8659202 0.07628731 0.4945083 0.8658186 0.0802026 0.4952986 0.8650126 0.07988287 0.4940976 0.8657288 0.08336111 0.4952081 0.8647658 0.113978 0.4871997 0.8658208 0.1181925 0.488 0.8648043 0.1177755 0.4868148 0.865529 0.1211727 0.4873588 0.8647535 0.114882 0.4894831 0.8644122 0.151427 0.4769171 0.8658059 0.1557478 0.4776526 0.8646333 0.1518165 0.4794037 0.8643633 0.1916148 0.4621055 0.8658766 0.2253635 0.4494373 0.8644174 0.2273905 0.4458396 0.8657486 0.2239616 0.4474421 0.8658156 0.1894154 0.465755 0.8644039 0.2584642 0.4284308 0.8658195 0.2618693 0.4268479 0.8655781 0.2625984 0.4278076 0.8648831 0.2652936 0.4263261 0.864792 0.2928328 0.4085309 0.8644949 0.2946633 0.4052473 0.8654179 0.2913323 0.4067821 0.8658255 0.2599592 0.430297 0.8644453 0.3215338 0.3833573 0.8658251 0.3249761 0.3817938 0.8652306 0.3256707 0.3824643 0.8646731 0.3541822 0.3531574 0.86593 0.3495755 0.3579832 0.8658204 0.3532358 0.3563181 0.8650212 0.3522747 0.3555244 0.8657395 0.3557149 0.3544388 0.8647774 0.3760012 0.3301485 0.865809 0.3798105 0.3283661 0.8648235 0.3787772 0.3276404 0.8655517 0.381906 0.3261073 0.8647553 0.37797 0.3315582 0.864412 0.4004337 0.3000481 0.8658082 0.404395 0.2981043 0.8646378 0.4024856 0.3014009 0.8643858 0.4245166 0.2646759 0.8658708 0.4446096 0.2347346 0.8644199 0.4441452 0.2306238 0.8657642 0.442237 0.2340591 0.8658191 0.4248457 0.2688859 0.8644111 0.4593429 0.1983725 0.8658248 0.4611437 0.1951447 0.865601 0.4623457 0.1955174 0.8648754 0.4637039 0.19275 0.8647694 0.4757443 0.1622112 0.8644969 0.4752949 0.1584467 0.8654417 0.473467 0.1616987 0.865842 0.461616 0.1990415 0.8644611 0.484495 0.1248929 0.8658327 0.4863619 0.1216111 0.865253 0.487359 0.1217591 0.8646711 0.4935032 0.08144023 0.8659227 0.4925517 0.08799501 0.8658231 0.4945394 0.08450451 0.8650375 0.4933048 0.08441804 0.8657505 0.4954789 0.08156046 0.8647823 0.4978605 0.0500575 0.8658112 0.4999044 0.04638411 0.8648376 0.4986353 0.04639432 0.8655694 0.5003281 0.04330108 0.8647524 0.5002795 0.04998816 0.8644198 0.5002425 0.01137452 0.8658106 0.5023161 0.007485807 0.8646516 0.5026882 0.01113408 0.8643961 0.4992824 -0.03137588 0.865871 0.4982333 -0.06739715 0.8644195 0.4954431 -0.07046515 0.8657775 0.4958699 -0.06691501 0.8658149 0.5020223 -0.02811186 0.8643976 0.4890742 -0.1055939 0.865827 0.4886419 -0.1092451 0.8656181 0.4898363 -0.1096405 0.8648926 0.4893652 -0.112642 0.8647736 0.481417 -0.1445522 0.8644896 0.4788494 -0.1473295 0.8654463 0.4792752 -0.1436405 0.8658307 0.4913607 -0.1063089 0.8644438 0.4667925 -0.1801134 0.8658313 0.4663762 -0.1838789 0.865264 0.4672785 -0.1843407 0.8646788 0.4488782 -0.2206367 0.865926 0.4518975 -0.2148005 0.865823 0.4514653 -0.2187632 0.8650559 0.4504082 -0.2181145 0.8657705 0.4505373 -0.2217335 0.8647834 0.4341684 -0.248732 0.8658119 0.4336796 -0.2528665 0.8648587 0.432665 -0.2521293 0.8655818 0.4322639 -0.2556411 0.8647516 0.4361166 -0.2501453 0.8644245 0.4136497 -0.2815277 0.8658153 0.4130577 -0.2858868 0.8646688 0.4154835 -0.2831666 0.8644016 0.3880359 -0.3157379 0.865874 0.3662648 -0.3444409 0.8644134 0.3621852 -0.345299 0.865789 0.3648981 -0.3423642 0.8658153 0.392146 -0.3146791 0.8644065 0.3366259 -0.3701839 0.8658215 0.3341234 -0.3728995 0.8656255 0.3348576 -0.373905 0.8649077 0.3327011 -0.3761384 0.8647716 0.3077678 -0.3974468 0.8644738 0.3039941 -0.3982016 0.8654612 0.3064903 -0.395478 0.8658296 0.3380436 -0.3721147 0.8644404 0.2750219 -0.4179876 0.8658229 0.2725126 -0.4207508 0.8652778 0.2729828 -0.4216597 0.864687 0.2364334 -0.4407357 0.8659395 0.2427834 -0.4374826 0.8658321 0.2401 -0.4404509 0.8650752 0.2396275 -0.4393335 0.865774 0.2376403 -0.4423725 0.8647738 0.2086452 -0.4547802 0.8658188 0.2058248 -0.4578492 0.8648759 0.2054337 -0.4566773 0.8655881 0.2031148 -0.4592777 0.8647591 0.2094223 -0.4570686 0.864425 0.1729383 -0.4695323 0.8658128 0.1699062 -0.4727236 0.8646758 0.1734986 -0.4719355 0.8643929 0.1322184 -0.4824877 0.865866 0.09785396 -0.4931737 0.8644097 0.09404218 -0.4914803 0.8657963 0.09760895 -0.4907646 0.8658074 0.136195 -0.484022 0.8643921 0.0587291 -0.4968962 0.8658205 0.05514351 -0.4976213 0.8656397 0.05515639 -0.4988681 0.864921 0.05211342 -0.4994557 0.8647706 0.01943716 -0.5023113 0.8644685 0.01592876 -0.5007033 0.8654724 0.01954344 -0.4999629 0.8658263 0.05880614 -0.4992948 0.8644343 -0.01930325 -0.4999751 0.8658246 -0.02294175 -0.5007363 0.8652958 -0.02309586 -0.5018066 0.8646715 -0.06323235 -0.4961815 0.8659132 -0.0569049 -0.4970981 0.8658264 -0.06079124 -0.4979234 0.8650877 -0.06052283 -0.4967247 0.8657954 -0.06383208 -0.4980346 0.8648046 -0.09462257 -0.4913459 0.8658094 -0.09865662 -0.4921721 0.8648893 -0.09828362 -0.490958 0.8656215 -0.1018023 -0.4917747 0.8647507 -0.09531562 -0.4936363 0.8644294 -0.1322694 -0.4825631 0.8658162 -0.1365102 -0.4833612 0.864712 -0.1327962 -0.484978 0.8643851 -0.1728501 -0.4694462 0.865877 -0.2070033 -0.4582039 0.8644066 -0.2091416 -0.4545325 0.8658291 -0.2064847 -0.455747 0.8658283 -0.1704979 -0.4730187 0.8643979 -0.2409198 -0.4385405 0.8658175 -0.2443547 -0.4369772 0.8656452 -0.245055 -0.437979 0.8649408 -0.2479478 -0.4366818 0.8647721 -0.2761501 -0.4200417 0.8644688 -0.2780487 -0.4166789 0.8654869 -0.2746529 -0.418215 0.8658302 -0.2423852 -0.4404482 0.864439 -0.3063821 -0.3955606 0.8658302 -0.3097967 -0.3940319 0.865312 -0.3105473 -0.3948162 0.8646852 -0.3401483 -0.3666952 0.8659295 -0.3353064 -0.371356 0.8658316 -0.3389337 -0.3697479 0.8651071 -0.3380194 -0.3689293 0.8658141 -0.3415815 -0.3680656 0.8647831 -0.3626498 -0.3447368 0.8658185 -0.3664066 -0.3430427 0.8649092 -0.3654259 -0.3422934 0.8656206 -0.3687047 -0.3409593 0.8647563 -0.3645066 -0.346278 0.8644227 -0.3881449 -0.3157789 0.8658102 -0.392056 -0.3139426 0.864715 -0.3901045 -0.3172465 0.8643918 -0.4135345 -0.2815256 0.8658711 -0.4347861 -0.2525221 0.8644035 -0.434373 -0.2483186 0.8658279 -0.4325073 -0.2516104 0.8658116 -0.4136964 -0.2857799 0.8643988 -0.4509937 -0.2167154 0.8658171 -0.4527903 -0.2135556 0.8656644 -0.4539786 -0.2139765 0.8649378 -0.4555371 -0.2113585 0.8647621 -0.468863 -0.1812505 0.8644742 -0.4684308 -0.1774392 0.8654987 -0.4665928 -0.1806558 0.865826 -0.4532343 -0.2175803 0.8644291 -0.4792372 -0.1437287 0.865837 -0.4811169 -0.1404667 0.8653298 -0.482216 -0.1406746 0.8646839 -0.4899395 -0.1006487 0.8659267 -0.4887396 -0.1071144 0.8658292 -0.4907038 -0.1037375 0.8651291 -0.4894934 -0.103604 0.8658305 -0.4918996 -0.1008501 0.8647913 -0.4954759 -0.06966871 0.8658232 -0.4975367 -0.06608128 0.8649222 -0.4963002 -0.06604162 0.8656355 -0.4982022 -0.0630729 0.8647637 -0.502739 0.007922601 0.8644019 -0.5001395 0.01128372 0.8658713 -0.5018298 -0.03119166 0.8644038 -0.5014883 -0.02753476 0.8647262 -0.4993882 -0.03131743 0.8658122 -0.4978887 -0.06974474 0.8644319 -0.4982197 0.04637995 0.8658094 -0.4977719 0.0504031 0.8658422 -0.4990157 0.05065815 0.8651111 -0.499325 0.0538744 0.8647382 -0.4952772 0.08638378 0.8644294 -0.4925503 0.08939559 0.8656805 -0.4929471 0.08579 0.8658195 -0.5005728 0.04723006 0.8644051 -0.4846841 0.1241883 0.8658282 -0.4842848 0.1278806 0.8655141 -0.4854416 0.1283122 0.8648019 -0.4846857 0.1312083 0.8647915 -0.4755787 0.1626412 0.8645072 -0.4730882 0.1654022 0.8653494 -0.4734755 0.1617032 0.8658366 -0.486894 0.1250219 0.8644673 -0.4599018 0.1970692 0.8658257 -0.4595133 0.2009417 0.8651415 -0.4584348 0.2003377 0.8658536 -0.4588128 0.2039839 0.8648013 -0.4436399 0.2314034 0.8658153 -0.4432127 0.2354808 0.8649343 -0.442172 0.2347866 0.8656554 -0.4420138 0.2383201 0.8647702 -0.4044955 0.2986693 0.8643957 -0.4004021 0.2999007 0.865874 -0.4264001 0.2664125 0.8644116 -0.4240392 0.2691053 0.8647387 -0.4245487 0.2648162 0.8658122 -0.445619 0.2327515 0.8644364 -0.3784103 0.3273959 0.8658046 -0.3757446 0.3303301 0.865851 -0.3766011 0.3312529 0.8651261 -0.3750066 0.3340547 0.8647413 -0.3528293 0.3581878 0.8644148 -0.3488378 0.359035 0.8656825 -0.3514399 0.356163 0.8658163 -0.3798651 0.3293982 0.8644069 -0.3221841 0.3828323 0.8658158 -0.3197629 0.3855137 0.8655235 -0.3204507 0.3865336 0.864814 -0.3180345 0.3885843 0.8647868 -0.292366 0.4088098 0.8645211 -0.288761 0.4095761 0.8653697 -0.2912229 0.4068328 0.8658385 -0.3235534 0.3847284 0.8644636 -0.259565 0.4277218 0.8658407 -0.2569644 0.4306462 0.8651665 -0.2564497 0.4295527 0.8658625 -0.2546665 0.4327296 0.8648064 -0.2264305 0.4461949 0.8658171 -0.2236745 0.4492729 0.8649414 -0.2232204 0.4480746 0.86568 -0.221043 0.4508839 0.8647797 -0.2271923 0.4484812 0.8644353 -0.1914925 0.4622911 0.8658046 -0.1885986 0.4654391 0.8647526 -0.1919947 0.4646642 0.8644219 -0.1514938 0.4767653 0.8658779 -0.1555246 0.478137 0.8644056 -0.1137535 0.4871391 0.8658844 -0.1157387 0.4879933 0.86514 -0.07890984 0.4965166 0.8644329 -0.07518268 0.4948672 0.8657101 -0.07874294 0.4941159 0.8658227 -0.1176955 0.4888257 0.8644057 -0.03986368 0.4987445 0.8658319 -0.03610152 0.499545 0.8655354 -0.03606761 0.5007939 0.8648148 -0.03310323 0.5010676 0.8647748 -0.0002763301 0.5026156 0.8645099 0.003137888 0.5010995 0.865384 -0.0004988516 0.500315 0.8658432 -0.03961461 0.5011239 0.8644683 0.03755458 0.4989187 0.8658347 0.04135396 0.4997562 0.8651783 0.04113425 0.4985517 0.8658835 0.04443831 0.5001254 0.864812 0.07520472 0.4946645 0.865824 0.07920768 0.4955368 0.8649679 0.07889259 0.494343 0.8656795 0.08229693 0.4953844 0.8647668 0.1129394 0.4874553 0.865813 0.1171485 0.4883181 0.8647668 0.1167252 0.4871066 0.8655071 0.1201272 0.4876045 0.8647608 0.1138017 0.4897424 0.8644081 0.1503782 0.4772546 0.8658028 0.1547551 0.4780615 0.8645855 0.1612725 0.4752828 0.8649263 0.1905864 0.4625176 0.8658835 0.2243916 0.4499108 0.8644239 0.2264493 0.4463861 0.8657137 0.2228828 0.4479727 0.8658197 0.1883762 0.4661672 0.8644089 0.2575562 0.4289631 0.8658264 0.2609468 0.4274607 0.8655543 0.2617097 0.4284694 0.8648248 0.2642573 0.4270116 0.8647712 0.2919446 0.4091637 0.8644961 0.293838 0.4058976 0.8653938 0.2904348 0.4073952 0.8658387 0.2589958 0.4308532 0.8644574 0.3207293 0.3840237 0.8658282 0.3242047 0.3825126 0.8652026 0.3248825 0.3831698 0.8646573 0.3533835 0.3539979 0.8659132 0.3487969 0.358715 0.8658315 0.3525313 0.3570853 0.8649924 0.3515904 0.3563049 0.8656967 0.3549494 0.3552004 0.8647795 0.3752918 0.3309496 0.8658108 0.3791819 0.3291981 0.864783 0.3781418 0.3284644 0.8655172 0.3812207 0.3269043 0.8647568 0.3773177 0.332296 0.8644135 0.3997946 0.3009088 0.8658049 0.4037874 0.2990174 0.8646064 0.401898 0.3021416 0.8644006 0.4239302 0.2655941 0.865877 0.4440991 0.2357215 0.8644139 0.4436966 0.2315953 0.8657349 0.4418413 0.2347938 0.8658223 0.4242523 0.2698335 0.8644073 0.4589336 0.1993357 0.8658206 0.4607844 0.1961547 0.865564 0.4619672 0.1965243 0.8648494 0.4632834 0.1937218 0.8647776 0.4753938 0.1632299 0.864498 0.4750133 0.1595143 0.8654002 0.4731563 0.1626885 0.8658265 0.4611982 0.2000968 0.8644406 0.484229 0.1259066 0.8658348 0.4861745 0.1226123 0.8652171 0.4870891 0.1227501 0.864683 0.4933233 0.08240916 0.8659335 0.4923759 0.08902775 0.8658175 0.4944103 0.08558025 0.8650055 0.4931727 0.08549085 0.8657205 0.4953164 0.08260226 0.8647766 0.4977359 0.05112435 0.8658206 0.4998657 0.04742536 0.8648035 0.4986053 0.04743275 0.8655304 0.5002233 0.04438066 0.8647583 0.5001785 0.05109873 0.8644133 0.5002238 0.01243882 0.8658068 0.5023481 0.008584007 0.8646228 0.5026302 0.01198537 0.8644184 0.4993325 -0.03029609 0.8658806 0.4983773 -0.0663155 0.8644203 0.4956525 -0.06940456 0.8657435 0.4960267 -0.06570984 0.8658173 0.5020753 -0.02701455 0.8644019 0.4893163 -0.1044665 0.865827 0.4889412 -0.1082144 0.8655785 0.49013 -0.1086052 0.864857 0.4896194 -0.1115294 0.864774 0.4817328 -0.1434987 0.8644893 0.4792248 -0.1463043 0.8654124 0.4795854 -0.1426186 0.8658278 0.4915919 -0.1052584 0.8644409 0.4671594 -0.1791556 0.8658321 0.4668041 -0.1829359 0.8652331 0.4676453 -0.183364 0.8646882 0.4492547 -0.2198253 0.8659371 0.4523517 -0.2138376 0.865824 0.4519799 -0.2178192 0.8650254 0.4509267 -0.217176 0.8657365 0.4510128 -0.2207902 0.8647769 0.4346949 -0.2477633 0.8658255 0.434257 -0.2520007 0.8648217 0.4332468 -0.2512701 0.8655406 0.4328075 -0.2547131 0.8647537 0.4366974 -0.2491707 0.8644127 0.4142441 -0.2806803 0.8658063 0.4137153 -0.2850244 0.864639 0.4161724 -0.2821619 0.8643988 0.3887159 -0.3148884 0.8658784 0.3670203 -0.3436454 0.8644097 0.3629652 -0.3445626 0.8657557 0.3654399 -0.3417835 0.8658162 0.392854 -0.3138129 0.8643999 0.3374389 -0.3694516 0.8658178 0.3349727 -0.3722277 0.8655864 0.3357004 -0.3732197 0.864877 0.3335017 -0.3754199 0.8647754 0.3085902 -0.3967694 0.8644918 0.3049223 -0.3975666 0.8654267 0.3074201 -0.3947437 0.8658351 0.3388115 -0.3713954 0.8644491 0.2758886 -0.4173771 0.8658416 0.2733819 -0.4202299 0.8652567 0.2738373 -0.4211055 0.8646868 0.2377132 -0.4400609 0.8659323 0.2436984 -0.4369839 0.8658268 0.2410448 -0.440013 0.8650353 0.2405589 -0.4388707 0.8657504 0.2385426 -0.4418766 0.8647789 0.209644 -0.4543175 0.8658203 0.2068301 -0.4574721 0.8648356 0.206432 -0.4562882 0.8655558 0.2040815 -0.458856 0.8647554 0.2104655 -0.4566115 0.8644133 0.1739094 -0.4691882 0.8658049 0.1709535 -0.4723873 0.8646532 0.1747648 -0.4714751 0.8643891 0.1332569 -0.4821839 0.8658761 0.09895834 -0.4929673 0.8644019 0.09510189 -0.4913231 0.8657697 0.09872685 -0.4905249 0.8658165 0.1372364 -0.4837094 0.8644023 0.05969319 -0.4967878 0.8658167 0.0562229 -0.4975556 0.8656081 0.05623857 -0.4988154 0.8648818 0.05324159 -0.4993412 0.8647681 0.02054234 -0.5022736 0.8644648 0.01699888 -0.5007201 0.8654423 0.02057487 -0.4999222 0.8658259 0.05990731 -0.4991688 0.8644314 -0.01825983 -0.5000162 0.8658235 -0.02190876 -0.5008429 0.865261 -0.02204724 -0.5018195 0.8646914 -0.06265069 -0.4962116 0.8659381 -0.05586851 -0.4972406 0.8658121 -0.05971285 -0.4981202 0.8650495 -0.05944538 -0.4969134 0.8657616 -0.0628032 -0.4981978 0.864786 -0.09358713 -0.4915349 0.8658146 -0.09765921 -0.492432 0.8648545 -0.0972947 -0.4912364 0.8655753 -0.1007181 -0.4919845 0.8647584 -0.09425744 -0.4938475 0.8644247 -0.1312068 -0.4828628 0.8658108 -0.1354973 -0.4837327 0.8646635 -0.1324183 -0.485005 0.8644279 -0.1718415 -0.4698072 0.865882 -0.2060415 -0.4586382 0.8644061 -0.208192 -0.4550697 0.8657758 -0.2046898 -0.4565911 0.8658099 -0.1694711 -0.4733906 0.8643963 -0.2400656 -0.4390087 0.8658174 -0.2434221 -0.4375546 0.8656163 -0.2441393 -0.4385853 0.8648925 -0.246938 -0.4372725 0.8647626 -0.275268 -0.4206139 0.8644717 -0.2771976 -0.4173247 0.8654488 -0.2737701 -0.4188031 0.8658255 -0.2413859 -0.4410142 0.86443 -0.3055312 -0.396215 0.8658316 -0.3090055 -0.3947285 0.8652774 -0.3097095 -0.3954673 0.8646881 -0.3394556 -0.3673269 0.8659335 -0.3345447 -0.3720528 0.8658271 -0.3382181 -0.3704929 0.8650685 -0.3373015 -0.3696687 0.8657787 -0.3407506 -0.3687904 0.8648021 -0.3619376 -0.3455143 0.8658065 -0.3657202 -0.343876 0.8648688 -0.3647162 -0.3431055 0.8655984 -0.3679621 -0.341736 0.8647661 -0.3637737 -0.3470529 0.8644205 -0.3874682 -0.3166172 0.8658071 -0.3914224 -0.3148282 0.8646801 -0.3895825 -0.3178132 0.864419 -0.4129086 -0.2824114 0.8658812 -0.4342318 -0.2534749 0.8644034 -0.4338825 -0.2492743 0.8657992 -0.4321899 -0.2521346 0.8658175 -0.4130628 -0.2867094 0.8643939 -0.4505016 -0.21774 0.8658161 -0.4523835 -0.2145673 0.8656269 -0.4535641 -0.2149883 0.8649044 -0.4551067 -0.2122935 0.8647597 -0.4684713 -0.1822862 0.8644688 -0.4681009 -0.1784567 0.865468 -0.466199 -0.1816527 0.8658296 -0.4527595 -0.2185504 0.8644331 -0.4789447 -0.1447127 0.865835 -0.4808707 -0.1414958 0.865299 -0.481903 -0.1416933 0.8646922 -0.4897127 -0.1016721 0.8659355 -0.4885203 -0.1081478 0.8658245 -0.4905585 -0.1047675 0.8650873 -0.4893194 -0.1046282 0.8658057 -0.4916779 -0.1018662 0.8647983 -0.4953467 -0.07069821 0.8658137 -0.4974538 -0.06715402 0.8648873 -0.4962046 -0.06711126 0.865608 -0.4980681 -0.06411948 0.864764 -0.4977369 -0.07081689 0.8644321 -0.4993181 -0.03239319 0.865813 -0.5014866 -0.02861437 0.864692 -0.5017558 -0.03223468 0.8644085 -0.5001552 0.01021042 0.8658756 -0.500681 0.04614834 0.8644009 -0.4979426 0.04934515 0.865805 -0.4982895 0.04559079 0.8658112 -0.5027621 0.006824807 0.8643979 -0.4931599 0.08461466 0.8658139 -0.4928195 0.08833618 0.865636 -0.4940112 0.08867612 0.8649217 -0.4937225 0.09178946 0.8647617 -0.4871674 0.1239584 0.8644664 -0.4846179 0.1268458 0.86548 -0.4849538 0.1231207 0.8658296 -0.4954545 0.08533251 0.8644323 -0.4738175 0.1606943 0.8658374 -0.4734914 0.1644094 0.8653181 -0.4744878 0.164868 0.8646848 -0.4574278 0.2022871 0.8659328 -0.460302 0.196094 0.8658344 -0.4599726 0.1999995 0.8651158 -0.458921 0.1994134 0.8658093 -0.4592524 0.2030026 0.8647989 -0.4441222 0.2304531 0.8658215 -0.4437525 0.2345795 0.8649025 -0.4427092 0.2338869 0.8656244 -0.4425072 0.237401 0.8647706 -0.4461303 0.2317792 0.8644341 -0.4250984 0.2639382 0.8658106 -0.4246495 0.2682363 0.8647093 -0.4271156 0.2653135 0.8643963 -0.4010616 0.2990304 0.8658697 -0.3805946 0.3285573 0.8644061 -0.3764901 0.3295497 0.8658246 -0.3787833 0.3269284 0.8658181 -0.4051284 0.2977973 0.8644001 -0.3521713 0.355435 0.8658183 -0.3496685 0.3583014 0.8656512 -0.3504546 0.3592882 0.8649241 -0.348478 0.3616118 0.8647544 -0.3243994 0.3840309 0.8644567 -0.3205931 0.3848847 0.8654963 -0.3230322 0.3820851 0.8658298 -0.3535874 0.3574054 0.8644289 -0.2921261 0.4061988 0.8658319 -0.2896824 0.4090165 0.8653264 -0.2902367 0.4099869 0.8646811 -0.2549568 0.4303133 0.8659258 -0.2604462 0.427206 0.8658307 -0.257907 0.4301544 0.8651307 -0.2573837 0.4290488 0.8658353 -0.2555573 0.4322194 0.8647988 -0.2273614 0.4457061 0.8658249 -0.2246431 0.4488357 0.8649174 -0.224199 0.4476713 0.8656357 -0.2220145 0.4504182 0.8647734 -0.1565494 0.477814 0.8643992 -0.1525274 0.4764549 0.8658673 -0.1931016 0.4642348 0.864406 -0.1895827 0.465108 0.8647155 -0.192484 0.4618601 0.8658147 -0.2281355 0.4479814 0.864446 -0.1184724 0.4861435 0.8658111 -0.1148209 0.4869816 0.865832 -0.114986 0.488244 0.8650988 -0.1121003 0.489547 0.8647411 -0.08003054 0.4963727 0.8644127 -0.07625806 0.4947729 0.86567 -0.07987936 0.4939386 0.8658198 -0.1187249 0.4885771 0.8644055 -0.04077275 0.4986961 0.8658174 -0.03718846 0.4995258 0.8655005 -0.0371579 0.5007485 0.8647949 -0.03413522 0.5009747 0.8647885 -0.001336731 0.502628 0.8645018 0.002074317 0.5011821 0.8653393 -0.001555681 0.5003345 0.8658308 -0.04075852 0.5010606 0.8644519 0.03650491 0.4990103 0.8658268 0.04032037 0.4999155 0.8651351 0.04009786 0.4986811 0.8658575 0.04340019 0.5002093 0.8648162 0.07418205 0.4948308 0.8658172 0.07814145 0.4957567 0.8649389 0.07782425 0.4945441 0.8656613 0.08124309 0.4955438 0.8647751 0.150356 0.4798135 0.8643911 0.1528763 0.476318 0.865881 0.112852 0.4899288 0.8644271 0.116099 0.4886187 0.8647386 0.1118545 0.4876848 0.8658245 0.07485066 0.4970978 0.8644601 0.185873 0.464594 0.8657966 0.1896029 0.4630129 0.8658347 0.1901963 0.4641249 0.8651088 0.1933797 0.4635156 0.8647298 0.2233725 0.4504367 0.8644139 0.2255017 0.4469162 0.8656875 0.2222032 0.4483112 0.8658191 0.1873768 0.466582 0.8644022 0.2567012 0.4294852 0.8658215 0.2600851 0.4280576 0.8655186 0.2608284 0.4290446 0.864806 0.2633986 0.427514 0.8647848 0.2910976 0.4097603 0.8644992 0.2929932 0.4066149 0.8653435 0.2895485 0.4080611 0.8658221 0.2580588 0.4314523 0.8644388 0.3199164 0.3846984 0.8658295 0.3234707 0.3832203 0.8651641 0.3225892 0.3823619 0.8658727 0.326171 0.3817055 0.8648198 0.3480572 0.3594593 0.8658205 0.3518085 0.3578896 0.8649542 0.3508448 0.3570867 0.8656772 0.3542226 0.3559297 0.8647777 0.4012527 0.3030016 0.8643995 0.4012716 0.2987627 0.8658649 0.3765138 0.3332434 0.8643993 0.3785225 0.330044 0.8647495 0.3745596 0.33176 0.8658178 0.349895 0.3609627 0.8644532 0.4214723 0.2696902 0.8658107 0.4233917 0.266513 0.8658581 0.4245265 0.2670756 0.8651288 0.4267749 0.2647492 0.8647376 0.4435933 0.2366815 0.8644112 0.4432588 0.2326004 0.8656897 0.441316 0.2358112 0.8658137 0.4236785 0.2707585 0.8643994 0.458506 0.2003289 0.8658178 0.4604194 0.1971723 0.8655271 0.4615971 0.197543 0.8648149 0.4628007 0.1948611 0.8647802 0.4750343 0.1642629 0.8645 0.4747182 0.1605594 0.8653689 0.4727928 0.1637247 0.8658297 0.4607654 0.2010764 0.8644441 0.4839529 0.1269413 0.865838 0.4859716 0.1236453 0.865184 0.4847728 0.1234619 0.8658825 0.4873228 0.1208573 0.8648179 0.4921732 0.09008123 0.8658238 0.4942926 0.08661238 0.86497 0.4930643 0.08652099 0.8656799 0.4951448 0.08364484 0.8647746 0.4945468 0.09023507 0.8644542 0.4976365 0.05217025 0.8658153 0.4998202 0.04850145 0.8647701 0.5000642 0.05218829 0.8644143 0.5001664 0.009836085 0.8658735 0.5026258 0.01331206 0.8644016 0.4994024 -0.02921993 0.8658773 0.5012138 -0.02704452 0.8649008 0.4985293 -0.06523426 0.8644149 0.4958685 -0.06834603 0.8657039 0.4961767 -0.0646119 0.8658141 0.5021378 -0.02592935 0.8643988 0.4895525 -0.103401 0.8658213 0.4892443 -0.1071647 0.8655378 0.4904155 -0.1075469 0.8648273 0.4898311 -0.110583 0.8647757 0.4820532 -0.1424534 0.8644835 0.4795976 -0.1452955 0.8653759 0.4798994 -0.1415442 0.8658301 0.4918094 -0.1042094 0.8644443 0.4675326 -0.1781959 0.8658288 0.4672385 -0.1819806 0.8652001 0.4680395 -0.1823862 0.8646817 0.4498065 -0.2187334 0.8659271 0.4528021 -0.2129031 0.8658189 0.4524898 -0.2169128 0.8649865 0.4514251 -0.2162657 0.8657046 0.4514671 -0.2198441 0.8647808 0.4352292 -0.2468455 0.8658192 0.4348529 -0.2510902 0.864787 0.4338417 -0.2503622 0.8655057 0.4333602 -0.2537718 0.8647536 0.4372702 -0.2481782 0.8644087 0.4148616 -0.2797704 0.865805 0.4143876 -0.2841675 0.8645992 0.4156147 -0.2826832 0.8644968 0.389375 -0.3140675 0.8658803 0.3677942 -0.3428401 0.8644004 0.3637636 -0.3438169 0.865717 0.3660886 -0.3411062 0.8658093 0.393542 -0.3129749 0.8643907 0.338184 -0.3687843 0.8658116 0.335834 -0.371528 0.8655533 0.3365799 -0.3725403 0.8648281 0.334417 -0.3746317 0.8647637 0.3094736 -0.3960978 0.864484 0.3057831 -0.3969651 0.865399 0.30821 -0.3941252 0.865836 0.339651 -0.3706359 0.8644456 0.2767627 -0.4168094 0.8658363 0.2742887 -0.4197192 0.8652176 0.2747079 -0.4205211 0.8646951 0.238572 -0.4395793 0.8659408 0.2445775 -0.4365093 0.8658184 0.2420042 -0.4395398 0.865008 0.2415194 -0.438407 0.8657179 0.239496 -0.4413471 0.8647858 0.2105888 -0.4538733 0.8658241 0.2078056 -0.4570865 0.8648056 0.20741 -0.4559177 0.8655173 0.2050947 -0.4583803 0.864768 0.2114139 -0.4561605 0.8644199 0.1749552 -0.4687916 0.865809 0.1719897 -0.4720912 0.8646094 0.175375 -0.4712133 0.8644083 0.1342993 -0.4819008 0.8658726 0.100017 -0.4927513 0.8644031 0.09619008 -0.4911883 0.865726 0.0997813 -0.4903271 0.8658078 0.1382986 -0.4834241 0.8643927 0.06085838 -0.4966475 0.8658161 0.05732876 -0.497496 0.8655698 0.05734732 -0.4987645 0.8648383 0.05436412 -0.499235 0.8647594 0.02157346 -0.5022258 0.8644674 0.01806717 -0.5007581 0.8653987 0.02179507 -0.4998578 0.8658332 0.06097193 -0.499022 0.8644417 -0.01721187 -0.5000515 0.8658246 -0.02083783 -0.5009357 0.8652336 -0.02097222 -0.5018981 0.8646725 -0.06100762 -0.4964617 0.8659122 -0.05479943 -0.4973257 0.8658316 -0.0587186 -0.4982865 0.8650218 -0.05845132 -0.4970683 0.8657405 -0.06182534 -0.498313 0.86479 -0.09251452 -0.4917367 0.8658153 -0.09663005 -0.492707 0.8648136 -0.09626643 -0.4915053 0.8655376 -0.09963683 -0.4921953 0.8647637 -0.09330247 -0.4940191 0.8644303 -0.1301556 -0.4831478 0.8658104 -0.1344919 -0.4840898 0.8646207 -0.1307316 -0.4855602 0.8643729 -0.1708377 -0.470206 0.8658642 -0.2050413 -0.459073 0.8644131 -0.2072164 -0.4555847 0.865739 -0.203834 -0.4569797 0.8658068 -0.1684814 -0.4737517 0.8643919 -0.2389748 -0.4395953 0.8658215 -0.2425127 -0.4381384 0.8655763 -0.2432262 -0.4391685 0.8648537 -0.2460113 -0.4378034 0.8647582 -0.2743526 -0.4212038 0.8644756 -0.2763258 -0.4179654 0.8654184 -0.2728591 -0.4193894 0.8658292 -0.2404533 -0.4415132 0.8644353 -0.3046498 -0.3968841 0.8658358 -0.3082047 -0.3954319 0.8652418 -0.3088703 -0.3961334 0.8646834 -0.338408 -0.3683131 0.8659247 -0.3337945 -0.3727278 0.8658263 -0.3374659 -0.3712357 0.8650438 -0.3365483 -0.370407 0.8657563 -0.3400161 -0.3694804 0.8647966 -0.3611609 -0.3462901 0.8658209 -0.3650329 -0.3446804 0.864839 -0.3640441 -0.3439182 0.8655588 -0.3672362 -0.3425218 0.8647638 -0.3630785 -0.3477404 0.8644367 -0.3867714 -0.3174403 0.8658173 -0.3908044 -0.3156829 0.8646481 -0.3886833 -0.3189817 0.8643934 -0.4123093 -0.283301 0.8658762 -0.4336681 -0.2544108 0.8644115 -0.4333867 -0.250267 0.8657612 -0.4316072 -0.2531495 0.8658121 -0.4124541 -0.2875954 0.8643902 -0.4499843 -0.2187833 0.8658222 -0.4519765 -0.2155602 0.8655928 -0.4531631 -0.2159862 0.864866 -0.4546452 -0.213291 0.864757 -0.468072 -0.1833107 0.8644685 -0.4677671 -0.1794977 0.8654332 -0.465783 -0.1827026 0.8658325 -0.4522861 -0.2195116 0.8644374 -0.4786371 -0.1457188 0.8658364 -0.4806219 -0.142525 0.8652683 -0.4816022 -0.1427148 0.8646917 -0.4895198 -0.1025917 0.865936 -0.4882861 -0.1091681 0.8658285 -0.4903937 -0.105793 0.865056 -0.4891672 -0.1056524 0.8657673 -0.4914512 -0.1029139 0.8648031 -0.4951866 -0.07176456 0.8658176 -0.4973744 -0.06820565 0.8648506 -0.4961241 -0.06816013 0.8655722 -0.4979213 -0.06518955 0.8647686 -0.4975862 -0.07182495 0.8644357 -0.4992485 -0.0334601 0.8658125 -0.5014842 -0.02968738 0.8646573 -0.5016817 -0.03325184 0.864413 -0.5001761 0.009129359 0.8658757 -0.5007691 0.04506023 0.8644072 -0.4981087 0.04826246 0.8657705 -0.4983782 0.04459651 0.865812 -0.5027769 0.005736243 0.8643972 -0.4933308 0.08354492 0.8658204 -0.4930572 0.08728906 0.8656069 -0.4942633 0.08763029 0.8648842 -0.4939235 0.09071904 0.8647599 -0.4874135 0.1229441 0.8644726 -0.4849626 0.1258144 0.8654374 -0.4852382 0.1220109 0.8658274 -0.4956464 0.08424144 0.8644294 -0.4741701 0.1596295 0.8658413 -0.473901 0.1634234 0.8652807 -0.4748452 0.1638556 0.8646811 -0.4579924 0.2010344 0.8659262 -0.4607183 0.1951375 0.8658291 -0.460448 0.199079 0.8650752 -0.4593748 0.198484 0.8657823 -0.4596628 0.2020523 0.8648036 -0.444608 0.2295059 0.8658237 -0.4442967 0.2336774 0.8648672 -0.4432537 0.2329881 0.865588 -0.4430103 0.2364455 0.8647747 -0.4466101 0.2308477 0.8644356 -0.4256772 0.2630061 0.8658098 -0.4252867 0.2673341 0.8646755 -0.4275369 0.264563 0.864418 -0.4016735 0.2981769 0.8658804 -0.3813208 0.3277352 0.8643981 -0.3772572 0.3287826 0.8657823 -0.3796699 0.3259176 0.8658109 -0.4057747 0.2969238 0.8643976 -0.35282 0.3548023 0.8658137 -0.3504699 0.3575953 0.8656191 -0.3512499 0.3585703 0.8648994 -0.3491742 0.3609274 0.8647594 -0.3252234 0.3833184 0.8644632 -0.3214881 0.3842215 0.865459 -0.3238373 0.3814268 0.8658193 -0.3543994 0.3566313 0.864416 -0.2930206 0.4055389 0.8658391 -0.2905924 0.4084353 0.8652957 -0.2911252 0.4093635 0.8646778 -0.2555084 0.4299797 0.8659289 -0.2613261 0.4266515 0.865839 -0.2588125 0.4296649 0.8651035 -0.2582997 0.4285874 0.865791 -0.2564787 0.4316669 0.8648019 -0.2282598 0.445254 0.8658212 -0.2256219 0.4483841 0.8648968 -0.2251859 0.4472484 0.8655982 -0.2229763 0.4499552 0.8647668 -0.2291759 0.4474441 0.864449 -0.193453 0.4614397 0.8658229 -0.1905901 0.4647367 0.8646937 -0.1939106 0.4638461 0.8644336 -0.1535198 0.4761029 0.8658856 -0.1198036 0.4883191 0.8644024 -0.1158937 0.486789 0.8657973 -0.1194836 0.4858939 0.8658122 -0.1575965 0.4774705 0.8643988 -0.08090068 0.4937741 0.8658189 -0.07734644 0.4946619 0.8656368 -0.07741459 0.4959136 0.8649142 -0.07423235 0.4966799 0.8647535 -0.04184621 0.5009577 0.8644596 -0.03827484 0.4994917 0.8654728 -0.04187199 0.4985916 0.8658251 -0.08110136 0.4961849 0.8644207 -0.00267922 0.5003165 0.8658385 0.0009932623 0.5012397 0.865308 0.001101029 0.5023197 0.8646813 0.04181799 0.4984123 0.8659309 0.03549591 0.4990739 0.8658321 0.03929566 0.5000389 0.8651109 0.03907893 0.4988219 0.865823 0.0423504 0.5002913 0.8648208 0.07315651 0.4949934 0.8658116 0.07713391 0.4959865 0.8648975 0.07681882 0.4947715 0.8656211 0.08020114 0.4957142 0.8647746 0.0737955 0.4972752 0.8644487 0.110863 0.4879301 0.8658138 0.1150464 0.4889128 0.864713 0.1117628 0.4901659 0.8644342 0.1518492 0.4766308 0.8658897 0.1863708 0.4669786 0.8644055 0.1886384 0.4634607 0.8658058 0.1853569 0.4647798 0.8658074 0.1493063 0.4801415 0.864391 0.221016 0.4489008 0.8658175 0.2245714 0.4474739 0.8656414 0.2252397 0.4485259 0.8649229 0.2281556 0.4473741 0.8647552 0.2571301 0.4319651 0.8644596 0.2591569 0.4286933 0.8654824 0.2557644 0.4300539 0.8658165 0.2224126 0.4509201 0.8644094 0.2886437 0.4086615 0.865841 0.2921527 0.4072577 0.8653254 0.292897 0.4081065 0.8646736 0.3241417 0.3809086 0.8659335 0.3191188 0.3853503 0.8658339 0.3227062 0.3839247 0.8651372 0.3218492 0.3830866 0.8658278 0.3253745 0.3823997 0.8648132 0.3473023 0.3601888 0.8658205 0.3511002 0.3586664 0.8649203 0.3501573 0.3578774 0.8656291 0.353445 0.3567048 0.8647765 0.4005872 0.3038888 0.8643966 0.400616 0.2995897 0.8658827 0.3758201 0.3339641 0.864423 0.377835 0.3308856 0.8647286 0.3738707 0.3325355 0.865818 0.3491363 0.3616941 0.8644543 0.4207964 0.2707655 0.8658039 0.4228705 0.2674722 0.8658171 0.4239932 0.2680318 0.8650947 0.4262061 0.2656667 0.8647367 0.4430719 0.2376534 0.864412 0.4428024 0.2335844 0.8656583 0.4408137 0.2367379 0.8658166 0.4230915 0.2716674 0.8644018 0.4580482 0.2013714 0.8658183 0.4600576 0.1981858 0.8654879 0.4612276 0.1985569 0.8647799 0.4623851 0.195853 0.8647784 0.4746837 0.1652975 0.8644953 0.4744316 0.1616004 0.8653323 0.472428 0.1647714 0.8658304 0.4603363 0.2020469 0.8644464 0.4836926 0.1279482 0.8658352 0.4857687 0.124677 0.8651499 0.4845639 0.1244903 0.8658522 0.4870784 0.1218644 0.8648143 0.4919792 0.09110949 0.8658265 0.4941647 0.08765068 0.8649384 0.4929388 0.08755689 0.8656472 0.494958 0.08469097 0.8647798 0.5025914 0.01439917 0.8644041 0.5001386 0.01091608 0.8658766 0.4999454 0.05323723 0.8644191 0.4997718 0.04956846 0.8647376 0.4975223 0.05322777 0.8658165 0.4943518 0.09127361 0.8644567 0.4997649 -0.02450581 0.8658143 0.4995289 -0.02815989 0.8658394 0.5007849 -0.02835982 0.8651071 0.5012277 -0.03152662 0.8647408 0.4986639 -0.06415181 0.8644181 0.4960793 -0.06727146 0.8656673 0.4963183 -0.06353302 0.8658128 0.5021928 -0.02485055 0.8643985 0.4897676 -0.1023431 0.8658254 0.4895267 -0.106114 0.8655075 0.4907136 -0.1064985 0.8647879 0.4900849 -0.1094843 0.8647717 0.4823404 -0.1414251 0.8644922 0.4799616 -0.1442747 0.8653449 0.4801989 -0.1405249 0.86583 0.4920443 -0.103116 0.8644417 0.4679062 -0.1771708 0.8658373 0.4676682 -0.1810379 0.8651658 0.4665837 -0.1804917 0.8658652 0.4671203 -0.1840631 0.8648233 0.4532483 -0.2119479 0.8658198 0.4529952 -0.2159896 0.8649531 0.4519314 -0.2153463 0.8656696 0.4519293 -0.2188888 0.8647819 0.4173196 -0.2804411 0.8644057 0.413292 -0.2818525 0.8658804 0.437627 -0.2474614 0.8644336 0.43544 -0.250199 0.8647499 0.4357576 -0.2459189 0.8658171 0.4552595 -0.2131816 0.8644608 0.392347 -0.3105224 0.8658172 0.390088 -0.3132519 0.8658549 0.3909922 -0.3141431 0.8651237 0.3895243 -0.3170018 0.8647431 0.3685244 -0.3420485 0.864403 0.3645537 -0.3430763 0.8656785 0.3668766 -0.340264 0.8658072 0.3942257 -0.3121159 0.8643898 0.3390374 -0.3679975 0.8658127 0.3366707 -0.3708631 0.8655134 0.3374034 -0.371853 0.864803 0.3352135 -0.3738982 0.8647728 0.3103367 -0.395436 0.8644776 0.3066946 -0.3963575 0.8653549 0.3090472 -0.3935067 0.8658189 0.3405003 -0.369902 0.8644259 0.2776631 -0.4162219 0.8658305 0.2752146 -0.4191982 0.8651761 0.2746452 -0.4181146 0.8658811 0.2730309 -0.4213285 0.8648332 0.2454908 -0.4359892 0.865822 0.2429545 -0.43907 0.8649802 0.2424676 -0.4379394 0.8656896 0.240406 -0.4408577 0.8647828 0.1765307 -0.4707825 0.8644077 0.1724767 -0.4696031 0.8658665 0.2124387 -0.455702 0.8644105 0.2087992 -0.4567094 0.8647656 0.2115558 -0.4534328 0.8658193 0.2465296 -0.4380994 0.8644606 0.1392261 -0.4806162 0.8658083 0.1353316 -0.4816242 0.8658658 0.1355512 -0.4828857 0.8651285 0.132723 -0.484369 0.8647377 0.1010782 -0.492543 0.8643984 0.09723741 -0.491043 0.8656915 0.1008525 -0.4901047 0.8658096 0.1393422 -0.4831207 0.8643946 0.06197269 -0.4965196 0.8658104 0.05842298 -0.497441 0.8655282 0.05844387 -0.4986845 0.864811 0.05541444 -0.4991089 0.8647657 0.02265337 -0.5021434 0.8644876 0.01917587 -0.5007564 0.8653758 0.02282193 -0.4998091 0.8658348 0.06204339 -0.4988888 0.8644423 -0.01608208 -0.5000551 0.8658442 -0.01983057 -0.501034 0.8652003 -0.01995071 -0.5019075 0.8646911 -0.0602379 -0.4965208 0.8659321 -0.05375193 -0.4974521 0.8658245 -0.0576659 -0.4984755 0.8649837 -0.05739921 -0.4972475 0.8657079 -0.06074357 -0.4984356 0.864796 -0.09151439 -0.4919379 0.8658072 -0.09559255 -0.4929618 0.8647836 -0.09523413 -0.4917679 0.8655026 -0.09861538 -0.4924128 0.864757 -0.0923039 -0.4941877 0.8644411 -0.1291247 -0.4834121 0.8658173 -0.1334468 -0.4844128 0.8646017 -0.1425256 -0.4810239 0.8650447 -0.1698188 -0.4705356 0.8658856 -0.204012 -0.4595662 0.8643947 -0.2062671 -0.4560706 0.8657098 -0.2028884 -0.4573909 0.8658116 -0.1674242 -0.4741219 0.8643943 -0.2381936 -0.4400413 0.8658103 -0.2415853 -0.4387157 0.8655432 -0.2422965 -0.4397472 0.8648207 -0.245024 -0.4383514 0.8647609 -0.2734213 -0.4218122 0.864474 -0.2754383 -0.4186242 0.8653829 -0.2718973 -0.4200076 0.8658322 -0.2394886 -0.4420298 0.8644391 -0.3038492 -0.3974934 0.8658375 -0.3074168 -0.3961036 0.8652149 -0.3080437 -0.3967671 0.8646878 -0.3377017 -0.3689511 0.8659288 -0.3330175 -0.3734258 0.8658248 -0.3367219 -0.3719863 0.8650113 -0.3358092 -0.3711586 0.8657213 -0.3392378 -0.3701983 0.8647953 -0.360449 -0.3470399 0.8658174 -0.3643567 -0.3454816 0.8648044 -0.363377 -0.3447231 0.865519 -0.3664938 -0.3433097 0.8647663 -0.3623293 -0.3485283 0.8644336 -0.3860927 -0.3182735 0.8658143 -0.3901593 -0.3165673 0.864616 -0.3878661 -0.3199896 0.864388 -0.4116881 -0.2841853 0.865882 -0.4331361 -0.25533 0.8644071 -0.4329201 -0.2512245 0.8657172 -0.4308352 -0.2544643 0.8658111 -0.4118233 -0.288471 0.8643992 -0.4495286 -0.2197342 0.8658181 -0.4515587 -0.216579 0.8655567 -0.4527423 -0.2170068 0.8648309 -0.4542073 -0.2142302 0.864755 -0.4676879 -0.1843257 0.8644605 -0.467447 -0.1805076 0.865396 -0.4653945 -0.1836979 0.8658308 -0.4518036 -0.2205181 0.8644335 -0.4783331 -0.1467533 0.8658296 -0.4803814 -0.143575 0.8652283 -0.4812971 -0.1437542 0.8646894 -0.4892798 -0.10376 0.8659325 -0.4880608 -0.1101844 0.8658267 -0.4902209 -0.1068412 0.8650251 -0.4889934 -0.1066978 0.8657373 -0.4912566 -0.1039175 0.8647937 -0.4950344 -0.07278933 0.865819 -0.4972803 -0.06925292 0.8648216 -0.4960419 -0.06920518 0.8655363 -0.4977926 -0.06622301 0.8647641 -0.4974276 -0.07295748 0.8644322 -0.4991752 -0.03452431 0.865813 -0.501475 -0.03076233 0.8646251 -0.5016081 -0.034418 0.86441 -0.5001919 0.008060124 0.8658772 -0.5008753 0.04396121 0.8644023 -0.4982761 0.04718866 0.8657333 -0.4984803 0.04346124 0.8658109 -0.5027863 0.004660062 0.8643982 -0.4935104 0.08251973 0.8658164 -0.4933066 0.08623929 0.86557 -0.4945113 0.08657732 0.8648485 -0.4941269 0.08959422 0.8647609 -0.4877109 0.1218363 0.8644617 -0.4852897 0.1247702 0.8654052 -0.4854953 0.1210286 0.8658212 -0.4958457 0.08315148 0.8644205 -0.4745048 0.1586673 0.8658347 -0.4742992 0.162449 0.865246 -0.4751754 0.1628478 0.8646901 -0.4583066 0.2002673 0.8659378 -0.4611216 0.1941998 0.8658252 -0.4609125 0.1981438 0.8650426 -0.4598404 0.1975524 0.8657481 -0.4600835 0.2010828 0.8648057 -0.4450971 0.2285908 0.8658145 -0.4448486 0.2327399 0.8648363 -0.4438017 0.2320513 0.8655589 -0.4435105 0.2355344 0.864767 -0.4471214 0.2298512 0.8644367 -0.4262297 0.2620965 0.8658139 -0.4258945 0.2664883 0.8646374 -0.4280492 0.2637298 0.8644192 -0.402337 0.2972958 0.8658753 -0.4064159 0.2960398 0.8643996 -0.3803405 0.3251275 0.8658137 -0.3780056 0.3280076 0.8657498 -0.3820146 0.3269092 0.8644046 -0.3567281 0.3510785 0.8657303 -0.3551804 0.3521931 -0.8659139 -0.4858902 0.1187036 -0.8659216 -0.4936462 0.08055422 -0.865924 -0.4645115 -0.1854637 -0.8659286 -0.4487303 -0.2209889 -0.8659128 -0.2705373 -0.4207021 -0.865921 -0.2370732 -0.4404493 -0.8659104 0.02393645 -0.499638 -0.8659036 0.062672 -0.4962567 -0.8659108 0.3096152 -0.3928349 -0.865921 0.3391725 -0.3676081 -0.8659251 0.4801655 -0.1400391 -0.8659273 0.489583 -0.1024203 -0.8659207 0.4722291 0.1648241 -0.8659288 0.4580816 0.2008527 -0.8659211 0.2887987 0.408397 -0.8659141 0.2563544 0.4294893 -0.8659223 -0.002023035 0.5001581 -0.8659317 -0.04066147 0.4985046 -0.8659329 -0.2920683 0.406034 -0.8659288 -0.3225485 0.3822812 -0.8659235 -0.4735705 0.1609814 -0.8659191 -0.4845632 0.1240346 -0.865918 -0.4790159 -0.1439126 -0.8659289 -0.4665002 -0.1804187 -0.8659253 -0.3063911 -0.3953523 -0.8659221 -0.2750368 -0.4177564 -0.8659298 -0.01990456 -0.4997853 -0.8659207 0.01860391 -0.4998364 -0.8659201 0.2740465 -0.4184318 -0.8659176 0.3053695 -0.3961531 -0.865917 0.4661058 -0.1814335 -0.8659257 0.4786383 -0.1452277 -0.8659182 0.4848165 0.1229603 -0.8659294 0.4739985 0.1596751 -0.8659268 0.3233173 0.3816391 -0.8659201 0.2931895 0.4052443 -0.8659197 0.04150894 0.4984272 -0.8659373 0.00338133 0.5001786 -0.8659157 -0.2556912 0.4298715 -0.8659286 -0.2877063 0.4091157 -0.8659385 -0.4718164 0.1659963 -0.8659299 -0.4805403 -0.1387967 -0.8659195 -0.3105889 -0.3920528 -0.8659268 -0.02520955 -0.4995446 -0.8659213 0.2696247 -0.4212771 -0.8659261 0.4641482 -0.1863807 -0.8659266 0.4861014 0.1177984 -0.8659266 0.3273529 0.3781797 -0.8659216 0.04679513 0.4979865 -0.8659213 -0.2511233 0.4325486 -0.8659323 -0.4556456 0.2062601 -0.8659353 -0.4907079 -0.09675712 -0.8659353 -0.3433185 -0.3637391 -0.8659251 -0.1058861 -0.488815 -0.8659378 -0.0682058 -0.4954971 -0.8659276 0.1975424 -0.4595062 -0.8659279 0.2323207 -0.4429227 -0.8659369 0.4276413 -0.2593979 -0.8659306 0.4463682 -0.2256534 -0.8659307 0.4988024 0.03698709 -0.8659261 0.4944153 0.07556356 -0.8659351 0.3846855 0.3196641 -0.8659284 0.3586499 0.3485999 -0.8659378 0.1275644 0.4836232 -0.8659307 0.08951992 0.4920959 -0.865926 -0.1768779 0.4678536 -0.8659256 -0.2127782 0.4526467 -0.865931 -0.4156253 0.2782355 -0.8659334 -0.4360827 0.2449305 -0.8659336 -0.4999493 -0.01479346 -0.8659283 -0.4972615 -0.0537624 -0.8659334 -0.3985036 -0.3022725 -0.8659251 -0.3736547 -0.3324919 -0.865928 -0.1490013 -0.4774712 -0.8659214 -0.1112237 -0.4876271 -0.8659382 0.1558544 -0.4752848 -0.8659178 0.192583 -0.4615979 -0.8659326 0.4027975 -0.2965288 -0.8659243 0.42478 -0.2640597 -0.8659298 0.5001075 -0.00754508 -0.8659304 0.4991656 0.03159195 -0.8659305 0.4116333 0.2841301 -0.8659262 0.3881326 0.3154863 -0.8659224 0.1703 0.4703071 -0.8659151 0.1328581 0.4822038 -0.8659263 -0.1344418 0.4817892 -0.8659126 -0.1718168 0.4697295 -0.865929 -0.3891527 0.3142419 -0.8659169 -0.4125717 0.2827491 -0.8659316 -0.499282 0.02991594 -0.8659229 -0.5000858 -0.009279857 -0.8659261 -0.4238949 -0.2655023 -0.8659224 -0.4017951 -0.2978808 -0.8659259 -0.1909921 -0.4622537 -0.865935 -0.1542798 -0.4757989 -0.8659176 0.112903 -0.4872589 -0.8659282 0.1506881 -0.4769374 -0.8659237 0.374753 -0.3312797 -0.865918 0.3995374 -0.3009279 -0.865917 0.4974504 -0.05219178 -0.865921 0.5000111 -0.01307423 -0.8659203 0.4353558 0.2462972 -0.8659117 0.4147172 0.2796317 -0.8659191 -0.4817945 -0.14365 -0.8644297 -0.3088594 -0.3966958 -0.8644295 -0.02097491 -0.5022852 -0.8644476 0.2746487 -0.421057 -0.8644531 0.4680868 -0.1833778 -0.8644462 0.4875632 0.1225202 -0.8644483 0.3256697 0.3829344 -0.8644654 0.04293056 0.5008972 -0.8644414 -0.2560402 0.4326029 -0.8644641 -0.4596747 0.2034268 -0.8644749 -0.4923773 -0.1013065 -0.864466 -0.3418283 -0.3685253 -0.8644897 -0.06425281 -0.4985191 -0.8644943 0.2372079 -0.4431362 -0.8645014 0.4504879 -0.2229265 -0.8645024 0.4961952 0.08017621 -0.8645011 0.3572879 0.3534849 -0.8645195 0.08563315 0.4952703 -0.8645082 -0.2180149 0.4528589 -0.8645163 -0.1505884 -0.4796286 -0.8644533 0.1557727 -0.4779794 -0.8644481 0.404281 -0.2988597 -0.8644302 0.5026647 -0.008539918 -0.8644393 0.414336 0.2847739 -0.8644243 0.1719052 0.4724418 -0.8644347 -0.1342225 0.4844979 -0.8644339 -0.3905616 0.3166249 -0.8644132 -0.5018114 0.03112602 -0.8644168 -0.4266363 -0.2660073 -0.8644198 -0.1929972 -0.4642618 -0.8644149 0.112443 -0.4900442 -0.8644149 0.3759916 -0.3338339 -0.8643988 0.4010271 -0.3031757 -0.864443 0.4999416 -0.05350106 -0.864405 0.5025375 -0.01401569 -0.8644418 0.4380993 0.2467178 -0.8644069 0.4173316 0.2803379 -0.8644333 0.2135456 0.4551989 -0.8644028 0.1771224 0.4705433 -0.864417 -0.09037994 0.4946163 -0.8643993 -0.1287702 0.4860271 -0.8644049 -0.360778 0.3501908 -0.8644105 -0.3871066 0.3208202 -0.8644205 -0.4970643 0.0757503 -0.8644009 -0.5014436 0.03658284 -0.8644166 -0.4486905 -0.2269085 -0.8644012 -0.4294815 -0.2613907 -0.8644192 -0.388851 0.3126885 -0.8666145 -0.4699123 0.1716606 -0.8658608 -0.4887688 0.1066613 -0.8658686 0.01002576 -0.4999059 -0.8660217 0.1570685 -0.4755689 -0.8655425 0.2688045 -0.421088 -0.8662731 0.4336742 -0.2484611 -0.8661373 0.4859553 -0.1121681 -0.8667559 0.498191 -0.04491118 -0.8659034 -0.1682998 0.4751939 -0.8636352 -0.1682768 0.4752111 -0.8636302 -0.1682834 0.4752102 -0.8636295 -0.2092663 0.4558952 -0.8650823 -0.2054788 0.4615579 -0.8629848 -0.1923738 0.4733614 -0.8596054 -0.2024101 0.4561342 -0.8665863 -0.1877054 0.4629781 -0.8662667 -0.1875447 0.4630778 -0.8662482 -0.1299509 0.4854312 -0.8645631 -0.1253434 0.4881733 -0.863699 -0.1492001 0.4865123 -0.8608397 -0.1308007 0.4874968 -0.8632717 -0.145268 0.4781276 -0.8661934 -0.1454739 0.4780522 -0.8662005 -0.06319959 0.4973572 -0.8652408 -0.064172 0.4971679 -0.865278 -0.09108566 0.4920636 -0.8657809 -0.08138353 0.4966026 -0.8641542 -0.1043713 0.4969726 -0.8614668 -0.09230664 0.4965429 -0.8630902 -0.1025312 0.4897892 -0.8657909 -0.1025987 0.4897706 -0.8657935 -0.04612923 0.5056743 -0.8614904 -0.05307995 0.5011623 -0.8637239 -0.04540839 0.5001807 -0.8647297 -0.02352179 0.5040038 -0.8633811 -0.05209648 0.4967989 -0.8663006 -0.02295241 0.5003316 -0.8655296 -0.01422172 0.5047638 -0.8631403 -0.001016101 0.5004039 -0.8657916 -0.01461597 0.5033736 -0.8639452 -0.0008479396 0.5002316 -0.8658912 0.04278062 0.4979808 -0.8661322 0.04278 0.4979809 -0.8661321 0.02456215 0.5036692 -0.8635474 0.02103676 0.5018843 -0.8646789 -0.0009442126 0.5002273 -0.8658936 0.04291333 0.497976 -0.8661284 0.06264552 0.4999264 -0.8637992 0.06466697 0.4999059 -0.8636622 0.06261126 0.4990907 -0.8642848 0.08589975 0.4926042 -0.8660036 0.1004775 0.4932521 -0.864064 0.1049041 0.4939549 -0.8631359 0.1005888 0.4943821 -0.863405 0.08589393 0.4925982 -0.8660077 0.0859901 0.4925871 -0.8660045 0.1384065 0.4823061 -0.8649998 0.1453079 0.4827901 -0.8635967 0.1234481 0.4899035 -0.8629919 0.1383964 0.4819419 -0.8652043 0.1226443 0.4846264 -0.8660806 0.1223168 0.4846898 -0.8660914 0.1759653 0.4708229 -0.864501 0.1659753 0.4724361 -0.8655959 0.1660981 0.4724018 -0.8655911 0.2115027 0.4532758 -0.8659143 0.2082213 0.4568809 -0.8648143 0.1875308 0.4639566 -0.8657808 0.1752544 0.4682775 -0.8660266 0.1881837 0.4677635 -0.863588 0.1672081 0.476535 -0.8631083 0.2123867 0.4558289 -0.8643564 0.2162572 0.4522579 -0.865272 0.3322633 0.7946739 -0.5080301 0.331967 0.7936785 -0.5097768 0.285107 0.5132326 -0.8095099 0.2124974 0.4100464 -0.8869649 0.2123389 0.4101178 -0.88697 0.2594995 0.4181156 -0.8705397 0.2594345 0.4181512 -0.8705419 0.2923137 0.4380406 -0.8501019 0.3022165 0.4510435 -0.8397767 0.3056248 0.4613978 -0.8328899 0.3271822 0.3690376 -0.8699213 0.3233356 0.4009903 -0.8571236 0.3232934 0.4008102 -0.8572237 0.3323559 0.4209077 -0.8440239 0.2897775 0.3908449 -0.8736529 0.2898101 0.3908235 -0.8736516 0.3271878 0.3690332 -0.8699211 0.3603825 0.3906391 -0.8470688 0.3474727 0.3597083 -0.8659519 0.3741997 0.3233204 -0.8691596 0.3644644 0.345638 -0.8646966 0.3477125 0.3593045 -0.8660232 0.3474739 0.3595175 -0.8660306 0.4096146 0.324438 -0.852617 0.3973814 0.3199507 -0.8600695 0.3743186 0.3231959 -0.8691548 0.4208049 0.2847905 -0.8612884 0.3984053 0.2965193 -0.8679571 0.3987812 0.2962515 -0.8678759 0.3986169 0.2964522 -0.8678828 0.4533849 0.2509681 -0.8552527 0.4234177 0.2579617 -0.8684315 0.4229507 0.2581477 -0.8686038 0.483457 0.2140861 -0.8487853 0.4465474 0.2198058 -0.8673412 0.4462145 0.2199041 -0.8674876 0.4748763 0.1643006 -0.8645796 0.4814775 0.1787938 -0.8580281 0.4677937 0.1807141 -0.8651656 0.4678891 0.1806881 -0.8651193 0.4832503 0.1245965 -0.8665707 0.4832568 0.1246091 -0.8665653 0.4929511 0.140917 -0.8585695 0.4775723 0.1462164 -0.8663403 0.4775273 0.1463335 -0.8663453 0.4911454 0.0810926 -0.8672947 0.4910766 0.08089943 -0.8673517 0.4995768 0.1022705 -0.8602114 0.4932665 0.1043646 -0.8635949 0.4832439 0.1246177 -0.8665712 0.5020516 0.06313553 -0.8625301 0.5070276 0.06138679 -0.8597411 0.4911455 0.08109197 -0.8672947 0.5001572 0.02318642 -0.8656242 0.5191826 0.01548713 -0.854523 0.497467 0.03642656 -0.8667178 0.5130737 -0.02167101 -0.8580709 0.5015534 -0.004008426 -0.8651174 0.500291 0.01403656 -0.8657435 0.4982024 -0.04499397 -0.8658926 0.4955269 -0.09062108 -0.8638524 0.4955103 -0.09054761 -0.8638697 0.494911 -0.06777635 -0.8662964 0.4745647 -0.1557672 -0.8663284 0.4745725 -0.155737 -0.8663297 0.4869668 -0.1325194 -0.8633087 0.4898701 -0.1360333 -0.8611169 0.4898829 -0.1360785 -0.8611025 0.4624258 -0.1873094 -0.8666474 0.4624177 -0.1873333 -0.8666465 0.4769103 -0.1699902 -0.8623571 0.4795817 -0.1748141 -0.8599078 0.4795609 -0.1747475 -0.859933 0.4632266 -0.2115589 -0.8606184 0.461188 -0.2052824 -0.8632293 0.4566949 -0.2091425 -0.8646902 0.448246 -0.2553116 -0.8566747 0.4450306 -0.2284711 -0.8658804 0.4450107 -0.2285171 -0.8658784 0.4247465 -0.2698027 -0.8641742 0.4254646 -0.2739314 -0.8625204 0.4084219 -0.2870044 -0.8664987 0.4015701 -0.3102827 -0.8616648 0.4084081 -0.2870232 -0.8664989 0.4084143 -0.2870133 -0.8664994 0.3767022 -0.3352479 -0.8635417 0.3852276 -0.3198605 -0.8656148 0.3860742 -0.3187095 -0.8656622 0.3473566 -0.3716098 -0.8609585 0.3571491 -0.3490804 -0.8663645 0.3569872 -0.3493207 -0.8663343 0.3159359 -0.3870625 -0.8662373 0.315432 -0.4055659 -0.8579155 0.3243595 -0.3814062 -0.8656328 0.3243647 -0.381398 -0.8656345 0.2687863 -0.4211012 -0.8662723 0.29162 -0.41339 -0.8625929 0.288188 -0.4137632 -0.8635668 0.2897824 -0.411146 -0.864283 0.3062332 -0.3953905 -0.8659606 0.2579568 -0.433391 -0.863499 0.2566713 -0.4355584 -0.8627913 0.2566324 -0.4355637 -0.8628001 0.22312 -0.4511795 -0.8640918 0.2414769 -0.4377249 -0.8660749 0.2415091 -0.4377052 -0.866076 0.2002697 -0.4577773 -0.8662171 0.1568191 -0.4756714 -0.8655313 0.1793032 -0.4684611 -0.8650981 0.1858645 -0.4670384 -0.8644822 0.1818743 -0.4737378 -0.8616811 0.2001788 -0.4578236 -0.8662136 0.1127571 -0.4903344 -0.8642094 0.1346876 -0.4816228 -0.865967 0.1345051 -0.4816834 -0.8659617 0.07833287 -0.4951739 -0.8652553 0.0797956 -0.4948266 -0.8653203 0.05611371 -0.4969075 -0.8659874 0.009880853 -0.4999178 -0.8660165 0.03356977 -0.5027926 -0.863755 0.03319644 -0.5026075 -0.8638772 0.03331156 -0.5025776 -0.8638901 0.05591762 -0.4969398 -0.8659815 -0.03576189 -0.4997899 -0.8654081 -0.005875181 -0.5016418 -0.8650554 -0.01268563 -0.506775 -0.8619851 0.009906559 -0.4999385 -0.8660042 -0.0358306 -0.49979 -0.8654052 -0.04404392 -0.5019913 -0.8637505 -0.03579523 -0.5059806 -0.8618018 -0.1118375 -0.4885312 -0.8653494 -0.08934803 -0.4985558 -0.8622407 -0.07356189 -0.4966413 -0.864833 -0.058608 -0.4966582 -0.8659652 -0.05863919 -0.496656 -0.8659643 -0.1119646 -0.4885116 -0.865344 -0.1200736 -0.4899376 -0.8634486 -0.1349618 -0.4815011 -0.865992 -0.1582175 -0.4780728 -0.8639523 -0.1349833 -0.4815769 -0.8659464 -0.1346215 -0.4816588 -0.8659572 -0.222926 -0.4490544 -0.865248 -0.2226941 -0.4491486 -0.8652588 -0.2035132 -0.4641747 -0.8620465 -0.1794948 -0.4669033 -0.8659 -0.1796007 -0.4668701 -0.865896 -0.4895725 0.1288648 -0.8623877 -0.4802047 0.1725737 -0.8600127 -0.4779201 0.1505817 -0.8654003 -0.4779366 0.150512 -0.8654033 -0.4524893 0.2121177 -0.8661752 -0.4526561 0.2117022 -0.8661898 -0.4600543 0.1942672 -0.8663777 -0.4686952 0.2152239 -0.8567401 -0.4644237 0.1925837 -0.8644202 -0.4487265 0.2330621 -0.8627436 -0.44775 0.2298148 -0.8641209 -0.4374868 0.2441615 -0.8654424 -0.4244165 0.2616687 -0.8668334 -0.4330218 0.2817883 -0.8562052 -0.4306705 0.2566927 -0.8652351 -0.4306842 0.2566532 -0.86524 -0.4308859 0.2562502 -0.8652591 -0.4086475 0.2970783 -0.86299 -0.4086713 0.2969644 -0.8630179 -0.4161246 0.27584 -0.8664598 -0.3603452 0.3469178 -0.8659095 -0.3820935 0.3273982 -0.8641846 -0.3858872 0.3359576 -0.8591993 -0.3858894 0.3358762 -0.8592303 -0.3637751 0.3750787 -0.8526334 -0.3637385 0.3748889 -0.8527324 -0.3602331 0.3470523 -0.8659024 -0.3311647 0.3801028 -0.8636271 -0.3067716 0.3886929 -0.8687975 -0.3066652 0.3887873 -0.8687928 -0.3054959 0.4154006 -0.8568049 -0.3102108 0.422909 -0.8514208 -0.2678126 0.4096151 -0.8720619 -0.3030389 0.4748495 -0.8262478 -0.2671705 0.4094683 -0.8723277 -0.2671805 0.4094608 -0.8723282 -0.2396249 0.4399774 -0.8654477 -0.2653908 0.4240513 -0.8658801 -0.2317123 0.4427399 -0.8661933 -0.2262473 0.4565607 -0.8604444 -0.2396196 0.4399797 -0.8654481 -0.1978308 0.4608891 -0.8651267 -0.1939976 0.4675828 -0.8623985 -0.2070426 0.4580532 -0.8644771 -0.1986125 0.46244 -0.8641195 -0.2066782 0.4571362 -0.8650495 -0.2197575 0.4492815 -0.8659404 -0.1604086 0.4731459 -0.8662575 -0.152539 0.4851886 -0.8610016 -0.1710257 0.4731675 -0.8642122 -0.1620308 0.4769092 -0.8638886 -0.1696025 0.4712147 -0.8655586 -0.1696824 0.4711798 -0.865562 -0.1225251 0.4834627 -0.8667476 -0.1101878 0.4982221 -0.8600194 -0.1289414 0.4876895 -0.8634426 -0.1245518 0.4890807 -0.8633001 -0.1280834 0.4859125 -0.8645714 -0.147954 0.4776412 -0.8660072 -0.08423322 0.4911124 -0.867014 -0.06702953 0.5069785 -0.8593485 -0.08647835 0.4978036 -0.8629676 -0.08603624 0.4979024 -0.8629549 -0.08632497 0.4975783 -0.8631129 -0.1051978 0.4882094 -0.866363 -0.03547394 0.4989908 -0.8658809 -0.04687857 0.5025752 -0.8632616 -0.03688957 0.5038943 -0.8629773 -0.04754435 0.505848 -0.8613114 -0.05102769 0.5025929 -0.8630161 -0.06268948 0.4952192 -0.8665034 0.007479992 0.4986278 -0.8667839 0.007476329 0.4986277 -0.866784 -0.00783071 0.5029846 -0.8642599 0.006453698 0.5036234 -0.8638992 -0.008369861 0.5094341 -0.860469 -0.01448962 0.5016898 -0.8649263 -0.03476633 0.499069 -0.8658646 0.02731273 0.5041644 -0.8631757 0.03062818 0.5099215 -0.8596756 0.04891625 0.4963789 -0.8667267 0.03066197 0.4971346 -0.8671315 0.04959699 0.4948215 -0.8675781 0.06913265 0.5074908 -0.8588794 0.06858077 0.5061452 -0.8597172 0.04918617 0.4948411 -0.8675903 0.1094189 0.5137791 -0.8509163 0.1080643 0.510448 -0.8530914 0.08997573 0.4957553 -0.8637887 0.1068357 0.4934447 -0.8631908 0.09031283 0.4872888 -0.8685581 0.09030221 0.4872902 -0.8685585 0.1572996 0.4525961 -0.8777321 0.1578185 0.4524463 -0.8777162 0.1720384 0.6190476 -0.7662786 0.1502107 0.5255324 -0.8374082 0.1282735 0.5300313 -0.8382199 0.1534654 0.5243676 -0.8375481 0.1252594 0.4731235 -0.872046 0.1251348 0.4731488 -0.8720502 -0.2638436 -0.4265295 -0.8651354 -0.2675273 -0.4257125 -0.8644062 -0.2450451 -0.4369474 -0.8654651 -0.2958311 -0.4046083 -0.8653185 -0.299588 -0.4037662 -0.8644187 -0.2664453 -0.4235387 -0.8658071 -0.3570194 -0.3537813 -0.8645091 -0.3280725 -0.3777789 -0.8658242 -0.3256648 -0.3805518 -0.8655188 -0.3294459 -0.3796912 -0.8644652 -0.2983738 -0.4016578 -0.8658199 -0.3832861 -0.3251971 -0.8644875 -0.3792732 -0.3261614 -0.8658929 -0.4081407 -0.2936347 -0.8644072 -0.4649965 -0.1912763 -0.8644025 -0.4624747 -0.1940749 -0.8651313 -0.4757982 -0.1576194 -0.8653162 -0.4783398 -0.1547852 -0.8644261 -0.4628635 -0.1900625 -0.8658139 -0.4961183 -0.08062306 -0.8645036 -0.4864897 -0.1169659 -0.8658215 -0.486136 -0.1206851 -0.8655096 -0.4887218 -0.1177802 -0.8644528 -0.4761509 -0.1537844 -0.8658122 -0.5008498 -0.0422948 -0.8645002 -0.4981795 -0.04537117 -0.865886 -0.5028657 -0.001403789 -0.8643634 -0.4896501 0.1142815 -0.8643972 -0.4892156 0.1104994 -0.8651347 -0.4788963 0.1479447 -0.8653154 -0.4793244 0.1517572 -0.8644176 -0.4872234 0.1139582 -0.8658099 -0.4506907 0.2225478 -0.8644944 -0.4639776 0.1873076 -0.8658179 -0.465849 0.1840793 -0.8655054 -0.4662681 0.1879524 -0.8644466 -0.4769583 0.1512686 -0.8658109 -0.4323497 0.2563377 -0.8645026 -0.4319621 0.2522577 -0.8658954 -0.4120418 0.2876682 -0.8645627 -0.3323036 0.3773513 -0.864396 -0.3341613 0.3739887 -0.8651409 -0.3039796 0.3985069 -0.8653257 -0.3021118 0.4018668 -0.8644256 -0.3305093 0.3756592 -0.8658197 -0.2375984 0.4429514 -0.8644888 -0.2689773 0.4219123 -0.8658183 -0.2723227 0.4203967 -0.8655096 -0.2704066 0.423808 -0.8644461 -0.30051 0.4000706 -0.865816 -0.2032133 0.4597199 -0.864501 -0.2052652 0.4561799 -0.8658903 -0.1643369 0.4753335 -0.8643214 -0.05156759 0.5001608 -0.8643957 -0.05494703 0.4985406 -0.8651232 -0.01611109 0.5009801 -0.8653089 -0.01265922 0.5026231 -0.864413 -0.05096875 0.4977748 -0.8658074 0.06387173 0.4985678 -0.8644944 0.02615629 0.4996606 -0.8658263 0.02240705 0.5003996 -0.8655045 0.02594023 0.5020612 -0.864443 -0.01227433 0.500218 -0.8658125 0.1014902 0.4922875 -0.8644956 0.09774811 0.4905916 -0.8658898 0.140031 0.4828407 -0.8644398 0.2484192 0.4371356 -0.8644076 0.2447036 0.4377812 -0.8651403 0.2777921 0.4172246 -0.8653064 0.2815979 0.4165519 -0.8643999 0.2474071 0.4349453 -0.8658015 0.3415778 0.3687813 -0.8644796 0.3114087 0.3916452 -0.8658167 0.3088417 0.3943664 -0.865501 0.3127405 0.3936574 -0.864423 0.2804198 0.4144337 -0.8657998 0.368439 0.341862 -0.8645133 0.3644441 0.3426479 -0.8658943 0.3902986 0.3160605 -0.8647386 0.4560619 0.21171 -0.8643995 0.4534148 0.2143874 -0.8651318 0.468421 0.1784054 -0.8653052 0.4711115 0.1756679 -0.8644043 0.4539813 0.2104352 -0.8658049 0.4922612 0.1018017 -0.864474 0.480963 0.1379727 -0.8658165 0.4804492 0.1417165 -0.865497 0.4831831 0.1389054 -0.86443 0.46895 0.1745375 -0.8658074 0.4984674 0.064386 -0.8645142 0.4956736 0.06734405 -0.865894 0.5024043 0.02275907 -0.8643332 0.4942438 -0.09243182 -0.8643954 0.4936328 -0.08866027 -0.8651393 0.4849453 -0.1267304 -0.8653135 0.4855513 -0.1305435 -0.8644063 0.4918031 -0.09220289 -0.8658108 0.4598571 -0.203052 -0.864466 0.4716955 -0.1669385 -0.8658146 0.4734348 -0.1636249 -0.8654978 0.4740314 -0.1675149 -0.8644264 0.4831541 -0.1301428 -0.8658088 0.4431911 -0.2370618 -0.8645133 0.4426322 -0.2330167 -0.8658983 0.431671 -0.2548861 -0.8652706 0.3487649 -0.3622132 -0.8643869 0.3504644 -0.3587699 -0.8651352 0.3212611 -0.3847346 -0.8653153 0.3195412 -0.3881932 -0.8644069 0.3468858 -0.3606099 -0.8658122 0.256411 -0.4323861 -0.8644627 0.2870825 -0.4098127 -0.8658159 0.2904025 -0.408136 -0.8655007 0.2886435 -0.411623 -0.8644371 0.3177542 -0.3865076 -0.86582 0.2231346 -0.4503628 -0.8645139 0.2174481 -0.4611258 -0.8602786 0.2250104 -0.4467711 -0.8658901 0.1876272 -0.4663356 -0.8644809 0.07364839 -0.4974075 -0.8643852 0.07706192 -0.4955729 -0.865141 0.03819204 -0.4997912 -0.8653035 0.03479857 -0.5016022 -0.8643982 0.0731528 -0.4950054 -0.865805 -0.04239304 -0.5009326 -0.8644474 -0.004218736 -0.5003623 -0.8658058 -0.0005840311 -0.500919 -0.865494 -0.004017546 -0.5027256 -0.8644367 0.03420826 -0.4991842 -0.8658204 -0.07995097 -0.4962275 -0.8645034 -0.07678311 -0.4946257 -0.8657076 -0.07629178 -0.4943761 -0.8658937 -0.117925 -0.4886175 -0.8644921 -0.2287446 -0.4477673 -0.864396 -0.2249587 -0.4482468 -0.8651407 -0.2590963 -0.4290732 -0.8653123 -0.2628726 -0.4285838 -0.8644154 -0.2278877 -0.4454444 -0.8658212 -0.3254019 -0.383185 -0.8644552 -0.2940348 -0.4048564 -0.8658146 -0.2913188 -0.4074985 -0.8654931 -0.2952134 -0.4069699 -0.8644215 -0.2618883 -0.4263636 -0.865811 -0.3532623 -0.35753 -0.8645104 -0.3606248 -0.3563839 -0.8619398 -0.3492316 -0.3581228 -0.8659015 -0.3796645 -0.3293687 -0.8645062 -0.4461995 -0.231782 -0.8643975 -0.4434068 -0.2343583 -0.8651397 -0.4600779 -0.1989225 -0.8653081 -0.4628862 -0.1963168 -0.864405 -0.444159 -0.2304127 -0.8658133 -0.4874568 -0.1229526 -0.8644469 -0.4744715 -0.1588978 -0.8658107 -0.4737971 -0.1626127 -0.8654903 -0.476673 -0.1599111 -0.8644139 -0.4607788 -0.1950957 -0.8658063 -0.4952531 -0.0858165 -0.8644997 -0.4932137 -0.08780237 -0.8654658 -0.4923218 -0.08866408 -0.8658856 -0.5003644 -0.04774336 -0.8644976 -0.4978644 0.07029735 -0.8644011 -0.4970888 0.0665952 -0.8651403 -0.4900826 0.1051489 -0.8653108 -0.4908659 0.1089401 -0.8643973 -0.4954222 0.07022255 -0.8658092 -0.4682499 0.1830171 -0.8644344 -0.4785649 0.1461446 -0.8658046 -0.4801725 0.1427282 -0.8654843 -0.4809463 0.1465961 -0.8644074 -0.4884465 0.1086423 -0.8658041 -0.4529892 0.2178171 -0.8644978 -0.4522607 0.2137906 -0.8658833 -0.4507994 0.2170522 -0.8658338 -0.4351049 0.2516016 -0.8645117 -0.3645688 0.3462732 -0.8643983 -0.3660903 0.3427979 -0.8651401 -0.3379842 0.3701354 -0.8653129 -0.3364291 0.3736617 -0.8644029 -0.3626027 0.3447994 -0.8658133 -0.2749448 0.4208916 -0.8644395 -0.3047208 0.3968872 -0.8658093 -0.3080434 0.3950223 -0.8654864 -0.3064362 0.3986042 -0.864414 -0.3345861 0.3720524 -0.8658113 -0.2422287 0.4404324 -0.8644909 -0.2439727 0.4367367 -0.8658743 -0.2406606 0.4386718 -0.8658231 -0.2081866 0.4574695 -0.8645114 -0.09580492 0.4935854 -0.8644043 -0.09906616 0.4916357 -0.8651475 -0.06029378 0.4975859 -0.8653167 -0.05699645 0.4995461 -0.8644102 -0.09506414 0.4912418 -0.86582 0.02061834 0.502317 -0.8644377 -0.01776219 0.5000486 -0.8658152 -0.02145216 0.5004484 -0.8655006 -0.01801776 0.5024601 -0.8644127 -0.05641995 0.4971757 -0.8658136 0.0586397 0.4992439 -0.8644749 0.05503027 0.4972248 -0.8658748 0.06043927 0.4967241 -0.8658015 0.09610651 0.4933158 -0.8645248 0.2084874 0.4575319 -0.8644059 0.204745 0.4578335 -0.8651404 0.2398086 0.440143 -0.8653126 0.2436681 0.4398229 -0.8643967 0.2077671 0.4551978 -0.8658105 0.308505 0.3969638 -0.8644331 0.27588 0.4174385 -0.8658148 0.2730843 0.4199266 -0.8654979 0.2770882 0.4195682 -0.8643985 0.2426843 0.4375972 -0.8658019 0.3376822 0.3723416 -0.864484 0.3336012 0.3727912 -0.8658735 0.3352084 0.371404 -0.865849 0.364757 0.345796 -0.86451 0.435408 0.2514619 -0.8643997 0.4324917 0.2539168 -0.8651457 0.4507818 0.2191583 -0.8653123 0.453731 0.2166649 -0.8643984 0.4334192 0.2500342 -0.8658121 0.4816738 0.144062 -0.8644283 0.4670325 0.179595 -0.8658097 0.4661855 0.1833099 -0.8654875 0.469192 0.180734 -0.8644039 0.4516579 0.2153661 -0.8658075 0.4911609 0.1069962 -0.8644725 0.4880955 0.1097367 -0.8658642 0.4890339 0.1058645 -0.8658168 0.4977601 0.06968261 -0.864511 0.500483 -0.04798748 -0.8644153 0.4995496 -0.04435802 -0.8651489 0.4942686 -0.08324532 -0.8653142 0.4952308 -0.08701632 -0.8643926 0.4980687 -0.04801577 -0.8658072 0.4757986 -0.1624195 -0.8644279 0.4845147 -0.1249623 -0.8658118 0.4859893 -0.1214263 -0.8654883 0.4869368 -0.1252436 -0.8644112 0.492763 -0.08688658 -0.8658148 0.4619886 -0.1982022 -0.864455 0.4610689 -0.1941204 -0.8658711 0.4596762 -0.1975809 -0.8658288 0.4456815 -0.2323282 -0.8645182 0.3796472 -0.3296429 -0.8644094 0.381008 -0.32611 -0.8651503 0.3541072 -0.3547527 -0.8653083 0.3527155 -0.3583487 -0.8643945 0.377676 -0.3282315 -0.8658088 0.2930364 -0.4085435 -0.8644199 0.3219956 -0.3830048 -0.8658096 0.3251883 -0.3810189 -0.8654924 0.323726 -0.3847248 -0.8644005 0.3507722 -0.3568421 -0.8658074 0.2609941 -0.4296609 -0.8644499 0.2626045 -0.4258303 -0.8658564 0.258802 -0.4282555 -0.8658053 0.2278942 -0.4479855 -0.8645074 0.1177158 -0.4888315 -0.8643997 0.1209419 -0.4867007 -0.8651563 0.08235551 -0.4944066 -0.8653206 0.07914121 -0.4965232 -0.8644081 0.1169548 -0.4864925 -0.8658214 0.001366375 -0.5027658 -0.8644215 0.03978274 -0.4987841 -0.8658128 0.04354953 -0.4990208 -0.865495 0.04019445 -0.5011991 -0.8643979 0.07851488 -0.4941781 -0.865808 -0.03702787 -0.5013306 -0.8644632 -0.03354349 -0.4991789 -0.8658494 -0.0368851 -0.4990042 -0.8658142 -0.07471732 -0.4970669 -0.8644893 -0.1878638 -0.4663585 -0.8644171 -0.1840963 -0.4664934 -0.8651546 -0.2199557 -0.4503787 -0.8653199 -0.2238345 -0.4502358 -0.8643991 -0.1871921 -0.4640337 -0.8658128 -0.2907919 -0.4101213 -0.8644308 -0.2572628 -0.4291488 -0.8658217 -0.2542614 -0.4315857 -0.8654969 -0.258269 -0.4314123 -0.864396 -0.2229564 -0.4479597 -0.8658074 -0.3213505 -0.3866084 -0.8644465 -0.3171919 -0.3868847 -0.8658577 -0.3197687 -0.3848334 -0.865824 -0.3495475 -0.3612055 -0.8644924 -0.4011408 -0.303024 -0.8644435 -0.3982072 -0.3053085 -0.8649958 -0.4436188 -0.2366453 -0.864408 -0.4218066 -0.2691332 -0.8658213 -0.4207 -0.2729781 -0.8651557 -0.4237019 -0.270671 -0.8644154 -0.3993546 -0.3014535 -0.8658184 -0.4607566 -0.2013069 -0.8643951 -0.4576018 -0.2037672 -0.8654938 -0.4586121 -0.2001119 -0.8658118 -0.4749202 -0.1650345 -0.8644157 -0.486142 -0.1281272 -0.8644359 -0.4828945 -0.1307849 -0.8658569 -0.4838988 -0.1272706 -0.8658199 -0.4943408 -0.09101299 -0.8644905 -0.5024985 -0.01394269 -0.8644657 -0.5014694 -0.01740422 -0.8650003 -0.5010238 0.02197381 -0.8651545 -0.5021142 0.02555048 -0.8644238 -0.5001654 -0.01360119 -0.865823 -0.4974747 0.06114762 -0.8653207 -0.498603 0.06485322 -0.864401 -0.4997055 0.02571246 -0.8658136 -0.482493 0.1414226 -0.8644074 -0.4895975 0.1032996 -0.865808 -0.4908831 0.09977169 -0.8654937 -0.4920255 0.1036094 -0.8643934 -0.4961686 0.06477243 -0.8658068 -0.470174 0.1779912 -0.8644395 -0.469078 0.1739608 -0.8658542 -0.4677301 0.1777497 -0.8658139 -0.4552741 0.2130437 -0.8644871 -0.4172307 0.2803833 -0.8644673 -0.4184091 0.2769573 -0.865002 -0.3952024 0.3087317 -0.8651589 -0.3939967 0.3123253 -0.8644186 -0.4151655 0.2792772 -0.8658186 -0.369563 0.3385828 -0.8653236 -0.3683258 0.3422702 -0.8644 -0.3919852 0.3109923 -0.8658125 -0.310722 0.3952894 -0.8644062 -0.3386276 0.3683876 -0.8658071 -0.3417508 0.3662409 -0.8654906 -0.3404754 0.3699669 -0.8644078 -0.3663384 0.3408166 -0.8658177 -0.2794001 0.417958 -0.8644344 -0.2808567 0.4140158 -0.8658582 -0.2776266 0.4162691 -0.8658195 -0.2468543 0.4378677 -0.8644853 -0.1769744 0.4704781 -0.8644827 -0.1799027 0.4683912 -0.8650114 -0.1425512 0.4807985 -0.8651659 -0.1395021 0.4830095 -0.864431 -0.1759199 0.468396 -0.8658276 -0.1043348 0.4902228 -0.8653299 -0.1012106 0.4924901 -0.864413 -0.1385956 0.4807716 -0.8658233 -0.02351109 0.5022195 -0.8644205 -0.06169037 0.4965423 -0.8658175 -0.06563777 0.4966092 -0.8654888 -0.06243204 0.4989071 -0.8644038 -0.1004757 0.4901717 -0.8658155 0.01521983 0.5024953 -0.8644459 0.01180917 0.5001746 -0.8658441 0.01559237 0.5001341 -0.8658076 0.05335815 0.4998505 -0.8644665 0.1290278 0.4858308 -0.8644769 0.1254287 0.4858353 -0.8650039 0.1630407 0.4742346 -0.8651701 0.1667756 0.4742632 -0.8644422 0.1287258 0.4834888 -0.8658339 0.1996529 0.4597219 -0.8653291 0.2034964 0.4597545 -0.8644161 0.1662379 0.4719225 -0.8658257 0.272491 0.4225392 -0.8644127 0.2379975 0.4401385 -0.8658147 0.2348592 0.4424559 -0.8654906 0.2388292 0.4424669 -0.8643979 0.2027438 0.4574571 -0.8658105 0.3042192 0.4002762 -0.8644245 0.3000275 0.4003679 -0.8658459 0.3032706 0.3980007 -0.8658074 0.333755 0.3759088 -0.8644652 0.3870967 0.320668 -0.8644815 0.3841833 0.3227556 -0.8650041 0.4080572 0.2915124 -0.8651646 0.4111255 0.2893581 -0.8644349 0.385487 0.3189801 -0.8658243 0.4294361 0.2584299 -0.8653315 0.432581 0.2562279 -0.8644195 0.4093311 0.287736 -0.8658268 0.4672085 0.1857939 -0.8644055 0.449259 0.2203056 -0.8658128 0.4480886 0.2238888 -0.8655002 0.4513507 0.2215778 -0.8643991 0.4306437 0.2547781 -0.8658141 0.4801193 0.1492161 -0.8644189 0.4767334 0.1517434 -0.8658517 0.4779456 0.1480934 -0.8658155 0.4900204 0.1121692 -0.864464 0.5013341 0.0363856 -0.8644884 0.5001793 0.03977485 -0.8650079 0.5014838 0.0004438855 -0.8651669 0.5027244 -0.003077402 -0.8644412 0.4990468 0.03594267 -0.8658293 0.4996915 -0.03887142 -0.8653308 0.5009842 -0.04251976 -0.8644113 0.5003478 -0.003306534 -0.8658182 0.4882782 -0.1199868 -0.8644001 0.4937013 -0.08145162 -0.8658087 0.4948298 -0.07784668 -0.865496 0.4961402 -0.08160764 -0.8643987 0.4985556 -0.04254658 -0.865813 0.4775098 -0.1573271 -0.8644261 0.4762266 -0.1533249 -0.865852 0.4753247 -0.1562521 -0.8658242 0.4640669 -0.1932858 -0.864455 0.429301 -0.2614256 -0.8644983 0.4303351 -0.257989 -0.8650164 0.4085724 -0.2907671 -0.8651723 0.4075476 -0.2943146 -0.8644558 0.4271873 -0.2604499 -0.8658388 0.3843115 -0.3217242 -0.8653313 0.3832437 -0.3254533 -0.8644099 0.4055057 -0.2931337 -0.8658162 0.3278673 -0.3811864 -0.8644073 0.3546664 -0.3529513 -0.8658158 0.3577002 -0.3506531 -0.8655016 0.3565877 -0.354466 -0.8644068 0.3812122 -0.3240894 -0.8658195 0.2974349 -0.405332 -0.8644296 0.2987018 -0.4013627 -0.8658436 0.2954917 -0.4038138 -0.8658055 0.2655465 -0.4268589 -0.8644515 0.1978465 -0.4620351 -0.8645116 0.2006132 -0.459898 -0.8650134 0.163874 -0.4739402 -0.865174 0.1609534 -0.4762519 -0.8644525 0.1966334 -0.4600715 -0.8658346 0.1261447 -0.4850666 -0.8653311 0.1230908 -0.4874979 -0.8644041 0.1600453 -0.4740849 -0.8658111 0.04562362 -0.5007479 -0.86439 0.0839207 -0.4932985 -0.8658025 0.08768116 -0.4931882 -0.8654926 0.08457707 -0.4956361 -0.8644025 0.1222814 -0.4851928 -0.8658147 0.006766491 -0.5027225 -0.8644214 0.0101369 -0.5001995 -0.8658508 0.006483374 -0.5003189 -0.8658169 -0.03171854 -0.5017148 -0.8644513 -0.1072388 -0.4910446 -0.8645085 -0.1036839 -0.4909135 -0.8650165 -0.1416884 -0.4810416 -0.8651724 -0.1454407 -0.4812273 -0.8644462 -0.1069724 -0.4887756 -0.8658264 -0.1788731 -0.4682002 -0.8653283 -0.182695 -0.4684025 -0.8644199 -0.1449384 -0.4789041 -0.8658196 -0.2535353 -0.434199 -0.8644021 -0.2180593 -0.4503535 -0.8658128 -0.2149143 -0.4524581 -0.8655018 -0.2189002 -0.4526516 -0.864401 -0.1821095 -0.4660495 -0.8658141 -0.2863945 -0.4132259 -0.8644204 -0.2821795 -0.4131275 -0.8658524 -0.2851033 -0.4111835 -0.86582 -0.3171831 -0.3900306 -0.8644484 -0.3723667 -0.3375795 -0.8645132 -0.3694303 -0.3395196 -0.8650131 -0.3946282 -0.3094289 -0.8651718 -0.3977036 -0.3074546 -0.8644671 -0.3708891 -0.3358051 -0.8658385 -0.4174463 -0.277365 -0.8653365 -0.4206911 -0.2753001 -0.864424 -0.39604 -0.3057826 -0.8658229 -0.4585391 -0.206312 -0.8643942 -0.4390037 -0.2401144 -0.8658065 -0.4376683 -0.2436412 -0.8654972 -0.4410106 -0.2414954 -0.8644013 -0.4188106 -0.2737952 -0.865814 -0.4731229 -0.1701408 -0.8644113 -0.4696239 -0.1725133 -0.8658479 -0.4708652 -0.1692612 -0.8658156 -0.4847426 -0.1333077 -0.8644383 -0.499193 -0.05858437 -0.8645081 -0.4979118 -0.06192476 -0.865014 -0.5009479 -0.02284284 -0.865176 -0.5023053 -0.01944268 -0.8644717 -0.4969419 -0.05806163 -0.8658392 -0.5009142 0.01648516 -0.8653399 -0.5023661 0.02007375 -0.864422 -0.4999897 -0.01909309 -0.8658209 -0.4931193 0.09823537 -0.8643975 -0.496837 0.05936306 -0.8658112 -0.4977989 0.05570447 -0.8655017 -0.4992684 0.05937525 -0.8644106 -0.4999463 0.02021017 -0.8658206 -0.4840007 0.1362088 -0.8644018 -0.4825208 0.1322259 -0.8658463 -0.4817297 0.1352644 -0.8658175 -0.4720557 0.1729915 -0.8644289 -0.4404649 0.2420488 -0.8645248 -0.4413282 0.2387271 -0.8650079 -0.4211663 0.2721803 -0.8651802 -0.4202691 0.2758391 -0.8644574 -0.4383303 0.241276 -0.8658247 -0.3982759 0.3042423 -0.8653398 -0.3973851 0.3079581 -0.8644344 -0.4181877 0.2746938 -0.8658304 -0.3444745 0.3662573 -0.8644031 -0.3700173 0.3368279 -0.8658141 -0.3730028 0.3343407 -0.8654971 -0.372072 0.3381698 -0.8644094 -0.3953424 0.3066996 -0.8658175 -0.3149638 0.3919485 -0.8643923 -0.3160819 0.3878028 -0.8658528 -0.3141884 0.3893878 -0.8658307 -0.2838578 0.4149593 -0.8644267 -0.1821003 0.4685327 -0.8644747 -0.1848792 0.4661448 -0.8651755 -0.147706 0.4789308 -0.8653371 -0.1448208 0.4814399 -0.864432 -0.1810134 0.4664592 -0.8658233 -0.06781917 0.4982025 -0.8644044 -0.1058497 0.4890324 -0.8658193 -0.1096119 0.4887477 -0.8655119 -0.1066205 0.4913344 -0.8644204 -0.1437943 0.4792363 -0.8658265 -0.02890343 0.5019504 -0.8644133 -0.03217315 0.4992617 -0.8658538 -0.0294064 0.4994767 -0.8658282 0.009888924 0.5026627 -0.864426 0.1236554 0.4871848 -0.8645 0.1201003 0.4868662 -0.8651804 0.1577645 0.4756998 -0.8653439 0.1615711 0.4760662 -0.8644395 0.1234255 0.484879 -0.8658282 0.2339978 0.4450301 -0.8644034 0.1977314 0.4596336 -0.8658172 0.194494 0.46159 -0.8655096 0.1984623 0.4619624 -0.8644093 0.1610227 0.4737406 -0.8658184 0.2679189 0.4254738 -0.8644024 0.263693 0.4251815 -0.8658445 0.2669107 0.4232441 -0.8658077 0.2999308 0.4035044 -0.8644223 0.3835537 0.3248861 -0.8644857 0.3804091 0.3267339 -0.8651786 0.4046206 0.2957383 -0.8653444 0.4079267 0.2938281 -0.8644425 0.381966 0.3231739 -0.8658295 0.4488812 0.226521 -0.8644038 0.4278706 0.2594057 -0.8658149 0.4263431 0.2629389 -0.8655026 0.4297574 0.2609574 -0.864413 0.4061372 0.2922488 -0.8658194 0.4651629 0.190861 -0.8644047 0.461566 0.1930667 -0.8658418 0.4632037 0.1892931 -0.8658005 0.4784886 0.1543589 -0.8644199 0.5008996 0.04183647 -0.8644937 0.4994145 0.04517218 -0.8651848 0.5011393 0.005919203 -0.8653464 0.5027173 0.002450272 -0.8644474 0.4986208 0.04140542 -0.8658308 0.4970089 -0.07617582 -0.8643954 0.498998 -0.03708444 -0.8658093 0.4997817 -0.03342659 -0.8655062 0.5014035 -0.03700531 -0.864422 0.5003422 0.002169957 -0.8658251 0.4895444 -0.1146806 -0.8644042 0.4878881 -0.11078 -0.8658482 0.4871279 -0.1143539 -0.8658115 0.4791877 -0.1521812 -0.8644189 0.4321518 -0.2566373 -0.8645126 0.4328652 -0.2531521 -0.8651831 0.4114648 -0.2861355 -0.8653457 0.4107432 -0.2898253 -0.8644602 0.4299934 -0.2557908 -0.8658388 0.3604497 -0.3505422 -0.8644052 0.3847404 -0.3199018 -0.8658162 0.3875526 -0.3173312 -0.8655079 0.386792 -0.3212028 -0.8644193 0.4086601 -0.2887058 -0.8658209 0.3320135 -0.3775977 -0.8643998 0.3329267 -0.3734673 -0.8658417 0.3307344 -0.375478 -0.8658123 0.3017636 -0.402179 -0.864402 0.2027493 -0.4599303 -0.8644981 0.2054605 -0.4574143 -0.8651925 0.1689156 -0.4718484 -0.8653477 0.1661795 -0.4744363 -0.864462 0.2016522 -0.4578854 -0.8658391 0.0899825 -0.4946955 -0.8643954 0.1275983 -0.4838341 -0.8658079 0.1313424 -0.4833773 -0.865503 0.1284696 -0.486093 -0.8644127 0.1652109 -0.4723037 -0.8658144 0.05107677 -0.5002089 -0.864397 0.05423764 -0.4973569 -0.865849 0.05053376 -0.4978145 -0.8658102 0.01219082 -0.5026323 -0.8644143 -0.101925 -0.4921884 -0.8645009 -0.09829418 -0.4917234 -0.8651858 -0.1363712 -0.4822609 -0.8653481 -0.1401095 -0.482778 -0.8644621 -0.1016731 -0.4898901 -0.8658351 -0.2139265 -0.4550111 -0.8644075 -0.1769182 -0.4680321 -0.8658209 -0.1736431 -0.4698119 -0.8655199 -0.1775886 -0.4703586 -0.8644218 -0.1396941 -0.4804572 -0.8658213 -0.2487925 -0.4369271 -0.8644056 -0.2445892 -0.4364418 -0.865849 -0.2477393 -0.4347366 -0.8658113 -0.2819324 -0.4163045 -0.86441 -0.3687439 -0.3415258 -0.8645161 -0.365548 -0.3432436 -0.8651928 -0.3909957 -0.3135214 -0.8653477 -0.3943036 -0.3117874 -0.8644728 -0.3672211 -0.3398105 -0.8658391 -0.4383313 -0.2463014 -0.8644081 -0.4158051 -0.2783242 -0.8658186 -0.4141494 -0.2817197 -0.8655139 -0.4176403 -0.2798936 -0.8644283 -0.3926649 -0.3100992 -0.8658249 -0.4562581 -0.211289 -0.864399 -0.4525346 -0.2133435 -0.8658504 -0.4538911 -0.2105756 -0.865818 -0.4712706 -0.175239 -0.8644046 -0.4985337 -0.0639307 -0.8645097 -0.4969241 -0.06720408 -0.8651879 -0.5003622 -0.02827329 -0.8653544 -0.5020539 -0.02492354 -0.8644772 -0.4962858 -0.06341515 -0.86584 -0.4998928 0.05391918 -0.8644072 -0.5001448 0.01473153 -0.8658164 -0.5007637 0.01102831 -0.8655137 -0.5025412 0.01453488 -0.864431 -0.4997424 -0.02457102 -0.8658256 -0.4941659 0.09284204 -0.864396 -0.4923222 0.0890004 -0.8658509 -0.491767 0.09236586 -0.8658139 -0.4854439 0.1309525 -0.8644047 -0.4429937 0.2373951 -0.8645231 -0.4435752 0.2338676 -0.8651861 -0.4238256 0.2674426 -0.8653591 -0.4232525 0.2711647 -0.8644807 -0.4408606 0.2365722 -0.8658381 -0.375744 0.3340896 -0.8644076 -0.3986714 0.302366 -0.8658152 -0.4013273 0.2997075 -0.8655125 -0.4007426 0.3035592 -0.8644404 -0.4211683 0.2700985 -0.8658314 -0.3484611 0.3625024 -0.8643882 -0.3491944 0.3582738 -0.865854 -0.3459997 0.3614849 -0.8658018 -0.3191977 0.3884605 -0.8644138 -0.2227234 0.4505715 -0.8645111 -0.2252902 0.4479965 -0.8651841 -0.1898371 0.4638178 -0.8653525 -0.1872613 0.4664571 -0.8644946 -0.2214857 0.4486224 -0.8658418 -0.1119575 0.4901674 -0.8644081 -0.1491182 0.4776243 -0.8658168 -0.1528064 0.4770044 -0.8655154 -0.1500792 0.4798145 -0.8644387 -0.1861186 0.4644381 -0.8658274 -0.07329475 0.4974327 -0.8644007 -0.07629469 0.4944657 -0.8658423 -0.07295635 0.4950359 -0.8658041 -0.03432113 0.5016483 -0.8643906 0.08035842 0.4961656 -0.8645011 0.07677274 0.4955622 -0.8651728 0.1147305 0.4878685 -0.8653446 0.1183416 0.4885143 -0.8644935 0.08024877 0.4938509 -0.8658357 0.1933467 0.4641097 -0.8644184 0.1560041 0.4754137 -0.8658202 0.1524825 0.4771276 -0.8655046 0.1563176 0.4778274 -0.8644338 0.1180973 0.4862229 -0.8658177 0.2291234 0.4475561 -0.8644051 0.2249478 0.4468793 -0.8658506 0.2279759 0.445417 -0.8658122 0.2633098 0.4283517 -0.8643973 0.3535834 0.3572056 -0.8645132 0.3503316 0.3587906 -0.8651804 0.3766252 0.3306291 -0.8653542 0.3799751 0.3290369 -0.8644962 0.3521332 0.3554346 -0.8658341 0.4268751 0.2656507 -0.8644115 0.4028687 0.2967461 -0.8658167 0.4011278 0.2999444 -0.8655228 0.4046583 0.2982846 -0.8644524 0.3784307 0.327294 -0.8658342 0.4463945 0.2313987 -0.8643996 0.4425797 0.2332818 -0.8658538 0.4446281 0.2295468 -0.8658026 0.4630614 0.1959031 -0.864405 0.4953102 0.08542433 -0.8645058 0.4935979 0.0885805 -0.8651674 0.498595 0.05055629 -0.8653595 0.5004061 0.04729019 -0.8644984 0.4931065 0.08476546 -0.8658296 0.5017825 -0.03150774 -0.8644197 0.5002916 0.007689767 -0.8658229 0.5007389 0.01136685 -0.8655237 0.5026532 0.007955 -0.8644516 0.4981363 0.0468718 -0.865831 0.4978017 -0.07073887 -0.8644012 0.4957885 -0.06699186 -0.8658556 0.4952549 -0.0715148 -0.8657991 0.4907599 -0.10934 -0.864407 0.452801 -0.218224 -0.8644938 0.4532498 -0.2145944 -0.8651669 0.4353073 -0.2483218 -0.8653576 0.4348885 -0.2519673 -0.864514 0.4506122 -0.2174324 -0.8658358 0.39027 -0.3169493 -0.8644261 0.4118008 -0.2841918 -0.8658262 0.4143206 -0.2814356 -0.8655244 0.413896 -0.2853244 -0.8644537 0.4327924 -0.2510545 -0.8658304 0.3642459 -0.3465849 -0.8644094 0.36478 -0.3423764 -0.8658603 0.3622735 -0.345142 -0.8658145 0.3360956 -0.3739573 -0.8644049 0.2418969 -0.4406341 -0.864481 0.2443603 -0.4379525 -0.8651506 0.2102496 -0.45491 -0.8653623 0.207771 -0.457652 -0.8645148 0.2405043 -0.4387397 -0.865832 0.1338027 -0.4846073 -0.8644377 0.1703076 -0.4704537 -0.8658341 0.1739743 -0.4696701 -0.8655305 0.1713949 -0.4725586 -0.8644722 0.2065749 -0.4556804 -0.8658419 0.09540232 -0.4936485 -0.8644129 0.09825654 -0.4905568 -0.865852 0.09349121 -0.4915983 -0.8657889 0.05652753 -0.4996164 -0.8644004 -0.05906256 -0.4992008 -0.864471 -0.05545877 -0.4984409 -0.865148 -0.09298305 -0.4924596 -0.8653541 -0.09661017 -0.4932526 -0.8645047 -0.05900208 -0.4968623 -0.8658213 -0.1723653 -0.4722501 -0.8644478 -0.1344739 -0.4819084 -0.8658413 -0.1309871 -0.4834202 -0.8655329 -0.1347971 -0.4842789 -0.8644673 -0.09640811 -0.4909561 -0.8658334 -0.2088923 -0.4573372 -0.8644112 -0.2047599 -0.4564736 -0.8658552 -0.2069962 -0.4555196 -0.8658259 -0.2440447 -0.4396282 -0.8643895 -0.3380408 -0.3720349 -0.8644758 -0.3346542 -0.3735151 -0.8651549 -0.361663 -0.3469411 -0.8653507 -0.3650077 -0.3455063 -0.86452 -0.3366218 -0.3701665 -0.8658305 -0.4145324 -0.2844648 -0.864432 -0.3891888 -0.314447 -0.8658263 -0.3873205 -0.3175497 -0.8655316 -0.3909352 -0.3160271 -0.8644632 -0.363558 -0.3437564 -0.8658274 -0.4356219 -0.2510898 -0.8644001 -0.4317229 -0.2527999 -0.8658565 -0.4334548 -0.2499642 -0.8658146 -0.4539371 -0.2162513 -0.8643937 -0.4912415 -0.106593 -0.8644766 -0.489381 -0.1097042 -0.8651423 -0.4958983 -0.07243591 -0.8653542 -0.4978257 -0.0692577 -0.8645073 -0.489035 -0.1058311 -0.8658202 -0.5026595 0.009035681 -0.8644373 -0.4994391 -0.03002709 -0.8658285 -0.4997261 -0.03370446 -0.8655275 -0.5017387 -0.03043449 -0.8644836 -0.4955852 -0.06870356 -0.8658378 -0.5004419 0.04843272 -0.8644143 -0.498282 0.04481347 -0.8658562 -0.4979603 0.04932894 -0.8657957 -0.4956157 0.08170065 -0.8646908 0.247019 0.4372854 -0.864733 0.2490573 0.4342362 -0.8656844 0.2801347 0.5044928 -0.8167078 0.277643 0.4974943 -0.8218356 0.2461151 0.4354268 -0.8659278 0.2801909 0.4167655 -0.864754 0.2818212 0.4133459 -0.8658648 0.2793563 0.4148943 -0.865923 0.3138653 0.3923079 -0.8646289 0.3391052 0.3676503 -0.8659335 0.3424526 0.3671354 -0.864834 0.3402816 0.3691949 -0.8648142 0.3102362 0.392317 -0.8659335 0.3672939 0.3422973 -0.8648281 0.3691017 0.3398152 -0.8650374 0.384607 0.3571862 -0.851173 0.3742137 0.3232937 -0.8691636 0.3915249 0.3112488 -0.8659286 0.3943395 0.3097564 -0.8651863 0.3929742 0.3125925 -0.8647873 0.3660542 0.3408211 -0.8659361 0.4162656 0.2809198 -0.8647584 0.4171819 0.2777264 -0.8653482 0.4289541 0.2874098 -0.8563842 0.4229887 0.2580928 -0.8686016 0.4370087 0.24749 -0.8647382 0.437427 0.244031 -0.8655095 0.4439351 0.2485836 -0.8608878 0.4462325 0.2198729 -0.8674863 0.4550098 0.212622 -0.8647299 0.4548973 0.2089401 -0.8656861 0.4550957 0.2090569 -0.8655537 0.4677093 0.1810673 -0.8651374 0.4532198 0.2115781 -0.8659253 0.4701079 0.1766455 -0.8647513 0.4694494 0.1729168 -0.865862 0.468476 0.1752833 -0.8659134 0.4833505 0.1371207 -0.8646215 0.4895845 0.1023305 -0.8659304 0.4920362 0.09994714 -0.8648185 0.4914575 0.1029138 -0.8647996 0.4804093 0.1392278 -0.865923 0.4977944 0.06538464 -0.8648269 0.4978281 0.0623522 -0.8650314 0.5017611 0.0632391 -0.8626915 0.4974698 0.03640678 -0.866717 0.4994857 0.02612344 -0.8659282 0.500901 0.02329529 -0.865191 0.5014368 0.02641718 -0.8647909 0.4959211 0.06495029 -0.8659351 0.5020186 -0.01291071 -0.8647605 0.5009089 -0.0160494 -0.8653512 0.5028393 -0.01591722 -0.8642334 0.4981905 -0.04493907 -0.8659022 0.4995005 -0.05219289 -0.8647399 0.4978233 -0.05526821 -0.8655157 0.5063919 -0.05534541 -0.8605255 0.4949185 -0.06769225 -0.8662987 0.4938998 -0.09105721 -0.8647379 0.4916859 -0.09396793 -0.8656876 0.4988412 -0.0945923 -0.861516 0.485951 -0.1121931 -0.866755 0.4918528 -0.0908454 -0.865926 0.4853144 -0.1291392 -0.8647503 0.4826117 -0.1317932 -0.8658617 0.4834873 -0.1280365 -0.8659369 0.4731247 -0.1690513 -0.864624 0.4579739 -0.2010504 -0.8659323 0.4585899 -0.2044191 -0.8648168 0.4598491 -0.2016478 -0.8647988 0.4719533 -0.1656318 -0.865925 0.4432351 -0.2358211 -0.8648301 0.4415119 -0.2383007 -0.8650318 0.4429961 -0.2389245 -0.8641004 0.4337493 -0.248315 -0.8661416 0.4218562 -0.2687303 -0.8659223 0.4213708 -0.2718307 -0.8651905 0.4236096 -0.2696063 -0.8647932 0.4414654 -0.2350913 -0.8659333 0.4012782 -0.3019444 -0.8647574 0.3985435 -0.3038628 -0.8653499 0.4005985 -0.3051259 -0.8639555 0.385227 -0.3198466 -0.8656203 0.3764144 -0.332479 -0.8647369 0.3732656 -0.3340077 -0.8655123 0.376722 -0.3365206 -0.8630378 0.3570926 -0.3491989 -0.86634 0.3492905 -0.3608735 -0.8647349 0.3457978 -0.361957 -0.8656853 0.347187 -0.3631429 -0.864632 0.3244278 -0.3813362 -0.8656381 0.3476969 -0.3595759 -0.8659168 0.3201717 -0.386928 -0.8647409 0.3163977 -0.3875238 -0.8658625 0.3182979 -0.385851 -0.865913 0.2870122 -0.4123902 -0.8646145 0.2560541 -0.4296684 -0.8659222 0.2546154 -0.4327416 -0.8648155 0.2571047 -0.4312996 -0.8647994 0.2880582 -0.4088738 -0.8659357 0.2239356 -0.449373 -0.8648219 0.2210425 -0.4504125 -0.8650253 0.2223377 -0.4525093 -0.8635979 0.223893 -0.4522282 -0.8633432 0.1875033 -0.4636953 -0.8659267 0.1853006 -0.4659472 -0.8651918 0.1884239 -0.4654314 -0.8647949 0.2228676 -0.4477686 -0.8659291 0.1513939 -0.4788197 -0.864761 0.1481114 -0.4787953 -0.8653428 0.1497537 -0.4826777 -0.8628997 0.134397 -0.4817093 -0.8659639 0.113446 -0.489234 -0.8647428 0.1100258 -0.4886553 -0.8655117 0.1111431 -0.4919966 -0.8634735 0.09604332 -0.4919206 -0.8653264 0.07485849 -0.4966054 -0.8647423 0.07138791 -0.4954595 -0.8656926 0.07172754 -0.4968194 -0.8648848 0.08101965 -0.5013344 -0.861452 0.07442643 -0.4945933 -0.865932 0.03600133 -0.5009055 -0.8647529 0.03262654 -0.4992203 -0.8658606 0.03561273 -0.4989136 -0.8659197 -0.005807148 -0.5024075 -0.8646115 -0.04106594 -0.4984733 -0.8659319 -0.04406404 -0.5001666 -0.8648073 -0.04096852 -0.5004589 -0.8647904 -0.002943501 -0.5001734 -0.8659203 -0.07877328 -0.4958547 -0.8648254 -0.08162175 -0.4950549 -0.8650194 -0.08172175 -0.4965618 -0.8641458 -0.0886058 -0.4933253 -0.8653203 -0.1165421 -0.4863921 -0.8659334 -0.1196444 -0.4869481 -0.8651975 -0.116812 -0.488333 -0.8648039 -0.07856776 -0.4939469 -0.8659351 -0.1546594 -0.4777546 -0.8647723 -0.1573396 -0.4758146 -0.8653581 -0.1578255 -0.4779939 -0.8640677 -0.1796509 -0.4668469 -0.8658981 -0.1916059 -0.4642298 -0.8647415 -0.1941005 -0.4617265 -0.8655251 -0.1942654 -0.4622656 -0.8652002 -0.2221074 -0.4494223 -0.8652675 -0.2273435 -0.4477966 -0.8647503 -0.2294936 -0.4448613 -0.8656969 -0.2308755 -0.4483761 -0.8635134 -0.2370811 -0.4427634 -0.8647271 -0.2266751 -0.4458653 -0.8659229 -0.261516 -0.4287486 -0.8647451 -0.2632937 -0.4253992 -0.8658591 -0.2603582 -0.4270693 -0.8659246 -0.296453 -0.4056677 -0.8646094 -0.3229349 -0.3819413 -0.8659295 -0.3263807 -0.381579 -0.8647966 -0.3241667 -0.3834956 -0.8647815 -0.2928071 -0.4055095 -0.8659249 -0.3520147 -0.3579943 -0.8648269 -0.3539473 -0.3555968 -0.8650274 -0.3531873 -0.3546681 -0.865719 -0.3555628 -0.3520053 -0.8658333 -0.3772659 -0.3283767 -0.8659325 -0.380106 -0.3270336 -0.8651986 -0.3786045 -0.3297974 -0.8648077 -0.350858 -0.3564533 -0.8659329 -0.403285 -0.2992111 -0.864774 -0.4043383 -0.2960868 -0.8653573 -0.4052562 -0.2969114 -0.864645 -0.405874 -0.2926065 -0.865822 -0.4255165 -0.2667294 -0.8647493 -0.4260842 -0.2633024 -0.8655195 -0.4270838 -0.2640695 -0.8647928 -0.4276104 -0.2598363 -0.8658143 -0.4450932 -0.2326338 -0.864739 -0.4451389 -0.2289754 -0.8656914 -0.4462036 -0.2296678 -0.8649596 -0.4466482 -0.2255633 -0.8658099 -0.4433974 -0.2314736 -0.8659207 -0.4618554 -0.197263 -0.864741 -0.4613518 -0.1934635 -0.8658674 -0.4603837 -0.1955545 -0.865913 -0.4769162 -0.1581195 -0.8646092 -0.4847138 -0.1233728 -0.8659282 -0.4872898 -0.1210968 -0.864803 -0.4865517 -0.1241396 -0.8647871 -0.4738581 -0.1601048 -0.8659242 -0.4944939 -0.08694451 -0.8648216 -0.4946752 -0.08390234 -0.8650184 -0.4935042 -0.08358409 -0.8657178 -0.4938955 -0.07996194 -0.8658367 -0.497811 -0.04834579 -0.865937 -0.49935 -0.04559486 -0.8651998 -0.499727 -0.04870437 -0.8648127 -0.4926372 -0.08641287 -0.8659338 -0.5020587 -0.009507777 -0.8647812 -0.5011075 -0.006363863 -0.8653616 -0.5023456 -0.006503461 -0.8646424 -0.5003462 -0.002634617 -0.8658214 -0.5013132 0.02984275 -0.8647511 -0.4997843 0.03296582 -0.8655223 -0.5010372 0.03292196 -0.8647993 -0.4990203 0.03665391 -0.8658148 -0.4974598 0.06898842 -0.8647395 -0.4953772 0.07198615 -0.8656902 -0.496638 0.07204012 -0.864963 -0.4946274 0.07562485 -0.8658087 -0.4954108 0.06896371 -0.865917 -0.4905746 0.107544 -0.8647375 -0.4879559 0.1103464 -0.8658653 -0.488553 0.1071735 -0.8659272 -0.4800956 0.1481864 -0.8646092 -0.466251 0.1810544 -0.8659269 -0.4670313 0.1844151 -0.8647965 -0.4681869 0.1815341 -0.8647811 -0.4787594 0.1447998 -0.8659229 -0.4530371 0.2164472 -0.8648167 -0.4514198 0.2190305 -0.8650119 -0.4502829 0.2186101 -0.8657107 -0.4484915 0.2217881 -0.8658323 -0.4333941 0.2496737 -0.8659288 -0.4330567 0.2527609 -0.8652015 -0.4351689 0.2504421 -0.864816 -0.4512143 0.2157995 -0.8659309 -0.414323 0.2837243 -0.8647757 -0.4117004 0.2857517 -0.8653605 -0.4127886 0.2863565 -0.8646419 -0.4089189 0.2883432 -0.8658196 -0.3908531 0.3153193 -0.8647587 -0.3878164 0.3169629 -0.8655246 -0.3888698 0.3176597 -0.8647962 -0.3850296 0.3195437 -0.8658199 -0.3650095 0.344968 -0.8647342 -0.3615599 0.3462036 -0.865689 -0.3625533 0.3469782 -0.8649632 -0.3588313 0.3487327 -0.8658092 -0.3633504 0.3437532 -0.8659159 -0.336989 0.3723867 -0.864735 -0.3332382 0.3731454 -0.8658608 -0.3352432 0.3712208 -0.865914 -0.304839 0.3994248 -0.8645999 -0.2744438 0.4181583 -0.8659239 -0.2731138 0.4213859 -0.8647791 -0.2756429 0.4197654 -0.8647647 -0.3057174 0.3958879 -0.8659155 -0.2430768 0.4393399 -0.8648087 -0.2402287 0.4405189 -0.8650048 -0.2395492 0.4395194 -0.8657014 -0.2362688 0.4410502 -0.8658243 -0.2079228 0.4548792 -0.8659406 -0.2058519 0.4572038 -0.8652107 -0.2088672 0.4565494 -0.8648336 -0.2419685 0.4377122 -0.8659442 -0.1725702 0.4715528 -0.8647876 -0.1693513 0.471679 -0.8653549 -0.1698753 0.4727806 -0.8646507 -0.1656264 0.4721592 -0.8658139 -0.1351941 0.4836508 -0.8647569 -0.1317751 0.4832273 -0.8655211 -0.1322227 0.4843919 -0.8648014 -0.1280468 0.4837045 -0.865814 -0.09694773 0.492789 -0.8647313 -0.09337409 0.4917781 -0.8656995 -0.09373951 0.4930067 -0.8649608 -0.0896962 0.4922767 -0.865805 -0.09610716 0.4908727 -0.8659142 -0.05821044 0.4988406 -0.8647367 -0.05467261 0.4972602 -0.8658772 -0.05595617 0.497073 -0.8659025 -0.01627213 0.5021827 -0.8646084 0.01943484 0.4998135 -0.865915 0.02233876 0.5016373 -0.8647895 0.01932744 0.5017871 -0.8647752 -0.01904623 0.4998071 -0.8659273 0.05720617 0.498846 -0.8648006 0.06032421 0.4981273 -0.865003 0.0602969 0.496911 -0.8657042 0.06358115 0.4962994 -0.8658201 0.09484105 0.49109 -0.8659306 0.09786653 0.4917804 -0.8652019 0.09502183 0.4929985 -0.8648257 0.05732 0.4968662 -0.8659321 0.1331535 0.4841657 -0.8647854 0.1359179 0.4823562 -0.8653663 0.1361351 0.483581 -0.8646483 0.1392384 0.4806028 -0.8658138 0.1706562 0.4723018 -0.8647586 0.1732314 0.4699384 -0.8655338 0.1735527 0.4711829 -0.8647926 0.1765855 0.4681678 -0.8658156 0.2071787 0.4575055 -0.8647344 0.209452 0.4546683 -0.8656827 0.2098543 0.4558418 -0.8649679 0.2127498 0.4528738 -0.8658192 0.2062815 0.4556484 -0.8659286 0.2422684 0.4399186 -0.8647414 0.2442029 0.436624 -0.8658662 0.2423405 0.4375814 -0.8659063 0.278366 0.4183101 -0.8645976 0.3060307 0.3956213 -0.8659267 0.3095075 0.3954183 -0.8647829 0.3071242 0.3973037 -0.8647685 0.2747122 0.4179844 -0.8659227 0.3364152 0.3727521 -0.8648009 0.3384169 0.3704933 -0.8649906 0.3376845 0.3695135 -0.8656957 0.3402719 0.3668233 -0.8658267 0.3623402 0.3447663 -0.8659363 0.3652413 0.3435589 -0.8651971 0.3636423 0.3461801 -0.8648258 0.3352032 0.3712156 -0.8659317 0.389506 0.3168879 -0.8647931 0.3906946 0.3138459 -0.865366 0.3915845 0.3147187 -0.8646466 0.3923894 0.3104482 -0.8658247 0.4131494 0.285487 -0.864757 0.4138754 0.2820634 -0.865533 0.4148475 0.2828799 -0.8648009 0.4155613 0.2786966 -0.8658158 0.4342793 0.2522257 -0.8647448 0.4344818 0.2486098 -0.8656898 0.4355067 0.2493431 -0.8649635 0.4361404 0.2452582 -0.8658118 0.4325586 0.2511339 -0.8659242 0.4526642 0.2175349 -0.8647391 0.4523254 0.2137298 -0.8658645 0.4499047 0.2184147 -0.8659565 0.4695063 0.1789499 -0.8646044 0.4788801 0.144369 -0.8659281 0.4815958 0.1421839 -0.8647828 0.4807477 0.1451124 -0.8647682 0.4663553 0.1807974 -0.8659244 0.4903473 0.108078 -0.8647998 0.4906699 0.1050448 -0.8649906 0.4895049 0.1046725 -0.8656955 0.4900372 0.1010354 -0.8658264 0.4951956 0.07027136 -0.8659349 0.4968484 0.06762196 -0.8651988 0.497066 0.0706936 -0.8648282 0.4884742 0.107493 -0.865932 0.5011104 0.0318853 -0.8647958 0.5003169 0.02872716 -0.8653657 0.5015255 0.02891731 -0.8646594 0.49971 0.02499349 -0.8658321 0.5021214 -0.00743436 -0.8647652 0.5007464 -0.01059546 -0.8655292 0.5019908 -0.01049679 -0.8648093 0.5001578 -0.01428831 -0.8658164 0.5000242 -0.04673237 -0.8647497 0.4980802 -0.04980808 -0.8656992 0.4993459 -0.04980606 -0.8649699 0.4975074 -0.05346906 -0.8658103 0.4979858 -0.04678418 -0.8659223 0.4948617 -0.08566226 -0.8647392 0.4923753 -0.08856405 -0.8658655 0.4925855 -0.08711292 -0.8658932 0.4861843 -0.1269233 -0.8645897 0.473709 -0.1605625 -0.8659212 0.4746507 -0.1639127 -0.8647771 0.4756568 -0.1610478 -0.8647625 0.4846763 -0.1235569 -0.865923 0.461977 -0.1967545 -0.8647918 0.4604459 -0.199471 -0.8649861 0.4592782 -0.1990968 -0.8656928 0.4575948 -0.2023691 -0.8658255 0.4439402 -0.230376 -0.8659354 0.4437515 -0.2334733 -0.8652021 0.4457255 -0.2310784 -0.8648304 0.4600761 -0.1961934 -0.865932 0.4265165 -0.2649604 -0.8648003 0.4240558 -0.2670586 -0.8653649 0.4251515 -0.2676064 -0.8646577 0.4213932 -0.2697467 -0.8658316 0.4045335 -0.2975444 -0.8647658 0.4015715 -0.2993253 -0.8655315 0.4026401 -0.2999663 -0.8648127 0.3989742 -0.3019744 -0.8658124 0.3800116 -0.328339 -0.8647454 0.3766375 -0.3297166 -0.865697 0.3776669 -0.3304483 -0.8649691 0.3740701 -0.3323503 -0.8658029 0.3784024 -0.3270722 -0.8659304 0.3531731 -0.3570507 -0.8647448 0.3494957 -0.3579609 -0.8658618 0.351154 -0.3562283 -0.8659055 0.3221633 -0.385616 -0.8645873 0.292439 -0.4057787 -0.8659232 0.291245 -0.4090987 -0.8647628 0.2936914 -0.4073764 -0.8647484 0.3228857 -0.3820162 -0.8659148 0.261757 -0.4285177 -0.8647866 0.2589863 -0.4298161 -0.8649764 0.2582425 -0.4288195 -0.8656931 0.2549977 -0.4304894 -0.8658262 0.227628 -0.4453368 -0.8659449 0.2256514 -0.4477846 -0.8651996 0.2286877 -0.4469679 -0.8648247 0.2605905 -0.4269237 -0.8659266 0.1934133 -0.4633462 -0.864813 0.1902483 -0.4636239 -0.8653661 0.1898181 -0.4628127 -0.8658947 0.1506257 -0.4796179 -0.8644528 0.1566355 -0.4771134 -0.8647705 0.1532353 -0.4768483 -0.8655256 0.153729 -0.4779814 -0.8648128 0.1495447 -0.4774841 -0.8658205 0.1188322 -0.4879571 -0.8647409 0.1152374 -0.4871083 -0.8657054 0.1156577 -0.4883216 -0.8649655 0.111608 -0.4877808 -0.8658022 0.1181245 -0.4860136 -0.8659315 0.08026398 -0.4957523 -0.864747 0.07674465 -0.4943587 -0.8658636 0.0823277 -0.4932949 -0.8659574 0.03840828 -0.5009961 -0.8645968 0.002436714 -0.5001529 -0.8659337 -0.0004600844 -0.5021611 -0.8647739 0.002713811 -0.5021812 -0.8647582 0.04107528 -0.4984946 -0.8659192 -0.03575322 -0.5008507 -0.864795 -0.03876259 -0.5002997 -0.8649843 -0.03878931 -0.4990714 -0.8656923 -0.04227756 -0.498562 -0.8658224 -0.0733268 -0.4947525 -0.8659348 -0.07636007 -0.4956021 -0.8651865 -0.07345176 -0.4966835 -0.864818 -0.03581744 -0.4988929 -0.8659232 -0.11146 -0.4895709 -0.8648103 -0.1142721 -0.4879199 -0.8653762 -0.1141565 -0.4870493 -0.8658817 -0.1560329 -0.4779274 -0.86443 -0.1494233 -0.4794042 -0.8647799 -0.1520275 -0.4772245 -0.8655313 -0.1522839 -0.4784355 -0.8648173 -0.1553967 -0.4756064 -0.8658236 -0.1865478 -0.4662802 -0.8647443 -0.1889509 -0.4635371 -0.8656968 -0.1893033 -0.4647353 -0.8649772 -0.1922757 -0.4619555 -0.8658102 -0.1859332 -0.4643314 -0.8659245 -0.2224425 -0.4502699 -0.8647406 -0.2245112 -0.4470715 -0.8658648 -0.2228412 -0.4478426 -0.8658977 -0.2596355 -0.430213 -0.8645844 -0.2884432 -0.4086275 -0.8659238 -0.2919388 -0.4085815 -0.8647733 -0.2894146 -0.4104067 -0.8647575 -0.2559698 -0.4297186 -0.8659223 -0.3199862 -0.3869902 -0.8647817 -0.322131 -0.3847797 -0.8649718 -0.3214339 -0.3837559 -0.8656857 -0.3241609 -0.3811362 -0.8658261 -0.3470658 -0.3601657 -0.8659248 -0.3500174 -0.3591042 -0.8651775 -0.348286 -0.3616575 -0.8648126 -0.3188834 -0.3853483 -0.8659215 -0.3750056 -0.3338915 -0.8648048 -0.3763235 -0.3309525 -0.8653618 -0.3756953 -0.3302804 -0.8658913 -0.4043914 -0.2986533 -0.86445 -0.3999836 -0.3036146 -0.8647724 -0.4008488 -0.300294 -0.865531 -0.4017586 -0.3011292 -0.8648186 -0.4026501 -0.2970195 -0.8658246 -0.4225787 -0.2713585 -0.8647496 -0.4229396 -0.2677602 -0.8656942 -0.4239158 -0.2685262 -0.8649793 -0.4247228 -0.2645388 -0.8658116 -0.4208953 -0.2702187 -0.8659266 -0.4425226 -0.2374786 -0.8647413 -0.4423484 -0.2336534 -0.8658718 -0.4412832 -0.2355204 -0.8659096 -0.4611633 -0.1995289 -0.8645904 -0.4721001 -0.1652051 -0.8659266 -0.4749269 -0.1631328 -0.8647729 -0.4739441 -0.1660497 -0.8647569 -0.4578972 -0.2012511 -0.8659261 -0.4852512 -0.1291855 -0.8647788 -0.48571 -0.1261682 -0.8649667 -0.4845416 -0.125737 -0.8656845 -0.4852217 -0.1221098 -0.8658228 -0.4916921 -0.0915933 -0.8659386 -0.4934964 -0.08899685 -0.8651826 -0.4935681 -0.09211197 -0.8648156 -0.4833675 -0.128543 -0.8659288 -0.4991499 -0.0541327 -0.8648232 -0.4985251 -0.05099771 -0.8653738 -0.4976403 -0.05081885 -0.8658935 -0.5026326 -0.008472125 -0.8644586 -0.5019259 -0.01499169 -0.8647807 -0.5007133 -0.01180954 -0.8655326 -0.5019397 -0.01196117 -0.8648199 -0.500286 -0.008113433 -0.8658222 -0.5016036 0.02436131 -0.8647546 -0.4998046 0.02750757 -0.8657013 -0.5010498 0.02745048 -0.864983 -0.4993926 0.03116612 -0.8658151 -0.4995782 0.02444899 -0.8659238 -0.4981802 0.06355736 -0.864741 -0.4958287 0.06655496 -0.8658662 -0.4962958 0.06193692 -0.8659413 -0.491325 0.105286 -0.8645893 -0.4802829 0.1396196 -0.86593 -0.4813848 0.1429588 -0.8647725 -0.4822926 0.1399696 -0.8647557 -0.4896659 0.1019887 -0.8659247 -0.4700612 0.1766275 -0.8647804 -0.4686907 0.1793348 -0.8649672 -0.4674833 0.1790059 -0.8656883 -0.4659337 0.1823429 -0.8658272 -0.4534656 0.2110186 -0.865933 -0.4534304 0.2142089 -0.8651678 -0.4552862 0.211727 -0.8648041 -0.4681651 0.1760686 -0.8659222 -0.4378393 0.2457198 -0.8648229 -0.4355083 0.2479164 -0.8653727 -0.434678 0.2475454 -0.8658962 -0.4141328 0.2849599 -0.8644605 -0.4173901 0.2791641 -0.8647849 -0.4145302 0.2810699 -0.8655428 -0.4156224 0.2816616 -0.8648266 -0.412091 0.283804 -0.8658155 -0.394274 0.3110209 -0.8647624 -0.3909916 0.3125342 -0.8657066 -0.3920605 0.313225 -0.8649732 -0.3885291 0.3153037 -0.8658109 -0.392526 0.310008 -0.8659206 -0.3687423 0.3409612 -0.8647395 -0.3650899 0.3420353 -0.8658645 -0.3696448 0.3368425 -0.8659676 -0.3389179 0.3709699 -0.86459 -0.3099656 0.3925407 -0.865929 -0.3089139 0.395932 -0.8647601 -0.3113223 0.3940775 -0.8647435 -0.3394784 0.3673398 -0.8659191 -0.2801448 0.4167476 -0.8647776 -0.2774197 0.4181755 -0.8649668 -0.2766339 0.4172144 -0.8656823 -0.2733726 0.4190648 -0.8658245 -0.2465331 0.4351849 -0.8659304 -0.2446714 0.437741 -0.8651698 -0.247695 0.4367736 -0.8647983 -0.2788805 0.4152237 -0.8659185 -0.213854 0.4542474 -0.864827 -0.2106346 0.4546923 -0.8653831 -0.2101883 0.4539325 -0.8658904 -0.1718601 0.4724052 -0.8644636 -0.1778064 0.4696043 -0.864787 -0.1743835 0.4694981 -0.8655415 -0.174932 0.4706201 -0.8648211 -0.1707282 0.4703072 -0.8658309 -0.1404974 0.4821361 -0.8647574 -0.1369106 0.4814563 -0.8657109 -0.1373745 0.4826258 -0.8649858 -0.1333255 0.4822717 -0.8658167 -0.1396182 0.4802946 -0.8659238 -0.1023067 0.491682 -0.864744 -0.0986931 0.4904297 -0.8658744 -0.09973046 0.4901874 -0.8658926 -0.06057174 0.498817 -0.8645881 -0.02442597 0.499587 -0.8659193 -0.02163518 0.5017109 -0.8647648 -0.02492255 0.5015912 -0.8647457 -0.06312221 0.4962003 -0.8659104 0.01393135 0.5019827 -0.8647655 0.01703137 0.5015556 -0.8649577 0.01711383 0.5003069 -0.865679 0.02068556 0.4999349 -0.8658159 0.05201914 0.4974522 -0.8659303 0.05504471 0.4984644 -0.8651609 0.05207098 0.4994152 -0.8647966 0.01409486 0.4999813 -0.8659215 0.08973043 0.49399 -0.864825 0.09252644 0.49253 -0.8653629 0.09244467 0.4916097 -0.8658949 0.1343888 0.4843903 -0.8644684 0.1278816 0.4855876 -0.8647838 0.1306127 0.4835123 -0.8655381 0.1308149 0.4847271 -0.8648278 0.1340159 0.4820639 -0.8658258 0.1655023 0.4741227 -0.864764 0.1680188 0.4714972 -0.8657136 0.168326 0.4727422 -0.8649746 0.1714492 0.4700762 -0.8658139 0.1649862 0.4721572 -0.8659371 0.2021585 0.4597076 -0.8647547 0.2043462 0.4566278 -0.8658716 0.195138 0.4603936 -0.8660017 0.2402896 0.4412887 -0.8645954 0.2701672 0.4209342 -0.8659239 0.2736588 0.4210425 -0.864774 0.2710605 0.4227578 -0.8647555 0.2366626 0.4406332 -0.8659291 0.3029008 0.4005435 -0.8647636 0.3051137 0.3984548 -0.8649505 0.3044409 0.397366 -0.8656882 0.3071859 0.3949406 -0.8658283 0.3312619 0.374721 -0.8659385 0.3343288 0.3737867 -0.8651634 0.3323878 0.3763819 -0.8647861 0.3018249 0.398875 -0.8659102 0.3599031 0.350046 -0.8648339 0.3613456 0.3472129 -0.8653742 0.3607667 0.3465371 -0.8658864 0.3905653 0.3164629 -0.864471 0.3859939 0.3211353 -0.864801 0.3870104 0.3178763 -0.8655505 0.3879035 0.3187711 -0.8648214 0.3889637 0.3147389 -0.8658214 0.4099985 0.2899701 -0.864765 0.4105216 0.2863872 -0.8657104 0.4114721 0.2872032 -0.8649884 0.4124482 0.283298 -0.865811 0.4084937 0.2886218 -0.8659275 0.4314783 0.2569757 -0.8647485 0.4314711 0.2531697 -0.8658739 0.4321837 0.252033 -0.8658502 0.4518544 0.2198219 -0.8645843 0.464361 0.1858507 -0.8659263 0.4673038 0.1838864 -0.8647618 0.466172 0.1868266 -0.8647425 0.4485213 0.2213935 -0.8659178 0.4791869 0.1502107 -0.8647639 0.4797764 0.1472196 -0.8649514 0.4786168 0.1467323 -0.8656764 0.4794613 0.1430822 -0.86582 0.4873153 0.1126506 -0.8659293 0.4892621 0.1101235 -0.8651564 0.48919 0.113276 -0.86479 0.477316 0.1494949 -0.8659219 0.4962854 0.07600091 -0.8648264 0.4958169 0.07285222 -0.8653659 0.4949164 0.07262901 -0.8658999 0.5017071 0.03088295 -0.8644861 0.5007228 0.03735491 -0.8648013 0.4996707 0.03414109 -0.8655424 0.5008751 0.03434376 -0.8648379 0.4994115 0.03048604 -0.8658283 0.502175 -0.001923322 -0.8647639 0.5005343 -0.00511975 -0.8657016 0.5017722 -0.005008206 -0.8649853 0.5002725 -0.008824175 -0.865823 0.5001761 -0.002082263 -0.8659211 0.5005175 -0.04125854 -0.8647427 0.4982867 -0.04437371 -0.865876 0.4984261 -0.04201338 -0.8659136 0.4955194 -0.08332725 -0.8645907 0.4859918 -0.1183108 -0.8659183 0.4872427 -0.1216074 -0.864758 0.4879981 -0.118678 -0.8647389 0.4937219 -0.08011948 -0.8659212 0.4773889 -0.1558649 -0.8647578 0.4760772 -0.1587626 -0.8649537 0.474864 -0.1584893 -0.8656704 0.4734752 -0.1618455 -0.8658103 0.4621429 -0.1913077 -0.8659245 0.4622629 -0.1944889 -0.8651515 0.4640144 -0.191909 -0.86479 0.4753932 -0.1554763 -0.8659263 0.4481777 -0.2263232 -0.8648205 0.4459427 -0.2286446 -0.8653651 0.4450807 -0.2283037 -0.8658988 0.4264455 -0.2660726 -0.8644938 0.4293795 -0.2602915 -0.8648015 0.4266743 -0.2622883 -0.8655367 0.427763 -0.2628181 -0.8648384 0.4243552 -0.2650918 -0.8658227 0.4077642 -0.2930896 -0.8647698 0.4045652 -0.2947446 -0.8657094 0.4056422 -0.295375 -0.8649902 0.402248 -0.297584 -0.8658177 0.4060544 -0.2920325 -0.8659313 0.3835679 -0.3241569 -0.8647531 0.3799696 -0.3253888 -0.8658783 0.3751009 -0.3313936 -0.8657237 0.3550784 -0.3555459 -0.8645845 0.32699 -0.3784939 -0.8659214 0.3260978 -0.3818884 -0.8647667 0.328509 -0.3798636 -0.8647459 0.3554798 -0.3518677 -0.8659233 0.2981734 -0.4040825 -0.86476 0.2954007 -0.4056924 -0.8649578 0.2945713 -0.4047652 -0.8656749 0.2915822 -0.4066341 -0.8658108 0.2651095 -0.4241108 -0.865937 0.2633439 -0.426799 -0.8651547 0.2663031 -0.4257021 -0.8647893 0.2967481 -0.4026274 -0.8659282 0.2333535 -0.4445389 -0.8648303 0.2302288 -0.4451252 -0.865366 0.2297373 -0.4443662 -0.8658864 0.1926912 -0.4642611 -0.8644835 0.1985149 -0.4611818 -0.8648139 0.1951589 -0.4612402 -0.8655463 0.1957474 -0.4623219 -0.864836 0.1916083 -0.4621916 -0.8658321 0.1618805 -0.4753575 -0.8647717 0.1582736 -0.474843 -0.8657214 0.1587951 -0.4760057 -0.8649871 0.1547768 -0.4758348 -0.8658091 0.1610067 -0.4735256 -0.865939 0.1241235 -0.4865986 -0.8647631 0.1205202 -0.4855249 -0.8658755 0.1019946 -0.49059 -0.8654009 0.08269457 -0.4956484 -0.8645775 0.04648281 -0.4980303 -0.8659129 0.04378834 -0.5002729 -0.8647599 0.04680418 -0.5000353 -0.8647394 0.08517057 -0.4928716 -0.8659235 0.008111562 -0.5021389 -0.8647491 0.004925471 -0.5018394 -0.8649467 0.004787457 -0.5005936 -0.8656691 0.0008999318 -0.5003566 -0.8658189 -0.03047554 -0.4992183 -0.8659402 -0.03350396 -0.5003956 -0.8651484 -0.03045507 -0.5012211 -0.8647832 0.007831455 -0.5001082 -0.8659275 -0.06818456 -0.4974098 -0.8648319 -0.07109737 -0.4960619 -0.8653715 -0.07105682 -0.4951581 -0.8658922 -0.1126107 -0.4898616 -0.8644966 -0.1061235 -0.4907551 -0.8648105 -0.1089088 -0.4888455 -0.8655455 -0.1090568 -0.4900588 -0.8648404 -0.1123279 -0.4875647 -0.8658309 -0.1441785 -0.4810038 -0.864782 -0.1467497 -0.4785564 -0.8657068 -0.1469946 -0.4797778 -0.8649889 -0.1502061 -0.4772752 -0.8658213 -0.1436913 -0.4790821 -0.8659289 -0.1814461 -0.4682749 -0.8647519 -0.1837604 -0.4653037 -0.8658664 -0.1222222 -0.486506 -0.865086 -0.2203907 -0.4515598 -0.8645934 -0.2513247 -0.4324836 -0.8659064 -0.2547932 -0.4327423 -0.8647627 -0.2522029 -0.4342993 -0.8647414 -0.2167973 -0.4507446 -0.8659262 -0.2849727 -0.413538 -0.864741 -0.2873932 -0.4114429 -0.8649393 -0.2867757 -0.4103365 -0.8656695 -0.2896622 -0.4080003 -0.8658127 -0.3146993 -0.3887419 -0.8659354 -0.3178896 -0.3879336 -0.8651322 -0.3158874 -0.3903747 -0.8647674 -0.284042 -0.4117188 -0.8659144 -0.3444371 -0.365303 -0.8648219 -0.3460296 -0.3625112 -0.8653607 -0.3454536 -0.3617758 -0.8658984 -0.3759606 -0.3335637 -0.8645166 -0.3713129 -0.3379687 -0.8648143 -0.372481 -0.3347825 -0.865551 -0.3733111 -0.3356897 -0.8648418 -0.3745132 -0.3317948 -0.8658245 -0.3700202 -0.3364976 -0.8659412 -0.3966246 -0.307943 -0.8647891 -0.3972988 -0.3044566 -0.8657135 -0.3952711 -0.3065017 -0.86592 -0.4214473 -0.2735776 -0.8646025 -0.4179747 -0.2747292 -0.8659221 -0.4495302 -0.2277379 -0.8637465 -0.441615 -0.2397259 -0.8645853 -0.4405554 -0.2390034 -0.8653256 -0.4415862 -0.2353254 -0.865808 -0.4556938 -0.2062188 -0.8659198 -0.4586988 -0.204396 -0.8647645 -0.4574744 -0.2072157 -0.8647421 -0.4381959 -0.241157 -0.8659258 -0.4721584 -0.1711112 -0.864747 -0.4728884 -0.1680955 -0.8649396 -0.4717531 -0.1675578 -0.8656635 -0.4727361 -0.1640179 -0.8658052 -0.4819696 -0.1336728 -0.8659312 -0.4840472 -0.1312246 -0.8651465 -0.4838319 -0.1344086 -0.864778 -0.4702879 -0.1702929 -0.865927 -0.4925837 -0.09727059 -0.864812 -0.4922621 -0.09408776 -0.8653471 -0.4913681 -0.0938241 -0.8658836 -0.4998028 -0.05320796 -0.8645034 -0.4985261 -0.05956616 -0.8648257 -0.4976469 -0.05635227 -0.8655472 -0.498848 -0.05660844 -0.8648388 -0.4975436 -0.05268111 -0.8658378 -0.4966466 -0.05915049 -0.865935 -0.5017221 -0.02048987 -0.8647862 -0.5002394 -0.01723872 -0.8657156 -0.4997607 -0.02016983 -0.8659286 -0.5019638 0.02192046 -0.8646108 -0.4998074 0.01896814 -0.8659288 -0.4987274 0.06117392 -0.8645974 -0.5038882 0.06955674 -0.8609638 -0.4907572 0.09666918 -0.8659171 -0.4921441 0.09989695 -0.8647628 -0.4927971 0.09683531 -0.8647392 -0.496799 0.05806 -0.8659214 -0.4837988 0.1347185 -0.8647484 -0.4825991 0.1377024 -0.8649486 -0.4813645 0.1374814 -0.8656715 -0.4801106 0.1409324 -0.8658128 -0.4700135 0.1710613 -0.8659245 -0.4702862 0.1742758 -0.8651351 -0.4719447 0.1715832 -0.8647701 -0.4817691 0.1344474 -0.8659229 -0.4575119 0.2068772 -0.8648033 -0.4553652 0.2093257 -0.8653468 -0.4544825 0.2090208 -0.8658845 -0.437753 0.2470087 -0.8644994 -0.4404567 0.2409728 -0.8648294 -0.4378948 0.2430667 -0.8655442 -0.4390042 0.2435482 -0.8648466 -0.4356921 0.2459631 -0.8658375 -0.4387009 0.240213 -0.8659326 -0.4204005 0.2746029 -0.864787 -0.4173209 0.2763827 -0.8657112 -0.4187085 0.2735635 -0.8659366 -0.395991 0.3092292 -0.8646203 -0.3959509 0.3056178 -0.8659219 -0.3705806 0.3393411 -0.8645909 -0.3716542 0.3219542 -0.8707575 -0.3434582 0.3636212 -0.8659192 -0.3427075 0.3670774 -0.8647576 -0.345024 0.3649589 -0.8647331 -0.3708133 0.3356885 -0.8659161 -0.3156222 0.3906388 -0.864745 -0.3129661 0.3923365 -0.8649418 -0.3120862 0.3914367 -0.8656671 -0.3090067 0.3935565 -0.8658108 -0.2832931 0.4122256 -0.8659186 -0.2816626 0.4149798 -0.8651346 -0.2845567 0.4137592 -0.8647721 -0.3141961 0.3891637 -0.8659286 -0.2522902 0.4341442 -0.8647938 -0.2491075 0.4348955 -0.8653389 -0.2485519 0.4341148 -0.8658904 -0.2133044 0.4550722 -0.8645291 -0.2186694 0.4519456 -0.8648288 -0.2153854 0.4521645 -0.8655382 -0.2160123 0.4532063 -0.8648368 -0.2118455 0.4532472 -0.8658455 -0.2177248 0.4502846 -0.8659328 -0.1828773 0.4676474 -0.8647901 -0.1793612 0.467313 -0.8657067 -0.1820408 0.4658692 -0.8659256 -0.1429147 0.4816867 -0.8646117 -0.1449939 0.4787034 -0.8659213 -0.1047263 0.491441 -0.8645914 -0.1112407 0.4834321 -0.8682851 -0.06852277 0.4954742 -0.8659156 -0.06592754 0.4978305 -0.8647649 -0.06915569 0.4974382 -0.8647385 -0.1070378 0.4886033 -0.8659155 -0.03015348 0.5013139 -0.86474 -0.02702685 0.5011541 -0.864936 -0.02683004 0.4998932 -0.8656713 -0.02292211 0.4998286 -0.8658209 0.008710739 0.5000836 -0.8659334 0.01171381 0.5014141 -0.865128 0.008605132 0.502111 -0.8647604 -0.02986428 0.4992892 -0.8659205 0.04680163 0.4999256 -0.8648028 0.04975712 0.4987196 -0.865334 0.04975633 0.4977548 -0.8658894 0.09084923 0.4943264 -0.864516 0.08439428 0.4949391 -0.8648196 0.08724451 0.4931832 -0.8655395 0.08733848 0.4943871 -0.864843 0.09069218 0.4920408 -0.8658353 0.08425582 0.4930086 -0.865935 0.1225679 0.486931 -0.8647979 0.1252394 0.484618 -0.8657138 0.1224452 0.484969 -0.865917 0.1632633 0.4751809 -0.8646086 0.1598186 0.4739535 -0.865925 0.2000392 0.4609337 -0.8645949 0.2317847 0.4693329 -0.8520578 0.2318383 0.4432105 -0.8659188 0.2353341 0.4436229 -0.8647639 0.2325112 0.4451609 -0.8647371 0.196486 0.459982 -0.8659155 0.2665736 0.4256354 -0.8647388 0.2690008 0.4237086 -0.8649333 0.2684307 0.422571 -0.8656667 0.2713868 0.4203891 -0.8658073 0.2975269 0.4020675 -0.8659211 0.3006646 0.4014244 -0.8651354 0.2985247 0.4038121 -0.8647652 0.265582 0.4238393 -0.8659252 0.3284186 0.3798414 -0.86479 0.3301748 0.3770656 -0.8653358 0.3296212 0.3762907 -0.865884 0.3610096 0.3496998 -0.8645127 0.356116 0.353929 -0.8648211 0.3574248 0.3508329 -0.8655425 0.3582122 0.3517726 -0.8648353 0.3595842 0.3478944 -0.8658341 0.3549233 0.3524014 -0.8659347 0.38247 0.3253185 -0.8648032 0.3833104 0.3218623 -0.8657238 0.3811228 0.3238758 -0.8659387 0.4087509 0.2921211 -0.8646317 0.4053046 0.2931031 -0.8659208 0.4304591 0.2591959 -0.8645937 0.4334117 0.2581038 -0.8634447 0.4460742 0.2262828 -0.8659179 0.4491768 0.2245784 -0.864757 0.4478209 0.2273706 -0.8647306 0.4270257 0.2604645 -0.8659142 0.4641429 0.1918254 -0.8647395 0.4650205 0.188773 -0.8649397 0.4639086 0.1881846 -0.8656647 0.4650486 0.1846944 -0.8658047 0.4756979 0.1545901 -0.8659176 0.477883 0.1522414 -0.8651302 0.4775333 0.1553789 -0.8647655 0.4623165 0.1908621 -0.8659302 0.4879696 0.1184773 -0.8647825 0.4877884 0.1152015 -0.8653272 0.4868681 0.1148853 -0.8658873 0.496985 0.07499393 -0.8645125 0.4954585 0.08126187 -0.8648222 0.4947378 0.07802375 -0.8655326 0.4959074 0.07832702 -0.8648356 0.4947715 0.07438337 -0.8658338 0.4935689 0.08084819 -0.8659407 0.5002695 0.04280307 -0.8648112 0.4989732 0.03955869 -0.8657141 0.4983512 0.04250911 -0.8659325 0.502414 0.0005378768 -0.864627 0.5001527 0.003372471 -0.8659307 0.5009488 -0.0388421 -0.8646049 0.5027623 -0.04151094 -0.8634275 0.4945612 -0.07473279 -0.8659239 0.4960935 -0.07791568 -0.8647661 0.4966098 -0.07486727 -0.8647391 0.4988919 -0.03581702 -0.8659238 0.4892572 -0.1133459 -0.8647428 0.4882285 -0.1162549 -0.864938 0.486965 -0.1160863 -0.8656726 0.4858413 -0.1196743 -0.8658154 0.4770344 -0.1503387 -0.865931 0.4774592 -0.1535885 -0.8651262 0.4790389 -0.150756 -0.8647511 0.4872534 -0.113026 -0.8659153 0.4660212 -0.1869838 -0.8647898 0.4640154 -0.1894916 -0.8653223 0.4630674 -0.1892102 -0.8658915 0.4481158 -0.2276159 -0.8645133 0.4505296 -0.2216133 -0.8648182 0.4480635 -0.2238334 -0.8655274 0.4491815 -0.2242617 -0.8648368 0.4459591 -0.2268142 -0.8658382 0.448743 -0.2208769 -0.8659348 0.4321868 -0.2555643 -0.8648129 0.4292322 -0.2574667 -0.8657197 0.430387 -0.2548183 -0.86593 0.4093913 -0.2912347 -0.8646277 0.4091985 -0.2876313 -0.8659243 0.385358 -0.3224342 -0.8646013 0.3856483 -0.3068752 -0.8701167 0.3592885 -0.34798 -0.8659225 0.3586903 -0.3514438 -0.8647708 0.360987 -0.3491565 -0.8647416 0.3854275 -0.3187932 -0.8659195 0.3326179 -0.3762753 -0.864744 0.3299885 -0.3781173 -0.8649479 0.3290613 -0.3772499 -0.8656796 0.3261134 -0.3794818 -0.8658197 0.3011006 -0.3993766 -0.8659313 0.2995492 -0.4022895 -0.8651205 0.3024232 -0.4009281 -0.8647524 0.3310658 -0.3749349 -0.865921 0.2707806 -0.4228767 -0.864785 0.2676975 -0.4237523 -0.8653161 0.2670913 -0.4229757 -0.8658832 0.2326083 -0.4455668 -0.864502 0.2380309 -0.4420826 -0.8648145 0.2347402 -0.4424593 -0.8655211 0.2354093 -0.4434685 -0.8648226 0.2312492 -0.4436739 -0.865839 0.2370123 -0.4404392 -0.8659321 0.2035045 -0.4590015 -0.8648141 0.2000228 -0.4588398 -0.8657118 0.2026695 -0.4572502 -0.8659372 0.1642646 -0.4747866 -0.8646356 0.1662008 -0.4717422 -0.865931 0.1265793 -0.4862381 -0.8646099 0.1280348 -0.4842883 -0.8654894 0.09050044 -0.4919255 -0.8659208 0.08802022 -0.4943789 -0.8647785 0.09115151 -0.4938622 -0.8647494 0.1287679 -0.483306 -0.8659297 0.0523346 -0.4994836 -0.8647412 0.04915534 -0.4994556 -0.8649439 0.04890488 -0.4982158 -0.8656728 0.0451352 -0.4983247 -0.8658149 0.01319192 -0.500006 -0.8659216 0.0102894 -0.5014511 -0.8651248 0.01347782 -0.5020227 -0.8647494 0.05188358 -0.4974884 -0.8659176 -0.02507617 -0.5015321 -0.8647756 -0.0281688 -0.5004287 -0.8653194 -0.02821119 -0.4994514 -0.8658825 -0.06978802 -0.4978004 -0.8644793 -0.06297897 -0.4981377 -0.8648078 -0.06590711 -0.4965186 -0.8655204 -0.06594776 -0.4977132 -0.8648309 -0.0694048 -0.4954915 -0.8658355 -0.06290425 -0.4961913 -0.8659313 -0.1007665 -0.4918662 -0.8648201 -0.1035473 -0.489686 -0.8657283 -0.1007426 -0.4899052 -0.8659351 -0.1418595 -0.4819447 -0.8646417 -0.1384931 -0.4805829 -0.8659444 -0.1791915 -0.469377 -0.8646245 -0.1857303 -0.4714552 -0.8621104 -0.2119018 -0.4530903 -0.8659139 -0.2153369 -0.4536453 -0.8647751 -0.2124663 -0.4550538 -0.8647451 -0.1757538 -0.4682816 -0.8659231 -0.247385 -0.4370767 -0.8647339 -0.2499621 -0.4352031 -0.8649377 -0.2494439 -0.434043 -0.8656699 -0.2526519 -0.4318936 -0.8658145 -0.279591 -0.4147479 -0.8659174 -0.2827851 -0.4142407 -0.8651227 -0.2805347 -0.4165446 -0.864749 -0.2465674 -0.4351861 -0.8659201 -0.31168 -0.3937408 -0.864768 -0.3135629 -0.3910386 -0.8653134 -0.3130323 -0.3902219 -0.8658739 -0.3459857 -0.3646843 -0.8644647 -0.3406026 -0.3689124 -0.8648084 -0.3420516 -0.3658865 -0.8655217 -0.3427939 -0.3668557 -0.8648174 -0.344326 -0.3630095 -0.8658313 -0.3394288 -0.3673525 -0.8659332 -0.3676255 -0.3419478 -0.8648255 -0.3686127 -0.3386068 -0.8657194 -0.3663945 -0.3404627 -0.8659332 -0.3952901 -0.3100632 -0.8646424 -0.3917981 -0.3109013 -0.8659299 -0.4184166 -0.278161 -0.8646121 -0.4212953 -0.2772351 -0.8635108 -0.4355609 -0.2459151 -0.8659171 -0.4387002 -0.2443614 -0.8647714 -0.4372368 -0.2470728 -0.8647421 -0.4149434 -0.2792754 -0.8659257 -0.4552 -0.2121995 -0.8647336 -0.4561959 -0.2092169 -0.8649356 -0.4550978 -0.2085716 -0.8656696 -0.4564243 -0.2050624 -0.8658097 -0.4684407 -0.1753541 -0.8659182 -0.4707646 -0.1730688 -0.8651172 -0.470275 -0.1762262 -0.864746 -0.4534149 -0.2111803 -0.8659202 -0.4823906 -0.1395631 -0.8647667 -0.4823546 -0.1362717 -0.8653115 -0.4814289 -0.1359071 -0.8658842 -0.4933803 -0.09615401 -0.8644826 -0.4915481 -0.1024957 -0.8647978 -0.4909686 -0.09917079 -0.8655143 -0.4921352 -0.09952874 -0.8648104 -0.4911463 -0.09551123 -0.8658249 -0.4896806 -0.1018874 -0.8659283 -0.4978588 -0.06493153 -0.864824 -0.4967335 -0.06166035 -0.86571 -0.4959598 -0.06462206 -0.8659377 -0.5018536 -0.02297464 -0.8646474 -0.4995078 -0.02567507 -0.8659288 -0.5021679 0.01640045 -0.8646147 -0.4880425 -0.002347006 -0.8728167 -0.4974122 0.05261239 -0.8659175 -0.4990743 0.0557174 -0.8647661 -0.4994534 0.05269399 -0.8647368 -0.4999989 0.0135044 -0.8659208 -0.4938294 0.09146852 -0.8647348 -0.4928941 0.0945187 -0.8649403 -0.4916316 0.09440717 -0.8656706 -0.4907047 0.09792419 -0.8658058 -0.4832 0.1292153 -0.8659221 -0.4837668 0.132435 -0.8651189 -0.4852053 0.1295746 -0.8647464 -0.4917737 0.09131374 -0.8659217 -0.4737579 0.1665332 -0.8647659 -0.4718291 0.1691757 -0.8653075 -0.4708605 0.1689343 -0.865882 -0.457508 0.2082365 -0.864479 -0.4596587 0.2020666 -0.8648022 -0.4572763 0.2044186 -0.8655122 -0.4584438 0.2048079 -0.8648024 -0.4552611 0.2075384 -0.865832 -0.4578074 0.201428 -0.8659325 -0.4430217 0.2362258 -0.8648289 -0.4401928 0.2382486 -0.8657181 -0.4412445 0.2354804 -0.8659401 -0.4219695 0.2725934 -0.8646586 -0.4216332 0.269074 -0.8659241 -0.3993524 0.3049054 -0.86461 -0.3991773 0.4023665 -0.8238681 -0.3744555 0.3316125 -0.8659194 -0.374009 0.3350736 -0.8647791 -0.3761823 0.3327141 -0.8647474 -0.3992801 0.3012544 -0.8659222 -0.3489375 0.3612177 -0.8647337 -0.3464394 0.3631303 -0.8649371 -0.3454769 0.362307 -0.865667 -0.3427102 0.3646093 -0.8658001 -0.3183739 0.3857771 -0.8659181 -0.3169787 0.3887002 -0.8651223 -0.3198135 0.3872061 -0.8647489 -0.3473963 0.3598455 -0.8659256 -0.2890312 0.4106702 -0.8647606 -0.2858644 0.411722 -0.8653131 -0.2852321 0.4109821 -0.8658732 -0.2515717 0.4352048 -0.8644701 -0.2568033 0.4314642 -0.8648068 -0.253534 0.431991 -0.8655081 -0.2542705 0.433002 -0.8647865 -0.2500682 0.4333763 -0.8658238 -0.2235126 0.4495746 -0.8648265 -0.2200478 0.4495815 -0.8657109 -0.2206903 0.4506236 -0.8650053 -0.2167238 0.4509587 -0.8658331 -0.222548 0.4479102 -0.8659382 -0.1879725 0.4656031 -0.8648006 -0.1843103 0.4650413 -0.8658904 -0.149147 0.4796921 -0.8646679 -0.1481906 0.4800794 -0.8646174 -0.1123695 0.4874076 -0.8659139 -0.1100121 0.4899483 -0.8647821 -0.11302 0.489317 -0.8647516 -0.1502473 0.477062 -0.8659316 -0.07442557 0.4966926 -0.8647296 -0.07127284 0.4967986 -0.8649343 -0.07095978 0.4955402 -0.8656816 -0.06726391 0.4958176 -0.8658177 -0.03527057 0.4989418 -0.8659174 -0.03238681 0.5005392 -0.8651078 -0.03555795 0.5009692 -0.8647343 -0.07393473 0.4947002 -0.865913 0.003179345 0.5021817 -0.8647563 0.006331579 0.50121 -0.8653024 0.006421028 0.5001925 -0.8658904 0.04794547 0.5003685 -0.864484 0.04148524 0.5004308 -0.8647821 0.04455391 0.4989121 -0.8655066 0.04454161 0.5001479 -0.8647937 0.0481445 0.4980301 -0.8658222 0.07915126 0.4957808 -0.8648333 0.08192449 0.493814 -0.8656997 0.08200391 0.4949955 -0.8650172 0.08543662 0.4929559 -0.8658493 0.07891058 0.4939018 -0.8659297 0.1172456 0.4882414 -0.8647969 0.119923 0.4856402 -0.8658938 0.131542 0.4830697 -0.8656445 0.1580368 0.4769159 -0.8646245 0.1914089 0.4620955 -0.8659274 0.1948676 0.4628077 -0.8647749 0.1920075 0.4640598 -0.8647437 0.1546567 0.4756718 -0.8659201 0.2277322 0.4476122 -0.8647435 0.2303731 0.4458586 -0.8649499 0.2299107 0.4446858 -0.8656763 0.2330371 0.4427942 -0.86581 0.2609831 0.4266898 -0.8659236 0.2642466 0.4263168 -0.8651173 0.261894 0.4285289 -0.8647396 0.2270215 0.4456983 -0.8659182 0.2941929 0.4069905 -0.8647597 0.2961932 0.404371 -0.8653055 0.295684 0.4035054 -0.8658836 0.3297063 0.3794573 -0.8644686 0.3243982 0.3832963 -0.864783 0.3259996 0.3803076 -0.8655 0.3267052 0.3813181 -0.8647892 0.3284281 0.3774521 -0.8658319 0.352365 0.3576746 -0.8648165 0.3535185 0.3543611 -0.8657094 0.3542897 0.3553015 -0.8650085 0.3558729 0.3516998 -0.8658301 0.3511551 0.3561485 -0.8659379 0.3789022 0.3294461 -0.8648111 0.3795613 0.3258475 -0.8658848 0.3735989 0.3323868 -0.8659924 0.4055447 0.296567 -0.864628 0.4241364 0.2651156 -0.8659226 0.4273362 0.2636994 -0.864781 0.4257312 0.2663855 -0.8647496 0.4020668 0.297519 -0.8659242 0.44529 0.2322538 -0.8647399 0.4464196 0.2292964 -0.8649467 0.44536 0.2286086 -0.8656746 0.4468524 0.2251522 -0.8658115 0.4602258 0.1958724 -0.865925 0.4626722 0.1936677 -0.8651169 0.4620427 0.1968329 -0.8647389 0.4435813 0.2311237 -0.86592 0.4758364 0.1605335 -0.8647593 0.4759443 0.1572116 -0.8653101 0.4750485 0.156812 -0.8658747 0.4887995 0.1174342 -0.8644561 0.4866844 0.123626 -0.864786 0.4862545 0.1202726 -0.8655005 0.4874366 0.1206932 -0.8647767 0.4865934 0.1165514 -0.865819 0.4945716 0.08650227 -0.8648216 0.4935994 0.08317079 -0.8657034 0.4947723 0.08348847 -0.8650029 0.4939596 0.07960647 -0.865833 0.492716 0.08597548 -0.8659325 0.4997698 0.0482709 -0.8648122 0.4982136 0.04494375 -0.8658888 0.4978722 0.04780031 -0.8659321 0.5023683 0.00605674 -0.8646325 0.4992468 -0.03035017 -0.8659281 0.5010422 -0.03338353 -0.8647788 0.5012933 -0.0302813 -0.8647473 0.5000994 0.008841334 -0.8659229 0.4973891 -0.06943569 -0.8647444 0.4966003 -0.07246246 -0.8649493 0.4953421 -0.07240748 -0.8656751 0.494544 -0.07612523 -0.8658125 0.4884431 -0.1077442 -0.8659183 0.4891486 -0.1109342 -0.865117 0.4904788 -0.1079832 -0.8647372 0.4953562 -0.06933852 -0.8659183 0.4806309 -0.1456032 -0.8647506 0.4787925 -0.1483653 -0.8653008 0.4778022 -0.1481648 -0.8658823 0.4661077 -0.1882982 -0.8644578 0.4680187 -0.1820019 -0.8647738 0.4657135 -0.1844917 -0.8654904 0.4668963 -0.1848287 -0.864781 0.4638026 -0.1877107 -0.8658243 0.4528476 -0.2168564 -0.8648135 0.450122 -0.219006 -0.8656943 0.4512508 -0.2194246 -0.8650003 0.4483083 -0.2221314 -0.865839 0.4510505 -0.216137 -0.865932 0.4349333 -0.2508529 -0.8648155 0.4317644 -0.252645 -0.8658811 0.4331637 -0.2500829 -0.8659259 0.412553 -0.2867415 -0.8646266 0.3888811 -0.3145469 -0.8659283 0.3885848 -0.3180153 -0.8647937 0.3905728 -0.3156561 -0.8647625 0.4123208 -0.2831038 -0.8659351 0.3647007 -0.3452634 -0.8647465 0.362247 -0.3473138 -0.8649567 0.3612703 -0.3465508 -0.865671 0.3584548 -0.3491232 -0.8658078 0.335128 -0.3712867 -0.8659304 0.3338436 -0.3743065 -0.865126 0.3366366 -0.3726796 -0.864746 0.3630511 -0.3440402 -0.8659273 0.3067327 -0.397624 -0.8647602 0.3036807 -0.398786 -0.8653021 0.302985 -0.3980415 -0.8658886 0.2701622 -0.423926 -0.8644646 0.2753415 -0.4199517 -0.8647704 0.2719998 -0.4206444 -0.8654908 0.272767 -0.4216053 -0.8647816 0.2685614 -0.4221554 -0.8658288 0.2427044 -0.439557 -0.864803 0.2391799 -0.4397286 -0.8656972 0.2398609 -0.4407322 -0.8649982 0.2359521 -0.4412159 -0.8658263 0.2415971 -0.4379303 -0.8659376 0.2084621 -0.4567501 -0.8648253 0.2048661 -0.4563749 -0.865882 0.2077089 -0.4549941 -0.8659315 0.1694465 -0.4729673 -0.8646328 0.134016 -0.4818912 -0.8659219 0.13178 -0.4845194 -0.8647976 0.1348357 -0.483735 -0.8647657 0.1713614 -0.4698868 -0.865934 0.09650034 -0.4928606 -0.8647405 0.09334873 -0.493102 -0.8649489 0.09299187 -0.4918987 -0.8656721 0.08921889 -0.4923584 -0.8658078 0.05730867 -0.4968773 -0.8659265 0.05450161 -0.4985941 -0.8651205 0.05773714 -0.4988939 -0.8647377 0.09590772 -0.4909015 -0.86592 0.01884363 -0.5018429 -0.8647535 0.01566899 -0.501012 -0.8652984 0.01553607 -0.5000116 -0.8658792 -0.02659269 -0.5020434 -0.8644335 -0.01971341 -0.5017802 -0.8647705 -0.02284898 -0.5003984 -0.8654937 -0.02278209 -0.5016295 -0.8647825 -0.02650573 -0.4996442 -0.8658251 -0.05771514 -0.4987828 -0.8648033 -0.06071051 -0.4968608 -0.8657041 -0.06073966 -0.4981092 -0.8649843 -0.06423292 -0.4962124 -0.8658218 -0.05797507 -0.4968027 -0.865925 -0.09544098 -0.4929242 -0.8648219 -0.0981728 -0.4905155 -0.8658848 -0.09389159 -0.4912339 -0.8659525 -0.1365853 -0.4834613 -0.8646443 -0.1706077 -0.4701879 -0.8659194 -0.1739587 -0.4710302 -0.8647942 -0.1711468 -0.4721144 -0.864764 -0.1332585 -0.4820758 -0.865936 -0.2076036 -0.45731 -0.864736 -0.2102771 -0.4556955 -0.8649423 -0.2098596 -0.4544813 -0.8656822 -0.2131719 -0.4526812 -0.8658161 -0.2418612 -0.4378368 -0.8659111 -0.2450947 -0.4376073 -0.8651176 -0.2426649 -0.4397052 -0.8647388 -0.2068797 -0.4553874 -0.8659232 -0.2760216 -0.4195693 -0.8647391 -0.2781683 -0.4169949 -0.8652962 -0.2777008 -0.4161128 -0.865871 -0.3131809 -0.3933062 -0.8644235 -0.3074757 -0.3970195 -0.8647741 -0.3091989 -0.3941195 -0.8654859 -0.3098634 -0.3951673 -0.8647702 -0.3117584 -0.3913536 -0.8658228 -0.3367047 -0.3724953 -0.8647989 -0.338006 -0.3692476 -0.8656836 -0.3387402 -0.3702278 -0.8649778 -0.3405114 -0.3665877 -0.8658323 -0.3355366 -0.3709262 -0.8659266 -0.363929 -0.3458883 -0.8648219 -0.3647573 -0.3423417 -0.8658835 -0.3610083 -0.346085 -0.8659666 -0.3918552 -0.3143628 -0.8646534 -0.4118774 -0.2837928 -0.8659207 -0.4151111 -0.2825261 -0.8647901 -0.4133928 -0.2851285 -0.864759 -0.3883951 -0.3151561 -0.8659248 -0.4344681 -0.2519091 -0.8647423 -0.435741 -0.2489637 -0.8649548 -0.4347135 -0.2482298 -0.8656825 -0.4363335 -0.2449099 -0.8658131 -0.4511034 -0.2160795 -0.8659188 -0.4536218 -0.2139984 -0.8651196 -0.4528592 -0.2171317 -0.8647383 -0.432833 -0.2506651 -0.865923 -0.4683394 -0.1813166 -0.8647442 -0.4685894 -0.1780013 -0.8652973 -0.4676927 -0.1775524 -0.8658745 -0.4833128 -0.1384536 -0.8644301 -0.4808667 -0.1447099 -0.8647696 -0.4805807 -0.14129 -0.8654937 -0.4817524 -0.1417664 -0.8647642 -0.4810832 -0.1375829 -0.8658118 -0.4904401 -0.1076531 -0.8648002 -0.4896165 -0.1042605 -0.8656821 -0.490783 -0.1046322 -0.8649764 -0.4901144 -0.1006779 -0.8658244 -0.4885609 -0.1071052 -0.8659312 -0.4971264 -0.07027619 -0.8648275 -0.4957526 -0.06692804 -0.8658811 -0.4953784 -0.06914955 -0.8659206 -0.5015731 -0.02846273 -0.8646469 -0.5001017 0.008024345 -0.8659295 -0.5019975 0.01093157 -0.8648 -0.5021075 0.007847204 -0.8647697 -0.4991853 -0.03115587 -0.865935 -0.4999843 0.0471928 -0.8647476 -0.4993255 0.05025828 -0.8649555 -0.4980717 0.05025918 -0.8656781 -0.4974577 0.05394361 -0.8658094 -0.4927382 0.0859489 -0.8659225 -0.4935771 0.08909753 -0.8651262 -0.4947747 0.08610858 -0.8647446 -0.4979396 0.04716845 -0.865928 -0.4865844 0.1242915 -0.864747 -0.4848537 0.1271492 -0.8653033 -0.4838749 0.1269959 -0.8658737 -0.4738779 0.1679574 -0.8644247 -0.4755295 0.1614348 -0.8647603 -0.4733214 0.1640402 -0.8654811 -0.474535 0.1643285 -0.8647616 -0.4715286 0.1673775 -0.8658207 -0.4618009 0.1971842 -0.864788 -0.4591304 0.1994953 -0.8656795 -0.4602955 0.1998698 -0.8649741 -0.4574217 0.2027295 -0.8658326 -0.4599278 0.1965356 -0.8659331 -0.4455143 0.2314894 -0.8648293 -0.4424634 0.233413 -0.8658779 -0.4437267 0.2308073 -0.8659299 -0.4249187 0.2679902 -0.8646533 -0.4025496 0.296853 -0.8659285 -0.4024033 0.3003544 -0.8647883 -0.4042775 0.297913 -0.8647587 -0.4245451 0.2644579 -0.8659235 -0.3797258 0.3286567 -0.8647503 -0.3773938 0.3307839 -0.86496 -0.3763835 0.3300646 -0.8656748 -0.3737852 0.3326692 -0.8658035 -0.3512997 0.3560743 -0.8659097 -0.3501675 0.3590879 -0.8651235 -0.3528584 0.3573633 -0.8647441 -0.378058 0.3274756 -0.8659284 -0.3240274 0.383724 -0.8647324 -0.3209365 0.3850545 -0.8652935 -0.3202124 0.3843456 -0.8658767 -0.2881907 0.411974 -0.864421 -0.2933915 0.4075651 -0.8647613 -0.2900672 0.4084073 -0.8654851 -0.290888 0.4093467 -0.8647655 -0.2867032 0.410077 -0.8658165 -0.2614063 0.4287162 -0.8647943 -0.2579019 0.4290467 -0.8656821 -0.2586412 0.4300389 -0.864969 -0.2546562 0.4306931 -0.8658254 -0.2601941 0.4271589 -0.8659298 -0.2282698 0.4471774 -0.8648268 -0.2246441 0.4469728 -0.8658813 -0.2265776 0.4459144 -0.8659231 -0.1903972 0.4648762 -0.8646612 -0.1554543 0.4753864 -0.865934 -0.1533042 0.4781497 -0.8647951 -0.1560902 0.4772971 -0.8647678 -0.1921536 0.4617707 -0.8659357 -0.1182526 0.4880816 -0.86475 -0.1152508 0.4884434 -0.864951 -0.1148355 0.4872408 -0.8656842 -0.1111875 0.4878576 -0.8658131 -0.07931027 0.4938459 -0.865925 -0.07660624 0.4956625 -0.8651302 -0.07991312 0.4958273 -0.8647365 -0.1177093 0.4861396 -0.8659173 -0.04102108 0.5005295 -0.864747 -0.0377498 0.4998209 -0.8653058 -0.03757671 0.4988514 -0.8658726 0.004751598 0.502773 -0.8644054 -0.002169654 0.5021686 -0.864767 0.001000469 0.5009334 -0.8654853 0.0008775736 0.5021758 -0.8647651 0.00466666 0.5003602 -0.8658047 0.03615817 0.5008228 -0.8647943 0.03922585 0.4990447 -0.865688 0.0391997 0.500301 -0.8649638 0.04280507 0.4985262 -0.8658172 0.03627475 0.4988369 -0.8659364 0.07389031 0.4965958 -0.8648311 0.07670379 0.4943422 -0.8658766 0.07332962 0.4947394 -0.8659421 0.1148856 0.4890284 -0.864669 0.1494276 0.47732 -0.8659313 0.1527332 0.4783065 -0.8648095 0.1497482 0.479302 -0.8647804 0.1116737 0.4875322 -0.8659338 0.1869382 0.4661043 -0.8647548 0.1896727 0.4646123 -0.8649622 0.189315 0.4633994 -0.8656909 0.1926447 0.4617844 -0.8658194 0.2220576 0.4481732 -0.865928 0.2254058 0.4480786 -0.8651115 0.2229083 0.4500557 -0.8647323 0.1863638 0.4641689 -0.865919 0.257245 0.4313238 -0.8647455 0.2594724 0.4288729 -0.8652989 0.2590418 0.4279647 -0.8658774 0.2955355 0.4067298 -0.8644244 0.2898172 0.4101272 -0.8647553 0.2916769 0.4072861 -0.8654726 0.2922935 0.4083611 -0.8647577 0.294371 0.4045976 -0.8658212 0.3203399 0.3867195 -0.8647718 0.3217947 0.3835138 -0.8656589 0.3224804 0.384519 -0.8649576 0.3244272 0.3808976 -0.8658315 0.3190862 0.3851689 -0.8659266 0.3485816 0.3613634 -0.8648164 0.3495778 0.3578508 -0.8658741 0.3475643 0.3596732 -0.8659297 0.3774324 0.3314912 -0.8646724 0.398767 0.3019025 -0.8659329 0.4020427 0.3007827 -0.8648072 0.400241 0.3032537 -0.8647799 0.3739498 0.33214 -0.8659356 0.4228124 0.2709714 -0.8647567 0.4241687 0.268177 -0.8649636 0.4231885 0.2674093 -0.8656811 0.4250008 0.2640918 -0.8658116 0.4410281 0.2359622 -0.8659192 0.4436386 0.2339856 -0.8651217 0.442746 0.2370727 -0.8647385 0.4212067 0.2697437 -0.8659233 0.4598769 0.2018467 -0.8647376 0.4602694 0.1985321 -0.865296 0.4593962 0.1980453 -0.8658713 0.476806 0.1595071 -0.864415 0.4740977 0.1656333 -0.8647526 0.47396 0.1621999 -0.8654786 0.4751077 0.162727 -0.86475 0.4746143 0.1584627 -0.8658123 0.4853479 0.1287949 -0.8647828 0.4846707 0.1253361 -0.8656704 0.4858328 0.1257638 -0.8649566 0.4853149 0.1216997 -0.8658282 0.4835019 0.128074 -0.8659232 0.4936553 0.09168218 -0.8648114 0.4924309 0.08825094 -0.8658658 0.4915574 0.09220565 -0.86595 0.4997452 0.05078781 -0.8646822 0.4999617 0.01431616 -0.8659292 0.5019676 0.01151772 -0.8648097 0.5019341 0.01452934 -0.8647839 0.4973003 0.05332695 -0.8659379 0.5015794 -0.02480962 -0.8647558 0.5010596 -0.02788323 -0.8649635 0.4998045 -0.02793967 -0.8656875 0.4993664 -0.03159829 -0.8658145 0.4960843 -0.06391431 -0.8659188 0.4970591 -0.06703355 -0.8651236 0.4981374 -0.0639681 -0.8647354 0.4995656 -0.02490241 -0.865918 0.491623 -0.1026578 -0.8647359 0.4900166 -0.1055847 -0.8652951 0.4890217 -0.105474 -0.8658712 0.4807908 -0.1471157 -0.8644056 0.4821703 -0.1404265 -0.8647498 0.480052 -0.143157 -0.8654804 0.4812919 -0.143394 -0.8647522 0.4784176 -0.1465759 -0.865813 0.4699221 -0.1770059 -0.8647787 0.4673727 -0.179419 -0.8656625 0.4685598 -0.1797434 -0.8649532 0.4657818 -0.182745 -0.8658243 0.4680226 -0.1764484 -0.865922 0.4551144 -0.2120946 -0.8648044 0.4521138 -0.2141871 -0.8658621 0.4534169 -0.2111132 -0.8659354 0.4363761 -0.2488004 -0.8646815 0.4153983 -0.2786008 -0.8659248 0.4154071 -0.2820255 -0.8648114 0.4171835 -0.2794705 -0.8647855 0.4358642 -0.2453278 -0.8659312 0.3940407 -0.3113355 -0.8647555 0.3917933 -0.3135766 -0.8649669 0.3907321 -0.3128895 -0.8656954 0.3882473 -0.3156201 -0.8658221 0.3668108 -0.3400452 -0.865921 0.3657926 -0.3431498 -0.8651266 0.3684795 -0.3412602 -0.8647336 0.3923047 -0.3103058 -0.8659141 0.3406714 -0.3690148 -0.8647375 0.3376755 -0.3704585 -0.8652951 0.3369269 -0.3697881 -0.8658735 0.3060884 -0.3988804 -0.8644098 0.3110176 -0.3942977 -0.8647528 0.3077315 -0.3952827 -0.8654785 0.308604 -0.3961959 -0.8647499 0.3043894 -0.3971236 -0.8658174 0.279795 -0.416999 -0.8647698 0.2762303 -0.4174955 -0.8656756 0.2770387 -0.4184861 -0.8649387 0.2730231 -0.4193175 -0.8658125 0.2785418 -0.4154004 -0.8659428 0.24727 -0.4369681 -0.8648215 0.2436509 -0.436931 -0.865867 0.2453131 -0.4359091 -0.8659127 0.2108466 -0.4559286 -0.8646808 0.1764948 -0.4680086 -0.86592 0.1745214 -0.4707917 -0.8648106 0.1774474 -0.4697417 -0.8647862 0.2124459 -0.4528072 -0.8659286 0.1400518 -0.4822786 -0.8647502 0.1369585 -0.4827926 -0.8649588 0.1364939 -0.481618 -0.8656867 0.1327024 -0.4824388 -0.8658192 0.1012923 -0.4897961 -0.8659328 0.0986265 -0.4917565 -0.8651291 0.1018384 -0.4917783 -0.8647445 0.1393284 -0.4803716 -0.8659277 0.06311966 -0.4982243 -0.8647477 0.05988051 -0.4976656 -0.8652995 0.05965751 -0.4966736 -0.8658847 0.01751735 -0.5024741 -0.8644148 0.02429843 -0.5016356 -0.8647377 0.02103104 -0.5005219 -0.8654684 0.02120533 -0.5017315 -0.8647635 0.01727701 -0.5000581 -0.8658195 -0.01436602 -0.5019961 -0.8647505 -0.01756885 -0.5003241 -0.86566 -0.01748772 -0.5015695 -0.8649406 -0.02121592 -0.4999238 -0.8658094 -0.01435542 -0.4999453 -0.865938 -0.05251201 -0.499345 -0.8648105 -0.05544335 -0.4972099 -0.865857 -0.05184894 -0.4974501 -0.8659417 -0.09308568 -0.4936039 -0.8646908 -0.1279772 -0.4835276 -0.8659231 -0.131192 -0.4846457 -0.8648162 -0.1281699 -0.4854951 -0.8647931 -0.08999485 -0.4920047 -0.8659286 -0.1659504 -0.4739825 -0.8647549 -0.1687752 -0.472602 -0.8649638 -0.1684743 -0.4713873 -0.8656849 -0.1720193 -0.4698631 -0.8658164 -0.2019001 -0.4576119 -0.865926 -0.2051529 -0.4576583 -0.8651365 -0.2025549 -0.4595383 -0.864752 -0.165436 -0.4720067 -0.8659334 -0.2378675 -0.4423154 -0.8647405 -0.2401877 -0.4399709 -0.8652949 -0.2398006 -0.439051 -0.8658694 -0.2777331 -0.4191715 -0.8643839 -0.2714849 -0.4225263 -0.8647355 -0.2735116 -0.4197024 -0.8654717 -0.2740803 -0.4208047 -0.8647563 -0.2763035 -0.4171681 -0.8658102 -0.3031881 -0.4003237 -0.8647648 -0.3047984 -0.3971543 -0.8656594 -0.3054495 -0.3982061 -0.8649466 -0.3075425 -0.3946775 -0.8658217 -0.302139 -0.3986136 -0.8659211 -0.3327693 -0.3760298 -0.8647926 -0.3339355 -0.3725337 -0.8658555 -0.3313767 -0.3746254 -0.865936 -0.3624074 -0.3478088 -0.8646906 -0.3849177 -0.3193813 -0.8659295 -0.3881938 -0.318423 -0.8648193 -0.3862318 -0.3208576 -0.8647978 -0.3589551 -0.348303 -0.8659309 -0.4102355 -0.2896303 -0.8647666 -0.4117482 -0.2868421 -0.8649769 -0.4108157 -0.2860429 -0.8656847 -0.41272 -0.282905 -0.86581 -0.4300772 -0.2553742 -0.8659201 -0.4327314 -0.2535367 -0.8651374 -0.4316979 -0.2566058 -0.8647488 -0.408744 -0.2882679 -0.8659271 -0.4504518 -0.2220847 -0.8647379 -0.4509843 -0.2187935 -0.8652991 -0.4501194 -0.2182595 -0.8658841 -0.4692849 -0.1804174 -0.8644196 -0.4663617 -0.1863792 -0.8647367 -0.4663712 -0.1828965 -0.8654749 -0.4674897 -0.1834717 -0.8647494 -0.4671865 -0.1791895 -0.8658105 -0.4793015 -0.1498234 -0.8647676 -0.4787757 -0.1463326 -0.8656562 -0.479922 -0.1468132 -0.8649397 -0.4795732 -0.1426898 -0.8658229 -0.4774246 -0.1491314 -0.8659247 -0.4892878 -0.1128419 -0.8647914 -0.4882076 -0.1093162 -0.8658541 -0.4874218 -0.1121903 -0.8659292 -0.4970165 -0.07271212 -0.8646893 -0.4988306 -0.03659311 -0.8659267 -0.5009446 -0.03390842 -0.8648148 -0.5007665 -0.03687797 -0.8647965 -0.4944856 -0.07512578 -0.8659331 -0.5021736 0.002357058 -0.8647636 -0.5017938 0.005454661 -0.86497 -0.5005351 0.005567005 -0.8656983 -0.5002656 0.009209818 -0.865823 -0.4984353 0.04172264 -0.8659223 -0.4995426 0.04479891 -0.8651302 -0.5004832 0.04170008 -0.8647413 -0.5001744 0.002546661 -0.865921 -0.4956955 0.08069906 -0.8647391 -0.4942137 0.0836947 -0.8653023 -0.4963388 0.08383574 -0.8640714 -0.4887774 0.1066056 -0.8658707 -0.4878988 0.1190482 -0.8647441 -0.4859131 0.1218472 -0.8654719 -0.4876621 0.1221015 -0.8644518 -0.4846412 0.1288152 -0.8651759 -0.4772322 0.1563405 -0.8647584 -0.4747463 0.1589086 -0.8656581 -0.4756483 0.1591126 -0.8651254 -0.4699222 0.1716285 -0.8658619 -0.4752707 0.1558441 -0.8659275 -0.4638494 0.1923062 -0.8647902 -0.4609359 0.1945402 -0.8658477 -0.4622602 0.1909292 -0.8659455 -0.4468313 0.2294508 -0.864693 -0.4273967 0.2598035 -0.8659297 -0.4275595 0.2632019 -0.8648223 -0.4291722 0.2606206 -0.8648053 -0.4461742 0.2260282 -0.8659329 -0.4075057 0.2934515 -0.864769 -0.4054042 0.2957482 -0.8649743 -0.4088358 0.2977604 -0.8626657 -0.3888595 0.3126764 -0.8666152 -0.381633 0.3233213 -0.8659213 -0.3807491 0.3264628 -0.8651313 -0.3833004 0.3244968 -0.8647442 -0.4057733 0.2924497 -0.8659222 -0.3567406 0.3535068 -0.8647364 -0.3538225 0.3550697 -0.8652948 -0.3517113 0.3533421 -0.8668613 -0.3430707 0.3623935 -0.8665873 -0.3281695 0.3801819 -0.8647349 -0.3248542 0.3813322 -0.8654799 -0.3358772 0.3918796 -0.8565143 -0.3070268 0.3888098 -0.868655 -0.2399388 0.4405347 -0.8650772 -0.258239 0.4295708 -0.8653217 -0.2657632 0.4256883 -0.864962 -0.2654827 0.4262851 -0.8647543 -0.2963114 0.4029689 -0.8659189 -0.2942281 0.4050379 -0.865664 -0.2977754 0.4043849 -0.8647559 -0.3266207 0.3788178 -0.8659191 -0.1980461 -0.9801914 0.001565793 -0.7349688 -0.6781009 9.713446e-05 -0.9985841 -0.05301203 0.004415615 -0.8433148 0.5374109 0.003129025 -0.1946005 -0.9807374 -0.01687077 -0.2697642 -0.9629215 -0.003076822 -0.343289 -0.9391719 0.01043952 -0.7288654 -0.6844224 -0.01792399 -0.7792873 -0.6266565 -0.003602624 -0.8253019 -0.5645996 0.01019831 -0.9909037 -0.1332334 -0.01893606 -0.9983696 -0.05691558 -0.004321473 -0.9997445 0.02033738 0.009869554 -0.8838109 0.4674147 -0.0200459 -0.8453933 0.5341211 -0.004990811 -0.8016666 0.5976963 0.009470846 -0.4474355 0.8940668 -0.02111961 -0.3775693 0.9259636 -0.005735088 -0.3047839 0.952376 0.009309618 -0.2301429 0.9728655 0.02381346 -0.2705095 0.9624233 0.02379055 -0.07617239 0.9968072 0.02394074 0.7536753 0.6572067 -0.007256418 0.8021145 0.5971125 0.008302517 0.8456646 0.5331947 0.02355493 0.918305 0.3951653 0.02366814 0.9953058 0.09643749 -0.008123626 0.9997764 0.01964395 0.007834069 0.998059 -0.05770471 0.0234149 0.9769264 -0.2122813 0.02348213 0.8658768 -0.5001749 -0.009089522 0.8249449 -0.5651659 0.007310541 0.7785752 -0.627119 0.0232873 0.6715518 -0.7405931 0.02324028 0.4136616 -0.9103765 -0.009923894 0.3426362 -0.9394425 0.006939694 0.2690639 -0.9628465 0.02305272 0.1159253 -0.9929916 0.0229978 -0.1927939 -0.9811801 -0.01077145 -0.2672553 -0.9636056 0.006233357 -0.3407715 -0.939871 0.02274459 -0.4828436 -0.8754105 0.02277048 -0.7273573 -0.6861584 -0.01174219 -0.777668 -0.6286495 0.005697502 -0.8236557 -0.5666384 0.0226314 -0.9017903 -0.4315817 0.0226191 -0.9906666 -0.1356971 -0.01288235 -0.9982199 -0.05942672 0.005042238 -0.9846672 0.1730125 0.02229732 -0.8847287 0.4658979 -0.01394381 -0.8468248 0.5318544 0.004296898 -0.7006541 0.7131624 0.02197715 -0.1555306 0.987595 0.02158996 0.4474607 0.894049 0.02133635 0.8838062 0.4673874 0.02087102 0.8672763 -0.4978267 0.0005444913 0.4159505 -0.9093872 -0.000422033 -0.1896217 -0.9818563 -0.001363038 -0.7253923 -0.6883318 -0.002302843 -0.6093956 -0.7928653 -0.001317362 -0.6704813 -0.7419253 -0.001306139 -0.610616 -0.7919194 -0.003447847 -0.6080878 -0.7938622 0.003472429 -0.5451332 -0.8383409 -0.003777936 -0.5475681 -0.8367574 -0.002505039 -0.5450815 -0.8383793 -0.002504911 -0.5473735 -0.8368792 0.003932506 -0.4782808 -0.878198 -0.003965859 -0.4809056 -0.876771 -0.001558883 -0.4782515 -0.8782216 -0.001558712 -0.480738 -0.8768553 0.003995602 -0.4082405 -0.9128645 -0.00425811 -0.4111212 -0.9115805 -0.0005642987 -0.4081842 -0.9128994 -0.0005640849 -0.410991 -0.9116293 0.004300587 -0.3357597 -0.9419381 -0.004246025 -0.3387275 -0.9408843 0.0006104316 -0.3356896 -0.9419724 0.000610781 -0.3386243 -0.9409115 0.004375129 -0.2615526 -0.9651793 -0.004396077 -0.2645732 -0.9643642 0.00163124 -0.2610929 -0.9653123 0.001631408 -0.2645049 -0.9643735 0.004575969 -0.1860671 -0.9825273 -0.004388102 -0.1892186 -0.9819301 0.003094685 -0.1858107 -0.9825807 0.003094902 -0.1889154 -0.981983 0.004516352 -0.1101232 -0.9939075 -0.004550775 -0.1133904 -0.9935401 0.004559602 -0.03567259 -0.9993635 5.987342e-06 -0.111208 -0.9937972 1.866533e-05 -0.03732316 -0.9992939 -0.004310638 -0.03320796 -0.9994382 0.004526411 0.04333875 -0.999049 -0.004777172 0.0402318 -0.9991845 -0.00341876 0.04385468 -0.9990321 -0.003418572 0.04027117 -0.9991757 0.005124609 0.1211909 -0.9926162 -0.005089725 0.1173363 -0.9930904 -0.001959324 0.1213549 -0.9926073 -0.001959058 0.1177444 -0.99303 0.005267584 0.1983104 -0.9801248 -0.00531727 0.1944751 -0.9809071 -0.0007273181 0.1984646 -0.9801077 -0.0007269052 0.1946817 -0.9808512 0.005474322 0.274271 -0.9616371 -0.005437977 0.2704733 -0.9627272 0.0006618898 0.2744763 -0.9615937 0.0006623021 0.2705771 -0.9626817 0.005665597 0.3481735 -0.9374142 -0.00547028 0.3445435 -0.9387682 0.001997574 0.3485208 -0.9372989 0.001998096 0.3445964 -0.9387342 0.005601625 0.4197641 -0.9076153 -0.005713527 0.4161179 -0.9093034 0.003657203 0.4200178 -0.9075085 0.003657472 0.4164395 -0.9091465 0.005551619 0.4882398 -0.8726901 -0.005823049 0.4847037 -0.8746619 0.005380305 0.5492321 -0.8356689 0.001305005 0.4876281 -0.8730504 0.001318676 0.5498628 -0.8352386 -0.005221701 0.5540509 -0.832465 0.005435703 0.6161824 -0.7875807 -0.005989002 0.6126231 -0.790365 -0.00402284 0.6163586 -0.7874553 -0.004022775 0.6129876 -0.7900676 0.006274235 0.6756675 -0.7371795 -0.006317085 0.6721479 -0.7404128 -0.002463402 0.6757243 -0.7371504 -0.002463336 0.6724071 -0.7401525 0.006567283 0.731009 -0.6823377 -0.006414853 0.7278865 -0.6856969 -0.001030189 0.7312478 -0.6821113 -0.001029204 0.7280166 -0.6855271 0.006673131 0.7820784 -0.6231446 -0.006639266 0.7791256 -0.6268675 0.0007050847 0.782284 -0.6229216 0.0007055489 0.7792686 -0.6266535 0.006776886 0.8282244 -0.5603557 -0.006768417 0.8255432 -0.5643335 0.002483456 0.8284303 -0.5600866 0.002483757 0.8256783 -0.5640999 0.006827369 0.8691502 -0.4945005 -0.006869801 0.8667864 -0.498661 0.004288181 0.8693593 -0.4941621 0.004288509 0.8668205 -0.4985726 0.006898135 0.9045718 -0.4262658 -0.00688477 0.9025297 -0.4305816 0.006311056 0.9327354 -0.3605525 0.002546447 0.9046722 -0.4261005 0.002563086 0.9326628 -0.3606982 -0.00608967 0.9347727 -0.355191 0.0062784 0.9591921 -0.2826628 -0.007233146 0.9577066 -0.287704 -0.004957199 0.9592652 -0.2824636 -0.004956231 0.9578061 -0.2873186 0.007447681 0.9782757 -0.2071713 -0.007543629 0.9771326 -0.212609 -0.003063142 0.9783267 -0.2070443 -0.003062615 0.9771989 -0.2121856 0.007722529 0.9914452 -0.1302959 -0.007706602 0.9907371 -0.1357884 -0.001197195 0.9915078 -0.1300416 -0.001196693 0.9907568 -0.1354219 0.007863526 0.9985893 -0.05250799 -0.007900172 0.9983119 -0.05807495 0.0007240963 0.9986386 -0.05215668 0.0007250595 0.9982978 -0.05777025 0.00800712 0.9996443 0.02544628 -0.007997976 0.9997987 0.01987255 0.002763627 0.9996616 0.02586729 0.002763979 0.9997657 0.02006278 0.008120295 0.9946632 0.1028609 -0.008044873 0.99524 0.09733098 0.004918826 0.9946344 0.1033355 0.004919534 0.9952014 0.09751082 0.00810412 0.9838076 0.1790449 -0.008102936 0.9847921 0.1735874 0.007208335 0.9684403 0.2492169 0.003786324 0.9837403 0.1795568 0.003810208 0.9687591 0.247906 -0.006957817 0.9670529 0.2544761 0.007109924 0.9447573 0.3276604 -0.008500948 0.9468407 0.3216512 -0.005760865 0.9447372 0.327778 -0.005760604 0.9466102 0.3222634 0.008679525 0.9164729 0.4000009 -0.008753308 0.9190196 0.3941949 -0.003642337 0.9164156 0.4002115 -0.003641594 0.9187919 0.3946405 0.008954715 0.882504 0.4702199 -0.008942943 0.8855127 0.464613 -0.00145644 0.8824012 0.4704955 -0.001455002 0.8852777 0.4649735 0.009113624 0.8431242 0.5376412 -0.009147767 0.8465462 0.5323149 0.0006599612 0.8428939 0.5380793 0.0006600586 0.846371 0.5325117 0.009353574 0.798636 0.6017445 -0.009182362 0.8024654 0.5966908 0.003063239 0.7983793 0.602147 0.00306423 0.8022984 0.5968501 0.009341139 0.7495551 0.6618762 -0.009326282 0.7537606 0.6571264 0.005465527 0.7491058 0.6624278 0.005466049 0.7536517 0.657206 0.00944876 0.7013453 0.7127802 -0.007693049 0.6959458 0.7180521 0.007790121 0.6439748 0.76503 0.005056253 0.6955508 0.718459 0.005079478 0.6393599 0.7688552 -0.008982662 0.6442273 0.7647725 0.009702103 0.5780794 0.8159235 -0.009648662 0.5837954 0.8118736 -0.006649805 0.5782303 0.8158466 -0.006649275 0.5835631 0.8120078 0.009859709 0.5132629 0.8581724 -0.01006414 0.5193822 0.8545311 -0.004325951 0.5130455 0.8583505 -0.004325327 0.5189235 0.8547598 0.01021255 0.4447865 0.8955782 -0.01022513 0.4512554 0.8923932 -0.001734072 0.4445673 0.8957437 -0.001732689 0.4508687 0.8925287 0.01048586 0.3735529 0.9275512 -0.01034871 0.3801189 0.9249374 0.0006109382 0.3731213 0.9277824 0.0006118379 0.379941 0.9249499 0.01060878 0.300066 0.9538606 -0.01051393 0.3069372 0.9517238 0.003394377 0.2996738 0.9540357 0.003395901 0.306671 0.9517563 0.01062592 0.2251487 0.9742666 -0.01061066 0.2320887 0.9726762 0.005992844 0.2244296 0.9744718 0.005993672 0.2318466 0.9726945 0.01061803 0.1571415 0.9875385 -0.008627618 0.1486669 0.9888483 0.008783705 0.07938705 0.9968232 0.006409276 0.1492924 0.9887722 0.006430703 0.0732373 0.997261 -0.01033856 0.08032517 0.9967098 0.01082879 -0.004080804 0.9999307 -0.01104318 0.004379287 0.9999627 -0.007445664 -0.003822152 0.999965 -0.007445056 0.003486856 0.9999316 0.01115969 -0.08124914 0.99663 -0.0112804 -0.07318492 0.997307 -0.004764527 -0.08137693 0.996672 -0.00476338 -0.07380451 0.9972064 0.01149471 -0.158599 0.9872758 -0.01151927 -0.1506903 0.9885789 -0.002072125 -0.1589782 0.98728 -0.002070572 -0.1512044 0.9884328 0.01173656 -0.2351689 0.9718843 -0.01168458 -0.2273636 0.9738096 0.0007964782 -0.2355807 0.9718544 0.0007980525 -0.2279078 0.9736126 0.01168524 -0.3102495 0.9505795 -0.01198992 -0.3026333 0.9531006 0.003529219 -0.3108079 0.9504662 0.003531028 -0.3027185 0.953003 0.01211192 -0.3831519 0.9236099 -0.01181016 -0.3758535 0.9266554 0.006636147 -0.383775 0.9234028 0.006636974 -0.37559 0.9267049 0.01226022 -0.4455718 0.8951979 -0.009295129 -0.4539443 0.8909789 0.009540646 -0.5121091 0.8588869 0.007581905 -0.4532907 0.8913303 0.007607132 -0.5202178 0.8539537 -0.0116814 -0.51345 0.8580336 0.01214 -0.5842718 0.8114672 -0.01214076 -0.5770617 0.8166575 -0.008390986 -0.584366 0.8114469 -0.00839084 -0.5777776 0.8160999 0.01241034 -0.6453611 0.763774 -0.01258267 -0.638595 0.7695238 -0.005441059 -0.6455848 0.7636692 -0.005439575 -0.639117 0.7690034 0.01277664 -0.7028564 0.7112161 -0.01282942 -0.6966406 0.7174161 -0.002474747 -0.7032338 0.7109544 -0.002472265 -0.6969962 0.716957 0.01299516 -0.7562243 0.654182 -0.0130615 -0.7504908 0.6608805 0.0006422946 -0.7566586 0.6538099 0.0006445239 -0.7507272 0.6604795 0.01325085 -0.8049364 0.5932159 -0.0131241 -0.7997842 0.6002755 0.003796039 -0.8054201 0.5926921 0.003798297 -0.7999347 0.5999404 0.01326817 -0.8485883 0.5288886 -0.01322134 -0.8440195 0.5362664 0.007023705 -0.8491039 0.5281792 0.007025949 -0.8441143 0.5360003 0.01322059 -0.882522 0.4701576 -0.01032713 -0.8873454 0.460991 0.01026135 -0.9158028 0.4015361 0.008604011 -0.8873035 0.4611053 0.008626541 -0.9196886 0.3924356 -0.01293258 -0.9162689 0.400341 0.0133545 -0.9470876 0.320693 -0.01345353 -0.9440256 0.3297364 -0.009457999 -0.9471939 0.320522 -0.009456979 -0.9442681 0.3288919 0.01370675 -0.9690758 0.2463724 -0.01388186 -0.9667189 0.2557681 -0.006101287 -0.9692184 0.2461267 -0.006099462 -0.9668482 0.2549639 0.01406685 -0.9853027 0.1702278 -0.01417748 -0.9837068 0.1797587 -0.002773365 -0.9854788 0.1697765 -0.002770806 -0.9837359 0.1790457 0.01436259 -0.995581 0.09279781 -0.01438835 -0.994744 0.1023913 0.0005946265 -0.9957389 0.09221487 0.0005964718 -0.9946964 0.1018226 0.01452947 -0.9997841 0.01484876 -0.01453583 -0.9996935 0.02442605 0.004023981 -0.9998926 0.01409473 0.004026044 -0.9996052 0.0239875 0.01462997 -0.9979115 -0.06292883 -0.01458625 -0.9985419 -0.05344778 0.00758925 -0.9979326 -0.06381948 0.00759097 -0.9984471 -0.05375288 0.01462861 -0.9914965 -0.1296619 -0.01107394 -0.9899732 -0.1408208 0.01106823 -0.978565 -0.2057119 0.009656915 -0.9899967 -0.1407581 0.009687516 -0.7235885 -0.6901296 0.01186815 -0.6757539 -0.7370501 0.01067667 -0.7234979 -0.6902435 0.01070684 -0.9764301 -0.2153609 -0.01428664 -0.9783988 -0.2062067 0.01464547 -0.9572084 -0.2890343 -0.01453387 -0.960049 -0.2796362 -0.01046261 -0.9570236 -0.2898214 -0.0104634 -0.9597195 -0.2805552 0.01507727 -0.9317502 -0.362784 -0.01514566 -0.935581 -0.3530475 -0.006756695 -0.9317133 -0.3631318 -0.006754133 -0.9351817 -0.3538315 0.01543487 -0.9007129 -0.4341389 -0.01548274 -0.905304 -0.4247525 -0.003146533 -0.9005806 -0.4346777 -0.003143397 -0.9048604 -0.425419 0.0156923 -0.8640686 -0.5031269 -0.0157787 -0.8693902 -0.494126 0.0005065893 -0.8638433 -0.5037603 0.0005096115 -0.8689796 -0.4945903 0.01597157 -0.8221704 -0.5690204 -0.01585982 -0.8281296 -0.5605203 0.004272513 -0.82184 -0.5697023 0.004276159 -0.8277485 -0.5608718 0.01597253 -0.7754065 -0.6312594 -0.01600633 -0.7819549 -0.6232825 0.008091778 -0.7749135 -0.6320155 0.008094203 -0.7816232 -0.6235465 0.0159664 -0.7319624 -0.6812416 -0.01187539 -0.187528 -0.9821779 0.01264156 -0.1206477 -0.992627 0.01165736 -0.1875834 -0.9821792 0.01168659 -0.6692637 -0.7428614 -0.01558438 -0.676731 -0.7360559 0.01602464 -0.6118472 -0.7908285 -0.01528028 -0.6191688 -0.785174 -0.01148444 -0.6102144 -0.7921531 -0.011484 -0.6183661 -0.7857201 0.01635201 -0.5472889 -0.8367802 -0.01654592 -0.5568179 -0.8306012 -0.007456839 -0.5470421 -0.8370719 -0.007454438 -0.5559478 -0.8310449 0.0169257 -0.4805943 -0.8767833 -0.01673598 -0.4904489 -0.8714629 -0.003511022 -0.4802077 -0.8771479 -0.003507675 -0.4896624 -0.8717478 0.01692706 -0.4106496 -0.9116287 -0.01732069 -0.4210478 -0.9070385 0.0003979171 -0.4100858 -0.9120469 0.0004015467 -0.4202827 -0.9072278 0.01732375 -0.3383279 -0.9408696 -0.01727896 -0.3488297 -0.9371762 0.004331433 -0.3374573 -0.9413309 0.004334258 -0.3483415 -0.9372045 0.01749041 -0.2640572 -0.9643516 -0.01731363 -0.2747531 -0.9614767 0.008559298 -0.2630723 -0.9647381 0.008561784 -0.2743972 -0.9614571 0.01750803 -0.2003779 -0.9796384 -0.01254003 -0.1126608 -0.9934866 -0.01708109 -0.1234222 -0.9922043 0.01724939 -0.0386181 -0.9991185 -0.01645358 -0.04874837 -0.9987349 -0.01234063 -0.03604623 -0.999274 -0.01233972 -0.04707618 -0.9987355 0.01764084 0.0410534 -0.998996 -0.01793486 0.02884331 -0.9995505 -0.008176927 0.04145285 -0.999107 -0.008174456 0.03002862 -0.9993852 0.01809873 0.1186908 -0.9927615 -0.01836202 0.1065444 -0.9943003 -0.00390175 0.119127 -0.9928714 -0.003898279 0.1073901 -0.9940431 0.01859351 0.1956258 -0.9805045 -0.01847924 0.1838394 -0.9829562 0.0003045076 0.1964317 -0.9805175 0.000308333 0.1845852 -0.9826383 0.01871951 0.2715559 -0.9622405 -0.01872725 0.2600697 -0.9655793 0.004514298 0.2725509 -0.9621308 0.004518225 0.2606173 -0.9652587 0.01882358 0.3456279 -0.9381834 -0.01880067 0.3345285 -0.9423435 0.008903526 0.3468309 -0.9378853 0.008906326 0.3350191 -0.9420242 0.01877947 0.4056466 -0.9139323 -0.01336131 0.418412 -0.9081606 0.01326409 0.4788806 -0.8777913 0.01247729 0.4184772 -0.9081411 0.01250478 0.485867 -0.8738353 -0.01857932 0.4756543 -0.8794384 0.0184674 0.5406972 -0.8411344 -0.0118136 0.4841405 -0.874911 -0.01178167 0.5406343 -0.8411534 -0.01323943 0.5524892 -0.833411 0.01347895 0.6140869 -0.7890027 -0.01928591 0.6038581 -0.7970418 -0.00892769 0.6144716 -0.7888885 -0.008924989 0.6047084 -0.7962078 0.0195196 0.6735174 -0.7389082 -0.0197223 0.6640413 -0.7476825 -0.004470396 0.6740788 -0.7386459 -0.004465958 0.664613 -0.7469229 0.01989181 0.7290977 -0.684116 -0.02004902 0.7203386 -0.6936226 0.000135155 0.7297356 -0.6837294 0.000139257 0.7207576 -0.6928946 0.02014161 0.7802656 -0.6251206 -0.0202429 0.7723244 -0.6352109 0.004729468 0.7810345 -0.6244701 0.004732532 0.7726234 -0.634539 0.02033045 0.8265666 -0.5624756 -0.02021917 0.8195199 -0.5729744 0.009351761 0.827391 -0.5615485 0.009354789 0.8195548 -0.5726351 0.02047133 0.8609217 -0.5085453 -0.01398465 0.8684145 -0.49564 0.01404652 0.8981129 -0.4395584 0.01347466 0.8684567 -0.4955811 0.01350326 0.9032932 -0.4285611 -0.01991834 0.8979474 -0.4396785 0.01932262 0.9286772 -0.3707387 -0.01055579 0.9032984 -0.4288837 -0.01052566 0.928565 -0.3709086 -0.01392659 0.9340494 -0.3568634 0.01415016 0.9582664 -0.2851321 -0.02061801 0.954424 -0.2982952 -0.009735123 0.95857 -0.2846906 -0.009731968 0.9546272 -0.2970647 0.02096339 0.9775108 -0.2098271 -0.02110222 0.9747439 -0.2232717 -0.004895389 0.9778576 -0.2092139 -0.004891192 0.9747692 -0.2221911 0.02135478 0.9908892 -0.1329598 -0.02145703 0.9892043 -0.1465428 -6.875752e-05 0.9912295 -0.1321522 -6.352235e-05 0.9890981 -0.145657 0.0216532 0.9982402 -0.05519923 -0.02166706 0.9976213 -0.06876751 0.004771323 0.998521 -0.0541565 0.004777417 0.9974414 -0.06808686 0.02179616 0.9995049 0.02273836 -0.02174595 0.9999094 0.009291002 0.00973733 0.9996644 0.02400731 0.009740335 0.9997145 0.009811169 0.02178684 0.9962038 0.08579317 -0.01474806 0.9947143 0.1016162 0.01475411 0.9865916 0.1625765 0.01434697 0.9947216 0.1016004 0.01436632 0.9866478 0.1622142 -0.01458164 0.9839588 0.1778036 0.01452878 0.971379 0.2373552 -0.009234829 0.9841515 0.17709 -0.009209265 0.9713422 0.2372429 -0.01448926 0.9674382 0.2526767 0.01475796 0.9453923 0.3251804 -0.0221582 0.9502473 0.3113182 -0.01054236 0.9454668 0.3255483 -0.0105394 0.9496647 0.3124682 0.02237518 0.9173543 0.3974303 -0.02259207 0.9232901 0.3840666 -0.005333513 0.9172938 0.3981755 -0.005327301 0.9225917 0.3850999 0.02285928 0.8835913 0.4677003 -0.02286766 0.8904949 0.4549932 -0.0002557825 0.8833866 0.468645 -0.0002495187 0.8898427 0.4556778 0.02318763 0.8443817 0.5352436 -0.0231055 0.8521885 0.5232126 0.004836557 0.8439525 0.536396 0.004841001 0.851595 0.5236803 0.02334344 0.8001031 0.5994145 -0.02318152 0.8087181 0.5881097 0.01010253 0.7995171 0.6005583 0.01010676 0.8082052 0.5884437 0.02320132 0.7612829 0.6482342 -0.01551316 0.750233 0.6609932 0.01544161 0.7029594 0.7110693 0.01511808 0.7503015 0.6609221 0.01515502 0.7090772 0.7049652 -0.01528011 0.6971442 0.7167689 0.01524099 0.6529346 0.7573732 -0.007889777 0.6978835 0.7161681 -0.007863248 0.6411612 0.7672205 -0.01688354 0.6517913 0.7580426 0.02322741 0.5805905 0.8138608 -0.02335043 0.5929593 0.8051513 -0.01143247 0.5800274 0.8145168 -0.01142958 0.5916688 0.8058283 0.02384889 0.5155635 0.8565164 -0.02395482 0.5287362 0.8487655 -0.005927182 0.5149857 0.8571783 -0.005921932 0.5275582 0.8491707 0.02431812 0.4470569 0.8941702 -0.02448953 0.4608653 0.88747 -0.000476846 0.4464287 0.8948191 -0.0004704971 0.4598798 0.8876389 0.02464865 0.3760193 0.9262838 -0.02465505 0.3901706 0.9207291 0.004990462 0.3749818 0.9270187 0.004996783 0.3892507 0.9207962 0.02486501 0.3025992 0.9527968 -0.02473681 0.3169446 0.9483867 0.01043071 0.3013563 0.9534545 0.0104353 0.3162204 0.9483642 0.02469881 0.2434659 0.9697754 -0.01612135 0.22624 0.9739404 0.01598352 0.1991064 0.9798487 0.01590911 0.226285 0.9739311 0.01591565 0.1679346 0.9856693 -0.01594255 0.1504799 0.9884865 0.01582103 0.09143212 0.9957879 -0.006833026 0.1512742 0.9884685 -0.006800344 0.07559545 0.996971 -0.01828214 0.09042992 0.9955937 0.02481156 -0.0006168759 0.9996963 -0.02463664 0.01523029 0.9998095 -0.01220786 -0.001529468 0.9999244 -0.01220415 0.01374267 0.9995829 0.02540012 -0.07817921 0.9966189 -0.02527515 -0.06227907 0.9980379 -0.00646329 -0.07926548 0.9968326 -0.006457302 -0.06358051 0.9976408 0.02588929 -0.1557478 0.987459 -0.02583246 -0.1399884 0.9901528 -0.0008054929 -0.1569452 0.987607 -0.000798399 -0.1409614 0.9896675 0.02622854 -0.2323483 0.9722816 -0.02612687 -0.2169008 0.976181 0.004968381 -0.2337144 0.9722925 0.004974735 -0.2177075 0.9756588 0.02632897 -0.3075449 0.951168 -0.02637245 -0.2924988 0.9562045 0.01083483 -0.308948 0.9510171 0.01083962 -0.2929762 0.9557537 0.02645419 -0.3648876 0.9309016 -0.01670785 -0.3821874 0.9239347 0.01665882 -0.4071106 0.9132275 0.01662788 -0.3820764 0.9239811 0.01663438 -0.4355781 0.899999 -0.01654147 -0.4522691 0.8917286 0.01651402 -0.5036421 0.863895 -0.005484973 -0.4513862 0.892312 -0.005449065 -0.5180204 0.8551478 -0.01941737 -0.5046201 0.8629497 0.02600759 -0.5822033 0.8126039 -0.02672596 -0.5680876 0.8228637 -0.01310767 -0.5824845 0.8127362 -0.01310336 -0.5691932 0.8217611 0.02697882 -0.6430141 0.7653843 -0.02682833 -0.6302397 0.7763692 -0.006994043 -0.6439312 0.7650515 -0.006987715 -0.631059 0.7752526 0.02734806 -0.7005906 0.7130389 -0.02735814 -0.6887793 0.7249703 -0.001069735 -0.7017363 0.712436 -0.00106109 -0.6893777 0.7238732 0.02767435 -0.7542003 0.6560546 -0.02782574 -0.7433394 0.6688955 0.005024374 -0.75532 0.6553369 0.005031063 -0.7436673 0.6679648 0.027963 -0.8030601 0.5952442 -0.02790691 -0.7933146 0.6087106 0.01110402 -0.8042867 0.5941377 0.01110887 -0.7936102 0.6077883 0.02786311 -0.8468953 0.5310289 -0.0278709 -0.838279 0.5449681 0.01726723 -0.848048 0.529638 0.01726997 -0.8021727 0.5936473 0.06404572 -0.877219 0.4797847 -0.0171273 -0.8864012 0.4626052 0.01700963 -0.9117015 0.4108291 -0.004455275 -0.886139 0.4633985 -0.004424236 -0.9901421 -0.1389519 0.01763325 -0.9807731 -0.1951226 -0.003381129 -0.9903948 -0.1382283 -0.003342507 -0.9186184 0.3945988 -0.02078552 -0.9118991 0.4094813 0.0276612 -0.9458962 0.3232806 -0.02774774 -0.9402968 0.3400669 -0.01401222 -0.9463972 0.3227012 -0.01400754 -0.9405839 0.3383818 0.02827632 -0.9680899 0.2489728 -0.02853604 -0.9638753 0.2662448 -0.007635641 -0.9686638 0.2482587 -0.007626438 -0.9638749 0.2647856 0.02887669 -0.9845156 0.1728739 -0.02904557 -0.9817118 0.1903689 -0.00129287 -0.9851221 0.1718513 -0.001283319 -0.9815218 0.1890943 0.02929849 -0.9949935 0.09553165 -0.02935507 -0.9935767 0.1130502 0.005001696 -0.9955432 0.09417275 0.005009266 -0.9932666 0.1120197 0.02954458 -0.9994094 0.01760519 -0.02951165 -0.9993229 0.03500051 0.01134451 -0.999808 0.01597271 0.01135001 -0.9989737 0.03428078 0.02960146 -0.9977526 -0.06016641 -0.02949082 -0.9989145 -0.04303215 0.01783278 -0.9979123 -0.06207062 0.01783585 -0.9985511 -0.04602247 0.02788621 -0.992772 -0.1187043 -0.01769358 -0.9768113 -0.2129586 -0.02210081 -0.9801244 -0.1962335 0.02913403 -0.9575861 -0.2866665 -0.02917582 -0.9630093 -0.269053 -0.01495002 -0.9576333 -0.2876024 -0.01494487 -0.9621917 -0.2707365 0.02981265 -0.9324443 -0.3600647 -0.03001601 -0.9393739 -0.342797 -0.008175267 -0.9325081 -0.3610568 -0.008166211 -0.9384199 -0.344159 0.03037443 -0.9015817 -0.4315224 -0.03064165 -0.9098419 -0.4149518 -0.0016374 -0.9014947 -0.4327873 -0.001630306 -0.908879 -0.4159138 0.03089732 -0.8651736 -0.5005167 -0.03094562 -0.8746083 -0.4848055 0.004905093 -0.8648289 -0.5020428 0.004911078 -0.8737223 -0.485426 0.03116236 -0.823449 -0.5665329 -0.03118144 -0.8339815 -0.5516698 0.01163521 -0.8228295 -0.5681691 0.01164282 -0.8331832 -0.5521147 0.03122722 -0.7768807 -0.6288782 -0.03112262 -0.7882819 -0.615042 0.01830153 -0.7758324 -0.6306735 0.01830328 -0.7917314 -0.6098377 0.03548704 -0.7259332 -0.68707 -0.03091844 -0.7380747 -0.6742443 0.02530722 -0.6852385 -0.7283149 -0.002337413 -0.6709658 -0.7411183 -0.02342116 -0.6839048 -0.7289257 0.03068424 -0.6125283 -0.7898555 -0.03061413 -0.6277725 -0.7782342 -0.01591467 -0.6119885 -0.7907067 -0.01590952 -0.626056 -0.7791474 0.03135581 -0.5494048 -0.8349599 -0.0315645 -0.5657723 -0.8245144 -0.008815204 -0.5488878 -0.8358497 -0.008806592 -0.5641766 -0.8250297 0.03210429 -0.4828526 -0.8751138 -0.03208018 -0.4999139 -0.8660731 -0.001834155 -0.4820509 -0.8761414 -0.001823711 -0.4984162 -0.8663307 0.03244075 -0.4130164 -0.9101374 -0.0326709 -0.4306382 -0.9025113 0.004915687 -0.4118679 -0.9112302 0.004924332 -0.4293839 -0.9025287 0.03273187 -0.3408038 -0.9395623 -0.03279402 -0.3587851 -0.9333435 0.01195827 -0.339284 -0.9406078 0.01196664 -0.3575417 -0.9333248 0.0326897 -0.2665769 -0.9632539 -0.03284323 -0.2847308 -0.9584199 0.01897192 -0.2646466 -0.9641588 0.01897649 -0.3107836 -0.9490451 0.05221973 -0.1913441 -0.980991 -0.03231286 -0.2093254 -0.9775003 0.02600128 -0.1349803 -0.9908473 -0.001397886 -0.1151204 -0.993044 -0.02471437 -0.1333959 -0.9905414 0.03214533 -0.03909495 -0.9987135 -0.03229201 -0.05917326 -0.998103 -0.01699478 -0.03832053 -0.999121 -0.0169901 -0.0572125 -0.9978225 0.03281759 0.03838861 -0.9987073 -0.03331731 0.01806209 -0.9997916 -0.009516424 0.03921784 -0.9991854 -0.009508071 0.01977384 -0.9992404 0.03357923 0.1156565 -0.9927154 -0.03375761 0.09581959 -0.9953958 -0.002406625 0.1171497 -0.9931114 -0.002395828 0.09720191 -0.9946792 0.0341335 0.1928295 -0.9806349 -0.03423295 0.1732916 -0.9848583 0.004921197 0.1945104 -0.9808881 0.00493079 0.1744446 -0.9840657 0.03440695 0.2687129 -0.9626057 -0.03440385 0.2497722 -0.9682289 0.01210408 0.2707242 -0.9625809 0.0121121 0.2506088 -0.9674721 0.03453825 0.3429784 -0.938709 -0.03451353 0.3246733 -0.9456254 0.01948799 0.3449073 -0.9384344 0.01949186 0.3234192 -0.9455823 0.03569364 0.4145989 -0.9093574 -0.0343053 0.3971237 -0.9173706 0.02690697 0.4658158 -0.8848816 -0.000456327 0.4836424 -0.8748691 -0.02634449 0.4666052 -0.8838215 0.03374943 0.5498628 -0.8345305 -0.03478162 0.5314084 -0.846925 -0.01797955 0.5496205 -0.835221 -0.01797441 0.5328565 -0.8455046 0.0344341 0.6116849 -0.7903346 -0.03482562 0.5952331 -0.8034877 -0.01025472 0.6127484 -0.7902116 -0.01024558 0.5962744 -0.8020045 0.0352948 0.6711249 -0.7405009 -0.03535392 0.6559325 -0.7548148 -0.002671473 0.6725648 -0.7400334 -0.002660536 0.6566435 -0.7533482 0.03585585 0.7267917 -0.6859248 -0.03579174 0.7128629 -0.7012867 0.004848488 0.7284532 -0.6850783 0.004858235 0.7133515 -0.6998735 0.03614889 0.7781315 -0.6270646 -0.0360762 0.765523 -0.6432905 0.01233203 0.7798057 -0.6259001 0.01233969 0.7658426 -0.6420163 0.0360589 0.8246261 -0.5645167 -0.03623234 0.8133579 -0.5814242 0.01986952 0.8262404 -0.5629669 0.01987357 0.8221307 -0.5687425 0.02515855 0.8659003 -0.4989148 -0.03606458 0.8559736 -0.5162809 0.02762774 0.8929765 -0.4501031 0.0005072412 0.9020794 -0.4306855 -0.0276199 0.8930856 -0.448487 0.03546219 0.9313965 -0.362423 -0.03391249 0.924412 -0.3809178 -0.01907818 0.9327448 -0.3600326 -0.01907211 0.9247686 -0.3788202 0.03603181 0.9570606 -0.2876012 -0.03634 0.9511325 -0.3085881 -0.01096865 0.957932 -0.2867858 -0.01095915 0.9511124 -0.3066341 0.03688819 0.9764698 -0.2124503 -0.03703576 0.9722874 -0.2337691 -0.003032188 0.9774243 -0.2112644 -0.003025018 0.9719935 -0.23201 0.03741793 0.9900389 -0.135684 -0.03758954 0.9875692 -0.1571144 0.004709782 0.9909576 -0.1340924 0.004720179 0.9870802 -0.1556951 0.03784003 0.9975988 -0.05799328 -0.03786109 0.9967709 -0.07932391 0.01246453 0.9983528 -0.0559991 0.01247286 0.9962101 -0.07824778 0.03798357 0.999082 0.01992957 -0.03792163 0.999793 -0.001138681 0.0203176 0.9995454 0.02226946 0.02032114 0.9993421 0.001741647 0.03622625 0.9945325 0.09736352 -0.03775422 0.9966497 0.07670836 0.02837321 0.9883362 0.1522817 0.0013282 0.9950932 0.09893256 0.001363839 0.984314 0.1739903 -0.02921314 0.9874645 0.1535162 0.03669519 0.9737858 0.2266845 -0.01885414 0.9843578 0.175173 -0.01882167 0.9682202 0.2492832 -0.02018671 0.9727809 0.2286564 0.03759615 0.9458398 0.3223918 -0.03808699 0.9535612 0.3009727 -0.0116773 0.9461648 0.3234751 -0.01166553 0.9523127 0.3026926 0.03844186 0.9180033 0.3946744 -0.03876038 0.9273593 0.3741558 -0.003489292 0.9181357 0.3962509 -0.003476605 0.9260179 0.3754427 0.03915877 0.8844637 0.464957 -0.03922782 0.895306 0.4454281 0.004584488 0.895291 0.4454582 0.004584513 0.8454365 0.5326032 -0.03963496 0.8576305 0.5141116 0.0126199 0.8449259 0.5347341 0.01262941 0.8564696 0.5146667 0.03972186 0.8013473 0.5968797 -0.03971378 0.8146676 0.579559 0.02069253 0.8003806 0.5991348 0.02069626 0.8293591 0.5551552 0.06297733 0.7526229 0.6572662 -0.03949511 0.7668705 0.6411443 0.02904507 0.7162589 0.6978313 0.002145929 0.7521273 0.6590142 0.00218136 0.6996976 0.713779 -0.03070706 0.7147 0.6984186 0.03762196 0.6611797 0.7500231 -0.01751353 0.6998051 0.7141198 -0.01748577 0.6428353 0.765707 -0.02134924 0.6590598 0.7510683 0.03919975 0.582341 0.8119817 -0.03955577 0.6016431 0.7986681 -0.01244323 0.5818219 0.8132212 -0.0124323 0.5994475 0.7994106 0.04006662 0.5176595 0.8546342 -0.0403592 0.5378671 0.8430205 -0.00393485 0.5167142 0.856149 -0.00392135 0.5358267 0.8433386 0.04086246 0.4494548 0.8923658 -0.04090818 0.4703228 0.8824835 0.00439466 0.4704837 0.8823978 0.004394555 0.3784355 0.924707 -0.04127267 0.3998139 0.9165072 0.01278208 0.37673 0.9262348 0.01279348 0.3982738 0.9163399 0.04122004 0.3051105 0.951407 -0.0416212 0.326827 0.9448478 0.02113397 0.3030316 0.952746 0.02113983 0.3687352 0.9260818 0.08004246 0.2303467 0.9722325 -0.04128116 0.2520297 0.9672666 0.02960461 0.1780546 0.9840164 0.002868125 0.2286946 0.9734939 0.002904001 0.1544023 0.9874833 -0.03219676 0.1763008 0.9835787 0.03861451 0.1026386 0.9945852 -0.01630142 0.1540306 0.9879321 -0.01627025 0.07791282 0.9967041 -0.0225933 0.1003289 0.9941193 0.04075246 0.001636409 0.999139 -0.0414571 0.02606247 0.9995716 -0.01331344 0.0006948235 0.9999112 -0.01330287 0.02383869 0.9988426 0.04177522 -0.07549159 0.99626 -0.04203406 -0.05156931 0.9986593 -0.004497819 -0.07714939 0.9970094 -0.004484121 -0.05337048 0.9976681 0.0425451 -0.1530467 0.9872884 -0.04287699 -0.1294094 0.9915821 0.004267369 -0.1293933 0.9915842 0.004267359 -0.2295662 0.9723296 -0.04329469 -0.2065182 0.9783567 0.01297783 -0.2318586 0.9726627 0.01298937 -0.2077937 0.9772243 0.04306224 -0.304597 0.9514983 -0.0432612 -0.2824369 0.959044 0.02153697 -0.3074009 0.9513361 0.02154421 -0.3014595 0.9530996 0.0268952 -0.3776608 0.9249384 -0.04314294 -0.3563873 0.9338445 0.0303752 -0.4267705 0.904353 0.003572629 -0.3797752 0.9250718 0.003605108 -0.4483977 0.8931941 -0.03382174 -0.4275929 0.9031054 0.03955717 -0.4940785 0.8692854 -0.01514725 -0.449204 0.8933014 -0.01511652 -0.5160092 0.8562506 -0.02386506 -0.4955789 0.8675227 0.04249566 -0.5794587 0.8138601 -0.04311977 -0.5591807 0.8289254 -0.01413084 -0.5806805 0.814009 -0.01412013 -0.5606251 0.8269325 0.04338494 -0.6405654 0.7666466 -0.04392003 -0.6217965 0.7831634 -0.004929635 -0.6423334 0.7664096 -0.004915542 -0.6227069 0.7811936 0.04441676 -0.698229 0.7144958 -0.04440732 -0.6810412 0.7322338 0.004069623 -0.6810188 0.7322547 0.004069604 -0.751853 0.6577952 -0.04497144 -0.736181 0.6766599 0.01299664 -0.7540566 0.6566806 0.01301002 -0.7363611 0.6750847 0.04509089 -0.8008697 0.5971365 -0.04511958 -0.7867879 0.6168333 0.02194506 -0.8030683 0.5954824 0.0219536 -0.8056849 0.5920674 0.01811243 -0.8448572 0.5330939 -0.04502286 -0.8323368 0.5533999 0.03104731 -0.8726112 0.488397 0.004267541 -0.8840435 0.4660642 -0.03537307 -0.872509 0.4869144 0.04052519 -0.9070768 0.4207331 -0.0139763 -0.917608 0.3966902 -0.02514874 -0.9071954 0.4183834 0.04417858 -0.9444696 0.3255575 -0.04460331 -0.9365563 0.3501946 -0.0150398 -0.9456809 0.3247488 -0.01502785 -0.9365538 0.3476087 0.04511482 -0.9667657 0.2515766 -0.04553374 -0.9609659 0.2766121 -0.005515177 -0.9681687 0.2502382 -0.005497498 -0.9605324 0.2743337 0.04602858 -0.9833779 0.1755798 -0.0462565 -0.979617 0.2008373 0.003860596 -0.9796228 0.2008092 0.003860617 -0.9940568 0.09830861 -0.04676061 -0.9922534 0.1235414 0.01306545 -0.9952952 0.09600201 0.01307824 -0.9914119 0.1220603 0.04694363 -0.9986891 0.02045417 -0.04692372 -0.9987182 0.04543367 0.02230959 -0.9995947 0.01767279 0.02231899 -0.9990326 0.0291624 0.03291794 -0.9972587 -0.05729282 -0.04682517 -0.9989614 -0.03274103 0.03169066 -0.9940388 -0.1089114 0.005008976 -0.9902054 -0.1346475 -0.03692384 -0.9930444 -0.1102558 0.04130867 -0.9828063 -0.1841876 -0.01291327 -0.9771938 -0.2106976 -0.02643395 -0.9814252 -0.1862559 0.04597244 -0.9577358 -0.2839405 -0.04604177 -0.9658168 -0.2587354 -0.01593703 -0.9582441 -0.2855078 -0.01592457 -0.9642363 -0.2608628 0.04689407 -0.9328277 -0.3572131 -0.04723713 -0.9430004 -0.3327371 -0.006026638 -0.9332625 -0.3591448 -0.006008127 -0.9412255 -0.3343752 0.0478317 -0.9021825 -0.4286701 -0.04804763 -0.9142016 -0.4052436 0.003616932 -0.9142222 -0.4051972 0.003616904 -0.8659898 -0.4976983 -0.04855922 -0.8796237 -0.4754898 0.01310176 -0.8656665 -0.5004492 0.01311605 -0.878003 -0.4761479 0.04892696 -0.8245002 -0.5637606 -0.04871676 -0.8395129 -0.5428683 0.02262949 -0.8309658 -0.555863 0.0226297 -0.7781256 -0.626216 -0.04872462 -0.7942936 -0.6066802 0.03220003 -0.7462736 -0.6656152 0.005665365 -0.7273712 -0.6851612 -0.03854034 -0.7444083 -0.6663866 0.04225132 -0.6931638 -0.7206841 -0.01176907 -0.6725979 -0.7394882 -0.02773575 -0.6906972 -0.7215779 0.04756945 -0.6140215 -0.7878272 -0.04802118 -0.6361606 -0.7713737 -0.01680503 -0.6137086 -0.7893541 -0.01679124 -0.6334019 -0.772294 0.0486198 -0.5514071 -0.8327997 -0.0489385 -0.5745242 -0.8184601 -0.006715477 -0.550631 -0.8347219 -0.006700237 -0.5720651 -0.8187132 0.04950128 -0.4850174 -0.8730792 -0.0499086 -0.5091397 -0.8606775 0.003306639 -0.508958 -0.8607851 0.003306764 -0.4153946 -0.9082408 -0.05045793 -0.4401926 -0.8978059 0.01322982 -0.413504 -0.910406 0.01324597 -0.4382262 -0.8974317 0.05073787 -0.3432881 -0.9378711 -0.05050828 -0.3683912 -0.9293856 0.02302845 -0.1703538 -0.9851289 0.02237743 -0.269189 -0.961754 -0.05066131 -0.294501 -0.9550853 0.03288264 -0.2206903 -0.9753242 0.006199705 -0.1935748 -0.9802621 -0.04018681 -0.2191104 -0.9747484 0.04308592 -0.1457886 -0.9892567 -0.01080228 -0.1173612 -0.9926623 -0.02911807 -0.1431995 -0.988464 0.04932432 -0.04141622 -0.997893 -0.04993989 -0.07001279 -0.9973883 -0.01774739 -0.04051402 -0.9990215 -0.01773533 -0.06709564 -0.9964823 0.05021274 0.03545878 -0.9980742 -0.05089914 0.007387342 -0.9999459 -0.00732022 0.03722034 -0.9992804 -0.007302597 0.009648572 -0.9986266 0.05149596 0.1127219 -0.99229 -0.05152017 0.08522156 -0.9963575 0.002998339 0.08531017 -0.9963499 0.002998397 0.1898136 -0.9804223 -0.05237369 0.16285 -0.9865637 0.01311272 0.1926817 -0.9811735 0.01312921 0.1642923 -0.9850175 0.05242654 0.26577 -0.9625974 -0.05265538 0.2396589 -0.9705808 0.02316046 0.2834507 -0.9587098 0.02304973 0.3399599 -0.938975 -0.05247181 0.3147832 -0.9485714 0.03352411 0.386489 -0.9222682 0.006905355 0.4122359 -0.9101217 -0.04171217 0.3876117 -0.9207801 0.0438318 0.4558344 -0.8900089 -0.009954581 0.4816166 -0.8758473 -0.03061155 0.4574353 -0.8877657 0.05123522 0.5461461 -0.8361139 -0.05136133 0.522229 -0.8525974 -0.01883459 0.5478188 -0.8363853 -0.01882329 0.5239626 -0.8501406 0.05219541 0.6088623 -0.7915413 -0.05243077 0.5866255 -0.8098195 -0.007942385 0.6111207 -0.7914977 -0.007924019 0.5876901 -0.8073315 0.05325541 0.6684725 -0.7418085 -0.05352258 0.6478311 -0.7617789 0.002774751 0.6480176 -0.7616203 0.002774898 0.7242284 -0.6874248 -0.05422524 0.7053658 -0.7087213 0.01316039 0.7271068 -0.6863978 0.01317783 0.7056996 -0.7064321 0.05423724 0.7756742 -0.6287683 -0.05458892 0.7586094 -0.6511202 0.02354387 0.8023717 -0.5963709 0.02326789 0.8222992 -0.566452 -0.05436935 0.8070136 -0.5895509 0.03403873 0.8503357 -0.5261901 0.007280954 0.8644137 -0.5008963 -0.04349453 0.8501832 -0.524591 0.04464019 0.8879774 -0.4597968 -0.009113902 0.9319497 -0.3620402 -0.01991835 0.9009854 -0.4326622 -0.03207206 0.8878375 -0.4570706 0.05320831 0.920145 -0.390932 -0.02247639 0.9319436 -0.3620557 -0.01991836 0.9202139 -0.387702 0.05379109 0.9554733 -0.290007 -0.05446719 0.9477926 -0.3187726 -0.008564932 0.9573592 -0.2887736 -0.008549985 0.9471955 -0.3158976 0.05503995 0.975026 -0.2150795 -0.05536512 0.9697515 -0.2440828 0.002382282 0.9697564 -0.244063 0.002382297 0.9887794 -0.1384369 -0.05612874 0.9857816 -0.1675173 0.01313624 0.9906374 -0.1358842 0.0131534 0.9845839 -0.1655581 0.05643482 0.9965494 -0.06084996 -0.05644961 0.9956835 -0.08970765 0.02381048 0.9996669 -0.01092646 0.02338397 0.9982668 0.01701245 -0.0563383 0.9993387 -0.01143044 0.03451696 0.9978472 0.06511652 0.007802287 0.9944596 0.09490579 -0.0451998 0.996745 0.06656808 0.0454779 0.9899356 0.1412838 -0.008157332 0.968749 0.2471454 -0.02108537 0.9845791 0.1717147 -0.03343799 0.9881109 0.1435228 0.05511891 0.9761145 0.2160688 -0.022687 0.9687338 0.2472045 -0.02108531 0.9741926 0.2187406 0.055688 0.9460111 0.3192474 -0.05607323 0.9567377 0.2908022 -0.009330619 0.9468439 0.3215586 -0.009312428 0.9544668 0.2928531 0.05683549 0.9183288 0.3916552 -0.05725668 0.9312825 0.3642924 0.001995448 0.9312861 0.3642832 0.001995438 0.8850029 0.4619608 -0.05798288 0.8998802 0.4359421 0.01303806 0.885088 0.4652406 0.01305518 0.8976672 0.4367843 0.05842093 0.8462033 0.5296406 -0.05848869 0.8627655 0.5050337 0.02401251 0.8248672 0.5648362 0.02353832 0.8023617 0.5939887 -0.05825158 0.8202659 0.5709119 0.034978 0.7746848 0.6322935 0.008269723 0.7539494 0.65525 -0.0469877 0.7728158 0.6329463 0.0462025 0.7239583 0.6898053 -0.007284592 0.644412 0.7643532 -0.02230676 0.7012768 0.7120394 -0.03479919 0.7209611 0.6906216 0.05707028 0.6692066 0.7427235 -0.02289731 0.6444935 0.7642844 -0.02230681 0.6660008 0.7437265 0.05756547 0.5838407 0.8097736 -0.05828234 0.610075 0.7922812 -0.009951381 0.5835282 0.8120321 -0.009928682 0.6068206 0.7926847 0.05847847 0.5196049 0.8523545 -0.05918235 0.5467802 0.8372747 0.00158941 0.5468273 0.8372439 0.001589357 0.5175182 0.8553395 0.02385725 0.4515405 0.8902315 -0.05999155 0.4795656 0.8774092 0.01303781 0.4796385 0.8773694 0.01303775 0.4493333 0.8930414 0.02401162 0.3806903 0.9227195 -0.06052762 0.4092809 0.9120831 0.02436161 0.3209409 0.9468059 0.02357126 0.3782581 0.9253988 0.02361863 0.3076131 0.9495943 -0.06037264 0.3364339 0.9410346 0.0355849 0.2633586 0.9646586 0.008720968 0.3054533 0.9521668 0.008751765 0.232648 0.9713472 -0.0485753 0.2616909 0.9640064 0.04700541 0.1887757 0.9819988 -0.006486557 0.2315669 0.9727975 -0.006457059 0.1566052 0.9869874 -0.03648103 0.1858701 0.9808217 0.05866136 0.1134467 0.9932899 -0.02247319 0.1623231 0.9864824 -0.02244268 0.08000965 0.9965134 -0.02365294 0.1102311 0.9921278 0.0594268 0.004693808 0.9982039 -0.05972189 0.03663736 0.9992694 -0.01088439 0.002747269 0.9999372 -0.01086476 0.03379731 0.9975962 0.06049327 -0.07255933 0.995496 -0.06101505 -0.04095354 0.9991604 0.001127671 -0.04093888 0.999161 0.001127661 -0.1497863 0.9867907 -0.06171075 -0.1188917 0.9928237 0.01288398 -0.1191707 0.9927902 0.01288421 -0.1962772 0.9802417 0.02452613 -0.2264548 0.9720104 -0.06256151 -0.1535503 0.9878491 0.02400915 -0.3016024 0.9513991 -0.06225453 -0.2724809 0.9614833 0.03610884 -0.3454502 0.9383912 0.00927761 -0.3752543 0.9255564 -0.05029542 -0.3466775 0.9367725 0.04766748 -0.4165214 0.9091077 -0.005764251 -0.4462763 0.8940957 -0.03781968 -0.4182357 0.9063812 0.05959936 -0.484372 0.8746065 -0.0211436 -0.5141903 0.8573219 -0.02464515 -0.4865338 0.8715245 0.06107322 -0.5762179 0.8149865 -0.06139807 -0.7289298 0.684142 0.02472151 -0.7828286 0.6217824 0.02379081 -0.7527901 0.6578294 0.02382122 -0.5503362 0.8348609 -0.01171396 -0.5504113 0.8348114 -0.01171395 -0.5800539 0.8142379 0.02354081 -0.6125304 0.7900871 -0.02385202 -0.6409297 0.7675992 0.0007097858 -0.6134835 0.7897072 0.0006860934 -0.6413785 0.7668499 0.02397596 -0.6719887 0.7401702 -0.02406678 -0.6989619 0.7150458 0.01271615 -0.6730525 0.7394857 0.01269256 -0.6991645 0.7145509 0.02420968 -0.7491203 0.6592899 -0.06446478 -0.7982331 0.5989242 -0.06413849 -0.780059 0.6246476 0.03637928 -0.8261471 0.5633754 0.009445605 -0.8432842 0.5349227 -0.05224318 -0.8261276 0.5613967 0.04844554 -0.8670253 0.4982389 -0.005021735 -0.8828313 0.4680311 -0.03944288 -0.8667352 0.495062 0.06069342 -0.9023094 0.4306215 -0.0200674 -0.9167335 0.398654 -0.02597426 -0.9020752 0.4269475 0.0630552 -0.942569 0.3279125 -0.06353902 -0.9906921 0.1338481 0.02477204 -0.9981469 0.0560095 0.02378362 -0.9949313 0.0976989 0.0238041 -0.9328292 0.3601007 -0.01253179 -0.9328256 0.3601102 -0.01253178 -0.9453208 0.3252806 0.02368713 -0.95746 0.2875799 -0.0238383 -0.9677013 0.2520994 0.0002152729 -0.9579919 0.2867952 0.0001903876 -0.9676527 0.2511381 0.0240426 -0.9768593 0.2125204 -0.02410043 -0.9843923 0.1755339 0.0126301 -0.977405 0.2109988 0.01261216 -0.9842602 0.1750546 0.02424211 -0.9926459 0.1011364 -0.06652483 -0.9975289 0.02337146 -0.06625546 -0.9977663 0.05569066 0.03689371 -0.9997303 -0.02103242 0.009839115 -0.9970365 -0.05484401 -0.05394756 -0.9985366 -0.02258558 0.04913639 -0.9951935 -0.0978312 -0.004347862 -0.990352 -0.1323718 -0.0409953 -0.9930512 -0.1002484 0.06164139 -0.9846641 -0.1734276 -0.0189571 -0.9776251 -0.2085787 -0.02727942 -0.9821865 -0.1762919 0.06504545 -0.9574931 -0.2809827 -0.06523647 -0.8843313 -0.4661927 0.02495105 -0.8457765 -0.5330033 0.02386325 -0.8663962 -0.498786 0.02388023 -0.9685417 -0.2484909 -0.01339214 -0.9685405 -0.2484952 -0.01339214 -0.9582648 -0.2848971 0.02370891 -0.9465131 -0.3217821 -0.02385657 -0.9339432 -0.3574213 -0.000266376 -0.9464877 -0.3227398 -0.0002940492 -0.9333525 -0.3581512 0.02410207 -0.9187326 -0.3941409 -0.02415229 -0.9030193 -0.429419 0.01246725 -0.9183981 -0.395462 0.01244279 -0.9026567 -0.4296707 0.02437159 -0.8664314 -0.4945685 -0.0685471 -0.8251953 -0.560702 -0.06830851 -0.8446962 -0.5339411 0.03735103 -0.8016654 -0.5976865 0.0101708 -0.7793462 -0.6241081 -0.05575442 -0.799844 -0.5981316 0.04988258 -0.7534107 -0.6575402 -0.003628133 -0.7288508 -0.6833504 -0.04252829 -0.7502344 -0.6582016 0.06260203 -0.7008781 -0.7130553 -0.01794644 -0.6741735 -0.7380165 -0.02866518 -0.6970964 -0.7138475 0.06692022 -0.6155473 -0.7852139 -0.06738397 -0.4493583 -0.893 0.02506257 -0.3800823 -0.9246446 0.02386669 -0.4150177 -0.9094998 0.02388462 -0.6441996 -0.7647219 -0.01439992 -0.6442835 -0.7646512 -0.01439992 -0.6140642 -0.7889003 0.02369705 -0.5837873 -0.8115562 -0.02385271 -0.5522956 -0.8336478 -0.0008867249 -0.5832171 -0.8123158 -0.0009114728 -0.5512208 -0.8340122 0.02406693 -0.5191979 -0.8543128 -0.02414639 -0.485262 -0.8742835 0.01220849 -0.5181043 -0.8552307 0.01218492 -0.4846886 -0.8743482 0.02433536 -0.4175439 -0.9059069 -0.07063799 -0.3456662 -0.9357314 -0.07015394 -0.3777596 -0.9251368 0.03767614 -0.3057533 -0.9520538 0.01041254 -0.2714514 -0.9607324 -0.05750933 -0.3039457 -0.9513512 0.0504775 -0.2315623 -0.9728152 -0.00310531 -0.1957673 -0.9796523 -0.04423393 -0.2285909 -0.9714462 0.0635489 -0.1565183 -0.9875305 -0.01689315 -0.1195188 -0.9923824 -0.02987428 -0.1528589 -0.9858419 0.06892043 -0.04445996 -0.9966106 -0.06921361 -0.08043246 -0.9966422 -0.01532596 -0.08038703 -0.9966459 -0.01532595 -0.04097074 -0.9988816 0.02359545 -0.00411658 -0.999708 -0.02381084 0.03516206 -0.9993806 -0.001440285 -0.003187284 -0.9999938 -0.00146693 0.03628643 -0.9990516 0.02406576 0.07328063 -0.9970192 -0.02413781 0.1133241 -0.9934861 0.01196464 0.07488046 -0.997121 0.01193964 0.1138031 -0.9932073 0.02425157 0.1867377 -0.9797005 -0.0729109 0.1525447 -0.9879763 0.02516121 0.234648 -0.9717912 0.02371038 0.1908878 -0.9813248 0.02373634 0.2625996 -0.9621751 -0.07252938 0.2295172 -0.9725594 0.03808193 0.303731 -0.9526973 0.01073803 0.2664456 -0.9637898 0.01076402 0.3375522 -0.9394254 -0.05948498 0.3049357 -0.9510046 0.05103306 0.37626 -0.9265107 -0.00249697 0.3404482 -0.9402601 -0.002470854 0.4100875 -0.910901 -0.04569092 0.3779157 -0.9235899 0.0645088 0.446106 -0.8948377 -0.01596225 0.4109957 -0.911498 -0.0159394 0.4797069 -0.8768643 -0.03146997 0.4479876 -0.8912066 0.07111921 0.5129166 -0.8581213 -0.02333047 0.5459515 -0.8376579 -0.01631573 0.5132251 -0.8580985 -0.01633799 0.5473869 -0.8365468 0.02360258 0.5771754 -0.8162743 -0.02376673 0.6096077 -0.7927006 -0.002044927 0.5780436 -0.8160031 -0.002072584 0.6103013 -0.7918049 0.02403197 0.638561 -0.7691932 -0.02411837 0.6696801 -0.7425586 0.01163107 0.6396039 -0.7686171 0.01160185 0.6699651 -0.7419956 0.02427834 0.7212191 -0.6886522 -0.07484088 0.6978222 -0.7158296 0.0251427 0.7509793 -0.6599004 0.02369786 0.7257481 -0.6875517 0.02371667 0.7728012 -0.6302519 -0.07457149 0.7515231 -0.6585854 0.03844722 0.8005278 -0.5991958 0.01093574 0.7770621 -0.6293284 0.01095868 0.8205923 -0.5682166 -0.06130403 0.8003791 -0.5972615 0.05169108 0.8442927 -0.535879 -0.001897844 0.823494 -0.5673219 -0.001872882 0.8631281 -0.5027543 -0.04741246 0.8439398 -0.5324516 0.06527569 0.8828096 -0.4694895 -0.01505236 0.8646771 -0.5021031 -0.0150321 0.9000191 -0.4346193 -0.03273599 0.8821353 -0.4652672 0.07323752 0.9158816 -0.4007712 -0.02330918 0.9313384 -0.3637422 -0.01732538 0.91609 -0.4005976 -0.01734481 0.9317159 -0.3624222 0.02357192 0.9438896 -0.3294107 -0.0236877 0.9568596 -0.290539 -0.002638447 0.9444287 -0.3287055 -0.002660478 0.956871 -0.2895209 0.02398789 0.9665033 -0.2555243 -0.02405902 0.9765704 -0.2148961 0.01140231 0.9670697 -0.2542576 0.01137235 0.9764622 -0.2143237 0.02422606 0.983427 -0.1796751 -0.02425379 0.9901962 -0.1375388 0.02438216 0.9946344 -0.1007222 0.02361336 0.9902079 -0.1375862 0.02363124 0.9944369 -0.1024885 -0.0243168 0.9979117 -0.05982346 0.02436322 0.9996672 -0.02323586 0.01120616 0.9981135 -0.06036064 0.01122956 0.9979008 0.01457909 -0.063098 0.9983959 -0.02156698 0.0523481 0.9985412 0.05397912 -0.001334681 0.9998525 0.01712121 -0.001309386 0.9944965 0.09260619 -0.04899719 0.9962094 0.05654167 0.06610576 0.991361 0.1303966 -0.01414498 0.9954602 0.09412576 -0.01412257 0.9912334 0.1299921 -0.02363214 0.9848431 0.171855 0.0234516 0.9783592 0.2056011 -0.02326588 0.9693228 0.245093 -0.01851417 0.9784253 0.2057686 -0.01853051 0.9687765 0.246824 0.02345234 0.95974 0.2798989 -0.02357516 0.9474815 0.3197937 -0.003316334 0.9597746 0.2807518 -0.003348812 0.9468883 0.3206735 0.02389726 0.9352702 0.3531214 -0.02397478 0.9195306 0.3928607 0.01113106 0.9349669 0.3545614 0.01110418 0.9191387 0.3931926 0.0241579 0.9050395 0.4246411 -0.02415426 0.8856835 0.4636491 0.02437499 0.8667529 0.4981837 0.02350645 0.8857305 0.4636031 0.0235269 0.8691845 0.4938908 -0.02429455 0.8467652 0.5314112 0.02430666 0.8274432 0.5614332 0.01142822 0.8472983 0.5309938 0.01145051 0.8034465 0.5918114 -0.06506125 0.8253828 0.5620868 0.05293073 0.7816876 0.6236697 -0.0007760626 0.8036166 0.5951468 -0.0007528805 0.755339 0.6533764 -0.05061847 0.7781735 0.6244867 0.06680108 0.7314563 0.6817596 -0.01324685 0.7551734 0.6553917 -0.01322659 0.7315034 0.6814309 -0.02355306 0.7013912 0.7123911 0.02343395 0.6770949 0.7355283 -0.02325286 0.6455629 0.763454 -0.01965801 0.6770911 0.735636 -0.01968019 0.6447532 0.7640348 0.02332781 0.6188269 0.7851755 -0.02350774 0.5851402 0.8109216 -0.00414347 0.6183619 0.7858824 -0.004170483 0.5839995 0.8114085 0.02368439 0.5564455 0.8305406 -0.02388961 0.5198873 0.8541675 0.0107341 0.5555177 0.8314357 0.01070583 0.5193646 0.8542142 0.02405238 0.4903131 0.8712119 -0.02414246 0.4511854 0.8921034 0.02415 0.4222904 0.9061587 0.02339493 0.4511666 0.8921327 0.0234084 0.420974 0.906754 -0.02404498 0.3802055 0.9245823 0.02431875 0.3473799 0.9376538 0.01151887 0.3807189 0.9246187 0.01154277 0.3097886 0.9484462 -0.06694002 0.3456736 0.9368266 0.0535326 0.274397 0.9616164 -0.0001972367 0.3080658 0.9513651 -0.0001744767 0.2348166 0.9706316 -0.05230118 0.2709374 0.9602214 0.06758623 0.1995611 0.9798057 -0.01249844 0.2331827 0.9723529 -0.01247684 0.1998543 0.9795436 -0.02350788 0.1564828 0.9874037 0.02338879 0.1241472 0.9919947 -0.02310537 0.08325792 0.9963089 -0.02090023 0.1240743 0.9920524 -0.02092027 0.08038178 0.9964954 0.02314723 0.04794397 0.9985787 -0.02328041 0.004681485 0.9999776 -0.00476406 0.04689377 0.9988884 -0.004792366 0.003501499 0.9997172 0.02352149 -0.02914033 0.9992936 -0.02373102 -0.073508 0.99724 0.01043739 -0.03059079 0.9994779 0.01040822 -0.07391089 0.9969772 0.0239509 -0.1066129 0.9940097 -0.02404878 -0.1514872 0.9881661 0.02406834 -0.1815229 0.9831102 0.02331456 -0.1513378 0.9882068 0.02332713 -0.1837506 0.9826763 -0.02414453 -0.2281651 0.9733256 0.02404076 -0.2608835 0.9652984 0.01178341 -0.2276942 0.9736611 0.01180544 -0.2990972 0.951749 -0.06866416 -0.2625178 0.9634167 0.0539679 -0.3349839 0.9422238 0.0001457106 -0.3023231 0.9532055 0.0001691558 -0.3731302 0.9261963 -0.05416984 -0.3368615 0.9390529 0.06858615 -0.4065567 0.9135512 -0.01166427 -0.3751493 0.9268913 -0.01164425 -0.4059391 0.9135979 -0.02349791 -0.4467179 0.8943692 0.02338166 -0.474982 0.8796955 -0.0229771 -0.5118895 0.8587685 -0.0220394 -0.4750531 0.8796806 -0.02205914 -0.5139766 0.8574933 0.02309127 -0.5409256 0.8407526 -0.02312025 -0.5775427 0.8163415 -0.005583495 -0.541702 0.8405519 -0.005611693 -0.5783234 0.815471 0.02343057 -0.6039817 0.7966499 -0.02355558 -0.6394144 0.7687983 0.009924396 -0.6051252 0.7960688 0.009893916 -0.6397511 0.7682148 0.02376193 -0.6639142 0.7474304 -0.02378543 -0.6976027 0.7160838 0.02396339 -0.7211524 0.6923914 0.02309361 -0.6975455 0.7161679 0.02310866 -0.7200794 0.6934767 -0.02399255 -0.7514142 0.6593947 0.02398679 -0.7730419 0.634244 0.01186365 -0.7511904 0.6599785 0.01188538 -0.7964857 0.6004999 -0.07078525 -0.7730477 0.6319932 0.05460784 -0.819828 0.5726094 0.0006342657 -0.8001572 0.5997899 0.0006590142 -0.8418754 0.5367905 -0.05569544 -0.8194544 0.568934 0.06934467 -0.8614616 0.5077057 -0.01090779 -0.8441309 0.5360264 -0.01089063 -0.861008 0.5080524 -0.02340912 -0.8834281 0.4679911 0.02321617 -0.897549 0.4403322 -0.02265557 -0.8841193 0.466712 -0.02264667 -0.8975441 0.4403276 -0.02294149 -0.9167147 0.3988866 0.02288327 -0.9285982 0.3703746 -0.02297684 -0.9444703 0.328533 -0.00646709 -0.9290484 0.3699014 -0.006498391 -0.9446295 0.3273127 0.02326964 -0.9543131 0.2978936 -0.02336744 -0.9672014 0.2538327 0.009513392 -0.95494 0.2966472 0.009482699 -0.9671185 0.2532322 0.02356235 -0.9745102 0.2230927 -0.02365599 -0.9838906 0.1771849 0.02376494 -0.9891608 0.145043 0.02288123 -0.9839041 0.1772242 0.02289641 -0.9889148 0.1465696 -0.02376598 -0.9947174 0.09984662 0.02382804 -0.997637 0.06765436 0.01196587 -0.9948795 0.1003548 0.01198498 -0.9970234 0.02575752 -0.07267029 -0.9963124 0.06575885 0.05511146 -0.9999512 -0.00982384 0.0009998358 -0.9997381 0.02286088 0.00102356 -0.9969664 -0.05254866 -0.05741797 -0.9974586 -0.01258473 0.07012817 -0.9961702 -0.08684619 -0.01013457 -0.9984597 -0.05455201 -0.01011423 -0.9959962 -0.08631468 -0.02326576 -0.9908699 -0.1328253 0.02311361 -0.9864306 -0.162763 -0.02151775 -0.9911115 -0.1312847 -0.02150566 -0.9864084 -0.1627214 -0.02281116 -0.9777763 -0.2084135 0.02274357 -0.9710662 -0.2377241 -0.02275529 -0.9594392 -0.2818215 -0.007297073 -0.9711435 -0.2383831 -0.007328876 -0.9588953 -0.2828228 0.02304378 -0.9499414 -0.3115683 -0.02316462 -0.934544 -0.3557317 0.009075355 -0.9497383 -0.3129145 0.009038987 -0.9341416 -0.3561346 0.02340285 -0.922963 -0.3841748 -0.02343085 -0.9035853 -0.4277576 0.02360732 -0.8900164 -0.4553611 0.0227413 -0.90363 -0.4277095 0.02275109 -0.8902821 -0.4548026 -0.02350563 -0.867477 -0.4969129 0.02368768 -0.8514788 -0.5242516 0.01201259 -0.8678644 -0.4966555 0.01203211 -0.8521097 -0.5228329 -0.02355725 -0.8260445 -0.5631127 0.0235445 -0.8084523 -0.5885602 0.00135262 -0.826759 -0.5625548 0.00137366 -0.7806213 -0.6221964 -0.05917702 -0.8047635 -0.5893389 0.0709603 -0.7605702 -0.6491874 -0.009423061 -0.7808601 -0.6246352 -0.009403537 -0.7607927 -0.6485794 -0.02322415 -0.7289929 -0.6841385 0.02288897 -0.7085689 -0.7053447 -0.02046772 -0.730307 -0.6828128 -0.02045386 -0.7085612 -0.7052841 -0.0227063 -0.6743456 -0.7380708 0.0225771 -0.6525366 -0.7574263 -0.02239321 -0.6170727 -0.7868639 -0.008159534 -0.6521652 -0.7580327 -0.008192469 -0.6157954 -0.787576 0.02280794 -0.5924604 -0.8052715 -0.02298573 -0.5536416 -0.8327117 0.008489978 -0.5917729 -0.8060603 0.00845943 -0.5530743 -0.8328092 0.02318666 -0.5284237 -0.8486648 -0.02316178 -0.4866419 -0.8732876 0.02341963 -0.4585858 -0.8883654 0.02249325 -0.4866913 -0.873284 0.02250518 -0.4608008 -0.8871955 -0.02338131 -0.4170025 -0.908604 0.023404 -0.3891643 -0.9210888 0.01210906 -0.4174643 -0.9086124 0.01212638 -0.3902556 -0.9204124 -0.02327078 -0.3448294 -0.9383724 0.0234491 -0.316442 -0.9486102 0.001761362 -0.3458033 -0.9383053 0.00178075 -0.2735479 -0.9599262 -0.06093645 -0.3129895 -0.9470611 0.07150322 -0.2424542 -0.9701239 -0.00869738 -0.2722283 -0.9621935 -0.008679589 -0.2428248 -0.9697974 -0.02300178 -0.1954162 -0.9804558 0.02278159 -0.1672143 -0.9857293 -0.01941619 -0.197171 -0.980177 -0.01940303 -0.1673294 -0.9856439 -0.0225191 -0.1195598 -0.9925734 0.02244081 -0.09132928 -0.9955733 -0.02219883 -0.04472001 -0.9989572 -0.009202483 -0.0909529 -0.9958124 -0.009232949 -0.04316507 -0.9988126 0.02258899 -0.0147484 -0.9996339 -0.0226831 0.03351952 -0.9994065 0.007956188 -0.01354262 -0.9998769 0.007923297 0.03410303 -0.9991565 0.02287632 0.06250143 -0.9977813 -0.02293316 0.1115883 -0.9934856 0.02311553 0.1415496 -0.9896819 0.02221221 0.1115988 -0.9935048 0.02222401 0.139866 -0.9899008 -0.02310763 0.1888507 -0.9817298 0.02327799 0.2180314 -0.9758652 0.01221323 0.188345 -0.9820268 0.01223062 0.2166287 -0.9759802 -0.02312342 0.2649088 -0.9639945 0.02319095 0.293111 -0.9560762 0.002096345 0.2640029 -0.9645196 0.002115349 0.3353194 -0.9400131 -0.06273977 -0.4656379 0.8847358 -0.02059066 -0.4447503 0.8954114 0.02087067 -0.3962484 0.9179021 -0.02104311 -0.3730952 0.9276886 -0.01392525 -0.3965701 0.9178987 -0.01393601 -0.3743441 0.9270456 0.021284 -0.3239597 0.9458306 -0.02132151 -0.3002636 0.9538421 -0.005182587 -0.32453 0.9458612 -0.005196434 -0.3012107 0.9533168 0.0214287 -0.2493005 0.9681832 -0.02169536 -0.2251963 0.9743079 0.003269636 -0.2505107 0.9681084 0.003255766 -0.2258713 0.9739158 0.02168678 -0.1730479 0.9846768 -0.02158628 -0.1487819 0.9887967 0.01204718 -0.1744284 0.9845963 0.0120345 -0.1492537 0.9885611 0.02168543 -0.09588967 0.9951581 -0.02157716 -0.07163536 0.997214 0.02080115 -0.09833039 0.9949366 0.02079259 -0.07180095 0.9971843 0.02163503 -0.01848328 0.9996025 -0.02129049 0.005727797 0.9997566 0.02130331 0.05734662 0.9983431 0.004723391 0.006124778 0.9999699 0.004757711 0.05849811 0.9980645 -0.0211029 0.08259049 0.9963661 0.02081811 0.1343608 0.9908218 -0.01481033 0.08432901 0.9963284 -0.01478182 0.1346449 0.9906735 -0.02090314 0.158665 0.9871047 0.02120815 0.2104269 0.9773754 -0.02139237 0.2358123 0.971686 -0.01479739 0.2101619 0.9775544 -0.01480865 0.234288 0.9719295 0.02150095 0.2854391 0.9581487 -0.0218103 0.3104354 0.9505773 -0.005707365 0.2847989 0.9585702 -0.005721749 0.3089911 0.9508133 0.02187704 0.3591315 0.9330284 -0.02196902 0.3832169 0.9236527 0.003242327 0.3582886 0.9336053 0.003228054 0.3821988 0.9238183 0.02199494 0.4307452 0.9022046 -0.02203272 0.4536982 0.8910733 0.01208745 0.4294519 0.9030089 0.01207398 0.4531778 0.8911466 0.02208545 0.4997166 0.8659125 -0.02188509 0.5213618 0.8530731 0.02116691 0.4988629 0.8664225 0.02115988 0.5212046 0.8531487 0.02198021 0.5653594 0.824559 -0.02170381 0.5858544 0.810127 0.02165497 0.6264101 0.7794748 0.005431531 0.5865293 0.8099096 0.005466896 0.6271785 0.7785832 -0.02133916 0.646427 0.7626789 0.0212873 0.6847284 0.7286727 -0.01352821 0.6475705 0.7618861 -0.01349583 0.6849353 0.7282967 -0.02115513 0.7029742 0.7108907 0.02148482 0.7388407 0.673531 -0.02168798 0.7568403 0.6534126 -0.01564769 0.7387049 0.6738471 -0.01566049 0.7556298 0.6546334 0.02188035 0.7886891 0.6143984 -0.02200428 0.8050955 0.5931127 -0.006208887 0.7884952 0.6150094 -0.006222542 0.8041411 0.5940242 0.02218691 0.8340755 0.5512033 -0.02220538 0.8486592 0.5289316 0.003002571 0.8337632 0.552114 0.002989502 0.8480067 0.5295139 0.02235081 0.8745099 0.4844958 -0.02227895 0.8871118 0.4613943 0.01215698 0.8740159 0.4857455 0.01214489 0.8867427 0.4617219 0.02236842 0.9095936 0.4149026 -0.02225495 0.9200884 0.3911246 0.02142191 0.9093633 0.4154512 0.02141553 0.9200432 0.3911849 0.02224776 0.9390527 0.343064 -0.02206837 0.9476339 0.3185993 0.02201102 0.9626272 0.2707612 0.006096165 0.9480361 0.3181037 0.006129371 0.9627101 0.269659 -0.02175205 0.9693582 0.2446988 0.02161072 0.9806152 0.1955482 -0.01244648 0.9698351 0.2434454 -0.01241963 0.9805265 0.1952049 -0.02151304 0.9852545 0.1697085 0.02173563 0.9926041 0.1194055 -0.02189532 0.9956303 0.09190725 -0.01653599 0.9926832 0.119609 -0.01654851 0.9953856 0.09336361 0.02215619 0.9988567 0.04231176 -0.02225197 0.9998682 0.01473022 -0.006830985 0.9990547 0.04292916 -0.006846092 0.999621 0.01589902 0.02247633 0.9991168 -0.03549028 -0.02249457 0.9980186 -0.06286297 0.002665354 0.9994019 -0.03448103 0.002648196 0.9978162 -0.06205687 0.0226247 0.99331 -0.1132467 -0.02258973 0.9900477 -0.1402055 0.01216738 0.9936435 -0.111916 0.01214829 0.9899253 -0.1397622 0.02267714 0.9814668 -0.1903021 -0.02254093 0.9760384 -0.2165188 0.02164827 0.9819385 -0.1879582 0.02164056 0.9760071 -0.2165682 0.02254605 0.9637293 -0.2659437 -0.022356 0.9562745 -0.2916187 0.02230754 0.9409488 -0.3384819 0.006727288 0.9562913 -0.2923372 0.006761291 0.9403524 -0.3394859 -0.02205942 0.9309601 -0.3644597 0.02196648 0.9119138 -0.4102256 -0.01132032 0.9306648 -0.3656989 -0.01128802 0.9116123 -0.4104729 -0.02179215 0.9002991 -0.4347177 0.02195816 0.8774488 -0.4791584 -0.02215601 0.8632174 -0.5045326 -0.01739773 0.8775977 -0.4790814 -0.01741473 0.8641893 -0.5026674 0.02241294 0.8378186 -0.545486 -0.02247715 0.8222643 -0.5690562 -0.007511335 0.8383056 -0.5451487 -0.007525388 0.8226193 -0.5681418 0.02263638 0.7928635 -0.6089706 -0.02285371 0.7755311 -0.6313052 0.00230389 0.7937298 -0.6082661 0.002288624 0.775875 -0.6304728 0.0228511 0.7430094 -0.6688879 -0.02293387 0.7240796 -0.6896089 0.01217546 0.7440552 -0.6680074 0.01215921 0.7243043 -0.6890985 0.02294461 0.6886283 -0.7247538 -0.02287046 0.6682962 -0.7435692 0.02202476 0.6893753 -0.72407 0.02201155 0.6682936 -0.7435454 0.02288998 0.6302558 -0.7760593 -0.02257406 0.6085734 -0.7931713 0.02275347 0.5692739 -0.8221146 0.007396024 0.608335 -0.7936456 0.007426886 0.5684262 -0.822428 -0.0224457 0.5455564 -0.8377797 0.02221259 0.5043222 -0.8634549 -0.01023149 0.5443121 -0.8388208 -0.01020179 0.5037287 -0.8635831 -0.0219478 0.4798127 -0.8770928 0.02209245 0.4361804 -0.8995794 -0.02243899 0.4086621 -0.9125006 -0.01838948 0.4362893 -0.8996182 -0.01840359 0.410951 -0.9113764 0.02263535 0.3653569 -0.9305893 -0.02275935 0.3381349 -0.9410624 -0.008153335 0.3660561 -0.930557 -0.008169694 0.2949855 -0.9527611 0.07231822 -0.4675981 0.8776917 0.1049253 -0.5108992 0.8594933 -0.0159159 -0.5111917 0.8593194 -0.01591558 -0.5221407 0.8528594 0 -0.5284181 0.8489786 -0.003095707 -0.5760852 0.817381 0.003771483 -0.5761119 0.8173621 0.003771483 -0.5925415 0.8055116 -0.006769992 -0.6376481 0.7703069 0.005661996 -0.6377034 0.7702612 0.005661991 -0.6613954 0.7499933 -0.008130771 -0.695719 0.7182838 0.00658577 -0.6957354 0.718268 0.006585771 -0.7251105 0.6885791 -0.008578911 -0.7497142 0.6617295 0.006542417 -0.8350268 0.5502003 0.003128577 -0.8429844 0.537858 -0.009281513 -0.7990129 0.6012893 0.00544978 -0.7831336 0.6218296 0.00544797 -0.7984353 0.6018913 -0.01509468 -0.7496588 0.6617921 0.006542417 -0.8821547 0.4709428 -0.003990508 -0.8803946 0.4742411 -0.0007918661 -0.9160233 0.4011248 0.0006712688 -0.9157637 0.4017167 0.0006712566 -0.9188548 0.394561 -0.005248824 -0.9439458 0.3300703 0.004476498 -0.9439245 0.3301311 0.004476492 -0.9501039 0.3118216 -0.008363524 -0.9666517 0.2559981 0.007023316 -0.9666446 0.256025 0.007023319 -0.9739321 0.226608 -0.01024846 -0.9836387 0.1799591 0.008343346 -0.9836335 0.1799877 0.008343345 -0.9901401 0.1396507 -0.01097737 -0.9946826 0.10264 0.008456487 -0.9993104 -0.03686776 0.004414969 -0.9985524 -0.05228091 -0.01264233 -0.9996665 0.0247889 0.007242782 -0.9986417 0.05159757 0.007240258 -0.9994653 0.02585314 -0.02001975 -0.9946815 0.1026511 0.008456488 -0.9915484 -0.1296097 -0.005765826 -0.9921519 -0.1250377 -0.0004892729 -0.9785642 -0.2059414 0.0004228775 -0.9786475 -0.2055451 0.000422871 -0.9771954 -0.2122388 -0.006613936 -0.9599026 -0.280277 0.005635106 -0.9599234 -0.2802058 0.005635117 -0.9545789 -0.2977535 -0.0110484 -0.9353286 -0.3536581 0.009292223 -0.9353059 -0.3537183 0.009292215 -0.9244931 -0.380946 -0.01387516 -0.9049494 -0.4253669 0.01137757 -0.8430101 -0.5377957 0.0104803 -0.828342 -0.5594815 -0.02881146 -0.8689348 -0.494784 0.0118754 -0.8872392 -0.461157 0.01186744 -0.8693863 -0.4925722 -0.03924449 -0.9049051 -0.4254612 0.01137756 -0.7352172 -0.6778315 9.713142e-05 -0.7314921 -0.6817882 -0.009168049 -0.7816449 -0.6236866 0.006806687 -0.7922029 -0.6102198 0.00680667 -0.7822 -0.6227438 -0.01879394 -0.8276753 -0.5611094 0.01048249 -0.6767511 -0.7362119 -7.497225e-05 -0.6723841 -0.7401443 -0.009276028 -0.618059 -0.786091 0.00799805 -0.6180766 -0.7860772 0.007997999 -0.6042854 -0.7965952 -0.0165984 -0.555251 -0.8315635 0.01408521 -0.555225 -0.8315809 0.01408518 -0.531461 -0.8468058 -0.0216575 -0.4887461 -0.8722374 0.01813964 -0.3740536 -0.9272225 0.01850396 -0.3492015 -0.9357543 -0.04921719 -0.4191685 -0.9076935 0.01975424 -0.4545671 -0.8904938 0.01973916 -0.4215074 -0.9045611 -0.06403621 -0.4887553 -0.8722324 0.01813964 -0.2050355 -0.9787533 0.001565535 -0.1991445 -0.9798072 -0.01786662 -0.2732075 -0.9618651 0.01315697 -0.2907304 -0.9567146 0.01315462 -0.2749163 -0.960871 -0.03388393 -0.3471918 -0.9376115 0.0185113 -0.1226354 -0.9924508 -0.00141001 -0.1176578 -0.9929017 -0.01740752 -0.04565488 -0.9988434 0.0150808 -0.04558514 -0.9988467 0.0150808 -0.02951936 -0.9989557 -0.03487263 0.03226535 -0.9990109 0.03059742 0.03223892 -0.9990118 0.03059742 0.05891277 -0.9969791 -0.05061435 0.1102488 -0.9929158 0.04430788 0.110241 -0.9929168 0.04430786 0.1466406 -0.9870381 -0.06521035 0.1878053 -0.9805571 0.05689318 0.187774 -0.9805632 0.05689319 0.2331221 -0.9692965 -0.07822066 0.263938 -0.9622301 0.06670838 0.2639033 -0.9622396 0.06670836 0.3175294 -0.9440786 -0.08882909 0.3381961 -0.9384445 0.07032263 0.4708186 -0.8818439 -0.02610059 0.4104255 -0.9114712 0.02776845 0.4012053 -0.9155673 0.02776252 0.4027911 -0.9101159 -0.0972034 0.3381022 -0.9384784 0.07032266 -0.6692867 -0.7429959 0.003541681 -0.6673958 -0.7446949 -0.003513702 -0.7240185 -0.6897726 0.003305197 -0.722496 -0.6913711 0.002383131 -0.7242659 -0.6895166 0.002382913 -0.7225559 -0.6913042 -0.003390494 -0.7752512 -0.6316447 0.003278442 -0.7737706 -0.6334643 0.001397824 -0.775376 -0.6314983 0.001397521 -0.7738224 -0.6333939 -0.003322245 -0.8219761 -0.5695131 0.003150383 -0.820694 -0.5713677 0.0004972502 -0.8221031 -0.5693386 0.0004969888 -0.8207373 -0.5712969 -0.003180999 -0.8638747 -0.5036975 0.003047484 -0.8627803 -0.5055789 -0.0003250059 -0.8639599 -0.5035605 -0.0003251329 -0.8628152 -0.5055109 -0.002969932 -0.9005181 -0.4348084 0.002967275 -0.8996159 -0.4366808 -0.001038448 -0.9005883 -0.4346717 -0.001038662 -0.8996014 -0.4367025 -0.002856318 -0.9315922 -0.3634944 0.002777674 -0.9308862 -0.3653054 -0.001728662 -0.9316486 -0.3633565 -0.001728715 -0.9308744 -0.3653297 -0.002660146 -0.9568899 -0.2904387 0.002619156 -0.956365 -0.2921653 -0.002308827 -0.9570054 -0.290061 -0.002308969 -0.9551252 -0.2961898 -0.002732374 -0.9763389 -0.2162324 0.002448815 -0.9759675 -0.217904 -0.002304985 -0.9900326 -0.1408191 0.0023242 -0.9897864 -0.142548 0.001650817 -0.9900371 -0.1407972 0.001650777 -0.9898029 -0.1424269 -0.002193732 -0.9979444 -0.06404784 0.002226217 -0.9978392 -0.06569711 0.0009520494 -0.9979502 -0.06398885 0.000951949 -0.9978454 -0.06557504 -0.00210824 -0.9999048 0.01363397 0.002099954 -0.9999268 0.01209455 0.0003341924 -0.9999061 0.01369629 0.0003339899 -0.9999236 0.01219483 -0.001976649 -0.9958052 0.09147692 0.001980887 -0.9959345 0.09007972 -0.0001519722 -0.9957958 0.09160035 -0.0001519477 -0.9959266 0.09014947 -0.001853203 -0.9856422 0.1688378 0.00182716 -0.9858608 0.1675654 -0.0006221764 -0.9856297 0.1689189 -0.0006222006 -0.9858497 0.1676234 -0.001679292 -0.9695283 0.2449735 0.001709239 -0.9698163 0.2438347 -0.0009770496 -0.9694986 0.2450947 -0.0009770566 -0.9698245 0.2437993 -0.001565283 -0.9476808 0.319216 0.001500197 -0.9480135 0.3182274 -0.001312627 -0.9477817 0.318917 -0.001312681 -0.9480329 0.3181696 -0.001367408 -0.9204015 0.3909722 0.001391315 -0.9207789 0.390083 -0.001259724 -0.8877989 0.46023 0.001201497 -0.8881916 0.4594724 0.0009000836 -0.8877656 0.4602948 0.0008999956 -0.888166 0.4595214 -0.00113469 -0.8496754 0.5273049 0.001100846 -0.8501002 0.5266209 0.000504743 -0.8496392 0.5273643 0.0005047257 -0.8500454 0.5267085 -0.0009795275 -0.8062053 0.5916351 0.001017843 -0.8066345 0.5910507 0.000207547 -0.8061747 0.5916777 0.0002075502 -0.8065786 0.5911263 -0.0008431762 -0.7576231 0.6526916 0.0008986282 -0.7580568 0.6521886 -9.117989e-05 -0.7576369 0.6526762 -9.124137e-05 -0.757987 0.6522693 -0.0007172276 -0.7045068 0.7096968 0.0007487598 -0.7048571 0.7093493 -0.0001726326 -0.704361 0.7098419 -0.0001726154 -0.7047455 0.70946 -0.0006079965 -0.6471239 0.7623846 0.0005799715 -0.6474229 0.7621308 -0.0003046045 -0.6469408 0.7625402 -0.0003046247 -0.6473833 0.7621644 -0.0005606798 -0.5861799 0.810181 0.0003428712 -0.5863742 0.8100402 -0.0002961757 -0.5874593 0.8092536 -0.0002961657 -0.5881602 0.8087444 -0.0003589852 -0.5222436 0.8527963 0.0002896817 -0.5269962 0.8497344 -0.01504687 -0.4560161 0.8897951 0.01772081 -0.490493 0.8713793 -0.01072115 -0.455045 0.8904039 -0.01072851 -0.4412784 0.896992 0.02605251 -0.384528 0.9228447 -0.02227029 -0.3846671 0.9227868 -0.02227026 -0.3601954 0.9321441 0.03696664 -0.3114898 0.9497298 -0.03142408 -0.190357 0.9809118 -0.0397029 -0.1646891 0.9814449 0.09820146 -0.2362751 0.9709424 -0.03801316 -0.2764132 0.960288 -0.03798259 -0.2408986 0.9633155 0.1182839 -0.3114871 0.9497307 -0.03142408 -0.01474633 0.9998456 -0.009560711 -0.008693376 0.9987782 0.04864758 -0.08296686 0.9959593 -0.03437495 -0.103039 0.9940833 -0.03436951 -0.08697174 0.9932664 0.07653657 -0.1597391 0.9863599 -0.03971704 0.07355161 0.9953784 0.06174147 0.06968377 0.9975189 0.01000755 -0.006141763 0.9999354 -0.009561123 0.1573641 0.9616805 0.2245155 0.1480794 0.9874036 -0.05573722 0.1479159 0.9874281 -0.05573723 0.1946453 0.8123812 0.5496817 0.2243626 0.9402027 -0.2562819 0.2244477 0.9401824 -0.2562816 -0.441669 -0.234717 0.865931 -0.4570575 -0.2031555 0.8659251 -0.4570852 -0.2031663 0.8659079 -0.4702142 -0.1705896 0.8659086 -0.47024 -0.1705939 0.8658937 -0.4810519 -0.1371726 0.8658943 -0.4810569 -0.137172 0.8658915 -0.4894951 -0.1030833 0.8658917 -0.4894984 -0.1030818 0.86589 -0.4940985 -0.07700348 0.8659891 -0.4924425 -0.06805294 0.8676804 -0.4964947 -0.05961773 0.8659901 -0.488468 0.000796538 0.8725814 -0.4982874 -0.04212192 0.8659881 -0.4968665 -0.03338415 0.8671846 -0.4994511 -0.02457266 0.8659936 -0.5002283 0.001571706 0.8658921 -0.5002303 0.001576236 0.865891 -0.4890378 0.0767926 0.8688756 -0.496112 0.0627204 0.8659902 -0.4988903 0.03666992 0.865889 -0.4946373 0.04274117 0.8680479 -0.4992877 0.0277273 0.8659924 -0.441166 0.236233 0.8657752 -0.4560229 0.2061695 0.8657582 -0.455884 0.2060755 0.8658537 -0.4692121 0.1735793 0.865858 -0.4691772 0.1735477 0.8658834 -0.4801971 0.1402081 0.8658824 -0.48019 0.1401988 0.8658879 -0.4888438 0.1061628 0.8658875 -0.488841 0.1061577 0.8658897 -0.495085 0.07158994 0.8658901 -0.2442021 0.4229763 0.8726146 -0.361009 0.3462814 0.8658878 -0.3845479 0.3199403 0.8658875 -0.3845697 0.3199659 0.8658683 -0.4062017 0.2920097 0.8658698 -0.4062021 0.2920101 0.8658695 -0.4249491 0.2639327 0.8658856 -0.3324352 0.3673474 0.8686442 -0.3419498 0.3648777 0.8659876 -0.3610094 0.3462823 0.8658873 -0.306659 0.3911503 0.8677337 -0.3153339 0.3881198 0.8659835 -0.3288545 0.3767275 0.8659856 -0.2787701 0.4125752 0.867219 -0.2871425 0.4094118 0.8659857 -0.3014313 0.3990042 0.8659878 -0.2189118 0.449789 0.8658911 -0.2115036 0.4491809 0.8680454 -0.2268882 0.4456174 0.8659948 -0.2501201 0.43321 0.8658921 -0.2501111 0.4332111 0.8658941 -0.2724776 0.4192921 0.8659966 -0.1457241 0.4705449 0.8702596 -0.1618322 0.4731495 0.8659908 -0.18662 0.4641232 0.8658883 -0.1790486 0.4615191 0.8688739 -0.1948393 0.4605352 0.8659936 -0.01609738 0.500183 0.86577 -0.04977776 0.4979981 0.8657482 -0.0497963 0.4977379 0.8658968 -0.08480169 0.492983 0.8658963 -0.08479512 0.4930135 0.8658796 -0.1193844 0.4857976 0.86588 -0.1194009 0.4857573 0.8659003 -0.1533692 0.4761248 0.8659001 0.2442006 0.4229757 0.8726154 0.11941 0.485792 0.8658796 0.08479968 0.4930126 0.8658797 0.08478978 0.4929847 0.8658965 0.04978651 0.4977392 0.8658967 0.04982224 0.4979949 0.8657476 0.0160973 0.5001831 0.86577 0.1518987 0.4715597 0.8686532 0.145011 0.478556 0.866 0.1193881 0.4857615 0.8658997 0.1854192 0.4611346 0.8677411 0.1784484 0.4671398 0.8659889 0.1618274 0.4731511 0.8659907 0.2179012 0.4477149 0.86722 0.2110021 0.453362 0.8659914 0.1948434 0.4605334 0.8659936 0.2800665 0.4144939 0.8658854 0.2832417 0.4077789 0.8680384 0.2724804 0.4192903 0.8659965 0.2501182 0.4332067 0.8658941 0.2501121 0.4332149 0.8658919 0.2268863 0.4456187 0.8659945 0.334644 0.3614708 0.8702599 0.3288511 0.3767272 0.8659871 0.3086433 0.3936791 0.8658846 0.3101804 0.3857842 0.8688836 0.3013987 0.3990272 0.8659885 0.4249063 0.2639085 0.8659139 0.4061608 0.2919878 0.8658964 0.4062028 0.2920083 0.8658698 0.384578 0.3199556 0.8658684 0.384544 0.3199446 0.8658875 0.3610076 0.346283 0.8658878 0.3610085 0.3462832 0.8658873 0.3356569 0.3709097 0.8658871 0.4803925 0.1394924 0.8658897 0.469345 0.1730559 0.8658909 0.4693601 0.1730587 0.8658821 0.4559706 0.2057714 0.8658804 0.4560316 0.205796 0.8658425 0.441071 0.2360586 0.8658711 0.4843406 0.1042243 0.8686492 0.486962 0.1136973 0.8659913 0.4803903 0.1394926 0.8658909 0.4920671 0.06999461 0.8677388 0.493781 0.07901309 0.8659891 0.4906752 0.09642214 0.8659911 0.5002345 -2.251361e-06 0.86589 0.4993631 0.02632686 0.8659927 0.4966894 0.03515289 0.8672161 0.4981283 0.04392676 0.86599 0.4962576 0.06152583 0.8659925 0.4989858 -0.03531319 0.8658904 0.488408 -0 0.8726154 0.5002335 0 0.8658906 0.4993627 -0.0263135 0.8659933 0.4947544 -0.04142552 0.8680449 0.4803635 -0.1090717 0.870261 0.4906753 -0.09642148 0.8659911 0.495251 -0.0704475 0.865889 0.4892126 -0.07570007 0.8688731 0.4962554 -0.06153422 0.8659931 0.441067 -0.236067 0.8658708 0.4560294 -0.2057995 0.8658428 0.4559746 -0.2057622 0.8658806 0.4693579 -0.1730643 0.8658822 0.4693582 -0.1730646 0.8658819 0.4804012 -0.1395056 0.8658827 0.4803905 -0.1394918 0.8658909 0.4890393 -0.1052315 0.8658908 0.2501067 -0.4332179 0.865892 0.2189297 -0.449791 0.8658857 0.211502 -0.4491813 0.8680456 0.2268898 -0.445617 0.8659946 0.1457241 -0.4705456 0.8702594 0.1618308 -0.4731499 0.8659907 0.1866052 -0.4641288 0.8658886 0.1790462 -0.4615288 0.8688691 0.1948411 -0.4605446 0.8659883 0.0160973 -0.5001831 0.86577 0.04977798 -0.4979981 0.8657482 0.04979653 -0.4977379 0.8658968 0.08480132 -0.492983 0.8658963 0.08479474 -0.4930135 0.8658795 0.1193854 -0.4857973 0.86588 0.1194016 -0.4857578 0.8658999 0.1533695 -0.4761257 0.8658996 0.4249063 -0.2639085 0.8659139 0.4061649 -0.2919811 0.8658967 0.4062017 -0.2920097 0.8658698 0.3845697 -0.3199659 0.8658683 0.3845479 -0.3199403 0.8658875 0.361008 -0.3462826 0.8658878 0.3610083 -0.3462834 0.8658873 0.3419519 -0.3648756 0.8659877 0.3324325 -0.3673466 0.8686455 0.3288606 -0.3767042 0.8659934 0.3153176 -0.3881151 0.8659917 0.3066539 -0.3911416 0.8677394 0.3014239 -0.3989986 0.8659928 0.287108 -0.4094255 0.8659906 0.2787848 -0.4125704 0.8672167 0.2724863 -0.4192938 0.8659931 0.2501134 -0.433217 0.8658904 0.2442006 -0.4229757 0.8726154 -0.2442023 -0.4229747 0.8726153 -0.1194103 -0.4857932 0.8658788 -0.0848 -0.4930135 0.8658792 -0.08478978 -0.4929847 0.8658965 -0.04978629 -0.4977392 0.8658966 -0.04982202 -0.4979949 0.8657475 -0.01609738 -0.500183 0.86577 -0.1518989 -0.4715604 0.8686527 -0.1450134 -0.4785544 0.8660005 -0.1193871 -0.485761 0.8659 -0.1854051 -0.4611461 0.8677379 -0.178447 -0.4671404 0.8659888 -0.1618261 -0.4731516 0.8659906 -0.2179185 -0.4477113 0.8672174 -0.2110022 -0.4533726 0.8659858 -0.1948436 -0.4605441 0.865988 -0.2800743 -0.4144788 0.8658901 -0.2832419 -0.40778 0.8680377 -0.2724807 -0.4192979 0.8659928 -0.2501083 -0.4332208 0.8658901 -0.2501136 -0.4332135 0.8658921 -0.2268831 -0.4456201 0.8659948 -0.3346465 -0.3614821 0.8702542 -0.3288451 -0.3767207 0.8659921 -0.3086363 -0.3936725 0.86589 -0.3101597 -0.3858497 0.8688619 -0.3014328 -0.398993 0.8659924 -0.4249489 -0.2639326 0.8658857 -0.4062021 -0.29201 0.8658695 -0.4062017 -0.2920098 0.8658698 -0.384578 -0.3199556 0.8658684 -0.384544 -0.3199446 0.8658875 -0.3610086 -0.3462819 0.8658877 -0.3610097 -0.3462821 0.8658873 -0.335658 -0.3709086 0.8658871 -0.424064 -0.2651102 -0.8659598 -0.404411 -0.2942132 -0.8659621 -0.4044721 -0.2942622 -0.8659169 -0.3828322 -0.3219079 -0.8659185 -0.3828711 -0.3219554 -0.8658836 -0.3593342 -0.3480309 -0.865883 -0.3593234 -0.3480053 -0.8658978 -0.334016 -0.372362 -0.8658983 -0.3340175 -0.3723813 -0.8658894 -0.3137458 -0.389394 -0.8659884 -0.3051563 -0.3924348 -0.8676835 -0.299863 -0.4001731 -0.8659928 -0.2444344 -0.4162768 -0.8757656 -0.2855979 -0.410481 -0.8659903 -0.2773439 -0.4136125 -0.8671823 -0.2660974 -0.4253662 -0.8650177 -0.2495938 -0.4354667 -0.8649114 -0.2521277 -0.4321779 -0.8658256 -0.1780101 -0.4619114 -0.8688788 -0.1937285 -0.4610036 -0.8659936 -0.2176791 -0.4503842 -0.8658925 -0.2103168 -0.4497387 -0.8680449 -0.2256255 -0.4462641 -0.8659916 -0.01598711 -0.5002891 -0.8657108 -0.04946513 -0.4981302 -0.8656902 -0.04949266 -0.4977413 -0.8659123 -0.08428179 -0.4930454 -0.8659115 -0.08426833 -0.4931084 -0.865877 -0.1186754 -0.4859758 -0.8658774 -0.1186868 -0.4859481 -0.8658914 -0.1524888 -0.4764235 -0.8658913 -0.1524917 -0.4764187 -0.8658935 -0.1855389 -0.4645471 -0.8658934 0.2442098 -0.4229915 -0.8726051 0.2800714 -0.4144746 -0.8658931 0.2832416 -0.4077704 -0.8680424 0.3346453 -0.3614822 -0.8702546 0.3288655 -0.3766916 -0.8659971 0.308632 -0.3936647 -0.8658952 0.310159 -0.3858226 -0.8688742 0.3014193 -0.3989965 -0.8659954 0.4247372 -0.2638035 -0.8660288 0.4059843 -0.2918935 -0.8660109 0.4061662 -0.2919821 -0.8658957 0.384537 -0.3199348 -0.8658943 0.3845293 -0.3199323 -0.8658987 0.3609845 -0.3462799 -0.8658987 0.3610085 -0.3462832 -0.8658873 0.3356569 -0.3709097 -0.8658871 0.1194054 -0.4857733 -0.8658906 0.08480078 -0.4929928 -0.8658909 0.08478216 -0.4929404 -0.8659225 0.04978801 -0.4976937 -0.8659227 0.04980243 -0.4977969 -0.8658625 0.0160909 -0.4999841 -0.865885 0.1518984 -0.4715589 -0.8686535 0.1450109 -0.4785561 -0.866 0.1193954 -0.4857595 -0.8658998 0.1854044 -0.4611423 -0.8677402 0.1784534 -0.467131 -0.8659925 0.1618174 -0.4731478 -0.8659944 0.2724828 -0.4192922 -0.8659949 0.2501118 -0.4332143 -0.8658922 0.2501051 -0.4332152 -0.8658938 0.2268776 -0.4456199 -0.8659963 0.2179171 -0.4477107 -0.8672181 0.2110134 -0.4533622 -0.8659886 0.1948417 -0.4605396 -0.8659908 0.4803859 -0.1394905 -0.8658936 0.4693417 -0.1730537 -0.8658931 0.4693156 -0.1730489 -0.8659081 0.4559349 -0.2057405 -0.8659066 0.4558534 -0.2057075 -0.8659573 0.4408914 -0.235973 -0.8659858 0.4843377 -0.1042198 -0.8686514 0.4869599 -0.1137058 -0.8659914 0.480391 -0.13949 -0.8658909 0.4920604 -0.06999367 -0.8677427 0.4937735 -0.07901861 -0.865993 0.4906667 -0.09643205 -0.8659948 0.5002303 -2.251342e-06 -0.8658924 0.4993592 -0.02632546 -0.865995 0.4966837 -0.03515024 -0.8672195 0.4981224 -0.04393265 -0.8659931 0.4962513 -0.06153118 -0.8659957 0.4989819 0.03531512 -0.8658925 0.4884263 0 -0.8726051 0.5002313 0 -0.8658918 0.4993601 0.02632456 -0.8659946 0.4947643 0.04140773 -0.8680401 0.4803754 0.1090699 -0.8702546 0.4906666 0.09643275 -0.8659949 0.4952445 0.07044659 -0.8658927 0.4892155 0.07569107 -0.8688723 0.4962535 0.06152282 -0.865995 0.4408957 0.2359648 -0.8659859 0.4558571 0.2057006 -0.865957 0.4559307 0.2057505 -0.8659064 0.4693195 0.1730392 -0.865908 0.4693278 0.1730467 -0.8659019 0.4803777 0.1394753 -0.8659006 0.4803905 0.1394918 -0.8658909 0.4890385 0.1052352 -0.8658909 0.3609941 0.3462693 -0.8658988 0.3845302 0.3199314 -0.8658987 0.3845351 0.3199371 -0.8658943 0.4061615 0.2919883 -0.8658959 0.4060036 0.2918651 -0.8660114 0.4247373 0.2638036 -0.8660288 0.3324299 0.3673438 -0.8686478 0.3419595 0.3648684 -0.8659878 0.3610029 0.3462888 -0.8658875 0.3066494 0.3911359 -0.8677436 0.3153495 0.3880952 -0.8659889 0.328856 0.3767145 -0.8659906 0.2501167 0.4332041 -0.865896 0.2724769 0.4192888 -0.8659984 0.2787715 0.4125773 -0.8672177 0.2871051 0.4094325 -0.8659883 0.3014059 0.3990165 -0.8659909 0.2189089 0.4497855 -0.8658937 0.2442098 0.4229915 -0.8726051 0.2501106 0.4332122 -0.8658937 0.2268868 0.445615 -0.8659964 0.211503 0.4491775 -0.8680472 0.1457242 0.4705457 -0.8702593 0.161814 0.473149 -0.8659944 0.1866184 0.4641169 -0.8658921 0.1790439 0.4615116 -0.8688788 0.1948439 0.4605283 -0.8659962 0.0160909 0.4999841 -0.865885 0.04978457 0.4977982 -0.8658628 0.04979205 0.4976932 -0.8659228 0.08480385 0.4929373 -0.8659222 0.0847915 0.4929947 -0.8658906 0.1193942 0.4857757 -0.8658908 0.1194016 0.4857578 -0.8658999 0.1533695 0.4761257 -0.8658996 -0.2442113 0.4229921 -0.8726044 -0.1194049 0.4857734 -0.8658907 -0.08480114 0.4929927 -0.8658908 -0.08478254 0.4929403 -0.8659225 -0.04978779 0.4976937 -0.8659227 -0.0498022 0.4977969 -0.8658625 -0.01609098 0.4999841 -0.8658851 -0.1518982 0.4715583 -0.868654 -0.145011 0.4785551 -0.8660005 -0.1193945 0.485759 -0.8659002 -0.1854173 0.4611319 -0.867743 -0.1784548 0.4671305 -0.8659925 -0.1618187 0.4731473 -0.8659944 -0.217902 0.4477141 -0.8672201 -0.2110162 0.4533509 -0.8659938 -0.1948399 0.4605301 -0.8659962 -0.2800644 0.4144908 -0.8658876 -0.2832533 0.407747 -0.8680495 -0.2724741 0.4192906 -0.8659984 -0.2501167 0.4332041 -0.865896 -0.2501112 0.4332113 -0.865894 -0.226876 0.4456202 -0.8659965 -0.3346469 0.3614858 -0.8702525 -0.3288594 0.3767149 -0.8659892 -0.3086396 0.3936768 -0.8658869 -0.3101685 0.3858243 -0.86887 -0.3014266 0.3990022 -0.8659903 -0.4247798 0.2638276 -0.8660007 -0.4060257 0.2919157 -0.865984 -0.4061651 0.2919835 -0.8658958 -0.384537 0.3199348 -0.8658943 -0.3845293 0.3199323 -0.8658987 -0.3609855 0.3462788 -0.8658986 -0.3610097 0.3462821 -0.8658873 -0.335658 0.3709086 -0.8658871 -0.4884212 -0 -0.8726081 -0.4803741 0.139487 -0.8659008 -0.4693277 0.173047 -0.8659019 -0.4693416 0.1730496 -0.865894 -0.4559531 0.2057581 -0.8658928 -0.4558006 0.2056963 -0.8659877 -0.4408509 0.2359408 -0.8660152 -0.4843378 0.1042259 -0.8686506 -0.4869591 0.1137092 -0.8659914 -0.4803922 0.1394852 -0.8658909 -0.4920619 0.06999388 -0.8677419 -0.4937761 0.07902505 -0.8659908 -0.4906701 0.09643441 -0.8659927 -0.4966854 0.03514812 -0.8672187 -0.4981253 0.04393782 -0.8659911 -0.4962557 0.06152545 -0.8659935 -0.4989842 -0.03531079 -0.8658915 -0.494767 -0.04140261 -0.8680388 -0.4993595 -0.02631513 -0.8659951 -0.5002304 -0 -0.8658924 -0.5002304 -0 -0.8658924 -0.499359 0.0263296 -0.865995 -0.4803564 -0.1090767 -0.8702644 -0.4906676 -0.09643758 -0.8659937 -0.495246 -0.07044905 -0.8658916 -0.4892055 -0.07570336 -0.8688768 -0.4962531 -0.06153785 -0.8659942 -0.4408469 -0.2359492 -0.866015 -0.4558161 -0.2056643 -0.8659873 -0.4559535 -0.2057572 -0.8658928 -0.4693396 -0.1730548 -0.865894 -0.4693409 -0.1730559 -0.8658931 -0.4803876 -0.1394852 -0.8658935 -0.4803933 -0.1394926 -0.8658892 -0.4890423 -0.1052322 -0.8658891</float_array>
          <technique_common>
            <accessor count="11458" source="#cubenormals-array0-array" stride="3">
              <param type="float" name="X" />
              <param type="float" name="Y" />
              <param type="float" name="Z" />
            </accessor>
          </technique_common>
        </source>
        <vertices id="cubeverts-array0-vertices">
          <input semantic="POSITION" source="#cubeverts-array0" />
        </vertices>
        <triangles count="11458" material="ref_M16_Hex_Nut">
          <input offset="0" semantic="VERTEX" source="#cubeverts-array0-vertices" />
          <input offset="1" semantic="NORMAL" source="#cubenormals-array0" />
          <p>5723 0 5727 0 5728 0 5724 1 5723 1 5728 1 5724 2 5711 2 5715 2 5719 3 5724 3 5715 3 5723 4 5724 4 5719 4 5683 5 5699 5 5724 5 5720 6 5683 6 5724 6 5197 7 5091 7 5090 7 5196 8 5197 8 5090 8 5316 9 5197 9 5196 9 5724 10 5699 10 5703 10 5707 11 5724 11 5703 11 5711 12 5724 12 5707 12 5197 13 5316 13 5414 13 5570 14 5197 14 5414 14 5615 15 5197 15 5570 15 5635 16 5571 16 5415 16 5317 17 5635 17 5415 17 5627 18 5635 18 5317 18 5197 19 5627 19 5317 19 5623 20 5627 20 5197 20 5615 21 5623 21 5197 21 5683 22 5720 22 5716 22 5712 23 5683 23 5716 23 5671 24 5683 24 5712 24 5708 25 5671 25 5712 25 5616 26 5571 26 5635 26 5643 27 5616 27 5635 27 5624 28 5616 28 5643 28 5663 29 5672 29 5664 29 5656 30 5663 30 5664 30 5655 31 5663 31 5656 31 5652 32 5655 32 5656 32 5651 33 5655 33 5652 33 5671 34 5708 34 5704 34 5700 35 5671 35 5704 35 5663 36 5671 36 5700 36 5684 37 5663 37 5700 37 5672 38 5663 38 5684 38 5651 39 5652 39 5644 39 5636 40 5651 40 5644 40 5643 41 5651 41 5636 41 5628 42 5643 42 5636 42 5624 43 5643 43 5628 43 5198 44 5094 44 5095 44 5199 45 5198 45 5095 45 5199 46 5572 46 5416 46 5314 47 5199 47 5416 47 5198 48 5199 48 5314 48 5637 49 5629 49 5199 49 5315 50 5637 50 5199 50 5726 51 5728 51 5727 51 5725 52 5726 52 5727 52 5721 53 5726 53 5725 53 5199 54 5629 54 5625 54 5617 55 5199 55 5625 55 5572 56 5199 56 5617 56 5726 57 5721 57 5717 57 5713 58 5726 58 5717 58 5709 59 5726 59 5713 59 5685 60 5714 60 5718 60 5722 61 5685 61 5718 61 5701 62 5685 62 5722 62 5726 63 5701 63 5722 63 5705 64 5701 64 5726 64 5709 65 5705 65 5726 65 5710 66 5714 66 5685 66 5673 67 5710 67 5685 67 5706 68 5710 68 5673 68 5637 69 5315 69 5417 69 5573 70 5637 70 5417 70 5645 71 5637 71 5573 71 5618 72 5645 72 5573 72 5653 73 5654 73 5658 73 5646 74 5654 74 5653 74 5658 75 5666 75 5665 75 5657 76 5658 76 5665 76 5653 77 5658 77 5657 77 5645 78 5618 78 5626 78 5630 79 5645 79 5626 79 5653 80 5645 80 5630 80 5638 81 5653 81 5630 81 5646 82 5653 82 5638 82 5665 83 5666 83 5674 83 5686 84 5665 84 5674 84 5673 85 5665 85 5686 85 5702 86 5673 86 5686 86 5706 87 5673 87 5702 87 938 88 619 88 620 88 939 89 938 89 620 89 939 90 1529 90 1378 90 1176 91 939 91 1378 91 938 92 939 92 1176 92 4727 93 5095 93 5094 93 4726 94 4727 94 5094 94 2166 95 1939 95 939 95 1177 96 2166 96 939 96 4726 97 4075 97 4271 97 4469 98 4726 98 4271 98 4727 99 4726 99 4469 99 3405 100 3664 100 4726 100 4468 101 3405 101 4726 101 939 102 1939 102 1805 102 1661 103 939 103 1805 103 1529 104 939 104 1661 104 4726 105 3664 105 3784 105 3924 106 4726 106 3784 106 4075 107 4726 107 3924 107 2166 108 1177 108 1379 108 1530 109 2166 109 1379 109 2391 110 2166 110 1530 110 1662 111 2391 111 1530 111 3405 112 4468 112 4270 112 4074 113 3405 113 4270 113 3191 114 3405 114 4074 114 3923 115 3191 115 4074 115 2986 116 2985 116 2791 116 3190 117 2985 117 2986 117 3191 118 3923 118 3783 118 3663 119 3191 119 3783 119 2986 120 3191 120 3663 120 3404 121 2986 121 3663 121 3190 122 2986 122 3404 122 2391 123 1662 123 1806 123 1940 124 2391 124 1806 124 2612 125 2391 125 1940 125 2167 126 2612 126 1940 126 2612 127 2167 127 2392 127 2613 128 2612 128 2392 128 2791 129 2612 129 2613 129 2792 130 2791 130 2613 130 2986 131 2791 131 2792 131 0 132 1 132 5 132 4 133 0 133 5 133 471 134 620 134 619 134 470 135 471 135 619 135 351 136 471 136 470 136 4 137 5 137 9 137 13 138 4 138 9 138 17 139 4 139 13 139 4 140 17 140 21 140 27 141 4 141 21 141 8 142 4 142 27 142 44 143 8 143 27 143 12 144 8 144 44 144 15 145 12 145 44 145 471 146 351 146 285 146 162 147 471 147 285 147 108 148 471 148 162 148 89 149 163 149 286 149 352 150 89 150 286 150 97 151 89 151 352 151 471 152 97 152 352 152 100 153 97 153 471 153 108 154 100 154 471 154 20 155 15 155 44 155 55 156 20 156 44 156 22 157 20 157 55 157 109 158 163 158 89 158 81 159 109 159 89 159 101 160 109 160 81 160 74 161 73 161 70 161 70 162 63 162 64 162 71 163 70 163 64 163 74 164 70 164 71 164 64 165 63 165 54 165 43 166 64 166 54 166 55 167 64 167 43 167 25 168 55 168 43 168 22 169 55 169 25 169 73 170 74 170 82 170 90 171 73 171 82 171 81 172 73 172 90 172 98 173 81 173 90 173 101 174 81 174 98 174 483 175 617 175 618 175 472 176 483 176 618 176 353 177 483 177 472 177 2 178 1 178 0 178 3 179 2 179 0 179 7 180 2 180 3 180 483 181 353 181 284 181 164 182 483 182 284 182 107 183 483 183 164 183 2 184 7 184 11 184 16 185 2 185 11 185 19 186 2 186 16 186 483 187 107 187 102 187 96 188 483 188 102 188 358 189 483 189 96 189 88 190 358 190 96 190 290 191 358 191 88 191 2 192 19 192 23 192 26 193 2 193 23 193 6 194 2 194 26 194 42 195 6 195 26 195 10 196 6 196 42 196 42 197 53 197 18 197 14 198 42 198 18 198 10 199 42 199 14 199 88 200 80 200 110 200 178 201 88 201 110 201 290 202 88 202 178 202 53 203 62 203 40 203 24 204 53 204 40 204 18 205 53 205 24 205 62 206 69 206 60 206 52 207 62 207 60 207 40 208 62 208 52 208 72 209 78 209 83 209 91 210 72 210 83 210 80 211 72 211 91 211 99 212 80 212 91 212 110 213 80 213 99 213 72 214 69 214 62 214 68 215 72 215 62 215 78 216 72 216 68 216 4724 217 5090 217 5091 217 4725 218 4724 218 5091 218 4471 219 4724 219 4725 219 618 220 617 220 975 220 937 221 618 221 975 221 937 222 975 222 1188 222 1390 223 937 223 1188 223 1539 224 937 224 1390 224 4724 225 4471 225 4269 225 4077 226 4724 226 4269 226 3922 227 4724 227 4077 227 937 228 1539 228 1665 228 1943 229 937 229 1665 229 1178 230 937 230 1943 230 2173 231 1178 231 1943 231 1380 232 1178 232 2173 232 1531 233 1380 233 2173 233 3403 234 4076 234 4268 234 4470 235 3403 235 4268 235 3662 236 3403 236 4470 236 4724 237 3662 237 4470 237 3786 238 3662 238 4724 238 3922 239 3786 239 4724 239 3921 240 4076 240 3403 240 3189 241 3921 241 3403 241 3785 242 3921 242 3189 242 1660 243 1531 243 2173 243 2393 244 1660 244 2173 244 1807 245 1660 245 2393 245 2983 246 2984 246 2790 246 2790 247 2611 247 2618 247 2789 248 2790 248 2618 248 2983 249 2790 249 2789 249 2618 250 2611 250 2390 250 2165 251 2618 251 2390 251 2393 252 2618 252 2165 252 1938 253 2393 253 2165 253 1807 254 2393 254 1938 254 2984 255 2983 255 3188 255 3402 256 2984 256 3188 256 3189 257 2984 257 3402 257 3661 258 3189 258 3402 258 3785 259 3189 259 3661 259 2589 260 2758 260 2616 260 2396 261 2589 261 2616 261 2424 262 2589 262 2396 262 2182 263 2424 263 2396 263 2247 264 2424 264 2182 264 1980 265 2247 265 2182 265 2068 266 2247 266 1980 266 4603 267 4860 267 5642 267 5634 268 4603 268 5642 268 4396 269 4603 269 5634 269 5622 270 4396 270 5634 270 4196 271 4396 271 5622 271 5426 272 4196 272 5622 272 4022 273 4196 273 5426 273 448 274 342 274 56 274 61 275 448 275 56 275 614 276 448 276 61 276 69 277 614 277 61 277 846 278 614 278 69 278 111 279 167 279 31 279 28 280 111 280 31 280 166 281 111 281 28 281 32 282 166 282 28 282 222 283 166 283 32 283 36 284 222 284 32 284 283 285 222 285 36 285 41 286 283 286 36 286 342 287 283 287 41 287 48 288 342 288 41 288 56 289 342 289 48 289 5234 290 5354 290 5670 290 5662 291 5234 291 5670 291 5093 292 5234 292 5662 292 5658 293 5093 293 5662 293 4860 294 5093 294 5658 294 5650 295 4860 295 5658 295 5642 296 4860 296 5650 296 344 297 455 297 59 297 51 298 344 298 59 298 288 299 344 299 51 299 47 300 288 300 51 300 226 301 288 301 47 301 39 302 226 302 47 302 167 303 226 303 39 303 35 304 167 304 39 304 31 305 167 305 35 305 5068 306 4791 306 5648 306 5656 307 5068 307 5648 307 5194 308 5068 308 5656 308 5660 309 5194 309 5656 309 5338 310 5194 310 5660 310 4165 311 3973 311 5135 311 5424 312 4165 312 5135 312 4346 313 4165 313 5424 313 5620 314 4346 314 5424 314 4561 315 4346 315 5620 315 5632 316 4561 316 5620 316 4791 317 4561 317 5632 317 5640 318 4791 318 5632 318 5648 319 4791 319 5640 319 859 320 1072 320 86 320 77 321 859 321 86 321 628 322 859 322 77 322 71 323 628 323 77 323 455 324 628 324 71 324 67 325 455 325 71 325 59 326 455 326 67 326 2068 327 1980 327 1766 327 1513 328 2068 328 1766 328 1902 329 2068 329 1513 329 1269 330 1902 330 1513 330 1781 331 1902 331 1269 331 945 332 1781 332 1269 332 1620 333 1781 333 945 333 550 334 1620 334 945 334 1449 335 1620 335 550 335 282 336 1449 336 550 336 1264 337 1449 337 282 337 105 338 1264 338 282 338 1072 339 1264 339 105 339 94 340 1072 340 105 340 86 341 1072 341 94 341 3122 342 3300 342 3391 342 3187 343 3122 343 3391 343 2936 344 3122 344 3187 344 2982 345 2936 345 3187 345 2758 346 2936 346 2982 346 2792 347 2758 347 2982 347 2616 348 2758 348 2792 348 4022 349 5426 349 5137 349 4716 350 4022 350 5137 350 3819 351 4022 351 4716 351 4380 352 3819 352 4716 352 3646 353 3819 353 4380 353 4103 354 3646 354 4380 354 3471 355 3646 355 4103 355 3868 356 3471 356 4103 356 3300 357 3471 357 3868 357 3618 358 3300 358 3868 358 3391 359 3300 359 3618 359 5569 360 5612 360 5698 360 5694 361 5569 361 5698 361 5509 362 5569 362 5694 362 5690 363 5509 363 5694 363 5434 364 5509 364 5690 364 5682 365 5434 365 5690 365 5354 366 5434 366 5682 366 5678 367 5354 367 5682 367 5670 368 5354 368 5678 368 5338 369 5660 369 5668 369 5676 370 5338 370 5668 370 5407 371 5338 371 5676 371 5680 372 5407 372 5676 372 5486 373 5407 373 5680 373 5688 374 5486 374 5680 374 5549 375 5486 375 5688 375 5692 376 5549 376 5688 376 5612 377 5549 377 5692 377 5696 378 5612 378 5692 378 5698 379 5612 379 5696 379 3146 380 2968 380 3185 380 3389 381 3146 381 3185 381 3317 382 3146 382 3389 382 3616 383 3317 383 3389 383 3485 384 3317 384 3616 384 3866 385 3485 385 3616 385 3657 386 3485 386 3866 386 4101 387 3657 387 3866 387 3837 388 3657 388 4101 388 4378 389 3837 389 4101 389 3973 390 3837 390 4378 390 4714 391 3973 391 4378 391 5135 392 3973 392 4714 392 846 393 69 393 75 393 84 394 846 394 75 394 1065 395 846 395 84 395 92 396 1065 396 84 396 1257 397 1065 397 92 397 103 398 1257 398 92 398 1423 399 1257 399 103 399 280 400 1423 400 103 400 1614 401 1423 401 280 401 548 402 1614 402 280 402 1780 403 1614 403 548 403 2629 404 2462 404 2394 404 2614 405 2629 405 2394 405 2786 406 2629 406 2614 406 2790 407 2786 407 2614 407 2968 408 2786 408 2790 408 2980 409 2968 409 2790 409 3185 410 2968 410 2980 410 1780 411 548 411 943 411 1267 412 1780 412 943 412 1941 413 1780 413 1267 413 1511 414 1941 414 1267 414 2121 415 1941 415 1511 415 1764 416 2121 416 1511 416 2287 417 2121 417 1764 417 1978 418 2287 418 1764 418 2462 419 2287 419 1978 419 2180 420 2462 420 1978 420 2394 421 2462 421 2180 421 2979 422 2735 422 2900 422 256 423 202 423 37 423 46 424 256 424 37 424 318 425 256 425 46 425 50 426 318 426 46 426 377 427 318 427 50 427 377 428 50 428 58 428 66 429 377 429 58 429 561 430 377 430 66 430 70 431 561 431 66 431 731 432 561 432 70 432 76 433 731 433 70 433 1002 434 731 434 76 434 85 435 1002 435 76 435 1199 436 1002 436 85 436 1199 437 85 437 93 437 104 438 1199 438 93 438 1387 439 1199 439 104 439 281 440 1387 440 104 440 1548 441 1387 441 281 441 549 442 1548 442 281 442 1733 443 1548 443 549 443 944 444 1733 444 549 444 1901 445 1733 445 944 445 182 446 239 446 38 446 33 447 182 447 38 447 123 448 182 448 33 448 29 449 123 449 33 449 136 450 123 450 29 450 30 451 136 451 29 451 202 452 136 452 30 452 34 453 202 453 30 453 37 454 202 454 34 454 3184 455 2979 455 2900 455 3073 456 3184 456 2900 456 3388 457 3184 457 3073 457 3258 458 3388 458 3073 458 3615 459 3388 459 3258 459 3441 460 3615 460 3258 460 3865 461 3615 461 3441 461 4859 462 4602 462 5641 462 5649 463 4859 463 5641 463 5092 464 4859 464 5649 464 5657 465 5092 465 5649 465 5233 466 5092 466 5657 466 1901 467 944 467 1268 467 1512 468 1901 468 1268 468 2067 469 1901 469 1512 469 1765 470 2067 470 1512 470 2246 471 2067 471 1765 471 1979 472 2246 472 1765 472 2423 473 2246 473 1979 473 2181 474 2423 474 1979 474 2588 475 2423 475 2181 475 517 476 675 476 68 476 65 477 517 477 68 477 361 478 517 478 65 478 57 479 361 479 65 479 303 480 361 480 57 480 49 481 303 481 57 481 239 482 303 482 49 482 45 483 239 483 49 483 38 484 239 484 45 484 4790 485 5067 485 5647 485 5639 486 4790 486 5647 486 4560 487 4790 487 5639 487 5631 488 4560 488 5639 488 4345 489 4560 489 5631 489 5619 490 4345 490 5631 490 4164 491 4345 491 5619 491 5233 492 5657 492 5661 492 5669 493 5233 493 5661 493 5353 494 5233 494 5669 494 5677 495 5353 495 5669 495 5433 496 5353 496 5677 496 5681 497 5433 497 5677 497 5508 498 5433 498 5681 498 5689 499 5508 499 5681 499 5568 500 5508 500 5689 500 4021 501 3818 501 4715 501 5136 502 4021 502 4715 502 4195 503 4021 503 5136 503 5425 504 4195 504 5136 504 4395 505 4195 505 5425 505 5621 506 4395 506 5425 506 4602 507 4395 507 5621 507 5633 508 4602 508 5621 508 5641 509 4602 509 5633 509 1346 510 1521 510 292 510 106 511 1346 511 292 511 1155 512 1346 512 106 512 95 513 1155 513 106 513 956 514 1155 514 95 514 87 515 956 515 95 515 675 516 956 516 87 516 79 517 675 517 87 517 68 518 675 518 79 518 5337 519 5406 519 5675 519 5667 520 5337 520 5675 520 5193 521 5337 521 5667 521 5659 522 5193 522 5667 522 5067 523 5193 523 5659 523 5655 524 5067 524 5659 524 5647 525 5067 525 5655 525 5568 526 5689 526 5693 526 5697 527 5568 527 5693 527 5611 528 5568 528 5697 528 5695 529 5611 529 5697 529 5548 530 5611 530 5695 530 5691 531 5548 531 5695 531 5485 532 5548 532 5691 532 5687 533 5485 533 5691 533 5406 534 5485 534 5687 534 5679 535 5406 535 5687 535 5675 536 5406 536 5679 536 3299 537 3121 537 3390 537 3617 538 3299 538 3390 538 3470 539 3299 539 3617 539 3867 540 3470 540 3617 540 3645 541 3470 541 3867 541 4102 542 3645 542 3867 542 3818 543 3645 543 4102 543 4379 544 3818 544 4102 544 4715 545 3818 545 4379 545 2588 546 2181 546 2395 546 2615 547 2588 547 2395 547 2757 548 2588 548 2615 548 2791 549 2757 549 2615 549 2935 550 2757 550 2791 550 2981 551 2935 551 2791 551 3121 552 2935 552 2981 552 3186 553 3121 553 2981 553 3390 554 3121 554 3186 554 2735 555 2979 555 2789 555 2621 556 2735 556 2789 556 2551 557 2735 557 2621 557 2398 558 2551 558 2621 558 2373 559 2551 559 2398 559 2185 560 2373 560 2398 560 2286 561 2373 561 2185 561 1986 562 2286 562 2185 562 2199 563 2286 563 1986 563 1771 564 2199 564 1986 564 2039 565 2199 565 1771 565 1520 566 2039 566 1771 566 1872 567 2039 567 1520 567 1275 568 1872 568 1520 568 1695 569 1872 569 1275 569 974 570 1695 570 1275 570 1521 571 1695 571 974 571 582 572 1521 572 974 572 292 573 1521 573 582 573 5134 574 4713 574 3972 574 4164 575 5134 575 3972 575 5423 576 5134 576 4164 576 5619 577 5423 577 4164 577 4100 578 3865 578 3441 578 3603 579 4100 579 3441 579 4377 580 4100 580 3603 580 3778 581 4377 581 3603 581 4713 582 4377 582 3778 582 3835 583 4713 583 3778 583 3972 584 4713 584 3835 584 2287 585 2333 585 2319 585 2121 586 2179 586 2159 586 111 587 513 587 516 587 1264 588 1483 588 1504 588 2472 589 2497 589 2500 589 3450 590 3427 590 3362 590 3367 591 3450 591 3362 591 3504 592 3450 592 3367 592 3515 593 3504 593 3367 593 3427 594 3392 594 3311 594 3361 595 3427 595 3311 595 3362 596 3427 596 3361 596 3304 597 3281 597 3216 597 3261 598 3304 598 3216 598 3352 599 3304 599 3261 599 3311 600 3352 600 3261 600 3359 601 3352 601 3311 601 3392 602 3359 602 3311 602 3281 603 3212 603 3156 603 3210 604 3281 604 3156 604 3216 605 3281 605 3210 605 3156 606 3212 606 3203 606 3183 607 3156 607 3203 607 3144 608 3156 608 3183 608 3128 609 3144 609 3183 609 3079 610 3144 610 3128 610 3053 611 3079 611 3128 611 3104 612 3053 612 3128 612 3014 613 3053 613 3104 613 3078 614 3014 614 3104 614 3009 615 3014 615 3078 615 3027 616 3009 616 3078 616 2944 617 3009 617 3027 617 2944 618 3027 618 2969 618 2949 619 2944 619 2969 619 2907 620 2944 620 2949 620 2946 621 2907 621 2949 621 2881 622 2907 622 2946 622 2499 623 2472 623 2500 623 2876 624 2881 624 2946 624 2868 625 2876 625 2946 625 2815 626 2876 626 2868 626 2808 627 2815 627 2868 627 2802 628 2815 628 2808 628 2805 629 2802 629 2808 629 2752 630 2802 630 2805 630 2777 631 2752 631 2805 631 2747 632 2752 632 2777 632 2700 633 2747 633 2777 633 2658 634 2747 634 2700 634 2659 635 2658 635 2700 635 2652 636 2658 636 2659 636 2636 637 2652 637 2659 637 2631 638 2652 638 2636 638 2630 639 2631 639 2636 639 2583 640 2631 640 2630 640 2603 641 2583 641 2630 641 2500 642 2583 642 2603 642 2503 643 2500 643 2603 643 2499 644 2500 644 2503 644 2488 645 2497 645 2472 645 2443 646 2488 646 2472 646 2447 647 2488 647 2443 647 2308 648 2318 648 2341 648 2318 649 2308 649 2265 649 2197 650 2318 650 2265 650 2243 651 2318 651 2197 651 2172 652 2243 652 2197 652 2229 653 2243 653 2172 653 2141 654 2229 654 2172 654 2215 655 2229 655 2141 655 2447 656 2443 656 2349 656 2330 657 2447 657 2349 657 2351 658 2447 658 2330 658 2308 659 2351 659 2330 659 2348 660 2351 660 2308 660 2341 661 2348 661 2308 661 2160 662 2215 662 2141 662 2090 663 2160 663 2141 663 2114 664 2160 664 2090 664 2060 665 2114 665 2090 665 2091 666 2114 666 2060 666 2011 667 2091 667 2060 667 2083 668 2091 668 2011 668 1781 669 1620 669 1789 669 1791 670 1781 670 1789 670 2083 671 2011 671 1956 671 1951 672 2083 672 1956 672 2014 673 2083 673 1951 673 1917 674 2014 674 1951 674 1989 675 2014 675 1917 675 1868 676 1989 676 1917 676 1942 677 1989 677 1868 677 1787 678 1942 678 1868 678 1933 679 1942 679 1787 679 1785 680 1933 680 1787 680 1866 681 1933 681 1785 681 1781 682 1866 682 1785 682 1858 683 1866 683 1781 683 1791 684 1858 684 1781 684 1449 685 1646 685 1669 685 1740 686 1449 686 1669 686 1620 687 1449 687 1740 687 1773 688 1620 688 1740 688 1789 689 1620 689 1773 689 1264 690 1504 690 1540 690 1618 691 1264 691 1540 691 1449 692 1264 692 1618 692 1622 693 1449 693 1618 693 1646 694 1449 694 1622 694 1072 695 1368 695 1383 695 1406 696 1072 696 1383 696 1264 697 1072 697 1406 697 1476 698 1264 698 1406 698 1483 699 1264 699 1476 699 859 700 1248 700 1249 700 1259 701 859 701 1249 701 1072 702 859 702 1259 702 1321 703 1072 703 1259 703 1368 704 1072 704 1321 704 628 705 1104 705 1124 705 1137 706 628 706 1124 706 859 707 628 707 1137 707 1227 708 859 708 1137 708 1248 709 859 709 1227 709 455 710 953 710 996 710 1019 711 455 711 996 711 628 712 455 712 1019 712 1073 713 628 713 1019 713 1104 714 628 714 1073 714 344 715 822 715 858 715 866 716 344 716 858 716 455 717 344 717 866 717 930 718 455 718 866 718 953 719 455 719 930 719 288 720 654 720 667 720 696 721 288 721 667 721 344 722 288 722 696 722 776 723 344 723 696 723 822 724 344 724 776 724 288 725 226 725 602 725 632 726 288 726 602 726 288 727 632 727 637 727 653 728 288 728 637 728 654 729 288 729 653 729 167 730 555 730 584 730 591 731 167 731 584 731 226 732 167 732 591 732 597 733 226 733 591 733 602 734 226 734 597 734 111 735 516 735 534 735 547 736 111 736 534 736 167 737 111 737 547 737 551 738 167 738 547 738 555 739 167 739 551 739 166 740 525 740 522 740 512 741 166 741 522 741 111 742 166 742 512 742 511 743 111 743 512 743 513 744 111 744 511 744 166 745 222 745 580 745 579 746 166 746 580 746 166 747 579 747 563 747 544 748 166 748 563 748 525 749 166 749 544 749 283 750 629 750 627 750 605 751 283 751 627 751 222 752 283 752 605 752 593 753 222 753 605 753 580 754 222 754 593 754 651 755 342 755 677 755 283 756 342 756 651 756 649 757 283 757 651 757 629 758 283 758 649 758 448 759 921 759 864 759 851 760 448 760 864 760 448 761 851 761 799 761 788 762 448 762 799 762 342 763 448 763 788 763 692 764 342 764 788 764 677 765 342 765 692 765 614 766 1054 766 1031 766 997 767 614 767 1031 767 448 768 614 768 997 768 923 769 448 769 997 769 921 770 448 770 923 770 846 771 1172 771 1140 771 1131 772 846 772 1140 772 614 773 846 773 1131 773 1068 774 614 774 1131 774 1054 775 614 775 1068 775 1065 776 1296 776 1287 776 1281 777 1065 777 1287 777 846 778 1065 778 1281 778 1225 779 846 779 1281 779 1172 780 846 780 1225 780 1257 781 1431 781 1420 781 1408 782 1257 782 1420 782 1065 783 1257 783 1408 783 1364 784 1065 784 1408 784 1296 785 1065 785 1364 785 1423 786 1585 786 1542 786 1541 787 1423 787 1542 787 1257 788 1423 788 1541 788 1477 789 1257 789 1541 789 1431 790 1257 790 1477 790 1614 791 1726 791 1679 791 1658 792 1614 792 1679 792 1423 793 1614 793 1658 793 1626 794 1423 794 1658 794 1585 795 1423 795 1626 795 1780 796 1865 796 1839 796 1799 797 1780 797 1839 797 1614 798 1780 798 1799 798 1777 799 1614 799 1799 799 1726 800 1614 800 1777 800 1941 801 2013 801 1983 801 1937 802 1941 802 1983 802 1780 803 1941 803 1937 803 1925 804 1780 804 1937 804 1865 805 1780 805 1925 805 2121 806 2159 806 2138 806 2064 807 2121 807 2138 807 1941 808 2121 808 2064 808 2055 809 1941 809 2064 809 2013 810 1941 810 2055 810 2287 811 2319 811 2291 811 2195 812 2287 812 2291 812 2121 813 2287 813 2195 813 2192 814 2121 814 2195 814 2179 815 2121 815 2192 815 2462 816 2482 816 2477 816 2452 817 2462 817 2477 817 2287 818 2462 818 2452 818 2346 819 2287 819 2452 819 2333 820 2287 820 2346 820 2629 821 2634 821 2628 821 2573 822 2629 822 2628 822 2462 823 2629 823 2573 823 2507 824 2462 824 2573 824 2482 825 2462 825 2507 825 2786 826 2788 826 2754 826 2727 827 2786 827 2754 827 2629 828 2786 828 2727 828 2646 829 2629 829 2727 829 2634 830 2629 830 2646 830 2968 831 2951 831 2883 831 2880 832 2968 832 2883 832 2786 833 2968 833 2880 833 2812 834 2786 834 2880 834 2788 835 2786 835 2812 835 3146 836 3107 836 3041 836 3033 837 3146 837 3041 837 2968 838 3146 838 3033 838 2973 839 2968 839 3033 839 2951 840 2968 840 2973 840 3146 841 3317 841 3265 841 3181 842 3146 842 3265 842 3146 843 3181 843 3178 843 3149 844 3146 844 3178 844 3107 845 3146 845 3149 845 3317 846 3485 846 3426 846 3341 847 3317 847 3426 847 3317 848 3341 848 3328 848 3266 849 3317 849 3328 849 3265 850 3317 850 3266 850 3485 851 3657 851 3583 851 3512 852 3485 852 3583 852 3485 853 3512 853 3477 853 3445 854 3485 854 3477 854 3426 855 3485 855 3445 855 3657 856 3837 856 3749 856 3673 857 3657 857 3749 857 3657 858 3673 858 3610 858 3585 859 3657 859 3610 859 3583 860 3657 860 3585 860 3515 861 3367 861 3452 861 3478 862 3515 862 3452 862 3575 863 3515 863 3478 863 3513 864 3575 864 3478 864 3584 865 3575 865 3513 865 3553 866 3584 866 3513 866 3553 867 3658 867 3667 867 3627 868 3553 868 3667 868 3584 869 3553 869 3627 869 3658 870 3700 870 3741 870 3730 871 3658 871 3741 871 3667 872 3658 872 3730 872 3700 873 3787 873 3833 873 3748 874 3700 874 3833 874 3741 875 3700 875 3748 875 3787 876 3845 876 3891 876 3882 877 3787 877 3891 877 3833 878 3787 878 3882 878 3845 879 3919 879 3977 879 3897 880 3845 880 3977 880 3891 881 3845 881 3897 881 3919 882 3988 882 4028 882 4027 883 3919 883 4028 883 3977 884 3919 884 4027 884 4064 885 4146 885 4140 885 4115 886 4064 886 4140 886 3988 887 4064 887 4115 887 4047 888 3988 888 4115 888 4028 889 3988 889 4047 889 4251 890 4211 890 4276 890 4121 891 4211 891 4251 891 4248 892 4121 892 4251 892 4064 893 4121 893 4248 893 4180 894 4064 894 4248 894 4146 895 4064 895 4180 895 4253 896 4318 896 4348 896 4316 897 4253 897 4348 897 4211 898 4253 898 4316 898 4280 899 4211 899 4316 899 4276 900 4211 900 4280 900 4318 901 4399 901 4417 901 4415 902 4318 902 4417 902 4348 903 4318 903 4415 903 4509 904 4569 904 4538 904 4508 905 4509 905 4538 905 4463 906 4509 906 4508 906 4501 907 4463 907 4508 907 4399 908 4463 908 4501 908 4456 909 4399 909 4501 909 4417 910 4399 910 4456 910 4605 911 4569 911 4509 911 4583 912 4605 912 4509 912 4622 913 4605 913 4583 913 4632 914 4622 914 4583 914 4642 915 4632 915 4583 915 4669 916 4632 916 4642 916 4560 917 4461 917 4528 917 5193 918 5141 918 5144 918 5611 919 5458 919 5456 919 4021 920 3933 920 3914 920 1901 921 2010 921 1985 921 1548 922 1670 922 1657 922 239 923 600 923 607 923 361 924 824 924 857 924 2039 925 2087 925 2146 925 2286 926 2199 926 2303 926 2329 927 2286 927 2303 927 2290 928 2286 928 2329 928 2311 929 2290 929 2329 929 2338 930 2311 930 2329 930 2387 931 2311 931 2338 931 2420 932 2387 932 2338 932 2389 933 2387 933 2420 933 2459 934 2389 934 2420 934 2449 935 2389 935 2459 935 2478 936 2449 936 2459 936 2475 937 2449 937 2478 937 2489 938 2475 938 2478 938 2524 939 2475 939 2489 939 2570 940 2524 940 2489 940 2567 941 2524 941 2570 941 2607 942 2567 942 2570 942 2582 943 2567 943 2607 943 2622 944 2582 944 2607 944 2627 945 2582 945 2622 945 2643 946 2627 946 2622 946 2697 947 2627 947 2643 947 2719 948 2697 948 2643 948 2728 949 2697 949 2719 949 2731 950 2728 950 2719 950 2746 951 2728 951 2731 951 2748 952 2746 952 2731 952 2774 953 2746 953 2748 953 2803 954 2774 954 2748 954 2862 955 2774 955 2803 955 2832 956 2862 956 2803 956 2875 957 2862 957 2832 957 2866 958 2875 958 2832 958 2884 959 2875 959 2866 959 2879 960 2884 960 2866 960 2943 961 2884 961 2879 961 2901 962 2943 962 2879 962 3022 963 2943 963 2901 963 3001 964 3022 964 2901 964 3026 965 3022 965 3001 965 3006 966 3026 966 3001 966 3051 967 3026 967 3006 967 3031 968 3051 968 3006 968 3089 969 3051 969 3031 969 3045 970 3089 970 3031 970 3132 971 3089 971 3045 971 3168 972 3132 972 3045 972 3130 973 3168 973 3045 973 3199 974 3168 974 3130 974 3151 975 3199 975 3130 975 3217 976 3199 976 3151 976 3179 977 3217 977 3151 977 3301 978 3217 978 3179 978 3206 979 3301 979 3179 979 3320 980 3301 980 3206 980 3241 981 3320 981 3206 981 3355 982 3320 982 3241 982 3306 983 3355 983 3241 983 3371 984 3355 984 3306 984 3330 985 3371 985 3306 985 3451 986 3371 986 3330 986 3451 987 3330 987 3358 987 3364 988 3451 988 3358 988 3454 989 3451 989 3364 989 3372 990 3454 990 3364 990 3517 991 3454 991 3372 991 3476 992 3517 992 3372 992 3541 993 3517 993 3476 993 3479 994 3541 994 3476 994 3580 995 3541 995 3479 995 3509 996 3580 996 3479 996 3587 997 3580 997 3509 997 3535 998 3587 998 3509 998 3676 999 3587 999 3535 999 3607 1000 3676 1000 3535 1000 3744 1001 3751 1001 3877 1001 3871 1002 3744 1002 3877 1002 3742 1003 3744 1003 3871 1003 3869 1004 3742 1004 3871 1004 3692 1005 3742 1005 3869 1005 3781 1006 3692 1006 3869 1006 3622 1007 3692 1007 3781 1007 3727 1008 3622 1008 3781 1008 3613 1009 3622 1009 3727 1009 3723 1010 3613 1010 3727 1010 3607 1011 3613 1011 3723 1011 3714 1012 3607 1012 3723 1012 3676 1013 3607 1013 3714 1013 3894 1014 3943 1014 4071 1014 4030 1015 3894 1015 4071 1015 3893 1016 3894 1016 4030 1016 4026 1017 3893 1017 4030 1017 3881 1018 3893 1018 4026 1018 3999 1019 3881 1019 4026 1019 3842 1020 3881 1020 3999 1020 3928 1021 3842 1021 3999 1021 3751 1022 3842 1022 3928 1022 3886 1023 3751 1023 3928 1023 3877 1024 3751 1024 3886 1024 4036 1025 4083 1025 4168 1025 4150 1026 4036 1026 4168 1026 3943 1027 4036 1027 4150 1027 4113 1028 3943 1028 4150 1028 4071 1029 3943 1029 4113 1029 4083 1030 4173 1030 4245 1030 4229 1031 4083 1031 4245 1031 4168 1032 4083 1032 4229 1032 4173 1033 4232 1033 4306 1033 4302 1034 4173 1034 4306 1034 4245 1035 4173 1035 4302 1035 4232 1036 4307 1036 4372 1036 4354 1037 4232 1037 4372 1037 4306 1038 4232 1038 4354 1038 4307 1039 4473 1039 4443 1039 4437 1040 4307 1040 4443 1040 4372 1041 4307 1041 4437 1041 4500 1042 4473 1042 4307 1042 4357 1043 4500 1043 4307 1043 4541 1044 4500 1044 4357 1044 4440 1045 4541 1045 4357 1045 4571 1046 4541 1046 4440 1046 4544 1047 4687 1047 4686 1047 4678 1048 4544 1048 4686 1048 4482 1049 4544 1049 4678 1049 4629 1050 4482 1050 4678 1050 4440 1051 4482 1051 4629 1051 4582 1052 4440 1052 4629 1052 4571 1053 4440 1053 4582 1053 4690 1054 4687 1054 4544 1054 4610 1055 4690 1055 4544 1055 4756 1056 4690 1056 4610 1056 4680 1057 4756 1057 4610 1057 4768 1058 4756 1058 4680 1058 4869 1059 4772 1059 4872 1059 4704 1060 4772 1060 4869 1060 4704 1061 4869 1061 4866 1061 4796 1062 4704 1062 4866 1062 4680 1063 4704 1063 4796 1063 4771 1064 4680 1064 4796 1064 4768 1065 4680 1065 4771 1065 4888 1066 4872 1066 4772 1066 4813 1067 4888 1067 4772 1067 4905 1068 4888 1068 4813 1068 4908 1069 4952 1069 4951 1069 4950 1070 4908 1070 4951 1070 4878 1071 4908 1071 4950 1071 4932 1072 4878 1072 4950 1072 4813 1073 4878 1073 4932 1073 4924 1074 4813 1074 4932 1074 4905 1075 4813 1075 4924 1075 2199 1076 2204 1076 2222 1076 2267 1077 2199 1077 2222 1077 2303 1078 2199 1078 2267 1078 2199 1079 2039 1079 2146 1079 2147 1080 2199 1080 2146 1080 2204 1081 2199 1081 2147 1081 1872 1082 1954 1082 2007 1082 2009 1083 1872 1083 2007 1083 2039 1084 1872 1084 2009 1084 2082 1085 2039 1085 2009 1085 2087 1086 2039 1086 2082 1086 1695 1087 1831 1087 1841 1087 1860 1088 1695 1088 1841 1088 1872 1089 1695 1089 1860 1089 1927 1090 1872 1090 1860 1090 1954 1091 1872 1091 1927 1091 1346 1092 1581 1092 1590 1092 1610 1093 1346 1093 1590 1093 1521 1094 1346 1094 1610 1094 1654 1095 1521 1095 1610 1095 1691 1096 1521 1096 1654 1096 1521 1097 1691 1097 1710 1097 1714 1098 1521 1098 1710 1098 1695 1099 1521 1099 1714 1099 1782 1100 1695 1100 1714 1100 1831 1101 1695 1101 1782 1101 1155 1102 1428 1102 1451 1102 1457 1103 1155 1103 1451 1103 1346 1104 1155 1104 1457 1104 1514 1105 1346 1105 1457 1105 1581 1106 1346 1106 1514 1106 956 1107 1286 1107 1301 1107 1324 1108 956 1108 1301 1108 1155 1109 956 1109 1324 1109 1382 1110 1155 1110 1324 1110 1428 1111 1155 1111 1382 1111 675 1112 1136 1112 1148 1112 1223 1113 675 1113 1148 1113 956 1114 675 1114 1223 1114 1241 1115 956 1115 1223 1115 1286 1116 956 1116 1241 1116 517 1117 1018 1117 1051 1117 1076 1118 517 1118 1051 1118 675 1119 517 1119 1076 1119 1123 1120 675 1120 1076 1120 1136 1121 675 1121 1123 1121 361 1122 857 1122 883 1122 947 1123 361 1123 883 1123 517 1124 361 1124 947 1124 963 1125 517 1125 947 1125 1018 1126 517 1126 963 1126 303 1127 659 1127 662 1127 694 1128 303 1128 662 1128 361 1129 303 1129 694 1129 804 1130 361 1130 694 1130 824 1131 361 1131 804 1131 239 1132 607 1132 612 1132 623 1133 239 1133 612 1133 303 1134 239 1134 623 1134 650 1135 303 1135 623 1135 659 1136 303 1136 650 1136 557 1137 182 1137 543 1137 239 1138 182 1138 557 1138 583 1139 239 1139 557 1139 600 1140 239 1140 583 1140 123 1141 495 1141 500 1141 502 1142 123 1142 500 1142 182 1143 123 1143 502 1143 539 1144 182 1144 502 1144 543 1145 182 1145 539 1145 136 1146 490 1146 488 1146 489 1147 136 1147 488 1147 123 1148 136 1148 489 1148 493 1149 123 1149 489 1149 495 1150 123 1150 493 1150 202 1151 537 1151 507 1151 505 1152 202 1152 507 1152 202 1153 505 1153 497 1153 494 1154 202 1154 497 1154 136 1155 202 1155 494 1155 491 1156 136 1156 494 1156 490 1157 136 1157 491 1157 256 1158 592 1158 587 1158 586 1159 256 1159 587 1159 202 1160 256 1160 586 1160 542 1161 202 1161 586 1161 537 1162 202 1162 542 1162 318 1163 647 1163 642 1163 639 1164 318 1164 642 1164 256 1165 318 1165 639 1165 608 1166 256 1166 639 1166 592 1167 256 1167 608 1167 377 1168 782 1168 779 1168 774 1169 377 1169 779 1169 318 1170 377 1170 774 1170 665 1171 318 1171 774 1171 647 1172 318 1172 665 1172 561 1173 935 1173 913 1173 909 1174 561 1174 913 1174 377 1175 561 1175 909 1175 862 1176 377 1176 909 1176 782 1177 377 1177 862 1177 731 1178 1090 1178 1066 1178 1052 1179 731 1179 1066 1179 561 1180 731 1180 1052 1180 991 1181 561 1181 1052 1181 935 1182 561 1182 991 1182 1002 1183 1245 1183 1222 1183 1171 1184 1002 1184 1222 1184 731 1185 1002 1185 1171 1185 1130 1186 731 1186 1171 1186 1090 1187 731 1187 1130 1187 1199 1188 1385 1188 1360 1188 1299 1189 1199 1189 1360 1189 1002 1190 1199 1190 1299 1190 1279 1191 1002 1191 1299 1191 1245 1192 1002 1192 1279 1192 1387 1193 1519 1193 1481 1193 1426 1194 1387 1194 1481 1194 1199 1195 1387 1195 1426 1195 1425 1196 1199 1196 1426 1196 1385 1197 1199 1197 1425 1197 1548 1198 1657 1198 1632 1198 1549 1199 1548 1199 1632 1199 1387 1200 1548 1200 1549 1200 1545 1201 1387 1201 1549 1201 1519 1202 1387 1202 1545 1202 1814 1203 1733 1203 1816 1203 1733 1204 1814 1204 1784 1204 1731 1205 1733 1205 1784 1205 1548 1206 1733 1206 1731 1206 1693 1207 1548 1207 1731 1207 1670 1208 1548 1208 1693 1208 1901 1209 1985 1209 1946 1209 1931 1210 1901 1210 1946 1210 1733 1211 1901 1211 1931 1211 1854 1212 1733 1212 1931 1212 1816 1213 1733 1213 1854 1213 2067 1214 2143 1214 2140 1214 2085 1215 2067 1215 2140 1215 1901 1216 2067 1216 2085 1216 2059 1217 1901 1217 2085 1217 2010 1218 1901 1218 2059 1218 2067 1219 2246 1219 2217 1219 2198 1220 2067 1220 2217 1220 2143 1221 2067 1221 2198 1221 2246 1222 2347 1222 2300 1222 2295 1223 2246 1223 2300 1223 2217 1224 2246 1224 2295 1224 2423 1225 2493 1225 2463 1225 2458 1226 2423 1226 2463 1226 2246 1227 2423 1227 2458 1227 2354 1228 2246 1228 2458 1228 2347 1229 2246 1229 2354 1229 2588 1230 2640 1230 2626 1230 2619 1231 2588 1231 2626 1231 2423 1232 2588 1232 2619 1232 2522 1233 2423 1233 2619 1233 2493 1234 2423 1234 2522 1234 2757 1235 2776 1235 2770 1235 2751 1236 2757 1236 2770 1236 2588 1237 2757 1237 2751 1237 2665 1238 2588 1238 2751 1238 2640 1239 2588 1239 2665 1239 2935 1240 2914 1240 2910 1240 2902 1241 2935 1241 2910 1241 2757 1242 2935 1242 2902 1242 2830 1243 2757 1243 2902 1243 2776 1244 2757 1244 2830 1244 3121 1245 3081 1245 3054 1245 3047 1246 3121 1246 3054 1246 2935 1247 3121 1247 3047 1247 3004 1248 2935 1248 3047 1248 2914 1249 2935 1249 3004 1249 3299 1250 3243 1250 3221 1250 3200 1251 3299 1251 3221 1251 3121 1252 3299 1252 3200 1252 3159 1253 3121 1253 3200 1253 3081 1254 3121 1254 3159 1254 3470 1255 3417 1255 3365 1255 3344 1256 3470 1256 3365 1256 3299 1257 3470 1257 3344 1257 3310 1258 3299 1258 3344 1258 3243 1259 3299 1259 3310 1259 3645 1260 3579 1260 3533 1260 3505 1261 3645 1261 3533 1261 3470 1262 3645 1262 3505 1262 3473 1263 3470 1263 3505 1263 3417 1264 3470 1264 3473 1264 3818 1265 3745 1265 3719 1265 3655 1266 3818 1266 3719 1266 3645 1267 3818 1267 3655 1267 3623 1268 3645 1268 3655 1268 3579 1269 3645 1269 3623 1269 4021 1270 3914 1270 3887 1270 3792 1271 4021 1271 3887 1271 3818 1272 4021 1272 3792 1272 3789 1273 3818 1273 3792 1273 3745 1274 3818 1274 3789 1274 4195 1275 4098 1275 4092 1275 4039 1276 4195 1276 4092 1276 4021 1277 4195 1277 4039 1277 3935 1278 4021 1278 4039 1278 3933 1279 4021 1279 3935 1279 4395 1280 4290 1280 4252 1280 4215 1281 4395 1281 4252 1281 4195 1282 4395 1282 4215 1282 4122 1283 4195 1283 4215 1283 4098 1284 4195 1284 4122 1284 4602 1285 4467 1285 4431 1285 4414 1286 4602 1286 4431 1286 4395 1287 4602 1287 4414 1287 4305 1288 4395 1288 4414 1288 4290 1289 4395 1289 4305 1289 4859 1290 4773 1290 4682 1290 4679 1291 4859 1291 4682 1291 4859 1292 4679 1292 4587 1292 4585 1293 4859 1293 4587 1293 4602 1294 4859 1294 4585 1294 4479 1295 4602 1295 4585 1295 4467 1296 4602 1296 4479 1296 5092 1297 5034 1297 4949 1297 4930 1298 5092 1298 4949 1298 4859 1299 5092 1299 4930 1299 4774 1300 4859 1300 4930 1300 4773 1301 4859 1301 4774 1301 5233 1302 5131 1302 5116 1302 5111 1303 5233 1303 5116 1303 5092 1304 5233 1304 5111 1304 5040 1305 5092 1305 5111 1305 5034 1306 5092 1306 5040 1306 5353 1307 5249 1307 5237 1307 5216 1308 5353 1308 5237 1308 5233 1309 5353 1309 5216 1309 5151 1310 5233 1310 5216 1310 5131 1311 5233 1311 5151 1311 5433 1312 5326 1312 5325 1312 5310 1313 5433 1313 5325 1313 5353 1314 5433 1314 5310 1314 5299 1315 5353 1315 5310 1315 5249 1316 5353 1316 5299 1316 5508 1317 5377 1317 5375 1317 5373 1318 5508 1318 5375 1318 5433 1319 5508 1319 5373 1319 5357 1320 5433 1320 5373 1320 5326 1321 5433 1321 5357 1321 5568 1322 5439 1322 5413 1322 5408 1323 5568 1323 5413 1323 5508 1324 5568 1324 5408 1324 5390 1325 5508 1325 5408 1325 5377 1326 5508 1326 5390 1326 5611 1327 5456 1327 5454 1327 5451 1328 5611 1328 5454 1328 5568 1329 5611 1329 5451 1329 5448 1330 5568 1330 5451 1330 5439 1331 5568 1331 5448 1331 5548 1332 5447 1332 5450 1332 5453 1333 5548 1333 5450 1333 5611 1334 5548 1334 5453 1334 5455 1335 5611 1335 5453 1335 5458 1336 5611 1336 5455 1336 5485 1337 5387 1337 5392 1337 5409 1338 5485 1338 5392 1338 5548 1339 5485 1339 5409 1339 5441 1340 5548 1340 5409 1340 5447 1341 5548 1341 5441 1341 5406 1342 5356 1342 5359 1342 5371 1343 5406 1343 5359 1343 5485 1344 5406 1344 5371 1344 5382 1345 5485 1345 5371 1345 5387 1346 5485 1346 5382 1346 5337 1347 5293 1347 5296 1347 5305 1348 5337 1348 5296 1348 5406 1349 5337 1349 5305 1349 5355 1350 5406 1350 5305 1350 5356 1351 5406 1351 5355 1351 5193 1352 5144 1352 5158 1352 5201 1353 5193 1353 5158 1353 5337 1354 5193 1354 5201 1354 5263 1355 5337 1355 5201 1355 5293 1356 5337 1356 5263 1356 5067 1357 5031 1357 5033 1357 5053 1358 5067 1358 5033 1358 5193 1359 5067 1359 5053 1359 5099 1360 5193 1360 5053 1360 5141 1361 5193 1361 5099 1361 4790 1362 4755 1362 4760 1362 4868 1363 4790 1363 4760 1363 5067 1364 4790 1364 4868 1364 4891 1365 5067 1365 4868 1365 5031 1366 5067 1366 4891 1366 4560 1367 4528 1367 4534 1367 4649 1368 4560 1368 4534 1368 4790 1369 4560 1369 4649 1369 4656 1370 4790 1370 4649 1370 4755 1371 4790 1371 4656 1371 4457 1372 4461 1372 4560 1372 4345 1373 4457 1373 4560 1373 4358 1374 4457 1374 4345 1374 4164 1375 4282 1375 4345 1375 4345 1376 4282 1376 4295 1376 4321 1377 4345 1377 4295 1377 4358 1378 4345 1378 4321 1378 4164 1379 4120 1379 4147 1379 4178 1380 4164 1380 4147 1380 4282 1381 4164 1381 4178 1381 4024 1382 3972 1382 3958 1382 4164 1383 3972 1383 4024 1383 4078 1384 4164 1384 4024 1384 4120 1385 4164 1385 4078 1385 3972 1386 3835 1386 3906 1386 3945 1387 3972 1387 3906 1387 3958 1388 3972 1388 3945 1388 3749 1389 3837 1389 3836 1389 4767 1390 4849 1390 4806 1390 4741 1391 4767 1391 4806 1391 4849 1392 4767 1392 4855 1392 4870 1393 4849 1393 4855 1393 4893 1394 4849 1394 4870 1394 4933 1395 4893 1395 4870 1395 4933 1396 4870 1396 4946 1396 4947 1397 4933 1397 4946 1397 4963 1398 4933 1398 4947 1398 4991 1399 4963 1399 4947 1399 4991 1400 4947 1400 4996 1400 5000 1401 4991 1401 4996 1401 5011 1402 4991 1402 5000 1402 5002 1403 5011 1403 5000 1403 4977 1404 5011 1404 5002 1404 4973 1405 4977 1405 5002 1405 4970 1406 4977 1406 4973 1406 4920 1407 4970 1407 4973 1407 4920 1408 4973 1408 4953 1408 4907 1409 4920 1409 4953 1409 4912 1410 4920 1410 4907 1410 4830 1411 4912 1411 4907 1411 4830 1412 4907 1412 4877 1412 4814 1413 4830 1413 4877 1413 4824 1414 4830 1414 4814 1414 4751 1415 4824 1415 4814 1415 4751 1416 4814 1416 4775 1416 4709 1417 4751 1417 4775 1417 4718 1418 4751 1418 4709 1418 4689 1419 4718 1419 4709 1419 4663 1420 4718 1420 4689 1420 4619 1421 4663 1421 4689 1421 4617 1422 4663 1422 4619 1422 4604 1423 4617 1423 4619 1423 4540 1424 4617 1424 4604 1424 4483 1425 4540 1425 4604 1425 4483 1426 4604 1426 4494 1426 4493 1427 4483 1427 4494 1427 4447 1428 4483 1428 4493 1428 4361 1429 4447 1429 4493 1429 4361 1430 4493 1430 4397 1430 4369 1431 4361 1431 4397 1431 4314 1432 4361 1432 4369 1432 4237 1433 4314 1433 4369 1433 4237 1434 4369 1434 4275 1434 4236 1435 4237 1435 4275 1435 4220 1436 4237 1436 4236 1436 4094 1437 4220 1437 4236 1437 4094 1438 4236 1438 4149 1438 4086 1439 4094 1439 4149 1439 4080 1440 4094 1440 4086 1440 3978 1441 4080 1441 4086 1441 3978 1442 4086 1442 4035 1442 3944 1443 3978 1443 4035 1443 3954 1444 3978 1444 3944 1444 3861 1445 3954 1445 3944 1445 3861 1446 3944 1446 3899 1446 3823 1447 3861 1447 3899 1447 3828 1448 3861 1448 3823 1448 3767 1449 3828 1449 3823 1449 3732 1450 3828 1450 3767 1450 3684 1451 3732 1451 3767 1451 3682 1452 3732 1452 3684 1452 3665 1453 3682 1453 3684 1453 3588 1454 3682 1454 3665 1454 3520 1455 3588 1455 3665 1455 3520 1456 3665 1456 3530 1456 3529 1457 3520 1457 3530 1457 3486 1458 3520 1458 3529 1458 3375 1459 3486 1459 3529 1459 3375 1460 3529 1460 3398 1460 3382 1461 3375 1461 3398 1461 3346 1462 3375 1462 3382 1462 3235 1463 3346 1463 3382 1463 3235 1464 3382 1464 3303 1464 3234 1465 3235 1465 3303 1465 3213 1466 3235 1466 3234 1466 3098 1467 3213 1467 3234 1467 3098 1468 3234 1468 3160 1468 3095 1469 3098 1469 3160 1469 3087 1470 3098 1470 3095 1470 2974 1471 3087 1471 3095 1471 2974 1472 3095 1472 3029 1472 2958 1473 2974 1473 3029 1473 2966 1474 2974 1474 2958 1474 2847 1475 2966 1475 2958 1475 2847 1476 2958 1476 2885 1476 2817 1477 2847 1477 2885 1477 2825 1478 2847 1478 2817 1478 2773 1479 2825 1479 2817 1479 2712 1480 2825 1480 2773 1480 2670 1481 2712 1481 2773 1481 2677 1482 2712 1482 2670 1482 2606 1483 2677 1483 2670 1483 2650 1484 2606 1484 2670 1484 2518 1485 2606 1485 2650 1485 2518 1486 2650 1486 2520 1486 2510 1487 2518 1487 2520 1487 2469 1488 2518 1488 2510 1488 2368 1489 2469 1489 2510 1489 2368 1490 2510 1490 2399 1490 2362 1491 2368 1491 2399 1491 2331 1492 2368 1492 2362 1492 2238 1493 2331 1493 2362 1493 2238 1494 2362 1494 2285 1494 2240 1495 2238 1495 2285 1495 2214 1496 2238 1496 2240 1496 2105 1497 2214 1497 2240 1497 2105 1498 2240 1498 2148 1498 2110 1499 2105 1499 2148 1499 2093 1500 2105 1500 2110 1500 1977 1501 2093 1501 2110 1501 1977 1502 2110 1502 2022 1502 1969 1503 1977 1503 2022 1503 1961 1504 1977 1504 1969 1504 1855 1505 1961 1505 1969 1505 1855 1506 1969 1506 1919 1506 1826 1507 1855 1507 1919 1507 1822 1508 1855 1508 1826 1508 1790 1509 1822 1509 1826 1509 1751 1510 1822 1510 1790 1510 1678 1511 1751 1511 1790 1511 1681 1512 1751 1512 1678 1512 1627 1513 1681 1513 1678 1513 1659 1514 1627 1514 1678 1514 1574 1515 1627 1515 1659 1515 1574 1516 1659 1516 1565 1516 1564 1517 1574 1517 1565 1517 1503 1518 1574 1518 1564 1518 1444 1519 1503 1519 1564 1519 1444 1520 1564 1520 1454 1520 1435 1521 1444 1521 1454 1521 1407 1522 1444 1522 1435 1522 1314 1523 1407 1523 1435 1523 1314 1524 1435 1524 1338 1524 1316 1525 1314 1525 1338 1525 1291 1526 1314 1526 1316 1526 1198 1527 1291 1527 1316 1527 1198 1528 1316 1528 1252 1528 1205 1529 1198 1529 1252 1529 1185 1530 1198 1530 1205 1530 1094 1531 1185 1531 1205 1531 1094 1532 1205 1532 1132 1532 1089 1533 1094 1533 1132 1533 1080 1534 1094 1534 1089 1534 1053 1535 1080 1535 1089 1535 999 1536 1080 1536 1053 1536 989 1537 999 1537 1053 1537 984 1538 999 1538 989 1538 949 1539 984 1539 989 1539 915 1540 984 1540 949 1540 885 1541 915 1541 949 1541 887 1542 915 1542 885 1542 849 1543 887 1543 885 1543 870 1544 849 1544 885 1544 818 1545 849 1545 870 1545 818 1546 870 1546 806 1546 805 1547 818 1547 806 1547 786 1548 818 1548 805 1548 751 1549 786 1549 805 1549 751 1550 805 1550 754 1550 738 1551 751 1551 754 1551 722 1552 751 1552 738 1552 713 1553 722 1553 738 1553 713 1554 738 1554 698 1554 715 1555 713 1555 698 1555 704 1556 713 1556 715 1556 765 1557 704 1557 715 1557 765 1558 715 1558 728 1558 770 1559 765 1559 728 1559 768 1560 765 1560 770 1560 825 1561 768 1561 770 1561 825 1562 770 1562 795 1562 840 1563 825 1563 795 1563 829 1564 825 1564 840 1564 856 1565 829 1565 840 1565 881 1566 829 1566 856 1566 907 1567 881 1567 856 1567 899 1568 881 1568 907 1568 928 1569 899 1569 907 1569 976 1570 899 1570 928 1570 1001 1571 976 1571 928 1571 1007 1572 976 1572 1001 1572 1063 1573 1007 1573 1001 1573 1035 1574 1063 1574 1001 1574 1119 1575 1063 1575 1035 1575 1119 1576 1035 1576 1109 1576 1110 1577 1119 1577 1109 1577 1145 1578 1119 1578 1110 1578 1235 1579 1145 1579 1110 1579 1235 1580 1110 1580 1219 1580 1228 1581 1235 1581 1219 1581 1261 1582 1235 1582 1228 1582 1330 1583 1261 1583 1228 1583 1330 1584 1228 1584 1303 1584 1331 1585 1330 1585 1303 1585 1366 1586 1330 1586 1331 1586 1463 1587 1366 1587 1331 1587 1463 1588 1331 1588 1414 1588 1467 1589 1463 1589 1414 1589 1474 1590 1463 1590 1467 1590 1591 1591 1474 1591 1467 1591 1591 1592 1467 1592 1517 1592 1604 1593 1591 1593 1517 1593 1596 1594 1591 1594 1604 1594 1641 1595 1596 1595 1604 1595 1688 1596 1596 1596 1641 1596 1724 1597 1688 1597 1641 1597 1718 1598 1688 1598 1724 1598 1762 1599 1718 1599 1724 1599 1808 1600 1718 1600 1762 1600 1844 1601 1808 1601 1762 1601 1846 1602 1808 1602 1844 1602 1932 1603 1846 1603 1844 1603 1867 1604 1932 1604 1844 1604 2001 1605 1932 1605 1867 1605 1993 1606 2001 1606 1867 1606 2053 1607 2001 1607 1993 1607 1994 1608 2053 1608 1993 1608 2135 1609 2053 1609 1994 1609 2135 1610 1994 1610 2115 1610 2128 1611 2135 1611 2115 1611 2162 1612 2135 1612 2128 1612 2275 1613 2162 1613 2128 1613 2275 1614 2128 1614 2224 1614 2276 1615 2275 1615 2224 1615 2301 1616 2275 1616 2276 1616 2408 1617 2301 1617 2276 1617 2408 1618 2276 1618 2343 1618 2411 1619 2408 1619 2343 1619 2440 1620 2408 1620 2411 1620 2481 1621 2440 1621 2411 1621 2533 1622 2440 1622 2481 1622 2545 1623 2533 1623 2481 1623 2536 1624 2533 1624 2545 1624 2624 1625 2536 1625 2545 1625 2679 1626 2536 1626 2624 1626 2695 1627 2679 1627 2624 1627 2688 1628 2679 1628 2695 1628 2730 1629 2688 1629 2695 1629 2804 1630 2688 1630 2730 1630 2844 1631 2804 1631 2730 1631 2837 1632 2804 1632 2844 1632 2863 1633 2837 1633 2844 1633 2915 1634 2837 1634 2863 1634 2998 1635 2915 1635 2863 1635 2990 1636 2915 1636 2998 1636 3000 1637 2990 1637 2998 1637 3040 1638 2990 1638 3000 1638 3125 1639 3040 1639 3000 1639 3135 1640 3040 1640 3125 1640 3142 1641 3135 1641 3125 1641 3176 1642 3135 1642 3142 1642 3272 1643 3176 1643 3142 1643 3272 1644 3142 1644 3223 1644 3270 1645 3272 1645 3223 1645 3319 1646 3272 1646 3270 1646 3410 1647 3319 1647 3270 1647 3410 1648 3270 1648 3354 1648 3406 1649 3410 1649 3354 1649 3446 1650 3410 1650 3406 1650 3499 1651 3446 1651 3406 1651 3550 1652 3446 1652 3499 1652 3555 1653 3550 1653 3499 1653 3563 1654 3550 1654 3555 1654 3612 1655 3563 1655 3555 1655 3688 1656 3563 1656 3612 1656 3702 1657 3688 1657 3612 1657 3708 1658 3688 1658 3702 1658 3740 1659 3708 1659 3702 1659 3802 1660 3708 1660 3740 1660 3854 1661 3802 1661 3740 1661 3851 1662 3802 1662 3854 1662 3876 1663 3851 1663 3854 1663 3918 1664 3851 1664 3876 1664 4000 1665 3918 1665 3876 1665 3991 1666 3918 1666 4000 1666 4001 1667 3991 1667 4000 1667 4054 1668 3991 1668 4001 1668 4106 1669 4054 1669 4001 1669 4125 1670 4054 1670 4106 1670 4133 1671 4125 1671 4106 1671 4174 1672 4125 1672 4133 1672 4258 1673 4174 1673 4133 1673 4258 1674 4133 1674 4225 1674 4256 1675 4258 1675 4225 1675 4298 1676 4258 1676 4256 1676 4405 1677 4298 1677 4256 1677 4405 1678 4256 1678 4324 1678 4400 1679 4405 1679 4324 1679 4423 1680 4405 1680 4400 1680 4453 1681 4423 1681 4400 1681 4513 1682 4423 1682 4453 1682 4510 1683 4513 1683 4453 1683 4521 1684 4513 1684 4510 1684 4567 1685 4521 1685 4510 1685 4626 1686 4521 1686 4567 1686 4634 1687 4626 1687 4567 1687 4641 1688 4626 1688 4634 1688 4673 1689 4641 1689 4634 1689 4700 1690 4641 1690 4673 1690 4746 1691 4700 1691 4673 1691 4742 1692 4700 1692 4746 1692 4761 1693 4742 1693 4746 1693 4802 1694 4742 1694 4761 1694 4862 1695 4802 1695 4761 1695 4847 1696 4802 1696 4862 1696 4864 1697 4847 1697 4862 1697 4890 1698 4847 1698 4864 1698 4926 1699 4890 1699 4864 1699 4936 1700 4890 1700 4926 1700 4943 1701 4936 1701 4926 1701 4961 1702 4936 1702 4943 1702 4994 1703 4961 1703 4943 1703 4994 1704 4943 1704 4976 1704 4992 1705 4994 1705 4976 1705 5009 1706 4994 1706 4992 1706 4979 1707 5009 1707 4992 1707 4979 1708 4992 1708 5007 1708 4969 1709 4979 1709 5007 1709 4974 1710 4979 1710 4969 1710 4959 1711 4974 1711 4969 1711 4923 1712 4974 1712 4959 1712 4922 1713 4923 1713 4959 1713 4922 1714 4959 1714 4906 1714 4886 1715 4922 1715 4906 1715 4832 1716 4922 1716 4886 1716 4815 1717 4832 1717 4886 1717 4822 1718 4832 1718 4815 1718 4797 1719 4822 1719 4815 1719 4754 1720 4822 1720 4797 1720 4719 1721 4754 1721 4797 1721 4711 1722 4754 1722 4719 1722 4695 1723 4711 1723 4719 1723 4665 1724 4711 1724 4695 1724 4624 1725 4665 1725 4695 1725 4615 1726 4665 1726 4624 1726 4623 1727 4615 1727 4624 1727 4554 1728 4615 1728 4623 1728 4506 1729 4554 1729 4623 1729 4485 1730 4554 1730 4506 1730 4492 1731 4485 1731 4506 1731 4450 1732 4485 1732 4492 1732 4364 1733 4450 1733 4492 1733 4364 1734 4492 1734 4422 1734 4363 1735 4364 1735 4422 1735 4319 1736 4364 1736 4363 1736 4239 1737 4319 1737 4363 1737 4239 1738 4363 1738 4296 1738 4234 1739 4239 1739 4296 1739 4222 1740 4239 1740 4234 1740 4172 1741 4222 1741 4234 1741 4097 1742 4222 1742 4172 1742 4085 1743 4097 1743 4172 1743 4084 1744 4097 1744 4085 1744 4048 1745 4084 1745 4085 1745 3982 1746 4084 1746 4048 1746 3946 1747 3982 1747 4048 1747 3952 1748 3982 1748 3946 1748 3913 1749 3952 1749 3946 1749 3864 1750 3952 1750 3913 1750 3829 1751 3864 1751 3913 1751 3826 1752 3864 1752 3829 1752 3798 1753 3826 1753 3829 1753 3735 1754 3826 1754 3798 1754 3686 1755 3735 1755 3798 1755 3680 1756 3735 1756 3686 1756 3675 1757 3680 1757 3686 1757 3605 1758 3680 1758 3675 1758 3549 1759 3605 1759 3675 1759 3521 1760 3605 1760 3549 1760 3528 1761 3521 1761 3549 1761 3491 1762 3521 1762 3528 1762 3376 1763 3491 1763 3528 1763 3376 1764 3528 1764 3444 1764 3379 1765 3376 1765 3444 1765 3350 1766 3376 1766 3379 1766 3236 1767 3350 1767 3379 1767 3236 1768 3379 1768 3316 1768 3232 1769 3236 1769 3316 1769 3214 1770 3236 1770 3232 1770 3175 1771 3214 1771 3232 1771 3101 1772 3214 1772 3175 1772 3094 1773 3101 1773 3175 1773 3090 1774 3101 1774 3094 1774 3039 1775 3090 1775 3094 1775 2976 1776 3090 1776 3039 1776 2959 1777 2976 1777 3039 1777 2965 1778 2976 1778 2959 1778 2909 1779 2965 1779 2959 1779 2849 1780 2965 1780 2909 1780 2818 1781 2849 1781 2909 1781 2823 1782 2849 1782 2818 1782 2796 1783 2823 1783 2818 1783 2715 1784 2823 1784 2796 1784 2669 1785 2715 1785 2796 1785 2678 1786 2715 1786 2669 1786 2666 1787 2678 1787 2669 1787 2608 1788 2678 1788 2666 1788 2532 1789 2608 1789 2666 1789 2517 1790 2608 1790 2532 1790 2511 1791 2517 1791 2532 1791 2471 1792 2517 1792 2511 1792 2367 1793 2471 1793 2511 1793 2367 1794 2511 1794 2439 1794 2369 1795 2367 1795 2439 1795 2334 1796 2367 1796 2369 1796 2237 1797 2334 1797 2369 1797 2237 1798 2369 1798 2302 1798 2242 1799 2237 1799 2302 1799 2216 1800 2237 1800 2242 1800 2163 1801 2216 1801 2242 1801 2104 1802 2216 1802 2163 1802 2109 1803 2104 1803 2163 1803 2097 1804 2104 1804 2109 1804 2052 1805 2097 1805 2109 1805 1984 1806 2097 1806 2052 1806 1968 1807 1984 1807 2052 1807 1962 1808 1984 1808 1968 1808 1930 1809 1962 1809 1968 1809 1857 1810 1962 1810 1930 1810 1821 1811 1857 1811 1930 1811 1823 1812 1857 1812 1821 1812 1802 1813 1823 1813 1821 1813 1753 1814 1823 1814 1802 1814 1676 1815 1753 1815 1802 1815 1682 1816 1753 1816 1676 1816 1675 1817 1682 1817 1676 1817 1630 1818 1682 1818 1675 1818 1589 1819 1630 1819 1675 1819 1573 1820 1630 1820 1589 1820 1566 1821 1573 1821 1589 1821 1506 1822 1573 1822 1566 1822 1475 1823 1506 1823 1566 1823 1443 1824 1506 1824 1475 1824 1442 1825 1443 1825 1475 1825 1410 1826 1443 1826 1442 1826 1313 1827 1410 1827 1442 1827 1313 1828 1442 1828 1369 1828 1318 1829 1313 1829 1369 1829 1294 1830 1313 1830 1318 1830 1262 1831 1294 1831 1318 1831 1196 1832 1294 1832 1262 1832 1206 1833 1196 1833 1262 1833 1187 1834 1196 1834 1206 1834 1147 1835 1187 1835 1206 1835 1096 1836 1187 1836 1147 1836 1088 1837 1096 1837 1147 1837 1081 1838 1096 1838 1088 1838 1062 1839 1081 1839 1088 1839 1017 1840 1081 1840 1062 1840 983 1841 1017 1841 1062 1841 985 1842 1017 1842 983 1842 973 1843 985 1843 983 1843 918 1844 985 1844 973 1844 882 1845 918 1845 973 1845 888 1846 918 1846 882 1846 880 1847 888 1847 882 1847 850 1848 888 1848 880 1848 826 1849 850 1849 880 1849 817 1850 850 1850 826 1850 808 1851 817 1851 826 1851 787 1852 817 1852 808 1852 772 1853 787 1853 808 1853 750 1854 787 1854 772 1854 748 1855 750 1855 772 1855 723 1856 750 1856 748 1856 712 1857 723 1857 748 1857 4931 1858 4908 1858 4913 1858 3994 1859 3905 1859 3908 1859 3993 1860 3994 1860 3908 1860 4041 1861 3994 1861 3993 1861 4042 1862 4041 1862 3993 1862 4132 1863 4041 1863 4042 1863 4131 1864 4132 1864 4042 1864 4166 1865 4132 1865 4131 1865 4167 1866 4166 1866 4131 1866 4264 1867 4166 1867 4167 1867 4263 1868 4264 1868 4167 1868 4283 1869 4264 1869 4263 1869 4284 1870 4283 1870 4263 1870 4410 1871 4283 1871 4284 1871 4409 1872 4410 1872 4284 1872 4412 1873 4410 1873 4409 1873 4413 1874 4412 1874 4409 1874 4498 1875 4412 1875 4413 1875 4499 1876 4498 1876 4413 1876 4515 1877 4498 1877 4499 1877 4516 1878 4515 1878 4499 1878 4606 1879 4515 1879 4516 1879 4607 1880 4606 1880 4516 1880 4635 1881 4606 1881 4607 1881 4636 1882 4635 1882 4607 1882 4693 1883 4635 1883 4636 1883 4692 1884 4693 1884 4636 1884 4735 1885 4693 1885 4692 1885 4736 1886 4735 1886 4692 1886 4794 1887 4735 1887 4736 1887 4793 1888 4794 1888 4736 1888 4845 1889 4794 1889 4793 1889 4846 1890 4845 1890 4793 1890 4880 1891 4845 1891 4846 1891 4879 1892 4880 1892 4846 1892 4940 1893 4880 1893 4879 1893 4941 1894 4940 1894 4879 1894 4955 1895 4940 1895 4941 1895 4954 1896 4955 1896 4941 1896 4999 1897 4955 1897 4954 1897 5001 1898 4999 1898 4954 1898 5004 1899 4999 1899 5001 1899 5003 1900 5004 1900 5001 1900 4988 1901 5004 1901 5003 1901 4990 1902 4988 1902 5003 1902 4986 1903 4988 1903 4990 1903 4989 1904 4986 1904 4990 1904 4931 1905 4986 1905 4989 1905 4952 1906 4931 1906 4989 1906 4908 1907 4931 1907 4952 1907 4915 1908 4929 1908 4921 1908 4916 1909 4915 1909 4921 1909 4865 1910 4915 1910 4916 1910 4831 1911 4865 1911 4916 1911 4817 1912 4865 1912 4831 1912 4823 1913 4817 1913 4831 1913 4762 1914 4817 1914 4823 1914 4753 1915 4762 1915 4823 1915 4706 1916 4762 1916 4753 1916 4712 1917 4706 1917 4753 1917 4674 1918 4706 1918 4712 1918 4664 1919 4674 1919 4712 1919 4611 1920 4674 1920 4664 1920 4616 1921 4611 1921 4664 1921 4570 1922 4611 1922 4616 1922 4542 1923 4570 1923 4616 1923 4489 1924 4570 1924 4542 1924 4484 1925 4489 1925 4542 1925 4458 1926 4489 1926 4484 1926 4448 1927 4458 1927 4484 1927 4367 1928 4458 1928 4448 1928 4362 1929 4367 1929 4448 1929 4327 1930 4367 1930 4362 1930 4315 1931 4327 1931 4362 1931 4242 1932 4327 1932 4315 1932 4238 1933 4242 1933 4315 1933 4228 1934 4242 1934 4238 1934 4221 1935 4228 1935 4238 1935 4109 1936 4228 1936 4221 1936 4095 1937 4109 1937 4221 1937 4091 1938 4109 1938 4095 1938 4082 1939 4091 1939 4095 1939 4002 1940 4091 1940 4082 1940 3981 1941 4002 1941 4082 1941 3947 1942 4002 1942 3981 1942 3953 1943 3947 1943 3981 1943 3875 1944 3947 1944 3953 1944 3863 1945 3875 1945 3953 1945 3822 1946 3875 1946 3863 1946 3827 1947 3822 1947 3863 1947 3739 1948 3822 1948 3827 1948 3734 1949 3739 1949 3827 1949 3677 1950 3739 1950 3734 1950 3681 1951 3677 1951 3734 1951 3614 1952 3677 1952 3681 1952 3604 1953 3614 1953 3681 1953 3526 1954 3614 1954 3604 1954 3522 1955 3526 1955 3604 1955 3501 1956 3526 1956 3522 1956 3490 1957 3501 1957 3522 1957 3381 1958 3501 1958 3490 1958 3377 1959 3381 1959 3490 1959 3360 1960 3381 1960 3377 1960 3349 1961 3360 1961 3377 1961 3240 1962 3360 1962 3349 1962 3237 1963 3240 1963 3349 1963 3227 1964 3240 1964 3237 1964 3215 1965 3227 1965 3237 1965 3126 1966 3227 1966 3215 1966 3102 1967 3126 1967 3215 1967 3099 1968 3126 1968 3102 1968 3092 1969 3099 1969 3102 1969 3002 1970 3099 1970 3092 1970 2977 1971 3002 1971 3092 1971 2961 1972 3002 1972 2977 1972 2964 1973 2961 1973 2977 1973 2859 1974 2961 1974 2964 1974 2850 1975 2859 1975 2964 1975 2820 1976 2859 1976 2850 1976 2824 1977 2820 1977 2850 1977 2729 1978 2820 1978 2824 1978 2717 1979 2729 1979 2824 1979 2673 1980 2729 1980 2717 1980 2675 1981 2673 1981 2717 1981 2623 1982 2673 1982 2675 1982 2609 1983 2623 1983 2675 1983 2512 1984 2623 1984 2609 1984 2516 1985 2512 1985 2609 1985 2483 1986 2512 1986 2516 1986 2473 1987 2483 1987 2516 1987 2363 1988 2483 1988 2473 1988 2366 1989 2363 1989 2473 1989 2345 1990 2363 1990 2366 1990 2337 1991 2345 1991 2366 1991 2233 1992 2345 1992 2337 1992 2236 1993 2233 1993 2337 1993 2226 1994 2233 1994 2236 1994 2218 1995 2226 1995 2236 1995 2117 1996 2226 1996 2218 1996 2102 1997 2117 1997 2218 1997 2106 1998 2117 1998 2102 1998 2098 1999 2106 1999 2102 1999 1992 2000 2106 2000 2098 2000 1987 2001 1992 2001 2098 2001 1967 2002 1992 2002 1987 2002 1963 2003 1967 2003 1987 2003 1863 2004 1967 2004 1963 2004 1859 2005 1863 2005 1963 2005 1828 2006 1863 2006 1859 2006 1824 2007 1828 2007 1859 2007 1761 2008 1828 2008 1824 2008 1755 2009 1761 2009 1824 2009 1686 2010 1761 2010 1755 2010 1683 2011 1686 2011 1755 2011 1640 2012 1686 2012 1683 2012 1634 2013 1640 2013 1683 2013 1568 2014 1640 2014 1634 2014 1571 2015 1568 2015 1634 2015 1518 2016 1568 2016 1571 2016 1507 2017 1518 2017 1571 2017 1437 2018 1518 2018 1507 2018 1441 2019 1437 2019 1507 2019 1415 2020 1437 2020 1441 2020 1411 2021 1415 2021 1441 2021 1309 2022 1415 2022 1411 2022 1312 2023 1309 2023 1411 2023 1305 2024 1309 2024 1312 2024 1297 2025 1305 2025 1312 2025 1220 2026 1305 2026 1297 2026 1195 2027 1220 2027 1297 2027 1197 2028 1220 2028 1195 2028 1190 2029 1197 2029 1195 2029 1106 2030 1197 2030 1190 2030 1099 2031 1106 2031 1190 2031 1086 2032 1106 2032 1099 2032 1082 2033 1086 2033 1099 2033 1032 2034 1086 2034 1082 2034 1027 2035 1032 2035 1082 2035 990 2036 1032 2036 1027 2036 986 2037 990 2037 1027 2037 926 2038 990 2038 986 2038 922 2039 926 2039 986 2039 892 2040 926 2040 922 2040 889 2041 892 2041 922 2041 855 2042 892 2042 889 2042 853 2043 855 2043 889 2043 811 2044 855 2044 853 2044 815 2045 811 2045 853 2045 794 2046 811 2046 815 2046 790 2047 794 2047 815 2047 745 2048 794 2048 790 2048 747 2049 745 2049 790 2049 727 2050 745 2050 747 2050 725 2051 727 2051 747 2051 705 2052 727 2052 725 2052 708 2053 705 2053 725 2053 699 2054 705 2054 708 2054 701 2055 699 2055 708 2055 755 2056 699 2056 701 2056 759 2057 755 2057 701 2057 761 2058 755 2058 759 2058 762 2059 761 2059 759 2059 807 2060 761 2060 762 2060 820 2061 807 2061 762 2061 836 2062 807 2062 820 2062 832 2063 836 2063 820 2063 872 2064 836 2064 832 2064 876 2065 872 2065 832 2065 906 2066 872 2066 876 2066 903 2067 906 2067 876 2067 952 2068 906 2068 903 2068 955 2069 952 2069 903 2069 1012 2070 952 2070 955 2070 1010 2071 1012 2071 955 2071 1055 2072 1012 2072 1010 2072 1059 2073 1055 2073 1010 2073 1114 2074 1055 2074 1059 2074 1117 2075 1114 2075 1059 2075 1133 2076 1114 2076 1117 2076 1138 2077 1133 2077 1117 2077 1229 2078 1133 2078 1138 2078 1232 2079 1229 2079 1138 2079 1253 2080 1229 2080 1232 2080 1255 2081 1253 2081 1232 2081 1325 2082 1253 2082 1255 2082 1327 2083 1325 2083 1255 2083 1340 2084 1325 2084 1327 2084 1345 2085 1340 2085 1327 2085 1455 2086 1340 2086 1345 2086 1459 2087 1455 2087 1345 2087 1460 2088 1455 2088 1459 2088 1469 2089 1460 2089 1459 2089 1576 2090 1460 2090 1469 2090 1582 2091 1576 2091 1469 2091 1601 2092 1576 2092 1582 2092 1599 2093 1601 2093 1582 2093 1663 2094 1601 2094 1599 2094 1667 2095 1663 2095 1599 2095 1723 2096 1663 2096 1667 2096 1721 2097 1723 2097 1667 2097 1794 2098 1723 2098 1721 2098 1797 2099 1794 2099 1721 2099 1851 2100 1794 2100 1797 2100 1849 2101 1851 2101 1797 2101 1921 2102 1851 2102 1849 2102 1923 2103 1921 2103 1849 2103 1998 2104 1921 2104 1923 2104 1999 2105 1998 2105 1923 2105 2027 2106 1998 2106 1999 2106 2032 2107 2027 2107 1999 2107 2130 2108 2027 2108 2032 2108 2131 2109 2130 2109 2032 2109 2151 2110 2130 2110 2131 2110 2153 2111 2151 2111 2131 2111 2270 2112 2151 2112 2153 2112 2271 2113 2270 2113 2153 2113 2288 2114 2270 2114 2271 2114 2292 2115 2288 2115 2271 2115 2402 2116 2288 2116 2292 2116 2404 2117 2402 2117 2292 2117 2403 2118 2402 2118 2404 2118 2414 2119 2403 2119 2404 2119 2525 2120 2403 2120 2414 2120 2526 2121 2525 2121 2414 2121 2542 2122 2525 2122 2526 2122 2541 2123 2542 2123 2526 2123 2657 2124 2542 2124 2541 2124 2661 2125 2657 2125 2541 2125 2693 2126 2657 2126 2661 2126 2692 2127 2693 2127 2661 2127 2780 2128 2693 2128 2692 2128 2783 2129 2780 2129 2692 2129 2842 2130 2780 2130 2783 2130 2841 2131 2842 2131 2783 2131 2903 2132 2842 2132 2841 2132 2905 2133 2903 2133 2841 2133 2995 2134 2903 2134 2905 2134 2994 2135 2995 2135 2905 2135 3032 2136 2995 2136 2994 2136 3034 2137 3032 2137 2994 2137 3141 2138 3032 2138 3034 2138 3140 2139 3141 2139 3034 2139 3164 2140 3141 2140 3140 2140 3166 2141 3164 2141 3140 2141 3277 2142 3164 2142 3166 2142 3276 2143 3277 2143 3166 2143 3307 2144 3277 2144 3276 2144 3308 2145 3307 2145 3276 2145 3415 2146 3307 2146 3308 2146 3414 2147 3415 2147 3308 2147 3416 2148 3415 2148 3414 2148 3419 2149 3416 2149 3414 2149 3536 2150 3416 2150 3419 2150 3537 2151 3536 2151 3419 2151 3558 2152 3536 2152 3537 2152 3559 2153 3558 2153 3537 2153 3668 2154 3558 2154 3559 2154 3669 2155 3668 2155 3559 2155 3703 2156 3668 2156 3669 2156 3704 2157 3703 2157 3669 2157 3791 2158 3703 2158 3704 2158 3793 2159 3791 2159 3704 2159 3846 2160 3791 2160 3793 2160 3847 2161 3846 2161 3793 2161 3905 2162 3846 2162 3847 2162 3908 2163 3905 2163 3847 2163 3498 2164 3525 2164 3524 2164 3474 2165 3498 2165 3524 2165 3380 2166 3498 2166 3474 2166 3373 2167 3380 2167 3474 2167 3356 2168 3380 2168 3373 2168 3336 2169 3356 2169 3373 2169 3239 2170 3356 2170 3336 2170 3233 2171 3239 2171 3336 2171 3224 2172 3239 2172 3233 2172 3205 2173 3224 2173 3233 2173 3123 2174 3224 2174 3205 2174 3097 2175 3123 2175 3205 2175 3100 2176 3123 2176 3097 2176 3076 2177 3100 2177 3097 2177 2988 2178 3100 2178 3076 2178 2967 2179 2988 2179 3076 2179 2962 2180 2988 2180 2967 2180 2956 2181 2962 2181 2967 2181 2857 2182 2962 2182 2956 2182 2831 2183 2857 2183 2956 2183 2821 2184 2857 2184 2831 2184 2826 2185 2821 2185 2831 2185 2724 2186 2821 2186 2826 2186 2702 2187 2724 2187 2826 2187 2674 2188 2724 2188 2702 2188 2672 2189 2674 2189 2702 2189 2617 2190 2674 2190 2672 2190 2579 2191 2617 2191 2672 2191 2514 2192 2617 2192 2579 2192 2519 2193 2514 2193 2579 2193 2480 2194 2514 2194 2519 2194 2465 2195 2480 2195 2519 2195 2364 2196 2480 2196 2465 2196 2370 2197 2364 2197 2465 2197 2342 2198 2364 2198 2370 2198 2323 2199 2342 2199 2370 2199 2234 2200 2342 2200 2323 2200 2239 2201 2234 2201 2323 2201 2223 2202 2234 2202 2239 2202 2194 2203 2223 2203 2239 2203 2113 2204 2223 2204 2194 2204 2107 2205 2113 2205 2194 2205 2103 2206 2113 2206 2107 2206 2084 2207 2103 2207 2107 2207 1991 2208 2103 2208 2084 2208 1960 2209 1991 2209 2084 2209 1966 2210 1991 2210 1960 2210 1957 2211 1966 2211 1960 2211 1862 2212 1966 2212 1957 2212 1838 2213 1862 2213 1957 2213 1827 2214 1862 2214 1838 2214 1820 2215 1827 2215 1838 2215 1759 2216 1827 2216 1820 2216 1729 2217 1759 2217 1820 2217 1685 2218 1759 2218 1729 2218 1680 2219 1685 2219 1729 2219 1637 2220 1685 2220 1680 2220 1619 2221 1637 2221 1680 2221 1569 2222 1637 2222 1619 2222 1572 2223 1569 2223 1619 2223 1515 2224 1569 2224 1572 2224 1494 2225 1515 2225 1572 2225 1438 2226 1515 2226 1494 2226 1445 2227 1438 2227 1494 2227 1413 2228 1438 2228 1445 2228 1403 2229 1413 2229 1445 2229 1310 2230 1413 2230 1403 2230 1315 2231 1310 2231 1403 2231 1302 2232 1310 2232 1315 2232 1283 2233 1302 2233 1315 2233 1202 2234 1302 2234 1283 2234 1200 2235 1202 2235 1283 2235 1194 2236 1202 2236 1200 2236 1180 2237 1194 2237 1200 2237 1105 2238 1194 2238 1180 2238 1079 2239 1105 2239 1180 2239 1084 2240 1105 2240 1079 2240 1078 2241 1084 2241 1079 2241 1029 2242 1084 2242 1078 2242 995 2243 1029 2243 1078 2243 988 2244 1029 2244 995 2244 982 2245 988 2245 995 2245 924 2246 988 2246 982 2246 910 2247 924 2247 982 2247 891 2248 924 2248 910 2248 886 2249 891 2249 910 2249 854 2250 891 2250 886 2250 845 2251 854 2251 886 2251 812 2252 854 2252 845 2252 813 2253 812 2253 845 2253 791 2254 812 2254 813 2254 783 2255 791 2255 813 2255 746 2256 791 2256 783 2256 752 2257 746 2257 783 2257 726 2258 746 2258 752 2258 720 2259 726 2259 752 2259 707 2260 726 2260 720 2260 714 2261 707 2261 720 2261 700 2262 707 2262 714 2262 711 2263 700 2263 714 2263 757 2264 700 2264 711 2264 767 2265 757 2265 711 2265 758 2266 757 2266 767 2266 773 2267 758 2267 767 2267 814 2268 758 2268 773 2268 828 2269 814 2269 773 2269 834 2270 814 2270 828 2270 833 2271 834 2271 828 2271 874 2272 834 2272 833 2272 894 2273 874 2273 833 2273 904 2274 874 2274 894 2274 897 2275 904 2275 894 2275 954 2276 904 2276 897 2276 978 2277 954 2277 897 2277 1011 2278 954 2278 978 2278 1005 2279 1011 2279 978 2279 1056 2280 1011 2280 1005 2280 1067 2281 1056 2281 1005 2281 1116 2282 1056 2282 1067 2282 1115 2283 1116 2283 1067 2283 1135 2284 1116 2284 1115 2284 1151 2285 1135 2285 1115 2285 1230 2286 1135 2286 1151 2286 1237 2287 1230 2287 1151 2287 1254 2288 1230 2288 1237 2288 1263 2289 1254 2289 1237 2289 1326 2290 1254 2290 1263 2290 1332 2291 1326 2291 1263 2291 1342 2292 1326 2292 1332 2292 1375 2293 1342 2293 1332 2293 1458 2294 1342 2294 1375 2294 1464 2295 1458 2295 1375 2295 1465 2296 1458 2296 1464 2296 1480 2297 1465 2297 1464 2297 1580 2298 1465 2298 1480 2298 1595 2299 1580 2299 1480 2299 1600 2300 1580 2300 1595 2300 1607 2301 1600 2301 1595 2301 1666 2302 1600 2302 1607 2302 1698 2303 1666 2303 1607 2303 1722 2304 1666 2304 1698 2304 1716 2305 1722 2305 1698 2305 1796 2306 1722 2306 1716 2306 1813 2307 1796 2307 1716 2307 1850 2308 1796 2308 1813 2308 1845 2309 1850 2309 1813 2309 1922 2310 1850 2310 1845 2310 1936 2311 1922 2311 1845 2311 2000 2312 1922 2312 1936 2312 1997 2313 2000 2313 1936 2313 2031 2314 2000 2314 1997 2314 2057 2315 2031 2315 1997 2315 2132 2316 2031 2316 2057 2316 2137 2317 2132 2317 2057 2317 2152 2318 2132 2318 2137 2318 2174 2319 2152 2319 2137 2319 2272 2320 2152 2320 2174 2320 2277 2321 2272 2321 2174 2321 2293 2322 2272 2322 2277 2322 2305 2323 2293 2323 2277 2323 2405 2324 2293 2324 2305 2324 2409 2325 2405 2325 2305 2325 2415 2326 2405 2326 2409 2326 2445 2327 2415 2327 2409 2327 2527 2328 2415 2328 2445 2328 2537 2329 2527 2329 2445 2329 2540 2330 2527 2330 2537 2330 2546 2331 2540 2331 2537 2331 2662 2332 2540 2332 2546 2332 2682 2333 2662 2333 2546 2333 2691 2334 2662 2334 2682 2334 2687 2335 2691 2335 2682 2335 2787 2336 2691 2336 2687 2336 2810 2337 2787 2337 2687 2337 2840 2338 2787 2338 2810 2338 2839 2339 2840 2339 2810 2339 2906 2340 2840 2340 2839 2340 2920 2341 2906 2341 2839 2341 2993 2342 2906 2342 2920 2342 2989 2343 2993 2343 2920 2343 3035 2344 2993 2344 2989 2344 3044 2345 3035 2345 2989 2345 3139 2346 3035 2346 3044 2346 3134 2347 3139 2347 3044 2347 3167 2348 3139 2348 3134 2348 3180 2349 3167 2349 3134 2349 3275 2350 3167 2350 3180 2350 3271 2351 3275 2351 3180 2351 3309 2352 3275 2352 3271 2352 3321 2353 3309 2353 3271 2353 3413 2354 3309 2354 3321 2354 3409 2355 3413 2355 3321 2355 3420 2356 3413 2356 3409 2356 3448 2357 3420 2357 3409 2357 3539 2358 3420 2358 3448 2358 3564 2359 3539 2359 3448 2359 3560 2360 3539 2360 3564 2360 3568 2361 3560 2361 3564 2361 3670 2362 3560 2362 3568 2362 3690 2363 3670 2363 3568 2363 3705 2364 3670 2364 3690 2364 3710 2365 3705 2365 3690 2365 3795 2366 3705 2366 3710 2366 3803 2367 3795 2367 3710 2367 3848 2368 3795 2368 3803 2368 3853 2369 3848 2369 3803 2369 3910 2370 3848 2370 3853 2370 3926 2371 3910 2371 3853 2371 3992 2372 3910 2372 3926 2372 3995 2373 3992 2373 3926 2373 4044 2374 3992 2374 3995 2374 4056 2375 4044 2375 3995 2375 4129 2376 4044 2376 4056 2376 4124 2377 4129 2377 4056 2377 4169 2378 4129 2378 4124 2378 4175 2379 4169 2379 4124 2379 4261 2380 4169 2380 4175 2380 4257 2381 4261 2381 4175 2381 4287 2382 4261 2382 4257 2382 4299 2383 4287 2383 4257 2383 4408 2384 4287 2384 4299 2384 4404 2385 4408 2385 4299 2385 4416 2386 4408 2386 4404 2386 4424 2387 4416 2387 4404 2387 4504 2388 4416 2388 4424 2388 4520 2389 4504 2389 4424 2389 4517 2390 4504 2390 4520 2390 4522 2391 4517 2391 4520 2391 4608 2392 4517 2392 4522 2392 4628 2393 4608 2393 4522 2393 4637 2394 4608 2394 4628 2394 4643 2395 4637 2395 4628 2395 4694 2396 4637 2396 4643 2396 4703 2397 4694 2397 4643 2397 4738 2398 4694 2398 4703 2398 4744 2399 4738 2399 4703 2399 4795 2400 4738 2400 4744 2400 4805 2401 4795 2401 4744 2401 4842 2402 4795 2402 4805 2402 4850 2403 4842 2403 4805 2403 4882 2404 4842 2404 4850 2404 4892 2405 4882 2405 4850 2405 4939 2406 4882 2406 4892 2406 4934 2407 4939 2407 4892 2407 4956 2408 4939 2408 4934 2408 4962 2409 4956 2409 4934 2409 4998 2410 4956 2410 4962 2410 4993 2411 4998 2411 4962 2411 5005 2412 4998 2412 4993 2412 5010 2413 5005 2413 4993 2413 4984 2414 5005 2414 5010 2414 4978 2415 4984 2415 5010 2415 4983 2416 4984 2416 4978 2416 4971 2417 4983 2417 4978 2417 4929 2418 4983 2418 4971 2418 4921 2419 4929 2419 4971 2419 1861 2420 1964 2420 1944 2420 1819 2421 1861 2421 1944 2421 1825 2422 1861 2422 1819 2422 1817 2423 1825 2423 1819 2423 1756 2424 1825 2424 1817 2424 1712 2425 1756 2425 1817 2425 1684 2426 1756 2426 1712 2426 1677 2427 1684 2427 1712 2427 1635 2428 1684 2428 1677 2428 1611 2429 1635 2429 1677 2429 1570 2430 1635 2430 1611 2430 1567 2431 1570 2431 1611 2431 1508 2432 1570 2432 1567 2432 1484 2433 1508 2433 1567 2433 1440 2434 1508 2434 1484 2434 1446 2435 1440 2435 1484 2435 1412 2436 1440 2436 1446 2436 1384 2437 1412 2437 1446 2437 1311 2438 1412 2438 1384 2438 1317 2439 1311 2439 1384 2439 1298 2440 1311 2440 1317 2440 1272 2441 1298 2441 1317 2441 1193 2442 1298 2442 1272 2442 1203 2443 1193 2443 1272 2443 1191 2444 1193 2444 1203 2444 1162 2445 1191 2445 1203 2445 1100 2446 1191 2446 1162 2446 1085 2447 1100 2447 1162 2447 1083 2448 1100 2448 1085 2448 1069 2449 1083 2449 1085 2449 1028 2450 1083 2450 1069 2450 981 2451 1028 2451 1069 2451 987 2452 1028 2452 981 2452 980 2453 987 2453 981 2453 920 2454 987 2454 980 2454 895 2455 920 2455 980 2455 890 2456 920 2456 895 2456 884 2457 890 2457 895 2457 852 2458 890 2458 884 2458 842 2459 852 2459 884 2459 816 2460 852 2460 842 2460 810 2461 816 2461 842 2461 789 2462 816 2462 810 2462 775 2463 789 2463 810 2463 749 2464 789 2464 775 2464 753 2465 749 2465 775 2465 724 2466 749 2466 753 2466 716 2467 724 2467 753 2467 710 2468 724 2468 716 2468 717 2469 710 2469 716 2469 702 2470 710 2470 717 2470 719 2471 702 2471 717 2471 760 2472 702 2472 719 2472 769 2473 760 2473 719 2473 764 2474 760 2474 769 2474 777 2475 764 2475 769 2475 821 2476 764 2476 777 2476 837 2477 821 2477 777 2477 831 2478 821 2478 837 2478 843 2479 831 2479 837 2479 878 2480 831 2480 843 2480 896 2481 878 2481 843 2481 902 2482 878 2482 896 2482 901 2483 902 2483 896 2483 959 2484 902 2484 901 2484 992 2485 959 2485 901 2485 1009 2486 959 2486 992 2486 1000 2487 1009 2487 992 2487 1060 2488 1009 2488 1000 2488 1074 2489 1060 2489 1000 2489 1118 2490 1060 2490 1074 2490 1113 2491 1118 2491 1074 2491 1139 2492 1118 2492 1113 2492 1173 2493 1139 2493 1113 2493 1233 2494 1139 2494 1173 2494 1236 2495 1233 2495 1173 2495 1256 2496 1233 2496 1236 2496 1276 2497 1256 2497 1236 2497 1328 2498 1256 2498 1276 2498 1334 2499 1328 2499 1276 2499 1359 2500 1328 2500 1334 2500 1386 2501 1359 2501 1334 2501 1461 2502 1359 2502 1386 2502 1466 2503 1461 2503 1386 2503 1471 2504 1461 2504 1466 2504 1488 2505 1471 2505 1466 2505 1584 2506 1471 2506 1488 2506 1602 2507 1584 2507 1488 2507 1598 2508 1584 2508 1602 2508 1615 2509 1598 2509 1602 2509 1671 2510 1598 2510 1615 2510 1715 2511 1671 2511 1615 2511 1720 2512 1671 2512 1715 2512 1725 2513 1720 2513 1715 2513 1800 2514 1720 2514 1725 2514 1833 2515 1800 2515 1725 2515 1848 2516 1800 2516 1833 2516 1843 2517 1848 2517 1833 2517 1926 2518 1848 2518 1843 2518 1949 2519 1926 2519 1843 2519 2002 2520 1926 2520 1949 2520 1996 2521 2002 2521 1949 2521 2034 2522 2002 2522 1996 2522 2065 2523 2034 2523 1996 2523 2133 2524 2034 2524 2065 2524 2136 2525 2133 2525 2065 2525 2155 2526 2133 2526 2136 2526 2188 2527 2155 2527 2136 2527 2273 2528 2155 2528 2188 2528 2279 2529 2273 2529 2188 2529 2296 2530 2273 2530 2279 2530 2317 2531 2296 2531 2279 2531 2406 2532 2296 2532 2317 2532 2410 2533 2406 2533 2317 2533 2419 2534 2406 2534 2410 2534 2457 2535 2419 2535 2410 2535 2529 2536 2419 2536 2457 2536 2543 2537 2529 2537 2457 2537 2539 2538 2529 2538 2543 2538 2574 2539 2539 2539 2543 2539 2664 2540 2539 2540 2574 2540 2686 2541 2664 2541 2574 2541 2690 2542 2664 2542 2686 2542 2698 2543 2690 2543 2686 2543 2793 2544 2690 2544 2698 2544 2828 2545 2793 2545 2698 2545 2838 2546 2793 2546 2828 2546 2843 2547 2838 2547 2828 2547 2908 2548 2838 2548 2843 2548 2952 2549 2908 2549 2843 2549 2992 2550 2908 2550 2952 2550 2996 2551 2992 2551 2952 2551 3037 2552 2992 2552 2996 2552 3057 2553 3037 2553 2996 2553 3138 2554 3037 2554 3057 2554 3133 2555 3138 2555 3057 2555 3170 2556 3138 2556 3133 2556 3196 2557 3170 2557 3133 2557 3274 2558 3170 2558 3196 2558 3269 2559 3274 2559 3196 2559 3313 2560 3274 2560 3269 2560 3331 2561 3313 2561 3269 2561 3412 2562 3313 2562 3331 2562 3408 2563 3412 2563 3331 2563 3423 2564 3412 2564 3408 2564 3456 2565 3423 2565 3408 2565 3544 2566 3423 2566 3456 2566 3557 2567 3544 2567 3456 2567 3561 2568 3544 2568 3557 2568 3576 2569 3561 2569 3557 2569 3674 2570 3561 2570 3576 2570 3711 2571 3674 2571 3576 2571 3706 2572 3674 2572 3711 2572 3717 2573 3706 2573 3711 2573 3797 2574 3706 2574 3717 2574 3838 2575 3797 2575 3717 2575 3849 2576 3797 2576 3838 2576 3855 2577 3849 2577 3838 2577 3912 2578 3849 2578 3855 2578 3937 2579 3912 2579 3855 2579 3990 2580 3912 2580 3937 2580 3996 2581 3990 2581 3937 2581 4046 2582 3990 2582 3996 2582 4066 2583 4046 2583 3996 2583 4128 2584 4046 2584 4066 2584 4123 2585 4128 2585 4066 2585 4170 2586 4128 2586 4123 2586 4199 2587 4170 2587 4123 2587 4260 2588 4170 2588 4199 2588 4255 2589 4260 2589 4199 2589 4289 2590 4260 2590 4255 2590 4309 2591 4289 2591 4255 2591 4407 2592 4289 2592 4309 2592 4403 2593 4407 2593 4309 2593 4418 2594 4407 2594 4403 2594 4434 2595 4418 2595 4403 2595 4505 2596 4418 2596 4434 2596 4514 2597 4505 2597 4434 2597 4518 2598 4505 2598 4514 2598 4527 2599 4518 2599 4514 2599 4620 2600 4518 2600 4527 2600 4644 2601 4620 2601 4527 2601 4638 2602 4620 2602 4644 2602 4647 2603 4638 2603 4644 2603 4696 2604 4638 2604 4647 2604 4730 2605 4696 2605 4647 2605 4739 2606 4696 2606 4730 2606 4747 2607 4739 2607 4730 2607 4799 2608 4739 2608 4747 2608 4811 2609 4799 2609 4747 2609 4841 2610 4799 2610 4811 2610 4851 2611 4841 2611 4811 2611 4884 2612 4841 2612 4851 2612 4898 2613 4884 2613 4851 2613 4938 2614 4884 2614 4898 2614 4935 2615 4938 2615 4898 2615 4958 2616 4938 2616 4935 2616 4965 2617 4958 2617 4935 2617 4997 2618 4958 2618 4965 2618 4987 2619 4997 2619 4965 2619 5006 2620 4997 2620 4987 2620 5013 2621 5006 2621 4987 2621 4982 2622 5006 2622 5013 2622 4972 2623 4982 2623 5013 2623 4980 2624 4982 2624 4972 2624 4966 2625 4980 2625 4972 2625 4927 2626 4980 2626 4966 2626 4911 2627 4927 2627 4966 2627 4917 2628 4927 2628 4911 2628 4901 2629 4917 2629 4911 2629 4863 2630 4917 2630 4901 2630 4825 2631 4863 2631 4901 2631 4818 2632 4863 2632 4825 2632 4819 2633 4818 2633 4825 2633 4759 2634 4818 2634 4819 2634 4732 2635 4759 2635 4819 2635 4708 2636 4759 2636 4732 2636 4720 2637 4708 2637 4732 2637 4671 2638 4708 2638 4720 2638 4653 2639 4671 2639 4720 2639 4612 2640 4671 2640 4653 2640 4618 2641 4612 2641 4653 2641 4566 2642 4612 2642 4618 2642 4532 2643 4566 2643 4618 2643 4488 2644 4566 2644 4532 2644 4486 2645 4488 2645 4532 2645 4454 2646 4488 2646 4486 2646 4441 2647 4454 2647 4486 2647 4366 2648 4454 2648 4441 2648 4359 2649 4366 2649 4441 2649 4325 2650 4366 2650 4359 2650 4311 2651 4325 2651 4359 2651 4241 2652 4325 2652 4311 2652 4235 2653 4241 2653 4311 2653 4227 2654 4241 2654 4235 2654 4207 2655 4227 2655 4235 2655 4107 2656 4227 2656 4207 2656 4089 2657 4107 2657 4207 2657 4093 2658 4107 2658 4089 2658 4070 2659 4093 2659 4089 2659 3987 2660 4093 2660 4070 2660 3955 2661 3987 2661 4070 2661 3948 2662 3987 2662 3955 2662 3941 2663 3948 2663 3955 2663 3873 2664 3948 2664 3941 2664 3841 2665 3873 2665 3941 2665 3824 2666 3873 2666 3841 2666 3830 2667 3824 2667 3841 2667 3737 2668 3824 2668 3830 2668 3722 2669 3737 2669 3830 2669 3678 2670 3737 2670 3722 2670 3683 2671 3678 2671 3722 2671 3608 2672 3678 2672 3683 2672 3581 2673 3608 2673 3683 2673 3525 2674 3608 2674 3581 2674 3524 2675 3525 2675 3581 2675 712 2676 748 2676 706 2676 718 2677 712 2677 706 2677 703 2678 712 2678 718 2678 721 2679 703 2679 718 2679 763 2680 703 2680 721 2680 771 2681 763 2681 721 2681 766 2682 763 2682 771 2682 784 2683 766 2683 771 2683 823 2684 766 2684 784 2684 839 2685 823 2685 784 2685 830 2686 823 2686 839 2686 848 2687 830 2687 839 2687 879 2688 830 2688 848 2688 898 2689 879 2689 848 2689 900 2690 879 2690 898 2690 916 2691 900 2691 898 2691 972 2692 900 2692 916 2692 998 2693 972 2693 916 2693 1008 2694 972 2694 998 2694 1003 2695 1008 2695 998 2695 1061 2696 1008 2696 1003 2696 1091 2697 1061 2697 1003 2697 1120 2698 1061 2698 1091 2698 1112 2699 1120 2699 1091 2699 1142 2700 1120 2700 1112 2700 1182 2701 1142 2701 1112 2701 1234 2702 1142 2702 1182 2702 1231 2703 1234 2703 1182 2703 1258 2704 1234 2704 1231 2704 1289 2705 1258 2705 1231 2705 1329 2706 1258 2706 1289 2706 1333 2707 1329 2707 1289 2707 1363 2708 1329 2708 1333 2708 1405 2709 1363 2709 1333 2709 1462 2710 1363 2710 1405 2710 1468 2711 1462 2711 1405 2711 1472 2712 1462 2712 1468 2712 1501 2713 1472 2713 1468 2713 1587 2714 1472 2714 1501 2714 1603 2715 1587 2715 1501 2715 1597 2716 1587 2716 1603 2716 1625 2717 1597 2717 1603 2717 1674 2718 1597 2718 1625 2718 1717 2719 1674 2719 1625 2719 1719 2720 1674 2720 1717 2720 1750 2721 1719 2721 1717 2721 1804 2722 1719 2722 1750 2722 1842 2723 1804 2723 1750 2723 1847 2724 1804 2724 1842 2724 1852 2725 1847 2725 1842 2725 1929 2726 1847 2726 1852 2726 1975 2727 1929 2727 1852 2727 2003 2728 1929 2728 1975 2728 1995 2729 2003 2729 1975 2729 2037 2730 2003 2730 1995 2730 2088 2731 2037 2731 1995 2731 2134 2732 2037 2732 2088 2732 2129 2733 2134 2733 2088 2733 2158 2734 2134 2734 2129 2734 2196 2735 2158 2735 2129 2735 2274 2736 2158 2736 2196 2736 2278 2737 2274 2737 2196 2737 2298 2738 2274 2738 2278 2738 2327 2739 2298 2739 2278 2739 2407 2740 2298 2740 2327 2740 2412 2741 2407 2741 2327 2741 2421 2742 2407 2742 2412 2742 2468 2743 2421 2743 2412 2743 2531 2744 2421 2744 2468 2744 2544 2745 2531 2745 2468 2745 2538 2746 2531 2746 2544 2746 2587 2747 2538 2747 2544 2747 2668 2748 2538 2748 2587 2748 2694 2749 2668 2749 2587 2749 2689 2750 2668 2750 2694 2750 2711 2751 2689 2751 2694 2751 2799 2752 2689 2752 2711 2752 2845 2753 2799 2753 2711 2753 2836 2754 2799 2754 2845 2754 2846 2755 2836 2755 2845 2755 2911 2756 2836 2756 2846 2756 2971 2757 2911 2757 2846 2757 2991 2758 2911 2758 2971 2758 2997 2759 2991 2759 2971 2759 3038 2760 2991 2760 2997 2760 3083 2761 3038 2761 2997 2761 3137 2762 3038 2762 3083 2762 3136 2763 3137 2763 3083 2763 3173 2764 3137 2764 3136 2764 3209 2765 3173 2765 3136 2765 3273 2766 3173 2766 3209 2766 3268 2767 3273 2767 3209 2767 3315 2768 3273 2768 3268 2768 3340 2769 3315 2769 3268 2769 3411 2770 3315 2770 3340 2770 3407 2771 3411 2771 3340 2771 3425 2772 3411 2772 3407 2772 3482 2773 3425 2773 3407 2773 3547 2774 3425 2774 3482 2774 3556 2775 3547 2775 3482 2775 3562 2776 3547 2776 3556 2776 3586 2777 3562 2777 3556 2777 3687 2778 3562 2778 3586 2778 3709 2779 3687 2779 3586 2779 3707 2780 3687 2780 3709 2780 3728 2781 3707 2781 3709 2781 3800 2782 3707 2782 3728 2782 3856 2783 3800 2783 3728 2783 3850 2784 3800 2784 3856 2784 3859 2785 3850 2785 3856 2785 3916 2786 3850 2786 3859 2786 3975 2787 3916 2787 3859 2787 3989 2788 3916 2788 3975 2788 3997 2789 3989 2789 3975 2789 4049 2790 3989 2790 3997 2790 4072 2791 4049 2791 3997 2791 4126 2792 4049 2792 4072 2792 4130 2793 4126 2793 4072 2793 4171 2794 4126 2794 4130 2794 4213 2795 4171 2795 4130 2795 4259 2796 4171 2796 4213 2796 4254 2797 4259 2797 4213 2797 4293 2798 4259 2798 4254 2798 4312 2799 4293 2799 4254 2799 4406 2800 4293 2800 4312 2800 4401 2801 4406 2801 4312 2801 4421 2802 4406 2802 4401 2802 4444 2803 4421 2803 4401 2803 4507 2804 4421 2804 4444 2804 4512 2805 4507 2805 4444 2805 4519 2806 4507 2806 4512 2806 4537 2807 4519 2807 4512 2807 4625 2808 4519 2808 4537 2808 4640 2809 4625 2809 4537 2809 4639 2810 4625 2810 4640 2810 4659 2811 4639 2811 4640 2811 4697 2812 4639 2812 4659 2812 4748 2813 4697 2813 4659 2813 4740 2814 4697 2814 4748 2814 4749 2815 4740 2815 4748 2815 4801 2816 4740 2816 4749 2816 4829 2817 4801 2817 4749 2817 4844 2818 4801 2818 4829 2818 4856 2819 4844 2819 4829 2819 4887 2820 4844 2820 4856 2820 4903 2821 4887 2821 4856 2821 4937 2822 4887 2822 4903 2822 4942 2823 4937 2823 4903 2823 4960 2824 4937 2824 4942 2824 4967 2825 4960 2825 4942 2825 4995 2826 4960 2826 4967 2826 4985 2827 4995 2827 4967 2827 5008 2828 4995 2828 4985 2828 5012 2829 5008 2829 4985 2829 4981 2830 5008 2830 5012 2830 4968 2831 4981 2831 5012 2831 4975 2832 4981 2832 4968 2832 4964 2833 4975 2833 4968 2833 4925 2834 4975 2834 4964 2834 4909 2835 4925 2835 4964 2835 4919 2836 4925 2836 4909 2836 4894 2837 4919 2837 4909 2837 4853 2838 4919 2838 4894 2838 4820 2839 4853 2839 4894 2839 4821 2840 4853 2840 4820 2840 4808 2841 4821 2841 4820 2841 4758 2842 4821 2842 4808 2842 4721 2843 4758 2843 4808 2843 4710 2844 4758 2844 4721 2844 4717 2845 4710 2845 4721 2845 4670 2846 4710 2846 4717 2846 4630 2847 4670 2847 4717 2847 4614 2848 4670 2848 4630 2848 4621 2849 4614 2849 4630 2849 4563 2850 4614 2850 4621 2850 4524 2851 4563 2851 4621 2851 4487 2852 4563 2852 4524 2852 4491 2853 4487 2853 4524 2853 4452 2854 4487 2854 4491 2854 4430 2855 4452 2855 4491 2855 4365 2856 4452 2856 4430 2856 4360 2857 4365 2857 4430 2857 4322 2858 4365 2858 4360 2858 4308 2859 4322 2859 4360 2859 4240 2860 4322 2860 4308 2860 4233 2861 4240 2861 4308 2861 4223 2862 4240 2862 4233 2862 4179 2863 4223 2863 4233 2863 4099 2864 4223 2864 4179 2864 4087 2865 4099 2865 4179 2865 4096 2866 4099 2866 4087 2866 4061 2867 4096 2867 4087 2867 3985 2868 4096 2868 4061 2868 3949 2869 3985 2869 4061 2869 3951 2870 3985 2870 3949 2870 3931 2871 3951 2871 3949 2871 3870 2872 3951 2872 3931 2872 3831 2873 3870 2873 3931 2873 3825 2874 3870 2874 3831 2874 3821 2875 3825 2875 3831 2875 3736 2876 3825 2876 3821 2876 3695 2877 3736 2877 3821 2877 3679 2878 3736 2878 3695 2878 3685 2879 3679 2879 3695 2879 3606 2880 3679 2880 3685 2880 3574 2881 3606 2881 3685 2881 3523 2882 3606 2882 3574 2882 3527 2883 3523 2883 3574 2883 3495 2884 3523 2884 3527 2884 3453 2885 3495 2885 3527 2885 3378 2886 3495 2886 3453 2886 3374 2887 3378 2887 3453 2887 3351 2888 3378 2888 3374 2888 3325 2889 3351 2889 3374 2889 3238 2890 3351 2890 3325 2890 3231 2891 3238 2891 3325 2891 3220 2892 3238 2892 3231 2892 3193 2893 3220 2893 3231 2893 3105 2894 3220 2894 3193 2894 3096 2895 3105 2895 3193 2895 3103 2896 3105 2896 3096 2896 3050 2897 3103 2897 3096 2897 2978 2898 3103 2898 3050 2898 2960 2899 2978 2899 3050 2899 2963 2900 2978 2900 2960 2900 2941 2901 2963 2901 2960 2901 2852 2902 2963 2902 2941 2902 2819 2903 2852 2903 2941 2903 2822 2904 2852 2904 2819 2904 2814 2905 2822 2905 2819 2905 2721 2906 2822 2906 2814 2906 2683 2907 2721 2907 2814 2907 2676 2908 2721 2908 2683 2908 2671 2909 2676 2909 2683 2909 2610 2910 2676 2910 2671 2910 2566 2911 2610 2911 2671 2911 2515 2912 2610 2912 2566 2912 2513 2913 2515 2913 2566 2913 2474 2914 2515 2914 2513 2914 2451 2915 2474 2915 2513 2915 2365 2916 2474 2916 2451 2916 2371 2917 2365 2917 2451 2917 2339 2918 2365 2918 2371 2918 2314 2919 2339 2919 2371 2919 2235 2920 2339 2920 2314 2920 2241 2921 2235 2921 2314 2921 2219 2922 2235 2922 2241 2922 2184 2923 2219 2923 2241 2923 2101 2924 2219 2924 2184 2924 2108 2925 2101 2925 2184 2925 2100 2926 2101 2926 2108 2926 2061 2927 2100 2927 2108 2927 1988 2928 2100 2928 2061 2928 1965 2929 1988 2929 2061 2929 1964 2930 1988 2930 1965 2930 1944 2931 1964 2931 1965 2931 4867 2932 4913 2932 4908 2932 4878 2933 4867 2933 4908 2933 4813 2934 4867 2934 4878 2934 3943 2935 3894 2935 3950 2935 4005 2936 3943 2936 3950 2936 4036 2937 3943 2937 4005 2937 4090 2938 4036 2938 4005 2938 4083 2939 4036 2939 4090 2939 4111 2940 4083 2940 4090 2940 4173 2941 4083 2941 4111 2941 4231 2942 4173 2942 4111 2942 4232 2943 4173 2943 4231 2943 4243 2944 4232 2944 4231 2944 4307 2945 4232 2945 4243 2945 4331 2946 4307 2946 4243 2946 4357 2947 4307 2947 4331 2947 4368 2948 4357 2948 4331 2948 4440 2949 4357 2949 4368 2949 4462 2950 4440 2950 4368 2950 4482 2951 4440 2951 4462 2951 4490 2952 4482 2952 4462 2952 4544 2953 4482 2953 4490 2953 4575 2954 4544 2954 4490 2954 4610 2955 4544 2955 4575 2955 4613 2956 4610 2956 4575 2956 4680 2957 4610 2957 4613 2957 4676 2958 4680 2958 4613 2958 4704 2959 4680 2959 4676 2959 4705 2960 4704 2960 4676 2960 4772 2961 4704 2961 4705 2961 4764 2962 4772 2962 4705 2962 4813 2963 4772 2963 4764 2963 4816 2964 4813 2964 4764 2964 4867 2965 4813 2965 4816 2965 4741 2966 4806 2966 4743 2966 4702 2967 4741 2967 4743 2967 4683 2968 4741 2968 4702 2968 4669 2969 4683 2969 4702 2969 4633 2970 4683 2970 4669 2970 4642 2971 4633 2971 4669 2971 4579 2972 4633 2972 4642 2972 4583 2973 4579 2973 4642 2973 4511 2974 4579 2974 4583 2974 4509 2975 4511 2975 4583 2975 4465 2976 4511 2976 4509 2976 4463 2977 4465 2977 4509 2977 4402 2978 4465 2978 4463 2978 4399 2979 4402 2979 4463 2979 4351 2980 4402 2980 4399 2980 4318 2981 4351 2981 4399 2981 4262 2982 4351 2982 4318 2982 4253 2983 4262 2983 4318 2983 4246 2984 4262 2984 4253 2984 4211 2985 4246 2985 4253 2985 4136 2986 4246 2986 4211 2986 4121 2987 4136 2987 4211 2987 4127 2988 4136 2988 4121 2988 4064 2989 4127 2989 4121 2989 4023 2990 4127 2990 4064 2990 3988 2991 4023 2991 4064 2991 3998 2992 4023 2992 3988 2992 3919 2993 3998 2993 3988 2993 3889 2994 3998 2994 3919 2994 3845 2995 3889 2995 3919 2995 3852 2996 3889 2996 3845 2996 3747 2997 3852 2997 3845 2997 3787 2998 3747 2998 3845 2998 3701 2999 3747 2999 3787 2999 3700 3000 3701 3000 3787 3000 3630 3001 3701 3001 3700 3001 3658 3002 3630 3002 3700 3002 3554 3003 3630 3003 3658 3003 3553 3004 3554 3004 3658 3004 3511 3005 3554 3005 3553 3005 3513 3006 3511 3006 3553 3006 3478 3007 3511 3007 3513 3007 4733 3008 4490 3008 4462 3008 4945 3009 4613 3009 4575 3009 5253 3010 4940 3010 4955 3010 5207 3011 4845 3011 4880 3011 4317 3012 4132 3012 4166 3012 4198 3013 3994 3013 4041 3013 3195 3014 3141 3014 3164 3014 3046 3015 2995 3015 3032 3015 1953 3016 1998 3016 2027 3016 865 3017 1114 3017 1133 3017 442 3018 811 3018 794 3018 1377 3019 1568 3019 1518 3019 1496 3020 1686 3020 1640 3020 2464 3021 2512 3021 2483 3021 2585 3022 2673 3022 2623 3022 3570 3023 3526 3023 3501 3023 3715 3024 3677 3024 3614 3024 4729 3025 4489 3025 4458 3025 4928 3026 4611 3026 4570 3026 5254 3027 4939 3027 4956 3027 5209 3028 4842 3028 4882 3028 4323 3029 4129 3029 4169 3029 4203 3030 3992 3030 4044 3030 3198 3031 3139 3031 3167 3031 3049 3032 2993 3032 3035 3032 2095 3033 2132 3033 2152 3033 1958 3034 2000 3034 2031 3034 1039 3035 1230 3035 1254 3035 867 3036 1116 3036 1135 3036 441 3037 812 3037 791 3037 1374 3038 1569 3038 1515 3038 2460 3039 2514 3039 2480 3039 3566 3040 3525 3040 3498 3040 3699 3041 3678 3041 3608 3041 4723 3042 4488 3042 4454 3042 4914 3043 4612 3043 4566 3043 5256 3044 4938 3044 4958 3044 5210 3045 4841 3045 4884 3045 4326 3046 4128 3046 4170 3046 4204 3047 3990 3047 4046 3047 3201 3048 3138 3048 3170 3048 3052 3049 2992 3049 3037 3049 2099 3050 2133 3050 2155 3050 1971 3051 2002 3051 2034 3051 1042 3052 1233 3052 1256 3052 869 3053 1118 3053 1139 3053 410 3054 749 3054 724 3054 439 3055 816 3055 789 3055 1243 3056 1440 3056 1412 3056 1372 3057 1570 3057 1508 3057 2310 3058 2365 3058 2339 3058 2456 3059 2515 3059 2474 3059 3551 3060 3523 3060 3495 3060 4707 3061 4487 3061 4452 3061 5258 3062 4937 3062 4960 3062 5213 3063 4844 3063 4887 3063 4328 3064 4126 3064 4171 3064 4209 3065 3989 3065 4049 3065 3204 3066 3137 3066 3173 3066 3055 3067 2991 3067 3038 3067 2112 3068 2134 3068 2158 3068 1974 3069 2003 3069 2037 3069 1044 3070 1234 3070 1258 3070 871 3071 1120 3071 1142 3071 409 3072 750 3072 723 3072 438 3073 817 3073 787 3073 1240 3074 1443 3074 1410 3074 1365 3075 1573 3075 1506 3075 2306 3076 2367 3076 2334 3076 2453 3077 2517 3077 2471 3077 3400 3078 3376 3078 3350 3078 3546 3079 3521 3079 3491 3079 4568 3080 4364 3080 4319 3080 4701 3081 4485 3081 4450 3081 5259 3082 4936 3082 4961 3082 4347 3083 4125 3083 4174 3083 3208 3084 3135 3084 3176 3084 2118 3085 2135 3085 2162 3085 1982 3086 2001 3086 2053 3086 1047 3087 1235 3087 1261 3087 875 3088 1119 3088 1145 3088 408 3089 751 3089 722 3089 437 3090 818 3090 786 3090 1238 3091 1444 3091 1407 3091 1362 3092 1574 3092 1503 3092 2304 3093 2368 3093 2331 3093 2450 3094 2518 3094 2469 3094 3396 3095 3375 3095 3346 3095 3542 3096 3520 3096 3486 3096 4562 3097 4361 3097 4314 3097 4698 3098 4483 3098 4447 3098 5292 3099 4991 3099 5011 3099 5261 3100 4933 3100 4963 3100 4733 3101 5057 3101 5103 3101 5253 3102 5557 3102 5539 3102 4317 3103 4590 3103 4531 3103 3195 3104 3287 3104 3225 3104 1953 3105 1911 3105 1885 3105 865 3106 572 3106 523 3106 442 3107 190 3107 201 3107 1377 3108 1164 3108 1210 3108 2464 3109 2382 3109 2441 3109 3570 3110 3594 3110 3651 3110 4729 3111 5058 3111 5100 3111 5254 3112 5558 3112 5541 3112 4323 3113 4593 3113 4535 3113 3198 3114 3289 3114 3228 3114 2095 3115 2077 3115 2024 3115 1039 3116 741 3116 660 3116 441 3117 189 3117 200 3117 1374 3118 1163 3118 1189 3118 2460 3119 2380 3119 2422 3119 3566 3120 3595 3120 3648 3120 4723 3121 5059 3121 5098 3121 5256 3122 5559 3122 5544 3122 4326 3123 4594 3123 4539 3123 3201 3124 3290 3124 3230 3124 2099 3125 2075 3125 2028 3125 1042 3126 737 3126 663 3126 410 3127 132 3127 145 3127 1243 3128 967 3128 1040 3128 2310 3129 2209 3129 2268 3129 2456 3130 2379 3130 2418 3130 3551 3131 3596 3131 3629 3131 4707 3132 5060 3132 5086 3132 5258 3133 5560 3133 5547 3133 4328 3134 4595 3134 4543 3134 3204 3135 3292 3135 3242 3135 2112 3136 2074 3136 2033 3136 1044 3137 736 3137 668 3137 409 3138 131 3138 143 3138 1240 3139 964 3139 1036 3139 2306 3140 2207 3140 2264 3140 3400 3141 3435 3141 3481 3141 4568 3142 4783 3142 4876 3142 4701 3143 5061 3143 5075 3143 5259 3144 5561 3144 5550 3144 4347 3145 4596 3145 4564 3145 3208 3146 3293 3146 3260 3146 2118 3147 2073 3147 2036 3147 1047 3148 735 3148 671 3148 408 3149 130 3149 142 3149 1238 3150 962 3150 1030 3150 2304 3151 2206 3151 2263 3151 3396 3152 3437 3152 3475 3152 4562 3153 4786 3153 4873 3153 5292 3154 5596 3154 5609 3154 3572 3155 3535 3155 3509 3155 3157 3156 3151 3156 3130 3156 2316 3157 2420 3157 2338 3157 2176 3158 2222 3158 2204 3158 1918 3159 2007 3159 1954 3159 1500 3160 1610 3160 1590 3160 1418 3161 1425 3161 1426 3161 3698 3162 3623 3162 3655 3162 5469 3163 5387 3163 5382 3163 1898 3164 1868 3164 1917 3164 2054 3165 2011 3165 2060 3165 2191 3166 2172 3166 2197 3166 2340 3167 2330 3167 2349 3167 3772 3168 3741 3168 3748 3168 4350 3169 4180 3169 4248 3169 4669 3170 4702 3170 5112 3170 5028 3171 4669 3171 5112 3171 5028 3172 4605 3172 4622 3172 4632 3173 5028 3173 4622 3173 4669 3174 5028 3174 4632 3174 4605 3175 4826 3175 4569 3175 4826 3176 4501 3176 4508 3176 4538 3177 4826 3177 4508 3177 4569 3178 4826 3178 4538 3178 4667 3179 4502 3179 4415 3179 4417 3180 4667 3180 4415 3180 4456 3181 4667 3181 4417 3181 4502 3182 4280 3182 4316 3182 4348 3183 4502 3183 4316 3183 4415 3184 4502 3184 4348 3184 4350 3185 4248 3185 4251 3185 4276 3186 4350 3186 4251 3186 4280 3187 4350 3187 4276 3187 4146 3188 4180 3188 4350 3188 4216 3189 4146 3189 4350 3189 4140 3190 4146 3190 4216 3190 4063 3191 4027 3191 4028 3191 4047 3192 4063 3192 4028 3192 4216 3193 4063 3193 4047 3193 4115 3194 4216 3194 4047 3194 4140 3195 4216 3195 4115 3195 3915 3196 3882 3196 3891 3196 3897 3197 3915 3197 3891 3197 4063 3198 3915 3198 3897 3198 3977 3199 4063 3199 3897 3199 4027 3200 4063 3200 3977 3200 3915 3201 3772 3201 3748 3201 3833 3202 3915 3202 3748 3202 3882 3203 3915 3203 3833 3203 3652 3204 3584 3204 3627 3204 3667 3205 3652 3205 3627 3205 3772 3206 3652 3206 3667 3206 3730 3207 3772 3207 3667 3207 3741 3208 3772 3208 3730 3208 3515 3209 3507 3209 3504 3209 3652 3210 3507 3210 3515 3210 3575 3211 3652 3211 3515 3211 3584 3212 3652 3212 3575 3212 3507 3213 3392 3213 3427 3213 3450 3214 3507 3214 3427 3214 3504 3215 3507 3215 3450 3215 3352 3216 3464 3216 3397 3216 3078 3217 3119 3217 3106 3217 3128 3218 3183 3218 3262 3218 3119 3219 3128 3219 3262 3219 3104 3220 3128 3220 3119 3220 3078 3221 3104 3221 3119 3221 3262 3222 3183 3222 3203 3222 3212 3223 3262 3223 3203 3223 3294 3224 3262 3224 3212 3224 3281 3225 3294 3225 3212 3225 3397 3226 3294 3226 3281 3226 3304 3227 3397 3227 3281 3227 3352 3228 3397 3228 3304 3228 2955 3229 2946 3229 2949 3229 2969 3230 2955 3230 2949 3230 3106 3231 2955 3231 2969 3231 3027 3232 3106 3232 2969 3232 3078 3233 3106 3233 3027 3233 2868 3234 2946 3234 2955 3234 2927 3235 2868 3235 2955 3235 2808 3236 2868 3236 2927 3236 2809 3237 2808 3237 2927 3237 2805 3238 2808 3238 2809 3238 2601 3239 2495 3239 2503 3239 2603 3240 2601 3240 2503 3240 2653 3241 2601 3241 2603 3241 2630 3242 2653 3242 2603 3242 2653 3243 2630 3243 2636 3243 2659 3244 2653 3244 2636 3244 2767 3245 2653 3245 2659 3245 2700 3246 2767 3246 2659 3246 2809 3247 2767 3247 2700 3247 2777 3248 2809 3248 2700 3248 2805 3249 2809 3249 2777 3249 2430 3250 2340 3250 2349 3250 2430 3251 2349 3251 2443 3251 2472 3252 2430 3252 2443 3252 2495 3253 2430 3253 2472 3253 2499 3254 2495 3254 2472 3254 2503 3255 2495 3255 2499 3255 2253 3256 2191 3256 2197 3256 2265 3257 2253 3257 2197 3257 2340 3258 2253 3258 2265 3258 2308 3259 2340 3259 2265 3259 2330 3260 2340 3260 2308 3260 2072 3261 2054 3261 2060 3261 2090 3262 2072 3262 2060 3262 2191 3263 2072 3263 2090 3263 2141 3264 2191 3264 2090 3264 2172 3265 2191 3265 2141 3265 1904 3266 1898 3266 1917 3266 1951 3267 1904 3267 1917 3267 2054 3268 1904 3268 1951 3268 1956 3269 2054 3269 1951 3269 2011 3270 2054 3270 1956 3270 1898 3271 1781 3271 1785 3271 1787 3272 1898 3272 1785 3272 1868 3273 1898 3273 1787 3273 3957 3274 3906 3274 3835 3274 4139 3275 4120 3275 4078 3275 4024 3276 4139 3276 4078 3276 3971 3277 4139 3277 4024 3277 3958 3278 3971 3278 4024 3278 3957 3279 3971 3279 3958 3279 3945 3280 3957 3280 3958 3280 3906 3281 3957 3281 3945 3281 4147 3282 4120 3282 4139 3282 4162 3283 4147 3283 4139 3283 4178 3284 4147 3284 4162 3284 4304 3285 4178 3285 4162 3285 4282 3286 4178 3286 4304 3286 4457 3287 4341 3287 4474 3287 4341 3288 4457 3288 4358 3288 4321 3289 4341 3289 4358 3289 4304 3290 4341 3290 4321 3290 4295 3291 4304 3291 4321 3291 4282 3292 4304 3292 4295 3292 4649 3293 4549 3293 4677 3293 4549 3294 4649 3294 4534 3294 4528 3295 4549 3295 4534 3295 4474 3296 4549 3296 4528 3296 4461 3297 4474 3297 4528 3297 4457 3298 4474 3298 4461 3298 4868 3299 4777 3299 4910 3299 4777 3300 4868 3300 4760 3300 4755 3301 4777 3301 4760 3301 4677 3302 4777 3302 4755 3302 4656 3303 4677 3303 4755 3303 4649 3304 4677 3304 4656 3304 5108 3305 5099 3305 5053 3305 5033 3306 5108 3306 5053 3306 5054 3307 5108 3307 5033 3307 5031 3308 5054 3308 5033 3308 4910 3309 5054 3309 5031 3309 4891 3310 4910 3310 5031 3310 4868 3311 4910 3311 4891 3311 5141 3312 5099 3312 5108 3312 5184 3313 5141 3313 5108 3313 5144 3314 5141 3314 5184 3314 5214 3315 5144 3315 5184 3315 5158 3316 5144 3316 5214 3316 5214 3317 5329 3317 5263 3317 5201 3318 5214 3318 5263 3318 5158 3319 5214 3319 5201 3319 5355 3320 5336 3320 5389 3320 5336 3321 5355 3321 5305 3321 5296 3322 5336 3322 5305 3322 5329 3323 5336 3323 5296 3323 5293 3324 5329 3324 5296 3324 5263 3325 5329 3325 5293 3325 5404 3326 5469 3326 5382 3326 5404 3327 5382 3327 5371 3327 5359 3328 5404 3328 5371 3328 5389 3329 5404 3329 5359 3329 5356 3330 5389 3330 5359 3330 5355 3331 5389 3331 5356 3331 5392 3332 5387 3332 5469 3332 5480 3333 5392 3333 5469 3333 5409 3334 5392 3334 5480 3334 5525 3335 5409 3335 5480 3335 5441 3336 5409 3336 5525 3336 5453 3337 5585 3337 5455 3337 5535 3338 5585 3338 5453 3338 5450 3339 5535 3339 5453 3339 5525 3340 5535 3340 5450 3340 5447 3341 5525 3341 5450 3341 5441 3342 5525 3342 5447 3342 5587 3343 5600 3343 5454 3343 5456 3344 5587 3344 5454 3344 5585 3345 5587 3345 5456 3345 5458 3346 5585 3346 5456 3346 5455 3347 5585 3347 5458 3347 5528 3348 5408 3348 5413 3348 5439 3349 5528 3349 5413 3349 5554 3350 5528 3350 5439 3350 5448 3351 5554 3351 5439 3351 5600 3352 5554 3352 5448 3352 5451 3353 5600 3353 5448 3353 5454 3354 5600 3354 5451 3354 5390 3355 5408 3355 5528 3355 5497 3356 5390 3356 5528 3356 5377 3357 5390 3357 5497 3357 5487 3358 5377 3358 5497 3358 5375 3359 5377 3359 5487 3359 5487 3360 5435 3360 5357 3360 5373 3361 5487 3361 5357 3361 5375 3362 5487 3362 5373 3362 5299 3363 5432 3363 5360 3363 5432 3364 5299 3364 5310 3364 5325 3365 5432 3365 5310 3365 5435 3366 5432 3366 5325 3366 5326 3367 5435 3367 5325 3367 5357 3368 5435 3368 5326 3368 5151 3369 5351 3369 5265 3369 5351 3370 5151 3370 5216 3370 5237 3371 5351 3371 5216 3371 5360 3372 5351 3372 5237 3372 5249 3373 5360 3373 5237 3373 5299 3374 5360 3374 5249 3374 5040 3375 5228 3375 5130 3375 5228 3376 5040 3376 5111 3376 5116 3377 5228 3377 5111 3377 5265 3378 5228 3378 5116 3378 5131 3379 5265 3379 5116 3379 5151 3380 5265 3380 5131 3380 4774 3381 5084 3381 5016 3381 5084 3382 4774 3382 4930 3382 4949 3383 5084 3383 4930 3383 5130 3384 5084 3384 4949 3384 5034 3385 5130 3385 4949 3385 5040 3386 5130 3386 5034 3386 4587 3387 4833 3387 4731 3387 4833 3388 4587 3388 4679 3388 4682 3389 4833 3389 4679 3389 5016 3390 4833 3390 4682 3390 4773 3391 5016 3391 4682 3391 4774 3392 5016 3392 4773 3392 4529 3393 4414 3393 4431 3393 4467 3394 4529 3394 4431 3394 4589 3395 4529 3395 4467 3395 4479 3396 4589 3396 4467 3396 4731 3397 4589 3397 4479 3397 4585 3398 4731 3398 4479 3398 4587 3399 4731 3399 4585 3399 4305 3400 4414 3400 4529 3400 4384 3401 4305 3401 4529 3401 4290 3402 4305 3402 4384 3402 4349 3403 4290 3403 4384 3403 4252 3404 4290 3404 4349 3404 4098 3405 4181 3405 4092 3405 4194 3406 4181 3406 4098 3406 4122 3407 4194 3407 4098 3407 4349 3408 4194 3408 4122 3408 4215 3409 4349 3409 4122 3409 4252 3410 4349 3410 4215 3410 4181 3411 4031 3411 3935 3411 4039 3412 4181 3412 3935 3412 4092 3413 4181 3413 4039 3413 3792 3414 4020 3414 3872 3414 4020 3415 3792 3415 3887 3415 3914 3416 4020 3416 3887 3416 4031 3417 4020 3417 3914 3417 3933 3418 4031 3418 3914 3418 3935 3419 4031 3419 3933 3419 3815 3420 3698 3420 3655 3420 3815 3421 3655 3421 3719 3421 3745 3422 3815 3422 3719 3422 3872 3423 3815 3423 3745 3423 3789 3424 3872 3424 3745 3424 3792 3425 3872 3425 3789 3425 3579 3426 3623 3426 3698 3426 3639 3427 3579 3427 3698 3427 3533 3428 3579 3428 3639 3428 3532 3429 3533 3429 3639 3429 3505 3430 3533 3430 3532 3430 3457 3431 3369 3431 3365 3431 3417 3432 3457 3432 3365 3432 3532 3433 3457 3433 3417 3433 3473 3434 3532 3434 3417 3434 3505 3435 3532 3435 3473 3435 3200 3436 3221 3436 3286 3436 3219 3437 3200 3437 3286 3437 3159 3438 3200 3438 3219 3438 3286 3439 3221 3439 3243 3439 3310 3440 3286 3440 3243 3440 3369 3441 3286 3441 3310 3441 3344 3442 3369 3442 3310 3442 3365 3443 3369 3443 3344 3443 3081 3444 3159 3444 3219 3444 3111 3445 3081 3445 3219 3445 3054 3446 3081 3446 3111 3446 3074 3447 3054 3447 3111 3447 3047 3448 3054 3448 3074 3448 3004 3449 3047 3449 3074 3449 2930 3450 3004 3450 3074 3450 2914 3451 3004 3451 2930 3451 2919 3452 2914 3452 2930 3452 2910 3453 2914 3453 2919 3453 2919 3454 2775 3454 2830 3454 2902 3455 2919 3455 2830 3455 2910 3456 2919 3456 2902 3456 2665 3457 2633 3457 2640 3457 2761 3458 2633 3458 2665 3458 2761 3459 2665 3459 2751 3459 2770 3460 2761 3460 2751 3460 2775 3461 2761 3461 2770 3461 2776 3462 2775 3462 2770 3462 2830 3463 2775 3463 2776 3463 2626 3464 2640 3464 2633 3464 2594 3465 2626 3465 2633 3465 2619 3466 2626 3466 2594 3466 2479 3467 2619 3467 2594 3467 2522 3468 2619 3468 2479 3468 2321 3469 2347 3469 2354 3469 2458 3470 2321 3470 2354 3470 2433 3471 2321 3471 2458 3471 2463 3472 2433 3472 2458 3472 2479 3473 2433 3473 2463 3473 2493 3474 2479 3474 2463 3474 2522 3475 2479 3475 2493 3475 2300 3476 2347 3476 2321 3476 2261 3477 2300 3477 2321 3477 2295 3478 2300 3478 2261 3478 2169 3479 2295 3479 2261 3479 2217 3480 2295 3480 2169 3480 2140 3481 2017 3481 2085 3481 2080 3482 2017 3482 2140 3482 2143 3483 2080 3483 2140 3483 2169 3484 2080 3484 2143 3484 2198 3485 2169 3485 2143 3485 2217 3486 2169 3486 2198 3486 1871 3487 1931 3487 1946 3487 1985 3488 1871 3488 1946 3488 1912 3489 1871 3489 1985 3489 2010 3490 1912 3490 1985 3490 2017 3491 1912 3491 2010 3491 2059 3492 2017 3492 2010 3492 2085 3493 2017 3493 2059 3493 1854 3494 1931 3494 1871 3494 1737 3495 1854 3495 1871 3495 1816 3496 1854 3496 1737 3496 1730 3497 1816 3497 1737 3497 1814 3498 1816 3498 1730 3498 1668 3499 1693 3499 1731 3499 1546 3500 1549 3500 1632 3500 1657 3501 1546 3501 1632 3501 1668 3502 1546 3502 1657 3502 1670 3503 1668 3503 1657 3503 1693 3504 1668 3504 1670 3504 1418 3505 1426 3505 1481 3505 1519 3506 1418 3506 1481 3506 1546 3507 1418 3507 1519 3507 1545 3508 1546 3508 1519 3508 1549 3509 1546 3509 1545 3509 1385 3510 1425 3510 1418 3510 1284 3511 1385 3511 1418 3511 1360 3512 1385 3512 1284 3512 1284 3513 1245 3513 1279 3513 1299 3514 1284 3514 1279 3514 1360 3515 1284 3515 1299 3515 1141 3516 1130 3516 1171 3516 1222 3517 1141 3517 1171 3517 1090 3518 1130 3518 1141 3518 1033 3519 1090 3519 1141 3519 1066 3520 1090 3520 1033 3520 1033 3521 935 3521 991 3521 1052 3522 1033 3522 991 3522 1066 3523 1033 3523 1052 3523 861 3524 909 3524 913 3524 935 3525 861 3525 913 3525 782 3526 666 3526 779 3526 861 3527 666 3527 782 3527 862 3528 861 3528 782 3528 909 3529 861 3529 862 3529 666 3530 596 3530 665 3530 774 3531 666 3531 665 3531 779 3532 666 3532 774 3532 608 3533 639 3533 596 3533 499 3534 608 3534 596 3534 596 3535 639 3535 642 3535 647 3536 596 3536 642 3536 665 3537 596 3537 647 3537 499 3538 450 3538 542 3538 586 3539 499 3539 542 3539 499 3540 586 3540 587 3540 592 3541 499 3541 587 3541 608 3542 499 3542 592 3542 450 3543 421 3543 497 3543 505 3544 450 3544 497 3544 450 3545 505 3545 507 3545 537 3546 450 3546 507 3546 542 3547 450 3547 537 3547 421 3548 490 3548 491 3548 494 3549 421 3549 491 3549 497 3550 421 3550 494 3550 488 3551 384 3551 489 3551 493 3552 489 3552 384 3552 416 3553 493 3553 384 3553 495 3554 493 3554 416 3554 416 3555 539 3555 502 3555 500 3556 416 3556 502 3556 495 3557 416 3557 500 3557 543 3558 539 3558 445 3558 557 3559 543 3559 445 3559 484 3560 612 3560 607 3560 600 3561 484 3561 607 3561 445 3562 484 3562 600 3562 583 3563 445 3563 600 3563 557 3564 445 3564 583 3564 578 3565 662 3565 659 3565 650 3566 578 3566 659 3566 484 3567 578 3567 650 3567 623 3568 484 3568 650 3568 612 3569 484 3569 623 3569 804 3570 645 3570 824 3570 578 3571 645 3571 804 3571 694 3572 578 3572 804 3572 662 3573 578 3573 694 3573 802 3574 963 3574 947 3574 883 3575 802 3575 947 3575 645 3576 802 3576 883 3576 857 3577 645 3577 883 3577 824 3578 645 3578 857 3578 802 3579 951 3579 1051 3579 1018 3580 802 3580 1051 3580 963 3581 802 3581 1018 3581 1107 3582 1241 3582 1223 3582 1148 3583 1107 3583 1223 3583 951 3584 1136 3584 1123 3584 1076 3585 951 3585 1123 3585 1051 3586 951 3586 1076 3586 1286 3587 1241 3587 1107 3587 1251 3588 1286 3588 1107 3588 1301 3589 1286 3589 1251 3589 1251 3590 1428 3590 1382 3590 1324 3591 1251 3591 1382 3591 1301 3592 1251 3592 1324 3592 1428 3593 1381 3593 1451 3593 1500 3594 1590 3594 1581 3594 1514 3595 1500 3595 1581 3595 1381 3596 1500 3596 1514 3596 1457 3597 1381 3597 1514 3597 1451 3598 1381 3598 1457 3598 1654 3599 1610 3599 1500 3599 1643 3600 1654 3600 1500 3600 1691 3601 1654 3601 1643 3601 1779 3602 1831 3602 1782 3602 1714 3603 1779 3603 1782 3603 1643 3604 1779 3604 1714 3604 1710 3605 1643 3605 1714 3605 1691 3606 1643 3606 1710 3606 1918 3607 1954 3607 1927 3607 1860 3608 1918 3608 1927 3608 1779 3609 1918 3609 1860 3609 1841 3610 1779 3610 1860 3610 1831 3611 1779 3611 1841 3611 2009 3612 2007 3612 1918 3612 2035 3613 2009 3613 1918 3613 2082 3614 2009 3614 2035 3614 2035 3615 2147 3615 2146 3615 2087 3616 2035 3616 2146 3616 2082 3617 2035 3617 2087 3617 2316 3618 2338 3618 2329 3618 2303 3619 2316 3619 2329 3619 2176 3620 2316 3620 2303 3620 2267 3621 2176 3621 2303 3621 2222 3622 2176 3622 2267 3622 2459 3623 2420 3623 2466 3623 2478 3624 2459 3624 2466 3624 2605 3625 2622 3625 2607 3625 2570 3626 2605 3626 2607 3626 2466 3627 2605 3627 2570 3627 2489 3628 2466 3628 2570 3628 2478 3629 2466 3629 2489 3629 2605 3630 2726 3630 2719 3630 2643 3631 2605 3631 2719 3631 2622 3632 2605 3632 2643 3632 2871 3633 2832 3633 2803 3633 2748 3634 2871 3634 2803 3634 2726 3635 2871 3635 2748 3635 2731 3636 2726 3636 2748 3636 2719 3637 2726 3637 2731 3637 3001 3638 2901 3638 2871 3638 3017 3639 3001 3639 2871 3639 2871 3640 2901 3640 2879 3640 2866 3641 2871 3641 2879 3641 2832 3642 2871 3642 2866 3642 3157 3643 3130 3643 3045 3643 3031 3644 3157 3644 3045 3644 3017 3645 3157 3645 3031 3645 3006 3646 3017 3646 3031 3646 3001 3647 3017 3647 3006 3647 3179 3648 3151 3648 3157 3648 3305 3649 3179 3649 3157 3649 3206 3650 3179 3650 3305 3650 3305 3651 3330 3651 3306 3651 3241 3652 3305 3652 3306 3652 3206 3653 3305 3653 3241 3653 3358 3654 3443 3654 3364 3654 3572 3655 3509 3655 3479 3655 3476 3656 3572 3656 3479 3656 3443 3657 3572 3657 3476 3657 3372 3658 3443 3658 3476 3658 3364 3659 3443 3659 3372 3659 3607 3660 3535 3660 3572 3660 3720 3661 3607 3661 3572 3661 3613 3662 3607 3662 3720 3662 3720 3663 3860 3663 3692 3663 3622 3664 3720 3664 3692 3664 3613 3665 3720 3665 3622 3665 3860 3666 3842 3666 3751 3666 3860 3667 3751 3667 3744 3667 3742 3668 3860 3668 3744 3668 3692 3669 3860 3669 3742 3669 3950 3670 3894 3670 4006 3670 4143 3671 3950 3671 4006 3671 4006 3672 3894 3672 3893 3672 3881 3673 4006 3673 3893 3673 3842 3674 4006 3674 3881 3674 3464 3675 3352 3675 3359 3675 3392 3676 3464 3676 3359 3676 3571 3677 3464 3677 3392 3677 3507 3678 3571 3678 3392 3678 3634 3679 3571 3679 3507 3679 3652 3680 3634 3680 3507 3680 3731 3681 3634 3681 3652 3681 3806 3682 3731 3682 3652 3682 3772 3683 3806 3683 3652 3683 3890 3684 3806 3684 3772 3684 4011 3685 3890 3685 3772 3685 3915 3686 4011 3686 3772 3686 4050 3687 4011 3687 3915 3687 4187 3688 4050 3688 3915 3688 4063 3689 4187 3689 3915 3689 4218 3690 4187 3690 4063 3690 4391 3691 4218 3691 4063 3691 4216 3692 4391 3692 4063 3692 4394 3693 4391 3693 4216 3693 4350 3694 4394 3694 4216 3694 4572 3695 4394 3695 4350 3695 4350 3696 4280 3696 4502 3696 4597 3697 4350 3697 4502 3697 4572 3698 4350 3698 4597 3698 4667 3699 5082 3699 5037 3699 4840 3700 4667 3700 5037 3700 4502 3701 4667 3701 4840 3701 4769 3702 4502 3702 4840 3702 4597 3703 4502 3703 4769 3703 4826 3704 5147 3704 5082 3704 4667 3705 4826 3705 5082 3705 4501 3706 4826 3706 4667 3706 4456 3707 4501 3707 4667 3707 4826 3708 4605 3708 5028 3708 5219 3709 4826 3709 5028 3709 5147 3710 4826 3710 5219 3710 5112 3711 5420 3711 5368 3711 5342 3712 5112 3712 5368 3712 5028 3713 5112 3713 5342 3713 5300 3714 5028 3714 5342 3714 5219 3715 5028 3715 5300 3715 5506 3716 5446 3716 5160 3716 5218 3717 5506 3717 5160 3717 5511 3718 5506 3718 5218 3718 5552 3719 5511 3719 5218 3719 5537 3720 5576 3720 5270 3720 5240 3721 5537 3721 5270 3721 5240 3722 5167 3722 5471 3722 5516 3723 5240 3723 5471 3723 5537 3724 5240 3724 5516 3724 5120 3725 5327 3725 5378 3725 5395 3726 5120 3726 5378 3726 5167 3727 5120 3727 5395 3727 5460 3728 5167 3728 5395 3728 5471 3729 5167 3729 5460 3729 5190 3730 5307 3730 5044 3730 4896 3731 5190 3731 5044 3731 5177 3732 5190 3732 4896 3732 5073 3733 5177 3733 4896 3733 4553 3734 4645 3734 4425 3734 4265 3735 4553 3735 4425 3735 4265 3736 4114 3736 4332 3736 4446 3737 4265 3737 4332 3737 4553 3738 4265 3738 4446 3738 3976 3739 3963 3739 4088 3739 4153 3740 3976 3740 4088 3740 4114 3741 3976 3741 4153 3741 4273 3742 4114 3742 4153 3742 4332 3743 4114 3743 4273 3743 3774 3744 3927 3744 3834 3744 3691 3745 3774 3745 3834 3745 3759 3746 3774 3746 3691 3746 3620 3747 3759 3747 3691 3747 3252 3748 3322 3748 3267 3748 3143 3749 3252 3749 3267 3749 3143 3750 3003 3750 3064 3750 3161 3751 3143 3751 3064 3751 3252 3752 3143 3752 3161 3752 2851 3753 2740 3753 2856 3753 2887 3754 2851 3754 2856 3754 3003 3755 2851 3755 2887 3755 3016 3756 3003 3756 2887 3756 3064 3757 3003 3757 3016 3757 2555 3758 2701 3758 2706 3758 2575 3759 2555 3759 2706 3759 2547 3760 2555 3760 2575 3760 2401 3761 2547 3761 2575 3761 2045 3762 2111 3762 2154 3762 2016 3763 2045 3763 2154 3763 2016 3764 1890 3764 1884 3764 1947 3765 2016 3765 1884 3765 2045 3766 2016 3766 1947 3766 1767 3767 1532 3767 1645 3767 1707 3768 1767 3768 1645 3768 1890 3769 1767 3769 1707 3769 1795 3770 1890 3770 1707 3770 1884 3771 1890 3771 1795 3771 1352 3772 1492 3772 1624 3772 1486 3773 1352 3773 1624 3773 1336 3774 1352 3774 1486 3774 1179 3775 1336 3775 1486 3775 683 3776 801 3776 1077 3776 934 3777 683 3777 1077 3777 934 3778 780 3778 533 3778 606 3779 934 3779 533 3779 683 3780 934 3780 606 3780 634 3781 311 3781 346 3781 371 3782 634 3782 346 3782 780 3783 634 3783 371 3783 457 3784 780 3784 371 3784 533 3785 780 3785 457 3785 247 3786 294 3786 554 3786 477 3787 247 3787 554 3787 235 3788 247 3788 477 3788 196 3789 235 3789 477 3789 153 3790 120 3790 394 3790 428 3791 153 3791 394 3791 428 3792 460 3792 215 3792 175 3793 428 3793 215 3793 153 3794 428 3794 175 3794 510 3795 326 3795 279 3795 267 3796 510 3796 279 3796 460 3797 510 3797 267 3797 228 3798 460 3798 267 3798 215 3799 460 3799 228 3799 390 3800 339 3800 613 3800 691 3801 390 3801 613 3801 419 3802 390 3802 691 3802 552 3803 419 3803 691 3803 1020 3804 931 3804 1169 3804 1304 3805 1020 3805 1169 3805 1304 3806 1448 3806 1216 3806 1126 3807 1304 3807 1216 3807 1020 3808 1304 3808 1126 3808 1583 3809 1558 3809 1450 3809 1399 3810 1583 3810 1450 3810 1448 3811 1583 3811 1399 3811 1282 3812 1448 3812 1399 3812 1216 3813 1448 3813 1282 3813 1741 3814 1612 3814 1711 3814 1837 3815 1741 3815 1711 3815 1760 3816 1741 3816 1837 3816 1896 3817 1760 3817 1837 3817 2254 3818 2189 3818 2244 3818 2361 3819 2254 3819 2244 3819 2509 3820 2602 3820 2492 3820 2431 3821 2509 3821 2492 3821 2361 3822 2509 3822 2431 3822 2336 3823 2361 3823 2431 3823 2254 3824 2361 3824 2336 3824 2769 3825 2649 3825 2660 3825 2806 3826 2769 3826 2660 3826 2807 3827 2769 3827 2806 3827 2928 3828 2807 3828 2806 3828 3091 3829 2953 3829 2940 3829 3058 3830 3091 3830 2940 3830 3118 3831 3091 3831 3058 3831 3463 3832 3395 3832 3348 3832 3506 3833 3463 3833 3348 3833 3650 3834 3808 3834 3726 3834 3632 3835 3650 3835 3726 3835 3506 3836 3650 3836 3632 3836 3569 3837 3506 3837 3632 3837 3463 3838 3506 3838 3569 3838 4013 3839 3888 3839 3760 3839 3911 3840 4013 3840 3760 3840 4045 3841 4013 3841 3911 3841 4188 3842 4045 3842 3911 3842 4376 3843 4214 3843 4062 3843 4212 3844 4376 3844 4062 3844 4392 3845 4376 3845 4212 3845 4839 3846 4766 3846 4497 3846 4662 3847 4839 3847 4497 3847 4812 3848 5221 3848 5145 3848 5079 3849 4812 3849 5145 3849 4662 3850 4812 3850 5079 3850 5036 3851 4662 3851 5079 3851 4839 3852 4662 3852 5036 3852 5344 3853 5298 3853 5026 3853 5110 3854 5344 3854 5026 3854 5367 3855 5344 3855 5110 3855 5422 3856 5367 3856 5110 3856 5502 3857 5444 3857 5157 3857 5215 3858 5502 3858 5157 3858 5505 3859 5502 3859 5215 3859 5593 3860 5607 3860 5290 3860 5272 3861 5593 3861 5290 3861 5272 3862 5242 3862 5534 3862 5578 3863 5272 3863 5534 3863 5593 3864 5272 3864 5578 3864 5242 3865 5169 3865 5473 3865 5518 3866 5242 3866 5473 3866 5534 3867 5242 3867 5518 3867 5122 3868 5330 3868 5380 3868 5397 3869 5122 3869 5380 3869 5169 3870 5122 3870 5397 3870 5462 3871 5169 3871 5397 3871 5473 3872 5169 3872 5462 3872 5195 3873 5309 3873 5047 3873 4899 3874 5195 3874 5047 3874 5192 3875 5195 3875 4899 3875 4551 3876 4652 3876 4428 3876 4272 3877 4551 3877 4428 3877 4272 3878 4119 3878 4334 3878 4451 3879 4272 3879 4334 3879 4551 3880 4272 3880 4451 3880 3980 3881 3965 3881 4105 3881 4155 3882 3980 3882 4105 3882 4119 3883 3980 3883 4155 3883 4281 3884 4119 3884 4155 3884 4334 3885 4119 3885 4281 3885 3777 3886 3930 3886 3840 3886 3694 3887 3777 3887 3840 3887 3762 3888 3777 3888 3694 3888 3626 3889 3762 3889 3694 3889 3250 3890 3323 3890 3278 3890 3147 3891 3250 3891 3278 3891 3147 3892 3007 3892 3061 3892 3163 3893 3147 3893 3061 3893 3250 3894 3147 3894 3163 3894 2854 3895 2739 3895 2860 3895 2888 3896 2854 3896 2860 3896 3007 3897 2854 3897 2888 3897 3018 3898 3007 3898 2888 3898 3061 3899 3007 3899 3018 3899 2554 3900 2703 3900 2708 3900 2577 3901 2554 3901 2708 3901 2548 3902 2554 3902 2577 3902 2413 3903 2548 3903 2577 3903 2046 3904 2116 3904 2156 3904 2019 3905 2046 3905 2156 3905 2019 3906 1891 3906 1883 3906 1950 3907 2019 3907 1883 3907 2046 3908 2019 3908 1950 3908 1769 3909 1528 3909 1647 3909 1706 3910 1769 3910 1647 3910 1891 3911 1769 3911 1706 3911 1798 3912 1891 3912 1706 3912 1883 3913 1891 3913 1798 3913 1350 3914 1495 3914 1628 3914 1487 3915 1350 3915 1628 3915 1339 3916 1350 3916 1487 3916 1181 3917 1339 3917 1487 3917 684 3918 803 3918 1087 3918 936 3919 684 3919 1087 3919 936 3920 785 3920 532 3920 611 3921 936 3921 532 3921 684 3922 936 3922 611 3922 638 3923 310 3923 348 3923 370 3924 638 3924 348 3924 785 3925 638 3925 370 3925 462 3926 785 3926 370 3926 532 3927 785 3927 462 3927 245 3928 296 3928 558 3928 478 3929 245 3929 558 3929 236 3930 245 3930 478 3930 197 3931 236 3931 478 3931 154 3932 119 3932 393 3932 427 3933 154 3933 393 3933 427 3934 459 3934 216 3934 174 3935 427 3935 216 3935 154 3936 427 3936 174 3936 508 3937 325 3937 277 3937 266 3938 508 3938 277 3938 459 3939 508 3939 266 3939 227 3940 459 3940 266 3940 216 3941 459 3941 227 3941 385 3942 337 3942 609 3942 680 3943 385 3943 609 3943 414 3944 385 3944 680 3944 545 3945 414 3945 680 3945 1021 3946 929 3946 1153 3946 1300 3947 1021 3947 1153 3947 1300 3948 1434 3948 1218 3948 1122 3949 1300 3949 1218 3949 1021 3950 1300 3950 1122 3950 1577 3951 1556 3951 1439 3951 1397 3952 1577 3952 1439 3952 1434 3953 1577 3953 1397 3953 1278 3954 1434 3954 1397 3954 1218 3955 1434 3955 1278 3955 1739 3956 1609 3956 1697 3956 1834 3957 1739 3957 1697 3957 1757 3958 1739 3958 1834 3958 1892 3959 1757 3959 1834 3959 2256 3960 2186 3960 2232 3960 2359 3961 2256 3961 2232 3961 2359 3962 2506 3962 2432 3962 2332 3963 2359 3963 2432 3963 2256 3964 2359 3964 2332 3964 2655 3965 2768 3965 2644 3965 2600 3966 2655 3966 2644 3966 2506 3967 2655 3967 2600 3967 2490 3968 2506 3968 2600 3968 2432 3969 2506 3969 2490 3969 2929 3970 2801 3970 2800 3970 2937 3971 2929 3971 2800 3971 2950 3972 2929 3972 2937 3972 3086 3973 2950 3973 2937 3973 3462 3974 3393 3974 3345 3974 3500 3975 3462 3975 3345 3975 3500 3976 3641 3976 3631 3976 3552 3977 3500 3977 3631 3977 3462 3978 3500 3978 3552 3978 3758 3979 4014 3979 3885 3979 3809 3980 3758 3980 3885 3980 3641 3981 3758 3981 3809 3981 3724 3982 3641 3982 3809 3982 3631 3983 3641 3983 3724 3983 4189 3984 4043 3984 3909 3984 4060 3985 4189 3985 3909 3985 4210 3986 4189 3986 4060 3986 4374 3987 4210 3987 4060 3987 4838 3988 4763 3988 4495 3988 4658 3989 4838 3989 4495 3989 4658 3990 4810 3990 5077 3990 5030 3991 4658 3991 5077 3991 4838 3992 4658 3992 5030 3992 5025 3993 5346 3993 5297 3993 5223 3994 5025 3994 5297 3994 4810 3995 5025 3995 5223 3995 5143 3996 4810 3996 5223 3996 5077 3997 4810 3997 5143 3997 5427 3998 5366 3998 5109 3998 5155 3999 5427 3999 5109 3999 5443 4000 5427 4000 5155 4000 5496 4001 5443 4001 5155 4001 5592 4002 5605 4002 5288 4002 5273 4003 5592 4003 5288 4003 5243 4004 5474 4004 5519 4004 5531 4005 5243 4005 5519 4005 5273 4006 5243 4006 5531 4006 5579 4007 5273 4007 5531 4007 5592 4008 5273 4008 5579 4008 5398 4009 5463 4009 5170 4009 5123 4010 5398 4010 5170 4010 5381 4011 5398 4011 5123 4011 5331 4012 5381 4012 5123 4012 5200 4013 5311 4013 5048 4013 4902 4014 5200 4014 5048 4014 5189 4015 5200 4015 4902 4015 4782 4016 4881 4016 4573 4016 4429 4017 4782 4017 4573 4017 4274 4018 4335 4018 4455 4018 4550 4019 4274 4019 4455 4019 4429 4020 4274 4020 4550 4020 4655 4021 4429 4021 4550 4021 4782 4022 4429 4022 4655 4022 4156 4023 4286 4023 4135 4023 3984 4024 4156 4024 4135 4024 4108 4025 4156 4025 3984 4025 3966 4026 4108 4026 3984 4026 3780 4027 3932 4027 3843 4027 3697 4028 3780 4028 3843 4028 3775 4029 3780 4029 3697 4029 3434 4030 3484 4030 3418 4030 3282 4031 3434 4031 3418 4031 3282 4032 3150 4032 3249 4032 3326 4033 3282 4033 3249 4033 3434 4034 3282 4034 3326 4034 3150 4035 3010 4035 3060 4035 3169 4036 3150 4036 3060 4036 3249 4037 3150 4037 3169 4037 2858 4038 2737 4038 2865 4038 2890 4039 2858 4039 2865 4039 3010 4040 2858 4040 2890 4040 3020 4041 3010 4041 2890 4041 3060 4042 3010 4042 3020 4042 2565 4043 2707 4043 2713 4043 2581 4044 2565 4044 2713 4044 2552 4045 2565 4045 2581 4045 2048 4046 2122 4046 2161 4046 2023 4047 2048 4047 2161 4047 2023 4048 1895 4048 1880 4048 1955 4049 2023 4049 1880 4049 2048 4050 2023 4050 1955 4050 1772 4051 1526 4051 1650 4051 1704 4052 1772 4052 1650 4052 1895 4053 1772 4053 1704 4053 1803 4054 1895 4054 1704 4054 1880 4055 1895 4055 1803 4055 1347 4056 1499 4056 1631 4056 1490 4057 1347 4057 1631 4057 1343 4058 1347 4058 1490 4058 1186 4059 1343 4059 1490 4059 686 4060 819 4060 1093 4060 942 4061 686 4061 1093 4061 942 4062 793 4062 531 4062 616 4063 942 4063 531 4063 686 4064 942 4064 616 4064 641 4065 309 4065 350 4065 369 4066 641 4066 350 4066 793 4067 641 4067 369 4067 465 4068 793 4068 369 4068 531 4069 793 4069 465 4069 242 4070 297 4070 559 4070 479 4071 242 4071 559 4071 237 4072 242 4072 479 4072 198 4073 237 4073 479 4073 155 4074 118 4074 392 4074 426 4075 155 4075 392 4075 426 4076 458 4076 214 4076 173 4077 426 4077 214 4077 155 4078 426 4078 173 4078 506 4079 324 4079 276 4079 265 4080 506 4080 276 4080 458 4081 506 4081 265 4081 225 4082 458 4082 265 4082 214 4083 458 4083 225 4083 382 4084 336 4084 604 4084 673 4085 382 4085 604 4085 405 4086 382 4086 673 4086 540 4087 405 4087 673 4087 1022 4088 925 4088 1152 4088 1295 4089 1022 4089 1152 4089 1295 4090 1432 4090 1217 4090 1121 4091 1295 4091 1217 4091 1022 4092 1295 4092 1121 4092 1575 4093 1555 4093 1433 4093 1396 4094 1575 4094 1433 4094 1432 4095 1575 4095 1396 4095 1277 4096 1432 4096 1396 4096 1217 4097 1432 4097 1277 4097 1738 4098 1606 4098 1690 4098 1832 4099 1738 4099 1690 4099 1752 4100 1738 4100 1832 4100 1889 4101 1752 4101 1832 4101 2257 4102 2183 4102 2230 4102 2357 4103 2257 4103 2230 4103 2357 4104 2504 4104 2434 4104 2328 4105 2357 4105 2434 4105 2257 4106 2357 4106 2328 4106 2651 4107 2765 4107 2641 4107 2598 4108 2651 4108 2641 4108 2504 4109 2651 4109 2598 4109 2487 4110 2504 4110 2598 4110 2434 4111 2504 4111 2487 4111 2931 4112 2795 4112 2794 4112 2918 4113 2931 4113 2794 4113 2945 4114 2931 4114 2918 4114 3085 4115 2945 4115 2918 4115 3461 4116 3386 4116 3343 4116 3496 4117 3461 4117 3343 4117 3496 4118 3628 4118 3633 4118 3548 4119 3496 4119 3633 4119 3461 4120 3496 4120 3548 4120 3756 4121 4015 4121 3883 4121 3810 4122 3756 4122 3883 4122 3628 4123 3756 4123 3810 4123 3721 4124 3628 4124 3810 4124 3633 4125 3628 4125 3721 4125 4190 4126 4037 4126 3903 4126 4057 4127 4190 4127 3903 4127 4205 4128 4190 4128 4057 4128 4370 4129 4205 4129 4057 4129 4837 4130 4757 4130 4481 4130 4654 4131 4837 4131 4481 4131 4654 4132 4807 4132 5076 4132 5027 4133 4654 4133 5076 4133 4837 4134 4654 4134 5027 4134 5022 4135 5347 4135 5284 4135 5224 4136 5022 4136 5284 4136 4807 4137 5022 4137 5224 4137 5140 4138 4807 4138 5224 4138 5076 4139 4807 4139 5140 4139 5428 4140 5365 4140 5107 4140 5154 4141 5428 4141 5107 4141 5442 4142 5428 4142 5154 4142 5491 4143 5442 4143 5154 4143 5591 4144 5604 4144 5287 4144 5275 4145 5591 4145 5287 4145 5275 4146 5245 4146 5529 4146 5581 4147 5275 4147 5529 4147 5591 4148 5275 4148 5581 4148 5172 4149 5400 4149 5464 4149 5476 4150 5172 4150 5464 4150 5245 4151 5172 4151 5476 4151 5521 4152 5245 4152 5476 4152 5529 4153 5245 4153 5521 4153 5332 4154 5383 4154 5124 4154 5049 4155 5332 4155 5124 4155 5312 4156 5332 4156 5049 4156 5202 4157 5312 4157 5049 4157 4781 4158 4889 4158 4577 4158 4433 4159 4781 4159 4577 4159 4433 4160 4279 4160 4547 4160 4661 4161 4433 4161 4547 4161 4781 4162 4433 4162 4661 4162 4138 4163 4157 4163 4291 4163 4336 4164 4138 4164 4291 4164 4279 4165 4138 4165 4336 4165 4460 4166 4279 4166 4336 4166 4547 4167 4279 4167 4460 4167 3967 4168 4112 4168 3986 4168 3844 4169 3967 4169 3986 4169 3936 4170 3967 4170 3844 4170 3782 4171 3936 4171 3844 4171 3432 4172 3488 4172 3422 4172 3284 4173 3432 4173 3422 4173 3152 4174 3062 4174 3171 4174 3248 4175 3152 4175 3171 4175 3284 4176 3152 4176 3248 4176 3329 4177 3284 4177 3248 4177 3432 4178 3284 4178 3329 4178 2892 4179 3021 4179 3011 4179 2864 4180 2892 4180 3011 4180 2870 4181 2892 4181 2864 4181 2736 4182 2870 4182 2864 4182 2568 4183 2710 4183 2716 4183 2584 4184 2568 4184 2716 4184 2556 4185 2568 4185 2584 4185 2210 4186 2280 4186 2312 4186 2164 4187 2210 4187 2312 4187 2026 4188 1879 4188 1970 4188 2050 4189 2026 4189 1970 4189 2164 4190 2026 4190 2050 4190 2123 4191 2164 4191 2050 4191 2210 4192 2164 4192 2123 4192 1702 4193 1809 4193 1897 4193 1774 4194 1702 4194 1897 4194 1651 4195 1702 4195 1774 4195 1524 4196 1651 4196 1774 4196 1361 4197 1502 4197 1636 4197 1493 4198 1361 4198 1636 4198 1349 4199 1361 4199 1493 4199 968 4200 1043 4200 1244 4200 1097 4201 968 4201 1244 4201 946 4202 529 4202 622 4202 687 4203 946 4203 622 4203 1097 4204 946 4204 687 4204 827 4205 1097 4205 687 4205 968 4206 1097 4206 827 4206 367 4207 467 4207 797 4207 643 4208 367 4208 797 4208 354 4209 367 4209 643 4209 307 4210 354 4210 643 4210 244 4211 299 4211 567 4211 481 4212 244 4212 567 4212 240 4213 244 4213 481 4213 135 4214 148 4214 412 4214 389 4215 135 4215 412 4215 389 4216 424 4216 157 4216 116 4217 389 4217 157 4217 135 4218 389 4218 116 4218 424 4219 454 4219 212 4219 171 4220 424 4220 212 4220 157 4221 424 4221 171 4221 503 4222 322 4222 274 4222 263 4223 503 4223 274 4223 454 4224 503 4224 263 4224 223 4225 454 4225 263 4225 212 4226 454 4226 223 4226 601 4227 378 4227 334 4227 388 4228 378 4228 601 4228 670 4229 388 4229 601 4229 536 4230 388 4230 670 4230 1024 4231 917 4231 1149 4231 1290 4232 1024 4232 1149 4232 1290 4233 1424 4233 1215 4233 1108 4234 1290 4234 1215 4234 1024 4235 1290 4235 1108 4235 1562 4236 1553 4236 1429 4236 1394 4237 1562 4237 1429 4237 1424 4238 1562 4238 1394 4238 1273 4239 1424 4239 1394 4239 1215 4240 1424 4240 1273 4240 1735 4241 1593 4241 1687 4241 1829 4242 1735 4242 1687 4242 1748 4243 1735 4243 1829 4243 1886 4244 1748 4244 1829 4244 2259 4245 2178 4245 2228 4245 2356 4246 2259 4246 2228 4246 2356 4247 2502 4247 2435 4247 2326 4248 2356 4248 2435 4248 2259 4249 2356 4249 2326 4249 2648 4250 2764 4250 2638 4250 2597 4251 2648 4251 2638 4251 2502 4252 2648 4252 2597 4252 2486 4253 2502 4253 2597 4253 2435 4254 2502 4254 2486 4254 2932 4255 2784 4255 2785 4255 2917 4256 2932 4256 2785 4256 2942 4257 2932 4257 2917 4257 3082 4258 2942 4258 2917 4258 3460 4259 3385 4259 3339 4259 3494 4260 3460 4260 3339 4260 3494 4261 3624 4261 3635 4261 3543 4262 3494 4262 3635 4262 3460 4263 3494 4263 3543 4263 3754 4264 4016 4264 3880 4264 3811 4265 3754 4265 3880 4265 3624 4266 3754 4266 3811 4266 3718 4267 3624 4267 3811 4267 3635 4268 3624 4268 3718 4268 4191 4269 4034 4269 3902 4269 4055 4270 4191 4270 3902 4270 4202 4271 4191 4271 4055 4271 4356 4272 4202 4272 4055 4272 4836 4273 4750 4273 4480 4273 4651 4274 4836 4274 4480 4274 4651 4275 4803 4275 5078 4275 5024 4276 4651 4276 5078 4276 4836 4277 4651 4277 5024 4277 5019 4278 5348 4278 5279 4278 5225 4279 5019 4279 5279 4279 4803 4280 5019 4280 5225 4280 5139 4281 4803 4281 5225 4281 5078 4282 4803 4282 5139 4282 5429 4283 5363 4283 5104 4283 5152 4284 5429 4284 5104 4284 5438 4285 5429 4285 5152 4285 5490 4286 5438 4286 5152 4286 5590 4287 5603 4287 5285 4287 5276 4288 5590 4288 5285 4288 5276 4289 5246 4289 5530 4289 5582 4290 5276 4290 5530 4290 5590 4291 5276 4291 5582 4291 5174 4292 5401 4292 5466 4292 5477 4293 5174 4293 5466 4293 5246 4294 5174 4294 5477 4294 5522 4295 5246 4295 5477 4295 5530 4296 5246 4296 5522 4296 5333 4297 5385 4297 5126 4297 5051 4298 5333 4298 5126 4298 5318 4299 5333 4299 5051 4299 5205 4300 5318 4300 5051 4300 4780 4301 4895 4301 4578 4301 4436 4302 4780 4302 4578 4302 4436 4303 4285 4303 4545 4303 4666 4304 4436 4304 4545 4304 4780 4305 4436 4305 4666 4305 4142 4306 4159 4306 4297 4306 4338 4307 4142 4307 4297 4307 4285 4308 4142 4308 4338 4308 4464 4309 4285 4309 4338 4309 4545 4310 4285 4310 4464 4310 3968 4311 4116 4311 4003 4311 3857 4312 3968 4312 4003 4312 3938 4313 3968 4313 3857 4313 3794 4314 3938 4314 3857 4314 3431 4315 3493 4315 3424 4315 3302 4316 3431 4316 3424 4316 3302 4317 3155 4317 3247 4317 3332 4318 3302 4318 3247 4318 3431 4319 3302 4319 3332 4319 3015 4320 2893 4320 3025 4320 3065 4321 3015 4321 3025 4321 3155 4322 3015 4322 3065 4322 3174 4323 3155 4323 3065 4323 3247 4324 3155 4324 3174 4324 2734 4325 2872 4325 2867 4325 2722 4326 2734 4326 2867 4326 2714 4327 2734 4327 2722 4327 2571 4328 2714 4328 2722 4328 2211 4329 2282 4329 2315 4329 2171 4330 2211 4330 2315 4330 2171 4331 2030 4331 2051 4331 2126 4332 2171 4332 2051 4332 2211 4333 2171 4333 2126 4333 1899 4334 1701 4334 1810 4334 1878 4335 1899 4335 1810 4335 2030 4336 1899 4336 1878 4336 1973 4337 2030 4337 1878 4337 2051 4338 2030 4338 1973 4338 1523 4339 1653 4339 1776 4339 1638 4340 1523 4340 1776 4340 1505 4341 1523 4341 1638 4341 1367 4342 1505 4342 1638 4342 969 4343 1046 4343 1247 4343 1103 4344 969 4344 1247 4344 950 4345 527 4345 626 4345 688 4346 950 4346 626 4346 1103 4347 950 4347 688 4347 841 4348 1103 4348 688 4348 969 4349 1103 4349 841 4349 365 4350 469 4350 798 4350 644 4351 365 4351 798 4351 355 4352 365 4352 644 4352 305 4353 355 4353 644 4353 249 4354 300 4354 577 4354 482 4355 249 4355 577 4355 243 4356 249 4356 482 4356 139 4357 151 4357 413 4357 387 4358 139 4358 413 4358 423 4359 210 4359 170 4359 158 4360 423 4360 170 4360 387 4361 423 4361 158 4361 115 4362 387 4362 158 4362 139 4363 387 4363 115 4363 262 4364 221 4364 452 4364 501 4365 262 4365 452 4365 273 4366 262 4366 501 4366 321 4367 273 4367 501 4367 376 4368 333 4368 598 4368 669 4369 376 4369 598 4369 380 4370 376 4370 669 4370 742 4371 658 4371 1037 4371 1146 4372 742 4372 1037 4372 1288 4373 1213 4373 1102 4373 1025 4374 1288 4374 1102 4374 1146 4375 1288 4375 1025 4375 912 4376 1146 4376 1025 4376 742 4377 1146 4377 912 4377 1393 4378 1270 4378 1421 4378 1547 4379 1393 4379 1421 4379 1422 4380 1393 4380 1547 4380 1552 4381 1422 4381 1547 4381 1732 4382 1588 4382 1673 4382 1818 4383 1732 4383 1673 4383 1734 4384 1732 4384 1818 4384 2078 4385 2020 4385 2092 4385 2225 4386 2078 4386 2092 4386 2353 4387 2437 4387 2324 4387 2260 4388 2353 4388 2324 4388 2225 4389 2353 4389 2260 4389 2175 4390 2225 4390 2260 4390 2078 4391 2225 4391 2175 4391 2595 4392 2484 4392 2498 4392 2645 4393 2595 4393 2498 4393 2635 4394 2595 4394 2645 4394 2762 4395 2635 4395 2645 4395 2779 4396 2934 4396 2778 4396 2938 4397 2934 4397 2779 4397 2912 4398 2938 4398 2779 4398 3077 4399 2938 4399 2912 4399 3458 4400 3370 4400 3337 4400 3489 4401 3458 4401 3337 4401 3489 4402 3619 4402 3638 4402 3538 4403 3489 4403 3638 4403 3458 4404 3489 4404 3538 4404 3752 4405 4018 4405 3874 4405 3813 4406 3752 4406 3874 4406 3619 4407 3752 4407 3813 4407 3712 4408 3619 4408 3813 4408 3638 4409 3619 4409 3712 4409 4193 4410 4032 4410 3898 4410 4051 4411 4193 4411 3898 4411 4197 4412 4193 4412 4051 4412 4353 4413 4197 4413 4051 4413 4834 4414 4737 4414 4476 4414 4646 4415 4834 4415 4476 4415 4646 4416 4798 4416 5080 4416 5020 4417 4646 4417 5080 4417 4834 4418 4646 4418 5020 4418 5017 4419 5349 4419 5268 4419 5226 4420 5017 4420 5268 4420 4798 4421 5017 4421 5226 4421 5132 4422 4798 4422 5226 4422 5080 4423 4798 4423 5132 4423 5430 4424 5362 4424 5102 4424 5150 4425 5430 4425 5102 4425 5437 4426 5430 4426 5150 4426 5489 4427 5437 4427 5150 4427 5589 4428 5602 4428 5283 4428 5277 4429 5589 4429 5283 4429 5277 4430 5247 4430 5532 4430 5583 4431 5277 4431 5532 4431 5589 4432 5277 4432 5583 4432 5175 4433 5402 4433 5467 4433 5478 4434 5175 4434 5467 4434 5247 4435 5175 4435 5478 4435 5523 4436 5247 4436 5478 4436 5532 4437 5247 4437 5523 4437 5334 4438 5386 4438 5128 4438 5065 4439 5334 4439 5128 4439 5319 4440 5334 4440 5065 4440 5208 4441 5319 4441 5065 4441 4779 4442 4900 4442 4580 4442 4438 4443 4779 4443 4580 4443 4672 4444 4779 4444 4438 4444 4546 4445 4672 4445 4438 4445 4288 4446 4546 4446 4438 4446 4466 4447 4546 4447 4288 4447 4339 4448 4466 4448 4288 4448 4143 4449 4339 4449 4288 4449 4300 4450 4339 4450 4143 4450 4160 4451 4300 4451 4143 4451 4006 4452 4160 4452 4143 4452 4134 4453 4160 4453 4006 4453 4006 4454 3842 4454 3860 4454 3969 4455 4006 4455 3860 4455 4134 4456 4006 4456 3969 4456 3720 4457 3572 4457 3770 4457 3796 4458 3720 4458 3770 4458 3860 4459 3720 4459 3796 4459 3942 4460 3860 4460 3796 4460 3969 4461 3860 4461 3942 4461 3443 4462 3430 4462 3497 4462 3593 4463 3443 4463 3497 4463 3572 4464 3443 4464 3593 4464 3654 4465 3572 4465 3593 4465 3770 4466 3572 4466 3654 4466 3305 4467 3333 4467 3430 4467 3443 4468 3305 4468 3430 4468 3330 4469 3305 4469 3443 4469 3358 4470 3330 4470 3443 4470 3245 4471 3333 4471 3305 4471 3157 4472 3245 4472 3305 4472 3177 4473 3245 4473 3157 4473 3066 4474 3177 4474 3157 4474 3017 4475 3066 4475 3157 4475 3028 4476 3066 4476 3017 4476 2894 4477 3028 4477 3017 4477 2871 4478 2894 4478 3017 4478 2874 4479 2894 4479 2871 4479 2733 4480 2874 4480 2871 4480 2726 4481 2733 4481 2871 4481 2720 4482 2733 4482 2726 4482 2576 4483 2720 4483 2726 4483 2605 4484 2576 4484 2726 4484 2559 4485 2576 4485 2605 4485 2466 4486 2559 4486 2605 4486 2444 4487 2559 4487 2466 4487 2466 4488 2420 4488 2316 4488 2383 4489 2466 4489 2316 4489 2444 4490 2466 4490 2383 4490 2176 4491 2049 4491 2127 4491 2213 4492 2176 4492 2127 4492 2316 4493 2176 4493 2213 4493 2284 4494 2316 4494 2213 4494 2383 4495 2316 4495 2284 4495 2035 4496 1981 4496 2049 4496 2176 4497 2035 4497 2049 4497 2147 4498 2035 4498 2176 4498 2204 4499 2147 4499 2176 4499 1877 4500 1981 4500 2035 4500 1918 4501 1877 4501 2035 4501 1815 4502 1877 4502 1918 4502 1700 4503 1815 4503 1918 4503 1779 4504 1700 4504 1918 4504 1656 4505 1700 4505 1779 4505 1522 4506 1656 4506 1779 4506 1643 4507 1522 4507 1779 4507 1510 4508 1522 4508 1643 4508 1373 4509 1510 4509 1643 4509 1500 4510 1373 4510 1643 4510 1353 4511 1373 4511 1500 4511 1381 4512 1353 4512 1500 4512 1221 4513 1353 4513 1381 4513 1381 4514 1428 4514 1251 4514 1165 4515 1381 4515 1251 4515 1221 4516 1381 4516 1165 4516 1107 4517 689 4517 844 4517 970 4518 1107 4518 844 4518 1251 4519 1107 4519 970 4519 1049 4520 1251 4520 970 4520 1165 4521 1251 4521 1049 4521 951 4522 630 4522 689 4522 1107 4523 951 4523 689 4523 1136 4524 951 4524 1107 4524 1148 4525 1136 4525 1107 4525 526 4526 630 4526 951 4526 802 4527 526 4527 951 4527 475 4528 526 4528 802 4528 364 4529 475 4529 802 4529 645 4530 364 4530 802 4530 356 4531 364 4531 645 4531 304 4532 356 4532 645 4532 578 4533 304 4533 645 4533 301 4534 304 4534 578 4534 254 4535 301 4535 578 4535 484 4536 254 4536 578 4536 246 4537 254 4537 484 4537 445 4538 246 4538 484 4538 205 4539 246 4539 445 4539 445 4540 539 4540 416 4540 191 4541 445 4541 416 4541 205 4542 445 4542 191 4542 384 4543 160 4543 113 4543 140 4544 384 4544 113 4544 416 4545 384 4545 140 4545 159 4546 416 4546 140 4546 191 4547 416 4547 159 4547 421 4548 168 4548 160 4548 384 4549 421 4549 160 4549 490 4550 421 4550 384 4550 488 4551 490 4551 384 4551 209 4552 168 4552 421 4552 450 4553 209 4553 421 4553 219 4554 209 4554 450 4554 260 4555 219 4555 450 4555 499 4556 260 4556 450 4556 272 4557 260 4557 499 4557 319 4558 272 4558 499 4558 596 4559 319 4559 499 4559 332 4560 319 4560 596 4560 375 4561 332 4561 596 4561 666 4562 375 4562 596 4562 383 4563 375 4563 666 4563 861 4564 383 4564 666 4564 514 4565 383 4565 861 4565 861 4566 935 4566 1033 4566 573 4567 861 4567 1033 4567 514 4568 861 4568 573 4568 1141 4569 1026 4569 908 4569 743 4570 1141 4570 908 4570 1033 4571 1141 4571 743 4571 656 4572 1033 4572 743 4572 573 4573 1033 4573 656 4573 1284 4574 1095 4574 1026 4574 1141 4575 1284 4575 1026 4575 1245 4576 1284 4576 1141 4576 1222 4577 1245 4577 1141 4577 1211 4578 1095 4578 1284 4578 1418 4579 1211 4579 1284 4579 1266 4580 1211 4580 1418 4580 1392 4581 1266 4581 1418 4581 1546 4582 1392 4582 1418 4582 1419 4583 1392 4583 1546 4583 1550 4584 1419 4584 1546 4584 1668 4585 1550 4585 1546 4585 1586 4586 1550 4586 1668 4586 1731 4587 1586 4587 1668 4587 1730 4588 1586 4588 1731 4588 1784 4589 1730 4589 1731 4589 1814 4590 1730 4590 1784 4590 5112 4591 4702 4591 4743 4591 5160 4592 5112 4592 4743 4592 5420 4593 5112 4593 5160 4593 5446 4594 5420 4594 5160 4594 4849 4595 4893 4595 5218 4595 5160 4596 4849 4596 5218 4596 4806 4597 4849 4597 5160 4597 4743 4598 4806 4598 5160 4598 5218 4599 4893 4599 4933 4599 5261 4600 5218 4600 4933 4600 5552 4601 5218 4601 5261 4601 5564 4602 5552 4602 5261 4602 5261 4603 4963 4603 4991 4603 5292 4604 5261 4604 4991 4604 5564 4605 5261 4605 5292 4605 5609 4606 5564 4606 5292 4606 5292 4607 5011 4607 4977 4607 5270 4608 5292 4608 4977 4608 5596 4609 5292 4609 5270 4609 5576 4610 5596 4610 5270 4610 5270 4611 4977 4611 4970 4611 4920 4612 5270 4612 4970 4612 5240 4613 5270 4613 4920 4613 4912 4614 5240 4614 4920 4614 5167 4615 5240 4615 4912 4615 4824 4616 4751 4616 5120 4616 5167 4617 4824 4617 5120 4617 4830 4618 4824 4618 5167 4618 4912 4619 4830 4619 5167 4619 5120 4620 4751 4620 4718 4620 5044 4621 5120 4621 4718 4621 5327 4622 5120 4622 5044 4622 5307 4623 5327 4623 5044 4623 4617 4624 4540 4624 4896 4624 5044 4625 4617 4625 4896 4625 4663 4626 4617 4626 5044 4626 4718 4627 4663 4627 5044 4627 4896 4628 4540 4628 4483 4628 4698 4629 4896 4629 4483 4629 5073 4630 4896 4630 4698 4630 5064 4631 5073 4631 4698 4631 4698 4632 4447 4632 4361 4632 4562 4633 4698 4633 4361 4633 5064 4634 4698 4634 4562 4634 4873 4635 5064 4635 4562 4635 4562 4636 4314 4636 4237 4636 4425 4637 4562 4637 4237 4637 4786 4638 4562 4638 4425 4638 4645 4639 4786 4639 4425 4639 4425 4640 4237 4640 4220 4640 4094 4641 4425 4641 4220 4641 4265 4642 4425 4642 4094 4642 4080 4643 4265 4643 4094 4643 4114 4644 4265 4644 4080 4644 3954 4645 3861 4645 3976 4645 4114 4646 3954 4646 3976 4646 3978 4647 3954 4647 4114 4647 4080 4648 3978 4648 4114 4648 3976 4649 3861 4649 3828 4649 3834 4650 3976 4650 3828 4650 3963 4651 3976 4651 3834 4651 3927 4652 3963 4652 3834 4652 3682 4653 3588 4653 3691 4653 3834 4654 3682 4654 3691 4654 3732 4655 3682 4655 3834 4655 3828 4656 3732 4656 3834 4656 3691 4657 3588 4657 3520 4657 3542 4658 3691 4658 3520 4658 3620 4659 3691 4659 3542 4659 3600 4660 3620 4660 3542 4660 3542 4661 3486 4661 3375 4661 3396 4662 3542 4662 3375 4662 3600 4663 3542 4663 3396 4663 3475 4664 3600 4664 3396 4664 3396 4665 3346 4665 3235 4665 3267 4666 3396 4666 3235 4666 3437 4667 3396 4667 3267 4667 3322 4668 3437 4668 3267 4668 3267 4669 3235 4669 3213 4669 3098 4670 3267 4670 3213 4670 3143 4671 3267 4671 3098 4671 3087 4672 3143 4672 3098 4672 3003 4673 3143 4673 3087 4673 2966 4674 2847 4674 2851 4674 3003 4675 2966 4675 2851 4675 2974 4676 2966 4676 3003 4676 3087 4677 2974 4677 3003 4677 2851 4678 2847 4678 2825 4678 2706 4679 2851 4679 2825 4679 2740 4680 2851 4680 2706 4680 2701 4681 2740 4681 2706 4681 2677 4682 2606 4682 2575 4682 2706 4683 2677 4683 2575 4683 2712 4684 2677 4684 2706 4684 2825 4685 2712 4685 2706 4685 2575 4686 2606 4686 2518 4686 2450 4687 2575 4687 2518 4687 2401 4688 2575 4688 2450 4688 2376 4689 2401 4689 2450 4689 2450 4690 2469 4690 2368 4690 2304 4691 2450 4691 2368 4691 2376 4692 2450 4692 2304 4692 2263 4693 2376 4693 2304 4693 2304 4694 2331 4694 2238 4694 2154 4695 2304 4695 2238 4695 2206 4696 2304 4696 2154 4696 2111 4697 2206 4697 2154 4697 2154 4698 2238 4698 2214 4698 2105 4699 2154 4699 2214 4699 2016 4700 2154 4700 2105 4700 2093 4701 2016 4701 2105 4701 1890 4702 2016 4702 2093 4702 1961 4703 1855 4703 1767 4703 1890 4704 1961 4704 1767 4704 1977 4705 1961 4705 1890 4705 2093 4706 1977 4706 1890 4706 1767 4707 1855 4707 1822 4707 1624 4708 1767 4708 1822 4708 1532 4709 1767 4709 1624 4709 1492 4710 1532 4710 1624 4710 1681 4711 1627 4711 1486 4711 1624 4712 1681 4712 1486 4712 1751 4713 1681 4713 1624 4713 1822 4714 1751 4714 1624 4714 1486 4715 1627 4715 1574 4715 1362 4716 1486 4716 1574 4716 1179 4717 1486 4717 1362 4717 1157 4718 1179 4718 1362 4718 1362 4719 1503 4719 1444 4719 1238 4720 1362 4720 1444 4720 1157 4721 1362 4721 1238 4721 1030 4722 1157 4722 1238 4722 1238 4723 1407 4723 1314 4723 1077 4724 1238 4724 1314 4724 962 4725 1238 4725 1077 4725 801 4726 962 4726 1077 4726 1077 4727 1314 4727 1291 4727 1198 4728 1077 4728 1291 4728 934 4729 1077 4729 1198 4729 1185 4730 934 4730 1198 4730 780 4731 934 4731 1185 4731 1080 4732 999 4732 634 4732 780 4733 1080 4733 634 4733 1094 4734 1080 4734 780 4734 1185 4735 1094 4735 780 4735 634 4736 999 4736 984 4736 554 4737 634 4737 984 4737 311 4738 634 4738 554 4738 294 4739 311 4739 554 4739 887 4740 849 4740 477 4740 554 4741 887 4741 477 4741 915 4742 887 4742 554 4742 984 4743 915 4743 554 4743 477 4744 849 4744 818 4744 437 4745 477 4745 818 4745 196 4746 477 4746 437 4746 184 4747 196 4747 437 4747 437 4748 786 4748 751 4748 408 4749 437 4749 751 4749 184 4750 437 4750 408 4750 142 4751 184 4751 408 4751 408 4752 722 4752 713 4752 394 4753 408 4753 713 4753 130 4754 408 4754 394 4754 120 4755 130 4755 394 4755 394 4756 713 4756 704 4756 765 4757 394 4757 704 4757 428 4758 394 4758 765 4758 768 4759 428 4759 765 4759 460 4760 428 4760 768 4760 829 4761 881 4761 510 4761 460 4762 829 4762 510 4762 825 4763 829 4763 460 4763 768 4764 825 4764 460 4764 510 4765 881 4765 899 4765 613 4766 510 4766 899 4766 326 4767 510 4767 613 4767 339 4768 326 4768 613 4768 1007 4769 1063 4769 691 4769 613 4770 1007 4770 691 4770 976 4771 1007 4771 613 4771 899 4772 976 4772 613 4772 691 4773 1063 4773 1119 4773 875 4774 691 4774 1119 4774 552 4775 691 4775 875 4775 565 4776 552 4776 875 4776 875 4777 1145 4777 1235 4777 1047 4778 875 4778 1235 4778 565 4779 875 4779 1047 4779 671 4780 565 4780 1047 4780 1047 4781 1261 4781 1330 4781 1169 4782 1047 4782 1330 4782 735 4783 1047 4783 1169 4783 931 4784 735 4784 1169 4784 1169 4785 1330 4785 1366 4785 1463 4786 1169 4786 1366 4786 1304 4787 1169 4787 1463 4787 1474 4788 1304 4788 1463 4788 1448 4789 1304 4789 1474 4789 1596 4790 1688 4790 1583 4790 1448 4791 1596 4791 1583 4791 1591 4792 1596 4792 1448 4792 1474 4793 1591 4793 1448 4793 1583 4794 1688 4794 1718 4794 1711 4795 1583 4795 1718 4795 1558 4796 1583 4796 1711 4796 1612 4797 1558 4797 1711 4797 1846 4798 1932 4798 1837 4798 1711 4799 1846 4799 1837 4799 1808 4800 1846 4800 1711 4800 1718 4801 1808 4801 1711 4801 1837 4802 1932 4802 2001 4802 1982 4803 1837 4803 2001 4803 1896 4804 1837 4804 1982 4804 1905 4805 1896 4805 1982 4805 1982 4806 2053 4806 2135 4806 2118 4807 1982 4807 2135 4807 1905 4808 1982 4808 2118 4808 2036 4809 1905 4809 2118 4809 2118 4810 2162 4810 2275 4810 2244 4811 2118 4811 2275 4811 2073 4812 2118 4812 2244 4812 2189 4813 2073 4813 2244 4813 2440 4814 2533 4814 2509 4814 2361 4815 2440 4815 2509 4815 2408 4816 2440 4816 2361 4816 2244 4817 2408 4817 2361 4817 2301 4818 2408 4818 2244 4818 2275 4819 2301 4819 2244 4819 2509 4820 2533 4820 2536 4820 2660 4821 2509 4821 2536 4821 2602 4822 2509 4822 2660 4822 2649 4823 2602 4823 2660 4823 2688 4824 2804 4824 2806 4824 2660 4825 2688 4825 2806 4825 2679 4826 2688 4826 2660 4826 2536 4827 2679 4827 2660 4827 2806 4828 2804 4828 2837 4828 2940 4829 2806 4829 2837 4829 2928 4830 2806 4830 2940 4830 2953 4831 2928 4831 2940 4831 2990 4832 3040 4832 3058 4832 2940 4833 2990 4833 3058 4833 2915 4834 2990 4834 2940 4834 2837 4835 2915 4835 2940 4835 3058 4836 3040 4836 3135 4836 3208 4837 3058 4837 3135 4837 3118 4838 3058 4838 3208 4838 3260 4839 3118 4839 3208 4839 3208 4840 3176 4840 3272 4840 3348 4841 3208 4841 3272 4841 3293 4842 3208 4842 3348 4842 3395 4843 3293 4843 3348 4843 3446 4844 3550 4844 3650 4844 3506 4845 3446 4845 3650 4845 3410 4846 3446 4846 3506 4846 3348 4847 3410 4847 3506 4847 3319 4848 3410 4848 3348 4848 3272 4849 3319 4849 3348 4849 3650 4850 3550 4850 3563 4850 3760 4851 3650 4851 3563 4851 3808 4852 3650 4852 3760 4852 3888 4853 3808 4853 3760 4853 3708 4854 3802 4854 3911 4854 3760 4855 3708 4855 3911 4855 3688 4856 3708 4856 3760 4856 3563 4857 3688 4857 3760 4857 3911 4858 3802 4858 3851 4858 4062 4859 3911 4859 3851 4859 4188 4860 3911 4860 4062 4860 4214 4861 4188 4861 4062 4861 3991 4862 4054 4862 4212 4862 4062 4863 3991 4863 4212 4863 3918 4864 3991 4864 4062 4864 3851 4865 3918 4865 4062 4865 4212 4866 4054 4866 4125 4866 4347 4867 4212 4867 4125 4867 4392 4868 4212 4868 4347 4868 4564 4869 4392 4869 4347 4869 4347 4870 4174 4870 4258 4870 4497 4871 4347 4871 4258 4871 4596 4872 4347 4872 4497 4872 4766 4873 4596 4873 4497 4873 4423 4874 4513 4874 4812 4874 4662 4875 4423 4875 4812 4875 4405 4876 4423 4876 4662 4876 4497 4877 4405 4877 4662 4877 4298 4878 4405 4878 4497 4878 4258 4879 4298 4879 4497 4879 4812 4880 4513 4880 4521 4880 5026 4881 4812 4881 4521 4881 5221 4882 4812 4882 5026 4882 5298 4883 5221 4883 5026 4883 4641 4884 4700 4884 5110 4884 5026 4885 4641 4885 5110 4885 4626 4886 4641 4886 5026 4886 4521 4887 4626 4887 5026 4887 5110 4888 4700 4888 4742 4888 5157 4889 5110 4889 4742 4889 5422 4890 5110 4890 5157 4890 5444 4891 5422 4891 5157 4891 4847 4892 4890 4892 5215 4892 5157 4893 4847 4893 5215 4893 4802 4894 4847 4894 5157 4894 4742 4895 4802 4895 5157 4895 5215 4896 4890 4896 4936 4896 5259 4897 5215 4897 4936 4897 5505 4898 5215 4898 5259 4898 5550 4899 5505 4899 5259 4899 5259 4900 4961 4900 4994 4900 5290 4901 5259 4901 4994 4901 5561 4902 5259 4902 5290 4902 5607 4903 5561 4903 5290 4903 5290 4904 4994 4904 5009 4904 4979 4905 5290 4905 5009 4905 5272 4906 5290 4906 4979 4906 4974 4907 5272 4907 4979 4907 5242 4908 5272 4908 4974 4908 4923 4909 5242 4909 4974 4909 5169 4910 5242 4910 4923 4910 4922 4911 5169 4911 4923 4911 4822 4912 4754 4912 5122 4912 5169 4913 4822 4913 5122 4913 4832 4914 4822 4914 5169 4914 4922 4915 4832 4915 5169 4915 5122 4916 4754 4916 4711 4916 5047 4917 5122 4917 4711 4917 5330 4918 5122 4918 5047 4918 5309 4919 5330 4919 5047 4919 4615 4920 4554 4920 4899 4920 5047 4921 4615 4921 4899 4921 4665 4922 4615 4922 5047 4922 4711 4923 4665 4923 5047 4923 4899 4924 4554 4924 4485 4924 4701 4925 4899 4925 4485 4925 5192 4926 4899 4926 4701 4926 5075 4927 5192 4927 4701 4927 4701 4928 4450 4928 4364 4928 4568 4929 4701 4929 4364 4929 5061 4930 4701 4930 4568 4930 4876 4931 5061 4931 4568 4931 4568 4932 4319 4932 4239 4932 4428 4933 4568 4933 4239 4933 4783 4934 4568 4934 4428 4934 4652 4935 4783 4935 4428 4935 4428 4936 4239 4936 4222 4936 4097 4937 4428 4937 4222 4937 4272 4938 4428 4938 4097 4938 4084 4939 4272 4939 4097 4939 4119 4940 4272 4940 4084 4940 3952 4941 3864 4941 3980 4941 4119 4942 3952 4942 3980 4942 3982 4943 3952 4943 4119 4943 4084 4944 3982 4944 4119 4944 3980 4945 3864 4945 3826 4945 3840 4946 3980 4946 3826 4946 3965 4947 3980 4947 3840 4947 3930 4948 3965 4948 3840 4948 3680 4949 3605 4949 3694 4949 3840 4950 3680 4950 3694 4950 3735 4951 3680 4951 3840 4951 3826 4952 3735 4952 3840 4952 3694 4953 3605 4953 3521 4953 3546 4954 3694 4954 3521 4954 3626 4955 3694 4955 3546 4955 3598 4956 3626 4956 3546 4956 3546 4957 3491 4957 3376 4957 3400 4958 3546 4958 3376 4958 3598 4959 3546 4959 3400 4959 3481 4960 3598 4960 3400 4960 3400 4961 3350 4961 3236 4961 3278 4962 3400 4962 3236 4962 3435 4963 3400 4963 3278 4963 3323 4964 3435 4964 3278 4964 3278 4965 3236 4965 3214 4965 3101 4966 3278 4966 3214 4966 3147 4967 3278 4967 3101 4967 3090 4968 3147 4968 3101 4968 3007 4969 3147 4969 3090 4969 2965 4970 2849 4970 2854 4970 3007 4971 2965 4971 2854 4971 2976 4972 2965 4972 3007 4972 3090 4973 2976 4973 3007 4973 2854 4974 2849 4974 2823 4974 2708 4975 2854 4975 2823 4975 2739 4976 2854 4976 2708 4976 2703 4977 2739 4977 2708 4977 2678 4978 2608 4978 2577 4978 2708 4979 2678 4979 2577 4979 2715 4980 2678 4980 2708 4980 2823 4981 2715 4981 2708 4981 2577 4982 2608 4982 2517 4982 2453 4983 2577 4983 2517 4983 2413 4984 2577 4984 2453 4984 2377 4985 2413 4985 2453 4985 2453 4986 2471 4986 2367 4986 2306 4987 2453 4987 2367 4987 2377 4988 2453 4988 2306 4988 2264 4989 2377 4989 2306 4989 2306 4990 2334 4990 2237 4990 2156 4991 2306 4991 2237 4991 2207 4992 2306 4992 2156 4992 2116 4993 2207 4993 2156 4993 2156 4994 2237 4994 2216 4994 2104 4995 2156 4995 2216 4995 2019 4996 2156 4996 2104 4996 2097 4997 2019 4997 2104 4997 1891 4998 2019 4998 2097 4998 1962 4999 1857 4999 1769 4999 1891 5000 1962 5000 1769 5000 1984 5001 1962 5001 1891 5001 2097 5002 1984 5002 1891 5002 1769 5003 1857 5003 1823 5003 1628 5004 1769 5004 1823 5004 1528 5005 1769 5005 1628 5005 1495 5006 1528 5006 1628 5006 1682 5007 1630 5007 1487 5007 1628 5008 1682 5008 1487 5008 1753 5009 1682 5009 1628 5009 1823 5010 1753 5010 1628 5010 1487 5011 1630 5011 1573 5011 1365 5012 1487 5012 1573 5012 1181 5013 1487 5013 1365 5013 1158 5014 1181 5014 1365 5014 1365 5015 1506 5015 1443 5015 1240 5016 1365 5016 1443 5016 1158 5017 1365 5017 1240 5017 1036 5018 1158 5018 1240 5018 1240 5019 1410 5019 1313 5019 1087 5020 1240 5020 1313 5020 964 5021 1240 5021 1087 5021 803 5022 964 5022 1087 5022 1087 5023 1313 5023 1294 5023 1196 5024 1087 5024 1294 5024 936 5025 1087 5025 1196 5025 1187 5026 936 5026 1196 5026 785 5027 936 5027 1187 5027 1081 5028 1017 5028 638 5028 785 5029 1081 5029 638 5029 1096 5030 1081 5030 785 5030 1187 5031 1096 5031 785 5031 638 5032 1017 5032 985 5032 558 5033 638 5033 985 5033 310 5034 638 5034 558 5034 296 5035 310 5035 558 5035 888 5036 850 5036 478 5036 558 5037 888 5037 478 5037 918 5038 888 5038 558 5038 985 5039 918 5039 558 5039 478 5040 850 5040 817 5040 438 5041 478 5041 817 5041 197 5042 478 5042 438 5042 185 5043 197 5043 438 5043 438 5044 787 5044 750 5044 409 5045 438 5045 750 5045 185 5046 438 5046 409 5046 143 5047 185 5047 409 5047 409 5048 723 5048 712 5048 393 5049 409 5049 712 5049 131 5050 409 5050 393 5050 119 5051 131 5051 393 5051 393 5052 712 5052 703 5052 763 5053 393 5053 703 5053 427 5054 393 5054 763 5054 766 5055 427 5055 763 5055 459 5056 427 5056 766 5056 830 5057 879 5057 508 5057 459 5058 830 5058 508 5058 823 5059 830 5059 459 5059 766 5060 823 5060 459 5060 508 5061 879 5061 900 5061 609 5062 508 5062 900 5062 325 5063 508 5063 609 5063 337 5064 325 5064 609 5064 1008 5065 1061 5065 680 5065 609 5066 1008 5066 680 5066 972 5067 1008 5067 609 5067 900 5068 972 5068 609 5068 680 5069 1061 5069 1120 5069 871 5070 680 5070 1120 5070 545 5071 680 5071 871 5071 566 5072 545 5072 871 5072 871 5073 1142 5073 1234 5073 1044 5074 871 5074 1234 5074 566 5075 871 5075 1044 5075 668 5076 566 5076 1044 5076 1044 5077 1258 5077 1329 5077 1153 5078 1044 5078 1329 5078 736 5079 1044 5079 1153 5079 929 5080 736 5080 1153 5080 1153 5081 1329 5081 1363 5081 1462 5082 1153 5082 1363 5082 1300 5083 1153 5083 1462 5083 1472 5084 1300 5084 1462 5084 1434 5085 1300 5085 1472 5085 1597 5086 1674 5086 1577 5086 1434 5087 1597 5087 1577 5087 1587 5088 1597 5088 1434 5088 1472 5089 1587 5089 1434 5089 1577 5090 1674 5090 1719 5090 1697 5091 1577 5091 1719 5091 1556 5092 1577 5092 1697 5092 1609 5093 1556 5093 1697 5093 1847 5094 1929 5094 1834 5094 1697 5095 1847 5095 1834 5095 1804 5096 1847 5096 1697 5096 1719 5097 1804 5097 1697 5097 1834 5098 1929 5098 2003 5098 1974 5099 1834 5099 2003 5099 1892 5100 1834 5100 1974 5100 1906 5101 1892 5101 1974 5101 1974 5102 2037 5102 2134 5102 2112 5103 1974 5103 2134 5103 1906 5104 1974 5104 2112 5104 2033 5105 1906 5105 2112 5105 2112 5106 2158 5106 2274 5106 2232 5107 2112 5107 2274 5107 2074 5108 2112 5108 2232 5108 2186 5109 2074 5109 2232 5109 2232 5110 2274 5110 2298 5110 2407 5111 2232 5111 2298 5111 2359 5112 2232 5112 2407 5112 2421 5113 2359 5113 2407 5113 2506 5114 2359 5114 2421 5114 2538 5115 2668 5115 2655 5115 2506 5116 2538 5116 2655 5116 2531 5117 2538 5117 2506 5117 2421 5118 2531 5118 2506 5118 2655 5119 2668 5119 2689 5119 2800 5120 2655 5120 2689 5120 2768 5121 2655 5121 2800 5121 2801 5122 2768 5122 2800 5122 2836 5123 2911 5123 2937 5123 2800 5124 2836 5124 2937 5124 2799 5125 2836 5125 2800 5125 2689 5126 2799 5126 2800 5126 2937 5127 2911 5127 2991 5127 3055 5128 2937 5128 2991 5128 3086 5129 2937 5129 3055 5129 3117 5130 3086 5130 3055 5130 3055 5131 3038 5131 3137 5131 3204 5132 3055 5132 3137 5132 3117 5133 3055 5133 3204 5133 3242 5134 3117 5134 3204 5134 3204 5135 3173 5135 3273 5135 3345 5136 3204 5136 3273 5136 3292 5137 3204 5137 3345 5137 3393 5138 3292 5138 3345 5138 3345 5139 3273 5139 3315 5139 3411 5140 3345 5140 3315 5140 3500 5141 3345 5141 3411 5141 3425 5142 3500 5142 3411 5142 3641 5143 3500 5143 3425 5143 3562 5144 3687 5144 3758 5144 3641 5145 3562 5145 3758 5145 3547 5146 3562 5146 3641 5146 3425 5147 3547 5147 3641 5147 3758 5148 3687 5148 3707 5148 3909 5149 3758 5149 3707 5149 4014 5150 3758 5150 3909 5150 4043 5151 4014 5151 3909 5151 3850 5152 3916 5152 4060 5152 3909 5153 3850 5153 4060 5153 3800 5154 3850 5154 3909 5154 3707 5155 3800 5155 3909 5155 4060 5156 3916 5156 3989 5156 4209 5157 4060 5157 3989 5157 4374 5158 4060 5158 4209 5158 4390 5159 4374 5159 4209 5159 4209 5160 4049 5160 4126 5160 4328 5161 4209 5161 4126 5161 4390 5162 4209 5162 4328 5162 4543 5163 4390 5163 4328 5163 4328 5164 4171 5164 4259 5164 4495 5165 4328 5165 4259 5165 4595 5166 4328 5166 4495 5166 4763 5167 4595 5167 4495 5167 4495 5168 4259 5168 4293 5168 4406 5169 4495 5169 4293 5169 4658 5170 4495 5170 4406 5170 4421 5171 4658 5171 4406 5171 4810 5172 4658 5172 4421 5172 4519 5173 4625 5173 5025 5173 4810 5174 4519 5174 5025 5174 4507 5175 4519 5175 4810 5175 4421 5176 4507 5176 4810 5176 5025 5177 4625 5177 4639 5177 5109 5178 5025 5178 4639 5178 5346 5179 5025 5179 5109 5179 5366 5180 5346 5180 5109 5180 4740 5181 4801 5181 5155 5181 5109 5182 4740 5182 5155 5182 4697 5183 4740 5183 5109 5183 4639 5184 4697 5184 5109 5184 5155 5185 4801 5185 4844 5185 5213 5186 5155 5186 4844 5186 5496 5187 5155 5187 5213 5187 5504 5188 5496 5188 5213 5188 5213 5189 4887 5189 4937 5189 5258 5190 5213 5190 4937 5190 5504 5191 5213 5191 5258 5191 5547 5192 5504 5192 5258 5192 5258 5193 4960 5193 4995 5193 5288 5194 5258 5194 4995 5194 5560 5195 5258 5195 5288 5195 5605 5196 5560 5196 5288 5196 4975 5197 4925 5197 5243 5197 5273 5198 4975 5198 5243 5198 4981 5199 4975 5199 5273 5199 5288 5200 4981 5200 5273 5200 5008 5201 4981 5201 5288 5201 4995 5202 5008 5202 5288 5202 5243 5203 4925 5203 4919 5203 5170 5204 5243 5204 4919 5204 5474 5205 5243 5205 5170 5205 5463 5206 5474 5206 5170 5206 4821 5207 4758 5207 5123 5207 5170 5208 4821 5208 5123 5208 4853 5209 4821 5209 5170 5209 4919 5210 4853 5210 5170 5210 5123 5211 4758 5211 4710 5211 5048 5212 5123 5212 4710 5212 5331 5213 5123 5213 5048 5213 5311 5214 5331 5214 5048 5214 4614 5215 4563 5215 4902 5215 5048 5216 4614 5216 4902 5216 4670 5217 4614 5217 5048 5217 4710 5218 4670 5218 5048 5218 4902 5219 4563 5219 4487 5219 4707 5220 4902 5220 4487 5220 5189 5221 4902 5221 4707 5221 5086 5222 5189 5222 4707 5222 4707 5223 4452 5223 4365 5223 4573 5224 4707 5224 4365 5224 5060 5225 4707 5225 4573 5225 4881 5226 5060 5226 4573 5226 4223 5227 4099 5227 4274 5227 4429 5228 4223 5228 4274 5228 4240 5229 4223 5229 4429 5229 4573 5230 4240 5230 4429 5230 4322 5231 4240 5231 4573 5231 4365 5232 4322 5232 4573 5232 4274 5233 4099 5233 4096 5233 4135 5234 4274 5234 4096 5234 4335 5235 4274 5235 4135 5235 4286 5236 4335 5236 4135 5236 3951 5237 3870 5237 3984 5237 4135 5238 3951 5238 3984 5238 3985 5239 3951 5239 4135 5239 4096 5240 3985 5240 4135 5240 3984 5241 3870 5241 3825 5241 3843 5242 3984 5242 3825 5242 3966 5243 3984 5243 3843 5243 3932 5244 3966 5244 3843 5244 3679 5245 3606 5245 3697 5245 3843 5246 3679 5246 3697 5246 3736 5247 3679 5247 3843 5247 3825 5248 3736 5248 3843 5248 3697 5249 3606 5249 3523 5249 3551 5250 3697 5250 3523 5250 3775 5251 3697 5251 3551 5251 3629 5252 3775 5252 3551 5252 3551 5253 3495 5253 3378 5253 3418 5254 3551 5254 3378 5254 3596 5255 3551 5255 3418 5255 3484 5256 3596 5256 3418 5256 3418 5257 3378 5257 3351 5257 3238 5258 3418 5258 3351 5258 3282 5259 3418 5259 3238 5259 3220 5260 3282 5260 3238 5260 3150 5261 3282 5261 3220 5261 3105 5262 3150 5262 3220 5262 3010 5263 3150 5263 3105 5263 3103 5264 3010 5264 3105 5264 2963 5265 2852 5265 2858 5265 3010 5266 2963 5266 2858 5266 2978 5267 2963 5267 3010 5267 3103 5268 2978 5268 3010 5268 2858 5269 2852 5269 2822 5269 2713 5270 2858 5270 2822 5270 2737 5271 2858 5271 2713 5271 2707 5272 2737 5272 2713 5272 2676 5273 2610 5273 2581 5273 2713 5274 2676 5274 2581 5274 2721 5275 2676 5275 2713 5275 2822 5276 2721 5276 2713 5276 2581 5277 2610 5277 2515 5277 2456 5278 2581 5278 2515 5278 2552 5279 2581 5279 2456 5279 2418 5280 2552 5280 2456 5280 2456 5281 2474 5281 2365 5281 2310 5282 2456 5282 2365 5282 2379 5283 2456 5283 2310 5283 2268 5284 2379 5284 2310 5284 2310 5285 2339 5285 2235 5285 2161 5286 2310 5286 2235 5286 2209 5287 2310 5287 2161 5287 2122 5288 2209 5288 2161 5288 2161 5289 2235 5289 2219 5289 2101 5290 2161 5290 2219 5290 2023 5291 2161 5291 2101 5291 2100 5292 2023 5292 2101 5292 1895 5293 2023 5293 2100 5293 1964 5294 1861 5294 1772 5294 1895 5295 1964 5295 1772 5295 1988 5296 1964 5296 1895 5296 2100 5297 1988 5297 1895 5297 1772 5298 1861 5298 1825 5298 1631 5299 1772 5299 1825 5299 1526 5300 1772 5300 1631 5300 1499 5301 1526 5301 1631 5301 1684 5302 1635 5302 1490 5302 1631 5303 1684 5303 1490 5303 1756 5304 1684 5304 1631 5304 1825 5305 1756 5305 1631 5305 1490 5306 1635 5306 1570 5306 1372 5307 1490 5307 1570 5307 1186 5308 1490 5308 1372 5308 1161 5309 1186 5309 1372 5309 1372 5310 1508 5310 1440 5310 1243 5311 1372 5311 1440 5311 1161 5312 1372 5312 1243 5312 1040 5313 1161 5313 1243 5313 1243 5314 1412 5314 1311 5314 1093 5315 1243 5315 1311 5315 967 5316 1243 5316 1093 5316 819 5317 967 5317 1093 5317 1093 5318 1311 5318 1298 5318 1193 5319 1093 5319 1298 5319 942 5320 1093 5320 1193 5320 1191 5321 942 5321 1193 5321 793 5322 942 5322 1191 5322 1083 5323 1028 5323 641 5323 793 5324 1083 5324 641 5324 1100 5325 1083 5325 793 5325 1191 5326 1100 5326 793 5326 641 5327 1028 5327 987 5327 559 5328 641 5328 987 5328 309 5329 641 5329 559 5329 297 5330 309 5330 559 5330 890 5331 852 5331 479 5331 559 5332 890 5332 479 5332 920 5333 890 5333 559 5333 987 5334 920 5334 559 5334 479 5335 852 5335 816 5335 439 5336 479 5336 816 5336 198 5337 479 5337 439 5337 186 5338 198 5338 439 5338 439 5339 789 5339 749 5339 410 5340 439 5340 749 5340 186 5341 439 5341 410 5341 145 5342 186 5342 410 5342 410 5343 724 5343 710 5343 392 5344 410 5344 710 5344 132 5345 410 5345 392 5345 118 5346 132 5346 392 5346 392 5347 710 5347 702 5347 760 5348 392 5348 702 5348 426 5349 392 5349 760 5349 764 5350 426 5350 760 5350 458 5351 426 5351 764 5351 831 5352 878 5352 506 5352 458 5353 831 5353 506 5353 821 5354 831 5354 458 5354 764 5355 821 5355 458 5355 506 5356 878 5356 902 5356 604 5357 506 5357 902 5357 324 5358 506 5358 604 5358 336 5359 324 5359 604 5359 1009 5360 1060 5360 673 5360 604 5361 1009 5361 673 5361 959 5362 1009 5362 604 5362 902 5363 959 5363 604 5363 673 5364 1060 5364 1118 5364 869 5365 673 5365 1118 5365 540 5366 673 5366 869 5366 568 5367 540 5367 869 5367 869 5368 1139 5368 1233 5368 1042 5369 869 5369 1233 5369 568 5370 869 5370 1042 5370 663 5371 568 5371 1042 5371 1042 5372 1256 5372 1328 5372 1152 5373 1042 5373 1328 5373 737 5374 1042 5374 1152 5374 925 5375 737 5375 1152 5375 1152 5376 1328 5376 1359 5376 1461 5377 1152 5377 1359 5377 1295 5378 1152 5378 1461 5378 1471 5379 1295 5379 1461 5379 1432 5380 1295 5380 1471 5380 1598 5381 1671 5381 1575 5381 1432 5382 1598 5382 1575 5382 1584 5383 1598 5383 1432 5383 1471 5384 1584 5384 1432 5384 1575 5385 1671 5385 1720 5385 1690 5386 1575 5386 1720 5386 1555 5387 1575 5387 1690 5387 1606 5388 1555 5388 1690 5388 1848 5389 1926 5389 1832 5389 1690 5390 1848 5390 1832 5390 1800 5391 1848 5391 1690 5391 1720 5392 1800 5392 1690 5392 1832 5393 1926 5393 2002 5393 1971 5394 1832 5394 2002 5394 1889 5395 1832 5395 1971 5395 1907 5396 1889 5396 1971 5396 1971 5397 2034 5397 2133 5397 2099 5398 1971 5398 2133 5398 1907 5399 1971 5399 2099 5399 2028 5400 1907 5400 2099 5400 2099 5401 2155 5401 2273 5401 2230 5402 2099 5402 2273 5402 2075 5403 2099 5403 2230 5403 2183 5404 2075 5404 2230 5404 2230 5405 2273 5405 2296 5405 2406 5406 2230 5406 2296 5406 2357 5407 2230 5407 2406 5407 2419 5408 2357 5408 2406 5408 2504 5409 2357 5409 2419 5409 2539 5410 2664 5410 2651 5410 2504 5411 2539 5411 2651 5411 2529 5412 2539 5412 2504 5412 2419 5413 2529 5413 2504 5413 2651 5414 2664 5414 2690 5414 2794 5415 2651 5415 2690 5415 2765 5416 2651 5416 2794 5416 2795 5417 2765 5417 2794 5417 2838 5418 2908 5418 2918 5418 2794 5419 2838 5419 2918 5419 2793 5420 2838 5420 2794 5420 2690 5421 2793 5421 2794 5421 2918 5422 2908 5422 2992 5422 3052 5423 2918 5423 2992 5423 3085 5424 2918 5424 3052 5424 3115 5425 3085 5425 3052 5425 3052 5426 3037 5426 3138 5426 3201 5427 3052 5427 3138 5427 3115 5428 3052 5428 3201 5428 3230 5429 3115 5429 3201 5429 3201 5430 3170 5430 3274 5430 3343 5431 3201 5431 3274 5431 3290 5432 3201 5432 3343 5432 3386 5433 3290 5433 3343 5433 3343 5434 3274 5434 3313 5434 3412 5435 3343 5435 3313 5435 3496 5436 3343 5436 3412 5436 3423 5437 3496 5437 3412 5437 3628 5438 3496 5438 3423 5438 3561 5439 3674 5439 3756 5439 3628 5440 3561 5440 3756 5440 3544 5441 3561 5441 3628 5441 3423 5442 3544 5442 3628 5442 3756 5443 3674 5443 3706 5443 3903 5444 3756 5444 3706 5444 4015 5445 3756 5445 3903 5445 4037 5446 4015 5446 3903 5446 3849 5447 3912 5447 4057 5447 3903 5448 3849 5448 4057 5448 3797 5449 3849 5449 3903 5449 3706 5450 3797 5450 3903 5450 4057 5451 3912 5451 3990 5451 4204 5452 4057 5452 3990 5452 4370 5453 4057 5453 4204 5453 4389 5454 4370 5454 4204 5454 4204 5455 4046 5455 4128 5455 4326 5456 4204 5456 4128 5456 4389 5457 4204 5457 4326 5457 4539 5458 4389 5458 4326 5458 4326 5459 4170 5459 4260 5459 4481 5460 4326 5460 4260 5460 4594 5461 4326 5461 4481 5461 4757 5462 4594 5462 4481 5462 4481 5463 4260 5463 4289 5463 4407 5464 4481 5464 4289 5464 4654 5465 4481 5465 4407 5465 4418 5466 4654 5466 4407 5466 4807 5467 4654 5467 4418 5467 4518 5468 4620 5468 5022 5468 4807 5469 4518 5469 5022 5469 4505 5470 4518 5470 4807 5470 4418 5471 4505 5471 4807 5471 5022 5472 4620 5472 4638 5472 5107 5473 5022 5473 4638 5473 5347 5474 5022 5474 5107 5474 5365 5475 5347 5475 5107 5475 4739 5476 4799 5476 5154 5476 5107 5477 4739 5477 5154 5477 4696 5478 4739 5478 5107 5478 4638 5479 4696 5479 5107 5479 5154 5480 4799 5480 4841 5480 5210 5481 5154 5481 4841 5481 5491 5482 5154 5482 5210 5482 5503 5483 5491 5483 5210 5483 5210 5484 4884 5484 4938 5484 5256 5485 5210 5485 4938 5485 5503 5486 5210 5486 5256 5486 5544 5487 5503 5487 5256 5487 5256 5488 4958 5488 4997 5488 5287 5489 5256 5489 4997 5489 5559 5490 5256 5490 5287 5490 5604 5491 5559 5491 5287 5491 5287 5492 4997 5492 5006 5492 4982 5493 5287 5493 5006 5493 5275 5494 5287 5494 4982 5494 4980 5495 5275 5495 4982 5495 5245 5496 5275 5496 4980 5496 4917 5497 4863 5497 5172 5497 5245 5498 4917 5498 5172 5498 4927 5499 4917 5499 5245 5499 4980 5500 4927 5500 5245 5500 5172 5501 4863 5501 4818 5501 5124 5502 5172 5502 4818 5502 5400 5503 5172 5503 5124 5503 5383 5504 5400 5504 5124 5504 4708 5505 4671 5505 5049 5505 5124 5506 4708 5506 5049 5506 4759 5507 4708 5507 5124 5507 4818 5508 4759 5508 5124 5508 5049 5509 4671 5509 4612 5509 4914 5510 5049 5510 4612 5510 5202 5511 5049 5511 4914 5511 5188 5512 5202 5512 4914 5512 4914 5513 4566 5513 4488 5513 4723 5514 4914 5514 4488 5514 5188 5515 4914 5515 4723 5515 5098 5516 5188 5516 4723 5516 4723 5517 4454 5517 4366 5517 4577 5518 4723 5518 4366 5518 5059 5519 4723 5519 4577 5519 4889 5520 5059 5520 4577 5520 4577 5521 4366 5521 4325 5521 4241 5522 4577 5522 4325 5522 4433 5523 4577 5523 4241 5523 4227 5524 4433 5524 4241 5524 4279 5525 4433 5525 4227 5525 4093 5526 3987 5526 4138 5526 4279 5527 4093 5527 4138 5527 4107 5528 4093 5528 4279 5528 4227 5529 4107 5529 4279 5529 4138 5530 3987 5530 3948 5530 3986 5531 4138 5531 3948 5531 4157 5532 4138 5532 3986 5532 4112 5533 4157 5533 3986 5533 3824 5534 3737 5534 3844 5534 3986 5535 3824 5535 3844 5535 3873 5536 3824 5536 3986 5536 3948 5537 3873 5537 3986 5537 3844 5538 3737 5538 3678 5538 3699 5539 3844 5539 3678 5539 3782 5540 3844 5540 3699 5540 3773 5541 3782 5541 3699 5541 3699 5542 3608 5542 3525 5542 3566 5543 3699 5543 3525 5543 3773 5544 3699 5544 3566 5544 3648 5545 3773 5545 3566 5545 3566 5546 3498 5546 3380 5546 3422 5547 3566 5547 3380 5547 3595 5548 3566 5548 3422 5548 3488 5549 3595 5549 3422 5549 3224 5550 3123 5550 3152 5550 3284 5551 3224 5551 3152 5551 3239 5552 3224 5552 3284 5552 3422 5553 3239 5553 3284 5553 3356 5554 3239 5554 3422 5554 3380 5555 3356 5555 3422 5555 3152 5556 3123 5556 3100 5556 3011 5557 3152 5557 3100 5557 3062 5558 3152 5558 3011 5558 3021 5559 3062 5559 3011 5559 2962 5560 2857 5560 2864 5560 3011 5561 2962 5561 2864 5561 2988 5562 2962 5562 3011 5562 3100 5563 2988 5563 3011 5563 2864 5564 2857 5564 2821 5564 2716 5565 2864 5565 2821 5565 2736 5566 2864 5566 2716 5566 2710 5567 2736 5567 2716 5567 2674 5568 2617 5568 2584 5568 2716 5569 2674 5569 2584 5569 2724 5570 2674 5570 2716 5570 2821 5571 2724 5571 2716 5571 2584 5572 2617 5572 2514 5572 2460 5573 2584 5573 2514 5573 2556 5574 2584 5574 2460 5574 2422 5575 2556 5575 2460 5575 2460 5576 2480 5576 2364 5576 2312 5577 2460 5577 2364 5577 2380 5578 2460 5578 2312 5578 2280 5579 2380 5579 2312 5579 2223 5580 2113 5580 2026 5580 2164 5581 2223 5581 2026 5581 2234 5582 2223 5582 2164 5582 2312 5583 2234 5583 2164 5583 2342 5584 2234 5584 2312 5584 2364 5585 2342 5585 2312 5585 2026 5586 2113 5586 2103 5586 1897 5587 2026 5587 2103 5587 1879 5588 2026 5588 1897 5588 1809 5589 1879 5589 1897 5589 1966 5590 1862 5590 1774 5590 1897 5591 1966 5591 1774 5591 1991 5592 1966 5592 1897 5592 2103 5593 1991 5593 1897 5593 1774 5594 1862 5594 1827 5594 1636 5595 1774 5595 1827 5595 1524 5596 1774 5596 1636 5596 1502 5597 1524 5597 1636 5597 1685 5598 1637 5598 1493 5598 1636 5599 1685 5599 1493 5599 1759 5600 1685 5600 1636 5600 1827 5601 1759 5601 1636 5601 1493 5602 1637 5602 1569 5602 1374 5603 1493 5603 1569 5603 1349 5604 1493 5604 1374 5604 1189 5605 1349 5605 1374 5605 1374 5606 1515 5606 1438 5606 1244 5607 1374 5607 1438 5607 1163 5608 1374 5608 1244 5608 1043 5609 1163 5609 1244 5609 1302 5610 1202 5610 946 5610 1097 5611 1302 5611 946 5611 1310 5612 1302 5612 1097 5612 1244 5613 1310 5613 1097 5613 1413 5614 1310 5614 1244 5614 1438 5615 1413 5615 1244 5615 946 5616 1202 5616 1194 5616 797 5617 946 5617 1194 5617 529 5618 946 5618 797 5618 467 5619 529 5619 797 5619 1084 5620 1029 5620 643 5620 797 5621 1084 5621 643 5621 1105 5622 1084 5622 797 5622 1194 5623 1105 5623 797 5623 643 5624 1029 5624 988 5624 567 5625 643 5625 988 5625 307 5626 643 5626 567 5626 299 5627 307 5627 567 5627 891 5628 854 5628 481 5628 567 5629 891 5629 481 5629 924 5630 891 5630 567 5630 988 5631 924 5631 567 5631 481 5632 854 5632 812 5632 441 5633 481 5633 812 5633 240 5634 481 5634 441 5634 200 5635 240 5635 441 5635 441 5636 791 5636 746 5636 412 5637 441 5637 746 5637 189 5638 441 5638 412 5638 148 5639 189 5639 412 5639 412 5640 746 5640 726 5640 707 5641 412 5641 726 5641 389 5642 412 5642 707 5642 700 5643 389 5643 707 5643 424 5644 389 5644 700 5644 757 5645 424 5645 700 5645 454 5646 424 5646 757 5646 758 5647 454 5647 757 5647 834 5648 874 5648 503 5648 454 5649 834 5649 503 5649 814 5650 834 5650 454 5650 758 5651 814 5651 454 5651 503 5652 874 5652 904 5652 601 5653 503 5653 904 5653 322 5654 503 5654 601 5654 334 5655 322 5655 601 5655 1011 5656 1056 5656 670 5656 601 5657 1011 5657 670 5657 954 5658 1011 5658 601 5658 904 5659 954 5659 601 5659 670 5660 1056 5660 1116 5660 867 5661 670 5661 1116 5661 536 5662 670 5662 867 5662 571 5663 536 5663 867 5663 867 5664 1135 5664 1230 5664 1039 5665 867 5665 1230 5665 571 5666 867 5666 1039 5666 660 5667 571 5667 1039 5667 1039 5668 1254 5668 1326 5668 1149 5669 1039 5669 1326 5669 741 5670 1039 5670 1149 5670 917 5671 741 5671 1149 5671 1149 5672 1326 5672 1342 5672 1458 5673 1149 5673 1342 5673 1290 5674 1149 5674 1458 5674 1465 5675 1290 5675 1458 5675 1424 5676 1290 5676 1465 5676 1600 5677 1666 5677 1562 5677 1424 5678 1600 5678 1562 5678 1580 5679 1600 5679 1424 5679 1465 5680 1580 5680 1424 5680 1562 5681 1666 5681 1722 5681 1687 5682 1562 5682 1722 5682 1553 5683 1562 5683 1687 5683 1593 5684 1553 5684 1687 5684 1850 5685 1922 5685 1829 5685 1687 5686 1850 5686 1829 5686 1796 5687 1850 5687 1687 5687 1722 5688 1796 5688 1687 5688 1829 5689 1922 5689 2000 5689 1958 5690 1829 5690 2000 5690 1886 5691 1829 5691 1958 5691 1909 5692 1886 5692 1958 5692 1958 5693 2031 5693 2132 5693 2095 5694 1958 5694 2132 5694 1909 5695 1958 5695 2095 5695 2024 5696 1909 5696 2095 5696 2095 5697 2152 5697 2272 5697 2228 5698 2095 5698 2272 5698 2077 5699 2095 5699 2228 5699 2178 5700 2077 5700 2228 5700 2228 5701 2272 5701 2293 5701 2405 5702 2228 5702 2293 5702 2356 5703 2228 5703 2405 5703 2415 5704 2356 5704 2405 5704 2502 5705 2356 5705 2415 5705 2540 5706 2662 5706 2648 5706 2502 5707 2540 5707 2648 5707 2527 5708 2540 5708 2502 5708 2415 5709 2527 5709 2502 5709 2648 5710 2662 5710 2691 5710 2785 5711 2648 5711 2691 5711 2764 5712 2648 5712 2785 5712 2784 5713 2764 5713 2785 5713 2840 5714 2906 5714 2917 5714 2785 5715 2840 5715 2917 5715 2787 5716 2840 5716 2785 5716 2691 5717 2787 5717 2785 5717 2917 5718 2906 5718 2993 5718 3049 5719 2917 5719 2993 5719 3082 5720 2917 5720 3049 5720 3114 5721 3082 5721 3049 5721 3049 5722 3035 5722 3139 5722 3198 5723 3049 5723 3139 5723 3114 5724 3049 5724 3198 5724 3228 5725 3114 5725 3198 5725 3198 5726 3167 5726 3275 5726 3339 5727 3198 5727 3275 5727 3289 5728 3198 5728 3339 5728 3385 5729 3289 5729 3339 5729 3339 5730 3275 5730 3309 5730 3413 5731 3339 5731 3309 5731 3494 5732 3339 5732 3413 5732 3420 5733 3494 5733 3413 5733 3624 5734 3494 5734 3420 5734 3560 5735 3670 5735 3754 5735 3624 5736 3560 5736 3754 5736 3539 5737 3560 5737 3624 5737 3420 5738 3539 5738 3624 5738 3754 5739 3670 5739 3705 5739 3902 5740 3754 5740 3705 5740 4016 5741 3754 5741 3902 5741 4034 5742 4016 5742 3902 5742 3848 5743 3910 5743 4055 5743 3902 5744 3848 5744 4055 5744 3795 5745 3848 5745 3902 5745 3705 5746 3795 5746 3902 5746 4055 5747 3910 5747 3992 5747 4203 5748 4055 5748 3992 5748 4356 5749 4055 5749 4203 5749 4388 5750 4356 5750 4203 5750 4203 5751 4044 5751 4129 5751 4323 5752 4203 5752 4129 5752 4388 5753 4203 5753 4323 5753 4535 5754 4388 5754 4323 5754 4323 5755 4169 5755 4261 5755 4480 5756 4323 5756 4261 5756 4593 5757 4323 5757 4480 5757 4750 5758 4593 5758 4480 5758 4480 5759 4261 5759 4287 5759 4408 5760 4480 5760 4287 5760 4651 5761 4480 5761 4408 5761 4416 5762 4651 5762 4408 5762 4803 5763 4651 5763 4416 5763 4517 5764 4608 5764 5019 5764 4803 5765 4517 5765 5019 5765 4504 5766 4517 5766 4803 5766 4416 5767 4504 5767 4803 5767 5019 5768 4608 5768 4637 5768 5104 5769 5019 5769 4637 5769 5348 5770 5019 5770 5104 5770 5363 5771 5348 5771 5104 5771 4738 5772 4795 5772 5152 5772 5104 5773 4738 5773 5152 5773 4694 5774 4738 5774 5104 5774 4637 5775 4694 5775 5104 5775 5152 5776 4795 5776 4842 5776 5209 5777 5152 5777 4842 5777 5490 5778 5152 5778 5209 5778 5501 5779 5490 5779 5209 5779 5209 5780 4882 5780 4939 5780 5254 5781 5209 5781 4939 5781 5501 5782 5209 5782 5254 5782 5541 5783 5501 5783 5254 5783 5254 5784 4956 5784 4998 5784 5285 5785 5254 5785 4998 5785 5558 5786 5254 5786 5285 5786 5603 5787 5558 5787 5285 5787 5285 5788 4998 5788 5005 5788 4984 5789 5285 5789 5005 5789 5276 5790 5285 5790 4984 5790 4983 5791 5276 5791 4984 5791 5246 5792 5276 5792 4983 5792 4915 5793 4865 5793 5174 5793 5246 5794 4915 5794 5174 5794 4929 5795 4915 5795 5246 5795 4983 5796 4929 5796 5246 5796 5174 5797 4865 5797 4817 5797 5126 5798 5174 5798 4817 5798 5401 5799 5174 5799 5126 5799 5385 5800 5401 5800 5126 5800 4706 5801 4674 5801 5051 5801 5126 5802 4706 5802 5051 5802 4762 5803 4706 5803 5126 5803 4817 5804 4762 5804 5126 5804 5051 5805 4674 5805 4611 5805 4928 5806 5051 5806 4611 5806 5205 5807 5051 5807 4928 5807 5187 5808 5205 5808 4928 5808 4928 5809 4570 5809 4489 5809 4729 5810 4928 5810 4489 5810 5187 5811 4928 5811 4729 5811 5100 5812 5187 5812 4729 5812 4729 5813 4458 5813 4367 5813 4578 5814 4729 5814 4367 5814 5058 5815 4729 5815 4578 5815 4895 5816 5058 5816 4578 5816 4578 5817 4367 5817 4327 5817 4242 5818 4578 5818 4327 5818 4436 5819 4578 5819 4242 5819 4228 5820 4436 5820 4242 5820 4285 5821 4436 5821 4228 5821 4091 5822 4002 5822 4142 5822 4285 5823 4091 5823 4142 5823 4109 5824 4091 5824 4285 5824 4228 5825 4109 5825 4285 5825 4142 5826 4002 5826 3947 5826 4003 5827 4142 5827 3947 5827 4159 5828 4142 5828 4003 5828 4116 5829 4159 5829 4003 5829 3822 5830 3739 5830 3857 5830 4003 5831 3822 5831 3857 5831 3875 5832 3822 5832 4003 5832 3947 5833 3875 5833 4003 5833 3857 5834 3739 5834 3677 5834 3715 5835 3857 5835 3677 5835 3794 5836 3857 5836 3715 5836 3771 5837 3794 5837 3715 5837 3715 5838 3614 5838 3526 5838 3570 5839 3715 5839 3526 5839 3771 5840 3715 5840 3570 5840 3651 5841 3771 5841 3570 5841 3570 5842 3501 5842 3381 5842 3424 5843 3570 5843 3381 5843 3594 5844 3570 5844 3424 5844 3493 5845 3594 5845 3424 5845 3424 5846 3381 5846 3360 5846 3240 5847 3424 5847 3360 5847 3302 5848 3424 5848 3240 5848 3227 5849 3302 5849 3240 5849 3155 5850 3302 5850 3227 5850 3099 5851 3002 5851 3015 5851 3155 5852 3099 5852 3015 5852 3126 5853 3099 5853 3155 5853 3227 5854 3126 5854 3155 5854 3015 5855 3002 5855 2961 5855 2867 5856 3015 5856 2961 5856 2893 5857 3015 5857 2867 5857 2872 5858 2893 5858 2867 5858 2820 5859 2729 5859 2722 5859 2867 5860 2820 5860 2722 5860 2859 5861 2820 5861 2867 5861 2961 5862 2859 5862 2867 5862 2722 5863 2729 5863 2673 5863 2585 5864 2722 5864 2673 5864 2571 5865 2722 5865 2585 5865 2557 5866 2571 5866 2585 5866 2585 5867 2623 5867 2512 5867 2464 5868 2585 5868 2512 5868 2557 5869 2585 5869 2464 5869 2441 5870 2557 5870 2464 5870 2464 5871 2483 5871 2363 5871 2315 5872 2464 5872 2363 5872 2382 5873 2464 5873 2315 5873 2282 5874 2382 5874 2315 5874 2315 5875 2363 5875 2345 5875 2233 5876 2315 5876 2345 5876 2171 5877 2315 5877 2233 5877 2226 5878 2171 5878 2233 5878 2030 5879 2171 5879 2226 5879 2106 5880 1992 5880 1899 5880 2030 5881 2106 5881 1899 5881 2117 5882 2106 5882 2030 5882 2226 5883 2117 5883 2030 5883 1899 5884 1992 5884 1967 5884 1776 5885 1899 5885 1967 5885 1701 5886 1899 5886 1776 5886 1653 5887 1701 5887 1776 5887 1828 5888 1761 5888 1638 5888 1776 5889 1828 5889 1638 5889 1863 5890 1828 5890 1776 5890 1967 5891 1863 5891 1776 5891 1638 5892 1761 5892 1686 5892 1496 5893 1638 5893 1686 5893 1367 5894 1638 5894 1496 5894 1351 5895 1367 5895 1496 5895 1496 5896 1640 5896 1568 5896 1377 5897 1496 5897 1568 5897 1351 5898 1496 5898 1377 5898 1210 5899 1351 5899 1377 5899 1377 5900 1518 5900 1437 5900 1247 5901 1377 5901 1437 5901 1164 5902 1377 5902 1247 5902 1046 5903 1164 5903 1247 5903 1305 5904 1220 5904 950 5904 1103 5905 1305 5905 950 5905 1309 5906 1305 5906 1103 5906 1247 5907 1309 5907 1103 5907 1415 5908 1309 5908 1247 5908 1437 5909 1415 5909 1247 5909 950 5910 1220 5910 1197 5910 798 5911 950 5911 1197 5911 527 5912 950 5912 798 5912 469 5913 527 5913 798 5913 1086 5914 1032 5914 644 5914 798 5915 1086 5915 644 5915 1106 5916 1086 5916 798 5916 1197 5917 1106 5917 798 5917 644 5918 1032 5918 990 5918 577 5919 644 5919 990 5919 305 5920 644 5920 577 5920 300 5921 305 5921 577 5921 892 5922 855 5922 482 5922 577 5923 892 5923 482 5923 926 5924 892 5924 577 5924 990 5925 926 5925 577 5925 482 5926 855 5926 811 5926 442 5927 482 5927 811 5927 243 5928 482 5928 442 5928 201 5929 243 5929 442 5929 442 5930 794 5930 745 5930 413 5931 442 5931 745 5931 190 5932 442 5932 413 5932 151 5933 190 5933 413 5933 699 5934 755 5934 423 5934 387 5935 699 5935 423 5935 705 5936 699 5936 387 5936 413 5937 705 5937 387 5937 727 5938 705 5938 413 5938 745 5939 727 5939 413 5939 423 5940 755 5940 761 5940 452 5941 423 5941 761 5941 210 5942 423 5942 452 5942 221 5943 210 5943 452 5943 836 5944 872 5944 501 5944 452 5945 836 5945 501 5945 807 5946 836 5946 452 5946 761 5947 807 5947 452 5947 501 5948 872 5948 906 5948 598 5949 501 5949 906 5949 321 5950 501 5950 598 5950 333 5951 321 5951 598 5951 1012 5952 1055 5952 669 5952 598 5953 1012 5953 669 5953 952 5954 1012 5954 598 5954 906 5955 952 5955 598 5955 669 5956 1055 5956 1114 5956 865 5957 669 5957 1114 5957 380 5958 669 5958 865 5958 523 5959 380 5959 865 5959 865 5960 1133 5960 1229 5960 1037 5961 865 5961 1229 5961 572 5962 865 5962 1037 5962 658 5963 572 5963 1037 5963 1340 5964 1455 5964 1288 5964 1146 5965 1340 5965 1288 5965 1325 5966 1340 5966 1146 5966 1037 5967 1325 5967 1146 5967 1253 5968 1325 5968 1037 5968 1229 5969 1253 5969 1037 5969 1288 5970 1455 5970 1460 5970 1421 5971 1288 5971 1460 5971 1213 5972 1288 5972 1421 5972 1270 5973 1213 5973 1421 5973 1601 5974 1663 5974 1547 5974 1421 5975 1601 5975 1547 5975 1576 5976 1601 5976 1421 5976 1460 5977 1576 5977 1421 5977 1547 5978 1663 5978 1723 5978 1673 5979 1547 5979 1723 5979 1552 5980 1547 5980 1673 5980 1588 5981 1552 5981 1673 5981 1851 5982 1921 5982 1818 5982 1673 5983 1851 5983 1818 5983 1794 5984 1851 5984 1673 5984 1723 5985 1794 5985 1673 5985 1818 5986 1921 5986 1998 5986 1953 5987 1818 5987 1998 5987 1734 5988 1818 5988 1953 5988 1885 5989 1734 5989 1953 5989 1953 5990 2027 5990 2130 5990 2092 5991 1953 5991 2130 5991 1911 5992 1953 5992 2092 5992 2020 5993 1911 5993 2092 5993 2288 5994 2402 5994 2353 5994 2225 5995 2288 5995 2353 5995 2270 5996 2288 5996 2225 5996 2092 5997 2270 5997 2225 5997 2151 5998 2270 5998 2092 5998 2130 5999 2151 5999 2092 5999 2353 6000 2402 6000 2403 6000 2498 6001 2353 6001 2403 6001 2437 6002 2353 6002 2498 6002 2484 6003 2437 6003 2498 6003 2542 6004 2657 6004 2645 6004 2498 6005 2542 6005 2645 6005 2525 6006 2542 6006 2498 6006 2403 6007 2525 6007 2498 6007 2645 6008 2657 6008 2693 6008 2779 6009 2645 6009 2693 6009 2762 6010 2645 6010 2779 6010 2778 6011 2762 6011 2779 6011 2842 6012 2903 6012 2912 6012 2779 6013 2842 6013 2912 6013 2780 6014 2842 6014 2779 6014 2693 6015 2780 6015 2779 6015 2912 6016 2903 6016 2995 6016 3046 6017 2912 6017 2995 6017 3077 6018 2912 6018 3046 6018 3112 6019 3077 6019 3046 6019 3046 6020 3032 6020 3141 6020 3195 6021 3046 6021 3141 6021 3112 6022 3046 6022 3195 6022 3225 6023 3112 6023 3195 6023 3195 6024 3164 6024 3277 6024 3337 6025 3195 6025 3277 6025 3287 6026 3195 6026 3337 6026 3370 6027 3287 6027 3337 6027 3337 6028 3277 6028 3307 6028 3415 6029 3337 6029 3307 6029 3489 6030 3337 6030 3415 6030 3416 6031 3489 6031 3415 6031 3619 6032 3489 6032 3416 6032 3558 6033 3668 6033 3752 6033 3619 6034 3558 6034 3752 6034 3536 6035 3558 6035 3619 6035 3416 6036 3536 6036 3619 6036 3752 6037 3668 6037 3703 6037 3898 6038 3752 6038 3703 6038 4018 6039 3752 6039 3898 6039 4032 6040 4018 6040 3898 6040 3846 6041 3905 6041 4051 6041 3898 6042 3846 6042 4051 6042 3791 6043 3846 6043 3898 6043 3703 6044 3791 6044 3898 6044 4051 6045 3905 6045 3994 6045 4198 6046 4051 6046 3994 6046 4353 6047 4051 6047 4198 6047 4385 6048 4353 6048 4198 6048 4198 6049 4041 6049 4132 6049 4317 6050 4198 6050 4132 6050 4385 6051 4198 6051 4317 6051 4531 6052 4385 6052 4317 6052 4317 6053 4166 6053 4264 6053 4476 6054 4317 6054 4264 6054 4590 6055 4317 6055 4476 6055 4737 6056 4590 6056 4476 6056 4476 6057 4264 6057 4283 6057 4410 6058 4476 6058 4283 6058 4646 6059 4476 6059 4410 6059 4412 6060 4646 6060 4410 6060 4798 6061 4646 6061 4412 6061 4515 6062 4606 6062 5017 6062 4798 6063 4515 6063 5017 6063 4498 6064 4515 6064 4798 6064 4412 6065 4498 6065 4798 6065 5017 6066 4606 6066 4635 6066 5102 6067 5017 6067 4635 6067 5349 6068 5017 6068 5102 6068 5362 6069 5349 6069 5102 6069 4735 6070 4794 6070 5150 6070 5102 6071 4735 6071 5150 6071 4693 6072 4735 6072 5102 6072 4635 6073 4693 6073 5102 6073 5150 6074 4794 6074 4845 6074 5207 6075 5150 6075 4845 6075 5489 6076 5150 6076 5207 6076 5500 6077 5489 6077 5207 6077 5207 6078 4880 6078 4940 6078 5253 6079 5207 6079 4940 6079 5500 6080 5207 6080 5253 6080 5539 6081 5500 6081 5253 6081 5253 6082 4955 6082 4999 6082 5283 6083 5253 6083 4999 6083 5557 6084 5253 6084 5283 6084 5602 6085 5557 6085 5283 6085 5283 6086 4999 6086 5004 6086 4988 6087 5283 6087 5004 6087 5277 6088 5283 6088 4988 6088 4986 6089 5277 6089 4988 6089 5247 6090 5277 6090 4986 6090 4913 6091 4867 6091 5175 6091 5247 6092 4913 6092 5175 6092 4931 6093 4913 6093 5247 6093 4986 6094 4931 6094 5247 6094 5175 6095 4867 6095 4816 6095 5128 6096 5175 6096 4816 6096 5402 6097 5175 6097 5128 6097 5386 6098 5402 6098 5128 6098 4705 6099 4676 6099 5065 6099 5128 6100 4705 6100 5065 6100 4764 6101 4705 6101 5128 6101 4816 6102 4764 6102 5128 6102 5065 6103 4676 6103 4613 6103 4945 6104 5065 6104 4613 6104 5208 6105 5065 6105 4945 6105 5186 6106 5208 6106 4945 6106 4945 6107 4575 6107 4490 6107 4733 6108 4945 6108 4490 6108 5186 6109 4945 6109 4733 6109 5103 6110 5186 6110 4733 6110 4733 6111 4462 6111 4368 6111 4580 6112 4733 6112 4368 6112 5057 6113 4733 6113 4580 6113 4900 6114 5057 6114 4580 6114 4580 6115 4368 6115 4331 6115 4243 6116 4580 6116 4331 6116 4438 6117 4580 6117 4243 6117 4231 6118 4438 6118 4243 6118 4288 6119 4438 6119 4231 6119 4288 6120 4231 6120 4111 6120 4090 6121 4288 6121 4111 6121 4143 6122 4288 6122 4090 6122 4005 6123 4143 6123 4090 6123 3950 6124 4143 6124 4005 6124 4292 6125 4548 6125 4472 6125 5176 6126 5479 6126 5468 6126 5248 6127 5533 6127 5524 6127 5018 6128 5227 6128 5269 6128 4800 6129 5081 6129 5133 6129 3753 6130 3812 6130 3878 6130 3621 6131 3637 6131 3716 6131 2647 6132 2596 6132 2637 6132 2501 6133 2436 6133 2485 6133 1563 6134 1395 6134 1430 6134 1427 6135 1214 6135 1274 6135 504 6136 264 6136 275 6136 456 6137 213 6137 224 6137 640 6138 368 6138 349 6138 792 6139 530 6139 464 6139 1770 6140 1705 6140 1648 6140 1893 6141 1882 6141 1801 6141 2855 6142 2889 6142 2861 6142 3008 6143 3063 6143 3019 6143 3979 6144 4154 6144 4104 6144 4117 6145 4333 6145 4277 6145 5121 6146 5396 6146 5379 6146 5168 6147 5472 6147 5461 6147 5113 6148 5343 6148 5369 6148 5029 6149 5220 6149 5301 6149 3917 6150 4010 6150 4052 6150 3779 6151 3805 6151 3892 6151 2811 6152 2766 6152 2813 6152 2667 6153 2599 6153 2656 6153 1713 6154 1559 6154 1616 6154 1592 6155 1400 6155 1453 6155 621 6156 328 6156 340 6156 519 6157 269 6157 287 6157 546 6158 313 6158 293 6158 633 6159 373 6159 345 6159 1617 6160 1534 6160 1482 6160 1754 6161 1709 6161 1639 6161 2696 6162 2741 6162 2684 6162 2834 6163 2891 6163 2835 6163 3804 6164 3961 6164 3907 6164 3939 6165 4151 6165 4069 6165 5118 6166 5393 6166 5374 6166 5117 6167 5340 6167 5372 6167 3934 6168 4008 6168 4067 6168 2829 6169 2760 6169 2833 6169 1747 6170 1561 6170 1633 6170 631 6171 330 6171 343 6171 535 6172 315 6172 289 6172 1605 6173 1536 6173 1470 6173 2680 6174 2742 6174 2663 6174 3788 6175 3959 6175 3896 6175 5035 6176 5321 6176 5302 6176 5166 6177 5411 6177 5459 6177 4110 6178 4182 6178 4266 6178 3131 6179 3110 6179 3158 6179 2999 6180 2924 6180 3012 6180 2015 6181 1913 6181 1945 6181 1888 6182 1746 6182 1792 6182 932 6183 574 6183 599 6183 778 6184 402 6184 453 6184 430 6185 193 6185 176 6185 461 6186 253 6186 229 6186 1307 6187 1166 6187 1127 6187 1436 6188 1357 6188 1280 6188 2360 6189 2381 6189 2335 6189 2508 6190 2563 6190 2491 6190 3503 6191 3591 6191 3565 6191 3647 6192 3763 6192 3725 6192 4660 6193 5055 6193 5032 6193 4809 6194 5178 6194 5142 6194 5274 6195 5556 6195 5580 6195 5244 6196 5494 6196 5520 6196 4432 6197 4592 6197 4657 6197 4278 6198 4382 6198 4459 6198 3283 6199 3291 6199 3327 6199 3153 6200 3109 6200 3172 6200 2168 6201 2079 6201 2125 6201 2029 6202 1916 6202 1972 6202 1101 6203 740 6203 838 6203 948 6204 575 6204 625 6204 386 6205 133 6205 114 6205 422 6206 194 6206 169 6206 1143 6207 965 6207 911 6207 1285 6208 1167 6208 1098 6208 2221 6209 2205 6209 2170 6209 2350 6210 2385 6210 2320 6210 3334 6211 3433 6211 3368 6211 3483 6212 3589 6212 3531 6212 4475 6213 4784 6213 4728 6213 4631 6214 5052 6214 5015 6214 5281 6215 5595 6215 5597 6215 5280 6216 5553 6216 5586 6216 4586 6217 4848 6217 4944 6217 4445 6218 4588 6218 4684 6218 3449 6219 3466 6219 3508 6219 3314 6220 3285 6220 3342 6220 2322 6221 2255 6221 2297 6221 2187 6222 2081 6222 2144 6222 1260 6223 1016 6223 1057 6223 1125 6224 744 6224 860 6224 418 6225 150 6225 161 6225 381 6226 141 6226 112 6226 994 6227 681 6227 648 6227 1129 6228 971 6228 873 6228 5018 6229 4636 6229 4607 6229 3753 6230 3704 6230 3669 6230 2647 6231 2692 6231 2661 6231 1563 6232 1721 6232 1667 6232 504 6233 903 6233 876 6233 640 6234 986 6234 1027 6234 1770 6235 1824 6235 1859 6235 2855 6236 2824 6236 2850 6236 3979 6237 3827 6237 3863 6237 5121 6238 4712 6238 4753 6238 5113 6239 4744 6239 4703 6239 3917 6240 3853 6240 3803 6240 2811 6241 2839 6241 2810 6241 1713 6242 1845 6242 1813 6242 621 6243 1005 6243 978 6243 546 6244 886 6244 910 6244 1617 6245 1680 6245 1729 6245 2696 6246 2672 6246 2702 6246 3804 6247 3683 6247 3722 6247 3131 6248 3136 6248 3083 6248 2015 6249 2129 6249 2088 6249 932 6250 1231 6250 1182 6250 430 6251 748 6251 772 6251 1307 6252 1442 6252 1475 6252 2360 6253 2369 6253 2439 6253 3503 6254 3379 6254 3444 6254 4660 6255 4363 6255 4422 6255 5274 6256 4992 6256 4976 6256 4432 6257 4256 6257 4225 6257 3283 6258 3270 6258 3223 6258 2168 6259 2276 6259 2224 6259 1101 6260 1331 6260 1303 6260 948 6261 1228 6261 1219 6261 386 6262 715 6262 698 6262 422 6263 738 6263 754 6263 1143 6264 1316 6264 1338 6264 1285 6265 1435 6265 1454 6265 2221 6266 2240 6266 2285 6266 2350 6267 2362 6267 2399 6267 3334 6268 3234 6268 3303 6268 3483 6269 3382 6269 3398 6269 4475 6270 4236 6270 4275 6270 4631 6271 4369 6271 4397 6271 5281 6272 4973 6272 5002 6272 5280 6273 5000 6273 4996 6273 4586 6274 4402 6274 4351 6274 4445 6275 4262 6275 4246 6275 4581 6276 4443 6276 4473 6276 5129 6277 4866 6277 4869 6277 5248 6278 4950 6278 4951 6278 2625 6279 2652 6279 2631 6279 2058 6280 2160 6280 2114 6280 1649 6281 1773 6281 1740 6281 835 6282 1019 6282 996 6282 446 6283 597 6283 591 6283 381 6284 516 6284 513 6284 3590 6285 3516 6285 3512 6285 3583 6286 3590 6286 3512 6286 3671 6287 3590 6287 3583 6287 3673 6288 3749 6288 3836 6288 3766 6289 3673 6289 3836 6289 3610 6290 3673 6290 3766 6290 3671 6291 3610 6291 3766 6291 3585 6292 3610 6292 3671 6292 3583 6293 3585 6293 3671 6293 3341 6294 3428 6294 3357 6294 3428 6295 3341 6295 3426 6295 3445 6296 3428 6296 3426 6296 3516 6297 3428 6297 3445 6297 3477 6298 3516 6298 3445 6298 3512 6299 3516 6299 3477 6299 3202 6300 3149 6300 3178 6300 3181 6301 3202 6301 3178 6301 3253 6302 3202 6302 3181 6302 3253 6303 3181 6303 3265 6303 3266 6304 3253 6304 3265 6304 3357 6305 3253 6305 3266 6305 3328 6306 3357 6306 3266 6306 3341 6307 3357 6307 3328 6307 3107 6308 3149 6308 3202 6308 3070 6309 3107 6309 3202 6309 3041 6310 3107 6310 3070 6310 3033 6311 3041 6311 3070 6311 3043 6312 3033 6312 3070 6312 2973 6313 3033 6313 3043 6313 2899 6314 2973 6314 3043 6314 2951 6315 2973 6315 2899 6315 2886 6316 2951 6316 2899 6316 2883 6317 2951 6317 2886 6317 2753 6318 2754 6318 2788 6318 2812 6319 2753 6319 2788 6319 2886 6320 2753 6320 2812 6320 2880 6321 2886 6321 2812 6321 2883 6322 2886 6322 2880 6322 2727 6323 2754 6323 2753 6323 2743 6324 2727 6324 2753 6324 2646 6325 2727 6325 2743 6325 2620 6326 2646 6326 2743 6326 2634 6327 2646 6327 2620 6327 2562 6328 2467 6328 2507 6328 2573 6329 2562 6329 2507 6329 2620 6330 2562 6330 2573 6330 2628 6331 2620 6331 2573 6331 2634 6332 2620 6332 2628 6332 2346 6333 2386 6333 2309 6333 2386 6334 2346 6334 2452 6334 2477 6335 2386 6335 2452 6335 2467 6336 2386 6336 2477 6336 2482 6337 2467 6337 2477 6337 2507 6338 2467 6338 2482 6338 2309 6339 2212 6339 2319 6339 2333 6340 2309 6340 2319 6340 2346 6341 2309 6341 2333 6341 2063 6342 2043 6342 2008 6342 2150 6343 2179 6343 2192 6343 2195 6344 2150 6344 2192 6344 2212 6345 2150 6345 2195 6345 2291 6346 2212 6346 2195 6346 2319 6347 2212 6347 2291 6347 2179 6348 2150 6348 2043 6348 2063 6349 2179 6349 2043 6349 2159 6350 2179 6350 2063 6350 2138 6351 2159 6351 2063 6351 2063 6352 2013 6352 2055 6352 2064 6353 2063 6353 2055 6353 2138 6354 2063 6354 2064 6354 1934 6355 1925 6355 1937 6355 1983 6356 1934 6356 1937 6356 1865 6357 1925 6357 1934 6357 1793 6358 1865 6358 1934 6358 1839 6359 1865 6359 1793 6359 1679 6360 1652 6360 1658 6360 1652 6361 1679 6361 1726 6361 1777 6362 1652 6362 1726 6362 1793 6363 1652 6363 1777 6363 1799 6364 1793 6364 1777 6364 1839 6365 1793 6365 1799 6365 1626 6366 1658 6366 1652 6366 1537 6367 1626 6367 1652 6367 1585 6368 1626 6368 1537 6368 1431 6369 1409 6369 1420 6369 1537 6370 1477 6370 1541 6370 1542 6371 1537 6371 1541 6371 1585 6372 1537 6372 1542 6372 1409 6373 1271 6373 1364 6373 1408 6374 1409 6374 1364 6374 1420 6375 1409 6375 1408 6375 1271 6376 1225 6376 1281 6376 1271 6377 1281 6377 1287 6377 1296 6378 1271 6378 1287 6378 1364 6379 1271 6379 1296 6379 1129 6380 1068 6380 1131 6380 1140 6381 1129 6381 1131 6381 1172 6382 1129 6382 1140 6382 994 6383 923 6383 997 6383 1031 6384 994 6384 997 6384 1054 6385 994 6385 1031 6385 851 6386 655 6386 799 6386 847 6387 655 6387 851 6387 864 6388 847 6388 851 6388 921 6389 847 6389 864 6389 590 6390 651 6390 677 6390 692 6391 590 6391 677 6391 655 6392 590 6392 692 6392 788 6393 655 6393 692 6393 799 6394 655 6394 788 6394 492 6395 605 6395 627 6395 629 6396 492 6396 627 6396 590 6397 492 6397 629 6397 649 6398 590 6398 629 6398 651 6399 590 6399 649 6399 492 6400 579 6400 580 6400 593 6401 492 6401 580 6401 605 6402 492 6402 593 6402 449 6403 420 6403 525 6403 544 6404 449 6404 525 6404 563 6405 449 6405 544 6405 420 6406 511 6406 512 6406 522 6407 420 6407 512 6407 525 6408 420 6408 522 6408 534 6409 516 6409 381 6409 418 6410 584 6410 555 6410 551 6411 418 6411 555 6411 547 6412 418 6412 551 6412 487 6413 653 6413 637 6413 632 6414 487 6414 637 6414 446 6415 487 6415 632 6415 602 6416 446 6416 632 6416 597 6417 446 6417 602 6417 588 6418 776 6418 696 6418 667 6419 588 6419 696 6419 487 6420 588 6420 667 6420 654 6421 487 6421 667 6421 653 6422 487 6422 654 6422 822 6423 776 6423 588 6423 652 6424 822 6424 588 6424 858 6425 822 6425 652 6425 652 6426 953 6426 930 6426 866 6427 652 6427 930 6427 858 6428 652 6428 866 6428 1073 6429 1019 6429 835 6429 979 6430 1073 6430 835 6430 1104 6431 1073 6431 979 6431 979 6432 1227 6432 1137 6432 1124 6433 979 6433 1137 6433 1104 6434 979 6434 1124 6434 1125 6435 1321 6435 1259 6435 1249 6436 1125 6436 1259 6436 1248 6437 1125 6437 1249 6437 1260 6438 1476 6438 1406 6438 1383 6439 1260 6439 1406 6439 1368 6440 1260 6440 1383 6440 1618 6441 1402 6441 1516 6441 1402 6442 1618 6442 1540 6442 1504 6443 1402 6443 1540 6443 1483 6444 1402 6444 1504 6444 1649 6445 1740 6445 1669 6445 1646 6446 1649 6446 1669 6446 1516 6447 1649 6447 1646 6447 1622 6448 1516 6448 1646 6448 1618 6449 1516 6449 1622 6449 1789 6450 1773 6450 1649 6450 1788 6451 1789 6451 1649 6451 1791 6452 1789 6452 1788 6452 1788 6453 1933 6453 1866 6453 1858 6454 1788 6454 1866 6454 1791 6455 1788 6455 1858 6455 1942 6456 1924 6456 1989 6456 2058 6457 2114 6457 2091 6457 2083 6458 2058 6458 2091 6458 1924 6459 2058 6459 2083 6459 2014 6460 1924 6460 2083 6460 1989 6461 1924 6461 2014 6461 2187 6462 2318 6462 2243 6462 2229 6463 2187 6463 2243 6463 2215 6464 2187 6464 2229 6464 2322 6465 2351 6465 2348 6465 2341 6466 2322 6466 2348 6466 2447 6467 2470 6467 2488 6467 2625 6468 2631 6468 2583 6468 2500 6469 2625 6469 2583 6469 2470 6470 2625 6470 2500 6470 2497 6471 2470 6471 2500 6471 2488 6472 2470 6472 2497 6472 2747 6473 2750 6473 2752 6473 2625 6474 2750 6474 2747 6474 2658 6475 2625 6475 2747 6475 2652 6476 2625 6476 2658 6476 2802 6477 2752 6477 2750 6477 2878 6478 2802 6478 2750 6478 2815 6479 2802 6479 2878 6479 3009 6480 3024 6480 3014 6480 2878 6481 2944 6481 2907 6481 2878 6482 2907 6482 2881 6482 2876 6483 2878 6483 2881 6483 2815 6484 2878 6484 2876 6484 3053 6485 3014 6485 3024 6485 3162 6486 3053 6486 3024 6486 3079 6487 3053 6487 3162 6487 3162 6488 3210 6488 3156 6488 3144 6489 3162 6489 3156 6489 3079 6490 3162 6490 3144 6490 3449 6491 3452 6491 3367 6491 3362 6492 3449 6492 3367 6492 3314 6493 3361 6493 3311 6493 3261 6494 3314 6494 3311 6494 3216 6495 3314 6495 3261 6495 4932 6496 4950 6496 5248 6496 5176 6497 4872 6497 4888 6497 4905 6498 5176 6498 4888 6498 4924 6499 5176 6499 4905 6499 5070 6500 4756 6500 4768 6500 4771 6501 5070 6501 4768 6501 5129 6502 5070 6502 4771 6502 4796 6503 5129 6503 4771 6503 4866 6504 5129 6504 4796 6504 4690 6505 4756 6505 5070 6505 4948 6506 4690 6506 5070 6506 4687 6507 4690 6507 4948 6507 4948 6508 4734 6508 4582 6508 4629 6509 4948 6509 4582 6509 4948 6510 4629 6510 4678 6510 4686 6511 4948 6511 4678 6511 4687 6512 4948 6512 4686 6512 4734 6513 4500 6513 4541 6513 4571 6514 4734 6514 4541 6514 4582 6515 4734 6515 4571 6515 4372 6516 4439 6516 4354 6516 4581 6517 4439 6517 4372 6517 4437 6518 4581 6518 4372 6518 4443 6519 4581 6519 4437 6519 4439 6520 4245 6520 4302 6520 4306 6521 4439 6521 4302 6521 4354 6522 4439 6522 4306 6522 4292 6523 4168 6523 4229 6523 4144 6524 4071 6524 4113 6524 4150 6525 4144 6525 4113 6525 4030 6526 4071 6526 4144 6526 4007 6527 4030 6527 4144 6527 4026 6528 4030 6528 4007 6528 4007 6529 3886 6529 3928 6529 3999 6530 4007 6530 3928 6530 4026 6531 4007 6531 3999 6531 3956 6532 3869 6532 3871 6532 3970 6533 3956 6533 3871 6533 3956 6534 3799 6534 3727 6534 3781 6535 3956 6535 3727 6535 3869 6536 3956 6536 3781 6536 3587 6537 3769 6537 3656 6537 3769 6538 3587 6538 3676 6538 3714 6539 3769 6539 3676 6539 3799 6540 3769 6540 3714 6540 3723 6541 3799 6541 3714 6541 3727 6542 3799 6542 3723 6542 3454 6543 3592 6543 3502 6543 3592 6544 3454 6544 3517 6544 3541 6545 3592 6545 3517 6545 3656 6546 3592 6546 3541 6546 3580 6547 3656 6547 3541 6547 3587 6548 3656 6548 3580 6548 3320 6549 3429 6549 3335 6549 3429 6550 3320 6550 3355 6550 3371 6551 3429 6551 3355 6551 3502 6552 3429 6552 3371 6552 3451 6553 3502 6553 3371 6553 3454 6554 3502 6554 3451 6554 3168 6555 3246 6555 3182 6555 3246 6556 3168 6556 3199 6556 3217 6557 3246 6557 3199 6557 3335 6558 3246 6558 3217 6558 3301 6559 3335 6559 3217 6559 3320 6560 3335 6560 3301 6560 3051 6561 3030 6561 3026 6561 3067 6562 3030 6562 3051 6562 3089 6563 3067 6563 3051 6563 3182 6564 3067 6564 3089 6564 3132 6565 3182 6565 3089 6565 3168 6566 3182 6566 3132 6566 2877 6567 2862 6567 2875 6567 2884 6568 2877 6568 2875 6568 2896 6569 2877 6569 2884 6569 2943 6570 2896 6570 2884 6570 3030 6571 2896 6571 2943 6571 3022 6572 3030 6572 2943 6572 3026 6573 3030 6573 3022 6573 2774 6574 2862 6574 2877 6574 2732 6575 2774 6575 2877 6575 2746 6576 2774 6576 2732 6576 2725 6577 2746 6577 2732 6577 2728 6578 2746 6578 2725 6578 2725 6579 2580 6579 2627 6579 2697 6580 2725 6580 2627 6580 2728 6581 2725 6581 2697 6581 2475 6582 2560 6582 2448 6582 2560 6583 2475 6583 2524 6583 2567 6584 2560 6584 2524 6584 2580 6585 2560 6585 2567 6585 2582 6586 2580 6586 2567 6586 2627 6587 2580 6587 2582 6587 2289 6588 2286 6588 2290 6588 2311 6589 2289 6589 2290 6589 2384 6590 2289 6590 2311 6590 2384 6591 2311 6591 2387 6591 2389 6592 2384 6592 2387 6592 2448 6593 2384 6593 2389 6593 2449 6594 2448 6594 2389 6594 2475 6595 2448 6595 2449 6595 3577 6596 3729 6596 3554 6596 3511 6597 3577 6597 3554 6597 3478 6598 3577 6598 3511 6598 3729 6599 3879 6599 3701 6599 3630 6600 3729 6600 3701 6600 3554 6601 3729 6601 3630 6601 4025 6602 3998 6602 3889 6602 3852 6603 4025 6603 3889 6603 3879 6604 4025 6604 3852 6604 3747 6605 3879 6605 3852 6605 3701 6606 3879 6606 3747 6606 4127 6607 4023 6607 4148 6607 4301 6608 4127 6608 4148 6608 4136 6609 4127 6609 4301 6609 4511 6610 4465 6610 4752 6610 4957 6611 4511 6611 4752 6611 4957 6612 5072 6612 4633 6612 4579 6613 4957 6613 4633 6613 4511 6614 4957 6614 4579 6614 5138 6615 4855 6615 4767 6615 4741 6616 5138 6616 4767 6616 5072 6617 5138 6617 4741 6617 4683 6618 5072 6618 4741 6618 4633 6619 5072 6619 4683 6619 4946 6620 4870 6620 5181 6620 5250 6621 4946 6621 5181 6621 4947 6622 4946 6622 5250 6622 4907 6623 4953 6623 5251 6623 5204 6624 4907 6624 5251 6624 5204 6625 5146 6625 4814 6625 4877 6626 5204 6626 4814 6626 4907 6627 5204 6627 4877 6627 5096 6628 4619 6628 4689 6628 4709 6629 5096 6629 4689 6629 5146 6630 5096 6630 4709 6630 4775 6631 5146 6631 4709 6631 4814 6632 5146 6632 4775 6632 4494 6633 4604 6633 5014 6633 4776 6634 4494 6634 5014 6634 4493 6635 4494 6635 4776 6635 4086 6636 4149 6636 4313 6636 4177 6637 4086 6637 4313 6637 4177 6638 4040 6638 3944 6638 4035 6639 4177 6639 3944 6639 4086 6640 4177 6640 4035 6640 3895 6641 3684 6641 3767 6641 3823 6642 3895 6642 3767 6642 4040 6643 3895 6643 3823 6643 3899 6644 4040 6644 3823 6644 3944 6645 4040 6645 3899 6645 3530 6646 3665 6646 3746 6646 3611 6647 3530 6647 3746 6647 3529 6648 3530 6648 3611 6648 3095 6649 3160 6649 3194 6649 3042 6650 3095 6650 3194 6650 3042 6651 2904 6651 2958 6651 3029 6652 3042 6652 2958 6652 3095 6653 3042 6653 3029 6653 2772 6654 2670 6654 2773 6654 2817 6655 2772 6655 2773 6655 2904 6656 2772 6656 2817 6656 2885 6657 2904 6657 2817 6657 2958 6658 2904 6658 2885 6658 2520 6659 2650 6659 2639 6659 2494 6660 2520 6660 2639 6660 2510 6661 2520 6661 2494 6661 2110 6662 2148 6662 2089 6662 1948 6663 2110 6663 2089 6663 1948 6664 1811 6664 1969 6664 2022 6665 1948 6665 1969 6665 2110 6666 1948 6666 2022 6666 1664 6667 1678 6667 1790 6667 1826 6668 1664 6668 1790 6668 1811 6669 1664 6669 1826 6669 1919 6670 1811 6670 1826 6670 1969 6671 1811 6671 1919 6671 1565 6672 1659 6672 1544 6672 1417 6673 1565 6673 1544 6673 1564 6674 1565 6674 1417 6674 1205 6675 1252 6675 1034 6675 863 6676 1205 6676 1034 6676 863 6677 664 6677 1089 6677 1132 6678 863 6678 1089 6678 1205 6679 863 6679 1132 6679 595 6680 885 6680 949 6680 989 6681 595 6681 949 6681 664 6682 595 6682 989 6682 1053 6683 664 6683 989 6683 1089 6684 664 6684 1053 6684 806 6685 870 6685 498 6685 451 6686 806 6686 498 6686 805 6687 806 6687 451 6687 770 6688 728 6688 415 6688 443 6689 770 6689 415 6689 443 6690 485 6690 840 6690 795 6691 443 6691 840 6691 770 6692 443 6692 795 6692 581 6693 1001 6693 928 6693 907 6694 581 6694 928 6694 485 6695 581 6695 907 6695 856 6696 485 6696 907 6696 840 6697 485 6697 856 6697 1109 6698 1035 6698 646 6698 800 6699 1109 6699 646 6699 1110 6700 1109 6700 800 6700 1467 6701 1414 6701 1246 6701 1376 6702 1467 6702 1246 6702 1376 6703 1498 6703 1604 6703 1517 6704 1376 6704 1604 6704 1467 6705 1376 6705 1517 6705 1642 6706 1844 6706 1762 6706 1724 6707 1642 6707 1762 6707 1498 6708 1642 6708 1724 6708 1641 6709 1498 6709 1724 6709 1604 6710 1498 6710 1641 6710 1778 6711 1993 6711 1867 6711 1994 6712 1993 6712 1778 6712 1900 6713 1994 6713 1778 6713 2115 6714 1994 6714 1900 6714 2411 6715 2343 6715 2313 6715 2461 6716 2411 6716 2313 6716 2461 6717 2586 6717 2545 6717 2481 6718 2461 6718 2545 6718 2411 6719 2461 6719 2481 6719 2723 6720 2844 6720 2730 6720 2695 6721 2723 6721 2730 6721 2586 6722 2723 6722 2695 6722 2624 6723 2586 6723 2695 6723 2545 6724 2586 6724 2624 6724 2869 6725 2998 6725 2863 6725 3000 6726 2998 6726 2869 6726 3013 6727 3000 6727 2869 6727 3125 6728 3000 6728 3013 6728 3406 6729 3354 6729 3421 6729 3567 6730 3406 6730 3421 6730 3567 6731 3713 6731 3555 6731 3499 6732 3567 6732 3555 6732 3406 6733 3567 6733 3499 6733 3858 6734 3854 6734 3740 6734 3702 6735 3858 6735 3740 6735 3713 6736 3858 6736 3702 6736 3612 6737 3713 6737 3702 6737 3555 6738 3713 6738 3612 6738 4004 6739 4000 6739 3876 6739 4001 6740 4000 6740 4004 6740 4141 6741 4001 6741 4004 6741 4106 6742 4001 6742 4141 6742 4400 6743 4324 6743 4576 6743 4722 6744 4400 6744 4576 6744 4722 6745 4918 6745 4510 6745 4453 6746 4722 6746 4510 6746 4400 6747 4722 6747 4453 6747 5050 6748 4746 6748 4673 6748 4634 6749 5050 6749 4673 6749 4918 6750 5050 6750 4634 6750 4567 6751 4918 6751 4634 6751 4510 6752 4918 6752 4567 6752 5125 6753 4862 6753 4761 6753 4864 6754 4862 6754 5125 6754 5173 6755 4864 6755 5125 6755 4926 6756 4864 6756 5173 6756 4969 6757 5007 6757 5289 6757 5257 6758 4969 6758 5289 6758 5257 6759 5212 6759 4906 6759 4959 6760 5257 6760 4906 6760 4969 6761 5257 6761 4959 6761 5153 6762 4719 6762 4797 6762 4815 6763 5153 6763 4797 6763 5212 6764 5153 6764 4815 6764 4886 6765 5212 6765 4815 6765 4906 6766 5212 6766 4886 6766 4624 6767 4695 6767 5105 6767 5023 6768 4624 6768 5105 6768 4623 6769 4624 6769 5023 6769 4506 6770 4623 6770 5023 6770 4234 6771 4296 6771 4496 6771 4330 6772 4234 6772 4496 6772 4330 6773 4208 6773 4085 6773 4172 6774 4330 6774 4085 6774 4234 6775 4330 6775 4172 6775 4059 6776 3829 6776 3913 6776 3946 6777 4059 6777 3913 6777 4208 6778 4059 6778 3946 6778 4048 6779 4208 6779 3946 6779 4085 6780 4208 6780 4048 6780 3686 6781 3798 6781 3904 6781 3757 6782 3686 6782 3904 6782 3675 6783 3686 6783 3757 6783 3549 6784 3675 6784 3757 6784 3232 6785 3316 6785 3347 6785 3207 6786 3232 6786 3347 6786 3207 6787 3056 6787 3094 6787 3175 6788 3207 6788 3094 6788 3232 6789 3207 6789 3175 6789 2921 6790 2818 6790 2909 6790 2959 6791 2921 6791 2909 6791 3056 6792 2921 6792 2959 6792 3039 6793 3056 6793 2959 6793 3094 6794 3056 6794 3039 6794 2669 6795 2796 6795 2797 6795 2654 6796 2669 6796 2797 6796 2666 6797 2669 6797 2654 6797 2532 6798 2666 6798 2654 6798 2242 6799 2302 6799 2245 6799 2119 6800 2242 6800 2245 6800 2119 6801 1976 6801 2109 6801 2163 6802 2119 6802 2109 6802 2242 6803 2119 6803 2163 6803 1835 6804 1821 6804 1930 6804 1968 6805 1835 6805 1930 6805 1976 6806 1835 6806 1968 6806 2052 6807 1976 6807 1968 6807 2109 6808 1976 6808 2052 6808 1676 6809 1802 6809 1694 6809 1578 6810 1676 6810 1694 6810 1675 6811 1676 6811 1578 6811 1589 6812 1675 6812 1578 6812 1318 6813 1369 6813 1170 6813 1048 6814 1318 6814 1170 6814 1048 6815 877 6815 1206 6815 1262 6816 1048 6816 1206 6816 1318 6817 1048 6817 1262 6817 690 6818 983 6818 1062 6818 1088 6819 690 6819 1062 6819 877 6820 690 6820 1088 6820 1147 6821 877 6821 1088 6821 1206 6822 877 6822 1147 6822 882 6823 973 6823 610 6823 509 6824 882 6824 610 6824 880 6825 882 6825 509 6825 826 6826 880 6826 509 6826 718 6827 706 6827 396 6827 407 6828 718 6828 396 6828 407 6829 436 6829 771 6829 721 6830 407 6830 771 6830 718 6831 407 6831 721 6831 476 6832 898 6832 848 6832 839 6833 476 6833 848 6833 436 6834 476 6834 839 6834 784 6835 436 6835 839 6835 771 6836 436 6836 784 6836 998 6837 916 6837 556 6837 635 6838 998 6838 556 6838 1003 6839 998 6839 635 6839 1091 6840 1003 6840 635 6840 1333 6841 1289 6841 1075 6841 1226 6842 1333 6842 1075 6842 1226 6843 1344 6843 1468 6843 1405 6844 1226 6844 1468 6844 1333 6845 1226 6845 1405 6845 1485 6846 1717 6846 1625 6846 1603 6847 1485 6847 1625 6847 1344 6848 1485 6848 1603 6848 1501 6849 1344 6849 1603 6849 1468 6850 1344 6850 1501 6850 1842 6851 1750 6851 1623 6851 1763 6852 1842 6852 1623 6852 1852 6853 1842 6853 1763 6853 1975 6854 1852 6854 1763 6854 2278 6855 2196 6855 2149 6855 2299 6856 2278 6856 2149 6856 2299 6857 2446 6857 2412 6857 2327 6858 2299 6858 2412 6858 2278 6859 2299 6859 2327 6859 2569 6860 2694 6860 2587 6860 2544 6861 2569 6861 2587 6861 2446 6862 2569 6862 2544 6862 2468 6863 2446 6863 2544 6863 2412 6864 2446 6864 2468 6864 2845 6865 2711 6865 2705 6865 2848 6866 2845 6866 2705 6866 2846 6867 2845 6867 2848 6867 2971 6868 2846 6868 2848 6868 3268 6869 3209 6869 3263 6869 3387 6870 3268 6870 3263 6870 3387 6871 3534 6871 3407 6871 3340 6872 3387 6872 3407 6872 3268 6873 3387 6873 3340 6873 3689 6874 3709 6874 3586 6874 3556 6875 3689 6875 3586 6875 3534 6876 3689 6876 3556 6876 3482 6877 3534 6877 3556 6877 3407 6878 3534 6878 3482 6878 3856 6879 3728 6879 3832 6879 3974 6880 3856 6880 3832 6880 3859 6881 3856 6881 3974 6881 3975 6882 3859 6882 3974 6882 4130 6883 4072 6883 4250 6883 4419 6884 4130 6884 4250 6884 4536 6885 4401 6885 4312 6885 4254 6886 4536 6886 4312 6886 4419 6887 4536 6887 4254 6887 4213 6888 4419 6888 4254 6888 4130 6889 4419 6889 4213 6889 4512 6890 4444 6890 4691 6890 4885 6891 4512 6891 4691 6891 4537 6892 4512 6892 4885 6892 4640 6893 4537 6893 4885 6893 4748 6894 4659 6894 5043 6894 5119 6895 4748 6895 5043 6895 4749 6896 4748 6896 5119 6896 4829 6897 4749 6897 5119 6897 4942 6898 4903 6898 5239 6898 5267 6899 4942 6899 5239 6899 5267 6900 5294 6900 4985 6900 4967 6901 5267 6901 4985 6901 4942 6902 5267 6902 4967 6902 5294 6903 5262 6903 4968 6903 5012 6904 5294 6904 4968 6904 4985 6905 5294 6905 5012 6905 5231 6906 4820 6906 4894 6906 4909 6907 5231 6907 4894 6907 5262 6908 5231 6908 4909 6908 4964 6909 5262 6909 4909 6909 4968 6910 5262 6910 4964 6910 4721 6911 4808 6911 5161 6911 5115 6912 4721 6912 5161 6912 4717 6913 4721 6913 5115 6913 4630 6914 4717 6914 5115 6914 4491 6915 4524 6915 4857 6915 4681 6916 4491 6916 4857 6916 4681 6917 4523 6917 4360 6917 4430 6918 4681 6918 4360 6918 4491 6919 4681 6919 4430 6919 4523 6920 4371 6920 4233 6920 4308 6921 4523 6921 4233 6921 4360 6922 4523 6922 4308 6922 4224 6923 3949 6923 4061 6923 4087 6924 4224 6924 4061 6924 4371 6925 4224 6925 4087 6925 4179 6926 4371 6926 4087 6926 4233 6927 4371 6927 4179 6927 3831 6928 3931 6928 4068 6928 3925 6929 3831 6929 4068 6929 3821 6930 3831 6930 3925 6930 3695 6931 3821 6931 3925 6931 3527 6932 3574 6932 3659 6932 3514 6933 3527 6933 3659 6933 3514 6934 3363 6934 3374 6934 3453 6935 3514 6935 3374 6935 3527 6936 3514 6936 3453 6936 3363 6937 3222 6937 3231 6937 3325 6938 3363 6938 3231 6938 3374 6939 3363 6939 3325 6939 3084 6940 2960 6940 3050 6940 3096 6941 3084 6941 3050 6941 3222 6942 3084 6942 3096 6942 3193 6943 3222 6943 3096 6943 3231 6944 3222 6944 3193 6944 2819 6945 2941 6945 2954 6945 2816 6946 2819 6946 2954 6946 2814 6947 2819 6947 2816 6947 2683 6948 2814 6948 2816 6948 2513 6949 2566 6949 2530 6949 2400 6950 2513 6950 2530 6950 2400 6951 2269 6951 2371 6951 2451 6952 2400 6952 2371 6952 2513 6953 2400 6953 2451 6953 2269 6954 2139 6954 2241 6954 2314 6955 2269 6955 2241 6955 2371 6956 2269 6956 2314 6956 2005 6957 1965 6957 2061 6957 2108 6958 2005 6958 2061 6958 2139 6959 2005 6959 2108 6959 2184 6960 2139 6960 2108 6960 2241 6961 2139 6961 2184 6961 1819 6962 1944 6962 1856 6962 1727 6963 1819 6963 1856 6963 1817 6964 1819 6964 1727 6964 1712 6965 1817 6965 1727 6965 1567 6966 1611 6966 1456 6966 1320 6967 1567 6967 1456 6967 1320 6968 1184 6968 1446 6968 1484 6969 1320 6969 1446 6969 1567 6970 1320 6970 1484 6970 1184 6971 1058 6971 1317 6971 1384 6972 1184 6972 1317 6972 1446 6973 1184 6973 1384 6973 905 6974 1085 6974 1162 6974 1203 6975 905 6975 1162 6975 1058 6976 905 6976 1203 6976 1272 6977 1058 6977 1203 6977 1317 6978 1058 6978 1272 6978 981 6979 1069 6979 697 6979 624 6980 981 6980 697 6980 980 6981 981 6981 624 6981 895 6982 980 6982 624 6982 810 6983 842 6983 466 6983 432 6984 810 6984 466 6984 432 6985 403 6985 753 6985 775 6986 432 6986 753 6986 810 6987 432 6987 775 6987 403 6988 404 6988 717 6988 716 6989 403 6989 717 6989 753 6990 403 6990 716 6990 433 6991 837 6991 777 6991 769 6992 433 6992 777 6992 404 6993 433 6993 769 6993 719 6994 404 6994 769 6994 717 6995 404 6995 719 6995 896 6996 843 6996 468 6996 541 6997 896 6997 468 6997 901 6998 896 6998 541 6998 992 6999 901 6999 541 6999 1113 7000 1074 7000 729 7000 914 7001 1113 7001 729 7001 914 7002 1064 7002 1236 7002 1173 7003 914 7003 1236 7003 1113 7004 914 7004 1173 7004 1064 7005 1192 7005 1334 7005 1276 7006 1064 7006 1334 7006 1236 7007 1064 7007 1276 7007 1323 7008 1602 7008 1488 7008 1466 7009 1323 7009 1488 7009 1192 7010 1323 7010 1466 7010 1386 7011 1192 7011 1466 7011 1334 7012 1192 7012 1386 7012 1715 7013 1615 7013 1473 7013 1613 7014 1715 7014 1473 7014 1725 7015 1715 7015 1613 7015 1833 7016 1725 7016 1613 7016 1996 7017 1949 7017 1864 7017 2006 7018 1996 7018 1864 7018 2006 7019 2142 7019 2136 7019 2065 7020 2006 7020 2136 7020 1996 7021 2006 7021 2065 7021 2142 7022 2283 7022 2279 7022 2188 7023 2142 7023 2279 7023 2136 7024 2142 7024 2188 7024 2417 7025 2543 7025 2457 7025 2410 7026 2417 7026 2457 7026 2283 7027 2417 7027 2410 7027 2317 7028 2283 7028 2410 7028 2279 7029 2283 7029 2317 7029 2686 7030 2574 7030 2535 7030 2685 7031 2686 7031 2535 7031 2698 7032 2686 7032 2685 7032 2828 7033 2698 7033 2685 7033 2996 7034 2952 7034 2970 7034 3093 7035 2996 7035 2970 7035 3093 7036 3229 7036 3133 7036 3057 7037 3093 7037 3133 7037 2996 7038 3093 7038 3057 7038 3229 7039 3366 7039 3269 7039 3196 7040 3229 7040 3269 7040 3133 7041 3229 7041 3196 7041 3518 7042 3557 7042 3456 7042 3408 7043 3518 7043 3456 7043 3366 7044 3518 7044 3408 7044 3331 7045 3366 7045 3408 7045 3269 7046 3366 7046 3331 7046 3711 7047 3576 7047 3666 7047 3801 7048 3711 7048 3666 7048 3717 7049 3711 7049 3801 7049 3838 7050 3717 7050 3801 7050 3996 7051 3937 7051 4073 7051 4230 7052 3996 7052 4073 7052 4230 7053 4375 7053 4123 7053 4066 7054 4230 7054 4123 7054 3996 7055 4230 7055 4066 7055 4375 7056 4525 7056 4255 7056 4199 7057 4375 7057 4255 7057 4123 7058 4375 7058 4199 7058 4685 7059 4514 7059 4434 7059 4403 7060 4685 7060 4434 7060 4525 7061 4685 7061 4403 7061 4309 7062 4525 7062 4403 7062 4255 7063 4525 7063 4309 7063 4644 7064 4527 7064 4871 7064 5039 7065 4644 7065 4871 7065 4647 7066 4644 7066 5039 7066 4730 7067 4647 7067 5039 7067 4851 7068 4811 7068 5163 7068 5236 7069 4851 7069 5163 7069 5236 7070 5264 7070 4935 7070 4898 7071 5236 7071 4935 7071 4851 7072 5236 7072 4898 7072 5264 7073 5295 7073 4987 7073 4965 7074 5264 7074 4987 7074 4935 7075 5264 7075 4965 7075 5266 7076 4911 7076 4966 7076 4972 7077 5266 7077 4966 7077 5295 7078 5266 7078 4972 7078 5013 7079 5295 7079 4972 7079 4987 7080 5295 7080 5013 7080 4825 7081 4901 7081 5238 7081 5164 7082 4825 7082 5238 7082 4819 7083 4825 7083 5164 7083 4732 7084 4819 7084 5164 7084 4618 7085 4653 7085 5041 7085 4875 7086 4618 7086 5041 7086 4875 7087 4688 7087 4486 7087 4532 7088 4875 7088 4486 7088 4618 7089 4875 7089 4532 7089 4688 7090 4530 7090 4359 7090 4441 7091 4688 7091 4359 7091 4486 7092 4688 7092 4441 7092 4411 7093 4089 7093 4207 7093 4235 7094 4411 7094 4207 7094 4530 7095 4411 7095 4235 7095 4311 7096 4530 7096 4235 7096 4359 7097 4530 7097 4311 7097 3955 7098 4070 7098 4247 7098 4081 7099 3955 7099 4247 7099 3941 7100 3955 7100 4081 7100 3841 7101 3941 7101 4081 7101 3524 7102 3581 7102 3672 7102 3519 7103 3524 7103 3672 7103 3519 7104 3384 7104 3373 7104 3474 7105 3519 7105 3373 7105 3524 7106 3519 7106 3474 7106 3259 7107 3097 7107 3205 7107 3233 7108 3259 7108 3205 7108 3384 7109 3259 7109 3233 7109 3336 7110 3384 7110 3233 7110 3373 7111 3384 7111 3336 7111 2967 7112 3076 7112 3127 7112 2975 7113 2967 7113 3127 7113 2956 7114 2967 7114 2975 7114 2831 7115 2956 7115 2975 7115 2519 7116 2579 7116 2549 7116 2442 7117 2519 7117 2549 7117 2442 7118 2294 7118 2370 7118 2465 7119 2442 7119 2370 7119 2519 7120 2442 7120 2465 7120 2145 7121 2107 7121 2194 7121 2239 7122 2145 7122 2194 7122 2294 7123 2145 7123 2239 7123 2323 7124 2294 7124 2239 7124 2370 7125 2294 7125 2323 7125 1960 7126 2084 7126 2012 7126 1870 7127 1960 7127 2012 7127 1957 7128 1960 7128 1870 7128 1838 7129 1957 7129 1870 7129 1572 7130 1619 7130 1479 7130 1337 7131 1572 7131 1479 7131 1337 7132 1224 7132 1445 7132 1494 7133 1337 7133 1445 7133 1572 7134 1337 7134 1494 7134 1071 7135 1200 7135 1283 7135 1315 7136 1071 7136 1283 7136 1224 7137 1071 7137 1315 7137 1403 7138 1224 7138 1315 7138 1445 7139 1224 7139 1403 7139 1079 7140 1180 7140 927 7140 756 7141 1079 7141 927 7141 1078 7142 1079 7142 756 7142 995 7143 1078 7143 756 7143 813 7144 845 7144 474 7144 435 7145 813 7145 474 7145 435 7146 406 7146 752 7146 783 7147 435 7147 752 7147 813 7148 435 7148 783 7148 397 7149 767 7149 711 7149 714 7150 397 7150 711 7150 406 7151 397 7151 714 7151 720 7152 406 7152 714 7152 752 7153 406 7153 720 7153 828 7154 773 7154 431 7154 463 7155 828 7155 431 7155 833 7156 828 7156 463 7156 894 7157 833 7157 463 7157 1115 7158 1067 7158 695 7158 893 7159 1115 7159 695 7159 893 7160 1050 7160 1237 7160 1151 7161 893 7161 1237 7161 1115 7162 893 7162 1151 7162 1175 7163 1464 7163 1375 7163 1332 7164 1175 7164 1375 7164 1050 7165 1175 7165 1332 7165 1263 7166 1050 7166 1332 7166 1237 7167 1050 7167 1263 7167 1595 7168 1480 7168 1308 7168 1452 7169 1595 7169 1308 7169 1607 7170 1595 7170 1452 7170 1698 7171 1607 7171 1452 7171 1997 7172 1936 7172 1840 7172 1990 7173 1997 7173 1840 7173 1990 7174 2124 7174 2137 7174 2057 7175 1990 7175 2137 7175 1997 7176 1990 7176 2057 7176 2262 7177 2409 7177 2305 7177 2277 7178 2262 7178 2305 7178 2124 7179 2262 7179 2277 7179 2174 7180 2124 7180 2277 7180 2137 7181 2124 7181 2174 7181 2537 7182 2445 7182 2388 7182 2523 7183 2537 7183 2388 7183 2546 7184 2537 7184 2523 7184 2682 7185 2546 7185 2523 7185 2989 7186 2920 7186 2947 7186 3075 7187 2989 7187 2947 7187 3075 7188 3211 7188 3134 7188 3044 7189 3075 7189 3134 7189 2989 7190 3075 7190 3044 7190 3353 7191 3409 7191 3321 7191 3271 7192 3353 7192 3321 7192 3211 7193 3353 7193 3271 7193 3180 7194 3211 7194 3271 7194 3134 7195 3211 7195 3180 7195 3564 7196 3448 7196 3510 7196 3653 7197 3564 7197 3510 7197 3568 7198 3564 7198 3653 7198 3690 7199 3568 7199 3653 7199 3995 7200 3926 7200 4065 7200 4217 7201 3995 7201 4065 7201 4217 7202 4352 7202 4124 7202 4056 7203 4217 7203 4124 7203 3995 7204 4217 7204 4056 7204 4503 7205 4404 7205 4299 7205 4257 7206 4503 7206 4299 7206 4352 7207 4503 7207 4257 7207 4175 7208 4352 7208 4257 7208 4124 7209 4352 7209 4175 7209 4520 7210 4424 7210 4668 7210 4827 7211 4520 7211 4668 7211 4522 7212 4520 7212 4827 7212 4628 7213 4522 7213 4827 7213 4850 7214 4805 7214 5159 7214 5217 7215 4850 7215 5159 7215 5217 7216 5260 7216 4934 7216 4892 7217 5217 7217 4934 7217 4850 7218 5217 7218 4892 7218 5291 7219 4978 7219 5010 7219 4993 7220 5291 7220 5010 7220 5260 7221 5291 7221 4993 7221 4962 7222 5260 7222 4993 7222 4934 7223 5260 7223 4962 7223 4921 7224 4971 7224 5271 7224 5241 7225 4921 7225 5271 7225 4916 7226 4921 7226 5241 7226 4831 7227 4916 7227 5241 7227 4616 7228 4664 7228 5046 7228 4897 7229 4616 7229 5046 7229 4897 7230 4699 7230 4484 7230 4542 7231 4897 7231 4484 7231 4616 7232 4897 7232 4542 7232 4565 7233 4238 7233 4315 7233 4362 7234 4565 7234 4315 7234 4699 7235 4565 7235 4362 7235 4448 7236 4699 7236 4362 7236 4484 7237 4699 7237 4448 7237 4095 7238 4221 7238 4427 7238 4267 7239 4095 7239 4427 7239 4082 7240 4095 7240 4267 7240 3981 7241 4082 7241 4267 7241 3681 7242 3734 7242 3839 7242 3693 7243 3681 7243 3839 7243 3693 7244 3545 7244 3522 7244 3604 7245 3693 7245 3522 7245 3681 7246 3693 7246 3604 7246 3399 7247 3237 7247 3349 7247 3377 7248 3399 7248 3349 7248 3545 7249 3399 7249 3377 7249 3490 7250 3545 7250 3377 7250 3522 7251 3545 7251 3490 7251 3102 7252 3215 7252 3279 7252 3148 7253 3102 7253 3279 7253 3092 7254 3102 7254 3148 7254 2977 7255 3092 7255 3148 7255 2675 7256 2717 7256 2709 7256 2578 7257 2675 7257 2709 7257 2578 7258 2455 7258 2516 7258 2609 7259 2578 7259 2516 7259 2675 7260 2578 7260 2609 7260 2307 7261 2236 7261 2337 7261 2366 7262 2307 7262 2337 7262 2455 7263 2307 7263 2366 7263 2473 7264 2455 7264 2366 7264 2516 7265 2455 7265 2473 7265 2102 7266 2218 7266 2157 7266 2021 7267 2102 7267 2157 7267 2098 7268 2102 7268 2021 7268 1987 7269 2098 7269 2021 7269 1683 7270 1755 7270 1629 7270 1489 7271 1683 7271 1629 7271 1489 7272 1370 7272 1571 7272 1634 7273 1489 7273 1571 7273 1683 7274 1489 7274 1634 7274 1242 7275 1312 7275 1411 7275 1441 7276 1242 7276 1411 7276 1370 7277 1242 7277 1441 7277 1507 7278 1370 7278 1441 7278 1571 7279 1370 7279 1507 7279 1195 7280 1297 7280 1092 7280 941 7281 1195 7281 1092 7281 1190 7282 1195 7282 941 7282 1099 7283 1190 7283 941 7283 889 7284 922 7284 560 7284 480 7285 889 7285 560 7285 480 7286 440 7286 815 7286 853 7287 480 7287 815 7287 889 7288 480 7288 853 7288 411 7289 708 7289 725 7289 747 7290 411 7290 725 7290 440 7291 411 7291 747 7291 790 7292 440 7292 747 7292 815 7293 440 7293 790 7293 759 7294 701 7294 391 7294 425 7295 759 7295 391 7295 762 7296 759 7296 425 7296 820 7297 762 7297 425 7297 1010 7298 955 7298 603 7298 672 7299 1010 7299 603 7299 672 7300 868 7300 1117 7300 1059 7301 672 7301 1117 7301 1010 7302 672 7302 1059 7302 1041 7303 1327 7303 1255 7303 1232 7304 1041 7304 1255 7304 868 7305 1041 7305 1232 7305 1138 7306 868 7306 1232 7306 1117 7307 868 7307 1138 7307 1459 7308 1345 7308 1150 7308 1292 7309 1459 7309 1150 7309 1469 7310 1459 7310 1292 7310 1582 7311 1469 7311 1292 7311 1849 7312 1797 7312 1689 7312 1830 7313 1849 7313 1689 7313 1830 7314 1959 7314 1999 7314 1923 7315 1830 7315 1999 7315 1849 7316 1830 7316 1923 7316 2096 7317 2271 7317 2153 7317 2131 7318 2096 7318 2153 7318 1959 7319 2096 7319 2131 7319 2032 7320 1959 7320 2131 7320 1999 7321 1959 7321 2032 7321 2404 7322 2292 7322 2227 7322 2355 7323 2404 7323 2227 7323 2414 7324 2404 7324 2355 7324 2526 7325 2414 7325 2355 7325 2841 7326 2783 7326 2782 7326 2916 7327 2841 7327 2782 7327 2916 7328 3048 7328 2994 7328 2905 7329 2916 7329 2994 7329 2841 7330 2916 7330 2905 7330 3197 7331 3276 7331 3166 7331 3140 7332 3197 7332 3166 7332 3048 7333 3197 7333 3140 7333 3034 7334 3048 7334 3140 7334 2994 7335 3048 7335 3034 7335 3414 7336 3308 7336 3338 7336 3492 7337 3414 7337 3338 7337 3419 7338 3414 7338 3492 7338 3537 7339 3419 7339 3492 7339 3847 7340 3793 7340 3900 7340 4053 7341 3847 7341 3900 7341 4053 7342 4201 7342 3993 7342 3908 7343 4053 7343 3993 7343 3847 7344 4053 7344 3908 7344 4320 7345 4263 7345 4167 7345 4131 7346 4320 7346 4167 7346 4201 7347 4320 7347 4131 7347 4042 7348 4201 7348 4131 7348 3993 7349 4201 7349 4042 7349 4409 7350 4284 7350 4477 7350 4648 7351 4409 7351 4477 7351 4413 7352 4409 7352 4648 7352 4499 7353 4413 7353 4648 7353 4736 7354 4692 7354 5101 7354 5149 7355 4736 7355 5101 7355 5149 7356 5206 7356 4846 7356 4793 7357 5149 7357 4846 7357 4736 7358 5149 7358 4793 7358 5252 7359 5001 7359 4954 7359 4941 7360 5252 7360 4954 7360 5206 7361 5252 7361 4941 7361 4879 7362 5206 7362 4941 7362 4846 7363 5206 7363 4879 7363 4990 7364 5003 7364 5282 7364 5278 7365 4990 7365 5282 7365 4989 7366 4990 7366 5278 7366 4952 7367 4989 7367 5278 7367 2063 7368 2008 7368 1875 7368 1934 7369 2063 7369 1875 7369 2013 7370 2063 7370 1934 7370 1983 7371 2013 7371 1934 7371 1934 7372 1875 7372 1853 7372 1696 7373 1934 7373 1853 7373 1793 7374 1934 7374 1696 7374 1692 7375 1793 7375 1696 7375 1652 7376 1793 7376 1692 7376 1525 7377 1404 7377 1537 7377 1652 7378 1525 7378 1537 7378 1543 7379 1525 7379 1652 7379 1692 7380 1543 7380 1652 7380 1537 7381 1404 7381 1356 7381 1409 7382 1537 7382 1356 7382 1477 7383 1537 7383 1409 7383 1431 7384 1477 7384 1409 7384 1168 7385 1070 7385 1271 7385 1409 7386 1168 7386 1271 7386 1250 7387 1168 7387 1409 7387 1356 7388 1250 7388 1409 7388 1271 7389 1070 7389 971 7389 1129 7390 1271 7390 971 7390 1225 7391 1271 7391 1129 7391 1172 7392 1225 7392 1129 7392 1129 7393 873 7393 681 7393 994 7394 1129 7394 681 7394 1068 7395 1129 7395 994 7395 1054 7396 1068 7396 994 7396 994 7397 648 7397 521 7397 847 7398 994 7398 521 7398 923 7399 994 7399 847 7399 921 7400 923 7400 847 7400 847 7401 521 7401 496 7401 362 7402 847 7402 496 7402 655 7403 847 7403 362 7403 360 7404 655 7404 362 7404 590 7405 655 7405 360 7405 306 7406 270 7406 492 7406 590 7407 306 7407 492 7407 317 7408 306 7408 590 7408 360 7409 317 7409 590 7409 492 7410 270 7410 250 7410 449 7411 492 7411 250 7411 579 7412 492 7412 449 7412 563 7413 579 7413 449 7413 195 7414 165 7414 420 7414 449 7415 195 7415 420 7415 218 7416 195 7416 449 7416 250 7417 218 7417 449 7417 420 7418 165 7418 141 7418 381 7419 420 7419 141 7419 511 7420 420 7420 381 7420 513 7421 511 7421 381 7421 381 7422 112 7422 150 7422 418 7423 381 7423 150 7423 534 7424 381 7424 418 7424 547 7425 534 7425 418 7425 418 7426 161 7426 207 7426 446 7427 418 7427 207 7427 584 7428 418 7428 446 7428 591 7429 584 7429 446 7429 446 7430 207 7430 217 7430 257 7431 446 7431 217 7431 487 7432 446 7432 257 7432 258 7433 487 7433 257 7433 588 7434 487 7434 258 7434 320 7435 359 7435 652 7435 588 7436 320 7436 652 7436 316 7437 320 7437 588 7437 258 7438 316 7438 588 7438 652 7439 359 7439 398 7439 835 7440 652 7440 398 7440 953 7441 652 7441 835 7441 996 7442 953 7442 835 7442 576 7443 636 7443 979 7443 835 7444 576 7444 979 7444 486 7445 576 7445 835 7445 398 7446 486 7446 835 7446 979 7447 636 7447 744 7447 1125 7448 979 7448 744 7448 1227 7449 979 7449 1125 7449 1248 7450 1227 7450 1125 7450 1125 7451 860 7451 1016 7451 1260 7452 1125 7452 1016 7452 1321 7453 1125 7453 1260 7453 1368 7454 1321 7454 1260 7454 1260 7455 1057 7455 1207 7455 1402 7456 1260 7456 1207 7456 1476 7457 1260 7457 1402 7457 1483 7458 1476 7458 1402 7458 1402 7459 1207 7459 1239 7459 1388 7460 1402 7460 1239 7460 1516 7461 1402 7461 1388 7461 1401 7462 1516 7462 1388 7462 1649 7463 1516 7463 1401 7463 1551 7464 1672 7464 1788 7464 1649 7465 1551 7465 1788 7465 1538 7466 1551 7466 1649 7466 1401 7467 1538 7467 1649 7467 1788 7468 1672 7468 1743 7468 1924 7469 1788 7469 1743 7469 1933 7470 1788 7470 1924 7470 1942 7471 1933 7471 1924 7471 1915 7472 2004 7472 2058 7472 1924 7473 1915 7473 2058 7473 1836 7474 1915 7474 1924 7474 1743 7475 1836 7475 1924 7475 2058 7476 2004 7476 2081 7476 2187 7477 2058 7477 2081 7477 2160 7478 2058 7478 2187 7478 2215 7479 2160 7479 2187 7479 2187 7480 2144 7480 2255 7480 2322 7481 2187 7481 2255 7481 2318 7482 2187 7482 2322 7482 2341 7483 2318 7483 2322 7483 2322 7484 2297 7484 2427 7484 2470 7485 2322 7485 2427 7485 2351 7486 2322 7486 2470 7486 2447 7487 2351 7487 2470 7487 2470 7488 2427 7488 2454 7488 2590 7489 2470 7489 2454 7489 2625 7490 2470 7490 2590 7490 2604 7491 2625 7491 2590 7491 2750 7492 2625 7492 2604 7492 2755 7493 2882 7493 2878 7493 2750 7494 2755 7494 2878 7494 2749 7495 2755 7495 2750 7495 2604 7496 2749 7496 2750 7496 2878 7497 2882 7497 2923 7497 3024 7498 2878 7498 2923 7498 2944 7499 2878 7499 3024 7499 3009 7500 2944 7500 3024 7500 3108 7501 3192 7501 3162 7501 3024 7502 3108 7502 3162 7502 3036 7503 3108 7503 3024 7503 2923 7504 3036 7504 3024 7504 3162 7505 3192 7505 3285 7505 3314 7506 3162 7506 3285 7506 3210 7507 3162 7507 3314 7507 3216 7508 3210 7508 3314 7508 3314 7509 3342 7509 3466 7509 3449 7510 3314 7510 3466 7510 3361 7511 3314 7511 3449 7511 3362 7512 3361 7512 3449 7512 3449 7513 3508 7513 3643 7513 3577 7514 3449 7514 3643 7514 3452 7515 3449 7515 3577 7515 3478 7516 3452 7516 3577 7516 3577 7517 3643 7517 3660 7517 3817 7518 3577 7518 3660 7518 3729 7519 3577 7519 3817 7519 3820 7520 3729 7520 3817 7520 3879 7521 3729 7521 3820 7521 4019 7522 4145 7522 4025 7522 3879 7523 4019 7523 4025 7523 3983 7524 4019 7524 3879 7524 3820 7525 3983 7525 3879 7525 4025 7526 4145 7526 4185 7526 4148 7527 4025 7527 4185 7527 3998 7528 4025 7528 4148 7528 4023 7529 3998 7529 4148 7529 4381 7530 4478 7530 4301 7530 4148 7531 4381 7531 4301 7531 4310 7532 4381 7532 4148 7532 4185 7533 4310 7533 4148 7533 4301 7534 4478 7534 4588 7534 4445 7535 4301 7535 4588 7535 4136 7536 4301 7536 4445 7536 4246 7537 4136 7537 4445 7537 4445 7538 4684 7538 4848 7538 4586 7539 4445 7539 4848 7539 4262 7540 4445 7540 4586 7540 4351 7541 4262 7541 4586 7541 4586 7542 4944 7542 5087 7542 4752 7543 4586 7543 5087 7543 4402 7544 4586 7544 4752 7544 4465 7545 4402 7545 4752 7545 4752 7546 5087 7546 5114 7546 5232 7547 4752 7547 5114 7547 4957 7548 4752 7548 5232 7548 5235 7549 4957 7549 5232 7549 5072 7550 4957 7550 5235 7550 5352 7551 5391 7551 5138 7551 5072 7552 5352 7552 5138 7552 5339 7553 5352 7553 5072 7553 5235 7554 5339 7554 5072 7554 5138 7555 5391 7555 5419 7555 5181 7556 5138 7556 5419 7556 4855 7557 5138 7557 5181 7557 4870 7558 4855 7558 5181 7558 5493 7559 5526 7559 5250 7559 5181 7560 5493 7560 5250 7560 5470 7561 5493 7561 5181 7561 5419 7562 5470 7562 5181 7562 5250 7563 5526 7563 5553 7563 5280 7564 5250 7564 5553 7564 4947 7565 5250 7565 5280 7565 4996 7566 4947 7566 5280 7566 5280 7567 5586 7567 5595 7567 5281 7568 5280 7568 5595 7568 5000 7569 5280 7569 5281 7569 5002 7570 5000 7570 5281 7570 5281 7571 5597 7571 5542 7571 5251 7572 5281 7572 5542 7572 4973 7573 5281 7573 5251 7573 4953 7574 4973 7574 5251 7574 5251 7575 5542 7575 5527 7575 5484 7576 5251 7576 5527 7576 5204 7577 5251 7577 5484 7577 5483 7578 5204 7578 5484 7578 5146 7579 5204 7579 5483 7579 5405 7580 5358 7580 5096 7580 5146 7581 5405 7581 5096 7581 5410 7582 5405 7582 5146 7582 5483 7583 5410 7583 5146 7583 5096 7584 5358 7584 5324 7584 5014 7585 5096 7585 5324 7585 4619 7586 5096 7586 5014 7586 4604 7587 4619 7587 5014 7587 5179 7588 5127 7588 4776 7588 5014 7589 5179 7589 4776 7589 5255 7590 5179 7590 5014 7590 5324 7591 5255 7591 5014 7591 4776 7592 5127 7592 5052 7592 4631 7593 4776 7593 5052 7593 4493 7594 4776 7594 4631 7594 4397 7595 4493 7595 4631 7595 4631 7596 5015 7596 4784 7596 4475 7597 4631 7597 4784 7597 4369 7598 4631 7598 4475 7598 4275 7599 4369 7599 4475 7599 4475 7600 4728 7600 4556 7600 4313 7601 4475 7601 4556 7601 4236 7602 4475 7602 4313 7602 4149 7603 4236 7603 4313 7603 4313 7604 4556 7604 4526 7604 4344 7605 4313 7605 4526 7605 4177 7606 4313 7606 4344 7606 4329 7607 4177 7607 4344 7607 4040 7608 4177 7608 4329 7608 4163 7609 4029 7609 3895 7609 4040 7610 4163 7610 3895 7610 4176 7611 4163 7611 4040 7611 4329 7612 4176 7612 4040 7612 3895 7613 4029 7613 3962 7613 3746 7614 3895 7614 3962 7614 3684 7615 3895 7615 3746 7615 3665 7616 3684 7616 3746 7616 3764 7617 3696 7617 3611 7617 3746 7618 3764 7618 3611 7618 3862 7619 3764 7619 3746 7619 3962 7620 3862 7620 3746 7620 3611 7621 3696 7621 3589 7621 3483 7622 3611 7622 3589 7622 3529 7623 3611 7623 3483 7623 3398 7624 3529 7624 3483 7624 3483 7625 3531 7625 3433 7625 3334 7626 3483 7626 3433 7626 3382 7627 3483 7627 3334 7627 3303 7628 3382 7628 3334 7628 3334 7629 3368 7629 3255 7629 3194 7630 3334 7630 3255 7630 3234 7631 3334 7631 3194 7631 3160 7632 3234 7632 3194 7632 3194 7633 3255 7633 3218 7633 3072 7634 3194 7634 3218 7634 3042 7635 3194 7635 3072 7635 3059 7636 3042 7636 3072 7636 2904 7637 3042 7637 3059 7637 2898 7638 2771 7638 2772 7638 2904 7639 2898 7639 2772 7639 2913 7640 2898 7640 2904 7640 3059 7641 2913 7641 2904 7641 2772 7642 2771 7642 2745 7642 2639 7643 2772 7643 2745 7643 2670 7644 2772 7644 2639 7644 2650 7645 2670 7645 2639 7645 2564 7646 2476 7646 2494 7646 2639 7647 2564 7647 2494 7647 2632 7648 2564 7648 2639 7648 2745 7649 2632 7649 2639 7649 2494 7650 2476 7650 2385 7650 2350 7651 2494 7651 2385 7651 2510 7652 2494 7652 2350 7652 2399 7653 2510 7653 2350 7653 2350 7654 2320 7654 2205 7654 2221 7655 2350 7655 2205 7655 2362 7656 2350 7656 2221 7656 2285 7657 2362 7657 2221 7657 2221 7658 2170 7658 2041 7658 2089 7659 2221 7659 2041 7659 2240 7660 2221 7660 2089 7660 2148 7661 2240 7661 2089 7661 2089 7662 2041 7662 2018 7662 1873 7663 2089 7663 2018 7663 1948 7664 2089 7664 1873 7664 1869 7665 1948 7665 1873 7665 1811 7666 1948 7666 1869 7666 1699 7667 1579 7667 1664 7667 1811 7668 1699 7668 1664 7668 1728 7669 1699 7669 1811 7669 1869 7670 1728 7670 1811 7670 1664 7671 1579 7671 1533 7671 1544 7672 1664 7672 1533 7672 1678 7673 1664 7673 1544 7673 1659 7674 1678 7674 1544 7674 1358 7675 1265 7675 1417 7675 1544 7676 1358 7676 1417 7676 1416 7677 1358 7677 1544 7677 1533 7678 1416 7678 1544 7678 1417 7679 1265 7679 1167 7679 1285 7680 1417 7680 1167 7680 1564 7681 1417 7681 1285 7681 1454 7682 1564 7682 1285 7682 1285 7683 1098 7683 965 7683 1143 7684 1285 7684 965 7684 1435 7685 1285 7685 1143 7685 1338 7686 1435 7686 1143 7686 1143 7687 911 7687 678 7687 1034 7688 1143 7688 678 7688 1316 7689 1143 7689 1034 7689 1252 7690 1316 7690 1034 7690 1034 7691 678 7691 657 7691 518 7692 1034 7692 657 7692 863 7693 1034 7693 518 7693 515 7694 863 7694 518 7694 664 7695 863 7695 515 7695 363 7696 331 7696 595 7696 664 7697 363 7697 595 7697 374 7698 363 7698 664 7698 515 7699 374 7699 664 7699 595 7700 331 7700 312 7700 498 7701 595 7701 312 7701 885 7702 595 7702 498 7702 870 7703 885 7703 498 7703 252 7704 220 7704 451 7704 498 7705 252 7705 451 7705 271 7706 252 7706 498 7706 312 7707 271 7707 498 7707 451 7708 220 7708 194 7708 422 7709 451 7709 194 7709 805 7710 451 7710 422 7710 754 7711 805 7711 422 7711 422 7712 169 7712 133 7712 386 7713 422 7713 133 7713 738 7714 422 7714 386 7714 698 7715 738 7715 386 7715 386 7716 114 7716 146 7716 415 7717 386 7717 146 7717 715 7718 386 7718 415 7718 728 7719 715 7719 415 7719 415 7720 146 7720 152 7720 203 7721 415 7721 152 7721 443 7722 415 7722 203 7722 204 7723 443 7723 203 7723 485 7724 443 7724 204 7724 259 7725 302 7725 581 7725 485 7726 259 7726 581 7726 255 7727 259 7727 485 7727 204 7728 255 7728 485 7728 581 7729 302 7729 327 7729 646 7730 581 7730 327 7730 1001 7731 581 7731 646 7731 1035 7732 1001 7732 646 7732 401 7733 473 7733 800 7733 646 7734 401 7734 800 7734 357 7735 401 7735 646 7735 327 7736 357 7736 646 7736 800 7737 473 7737 575 7737 948 7738 800 7738 575 7738 1110 7739 800 7739 948 7739 1219 7740 1110 7740 948 7740 948 7741 625 7741 740 7741 1101 7742 948 7742 740 7742 1228 7743 948 7743 1101 7743 1303 7744 1228 7744 1101 7744 1101 7745 838 7745 1014 7745 1246 7746 1101 7746 1014 7746 1331 7747 1101 7747 1246 7747 1414 7748 1331 7748 1246 7748 1246 7749 1014 7749 1045 7749 1201 7750 1246 7750 1045 7750 1376 7751 1246 7751 1201 7751 1208 7752 1376 7752 1201 7752 1498 7753 1376 7753 1208 7753 1389 7754 1509 7754 1642 7754 1498 7755 1389 7755 1642 7755 1371 7756 1389 7756 1498 7756 1208 7757 1371 7757 1498 7757 1642 7758 1509 7758 1557 7758 1778 7759 1642 7759 1557 7759 1844 7760 1642 7760 1778 7760 1867 7761 1844 7761 1778 7761 1745 7762 1812 7762 1900 7762 1778 7763 1745 7763 1900 7763 1655 7764 1745 7764 1778 7764 1557 7765 1655 7765 1778 7765 1900 7766 1812 7766 1916 7766 2029 7767 1900 7767 1916 7767 2115 7768 1900 7768 2029 7768 2128 7769 2115 7769 2029 7769 2029 7770 1972 7770 2079 7770 2168 7771 2029 7771 2079 7771 2128 7772 2029 7772 2168 7772 2224 7773 2128 7773 2168 7773 2168 7774 2125 7774 2251 7774 2313 7775 2168 7775 2251 7775 2276 7776 2168 7776 2313 7776 2343 7777 2276 7777 2313 7777 2313 7778 2251 7778 2281 7778 2425 7779 2313 7779 2281 7779 2461 7780 2313 7780 2425 7780 2438 7781 2461 7781 2425 7781 2586 7782 2461 7782 2438 7782 2591 7783 2718 7783 2723 7783 2586 7784 2591 7784 2723 7784 2572 7785 2591 7785 2586 7785 2438 7786 2572 7786 2586 7786 2723 7787 2718 7787 2756 7787 2869 7788 2723 7788 2756 7788 2844 7789 2723 7789 2869 7789 2863 7790 2844 7790 2869 7790 2922 7791 3023 7791 3013 7791 2869 7792 2922 7792 3013 7792 2873 7793 2922 7793 2869 7793 2756 7794 2873 7794 2869 7794 3013 7795 3023 7795 3109 7795 3153 7796 3013 7796 3109 7796 3125 7797 3013 7797 3153 7797 3142 7798 3125 7798 3153 7798 3153 7799 3172 7799 3291 7799 3283 7800 3153 7800 3291 7800 3142 7801 3153 7801 3283 7801 3223 7802 3142 7802 3283 7802 3283 7803 3327 7803 3468 7803 3421 7804 3283 7804 3468 7804 3270 7805 3283 7805 3421 7805 3354 7806 3270 7806 3421 7806 3421 7807 3468 7807 3487 7807 3644 7808 3421 7808 3487 7808 3567 7809 3421 7809 3644 7809 3649 7810 3567 7810 3644 7810 3713 7811 3567 7811 3649 7811 3816 7812 3940 7812 3858 7812 3713 7813 3816 7813 3858 7813 3790 7814 3816 7814 3713 7814 3649 7815 3790 7815 3713 7815 3858 7816 3940 7816 4012 7816 4004 7817 3858 7817 4012 7817 3854 7818 3858 7818 4004 7818 3876 7819 3854 7819 4004 7819 4183 7820 4294 7820 4141 7820 4004 7821 4183 7821 4141 7821 4118 7822 4183 7822 4004 7822 4012 7823 4118 7823 4004 7823 4141 7824 4294 7824 4382 7824 4278 7825 4141 7825 4382 7825 4106 7826 4141 7826 4278 7826 4133 7827 4106 7827 4278 7827 4278 7828 4459 7828 4592 7828 4432 7829 4278 7829 4592 7829 4133 7830 4278 7830 4432 7830 4225 7831 4133 7831 4432 7831 4432 7832 4657 7832 4854 7832 4576 7833 4432 7833 4854 7833 4256 7834 4432 7834 4576 7834 4324 7835 4256 7835 4576 7835 4576 7836 4854 7836 4883 7836 5089 7837 4576 7837 4883 7837 4722 7838 4576 7838 5089 7838 5097 7839 4722 7839 5089 7839 4918 7840 4722 7840 5097 7840 5230 7841 5313 7841 5050 7841 4918 7842 5230 7842 5050 7842 5203 7843 5230 7843 4918 7843 5097 7844 5203 7844 4918 7844 5050 7845 5313 7845 5345 7845 5125 7846 5050 7846 5345 7846 4746 7847 5050 7847 5125 7847 4761 7848 4746 7848 5125 7848 5412 7849 5465 7849 5173 7849 5125 7850 5412 7850 5173 7850 5384 7851 5412 7851 5125 7851 5345 7852 5384 7852 5125 7852 5173 7853 5465 7853 5494 7853 5244 7854 5173 7854 5494 7854 4926 7855 5173 7855 5244 7855 4943 7856 4926 7856 5244 7856 5244 7857 5520 7857 5556 7857 5274 7858 5244 7858 5556 7858 4943 7859 5244 7859 5274 7859 4976 7860 4943 7860 5274 7860 5274 7861 5580 7861 5599 7861 5289 7862 5274 7862 5599 7862 4992 7863 5274 7863 5289 7863 5007 7864 4992 7864 5289 7864 5289 7865 5599 7865 5606 7865 5546 7866 5289 7866 5606 7866 5257 7867 5289 7867 5546 7867 5545 7868 5257 7868 5546 7868 5212 7869 5257 7869 5545 7869 5482 7870 5440 7870 5153 7870 5212 7871 5482 7871 5153 7871 5492 7872 5482 7872 5212 7872 5545 7873 5492 7873 5212 7873 5153 7874 5440 7874 5399 7874 5105 7875 5153 7875 5399 7875 4719 7876 5153 7876 5105 7876 4695 7877 4719 7877 5105 7877 5322 7878 5286 7878 5023 7878 5105 7879 5322 7879 5023 7879 5364 7880 5322 7880 5105 7880 5399 7881 5364 7881 5105 7881 5023 7882 5286 7882 5178 7882 4809 7883 5023 7883 5178 7883 4506 7884 5023 7884 4809 7884 4492 7885 4506 7885 4809 7885 4809 7886 5142 7886 5055 7886 4660 7887 4809 7887 5055 7887 4492 7888 4809 7888 4660 7888 4422 7889 4492 7889 4660 7889 4660 7890 5032 7890 4787 7890 4496 7891 4660 7891 4787 7891 4363 7892 4660 7892 4496 7892 4296 7893 4363 7893 4496 7893 4496 7894 4787 7894 4765 7894 4559 7895 4496 7895 4765 7895 4330 7896 4496 7896 4559 7896 4558 7897 4330 7897 4559 7897 4208 7898 4330 7898 4558 7898 4343 7899 4206 7899 4059 7899 4208 7900 4343 7900 4059 7900 4373 7901 4343 7901 4208 7901 4558 7902 4373 7902 4208 7902 4059 7903 4206 7903 4158 7903 3904 7904 4059 7904 4158 7904 3829 7905 4059 7905 3904 7905 3798 7906 3829 7906 3904 7906 3960 7907 3884 7907 3757 7907 3904 7908 3960 7908 3757 7908 4038 7909 3960 7909 3904 7909 4158 7910 4038 7910 3904 7910 3757 7911 3884 7911 3763 7911 3647 7912 3757 7912 3763 7912 3549 7913 3757 7913 3647 7913 3528 7914 3549 7914 3647 7914 3647 7915 3725 7915 3591 7915 3503 7916 3647 7916 3591 7916 3528 7917 3647 7917 3503 7917 3444 7918 3528 7918 3503 7918 3503 7919 3565 7919 3438 7919 3347 7920 3503 7920 3438 7920 3379 7921 3503 7921 3347 7921 3316 7922 3379 7922 3347 7922 3347 7923 3438 7923 3394 7923 3257 7924 3347 7924 3394 7924 3207 7925 3347 7925 3257 7925 3244 7926 3207 7926 3257 7926 3056 7927 3207 7927 3244 7927 3071 7928 2948 7928 2921 7928 3056 7929 3071 7929 2921 7929 3088 7930 3071 7930 3056 7930 3244 7931 3088 7931 3056 7931 2921 7932 2948 7932 2897 7932 2797 7933 2921 7933 2897 7933 2818 7934 2921 7934 2797 7934 2796 7935 2818 7935 2797 7935 2744 7936 2642 7936 2654 7936 2797 7937 2744 7937 2654 7937 2798 7938 2744 7938 2797 7938 2897 7939 2798 7939 2797 7939 2654 7940 2642 7940 2563 7940 2508 7941 2654 7941 2563 7941 2532 7942 2654 7942 2508 7942 2511 7943 2532 7943 2508 7943 2508 7944 2491 7944 2381 7944 2360 7945 2508 7945 2381 7945 2511 7946 2508 7946 2360 7946 2439 7947 2511 7947 2360 7947 2360 7948 2335 7948 2202 7948 2245 7949 2360 7949 2202 7949 2369 7950 2360 7950 2245 7950 2302 7951 2369 7951 2245 7951 2245 7952 2202 7952 2190 7952 2040 7953 2245 7953 2190 7953 2119 7954 2245 7954 2040 7954 2038 7955 2119 7955 2040 7955 1976 7956 2119 7956 2038 7956 1874 7957 1758 7957 1835 7957 1976 7958 1874 7958 1835 7958 1894 7959 1874 7959 1976 7959 2038 7960 1894 7960 1976 7960 1835 7961 1758 7961 1703 7961 1694 7962 1835 7962 1703 7962 1821 7963 1835 7963 1694 7963 1802 7964 1821 7964 1694 7964 1535 7965 1447 7965 1578 7965 1694 7966 1535 7966 1578 7966 1608 7967 1535 7967 1694 7967 1703 7968 1608 7968 1694 7968 1578 7969 1447 7969 1357 7969 1436 7970 1578 7970 1357 7970 1589 7971 1578 7971 1436 7971 1566 7972 1589 7972 1436 7972 1436 7973 1280 7973 1166 7973 1307 7974 1436 7974 1166 7974 1566 7975 1436 7975 1307 7975 1475 7976 1566 7976 1307 7976 1307 7977 1127 7977 960 7977 1170 7978 1307 7978 960 7978 1442 7979 1307 7979 1170 7979 1369 7980 1442 7980 1170 7980 1170 7981 960 7981 933 7981 676 7982 1170 7982 933 7982 1048 7983 1170 7983 676 7983 674 7984 1048 7984 676 7984 877 7985 1048 7985 674 7985 520 7986 417 7986 690 7986 877 7987 520 7987 690 7987 553 7988 520 7988 877 7988 674 7989 553 7989 877 7989 690 7990 417 7990 366 7990 610 7991 690 7991 366 7991 983 7992 690 7992 610 7992 973 7993 983 7993 610 7993 314 7994 278 7994 509 7994 610 7995 314 7995 509 7995 338 7996 314 7996 610 7996 366 7997 338 7997 610 7997 509 7998 278 7998 253 7998 461 7999 509 7999 253 7999 826 8000 509 8000 461 8000 808 8001 826 8001 461 8001 461 8002 229 8002 193 8002 430 8003 461 8003 193 8003 808 8004 461 8004 430 8004 772 8005 808 8005 430 8005 430 8006 176 8006 127 8006 396 8007 430 8007 127 8007 748 8008 430 8008 396 8008 706 8009 748 8009 396 8009 396 8010 127 8010 121 8010 137 8011 396 8011 121 8011 407 8012 396 8012 137 8012 138 8013 407 8013 137 8013 436 8014 407 8014 138 8014 206 8015 234 8015 476 8015 436 8016 206 8016 476 8016 192 8017 206 8017 436 8017 138 8018 192 8018 436 8018 476 8019 234 8019 261 8019 556 8020 476 8020 261 8020 898 8021 476 8021 556 8021 916 8022 898 8022 556 8022 329 8023 347 8023 635 8023 556 8024 329 8024 635 8024 295 8025 329 8025 556 8025 261 8026 295 8026 556 8026 635 8027 347 8027 402 8027 778 8028 635 8028 402 8028 1091 8029 635 8029 778 8029 1112 8030 1091 8030 778 8030 778 8031 453 8031 574 8031 932 8032 778 8032 574 8032 1112 8033 778 8033 932 8033 1182 8034 1112 8034 932 8034 932 8035 599 8035 734 8035 1075 8036 932 8036 734 8036 1231 8037 932 8037 1075 8037 1289 8038 1231 8038 1075 8038 1075 8039 734 8039 796 8039 1004 8040 1075 8040 796 8040 1226 8041 1075 8041 1004 8041 1006 8042 1226 8042 1004 8042 1344 8043 1226 8043 1006 8043 1204 8044 1335 8044 1485 8044 1344 8045 1204 8045 1485 8045 1174 8046 1204 8046 1344 8046 1006 8047 1174 8047 1344 8047 1485 8048 1335 8048 1391 8048 1623 8049 1485 8049 1391 8049 1717 8050 1485 8050 1623 8050 1750 8051 1717 8051 1623 8051 1560 8052 1644 8052 1763 8052 1623 8053 1560 8053 1763 8053 1491 8054 1560 8054 1623 8054 1391 8055 1491 8055 1623 8055 1763 8056 1644 8056 1746 8056 1888 8057 1763 8057 1746 8057 1975 8058 1763 8058 1888 8058 1995 8059 1975 8059 1888 8059 1888 8060 1792 8060 1913 8060 2015 8061 1888 8061 1913 8061 1995 8062 1888 8062 2015 8062 2088 8063 1995 8063 2015 8063 2015 8064 1945 8064 2071 8064 2149 8065 2015 8065 2071 8065 2129 8066 2015 8066 2149 8066 2196 8067 2129 8067 2149 8067 2149 8068 2071 8068 2094 8068 2248 8069 2149 8069 2094 8069 2299 8070 2149 8070 2248 8070 2249 8071 2299 8071 2248 8071 2446 8072 2299 8072 2249 8072 2426 8073 2534 8073 2569 8073 2446 8074 2426 8074 2569 8074 2397 8075 2426 8075 2446 8075 2249 8076 2397 8076 2446 8076 2569 8077 2534 8077 2592 8077 2705 8078 2569 8078 2592 8078 2694 8079 2569 8079 2705 8079 2711 8080 2694 8080 2705 8080 2759 8081 2853 8081 2848 8081 2705 8082 2759 8082 2848 8082 2699 8083 2759 8083 2705 8083 2592 8084 2699 8084 2705 8084 2848 8085 2853 8085 2924 8085 2999 8086 2848 8086 2924 8086 2971 8087 2848 8087 2999 8087 2997 8088 2971 8088 2999 8088 2999 8089 3012 8089 3110 8089 3131 8090 2999 8090 3110 8090 2997 8091 2999 8091 3131 8091 3083 8092 2997 8092 3131 8092 3131 8093 3158 8093 3297 8093 3263 8094 3131 8094 3297 8094 3136 8095 3131 8095 3263 8095 3209 8096 3136 8096 3263 8096 3263 8097 3297 8097 3318 8097 3469 8098 3263 8098 3318 8098 3387 8099 3263 8099 3469 8099 3472 8100 3387 8100 3469 8100 3534 8101 3387 8101 3472 8101 3642 8102 3755 8102 3689 8102 3534 8103 3642 8103 3689 8103 3609 8104 3642 8104 3534 8104 3472 8105 3609 8105 3534 8105 3689 8106 3755 8106 3814 8106 3832 8107 3689 8107 3814 8107 3709 8108 3689 8108 3832 8108 3728 8109 3709 8109 3832 8109 4009 8110 4079 8110 3974 8110 3832 8111 4009 8111 3974 8111 3920 8112 4009 8112 3832 8112 3814 8113 3920 8113 3832 8113 3974 8114 4079 8114 4182 8114 4110 8115 3974 8115 4182 8115 3975 8116 3974 8116 4110 8116 3997 8117 3975 8117 4110 8117 4110 8118 4266 8118 4383 8118 4250 8119 4110 8119 4383 8119 3997 8120 4110 8120 4250 8120 4072 8121 3997 8121 4250 8121 4250 8122 4383 8122 4442 8122 4599 8123 4250 8123 4442 8123 4419 8124 4250 8124 4599 8124 4627 8125 4419 8125 4599 8125 4536 8126 4419 8126 4627 8126 4858 8127 4536 8127 4627 8127 4536 8128 4858 8128 4861 8128 4691 8129 4536 8129 4861 8129 4401 8130 4536 8130 4691 8130 4444 8131 4401 8131 4691 8131 5088 8132 5171 8132 4885 8132 4691 8133 5088 8133 4885 8133 5071 8134 5088 8134 4691 8134 4861 8135 5071 8135 4691 8135 4885 8136 5171 8136 5229 8136 5043 8137 4885 8137 5229 8137 4640 8138 4885 8138 5043 8138 4659 8139 4640 8139 5043 8139 5341 8140 5376 8140 5119 8140 5043 8141 5341 8141 5119 8141 5306 8142 5341 8142 5043 8142 5229 8143 5306 8143 5043 8143 5119 8144 5376 8144 5411 8144 5166 8145 5119 8145 5411 8145 4829 8146 5119 8146 5166 8146 4856 8147 4829 8147 5166 8147 5166 8148 5459 8148 5495 8148 5239 8149 5166 8149 5495 8149 4856 8150 5166 8150 5239 8150 4903 8151 4856 8151 5239 8151 5239 8152 5495 8152 5515 8152 5563 8153 5239 8153 5515 8153 5267 8154 5239 8154 5563 8154 5575 8155 5267 8155 5563 8155 5294 8156 5267 8156 5575 8156 5613 8157 5294 8157 5575 8157 5262 8158 5294 8158 5613 8158 5610 8159 5262 8159 5613 8159 5543 8160 5512 8160 5231 8160 5262 8161 5543 8161 5231 8161 5565 8162 5543 8162 5262 8162 5610 8163 5565 8163 5262 8163 5231 8164 5512 8164 5481 8164 5161 8165 5231 8165 5481 8165 4820 8166 5231 8166 5161 8166 4808 8167 4820 8167 5161 8167 5394 8168 5370 8168 5115 8168 5161 8169 5394 8169 5115 8169 5449 8170 5394 8170 5161 8170 5481 8171 5449 8171 5161 8171 5115 8172 5370 8172 5321 8172 5035 8173 5115 8173 5321 8173 4630 8174 5115 8174 5035 8174 4621 8175 4630 8175 5035 8175 5035 8176 5302 8176 5180 8176 4857 8177 5035 8177 5180 8177 4621 8178 5035 8178 4857 8178 4524 8179 4621 8179 4857 8179 4857 8180 5180 8180 5156 8180 5062 8181 4857 8181 5156 8181 4681 8182 4857 8182 5062 8182 5042 8183 4681 8183 5062 8183 4523 8184 4681 8184 5042 8184 4792 8185 4523 8185 5042 8185 4371 8186 4523 8186 4792 8186 4789 8187 4371 8187 4792 8187 4557 8188 4420 8188 4224 8188 4371 8189 4557 8189 4224 8189 4584 8190 4557 8190 4371 8190 4789 8191 4584 8191 4371 8191 4224 8192 4420 8192 4342 8192 4068 8193 4224 8193 4342 8193 3949 8194 4224 8194 4068 8194 3931 8195 3949 8195 4068 8195 4152 8196 4058 8196 3925 8196 4068 8197 4152 8197 3925 8197 4226 8198 4152 8198 4068 8198 4342 8199 4226 8199 4068 8199 3925 8200 4058 8200 3959 8200 3788 8201 3925 8201 3959 8201 3695 8202 3925 8202 3788 8202 3685 8203 3695 8203 3788 8203 3788 8204 3896 8204 3765 8204 3659 8205 3788 8205 3765 8205 3685 8206 3788 8206 3659 8206 3574 8207 3685 8207 3659 8207 3659 8208 3765 8208 3738 8208 3597 8209 3659 8209 3738 8209 3514 8210 3659 8210 3597 8210 3578 8211 3514 8211 3597 8211 3363 8212 3514 8212 3578 8212 3442 8213 3363 8213 3578 8213 3222 8214 3363 8214 3442 8214 3440 8215 3222 8215 3442 8215 3256 8216 3129 8216 3084 8216 3222 8217 3256 8217 3084 8217 3280 8218 3256 8218 3222 8218 3440 8219 3280 8219 3222 8219 3084 8220 3129 8220 3069 8220 2954 8221 3084 8221 3069 8221 2960 8222 3084 8222 2954 8222 2941 8223 2960 8223 2954 8223 2895 8224 2827 8224 2816 8224 2954 8225 2895 8225 2816 8225 2972 8226 2895 8226 2954 8226 3069 8227 2972 8227 2954 8227 2816 8228 2827 8228 2742 8228 2680 8229 2816 8229 2742 8229 2683 8230 2816 8230 2680 8230 2671 8231 2683 8231 2680 8231 2680 8232 2663 8232 2561 8232 2530 8233 2680 8233 2561 8233 2671 8234 2680 8234 2530 8234 2566 8235 2671 8235 2530 8235 2530 8236 2561 8236 2505 8236 2375 8237 2530 8237 2505 8237 2400 8238 2530 8238 2375 8238 2352 8239 2400 8239 2375 8239 2269 8240 2400 8240 2352 8240 2201 8241 2269 8241 2352 8241 2139 8242 2269 8242 2201 8242 2200 8243 2139 8243 2201 8243 2042 8244 1920 8244 2005 8244 2139 8245 2042 8245 2005 8245 2062 8246 2042 8246 2139 8246 2200 8247 2062 8247 2139 8247 2005 8248 1920 8248 1876 8248 1856 8249 2005 8249 1876 8249 1965 8250 2005 8250 1856 8250 1944 8251 1965 8251 1856 8251 1708 8252 1621 8252 1727 8252 1856 8253 1708 8253 1727 8253 1775 8254 1708 8254 1856 8254 1876 8255 1775 8255 1856 8255 1727 8256 1621 8256 1536 8256 1605 8257 1727 8257 1536 8257 1712 8258 1727 8258 1605 8258 1677 8259 1712 8259 1605 8259 1605 8260 1470 8260 1355 8260 1456 8261 1605 8261 1355 8261 1677 8262 1605 8262 1456 8262 1611 8263 1677 8263 1456 8263 1456 8264 1355 8264 1306 8264 1159 8265 1456 8265 1306 8265 1320 8266 1456 8266 1159 8266 1134 8267 1320 8267 1159 8267 1184 8268 1320 8268 1134 8268 958 8269 1184 8269 1134 8269 1058 8270 1184 8270 958 8270 957 8271 1058 8271 958 8271 679 8272 585 8272 905 8272 1058 8273 679 8273 905 8273 709 8274 679 8274 1058 8274 957 8275 709 8275 1058 8275 905 8276 585 8276 524 8276 697 8277 905 8277 524 8277 1085 8278 905 8278 697 8278 1069 8279 1085 8279 697 8279 372 8280 341 8280 624 8280 697 8281 372 8281 624 8281 434 8282 372 8282 697 8282 524 8283 434 8283 697 8283 624 8284 341 8284 315 8284 535 8285 624 8285 315 8285 895 8286 624 8286 535 8286 884 8287 895 8287 535 8287 535 8288 289 8288 251 8288 466 8289 535 8289 251 8289 884 8290 535 8290 466 8290 842 8291 884 8291 466 8291 466 8292 251 8292 231 8292 188 8293 466 8293 231 8293 432 8294 466 8294 188 8294 179 8295 432 8295 188 8295 403 8296 432 8296 179 8296 124 8297 403 8297 179 8297 404 8298 403 8298 124 8298 125 8299 404 8299 124 8299 144 8300 180 8300 433 8300 404 8301 144 8301 433 8301 126 8302 144 8302 404 8302 125 8303 126 8303 404 8303 433 8304 180 8304 208 8304 468 8305 433 8305 208 8305 837 8306 433 8306 468 8306 843 8307 837 8307 468 8307 268 8308 291 8308 541 8308 468 8309 268 8309 541 8309 232 8310 268 8310 468 8310 208 8311 232 8311 468 8311 541 8312 291 8312 330 8312 631 8313 541 8313 330 8313 992 8314 541 8314 631 8314 1000 8315 992 8315 631 8315 631 8316 343 8316 399 8316 729 8317 631 8317 399 8317 1000 8318 631 8318 729 8318 1074 8319 1000 8319 729 8319 729 8320 399 8320 444 8320 570 8321 729 8321 444 8321 914 8322 729 8322 570 8322 589 8323 914 8323 570 8323 1064 8324 914 8324 589 8324 730 8325 1064 8325 589 8325 1192 8326 1064 8326 730 8326 732 8327 1192 8327 730 8327 1013 8328 1144 8328 1323 8328 1192 8329 1013 8329 1323 8329 977 8330 1013 8330 1192 8330 732 8331 977 8331 1192 8331 1323 8332 1144 8332 1209 8332 1473 8333 1323 8333 1209 8333 1602 8334 1323 8334 1473 8334 1615 8335 1602 8335 1473 8335 1398 8336 1478 8336 1613 8336 1473 8337 1398 8337 1613 8337 1319 8338 1398 8338 1473 8338 1209 8339 1319 8339 1473 8339 1613 8340 1478 8340 1561 8340 1747 8341 1613 8341 1561 8341 1833 8342 1613 8342 1747 8342 1843 8343 1833 8343 1747 8343 1747 8344 1633 8344 1744 8344 1864 8345 1747 8345 1744 8345 1843 8346 1747 8346 1864 8346 1949 8347 1843 8347 1864 8347 1864 8348 1744 8348 1783 8348 1910 8349 1864 8349 1783 8349 2006 8350 1864 8350 1910 8350 1928 8351 2006 8351 1910 8351 2142 8352 2006 8352 1928 8352 2066 8353 2142 8353 1928 8353 2283 8354 2142 8354 2066 8354 2069 8355 2283 8355 2066 8355 2250 8356 2358 8356 2417 8356 2283 8357 2250 8357 2417 8357 2220 8358 2250 8358 2283 8358 2069 8359 2220 8359 2283 8359 2417 8360 2358 8360 2428 8360 2535 8361 2417 8361 2428 8361 2543 8362 2417 8362 2535 8362 2574 8363 2543 8363 2535 8363 2593 8364 2681 8364 2685 8364 2535 8365 2593 8365 2685 8365 2521 8366 2593 8366 2535 8366 2428 8367 2521 8367 2535 8367 2685 8368 2681 8368 2760 8368 2829 8369 2685 8369 2760 8369 2828 8370 2685 8370 2829 8370 2843 8371 2828 8371 2829 8371 2829 8372 2833 8372 2925 8372 2970 8373 2829 8373 2925 8373 2843 8374 2829 8374 2970 8374 2952 8375 2843 8375 2970 8375 2970 8376 2925 8376 2987 8376 3116 8377 2970 8377 2987 8377 3093 8378 2970 8378 3116 8378 3145 8379 3093 8379 3116 8379 3229 8380 3093 8380 3145 8380 3296 8381 3229 8381 3145 8381 3366 8382 3229 8382 3296 8382 3298 8383 3366 8383 3296 8383 3467 8384 3582 8384 3518 8384 3366 8385 3467 8385 3518 8385 3447 8386 3467 8386 3366 8386 3298 8387 3447 8387 3366 8387 3518 8388 3582 8388 3640 8388 3666 8389 3518 8389 3640 8389 3557 8390 3518 8390 3666 8390 3576 8391 3557 8391 3666 8391 3807 8392 3901 8392 3801 8392 3666 8393 3807 8393 3801 8393 3743 8394 3807 8394 3666 8394 3640 8395 3743 8395 3666 8395 3801 8396 3901 8396 4008 8396 3934 8397 3801 8397 4008 8397 3838 8398 3801 8398 3934 8398 3855 8399 3838 8399 3934 8399 3934 8400 4067 8400 4184 8400 4073 8401 3934 8401 4184 8401 3855 8402 3934 8402 4073 8402 3937 8403 3855 8403 4073 8403 4073 8404 4184 8404 4244 8404 4386 8405 4073 8405 4244 8405 4230 8406 4073 8406 4386 8406 4426 8407 4230 8407 4386 8407 4375 8408 4230 8408 4426 8408 4600 8409 4375 8409 4426 8409 4525 8410 4375 8410 4600 8410 4601 8411 4525 8411 4600 8411 4852 8412 5045 8412 4685 8412 4525 8413 4852 8413 4685 8413 4804 8414 4852 8414 4525 8414 4601 8415 4804 8415 4525 8415 4685 8416 5045 8416 5085 8416 4871 8417 4685 8417 5085 8417 4514 8418 4685 8418 4871 8418 4527 8419 4514 8419 4871 8419 5222 8420 5303 8420 5039 8420 4871 8421 5222 8421 5039 8421 5162 8422 5222 8422 4871 8422 5085 8423 5162 8423 4871 8423 5039 8424 5303 8424 5340 8424 5117 8425 5039 8425 5340 8425 4730 8426 5039 8426 5117 8426 4747 8427 4730 8427 5117 8427 5117 8428 5372 8428 5418 8428 5163 8429 5117 8429 5418 8429 4747 8430 5117 8430 5163 8430 4811 8431 4747 8431 5163 8431 5163 8432 5418 8432 5452 8432 5498 8433 5163 8433 5452 8433 5236 8434 5163 8434 5498 8434 5513 8435 5236 8435 5498 8435 5264 8436 5236 8436 5513 8436 5566 8437 5264 8437 5513 8437 5295 8438 5264 8438 5566 8438 5567 8439 5295 8439 5566 8439 5598 8440 5574 8440 5266 8440 5295 8441 5598 8441 5266 8441 5614 8442 5598 8442 5295 8442 5567 8443 5614 8443 5295 8443 5266 8444 5574 8444 5540 8444 5238 8445 5266 8445 5540 8445 4911 8446 5266 8446 5238 8446 4901 8447 4911 8447 5238 8447 5475 8448 5457 8448 5164 8448 5238 8449 5475 8449 5164 8449 5514 8450 5475 8450 5238 8450 5540 8451 5514 8451 5238 8451 5164 8452 5457 8452 5393 8452 5118 8453 5164 8453 5393 8453 4732 8454 5164 8454 5118 8454 4720 8455 4732 8455 5118 8455 5118 8456 5374 8456 5323 8456 5041 8457 5118 8457 5323 8457 4720 8458 5118 8458 5041 8458 4653 8459 4720 8459 5041 8459 5041 8460 5323 8460 5304 8460 5182 8461 5041 8461 5304 8461 4875 8462 5041 8462 5182 8462 5165 8463 4875 8463 5182 8463 4688 8464 4875 8464 5165 8464 5069 8465 4688 8465 5165 8465 4530 8466 4688 8466 5069 8466 5066 8467 4530 8467 5069 8467 4788 8468 4609 8468 4411 8468 4530 8469 4788 8469 4411 8469 4828 8470 4788 8470 4530 8470 5066 8471 4828 8471 4530 8471 4411 8472 4609 8472 4555 8472 4247 8473 4411 8473 4555 8473 4089 8474 4411 8474 4247 8474 4070 8475 4089 8475 4247 8475 4337 8476 4249 8476 4081 8476 4247 8477 4337 8477 4081 8477 4435 8478 4337 8478 4247 8478 4555 8479 4435 8479 4247 8479 4081 8480 4249 8480 4151 8480 3939 8481 4081 8481 4151 8481 3841 8482 4081 8482 3939 8482 3830 8483 3841 8483 3939 8483 3939 8484 4069 8484 3961 8484 3804 8485 3939 8485 3961 8485 3830 8486 3939 8486 3804 8486 3722 8487 3830 8487 3804 8487 3804 8488 3907 8488 3768 8488 3672 8489 3804 8489 3768 8489 3683 8490 3804 8490 3672 8490 3581 8491 3683 8491 3672 8491 3672 8492 3768 8492 3750 8492 3602 8493 3672 8493 3750 8493 3519 8494 3672 8494 3602 8494 3601 8495 3519 8495 3602 8495 3384 8496 3519 8496 3601 8496 3439 8497 3312 8497 3259 8497 3384 8498 3439 8498 3259 8498 3455 8499 3439 8499 3384 8499 3601 8500 3455 8500 3384 8500 3259 8501 3312 8501 3254 8501 3127 8502 3259 8502 3254 8502 3097 8503 3259 8503 3127 8503 3076 8504 3097 8504 3127 8504 3068 8505 3005 8505 2975 8505 3127 8506 3068 8506 2975 8506 3154 8507 3068 8507 3127 8507 3254 8508 3154 8508 3127 8508 2975 8509 3005 8509 2891 8509 2834 8510 2975 8510 2891 8510 2831 8511 2975 8511 2834 8511 2826 8512 2831 8512 2834 8512 2834 8513 2835 8513 2741 8513 2696 8514 2834 8514 2741 8514 2826 8515 2834 8515 2696 8515 2702 8516 2826 8516 2696 8516 2696 8517 2684 8517 2558 8517 2549 8518 2696 8518 2558 8518 2672 8519 2696 8519 2549 8519 2579 8520 2672 8520 2549 8520 2549 8521 2558 8521 2528 8521 2374 8522 2549 8522 2528 8522 2442 8523 2549 8523 2374 8523 2372 8524 2442 8524 2374 8524 2294 8525 2442 8525 2372 8525 2203 8526 2086 8526 2145 8526 2294 8527 2203 8527 2145 8527 2231 8528 2203 8528 2294 8528 2372 8529 2231 8529 2294 8529 2145 8530 2086 8530 2044 8530 2012 8531 2145 8531 2044 8531 2107 8532 2145 8532 2012 8532 2084 8533 2107 8533 2012 8533 1881 8534 1786 8534 1870 8534 2012 8535 1881 8535 1870 8535 1935 8536 1881 8536 2012 8536 2044 8537 1935 8537 2012 8537 1870 8538 1786 8538 1709 8538 1754 8539 1870 8539 1709 8539 1838 8540 1870 8540 1754 8540 1820 8541 1838 8541 1754 8541 1754 8542 1639 8542 1534 8542 1617 8543 1754 8543 1534 8543 1820 8544 1754 8544 1617 8544 1729 8545 1820 8545 1617 8545 1617 8546 1482 8546 1354 8546 1479 8547 1617 8547 1354 8547 1680 8548 1617 8548 1479 8548 1619 8549 1680 8549 1479 8549 1479 8550 1354 8550 1322 8550 1156 8551 1479 8551 1322 8551 1337 8552 1479 8552 1156 8552 1154 8553 1337 8553 1156 8553 1224 8554 1337 8554 1154 8554 961 8555 781 8555 1071 8555 1224 8556 961 8556 1071 8556 993 8557 961 8557 1224 8557 1154 8558 993 8558 1224 8558 1071 8559 781 8559 682 8559 927 8560 1071 8560 682 8560 1200 8561 1071 8561 927 8561 1180 8562 1200 8562 927 8562 528 8563 447 8563 756 8563 927 8564 528 8564 756 8564 594 8565 528 8565 927 8565 682 8566 594 8566 927 8566 756 8567 447 8567 373 8567 633 8568 756 8568 373 8568 995 8569 756 8569 633 8569 982 8570 995 8570 633 8570 633 8571 345 8571 313 8571 546 8572 633 8572 313 8572 982 8573 633 8573 546 8573 910 8574 982 8574 546 8574 546 8575 293 8575 248 8575 474 8576 546 8576 248 8576 886 8577 546 8577 474 8577 845 8578 886 8578 474 8578 474 8579 248 8579 233 8579 183 8580 474 8580 233 8580 435 8581 474 8581 183 8581 181 8582 435 8582 183 8582 406 8583 435 8583 181 8583 128 8584 122 8584 397 8584 406 8585 128 8585 397 8585 129 8586 128 8586 406 8586 181 8587 129 8587 406 8587 397 8588 122 8588 149 8588 431 8589 397 8589 149 8589 767 8590 397 8590 431 8590 773 8591 767 8591 431 8591 211 8592 230 8592 463 8592 431 8593 211 8593 463 8593 177 8594 211 8594 431 8594 149 8595 177 8595 431 8595 463 8596 230 8596 269 8596 519 8597 463 8597 269 8597 894 8598 463 8598 519 8598 897 8599 894 8599 519 8599 519 8600 287 8600 328 8600 621 8601 519 8601 328 8601 897 8602 519 8602 621 8602 978 8603 897 8603 621 8603 621 8604 340 8604 395 8604 695 8605 621 8605 395 8605 1005 8606 621 8606 695 8606 1067 8607 1005 8607 695 8607 695 8608 395 8608 429 8608 562 8609 695 8609 429 8609 893 8610 695 8610 562 8610 564 8611 893 8611 562 8611 1050 8612 893 8612 564 8612 733 8613 940 8613 1175 8613 1050 8614 733 8614 1175 8614 693 8615 733 8615 1050 8615 564 8616 693 8616 1050 8616 1175 8617 940 8617 1015 8617 1308 8618 1175 8618 1015 8618 1464 8619 1175 8619 1308 8619 1480 8620 1464 8620 1308 8620 1212 8621 1293 8621 1452 8621 1308 8622 1212 8622 1452 8622 1128 8623 1212 8623 1308 8623 1015 8624 1128 8624 1308 8624 1452 8625 1293 8625 1400 8625 1592 8626 1452 8626 1400 8626 1698 8627 1452 8627 1592 8627 1716 8628 1698 8628 1592 8628 1592 8629 1453 8629 1559 8629 1713 8630 1592 8630 1559 8630 1716 8631 1592 8631 1713 8631 1813 8632 1716 8632 1713 8632 1713 8633 1616 8633 1742 8633 1840 8634 1713 8634 1742 8634 1845 8635 1713 8635 1840 8635 1936 8636 1845 8636 1840 8636 1840 8637 1742 8637 1768 8637 1903 8638 1840 8638 1768 8638 1990 8639 1840 8639 1903 8639 1914 8640 1990 8640 1903 8640 2124 8641 1990 8641 1914 8641 2070 8642 2193 8642 2262 8642 2124 8643 2070 8643 2262 8643 2056 8644 2070 8644 2124 8644 1914 8645 2056 8645 2124 8645 2262 8646 2193 8646 2252 8646 2388 8647 2262 8647 2252 8647 2409 8648 2262 8648 2388 8648 2445 8649 2409 8649 2388 8649 2429 8650 2496 8650 2523 8650 2388 8651 2429 8651 2523 8651 2344 8652 2429 8652 2388 8652 2252 8653 2344 8653 2388 8653 2523 8654 2496 8654 2599 8654 2667 8655 2523 8655 2599 8655 2682 8656 2523 8656 2667 8656 2687 8657 2682 8657 2667 8657 2667 8658 2656 8658 2766 8658 2811 8659 2667 8659 2766 8659 2687 8660 2667 8660 2811 8660 2810 8661 2687 8661 2811 8661 2811 8662 2813 8662 2926 8662 2947 8663 2811 8663 2926 8663 2839 8664 2811 8664 2947 8664 2920 8665 2839 8665 2947 8665 2947 8666 2926 8666 2957 8666 3120 8667 2947 8667 2957 8667 3075 8668 2947 8668 3120 8668 3124 8669 3075 8669 3120 8669 3211 8670 3075 8670 3124 8670 3295 8671 3401 8671 3353 8671 3211 8672 3295 8672 3353 8672 3264 8673 3295 8673 3211 8673 3124 8674 3264 8674 3211 8674 3353 8675 3401 8675 3465 8675 3510 8676 3353 8676 3465 8676 3409 8677 3353 8677 3510 8677 3448 8678 3409 8678 3510 8678 3636 8679 3733 8679 3653 8679 3510 8680 3636 8680 3653 8680 3573 8681 3636 8681 3510 8681 3465 8682 3573 8682 3510 8682 3653 8683 3733 8683 3805 8683 3779 8684 3653 8684 3805 8684 3690 8685 3653 8685 3779 8685 3710 8686 3690 8686 3779 8686 3779 8687 3892 8687 4010 8687 3917 8688 3779 8688 4010 8688 3710 8689 3779 8689 3917 8689 3803 8690 3710 8690 3917 8690 3917 8691 4052 8691 4186 8691 4065 8692 3917 8692 4186 8692 3853 8693 3917 8693 4065 8693 3926 8694 3853 8694 4065 8694 4065 8695 4186 8695 4219 8695 4393 8696 4065 8696 4219 8696 4217 8697 4065 8697 4393 8697 4398 8698 4217 8698 4393 8698 4352 8699 4217 8699 4398 8699 4598 8700 4770 8700 4503 8700 4352 8701 4598 8701 4503 8701 4574 8702 4598 8702 4352 8702 4398 8703 4574 8703 4352 8703 4503 8704 4770 8704 4843 8704 4668 8705 4503 8705 4843 8705 4404 8706 4503 8706 4668 8706 4424 8707 4404 8707 4668 8707 5083 8708 5148 8708 4827 8708 4668 8709 5083 8709 4827 8709 5038 8710 5083 8710 4668 8710 4843 8711 5038 8711 4668 8711 4827 8712 5148 8712 5220 8712 5029 8713 4827 8713 5220 8713 4628 8714 4827 8714 5029 8714 4643 8715 4628 8715 5029 8715 5029 8716 5301 8716 5343 8716 5113 8717 5029 8717 5343 8717 4643 8718 5029 8718 5113 8718 4703 8719 4643 8719 5113 8719 5113 8720 5369 8720 5421 8720 5159 8721 5113 8721 5421 8721 4744 8722 5113 8722 5159 8722 4805 8723 4744 8723 5159 8723 5159 8724 5421 8724 5445 8724 5507 8725 5159 8725 5445 8725 5217 8726 5159 8726 5507 8726 5510 8727 5217 8727 5507 8727 5260 8728 5217 8728 5510 8728 5562 8729 5608 8729 5291 8729 5260 8730 5562 8730 5291 8730 5551 8731 5562 8731 5260 8731 5510 8732 5551 8732 5260 8732 5291 8733 5608 8733 5594 8733 5271 8734 5291 8734 5594 8734 4978 8735 5291 8735 5271 8735 4971 8736 4978 8736 5271 8736 5536 8737 5517 8737 5241 8737 5271 8738 5536 8738 5241 8738 5577 8739 5536 8739 5271 8739 5594 8740 5577 8740 5271 8740 5241 8741 5517 8741 5472 8741 5168 8742 5241 8742 5472 8742 4831 8743 5241 8743 5168 8743 4823 8744 4831 8744 5168 8744 5168 8745 5461 8745 5396 8745 5121 8746 5168 8746 5396 8746 4823 8747 5168 8747 5121 8747 4753 8748 4823 8748 5121 8748 5121 8749 5379 8749 5328 8749 5046 8750 5121 8750 5328 8750 4712 8751 5121 8751 5046 8751 4664 8752 4712 8752 5046 8752 5046 8753 5328 8753 5308 8753 5191 8754 5046 8754 5308 8754 4897 8755 5046 8755 5191 8755 5183 8756 4897 8756 5191 8756 4699 8757 4897 8757 5183 8757 5063 8758 4874 8758 4565 8758 4699 8759 5063 8759 4565 8759 5074 8760 5063 8760 4699 8760 5183 8761 5074 8761 4699 8761 4565 8762 4874 8762 4785 8762 4427 8763 4565 8763 4785 8763 4238 8764 4565 8764 4427 8764 4221 8765 4238 8765 4427 8765 4552 8766 4449 8766 4267 8766 4427 8767 4552 8767 4267 8767 4650 8768 4552 8768 4427 8768 4785 8769 4650 8769 4427 8769 4267 8770 4449 8770 4333 8770 4117 8771 4267 8771 4333 8771 3981 8772 4267 8772 4117 8772 3953 8773 3981 8773 4117 8773 4117 8774 4277 8774 4154 8774 3979 8775 4117 8775 4154 8775 3953 8776 4117 8776 3979 8776 3863 8777 3953 8777 3979 8777 3979 8778 4104 8778 3964 8778 3839 8779 3979 8779 3964 8779 3827 8780 3979 8780 3839 8780 3734 8781 3827 8781 3839 8781 3839 8782 3964 8782 3929 8782 3776 8783 3839 8783 3929 8783 3693 8784 3839 8784 3776 8784 3761 8785 3693 8785 3776 8785 3545 8786 3693 8786 3761 8786 3599 8787 3480 8787 3399 8787 3545 8788 3599 8788 3399 8788 3625 8789 3599 8789 3545 8789 3761 8790 3625 8790 3545 8790 3399 8791 3480 8791 3436 8791 3279 8792 3399 8792 3436 8792 3237 8793 3399 8793 3279 8793 3215 8794 3237 8794 3279 8794 3251 8795 3165 8795 3148 8795 3279 8796 3251 8796 3148 8796 3324 8797 3251 8797 3279 8797 3436 8798 3324 8798 3279 8798 3148 8799 3165 8799 3063 8799 3008 8800 3148 8800 3063 8800 2977 8801 3148 8801 3008 8801 2964 8802 2977 8802 3008 8802 3008 8803 3019 8803 2889 8803 2855 8804 3008 8804 2889 8804 2964 8805 3008 8805 2855 8805 2850 8806 2964 8806 2855 8806 2855 8807 2861 8807 2738 8807 2709 8808 2855 8808 2738 8808 2824 8809 2855 8809 2709 8809 2717 8810 2824 8810 2709 8810 2709 8811 2738 8811 2704 8811 2553 8812 2709 8812 2704 8812 2578 8813 2709 8813 2553 8813 2550 8814 2578 8814 2553 8814 2455 8815 2578 8815 2550 8815 2378 8816 2266 8816 2307 8816 2455 8817 2378 8817 2307 8817 2416 8818 2378 8818 2455 8818 2550 8819 2416 8819 2455 8819 2307 8820 2266 8820 2208 8820 2157 8821 2307 8821 2208 8821 2236 8822 2307 8822 2157 8822 2218 8823 2236 8823 2157 8823 2047 8824 1952 8824 2021 8824 2157 8825 2047 8825 2021 8825 2120 8826 2047 8826 2157 8826 2208 8827 2120 8827 2157 8827 2021 8828 1952 8828 1882 8828 1893 8829 2021 8829 1882 8829 1987 8830 2021 8830 1893 8830 1963 8831 1987 8831 1893 8831 1893 8832 1801 8832 1705 8832 1770 8833 1893 8833 1705 8833 1963 8834 1893 8834 1770 8834 1859 8835 1963 8835 1770 8835 1770 8836 1648 8836 1527 8836 1629 8837 1770 8837 1527 8837 1824 8838 1770 8838 1629 8838 1755 8839 1824 8839 1629 8839 1629 8840 1527 8840 1497 8840 1348 8841 1629 8841 1497 8841 1489 8842 1629 8842 1348 8842 1341 8843 1489 8843 1348 8843 1370 8844 1489 8844 1341 8844 1160 8845 1038 8845 1242 8845 1370 8846 1160 8846 1242 8846 1183 8847 1160 8847 1370 8847 1341 8848 1183 8848 1370 8848 1242 8849 1038 8849 966 8849 1092 8850 1242 8850 966 8850 1312 8851 1242 8851 1092 8851 1297 8852 1312 8852 1092 8852 685 8853 615 8853 941 8853 1092 8854 685 8854 941 8854 809 8855 685 8855 1092 8855 966 8856 809 8856 1092 8856 941 8857 615 8857 530 8857 792 8858 941 8858 530 8858 1099 8859 941 8859 792 8859 1082 8860 1099 8860 792 8860 792 8861 464 8861 368 8861 640 8862 792 8862 368 8862 1082 8863 792 8863 640 8863 1027 8864 1082 8864 640 8864 640 8865 349 8865 308 8865 560 8866 640 8866 308 8866 986 8867 640 8867 560 8867 922 8868 986 8868 560 8868 560 8869 308 8869 298 8869 241 8870 560 8870 298 8870 480 8871 560 8871 241 8871 238 8872 480 8872 241 8872 440 8873 480 8873 238 8873 187 8874 147 8874 411 8874 440 8875 187 8875 411 8875 199 8876 187 8876 440 8876 238 8877 199 8877 440 8877 411 8878 147 8878 134 8878 391 8879 411 8879 134 8879 708 8880 411 8880 391 8880 701 8881 708 8881 391 8881 156 8882 172 8882 425 8882 391 8883 156 8883 425 8883 117 8884 156 8884 391 8884 134 8885 117 8885 391 8885 425 8886 172 8886 213 8886 456 8887 425 8887 213 8887 820 8888 425 8888 456 8888 832 8889 820 8889 456 8889 456 8890 224 8890 264 8890 504 8891 456 8891 264 8891 832 8892 456 8892 504 8892 876 8893 832 8893 504 8893 504 8894 275 8894 323 8894 603 8895 504 8895 323 8895 903 8896 504 8896 603 8896 955 8897 903 8897 603 8897 603 8898 323 8898 335 8898 379 8899 603 8899 335 8899 672 8900 603 8900 379 8900 400 8901 672 8901 379 8901 868 8902 672 8902 400 8902 569 8903 661 8903 1041 8903 868 8904 569 8904 1041 8904 538 8905 569 8905 868 8905 400 8906 538 8906 868 8906 1041 8907 661 8907 739 8907 1150 8908 1041 8908 739 8908 1327 8909 1041 8909 1150 8909 1345 8910 1327 8910 1150 8910 1023 8911 1111 8911 1292 8911 1150 8912 1023 8912 1292 8912 919 8913 1023 8913 1150 8913 739 8914 919 8914 1150 8914 1292 8915 1111 8915 1214 8915 1427 8916 1292 8916 1214 8916 1582 8917 1292 8917 1427 8917 1599 8918 1582 8918 1427 8918 1427 8919 1274 8919 1395 8919 1563 8920 1427 8920 1395 8920 1599 8921 1427 8921 1563 8921 1667 8922 1599 8922 1563 8922 1563 8923 1430 8923 1554 8923 1689 8924 1563 8924 1554 8924 1721 8925 1563 8925 1689 8925 1797 8926 1721 8926 1689 8926 1689 8927 1554 8927 1594 8927 1736 8928 1689 8928 1594 8928 1830 8929 1689 8929 1736 8929 1749 8930 1830 8930 1736 8930 1959 8931 1830 8931 1749 8931 1908 8932 2025 8932 2096 8932 1959 8933 1908 8933 2096 8933 1887 8934 1908 8934 1959 8934 1749 8935 1887 8935 1959 8935 2096 8936 2025 8936 2076 8936 2227 8937 2096 8937 2076 8937 2271 8938 2096 8938 2227 8938 2292 8939 2271 8939 2227 8939 2258 8940 2325 8940 2355 8940 2227 8941 2258 8941 2355 8941 2177 8942 2258 8942 2227 8942 2076 8943 2177 8943 2227 8943 2355 8944 2325 8944 2436 8944 2501 8945 2355 8945 2436 8945 2526 8946 2355 8946 2501 8946 2541 8947 2526 8947 2501 8947 2501 8948 2485 8948 2596 8948 2647 8949 2501 8949 2596 8949 2541 8950 2501 8950 2647 8950 2661 8951 2541 8951 2647 8951 2647 8952 2637 8952 2763 8952 2782 8953 2647 8953 2763 8953 2692 8954 2647 8954 2782 8954 2783 8955 2692 8955 2782 8955 2782 8956 2763 8956 2781 8956 2933 8957 2782 8957 2781 8957 2916 8958 2782 8958 2933 8958 2939 8959 2916 8959 2933 8959 3048 8960 2916 8960 2939 8960 3113 8961 3226 8961 3197 8961 3048 8962 3113 8962 3197 8962 3080 8963 3113 8963 3048 8963 2939 8964 3080 8964 3048 8964 3197 8965 3226 8965 3288 8965 3338 8966 3197 8966 3288 8966 3276 8967 3197 8967 3338 8967 3308 8968 3276 8968 3338 8968 3459 8969 3540 8969 3492 8969 3338 8970 3459 8970 3492 8970 3383 8971 3459 8971 3338 8971 3288 8972 3383 8972 3338 8972 3492 8973 3540 8973 3637 8973 3621 8974 3492 8974 3637 8974 3537 8975 3492 8975 3621 8975 3559 8976 3537 8976 3621 8976 3621 8977 3716 8977 3812 8977 3753 8978 3621 8978 3812 8978 3559 8979 3621 8979 3753 8979 3669 8980 3559 8980 3753 8980 3753 8981 3878 8981 4017 8981 3900 8982 3753 8982 4017 8982 3704 8983 3753 8983 3900 8983 3793 8984 3704 8984 3900 8984 3900 8985 4017 8985 4033 8985 4192 8986 3900 8986 4033 8986 4053 8987 3900 8987 4192 8987 4200 8988 4053 8988 4192 8988 4201 8989 4053 8989 4200 8989 4387 8990 4533 8990 4320 8990 4201 8991 4387 8991 4320 8991 4355 8992 4387 8992 4201 8992 4200 8993 4355 8993 4201 8993 4320 8994 4533 8994 4591 8994 4477 8995 4320 8995 4591 8995 4263 8996 4320 8996 4477 8996 4284 8997 4263 8997 4477 8997 4835 8998 5021 8998 4648 8998 4477 8999 4835 8999 4648 8999 4745 9000 4835 9000 4477 9000 4591 9001 4745 9001 4477 9001 4648 9002 5021 9002 5081 9002 4800 9003 4648 9003 5081 9003 4499 9004 4648 9004 4800 9004 4516 9005 4499 9005 4800 9005 4800 9006 5133 9006 5227 9006 5018 9007 4800 9007 5227 9007 4516 9008 4800 9008 5018 9008 4607 9009 4516 9009 5018 9009 5018 9010 5269 9010 5350 9010 5101 9011 5018 9011 5350 9011 4636 9012 5018 9012 5101 9012 4692 9013 4636 9013 5101 9013 5101 9014 5350 9014 5361 9014 5431 9015 5101 9015 5361 9015 5149 9016 5101 9016 5431 9016 5436 9017 5149 9017 5431 9017 5206 9018 5149 9018 5436 9018 5499 9019 5538 9019 5252 9019 5206 9020 5499 9020 5252 9020 5488 9021 5499 9021 5206 9021 5436 9022 5488 9022 5206 9022 5252 9023 5538 9023 5555 9023 5282 9024 5252 9024 5555 9024 5001 9025 5252 9025 5282 9025 5003 9026 5001 9026 5282 9026 5588 9027 5584 9027 5278 9027 5282 9028 5588 9028 5278 9028 5601 9029 5588 9029 5282 9029 5555 9030 5601 9030 5282 9030 5278 9031 5584 9031 5533 9031 5248 9032 5278 9032 5533 9032 4952 9033 5278 9033 5248 9033 4951 9034 4952 9034 5248 9034 5248 9035 5524 9035 5479 9035 5176 9036 5248 9036 5479 9036 4932 9037 5248 9037 5176 9037 4924 9038 4932 9038 5176 9038 5176 9039 5468 9039 5403 9039 5129 9040 5176 9040 5403 9040 4872 9041 5176 9041 5129 9041 4869 9042 4872 9042 5129 9042 5129 9043 5403 9043 5388 9043 5335 9044 5129 9044 5388 9044 5070 9045 5129 9045 5335 9045 5320 9046 5070 9046 5335 9046 4948 9047 5070 9047 5320 9047 5185 9048 5106 9048 4734 9048 4948 9049 5185 9049 4734 9049 5211 9050 5185 9050 4948 9050 5320 9051 5211 9051 4948 9051 4734 9052 5106 9052 5056 9052 4581 9053 4734 9053 5056 9053 4500 9054 4734 9054 4581 9054 4473 9055 4500 9055 4581 9055 4778 9056 4675 9056 4439 9056 4581 9057 4778 9057 4439 9057 4904 9058 4778 9058 4581 9058 5056 9059 4904 9059 4581 9059 4439 9060 4675 9060 4548 9060 4292 9061 4439 9061 4548 9061 4245 9062 4439 9062 4292 9062 4229 9063 4245 9063 4292 9063 4292 9064 4472 9064 4340 9064 4144 9065 4292 9065 4340 9065 4168 9066 4292 9066 4144 9066 4150 9067 4168 9067 4144 9067 3970 9068 3871 9068 3877 9068 3886 9069 3970 9069 3877 9069 4137 9070 3970 9070 3886 9070 4007 9071 4137 9071 3886 9071 4161 9072 4137 9072 4007 9072 4144 9073 4161 9073 4007 9073 4303 9074 4161 9074 4144 9074 4340 9075 4303 9075 4144 9075 3122 9076 3106 9076 3119 9076 4396 9077 4391 9077 4394 9077 5569 9078 5552 9078 5564 9078 5068 9079 5073 9079 5064 9079 3109 9080 3086 9080 3117 9080 3291 9081 3242 9081 3292 9081 3468 9082 3393 9082 3462 9082 4382 9083 4374 9083 4390 9083 4592 9084 4543 9084 4595 9084 4854 9085 4763 9085 4838 9085 5494 9086 5496 9086 5504 9086 5556 9087 5547 9087 5560 9087 5599 9088 5605 9088 5592 9088 5178 9089 5200 9089 5189 9089 5055 9090 5086 9090 5060 9090 4787 9091 4881 9091 4782 9091 3763 9092 3780 9092 3775 9092 3591 9093 3629 9093 3596 9093 3438 9094 3484 9094 3434 9094 3257 9095 3326 9095 3249 9095 3244 9096 3257 9096 3249 9096 2948 9097 3020 9097 2890 9097 1166 9098 1186 9098 1161 9098 960 9099 1040 9099 967 9099 676 9100 819 9100 686 9100 417 9101 465 9101 369 9101 193 9102 198 9102 186 9102 127 9103 145 9103 132 9103 137 9104 118 9104 155 9104 234 9105 225 9105 265 9105 574 9106 540 9106 568 9106 734 9107 663 9107 737 9107 1004 9108 925 9108 1022 9108 1335 9109 1277 9109 1396 9109 1913 9110 1889 9110 1907 9110 2071 9111 2028 9111 2075 9111 2248 9112 2183 9112 2257 9112 2534 9113 2487 9113 2598 9113 3110 9114 3085 9114 3115 9114 3297 9115 3230 9115 3290 9115 3469 9116 3386 9116 3461 9116 3755 9117 3721 9117 3810 9117 4383 9118 4370 9118 4389 9118 4599 9119 4539 9119 4594 9119 4858 9120 4757 9120 4837 9120 5171 9121 5140 9121 5224 9121 5495 9122 5491 9122 5503 9122 5563 9123 5544 9123 5559 9123 5512 9124 5521 9124 5476 9124 5180 9125 5202 9125 5188 9125 5062 9126 5098 9126 5059 9126 4420 9127 4460 9127 4336 9127 3129 9128 3171 9128 3062 9128 1920 9129 1970 9129 1879 9129 585 9130 622 9130 529 9130 570 9131 536 9131 571 9131 1910 9132 1886 9132 1909 9132 3116 9133 3082 9133 3114 9133 4386 9134 4356 9134 4388 9134 4194 9135 4200 9135 4192 9135 4181 9136 4194 9136 4192 9136 4033 9137 4181 9137 4192 9137 4031 9138 4181 9138 4033 9138 4020 9139 4031 9139 4033 9139 4017 9140 4020 9140 4033 9140 3872 9141 4020 9141 4017 9141 3878 9142 3872 9142 4017 9142 3815 9143 3872 9143 3878 9143 3812 9144 3815 9144 3878 9144 3698 9145 3815 9145 3812 9145 3716 9146 3698 9146 3812 9146 3639 9147 3698 9147 3716 9147 3637 9148 3639 9148 3716 9148 3532 9149 3639 9149 3637 9149 3540 9150 3532 9150 3637 9150 3457 9151 3532 9151 3540 9151 3459 9152 3457 9152 3540 9152 3369 9153 3457 9153 3459 9153 3383 9154 3369 9154 3459 9154 3286 9155 3369 9155 3383 9155 3288 9156 3286 9156 3383 9156 3219 9157 3286 9157 3288 9157 3226 9158 3219 9158 3288 9158 3111 9159 3219 9159 3226 9159 3113 9160 3111 9160 3226 9160 3074 9161 3111 9161 3113 9161 3080 9162 3074 9162 3113 9162 2930 9163 3074 9163 3080 9163 2930 9164 3080 9164 2939 9164 2933 9165 2930 9165 2939 9165 2919 9166 2930 9166 2933 9166 2781 9167 2919 9167 2933 9167 2775 9168 2919 9168 2781 9168 2761 9169 2775 9169 2781 9169 2763 9170 2761 9170 2781 9170 2633 9171 2761 9171 2763 9171 2637 9172 2633 9172 2763 9172 2594 9173 2633 9173 2637 9173 2596 9174 2594 9174 2637 9174 2479 9175 2594 9175 2596 9175 2485 9176 2479 9176 2596 9176 2433 9177 2479 9177 2485 9177 2436 9178 2433 9178 2485 9178 2321 9179 2433 9179 2436 9179 2325 9180 2321 9180 2436 9180 2261 9181 2321 9181 2325 9181 2258 9182 2261 9182 2325 9182 2169 9183 2261 9183 2258 9183 2177 9184 2169 9184 2258 9184 2080 9185 2169 9185 2177 9185 2076 9186 2080 9186 2177 9186 2017 9187 2080 9187 2076 9187 2025 9188 2017 9188 2076 9188 1912 9189 2017 9189 2025 9189 1908 9190 1912 9190 2025 9190 1871 9191 1912 9191 1908 9191 1887 9192 1871 9192 1908 9192 1737 9193 1871 9193 1887 9193 1737 9194 1887 9194 1749 9194 1736 9195 1737 9195 1749 9195 1730 9196 1737 9196 1736 9196 1594 9197 1730 9197 1736 9197 1586 9198 1730 9198 1594 9198 1550 9199 1586 9199 1594 9199 1554 9200 1550 9200 1594 9200 1419 9201 1550 9201 1554 9201 1430 9202 1419 9202 1554 9202 1392 9203 1419 9203 1430 9203 1395 9204 1392 9204 1430 9204 1266 9205 1392 9205 1395 9205 1274 9206 1266 9206 1395 9206 1211 9207 1266 9207 1274 9207 1214 9208 1211 9208 1274 9208 1095 9209 1211 9209 1214 9209 1111 9210 1095 9210 1214 9210 1026 9211 1095 9211 1111 9211 1023 9212 1026 9212 1111 9212 908 9213 1026 9213 1023 9213 919 9214 908 9214 1023 9214 743 9215 908 9215 919 9215 739 9216 743 9216 919 9216 656 9217 743 9217 739 9217 661 9218 656 9218 739 9218 573 9219 656 9219 661 9219 569 9220 573 9220 661 9220 514 9221 573 9221 569 9221 538 9222 514 9222 569 9222 383 9223 514 9223 538 9223 383 9224 538 9224 400 9224 379 9225 383 9225 400 9225 375 9226 383 9226 379 9226 335 9227 375 9227 379 9227 332 9228 375 9228 335 9228 319 9229 332 9229 335 9229 323 9230 319 9230 335 9230 272 9231 319 9231 323 9231 275 9232 272 9232 323 9232 260 9233 272 9233 275 9233 264 9234 260 9234 275 9234 219 9235 260 9235 264 9235 224 9236 219 9236 264 9236 209 9237 219 9237 224 9237 213 9238 209 9238 224 9238 168 9239 209 9239 213 9239 172 9240 168 9240 213 9240 160 9241 168 9241 172 9241 156 9242 160 9242 172 9242 113 9243 160 9243 156 9243 117 9244 113 9244 156 9244 140 9245 113 9245 117 9245 134 9246 140 9246 117 9246 159 9247 140 9247 134 9247 147 9248 159 9248 134 9248 191 9249 159 9249 147 9249 187 9250 191 9250 147 9250 205 9251 191 9251 187 9251 199 9252 205 9252 187 9252 246 9253 205 9253 199 9253 246 9254 199 9254 238 9254 241 9255 246 9255 238 9255 254 9256 246 9256 241 9256 298 9257 254 9257 241 9257 301 9258 254 9258 298 9258 304 9259 301 9259 298 9259 308 9260 304 9260 298 9260 356 9261 304 9261 308 9261 349 9262 356 9262 308 9262 364 9263 356 9263 349 9263 368 9264 364 9264 349 9264 475 9265 364 9265 368 9265 464 9266 475 9266 368 9266 526 9267 475 9267 464 9267 530 9268 526 9268 464 9268 630 9269 526 9269 530 9269 615 9270 630 9270 530 9270 689 9271 630 9271 615 9271 685 9272 689 9272 615 9272 844 9273 689 9273 685 9273 809 9274 844 9274 685 9274 970 9275 844 9275 809 9275 966 9276 970 9276 809 9276 1049 9277 970 9277 966 9277 1038 9278 1049 9278 966 9278 1165 9279 1049 9279 1038 9279 1160 9280 1165 9280 1038 9280 1221 9281 1165 9281 1160 9281 1221 9282 1160 9282 1183 9282 1341 9283 1221 9283 1183 9283 1353 9284 1221 9284 1341 9284 1348 9285 1353 9285 1341 9285 1373 9286 1353 9286 1348 9286 1510 9287 1373 9287 1348 9287 1497 9288 1510 9288 1348 9288 1522 9289 1510 9289 1497 9289 1527 9290 1522 9290 1497 9290 1656 9291 1522 9291 1527 9291 1648 9292 1656 9292 1527 9292 1700 9293 1656 9293 1648 9293 1705 9294 1700 9294 1648 9294 1815 9295 1700 9295 1705 9295 1801 9296 1815 9296 1705 9296 1877 9297 1815 9297 1801 9297 1882 9298 1877 9298 1801 9298 1981 9299 1877 9299 1882 9299 1952 9300 1981 9300 1882 9300 2049 9301 1981 9301 1952 9301 2047 9302 2049 9302 1952 9302 2127 9303 2049 9303 2047 9303 2120 9304 2127 9304 2047 9304 2213 9305 2127 9305 2120 9305 2208 9306 2213 9306 2120 9306 2284 9307 2213 9307 2208 9307 2266 9308 2284 9308 2208 9308 2383 9309 2284 9309 2266 9309 2378 9310 2383 9310 2266 9310 2444 9311 2383 9311 2378 9311 2444 9312 2378 9312 2416 9312 2550 9313 2444 9313 2416 9313 2559 9314 2444 9314 2550 9314 2553 9315 2559 9315 2550 9315 2576 9316 2559 9316 2553 9316 2720 9317 2576 9317 2553 9317 2704 9318 2720 9318 2553 9318 2733 9319 2720 9319 2704 9319 2738 9320 2733 9320 2704 9320 2874 9321 2733 9321 2738 9321 2861 9322 2874 9322 2738 9322 2894 9323 2874 9323 2861 9323 2889 9324 2894 9324 2861 9324 3028 9325 2894 9325 2889 9325 3019 9326 3028 9326 2889 9326 3066 9327 3028 9327 3019 9327 3063 9328 3066 9328 3019 9328 3177 9329 3066 9329 3063 9329 3165 9330 3177 9330 3063 9330 3245 9331 3177 9331 3165 9331 3251 9332 3245 9332 3165 9332 3333 9333 3245 9333 3251 9333 3324 9334 3333 9334 3251 9334 3430 9335 3333 9335 3324 9335 3436 9336 3430 9336 3324 9336 3497 9337 3430 9337 3436 9337 3480 9338 3497 9338 3436 9338 3593 9339 3497 9339 3480 9339 3599 9340 3593 9340 3480 9340 3654 9341 3593 9341 3599 9341 3654 9342 3599 9342 3625 9342 3761 9343 3654 9343 3625 9343 3770 9344 3654 9344 3761 9344 3776 9345 3770 9345 3761 9345 3796 9346 3770 9346 3776 9346 3942 9347 3796 9347 3776 9347 3929 9348 3942 9348 3776 9348 3969 9349 3942 9349 3929 9349 3964 9350 3969 9350 3929 9350 4134 9351 3969 9351 3964 9351 4104 9352 4134 9352 3964 9352 4160 9353 4134 9353 4104 9353 4154 9354 4160 9354 4104 9354 4300 9355 4160 9355 4154 9355 4277 9356 4300 9356 4154 9356 4339 9357 4300 9357 4277 9357 4333 9358 4339 9358 4277 9358 4466 9359 4339 9359 4333 9359 4449 9360 4466 9360 4333 9360 4546 9361 4466 9361 4449 9361 4552 9362 4546 9362 4449 9362 4672 9363 4546 9363 4552 9363 4650 9364 4672 9364 4552 9364 4779 9365 4672 9365 4650 9365 4785 9366 4779 9366 4650 9366 4900 9367 4779 9367 4785 9367 4874 9368 4900 9368 4785 9368 5057 9369 4900 9369 4874 9369 5063 9370 5057 9370 4874 9370 5103 9371 5057 9371 5063 9371 5103 9372 5063 9372 5074 9372 5183 9373 5103 9373 5074 9373 5186 9374 5103 9374 5183 9374 5191 9375 5186 9375 5183 9375 5208 9376 5186 9376 5191 9376 5319 9377 5208 9377 5191 9377 5308 9378 5319 9378 5191 9378 5334 9379 5319 9379 5308 9379 5328 9380 5334 9380 5308 9380 5386 9381 5334 9381 5328 9381 5379 9382 5386 9382 5328 9382 5402 9383 5386 9383 5379 9383 5396 9384 5402 9384 5379 9384 5467 9385 5402 9385 5396 9385 5461 9386 5467 9386 5396 9386 5478 9387 5467 9387 5461 9387 5472 9388 5478 9388 5461 9388 5523 9389 5478 9389 5472 9389 5517 9390 5523 9390 5472 9390 5532 9391 5523 9391 5517 9391 5536 9392 5532 9392 5517 9392 5583 9393 5532 9393 5536 9393 5577 9394 5583 9394 5536 9394 5589 9395 5583 9395 5577 9395 5594 9396 5589 9396 5577 9396 5602 9397 5589 9397 5594 9397 5608 9398 5602 9398 5594 9398 5557 9399 5602 9399 5608 9399 5562 9400 5557 9400 5608 9400 5539 9401 5557 9401 5562 9401 5539 9402 5562 9402 5551 9402 5510 9403 5539 9403 5551 9403 5500 9404 5539 9404 5510 9404 5507 9405 5500 9405 5510 9405 5489 9406 5500 9406 5507 9406 4385 9407 4531 9407 4398 9407 4393 9408 4385 9408 4398 9408 4353 9409 4385 9409 4393 9409 5437 9410 5489 9410 5507 9410 5445 9411 5437 9411 5507 9411 5430 9412 5437 9412 5445 9412 5421 9413 5430 9413 5445 9413 5362 9414 5430 9414 5421 9414 5369 9415 5362 9415 5421 9415 5349 9416 5362 9416 5369 9416 5343 9417 5349 9417 5369 9417 5268 9418 5349 9418 5343 9418 5301 9419 5268 9419 5343 9419 5226 9420 5268 9420 5301 9420 5220 9421 5226 9421 5301 9421 5132 9422 5226 9422 5220 9422 5148 9423 5132 9423 5220 9423 5080 9424 5132 9424 5148 9424 5083 9425 5080 9425 5148 9425 5020 9426 5080 9426 5083 9426 5038 9427 5020 9427 5083 9427 4834 9428 5020 9428 5038 9428 4843 9429 4834 9429 5038 9429 4737 9430 4834 9430 4843 9430 4770 9431 4737 9431 4843 9431 4590 9432 4737 9432 4770 9432 4598 9433 4590 9433 4770 9433 4531 9434 4590 9434 4598 9434 4574 9435 4531 9435 4598 9435 4398 9436 4531 9436 4574 9436 3112 9437 3225 9437 3124 9437 3120 9438 3112 9438 3124 9438 3077 9439 3112 9439 3120 9439 4197 9440 4353 9440 4393 9440 4219 9441 4197 9441 4393 9441 4193 9442 4197 9442 4219 9442 4186 9443 4193 9443 4219 9443 4032 9444 4193 9444 4186 9444 4052 9445 4032 9445 4186 9445 4018 9446 4032 9446 4052 9446 4010 9447 4018 9447 4052 9447 3874 9448 4018 9448 4010 9448 3892 9449 3874 9449 4010 9449 3813 9450 3874 9450 3892 9450 3805 9451 3813 9451 3892 9451 3712 9452 3813 9452 3805 9452 3733 9453 3712 9453 3805 9453 3638 9454 3712 9454 3733 9454 3636 9455 3638 9455 3733 9455 3538 9456 3638 9456 3636 9456 3573 9457 3538 9457 3636 9457 3458 9458 3538 9458 3573 9458 3465 9459 3458 9459 3573 9459 3370 9460 3458 9460 3465 9460 3401 9461 3370 9461 3465 9461 3287 9462 3370 9462 3401 9462 3295 9463 3287 9463 3401 9463 3225 9464 3287 9464 3295 9464 3264 9465 3225 9465 3295 9465 3124 9466 3225 9466 3264 9466 2938 9467 3077 9467 3120 9467 2957 9468 2938 9468 3120 9468 2934 9469 2938 9469 2957 9469 2926 9470 2934 9470 2957 9470 2778 9471 2934 9471 2926 9471 2813 9472 2778 9472 2926 9472 2762 9473 2778 9473 2813 9473 2766 9474 2762 9474 2813 9474 2635 9475 2762 9475 2766 9475 2656 9476 2635 9476 2766 9476 2595 9477 2635 9477 2656 9477 2599 9478 2595 9478 2656 9478 2484 9479 2595 9479 2599 9479 2496 9480 2484 9480 2599 9480 2437 9481 2484 9481 2496 9481 2429 9482 2437 9482 2496 9482 2324 9483 2437 9483 2429 9483 2344 9484 2324 9484 2429 9484 2260 9485 2324 9485 2344 9485 2252 9486 2260 9486 2344 9486 2175 9487 2260 9487 2252 9487 2193 9488 2175 9488 2252 9488 2078 9489 2175 9489 2193 9489 2070 9490 2078 9490 2193 9490 2020 9491 2078 9491 2070 9491 2020 9492 2070 9492 2056 9492 1914 9493 2020 9493 2056 9493 1911 9494 2020 9494 1914 9494 1903 9495 1911 9495 1914 9495 1885 9496 1911 9496 1903 9496 1734 9497 1885 9497 1903 9497 1734 9498 1903 9498 1768 9498 1742 9499 1734 9499 1768 9499 1732 9500 1734 9500 1742 9500 1616 9501 1732 9501 1742 9501 1588 9502 1732 9502 1616 9502 1552 9503 1588 9503 1616 9503 1559 9504 1552 9504 1616 9504 1422 9505 1552 9505 1559 9505 1453 9506 1422 9506 1559 9506 1393 9507 1422 9507 1453 9507 1400 9508 1393 9508 1453 9508 1270 9509 1393 9509 1400 9509 1293 9510 1270 9510 1400 9510 1213 9511 1270 9511 1293 9511 1212 9512 1213 9512 1293 9512 1102 9513 1213 9513 1212 9513 1128 9514 1102 9514 1212 9514 1025 9515 1102 9515 1128 9515 1015 9516 1025 9516 1128 9516 912 9517 1025 9517 1015 9517 940 9518 912 9518 1015 9518 742 9519 912 9519 940 9519 733 9520 742 9520 940 9520 658 9521 742 9521 733 9521 658 9522 733 9522 693 9522 564 9523 658 9523 693 9523 572 9524 658 9524 564 9524 562 9525 572 9525 564 9525 523 9526 572 9526 562 9526 380 9527 523 9527 562 9527 380 9528 562 9528 429 9528 395 9529 380 9529 429 9529 376 9530 380 9530 395 9530 340 9531 376 9531 395 9531 333 9532 376 9532 340 9532 321 9533 333 9533 340 9533 328 9534 321 9534 340 9534 273 9535 321 9535 328 9535 287 9536 273 9536 328 9536 262 9537 273 9537 287 9537 269 9538 262 9538 287 9538 221 9539 262 9539 269 9539 230 9540 221 9540 269 9540 210 9541 221 9541 230 9541 211 9542 210 9542 230 9542 170 9543 210 9543 211 9543 177 9544 170 9544 211 9544 158 9545 170 9545 177 9545 149 9546 158 9546 177 9546 115 9547 158 9547 149 9547 122 9548 115 9548 149 9548 139 9549 115 9549 122 9549 128 9550 139 9550 122 9550 151 9551 139 9551 128 9551 151 9552 128 9552 129 9552 181 9553 151 9553 129 9553 190 9554 151 9554 181 9554 183 9555 190 9555 181 9555 201 9556 190 9556 183 9556 233 9557 201 9557 183 9557 243 9558 201 9558 233 9558 248 9559 243 9559 233 9559 249 9560 243 9560 248 9560 293 9561 249 9561 248 9561 300 9562 249 9562 293 9562 305 9563 300 9563 293 9563 313 9564 305 9564 293 9564 355 9565 305 9565 313 9565 345 9566 355 9566 313 9566 365 9567 355 9567 345 9567 373 9568 365 9568 345 9568 469 9569 365 9569 373 9569 447 9570 469 9570 373 9570 527 9571 469 9571 447 9571 528 9572 527 9572 447 9572 626 9573 527 9573 528 9573 594 9574 626 9574 528 9574 688 9575 626 9575 594 9575 682 9576 688 9576 594 9576 841 9577 688 9577 682 9577 781 9578 841 9578 682 9578 969 9579 841 9579 781 9579 961 9580 969 9580 781 9580 1046 9581 969 9581 961 9581 1046 9582 961 9582 993 9582 1154 9583 1046 9583 993 9583 1164 9584 1046 9584 1154 9584 1156 9585 1164 9585 1154 9585 1210 9586 1164 9586 1156 9586 1322 9587 1210 9587 1156 9587 1351 9588 1210 9588 1322 9588 1354 9589 1351 9589 1322 9589 1367 9590 1351 9590 1354 9590 1505 9591 1367 9591 1354 9591 1482 9592 1505 9592 1354 9592 1523 9593 1505 9593 1482 9593 1534 9594 1523 9594 1482 9594 1653 9595 1523 9595 1534 9595 1639 9596 1653 9596 1534 9596 1701 9597 1653 9597 1639 9597 1709 9598 1701 9598 1639 9598 1810 9599 1701 9599 1709 9599 1786 9600 1810 9600 1709 9600 1878 9601 1810 9601 1786 9601 1881 9602 1878 9602 1786 9602 1973 9603 1878 9603 1881 9603 1935 9604 1973 9604 1881 9604 2051 9605 1973 9605 1935 9605 2044 9606 2051 9606 1935 9606 2126 9607 2051 9607 2044 9607 2086 9608 2126 9608 2044 9608 2211 9609 2126 9609 2086 9609 2203 9610 2211 9610 2086 9610 2282 9611 2211 9611 2203 9611 2282 9612 2203 9612 2231 9612 2372 9613 2282 9613 2231 9613 2382 9614 2282 9614 2372 9614 2374 9615 2382 9615 2372 9615 2441 9616 2382 9616 2374 9616 2528 9617 2441 9617 2374 9617 2557 9618 2441 9618 2528 9618 2558 9619 2557 9619 2528 9619 2571 9620 2557 9620 2558 9620 2714 9621 2571 9621 2558 9621 2684 9622 2714 9622 2558 9622 2734 9623 2714 9623 2684 9623 2741 9624 2734 9624 2684 9624 2872 9625 2734 9625 2741 9625 2835 9626 2872 9626 2741 9626 2893 9627 2872 9627 2835 9627 2891 9628 2893 9628 2835 9628 3025 9629 2893 9629 2891 9629 3005 9630 3025 9630 2891 9630 3065 9631 3025 9631 3005 9631 3068 9632 3065 9632 3005 9632 3174 9633 3065 9633 3068 9633 3154 9634 3174 9634 3068 9634 3247 9635 3174 9635 3154 9635 3254 9636 3247 9636 3154 9636 3332 9637 3247 9637 3254 9637 3312 9638 3332 9638 3254 9638 3431 9639 3332 9639 3312 9639 3439 9640 3431 9640 3312 9640 3493 9641 3431 9641 3439 9641 3493 9642 3439 9642 3455 9642 3601 9643 3493 9643 3455 9643 3594 9644 3493 9644 3601 9644 3602 9645 3594 9645 3601 9645 3651 9646 3594 9646 3602 9646 3750 9647 3651 9647 3602 9647 3771 9648 3651 9648 3750 9648 3768 9649 3771 9649 3750 9649 3794 9650 3771 9650 3768 9650 3938 9651 3794 9651 3768 9651 3907 9652 3938 9652 3768 9652 3968 9653 3938 9653 3907 9653 3961 9654 3968 9654 3907 9654 4116 9655 3968 9655 3961 9655 4069 9656 4116 9656 3961 9656 4159 9657 4116 9657 4069 9657 4151 9658 4159 9658 4069 9658 4297 9659 4159 9659 4151 9659 4249 9660 4297 9660 4151 9660 4338 9661 4297 9661 4249 9661 4337 9662 4338 9662 4249 9662 4464 9663 4338 9663 4337 9663 4435 9664 4464 9664 4337 9664 4545 9665 4464 9665 4435 9665 4555 9666 4545 9666 4435 9666 4666 9667 4545 9667 4555 9667 4609 9668 4666 9668 4555 9668 4780 9669 4666 9669 4609 9669 4788 9670 4780 9670 4609 9670 4895 9671 4780 9671 4788 9671 4828 9672 4895 9672 4788 9672 5058 9673 4895 9673 4828 9673 5066 9674 5058 9674 4828 9674 5100 9675 5058 9675 5066 9675 5100 9676 5066 9676 5069 9676 5165 9677 5100 9677 5069 9677 5187 9678 5100 9678 5165 9678 5182 9679 5187 9679 5165 9679 5205 9680 5187 9680 5182 9680 5501 9681 5541 9681 5513 9681 5498 9682 5501 9682 5513 9682 5490 9683 5501 9683 5498 9683 5318 9684 5205 9684 5182 9684 5304 9685 5318 9685 5182 9685 5333 9686 5318 9686 5304 9686 5323 9687 5333 9687 5304 9687 5385 9688 5333 9688 5323 9688 5374 9689 5385 9689 5323 9689 5401 9690 5385 9690 5374 9690 5393 9691 5401 9691 5374 9691 5466 9692 5401 9692 5393 9692 5457 9693 5466 9693 5393 9693 5477 9694 5466 9694 5457 9694 5475 9695 5477 9695 5457 9695 5522 9696 5477 9696 5475 9696 5514 9697 5522 9697 5475 9697 5530 9698 5522 9698 5514 9698 5540 9699 5530 9699 5514 9699 5582 9700 5530 9700 5540 9700 5574 9701 5582 9701 5540 9701 5590 9702 5582 9702 5574 9702 5598 9703 5590 9703 5574 9703 5603 9704 5590 9704 5598 9704 5614 9705 5603 9705 5598 9705 5558 9706 5603 9706 5614 9706 5567 9707 5558 9707 5614 9707 5541 9708 5558 9708 5567 9708 5566 9709 5541 9709 5567 9709 5513 9710 5541 9710 5566 9710 5438 9711 5490 9711 5498 9711 5452 9712 5438 9712 5498 9712 5429 9713 5438 9713 5452 9713 5418 9714 5429 9714 5452 9714 5363 9715 5429 9715 5418 9715 5372 9716 5363 9716 5418 9716 5348 9717 5363 9717 5372 9717 5340 9718 5348 9718 5372 9718 5279 9719 5348 9719 5340 9719 5303 9720 5279 9720 5340 9720 5225 9721 5279 9721 5303 9721 5222 9722 5225 9722 5303 9722 5139 9723 5225 9723 5222 9723 5162 9724 5139 9724 5222 9724 5078 9725 5139 9725 5162 9725 5085 9726 5078 9726 5162 9726 5024 9727 5078 9727 5085 9727 5045 9728 5024 9728 5085 9728 4836 9729 5024 9729 5045 9729 4852 9730 4836 9730 5045 9730 4750 9731 4836 9731 4852 9731 4804 9732 4750 9732 4852 9732 4593 9733 4750 9733 4804 9733 4601 9734 4593 9734 4804 9734 4535 9735 4593 9735 4601 9735 4600 9736 4535 9736 4601 9736 4388 9737 4535 9737 4600 9737 4426 9738 4388 9738 4600 9738 4386 9739 4388 9739 4426 9739 4202 9740 4356 9740 4386 9740 4244 9741 4202 9741 4386 9741 4191 9742 4202 9742 4244 9742 4184 9743 4191 9743 4244 9743 4034 9744 4191 9744 4184 9744 4067 9745 4034 9745 4184 9745 4016 9746 4034 9746 4067 9746 4008 9747 4016 9747 4067 9747 3880 9748 4016 9748 4008 9748 3901 9749 3880 9749 4008 9749 3811 9750 3880 9750 3901 9750 3807 9751 3811 9751 3901 9751 3718 9752 3811 9752 3807 9752 3743 9753 3718 9753 3807 9753 3635 9754 3718 9754 3743 9754 3640 9755 3635 9755 3743 9755 3543 9756 3635 9756 3640 9756 3582 9757 3543 9757 3640 9757 3460 9758 3543 9758 3582 9758 3467 9759 3460 9759 3582 9759 3385 9760 3460 9760 3467 9760 3447 9761 3385 9761 3467 9761 3289 9762 3385 9762 3447 9762 3298 9763 3289 9763 3447 9763 3228 9764 3289 9764 3298 9764 3296 9765 3228 9765 3298 9765 3114 9766 3228 9766 3296 9766 3145 9767 3114 9767 3296 9767 3116 9768 3114 9768 3145 9768 2942 9769 3082 9769 3116 9769 2987 9770 2942 9770 3116 9770 2932 9771 2942 9771 2987 9771 2925 9772 2932 9772 2987 9772 2784 9773 2932 9773 2925 9773 2833 9774 2784 9774 2925 9774 2764 9775 2784 9775 2833 9775 2760 9776 2764 9776 2833 9776 2638 9777 2764 9777 2760 9777 2681 9778 2638 9778 2760 9778 2597 9779 2638 9779 2681 9779 2593 9780 2597 9780 2681 9780 2486 9781 2597 9781 2593 9781 2521 9782 2486 9782 2593 9782 2435 9783 2486 9783 2521 9783 2428 9784 2435 9784 2521 9784 2326 9785 2435 9785 2428 9785 2358 9786 2326 9786 2428 9786 2259 9787 2326 9787 2358 9787 2250 9788 2259 9788 2358 9788 2178 9789 2259 9789 2250 9789 2220 9790 2178 9790 2250 9790 2077 9791 2178 9791 2220 9791 2069 9792 2077 9792 2220 9792 2024 9793 2077 9793 2069 9793 2066 9794 2024 9794 2069 9794 1909 9795 2024 9795 2066 9795 1928 9796 1909 9796 2066 9796 1910 9797 1909 9797 1928 9797 1748 9798 1886 9798 1910 9798 1783 9799 1748 9799 1910 9799 1735 9800 1748 9800 1783 9800 1744 9801 1735 9801 1783 9801 1593 9802 1735 9802 1744 9802 1633 9803 1593 9803 1744 9803 1553 9804 1593 9804 1633 9804 1561 9805 1553 9805 1633 9805 1429 9806 1553 9806 1561 9806 1478 9807 1429 9807 1561 9807 1394 9808 1429 9808 1478 9808 1398 9809 1394 9809 1478 9809 1273 9810 1394 9810 1398 9810 1319 9811 1273 9811 1398 9811 1215 9812 1273 9812 1319 9812 1209 9813 1215 9813 1319 9813 1108 9814 1215 9814 1209 9814 1144 9815 1108 9815 1209 9815 1024 9816 1108 9816 1144 9816 1013 9817 1024 9817 1144 9817 917 9818 1024 9818 1013 9818 977 9819 917 9819 1013 9819 741 9820 917 9820 977 9820 732 9821 741 9821 977 9821 660 9822 741 9822 732 9822 730 9823 660 9823 732 9823 571 9824 660 9824 730 9824 589 9825 571 9825 730 9825 570 9826 571 9826 589 9826 388 9827 536 9827 570 9827 444 9828 388 9828 570 9828 378 9829 388 9829 444 9829 399 9830 378 9830 444 9830 334 9831 378 9831 399 9831 343 9832 334 9832 399 9832 322 9833 334 9833 343 9833 330 9834 322 9834 343 9834 274 9835 322 9835 330 9835 291 9836 274 9836 330 9836 263 9837 274 9837 291 9837 268 9838 263 9838 291 9838 223 9839 263 9839 268 9839 232 9840 223 9840 268 9840 212 9841 223 9841 232 9841 208 9842 212 9842 232 9842 171 9843 212 9843 208 9843 180 9844 171 9844 208 9844 157 9845 171 9845 180 9845 144 9846 157 9846 180 9846 116 9847 157 9847 144 9847 126 9848 116 9848 144 9848 135 9849 116 9849 126 9849 125 9850 135 9850 126 9850 148 9851 135 9851 125 9851 124 9852 148 9852 125 9852 189 9853 148 9853 124 9853 189 9854 124 9854 179 9854 188 9855 189 9855 179 9855 200 9856 189 9856 188 9856 240 9857 200 9857 188 9857 240 9858 188 9858 231 9858 251 9859 240 9859 231 9859 244 9860 240 9860 251 9860 299 9861 244 9861 251 9861 289 9862 299 9862 251 9862 307 9863 299 9863 289 9863 315 9864 307 9864 289 9864 354 9865 307 9865 315 9865 341 9866 354 9866 315 9866 367 9867 354 9867 341 9867 372 9868 367 9868 341 9868 467 9869 367 9869 372 9869 434 9870 467 9870 372 9870 529 9871 467 9871 434 9871 524 9872 529 9872 434 9872 585 9873 529 9873 524 9873 687 9874 622 9874 585 9874 679 9875 687 9875 585 9875 827 9876 687 9876 679 9876 709 9877 827 9877 679 9877 968 9878 827 9878 709 9878 957 9879 968 9879 709 9879 1043 9880 968 9880 957 9880 958 9881 1043 9881 957 9881 1163 9882 1043 9882 958 9882 1163 9883 958 9883 1134 9883 1159 9884 1163 9884 1134 9884 1189 9885 1163 9885 1159 9885 1349 9886 1189 9886 1159 9886 1349 9887 1159 9887 1306 9887 1355 9888 1349 9888 1306 9888 1361 9889 1349 9889 1355 9889 1502 9890 1361 9890 1355 9890 1470 9891 1502 9891 1355 9891 1524 9892 1502 9892 1470 9892 1536 9893 1524 9893 1470 9893 1651 9894 1524 9894 1536 9894 1621 9895 1651 9895 1536 9895 1702 9896 1651 9896 1621 9896 1708 9897 1702 9897 1621 9897 1809 9898 1702 9898 1708 9898 1775 9899 1809 9899 1708 9899 1879 9900 1809 9900 1775 9900 1876 9901 1879 9901 1775 9901 1920 9902 1879 9902 1876 9902 2050 9903 1970 9903 1920 9903 2042 9904 2050 9904 1920 9904 2123 9905 2050 9905 2042 9905 2062 9906 2123 9906 2042 9906 2210 9907 2123 9907 2062 9907 2200 9908 2210 9908 2062 9908 2280 9909 2210 9909 2200 9909 2201 9910 2280 9910 2200 9910 2380 9911 2280 9911 2201 9911 2380 9912 2201 9912 2352 9912 2375 9913 2380 9913 2352 9913 2422 9914 2380 9914 2375 9914 2556 9915 2422 9915 2375 9915 2556 9916 2375 9916 2505 9916 2561 9917 2556 9917 2505 9917 2568 9918 2556 9918 2561 9918 2710 9919 2568 9919 2561 9919 2663 9920 2710 9920 2561 9920 2736 9921 2710 9921 2663 9921 2742 9922 2736 9922 2663 9922 2870 9923 2736 9923 2742 9923 2827 9924 2870 9924 2742 9924 2892 9925 2870 9925 2827 9925 2895 9926 2892 9926 2827 9926 3021 9927 2892 9927 2895 9927 2972 9928 3021 9928 2895 9928 3062 9929 3021 9929 2972 9929 3069 9930 3062 9930 2972 9930 3129 9931 3062 9931 3069 9931 3248 9932 3171 9932 3129 9932 3256 9933 3248 9933 3129 9933 3329 9934 3248 9934 3256 9934 3280 9935 3329 9935 3256 9935 3432 9936 3329 9936 3280 9936 3440 9937 3432 9937 3280 9937 3488 9938 3432 9938 3440 9938 3442 9939 3488 9939 3440 9939 3595 9940 3488 9940 3442 9940 3595 9941 3442 9941 3578 9941 3597 9942 3595 9942 3578 9942 3648 9943 3595 9943 3597 9943 3773 9944 3648 9944 3597 9944 3773 9945 3597 9945 3738 9945 3765 9946 3773 9946 3738 9946 3782 9947 3773 9947 3765 9947 3936 9948 3782 9948 3765 9948 3896 9949 3936 9949 3765 9949 3967 9950 3936 9950 3896 9950 3959 9951 3967 9951 3896 9951 4112 9952 3967 9952 3959 9952 4058 9953 4112 9953 3959 9953 4157 9954 4112 9954 4058 9954 4152 9955 4157 9955 4058 9955 4291 9956 4157 9956 4152 9956 4226 9957 4291 9957 4152 9957 4336 9958 4291 9958 4226 9958 4342 9959 4336 9959 4226 9959 4420 9960 4336 9960 4342 9960 4547 9961 4460 9961 4420 9961 4557 9962 4547 9962 4420 9962 4661 9963 4547 9963 4557 9963 4584 9964 4661 9964 4557 9964 4781 9965 4661 9965 4584 9965 4789 9966 4781 9966 4584 9966 4889 9967 4781 9967 4789 9967 4792 9968 4889 9968 4789 9968 5059 9969 4889 9969 4792 9969 5042 9970 5059 9970 4792 9970 5062 9971 5059 9971 5042 9971 5188 9972 5098 9972 5062 9972 5156 9973 5188 9973 5062 9973 5180 9974 5188 9974 5156 9974 5312 9975 5202 9975 5180 9975 5302 9976 5312 9976 5180 9976 5332 9977 5312 9977 5302 9977 5321 9978 5332 9978 5302 9978 5383 9979 5332 9979 5321 9979 5370 9980 5383 9980 5321 9980 5400 9981 5383 9981 5370 9981 5394 9982 5400 9982 5370 9982 5464 9983 5400 9983 5394 9983 5449 9984 5464 9984 5394 9984 5476 9985 5464 9985 5449 9985 5481 9986 5476 9986 5449 9986 5512 9987 5476 9987 5481 9987 5529 9988 5521 9988 5512 9988 5543 9989 5529 9989 5512 9989 5581 9990 5529 9990 5543 9990 5565 9991 5581 9991 5543 9991 5591 9992 5581 9992 5565 9992 5610 9993 5591 9993 5565 9993 5604 9994 5591 9994 5610 9994 5613 9995 5604 9995 5610 9995 5559 9996 5604 9996 5613 9996 5575 9997 5559 9997 5613 9997 5563 9998 5559 9998 5575 9998 5503 9999 5544 9999 5563 9999 5515 10000 5503 10000 5563 10000 5495 10001 5503 10001 5515 10001 5442 10002 5491 10002 5495 10002 5459 10003 5442 10003 5495 10003 5428 10004 5442 10004 5459 10004 5411 10005 5428 10005 5459 10005 5365 10006 5428 10006 5411 10006 5376 10007 5365 10007 5411 10007 5347 10008 5365 10008 5376 10008 5341 10009 5347 10009 5376 10009 5284 10010 5347 10010 5341 10010 5306 10011 5284 10011 5341 10011 5224 10012 5284 10012 5306 10012 5229 10013 5224 10013 5306 10013 5171 10014 5224 10014 5229 10014 5076 10015 5140 10015 5171 10015 5088 10016 5076 10016 5171 10016 5027 10017 5076 10017 5088 10017 5071 10018 5027 10018 5088 10018 4837 10019 5027 10019 5071 10019 4861 10020 4837 10020 5071 10020 4858 10021 4837 10021 4861 10021 4594 10022 4757 10022 4858 10022 4627 10023 4594 10023 4858 10023 4599 10024 4594 10024 4627 10024 4389 10025 4539 10025 4599 10025 4442 10026 4389 10026 4599 10026 4383 10027 4389 10027 4442 10027 4205 10028 4370 10028 4383 10028 4266 10029 4205 10029 4383 10029 4190 10030 4205 10030 4266 10030 4182 10031 4190 10031 4266 10031 4037 10032 4190 10032 4182 10032 4079 10033 4037 10033 4182 10033 4015 10034 4037 10034 4079 10034 4009 10035 4015 10035 4079 10035 3883 10036 4015 10036 4009 10036 3920 10037 3883 10037 4009 10037 3810 10038 3883 10038 3920 10038 3814 10039 3810 10039 3920 10039 3755 10040 3810 10040 3814 10040 3633 10041 3721 10041 3755 10041 3642 10042 3633 10042 3755 10042 3548 10043 3633 10043 3642 10043 3609 10044 3548 10044 3642 10044 3461 10045 3548 10045 3609 10045 3472 10046 3461 10046 3609 10046 3469 10047 3461 10047 3472 10047 3290 10048 3386 10048 3469 10048 3318 10049 3290 10049 3469 10049 3297 10050 3290 10050 3318 10050 3115 10051 3230 10051 3297 10051 3158 10052 3115 10052 3297 10052 3110 10053 3115 10053 3158 10053 2945 10054 3085 10054 3110 10054 3012 10055 2945 10055 3110 10055 2931 10056 2945 10056 3012 10056 2924 10057 2931 10057 3012 10057 2795 10058 2931 10058 2924 10058 2853 10059 2795 10059 2924 10059 2765 10060 2795 10060 2853 10060 2759 10061 2765 10061 2853 10061 2641 10062 2765 10062 2759 10062 2699 10063 2641 10063 2759 10063 2598 10064 2641 10064 2699 10064 2592 10065 2598 10065 2699 10065 2534 10066 2598 10066 2592 10066 2434 10067 2487 10067 2534 10067 2426 10068 2434 10068 2534 10068 2328 10069 2434 10069 2426 10069 2397 10070 2328 10070 2426 10070 2257 10071 2328 10071 2397 10071 2249 10072 2257 10072 2397 10072 2248 10073 2257 10073 2249 10073 2075 10074 2183 10074 2248 10074 2094 10075 2075 10075 2248 10075 2071 10076 2075 10076 2094 10076 1907 10077 2028 10077 2071 10077 1945 10078 1907 10078 2071 10078 1913 10079 1907 10079 1945 10079 1752 10080 1889 10080 1913 10080 1792 10081 1752 10081 1913 10081 1738 10082 1752 10082 1792 10082 1746 10083 1738 10083 1792 10083 1606 10084 1738 10084 1746 10084 1644 10085 1606 10085 1746 10085 1555 10086 1606 10086 1644 10086 1560 10087 1555 10087 1644 10087 1433 10088 1555 10088 1560 10088 1491 10089 1433 10089 1560 10089 1396 10090 1433 10090 1491 10090 1391 10091 1396 10091 1491 10091 1335 10092 1396 10092 1391 10092 1217 10093 1277 10093 1335 10093 1204 10094 1217 10094 1335 10094 1121 10095 1217 10095 1204 10095 1174 10096 1121 10096 1204 10096 1022 10097 1121 10097 1174 10097 1006 10098 1022 10098 1174 10098 1004 10099 1022 10099 1006 10099 737 10100 925 10100 1004 10100 796 10101 737 10101 1004 10101 734 10102 737 10102 796 10102 568 10103 663 10103 734 10103 599 10104 568 10104 734 10104 574 10105 568 10105 599 10105 405 10106 402 10106 382 10106 405 10107 540 10107 574 10107 453 10108 405 10108 574 10108 402 10109 405 10109 453 10109 336 10110 382 10110 402 10110 347 10111 336 10111 402 10111 324 10112 336 10112 347 10112 329 10113 324 10113 347 10113 276 10114 324 10114 329 10114 295 10115 276 10115 329 10115 265 10116 276 10116 295 10116 261 10117 265 10117 295 10117 234 10118 265 10118 261 10118 214 10119 225 10119 234 10119 206 10120 214 10120 234 10120 173 10121 214 10121 206 10121 192 10122 173 10122 206 10122 155 10123 173 10123 192 10123 138 10124 155 10124 192 10124 137 10125 155 10125 138 10125 132 10126 118 10126 137 10126 121 10127 132 10127 137 10127 127 10128 132 10128 121 10128 186 10129 145 10129 127 10129 176 10130 186 10130 127 10130 193 10131 186 10131 176 10131 237 10132 253 10132 242 10132 237 10133 198 10133 193 10133 229 10134 237 10134 193 10134 253 10135 237 10135 229 10135 297 10136 242 10136 253 10136 278 10137 297 10137 253 10137 309 10138 297 10138 278 10138 314 10139 309 10139 278 10139 350 10140 309 10140 314 10140 338 10141 350 10141 314 10141 369 10142 350 10142 338 10142 366 10143 369 10143 338 10143 417 10144 369 10144 366 10144 531 10145 465 10145 417 10145 520 10146 531 10146 417 10146 616 10147 531 10147 520 10147 553 10148 616 10148 520 10148 686 10149 616 10149 553 10149 674 10150 686 10150 553 10150 676 10151 686 10151 674 10151 967 10152 819 10152 676 10152 933 10153 967 10153 676 10153 960 10154 967 10154 933 10154 1161 10155 1040 10155 960 10155 1127 10156 1161 10156 960 10156 1166 10157 1161 10157 1127 10157 1343 10158 1357 10158 1347 10158 1343 10159 1186 10159 1166 10159 1280 10160 1343 10160 1166 10160 1357 10161 1343 10161 1280 10161 1499 10162 1347 10162 1357 10162 1447 10163 1499 10163 1357 10163 1526 10164 1499 10164 1447 10164 1535 10165 1526 10165 1447 10165 1650 10166 1526 10166 1535 10166 1608 10167 1650 10167 1535 10167 1704 10168 1650 10168 1608 10168 1704 10169 1608 10169 1703 10169 1758 10170 1704 10170 1703 10170 1803 10171 1704 10171 1758 10171 1880 10172 1803 10172 1758 10172 1880 10173 1758 10173 1874 10173 1894 10174 1880 10174 1874 10174 1955 10175 1880 10175 1894 10175 2048 10176 1955 10176 1894 10176 2048 10177 1894 10177 2038 10177 2040 10178 2048 10178 2038 10178 2122 10179 2048 10179 2040 10179 2209 10180 2122 10180 2040 10180 2209 10181 2040 10181 2190 10181 2202 10182 2209 10182 2190 10182 2268 10183 2209 10183 2202 10183 2379 10184 2268 10184 2202 10184 2379 10185 2202 10185 2335 10185 2381 10186 2379 10186 2335 10186 2418 10187 2379 10187 2381 10187 2552 10188 2418 10188 2381 10188 2552 10189 2381 10189 2491 10189 2563 10190 2552 10190 2491 10190 2565 10191 2552 10191 2563 10191 2707 10192 2565 10192 2563 10192 2642 10193 2707 10193 2563 10193 2737 10194 2707 10194 2642 10194 2744 10195 2737 10195 2642 10195 2865 10196 2737 10196 2744 10196 2798 10197 2865 10197 2744 10197 2890 10198 2865 10198 2798 10198 2897 10199 2890 10199 2798 10199 2948 10200 2890 10200 2897 10200 3060 10201 3020 10201 2948 10201 3071 10202 3060 10202 2948 10202 3088 10203 3060 10203 3071 10203 3088 10204 3244 10204 3249 10204 3169 10205 3088 10205 3249 10205 3060 10206 3088 10206 3169 10206 3434 10207 3326 10207 3257 10207 3394 10208 3434 10208 3257 10208 3438 10209 3434 10209 3394 10209 3596 10210 3484 10210 3438 10210 3565 10211 3596 10211 3438 10211 3591 10212 3596 10212 3565 10212 3775 10213 3629 10213 3591 10213 3725 10214 3775 10214 3591 10214 3763 10215 3775 10215 3725 10215 3932 10216 3780 10216 3763 10216 3884 10217 3932 10217 3763 10217 3966 10218 3932 10218 3884 10218 4550 10219 4373 10219 4558 10219 4559 10220 4550 10220 4558 10220 4655 10221 4550 10221 4559 10221 3966 10222 3884 10222 3960 10222 4038 10223 3966 10223 3960 10223 4108 10224 3966 10224 4038 10224 4158 10225 4108 10225 4038 10225 4156 10226 4108 10226 4158 10226 4206 10227 4156 10227 4158 10227 4286 10228 4156 10228 4206 10228 4343 10229 4286 10229 4206 10229 4335 10230 4286 10230 4343 10230 4373 10231 4335 10231 4343 10231 4455 10232 4335 10232 4373 10232 4550 10233 4455 10233 4373 10233 4782 10234 4655 10234 4559 10234 4765 10235 4782 10235 4559 10235 4787 10236 4782 10236 4765 10236 5060 10237 4881 10237 4787 10237 5032 10238 5060 10238 4787 10238 5055 10239 5060 10239 5032 10239 5189 10240 5086 10240 5055 10240 5142 10241 5189 10241 5055 10241 5178 10242 5189 10242 5142 10242 5311 10243 5200 10243 5178 10243 5286 10244 5311 10244 5178 10244 5331 10245 5311 10245 5286 10245 5531 10246 5492 10246 5545 10246 5546 10247 5531 10247 5545 10247 5579 10248 5531 10248 5546 10248 5331 10249 5286 10249 5322 10249 5364 10250 5331 10250 5322 10250 5381 10251 5331 10251 5364 10251 5399 10252 5381 10252 5364 10252 5398 10253 5381 10253 5399 10253 5440 10254 5398 10254 5399 10254 5463 10255 5398 10255 5440 10255 5482 10256 5463 10256 5440 10256 5474 10257 5463 10257 5482 10257 5492 10258 5474 10258 5482 10258 5519 10259 5474 10259 5492 10259 5531 10260 5519 10260 5492 10260 5592 10261 5579 10261 5546 10261 5606 10262 5592 10262 5546 10262 5599 10263 5592 10263 5606 10263 5560 10264 5605 10264 5599 10264 5580 10265 5560 10265 5599 10265 5556 10266 5560 10266 5580 10266 5504 10267 5547 10267 5556 10267 5520 10268 5504 10268 5556 10268 5494 10269 5504 10269 5520 10269 5443 10270 5496 10270 5494 10270 5465 10271 5443 10271 5494 10271 5427 10272 5443 10272 5465 10272 5077 10273 5203 10273 5097 10273 5089 10274 5077 10274 5097 10274 5030 10275 5077 10275 5089 10275 5427 10276 5465 10276 5412 10276 5384 10277 5427 10277 5412 10277 5366 10278 5427 10278 5384 10278 5345 10279 5366 10279 5384 10279 5346 10280 5366 10280 5345 10280 5313 10281 5346 10281 5345 10281 5297 10282 5346 10282 5313 10282 5230 10283 5297 10283 5313 10283 5223 10284 5297 10284 5230 10284 5203 10285 5223 10285 5230 10285 5143 10286 5223 10286 5203 10286 5077 10287 5143 10287 5203 10287 4838 10288 5030 10288 5089 10288 4883 10289 4838 10289 5089 10289 4854 10290 4838 10290 4883 10290 4595 10291 4763 10291 4854 10291 4657 10292 4595 10292 4854 10292 4592 10293 4595 10293 4657 10293 4390 10294 4543 10294 4592 10294 4459 10295 4390 10295 4592 10295 4382 10296 4390 10296 4459 10296 4210 10297 4374 10297 4382 10297 4294 10298 4210 10298 4382 10298 4189 10299 4210 10299 4294 10299 3631 10300 3790 10300 3649 10300 3644 10301 3631 10301 3649 10301 3552 10302 3631 10302 3644 10302 4189 10303 4294 10303 4183 10303 4118 10304 4189 10304 4183 10304 4043 10305 4189 10305 4118 10305 4012 10306 4043 10306 4118 10306 4014 10307 4043 10307 4012 10307 3940 10308 4014 10308 4012 10308 3885 10309 4014 10309 3940 10309 3816 10310 3885 10310 3940 10310 3809 10311 3885 10311 3816 10311 3790 10312 3809 10312 3816 10312 3724 10313 3809 10313 3790 10313 3631 10314 3724 10314 3790 10314 3462 10315 3552 10315 3644 10315 3487 10316 3462 10316 3644 10316 3468 10317 3462 10317 3487 10317 3292 10318 3393 10318 3468 10318 3327 10319 3292 10319 3468 10319 3291 10320 3292 10320 3327 10320 3117 10321 3242 10321 3291 10321 3172 10322 3117 10322 3291 10322 3109 10323 3117 10323 3172 10323 2950 10324 3086 10324 3109 10324 3023 10325 2950 10325 3109 10325 2929 10326 2950 10326 3023 10326 2929 10327 3023 10327 2922 10327 2873 10328 2929 10328 2922 10328 2801 10329 2929 10329 2873 10329 2756 10330 2801 10330 2873 10330 2768 10331 2801 10331 2756 10331 2718 10332 2768 10332 2756 10332 2644 10333 2768 10333 2718 10333 2591 10334 2644 10334 2718 10334 2600 10335 2644 10335 2591 10335 2572 10336 2600 10336 2591 10336 2490 10337 2600 10337 2572 10337 2432 10338 2490 10338 2572 10338 2432 10339 2572 10339 2438 10339 2425 10340 2432 10340 2438 10340 2332 10341 2432 10341 2425 10341 2256 10342 2332 10342 2425 10342 2256 10343 2425 10343 2281 10343 2251 10344 2256 10344 2281 10344 2186 10345 2256 10345 2251 10345 2074 10346 2186 10346 2251 10346 2074 10347 2251 10347 2125 10347 2079 10348 2074 10348 2125 10348 2033 10349 2074 10349 2079 10349 1906 10350 2033 10350 2079 10350 1906 10351 2079 10351 1972 10351 1916 10352 1906 10352 1972 10352 1892 10353 1906 10353 1916 10353 1757 10354 1892 10354 1916 10354 1757 10355 1916 10355 1812 10355 1745 10356 1757 10356 1812 10356 1739 10357 1757 10357 1745 10357 1655 10358 1739 10358 1745 10358 1609 10359 1739 10359 1655 10359 1557 10360 1609 10360 1655 10360 1556 10361 1609 10361 1557 10361 1509 10362 1556 10362 1557 10362 1439 10363 1556 10363 1509 10363 1389 10364 1439 10364 1509 10364 1397 10365 1439 10365 1389 10365 1371 10366 1397 10366 1389 10366 1278 10367 1397 10367 1371 10367 1218 10368 1278 10368 1371 10368 1218 10369 1371 10369 1208 10369 1201 10370 1218 10370 1208 10370 1122 10371 1218 10371 1201 10371 1021 10372 1122 10372 1201 10372 1021 10373 1201 10373 1045 10373 1014 10374 1021 10374 1045 10374 929 10375 1021 10375 1014 10375 736 10376 929 10376 1014 10376 736 10377 1014 10377 838 10377 740 10378 736 10378 838 10378 668 10379 736 10379 740 10379 566 10380 668 10380 740 10380 566 10381 740 10381 625 10381 575 10382 566 10382 625 10382 545 10383 566 10383 575 10383 414 10384 545 10384 575 10384 414 10385 575 10385 473 10385 401 10386 414 10386 473 10386 385 10387 414 10387 401 10387 357 10388 385 10388 401 10388 337 10389 385 10389 357 10389 327 10390 337 10390 357 10390 325 10391 337 10391 327 10391 302 10392 325 10392 327 10392 277 10393 325 10393 302 10393 259 10394 277 10394 302 10394 266 10395 277 10395 259 10395 255 10396 266 10396 259 10396 227 10397 266 10397 255 10397 204 10398 227 10398 255 10398 216 10399 227 10399 204 10399 203 10400 216 10400 204 10400 174 10401 216 10401 203 10401 152 10402 174 10402 203 10402 154 10403 174 10403 152 10403 146 10404 154 10404 152 10404 119 10405 154 10405 146 10405 131 10406 119 10406 146 10406 131 10407 146 10407 114 10407 133 10408 131 10408 114 10408 143 10409 131 10409 133 10409 185 10410 143 10410 133 10410 185 10411 133 10411 169 10411 194 10412 185 10412 169 10412 197 10413 185 10413 194 10413 220 10414 197 10414 194 10414 236 10415 197 10415 220 10415 252 10416 236 10416 220 10416 245 10417 236 10417 252 10417 271 10418 245 10418 252 10418 296 10419 245 10419 271 10419 312 10420 296 10420 271 10420 310 10421 296 10421 312 10421 331 10422 310 10422 312 10422 348 10423 310 10423 331 10423 363 10424 348 10424 331 10424 370 10425 348 10425 363 10425 374 10426 370 10426 363 10426 462 10427 370 10427 374 10427 515 10428 462 10428 374 10428 532 10429 462 10429 515 10429 518 10430 532 10430 515 10430 611 10431 532 10431 518 10431 657 10432 611 10432 518 10432 684 10433 611 10433 657 10433 678 10434 684 10434 657 10434 803 10435 684 10435 678 10435 964 10436 803 10436 678 10436 964 10437 678 10437 911 10437 965 10438 964 10438 911 10438 1036 10439 964 10439 965 10439 1158 10440 1036 10440 965 10440 1158 10441 965 10441 1098 10441 1167 10442 1158 10442 1098 10442 1181 10443 1158 10443 1167 10443 1265 10444 1181 10444 1167 10444 1339 10445 1181 10445 1265 10445 1358 10446 1339 10446 1265 10446 1350 10447 1339 10447 1358 10447 1416 10448 1350 10448 1358 10448 1495 10449 1350 10449 1416 10449 1533 10450 1495 10450 1416 10450 1528 10451 1495 10451 1533 10451 1579 10452 1528 10452 1533 10452 1647 10453 1528 10453 1579 10453 1699 10454 1647 10454 1579 10454 1706 10455 1647 10455 1699 10455 1728 10456 1706 10456 1699 10456 1798 10457 1706 10457 1728 10457 1869 10458 1798 10458 1728 10458 1883 10459 1798 10459 1869 10459 1873 10460 1883 10460 1869 10460 1950 10461 1883 10461 1873 10461 2018 10462 1950 10462 1873 10462 2046 10463 1950 10463 2018 10463 2041 10464 2046 10464 2018 10464 2116 10465 2046 10465 2041 10465 2207 10466 2116 10466 2041 10466 2207 10467 2041 10467 2170 10467 2205 10468 2207 10468 2170 10468 2264 10469 2207 10469 2205 10469 2377 10470 2264 10470 2205 10470 2377 10471 2205 10471 2320 10471 2385 10472 2377 10472 2320 10472 2413 10473 2377 10473 2385 10473 2476 10474 2413 10474 2385 10474 2548 10475 2413 10475 2476 10475 2564 10476 2548 10476 2476 10476 2554 10477 2548 10477 2564 10477 2632 10478 2554 10478 2564 10478 2703 10479 2554 10479 2632 10479 2745 10480 2703 10480 2632 10480 2739 10481 2703 10481 2745 10481 2771 10482 2739 10482 2745 10482 2860 10483 2739 10483 2771 10483 2898 10484 2860 10484 2771 10484 2888 10485 2860 10485 2898 10485 2913 10486 2888 10486 2898 10486 3018 10487 2888 10487 2913 10487 3059 10488 3018 10488 2913 10488 3061 10489 3018 10489 3059 10489 3072 10490 3061 10490 3059 10490 3163 10491 3061 10491 3072 10491 3218 10492 3163 10492 3072 10492 3250 10493 3163 10493 3218 10493 3255 10494 3250 10494 3218 10494 3323 10495 3250 10495 3255 10495 3435 10496 3323 10496 3255 10496 3435 10497 3255 10497 3368 10497 3433 10498 3435 10498 3368 10498 3481 10499 3435 10499 3433 10499 3598 10500 3481 10500 3433 10500 3598 10501 3433 10501 3531 10501 3589 10502 3598 10502 3531 10502 3626 10503 3598 10503 3589 10503 3696 10504 3626 10504 3589 10504 3762 10505 3626 10505 3696 10505 3764 10506 3762 10506 3696 10506 3777 10507 3762 10507 3764 10507 3862 10508 3777 10508 3764 10508 3930 10509 3777 10509 3862 10509 3962 10510 3930 10510 3862 10510 3965 10511 3930 10511 3962 10511 4029 10512 3965 10512 3962 10512 4105 10513 3965 10513 4029 10513 4163 10514 4105 10514 4029 10514 4155 10515 4105 10515 4163 10515 4176 10516 4155 10516 4163 10516 4281 10517 4155 10517 4176 10517 4329 10518 4281 10518 4176 10518 4334 10519 4281 10519 4329 10519 4344 10520 4334 10520 4329 10520 4451 10521 4334 10521 4344 10521 4526 10522 4451 10522 4344 10522 4551 10523 4451 10523 4526 10523 4556 10524 4551 10524 4526 10524 4652 10525 4551 10525 4556 10525 4783 10526 4652 10526 4556 10526 4783 10527 4556 10527 4728 10527 4784 10528 4783 10528 4728 10528 4876 10529 4783 10529 4784 10529 5061 10530 4876 10530 4784 10530 5061 10531 4784 10531 5015 10531 5052 10532 5061 10532 5015 10532 5075 10533 5061 10533 5052 10533 5127 10534 5075 10534 5052 10534 5192 10535 5075 10535 5127 10535 5179 10536 5192 10536 5127 10536 5195 10537 5192 10537 5179 10537 5255 10538 5195 10538 5179 10538 5309 10539 5195 10539 5255 10539 5324 10540 5309 10540 5255 10540 5330 10541 5309 10541 5324 10541 5358 10542 5330 10542 5324 10542 5380 10543 5330 10543 5358 10543 5405 10544 5380 10544 5358 10544 5397 10545 5380 10545 5405 10545 5410 10546 5397 10546 5405 10546 5462 10547 5397 10547 5410 10547 5483 10548 5462 10548 5410 10548 5473 10549 5462 10549 5483 10549 5484 10550 5473 10550 5483 10550 5518 10551 5473 10551 5484 10551 5527 10552 5518 10552 5484 10552 5534 10553 5518 10553 5527 10553 5542 10554 5534 10554 5527 10554 5578 10555 5534 10555 5542 10555 5593 10556 5578 10556 5542 10556 5593 10557 5542 10557 5597 10557 5595 10558 5593 10558 5597 10558 5607 10559 5593 10559 5595 10559 5561 10560 5607 10560 5595 10560 5561 10561 5595 10561 5586 10561 5553 10562 5561 10562 5586 10562 5550 10563 5561 10563 5553 10563 5526 10564 5550 10564 5553 10564 5505 10565 5550 10565 5526 10565 5493 10566 5505 10566 5526 10566 5502 10567 5505 10567 5493 10567 5470 10568 5502 10568 5493 10568 5444 10569 5502 10569 5470 10569 5419 10570 5444 10570 5470 10570 5422 10571 5444 10571 5419 10571 5391 10572 5422 10572 5419 10572 5367 10573 5422 10573 5391 10573 5352 10574 5367 10574 5391 10574 5344 10575 5367 10575 5352 10575 5339 10576 5344 10576 5352 10576 5298 10577 5344 10577 5339 10577 5235 10578 5298 10578 5339 10578 5221 10579 5298 10579 5235 10579 5232 10580 5221 10580 5235 10580 5145 10581 5221 10581 5232 10581 5114 10582 5145 10582 5232 10582 5079 10583 5145 10583 5114 10583 5087 10584 5079 10584 5114 10584 5036 10585 5079 10585 5087 10585 4944 10586 5036 10586 5087 10586 4839 10587 5036 10587 4944 10587 4848 10588 4839 10588 4944 10588 4766 10589 4839 10589 4848 10589 4596 10590 4766 10590 4848 10590 4596 10591 4848 10591 4684 10591 4588 10592 4596 10592 4684 10592 4564 10593 4596 10593 4588 10593 4478 10594 4564 10594 4588 10594 4392 10595 4564 10595 4478 10595 4381 10596 4392 10596 4478 10596 4376 10597 4392 10597 4381 10597 4310 10598 4376 10598 4381 10598 4214 10599 4376 10599 4310 10599 4185 10600 4214 10600 4310 10600 4188 10601 4214 10601 4185 10601 4145 10602 4188 10602 4185 10602 4045 10603 4188 10603 4145 10603 4019 10604 4045 10604 4145 10604 4013 10605 4045 10605 4019 10605 3983 10606 4013 10606 4019 10606 3888 10607 4013 10607 3983 10607 3820 10608 3888 10608 3983 10608 3808 10609 3888 10609 3820 10609 3817 10610 3808 10610 3820 10610 3726 10611 3808 10611 3817 10611 3660 10612 3726 10612 3817 10612 3632 10613 3726 10613 3660 10613 3643 10614 3632 10614 3660 10614 3569 10615 3632 10615 3643 10615 3508 10616 3569 10616 3643 10616 3463 10617 3569 10617 3508 10617 3466 10618 3463 10618 3508 10618 3395 10619 3463 10619 3466 10619 3293 10620 3395 10620 3466 10620 3293 10621 3466 10621 3342 10621 3285 10622 3293 10622 3342 10622 3260 10623 3293 10623 3285 10623 3192 10624 3260 10624 3285 10624 3118 10625 3260 10625 3192 10625 3108 10626 3118 10626 3192 10626 3091 10627 3118 10627 3108 10627 3036 10628 3091 10628 3108 10628 2953 10629 3091 10629 3036 10629 2923 10630 2953 10630 3036 10630 2928 10631 2953 10631 2923 10631 2882 10632 2928 10632 2923 10632 2807 10633 2928 10633 2882 10633 2755 10634 2807 10634 2882 10634 2769 10635 2807 10635 2755 10635 2749 10636 2769 10636 2755 10636 2649 10637 2769 10637 2749 10637 2604 10638 2649 10638 2749 10638 2602 10639 2649 10639 2604 10639 2590 10640 2602 10640 2604 10640 2492 10641 2602 10641 2590 10641 2454 10642 2492 10642 2590 10642 2431 10643 2492 10643 2454 10643 2427 10644 2431 10644 2454 10644 2336 10645 2431 10645 2427 10645 2297 10646 2336 10646 2427 10646 2254 10647 2336 10647 2297 10647 2255 10648 2254 10648 2297 10648 2189 10649 2254 10649 2255 10649 2073 10650 2189 10650 2255 10650 3671 10651 3766 10651 3759 10651 3620 10652 3671 10652 3759 10652 3590 10653 3671 10653 3620 10653 3600 10654 3590 10654 3620 10654 3516 10655 3590 10655 3600 10655 3475 10656 3516 10656 3600 10656 3428 10657 3516 10657 3475 10657 3437 10658 3428 10658 3475 10658 3357 10659 3428 10659 3437 10659 3322 10660 3357 10660 3437 10660 3253 10661 3357 10661 3322 10661 3252 10662 3253 10662 3322 10662 3202 10663 3253 10663 3252 10663 3161 10664 3202 10664 3252 10664 3070 10665 3202 10665 3161 10665 3064 10666 3070 10666 3161 10666 3043 10667 3070 10667 3064 10667 3016 10668 3043 10668 3064 10668 2899 10669 3043 10669 3016 10669 2887 10670 2899 10670 3016 10670 2886 10671 2899 10671 2887 10671 2856 10672 2886 10672 2887 10672 2753 10673 2886 10673 2856 10673 2740 10674 2753 10674 2856 10674 2743 10675 2753 10675 2740 10675 2701 10676 2743 10676 2740 10676 2620 10677 2743 10677 2701 10677 2555 10678 2620 10678 2701 10678 2562 10679 2620 10679 2555 10679 2547 10680 2562 10680 2555 10680 2467 10681 2562 10681 2547 10681 2401 10682 2467 10682 2547 10682 2386 10683 2467 10683 2401 10683 2376 10684 2386 10684 2401 10684 2309 10685 2386 10685 2376 10685 2263 10686 2309 10686 2376 10686 2212 10687 2309 10687 2263 10687 2206 10688 2212 10688 2263 10688 2150 10689 2212 10689 2206 10689 2111 10690 2150 10690 2206 10690 2043 10691 2150 10691 2111 10691 2045 10692 2043 10692 2111 10692 2008 10693 2043 10693 2045 10693 1947 10694 2008 10694 2045 10694 1875 10695 2008 10695 1947 10695 1884 10696 1875 10696 1947 10696 1853 10697 1875 10697 1884 10697 1795 10698 1853 10698 1884 10698 1696 10699 1853 10699 1795 10699 1707 10700 1696 10700 1795 10700 1692 10701 1696 10701 1707 10701 1645 10702 1692 10702 1707 10702 1543 10703 1692 10703 1645 10703 1532 10704 1543 10704 1645 10704 1525 10705 1543 10705 1532 10705 1492 10706 1525 10706 1532 10706 1404 10707 1525 10707 1492 10707 1352 10708 1404 10708 1492 10708 1356 10709 1404 10709 1352 10709 1336 10710 1356 10710 1352 10710 1250 10711 1356 10711 1336 10711 1179 10712 1250 10712 1336 10712 1168 10713 1250 10713 1179 10713 1157 10714 1168 10714 1179 10714 1070 10715 1168 10715 1157 10715 1030 10716 1070 10716 1157 10716 971 10717 1070 10717 1030 10717 962 10718 971 10718 1030 10718 873 10719 971 10719 962 10719 801 10720 873 10720 962 10720 681 10721 873 10721 801 10721 683 10722 681 10722 801 10722 648 10723 681 10723 683 10723 606 10724 648 10724 683 10724 521 10725 648 10725 606 10725 533 10726 521 10726 606 10726 496 10727 521 10727 533 10727 457 10728 496 10728 533 10728 362 10729 496 10729 457 10729 371 10730 362 10730 457 10730 360 10731 362 10731 371 10731 346 10732 360 10732 371 10732 317 10733 360 10733 346 10733 311 10734 317 10734 346 10734 306 10735 317 10735 311 10735 294 10736 306 10736 311 10736 270 10737 306 10737 294 10737 247 10738 270 10738 294 10738 250 10739 270 10739 247 10739 235 10740 250 10740 247 10740 218 10741 250 10741 235 10741 196 10742 218 10742 235 10742 195 10743 218 10743 196 10743 184 10744 195 10744 196 10744 165 10745 195 10745 184 10745 142 10746 165 10746 184 10746 141 10747 165 10747 142 10747 130 10748 141 10748 142 10748 112 10749 141 10749 130 10749 120 10750 112 10750 130 10750 150 10751 112 10751 120 10751 153 10752 150 10752 120 10752 161 10753 150 10753 153 10753 175 10754 161 10754 153 10754 207 10755 161 10755 175 10755 215 10756 207 10756 175 10756 217 10757 207 10757 215 10757 228 10758 217 10758 215 10758 257 10759 217 10759 228 10759 267 10760 257 10760 228 10760 258 10761 257 10761 267 10761 279 10762 258 10762 267 10762 316 10763 258 10763 279 10763 326 10764 316 10764 279 10764 320 10765 316 10765 326 10765 339 10766 320 10766 326 10766 359 10767 320 10767 339 10767 390 10768 359 10768 339 10768 398 10769 359 10769 390 10769 419 10770 398 10770 390 10770 486 10771 398 10771 419 10771 552 10772 486 10772 419 10772 576 10773 486 10773 552 10773 565 10774 576 10774 552 10774 636 10775 576 10775 565 10775 671 10776 636 10776 565 10776 744 10777 636 10777 671 10777 735 10778 744 10778 671 10778 860 10779 744 10779 735 10779 931 10780 860 10780 735 10780 1016 10781 860 10781 931 10781 1020 10782 1016 10782 931 10782 1057 10783 1016 10783 1020 10783 1126 10784 1057 10784 1020 10784 1207 10785 1057 10785 1126 10785 1216 10786 1207 10786 1126 10786 1239 10787 1207 10787 1216 10787 1282 10788 1239 10788 1216 10788 1388 10789 1239 10789 1282 10789 1399 10790 1388 10790 1282 10790 1401 10791 1388 10791 1399 10791 1450 10792 1401 10792 1399 10792 1538 10793 1401 10793 1450 10793 1558 10794 1538 10794 1450 10794 1551 10795 1538 10795 1558 10795 1612 10796 1551 10796 1558 10796 1672 10797 1551 10797 1612 10797 1741 10798 1672 10798 1612 10798 1743 10799 1672 10799 1741 10799 1760 10800 1743 10800 1741 10800 1836 10801 1743 10801 1760 10801 1896 10802 1836 10802 1760 10802 1915 10803 1836 10803 1896 10803 1905 10804 1915 10804 1896 10804 2004 10805 1915 10805 1905 10805 2036 10806 2004 10806 1905 10806 2081 10807 2004 10807 2036 10807 2073 10808 2081 10808 2036 10808 2144 10809 2081 10809 2073 10809 2255 10810 2144 10810 2073 10810 3766 10811 3836 10811 3927 10811 3774 10812 3766 10812 3927 10812 3759 10813 3766 10813 3774 10813 3927 10814 3836 10814 3837 10814 3973 10815 3927 10815 3837 10815 3963 10816 3927 10816 3973 10816 4088 10817 3963 10817 3973 10817 4165 10818 4088 10818 3973 10818 4153 10819 4088 10819 4165 10819 4273 10820 4153 10820 4165 10820 4346 10821 4273 10821 4165 10821 4332 10822 4273 10822 4346 10822 4446 10823 4332 10823 4346 10823 4561 10824 4446 10824 4346 10824 4553 10825 4446 10825 4561 10825 4791 10826 5068 10826 5064 10826 4791 10827 5064 10827 4873 10827 4786 10828 4791 10828 4873 10828 4561 10829 4791 10829 4786 10829 4645 10830 4561 10830 4786 10830 4553 10831 4561 10831 4645 10831 5177 10832 5073 10832 5068 10832 5194 10833 5177 10833 5068 10833 5190 10834 5177 10834 5194 10834 5307 10835 5190 10835 5194 10835 5338 10836 5307 10836 5194 10836 5327 10837 5307 10837 5338 10837 5378 10838 5327 10838 5338 10838 5407 10839 5378 10839 5338 10839 5395 10840 5378 10840 5407 10840 5460 10841 5395 10841 5407 10841 5486 10842 5460 10842 5407 10842 5471 10843 5460 10843 5486 10843 5516 10844 5471 10844 5486 10844 5549 10845 5516 10845 5486 10845 5537 10846 5516 10846 5549 10846 5612 10847 5569 10847 5564 10847 5612 10848 5564 10848 5609 10848 5596 10849 5612 10849 5609 10849 5549 10850 5612 10850 5596 10850 5576 10851 5549 10851 5596 10851 5537 10852 5549 10852 5576 10852 5511 10853 5552 10853 5569 10853 5509 10854 5511 10854 5569 10854 5506 10855 5511 10855 5509 10855 5446 10856 5506 10856 5509 10856 5434 10857 5446 10857 5509 10857 5420 10858 5446 10858 5434 10858 5368 10859 5420 10859 5434 10859 5354 10860 5368 10860 5434 10860 5342 10861 5368 10861 5354 10861 5300 10862 5342 10862 5354 10862 5234 10863 5300 10863 5354 10863 5219 10864 5300 10864 5234 10864 4840 10865 5093 10865 4860 10865 5093 10866 4840 10866 5037 10866 5082 10867 5093 10867 5037 10867 5234 10868 5093 10868 5082 10868 5147 10869 5234 10869 5082 10869 5219 10870 5234 10870 5147 10870 4603 10871 4396 10871 4394 10871 4603 10872 4394 10872 4572 10872 4597 10873 4603 10873 4572 10873 4860 10874 4603 10874 4597 10874 4769 10875 4860 10875 4597 10875 4840 10876 4860 10876 4769 10876 4218 10877 4391 10877 4396 10877 4196 10878 4218 10878 4396 10878 4187 10879 4218 10879 4196 10879 4050 10880 4187 10880 4196 10880 4022 10881 4050 10881 4196 10881 4011 10882 4050 10882 4022 10882 3890 10883 4011 10883 4022 10883 3819 10884 3890 10884 4022 10884 3806 10885 3890 10885 3819 10885 3464 10886 3646 10886 3471 10886 3646 10887 3464 10887 3571 10887 3634 10888 3646 10888 3571 10888 3819 10889 3646 10889 3634 10889 3731 10890 3819 10890 3634 10890 3806 10891 3819 10891 3731 10891 3300 10892 3122 10892 3119 10892 3300 10893 3119 10893 3262 10893 3294 10894 3300 10894 3262 10894 3471 10895 3300 10895 3294 10895 3397 10896 3471 10896 3294 10896 3464 10897 3471 10897 3397 10897 2955 10898 3106 10898 3122 10898 2936 10899 2955 10899 3122 10899 2927 10900 2955 10900 2936 10900 2809 10901 2927 10901 2936 10901 2758 10902 2809 10902 2936 10902 2767 10903 2809 10903 2758 10903 2653 10904 2767 10904 2758 10904 2589 10905 2653 10905 2758 10905 2601 10906 2653 10906 2589 10906 2495 10907 2601 10907 2589 10907 2424 10908 2495 10908 2589 10908 2430 10909 2495 10909 2424 10909 2340 10910 2430 10910 2424 10910 2247 10911 2340 10911 2424 10911 2253 10912 2340 10912 2247 10912 2191 10913 2253 10913 2247 10913 2068 10914 2191 10914 2247 10914 2072 10915 2191 10915 2068 10915 1902 10916 1781 10916 1898 10916 1904 10917 1902 10917 1898 10917 2068 10918 1902 10918 1904 10918 2054 10919 2068 10919 1904 10919 2072 10920 2068 10920 2054 10920 4355 10921 4200 10921 4194 10921 4349 10922 4355 10922 4194 10922 4387 10923 4355 10923 4349 10923 4384 10924 4387 10924 4349 10924 4533 10925 4387 10925 4384 10925 4529 10926 4533 10926 4384 10926 4591 10927 4533 10927 4529 10927 4589 10928 4591 10928 4529 10928 4745 10929 4591 10929 4589 10929 4731 10930 4745 10930 4589 10930 4835 10931 4745 10931 4731 10931 4833 10932 4835 10932 4731 10932 5021 10933 4835 10933 4833 10933 5016 10934 5021 10934 4833 10934 5081 10935 5021 10935 5016 10935 5084 10936 5081 10936 5016 10936 5133 10937 5081 10937 5084 10937 5130 10938 5133 10938 5084 10938 5227 10939 5133 10939 5130 10939 5228 10940 5227 10940 5130 10940 5269 10941 5227 10941 5228 10941 5265 10942 5269 10942 5228 10942 5350 10943 5269 10943 5265 10943 5351 10944 5350 10944 5265 10944 5361 10945 5350 10945 5351 10945 5360 10946 5361 10946 5351 10946 5431 10947 5361 10947 5360 10947 5432 10948 5431 10948 5360 10948 5436 10949 5431 10949 5432 10949 5435 10950 5436 10950 5432 10950 5488 10951 5436 10951 5435 10951 5487 10952 5488 10952 5435 10952 5499 10953 5488 10953 5487 10953 5497 10954 5499 10954 5487 10954 5538 10955 5499 10955 5497 10955 5528 10956 5538 10956 5497 10956 5555 10957 5538 10957 5528 10957 5554 10958 5555 10958 5528 10958 5601 10959 5555 10959 5554 10959 5600 10960 5601 10960 5554 10960 5588 10961 5601 10961 5600 10961 5587 10962 5588 10962 5600 10962 5584 10963 5588 10963 5587 10963 5585 10964 5584 10964 5587 10964 5533 10965 5584 10965 5585 10965 5535 10966 5533 10966 5585 10966 5524 10967 5533 10967 5535 10967 5525 10968 5524 10968 5535 10968 5479 10969 5524 10969 5525 10969 5480 10970 5479 10970 5525 10970 5468 10971 5479 10971 5480 10971 5469 10972 5468 10972 5480 10972 5403 10973 5468 10973 5469 10973 5404 10974 5403 10974 5469 10974 5388 10975 5403 10975 5404 10975 5389 10976 5388 10976 5404 10976 5335 10977 5388 10977 5389 10977 5336 10978 5335 10978 5389 10978 5320 10979 5335 10979 5336 10979 5329 10980 5320 10980 5336 10980 5211 10981 5320 10981 5329 10981 5214 10982 5211 10982 5329 10982 5185 10983 5211 10983 5214 10983 5184 10984 5185 10984 5214 10984 5106 10985 5185 10985 5184 10985 5108 10986 5106 10986 5184 10986 5056 10987 5106 10987 5108 10987 5054 10988 5056 10988 5108 10988 4904 10989 5056 10989 5054 10989 4910 10990 4904 10990 5054 10990 4778 10991 4904 10991 4910 10991 4777 10992 4778 10992 4910 10992 4675 10993 4778 10993 4777 10993 4677 10994 4675 10994 4777 10994 4548 10995 4675 10995 4677 10995 4549 10996 4548 10996 4677 10996 4472 10997 4548 10997 4549 10997 4474 10998 4472 10998 4549 10998 4340 10999 4472 10999 4474 10999 4341 11000 4340 11000 4474 11000 4303 11001 4340 11001 4341 11001 4304 11002 4303 11002 4341 11002 4161 11003 4303 11003 4304 11003 4162 11004 4161 11004 4304 11004 4137 11005 4161 11005 4162 11005 4139 11006 4137 11006 4162 11006 3970 11007 4137 11007 4139 11007 3971 11008 3970 11008 4139 11008 3956 11009 3970 11009 3971 11009 3957 11010 3956 11010 3971 11010 3799 11011 3956 11011 3957 11011 3835 11012 3799 11012 3957 11012 3769 11013 3799 11013 3835 11013 3778 11014 3769 11014 3835 11014 3656 11015 3769 11015 3778 11015 3603 11016 3656 11016 3778 11016 3592 11017 3656 11017 3603 11017 3502 11018 3592 11018 3603 11018 3441 11019 3502 11019 3603 11019 3429 11020 3502 11020 3441 11020 3067 11021 3258 11021 3073 11021 3258 11022 3067 11022 3182 11022 3246 11023 3258 11023 3182 11023 3441 11024 3258 11024 3246 11024 3335 11025 3441 11025 3246 11025 3429 11026 3441 11026 3335 11026 2732 11027 2900 11027 2735 11027 2900 11028 2732 11028 2877 11028 2896 11029 2900 11029 2877 11029 3073 11030 2900 11030 2896 11030 3030 11031 3073 11031 2896 11031 3067 11032 3073 11032 3030 11032 2735 11033 2551 11033 2580 11033 2725 11034 2735 11034 2580 11034 2732 11035 2735 11035 2725 11035 2551 11036 2373 11036 2448 11036 2560 11037 2551 11037 2448 11037 2580 11038 2551 11038 2560 11038 2373 11039 2286 11039 2289 11039 2384 11040 2373 11040 2289 11040 2448 11041 2373 11041 2384 11041 60 11042 69 11042 61 11042 56 11043 60 11043 61 11043 52 11044 60 11044 56 11044 48 11045 52 11045 56 11045 40 11046 52 11046 48 11046 41 11047 40 11047 48 11047 24 11048 40 11048 41 11048 36 11049 24 11049 41 11049 18 11050 24 11050 36 11050 14 11051 18 11051 36 11051 32 11052 14 11052 36 11052 10 11053 14 11053 32 11053 2 11054 5 11054 1 11054 6 11055 10 11055 32 11055 28 11056 6 11056 32 11056 2 11057 6 11057 28 11057 31 11058 2 11058 28 11058 5 11059 2 11059 31 11059 35 11060 21 11060 17 11060 13 11061 35 11061 17 11061 31 11062 35 11062 13 11062 9 11063 31 11063 13 11063 5 11064 31 11064 9 11064 67 11065 71 11065 64 11065 55 11066 67 11066 64 11066 59 11067 67 11067 55 11067 44 11068 59 11068 55 11068 51 11069 59 11069 44 11069 27 11070 51 11070 44 11070 47 11071 51 11071 27 11071 21 11072 47 11072 27 11072 39 11073 47 11073 21 11073 35 11074 39 11074 21 11074 471 11075 939 11075 620 11075 94 11076 105 11076 90 11076 82 11077 94 11077 90 11077 86 11078 94 11078 82 11078 74 11079 86 11079 82 11079 77 11080 86 11080 74 11080 71 11081 77 11081 74 11081 105 11082 282 11082 101 11082 98 11083 105 11083 101 11083 90 11084 105 11084 98 11084 282 11085 550 11085 163 11085 109 11086 282 11086 163 11086 101 11087 282 11087 109 11087 550 11088 945 11088 352 11088 286 11089 550 11089 352 11089 163 11090 550 11090 286 11090 1379 11091 1269 11091 1513 11091 1269 11092 1379 11092 1177 11092 939 11093 1269 11093 1177 11093 945 11094 1269 11094 939 11094 471 11095 945 11095 939 11095 352 11096 945 11096 471 11096 1766 11097 1940 11097 1806 11097 1662 11098 1766 11098 1806 11098 1513 11099 1766 11099 1662 11099 1530 11100 1513 11100 1662 11100 1379 11101 1513 11101 1530 11101 2616 11102 2792 11102 2613 11102 2392 11103 2616 11103 2613 11103 2396 11104 2616 11104 2392 11104 2167 11105 2396 11105 2392 11105 2182 11106 2396 11106 2167 11106 1940 11107 2182 11107 2167 11107 1980 11108 2182 11108 1940 11108 1766 11109 1980 11109 1940 11109 4727 11110 5199 11110 5095 11110 3391 11111 3618 11111 3405 11111 3191 11112 3391 11112 3405 11112 3187 11113 3391 11113 3191 11113 2986 11114 3187 11114 3191 11114 2982 11115 3187 11115 2986 11115 2792 11116 2982 11116 2986 11116 3618 11117 3868 11117 3784 11117 3664 11118 3618 11118 3784 11118 3405 11119 3618 11119 3664 11119 3868 11120 4103 11120 4075 11120 3924 11121 3868 11121 4075 11121 3784 11122 3868 11122 3924 11122 4103 11123 4380 11123 4469 11123 4271 11124 4103 11124 4469 11124 4075 11125 4103 11125 4271 11125 5417 11126 4716 11126 5137 11126 4716 11127 5417 11127 5315 11127 5199 11128 4716 11128 5315 11128 4380 11129 4716 11129 5199 11129 4727 11130 4380 11130 5199 11130 4469 11131 4380 11131 4727 11131 5426 11132 5630 11132 5626 11132 5618 11133 5426 11133 5626 11133 5137 11134 5426 11134 5618 11134 5573 11135 5137 11135 5618 11135 5417 11136 5137 11136 5573 11136 5650 11137 5658 11137 5654 11137 5646 11138 5650 11138 5654 11138 5642 11139 5650 11139 5646 11139 5638 11140 5642 11140 5646 11140 5634 11141 5642 11141 5638 11141 5630 11142 5634 11142 5638 11142 5622 11143 5634 11143 5630 11143 5426 11144 5622 11144 5630 11144 5678 11145 5682 11145 5686 11145 5674 11146 5678 11146 5686 11146 5670 11147 5678 11147 5674 11147 5666 11148 5670 11148 5674 11148 5662 11149 5670 11149 5666 11149 5658 11150 5662 11150 5666 11150 5682 11151 5690 11151 5706 11151 5702 11152 5682 11152 5706 11152 5686 11153 5682 11153 5702 11153 5690 11154 5694 11154 5714 11154 5710 11155 5690 11155 5714 11155 5706 11156 5690 11156 5710 11156 5698 11157 5696 11157 5726 11157 5722 11158 5698 11158 5726 11158 5694 11159 5698 11159 5722 11159 5718 11160 5694 11160 5722 11160 5714 11161 5694 11161 5718 11161 5716 11162 5696 11162 5692 11162 5724 11163 5728 11163 5726 11163 5696 11164 5724 11164 5726 11164 5720 11165 5724 11165 5696 11165 5716 11166 5720 11166 5696 11166 5688 11167 5700 11167 5704 11167 5708 11168 5688 11168 5704 11168 5692 11169 5688 11169 5708 11169 5712 11170 5692 11170 5708 11170 5716 11171 5692 11171 5712 11171 5660 11172 5656 11172 5664 11172 5672 11173 5660 11173 5664 11173 5668 11174 5660 11174 5672 11174 5684 11175 5668 11175 5672 11175 5676 11176 5668 11176 5684 11176 5700 11177 5676 11177 5684 11177 5680 11178 5676 11178 5700 11178 5688 11179 5680 11179 5700 11179 4725 11180 4714 11180 4378 11180 4378 11181 4101 11181 4269 11181 4471 11182 4378 11182 4269 11182 4725 11183 4378 11183 4471 11183 3866 11184 3662 11184 3786 11184 3922 11185 3866 11185 3786 11185 4101 11186 3866 11186 3922 11186 4077 11187 4101 11187 3922 11187 4269 11188 4101 11188 4077 11188 2980 11189 2790 11189 2984 11189 3189 11190 2980 11190 2984 11190 3185 11191 2980 11191 3189 11191 3403 11192 3185 11192 3189 11192 3389 11193 3185 11193 3403 11193 3662 11194 3389 11194 3403 11194 3616 11195 3389 11195 3662 11195 3866 11196 3616 11196 3662 11196 5652 11197 5656 11197 5648 11197 5640 11198 5652 11198 5648 11198 5644 11199 5652 11199 5640 11199 5632 11200 5644 11200 5640 11200 5636 11201 5644 11201 5632 11201 5620 11202 5636 11202 5632 11202 5628 11203 5636 11203 5620 11203 5624 11204 5628 11204 5620 11204 5424 11205 5624 11205 5620 11205 5616 11206 5624 11206 5424 11206 5571 11207 5616 11207 5424 11207 5135 11208 5571 11208 5424 11208 5415 11209 5571 11209 5135 11209 5317 11210 5415 11210 5135 11210 4714 11211 5317 11211 5135 11211 5197 11212 5317 11212 4714 11212 4725 11213 5197 11213 4714 11213 5091 11214 5197 11214 4725 11214 937 11215 472 11215 618 11215 2180 11216 1978 11216 2165 11216 2390 11217 2180 11217 2165 11217 2394 11218 2180 11218 2390 11218 2611 11219 2394 11219 2390 11219 2614 11220 2394 11220 2611 11220 2790 11221 2614 11221 2611 11221 1978 11222 1764 11222 1807 11222 1938 11223 1978 11223 1807 11223 2165 11224 1978 11224 1938 11224 1764 11225 1511 11225 1531 11225 1660 11226 1764 11226 1531 11226 1807 11227 1764 11227 1660 11227 1511 11228 1267 11228 1178 11228 1380 11229 1511 11229 1178 11229 1531 11230 1511 11230 1380 11230 284 11231 943 11231 548 11231 943 11232 284 11232 353 11232 472 11233 943 11233 353 11233 1267 11234 943 11234 472 11234 937 11235 1267 11235 472 11235 1178 11236 1267 11236 937 11236 280 11237 96 11237 102 11237 107 11238 280 11238 102 11238 548 11239 280 11239 107 11239 164 11240 548 11240 107 11240 284 11241 548 11241 164 11241 75 11242 69 11242 72 11242 80 11243 75 11243 72 11243 84 11244 75 11244 80 11244 88 11245 84 11245 80 11245 92 11246 84 11246 88 11246 96 11247 92 11247 88 11247 103 11248 92 11248 96 11248 280 11249 103 11249 96 11249 78 11250 68 11250 79 11250 87 11251 78 11251 79 11251 83 11252 78 11252 87 11252 95 11253 83 11253 87 11253 91 11254 83 11254 95 11254 106 11255 91 11255 95 11255 99 11256 91 11256 106 11256 292 11257 99 11257 106 11257 110 11258 99 11258 292 11258 178 11259 110 11259 292 11259 582 11260 178 11260 292 11260 290 11261 178 11261 582 11261 483 11262 975 11262 617 11262 358 11263 290 11263 582 11263 974 11264 358 11264 582 11264 483 11265 358 11265 974 11265 1275 11266 483 11266 974 11266 975 11267 483 11267 1275 11267 1520 11268 1665 11268 1539 11268 1390 11269 1520 11269 1539 11269 1275 11270 1520 11270 1390 11270 1188 11271 1275 11271 1390 11271 975 11272 1275 11272 1188 11272 2621 11273 2789 11273 2618 11273 2393 11274 2621 11274 2618 11274 2398 11275 2621 11275 2393 11275 2173 11276 2398 11276 2393 11276 2185 11277 2398 11277 2173 11277 1943 11278 2185 11278 2173 11278 1986 11279 2185 11279 1943 11279 1665 11280 1986 11280 1943 11280 1771 11281 1986 11281 1665 11281 1520 11282 1771 11282 1665 11282 4724 11283 5196 11283 5090 11283 4713 11284 5134 11284 5414 11284 5316 11285 4713 11285 5414 11285 5423 11286 5627 11286 5623 11286 5615 11287 5423 11287 5623 11287 5134 11288 5423 11288 5615 11288 5570 11289 5134 11289 5615 11289 5414 11290 5134 11290 5570 11290 5647 11291 5655 11291 5651 11291 5643 11292 5647 11292 5651 11292 5639 11293 5647 11293 5643 11293 5635 11294 5639 11294 5643 11294 5631 11295 5639 11295 5635 11295 5627 11296 5631 11296 5635 11296 5619 11297 5631 11297 5627 11297 5423 11298 5619 11298 5627 11298 3388 11299 3615 11299 3402 11299 3188 11300 3388 11300 3402 11300 3184 11301 3388 11301 3188 11301 2983 11302 3184 11302 3188 11302 2979 11303 3184 11303 2983 11303 2789 11304 2979 11304 2983 11304 3615 11305 3865 11305 3785 11305 3661 11306 3615 11306 3785 11306 3402 11307 3615 11307 3661 11307 3865 11308 4100 11308 4076 11308 3921 11309 3865 11309 4076 11309 3785 11310 3865 11310 3921 11310 4713 11311 5316 11311 5196 11311 4724 11312 4713 11312 5196 11312 4377 11313 4713 11313 4724 11313 4470 11314 4377 11314 4724 11314 4100 11315 4377 11315 4470 11315 4268 11316 4100 11316 4470 11316 4076 11317 4100 11317 4268 11317 5675 11318 5679 11318 5683 11318 5671 11319 5675 11319 5683 11319 5667 11320 5675 11320 5671 11320 5663 11321 5667 11321 5671 11321 5659 11322 5667 11322 5663 11322 5655 11323 5659 11323 5663 11323 5679 11324 5687 11324 5703 11324 5699 11325 5679 11325 5703 11325 5683 11326 5679 11326 5699 11326 5687 11327 5691 11327 5711 11327 5707 11328 5687 11328 5711 11328 5703 11329 5687 11329 5707 11329 5695 11330 5697 11330 5723 11330 5719 11331 5695 11331 5723 11331 5691 11332 5695 11332 5719 11332 5715 11333 5691 11333 5719 11333 5711 11334 5691 11334 5715 11334 5717 11335 5697 11335 5693 11335 5725 11336 5727 11336 5723 11336 5697 11337 5725 11337 5723 11337 5721 11338 5725 11338 5697 11338 5717 11339 5721 11339 5697 11339 5689 11340 5701 11340 5705 11340 5709 11341 5689 11341 5705 11341 5693 11342 5689 11342 5709 11342 5713 11343 5693 11343 5709 11343 5717 11344 5693 11344 5713 11344 5661 11345 5657 11345 5665 11345 5673 11346 5661 11346 5665 11346 5669 11347 5661 11347 5673 11347 5685 11348 5669 11348 5673 11348 5677 11349 5669 11349 5685 11349 5701 11350 5677 11350 5685 11350 5681 11351 5677 11351 5701 11351 5689 11352 5681 11352 5701 11352 5633 11353 5621 11353 5637 11353 5645 11354 5633 11354 5637 11354 5641 11355 5633 11355 5645 11355 5653 11356 5641 11356 5645 11356 5649 11357 5641 11357 5653 11357 5657 11358 5649 11358 5653 11358 5621 11359 5425 11359 5625 11359 5629 11360 5621 11360 5625 11360 5637 11361 5621 11361 5629 11361 5425 11362 5136 11362 5572 11362 5617 11363 5425 11363 5572 11363 5625 11364 5425 11364 5617 11364 4715 11365 4379 11365 5198 11365 5314 11366 4715 11366 5198 11366 5136 11367 4715 11367 5314 11367 5416 11368 5136 11368 5314 11368 5572 11369 5136 11369 5416 11369 4270 11370 4379 11370 4102 11370 4726 11371 5094 11371 5198 11371 4379 11372 4726 11372 5198 11372 4468 11373 4726 11373 4379 11373 4270 11374 4468 11374 4379 11374 3867 11375 3663 11375 3783 11375 3923 11376 3867 11376 3783 11376 4102 11377 3867 11377 3923 11377 4074 11378 4102 11378 3923 11378 4270 11379 4102 11379 4074 11379 2981 11380 2791 11380 2985 11380 3190 11381 2981 11381 2985 11381 3186 11382 2981 11382 3190 11382 3404 11383 3186 11383 3190 11383 3390 11384 3186 11384 3404 11384 3663 11385 3390 11385 3404 11385 3617 11386 3390 11386 3663 11386 3867 11387 3617 11387 3663 11387 938 11388 470 11388 619 11388 2181 11389 1979 11389 2166 11389 2391 11390 2181 11390 2166 11390 2395 11391 2181 11391 2391 11391 2612 11392 2395 11392 2391 11392 2615 11393 2395 11393 2612 11393 2791 11394 2615 11394 2612 11394 1979 11395 1765 11395 1805 11395 1939 11396 1979 11396 1805 11396 2166 11397 1979 11397 1939 11397 1765 11398 1512 11398 1529 11398 1661 11399 1765 11399 1529 11399 1805 11400 1765 11400 1661 11400 1512 11401 1268 11401 1176 11401 1378 11402 1512 11402 1176 11402 1529 11403 1512 11403 1378 11403 285 11404 944 11404 549 11404 944 11405 285 11405 351 11405 470 11406 944 11406 351 11406 1268 11407 944 11407 470 11407 938 11408 1268 11408 470 11408 1176 11409 1268 11409 938 11409 281 11410 97 11410 100 11410 108 11411 281 11411 100 11411 549 11412 281 11412 108 11412 162 11413 549 11413 108 11413 285 11414 549 11414 162 11414 76 11415 70 11415 73 11415 81 11416 76 11416 73 11416 85 11417 76 11417 81 11417 89 11418 85 11418 81 11418 93 11419 85 11419 89 11419 97 11420 93 11420 89 11420 104 11421 93 11421 97 11421 281 11422 104 11422 97 11422 4 11423 3 11423 0 11423 50 11424 46 11424 43 11424 54 11425 50 11425 43 11425 58 11426 50 11426 54 11426 63 11427 58 11427 54 11427 66 11428 58 11428 63 11428 70 11429 66 11429 63 11429 46 11430 37 11430 22 11430 25 11431 46 11431 22 11431 43 11432 46 11432 25 11432 37 11433 34 11433 15 11433 20 11434 37 11434 15 11434 22 11435 37 11435 20 11435 34 11436 30 11436 8 11436 12 11437 34 11437 8 11437 15 11438 34 11438 12 11438 11 11439 29 11439 33 11439 29 11440 11 11440 7 11440 3 11441 29 11441 7 11441 30 11442 29 11442 3 11442 4 11443 30 11443 3 11443 8 11444 30 11444 4 11444 38 11445 26 11445 23 11445 19 11446 38 11446 23 11446 33 11447 38 11447 19 11447 16 11448 33 11448 19 11448 11 11449 33 11449 16 11449 65 11450 68 11450 62 11450 53 11451 65 11451 62 11451 57 11452 65 11452 53 11452 42 11453 57 11453 53 11453 49 11454 57 11454 42 11454 26 11455 49 11455 42 11455 45 11456 49 11456 26 11456 38 11457 45 11457 26 11457</p>
        </triangles>
      </mesh>
    </geometry>
  </library_geometries>
  <library_materials>
    <material id="mat_M16_Hex_Nut" name="M16_Hex_Nut">
      <instance_effect url="#effect_M16_Hex_Nut" />
    </material>
  </library_materials>
  <library_visual_scenes>
    <visual_scene id="myscene">
      <node id="node0" name="node0">
        <instance_geometry url="#geometry0">
          <bind_material>
            <technique_common>
              <instance_material symbol="ref_M16_Hex_Nut" target="#mat_M16_Hex_Nut" />
            </technique_common>
          </bind_material>
        </instance_geometry>
      </node>
    </visual_scene>
  </library_visual_scenes>
  <scene>
    <instance_visual_scene url="#myscene" />
  </scene>
</COLLADA>
