<COLLADA xmlns="http://www.collada.org/2005/11/COLLADASchema" version="1.4.1">
  <asset>
    <contributor />
    <created>2026-02-16T15:12:28.716306</created>
    <modified>2026-02-16T15:12:28.716312</modified>
    <unit name="meter" meter="1.0" />
    <up_axis>Z_UP</up_axis>
  </asset>
  <library_effects>
    <effect id="effect_M8_Hex_Nut" name="effect_M8_Hex_Nut">
      <profile_COMMON>
        <technique sid="common">
          <phong>
            <emission>
              <color>0.0 0.0 0.0 1.0</color>
            </emission>
            <ambient>
              <color>0.0 0.0 0.0 1.0</color>
            </ambient>
            <diffuse>
              <color>0.6784313917160034 0.7098039388656616 0.7411764860153198 1.0</color>
            </diffuse>
            <specular>
              <color>1 1 1 1.0</color>
            </specular>
            <shininess>
              <float>0.0</float>
            </shininess>
            <reflective>
              <color>0.0 0.0 0.0 1.0</color>
            </reflective>
            <reflectivity>
              <float>0.0</float>
            </reflectivity>
            <transparent>
              <color>0.0 0.0 0.0 1.0</color>
            </transparent>
            <transparency>
              <float>1.0</float>
            </transparency>
          </phong>
        </technique>
        <extra>
          <technique profile="GOOGLEEARTH">
            <double_sided>0</double_sided>
          </technique>
        </extra>
      </profile_COMMON>
    </effect>
  </library_effects>
  <library_geometries>
    <geometry id="geometry0" name="M8_Hex_Nut">
      <mesh>
        <source id="cubeverts-array0">
          <float_array count="14223" id="cubeverts-array0-array">-0.007505554 1.525879e-08 -0.002669441 -0.007505554 1.525879e-08 0.002669441 -0.007369476 -0.0002357025 0.002745842 -0.007355469 -0.0002599335 -0.002753441 -0.007355469 0.000259964 -0.002753441 -0.007343262 0.0002810822 0.002760025 -0.007228149 -0.000480423 0.002820381 -0.007213806 -0.0005052338 -0.002827667 -0.007213562 0.000505722 -0.002827797 -0.007202576 0.000524765 0.002833328 -0.007085968 -0.0007267303 0.002890228 -0.007071259 -0.000752182 -0.002897148 -0.007071259 0.000752243 -0.002897148 -0.007061493 0.0007691193 0.002901703 -0.006952942 -0.000957077 0.002950623 -0.006938019 0.000983017 -0.0029571 -0.006937897 -0.0009831696 -0.002957146 -0.006929291 0.0009981232 0.002960854 -0.006819763 -0.00118779 0.003006096 -0.006804352 -0.001214493 -0.003012192 -0.006804352 0.001214493 -0.003012192 -0.006796661 0.001227829 0.003015198 -0.006693451 -0.00140654 0.003053894 -0.006677765 0.001433792 -0.003059502 -0.006677673 -0.001433914 -0.003059532 -0.006566986 -0.001625626 0.003096878 -0.006550781 -0.001653702 -0.003102028 -0.006550781 0.001653732 -0.003102028 -0.006544891 0.001663925 0.003103867 -0.006496674 -0.0002077789 0.00325 -0.006495941 -0.000229538 -0.00325 -0.006495941 0.000229599 -0.00325 -0.006495239 0.000248642 0.00325 -0.006466064 -0.0006631622 0.00325 -0.006463531 -0.0006875458 -0.00325 -0.006463531 0.0006875458 -0.00325 -0.006461792 0.0007038116 0.00325 -0.006403595 -0.001115311 0.00325 -0.006398865 -0.001142105 -0.00325 -0.006398865 0.001142136 -0.00325 -0.006396454 0.001155502 0.00325 -0.006324249 -0.002046097 0.003165131 -0.00630954 -0.001561905 0.00325 -0.006307159 -0.002075607 -0.003169205 -0.006307159 0.002075668 -0.003169205 -0.006302917 0.002083023 0.003170204 -0.006302277 -0.001590988 -0.00325 -0.006302277 0.001590988 -0.00325 -0.006299591 0.001601547 0.00325 -0.006184387 -0.002000809 0.00325 -0.006174255 -0.002031906 -0.00325 -0.006174255 0.002031906 -0.00325 -0.006171692 0.002039658 0.00325 -0.006088684 -0.002454056 0.003212669 -0.006070648 -0.002485275 -0.00321553 -0.006070648 0.002485336 -0.00321553 -0.006067871 0.002490128 0.003215958 -0.006028717 -0.002429886 0.00325 -0.006015411 -0.002462662 -0.00325 -0.006015411 0.002462692 -0.00325 -0.006013336 0.002467728 0.00325 -0.005857788 -0.002853989 0.003240723 -0.005843353 -0.00284697 0.00325 -0.005838654 -0.002887131 -0.00324221 -0.005838654 0.002887192 -0.00324221 -0.00583728 0.002889542 0.00324231 -0.005826538 -0.00288118 -0.00325 -0.005826538 0.00288118 -0.00325 -0.005825348 0.002883621 0.00325 -0.00562915 -0.003249985 -0.00325 -0.00562915 -0.003249985 0.00325 -0.00562915 0.003250015 -0.00325 -0.00562915 0.003250015 0.00325 -0.005419678 -0.003612839 0.00324221 -0.005419678 0.003612839 -0.00324221 -0.005419678 0.003612839 0.00324221 -0.005408447 -0.003605331 0.00325 -0.005408447 0.003605362 -0.00325 -0.005408447 0.003605362 0.00325 -0.005400513 -0.003645981 -0.003240723 -0.005387207 -0.003637009 -0.00325 -0.005187683 -0.004014694 0.00321553 -0.005187683 0.004014694 -0.00321553 -0.005187683 0.004014694 0.00321553 -0.005169617 -0.004045914 -0.003212669 -0.005140442 -0.003978134 0.00325 -0.005140442 0.003978165 -0.00325 -0.005140442 0.003978165 0.00325 -0.005118713 -0.004006058 -0.00325 -0.004951141 -0.004424332 0.003169205 -0.004951141 0.004424362 -0.003169205 -0.004951141 0.004424362 0.003169205 -0.004934082 -0.004453903 -0.003165138 -0.004846802 -0.0043311 0.00325 -0.004846802 0.004331131 -0.00325 -0.004846802 0.004331131 0.00325 -0.004824982 -0.004355423 -0.00325 -0.00470752 -0.004846298 0.003102028 -0.00470752 0.004846298 -0.003102028 -0.00470752 0.004846298 0.003102028 -0.004691345 -0.004874313 -0.003096886 -0.004580566 0.005066208 -0.003059509 -0.004580566 0.005066208 0.003059509 -0.004580444 -0.005066422 0.003059456 -0.004564636 -0.005093796 -0.003053818 -0.004528961 -0.00466243 0.00325 -0.004528961 0.00466246 -0.00325 -0.004528961 0.00466246 0.00325 -0.004507446 -0.004683273 -0.00325 -0.004453979 -0.005285507 0.003012184 -0.004453979 0.005285507 -0.003012192 -0.004453979 0.005285507 0.003012184 -0.004438538 -0.00531221 -0.003006096 -0.004320343 0.005516953 -0.002957115 -0.004320343 0.005516953 0.002957115 -0.00432019 -0.005517197 0.002957054 -0.004305145 -0.005543228 -0.002950531 -0.004188507 -0.004970535 0.00325 -0.004188507 0.004970535 -0.00325 -0.004188507 0.004970535 0.00325 -0.004187073 -0.005747787 0.002897148 -0.004187073 0.005747818 -0.002897148 -0.004187073 0.005747818 0.002897148 -0.004172363 -0.005773239 -0.002890244 -0.004167694 -0.004988022 -0.00325 -0.004044769 0.005994247 -0.002827805 -0.004044769 0.005994247 0.002827805 -0.004044647 -0.005994492 0.002827736 -0.004030304 -0.006019302 -0.002820457 -0.004 -2.944946e-06 0.0002391281 -0.003999878 2.949524e-05 0.00325 -0.003999786 4.234314e-05 -0.002419418 -0.003999664 5.143738e-05 0.002736374 -0.003999573 -5.741882e-05 -0.00225811 -0.00399942 6.715393e-05 7.933044e-05 -0.003999115 -8.390808e-05 0.001336983 -0.003998932 9.196472e-05 0.002578079 -0.003998505 -0.0001087799 -0.001161758 -0.003997772 0.0001330414 -0.001017738 -0.003997589 -0.0001392365 0.00149604 -0.003997284 -0.0001474457 -0.00325 -0.003996948 -0.0001474152 0.00149646 -0.00399588 -0.0001473541 -0.00115979 -0.003995636 -0.0001474457 -0.001003532 -0.003995605 0.0001872406 0.00147953 -0.00399527 -0.0001937408 -0.001001183 -0.003995148 -0.0001473236 0.00134021 -0.003994659 -0.0001474152 0.002590218 -0.003994659 0.0002064056 -0.00325 -0.003994598 -0.0001472931 -0.00225354 -0.003994232 -0.0001473846 9.022522e-05 -0.003994202 0.0002064056 -0.001177681 -0.00399408 -0.0001473541 0.002746475 -0.003994049 0.0002176971 -0.001178246 -0.003993988 -0.0001473541 -0.002409775 -0.003993958 -0.0001473236 0.0002464676 -0.003993927 0.0002063446 0.001478577 -0.003993347 0.0002063751 0.001322327 -0.003993073 -0.0002351837 0.002594673 -0.003992615 0.0002424164 0.001320511 -0.003992584 0.0002063446 -0.002271416 -0.003992371 0.0002062531 -0.001021408 -0.003991638 0.0002062225 0.002572342 -0.003991608 0.0002062836 0.0002285919 -0.003991516 -0.000260025 9.594727e-05 -0.003991425 0.0002062225 7.234955e-05 -0.003991364 0.0002062225 0.0027286 -0.003991333 0.0002062531 -0.00242765 -0.003990967 0.0002684784 -0.002274551 -0.003990479 -0.000275589 0.002752983 -0.003989838 -0.0002849274 -0.002402786 -0.003986969 0.0003224335 0.0002227478 -0.003986847 -0.0003241119 0.00325 -0.003986328 -0.0003300629 0.0002557678 -0.003983093 0.0003674164 -0.002435753 -0.003982269 0.0003762054 0.002720062 -0.003981628 0.0003828888 0.00325 -0.003981476 -0.0003844757 -0.002241447 -0.003980743 0.0003919525 6.30188e-05 -0.00397879 -0.0004111176 0.001353668 -0.003978271 0.0004164581 0.002561806 -0.003976166 -0.0004359283 -0.001145058 -0.003973816 0.0004567413 -0.001033958 -0.003972748 -0.0004660797 0.001512749 -0.003968597 -0.0005001373 -0.00325 -0.003967834 -0.0005001068 -0.0009855042 -0.003967346 -0.0004999542 0.001514488 -0.003967316 0.0005101471 0.001463379 -0.003966553 -0.0004999542 0.002608253 -0.003966492 -0.0004998322 -0.001141762 -0.003966003 -0.00052034 -0.0009844666 -0.003965973 -0.0004998932 0.0001082458 -0.003965942 -0.0004997711 0.001358246 -0.003965729 -0.0004998322 0.002764496 -0.003965607 -0.0004998322 -0.002391754 -0.003965546 -0.0004997406 -0.002235504 -0.003965271 -0.0004997406 0.0002644958 -0.003963348 0.0005402985 -0.001194366 -0.003960785 0.00055867 -0.00325 -0.003960571 0.0005586395 0.001304726 -0.003960358 -0.0005616913 0.002611412 -0.003960114 0.0005585175 -0.001195274 -0.00395993 0.0005645599 0.001304428 -0.003959625 0.0005585175 -0.002289017 -0.003959167 0.0005583649 0.001460991 -0.003958252 0.0005583344 0.0002110062 -0.003958038 0.0005582123 -0.001038986 -0.003957703 0.0005582428 -0.002445244 -0.003957642 0.0005582123 0.002711014 -0.003957611 0.0005581818 0.002554764 -0.003957581 0.0005582123 5.476379e-05 -0.003956787 -0.00058638 0.0001126862 -0.003956238 0.0005900116 -0.002290588 -0.003954468 -0.0006016388 0.00276973 -0.003953064 -0.0006110382 -0.00238604 -0.003947998 0.0006429291 0.0002067947 -0.003945892 -0.0006555939 0.0002725067 -0.003942596 -0.0006752167 0.00325 -0.003940521 0.0006871796 -0.002451645 -0.003939056 0.0006956024 0.002704185 -0.003936584 -0.0007094269 -0.002224701 -0.003936279 0.0007111664 4.716492e-05 -0.00393219 0.0007332916 0.00325 -0.003931854 0.0007351227 0.002545982 -0.003931702 -0.0007359161 0.001370415 -0.003927032 -0.0007604218 -0.001128304 -0.003924316 0.0007743073 -0.001049706 -0.003921204 -0.0007900238 0.001529472 -0.003913696 0.0008264008 0.001447731 -0.003910034 -0.0008434296 -0.0009677429 -0.003908844 -0.0008489227 -0.00325 -0.003908661 -0.0008488617 -0.0009674606 -0.003907562 -0.0008486786 0.002626289 -0.003907349 0.0008559723 -0.001209969 -0.003906921 -0.000848465 0.001532524 -0.00390686 -0.0008485565 0.0001262817 -0.003906494 -0.0008484955 0.002782532 -0.003906311 -0.000848465 -0.002373718 -0.00390625 -0.0008483429 -0.001123726 -0.003905884 -0.0008482513 0.001376274 -0.003905731 -0.0008482819 0.0002825317 -0.00390564 -0.0008482208 -0.002217476 -0.003902832 -0.006240036 0.002753441 -0.003902832 0.006240067 -0.002753441 -0.003902832 0.006240067 0.002753441 -0.0039021 0.0008795624 0.001288872 -0.003901031 -0.0008842621 0.002628128 -0.003896484 0.000904129 -0.002306084 -0.003895935 0.0009065094 -0.00325 -0.003895844 0.0009064789 -0.002306198 -0.003895447 -0.0009085236 0.0001293945 -0.003894958 0.0009062347 0.00128756 -0.003894257 0.0009061127 -0.001212433 -0.003894257 0.0009062042 0.0001938324 -0.003893585 0.0009059296 0.001443825 -0.003893341 0.0009059601 -0.00246241 -0.003893219 0.0009059296 0.002693848 -0.003893036 0.000905899 3.759766e-05 -0.003892914 0.0009058075 -0.001056145 -0.003892883 0.000905838 0.002537605 -0.003891968 -0.0009233551 0.002786415 -0.003889709 -0.0009327545 -0.002369339 -0.003887268 -0.006266983 -0.002742638 -0.003884186 0.0009555511 0.000191391 -0.003879028 -0.0009762726 0.0002891846 -0.003873322 0.0009986725 -0.002466957 -0.003871246 0.001006668 0.002688896 -0.003867493 -0.001021011 0.00325 -0.003867249 0.001021927 3.18985e-05 -0.003865387 -0.001029007 -0.002208061 -0.003861053 0.00104509 0.002530769 -0.003858337 -0.001055099 0.001387062 -0.00385202 0.001077957 0.00325 -0.003851685 -0.001079025 -0.001111687 -0.003850586 0.001082962 -0.001064842 -0.003843567 -0.001107712 0.001546074 -0.003835999 0.001133682 0.001432655 -0.003828156 -0.001159836 -0.0009511871 -0.003827271 0.001162704 -0.001225044 -0.003827209 -0.005253799 0.00325 -0.003827209 0.005253799 -0.00325 -0.003827209 0.005253799 0.00325 -0.00382019 0.001185806 0.001273796 -0.003818512 -0.001191086 -0.00325 -0.003818207 -0.001190994 0.002644203 -0.003817413 -0.001190689 -0.0009495621 -0.003817322 -0.00119075 0.0001441956 -0.003816925 -0.001190598 0.002800446 -0.00381665 -0.001190567 -0.002355812 -0.003816071 -0.001190262 0.00155043 -0.003815826 -0.001199753 0.002644661 -0.003815796 -0.001190292 0.0003004303 -0.003815643 -0.00119014 -0.00110582 -0.00381543 -0.001190109 0.00139418 -0.003815369 -0.001190109 -0.00219957 -0.003812683 0.001209702 -0.002321152 -0.003808319 -0.001223373 0.0001459045 -0.003807373 -0.005268204 -0.00325 -0.003803741 -0.001237564 0.002802902 -0.003800659 -0.001246872 -0.002352852 -0.003800568 0.001247299 -0.00325 -0.003800049 0.001247147 0.0001769485 -0.003799255 0.001246841 -0.002323067 -0.003798737 0.00124675 -0.002479332 -0.003798615 0.001246597 0.001270668 -0.003798553 0.001246689 0.002676918 -0.003798218 0.001246597 2.065277e-05 -0.003798126 0.001246445 -0.001229332 -0.003797852 0.001246445 0.002520653 -0.003797729 0.001246323 0.001426903 -0.003797546 0.001246323 -0.001073105 -0.003796295 0.001260178 0.0001763 -0.003786621 -0.001288925 0.0003056183 -0.00378186 0.001302872 -0.002482132 -0.003779205 0.001310593 0.002673729 -0.003773865 0.001325851 1.669312e-05 -0.003768829 -0.001340042 -0.002191673 -0.003765747 0.00134874 0.002515511 -0.003762115 -0.00135881 0.00325 -0.003759705 -0.001365463 0.001403427 -0.003752777 -0.006499985 -0.002669441 -0.003752777 -0.006499985 0.002669441 -0.003752777 0.006499985 -0.002669441 -0.003752777 0.006499985 0.002669441 -0.003752197 0.001386002 -0.00108017 -0.003751221 -0.001388626 -0.001095352 -0.003741669 0.0014142 0.00325 -0.003740906 -0.001416153 0.001562363 -0.003733307 0.00143605 0.001417221 -0.003722107 0.001464828 -0.00124054 -0.003721497 -0.001466446 -0.0009349594 -0.003713074 0.001487595 0.001258255 -0.003706024 -0.001505081 0.002660843 -0.003703674 0.00151091 -0.002336731 -0.003698334 -0.001523911 -0.00325 -0.003698181 -0.001523849 0.0001618423 -0.003697632 -0.001523666 0.002818085 -0.003697601 -0.001523605 0.002661835 -0.003697357 -0.001523544 -0.002338165 -0.003696716 -0.001527786 0.000162056 -0.003696472 -0.001523087 -0.0009319305 -0.003696228 -0.001523087 0.0003180695 -0.003695587 -0.00152272 0.001568062 -0.003695435 -0.001522751 -0.002181946 -0.003695343 -0.001522659 -0.001088188 -0.003695313 -0.001522659 0.001411804 -0.003691132 -0.001541275 0.002819023 -0.003687286 -0.00155043 -0.002336739 -0.003683014 0.001560532 0.000160614 -0.00367749 -0.0002036285 0.002933144 -0.003677002 -3.163147e-05 0.002927124 -0.003675964 -0.000253891 0.002934906 -0.003675446 0.001578323 -0.00325 -0.003675262 -0.000277298 0.002935722 -0.003674774 0.001577988 0.0001596527 -0.003674561 0.001577957 -0.002496605 -0.003674286 0.001577835 0.002659645 -0.003674072 2.708435e-05 0.002925079 -0.00367392 -0.0002986908 0.002936478 -0.003673828 0.001577652 3.387451e-06 -0.00367337 0.001577377 -0.002340363 -0.003673309 0.001577438 0.00250338 -0.003673096 4.719543e-05 0.002924377 -0.003672913 0.001577194 0.00125338 -0.003672699 0.001577164 -0.001090378 -0.003672638 0.001577072 -0.001246628 -0.003672455 0.001577011 0.001409622 -0.003670105 -0.001590652 0.0003216629 -0.003668518 0.0001390533 0.002921173 -0.003664917 0.001602585 -0.002497894 -0.00366452 -0.0004471588 0.002941696 -0.003661713 0.00160997 0.002657951 -0.003654999 0.001625076 8.850098e-07 -0.003652588 -0.0005557404 0.002945518 -0.003652283 0.0003083649 0.002915291 -0.003648468 -0.001639633 -0.002175713 -0.003647125 0.0003445282 0.00291404 -0.003646271 0.0003506012 0.002913818 -0.003645966 -0.0006160126 0.002947639 -0.003644958 0.001647537 0.002499657 -0.003644684 -0.0006241913 0.002947929 -0.00363736 -0.0016642 0.00141935 -0.003628357 0.0004762115 0.00290947 -0.003628326 0.001683792 -0.001096077 -0.003627319 -0.00168602 0.00325 -0.003627136 -0.001686356 -0.00107946 -0.003619659 -0.0007837982 0.00295356 -0.003614868 -0.001712509 0.001578201 -0.003605255 0.001732681 0.00140123 -0.003605042 -0.0008553009 0.002956093 -0.003602051 0.001739334 0.00325 -0.003598145 0.0006353912 0.002903969 -0.003596802 0.0006424713 0.002903725 -0.003594055 -2.670288e-06 0.0004735031 -0.003593842 3.804016e-05 -0.002653793 -0.003593658 -5.158997e-05 -0.002023735 -0.003593536 6.034851e-05 -0.0001550446 -0.003593262 -7.539368e-05 0.001102608 -0.003593109 8.262634e-05 0.002343704 -0.003592712 -9.773254e-05 -0.001396133 -0.003592041 0.0001195221 -0.0007833633 -0.003591888 -0.0001251068 0.001730415 -0.003591736 -0.001760513 -0.00091922 -0.003591553 0.00176088 -0.001256592 -0.003590363 0.0006695404 0.002902794 -0.003590088 0.0001682281 0.001713905 -0.003589813 -0.0001740875 -0.0007668076 -0.003588715 0.0001956024 -0.001412628 -0.00358783 -0.000211319 0.002360298 -0.003587433 0.0002177887 0.001086136 -0.003586456 -0.0002336578 -0.0001384354 -0.003586365 -0.0009467926 0.002959335 -0.003585938 0.0002412262 -0.002040176 -0.003585663 -0.0009503937 0.002959465 -0.0035849 -0.0002559662 -0.002637161 -0.003582336 0.0002896881 0.0004571228 -0.003581787 -0.0002965851 0.0004901505 -0.003580597 0.001783066 0.00124218 -0.003578857 0.0003301544 -0.002670128 -0.003577393 -0.0003454742 -0.002007072 -0.003576752 0.0003521576 -0.0001713562 -0.003575012 -0.0003693695 0.001119293 -0.003574493 0.0003741913 0.002327423 -0.003573334 -0.001797531 0.002676529 -0.003572632 -0.0003916779 -0.001379433 -0.003570526 0.0004103851 -0.0007995834 -0.00356955 -0.0004187775 0.001747116 -0.003569275 0.001805557 -0.002352837 -0.003564697 0.0004583893 0.001697754 -0.003563507 -0.0004675446 -0.0007500916 -0.003562378 -0.001819168 0.0001776886 -0.003561096 0.0004854584 -0.001428741 -0.003558441 -0.0005046844 0.002377037 -0.003558044 0.0005072784 0.001070045 -0.003557709 0.0008069305 0.002898056 -0.003555878 -0.001831833 0.002834625 -0.003555206 -0.0005268402 -0.0001216888 -0.003554749 0.0005301056 -0.002056206 -0.003551849 -0.0005490265 -0.002620415 -0.0035513 -0.001840683 -0.002321144 -0.003549164 -0.001844803 -0.00325 -0.003549011 -0.001844711 -0.002320923 -0.003548706 -0.001844528 0.00283532 -0.003548279 -0.001844284 0.0001790619 -0.003547943 -0.001844193 0.0003353119 -0.003547638 -0.001843979 0.002679054 -0.003547333 0.0005776825 0.0004411697 -0.003546844 -0.001843643 -0.002164711 -0.003546844 -0.001843552 -0.000914711 -0.003546509 -0.00184346 0.001429031 -0.003546356 -0.001843369 -0.001070976 -0.003546356 -0.001843338 0.001585274 -0.003545441 -0.0005890656 0.0005068893 -0.003544495 0.001853775 0.0001444397 -0.003543823 -0.001115738 0.00296534 -0.003540619 0.0006174469 -0.00268602 -0.003537079 -0.0006374359 -0.001990334 -0.003536774 0.0006390228 -0.0001872101 -0.003533569 -0.001149673 0.002966545 -0.003532837 0.0006605377 0.002311607 -0.003532684 -0.0006612396 0.001136047 -0.003531311 -0.001878769 0.0003371658 -0.003528473 -0.0006832428 -0.001362686 -0.003526154 0.0009168854 0.002894287 -0.003526062 0.0006957245 -0.0008153229 -0.003523254 -0.0007098236 0.001763855 -0.003522797 0.00189473 -0.002514145 -0.003521576 0.001896957 -0.00325 -0.003521484 0.001896896 -0.002514267 -0.003521393 0.001896866 0.002641975 -0.003520844 0.001896622 -1.428223e-05 -0.003520111 0.001896133 0.0001419678 -0.003520111 0.001896225 0.00248571 -0.003519287 0.001895767 -0.001108047 -0.003519073 0.001895554 -0.002358047 -0.003519012 0.001901749 0.002641701 -0.003518799 0.001895462 0.001235703 -0.003518677 0.001895462 0.001391953 -0.003518646 0.001895401 -0.001264297 -0.00351651 0.0007425385 0.001682114 -0.003513214 -0.0007578278 -0.0007333755 -0.003511139 0.0009692841 0.002892479 -0.003510956 0.001916519 -1.538849e-05 -0.003510773 0.0007690887 -0.001444344 -0.003507233 0.0009814606 0.002892059 -0.003506165 -0.001925278 -0.002160316 -0.003506073 0.000790329 0.001054497 -0.003505127 -0.0007945404 0.002393753 -0.003501038 0.0008123627 -0.002071709 -0.003500122 -0.00081633 -0.0001049728 -0.003499023 -0.001263809 0.002970619 -0.003499023 0.001938278 0.002483353 -0.003494965 -0.0008381195 -0.002603714 -0.003494202 -0.001279678 0.002971184 -0.003494019 0.001022751 0.002890625 -0.003493195 -0.001948685 0.001434708 -0.00348999 0.0008585663 0.0004257736 -0.003485352 -0.000877182 0.0005235519 -0.003481415 -0.001969681 -0.001064148 -0.003480225 0.0008973236 -0.00270134 -0.003479462 0.001973129 -0.001112411 -0.003474792 0.0009181976 -0.0002024765 -0.003473846 0.0001895294 -0.002729042 -0.003473785 0.0001795197 -0.002728668 -0.003473083 -0.0009245758 -0.001973686 -0.003472931 3.675842e-05 -0.002723427 -0.00347287 2.388e-05 -0.002722954 -0.003469208 0.0009390411 0.002296394 -0.003468384 0.0003199921 -0.00273378 -0.003467407 -0.001994247 0.001593437 -0.003466858 0.0003560333 -0.002735092 -0.003466766 -0.0009480133 0.001152679 -0.003464691 -0.0001277924 -0.002717331 -0.003464081 -0.001999985 0.00325 -0.003463989 -0.0001407318 -0.00271685 -0.003463745 0.0003987274 -0.002736641 -0.003460815 -0.0009694977 -0.001346062 -0.003459808 0.0009730682 -0.0008304596 -0.003454651 0.0004872894 -0.002739822 -0.003453461 -0.000995285 0.001780449 -0.003453217 -0.0002465668 -0.002712891 -0.003452606 -0.006499985 0.002753441 -0.003452606 0.006499985 -0.002753441 -0.003452606 0.006499985 0.002753441 -0.003452301 0.002020279 0.001384834 -0.003447296 -0.0003043365 -0.002710716 -0.00344693 0.0005626068 -0.002742523 -0.003446777 -0.005510849 0.00325 -0.003446777 0.00551088 -0.00325 -0.003446777 0.00551088 0.00325 -0.003446686 0.0010186 0.001667023 -0.003441223 0.0006001129 -0.002743858 -0.003440826 -0.002039719 -0.0009040756 -0.003439636 -0.001042099 -0.0007168198 -0.003438873 0.001044724 -0.001459419 -0.003438843 -0.001435959 0.002976768 -0.003437042 0.001182999 0.002884941 -0.003436676 -0.001442154 0.002976997 -0.003436127 0.002047684 -0.001273026 -0.003434235 0.002050888 0.00325 -0.003433868 0.001190811 0.002884651 -0.003432495 0.001065445 0.001039429 -0.003428558 -0.001077988 0.002410286 -0.003428284 -0.005522385 -0.00325 -0.003428192 -0.006499985 -0.002760033 -0.003428101 -0.0004320221 -0.002705894 -0.003425751 0.001086899 -0.002086769 -0.00342334 0.002068985 0.001225716 -0.003422913 -0.0004667816 -0.002704582 -0.003422333 0.0007251129 -0.002748299 -0.003421814 -0.001099197 -8.846283e-05 -0.003419647 -0.002075058 0.002691628 -0.003414978 -0.001120346 -0.002587227 -0.003411041 0.001132309 0.000410675 -0.003410858 -0.0005271759 -0.002702271 -0.003410248 0.0020905 -0.002369316 -0.003408691 0.0007931671 -0.002750702 -0.003407104 -0.002095627 0.0001927795 -0.003406372 -0.001519089 0.002979752 -0.003402344 -0.001158127 0.0005399933 -0.00339975 -0.002107529 0.002849693 -0.003398071 0.001170639 -0.002716499 -0.003395905 0.001283493 0.002881248 -0.003394379 -0.002116165 -0.002306068 -0.003392365 0.000874649 -0.002753571 -0.0033909 0.001191269 -0.0002176819 -0.003390747 -0.0006279755 -0.002698425 -0.003390045 0.0008861847 -0.002753975 -0.003386353 -0.001204025 -0.001957298 -0.003383545 0.001211868 0.002281143 -0.003383179 -0.001572556 0.002981674 -0.003381439 0.002136795 0.0001279144 -0.003378143 -0.001226883 0.001169044 -0.003373016 0.001339371 0.002879189 -0.003372223 -0.00215126 -0.00325 -0.003372192 -0.00215123 0.0003521729 -0.003371552 -0.002152359 0.0003522263 -0.003371399 0.001245346 -0.0008457947 -0.003371033 -0.002150467 -0.002304062 -0.003370789 -0.002150284 0.002852196 -0.003370728 -0.002150345 -0.002147804 -0.003370514 -0.002150101 0.0001959534 -0.003370514 -0.001247696 -0.001329727 -0.003370178 -0.002150009 0.001445961 -0.003370087 -0.002149826 0.002695961 -0.003369843 -0.002149765 -0.001054031 -0.003369659 -0.002149582 -0.0008977737 -0.003369629 -0.002149612 0.001602219 -0.003365112 -0.0007308197 -0.002694458 -0.003361267 -0.001272446 0.001796738 -0.003356232 0.002176193 -0.002530716 -0.003354431 0.001290298 0.001651596 -0.003351959 0.002182724 0.002625137 -0.003350861 -0.0007878265 -0.002692261 -0.003350189 0.001045853 -0.002759628 -0.003346741 -0.0008025665 -0.002691681 -0.00334436 0.001316177 -0.001474922 -0.003343811 -0.001317612 -0.000700592 -0.003342987 -0.0008159943 -0.002691162 -0.003342682 -0.002196915 -0.002145218 -0.003342621 0.002197037 -3.198242e-05 -0.003340149 0.00220076 -0.00325 -0.003339996 0.002200699 -3.22113e-05 -0.003339478 0.002200302 0.002624039 -0.003339478 0.002200394 0.002467781 -0.003339233 0.00220015 -0.002532211 -0.003338654 -0.001675217 0.002985367 -0.00333844 0.002199722 -0.001125977 -0.003338165 0.002199417 0.0001240311 -0.003337585 0.002199142 0.001374023 -0.003337463 0.00219899 -0.002375969 -0.003337372 0.002198959 -0.001282219 -0.003337341 0.002198929 0.001217781 -0.003336273 0.001336624 0.00102388 -0.00333551 0.001094681 -0.002761406 -0.003329926 -0.001352341 0.002426468 -0.003328827 0.002217819 0.002466751 -0.003327789 0.00135759 -0.002102356 -0.003327667 -0.002219559 0.001449844 -0.003321533 -0.001372726 -7.231903e-05 -0.003321167 -0.001710922 0.002986656 -0.00332074 0.001144028 -0.002763199 -0.003317474 0.001458603 0.002874657 -0.003314148 -0.002239731 -0.001048981 -0.00331308 -0.001393082 -0.002571114 -0.003309235 0.001402145 0.0003949966 -0.003306519 0.002250961 -0.001129036 -0.003302734 0.001204086 -0.002765381 -0.003302002 0.001491867 0.002873383 -0.003298126 -0.00226329 0.00160865 -0.003297638 -0.001429214 0.0005560379 -0.003293854 -0.000974411 -0.002684975 -0.003292999 0.001439926 -0.002732277 -0.003284088 0.001460159 -0.00023349 -0.003278198 -0.001473251 -0.001941338 -0.003276581 -0.001021988 -0.002683098 -0.003275452 0.002295914 0.001368172 -0.003275024 0.001480331 0.002265282 -0.003273773 -0.002298325 0.00325 -0.003268219 -0.001495285 0.001184982 -0.003267609 -0.002307053 -0.0008887558 -0.003263947 -0.001827805 0.002990875 -0.003260132 0.001512894 -0.0008616943 -0.003259369 -0.00106926 -0.002681236 -0.003259125 0.001573746 0.002870155 -0.003259033 -0.001515182 -0.001313835 -0.003256958 0.002322128 -0.001289711 -0.003247986 -0.001538712 0.001812576 -0.00324765 0.001360855 -0.002771255 -0.003243256 -0.002341232 0.002707047 -0.003242401 0.002342392 0.001209023 -0.003240356 -0.001870834 0.002992447 -0.003239532 0.00234639 0.00325 -0.00323938 0.001556808 0.001635605 -0.003237549 -0.001129288 -0.002678871 -0.003235992 0.001389603 -0.002772362 -0.003228882 -0.002360977 0.0002082367 -0.003227692 0.002362625 -0.002386009 -0.003227234 0.001411209 -0.002773193 -0.003227203 -0.001581863 -0.000684845 -0.003227081 0.001582199 -0.001490959 -0.003224182 0.001640457 0.002867516 -0.003220612 -0.002372269 0.002865173 -0.003217194 0.001602097 0.001007797 -0.003214386 -0.002380692 -0.002290558 -0.003210663 -0.001615128 0.002442154 -0.003207062 0.00162233 -0.002118469 -0.003200836 -0.001634537 -5.667877e-05 -0.003195099 0.00240654 0.0001112061 -0.003190887 -0.001653885 -0.002555519 -0.003188507 -0.002415207 0.0003678055 -0.00318808 -2.365112e-06 0.0007078781 -0.003187744 -4.576111e-05 -0.001789368 -0.003187653 5.351257e-05 -0.0003894196 -0.003187408 -6.687927e-05 0.0008682251 -0.003187256 7.331848e-05 0.002109329 -0.003187073 2.348328e-05 0.0007062454 -0.00318692 -8.67157e-05 -0.001630508 -0.00318692 2.354431e-05 -0.0003875122 -0.003186371 2.357483e-05 0.002112495 -0.00318634 0.0001060333 -0.000548996 -0.003186157 -0.0001110077 0.00196479 -0.003185944 2.348328e-05 -0.001793747 -0.003185699 2.354431e-05 -0.0005437469 -0.003185608 2.348328e-05 0.0008625031 -0.003185394 2.348328e-05 -0.001637497 -0.003185333 2.351379e-05 0.001956261 -0.003184845 0.001515945 -0.002777222 -0.003184784 0.001665634 0.0003788147 -0.003184601 0.0001492462 0.001948288 -0.003184357 -0.0001544037 -0.0005324402 -0.00318396 -0.001973801 0.002996216 -0.00318338 0.0001735382 -0.001647003 -0.003182587 -0.0001874237 0.002125923 -0.003182281 -0.001976852 0.00299633 -0.003182251 0.0001931915 0.0008517609 -0.003181335 -0.0002072601 -0.0003728104 -0.003180908 0.0002140045 -0.001805801 -0.003178894 0.00171788 0.002864349 -0.003177704 0.0002569733 0.0006914978 -0.003177429 -0.000258316 0.0007242126 -0.003177216 -0.0002630768 0.0007245178 -0.003175995 -0.000258255 -0.00177578 -0.003175934 -0.0002581635 -0.0003695297 -0.003175507 -0.000258194 0.0008804779 -0.003175507 -0.0002581329 0.00213047 -0.003175201 -0.0002581635 -0.001619522 -0.003175049 -0.0002581024 -0.0005257797 -0.003174957 -0.0002581329 0.001974228 -0.003174286 -0.001280502 -0.002672844 -0.00317334 -0.0003064423 -0.00177269 -0.003173157 0.0003051605 -0.0004052734 -0.003172913 -0.001688095 0.0005715408 -0.00317276 0.0003123932 -0.0004057236 -0.003172455 0.00030513 0.002094734 -0.003171875 0.0003049774 0.0006884995 -0.0031716 0.0003050385 -0.0005615005 -0.003171204 -0.000327652 0.0008849258 -0.003171082 0.0003049164 -0.001811485 -0.003170959 0.0003049469 0.001938507 -0.003170898 0.0003049164 0.0008447647 -0.003170868 0.0003049164 -0.001655243 -0.003170776 0.0003318939 0.002093048 -0.003170502 0.00154866 -0.002778511 -0.003169098 -0.0003474579 -0.001613808 -0.003168915 -0.002440872 -0.00325 -0.003168823 0.006499985 -0.002827797 -0.003168823 0.006499985 0.002827789 -0.003168762 -0.006499985 0.002827805 -0.003168274 -0.002440414 -0.002130585 -0.003167999 -0.00244014 0.0003694077 -0.003167542 -0.002439896 0.001463173 -0.003167267 0.0003640594 -0.0005652161 -0.003167084 -0.002439529 -0.001036819 -0.003167084 -0.002439407 -0.002286827 -0.003166931 -0.002439285 0.002869431 -0.003166718 -0.002439163 0.0002131882 -0.003166656 -0.002439224 0.001619438 -0.003166565 0.002443924 -0.002547447 -0.003166473 -0.00243898 0.002713188 -0.003166351 -0.0003715057 0.001981491 -0.003166321 -0.002438919 -0.0008805618 -0.003165253 0.001702438 -0.00274852 -0.003163391 -0.001303452 -0.002671913 -0.003162079 0.000406601 0.001932129 -0.003161926 0.002449936 0.002608414 -0.00316098 -0.0004147491 -0.0005157166 -0.003158875 0.0004306488 -0.001663116 -0.003156494 -0.0004476776 0.002142662 -0.003156158 0.0004499664 0.0008356781 -0.003155792 -0.00245784 -0.002129547 -0.003154633 0.001722031 -0.0002497711 -0.003153656 -0.0004673309 -0.0003560715 -0.003153229 0.0004702301 -0.001821838 -0.003152832 -0.001325638 -0.002671021 -0.003151276 0.002463638 -4.872131e-05 -0.00315033 -0.001729874 -0.001925934 -0.00314682 -0.006499985 -0.002833351 -0.003146637 0.0005124054 0.0006755371 -0.003144989 -0.0005225372 0.0007412643 -0.003143921 0.001741562 0.002248985 -0.003141754 -0.0005380402 0.0007422714 -0.003141327 -0.0005380096 -0.001757721 -0.003140717 -0.0005379181 0.0008985214 -0.003140289 -0.0005378571 -0.001601479 -0.003140259 -0.0005377655 -0.0003514862 -0.003139954 -0.0005377045 0.002148521 -0.003139923 -0.0005377655 0.001992271 -0.003139709 -0.0005377045 -0.0005077286 -0.003139618 0.001785049 0.002861603 -0.003138702 -0.00247963 0.001465576 -0.003138702 -0.001750931 0.001200333 -0.003137543 -0.0005654144 -0.001755951 -0.003137299 0.0005668182 -0.0004215851 -0.003135834 0.002483231 0.002450005 -0.003134003 0.0005844574 0.002077324 -0.003133789 0.0005858917 0.002077232 -0.003133667 -0.0005865631 0.0009016724 -0.003133423 0.0005843353 -0.0004226608 -0.003132935 0.0005843048 -0.0005789108 -0.003132568 0.002487381 -0.00325 -0.003132416 0.002487228 0.002449738 -0.003132019 0.0005840607 0.0006711121 -0.003131958 0.0005841217 0.001921112 -0.003131714 0.002486649 -5.026245e-05 -0.003131683 0.0005840302 -0.00167263 -0.003131592 0.0005839996 -0.001828873 -0.003131561 0.0005839996 0.0008273773 -0.003131561 0.002486618 -0.001144012 -0.003131287 0.002486313 0.002605995 -0.003131134 0.00248616 -0.002550255 -0.003130463 0.002485764 0.001355988 -0.003130341 0.002485519 0.0001059875 -0.003130096 0.002485458 -0.001300262 -0.003129944 -0.0006060638 -0.001597061 -0.003129944 0.002485306 -0.002394012 -0.003129944 0.002485336 0.001199738 -0.003128082 -0.00176976 -0.001298531 -0.003127808 0.0006171417 -0.0005809479 -0.003126343 0.001772903 -0.0008780441 -0.003125305 -0.0006296539 0.001998222 -0.003123383 -0.002498856 -0.001033203 -0.003119293 0.0006586456 0.001916489 -0.003116425 -0.000672226 -0.0004989929 -0.003115479 -0.001791885 0.001827812 -0.003114227 0.0006822357 -0.001678719 -0.003111389 0.001673508 -0.002783493 -0.003110992 0.002514328 -0.001145775 -0.003110443 0.001675522 -0.002783569 -0.003110077 0.0007010651 0.0008201218 -0.003109192 -0.0007048187 0.002159386 -0.003105591 0.0007205963 -0.001837334 -0.003105438 -0.002521133 0.001624458 -0.003104767 -0.0007241058 -0.0003393555 -0.003104187 -0.001427963 -0.002666901 -0.003101929 0.001815292 0.001619209 -0.003098999 0.001699692 -0.002784531 -0.003097565 0.001849808 0.002858849 -0.003095795 0.0007615814 0.0006601486 -0.003093781 -0.002122482 0.003001877 -0.003091675 -0.0007781219 0.0007579346 -0.003091644 -0.001832718 -0.0006697006 -0.003087402 0.001839859 -0.001507408 -0.003082275 0.0008144989 -0.0004368439 -0.003082214 -0.0008137054 -0.001739731 -0.003081482 -0.0008135529 0.0009165192 -0.003081238 -0.0008134003 0.0007602615 -0.003080902 -0.0008134003 -0.001583481 -0.003080811 -0.0008201447 -0.001739304 -0.003080414 -0.0008132477 0.002010262 -0.003080139 -0.0008130951 -0.0003335037 -0.003079956 -0.0008130646 0.002166504 -0.003079926 -0.0008130951 -0.0004897461 -0.003077332 0.0008329926 0.002062019 -0.003076324 0.002556595 0.001351433 -0.003075897 0.001859024 0.000991333 -0.003075195 -0.0008409271 0.0009183121 -0.003072601 -0.001864456 0.00245726 -0.003071198 -0.002156113 0.003003212 -0.003071136 -0.00256279 -0.0008728561 -0.003069977 0.0008591461 -0.0005958405 -0.003069885 -0.0008600006 -0.001580437 -0.003069244 0.0008588715 0.002060387 -0.003069031 0.0008631439 -0.0005960846 -0.003068695 0.0008587189 -0.0004396286 -0.003068695 0.0008588104 0.00190416 -0.003068176 0.0008586578 -0.001689598 -0.003067932 0.0008585663 0.0008103943 -0.003067841 0.0008585052 0.0006541214 -0.00306778 0.0008585052 -0.001845863 -0.003064178 0.001878342 -0.002134941 -0.003063385 -0.0008828583 0.002014816 -0.00306131 -0.00188295 -4.159546e-05 -0.003057861 -0.002578659 0.00325 -0.003057373 0.0009035797 0.001901405 -0.003055603 0.002581314 -0.001306458 -0.003051147 -0.0009243927 -0.0004824371 -0.003050415 0.0009266815 -0.001693787 -0.003049896 -0.001901382 -0.002540443 -0.003049133 -0.005740402 0.00325 -0.003049133 0.005740463 -0.00325 -0.003049133 0.005740463 0.00325 -0.00304837 0.001925644 0.002855629 -0.0030448 0.0009451141 0.0008050537 -0.003043701 -0.002595352 0.002723015 -0.003041321 -0.0009562531 0.002175919 -0.003039459 0.002600327 0.001192268 -0.003038818 0.0009641571 -0.001852394 -0.003038269 0.001919937 0.0003622894 -0.003035309 -0.0009750519 -0.0003228455 -0.003032318 -0.005749344 -0.00325 -0.003029358 -0.001933914 0.0005866013 -0.003028442 -0.001569687 -0.002661125 -0.003027618 -0.002614059 0.0002242508 -0.003027466 -0.001571548 -0.002661057 -0.003026489 -0.001573135 -0.002660988 -0.003025757 0.001004379 0.00064505 -0.00302356 -0.002227127 0.003006035 -0.003023254 0.002619125 -0.00240274 -0.003020721 0.001846878 -0.002790573 -0.00301947 0.00262352 0.00325 -0.003019348 0.00196608 0.002853851 -0.003018524 -0.002624619 0.002881195 -0.003018036 -0.001027328 0.0007743683 -0.003015625 0.001955307 -0.002765083 -0.003011414 -0.002632706 -0.002274521 -0.003007874 0.001056717 -0.0004520569 -0.003003876 -0.001068039 -0.001722931 -0.003003418 -0.001973923 -0.001910843 -0.003003357 0.001974075 -0.0002663574 -0.003001404 0.001074997 0.002046761 -0.002998444 -0.002264572 0.003007523 -0.00299826 -0.001082932 0.0009343185 -0.002997955 -0.001082779 -0.001721939 -0.00299762 -0.001082718 -0.001565689 -0.002996948 -0.001082504 0.002028053 -0.002996796 -0.001082352 0.0007780457 -0.002996582 -0.001088303 0.0009346695 -0.002996216 -0.00108223 -0.000471962 -0.002996063 -0.001082138 -0.000315712 -0.002996033 -0.001082138 0.00218428 -0.002990997 0.001992752 0.002232376 -0.00299057 0.00110466 -0.000611412 -0.00298996 -0.001994278 0.001215469 -0.002989807 -0.001106735 -0.001564095 -0.002987213 0.002660172 9.447479e-05 -0.002982697 -0.002665237 0.0003839111 -0.002981598 -0.001128708 0.002031113 -0.002981567 0.001126938 0.0018871 -0.002981384 0.001126816 -0.0006128998 -0.002980835 0.001126663 -0.001706665 -0.00298056 0.00112648 0.002043335 -0.002980408 0.001126511 0.0007933273 -0.002980225 0.001126358 -0.0004566727 -0.002980103 0.001126358 -0.001862923 -0.002979797 0.001126236 0.0006370621 -0.002977814 -0.002012405 -0.001283363 -0.002975555 0.001144577 0.001885971 -0.002972778 0.001927597 -0.002793991 -0.002970947 0.002022537 -0.0008946609 -0.002966614 0.001167526 -0.001709297 -0.002966125 -0.001168777 -0.000466217 -0.002963379 -0.002033585 0.001843025 -0.002959473 0.001950027 -0.002794945 -0.002959412 0.001185654 0.000789505 -0.002955658 0.002695206 -0.002564171 -0.002953766 -0.00119957 0.002192101 -0.002951904 0.001204239 -0.001867981 -0.002950653 0.002700668 0.002591698 -0.002950439 0.002062088 0.002849617 -0.002946381 -0.001217697 -0.000306694 -0.002946289 -0.002705399 -0.002113373 -0.002944183 -0.001711105 -0.002655312 -0.002943054 0.002062912 0.001602554 -0.002940796 -0.00271138 -0.00325 -0.002940552 -0.002711166 -0.002112961 -0.002940216 -0.002710922 0.001480797 -0.002939606 -0.002710373 -0.001019196 -0.002939301 -0.002709976 0.0003870544 -0.002939056 -0.002709885 0.00163707 -0.002938812 0.002713547 -6.544495e-05 -0.00293866 -0.002709396 -0.00226918 -0.002938538 -0.002709305 0.002887062 -0.002938446 -0.002709274 -0.0008629303 -0.002938446 -0.002709213 0.0002308121 -0.002938354 -0.002709152 0.00273082 -0.002935974 -0.002072952 -0.0006543808 -0.002935638 0.001990128 -0.002796638 -0.002935455 0.00124379 0.0006293716 -0.002927216 -0.002726028 0.001481796 -0.002926422 0.002086441 -0.001524078 -0.002925171 -0.001267807 0.0007904129 -0.002921875 0.002731796 0.002433296 -0.002914093 -0.002103592 0.002472664 -0.002913452 0.002110214 0.002847435 -0.00291333 0.00210466 0.0009746399 -0.002913116 0.001295242 -0.000467865 -0.002910278 -0.002744125 -0.00101696 -0.002909729 0.002115067 0.002847221 -0.002907928 -0.001306839 -0.001706963 -0.002905121 0.001313126 0.002030914 -0.002901184 -0.002121384 -2.613068e-05 -0.002900452 0.002754501 -0.00325 -0.002900238 0.002754288 -0.001162041 -0.002900116 0.002122879 -0.002151634 -0.002899658 0.002753677 0.002431717 -0.002899109 0.002753159 -6.828308e-05 -0.002899048 -0.001326401 0.0009505997 -0.002898956 0.002753098 0.001337967 -0.002898834 0.002752853 0.002587975 -0.002898712 0.002752731 -0.002568275 -0.002898437 0.002752609 -0.001318283 -0.002898193 0.002752304 8.798218e-05 -0.002898193 0.002752396 0.001181725 -0.002898071 0.002752243 -0.002412025 -0.00289621 -0.002402908 0.00301326 -0.002894745 0.002760513 -0.001162468 -0.002891876 0.001342026 -0.0006273193 -0.002891052 -0.001343796 -0.001548225 -0.00289093 -0.00134407 -0.001548203 -0.002890533 -0.002764908 0.001640739 -0.002890411 -0.00134346 0.0009517517 -0.002890259 -0.00134343 0.002045509 -0.002889832 -0.001343185 -0.001704506 -0.002889252 -0.001343002 -0.0004545135 -0.002889008 -0.001342819 0.0007954788 -0.002888855 -0.001342789 0.002201729 -0.002888733 -0.001342728 -0.0002982712 -0.002888153 -0.002139084 -0.00252494 -0.002885803 -0.001799057 -0.002651566 -0.002884186 -0.006499985 0.002897148 -0.002884186 0.006499985 -0.002897148 -0.002884186 0.006499985 0.002897148 -0.002881134 -0.001364883 0.002046944 -0.002877197 -0.002426346 0.003014275 -0.002873505 0.001380966 0.00186998 -0.00287085 0.002162308 0.0003455734 -0.002870697 0.001386185 0.001869606 -0.00287027 0.001386002 -0.001724152 -0.00286972 0.001385757 0.0007758408 -0.002869476 0.001385574 -0.0006304092 -0.002869232 0.001385544 -0.001880409 -0.002868896 0.0013853 0.002025833 -0.002868652 0.001385208 -0.0004741669 -0.002868622 0.001385239 0.0006195755 -0.002866272 -0.001828506 -0.002650299 -0.002864899 -0.00217012 0.0006021805 -0.002864685 -0.006499985 -0.002901711 -0.002862701 -0.001403152 -0.00045047 -0.002862549 0.001403458 -0.001725334 -0.002856873 0.002799667 0.001334778 -0.00285437 -0.001846451 -0.002649544 -0.002853821 0.001421158 0.0007734222 -0.00285379 0.00218309 0.002844048 -0.002852692 -0.00280394 -0.000856514 -0.002848053 -0.001432693 0.002207771 -0.002845215 0.002195908 -0.002781822 -0.002844818 0.001439072 -0.001884087 -0.002843842 0.00212941 -0.002802711 -0.002842834 -0.001862869 -0.002648819 -0.002841309 -0.002470566 0.00301619 -0.00284079 0.002201096 0.002842392 -0.002839691 0.002200241 0.002843246 -0.002839294 -0.001449936 -0.0002910538 -0.00283548 -0.002208389 -0.001895164 -0.002834137 0.002822708 -0.001323112 -0.002831451 0.002213608 -0.0002830963 -0.002825073 0.001477524 0.0006131821 -0.002822357 -0.002834488 0.00273941 -0.00282016 -0.002227982 0.001231201 -0.002817963 -0.002838821 0.00325 -0.002817596 0.002231216 0.00221563 -0.002816528 0.002840286 0.001175629 -0.002814545 -0.001497421 0.0008059158 -0.002813293 0.00217131 -0.002804596 -0.002806396 -0.002245255 -0.001267578 -0.002804687 -0.002851974 0.0002406693 -0.002801819 0.002246323 0.002841103 -0.002799072 0.002857498 -0.002419365 -0.00279834 0.001527542 -0.0004841461 -0.002795258 0.002259171 -0.0009114075 -0.002794769 -0.002861649 0.002897621 -0.002794525 -0.0015345 -0.001691559 -0.002790283 -0.002265274 0.001858841 -0.002788788 0.001544846 0.002014603 -0.002787048 -0.002537369 0.003019089 -0.002786896 -0.002869339 -0.002258064 -0.002784393 0.002210953 -0.002806389 -0.00278418 -0.001553146 0.0009659576 -0.002775787 0.002880081 0.00325 -0.00277478 -0.00156987 -0.001532906 -0.002773193 0.001572647 -0.0006436691 -0.00276413 0.002297134 0.001585815 -0.00276358 -0.001589493 0.002062187 -0.002760803 -0.001593918 0.0020625 -0.002760132 -0.001593521 -0.001531235 -0.002759979 0.002895248 7.788849e-05 -0.002759888 -0.00159346 -0.0004375229 -0.002759674 -0.001593246 0.0009687729 -0.00275946 -0.002302719 -0.0006384811 -0.002759277 -0.001593033 -0.001687477 -0.002759216 -0.001593063 0.002218727 -0.002759003 -0.001592911 -0.0002812653 -0.00275885 -0.001592789 0.0008125 -0.002755524 -0.00289946 0.000400383 -0.002751556 0.001610245 0.001853584 -0.002745483 0.002319351 -0.00154084 -0.002745331 0.002264542 -0.0028088 -0.002744629 -0.001994583 -0.002642868 -0.002742462 -0.001625687 -0.0004353256 -0.002738708 0.001632065 -0.001741776 -0.002737061 0.001634537 -0.001741966 -0.002736603 0.001634293 0.0007580261 -0.002736267 0.001634048 0.001851776 -0.002736053 0.001633987 -0.001898224 -0.002735352 0.001633499 -0.0006482239 -0.002735168 0.001633499 0.0006017609 -0.002734985 0.001633286 0.002008018 -0.002734894 0.001633255 -0.0004919891 -0.002734802 -0.002331955 0.002488647 -0.002734131 -0.002598282 0.00302182 -0.002731018 0.002336441 0.0009578934 -0.002728485 0.001649033 0.000756958 -0.002725677 0.002927567 -0.002580727 -0.002725555 -0.001653854 0.002222878 -0.002725098 -0.002018295 -0.002641731 -0.002720428 0.002932449 0.002575165 -0.002720367 -0.00234877 -1.012421e-05 -0.002718048 0.001666183 -0.001900566 -0.002716431 0.002353317 -0.002168373 -0.00271579 -0.002936752 -0.002096848 -0.002715546 -0.001670242 -0.0002759705 -0.002707489 0.002944412 -8.197784e-05 -0.002706573 0.002351608 0.002835991 -0.00270578 -0.002365524 -0.002508888 -0.002695099 0.001703079 0.0005966568 -0.002694824 -0.002955978 0.001498352 -0.002689636 -0.002960678 -0.00325 -0.002689453 -0.002960495 0.001498711 -0.00268924 0.002961075 0.002416779 -0.002689178 -0.00296022 -0.001001289 -0.002688812 -0.002959702 -0.002095039 -0.002688507 -0.002959518 0.001654961 -0.002688507 0.002371567 0.002835022 -0.002687897 -0.002958694 0.0004049606 -0.002687683 -0.002958603 -0.0008450241 -0.002687469 -0.002958267 -0.002251282 -0.002687439 -0.002958237 0.002904968 -0.002687408 -0.002958237 0.002748726 -0.002687378 -0.002958206 0.0002487183 -0.002687195 -0.0017155 0.0008209839 -0.002684418 -0.002067673 -0.002639381 -0.002684082 0.002390182 0.0003288498 -0.002679993 -0.00239476 0.0006182785 -0.002676361 -0.002972702 -0.001000389 -0.002664185 -0.001750992 -0.001676468 -0.002664124 0.001751114 -0.0005007324 -0.002660156 0.002987259 -0.001178932 -0.00265918 -0.002678909 0.003025558 -0.002655701 0.002421677 -0.002798553 -0.002655029 -0.002991776 0.001657326 -0.002653168 0.001767654 0.001997993 -0.002652252 -0.001769058 0.0009810944 -0.002651184 0.00242659 0.002826073 -0.002647278 -0.002430832 -0.001878998 -0.002645691 0.003000076 -0.00325 -0.002645203 0.002999496 -0.001179893 -0.002644806 0.002999161 0.001320114 -0.00264444 0.002998581 0.002413872 -0.002644196 0.002998459 -0.001336136 -0.002644073 0.002998154 -8.612823e-05 -0.00264386 0.00299794 0.002570129 -0.00264386 0.002998062 0.001163872 -0.002643768 0.002997849 -0.002586121 -0.002643646 0.002997818 -0.002429871 -0.002643494 0.002997604 7.013702e-05 -0.002642151 0.002418228 0.002832657 -0.002641449 -0.00178511 -0.001517731 -0.002640808 -0.00212056 -0.002636856 -0.002640564 0.002438187 -0.0002998123 -0.002640076 0.002395462 -0.002814888 -0.002638275 -0.002701431 0.003026604 -0.002636322 -0.00594133 0.00325 -0.002636322 0.005941391 -0.00325 -0.002636322 0.005941391 0.00325 -0.002635376 0.001794083 -0.0006602936 -0.002634247 0.002402115 -0.002815208 -0.002630157 -0.002449387 0.001247414 -0.002628662 -0.001803879 0.002077393 -0.002625336 0.002454544 0.002198914 -0.002621368 -0.005947952 -0.00325 -0.002619476 0.003022964 0.001318359 -0.002617706 0.006499985 -0.0029571 -0.002617706 0.006499985 0.0029571 -0.002617645 -0.006499985 0.002957115 -0.00261673 -0.002724625 0.003027679 -0.002614929 -0.002465622 -0.001251328 -0.002613953 -0.003027756 -0.0008398972 -0.002610626 0.00182991 0.001836929 -0.002609009 -0.001831619 -0.0004205246 -0.002608337 -0.0018311 0.002079498 -0.002608093 -0.001831039 0.002235748 -0.002607849 -0.001830765 -0.001514244 -0.002607758 -0.001830765 -0.0002642365 -0.002607544 -0.001830551 0.0009857559 -0.0026073 -0.001830399 -0.001670486 -0.002607208 -0.001830368 0.0008295212 -0.00260437 -0.001838821 -0.0004199982 -0.002600952 0.002480392 -0.0009280853 -0.002600189 -0.006499985 -0.002960876 -0.002597198 -0.002484299 0.001875114 -0.002595886 0.001850784 -0.001758461 -0.002594971 0.003044022 -0.001339508 -0.002586334 0.002456223 -0.00281781 -0.002584961 -0.001865982 0.002238289 -0.00258429 0.001866928 0.0007402725 -0.002581848 0.001870041 0.0007400131 -0.002581451 0.001869797 -0.001916237 -0.002581268 0.001869583 -0.001759979 -0.002580933 -0.003055954 0.002756073 -0.002580688 0.001869125 0.001833771 -0.002580414 0.001869034 0.0005837631 -0.002579987 0.001868668 -0.0006662369 -0.002579834 0.001868546 0.001990013 -0.002579834 0.001868576 -0.0005099869 -0.002576111 0.003060013 0.001159264 -0.002573517 -0.00188176 -0.0002605133 -0.00257254 0.001883072 -0.001917252 -0.002569946 0.00249086 0.002828972 -0.002566956 0.002515579 0.001569145 -0.002563171 -0.002519363 -0.0006221466 -0.002561829 -0.003071976 0.0002573395 -0.002557587 0.003075516 -0.002435692 -0.00255603 -0.003076767 0.00325 -0.0025513 -0.003080704 0.002914291 -0.0025466 0.001918076 0.0005799561 -0.002546509 0.00253624 -0.001557487 -0.002545532 -0.002225388 -0.002631561 -0.002542633 -0.003087875 -0.002241394 -0.002541321 -0.001925003 0.0008365631 -0.002535919 -0.002546829 0.002505035 -0.002531494 -0.002240829 -0.002630783 -0.002530701 0.002552017 0.0009412537 -0.002528076 0.002522049 -0.002820984 -0.00252005 -0.002562546 6.29425e-06 -0.0025159 0.003109726 6.163025e-05 -0.002515228 -0.001958939 -0.001660789 -0.002515015 0.00256749 -0.002184982 -0.002511627 0.001963577 -0.0005174713 -0.002510376 0.003114151 0.00325 -0.002508972 -0.00311528 0.0004170685 -0.002504059 -0.00257814 -0.002492447 -0.002501617 -0.001976334 0.0009968262 -0.002499359 0.001979233 0.001981255 -0.002493896 -0.002845261 0.003033546 -0.002489441 -0.001991653 -0.001501961 -0.002485748 0.002566879 -0.002823189 -0.002482971 -0.00228923 -0.002628197 -0.002480072 0.002573257 0.002824608 -0.002479858 0.002601425 0.0003122711 -0.002479523 0.002003983 -0.0006770248 -0.002479248 0.003139023 -0.002596947 -0.002475891 -0.002605209 0.0006347656 -0.002475128 -0.002009415 0.002093216 -0.002473785 0.003143295 0.00255896 -0.002466156 -0.003149277 -0.002080139 -0.00245993 0.00315419 -9.816742e-05 -0.002451904 0.002037674 0.00182019 -0.002449036 0.002630478 -0.002815102 -0.002447784 -0.002042587 -0.0004040985 -0.00244632 0.002604172 0.00282296 -0.002444336 0.002634842 0.002809532 -0.002443512 -0.003166885 0.001515076 -0.002440521 0.003169235 0.002400627 -0.002440125 -0.002638718 -0.001862473 -0.002436707 -0.002054855 -0.0004030685 -0.002436646 -0.002054855 0.002253181 -0.002436188 -0.002054459 -0.0002468033 -0.002435883 0.002616379 -0.002825699 -0.002435791 -0.002054001 0.002096947 -0.002435455 -0.002053787 -0.001496796 -0.002435394 0.002057388 -0.001775208 -0.002435333 -0.002053757 0.000846962 -0.002435272 -0.002053635 0.001003212 -0.002435181 -0.002053574 -0.001653038 -0.002432709 0.002645584 -0.0003163452 -0.002429169 0.002618484 0.002822174 -0.002425934 -0.002068558 0.002254265 -0.002423706 -0.003182053 -0.0009836502 -0.002422516 0.002072525 0.0007235184 -0.002421326 -0.002655991 0.001263969 -0.002419281 -0.002912216 0.003036964 -0.00241745 -0.003186844 -0.00325 -0.002417267 -0.003186569 -0.0009832535 -0.002416962 -0.003186203 0.001673004 -0.002416809 -0.002355301 -0.002624664 -0.002416748 -0.003185837 0.001516747 -0.00241629 0.002660599 0.002182404 -0.00241626 -0.003185165 -0.002077003 -0.002415955 -0.003184952 -0.0008269958 -0.002415619 -0.003184372 0.0004230042 -0.002415558 -0.003184372 0.002766754 -0.002415436 -0.003184189 0.0002667542 -0.002415436 -0.003184158 -0.002233246 -0.002415405 -0.003184158 0.002922997 -0.002414917 -0.002916092 0.003037163 -0.002413116 -0.002083481 -0.0002444992 -0.002409851 0.003192581 -0.001195023 -0.002409607 0.002087509 -0.001933998 -0.002406464 0.002090866 -0.001934288 -0.002405914 0.002090378 0.000721962 -0.002405548 0.002090134 0.000565712 -0.002405487 0.002090012 -0.00177803 -0.002405029 0.002089615 0.001815727 -0.002404724 -0.002671005 -0.001234756 -0.002404694 0.002089371 -0.000528038 -0.002404602 0.002089249 -0.0006842804 -0.002404572 0.002089279 0.00197197 -0.002401001 -0.003199234 0.001674049 -0.002390198 0.002684067 -0.0009445572 -0.002385559 -0.002688156 0.001891701 -0.00238089 0.002120224 0.0005632248 -0.002377289 -0.002124252 0.0008526611 -0.002370178 0.003222153 -0.00325 -0.002370056 0.003222 0.001302551 -0.002369385 0.003221115 -0.001353683 -0.002369232 0.003220779 -0.001197426 -0.002368958 0.003220566 0.001146317 -0.002368713 0.003220078 0.002396332 -0.002368683 0.003220169 -0.002447418 -0.002368469 0.003219772 -0.0001036606 -0.002368378 0.00321962 0.002552597 -0.002368317 0.003219589 -0.002603653 -0.002368286 0.003219589 5.258942e-05 -0.00236731 0.002684402 -0.00282914 -0.002367218 0.002684494 -0.00282914 -0.002366852 0.003224594 0.001302345 -0.002365784 -0.00296019 0.003039413 -0.002357086 -0.003231735 -0.0008231583 -0.002353607 0.002716171 0.001552734 -0.002350403 -0.006499985 0.003012184 -0.002350403 0.006499985 -0.003012192 -0.002350403 0.006499985 0.003012184 -0.002348663 -0.002720444 -0.0006055222 -0.002348297 -0.002156265 -0.001644615 -0.002348114 -0.002417557 -0.002621132 -0.002342285 0.002162766 -0.0005341873 -0.00234082 0.003243546 -0.001355484 -0.002335022 -0.006499985 -0.003015205 -0.002333069 -0.002172714 0.001013046 -0.002331604 0.002735092 -0.001573883 -0.002328796 0.002177322 0.001964539 -0.002321716 -0.003257248 0.00277282 -0.002320984 0.003257767 0.001143326 -0.00231955 -0.002187149 -0.00148571 -0.002319 -0.002745773 0.00252169 -0.002317627 0.002711502 0.002817001 -0.002314697 0.002749435 0.0009248886 -0.00230719 0.002200211 -0.0006937103 -0.002303833 -0.00220372 0.002109489 -0.002301819 -0.002760208 2.296448e-05 -0.002301605 0.003271469 -0.002451584 -0.002301361 -0.003271652 0.000274086 -0.002298035 0.002763382 -0.002201317 -0.002296844 -0.002464005 -0.002618507 -0.002290283 -0.003279404 0.00293103 -0.002284576 -0.00277449 -0.002475769 -0.002280914 -0.003285965 -0.00222464 -0.002277008 0.00223143 0.001803528 -0.002274109 -0.003290634 0.00325 -0.002273651 -0.002234787 -0.0003877716 -0.002263397 -0.00249144 -0.002616844 -0.002260559 0.002794113 0.0002959976 -0.002258881 0.002249771 -0.001791862 -0.002257751 0.003301895 4.582214e-05 -0.002254364 -0.002799118 0.0006514511 -0.002249451 -0.00225914 0.00227066 -0.00224585 -0.002262497 0.002270973 -0.002245575 -0.002262222 -0.0002290192 -0.0022453 -0.003310379 0.000433815 -0.002245056 -0.002261612 -0.0003852692 -0.002244873 0.002263748 0.0007068787 -0.002244507 -0.002261185 0.0008647385 -0.002244385 -0.002260971 0.002114738 -0.002244171 -0.002260788 -0.001635262 -0.002244171 -0.002260788 -0.001479004 -0.002244141 -0.002260727 0.001020996 -0.00224353 0.002796219 -0.002835014 -0.002235809 0.002773483 0.00281337 -0.002235382 -0.002273087 -0.0002280807 -0.002232422 -0.00306929 0.003045296 -0.002230927 0.002277481 -0.001950615 -0.002227631 0.00282045 -0.002831322 -0.002225342 0.003323837 0.00325 -0.002222717 0.002824295 0.002793335 -0.00222229 0.002813675 -0.002835976 -0.002219147 0.003327957 -0.002612679 -0.002215881 -0.002829636 -0.001845757 -0.002213623 0.00333165 0.002543251 -0.002211914 0.002295029 0.0005477524 -0.002211731 0.002294785 -0.00195224 -0.002211334 0.002294388 0.0007040176 -0.002211029 0.002294052 -0.001795982 -0.002210846 0.002293961 -0.0005459824 -0.002210724 0.002293747 0.001797775 -0.002210663 0.002293747 0.001954025 -0.002210541 0.002293594 -0.0007022324 -0.002210327 -0.006112656 0.00325 -0.002210327 0.006112656 -0.00325 -0.002210327 0.006112656 0.00325 -0.002210266 0.002834061 -0.0003325424 -0.002202545 0.00279866 0.002811897 -0.00219989 -0.003340744 -0.002063408 -0.002199768 0.002307602 0.0005466461 -0.002198914 0.003341354 -0.0001138458 -0.00219751 -0.006117264 -0.00325 -0.002196228 -0.002310928 0.000869133 -0.002195526 -0.002845474 0.001280708 -0.002192841 0.00284758 0.002166252 -0.00218399 0.002812729 0.002811073 -0.002178619 0.00335466 0.002384979 -0.002177734 -0.002859116 -0.001218025 -0.00217572 -0.003356491 0.001531815 -0.00217392 -0.003112839 0.003047775 -0.002171692 -0.002566849 -0.002612289 -0.002165314 0.002868576 -0.0009606476 -0.00216452 -0.002340652 -0.001628098 -0.002158936 -0.003124008 0.003048416 -0.002157928 0.002346786 -0.0005507278 -0.002157349 -0.002874527 0.001908424 -0.002154816 -0.00336998 -0.0009669189 -0.002147827 -0.002356003 0.001029602 -0.002146759 0.003375137 -0.001210587 -0.002143372 0.002360062 0.001948029 -0.002135681 -0.002593613 -0.002610565 -0.002133118 -0.002369308 -0.001469131 -0.002130981 -0.003385086 0.001690765 -0.002127197 0.00289183 -0.002840263 -0.002126648 0.002897354 0.00153672 -0.002126343 -0.003387985 -0.00325 -0.002126221 -0.003387833 0.00169104 -0.002125732 -0.003386948 -0.0009652176 -0.002125397 -0.003386581 -0.0008089676 -0.002125336 -0.003386337 0.001534775 -0.002124969 -0.003385757 -0.002058975 -0.002124847 -0.003385727 0.002784775 -0.002124664 -0.003385391 0.0002847824 -0.002124603 -0.0033853 0.002941032 -0.002124603 -0.003385239 0.0004410248 -0.002124573 -0.003385239 -0.002215225 -0.002120209 0.002380905 -0.0007101822 -0.002117859 -0.002903732 -0.0005887756 -0.002116119 -0.002384537 0.002126068 -0.002114807 0.002901993 -0.00284082 -0.002103241 0.002914352 -0.001589851 -0.002101868 0.003403244 0.00128688 -0.002097198 0.006499985 -0.003059502 -0.002097198 0.006499985 0.003059494 -0.002097137 -0.006499985 0.003059509 -0.002093811 -0.003172501 0.00305117 -0.002087769 0.002409378 0.001787109 -0.00208606 -0.002926682 0.002538445 -0.002085419 0.002927139 0.0009089508 -0.002084656 -0.003413803 -0.0008064728 -0.002083374 -0.002413193 -0.0003711472 -0.002076141 0.003419022 -0.00325 -0.002076111 0.003418961 -0.001370804 -0.002075623 0.003418228 0.001129204 -0.002075592 0.003418076 0.001285446 -0.002075226 0.003417618 -0.002464531 -0.002074921 0.003416916 -0.001214539 -0.002074677 0.003416702 3.549194e-05 -0.002074646 0.003419937 -0.001370895 -0.002074615 0.003416458 0.002379227 -0.002074524 0.003416336 -0.0001207733 -0.002074493 0.003416336 -0.002620758 -0.002074493 0.003416336 0.002535484 -0.002068268 0.002426163 -0.001808258 -0.002068024 0.002939468 -0.002217209 -0.00206778 -0.002939621 3.9711e-05 -0.002057068 -0.002435654 0.002287315 -0.002054016 0.003432358 0.00112796 -0.002053253 0.002438889 0.0006905136 -0.002049408 -0.002952469 -0.002459015 -0.002047211 -0.003436386 0.002789497 -0.002045471 0.002907852 0.002805206 -0.00204184 -0.00244841 -0.0002114182 -0.002041382 -0.002663773 -0.002606041 -0.002039093 0.002958481 -0.002844055 -0.002038452 0.002451248 -0.001966942 -0.002037079 -0.002452072 -0.0002110291 -0.002036652 -0.002451523 0.002288971 -0.002036163 -0.002451035 0.0008827286 -0.002036041 -0.00245076 -0.0003672714 -0.002035645 -0.002450424 -0.001617271 -0.002035614 -0.002450272 0.002132721 -0.002035553 -0.002450241 0.001038979 -0.002035522 -0.002450211 -0.001461021 -0.002034058 0.00344426 -0.002466888 -0.002028625 0.002966812 0.0002801971 -0.002027893 -0.002673233 -0.002605408 -0.002025818 -0.00344902 0.0002907562 -0.002022644 -0.002676956 -0.002605156 -0.002017426 -0.002974411 0.0006681824 -0.002016571 0.002926529 0.002804016 -0.002014374 -0.003455734 0.002947678 -0.002005219 0.002478531 0.0005303802 -0.002004364 -0.003461594 -0.002207985 -0.002000702 0.002481888 0.0005300293 -0.001999878 0.002480789 -0.001969948 -0.001999786 0.002480789 -0.0005636978 -0.001999725 -0.002482956 0.0008858261 -0.001999603 0.002480453 0.0006863022 -0.001999512 0.002480453 0.001936302 -0.00199939 0.00248024 -0.001813683 -0.001999268 0.002480148 -0.0007199402 -0.001999237 0.002480057 0.001780067 -0.001994781 0.002991531 -0.002845955 -0.001988953 0.002993546 0.002777626 -0.001988556 0.003470688 3.062439e-05 -0.001981079 0.003001755 -0.002846535 -0.001976624 -0.003001663 -0.001829033 -0.001975891 0.002951187 0.002802376 -0.001975769 0.003002274 -0.0003482285 -0.001974396 -0.003478745 0.00325 -0.001967163 -0.003482834 0.0004504242 -0.001965607 -0.002510056 -0.001611389 -0.001965179 0.002957687 0.002801949 -0.001960602 0.002513962 -0.0005669098 -0.00195752 0.003014206 0.002150604 -0.001954926 -0.003015854 0.001297432 -0.001950012 -0.003269699 0.003057053 -0.001948273 0.003493454 -0.002627815 -0.00194754 -0.002524094 0.001046326 -0.00194516 0.002525955 0.001931877 -0.001942688 0.003496567 0.002528137 -0.001936127 -0.003027969 -0.001201302 -0.001931763 -0.002536179 -0.0014524 -0.001928864 0.003032578 -0.0009762192 -0.001927216 0.003505142 -0.0001289597 -0.001922852 0.003507523 0.00325 -0.001920715 0.002544571 -0.0007262726 -0.001919678 -0.003509232 -0.002046829 -0.00191748 -0.003289566 0.003058334 -0.001914734 -0.00304155 0.001925133 -0.001913666 -0.002549881 0.002142807 -0.001909882 -0.00275145 -0.002599945 -0.001906036 0.003516708 0.002369888 -0.001894287 -0.003522995 0.001548386 -0.00188858 0.003057846 0.001521255 -0.001886444 0.002570084 0.001771095 -0.001885651 -0.002767441 -0.002598824 -0.001880005 -0.003312485 0.003059807 -0.001878662 -0.00257576 -0.0003544083 -0.001873108 0.003013535 0.002798248 -0.001873077 -0.003067368 -0.0005720978 -0.001872894 0.003534439 -0.001225647 -0.001872406 -0.003534683 -0.0009503708 -0.001868774 0.00307756 -0.002851105 -0.001865692 0.00258519 -0.001824234 -0.001864075 0.003072861 -0.00160527 -0.001850433 -0.002596115 0.002304062 -0.001849884 0.002596512 0.0006745758 -0.001847717 -0.003547653 0.001707283 -0.001845551 0.00308403 0.0008935852 -0.001843231 -0.006499985 0.003102028 -0.001843231 0.006499985 -0.003102028 -0.001843231 0.006499985 0.003102028 -0.001842407 0.003095352 -0.002852165 -0.001839478 -0.003087662 0.002555122 -0.001834442 0.002607468 -0.001982826 -0.001834229 -0.00260759 -0.0001946564 -0.001831451 -0.006499985 -0.003103882 -0.001827606 0.003094681 -0.002232513 -0.001825897 0.003558945 0.001271812 -0.001820221 -0.003099014 5.638123e-05 -0.001818573 -0.003562668 -0.00325 -0.001818207 -0.003561966 -0.0007910767 -0.001818085 -0.0035616 0.001708916 -0.001817719 -0.003560867 -0.0009473495 -0.001817566 -0.003560806 0.002802666 -0.001817474 -0.003560379 0.00155265 -0.001817322 -0.003560349 0.0003026505 -0.00181723 -0.003560135 0.0029589 -0.00181723 -0.003559982 -0.0020411 -0.001817169 -0.003559982 -0.002197342 -0.001817078 -0.003559738 0.0004589005 -0.001811981 -0.002621902 -0.0001929779 -0.00181192 -0.002621902 0.0009007797 -0.001811676 -0.002621414 0.002307022 -0.001811279 -0.002621017 -0.00159922 -0.001811249 -0.002620834 -0.0003492279 -0.001811096 -0.002620712 0.001057022 -0.001811005 -0.00262056 -0.00144297 -0.001811005 -0.002620529 0.002150772 -0.001801025 -0.003360764 0.00306292 -0.001800934 -0.003110275 -0.00244236 -0.001799469 -0.003572342 -0.0007900009 -0.001799469 0.002631729 0.0005145798 -0.001797119 0.003573593 -0.001386002 -0.001789551 -0.002638443 0.0009025574 -0.001786743 0.003118484 0.0002649994 -0.001777252 -0.002831741 -0.002593971 -0.001775391 0.003584396 0.001112831 -0.001773315 -0.006253433 0.00325 -0.001773315 0.006253433 -0.00325 -0.001773315 0.006253433 0.00325 -0.001773132 0.002648422 -0.0005810547 -0.001773071 0.00264827 0.0005127106 -0.001772797 0.002647995 0.001918961 -0.001772491 0.002647446 -0.001987274 -0.00177243 0.002647446 -0.0007372742 -0.001772369 0.002647202 0.0006689758 -0.001772278 0.002647079 -0.001831024 -0.001772247 0.002647079 0.001762726 -0.001767517 -0.003129379 0.0006848068 -0.001765839 0.003589157 -0.00325 -0.001765686 0.00358876 0.001112305 -0.001765625 0.003588699 -0.002481445 -0.00176532 0.003587967 -0.001387703 -0.001764923 0.003587204 0.001268532 -0.001764862 0.003587296 1.85318e-05 -0.001764557 0.003586441 -0.001231483 -0.001764526 0.003586533 -0.002637733 -0.001764496 0.003586472 0.002518517 -0.001764465 0.003586349 -0.0001377335 -0.001764435 0.003586258 0.002362259 -0.001762817 -0.006256393 -0.00325 -0.001760437 -0.003591751 0.002805939 -0.001755676 0.003148148 -0.00285556 -0.001754517 0.003594681 -0.002482048 -0.001753357 -0.002662643 -0.001594658 -0.001752594 0.002663162 -0.0005826035 -0.001745514 0.003141708 0.002762505 -0.0017453 -0.002850693 -0.002592537 -0.00173822 -0.003602585 0.0003071747 -0.00173642 0.002673721 0.001916229 -0.001734131 -0.002675217 0.001063057 -0.001731628 0.003149399 -0.0003633347 -0.001726746 0.003093277 0.002792595 -0.001726532 -0.00360817 0.002964066 -0.001724854 -0.003153091 -0.001812447 -0.001720306 0.00309639 0.002792351 -0.001717438 -0.002685959 -0.001435669 -0.001715942 -0.003613205 -0.002191589 -0.001712616 0.003159775 0.002135521 -0.001711334 -0.003411118 0.003066353 -0.001711029 0.002690079 -0.0007418365 -0.001706451 0.003617752 1.537323e-05 -0.001702332 0.003105118 0.002791664 -0.001702026 -0.003165451 0.001314011 -0.001698853 0.003182755 -0.00285778 -0.001698456 -0.002697983 0.002159508 -0.001682831 0.003175735 -0.000991272 -0.001682373 -0.003175949 -0.001184746 -0.001677612 -0.00363118 0.0004667664 -0.001675262 0.002712479 0.00175563 -0.001672882 -0.002889023 -0.002589394 -0.001663757 0.003637558 -0.002643173 -0.00166153 -0.002720901 -0.0003377151 -0.001660217 -0.003187607 0.00194165 -0.001659241 -0.003639633 0.00325 -0.00165799 0.003640182 0.002512772 -0.001653534 0.002725784 -0.001839645 -0.001647827 -0.003443802 0.003068718 -0.00164151 0.00364769 -0.0001443634 -0.001640594 0.003197739 0.00150618 -0.001637085 0.002735703 0.0006592178 -0.001631683 -0.002738876 0.002320747 -0.00162851 -0.003653488 -0.002030556 -0.001621155 0.002745132 -0.001998138 -0.001619202 0.003657639 0.002354439 -0.001616852 -0.003209824 -0.0005556259 -0.001614746 0.003210892 -0.001620369 -0.001614655 -0.002748978 -0.0001779938 -0.001605347 0.003663742 0.00325 -0.001602081 -0.003665115 0.001564621 -0.001601715 -0.002926651 -0.002586304 -0.001595215 0.003220627 0.0008784561 -0.001594086 0.003240097 -0.002861816 -0.00158493 0.002766251 0.0004993744 -0.001584747 -0.003476334 0.003071075 -0.001584473 0.003672806 -0.001241165 -0.001581757 -0.003227249 0.002571564 -0.001579559 -0.003674911 -0.0009341583 -0.001577515 0.003165665 0.002786919 -0.001576477 0.003229874 -0.002247665 -0.001573486 -0.002772415 0.0009187622 -0.001572876 -0.002771255 -0.0001750031 -0.001572784 -0.002771225 -0.001581245 -0.001572693 -0.002770859 0.002324997 -0.00157254 -0.002770798 0.001074997 -0.001572418 -0.002770523 -0.001425011 -0.001572418 -0.002770432 -0.0003312683 -0.001572327 -0.00277037 0.002168739 -0.001567871 -0.002775894 0.0009191818 -0.001561798 -0.003236954 7.279205e-05 -0.001558044 -0.003490067 0.00307206 -0.001554291 -0.003685654 0.00172345 -0.001550415 0.003263962 -0.002863503 -0.001541809 -0.003246536 -0.002425972 -0.001536011 0.002793686 -0.000597702 -0.001535065 0.00369371 0.001256195 -0.001533295 0.003250595 0.0002497482 -0.001532501 0.002795456 -0.0005979462 -0.001532288 0.00279509 0.001902054 -0.00153183 0.002794327 -0.0007542038 -0.001531738 0.002793961 0.0004957657 -0.001531464 0.002793594 0.001745781 -0.001531433 0.002793442 -0.002004242 -0.001531372 0.00279335 0.0006520081 -0.001531372 0.002793381 -0.001847984 -0.001530029 -0.002796951 -0.001578072 -0.001519165 0.002802902 0.001901146 -0.001514771 -0.002967392 -0.002582634 -0.001510559 0.003284286 -0.002865028 -0.001509766 -0.002807938 0.001079628 -0.001507355 -0.00326265 0.0007011414 -0.001504669 -0.003706192 -0.0007739029 -0.001504639 0.003706223 -0.00140168 -0.001503662 0.003287582 -0.002865288 -0.001496582 -0.003709488 -0.00325 -0.00149649 -0.003709152 -0.0007734756 -0.001496094 -0.003708298 0.002820267 -0.00149588 -0.003707565 0.001726494 -0.001495819 -0.003707657 0.0003202515 -0.001495697 -0.003707382 0.002976494 -0.001495667 -0.003707016 -0.0009297638 -0.001495605 -0.003707138 -0.002179756 -0.001495514 -0.003706711 0.001570236 -0.001495392 -0.003706619 0.0004764786 -0.001495392 -0.003706497 -0.002023514 -0.001492737 0.002817032 -0.0007569046 -0.001492371 -0.002817215 -0.001419121 -0.001489746 0.003270767 0.002747147 -0.001481842 0.003715378 0.001097107 -0.001474915 0.003277481 -0.0003787384 -0.001472687 -0.00282756 0.002176033 -0.001464386 -0.003722275 0.002821976 -0.001463959 0.003214157 0.002782608 -0.001463226 -0.0032827 -0.001796173 -0.001460144 0.003723984 -0.002497795 -0.001455292 0.002836563 0.001740555 -0.001454956 -0.002995438 -0.002580109 -0.001454865 0.003286423 0.002120064 -0.001441742 0.003731155 -0.00325 -0.001441589 -0.003731186 0.0003231812 -0.001441498 0.003730423 -0.002498787 -0.001441254 0.003730026 1.205444e-06 -0.001441223 0.003729721 0.001094955 -0.001440979 0.003729111 -0.001405052 -0.001440765 0.003728867 -0.002655067 -0.001440735 0.003728531 0.001251183 -0.001440735 0.003728775 0.002501183 -0.001440643 0.00372847 -0.0001550674 -0.001440552 0.003728104 -0.001248817 -0.001440552 0.003728226 0.002344933 -0.001439514 -0.003293167 0.001330254 -0.001434204 -0.002847275 -0.0003212433 -0.001432343 0.002848221 -0.001854744 -0.001429779 -0.003735733 0.002980049 -0.001427856 -0.003006546 -0.002579002 -0.001425415 0.003230667 0.002781143 -0.001423676 0.003300064 -0.001006798 -0.00141925 -0.003301956 -0.001168533 -0.001418793 -0.003739944 -0.002175629 -0.001416992 0.00323381 0.002780823 -0.001415039 0.002856857 0.0006440811 -0.001409851 0.003743301 -4.730225e-07 -0.001403107 -0.002862717 0.002337189 -0.001401581 -0.003561844 0.003077698 -0.001398407 0.002865067 -0.00201329 -0.001396545 -0.0033116 0.001957825 -0.001385406 -0.002871353 -0.0001615753 -0.0013797 -0.003754501 0.0004826584 -0.001379272 0.003318863 0.001490562 -0.001368347 -0.003575302 0.00307885 -0.001365021 0.003759872 -0.002659103 -0.001360107 0.002883438 0.0004841156 -0.001359161 0.003762009 0.002496841 -0.001357452 0.003356766 -0.00287085 -0.001356018 -0.006499985 0.003169205 -0.001356018 0.006499985 -0.003169205 -0.001356018 0.006499985 0.003169205 -0.001351959 -0.003330063 -0.0005395203 -0.001351929 0.003330093 -0.001636055 -0.001347504 -0.006499985 -0.003170212 -0.001341797 0.003768234 -0.0001603317 -0.001337097 -0.00289415 0.0009355164 -0.001331451 0.003338333 0.0008627243 -0.001331055 -0.003772018 0.00325 -0.001329498 -0.003772568 -0.002014748 -0.001327423 -0.006362991 0.00325 -0.001327423 0.006363022 -0.00325 -0.001327423 0.006363022 0.00325 -0.001322205 -0.002900314 0.0009365082 -0.001322021 -0.002900009 -0.001563484 -0.001321716 -0.002899429 0.001092751 -0.001321625 -0.002899002 -0.0001572571 -0.001321533 -0.002899002 -0.001407257 -0.001321472 -0.002898697 0.002342735 -0.001321411 -0.002898697 0.002186485 -0.00132135 -0.002898483 -0.0003135147 -0.001319458 -0.006364639 -0.00325 -0.001318512 0.003776443 0.002338432 -0.001315765 -0.003344559 0.002587601 -0.001311981 0.003346054 -0.002263428 -0.001308319 0.002907303 -0.0006131134 -0.00130545 0.003378494 -0.00287281 -0.001305206 -0.003056992 -0.002573982 -0.001302368 -0.003782028 0.001580399 -0.001297974 -0.002911911 -0.001561806 -0.001295288 -0.003352493 8.880615e-05 -0.001290527 0.002915237 0.001885689 -0.001282532 0.003788834 -0.001257225 -0.001279358 -0.003789841 -0.0009184265 -0.001279327 0.002919662 0.001884941 -0.001279205 0.002919479 -0.0007713089 -0.001279083 0.002919052 -0.0006150665 -0.001278717 0.002918411 0.001728661 -0.001278595 0.002917923 0.0004786606 -0.001278564 0.002917984 -0.001865097 -0.001278473 0.00291774 -0.002021347 -0.001278473 0.002917801 0.000634903 -0.001276917 -0.002921188 0.001095879 -0.001275269 0.003791275 0.00325 -0.001274933 -0.003613113 0.0030821 -0.00127478 -0.003360367 -0.002409996 -0.00127063 0.003288345 0.002775291 -0.001266754 0.003363419 0.000233902 -0.001262848 0.002927322 -0.0007724152 -0.001258942 -0.00292897 -0.001402901 -0.001253815 -0.003798416 0.00173912 -0.001242401 -0.00307933 -0.00257148 -0.001242065 -0.003626419 0.003083237 -0.001239655 -0.003373489 0.0007170334 -0.0012388 -0.002937576 0.0021922 -0.001236908 0.00340715 -0.002875389 -0.001231079 0.003805832 0.001240059 -0.00122348 0.002944016 0.001724937 -0.001221252 0.003380203 0.002731216 -0.001205627 0.003385788 -0.0003947067 -0.001203308 -0.003814713 -0.0007583313 -0.001201508 0.003421921 -0.002876724 -0.00119928 0.003815994 -0.001417862 -0.001199249 -0.002953934 -0.0003051529 -0.001199219 0.002953964 -0.00187043 -0.001196625 0.003312027 0.002772507 -0.00119455 -0.003389694 -0.001780373 -0.001184723 0.003393204 0.002104065 -0.001181091 0.002961258 0.0006283569 -0.001177002 -0.003102585 -0.002568886 -0.001175629 0.003823318 0.001080887 -0.001170197 -0.003398178 0.001346016 -0.001167145 -0.002966782 0.002353233 -0.001163757 0.002968124 -0.002029053 -0.001162903 -0.003827225 -0.00325 -0.001162903 -0.003827194 0.002837448 -0.001162598 -0.00382637 0.0003374329 -0.001162506 -0.003825821 -0.0007563171 -0.001162476 -0.003825974 0.002993675 -0.001162354 -0.003825638 -0.002162582 -0.001162201 -0.003827438 0.002837479 -0.00116214 -0.003824661 0.00174366 -0.001162079 -0.003824783 0.0004936523 -0.001162079 -0.003824356 -0.0009126053 -0.001162018 -0.003824203 0.001587395 -0.001161987 -0.003824234 -0.002006355 -0.00115329 0.003830124 -0.00251403 -0.001152496 -0.003111282 -0.002567909 -0.001152344 0.003404312 -0.001022842 -0.001149536 -0.003405258 -0.001152802 -0.001148987 -0.002973831 -0.0001455765 -0.00113913 -0.003834366 0.0003386307 -0.001127289 -0.003837875 0.002995468 -0.001126556 -0.003412918 0.001973495 -0.001123688 0.002983536 0.0004682693 -0.00112207 0.003335831 0.002769699 -0.001115967 -0.003841171 -0.002160217 -0.00111319 0.003338699 0.002769363 -0.001106323 0.003843979 -0.00325 -0.001106232 0.003843765 -1.651001e-05 -0.00110614 0.003419601 0.001474434 -0.001105896 0.0038423 -0.00251651 -0.001105774 0.003842239 -0.002672768 -0.001105743 0.003841751 0.001077232 -0.001105743 0.003842087 0.002483482 -0.001105591 0.003841263 -0.001422775 -0.001105591 0.00384166 -0.0001727753 -0.001105499 0.003841202 0.002327225 -0.001105469 0.003840897 0.001233475 -0.001105408 0.003840836 -0.001266525 -0.001101166 0.003845444 -1.677704e-05 -0.00109967 -0.002992416 0.0009514084 -0.001081818 -0.003682968 0.003088631 -0.001081207 -0.003427536 -0.0005239487 -0.001079529 -0.003683792 0.003088707 -0.001077576 0.003428726 -0.001652237 -0.001076599 -0.003852371 0.0004979782 -0.001069427 0.003003372 -0.0006290817 -0.001060852 -0.003006363 -0.001546074 -0.001060547 -0.003005569 0.001110161 -0.001060455 -0.003005112 0.0009538956 -0.001060333 -0.003005051 -0.001389854 -0.001060211 -0.003004593 0.002203888 -0.00106012 -0.003004166 -0.0001398773 -0.001060059 -0.003004013 0.002360123 -0.001060028 -0.003004044 -0.0002961273 -0.001059631 -0.003006821 -0.00154599 -0.001056335 0.003435349 0.0008465118 -0.001054626 0.003858475 -0.002675461 -0.001050903 0.003009933 0.001869682 -0.001048798 0.003860062 0.002480476 -0.001044281 -0.00343898 0.002603111 -0.001042755 0.003479782 -0.002882645 -0.001038025 -0.003014359 0.001111641 -0.001036224 0.003441452 -0.002279655 -0.001035248 -0.003863693 -0.00325 -0.00103064 0.003864975 -0.0001767273 -0.001025818 -0.003866196 -0.001999542 -0.001023468 -0.003445206 0.0001042557 -0.001022186 0.003019791 -0.0007884674 -0.001019684 -0.003020615 -0.001387177 -0.001016357 0.0030215 -0.0007888565 -0.001016052 0.003020523 0.001867386 -0.001015961 0.003020554 0.001711128 -0.001015869 0.003020035 -0.0006326294 -0.001015778 0.003019913 -0.001882629 -0.001015656 0.003019577 0.000617363 -0.001015625 0.003019272 0.0004611206 -0.001015625 0.003019394 -0.002038887 -0.001006592 0.003871292 0.002322021 -0.001004883 0.003491592 -0.002884041 -0.00100293 -0.003156601 -0.002562126 -0.001002716 -0.00345134 -0.002394592 -0.0009997253 -0.003868912 -0.003246017 -0.0009993286 -0.00302742 0.00220787 -0.0009981689 -0.003873459 0.001595558 -0.0009924622 -0.003874893 0.00325 -0.0009894104 0.003455185 0.0002176056 -0.0009812012 0.003033371 0.001708817 -0.0009748535 -0.003879379 -0.0009032974 -0.000969635 0.003880692 -0.001273666 -0.0009673157 -0.003461441 0.0007323532 -0.0009622803 -0.003166855 -0.0025606 -0.0009590759 -0.003040421 -0.0002895813 -0.0009582825 0.00350621 -0.002885765 -0.0009558716 0.003041428 -0.001886612 -0.0009532776 -0.003722 0.003092834 -0.0009532166 0.003381607 0.002763359 -0.0009490967 -0.003885757 0.001754211 -0.0009423218 0.003468338 0.002714851 -0.0009370117 0.003047318 0.0006121445 -0.0009352112 0.003889145 0.00325 -0.0009263306 -0.003050552 0.002368729 -0.0009260254 0.003472702 -0.0004110947 -0.0009229736 -0.003176773 -0.00255912 -0.0009217224 -0.003473862 -0.001765167 -0.0009208374 0.003389206 0.002762138 -0.00091922 0.003052719 -0.002045288 -0.0009166565 0.003893539 0.001223564 -0.000914093 -0.003733841 0.003094109 -0.0009078674 -0.003056076 -0.0001301117 -0.0009044495 0.003478409 0.002087639 -0.0009031372 0.003393387 0.002761482 -0.000897644 -0.003897964 -0.0007432709 -0.0008968811 -0.003480331 0.001361183 -0.0008837891 0.003901138 -0.001434387 -0.0008829956 -0.006499985 0.00321553 -0.0008829956 0.006499985 -0.00321553 -0.0008829956 0.006499985 0.00321553 -0.0008813477 0.003530258 -0.002888603 -0.000877655 0.003064926 0.0004519806 -0.0008774414 -0.006499985 -0.003215965 -0.000875946 -0.003485672 -0.001137672 -0.000874939 -0.006440842 0.00325 -0.000874939 0.006440842 -0.00325 -0.000874939 0.006440842 0.00325 -0.0008712158 0.003486862 -0.001039284 -0.0008695679 -0.006441574 -0.00325 -0.0008594666 0.00390657 0.001064339 -0.0008580627 -0.00307045 0.0009667206 -0.0008554688 -0.003907455 0.002852554 -0.0008527832 -0.003491409 0.001988586 -0.0008459167 -0.0039095 -0.003240723 -0.0008459167 -0.003196152 -0.002556221 -0.0008412476 -0.003887772 -0.003228043 -0.000836731 0.003911514 -0.002530594 -0.0008317871 -0.003912552 0.0003537216 -0.0008280945 -0.003889359 -0.003226547 -0.0008236694 0.003498398 0.001457947 -0.0008214111 0.00308049 -0.0006454697 -0.0008200684 -0.003915024 -0.00325 -0.0008200684 -0.003915024 0.003010544 -0.0008200378 -0.003914566 0.0003543015 -0.0008200378 0.003410141 0.002758369 -0.0008200073 -0.003914566 -0.002145699 -0.0008199463 -0.003914078 -0.003239441 -0.0008198853 -0.003915054 0.003010559 -0.0008198853 -0.003913742 0.002854309 -0.0008197021 -0.003913284 0.0005105743 -0.0008196716 -0.003912674 -0.000739418 -0.0008194885 -0.003912247 -0.001989403 -0.0008194885 -0.003911972 0.001760597 -0.000819458 -0.00391188 -0.0008956528 -0.0008194275 -0.003911972 0.001604355 -0.0008175659 -0.003081467 -0.001530785 -0.0008149414 -0.003890305 -0.003225037 -0.0008080444 -0.003917526 -0.002145119 -0.0008065491 -0.003502365 -0.0005088959 -0.0008022766 0.003085526 0.001853264 -0.0007955933 -0.003087234 0.001126816 -0.0007940979 0.003505234 -0.00166877 -0.0007909546 -0.003088211 0.001127098 -0.000790863 -0.003087875 -0.001372917 -0.000790802 -0.003087448 -0.001529137 -0.0007907104 -0.003087234 0.002220833 -0.0007905579 -0.003086472 0.0009708786 -0.0007904663 -0.003086349 -0.0002791519 -0.0007904053 -0.003086014 0.002377113 -0.0007904053 -0.003085983 -0.000122879 -0.0007885742 -0.003765762 0.003098206 -0.0007832642 0.003922562 -3.33786e-05 -0.0007769775 -0.003091965 -0.001372055 -0.0007728271 0.003093033 -0.0008049164 -0.0007722778 0.003510117 0.0008299713 -0.0007686462 -0.00351088 0.002618179 -0.0007677612 -0.003925644 0.0005131226 -0.0007622681 0.003926712 -0.00325 -0.000762146 0.003925919 -3.446198e-05 -0.0007620239 0.003925705 -0.00269072 -0.0007619934 0.003925522 0.00246553 -0.0007618713 0.003924942 -0.0001907272 -0.0007618408 0.003924362 -0.00253447 -0.0007617493 0.003923904 0.00105928 -0.0007617493 0.003924332 0.002309273 -0.0007616882 0.003923599 -0.001440727 -0.0007616272 0.003923416 0.00121553 -0.0007616272 0.003923691 -0.001284477 -0.0007564392 -0.003097031 0.002222969 -0.0007518311 0.003514542 -0.002296219 -0.0007473755 -0.003515457 0.0001193466 -0.000745697 -0.003776688 0.003099602 -0.0007452087 0.003099197 0.001693283 -0.0007451477 0.00309874 -0.0008067169 -0.0007449951 0.003097946 0.001849525 -0.0007449951 0.003098373 -0.001900475 -0.0007449036 0.003097549 -0.0006504745 -0.0007449036 0.003097885 0.0005995178 -0.0007448425 0.003097549 -0.002056732 -0.000744751 0.003097153 0.0004432678 -0.0007388611 0.00342659 0.002755333 -0.0007354431 0.003931808 -0.002692108 -0.0007306213 0.003103287 0.001692322 -0.0007296753 0.003932877 0.002463844 -0.0007260437 -0.003519943 -0.002379486 -0.0007173462 0.003573318 -0.0028946 -0.0007154541 -0.003106796 -0.0002745132 -0.0007153625 -0.003935501 -0.001984299 -0.000710907 0.003936356 -0.0001933746 -0.0007044067 0.003109329 -0.001903145 -0.0007037964 0.00352446 0.000201004 -0.0006945801 0.003578171 -0.002895424 -0.0006898193 -0.003527206 0.0007474976 -0.0006882019 -0.003227768 -0.002550346 -0.000686676 -0.003940598 0.001610878 -0.0006863708 0.003940689 0.002305351 -0.0006850586 0.003113663 0.0005955887 -0.0006818237 -0.003114334 0.002383804 -0.0006765137 -0.003229538 -0.002549896 -0.0006702271 0.003583359 -0.002896309 -0.0006669006 0.003117569 -0.002061844 -0.0006664734 -0.003231033 -0.00254953 -0.0006629639 -0.003118393 -0.000115036 -0.0006626282 -0.003944748 -0.0008879318 -0.0006557617 -0.003901962 -0.003206696 -0.0006556091 0.003533768 0.002698219 -0.0006488342 0.003947037 -0.001290344 -0.0006461182 -0.003947433 0.00325 -0.0006427612 -0.003536087 -0.001749916 -0.0006387634 0.00353685 -0.0004277496 -0.0006385803 0.00344191 0.002751595 -0.000636261 -0.003949051 0.001769623 -0.0006242981 0.003126389 0.000435379 -0.0006223145 -0.003802261 0.003103638 -0.0006169739 -0.003540665 0.001376495 -0.0006166992 0.003540756 0.002070984 -0.000611908 -0.003128799 0.0009818726 -0.0005953674 -0.003544357 -0.001122307 -0.0005948486 0.003955521 0.001206871 -0.0005878296 0.003956589 0.00325 -0.0005833435 -0.00395723 -0.0007277527 -0.0005829773 0.003546463 -0.001055962 -0.0005744629 -0.00381218 0.003105209 -0.0005742187 0.003451767 0.002749191 -0.0005717163 -0.003548264 0.00200399 -0.0005701599 -0.003136703 -0.001515541 -0.0005666199 0.003137344 -0.0006621246 -0.0005611877 0.003960464 -0.001451111 -0.0005507813 0.003608841 -0.002900635 -0.0005473022 -0.003140762 0.001142128 -0.0005470276 0.003140823 0.001836601 -0.0005397949 -0.003963394 0.002868156 -0.0005364685 0.003963882 0.001047615 -0.0005344849 0.003554092 0.001441254 -0.0005301819 -0.003964706 -0.003225113 -0.0005299072 -0.00325148 -0.00254438 -0.0005281372 -0.003144028 -0.001356689 -0.0005241089 -0.003555618 -0.0004933853 -0.0005223694 -0.003905624 -0.003191093 -0.0005171509 0.003145889 -0.0008215866 -0.0005155029 -0.003966629 0.0003693619 -0.0005148926 -0.00314592 0.002237892 -0.0005148926 -0.003145706 -0.001355858 -0.0005148315 -0.003145065 0.00114415 -0.00051474 -0.003144485 -0.001512085 -0.000514679 -0.003144638 -0.000262085 -0.0005146179 -0.003143814 0.0009879303 -0.0005145874 -0.003143967 0.002394173 -0.0005145569 -0.003143753 -0.0001058197 -0.0005137939 0.003458084 0.002746941 -0.0005135498 0.003966904 -0.00254731 -0.0005071411 -0.003147507 0.002238365 -0.0005042419 0.003558517 -0.001685493 -0.000503418 -0.003968185 0.003026215 -0.0004911499 -0.003969711 -0.002129425 -0.0004888306 -0.00382692 0.003108017 -0.0004855957 -0.003827377 0.003108124 -0.0004850159 -0.003561142 0.002633781 -0.0004828186 -0.003906723 -0.003186462 -0.0004820251 0.003561569 0.0008132401 -0.0004741211 0.003152664 0.001675621 -0.0004708862 -0.003972183 -0.00325 -0.0004707947 -0.00397142 -0.002128403 -0.0004707642 -0.003970993 0.003027847 -0.0004707336 -0.00397142 0.0005278473 -0.0004707336 -0.003970596 0.0003715973 -0.0004706726 -0.00397023 -0.003222145 -0.0004706421 -0.003969986 0.002871613 -0.0004705505 -0.003969894 -0.001972137 -0.0004705505 -0.003969193 -0.0007221298 -0.0004704895 -0.003969345 0.00162162 -0.0004704895 -0.003968948 0.001777878 -0.000470459 -0.00396907 -0.0008783722 -0.0004684753 0.003153275 0.001675255 -0.0004683533 0.003152695 -0.001918495 -0.0004683228 0.003151871 -0.0008247375 -0.0004682617 0.003152084 0.0005815048 -0.0004682007 0.00315126 0.001831512 -0.0004681702 0.003150986 -0.0006684952 -0.0004681702 0.003151657 -0.002074745 -0.0004681091 0.003150955 0.0004252625 -0.0004649353 -0.003154007 -0.0002590103 -0.0004631653 -0.003564072 0.0001349869 -0.0004631042 -0.003906631 -0.003184135 -0.0004614258 0.003564316 -0.002312943 -0.0004592896 0.003973557 -5.010986e-05 -0.0004500122 -0.003974594 0.0005288773 -0.0004472961 0.003156601 -0.001919861 -0.0004412842 -0.003566849 -0.0023638 -0.0004302368 -0.003158951 0.002399406 -0.0004275818 0.003159317 0.0005788574 -0.0004189758 -0.006499985 0.00324221 -0.0004189758 0.006499985 -0.00324221 -0.0004189758 0.006499985 0.00324221 -0.0004181213 -0.006486526 0.00325 -0.0004180908 0.006486557 -0.00325 -0.0004180908 0.006486557 0.00325 -0.0004162292 -0.006499985 -0.003242317 -0.0004153748 -0.006486679 -0.00325 -0.0004126892 0.003570267 0.0001842728 -0.0004122314 0.003978622 -0.002708778 -0.0004122314 0.003978714 -0.00325 -0.0004122009 0.003978409 0.002447479 -0.0004121094 0.003977066 -5.251312e-05 -0.0004120789 0.003977707 -0.0002087708 -0.0004119873 0.003975815 -0.002552513 -0.0004119873 0.003976944 0.002291229 -0.0004119263 0.003975571 0.001041237 -0.0004118958 0.003975388 -0.001458771 -0.0004118958 0.003976059 -0.001302521 -0.0004118652 0.003975418 0.001197479 -0.0004108582 -0.003161514 -9.938812e-05 -0.000410614 0.003978867 -0.002708855 -0.0004093018 0.003161728 -0.002078568 -0.0004093018 0.003469009 0.002743057 -0.0004050598 -0.003906296 -0.003177261 -0.0004049683 0.003979477 0.002447098 -0.0004043274 -0.003571213 0.0007632446 -0.0004038696 -0.003264053 -0.002539581 -0.0003964233 -0.003980301 -0.001968452 -0.000387146 -0.003265732 -0.00253894 -0.0003858032 0.003981369 -0.0002101288 -0.0003817444 0.003636734 -0.0029067 -0.0003768616 0.003637375 -0.002906876 -0.0003753967 0.003637558 -0.002906929 -0.0003710632 -0.003267288 -0.00253833 -0.0003669128 -0.003983109 0.00162677 -0.0003660583 0.003167038 0.0004186401 -0.0003638611 0.003575577 0.00268148 -0.0003609924 0.003983688 0.002288597 -0.0003586731 -0.003167862 0.0009976196 -0.0003561707 -0.00357634 -0.001734077 -0.000353363 0.003472183 0.002740982 -0.0003466492 0.003577316 -0.0004444962 -0.0003423462 -0.003985336 -0.0008720016 -0.0003296814 -0.003578873 0.001392395 -0.0003243103 0.003579391 0.002054222 -0.0003232422 0.003986923 -0.001307083 -0.0003159485 -0.003172409 -0.001499702 -0.0003157654 -0.003850754 0.003113708 -0.0003156433 -0.003987503 0.001785583 -0.0003075867 -0.003580856 -0.001106377 -0.0003074951 0.003173264 -0.0006788788 -0.0003051758 0.003646683 -0.002909424 -0.0002947083 -0.00398912 0.00325 -0.0002924194 -0.003174637 0.001158028 -0.0002904358 0.003582321 -0.001072701 -0.0002876892 0.003175095 0.001819855 -0.0002846985 -0.003853653 0.003114731 -0.0002835999 -0.00358284 0.002019958 -0.0002728577 -0.003176407 -0.001340752 -0.0002687683 0.003990982 0.00119014 -0.0002616882 -0.00399144 -0.0007117081 -0.0002576294 0.003177689 -0.0008383255 -0.0002515869 -0.003178146 0.002254341 -0.0002441711 0.003478409 0.002736938 -0.0002414856 0.003585922 0.001424507 -0.0002358398 0.003993057 0.00325 -0.0002351074 -0.003586319 -0.0004773331 -0.0002348633 -0.003178787 0.002255394 -0.0002348328 -0.003178085 -0.001338356 -0.0002348022 -0.003178482 -0.0002445984 -0.0002348022 -0.003177597 0.001161659 -0.0002347717 -0.003177139 -0.001494583 -0.0002347107 -0.003177536 0.002411667 -0.0002347107 -0.003176804 0.001005424 -0.0002346802 -0.00317717 -8.833313e-05 -0.0002346802 0.003993118 -0.00146785 -0.0002326355 -0.003899673 -0.003156616 -0.0002171936 -0.003994095 0.00288427 -0.0002142029 0.003180923 0.00165889 -0.000211792 -0.003275345 -0.002532204 -0.0002108765 0.003587875 -0.001702232 -0.0002097778 0.003994522 0.001030884 -0.0002085571 -0.003181259 -0.0002429581 -0.0002076111 -0.003994583 -0.003208992 -0.0002055054 0.003478745 0.002735504 -0.0002026062 -0.003897141 -0.003152954 -0.0001951599 -0.00358876 0.002649902 -0.0001924744 -0.003995377 0.0003855209 -0.0001885071 0.003589127 0.0007965088 -0.0001879883 0.00318251 -0.001936546 -0.0001879578 0.003181595 0.001657211 -0.0001878967 0.003180466 -0.0008427811 -0.0001878967 0.003181778 0.0005634613 -0.0001878662 0.003180038 0.001813469 -0.0001878662 0.003181198 -0.002092789 -0.0001878357 0.003179886 -0.0006865311 -0.0001878052 0.003180252 0.0004072113 -0.0001870422 0.003182602 -0.001936607 -0.0001869202 0.003995651 -0.002564034 -0.0001804199 -0.003995895 0.003042374 -0.0001744385 -0.003863815 0.00311837 -0.0001730957 -0.003183365 0.002415527 -0.0001729431 -0.00358989 0.0001511459 -0.0001679382 0.003590134 -0.002329659 -0.0001677246 -0.003996475 -0.002113235 -0.0001672058 0.003183701 0.0005621262 -0.0001534119 -0.003184402 -8.323669e-05 -0.0001507263 -0.003590897 -0.002347618 -0.0001489868 0.003184647 -0.002095284 -0.0001421204 -0.003866837 0.003119438 -0.0001375122 -0.003275467 -0.002529312 -0.0001366882 0.003662857 -0.002915398 -0.0001324158 0.003997818 -6.680298e-05 -0.0001261902 -0.003998001 0.000545105 -0.000118988 0.003592087 0.0001675644 -0.000117981 -0.003998245 -0.00325 -0.000117981 -0.00399794 0.000545517 -0.000117981 -0.003996536 -0.002110718 -0.000117981 -0.00399617 0.003045532 -0.0001179504 -0.003995895 0.0003892899 -0.0001179504 -0.003995621 -0.00320446 -0.0001179504 -0.003995438 0.002889282 -0.0001178894 -0.003996658 -0.00195446 -0.0001178894 -0.00399498 -0.0007044601 -0.0001178589 -0.003995865 0.00163929 -0.0001178589 -0.003995438 -0.0008607025 -0.0001178589 -0.003995102 0.001795547 -0.0001148682 -0.003889755 -0.003142273 -0.0001133728 -0.00359227 0.0007794724 -0.0001055298 0.003186356 0.0004019394 -0.0001005554 -0.003186508 0.001013855 -9.664917e-05 -0.003275528 -0.002527725 -8.343506e-05 0.00399913 -0.002725548 -7.897949e-05 0.003479935 0.00273082 -7.791138e-05 0.003999252 0.002430428 -7.641602e-05 0.003665817 -0.002917503 -7.189941e-05 -0.003999344 -0.001952156 -7.000732e-05 0.003593369 0.002664803 -6.781006e-05 0.003479507 0.002730408 -6.460571e-05 -0.00359346 -0.001717781 -6.109619e-05 -0.003885208 -0.003135719 -5.899048e-05 0.003997269 -7.051849e-05 -5.899048e-05 0.003998672 -0.002726776 -5.899048e-05 0.003998825 0.002429474 -5.899048e-05 0.003999557 -0.0002267838 -5.899048e-05 0.003999588 -0.00325 -5.895996e-05 0.003996231 0.001023239 -5.895996e-05 0.003996384 -0.002570511 -5.892944e-05 0.003996231 -0.001476768 -5.892944e-05 0.003998642 0.002273216 -5.889893e-05 0.003996506 0.001179482 -5.889893e-05 0.003997482 -0.001320526 -5.853271e-05 0.003999588 -0.0002268066 -5.728149e-05 -0.003187576 -0.001483406 -5.404663e-05 0.003666916 -0.002918289 -5.26123e-05 0.003593674 -0.0004611816 -5.218506e-05 -0.003275589 -0.002526001 -4.666138e-05 0.003187759 -0.0006955643 -4.18396e-05 -0.003999771 0.001643112 -3.756714e-05 -0.003593857 0.001408737 -3.369141e-05 0.003999893 0.002271935 -3.33252e-05 -0.003187912 0.001174362 -3.027344e-05 0.003593948 0.00203756 -2.682495e-05 0.003188004 0.001803185 -1.699829e-05 -0.003999954 -0.0008556366 -1.525879e-05 -0.003594009 -0.001090012 -1.35498e-05 -0.003188065 -0.001324379 3.051758e-08 -0.006499985 -0.00325 3.051758e-08 -0.006499985 0.00325 3.051758e-08 0.006499985 -0.00325 3.051758e-08 0.006499985 0.00325 3.082275e-06 0.003188126 -0.0008549652 3.479004e-06 0.00359407 -0.001089348 3.875732e-06 0.003999985 -0.001323723 7.8125e-06 -0.003188095 0.002270721 8.81958e-06 -0.003594009 0.002036354 9.82666e-06 -0.003999985 0.001801971 3.204346e-05 -0.003875046 0.003125198 3.207397e-05 0.003671188 -0.00292131 4.641724e-05 0.003187759 0.001642281 4.696655e-05 -0.003186386 0.002273216 4.696655e-05 -0.003185837 -0.001320526 4.696655e-05 -0.003185471 0.001179482 4.696655e-05 -0.003185196 -0.001476768 4.702759e-05 -0.003185135 0.001023239 4.705811e-05 -0.003187576 -0.0002267838 4.705811e-05 -0.003186356 0.002429482 4.705811e-05 -0.003185837 -7.051849e-05 5.12085e-05 -0.003187668 -0.0002265167 5.233765e-05 0.003593674 0.001407906 5.718994e-05 -0.003875107 0.003126038 5.773926e-05 -0.003593582 -0.0004608917 5.825806e-05 0.003999588 0.001173531 5.899048e-05 -0.003999527 0.00325 6.427002e-05 -0.003999466 -0.0006952667 7.369995e-05 0.003187271 -0.001953194 8.306885e-05 0.003593094 -0.001718819 8.624268e-05 0.003473648 0.002724724 8.709717e-05 -0.003186905 0.002432014 9.246826e-05 0.003998947 -0.001484444 9.344482e-05 0.003186752 0.0005455551 9.393311e-05 0.003184311 -0.0008607025 9.396362e-05 0.003184097 -0.0007044601 9.396362e-05 0.003184097 0.001795547 9.396362e-05 0.003185135 0.00163929 9.399414e-05 0.003185989 -0.001954468 9.402466e-05 0.00318483 0.0003892899 9.405518e-05 0.003186081 -0.002110725 9.405518e-05 0.003186691 0.000545517 9.820557e-05 -0.003592697 0.002666397 0.0001024475 0.003472275 0.002724129 0.0001053467 0.003592514 0.0007799301 0.0001069641 -0.003186295 -6.671906e-05 0.000109314 -0.003998489 0.002900764 0.0001095276 -0.003863052 -0.003114601 0.0001114502 0.003186142 -0.002111832 0.0001146851 -0.003862137 -0.003113953 0.000117218 0.003998306 0.001014305 0.000117981 0.003998276 0.00325 0.0001187439 -0.003998215 -0.003192505 0.0001193542 -0.003267044 -0.002519264 0.000120575 -0.003592026 0.0001676559 0.0001256409 0.003591843 -0.002346207 0.0001299438 -0.003265976 -0.002518837 0.0001341858 -0.003997757 0.0004020309 0.0001398315 0.003997543 -0.002580582 0.0001416931 -0.00387532 0.003128845 0.0001429138 -0.003591202 -0.002331085 0.0001461182 -0.003997299 0.003058884 0.0001546631 0.003184372 0.000385437 0.0001590576 -0.003996841 -0.002096703 0.0001599121 -0.003184097 0.001030411 0.0001743469 0.003589828 0.000151062 0.0001802673 -0.003589523 0.0007960358 0.0001824036 -0.003182877 0.002438103 0.0001925049 -0.003259659 -0.002516357 0.0001940308 0.003995285 -8.331299e-05 0.0002006226 -0.003994949 0.0005616608 0.0002009888 0.003671707 -0.002927185 0.0002033386 -0.003181595 -0.001466805 0.0002066345 -0.003875473 0.003130997 0.0002132568 0.003180984 -0.0007120056 0.0002151794 0.003462631 0.002719978 0.0002229614 0.003587143 0.002648346 0.0002232971 0.0036707 -0.002927948 0.0002268677 -0.003842331 -0.003099831 0.0002275085 -0.003179977 0.001190987 0.0002292175 -0.003586716 -0.001701187 0.0002328796 0.003179611 0.001786766 0.0002356262 -0.003990158 0.0004072113 0.0002356262 -0.003989944 -0.003186539 0.0002356262 -0.003989853 0.002907219 0.0002356567 -0.003990616 -0.002092781 0.0002356567 -0.003990372 0.003063469 0.0002356567 -0.00398967 -0.0006865311 0.0002357178 -0.003990189 0.001813469 0.0002357483 -0.003991745 0.0005634613 0.0002357788 -0.003990646 -0.0008427811 0.0002358093 -0.003991318 0.001657211 0.0002358398 -0.003992294 -0.001936539 0.0002358704 -0.003993057 -0.00325 0.0002404175 0.003586014 -0.000477623 0.0002428894 0.00399263 -0.002742012 0.0002473145 -0.003178482 -0.001307747 0.0002481384 0.003992325 0.002413971 0.0002513428 0.003459549 0.002718651 0.000255127 -0.003991837 -0.001935562 0.0002564697 -0.003584885 0.001425362 0.0002623596 0.003177292 -0.0008713455 0.0002625427 0.003584457 0.002021133 0.0002675476 0.003991043 -0.000243248 0.0002685242 -0.003176773 0.002287369 0.0002710571 0.003668655 -0.002929588 0.0002766724 0.00345668 0.00271772 0.0002787781 -0.003583206 -0.001073364 0.0002791748 -0.003833084 -0.003093246 0.0002802734 -0.003250778 -0.002512871 0.0002854309 -0.003989792 0.001659737 0.0002922058 0.003989334 0.002255508 0.0002944641 0.003985886 -0.002588326 0.0002944641 0.003986343 -8.833313e-05 0.0002944946 0.003985886 0.001005424 0.0002945251 0.003986038 -0.001494583 0.0002945557 0.003987381 -0.002744591 0.0002945557 0.003987534 0.002411652 0.0002945862 0.003986526 0.001161659 0.0002946167 0.003988144 -0.0002445984 0.0002946777 0.003987869 -0.001338356 0.0002947083 0.003989029 0.002255394 0.0002947388 0.003989151 -0.00325 0.0002957764 0.003581863 -0.001105713 0.0003027344 -0.003581253 0.002052994 0.0003052368 0.003173447 0.001625977 0.0003103027 -0.003987961 -0.0008389893 0.0003118896 -0.003172806 -0.0002098465 0.0003282776 -0.003168594 0.001197479 0.0003282776 -0.003168442 -0.001458771 0.0003283081 -0.003168839 -0.001302521 0.0003283386 -0.003169205 0.002291229 0.0003283386 -0.003168686 0.001041237 0.0003284607 -0.003169754 -5.251312e-05 0.0003284912 -0.003170456 -0.0002087708 0.0003285828 -0.003171127 0.002438103 0.0003291931 0.003986435 -0.001340088 0.0003308716 -0.003192947 0.002460289 0.0003323059 0.003170761 -0.001969475 0.0003369141 -0.003985764 0.001818619 0.0003418274 -0.00319368 0.002461922 0.0003440857 0.00357756 0.001391594 0.0003506165 -0.003193832 0.002463226 0.0003516235 -0.003576797 -0.0004442215 0.0003518066 0.003168625 0.0005293045 0.0003676147 -0.003166824 -5.000305e-05 0.0003693848 0.003166641 -0.002128044 0.0003699646 0.003664352 -0.002932991 0.0003746033 0.003574478 -0.0017351 0.000375 0.003163406 -0.0008783722 0.0003750305 0.003163376 0.001777878 0.0003750305 0.003163895 0.00162162 0.000375061 0.003163528 -0.0007221298 0.0003751221 0.003164536 -0.001972145 0.0003751831 0.003165085 0.0005278473 0.0003752136 0.003164658 0.0003715973 0.0003752747 0.003165726 -0.00212841 0.0003815308 -0.003868057 0.003136818 0.0003829651 0.003981644 0.001157219 0.0003913269 -0.003980789 -0.0006785965 0.0003921509 -0.003572586 0.00268309 0.000395752 -0.003233322 -0.002508232 0.0003966064 0.003572128 0.0007636795 0.0004006348 -0.003866348 0.003137459 0.0004075623 0.003438217 0.002712921 0.0004119568 0.003161392 0.0003693008 0.0004122314 -0.003978683 0.00325 0.0004144287 -0.003570053 0.0001843643 0.0004164124 0.00356987 -0.002362419 0.0004169312 0.003978226 -0.001500725 0.0004181213 -0.006486526 -0.00325 0.0004181213 -0.006486526 0.00325 0.0004181213 0.006486557 -0.00325 0.0004181213 0.006486557 0.00325 0.0004189758 -0.006499985 -0.00324221 0.0004189758 -0.006499985 0.00324221 0.0004189758 0.006499985 -0.00324221 0.0004189758 0.006499985 0.00324221 0.000420166 -0.003160263 0.001047127 0.0004260254 -0.003800186 -0.00307444 0.0004364319 -0.00397612 0.002917473 0.000436676 -0.003567398 -0.002314354 0.000439209 -0.00322673 -0.0025065 0.000440918 0.003433517 0.0027117 0.0004413757 0.003975601 0.0009980545 0.0004456787 -0.003975082 -0.003175804 0.0004477234 -0.003795334 -0.003071663 0.0004597778 -0.00386116 0.003139435 0.0004612427 -0.003973312 0.0004187393 0.0004632874 -0.003154251 -0.001450073 0.0004634399 0.003973068 -0.002596794 0.000464386 0.003563919 0.0001349258 0.0004696655 0.003153305 -0.0007280502 0.0004708862 0.003972183 0.00325 0.0004729309 -0.003971939 0.003075592 0.0004736633 -0.003562698 0.0008127594 0.0004782104 -0.003218826 -0.002504913 0.0004859924 -0.003970352 -0.002079987 0.0004874268 -0.00315062 0.001207733 0.0004889526 0.003150406 0.001770752 0.0004928894 0.00342366 0.002709801 0.0005007019 -0.003196487 0.002485466 0.0005070801 -0.003147507 -0.001290993 0.0005121765 0.003557388 0.002632278 0.0005168457 0.003966476 -9.945679e-05 0.0005177002 0.003145798 -0.0008872833 0.0005209656 0.003650803 -0.002938141 0.0005223083 -0.003555862 -0.001684456 0.0005271606 -0.003965103 0.0005783844 0.0005279236 -0.003144058 0.002304108 0.00052948 0.003554855 -0.0004936752 0.0005388794 0.003649185 -0.002938751 0.000549469 -0.003551804 0.001442108 0.0005512085 0.003551529 0.002005127 0.0005566711 -0.003852646 0.003142662 0.0005592651 -0.003764938 -0.003057129 0.0005596619 0.003138596 0.001610107 0.000565033 0.003959915 -0.002758095 0.0005700073 0.003959213 0.002397903 0.0005708313 -0.003136581 -0.0001931 0.0005716248 -0.003548294 -0.001056618 0.0005812683 -0.003957504 -0.001918831 0.0005836182 0.003546341 -0.001121658 0.0005863037 0.003133743 -0.001985291 0.0005873413 -0.003953415 0.0004252625 0.0005873413 -0.003953293 -0.003168488 0.0005873413 -0.003953262 0.002925255 0.0005873718 -0.00395369 -0.002074745 0.0005873718 -0.003953537 0.003081505 0.0005874023 -0.003953384 -0.0006684952 0.0005874939 -0.003954544 0.0005815048 0.0005875549 -0.003954178 0.001831512 0.000587616 -0.00395488 -0.0008247375 0.000587738 -0.003955643 0.001675255 0.0005877686 -0.003956284 -0.001918495 0.0005878296 -0.003956558 -0.00325 0.0005892639 0.003956375 -0.0002593002 0.0005951538 -0.003544418 0.00206974 0.0005960388 0.003641373 -0.002940689 0.0005960693 -0.003194992 -0.002500137 0.0006027527 0.003402817 0.002705788 0.0006053467 0.003130142 0.0005135345 0.0006070251 -0.00312706 0.00121553 0.0006070557 -0.003127182 -0.001284477 0.0006070557 -0.00312709 -0.001440727 0.0006070862 -0.003127426 0.002309273 0.0006071777 -0.003127548 0.00105928 0.0006072693 -0.003128403 -0.0001907272 0.0006074524 -0.003128952 -3.446198e-05 0.0006075745 -0.003129684 0.002438103 0.0006115723 -0.003952957 0.001676491 0.0006134644 0.003952713 0.002239502 0.0006150818 -0.003749741 -0.003049858 0.0006187744 -0.003192703 0.002502831 0.0006199036 -0.003192673 0.002502998 0.0006223755 0.003126755 -0.002143776 0.0006259766 -0.003126022 -3.326416e-05 0.0006309204 0.003538254 0.001375732 0.0006362 -0.003949081 -0.0008222427 0.0006435242 -0.003535965 -0.0004274826 0.0006455994 0.003944412 -0.0001058197 0.0006456604 0.003944351 -0.00260582 0.0006456909 0.003944534 0.0009879303 0.0006456909 0.003945084 -0.002762077 0.0006457214 0.003945206 0.002394165 0.000645752 0.003944901 -0.001512085 0.0006457825 0.003945633 -0.000262085 0.000645874 0.003945602 0.001144157 0.0006459045 0.003946335 0.002237907 0.0006460876 0.003947342 -0.001355865 0.0006461182 0.003947495 -0.00325 0.0006495361 0.003946915 -0.001356041 0.0006531372 0.003117905 -0.0008956528 0.0006531372 0.003118057 0.001604347 0.0006531982 0.003118149 0.00176059 0.0006531982 0.003118454 -0.00198941 0.0006532898 0.003118423 -0.000739418 0.0006532898 0.003118851 0.0005105743 0.0006534119 0.003119308 -0.002145683 0.000653595 0.00312001 0.0003543015 0.0006572571 -0.003179459 -0.002497635 0.0006589661 -0.003191422 0.002508743 0.0006609497 0.003532761 -0.001750916 0.000662384 -0.003944778 0.001835365 0.0006638794 0.00311824 0.0003536682 0.0006776123 -0.00311525 0.001063858 0.0006824036 0.003528671 0.0007479095 0.0006837158 -0.003528397 0.002699837 0.0007016296 0.003524918 -0.002378151 0.000702179 0.003937881 0.001141357 0.0007056885 -0.003524063 0.0002011108 0.00070755 0.003377792 0.002701965 0.0007077026 0.003626053 -0.002944458 0.0007161865 -0.003935349 -0.0006618576 0.0007200012 -0.003105698 -0.00143338 0.0007201843 0.003105698 -0.0007435608 0.0007276001 -0.003519608 -0.002297623 0.0007281799 -0.003713272 -0.003034851 0.0007319336 -0.003829178 0.003148529 0.0007355957 0.003931778 -0.001516541 0.0007389221 0.003101303 0.001755295 0.000742981 -0.003827347 0.003148903 0.0007438354 -0.003100113 0.001224442 0.0007483826 0.003515305 0.0001192856 0.0007507629 -0.003155716 -0.002493797 0.0007582703 -0.003153397 -0.002493492 0.000759491 0.003927261 0.0009822769 0.0007609253 -0.003926956 0.002934212 0.0007620239 0.003364792 0.002699982 0.0007622681 -0.003926682 0.00325 0.0007630615 0.003364487 0.002699944 0.000763092 -0.003095413 -0.0012743 0.0007638855 -0.003511917 0.0008294754 0.0007667236 0.003094559 -0.0009026642 0.0007698669 -0.003925217 -0.003159073 0.0007767944 -0.00382164 0.003150032 0.0007808838 0.00392305 -0.002612518 0.0007810974 -0.003696182 -0.003027824 0.0007834167 -0.003090317 0.002320778 0.0007854004 -0.003922104 0.0004354858 0.0007949219 0.003505051 0.002616745 0.0007967224 -0.003919846 0.003092331 0.0008074341 0.003084183 0.001594833 0.0008098145 -0.00391716 -0.00206324 0.000811676 -0.003501175 -0.001667747 0.0008118896 0.003501175 -0.0005091858 0.000813446 0.003606491 -0.002947998 0.0008165283 -0.003178513 0.002531731 0.000817627 -0.003814774 0.003151405 0.0008201294 0.003915024 0.00325 0.0008253784 -0.003079391 -0.0001764679 0.0008329163 0.003912308 -0.0001150894 0.0008330078 0.003496201 0.001989662 0.0008333435 0.003077255 -0.002000511 0.000838562 -0.003494827 0.001458809 0.0008501587 -0.003908615 0.0005951004 0.0008518372 0.00307222 0.0004983597 0.00086026 -0.003489578 -0.001039925 0.0008643494 0.003488602 -0.001137047 0.0008682251 0.003067612 -0.002158897 0.0008749695 -0.006440842 -0.00325 0.0008749695 -0.006440842 0.00325 0.0008749695 0.006440842 -0.00325 0.0008749695 0.006440842 0.00325 0.0008762817 0.003594833 -0.002950096 0.000879425 -0.003064407 -1.665497e-05 0.0008800659 -0.003659897 -0.003014488 0.0008800659 0.003902023 -0.002773651 0.0008810425 -0.003061172 -0.001266525 0.000881073 -0.003061295 0.002327225 0.000881073 -0.003061172 0.001233475 0.000881134 -0.003061356 -0.001422775 0.0008812561 -0.003061966 -0.0001727753 0.0008813477 -0.003062149 0.00107724 0.0008817444 -0.003063614 -1.651001e-05 0.0008817749 -0.003063705 0.002438103 0.0008829956 -0.006499985 -0.00321553 0.0008829956 -0.006499985 0.00321553 0.0008829956 0.006499985 -0.00321553 0.0008829956 0.006499985 0.00321553 0.0008831787 -0.003483841 0.002086403 0.0008847046 0.003900925 0.00238237 0.0008883667 -0.003169052 0.002542137 0.0008986816 -0.003653061 -0.003011978 0.0009032288 -0.003108932 -0.002487488 0.0009033508 -0.003896622 -0.001902122 0.0009036255 0.003896622 -0.0002748108 0.0009086304 0.003055893 0.0003385849 0.0009102478 0.003476883 0.001360458 0.000911377 -0.003166031 0.002545471 0.0009121399 -0.003105698 -0.002487114 0.0009183655 0.003585617 -0.0029515 0.0009187317 0.003319504 0.00269429 0.0009261169 0.003047989 0.001587395 0.0009261475 0.003048141 -0.002006355 0.0009262085 0.003048355 0.0004936447 0.000926239 0.003048233 -0.0009125977 0.0009263 0.00304866 -0.002162598 0.0009263916 0.003048721 0.001743668 0.0009265137 0.003049149 -0.0007563171 0.0009266357 0.003049759 0.0003374329 0.0009270935 0.003891098 0.002224037 0.0009296265 -0.003049576 0.001080406 0.0009305115 -0.003471512 -0.0004108353 0.0009332886 -0.003889603 0.001693184 0.0009344482 -0.003886032 -0.002056732 0.0009344482 -0.003885941 0.003099518 0.0009344482 -0.00388588 -0.003150482 0.0009344482 -0.00388588 0.0004432678 0.0009344788 -0.00388588 0.002943275 0.0009345703 -0.003886581 0.0005995178 0.0009346008 -0.003886307 -0.0006504745 0.000934845 -0.003887466 0.001849525 0.000934906 -0.003887955 -0.001900467 0.0009350281 -0.00388826 -0.0008067169 0.0009352112 -0.003889114 -0.00325 0.0009352112 -0.003889023 0.001693291 0.0009394531 0.003469101 -0.001766129 0.0009412231 0.003580612 -0.002952263 0.0009574585 -0.003883743 -0.0008055573 0.0009602661 0.003463394 0.0007327347 0.0009619751 0.003882614 -0.001371422 0.0009638977 0.003038895 -0.0007586288 0.0009699707 -0.003460678 0.002716461 0.0009708862 -0.003036667 -0.00141687 0.0009732971 -0.003157852 0.002554451 0.0009787903 0.003458237 -0.00239328 0.0009822693 0.003033035 0.001740204 0.0009829407 -0.003877365 0.001852028 0.0009888306 -0.003779953 0.003157166 0.0009914246 -0.003454605 0.00021772 0.0009917297 0.003871872 -0.000122879 0.0009917297 0.003872116 -0.002779144 0.0009917603 0.003872177 0.002377106 0.0009918213 0.003872452 -0.0002791519 0.0009918518 0.003872299 -0.002622871 0.0009919128 0.003872879 0.002220833 0.0009919434 0.003872635 0.0009708786 0.0009920654 0.003873154 -0.001529129 0.000992157 0.003873856 -0.001372917 0.0009923096 0.003874161 0.001127106 0.0009924927 0.003874924 -0.00325 0.0009942017 -0.003029129 0.001240929 0.001000153 0.003291702 0.002691261 0.00100946 0.003024094 -0.000917778 0.001012817 -0.00344838 -0.002281029 0.001012909 -0.003022903 -0.001257835 0.001013062 0.003869614 0.001126083 0.001018585 -0.003603653 -0.00299556 0.001023804 0.003283676 0.002690384 0.001024323 0.003444992 0.0001042175 0.001030304 -0.003063004 -0.002482162 0.001032471 -0.003016281 0.002337212 0.001035614 -0.003863602 -0.0006452103 0.001045563 0.003860947 -0.001531754 0.001047974 -0.003437851 0.0008460236 0.001049591 0.003010391 0.001579651 0.001053406 -0.003054672 -0.002481194 0.001057983 -0.003587418 -0.002990166 0.001068756 0.003854599 0.0009671097 0.001069794 0.003431168 0.002601685 0.001072876 0.003266922 0.00268856 0.001073151 -0.00300206 -0.0001600876 0.001075378 0.003001266 -0.002015762 0.001079529 -0.003851578 0.002950844 0.001081268 -0.00375679 0.003160286 0.001086609 0.003425858 -0.0005242538 0.001088074 -0.003849167 -0.003142464 0.001089142 -0.003754837 0.003160545 0.001089325 0.003848831 -0.002627655 0.001093628 0.002994675 0.0004830551 0.001094513 -0.003423355 -0.001651245 0.001099487 0.003540634 -0.002957565 0.001103394 -0.003844803 0.0004520874 0.001106354 -0.003843948 0.00325 0.001106354 0.003538895 -0.002957794 0.001107361 0.003419205 0.001974579 0.001109711 0.002988754 -0.00217424 0.001114288 -0.00384166 0.003108917 0.001120789 -0.00341481 0.001475296 0.001125519 -0.002982803 -3.585815e-07 0.001127228 -0.003837875 -0.002046654 0.001129181 -0.00312941 0.002576881 0.00113797 0.003409134 -0.001152145 0.001140015 0.003834122 -0.0001301575 0.001141876 -0.003407822 -0.00102346 0.001148163 -0.00297139 0.002344933 0.001148193 -0.00297139 -0.001248817 0.001148254 -0.002971542 0.001251183 0.001148285 -0.002971725 -0.0001550674 0.001148376 -0.002971878 -0.00140506 0.001148743 -0.002972977 1.205444e-06 0.001148773 -0.002972885 0.001094955 0.001149109 -0.002973801 0.002438103 0.001149597 0.002973648 0.000323143 0.001156677 -0.003123428 0.002580826 0.001157532 -0.003011459 -0.002476791 0.00115799 -0.003737564 0.003162872 0.001162903 0.003827225 0.00325 0.00116391 -0.003400375 0.002102829 0.001166351 -0.003826187 0.0006116486 0.001173798 -0.002964157 0.001096619 0.001177856 -0.003118851 0.002583855 0.001183228 0.003393692 0.001345276 0.001184692 -0.003000198 -0.002475647 0.001186279 0.003820053 -0.002788719 0.001186493 -0.003527481 -0.002972237 0.001190643 0.00381871 0.002367302 0.001191864 0.002954147 -0.002023514 0.001191864 0.002954239 0.0004764786 0.001191925 0.002954239 0.001570236 0.001191925 0.002954391 -0.002179764 0.001192169 0.002954819 -0.0009297562 0.00119223 0.002955124 0.0003202515 0.001192444 0.002955521 0.001726501 0.001192688 0.0029561 -0.0007734756 0.00120282 -0.003112595 0.002587418 0.001204132 0.002951981 -0.0007742233 0.001209351 0.00381282 -0.0002898865 0.001209778 -0.003384293 -0.0003944626 0.00121228 0.003383438 -0.001781387 0.001213562 -0.002948074 -0.001400719 0.001213959 -0.003514664 -0.002968407 0.00121814 -0.003810013 -0.00188562 0.001222168 0.002944534 0.001724564 0.001224396 0.003206955 0.002682724 0.001232391 0.003805405 0.002208961 0.00123288 0.003375992 0.0007174301 0.001235107 0.003500076 -0.002962227 0.001236115 -0.002938705 0.001257034 0.001247375 -0.003800522 0.001709671 0.001248108 -0.003370346 0.002732803 0.001248749 0.002933365 -0.0009334641 0.001251007 0.003369308 -0.002408623 0.001254089 -0.002931076 -0.001241753 0.00126651 0.003794205 -0.00138652 0.00126886 -0.003362595 0.000234024 0.001269501 0.0034897 -0.002963417 0.001270844 -0.00379274 -0.0007890854 0.001272736 -0.002923019 0.002353249 0.001274231 -0.003788132 -0.002038887 0.001274261 -0.003788162 0.0004611206 0.001274261 -0.003788132 0.003117363 0.001274292 -0.003788406 0.000617363 0.001274292 -0.003788254 -0.003132629 0.001274323 -0.003788315 0.002961121 0.001274567 -0.003788986 -0.0006326294 0.001274597 -0.003789383 -0.001882622 0.001274902 -0.003790237 0.001711136 0.001275055 -0.003790482 0.001867393 0.001275238 -0.003791061 -0.0007888565 0.001275299 -0.003791245 -0.00325 0.001279358 0.003182083 0.002680527 0.001283112 0.003180405 0.002680382 0.001288116 0.002916306 0.001563866 0.00128952 -0.003354752 -0.002264748 0.001292419 -0.002949539 -0.002471039 0.001294373 -0.00347261 -0.002956978 0.00129538 -0.003784439 0.001868462 0.001295929 0.00335228 8.876801e-05 0.001311737 -0.002905746 -0.0001441345 0.001313507 0.002904984 -0.002031616 0.001316895 0.003777023 0.001110901 0.001323273 -0.003341568 0.0008622437 0.001325073 -0.003687698 0.003168526 0.001327454 -0.006362991 -0.00325 0.001327454 -0.006362991 0.00325 0.001327454 0.006363022 -0.00325 0.001327454 0.006363022 0.00325 0.001328979 -0.002932358 -0.002469475 0.001330017 0.003769028 -0.002796127 0.001330017 0.003769058 0.002360123 0.001330017 0.00376915 -0.0002961197 0.001330109 0.003769241 -0.0001398773 0.001330109 0.003769424 0.002203888 0.001330292 0.003770035 -0.001389862 0.001330414 0.003770096 -0.002639862 0.001330597 0.003770615 0.0009539032 0.001330841 0.003771347 -0.001546089 0.001330841 0.0037715 0.001110168 0.001331055 0.003772049 -0.00325 0.00133136 0.002896835 0.0004671631 0.001335297 -0.003079269 0.002606323 0.001340759 0.003334641 0.002586136 0.001346436 -0.003766586 -0.0006288376 0.001346893 0.002889633 -0.002190163 0.001349243 0.00376561 -0.001547012 0.001356018 -0.006499985 -0.003169205 0.001356018 -0.006499985 0.003169205 0.001356018 0.006499985 -0.003169205 0.001356018 0.006499985 0.003169205 0.001357452 0.003327866 -0.0005398483 0.001362 -0.002882523 1.550293e-05 0.001366577 -0.00343483 -0.002946701 0.001368103 -0.003323471 -0.001635094 0.001372162 0.003757309 0.0009517975 0.00137323 0.003139633 0.002676781 0.001377808 0.003319473 0.001958939 0.00138266 0.003449844 -0.00296743 0.001385864 0.00287114 0.0003071442 0.001389099 -0.003751053 0.002967171 0.001391479 -0.002899185 -0.002466782 0.001392303 0.003749893 -0.00264299 0.001393524 -0.003312881 0.001491417 0.001394043 -0.003663681 0.003170876 0.001397186 -0.003748032 -0.003126152 0.001402649 0.003125259 0.002675583 0.001406342 -0.002858414 -0.0001377335 0.001406372 -0.002858383 0.002362267 0.001406464 -0.002858536 -0.001231483 0.001406586 -0.00285881 0.001268532 0.001406677 -0.002859177 1.85318e-05 0.00140683 -0.002859299 -0.001387711 0.00140744 -0.002860611 0.002438103 0.00140744 -0.00286058 0.001112312 0.001407745 0.0033069 -0.001167839 0.001407959 -0.002860336 0.00111235 0.00141217 -0.003742447 0.000468399 0.001413116 -0.003657028 0.003171524 0.001413788 -0.003304306 -0.001007385 0.001420166 -0.003053299 0.00261837 0.001422516 -0.00373851 0.003125198 0.00143045 0.003433029 -0.002969124 0.001434784 -0.003295212 0.002118866 0.001435181 -0.003733688 -0.00203038 0.001439117 0.002844833 -0.0007903366 0.001441742 -0.003731155 0.00325 0.001442322 0.003730911 -0.0001456146 0.001445862 -0.002841385 -0.001385086 0.001448273 0.002837204 0.0004589005 0.001448273 0.002837265 -0.00219735 0.001448334 0.002837265 -0.0020411 0.001448456 0.00283754 0.00155265 0.001448456 0.002837723 0.0003026581 0.001448914 0.002838394 -0.0009473419 0.001449249 0.002839157 -0.0007910767 0.001449341 0.002839279 0.001708931 0.001452148 0.003287643 0.001329491 0.001456665 0.002835861 0.00170842 0.001467468 -0.002830307 0.001272629 0.001468903 -0.002858047 -0.002463432 0.001472717 -0.003719009 0.0006278687 0.001476837 -0.00337059 -0.002930717 0.00147879 -0.003275742 -0.0003785095 0.001480743 0.003274857 -0.001797241 0.00148233 0.002822525 -0.0009496536 0.001484528 -0.002821365 -0.001226204 0.001488037 0.003712906 -0.002804268 0.001489929 -0.003630264 0.003174126 0.001490356 -0.003031815 0.002628326 0.001491486 -0.003031418 0.002628487 0.001492188 0.003711288 0.002351761 0.001496613 0.003709488 0.00325 0.001500854 0.003265671 0.0007015381 0.001502106 -0.002812027 0.002368736 0.001510773 0.00370372 -0.0003054733 0.001515625 -0.003258835 0.002748695 0.001515686 -0.003347977 -0.002925087 0.001518402 0.003257553 -0.002424538 0.001520508 0.00280217 0.001547615 0.001522614 -0.003698868 -0.001869476 0.001528107 0.003059464 0.002670341 0.001533447 0.003694412 0.002193321 0.001535431 -0.003249557 0.0002498703 0.001539124 -0.002791946 -0.0001287537 0.001542725 -0.002814133 -0.002460197 0.001544128 0.0033871 -0.002973267 0.001545166 0.00278862 -0.00204792 0.00154895 0.003048538 0.002669472 0.001550903 -0.003687088 0.001725792 0.001553925 -0.003323288 -0.002919434 0.001554474 0.003045303 0.002669235 0.001555206 -0.003240158 -0.00224894 0.001562317 0.00323674 7.276154e-05 0.001562469 0.002779007 0.0004508286 0.001566742 0.003680405 -0.001402222 0.001573456 -0.003677536 -0.0007730103 0.001577362 0.002770554 -0.002206512 0.001586884 -0.002765091 3.076172e-05 0.00158725 -0.003224564 0.0008779755 0.001588928 0.003369034 -0.002974892 0.001596832 -0.003667435 0.001884491 0.001604065 -0.003660782 0.000634903 0.001604095 -0.003660782 -0.002021347 0.001604156 -0.003660873 0.003134911 0.001604218 -0.003660995 0.0004786606 0.001604279 -0.003661331 -0.001865089 0.001604309 -0.003661179 -0.003115082 0.00160437 -0.003661301 0.002978661 0.00160437 -0.00277742 -0.002457504 0.001604553 -0.003661942 0.001728668 0.001604797 -0.003662277 -0.0006150742 0.001604858 -0.003662582 -0.0007713165 0.001605194 -0.003663376 0.001884941 0.001605377 -0.003663712 -0.00325 0.001605957 0.003215317 0.002570061 0.001612854 -0.002771774 -0.002457123 0.001614929 0.002748825 0.000290741 0.00161615 0.003658981 0.001095116 0.001622345 0.003207077 -0.0005559692 0.001629974 -0.003203201 -0.001619453 0.00163028 -0.002739731 0.001127487 0.001642151 0.003196976 0.001942795 0.001643524 -0.002976303 0.002649948 0.001645782 -0.003645737 -0.0006128845 0.00164801 0.00364476 -0.001562859 0.001652496 -0.003565323 0.003179665 0.001653442 -0.002722885 -0.0001207657 0.001653595 -0.00272319 3.549194e-05 0.001653687 -0.00272319 0.002379211 0.00165387 -0.002723526 -0.001214546 0.001654114 -0.002723923 0.001285446 0.001654205 -0.002724167 0.001129211 0.001654297 -0.003190689 0.001507004 0.00165448 -0.002724594 -0.001370804 0.001654724 -0.002725021 0.002438103 0.001657867 0.003636673 -0.0003135147 0.001657898 0.003636703 0.002342735 0.001657898 0.003636734 0.002186485 0.001657928 0.003636734 -0.002813515 0.00165802 0.0036371 -0.001407257 0.001658203 0.003637283 -0.0001572571 0.001658508 0.003638168 0.001092758 0.001658752 0.003638535 -0.002657249 0.001659027 0.003639206 -0.001563477 0.001659058 0.003639206 0.0009365158 0.001659241 0.003639664 -0.00325 0.001661224 -0.003254044 -0.002903564 0.001661621 0.003335709 -0.002977623 0.00166626 -0.002717972 -0.001370003 0.001666321 0.002718002 -0.0008068314 0.00167041 0.003634537 0.0009359131 0.001671051 0.003181961 -0.001184029 0.001673553 -0.003180618 -0.0009918365 0.001676605 -0.002962418 0.002654633 0.001683197 0.002707565 0.00169191 0.001686798 -0.003626907 0.002983063 0.001686981 -0.002705185 0.001287704 0.001688629 -0.003548965 0.003180901 0.001689941 0.003625504 -0.002658905 0.001690491 0.002965317 0.002663338 0.001693359 0.002698074 -0.002215225 0.00169339 -0.00317012 0.002134354 0.00169339 0.002698135 0.0004410248 0.00169342 0.002698288 0.0002847824 0.001693542 0.002698318 -0.002058975 0.001693817 0.002698746 0.001534775 0.001694092 0.002699356 -0.0008089676 0.001694336 -0.003623398 -0.003110283 0.001694458 0.002699844 -0.00096521 0.001694458 0.002699905 0.00169104 0.001703278 -0.002694931 -0.001211143 0.001707703 0.002692184 -0.0009661789 0.001708862 -0.003616592 0.0004842529 0.001714111 0.003158981 0.001313232 0.001718567 -0.003611984 0.003141022 0.001719971 -0.002684341 0.002383804 0.001730835 -0.003606125 -0.002014565 0.001735107 -0.003147476 -0.000363121 0.001735352 -0.002690475 -0.002451591 0.001735657 -0.003527664 0.00318251 0.00173877 0.003602341 -0.0001616058 0.001741943 0.003143723 -0.001813545 0.001744263 0.002668625 0.001531036 0.001744812 0.003297592 -0.002980736 0.00174939 -0.003191238 -0.002890259 0.001755432 -0.00266127 -0.0001136475 0.001761414 0.003132828 0.0006852036 0.001765869 -0.003589096 0.00325 0.00176651 -0.00358876 0.0006436081 0.001766632 0.002915451 0.002659904 0.001767975 0.002652969 -0.002064522 0.001770172 -0.003127884 0.002764 0.001773315 -0.006253433 -0.00325 0.001773315 -0.006253433 0.00325 0.001773315 0.006253433 -0.00325 0.001773315 0.006253433 0.00325 0.001774078 -0.002921432 0.002668419 0.001778229 0.003123337 -0.00244088 0.00177948 -0.002657913 -0.002449478 0.001783478 0.003580399 -0.002820351 0.001784485 0.002641922 0.0004341965 0.001787354 0.003578476 0.002335686 0.00178894 -0.003117172 0.0002651291 0.001795685 -0.003158249 -0.00288327 0.001795868 -0.002912277 0.002671501 0.001798584 0.002632339 -0.002223137 0.001801483 -0.002630325 4.597473e-05 0.00180307 -0.003153 -0.002882156 0.001805603 0.00356929 -0.0003215866 0.001807587 -0.0031064 -0.002233734 0.001811371 0.002886154 0.00265789 0.001812653 -0.003492813 0.00318515 0.001814056 -0.003564987 -0.001853836 0.001818573 0.003562698 0.00325 0.001820557 0.003098831 5.635834e-05 0.001822296 -0.002626297 -0.002447441 0.00182724 0.002875809 0.002657181 0.001827637 0.00355806 0.00217717 0.001834381 0.002607529 0.0002740784 0.00183783 -0.003088608 0.0008931122 0.001841156 -0.003551071 0.001741379 0.001842926 0.003247086 -0.00298452 0.00184317 -0.002601273 0.001142822 0.001843231 -0.006499985 -0.003102028 0.001843231 -0.006499985 0.003102028 0.001843231 0.006499985 -0.003102028 0.001843231 0.006499985 0.003102028 0.001859802 0.003541336 -0.001418404 0.001861847 -0.002597122 -0.002445557 0.00186261 -0.003539871 -0.0007574615 0.00186261 0.003073776 0.002553596 0.001877808 -0.002576401 -0.001354568 0.001878418 -0.003064072 -0.001604378 0.001878479 0.003064072 -0.0005724564 0.001883331 0.002572372 -0.0008235321 0.001884644 -0.003528183 0.001899986 0.001887604 -0.002566116 5.258942e-05 0.001887726 -0.002566208 -0.0001036606 0.001888031 -0.002566696 0.001146324 0.001888184 -0.002566788 0.002396324 0.001888489 -0.002567245 -0.001197433 0.001888763 -0.002567673 -0.001353691 0.001888885 -0.002567764 0.001302559 0.001889099 -0.0025681 0.002438103 0.001897522 0.003052322 0.001926285 0.001897797 -0.002561691 0.001303215 0.00189801 0.003218735 -0.002986641 0.001899353 0.002560562 0.001675201 0.001901764 -0.003049637 0.001522079 0.001907715 0.003515762 0.001078865 0.001913452 -0.002550034 -0.001195587 0.001920197 -0.003038132 -0.0009767685 0.001921417 -0.003504776 0.0006520081 0.001921448 -0.003504868 -0.001847977 0.00192157 -0.003505051 -0.002004242 0.0019216 -0.003505234 0.001745789 0.001921692 -0.003505234 0.003152008 0.001921783 -0.003505417 0.0004957657 0.001921814 -0.003505661 -0.0007542038 0.001921967 -0.003505722 -0.003097977 0.001922058 -0.003505905 0.002995773 0.00192215 -0.00350618 0.001902046 0.001922424 0.002543289 -0.0009829025 0.001922729 -0.003507187 -0.0005979538 0.001922882 -0.003507462 -0.00325 0.00192514 0.003034988 -0.001200562 0.001925201 0.002537888 0.0002667542 0.001925262 0.002537918 -0.002233246 0.001925354 0.002538071 0.0004230042 0.001925568 0.002538345 -0.002077003 0.00192569 0.00253862 -0.0008269958 0.001925995 0.002538925 0.001516747 0.001926025 0.002539047 0.001673004 0.001926636 -0.00284996 0.002690552 0.001926636 0.002539841 -0.0009832535 0.001929291 -0.002538071 0.002399391 0.001931091 -0.003502975 -0.000597496 0.001933533 0.003198318 -0.002988052 0.00193869 0.003498795 -0.00157917 0.001938995 -0.003026138 0.002149422 0.001942963 -0.00304277 -0.002860191 0.001946625 -0.002840439 0.002693459 0.001957001 0.0025168 0.001514313 0.001959167 0.002780045 0.002650993 0.001960388 0.003486679 0.0009195786 0.001963226 -0.002511917 -9.79538e-05 0.001966339 0.003008438 0.001296661 0.001970093 -0.003481186 0.002998367 0.001970276 -0.003412613 0.003190567 0.001972748 0.003475876 0.002168739 0.001972809 0.003475998 -0.001425011 0.001972839 0.003475967 -0.0003312683 0.001972931 0.003476089 0.002324989 0.001972961 0.003476151 -0.002831261 0.001973175 0.00347673 0.001074997 0.00197348 0.003477036 -0.0001750031 0.001973633 0.003477493 -0.001581245 0.00197406 0.003478226 0.0009187546 0.001974304 0.003478592 -0.002674988 0.001974426 0.003478745 -0.00325 0.001977112 -0.003477219 -0.003095001 0.001978973 -0.003000137 -0.0003480225 0.001979065 0.003476089 -0.002675262 0.001979523 0.00249913 -0.002081276 0.001983765 -0.002497391 -0.0024394 0.001990997 -0.003469284 0.0004995041 0.001993103 0.002990768 -0.001830147 0.001993225 0.002752701 0.00264933 0.001995087 0.00248674 0.0004174576 0.002000031 -0.003464096 -0.00325 0.002000031 -0.003464096 0.00315625 0.002000031 -0.003464096 0.00325 0.002001099 -0.002482346 -0.002438499 0.00200235 -0.002990952 -0.002850258 0.002007233 -0.002476883 6.179047e-05 0.002008209 0.00247612 -0.002239876 0.002008606 -0.002475784 -0.002438103 0.002011719 0.002978317 0.0006685791 0.002011749 -0.00345726 -0.001999359 0.002012817 -0.002977554 0.002779167 0.002019958 -0.002975601 -0.002847305 0.002022461 -0.002464493 -0.002436996 0.002026184 0.003448868 -0.0001780167 0.002027618 0.002967484 -0.002457512 0.002030853 -0.002965256 0.0002803421 0.002039398 -0.002958633 -0.002844055 0.00204187 0.002448441 0.0002573395 0.002045441 -0.003437454 0.0006587372 0.002046783 -0.002444321 0.00115873 0.002048309 0.00313237 -0.002992615 0.002048889 -0.002952835 -0.002218475 0.002049164 -0.002785507 0.002708908 0.002052246 0.002705399 0.002646454 0.002066376 -0.002935135 -0.002839539 0.002067932 0.002939529 3.970337e-05 0.002069427 0.00342308 -0.002836815 0.002072968 0.003420944 0.002319229 0.002077881 -0.00293251 0.0009084473 0.00207962 -0.002416428 -0.00133857 0.002086182 0.002678146 0.002644798 0.002087891 0.002409317 -0.000840271 0.002090607 -0.003410172 -0.001838753 0.002090668 0.003410141 -0.0003380737 0.002094025 -0.00276149 0.00271566 0.002097168 0.006499985 -0.003059509 0.002097168 0.006499985 0.003059509 0.002097229 -0.006499985 -0.003059502 0.002097229 -0.006499985 0.003059494 0.002098633 -0.002399918 0.00131926 0.002102875 0.002396255 0.001658455 0.002106781 -0.002388931 -0.002438103 0.002106964 -0.002389175 -0.002429871 0.002106964 -0.002389145 7.013702e-05 0.002107147 -0.00238942 0.001163872 0.002107361 -0.002389542 -8.612823e-05 0.002107788 -0.002390121 -0.001336136 0.00210791 0.002911026 0.002536919 0.002108093 -0.002390366 0.002413864 0.002108337 -0.002390732 0.001320107 0.002108521 -0.002390915 -0.001179893 0.002108673 -0.002391098 0.002438103 0.002111847 0.00339711 0.00216066 0.002113464 -0.002386917 -0.001179497 0.002116577 -0.003394119 0.001756454 0.002116913 -0.002904465 -0.001588936 0.002119843 0.003087936 -0.002995514 0.002123138 0.002899918 -0.0005891495 0.002124298 0.002377304 -0.0009996262 0.002126343 0.003388046 0.00325 0.002128296 -0.002373672 0.002415504 0.002129547 0.003081436 -0.002995911 0.002137054 -0.003381271 -0.0007423859 0.002139435 -0.002887894 0.00153759 0.002141205 0.002886612 0.001909569 0.002141937 0.002357803 0.0002487183 0.002142212 0.002358047 -0.002251289 0.002142242 0.0023582 -0.0008450241 0.002142395 0.002358261 0.0004049606 0.002142517 0.002358475 0.001654968 0.002142578 0.003377792 -0.001434937 0.002142731 0.002358566 -0.002095039 0.002143036 0.002359085 -0.001001289 0.002143311 0.002359268 0.001498711 0.002149445 -0.00336702 -0.003244629 0.002154388 -0.00336351 -0.003244438 0.002156525 0.002348099 0.001497597 0.002157074 -0.002874741 -0.0009612122 0.002157471 -0.003368271 -0.003241234 0.00215799 -0.003367935 0.001915047 0.002160309 -0.002344589 -8.177185e-05 0.002167206 0.002867142 -0.00121727 0.002172974 -0.002715286 0.002727859 0.002174957 -0.002861252 0.002165016 0.002177582 0.002328537 -0.002097984 0.002181671 -0.00271019 0.00272921 0.002184357 -0.002821854 -0.002818504 0.002188477 0.003348251 0.001062294 0.002192047 0.002314957 0.0004007568 0.002195007 0.003037582 -0.002998634 0.002201782 -0.002305679 7.807159e-05 0.002202484 -0.003339005 -0.0005823975 0.002204132 0.002303452 -0.002256561 0.002205627 0.002572586 0.002638725 0.002206177 0.002837265 0.001279938 0.002208282 0.002570236 0.002638588 0.002210327 -0.006112656 -0.00325 0.002210327 -0.006112656 0.00325 0.002210327 0.006112656 -0.00325 0.002210327 0.006112656 0.00325 0.002212402 -0.002295517 -0.002438103 0.002213196 -0.002831772 -0.0003323288 0.002216034 -0.002291977 -0.002420685 0.002218231 0.003328568 -0.001595779 0.002220306 -0.00331633 -0.003241951 0.002223572 -0.003321182 -0.001831024 0.002223633 -0.003321274 0.001762726 0.002223755 -0.003321487 -0.0007372742 0.002223816 -0.003321457 0.0006689758 0.002223969 -0.003321823 -0.003237282 0.002223969 -0.003321823 0.001918968 0.002224213 -0.003322037 -0.001987282 0.002224579 -0.003322586 0.0005127106 0.002224762 -0.003322983 -0.0005810547 0.002224854 -0.003323013 -0.003081047 0.002225006 -0.003323227 0.003012688 0.002225372 -0.003323807 -0.00325 0.002225372 -0.003323807 0.00325 0.002229126 -0.002774551 -0.002809975 0.002231598 0.002817337 -0.001846893 0.002233093 -0.00277034 -0.002809219 0.002235321 0.002273178 0.0002406769 0.002238708 -0.002269852 0.001175079 0.002238953 0.003314682 0.0009029541 0.002240143 -0.003313858 0.003013542 0.002245636 -0.002806137 0.002794937 0.002246735 -0.003309402 -0.003079819 0.002249115 0.00280336 0.0006518326 0.002251099 -0.002801712 -0.002829666 0.002256622 0.003302689 -0.002691887 0.002260254 -0.003300156 0.0005147171 0.00226236 0.002992477 -0.003001427 0.002262817 -0.002792282 0.0002961655 0.002263947 0.002791397 -0.002474251 0.002269379 -0.002239182 -0.001322166 0.002272247 0.003287888 -0.00144297 0.002272308 0.003287949 0.002150772 0.00227243 0.003288284 0.001057022 0.002272461 0.003288162 -0.0003492279 0.002272675 0.003288467 0.002307022 0.002272705 0.003288528 -0.002849228 0.002272827 0.003288895 -0.00159922 0.002273224 0.003289413 0.0009007797 0.002273468 0.003289627 -0.0001929779 0.002273651 0.003290024 -0.00269297 0.002274139 0.003290634 -0.00325 0.002275452 0.002504837 0.002635017 0.002277924 0.002230484 -0.0008569031 0.002279999 -0.002778305 -0.002202614 0.002280304 -0.003286362 -0.001984093 0.002287231 -0.002220932 0.001335709 0.002291718 0.002216324 0.001641846 0.002293549 -0.003263931 -0.003239189 0.002296844 -0.002702988 -0.002797081 0.002300995 -0.00220665 -0.001163033 0.002301544 0.003271561 -0.0001946716 0.002301849 0.002760178 2.296448e-05 0.002307404 -0.002755569 0.0009243622 0.002309479 -0.002193253 -0.002438103 0.002309845 -0.002193558 -0.002412025 0.002309906 -0.002193649 0.001181725 0.002309906 -0.002193619 8.798218e-05 0.002310364 -0.002194077 -0.001318283 0.002310638 -0.00219426 -6.827545e-05 0.002310822 -0.002194565 0.001337967 0.00231131 -0.002194992 -0.001162041 0.00231134 0.002195847 -0.001016197 0.002311646 -0.002195236 0.002431709 0.002311768 -0.002195389 0.002438103 0.002312561 -0.003263718 0.0006740723 0.002314697 -0.002192276 0.002431984 0.002315125 -0.002625137 0.002750412 0.002324158 -0.0026194 0.002751854 0.002325348 0.002456253 0.00263237 0.002338684 0.002442551 0.002631638 0.002339355 0.0027285 0.00252018 0.002340942 0.002164261 0.001481064 0.002342041 0.002159348 0.0002308121 0.002342072 0.002159439 -0.0008629303 0.002342285 0.002159622 0.00163707 0.002342529 0.002159775 -0.002269188 0.002342712 0.002160019 -0.001019196 0.002342773 0.003242142 -0.0028535 0.002342804 0.002160019 0.0003870544 0.002343262 0.002160446 -0.002112953 0.00234375 0.002160965 0.001480789 0.002344391 -0.002160538 -6.524658e-05 0.002344421 -0.002724106 -0.001572952 0.002346008 0.003239792 0.002302544 0.002350403 -0.006499985 -0.003012192 0.002350403 -0.006499985 0.003012184 0.002350403 0.006499985 -0.003012192 0.002350403 0.006499985 0.003012184 0.00235376 0.00271611 -0.0006059036 0.002356018 -0.003232529 -0.001823311 0.002360321 0.002143112 -0.002114494 0.002362946 0.003227463 -0.0003547821 0.002365875 -0.002705521 0.001553635 0.002370605 0.002701401 0.00189283 0.002373566 0.002128433 0.0003842621 0.002379608 -0.002121658 0.002438103 0.002381104 -0.003214096 0.001771957 0.002382568 -0.002690842 -0.0009451294 0.002382843 -0.002118027 9.466553e-05 0.002383057 0.003212662 0.002143951 0.002384491 0.002116165 -0.002273018 0.002394775 0.002680008 -0.001234001 0.002395996 -0.002103134 -0.002404068 0.002399323 -0.002675888 0.002181122 0.002400177 0.002890823 -0.003007324 0.002400421 0.002375626 0.002628181 0.002400726 -0.003199478 -0.0007268372 0.002401001 0.002890121 -0.003007362 0.002403809 -0.002578598 -0.002775261 0.002406616 -0.002090958 -0.002438103 0.002410614 -0.003171982 -0.00323455 0.002411987 0.003190994 -0.001451645 0.002412109 -0.002557327 0.002766312 0.002412933 0.002083694 0.0002242661 0.002416779 -0.002079239 0.001191704 0.00241745 0.003186844 0.00325 0.002420105 -0.002078995 0.002440475 0.002420258 -0.003184677 -0.003225632 0.002420624 -0.003184402 0.001930641 0.002420746 -0.00255687 -0.002771553 0.002431122 0.002647049 0.001263229 0.002432281 -0.003154984 -0.003233688 0.002435364 -0.002643143 -0.0003161545 0.002440155 -0.002531998 -0.002767296 0.002443634 0.002855545 -0.003009247 0.002444946 -0.002046036 -0.001305511 0.002450134 0.002321671 0.002625404 0.002451721 0.002037918 -0.0008732452 0.002454865 0.002625046 -0.001863609 0.002455383 0.00315773 0.001045563 0.002461395 -0.002026199 0.001352386 0.002461426 -0.002522476 0.002774429 0.002463165 -0.003151596 -0.0005667114 0.002464264 0.002022751 0.001625534 0.002465973 -0.002614609 0.002811195 0.002471008 -0.002609848 -0.002813416 0.002471161 0.002609726 0.0006351242 0.002473969 -0.002010818 -0.001146347 0.002479706 0.002286331 0.002623665 0.002481903 0.002001053 -0.001032463 0.002482147 -0.002599289 0.0003124466 0.002483612 0.003135544 -0.001612518 0.002484802 0.002596725 -0.002490936 0.002490997 -0.001999069 0.002444809 0.002494293 -0.001980545 -0.002438103 0.002494659 -0.00198082 0.001199738 0.002494751 -0.00198085 -0.002394012 0.002494934 -0.001981064 -0.001300262 0.002494934 -0.001981003 0.0001059875 0.0024953 -0.0019814 0.001355988 0.002495728 -0.001981705 -0.001144012 0.002496002 -0.001981827 -5.026245e-05 0.002497803 -0.003098557 -0.003230957 0.002498199 -0.002583817 -0.002186302 0.002499268 -0.003123093 0.00302932 0.002502014 -0.001986618 0.00244548 0.002503143 0.00312001 0.0008862076 0.002505096 -0.002448685 -0.002753059 0.002505371 -0.00311821 -0.003064041 0.002508362 -0.003111588 0.001780067 0.002508392 -0.003111649 -0.0007199402 0.002508453 -0.003111679 -0.001813683 0.002508514 -0.003111832 -0.00321994 0.002508514 -0.003111832 0.00193631 0.002508636 0.001967453 0.001464874 0.002508972 -0.003112289 0.0006863022 0.002509094 -0.003112625 -0.0005636978 0.002509644 -0.003113144 -0.001969955 0.00251004 -0.003113724 0.003030037 0.002510193 -0.003113815 0.0005300293 0.002510223 -0.003113937 -0.003063721 0.002510406 -0.003114151 -0.00325 0.002510406 -0.003114151 0.00325 0.002513428 -0.001961258 -4.853821e-05 0.002518402 -0.003107651 0.0005305328 0.002519653 0.003106674 -0.002708626 0.002519958 0.002562668 6.309509e-06 0.002523682 0.001943893 -0.0008805618 0.002523773 -0.002558853 0.0009407043 0.002523773 0.001943985 0.001619438 0.002523987 0.001944077 0.0002131882 0.002524078 0.001944229 -0.001036812 0.002524719 0.001944656 -0.002286835 0.002524902 0.001944901 0.001463173 0.002525146 0.001944992 0.0003694077 0.002525299 -0.001960373 0.002446892 0.002525696 0.00194545 -0.0021306 0.002526184 0.00194487 -0.002130646 0.002533112 0.002783005 -0.003013206 0.002537506 -0.003092087 -0.001968239 0.002538055 0.001929337 0.0003681412 0.002547791 0.001916458 -0.002289108 0.002548431 -0.001915573 0.0001113968 0.002553955 0.003074234 -0.001461029 0.002553986 0.003074326 0.001038979 0.002554199 0.003074478 0.002132721 0.002554291 0.003074722 -0.001617271 0.002554474 0.003074783 -0.0003672714 0.002554596 0.002528122 0.002503548 0.002554626 0.003075119 0.0008827286 0.002554779 0.00307518 0.002288971 0.00255484 0.003075241 -0.002867279 0.002554901 0.002196426 0.00261924 0.002554962 0.003075546 -0.002711021 0.002555878 0.003076553 -0.0002110291 0.002556061 0.003076797 -0.00325 0.00255835 -0.002524307 -0.001556541 0.002560333 -0.001899643 -0.002387329 0.002561859 0.003071976 -0.0002114182 0.002565643 -0.003040237 -0.003228134 0.002567963 0.002514511 -0.0006225204 0.002568024 -0.003066788 0.0006899872 0.002568512 -0.002439072 0.002792664 0.002573273 0.001882126 0.0002082596 0.002577881 0.002166122 0.002617813 0.002578461 -0.002503738 0.001570076 0.002578979 -0.001874222 0.001208443 0.002582001 -0.001870102 -0.002438103 0.002583527 0.00249852 0.001876221 0.002592468 -0.002324631 -0.002732353 0.002593475 -0.002419632 0.002796928 0.002593994 -0.002487625 -0.0009286575 0.002600494 -0.002313217 -0.002730453 0.002600677 0.003039139 -0.002870262 0.002603577 0.003036697 0.002285805 0.00260434 -0.001838821 -0.001288773 0.002605652 0.002475449 -0.00125058 0.002608002 0.001833694 -0.0008891373 0.002609222 -0.003031815 -0.00180732 0.002609436 -0.00247142 0.002197601 0.002617676 0.006499985 -0.002957115 0.002617676 0.006499985 0.002957115 0.002617706 -0.006499985 -0.0029571 0.002617706 -0.006499985 0.0029571 0.00261911 0.001817795 0.00160968 0.002619232 -0.001817581 0.001369133 0.002619568 0.003022903 -0.0003715286 0.002622711 -0.002278824 -0.002724823 0.002624451 -0.001836685 0.0024533 0.002630493 -0.001801224 -0.001129593 0.002633118 -0.003011124 0.00178801 0.002634705 0.00179509 -0.001048248 0.002636322 -0.00594133 -0.00325 0.002636322 -0.00594133 0.00325 0.002636322 0.005941391 -0.00325 0.002636322 0.005941391 0.00325 0.002638397 0.003006516 0.002127205 0.002639008 0.002439835 0.001246696 0.00264212 -0.002377945 0.002805519 0.002642883 -0.002435623 -0.0002996216 0.002651642 -0.002994797 -0.0007107544 0.002652405 -0.002958572 -0.003224327 0.002653015 0.002066971 0.002613167 0.002654968 0.002674606 -0.003018768 0.002655182 -0.001794205 0.002455406 0.002658356 0.001759872 0.001449181 0.002659576 -0.001752365 -0.002438103 0.002660004 -0.001752609 0.001217781 0.002660065 -0.00175267 -0.001282227 0.002660248 -0.002220657 -0.002715309 0.002660248 -0.001752731 -0.002375969 0.002660309 -0.001752853 0.001374023 0.002660553 -0.001752945 0.0001240311 0.002660645 -0.001753098 -0.001125977 0.002660889 0.00241597 -0.001880119 0.002661224 0.002669052 -0.003019058 0.002661987 -0.001753891 -3.22113e-05 0.002663544 0.002051651 0.002612473 0.002665283 0.002982681 -0.001468376 0.002665649 -0.001748795 -3.181458e-05 0.002670135 -0.002978348 -0.003209511 0.002670319 -0.002978165 0.001946747 0.002671326 -0.002404404 0.002827766 0.00267395 0.00173613 -0.002146294 0.002675781 0.00239946 0.0006186371 0.002675873 -0.002399368 -0.002796852 0.002676819 0.002653824 -0.003019798 0.002677124 -0.00176387 0.002456924 0.002684418 0.001719894 0.0003525391 0.002685669 0.001713272 0.001602219 0.002685699 0.001713272 -0.0008977737 0.00268576 0.001713394 -0.001054031 0.002686249 -0.002387711 0.0003290329 0.00268634 0.00171373 0.001445953 0.002686401 0.001713699 0.0001959534 0.002686981 0.001714157 -0.002147812 0.002687469 0.001714432 -0.002304077 0.002687561 0.001714523 0.0003521729 0.002688141 0.002385635 -0.002507401 0.002689636 0.002960739 0.00325 0.002692902 0.001706558 -0.002304657 0.002693573 -0.002919846 -0.003222519 0.002696838 -0.001700333 0.0001281128 0.00270108 -0.002370926 -0.002169693 0.002705719 0.00294603 0.001028847 0.002707336 -0.001683517 -0.002370613 0.002710419 -0.002941666 -0.0005505295 0.00271524 0.001670761 0.0001928101 0.002717529 -0.001707962 0.002459694 0.002720154 0.002349045 -1.010895e-05 0.002720245 -0.002310898 0.002819336 0.002723755 -0.001656845 0.001225121 0.002724487 -0.002343979 0.0009573288 0.002732147 0.002921555 -0.001629234 0.002736176 0.001945663 0.002607719 0.002737183 -0.001634567 -0.002438103 0.002743408 -0.002079788 -0.00269265 0.002744507 -0.002909927 0.00304557 0.002744507 0.001933517 0.002607178 0.002745667 0.001620285 -0.0009044495 0.002746063 -0.001619614 -0.00127211 0.002750122 -0.002904648 -0.003047791 0.002750305 0.002904495 0.0008694992 0.002751678 0.002312057 0.00248719 0.00275412 -0.00285759 -0.003219719 0.002755371 0.001603775 0.001594414 0.002756256 -0.002306564 -0.001539894 0.002759186 -0.001597183 0.001385788 0.002762482 -0.002892868 0.000546814 0.002763947 0.002297379 -0.0006388626 0.002765472 0.00289003 -0.002725311 0.002768829 0.001580368 -0.001063431 0.002769043 -0.001580002 -0.001112953 0.002773499 -0.002877731 -0.003202225 0.002773499 -0.002877731 0.001954025 0.002773499 -0.002877701 -0.0007022247 0.00277359 -0.002877762 0.001797775 0.002773865 -0.002878006 -0.001795975 0.002773926 -0.002878189 -0.0005459824 0.002774689 -0.002879013 0.00304776 0.002774719 -0.002878891 0.0007040176 0.00277478 -0.002284225 0.001586761 0.002774872 -0.002879196 -0.003045998 0.002775299 -0.002879593 0.0005477524 0.002775635 -0.002879898 -0.001952248 0.002775818 -0.002880081 -0.00325 0.002775818 -0.002880081 0.00325 0.002778046 0.002280319 0.001859909 0.002778748 -0.002012772 -0.002682091 0.002780365 -0.002875656 -0.001951927 0.002784302 0.002549057 -0.003024887 0.002788971 -0.002266861 -0.000911972 0.002789429 0.001543747 0.001434067 0.002797943 0.002255844 -0.001266838 0.002799561 -0.001525253 -1.52359e-05 0.002802765 -0.001576767 0.002465942 0.002802979 -0.002249527 0.002214302 0.00280307 0.001518845 -0.002161385 0.002804047 -0.001510422 -0.002438103 0.002804474 -0.001510666 -0.001264297 0.002804565 0.002852097 -0.0002280731 0.002804596 -0.001510757 0.001391953 0.002804657 -0.001510727 0.001235703 0.00280484 -0.00151091 -0.001108047 0.002805023 -0.001573318 0.00246611 0.002805145 -0.001510971 -0.00235804 0.002805542 -0.001511185 0.0001419678 0.002806274 -0.001511642 -1.428223e-05 0.002807281 -0.002228928 0.002835312 0.002808838 -0.002847885 0.0007063217 0.002812195 0.001501907 0.000337471 0.002815643 0.002836472 0.001020996 0.002815765 0.002836655 -0.001635262 0.002815857 0.002836624 -0.001479012 0.00281601 0.002836929 0.0008647385 0.002816071 -0.002793869 -0.003216858 0.002816254 0.002837021 0.002114738 0.002816315 0.002837234 -0.002729012 0.00281665 0.002837448 -0.0003852692 0.002817108 0.002837875 0.002270973 0.002817169 0.002837967 -0.002885269 0.002817474 0.002838364 -0.0002290192 0.002817963 0.002838852 -0.00325 0.002819519 0.001488083 -0.002319717 0.002819641 -0.001935257 -0.002669884 0.002825439 0.001802444 0.002601555 0.002826569 0.001469223 -0.001070976 0.00282663 -0.001474533 0.0001446457 0.00282666 0.001469254 0.001585281 0.002826813 0.001469376 0.001429031 0.002826843 0.001469345 -0.0009147186 0.00282724 0.001469589 -0.002164703 0.002827698 0.001469833 0.0003353043 0.002828064 0.002217972 0.001230507 0.002828094 0.001469986 0.0001790619 0.002828125 0.001470047 -0.002320938 0.002829315 0.001796188 0.00260128 0.002832611 -0.001525803 0.002468292 0.002833466 -0.002211014 -0.0002829132 0.002835693 -0.001457016 -0.002354103 0.002838989 0.001450577 0.0001777344 0.002840607 0.002816208 -0.002886894 0.002841766 -0.002196426 0.002841637 0.00284314 0.002813675 0.002269173 0.00284729 -0.002809402 -0.001790916 0.002847839 0.00219249 -0.001896271 0.002849701 -0.001429398 0.001241592 0.002854309 -0.002183456 0.002844048 0.002858032 0.002798508 -0.0003881531 0.002859894 -0.002177658 0.002845108 0.002861237 0.002175003 0.0006025162 0.002863434 -0.002172104 -0.002780121 0.00286557 0.001397324 -0.0009196167 0.002868805 -0.001390701 -0.001255699 0.00286972 -0.002786514 0.001804451 0.002870056 -0.001827499 -0.002653236 0.002870941 -0.001386307 -0.002438103 0.002872223 0.002160477 -0.002523476 0.002872925 -0.0021595 0.0003457794 0.002873505 0.001716324 0.002598 0.002874023 0.001379868 0.001579208 0.002875336 0.002780716 0.002110596 0.002877197 -0.002725143 -0.003213875 0.002880035 -0.001367325 0.001402184 0.002884216 -0.006499985 -0.002897148 0.002884216 -0.006499985 0.002897148 0.002884216 0.006499985 -0.002897148 0.002884216 0.006499985 0.002897148 0.00288443 -0.001436569 0.002472374 0.002885712 0.00135527 -0.001078705 0.002886353 -0.002141556 -0.002152954 0.002886963 -0.002768631 -0.0006942902 0.002888397 -0.001349533 -0.001096588 0.002888885 -0.001787155 -0.002647011 0.002889435 0.00243663 -0.003030052 0.002891876 0.002434006 -0.003030182 0.002899963 0.002755081 -0.001484947 0.002900909 0.002121811 -2.610779e-05 0.002902252 0.002422928 -0.003030685 0.002903534 0.001316635 0.001418694 0.002904144 -0.002750626 -0.003193016 0.002904205 -0.002750595 0.001963234 0.002907288 0.001655289 0.002595497 0.002907379 -0.002112869 0.0009740677 0.002909271 -0.001737503 -0.002639488 0.002914124 -0.001293015 1.029968e-06 0.002915375 0.001290237 -0.002176834 0.002923218 0.001272385 0.0003219681 0.002926575 -0.001256699 -0.002438103 0.002927063 -0.001256912 0.001409622 0.002927094 -0.001256912 -0.001246628 0.002927185 -0.001256973 -0.001090378 0.002927582 -0.001257095 0.001253387 0.002928223 -0.001257462 3.387451e-06 0.002928253 -0.00125737 -0.002340355 0.002928802 -0.001257645 0.0001596527 0.002929047 0.002082779 0.002471268 0.002929443 0.00125798 -0.002335251 0.002930328 -0.001347733 0.002476288 0.002933044 -0.002662308 -0.003211143 0.002936005 -0.002072983 -0.001523148 0.002936829 -0.001240555 0.0001608276 0.002937103 0.002715439 0.001012314 0.002940063 0.002067184 -0.0006547623 0.002940796 0.002711441 0.00325 0.002941406 -0.002710739 -0.0005339966 0.002944397 -0.001222519 -0.002337959 0.002945313 0.001213669 0.001411804 0.002945374 0.001213669 -0.001088188 0.002945557 0.001213791 -0.002181938 0.002945709 0.00121376 0.001568062 0.002945892 0.001213943 0.0003180695 0.002946075 0.001213913 -0.0009319305 0.002946075 0.001218552 0.0001621094 0.002946228 0.001214035 -0.002338173 0.00294754 0.001214554 0.0001618423 0.00295108 -0.001635635 -0.002624046 0.002952606 0.002049271 0.001844048 0.002952728 -0.002049026 0.001603508 0.002955963 -0.00119429 0.001257683 0.00295694 -0.001296158 0.002478561 0.002957855 -0.002076279 0.002863846 0.002961456 0.002688889 -0.001645752 0.002963593 0.001540482 0.002590858 0.002965424 -0.002030594 -0.0008952179 0.00296701 -0.001274063 0.0024795 0.002968597 0.001162521 -0.0009353867 0.002970184 0.002023697 -0.001282623 0.00297171 -0.001154556 -0.001239685 0.002973053 -0.00267598 0.003062141 0.002974792 -0.001568893 -0.00261412 0.002975677 0.001144241 0.001563393 0.002977905 -0.002012314 0.002231033 0.002978027 0.002670486 0.0008530121 0.002978119 -0.002670364 -0.003031219 0.002980957 -0.001130447 0.001418144 0.002982208 -0.001127121 -0.002438103 0.002982666 0.001501572 0.002589294 0.002985413 0.001118637 -0.001094559 0.002987823 -0.001112198 -0.001080658 0.002987946 -0.002596085 -0.003208344 0.002989655 -0.002657425 0.0005634079 0.00299176 0.002655075 -0.002741776 0.002992279 0.001479141 0.002588394 0.002995331 -0.002587173 -0.003207962 0.002996857 0.001983994 0.001214798 0.003000244 0.001078232 0.001402756 0.003005066 -0.001971481 -0.0002661819 0.003006134 -0.001480667 -0.002601013 0.003006165 -0.002638748 -0.001935326 0.003008636 -0.001054581 1.682281e-05 0.00301004 0.001050552 -0.002192841 0.003013763 -0.001455338 -0.002597313 0.003014435 0.001957169 -0.001911919 0.003014954 0.002290726 -0.003036453 0.003016479 0.001031937 0.0003059235 0.003016968 -0.002621262 -0.00318428 0.003016968 -0.002621262 0.00197197 0.00301709 -0.002621323 -0.0006842804 0.003017151 -0.002621475 -0.000528038 0.003017303 -0.002621506 0.001815727 0.003017731 -0.002622055 0.003065712 0.003017731 -0.002621902 -0.00177803 0.003017883 -0.002622177 -0.00302803 0.00301825 -0.002622452 0.000565712 0.00301886 -0.002623001 -0.001934288 0.003018921 -0.002622971 0.000721962 0.003019501 -0.002623489 -0.00325 0.003019501 -0.002623489 0.00325 0.003021515 0.001017075 -0.002351311 0.003022491 -0.001152237 0.002484665 0.003026184 -0.0009931488 -0.002438103 0.003026245 0.001938858 0.0005869141 0.003026733 -0.0009933319 -0.001073105 0.003026794 -0.0009933319 0.001426903 0.003026886 -0.001000992 0.0001765137 0.003027008 -0.0009933929 -0.00122934 0.003027344 -0.0009935455 2.06604e-05 0.003027405 0.002614365 -0.0002444839 0.003027802 -0.0009936066 0.001270676 0.003028717 -0.0009939423 -0.002323059 0.0030289 -0.0009940338 0.0001769485 0.003029175 -0.001995773 0.002878029 0.003031677 -0.001930313 -0.002763412 0.003032227 -0.002608749 0.0007229538 0.003032898 -0.0009826202 -0.002322319 0.003035034 0.000976059 0.0001459732 0.003035797 0.001923843 -0.00253904 0.00303891 -0.001110916 0.002486359 0.003040222 -0.001916824 0.0003624954 0.003040955 0.0009485626 0.00139418 0.003041046 0.0009485931 -0.00219957 0.003041229 0.0009486542 0.0003004303 0.003041351 0.0009486237 -0.00110582 0.003041473 0.0009487457 -0.002355812 0.00304187 0.0009488068 0.00155043 0.003042023 -0.0009540253 0.001273239 0.003042389 0.0009489594 -0.0009495621 0.003042511 0.0009490814 0.0001441956 0.003046814 0.001351913 0.002583282 0.003049194 -0.005740402 -0.00325 0.003049194 -0.005740402 0.00325 0.003049194 0.005740463 -0.00325 0.003049194 0.005740463 0.00325 0.003050262 -0.001972031 0.002882217 0.003052063 -0.001897873 -0.002136246 0.003053162 0.0009177399 -0.0009516296 0.003053894 -0.001322342 -0.002577896 0.003054382 -0.000913681 -0.001224236 0.003055359 0.002576614 -0.001653038 0.003055389 0.002576584 0.001003212 0.003055481 0.002576736 0.000846962 0.003055695 0.00257692 -0.002746788 0.003055878 0.002576981 -0.001496796 0.003056519 0.002577469 0.002096947 0.00305658 0.002577682 -0.0002468033 0.003057068 0.002577988 -0.0004030685 0.003057648 0.002578476 0.002253174 0.003057739 0.002578568 -0.002903069 0.003057831 -0.001307785 -0.002575798 0.003057861 0.00257869 -0.00325 0.003058777 0.0008987885 0.001547119 0.003060303 0.00257579 -0.002903267 0.003060974 0.00188353 -4.156494e-05 0.003061646 -0.0008890839 0.001433556 0.003062134 -0.001957352 0.002884682 0.003062469 0.002573227 0.002252823 0.003063538 -0.001286545 -0.002572731 0.003066406 0.0008724518 -0.00111087 0.003066925 -0.0008706207 -0.0010653 0.003067566 -0.002567093 -0.001774261 0.00307016 -0.0008591461 -0.002438103 0.003070587 -0.001867844 0.0009907532 0.003072815 0.002217697 -0.003039505 0.003076111 0.00255687 -0.0004044876 0.003077911 0.001268326 0.002579941 0.003078003 0.0008306732 0.001386383 0.003078766 -0.001010391 0.002490463 0.003080994 -0.001004837 0.002490692 0.003082733 -0.002473892 -0.003203285 0.003082825 -0.0008125153 3.20282e-05 0.003085571 0.001842972 0.002455925 0.003085602 0.0008019257 -0.002209259 0.003086853 0.002198654 -0.003040276 0.003088226 -0.002542252 0.001821136 0.003090515 0.0007827301 0.0002894897 0.003091644 -0.001168594 -0.002555901 0.003091797 0.002537857 0.002094284 0.00309198 0.001230484 0.002578423 0.00309433 0.0007675629 -0.00236776 0.003095276 0.001826614 -0.0006700745 0.003095734 -0.001825821 -0.001506485 0.00309668 -0.0007579803 0.0001916199 0.003101227 -0.0007392731 -0.002307236 0.003101501 -0.001127182 -0.002550003 0.003102112 -0.0007217865 -0.002438103 0.003102203 0.002177841 -0.003041115 0.003102814 -0.0007219391 -0.001056152 0.003102875 -0.0007220001 3.759766e-05 0.003103027 -0.0007219696 0.001443832 0.00310318 0.001200241 0.002577217 0.003103516 -0.0007220917 -0.001212425 0.003103943 -0.0007222443 0.0001938248 0.003104034 -0.002522934 -0.0006775894 0.003104156 -0.002446121 -0.003202141 0.003104492 0.0007253265 0.0001294708 0.003104523 -0.0007223969 -0.00230619 0.003104706 -0.0007223969 0.001287552 0.003106201 0.001807968 0.001828789 0.003107971 -0.0007102814 0.001288307 0.003110474 -0.001800552 0.001620163 0.003112885 0.0006760712 -0.002217476 0.003112946 0.0006761017 0.0002825317 0.003112976 0.0006760712 0.001376274 0.003113068 0.0006761322 -0.002373726 0.003113678 0.0006761932 -0.001123726 0.003113861 0.0006763153 0.0001262817 0.003113983 0.002510666 -0.001501205 0.00311438 0.0006763763 0.001532532 0.003115051 0.0006765289 -0.0009674606 0.00311673 -0.00104628 -0.002538673 0.003117126 -0.0006690521 -0.00120916 0.00311795 0.0006652679 -0.0009682007 0.003119598 -0.002503616 0.001979927 0.00311969 -0.002503525 -0.003176323 0.003121399 0.001781601 -0.001297813 0.003121643 -0.001781204 -0.0008785782 0.003122009 0.0006458282 0.001530533 0.003122467 -0.0006436615 0.001448654 0.003126312 -0.0006247101 -0.001050171 0.003127411 -0.0008683929 0.002496063 0.003127441 0.0006189423 -0.001127472 0.003131775 -0.0009664764 -0.002527496 0.003132294 -0.0008539581 0.002496635 0.003132385 -0.001762192 0.00224765 0.003134094 -0.0005844269 -0.002438103 0.00313562 0.0005761871 0.001369751 0.003137665 -0.0005649261 4.728699e-05 0.0031409 0.0005466766 -0.002225922 0.003143799 -0.0008798981 -0.002515587 0.003144257 0.0005270844 0.0002728043 0.003144623 0.001740341 0.001199692 0.003146759 0.0005117645 -0.002384438 0.003147278 -0.0005085602 0.0002070312 0.003147461 0.002468491 0.0009961243 0.00315033 -0.0004893036 -0.002291771 0.003151855 0.001046738 0.002571091 0.003153473 0.0004687347 0.0001127777 0.003153534 -0.00246077 -0.0005172806 0.003154114 -0.0008057404 -0.002505386 0.003154327 -0.0004449005 5.476379e-05 0.003154327 -0.00044487 -0.002438103 0.003154785 -0.0004449005 -0.001038986 0.003154816 -0.00045961 0.001303825 0.003154907 -0.0004450226 0.0002110062 0.003155151 -0.0004449615 0.001460999 0.003155396 -0.0004450836 -0.002289009 0.003155701 -0.0007874908 -0.002502853 0.003155884 -0.0004450836 -0.001195267 0.003156067 -0.001719467 -0.0002496033 0.003156311 -0.0004452057 0.001304726 0.003156982 -0.001840591 0.00290435 0.003159973 0.001712265 -0.001927002 0.003160431 0.0003983307 0.0002644958 0.003160461 0.0003983307 -0.002391754 0.003160492 0.0003983002 -0.002235504 0.003160675 -0.0004172516 -0.001193535 0.003160797 0.0003983307 0.001358246 0.00316098 0.0003984222 0.0001082458 0.003161774 0.0003984528 -0.001141762 0.003161957 0.000407486 -0.0009849319 0.003162659 0.0003986053 0.001514488 0.00316272 0.0003986359 -0.0009855042 0.003164032 -0.0003910675 0.001464348 0.003164429 0.0003877411 0.001513786 0.003165894 -0.000736618 0.002501152 0.003166351 -0.0003716278 -0.001034439 0.003167328 0.0009880219 0.002568764 0.003167633 0.000360672 -0.001144203 0.003167969 -0.0006469879 -0.002483376 0.003168793 0.006499985 -0.002827805 0.003168793 0.006499985 0.002827805 0.003168854 -0.006499985 -0.002827797 0.003168854 -0.006499985 0.002827789 0.003168915 0.002440903 0.00325 0.003169525 0.00244014 -0.001661903 0.003169952 -0.0005912628 -0.002475487 0.003170258 0.001693161 0.000571846 0.003170959 -0.0003303375 -0.002438103 0.003171387 0.0009726715 0.002568153 0.003172211 -0.0005276031 -0.002466476 0.003172272 0.0003173676 0.001353004 0.003172943 -0.0003105927 6.313324e-05 0.003173584 -0.0004886932 -0.002460976 0.003174591 0.002079605 -0.003045074 0.00317514 0.0002873077 -0.002242676 0.003176453 -0.0006997528 0.002502579 0.003176849 -0.0002677155 -0.002434174 0.003176849 0.0002675323 0.0002560577 0.00317807 -0.0002528839 0.0002230072 0.003178101 0.0002522125 -0.002401176 0.003178528 0.001677567 -0.002554092 0.003179077 -0.001676468 -0.002746872 0.003179565 -0.0002332611 -0.002275764 0.003181274 -0.0001643524 7.234955e-05 0.003181274 0.000208786 9.603882e-05 0.003181335 -0.0001643829 -0.002427658 0.003181488 -0.0001644135 0.0002285919 0.00318161 -0.0002031708 0.001319878 0.003181793 -0.0001644135 -0.002271408 0.00318219 -0.0001643829 -0.001021416 0.003182373 -0.002423325 0.003078873 0.003182526 -0.000164444 0.001322334 0.00318277 -0.0001644135 0.001478584 0.003183258 0.0001174469 -0.002409775 0.003183319 0.0001174469 0.0002464676 0.003183502 0.0001174164 -0.002253532 0.003183502 0.0001174774 9.022522e-05 0.003183685 -0.0001644745 -0.001177681 0.003184052 0.0001174469 0.00134021 0.003184113 -0.0001600494 -0.001177406 0.003184418 0.00242067 0.0008368988 0.003184723 0.0001470184 -0.001001663 0.003184875 0.0001175385 -0.00100354 0.003185303 0.0001175079 -0.00115979 0.003185333 -0.0001332855 0.001480537 0.003185547 0.0001175385 0.00149646 0.003185547 0.0001271515 0.00149707 0.003186096 -0.0001135712 -0.001018219 0.003186554 -0.001662308 0.0003790283 0.003186554 0.0001000824 -0.001160912 0.003186829 -0.002417435 -0.003014496 0.003187622 5.66864e-05 0.001336334 0.003187683 -5.186462e-05 7.942963e-05 0.003187988 2.644348e-05 -0.002259338 0.00318808 -8.499146e-06 -0.002417816 0.00318808 6.668091e-06 0.0002393951 0.00319281 0.0008914642 0.002564919 0.003195435 -0.0006193695 0.002505684 0.003196259 -0.002314987 -0.003196892 0.003196655 0.002404495 -0.002757851 0.003196777 -0.001642532 -0.002119736 0.003197449 -0.002403427 0.0005801468 0.0032005 0.0016353 -5.6633e-05 0.003205994 -0.002301132 -0.003196342 0.003209778 -0.0005586395 0.002508041 0.003212341 -0.002383408 -0.001918571 0.003212555 -0.001611404 0.001007217 0.003221924 0.001592636 0.002440796 0.003226135 0.0007345428 0.002558693 0.003228577 0.002361435 -0.0002604828 0.003229187 -0.0004553986 0.002512039 0.003230377 0.0007084503 0.002557671 0.003230469 0.001575241 -0.0006852417 0.003230865 -0.001740219 0.002920456 0.003231415 0.0007018585 0.002557404 0.00323407 -0.001567764 -0.001490067 0.003235779 -0.002351517 0.0007396927 0.003236847 -0.002344437 -0.0005099869 0.003236938 -0.002344437 -0.003166237 0.003236938 -0.002344437 0.001990013 0.003237183 -0.002344589 -0.0006662369 0.003237274 -0.002344772 0.003083763 0.003237366 -0.002344864 -0.003009987 0.003237549 -0.002344864 0.001833771 0.00323764 -0.002345078 0.0005837631 0.00323819 -0.002345444 -0.001916237 0.00323819 -0.002345322 -0.001759979 0.003239319 -0.002346237 0.0007400131 0.003239471 -0.0004008026 0.002514168 0.003239532 -0.002346359 -0.00325 0.003239532 -0.002346359 0.00325 0.00323999 0.001555588 0.001813576 0.003244843 -0.0003618011 0.002515678 0.003246429 -0.001719131 0.002923843 0.003246735 -0.001541428 0.001636551 0.003251801 0.000576004 0.002552429 0.003253143 0.001527847 -0.00131308 0.003256195 -0.001521347 -0.0008622131 0.003256744 -0.001705063 0.002926102 0.003258057 0.002320602 -0.002919197 0.003259888 0.002318039 0.0022369 0.003260712 0.00195076 -0.003050018 0.003261414 -0.000241806 0.002520348 0.003265228 -0.001501846 0.002263977 0.003266144 -0.002206741 -0.003192673 0.003266785 0.0004400482 0.002547066 0.003267609 -0.002307083 -0.001757523 0.003267883 -0.000168808 0.002523193 0.003269745 0.001937241 -0.003050529 0.003269897 0.0004121246 0.002545959 0.003270874 0.0004031525 0.002545616 0.003271179 0.002296494 -0.001670479 0.003271179 0.002296494 0.0008295212 0.00327124 0.002296585 -0.002764229 0.003271454 0.002296646 0.0009857635 0.003271851 0.002297043 -0.0002642365 0.003272125 0.002300705 -0.0004203873 0.003272308 0.002297256 -0.001514252 0.00327298 0.002297806 -0.002920509 0.003273071 0.002297867 0.002235733 0.003273163 0.002297867 0.002079483 0.003273254 0.001484268 0.001184319 0.003273682 0.002298294 -0.0004205246 0.003273804 0.002298355 -0.00325 0.00327417 -9.773254e-05 0.002525963 0.003275574 -8.183289e-05 0.002526588 0.003280426 0.0002407379 0.00253923 0.003281067 0.0001704254 0.002536469 0.003281555 0.0001210785 0.002534531 0.003281952 7.902527e-05 0.002532883 0.003285187 -0.001457657 -0.000233345 0.003286102 0.002280716 0.002078423 0.003286255 -0.002280472 0.001837891 0.003286591 0.001454483 -0.001942459 0.003291931 0.001900589 -0.003051888 0.003295441 0.001434372 0.0005563431 0.003300385 -0.002259964 -0.0006608429 0.003300812 -0.00215239 -0.003190559 0.003302429 0.001418137 -0.002569618 0.003304504 -0.001413284 -0.002730675 0.003305664 0.002252243 -0.001517006 0.003310791 -0.001398544 0.0003952026 0.00331424 -0.002239609 0.001996658 0.003314423 -0.002239334 -0.003159569 0.003319305 -0.001378189 -0.002103577 0.003321198 0.001373703 -7.226562e-05 0.003332367 -0.001346359 0.0010233 0.003335358 0.002208084 0.000980423 0.003339325 0.001328903 0.002425079 0.003344482 -0.002194138 -0.0005005569 0.003346619 0.001310562 -0.000701004 0.00334967 -0.001565536 0.002947472 0.003350098 -0.001301559 -0.001474068 0.003354584 0.001289932 0.001797768 0.003354889 0.002178238 -0.001677544 0.003358398 0.001790634 -0.003055946 0.003360535 -0.001274368 0.001652527 0.00336557 0.001261063 -0.001328934 0.003368042 0.002157883 0.0008212967 0.003368256 -0.00125383 -0.000846283 0.00337027 -0.002154404 0.003095596 0.003372253 0.00215126 0.00325 0.003374115 -0.002148331 -0.00299778 0.003375549 -0.001233994 0.002279861 0.00337851 -0.002017563 -0.003185471 0.003378693 0.002141159 -0.002773407 0.003382294 0.00121553 0.001168373 0.003383606 -0.002133347 0.0005968704 0.003388641 -0.001999985 -0.003184807 0.003391724 -0.001188889 -0.0002175446 0.003393341 0.001184311 -0.001958466 0.00339682 -0.002112259 -0.001901871 0.003400574 0.001163315 0.0005402985 0.003406281 0.001146561 -0.002585686 0.003406708 0.002096268 -0.0002759399 0.003407257 -0.001143631 -0.002714973 0.003410004 -0.001465073 0.002962181 0.003410431 -0.00146434 0.002962288 0.003412323 -0.001128433 0.0004108887 0.003413239 0.001690079 -0.003059624 0.003417389 -0.002078812 0.0007563782 0.003419098 -0.001107742 -0.002087944 0.003421478 0.001100357 -8.840942e-05 0.003426422 -0.001927048 -0.003182137 0.003429382 -0.001075485 0.001038864 0.003431366 -0.002049149 -0.0004919891 0.003431549 -0.002049271 0.003101761 0.00343161 -0.002049332 -0.002991989 0.003431763 -0.002049332 -0.003148232 0.003431793 -0.002049332 0.002008018 0.003431824 -0.002049484 0.0006017609 0.003432129 -0.002049545 -0.0006482239 0.00343222 -0.002049728 -0.001898232 0.003432617 0.002053604 -0.002934555 0.003432678 -0.002049881 0.001851768 0.003433197 -0.002050278 0.0007580261 0.003433533 -0.0020504 -0.001741974 0.003434113 0.002051102 0.00222155 0.003434235 -0.002050858 -0.00325 0.003434235 -0.002050858 0.00325 0.003435791 -0.001422134 0.002968468 0.003436066 0.001053818 0.002408875 0.003440674 0.001639847 -0.003061455 0.003441925 0.001034622 -0.0007172546 0.003443298 -0.001030014 -0.001458603 0.003444885 0.002032913 -0.0004356995 0.003445404 -0.002032059 -0.00174086 0.003446808 -0.005510849 -0.00325 0.003446808 -0.005510849 0.00325 0.003446808 0.00551088 -0.00325 0.003446808 0.00551088 0.00325 0.003448273 0.001013229 0.001781494 0.003451477 -0.001002304 0.001667931 0.003452606 -0.006499985 -0.002753441 0.003452606 -0.006499985 0.002753441 0.003452606 0.006499985 -0.002753441 0.003452606 0.006499985 0.002753441 0.003456818 0.001606796 -0.003062653 0.003456879 0.0009835358 -0.001345245 0.003457062 0.002012192 0.002063164 0.003457458 -0.0009814911 -0.0008309326 0.003461395 0.001998459 -0.00278125 0.003461456 0.001998489 0.0008125 0.003461609 0.001998581 -0.0002812653 0.00346167 0.00199855 -0.001687485 0.003461823 -0.002003922 0.001854538 0.003462219 0.001998856 0.0009687729 0.003462372 0.001999069 -0.002937523 0.003462433 0.0019991 0.002218727 0.003462921 0.001999374 -0.0004375153 0.003463013 -0.0009615936 0.002295158 0.003463501 0.001999619 -0.001531242 0.003463654 0.001999771 0.002062485 0.003464111 0.002000015 -0.00325 0.003469482 -0.001844009 -0.003179092 0.00346994 0.0009364471 0.001152 0.003473969 0.001982834 -0.001532188 0.003474213 -0.001982407 -0.0006442032 0.003475372 -0.0009159393 -0.0002023544 0.003478516 0.000904007 -0.001974876 0.00348407 0.00088237 0.0005238571 0.003486206 -0.001961227 0.002013275 0.00348645 -0.0019608 -0.003142952 0.003487122 -0.0008701019 -0.00269986 0.003488342 0.0008653107 -0.002602135 0.003490997 -0.0008545074 0.0004259872 0.003496094 -0.0008334198 -0.002072861 0.003499786 0.001936905 0.0009653168 0.003499817 0.0008176727 -0.0001049042 0.003503723 -0.0008007355 0.001053925 0.003510651 0.0007698822 0.002392326 0.003512512 -0.001913681 -0.0004839783 0.003514038 -0.0007542267 -0.001443535 0.003514923 0.0007499542 -0.0007338257 0.003514984 -0.001274979 0.002989098 0.003516418 0.001484879 -0.003067055 0.003516907 0.001905655 -0.001692627 0.003519562 0.0007280731 0.0017649 0.00352005 -0.0007256012 0.001683037 0.003524384 -0.0007042389 -0.0008157883 0.003525665 0.0006977692 -0.001361847 0.003528351 0.001884384 0.000806221 0.003528381 -0.0006839447 0.002310326 0.003533356 -0.001706161 -0.003174179 0.003534882 0.0006495514 0.001135376 0.003534943 -0.001871994 0.003112152 0.003537201 -0.0006368561 -0.0001870956 0.003537567 0.00186705 -0.002788467 0.003538177 -0.001865799 -0.002981239 0.003540833 0.0006162872 -0.001991547 0.003543365 -0.001684555 -0.003173401 0.003544617 0.0005941925 0.0005071793 0.003545349 -0.0005895538 -0.002684486 0.003546478 -0.001850052 0.0006134033 0.003547089 0.00141423 -0.003069595 0.003547455 0.0005769196 -0.00261882 0.003548035 -0.0005733185 0.0004414063 0.003549164 0.001844803 0.00325 0.003551483 -0.0005516205 -0.002057404 0.003551727 -0.00119838 0.002999374 0.003555023 0.0005283966 -0.0001216049 0.003556519 -0.0005181427 0.00106945 0.003557861 -0.001828049 -0.001885361 0.00356189 0.0004797821 0.002375603 0.003561981 0.001819992 -0.000291008 0.003562531 -0.001637863 -0.003171783 0.003563141 -0.0004703827 -0.00142791 0.003564575 0.0004593658 -0.0007505646 0.003565369 -0.001169968 0.003003189 0.003566895 -0.0004408417 0.00169873 0.003567383 0.0004371185 0.001748161 0.00356955 -0.0004189301 -0.0008000641 0.003570984 0.0004065704 -0.001378578 0.00357193 -0.0003983307 0.00232608 0.003575439 -0.001793381 0.0007728424 0.003576202 0.0003577423 0.001118629 0.003576965 -0.0003501129 -0.0001712418 0.003579437 0.0003238983 -0.002008301 0.00358136 -0.0003018036 -0.002668549 0.00358139 0.00030159 0.0004904327 0.003582733 -0.00028508 0.0004573822 0.003582794 0.000284317 -0.002635551 0.003584442 -0.0002629547 -0.002041389 0.003584625 0.001774979 -0.002949692 0.00358548 0.001325851 -0.003072762 0.003585846 0.001772507 0.002206429 0.003586334 0.0002353668 -0.0001383362 0.003586761 -0.0002290497 0.00108551 0.003587341 -0.0011241 0.003009346 0.003589233 0.0001864166 0.002358887 0.003589539 -0.0001804352 -0.001411781 0.00359024 0.0001657257 -0.0007672882 0.003590942 -0.0001502838 0.001714912 0.003591187 0.0001433563 0.001731445 0.003591766 -0.0001280365 -0.000783844 0.003592316 0.0001128387 -0.001395279 0.003592438 -0.000107254 0.002342323 0.003593506 6.388855e-05 0.001101952 0.003593597 -5.845642e-05 -0.0001549377 0.003593933 2.983093e-05 -0.002024971 0.003594055 -9.567261e-06 -0.002652191 0.003594055 7.492065e-06 0.0004737701 0.003595337 0.001753159 -0.0004508667 0.003595825 0.001298782 -0.003073715 0.003599091 -0.0017379 0.003119576 0.003599121 -0.00173793 -0.002974174 0.003599213 -0.00173793 -0.0004741669 0.003599243 -0.001737991 0.0006195755 0.003599365 -0.001744858 -0.001724449 0.003599518 -0.001738144 -0.001880417 0.003599945 -0.001738266 -0.003130409 0.003599945 -0.001738266 0.002025841 0.00360025 -0.00173851 0.0007758408 0.003600494 -0.001738541 -0.0006304092 0.003601196 -0.001738846 0.001869598 0.003601837 -0.001739212 -0.001724144 0.003602051 -0.001739334 -0.00325 0.003602051 -0.001739334 0.00325 0.003605927 0.001731277 0.002047958 0.003610138 -0.001521713 -0.003167755 0.003613464 -0.00171553 0.001870926 0.003620575 0.001700424 -0.001547455 0.003623962 -0.001693192 -0.0006278458 0.00362439 0.001684677 -0.0002982712 0.003624634 0.001684738 -0.002798271 0.003624817 0.001684891 -0.002954521 0.003624847 0.001684921 0.002201729 0.003624878 0.00168483 0.0007954788 0.003625214 0.001685104 -0.0004545135 0.003625305 0.001685013 -0.001704514 0.003625732 0.001685349 0.002045502 0.003626129 0.00168544 0.0009517441 0.00362674 0.001685776 -0.001548233 0.003627319 0.00168602 -0.00325 0.003634033 -0.001671463 0.002029602 0.003634308 -0.001670822 -0.00312661 0.003642975 0.001651901 0.0009499435 0.003644043 -0.001430191 -0.00316465 0.003647736 0.001162704 -0.003078537 0.003652863 -0.0009693146 0.003029266 0.00365625 -0.001622299 -0.0004677124 0.003657837 0.001618759 -0.001708076 0.003659637 -0.001383194 -0.003163078 0.003660614 0.001125107 -0.003079865 0.003666809 -0.000933548 0.003033775 0.003667633 0.00159639 0.0007907181 0.003670959 -0.0009219818 0.003035225 0.003673279 -0.001341965 -0.003161713 0.00367511 -0.001579086 0.003128365 0.003675446 0.001578323 -0.002804001 0.003677307 0.00107637 -0.003081581 0.003677734 -0.001572952 -0.00296505 0.003684753 -0.001556503 0.0006295853 0.003693481 -0.0008592682 0.003043129 0.003694214 -0.00153389 -0.001869209 0.00369632 0.001528854 -0.0003066406 0.003698334 0.001523941 0.00325 0.003699463 -0.001262894 -0.003159081 0.003707031 0.000978653 -0.003084999 0.00370874 -0.001498398 0.0007889328 0.003715576 0.00148143 -0.002965416 0.003716553 0.001479019 0.002190704 0.003724579 0.001458572 -0.0004666367 0.003726837 -0.0007664337 0.00305481 0.003727936 0.00091008 -0.003087395 0.003728485 -0.001448593 -0.001708435 0.00373349 0.001435623 0.00203215 0.003738647 -0.00141304 0.0006370621 0.003738678 -0.00141304 -0.002956688 0.003738678 -0.00141304 0.00313707 0.00373877 -0.001413101 -0.00186293 0.003739136 -0.001413132 -0.0004566727 0.003739227 -0.001413284 0.0007933273 0.003740112 -0.001418289 0.001886902 0.003740234 -0.001413559 -0.003112907 0.003740265 -0.001413589 0.00204335 0.003740448 -0.001413742 -0.001706657 0.003740997 -0.001413864 -0.0006128998 0.003741516 -0.001414108 0.001887108 0.003741669 -0.001414169 -0.00325 0.003741669 -0.001414169 0.00325 0.003745697 0.001403488 -0.001563309 0.003747101 -0.001094376 -0.003153625 0.003748718 -0.001395432 -0.0006119156 0.003749817 0.0008245087 -0.003090355 0.003752777 -0.006499985 -0.002669441 0.003752777 -0.006499985 0.002669441 0.003752777 0.006499985 -0.002669441 0.003752777 0.006499985 0.002669441 0.003756836 -0.001373398 0.002045486 0.003757141 -0.001372574 -0.003110718 0.003757202 -0.001051437 -0.003152267 0.003759094 0.001357712 -0.000315712 0.003759125 0.001357773 -0.00297197 0.003759155 0.001357803 0.002184288 0.003759216 -0.001042801 -0.003151993 0.003759369 0.001357895 -0.000471962 0.003759735 0.001357925 -0.002815712 0.003759766 0.001358047 0.002028046 0.003760132 0.001358047 0.0007780457 0.003760559 0.001358322 -0.001565697 0.003760712 0.001358292 -0.001721954 0.003761902 0.001358749 0.0009343109 0.003762146 0.001358871 -0.00325 0.003764282 0.001352829 0.0009339981 0.00376825 -0.0006324005 0.003071594 0.003770905 0.0007420197 -0.003093216 0.003774811 -0.001323166 -0.0004519196 0.003776611 0.0013181 -0.001724091 0.003778992 -0.000597702 0.003075943 0.003784668 0.001294724 0.0007746735 0.003786987 -0.0009247894 -0.00314827 0.003790039 -0.001278915 0.003144096 0.003790283 0.0006491241 -0.003096405 0.003790985 0.001276108 -0.002820053 0.003792084 -0.001272812 -0.002949348 0.003795288 -0.0005351715 0.003083733 0.003797729 -0.001255905 0.0006452713 0.003805267 -0.001232834 -0.001853569 0.003806274 0.0005722198 -0.003099045 0.003807953 0.001224625 -0.0003227768 0.003815369 0.0005158844 -0.00310096 0.003816711 -0.001196976 0.0008044891 0.003818573 0.001191086 0.00325 0.003819122 -0.0007540741 -0.003142845 0.003821198 -0.0007394562 -0.00314238 0.003823364 -0.0004274139 0.003097168 0.003823486 0.001175186 -0.002981628 0.003824188 0.001172867 0.002174492 0.003824921 -0.0007133026 -0.003141533 0.003827209 -0.005253799 -0.00325 0.003827209 -0.005253799 0.00325 0.003827209 0.005253799 -0.00325 0.003827209 0.005253799 0.00325 0.003830688 0.001151474 -0.0004828873 0.003832214 -0.001146347 -0.001692978 0.003833984 0.0004007721 -0.003104881 0.003837738 0.001127701 0.002015869 0.003841309 -0.001115524 0.001902298 0.003843475 -0.0005823517 -0.003137337 0.003844177 0.0003124847 -0.003107849 0.003844208 -0.0003296356 0.003109291 0.003847321 0.00109462 -0.00157962 0.003847961 -0.001092361 -0.00059655 0.003848999 -0.001077103 -0.001845871 0.003849091 -0.001077103 0.0006541214 0.003849152 -0.001077164 0.0008103867 0.003849243 -0.001077133 -0.002939629 0.003849304 -0.001077164 0.003154114 0.003849915 -0.001077408 -0.001689598 0.003850159 -0.001077377 -0.0004396286 0.003850708 -0.001077591 0.00190416 0.003851471 -0.001077805 -0.0005958405 0.003851715 -0.001077835 -0.003095848 0.003851715 -0.001077835 0.002060402 0.00385202 -0.001077927 -0.00325 0.00385202 -0.001077927 0.00325 0.003854004 0.0002277374 -0.00311071 0.003854187 -0.001070206 0.002060791 0.003854462 -0.001069199 -0.003095413 0.003855774 0.0002020416 -0.003111565 0.003858215 -0.0004288177 -0.003132378 0.003860016 -0.0002556915 0.003118469 0.003860077 -0.0004096832 -0.00313176 0.003861877 0.001042221 0.0009176331 0.00386203 -0.0003714142 -0.003130508 0.003864288 0.001020187 -0.002989754 0.003864288 0.001020187 0.002166504 0.00386438 0.001020218 -0.0004897461 0.003864563 0.001020218 -0.0003335037 0.003864594 0.001020309 0.002010262 0.003865173 0.001020493 -0.001583488 0.003865601 0.001020493 -0.002833488 0.003866119 0.001020645 0.0007602615 0.00386618 5.323792e-05 -0.003116539 0.003866699 0.001020828 0.0009165192 0.003866943 0.001020859 -0.001739731 0.003867493 0.001021042 -0.00325 0.00386792 -0.001019424 -0.0004367294 0.003868164 -2.854919e-05 -0.003119247 0.003868896 -0.0002361298 -0.003126099 0.003869385 -0.0001998138 0.003125359 0.003870209 -0.0001139679 -0.00312207 0.003870422 -0.0001226654 -0.003122368 0.003871399 0.001006149 -0.001740501 0.003877563 0.0009820709 0.0007582321 0.003879517 -0.000974411 0.003159218 0.003881012 -0.0009683685 -0.002934227 0.003882355 0.000963028 -0.00283651 0.003885315 -0.000951004 0.0006603699 0.003888947 -8.262634e-05 0.003139816 0.003890991 -0.0009275665 -0.001838478 0.003895111 0.0009100494 -0.0003392715 0.003897064 -1.594543e-05 0.00314801 0.003899475 -0.0008911591 0.0008195496 0.003902863 -0.006240036 -0.002753441 0.003902863 -0.006240036 0.002753441 0.003902863 0.006240067 -0.002753441 0.003902863 0.006240067 0.002753441 0.003906677 0.0008590546 -0.002998184 0.003907166 0.0008568268 0.002157951 0.003908905 0.0008489838 0.00325 0.003910187 9.169006e-05 0.003161224 0.00391095 -0.0008394318 -0.001677902 0.003911957 0.0008347015 -0.0004994507 0.003914185 0.0008241119 0.00325 0.003914307 0.000144516 0.003167679 0.003917084 0.0008102875 0.001999275 0.003917633 -0.0008076019 0.001917412 0.00391806 0.0007766571 0.003244301 0.003922455 -0.0007837677 -0.0005814209 0.003922577 0.0002489166 0.003180443 0.00392392 0.0007765656 -0.001596222 0.003924622 0.0003059845 0.00318737 0.00392572 0.0006329803 0.003226997 0.00392691 -0.0007611847 0.002075943 0.003927155 -0.0007599335 -0.003080246 0.003927429 0.0006009674 0.003223137 0.003928345 0.000495224 0.00321035 0.003928955 0.0004250336 0.003201851 0.003929077 -0.0007327118 0.0008273773 0.003929291 -0.0007327118 -0.001828873 0.003929382 -0.0007328033 -0.00167263 0.003929565 -0.0007327728 0.0006711121 0.003929901 -0.0007328033 -0.002922638 0.003929932 -0.0007328949 0.001921104 0.003930054 -0.0007328339 0.003171112 0.003930511 -0.0007329865 -0.0005789032 0.003931183 -0.0007331085 0.002077339 0.003931244 -0.0007331085 -0.003078911 0.003931335 -0.000733078 -0.0004226608 0.00393222 -0.0007332916 -0.00325 0.00393222 -0.0007332916 0.00325 0.003934143 0.0007229462 0.0009009933 0.003936707 -0.0007087555 -0.0004214706 0.003939301 0.0006746674 -0.0005077286 0.003939362 0.0006746674 -0.003007729 0.003939362 0.0006746674 0.002148521 0.003939392 0.0006746979 0.001992271 0.003939728 0.0006747894 -0.001601479 0.003940002 0.0006747589 -0.0003514862 0.003940765 0.0006858978 -0.001757172 0.003940918 0.0006749725 0.0008985291 0.003941406 0.0006749725 -0.002851479 0.003941895 0.0006750946 0.003242271 0.003942047 0.0006750946 0.0007422714 0.003942169 0.0006751556 -0.001757721 0.003942596 0.0006752167 -0.00325 0.003942596 0.0006752167 0.00325 0.003944824 -0.0006621552 0.003174591 0.003944946 0.0006613007 0.0007415543 0.003945801 -0.0006561432 -0.002918869 0.003948151 0.0006420746 -0.002853188 0.003948792 -0.0006380463 0.0006757813 0.003949005 0.000636673 0.00324028 0.003952606 -0.0006139374 -0.001823021 0.003956543 0.000588089 -0.0003559799 0.003958221 -0.0005766754 0.0008350677 0.003963928 0.0005359955 -0.003014915 0.003964203 0.0005339508 0.002141235 0.003965607 -0.0005235138 -0.001662285 0.003967224 0.0005112457 -0.0005161896 0.003969818 -0.0004906464 0.001933098 0.003970306 0.0004865265 0.001982544 0.003972717 -0.0004662628 -0.0005656891 0.003974335 0.0004524994 -0.001612961 0.003975372 -0.0004432831 0.002091705 0.003975525 -0.0004418488 -0.003064468 0.003978424 -0.0003825836 -0.001655243 0.003978546 -0.0003825531 0.0008447647 0.003978729 -0.0003826447 0.001938499 0.003979004 -0.0003825836 -0.001811493 0.003979126 -0.0003827057 -0.0005615005 0.003979523 -0.0003826447 0.0006885071 0.003979645 -0.0003827362 0.002094742 0.003979675 -0.0003827362 -0.003061508 0.003980042 -0.0003826752 -0.002905251 0.003980133 0.0003981476 0.0008842545 0.003980194 -0.0003827057 0.003188492 0.003980988 -0.0003896637 -0.0004056168 0.003981384 -0.0003828888 -0.0004052734 0.003981628 -0.0003828888 -0.00325 0.003981628 -0.0003828888 0.00325 0.003983521 0.0003238678 0.00197422 0.003983582 0.0003238678 -0.0005257797 0.003983673 0.0003238983 -0.001619522 0.003983734 0.0003604889 -0.001773926 0.003983795 0.0003238678 0.00213047 0.003983826 0.0003238678 -0.00302578 0.003984497 0.0003239899 0.0008804779 0.003984802 0.0003238983 -0.0003695297 0.003985352 -0.0003418732 0.003190529 0.003985535 0.0003240509 -0.00177578 0.00398587 -0.0003359222 -0.002902931 0.003985901 0.0003356476 0.0007248001 0.003986328 0.0003240814 0.003224213 0.00398642 0.0003241119 0.0007242126 0.003986542 0.0003240814 -0.002869537 0.003986847 0.0003241425 -0.00325 0.003986847 0.0003241425 0.00325 0.003987396 -0.000317276 0.0006917496 0.003987488 0.0003164215 -0.002869934 0.003987915 0.0003108063 0.003223534 0.003989288 -0.0002926788 -0.001807007 0.003991425 0.0002619476 -0.0003727112 0.003991882 -0.0002548981 0.0008511353 0.003994537 0.0002093353 -0.003031647 0.003994629 0.0002074432 0.002124504 0.003994965 -0.0002008209 -0.001646149 0.003995758 0.000184433 -0.0005329132 0.003996521 -0.0001672516 0.00194928 0.003996582 -2.946472e-05 -0.001637497 0.003996643 -2.949524e-05 0.001956261 0.003996826 0.0001595612 0.00196582 0.003996857 -2.952576e-05 -0.0005437469 0.00399707 -2.94342e-05 0.0008625031 0.003997223 -2.952576e-05 0.002112503 0.003997253 -2.952576e-05 -0.003043755 0.003997467 -0.0001425018 -0.000549469 0.003997864 -2.94342e-05 -0.001793747 0.003998016 0.0001255951 -0.001629654 0.00399823 -0.0001193695 0.002107941 0.00399826 -0.0001177216 -0.003048218 0.003998535 -2.94342e-05 0.0007062454 0.003998596 -2.952576e-05 -0.0003875122 0.003999207 -2.946472e-05 -0.002887505 0.003999359 7.10907e-05 0.0008675766 0.00399939 -2.946472e-05 0.003206238 0.003999481 -6.507874e-05 -0.0003893127 0.003999878 3.321838e-05 -0.001790596 0.003999908 -2.949524e-05 -0.00325 0.003999908 -2.949524e-05 0.00325 0.003999969 -1.649475e-05 0.003206886 0.004 -1.066589e-05 -0.002886559 0.004 8.377075e-06 0.0007081528 0.004044495 0.005994736 -0.002827667 0.004044495 0.005994736 0.00282766 0.0040448 -0.005994247 -0.002827805 0.0040448 -0.005994247 0.002827805 0.004187073 -0.005747787 -0.002897148 0.004187073 -0.005747787 0.002897148 0.004187073 0.005747818 -0.002897148 0.004187073 0.005747818 0.002897148 0.004188568 -0.004970535 -0.00325 0.004188568 -0.004970535 0.00325 0.004188568 0.004970535 -0.00325 0.004188568 0.004970535 0.00325 0.004320343 -0.005516953 -0.002957115 0.004320343 -0.005516953 0.002957115 0.004320435 0.005516861 -0.002957146 0.004320435 0.005516861 0.002957146 0.004453979 -0.005285507 -0.003012192 0.004453979 -0.005285507 0.003012184 0.004453979 0.005285507 -0.003012192 0.004453979 0.005285507 0.003012184 0.004528992 -0.00466243 -0.00325 0.004528992 -0.00466243 0.00325 0.004528992 0.00466246 -0.00325 0.004528992 0.00466246 0.00325 0.004580597 -0.005066208 -0.003059509 0.004580597 -0.005066208 0.003059509 0.004580658 0.005066086 -0.003059532 0.004580658 0.005066086 0.003059532 0.00470755 -0.004846298 -0.003102028 0.00470755 -0.004846298 0.003102028 0.00470755 0.004846298 -0.003102028 0.00470755 0.004846298 0.003102028 0.004846802 -0.0043311 -0.00325 0.004846802 -0.0043311 0.00325 0.004846802 0.004331131 -0.00325 0.004846802 0.004331131 0.00325 0.004951172 -0.004424332 -0.003169205 0.004951172 -0.004424332 0.003169205 0.004951172 0.004424362 -0.003169205 0.004951172 0.004424362 0.003169205 0.005140472 -0.003978134 -0.00325 0.005140472 -0.003978134 0.00325 0.005140472 0.003978165 -0.00325 0.005140472 0.003978165 0.00325 0.005187683 -0.004014694 -0.00321553 0.005187683 -0.004014694 0.00321553 0.005187683 0.004014694 -0.00321553 0.005187683 0.004014694 0.00321553 0.005408447 -0.003605331 -0.00325 0.005408447 -0.003605331 0.00325 0.005408447 0.003605362 -0.00325 0.005408447 0.003605362 0.00325 0.005419678 -0.003612839 -0.00324221 0.005419678 -0.003612839 0.00324221 0.005419678 0.003612839 -0.00324221 0.005419678 0.003612839 0.00324221 0.005629181 -0.003249985 -0.00325 0.005629181 -0.003249985 0.00325 0.005629181 0.003250015 -0.00325 0.005629181 0.003250015 0.00325 0.005826569 -0.00288118 -0.00325 0.005826569 -0.00288118 0.00325 0.005826569 0.00288118 -0.00325 0.005826569 0.00288118 0.00325 0.005838654 -0.002887131 -0.00324221 0.005838654 -0.002887131 0.00324221 0.005838654 0.002887192 -0.00324221 0.005838654 0.002887192 0.00324221 0.006015411 -0.002462662 -0.00325 0.006015411 -0.002462662 0.00325 0.006015411 0.002462692 -0.00325 0.006015411 0.002462692 0.00325 0.006070648 -0.002485275 -0.00321553 0.006070648 -0.002485275 0.00321553 0.006070648 0.002485336 -0.00321553 0.006070648 0.002485336 0.00321553 0.006174255 -0.002031906 -0.00325 0.006174255 -0.002031906 0.00325 0.006174255 0.002031906 -0.00325 0.006174255 0.002031906 0.00325 0.006302277 -0.001590988 -0.00325 0.006302277 -0.001590988 0.00325 0.006302277 0.001590988 -0.00325 0.006302277 0.001590988 0.00325 0.006307159 -0.002075607 -0.003169205 0.006307159 -0.002075607 0.003169205 0.006307159 0.002075668 -0.003169205 0.006307159 0.002075668 0.003169205 0.006398865 -0.001142105 -0.00325 0.006398865 -0.001142105 0.00325 0.006398865 0.001142136 -0.00325 0.006398865 0.001142136 0.00325 0.006463531 -0.0006875458 -0.00325 0.006463531 -0.0006875458 0.00325 0.006463531 0.0006875458 -0.00325 0.006463531 0.0006875458 0.00325 0.006495941 -0.000229538 -0.00325 0.006495941 -0.000229538 0.00325 0.006495941 0.000229599 -0.00325 0.006495941 0.000229599 0.00325 0.006550781 -0.001653702 -0.003102028 0.006550781 -0.001653702 0.003102028 0.006550781 0.001653732 -0.003102028 0.006550781 0.001653732 0.003102028 0.006677795 -0.001433731 -0.003059502 0.006677795 -0.001433731 0.003059494 0.006677887 0.001433578 -0.003059456 0.006677887 0.001433578 0.003059456 0.006804352 -0.001214493 -0.003012192 0.006804352 -0.001214493 0.003012184 0.006804352 0.001214493 -0.003012192 0.006804352 0.001214493 0.003012184 0.006938019 -0.0009829865 -0.0029571 0.006938019 -0.0009829865 0.0029571 0.006938141 0.0009828033 -0.002957062 0.006938141 0.0009828033 0.002957054 0.007071289 -0.000752182 -0.002897148 0.007071289 -0.000752182 0.002897148 0.007071289 0.000752243 -0.002897148 0.007071289 0.000752243 0.002897148 0.007213593 -0.0005056915 -0.002827797 0.007213593 -0.0005056915 0.002827789 0.007213715 0.0005055389 -0.002827736 0.007213715 0.0005055389 0.002827736 0.007355469 -0.0002599335 -0.002753441 0.007355469 -0.0002599335 0.002753441 0.007355469 0.000259964 -0.002753441 0.007355469 0.000259964 0.002753441 0.007505554 1.525879e-08 -0.002669441 0.007505554 1.525879e-08 0.002669441</float_array>
          <technique_common>
            <accessor count="4741" source="#cubeverts-array0-array" stride="3">
              <param type="float" name="X" />
              <param type="float" name="Y" />
              <param type="float" name="Z" />
            </accessor>
          </technique_common>
        </source>
        <source id="cubenormals-array0">
          <float_array count="28446" id="cubenormals-array0-array">0.8660197 -0.50001 0 0.8660197 -0.50001 0 0.8660441 -0.4999676 0 0.8660197 -0.50001 0 0.8660197 -0.50001 0 0.8659779 -0.5000823 0 0.866014 -0.5000198 4.045928e-06 0.8659997 -0.5000445 8.260956e-06 0.8660373 -0.4999794 6.933666e-07 0.8660064 -0.500033 4.348944e-06 0.8660295 -0.4999929 -2.419339e-06 0.866058 -0.4999435 -8.150639e-06 0.8660359 -0.4999819 -1.237569e-05 0.8659938 -0.5000548 1.307088e-05 0.8660429 -0.4999696 -8.900879e-06 0.8660003 -0.5000435 1.454524e-05 0.8660625 -0.4999357 -1.445235e-05 0.8660552 -0.4999484 -1.521576e-05 0.8660259 -0.4999992 2.5117e-06 0.8659808 -0.5000772 2.263248e-05 0.8660466 -0.4999633 -1.353108e-05 0.866017 -0.5000146 2.963609e-07 0.8660011 -0.500042 5.093796e-06 0.8660145 -0.500019 -3.535e-07 0.8660356 -0.4999825 -7.134818e-06 0.866029 -0.4999936 -2.023344e-06 0.8660076 -0.500031 6.805472e-06 0.8660189 -0.5000113 3.148196e-06 0.8660157 -0.5000166 0 0.866041 -0.4999729 0 0.8660174 -0.5000138 3.87357e-06 0.8660449 -0.4999662 -6.793809e-06 0.8660412 -0.4999726 -5.651103e-06 0.8660261 -0.4999989 1.126866e-06 0.8660192 -0.5000107 3.134195e-06 0.8660594 -0.4999411 -1.839637e-05 0.8660019 -0.5000408 3.889311e-06 0.8660412 -0.4999726 -8.081794e-06 0.8659955 -0.5000517 1.242957e-05 0.8660352 -0.499983 8.331556e-07 0.866041 -0.4999729 0 0.8660474 -0.499962 0 0.8660473 -0.4999621 0 0.8660158 -0.5000167 0 0.8659942 0.500054 0 0.8659943 0.5000539 0 0.8660403 0.4999743 0 0.8660197 0.50001 0 0.8660197 0.50001 -0 0.8660691 0.4999243 0 0.8660713 0.4999205 1.786725e-05 0.8659945 0.5000535 -4.623467e-06 0.8659943 0.5000539 -4.667169e-06 0.8659868 0.5000669 -1.182607e-05 0.8659679 0.5000995 -1.734967e-05 0.8660389 0.4999765 -3.065265e-06 0.8659966 0.5000499 -1.428537e-05 0.86601 0.5000269 -6.237271e-06 0.8660393 0.4999758 6.938661e-06 0.8660295 0.4999929 1.524116e-06 0.8660334 0.499986 3.358685e-06 0.8660377 0.4999787 1.327498e-05 0.8660101 0.5000265 -3.384663e-06 0.8660663 0.4999292 2.17168e-05 0.8660257 0.4999997 -6.296204e-07 0.8660689 0.4999247 1.955346e-05 0.8659722 0.5000922 -1.976697e-05 0.8659893 0.5000625 -1.266318e-05 0.8660353 0.4999829 2.12284e-06 0.8659967 0.5000498 -1.426001e-05 0.8660679 0.4999262 1.511108e-05 0.8660354 0.4999827 4.628831e-06 0.8659976 0.5000482 -0 0.866041 0.4999729 0 0.8660329 0.499987 3.401109e-06 0.8660293 0.4999934 2.016579e-06 0.8660412 0.4999726 5.651103e-06 0.8660109 0.5000252 -7.944589e-06 0.8660352 0.499983 -8.331556e-07 0.8660655 0.4999305 1.638008e-05 0.8660256 0.4999997 9.138614e-07 0.8660412 0.4999726 5.651103e-06 0.8660109 0.5000252 -7.944589e-06 0.8660352 0.499983 -8.331556e-07 0.866041 0.4999729 -0 0.8660292 0.4999936 0 0.8660291 0.4999936 -0 0.8659976 0.5000482 0 0 1 0 0 1 0 0 1 0 0 1 0 0 1 0 0 1 0 0 1 0 -0 1 0 0 1 0 0 1 0 0 1 0 0 1 0 0 1 -0 0 1 0 0 1 0 0 1 0 0 1 0 -0 1 0 -0 1 0 -0 1 0 0 1 0 0 1 0 0 1 -0 0 1 -0 -0 1 0 -0 1 0 -0 1 0 0 1 -0 0 1 0 0 1 0 0 1 0 0 1 0 -0 1 0 -0 1 0 0 1 0 0 1 0 0 1 -0 0 1 0 0 1 0 0 1 0 -0 1 0 -0 1 0 -0 1 0 -0 1 0 -0.8660008 0.5000426 0 -0.8660194 0.5000105 2.216741e-06 -0.8660383 0.4999777 0 -0.8660383 0.4999777 0 -0.8660048 0.5000358 0 -0.8660324 0.4999879 2.331938e-06 -0.8660182 0.5000126 7.807691e-07 -0.866048 0.4999609 6.978316e-06 -0.8660108 0.5000253 -4.117318e-06 -0.8660347 0.499984 5.130396e-06 -0.8659994 0.5000449 -1.437654e-05 -0.8660066 0.5000325 2.335547e-06 -0.8660594 0.4999413 -1.309247e-05 -0.8659835 0.5000725 2.161242e-06 -0.8660625 0.4999358 1.40548e-05 -0.8660185 0.5000119 -1.366947e-06 -0.8660215 0.5000067 1.743918e-07 -0.8659866 0.5000671 2.36581e-05 -0.8660097 0.5000272 9.738702e-06 -0.8660063 0.5000332 1.12818e-05 -0.8660464 0.4999636 -1.079966e-05 -0.8660713 0.4999205 -2.240314e-05 -0.8660566 0.4999459 -1.158082e-05 -0.8660077 0.5000306 8.55596e-06 -0.8660068 0.5000322 8.843147e-06 -0.8660213 0.5000072 9.216054e-07 -0.866068 0.4999261 1.217662e-05 -0.8659874 0.5000659 -1.399556e-05 -0.8659975 0.5000482 2.193917e-06 -0.8660147 0.5000187 0 -0.8660291 0.4999936 0 -0.8660292 0.4999936 0 -0.866041 0.4999729 0 -0.8660409 0.4999731 2.230358e-06 -0.8660351 0.4999832 1.385285e-06 -0.8660358 0.499982 1.580465e-06 -0.8660105 0.5000258 -2.209253e-06 -0.8660233 0.5000035 1.720455e-06 -0.8660673 0.4999272 -1.96586e-05 -0.8660445 0.4999668 -1.087009e-05 -0.8660413 0.4999724 -9.876613e-06 -0.8660106 0.5000256 3.90449e-06 -0.8660074 0.5000311 4.819554e-06 -0.866078 -0.499909 0 -0.8660638 -0.4999333 -1.396108e-06 -0.865949 -0.5001323 -9.575779e-08 -0.8660474 -0.4999619 0 -0.86602 -0.5000092 -2.75158e-06 -0.865967 -0.5001012 -2.21263e-06 -0.8659705 -0.500095 2.337544e-05 -0.8659939 -0.5000545 1.131923e-05 -0.8660405 -0.4999737 -1.044059e-05 -0.8660495 -0.4999582 -1.235229e-05 -0.8659874 -0.5000659 6.546817e-06 -0.8660696 -0.4999234 -1.367882e-05 -0.8660241 -0.5000023 -4.051523e-06 -0.866042 -0.4999713 -9.450918e-06 -0.8660486 -0.4999598 -9.938721e-06 -0.8660333 -0.4999863 -2.051573e-06 -0.8660258 -0.4999992 2.537991e-06 -0.8659725 -0.5000917 2.693978e-05 -0.8660489 -0.4999592 -1.599898e-05 -0.8660695 -0.4999236 -2.580231e-05 -0.8660607 -0.4999388 -1.256453e-05 -0.8659717 -0.500093 2.817937e-05 -0.8660297 -0.4999924 -4.340135e-06 -0.8660338 -0.4999856 -6.223963e-06 -0.8659906 -0.5000603 1.00542e-05 -0.8660305 -0.4999913 1.623375e-07 -0.8660036 -0.5000377 9.057964e-06 -0.8660353 -0.4999828 -3.197525e-06 -0.8659971 -0.5000491 6.307312e-06 -0.8660619 -0.4999368 -1.522578e-05 -0.8660412 -0.4999725 -8.120033e-06 -0.8660447 -0.4999665 -8.672011e-06 -0.8660658 -0.4999301 -1.528749e-05 -0.8660166 -0.5000152 1.130875e-07 -0.8660305 -0.4999913 -4.975525e-08 -0.8659981 -0.5000473 4.95478e-06 -0.8660303 -0.4999915 -4.12471e-06 -0.8660418 -0.4999716 -5.907676e-06 -0.8660412 -0.4999727 -5.718399e-06 -0.8660138 -0.5000201 -1.365404e-06 -0.8660403 -0.499974 -9.725342e-06 -0.8660473 -0.4999622 4.065419e-06 -0.8660159 -0.5000166 -4.065271e-06 -0.8660166 -0.5000153 -3.963087e-06 0 -1 0 0 -1 0 0 -1 0 0 -1 0 0 -1 -0 0 -1 0 -0 -1 0 -0 -1 0 0 -1 0 0 -1 0 0 -1 0 0 -1 0 0 -1 0 0 -1 -0 -0 -1 0 -0 -1 0 -0 -1 0 -0 -1 0 -0 -1 0 0 -1 -0 0 -1 0 0 -1 -0 0 -1 0 0 -1 -0 0 -1 0 0 -1 0 0 -1 0 0 -1 0 0 -1 0 0 -1 -0 -0 -1 0 -0 -1 -0 -0 -1 0 0 -1 0 0 -1 0 0 -1 0 0 -1 0 0 -1 0 0 -1 0 0 -1 -0 0 -1 0 0 -1 -0 0 -1 -0 0 0 1 0 -0 1 0 0 1 0 -0 1 0 0 1 0 0 1 0 -0 1 0 0 1 0 -0 1 0 0 1 0 -0 1 0 0 1 0 -0 1 0 -0 1 0 0 1 0 0 1 0 -0 1 0 0 1 0 -0 1 0 0 1 0 -0 1 0 0 1 0 -0 1 0 0 1 0 -0 1 -0 0 1 0 -0 1 -0 0 1 0 -0 1 0 0 1 -0 0 1 0 -0 1 -0 0 1 0 -0 1 -0 0 1 0 -0 1 -0 0 1 0 -0 1 -0 0 1 0 0 1 0 -0 1 -0 0 1 0 -0 1 -0 0 1 0 -0 1 -0 0 1 0 -0 1 -0 0 1 0 0 1 0 0 1 -0 0 1 0 0 1 -0 0 1 0 0 1 -0 0 1 -0 0 1 0 0 1 0 -0 1 0 0 1 0 -0 1 0 0 1 0 -0 1 0 0 1 0 0 1 -0 0 1 0 -0 1 -0 0 1 0 -0 1 -0 0 1 0 -0 1 -0 0 1 0 -0 1 -0 0 1 -0 0 1 0 0 1 0 0 1 0 0 1 0 0 1 0 0 1 0 0 1 0 0 1 0 0 1 0 -0 1 0 0 1 0 -0 1 0 0 1 0 0 1 0 0 1 0 0 1 0 0 1 0 0 1 0 -0 1 0 0 1 0 -0 1 0 0 1 0 -0 1 0 0 1 0 0 1 0 -0 1 0 0 1 0 -0 1 0 0 1 0 -0 1 0 0 1 0 -0 1 0 0 1 0 0 1 0 -0 1 0 0 1 0 -0 1 0 0 1 0 -0 1 0 0 1 0 -0 1 0 0 1 0 0 1 0 -0 1 0 0 1 0 -0 1 0 0 1 0 -0 1 0 0 1 0 -0 1 0 -0 1 0 0 1 0 0 1 0 0 1 0 0 1 0 0 1 0 0 1 0 0 1 0 0 1 0 0 1 0 0 1 0 0 1 0 0 1 0 -0 1 0 0 1 0 -0 1 0 0 1 0 -0 1 0 0 1 0 -0 1 0 0 1 0 -0 1 0 -0 1 0 0 1 0 0 1 0 0 1 0 0 1 0 0 1 0 0 1 0 0 1 0 0 1 0 0 1 0 0 1 0 0 1 0 0 1 0 0 1 0 0 1 0 0 1 0 0 1 0 0 1 0.1828992 0.6815103 0.7085842 0.6080176 0.3589427 0.7081489 0.7025642 -0.07306386 0.7078596 0.6622937 -0.2452935 0.7079536 0.3868642 -0.5911501 0.7077271 0.099484 -0.6994324 0.7077409 -0.2045737 -0.6762279 0.7077185 -0.420641 -0.5678729 0.7075177 -0.5876951 -0.3932133 0.7071053 -0.05697546 0.7088636 0.7030407 -0.666379 0.2381665 0.706552 -0.6867747 0.1693528 0.7068664 -0.6923708 -0.1415187 0.7075275 -0.691357 -0.1467543 0.7074522 -0.6932536 -0.1377795 0.707401 -0.6952272 -0.1223676 0.7082974 -0.6944873 -0.1403838 0.7056769 -0.6969371 -0.1224158 0.7066067 -0.6986737 -0.1049221 0.707705 -0.701233 -0.09156751 0.7070273 -0.6996167 -0.1059843 0.7066143 -0.701529 -0.0916748 0.7067198 -0.7006133 -0.1032736 0.706028 -0.7038114 -0.06047518 0.707808 -0.7040701 -0.06919609 0.7067511 -0.7049077 -0.06053191 0.7067114 -0.7059574 -0.0342219 0.7074271 -0.7062682 -0.03052432 0.7072859 -0.7062575 -0.03475638 0.7071015 -0.706402 -0.03130632 0.7071182 -0.7064027 -0.03436858 0.7069753 -0.7071609 -0.0005881954 0.7070525 -0.7071765 -0.0007919458 0.7070366 -0.7070229 0.0003623102 0.7071905 -0.7066689 0.03075322 0.7068757 -0.7062078 0.03452691 0.7071623 -0.7061663 0.03490477 0.7071852 -0.7063466 0.03124155 0.7071765 -0.7059835 0.03499451 0.7073632 -0.7046908 0.06293205 0.7067181 -0.7047298 0.06260633 0.7067081 -0.7032581 0.0695876 0.7075207 -0.7004161 0.09428345 0.7074799 -0.7056537 0.06986885 0.7051037 -0.6994008 0.10418 0.7070963 -0.7007636 0.09454376 0.707101 -0.698876 0.1039858 0.7076434 -0.6953482 0.1369482 0.7055041 -0.6880696 0.1581174 0.7082083 -0.6934095 0.1363042 0.707534 -0.6962457 0.1266408 0.7065437 -0.6961922 0.1269819 0.7065352 -0.6859702 0.1691848 0.7076873 -0.6892569 0.1587348 0.7069145 -0.6893373 0.1584646 0.7068968 -0.6781725 0.2029043 0.7063369 -0.6675145 0.2244689 0.7099565 -0.6775983 0.2011676 0.7073839 -0.6795533 0.1966996 0.7067649 -0.6842729 0.1776587 0.7072538 -0.6472593 0.2852079 0.7069031 -0.6509618 0.2766368 0.7069093 -0.6545633 0.2681262 0.7068629 -0.645133 0.2837653 0.7094228 -0.6693595 0.2371038 0.7040879 -0.6590042 0.2554746 0.7074222 -0.6662317 0.2352512 0.7076668 -0.6702583 0.2267033 0.7066537 -0.6701871 0.2268972 0.706659 -0.6565263 0.2693203 0.7045848 -0.6399983 0.2990219 0.7078052 -0.6329541 0.3131091 0.7080479 -0.642265 0.3007728 0.7050046 -0.6184925 0.3397343 0.7085531 -0.6246263 0.3303603 0.7076045 -0.6183649 0.3427899 0.7071916 -0.6187909 0.3420096 0.7071968 -0.6266024 0.3314162 0.70536 -0.6061731 0.3625069 0.7079145 -0.6015615 0.3693539 0.7083089 -0.6087769 0.3618892 0.7059937 -0.6036638 0.3696152 0.7063814 -0.5887969 0.3904708 0.7077082 -0.5857537 0.3954437 0.7074721 -0.5889628 0.3906102 0.7074931 -0.5863923 0.394883 0.7072564 -0.5892715 0.3912511 0.7068816 -0.5693001 0.4194143 0.707099 -0.5695101 0.4192125 0.7070495 -0.5694543 0.4192652 0.7070634 -0.5691099 0.4195744 0.7071572 -0.5494639 0.4454408 0.7068747 -0.5473986 0.4471779 0.7073802 -0.5492658 0.445408 0.7070494 -0.5481391 0.4468731 0.7069992 -0.5474724 0.4477012 0.7069919 -0.4791368 0.5130091 0.7122146 -0.4905258 0.5090362 0.7072953 -0.4562268 0.540683 0.7067665 -0.4566448 0.5403222 0.7067725 -0.4795795 0.5127715 0.7120878 -0.5058278 0.494997 0.7064816 -0.5208123 0.4792077 0.7064805 -0.5044792 0.4921902 0.7094009 -0.533195 0.4668793 0.7054975 -0.5281862 0.470708 0.7067202 -0.5286087 0.4703221 0.7066612 -0.4141401 0.5744983 0.7060027 -0.4139184 0.5746598 0.7060013 -0.442487 0.5489128 0.7091545 -0.4329216 0.5514661 0.7130667 -0.4336386 0.5511517 0.7128741 -0.3568061 0.6114087 0.7063065 -0.3927848 0.5866563 0.7082052 -0.3836746 0.5872384 0.7127026 -0.3834166 0.5873297 0.7127661 -0.3374849 0.615494 0.7122297 -0.356662 0.6114132 0.7063754 -0.3569458 0.6113255 0.7063079 -0.2967791 0.6418737 0.7070504 -0.2811732 0.6417177 0.7135405 -0.2967642 0.6418773 0.7070533 -0.3216102 0.62982 0.7070317 -0.327104 0.6270509 0.7069725 -0.1917925 0.683515 0.704289 -0.192397 0.6833426 0.7042913 -0.223409 0.6643119 0.7132868 -0.2238364 0.6645155 0.712963 -0.245633 0.6625338 0.707611 -0.2444723 0.6627672 0.7077943 -0.2653354 0.6567324 0.7059035 -0.2658875 0.6565139 0.705899 -0.1234457 0.7002612 0.7031325 -0.125829 0.6998162 0.7031533 -0.1637866 0.6806763 0.7140403 -0.1602681 0.6769381 0.7183794 -0.1920269 0.6834753 0.7042636 -0.05738476 0.7088256 0.7030457 -0.09351432 0.6964853 0.7114515 -0.1027203 0.6915086 0.7150276 -0.09661759 0.6738982 0.7324796 -0.1258366 0.6998359 0.7031321 -0.6756905 -0.2067955 0.707586 -0.675796 -0.2064684 0.7075808 -0.6854541 -0.1809941 0.7052615 -0.6861349 -0.1737397 0.7064229 -0.6927323 -0.1403368 0.7074091 -0.6525701 -0.2709991 0.7076099 -0.653004 -0.2700321 0.7075793 -0.6665569 -0.2407843 0.7054961 -0.6667512 -0.2395907 0.7057189 -0.6758905 -0.2061485 0.7075837 -0.6229184 -0.3337906 0.7075002 -0.6401445 -0.3026882 0.7061126 -0.6424001 -0.2986543 0.7057817 -0.6412655 -0.3031922 0.7048781 -0.6525457 -0.2710578 0.7076098 -0.5868049 -0.3945735 0.7070869 -0.6062273 -0.3644649 0.7068619 -0.6136193 -0.3542274 0.7056872 -0.6092232 -0.3660469 0.7034606 -0.6227953 -0.3340237 0.7074985 -0.5721118 -0.4237465 0.70223 -0.5803333 -0.4074134 0.7051437 -0.5679778 -0.420945 0.7072528 -0.5404931 -0.4557457 0.707222 -0.5298007 -0.4776147 0.7008533 -0.5473911 -0.4483597 0.7066375 -0.5475805 -0.4480565 0.706683 -0.567256 -0.4218995 0.7072634 -0.4732758 -0.5246203 0.7076607 -0.4879112 -0.5126352 0.706504 -0.5029536 -0.5003597 0.7047538 -0.4992599 -0.5029879 0.7055089 -0.5022987 -0.4991502 0.7060772 -0.5244236 -0.4736588 0.7075502 -0.4211883 -0.567463 0.7075211 -0.4484245 -0.5480332 0.7060984 -0.4531001 -0.5454447 0.7051173 -0.4495203 -0.5490769 0.7045893 -0.4732239 -0.5246673 0.7076606 -0.3647077 -0.6055657 0.7073036 -0.3636012 -0.6062453 0.7072911 -0.402508 -0.5823637 0.7062859 -0.3955481 -0.5903764 0.7035606 -0.4210756 -0.5675024 0.7075567 -0.3050131 -0.6381843 0.706886 -0.3345463 -0.6229529 0.7071127 -0.349119 -0.6152132 0.7068443 -0.3379188 -0.6264208 0.70243 -0.3647013 -0.60557 0.7073032 -0.2654524 -0.6547741 0.7076765 -0.267568 -0.6539174 0.7076719 -0.2942419 -0.6453747 0.7049207 -0.2886433 -0.6493972 0.7035399 -0.3051289 -0.6381232 0.7068912 -0.2033523 -0.6765977 0.7077171 -0.2045887 -0.6762533 0.7076899 -0.2359143 -0.6686683 0.7051433 -0.2371562 -0.6678884 0.7054658 -0.2676113 -0.6538907 0.7076801 -0.1395827 -0.6926342 0.7076542 -0.1395344 -0.6926442 0.707654 -0.1758676 -0.686599 0.7054448 -0.1759855 -0.6865354 0.7054773 -0.1732195 -0.6880198 0.7047154 -0.1075105 -0.7021841 0.7038317 -0.1144676 -0.6993952 0.7055095 -0.1069178 -0.699832 0.7062604 -0.05420704 -0.707324 0.7048081 -0.07321483 -0.7029262 0.7074845 -0.07314949 -0.7029335 0.7074841 -0.03493796 -0.7119756 0.7013345 -0.05228645 -0.7071819 0.7050956 -0.03436255 -0.7060943 0.7072835 0.01042588 -0.7068868 0.7072499 0.03262537 -0.7134632 0.6999329 -0.0009932653 -0.70749 0.7067226 -0.0008362727 -0.7075179 0.7066949 -0.03386628 -0.7061137 0.7072883 0.09943338 -0.6994398 0.7077407 0.06624183 -0.7073973 0.7037053 0.07308806 -0.7054375 0.7049938 0.06634368 -0.7049971 0.7061003 0.03237609 -0.7059067 0.7075645 0.1329677 -0.6962165 0.7054092 0.1351513 -0.6961211 0.7050883 0.1327634 -0.6971154 0.7045593 0.1875478 -0.6832489 0.7056889 0.1649908 -0.6868308 0.7078429 0.1656205 -0.6866793 0.7078428 0.239072 -0.6653732 0.7071939 0.2414006 -0.664561 0.7071665 0.1957504 -0.6801516 0.7064528 0.2089228 -0.6806695 0.7021683 0.1869749 -0.6833336 0.7057588 0.301061 -0.6401339 0.7068175 0.2706584 -0.6531674 0.7071891 0.2549148 -0.6597652 0.7069146 0.2721053 -0.6591806 0.7010275 0.2394939 -0.665264 0.7071538 0.3595016 -0.6097651 0.7063605 0.3685223 -0.606877 0.7041957 0.3869697 -0.5910795 0.7077283 0.386933 -0.5911046 0.7077274 0.3291481 -0.6253889 0.7074958 0.3303879 -0.6247562 0.7074769 0.3121429 -0.6344081 0.7071727 0.3331574 -0.6319578 0.6997396 0.3003168 -0.6404237 0.7068714 0.4459552 -0.547804 0.7078381 0.4464548 -0.547358 0.707868 0.4203155 -0.5713502 0.7049069 0.4218275 -0.5708206 0.7044327 0.4043703 -0.5806882 0.7066017 0.4956739 -0.5034549 0.7077008 0.4727415 -0.5277378 0.705697 0.4689988 -0.531797 0.7051468 0.4741648 -0.529475 0.7034372 0.4462363 -0.5475761 0.7078372 0.5406786 -0.4550745 0.7075124 0.5197724 -0.4805719 0.7063195 0.5141667 -0.4883575 0.7050812 0.5222902 -0.4835816 0.7023972 0.495812 -0.5033206 0.7076997 0.5756527 -0.4105633 0.7071504 0.5621629 -0.4293094 0.7068707 0.5622385 -0.4291785 0.7068902 0.5556245 -0.4412078 0.7047107 0.5665823 -0.4330331 0.7010471 0.5408263 -0.4549017 0.7075107 0.6058144 -0.3629289 0.7080053 0.591486 -0.3935935 0.7037247 0.5927315 -0.390543 0.7043759 0.5904222 -0.3926688 0.7051332 0.5757491 -0.4104291 0.7071498 0.6367157 -0.3054883 0.7080044 0.6248777 -0.3367123 0.704381 0.6249074 -0.3366016 0.7044075 0.6249077 -0.3366013 0.7044075 0.605656 -0.3631935 0.7080051 0.662329 -0.2451993 0.7079532 0.6527973 -0.2772986 0.7049547 0.652412 -0.2801563 0.7041811 0.6542901 -0.2773876 0.7035343 0.6367028 -0.3055148 0.7080044 0.6801348 -0.1930968 0.7071989 0.6737301 -0.2211116 0.7051222 0.6779597 -0.2161283 0.7026088 0.6633953 -0.2432447 0.7076289 0.6885462 -0.1601568 0.7072863 0.702339 -0.1428783 0.6973562 0.6860979 -0.1726742 0.7067201 0.686252 -0.1722572 0.7066723 0.6799483 -0.1937579 0.7071974 0.7023028 -0.07565191 0.7078472 0.7046751 -0.1095223 0.7010261 0.701777 -0.09901401 0.7054824 0.6997262 -0.1083568 0.7061459 0.6925352 -0.1404098 0.7075877 0.7060766 -0.009573729 0.7080708 0.706095 -0.0104884 0.7080395 0.7099966 -0.03666477 0.7032499 0.7072883 -0.04330814 0.7055973 0.7022775 -0.0756643 0.7078709 0.7032773 0.0691241 0.7075471 0.7059764 0.04581874 0.7067516 0.7059193 0.04621292 0.7067831 0.7102856 0.02617519 0.7034268 0.7090664 0.02265301 0.7047777 0.7060657 -0.01057266 0.7080674 0.6941845 0.1338599 0.7072408 0.7000934 0.1017924 0.7067584 0.7036446 0.08868185 0.7049963 0.7077136 0.1023808 0.699042 0.7032531 0.06939201 0.7075449 0.6888752 0.1597393 0.7070603 0.6874599 0.1653965 0.7071369 0.6936638 0.1506581 0.7043669 0.696636 0.1671346 0.6976849 0.6941972 0.1337911 0.7072413 0.6690356 0.227753 0.7074744 0.678603 0.2116918 0.7033382 0.67979 0.2301401 0.6963628 0.6793439 0.19702 0.706877 0.6379786 0.3022174 0.7082711 0.6503679 0.2814329 0.7055616 0.6676522 0.2592967 0.697858 0.658261 0.2711751 0.702251 0.6588168 0.2586165 0.7064545 0.6688133 0.2283863 0.7074804 0.6079053 0.359135 0.7081478 0.6267381 0.3322658 0.7048395 0.6311987 0.3281767 0.7027718 0.6301471 0.3339246 0.7010057 0.6379958 0.3021809 0.7082712 0.5730391 0.4125546 0.7081137 0.5728672 0.4127963 0.7081118 0.5983236 0.3816639 0.7045151 0.5981216 0.3901472 0.7000255 0.6074837 0.3606561 0.7077364 0.533086 0.463307 0.7079307 0.5331967 0.4631776 0.7079321 0.5619028 0.4327741 0.7049623 0.5610752 0.4436322 0.6988456 0.5730604 0.4125099 0.7081224 0.5005206 0.4974577 0.7085302 0.5001691 0.4978087 0.7085319 0.5238244 0.4830244 0.7016376 0.5230504 0.4857947 0.7003012 0.532909 0.4635732 0.7078899 0.450253 0.5432459 0.7086297 0.4529803 0.5409768 0.7086275 0.4791171 0.5274159 0.7016262 0.480436 0.5234113 0.70372 0.5003463 0.4976574 0.708513 0.4018441 0.5797547 0.7088059 0.4016245 0.5798919 0.7088181 0.4306773 0.5677222 0.7015757 0.4315597 0.5654258 0.7028868 0.4529998 0.5408959 0.7086767 0.3474761 0.6137249 0.7089443 0.3469899 0.6139315 0.7090036 0.3787597 0.6034716 0.701686 0.3789299 0.6030814 0.7019295 0.401759 0.5798134 0.7088062 0.30253 0.6379327 0.708179 0.3020051 0.6380625 0.7082861 0.324858 0.6363446 0.6996661 0.3278584 0.6318706 0.7023165 0.3472846 0.6138336 0.7089441 0.2435079 0.6624869 0.7083892 0.2437205 0.6624739 0.7083279 0.2674362 0.6629805 0.6992387 0.2743969 0.6535519 0.7053909 0.3020846 0.6381397 0.7081826 0.1830696 0.6814656 0.7085832 0.2239549 0.6861801 0.692099 0.2079382 0.6843888 0.6988375 0.2148324 0.6760228 0.7048689 0.243669 0.6624289 0.708388 0.1467452 0.700636 0.6982658 0.1536137 0.6928977 0.7044824 0.1533002 0.6931852 0.704268 0.09783925 0.7026437 0.7047831 0.12075 0.6949043 0.7088917 0.1208424 0.6948887 0.7088912 0.04154009 0.7044399 0.708547 0.04241622 0.7043815 0.7085531 0.08371785 0.7057182 0.7035291 0.07593205 0.7171519 0.692768 0.0783387 0.7155605 0.6941442 -0.0217531 0.7054774 0.7083985 -0.02192958 0.7054734 0.708397 0.02089287 0.7101125 0.7037781 0.01125141 0.7232252 0.6905207 0.04238494 0.7040175 0.7089167 -0.08513627 0.7007845 0.7082746 -0.08643647 0.7006379 0.7082622 -0.04182467 0.7088149 0.7041535 -0.05358629 0.7237474 0.6879812 -0.02181071 0.705496 0.7083782 -0.1405293 0.6926838 0.7074184 -0.1388051 0.6930249 0.7074246 -0.1041997 0.7013914 0.7051188 -0.1192364 0.7194034 0.6842818 -0.08517146 0.7007898 0.7082651 -0.1912943 0.6767329 0.7109424 -0.1934211 0.6761243 0.710946 -0.1681248 0.6992279 0.6948485 -0.1651916 0.6967279 0.6980559 -0.1402774 0.6926903 0.7074618 -0.2528654 0.6556021 0.7115089 -0.2525921 0.6557497 0.7114701 -0.2297194 0.6830673 0.6932879 -0.2267002 0.6806133 0.6966869 -0.193667 0.6761686 0.7108369 -0.3097463 0.6300202 0.7121318 -0.3096265 0.6301472 0.7120716 -0.2900697 0.6618325 0.6912577 -0.2871418 0.6595512 0.6946524 -0.2525702 0.655716 0.7115088 -0.3330028 0.6238112 0.7070846 -0.3463458 0.6339974 0.6914418 -0.3096142 0.6300852 0.7121318 0 0 -1 -0 0 -1 0 -0 -1 -0 0 -1 0 -0 -1 -0 0 -1 -0 0 -1 0 -0 -1 -0 0 -1 0 -0 -1 -0 0 -1 0 -0 -1 -0 0 -1 0 -0 -1 0 0 -1 0 -0 -1 0 0 -1 0 0 -1 0 0 -1 0 0 -1 0 -0 -1 0 -0 -1 0 -0 -1 0 0 -1 0 -0 -1 0 0 -1 0 -0 -1 0 0 -1 0 -0 -1 0 0 -1 0 0 -1 0 0 -1 -0 0 -1 0 0 -1 -0 0 -1 0 0 -1 0 0 -1 -0 0 -1 0 0 -1 -0 0 -1 0 0 -1 -0 0 -1 0 0 -1 -0 0 -1 -0 0 -1 0 0 -1 0 -0 -1 -0 0 -1 0 -0 -1 -0 0 -1 0 -0 -1 -0 0 -1 0 -0 -1 -0 0 -1 0 0 -1 0 -0 -1 -0 0 -1 0 -0 -1 -0 0 -1 0 -0 -1 -0 0 -1 0 -0 -1 -0 0 -1 0 -0 -1 0 -0 -1 0 -0 -1 0 0 -1 0 -0 -1 0 0 -1 0 -0 -1 0 0 -1 0 -0 -1 0 0 -1 0 0 -1 -0 0 -1 0 -0 -1 -0 0 -1 0 -0 -1 -0 0 -1 0 -0 -1 -0 0 -1 0 0 -1 0 0 -1 0 0 -1 0 0 -1 0 0 -1 0 0 -1 0 0 -1 0 0 -1 -0 0 -1 0 0 -1 -0 0 -1 0 0 -1 -0 0 -1 0 0 -1 -0 0 -1 0 0 -1 0 0 -1 0 0 -1 0 0 -1 0 0 -1 0 -0 -1 0 0 -1 0 -0 -1 0 0 -1 0 -0 -1 0 0 -1 0 -0 -1 0 0 -1 0 -0 -1 0 0 -1 0 -0 -1 0 0 -1 0 -0 -1 0 0 -1 0 0 -1 0 0 -1 0 -0 -1 -0 0 -1 0 0 -1 0 0 -1 -0 0 -1 0 0 -1 0 0 -1 0 0 -1 0 0 -1 0 0 -1 0 0 -1 0 0 -1 0 0 -1 0 0 -1 0 0 -1 0 0 -1 0 0 -1 0 0 -1 0 0 -1 0 0 -1 0 0 -1 0 0 -1 0 0 -1 0 0 -1 -0 0 -1 0 -0 -1 -0 0 -1 -0 0 -1 0 0 -1 -0 0 -1 0 0 -1 -0 0 -1 0 0 -1 -0 0 -1 0 0 -1 -0 0 -1 0 0 -1 -0 0 -1 -0 0 -1 -0 0 -1 0 -0 -1 -0 0 -1 0 -0 -1 -0 0 -1 0 -0 -1 0 -0 -1 -0.7047095 0.123878 -0.6985978 -0.528475 0.4680687 -0.7082555 -0.660757 0.2430006 -0.7101766 -0.7043909 0.006595376 -0.7097817 -0.6809329 -0.182808 -0.7091627 -0.4640204 -0.5336052 -0.7070717 0.2495931 -0.6607097 -0.7079307 0.3174835 -0.6309824 -0.7078597 0.5116244 -0.4869325 -0.7079104 0.6027552 0.3693371 -0.7073021 0.5614857 0.4289065 -0.7076531 -0.4462513 0.5496658 -0.7062062 -0.4443691 0.5511439 -0.706241 -0.4680938 0.526955 -0.7093706 -0.4673433 0.5282654 -0.7088906 -0.488628 0.5025869 -0.7131964 -0.4430124 0.5449977 -0.711841 -0.4270926 0.5656533 -0.7054278 -0.4427917 0.5524133 -0.7062401 -0.4418658 0.5464879 -0.711411 -0.4204972 0.5691419 -0.7065831 -0.3973245 0.5843371 -0.7075899 -0.3931846 0.5873635 -0.7073967 -0.3978018 0.5842971 -0.7073547 -0.1843089 0.6823038 -0.7074544 -0.1842854 0.6823135 -0.7074512 -0.1577982 0.6893368 -0.7070463 -0.182374 0.6833369 -0.7069585 -0.3941943 0.5870618 -0.7070851 -0.3935887 0.5874934 -0.7070639 -0.3976397 0.5847708 -0.7070543 -0.3942954 0.5873695 -0.7067731 -0.368434 0.6032653 -0.7073382 -0.3660318 0.6053708 -0.7067864 -0.3697248 0.6033303 -0.706609 -0.335544 0.622199 -0.7073036 -0.3386751 0.6205639 -0.707248 -0.3364702 0.6219651 -0.7070694 -0.3383855 0.6209203 -0.7070737 -0.3365403 0.6221815 -0.7068456 -0.3076496 0.6365877 -0.707183 -0.306641 0.637207 -0.7070633 -0.3075343 0.6368215 -0.7070227 -0.3068661 0.6371744 -0.7069951 -0.2757782 0.6511865 -0.7070377 -0.2763942 0.6508843 -0.7070755 -0.2759298 0.6510845 -0.7070726 -0.2765905 0.6506912 -0.7071766 -0.2452891 0.6634548 -0.706867 -0.2463052 0.663017 -0.7069246 -0.2453938 0.6633207 -0.7069566 -0.2462039 0.6629397 -0.7070322 -0.2135119 0.6742645 -0.7069511 -0.215695 0.6734744 -0.7070417 -0.2139178 0.6740564 -0.707027 -0.2153807 0.6733586 -0.7072476 -0.2148299 0.67353 -0.707252 -0.1805537 0.6840618 -0.7067247 -0.1123687 0.6974769 -0.7077424 -0.09857691 0.7002902 -0.7070193 -0.1127249 0.6981714 -0.7070006 -0.1467502 0.6921661 -0.7066614 -0.157101 0.688658 -0.7078626 -0.1464992 0.6910948 -0.7077612 -0.1308152 0.6955372 -0.706481 -0.1305528 0.6955953 -0.7064725 -0.0787103 0.7042751 -0.7055503 -0.09858474 0.6999874 -0.7073179 -0.07772963 0.7022617 -0.7076628 -0.007677327 0.7095971 -0.7045659 -0.03457441 0.7026047 -0.7107399 -0.06709652 0.704433 -0.706592 -0.06730861 0.7043947 -0.70661 -0.04325635 0.7053121 -0.7075759 -0.03579936 0.7060838 -0.7072228 -0.04322355 0.7056572 -0.7072338 -0.04264971 0.7057227 -0.7072033 0.1306955 0.6948034 -0.7072248 0.1323431 0.6946638 -0.7070554 0.1293403 0.6952845 -0.7070012 -0.03531746 0.7024794 -0.7108272 -0.004322622 0.7071893 -0.707011 0.02838521 0.7066719 -0.7069718 0.02641967 0.7066525 -0.7070673 0.02851393 0.7065807 -0.7070577 0.02660955 0.7065827 -0.70713 0.02869053 0.7064331 -0.7071981 0.02666091 0.7064578 -0.7072529 0.06283098 0.7047076 -0.7067103 0.05766061 0.7043525 -0.7075047 0.09468559 0.7013644 -0.7064862 0.0796902 0.7025015 -0.7072065 0.09738757 0.7003359 -0.7071388 0.0802401 0.7022113 -0.7074326 0.0967801 0.7001514 -0.7074049 0.1022061 0.6999696 -0.7068213 0.1018929 0.6999904 -0.7068459 0.1324272 0.6946705 -0.7070332 0.1311838 0.6949074 -0.7070322 0.1642307 0.6878835 -0.7069969 0.2614822 0.6564432 -0.7076082 0.2612244 0.6565621 -0.7075931 0.235883 0.6685187 -0.7052956 0.1633939 0.687969 -0.7071075 0.1621089 0.6881123 -0.7072639 0.1974538 0.6794279 -0.7066751 0.1797039 0.6828357 -0.7081257 0.1979173 0.6788387 -0.7071115 0.1941404 0.6795727 -0.7074535 0.1977138 0.6785144 -0.7074797 0.2301677 0.6695071 -0.7062458 0.3242454 0.6278198 -0.7076066 0.2932684 0.645187 -0.7054979 0.2939989 0.6447687 -0.7055765 0.2940632 0.6447517 -0.7055653 0.2616566 0.6563734 -0.7076085 0.3837753 0.5934992 -0.7074426 0.3548789 0.6125646 -0.7062758 0.3497851 0.6162793 -0.7055851 0.355325 0.6141698 -0.7046558 0.324091 0.6278992 -0.707607 0.4313371 0.5602955 -0.707119 0.4123338 0.5747124 -0.706885 0.402987 0.5832337 -0.7052943 0.4138414 0.5777393 -0.7035286 0.3837378 0.5935232 -0.7074429 0.4518491 0.5437919 -0.7071935 0.4734081 0.5333741 -0.700997 0.4434856 0.5511751 -0.706772 0.4438284 0.5509605 -0.706724 0.4279651 0.5628635 -0.7071285 0.5178353 0.4807194 -0.7076408 0.4960711 0.5074015 -0.7045972 0.4992488 0.5029768 -0.7055247 0.4949192 0.5063976 -0.7061278 0.4688877 0.5287447 -0.7075121 0.5613477 0.429087 -0.7076532 0.5418909 0.4568832 -0.7054162 0.5418556 0.4569462 -0.7054026 0.5418025 0.4569984 -0.7054095 0.5175433 0.4810349 -0.7076399 0.6024557 0.3698166 -0.7073067 0.5929515 0.3853977 -0.7070199 0.5797988 0.40702 -0.7058102 0.5838063 0.4034525 -0.7045539 0.5616595 0.4287034 -0.7076383 0.6488735 0.2803574 -0.7073632 0.6367364 0.307958 -0.7069148 0.6156225 0.348257 -0.706913 0.6126412 0.3537237 -0.7067888 0.6234434 0.3430083 -0.702612 0.6024637 0.3697742 -0.7073221 0.6416177 0.2982622 -0.7066586 0.6542458 0.2827843 -0.7014239 0.6353232 0.3107404 -0.7069687 0.6724843 0.2169904 -0.7075875 0.6725882 0.2166045 -0.707607 0.6672406 0.240931 -0.7047994 0.6624579 0.2489889 -0.7065084 0.6492267 0.2795201 -0.7073708 0.6914023 0.1455749 -0.7076516 0.6882412 0.164569 -0.70657 0.6881606 0.1650744 -0.7065306 0.6857169 0.1810312 -0.7049965 0.6839195 0.1845509 -0.7058294 0.6726993 0.2163124 -0.7075906 0.7023803 0.07812326 -0.7075018 0.6989991 0.1124853 -0.7062205 0.6985867 0.1196809 -0.7054453 0.70121 0.1130492 -0.7039348 0.6915109 0.1450667 -0.7076498 0.7068831 0.01207191 -0.7072273 0.705995 0.04541934 -0.7067589 0.7066637 0.05747719 -0.7052112 0.7097723 0.04628292 -0.7029091 0.7022924 0.07886133 -0.707507 0.709509 -0.005262421 -0.7046767 0.7123266 -0.02238971 -0.7014909 0.7068878 0.01189932 -0.7072256 0.7052323 -0.05519782 -0.7068242 0.7066743 -0.02210297 -0.7071936 0.7066895 -0.02173419 -0.7071899 0.6997326 -0.09711137 -0.7077737 0.6997094 -0.09727734 -0.707774 0.7061201 -0.06790205 -0.7048288 0.7073408 -0.07706129 -0.7026597 0.70526 -0.05559181 -0.7067657 0.6971153 -0.131162 -0.7048594 0.6971759 -0.1299788 -0.7050186 0.6970075 -0.1303812 -0.7051108 0.6826133 -0.1953258 -0.7041924 0.6825924 -0.1910183 -0.7053932 0.687399 -0.1630138 -0.7077493 0.6874506 -0.1626657 -0.7077793 0.6874221 -0.1627871 -0.707779 0.6626025 -0.2504536 -0.7058547 0.6620956 -0.2589949 -0.7032433 0.669269 -0.2263561 -0.7077018 0.6693497 -0.2260629 -0.7077192 0.6690693 -0.2269042 -0.7077151 0.6395345 -0.3081509 -0.7043002 0.6366906 -0.3074604 -0.7071727 0.6347306 -0.3246919 -0.7012076 0.6342894 -0.3282535 -0.6999475 0.645177 -0.2883293 -0.7075401 0.6450238 -0.2887033 -0.7075272 0.6449889 -0.288783 -0.7075265 0.5940447 -0.3824748 -0.7076891 0.5938851 -0.3827054 -0.7076985 0.6095661 -0.3640251 -0.7042122 0.6125003 -0.354744 -0.7063994 0.6274602 -0.325231 -0.7074732 0.5551525 -0.4367335 -0.7078626 0.5552376 -0.4366372 -0.7078553 0.5749187 -0.4163754 -0.7043436 0.5769831 -0.4110465 -0.7057842 0.5938111 -0.3828336 -0.7076912 0.5115461 -0.4870147 -0.7079105 0.514227 -0.4846205 -0.7076113 0.535634 -0.4654441 -0.7045978 0.5363147 -0.4639645 -0.7050556 0.5552633 -0.4365935 -0.7078622 0.4921523 -0.5105614 -0.7050624 0.4844418 -0.5235655 -0.7008534 0.4977166 -0.5046291 -0.7054273 0.4552489 -0.5411705 -0.707024 0.5004753 -0.5004753 -0.7064338 0.4798379 -0.5194769 -0.7070356 0.4344702 -0.5671868 -0.6996677 0.4454651 -0.5526534 -0.7043685 0.4295309 -0.5614204 -0.7073262 0.3932961 -0.587414 -0.7072927 0.3807366 -0.6061518 -0.6982977 0.4036425 -0.5810826 -0.7066936 0.4033512 -0.5813962 -0.7066019 0.4034807 -0.5812741 -0.7066284 0.4290042 -0.5618153 -0.7073323 0.3179599 -0.6307453 -0.7078573 0.3501354 -0.6199608 -0.7021778 0.3411858 -0.6222739 -0.7045335 0.3478042 -0.6167728 -0.7061328 0.3754609 -0.5986061 -0.7076015 0.2494079 -0.6607806 -0.7079298 0.2811539 -0.6508744 -0.7052056 0.284977 -0.6504312 -0.7040792 0.2844945 -0.6507379 -0.7039908 0.299856 -0.6410466 -0.7065024 0.187461 -0.6810919 -0.7077939 0.1863958 -0.6813913 -0.707787 0.2260181 -0.6719407 -0.705274 0.2204439 -0.6767036 -0.7024789 0.2490839 -0.6609644 -0.7078724 0.1225536 -0.6959779 -0.7075276 0.1227241 -0.6959463 -0.7075291 0.1656239 -0.6887659 -0.7058118 0.1569303 -0.6953598 -0.7013185 0.1868507 -0.6813084 -0.7077468 0.06226551 -0.7043564 -0.7071103 0.06697366 -0.7038966 -0.7071379 0.103992 -0.6999934 -0.7065372 0.09175587 -0.7082635 -0.6999598 0.1228397 -0.6959144 -0.7075405 0.009794996 -0.7059761 -0.708168 0.009932484 -0.7059787 -0.7081634 0.0419022 -0.7090905 -0.7038714 0.04304855 -0.7085711 -0.7043251 0.06635024 -0.7039495 -0.707144 -0.05445906 -0.7039496 -0.708159 -0.05599102 -0.7037179 -0.7082698 -0.0209434 -0.7098098 -0.704082 -0.02228592 -0.7103235 -0.7035226 0.01017974 -0.7059705 -0.7081681 -0.1191337 -0.6959885 -0.7081012 -0.08757322 -0.7039359 -0.7048441 -0.08357938 -0.7050059 -0.7042593 -0.08732565 -0.7060896 -0.7027174 -0.05498638 -0.7039095 -0.708158 -0.1736656 -0.6852642 -0.7072858 -0.1519914 -0.6922809 -0.7054402 -0.1456168 -0.6950171 -0.7040929 -0.1522603 -0.69609 -0.7016235 -0.1193812 -0.6959471 -0.7081001 -0.2261271 -0.6691946 -0.7078454 -0.1972885 -0.6867115 -0.6996461 -0.2068807 -0.6808469 -0.7026008 -0.1955373 -0.6804153 -0.7062578 -0.1736529 -0.6852675 -0.7072858 -0.2865319 -0.6453165 -0.7081426 -0.2588899 -0.6652545 -0.7002945 -0.2659641 -0.6593309 -0.7032395 -0.2575198 -0.6600991 -0.7056577 -0.2263577 -0.6691149 -0.7078471 -0.3444967 -0.61615 -0.7082945 -0.3185877 -0.6380883 -0.7009601 -0.3231588 -0.6329573 -0.7035151 -0.3172603 -0.6342623 -0.7050229 -0.286017 -0.645548 -0.7081398 -0.3937083 -0.5877092 -0.7068179 -0.3756743 -0.605272 -0.7017939 -0.3778344 -0.6019974 -0.7034487 -0.3746327 -0.6031452 -0.7041777 -0.3444165 -0.6161952 -0.7082942 -0.4274972 -0.5636107 -0.7068163 -0.5061593 -0.5584695 -0.6572021 -0.4450644 -0.5629942 -0.6963873 -0.4133273 -0.5734029 -0.7073681 -0.4135103 -0.5733124 -0.7073346 -0.4131145 -0.5735916 -0.7073393 -0.5112309 -0.4891844 -0.706641 -0.487388 -0.5120625 -0.7072799 -0.4755533 -0.523432 -0.7070134 -0.4954483 -0.5213106 -0.6948138 -0.4639356 -0.5336621 -0.7070844 -0.5813323 -0.4001873 -0.7084511 -0.5536988 -0.4412129 -0.7062215 -0.5652206 -0.4353909 -0.7006857 -0.5695664 -0.4217932 -0.7054677 -0.5814619 -0.3999739 -0.7084652 -0.5314097 -0.4655705 -0.707706 -0.5343975 -0.4621402 -0.7077044 -0.5196294 -0.4791562 -0.7073858 -0.5422607 -0.4752489 -0.6928865 -0.5107234 -0.4896378 -0.706694 -0.6151651 -0.3461309 -0.7083539 -0.6019366 -0.3755511 -0.7047225 -0.5991511 -0.3821917 -0.7035251 -0.607079 -0.3789739 -0.6984511 -0.5815042 -0.39994 -0.7084497 -0.6440547 -0.2889226 -0.70832 -0.6329606 -0.3200088 -0.7049505 -0.6312069 -0.3280877 -0.7028061 -0.6396537 -0.3233468 -0.697345 -0.6153406 -0.3458232 -0.7083519 -0.6674631 -0.2301455 -0.708185 -0.6589602 -0.2609742 -0.705453 -0.6586091 -0.2714305 -0.7018258 -0.6676024 -0.2648 -0.6958362 -0.6439222 -0.2892127 -0.7083221 -0.681052 -0.1823604 -0.7091635 -0.6816974 -0.208795 -0.7012083 -0.6822588 -0.2127514 -0.699471 -0.6851306 -0.2100527 -0.6974767 -0.6676553 -0.2296006 -0.7081807 -0.6946483 -0.1200973 -0.7092534 -0.6945713 -0.120544 -0.709253 -0.6980432 -0.1515959 -0.6998244 -0.6956764 -0.1535043 -0.7017626 -0.695603 -0.1535917 -0.7018162 -0.7023102 -0.05722995 -0.7095668 -0.7089398 -0.08935697 -0.6995855 -0.7075685 -0.09055185 -0.700819 -0.7076554 -0.09041676 -0.7007487 -0.7043923 0.006420686 -0.7097819 -0.7143409 -0.02658029 -0.6992928 -0.7141806 -0.02637809 -0.6994642 -0.7143783 -0.02595505 -0.6992782 -0.7022899 -0.05747767 -0.7095668 -0.7027169 0.05904571 -0.7090151 -0.7027409 0.05877941 -0.7090136 -0.7168958 0.03708296 -0.6961934 -0.7134197 0.03260981 -0.6999778 -0.7045135 0.006973872 -0.7096562 -0.6943138 0.1218076 -0.7092893 -0.6944372 0.1211243 -0.7092854 -0.7118113 0.1003678 -0.6951626 -0.7045155 0.09037299 -0.703911 -0.704631 0.09127907 -0.7036784 -0.6808087 0.1813438 -0.7096577 -0.6804314 0.1825132 -0.7097197 -0.7012739 0.1631938 -0.6939616 -0.694348 0.1530458 -0.7031769 -0.6943508 0.1211559 -0.7093647 -0.6610405 0.2422394 -0.7101728 -0.6608716 0.242488 -0.7102453 -0.6854544 0.2249594 -0.6924922 -0.6787548 0.2146095 -0.7023066 -0.6804842 0.1825305 -0.7096646 -0.629595 0.3172204 -0.7092119 -0.6480044 0.2903692 -0.7041136 -0.6575469 0.2823348 -0.698512 -0.6692302 0.2979123 -0.6807196 -0.6586772 0.2678672 -0.7031297 -0.598934 0.3719968 -0.709152 -0.6197358 0.3467932 -0.7040326 -0.6330118 0.3410004 -0.6949925 -0.6445242 0.3589719 -0.6750762 -0.6296802 0.3170476 -0.7092134 -0.5632196 0.4238649 -0.7093111 -0.5860567 0.400839 -0.7041773 -0.6046912 0.398423 -0.6896431 -0.6159672 0.4188336 -0.6672052 -0.5989692 0.371939 -0.7091526 -0.5283566 0.4682037 -0.7082546 -0.5473776 0.4514235 -0.7046947 -0.5731591 0.4550685 -0.6814699 -0.5839887 0.4775561 -0.6564277 -0.5631686 0.423934 -0.7093103 -0.4824312 0.5014881 -0.7181712 -0.4825409 0.5013824 -0.7181712 -0.5361236 0.5091516 -0.6733023 -0.532135 0.5028634 -0.6811466 -0.531931 0.5023999 -0.6816478 -0.5004146 0.5674192 -0.6539272 -0.4920815 0.554092 -0.6714445 -0.4923144 0.5546705 -0.6707959 -0.4552203 0.613014 -0.6457463 -0.4317811 0.5364684 -0.7250977 -0.4313216 0.536839 -0.725097 -0.4546161 0.6114664 -0.6476365 -0.4797305 0.65221 -0.5869249 -0.3682839 0.5541306 -0.7465294 -0.4449053 0.7146357 -0.5397733 -0.3753704 0.5685654 -0.7320045 -0.3683935 0.554057 -0.74653 -0.4882607 0.5030812 -0.7130995 -0.4692864 0.530611 -0.7058486 -0.4948645 0.5064083 -0.7061585 -0.5105847 0.4846821 -0.7102017 -0.5147017 0.4809735 -0.7097511 -0.5150999 0.4803756 -0.7098671 -0.5116325 0.4858372 -0.7086567 -0.5360019 0.4619196 -0.7066344 -0.5362477 0.4616356 -0.7066335 -0.5516838 0.4380839 -0.7097375 -0.5504981 0.4391825 -0.7099792 -0.566202 0.4111332 -0.7144122 -0.5550883 0.440819 -0.7053761 -0.5747143 0.4143318 -0.7057142 -0.5872768 0.3869511 -0.7108973 -0.588778 0.3852407 -0.7105843 -0.589092 0.3846038 -0.7106691 -0.5880556 0.3874159 -0.7099998 -0.6115616 0.3579886 -0.7055753 -0.6115767 0.3579632 -0.7055752 -0.6177449 0.3327137 -0.7125257 -0.6218128 0.326768 -0.7117385 -0.6218628 0.3266513 -0.7117482 -0.6208009 0.3345944 -0.7089803 -0.6432602 0.2968533 -0.7057581 -0.6431425 0.2971025 -0.7057605 -0.6426216 0.2758415 -0.714807 -0.6422108 0.2767096 -0.7148406 -0.6425568 0.2758638 -0.7148566 -0.6425526 0.2758769 -0.7148553 -0.6608378 0.2580377 -0.7047765 -0.6609697 0.2576946 -0.7047783 -0.6674643 0.2190925 -0.711681 -0.6621469 0.224749 -0.7148772 -0.6620573 0.224943 -0.7148991 -0.6620953 0.2172806 -0.7172301 -0.6852392 0.1918139 -0.7026056 -0.6971163 0.1623146 -0.698343 -0.6568053 0.1285667 -0.7430192 -0.6754175 0.158806 -0.7201331 -0.6764355 0.157349 -0.7194972 -0.6769351 0.1586231 -0.7187472 -0.6852004 0.1919521 -0.7026058 -0.704539 0.1236584 -0.6988086 -0.6630399 0.09612846 -0.7423864 -0.6628824 0.09626191 -0.7425096 0.8658009 0.5003887 0 -0.3563298 0.351344 -0.8657866 -0.3838561 0.3211027 -0.8657641 -0.4090635 0.2882121 -0.865795 -0.4314348 0.2534628 -0.8658063 -0.4508279 0.2170869 -0.8658103 -0.4908063 -0.09757809 -0.8657873 -0.4810516 -0.1377985 -0.865795 -0.468068 -0.176879 -0.8658095 -0.4520234 -0.2144633 -0.8658409 -0.1942677 -0.4610671 -0.865839 -0.1568858 -0.4751325 -0.8658152 -0.1194325 -0.4859018 -0.8658149 -0.08085041 -0.4938418 -0.8657849 0.2689557 -0.4219783 -0.8657928 0.3018008 -0.3991471 -0.8657932 0.3329843 -0.3735635 -0.865778 0.3622268 -0.3452589 -0.8657875 0.5001417 -0.01634256 -0.8657894 0.4998132 0.02443474 -0.8657885 0.4960993 0.06553847 -0.8657888 0.4889919 0.1061846 -0.8658013 0.326921 0.3788749 -0.8657808 0.294342 0.4046448 -0.8658091 0.2601784 0.4274609 -0.8657854 0.2239813 0.4474506 -0.8658061 -0.1305361 0.4830711 -0.865796 -0.1698316 0.4706742 -0.8658078 -0.207628 0.4552679 -0.865807 -0.2425583 0.437619 -0.8658262 -0.4727702 0.1638321 -0.8658218 -0.4840954 0.1264926 -0.865824 -0.4925736 0.08806084 -0.865804 -0.498059 0.04841468 -0.8657905 -0.4034571 -0.2959371 -0.8658196 -0.378458 -0.3273318 -0.8658081 -0.3507056 -0.3569793 -0.8657779 -0.320324 -0.3844613 -0.865784 -0.02416119 -0.4998687 -0.8657641 0.01673996 -0.5001726 -0.865764 0.05785004 -0.4970715 -0.865779 0.09849137 -0.4906429 -0.8657766 0.1387071 -0.4807808 -0.8658003 0.399911 -0.3008346 -0.865777 0.4233599 -0.2667822 -0.8657907 0.4439117 -0.2310052 -0.8657823 0.4613903 -0.1935903 -0.8658186 0.4731438 0.1627398 -0.8658237 0.4583004 0.2007474 -0.8658298 0.4411669 0.2361145 -0.8658069 0.4213831 0.2698689 -0.8657986 0.1337417 0.4821599 -0.8658147 0.09526001 0.4912118 -0.8658155 0.05588082 0.4972343 -0.8658149 0.01553931 0.5001877 -0.8657776 -0.3214115 0.3835852 -0.8657697 -0.3515595 0.3561081 -0.8657903 -0.3795291 0.3260868 -0.865809 -0.4050504 0.2938844 -0.8657749 -0.5003307 -0.009021344 -0.8657874 -0.4979163 -0.05013567 -0.8657747 -0.4920341 -0.0911056 -0.8657957 -0.4828331 -0.1312956 -0.8658139 -0.2734745 -0.4190609 -0.8657942 -0.2376995 -0.4403042 -0.8658124 -0.2008192 -0.4583125 -0.8658067 -0.1629293 -0.4730572 -0.8658354 0.1937284 -0.4613312 -0.8658192 0.22972 -0.444526 -0.8658091 0.2636711 -0.4252901 -0.8657979 0.2964745 -0.4030771 -0.8658127 0.4897782 -0.1024698 -0.8658044 0.4963651 -0.06338608 -0.8657967 0.4998826 -0.02309119 -0.8657853 0.5001521 0.01753549 -0.86576 0.3616252 0.3459543 -0.8657613 0.3321191 0.3743646 -0.8657644 0.3000796 0.4004364 -0.8657961 0.2660679 0.4238298 -0.8657807 -0.04248565 0.4986144 -0.8657821 -0.08347486 0.4933746 -0.8658022 -0.1238492 0.4847967 -0.8658138 -0.1633045 0.4729727 -0.8658109 -0.4364913 0.2446785 -0.865799 -0.4552119 0.2077563 -0.8658057 -0.4705797 0.1700321 -0.8658198 -0.4823936 0.1328973 -0.8658144 -0.4478021 -0.2232469 -0.8658141 -0.4290805 -0.2574007 -0.8658145 -0.4075656 -0.2903866 -0.8657747 -0.3829046 -0.3221486 -0.8657969 -0.07086681 -0.4953565 -0.8657943 -0.03083716 -0.4994573 -0.8657895 0.01000579 -0.5002806 -0.8658055 0.05088259 -0.4978476 -0.8657705 0.3403777 -0.3668763 -0.8657626 0.3691929 -0.3378561 -0.8657655 0.395687 -0.3064108 -0.8657622 0.4196865 -0.2725578 -0.8657802 0.4407326 -0.2369319 -0.8658049 0.494671 0.07568059 -0.8657789 0.4866347 0.1164001 -0.8658162 0.4754936 0.1559052 -0.8657941 0.4609445 0.1945798 -0.8658342 0.2146715 0.4519725 -0.8658158 0.1768626 0.4680258 -0.8658357 0.139831 0.4804318 -0.8658133 0.1019157 0.4898843 -0.8658097 -0.2510504 0.4328439 -0.8658059 -0.2842301 0.4118597 -0.8657857 -0.3163255 0.3877211 -0.8658005 -0.3467136 0.3607707 -0.8658142 -0.4989297 0.03837329 -0.8657925 -0.5004376 -0.002201086 -0.8657698 -0.4985487 -0.0431821 -0.8657855 -0.4932999 -0.08414938 -0.8657795 -0.3433018 -0.3640877 -0.8657852 -0.3123806 -0.390971 -0.8657714 -0.2788922 -0.4154907 -0.8657867 -0.2437184 -0.4370306 -0.8657976 0.1084989 -0.4885199 -0.8657807 0.1485884 -0.477812 -0.8658043 0.1872967 -0.4640075 -0.8658043 0.224045 -0.4473568 -0.8658381 -0.5021217 -0.04655536 -0.863543 -0.4964056 -0.08810498 -0.8636082 -0.4873957 -0.1287321 -0.8636397 -0.2426896 -0.4418154 -0.8636555 -0.2052103 -0.4601975 -0.8637748 -0.1671064 -0.4752326 -0.8638457 0.2279826 -0.4493873 -0.8637562 0.2622984 -0.4303912 -0.8636915 0.2952727 -0.4086651 -0.8636011 0.499604 -0.06760884 -0.8636115 0.5035733 -0.02762481 -0.8635108 0.5040907 0.01383297 -0.8635399 0.367002 0.3458669 -0.8635309 0.3373744 0.3748077 -0.8635379 0.3054995 0.4011807 -0.8635532 0.270736 0.4252295 -0.8636445 -0.08011709 0.4978083 -0.8635786 -0.1211702 0.489324 -0.8636433 -0.1610803 0.4775169 -0.8637307 -0.4570241 0.2122567 -0.863757 -0.4726392 0.1744678 -0.8638132 -0.4848854 0.1372197 -0.8637459 -0.4340785 -0.2560782 -0.8637127 -0.4129173 -0.2892933 -0.8636022 -0.3888759 -0.3211196 -0.8635148 -0.07546847 -0.4985352 -0.8635781 -0.03514281 -0.5030413 -0.8635476 0.006046877 -0.5042575 -0.8635322 0.04733917 -0.502062 -0.863535 0.369469 -0.3431923 -0.863546 0.3966235 -0.3112859 -0.8635919 0.4207833 -0.2777121 -0.8636072 0.491214 0.1134558 -0.8636183 0.4799603 0.1537924 -0.8637048 0.4654823 0.1927998 -0.8638023 0.181531 0.4700101 -0.8637923 0.1443224 0.4828092 -0.8637513 0.1061213 0.4927745 -0.8636617 -0.2831105 0.4171605 -0.8636119 -0.315524 0.3933721 -0.863541 -0.3467079 0.3661154 -0.86357 -0.5024645 0.04272213 -0.8635417 -0.5043036 0.00181201 -0.8635246 -0.5026588 -0.03989643 -0.8635638 -0.4976943 -0.08103245 -0.863559 -0.3177026 -0.3916215 -0.8635378 -0.2842336 -0.416453 -0.8635845 -0.2490339 -0.4383401 -0.8636203 0.1462562 -0.4823321 -0.8636925 0.1854582 -0.4684972 -0.8637799 0.2222015 -0.452233 -0.8637776 0.4805709 -0.1513814 -0.8637912 0.4910841 -0.1135748 -0.8636766 0.4986477 -0.07397913 -0.863642 0.397775 0.3097672 -0.8636083 0.3718424 0.3406613 -0.8635294 0.3423682 0.3702102 -0.8635557 0.009148445 0.5041384 -0.8635744 -0.03176447 0.5033239 -0.8635138 -0.0733043 0.4989307 -0.8635361 -0.1139153 0.4911735 -0.8635808 -0.411979 0.2907132 -0.8635734 -0.43458 0.2554507 -0.8636464 -0.4539152 0.2190251 -0.8637065 -0.4712311 -0.1783892 -0.8637815 -0.4552943 -0.2157118 -0.8638146 -0.4374052 -0.2503171 -0.8637233 -0.1208775 -0.489313 -0.8636906 -0.08178215 -0.4974626 -0.8636218 -0.04236647 -0.5025783 -0.863493 0.3035484 -0.4025918 -0.8635845 0.3351951 -0.3767069 -0.8635602 0.3648539 -0.3480924 -0.863547 0.3919306 -0.3173352 -0.8635328 0.5036963 0.02420453 -0.8635417 0.4999008 0.06578477 -0.8635807 0.4927831 0.1065347 -0.8636059 0.2623536 0.4305181 -0.8636114 0.2254866 0.450708 -0.8637234 0.1874993 0.4675804 -0.863836 -0.2088693 0.4584967 -0.8638023 -0.2437185 0.4411189 -0.8637219 -0.2776024 0.4208268 -0.8636213 -0.3090255 0.3986978 -0.8634485 -0.3107146 0.3901093 -0.866759 -0.3596842 0.3513747 -0.864386 -0.402166 0.3024398 -0.8641716 -0.4965204 0.07760454 -0.864549 -0.5004915 -0.04375533 -0.8646351 -0.4729162 -0.1679592 -0.8649508 -0.2600784 -0.4272479 -0.8659205 -0.1682428 -0.4735762 -0.8645346 0.04356064 -0.4958796 -0.8672981 0.1918371 -0.463149 -0.8652697 0.4160105 -0.2786512 -0.8656147 0.4607775 0.1943921 -0.8659652 -0.01471078 0.4979572 -0.8670769 -0.203706 0.4587744 -0.8648872 -0.2050194 0.4784631 -0.8538386 -0.1985519 0.5023982 -0.8415303 -0.1975523 0.4647329 -0.8631318 -0.1370143 0.4775915 -0.8678326 -0.1631656 0.488945 -0.8569188 -0.1646771 0.485466 -0.858606 -0.1609909 0.4842497 -0.8599908 -0.1801323 0.4634608 -0.8676154 -0.1802103 0.4634255 -0.8676181 -0.09330857 0.4887703 -0.8674082 -0.1206682 0.4962796 -0.8597358 -0.1195737 0.4980252 -0.8588789 -0.1215569 0.49869 -0.8582145 -0.1367781 0.4776879 -0.8678167 -0.1370745 0.4775822 -0.8678282 -0.05505281 0.4974876 -0.8657223 -0.05455761 0.4975765 -0.8657026 -0.07817984 0.5003541 -0.8622839 -0.07388652 0.5054906 -0.8596627 -0.08017542 0.5077012 -0.8577945 -0.09319212 0.4887654 -0.8674235 -0.0927082 0.4889292 -0.867383 -0.03491141 0.4959036 -0.8676755 -0.01666525 0.5145851 -0.8572773 -0.03756355 0.5096209 -0.8595787 -0.03893834 0.5061836 -0.8615463 -0.05330523 0.4982882 -0.8653713 0.05253274 0.5135787 -0.8564329 0.04580663 0.502055 -0.8636218 0.07565038 0.5053293 -0.8596041 0.04603014 0.4966239 -0.8667444 0.03012946 0.4981663 -0.8665579 0.03005152 0.4981243 -0.8665847 0.005911405 0.4976816 -0.8673397 0.02964365 0.5120195 -0.8584622 0.00459411 0.5075443 -0.8616135 0.00686661 0.5122179 -0.8588282 -0.01541883 0.497589 -0.867276 0.124771 0.488756 -0.8634523 0.1306139 0.4945491 -0.8592795 0.1307393 0.494613 -0.8592237 0.112563 0.4891987 -0.8648782 0.09807454 0.4910942 -0.8655679 0.0856702 0.4928497 -0.8658867 0.09631859 0.493209 -0.8645621 0.08616846 0.5030152 -0.8599713 0.07468752 0.4950885 -0.8656265 0.07418331 0.4948192 -0.8658237 0.1628124 0.4798894 -0.8620895 0.1746077 0.4856601 -0.8565316 0.1517407 0.4778166 -0.8652549 0.1495928 0.4770638 -0.8660439 0.1497487 0.4770271 -0.8660372 0.2130534 0.4518971 -0.8662547 0.2129454 0.4520077 -0.8662236 0.2014934 0.466826 -0.8610888 0.1931165 0.464829 -0.8640834 0.2000402 0.4611771 -0.8644649 0.1953934 0.4626931 -0.8647175 0.1707834 0.4708198 -0.8655413 0.2130318 0.4519058 -0.8662555 0.2382987 0.445866 -0.8627962 0.236216 0.4471492 -0.8627048 0.238732 0.4474888 -0.8618357 0.2533845 0.4306116 -0.866239 0.2851015 0.4105379 -0.866127 0.2724429 0.4214846 -0.8649425 0.2926697 0.4235038 -0.857315 0.2729741 0.4274632 -0.8618354 0.2748012 0.4261979 -0.8618814 0.2536529 0.4301653 -0.8663822 0.2541066 0.4299359 -0.866363 0.3053973 0.3960174 -0.8659692 0.3307899 0.3955823 -0.856792 0.3086052 0.4016152 -0.862246 0.3065965 0.4013574 -0.8630822 0.2849098 0.4106548 -0.8661346 0.33961 0.3734641 -0.8632437 0.3426872 0.372391 -0.8624909 0.3408028 0.374989 -0.8621117 0.3214733 0.3825402 -0.8662089 0.3219426 0.3821965 -0.8661863 0.3676678 0.3428015 -0.8644695 0.3748047 0.339678 -0.8626356 0.3617894 0.3592646 -0.8602542 0.3670485 0.3421759 -0.8649803 0.3534259 0.3536268 -0.8660474 0.3554624 0.3518559 -0.8659353 0.4124885 0.2976765 -0.860954 0.3912118 0.3094562 -0.8667123 0.4059187 0.2919374 -0.8660269 0.4005826 0.3093283 -0.8624671 0.3916489 0.324149 -0.8611263 0.3944557 0.3123533 -0.864199 0.3867676 0.3188334 -0.8653069 0.3866051 0.3190009 -0.8653178 0.4365069 0.2450091 -0.8656975 0.4434144 0.2365405 -0.8645416 0.4386288 0.2603949 -0.8601159 0.4399843 0.247187 -0.8633147 0.4310973 0.2547813 -0.8655875 0.4150547 0.2774175 -0.8664693 0.4372354 0.2590544 -0.8612294 0.4180623 0.2799078 -0.8642197 0.4251324 0.278465 -0.8612315 0.4060098 0.2918611 -0.8660099 0.4535983 0.2088589 -0.866387 0.4614067 0.1946402 -0.8655744 0.457755 0.2194853 -0.8615606 0.4579965 0.2122174 -0.8632514 0.4530459 0.2164866 -0.8648022 0.452932 0.2166821 -0.864813 0.4734779 0.1742968 -0.8633884 0.4736654 0.1741323 -0.8633186 0.4736643 0.174429 -0.8632594 0.4865859 0.1163702 -0.8658476 0.4865921 0.1170483 -0.8657527 0.4873714 0.1349757 -0.8626996 0.4826458 0.1400719 -0.8645421 0.4849542 0.1329562 -0.8643738 0.4833674 0.1371157 -0.8646129 0.4761964 0.1565931 -0.8652835 0.4866138 0.1162782 -0.8658443 0.4955903 0.09394831 -0.8634605 0.4954054 0.09468061 -0.8634866 0.4959854 0.09395419 -0.8632329 0.4952014 0.06532013 -0.8663191 0.500277 0.02450965 -0.8655185 0.50067 0.04782513 -0.8643161 0.5008087 0.05252056 -0.8639631 0.5034364 0.04850004 -0.8626699 0.5026113 0.05276758 -0.8629006 0.4952929 0.07058448 -0.8658538 0.4953263 0.07042807 -0.8658475 0.5002772 0.02450876 -0.8655185 0.5055231 0.01156442 -0.8627356 0.5068272 0.001786836 -0.8620458 0.5020652 0.01101583 -0.8647596 0.5015449 0.0009357797 -0.8651311 0.4976045 -0.05497367 -0.8656603 0.5029852 -0.02976139 -0.8637825 0.5034733 -0.03164786 -0.8634309 0.5037662 -0.02966702 -0.8633304 0.5014215 -0.01511038 -0.8650712 0.5014225 -0.01513417 -0.8650702 0.4972316 -0.07003573 -0.8647864 0.4987324 -0.0778151 -0.863256 0.5002047 -0.07017349 -0.863059 0.4976312 -0.05499576 -0.8656434 0.4976541 -0.05437834 -0.8656693 0.4881771 -0.1090727 -0.865902 0.489677 -0.1227714 -0.8632171 0.4950993 -0.1004863 -0.863006 0.4902901 -0.1093294 -0.8646749 0.4912472 -0.1006408 -0.8651865 0.4913243 -0.1000065 -0.8652162 0.4774443 -0.1467196 -0.8663258 0.4764055 -0.1663134 -0.8633526 0.4829799 -0.1445723 -0.863614 0.4811867 -0.1473407 -0.8641471 0.4815832 -0.1442836 -0.8644419 0.4857066 -0.1219641 -0.8655714 0.4656391 -0.1841787 -0.8655971 0.4630677 -0.1953089 -0.8645362 0.4722192 -0.1810915 -0.8626789 0.4691165 -0.1851699 -0.8635055 0.4697896 -0.1804884 -0.8641306 0.4723206 -0.1652188 -0.8658037 0.4481311 -0.220993 -0.8662221 0.4415091 -0.2385447 -0.864966 0.4558117 -0.2185146 -0.8628366 0.4518855 -0.2229317 -0.8637713 0.4528126 -0.2172266 -0.8647388 0.4531998 -0.2162043 -0.8647922 0.4279955 -0.2573804 -0.8663574 0.4161974 -0.2788447 -0.8654625 0.4312436 -0.2600662 -0.8639413 0.431965 -0.2593733 -0.8637893 0.4318094 -0.2601644 -0.8636291 0.4403431 -0.2379794 -0.8657157 0.4071815 -0.3010923 -0.8622915 0.4088896 -0.2940321 -0.8639179 0.4037114 -0.2985987 -0.8647866 0.366184 -0.3415157 -0.8656075 0.3802645 -0.3298162 -0.8640719 0.383719 -0.3269747 -0.8636245 0.3818505 -0.3325671 -0.8623163 0.384435 -0.3269332 -0.8633217 0.3884826 -0.3169875 -0.8652168 0.3885393 -0.3169056 -0.8652214 0.4096975 -0.4104086 -0.8146857 0.4106652 -0.4110182 -0.8138908 0.7086147 -0.6201877 -0.3365001 0.3851589 -0.3561523 -0.8513566 0.3850427 -0.3562948 -0.8513497 0.2929826 -0.3996319 -0.8685941 0.2933979 -0.3992679 -0.8686213 0.3217585 -0.3971163 -0.8595173 0.3227864 -0.3975674 -0.8589233 0.3756631 -0.4379993 -0.8167215 0.3127734 -0.3556183 -0.8807431 0.3128959 -0.3554918 -0.8807507 0.274203 -0.4130708 -0.8684384 0.2299181 -0.4371493 -0.8695046 0.2503782 -0.4423122 -0.8612031 0.2698929 -0.4516963 -0.8503695 0.263513 -0.4367794 -0.8601074 0.274477 -0.4128637 -0.8684502 0.2339683 -0.4890089 -0.8403149 0.2302007 -0.4371231 -0.8694429 0.2304779 -0.4369489 -0.869457 0.1917913 -0.4631926 -0.8652565 0.1496089 -0.4887036 -0.8595266 0.1496543 -0.48864 -0.8595549 0.1672769 -0.4675322 -0.8680046 0.1049946 -0.5108503 -0.8532339 0.1222482 -0.4801002 -0.8686537 0.1211583 -0.4818352 -0.8678453 0.06908225 -0.5002577 -0.8631164 0.06866716 -0.5008833 -0.8627866 0.08463219 -0.4940893 -0.8652821 -0.003830532 -0.4990768 -0.8665493 0.02332795 -0.5076081 -0.8612722 0.02164176 -0.5121765 -0.8586075 0.02157607 -0.5122662 -0.8585557 -0.05100249 -0.4993322 -0.8649082 -0.0273071 -0.5012015 -0.8648996 -0.01798641 -0.5094061 -0.8603383 -0.02713902 -0.5205148 -0.8534213 -0.003636187 -0.4990623 -0.8665584 -0.05090374 -0.4993333 -0.8649133 -0.05907249 -0.5073822 -0.859694 -0.07369005 -0.4941746 -0.8662339 -0.1235135 -0.4842911 -0.8661447 -0.1019957 -0.4994645 -0.8603094 -0.08788577 -0.4956517 -0.8640634 -0.0738954 -0.4938334 -0.8664111 -0.07414062 -0.4938127 -0.8664019 -0.1708664 -0.472897 -0.8643917 -0.1459136 -0.4793526 -0.8654076 -0.1371392 -0.4844399 -0.8640086 -0.1493491 -0.4946733 -0.8561502 -0.1235189 -0.4842901 -0.8661444 -0.1889716 -0.4621403 -0.8664387 -0.2128846 -0.4586247 -0.8627535 -0.2151487 -0.4597635 -0.861585 -0.1898734 -0.4618376 -0.866403 -0.2510563 -0.4420786 -0.8611256 -0.2343944 -0.4415958 -0.8660556 -0.231453 -0.4428023 -0.8662308 -0.2344229 -0.4415182 -0.8660874 -0.2819412 -0.4182987 -0.8634439 -0.3250468 -0.3921934 -0.8605399 -0.2993792 -0.3998083 -0.8663287 -0.3005267 -0.399383 -0.8661276 -0.3005879 -0.3993438 -0.8661245 -0.3645595 -0.3631848 -0.857434 -0.3387643 -0.3692711 -0.8653771 -0.3382807 -0.3694599 -0.8654857 -0.373908 -0.3368492 -0.8641328 -0.3891499 -0.3142662 -0.8659094 -0.3831026 -0.3266806 -0.8640093 -0.4182242 -0.2764065 -0.8652676 -0.4057149 -0.2967865 -0.8644727 -0.4042685 -0.3034297 -0.8628426 -0.4100558 -0.3007463 -0.8610493 -0.3892908 -0.3141164 -0.8659003 -0.4271395 -0.2705157 -0.8627706 -0.4404317 -0.2637966 -0.8581557 -0.4182414 -0.2763846 -0.8652663 -0.4443078 -0.2372839 -0.863879 -0.4301015 -0.2564153 -0.8656003 -0.4303293 -0.2560808 -0.8655861 -0.4519733 -0.214512 -0.8658549 -0.4729148 -0.1679623 -0.864951 -0.4635607 -0.1924697 -0.8649086 -0.4618204 -0.1993102 -0.8642901 -0.4689144 -0.1951655 -0.8614115 -0.4519066 -0.21463 -0.8658605 -0.4797165 -0.1431505 -0.8656674 -0.4795648 -0.1435577 -0.865684 -0.4901884 -0.1209875 -0.8631786 -0.4897547 -0.1213749 -0.8633704 -0.491657 -0.09525516 -0.8655632 -0.5036282 -0.07280222 -0.8608475 -0.4916781 -0.09523086 -0.865554 -0.4915851 -0.09556544 -0.8655699 -0.5052566 0.004214349 -0.8629589 -0.50013 -0.02131009 -0.8656881 -0.5001037 -0.02145242 -0.8656998 -0.5001572 -0.0209728 -0.8656806 -0.5061797 0.05375099 -0.8607514 -0.5002297 0.0291935 -0.8654005 -0.5002068 0.02903574 -0.865419 -0.490409 0.1014051 -0.8655726 -0.4792584 0.1467822 -0.8653129 -0.4871762 0.125057 -0.8643032 -0.4889589 0.122196 -0.8637056 -0.4892032 0.1258017 -0.8630493 -0.4904544 0.1010692 -0.8655862 -0.4644694 0.1913898 -0.8646607 -0.4722435 0.1685282 -0.8652077 -0.4779218 0.1597053 -0.8637621 -0.4782889 0.1703347 -0.8615253 -0.4792967 0.1466093 -0.865321 -0.4642856 0.1919823 -0.864628 -0.464276 0.1975558 -0.8633768 -0.4511431 0.2166299 -0.8657606 -0.4451368 0.2393046 -0.8628943 -0.4522584 0.2151791 -0.8655404 -0.4524369 0.2147239 -0.8655602 -0.4290614 0.2595255 -0.8651895 -0.400869 0.3045716 -0.8640256 -0.4153363 0.2808781 -0.8652186 -0.4233522 0.270247 -0.8647194 -0.4222304 0.2845627 -0.8606657 -0.4289547 0.2597413 -0.8651776 -0.3846289 0.3211454 -0.8654053 -0.3844476 0.3213995 -0.8653916 -0.3720219 0.3429155 -0.8625594 -0.3736322 0.3364933 -0.8643907 -0.3514072 0.3582881 -0.8649524 -0.3428782 0.3734036 -0.861977 -0.3512747 0.3584694 -0.864931 -0.3517703 0.3578883 -0.8649703 -0.4924332 0.1005588 -0.8645216 -0.4924417 0.1094507 -0.8634359 -0.4882612 0.1168258 -0.8648426 -0.4831551 0.1614795 -0.8605146 -0.4821575 0.1396026 -0.8648903 -0.4821627 0.1395215 -0.8649005 -0.4822074 0.1392939 -0.8649123 -0.4689121 0.1840478 -0.8638564 -0.4524406 0.2303816 -0.861523 -0.4559037 0.207037 -0.8656139 -0.4643214 0.1834479 -0.8664597 -0.4720874 0.208951 -0.8564304 -0.4689182 0.1839549 -0.8638728 -0.4391806 0.2428928 -0.8649413 -0.4352195 0.2816504 -0.8551356 -0.4333864 0.2567352 -0.8638653 -0.4333874 0.2568862 -0.86382 -0.4389605 0.2433732 -0.8649181 -0.4105029 0.299062 -0.8614228 -0.3863018 0.3388929 -0.8578593 -0.3890893 0.3157329 -0.8654029 -0.389394 0.3152828 -0.86543 -0.3616911 0.3731521 -0.8543636 -0.3353455 0.4066153 -0.8498278 -0.3307794 0.3773461 -0.8649825 -0.3312142 0.3768892 -0.8650154 -0.2994359 0.4087224 -0.8621393 -0.3203586 0.4531532 -0.831879 -0.2866484 0.4021965 -0.8695232 -0.271154 0.4114932 -0.8701431 -0.3688827 0.5653079 -0.7378025 -0.2770375 0.4465108 -0.8508104 -0.2699679 0.4124065 -0.8700794 -0.2285733 0.4455468 -0.8655878 -0.2231324 0.4549657 -0.862101 -0.2397532 0.4406051 -0.8650928 -0.2295546 0.4470598 -0.8645474 -0.1916215 0.4612679 -0.8663216 -0.1807142 0.4771341 -0.8600497 -0.1986147 0.4619391 -0.8643867 -0.1935037 0.4645761 -0.8641328 -0.1981905 0.4613289 -0.8648099 -0.1976567 0.4616129 -0.8647805 -0.1529338 0.4751541 -0.8665102 -0.1367477 0.4947821 -0.8581904 -0.1545222 0.4800728 -0.863512 -0.1553025 0.479754 -0.8635492 -0.1544713 0.4803427 -0.863371 -0.1747126 0.4688604 -0.8658206 -0.1155071 0.4918896 -0.8629616 -0.1109808 0.4952757 -0.8616178 -0.1297291 0.4833547 -0.8657589 -0.07274765 0.4936256 -0.8666266 -0.05168122 0.5124564 -0.8571566 -0.06802946 0.5023586 -0.8619791 -0.06822988 0.5023158 -0.8619881 -0.07481062 0.5013236 -0.8620197 -0.0849665 0.4937814 -0.8654251 -0.1133278 0.4863333 -0.866393 -0.09216751 0.5081618 -0.8563158 -0.1098672 0.4936301 -0.8627042 -0.0324526 0.5013236 -0.864651 -0.02552563 0.5059387 -0.8621917 -0.03318812 0.5049759 -0.8624951 -0.02716115 0.5108321 -0.8592513 -0.04583357 0.4983975 -0.8657362 0.02003522 0.5002888 -0.8656267 0.02063874 0.5002962 -0.8656083 0.008139123 0.5068267 -0.8620096 0.01878852 0.5072237 -0.8616097 0.007919452 0.5095311 -0.8604158 -0.001495013 0.5013116 -0.8652655 -0.001366618 0.5013225 -0.8652595 0.04192141 0.5010691 -0.8643913 0.04897328 0.5095929 -0.8590208 0.06234758 0.5041603 -0.8613566 0.04940207 0.5048078 -0.8618171 0.06381945 0.4950457 -0.86652 0.08861495 0.4882035 -0.8682193 0.1142775 0.5031567 -0.8566061 0.09909713 0.5017703 -0.8593057 0.09886464 0.5018026 -0.8593136 0.08991074 0.5087925 -0.8561811 0.08417445 0.4983676 -0.8628699 0.06391644 0.4950388 -0.8665167 0.128818 0.4939092 -0.8599183 0.1352568 0.5185363 -0.8442901 0.1147456 0.4842581 -0.8673681 0.1720619 0.5449746 -0.8206079 0.1546673 0.4729537 -0.8674058 0.1273492 0.4793623 -0.8683283 0.1569847 0.4969243 -0.8534765 0.1341842 0.4927019 -0.8597903 -0.1711227 0.4739498 -0.8637642 -0.1757568 0.4704151 -0.8647653 -0.1363535 0.4831019 -0.8648816 -0.1313235 0.4866917 -0.8636464 -0.1695259 0.4712577 -0.8655502 -0.04926667 0.5018304 -0.8635619 -0.0893284 0.4928415 -0.8655217 -0.09581968 0.4925183 -0.8650112 -0.09050657 0.4960083 -0.8635881 -0.1299264 0.4837056 -0.8655334 -0.007805203 0.5042038 -0.8635494 -0.01357072 0.5011203 -0.8652713 -0.007516019 0.5008703 -0.8654897 0.03332756 0.5031908 -0.8635325 0.07367543 0.4987984 -0.8635809 0.06748527 0.496216 -0.8655723 0.07347631 0.4954611 -0.8655169 0.1128923 0.4912683 -0.8636612 0.2970679 0.4074355 -0.8635665 0.2910225 0.4093389 -0.8647239 0.3237338 0.3837357 -0.8648371 0.3296318 0.3815956 -0.8635552 0.2954659 0.4044438 -0.8655202 0.387321 0.3228732 -0.8635597 0.3577826 0.3505814 -0.8654965 0.3539135 0.3557486 -0.8649787 0.3599524 0.353241 -0.8635132 0.3278167 0.3787838 -0.865482 0.4119179 0.2907034 -0.863606 0.4061417 0.2937484 -0.8653097 0.4092998 0.2886907 -0.8655238 0.4333965 0.2573249 -0.8636847 0.4517608 0.2230504 -0.8638059 0.4464307 0.2264474 -0.8656912 0.4494526 0.2208837 -0.8655649 0.4681168 0.1863755 -0.8637886 0.5039739 -0.01706711 -0.8635503 0.5021593 -0.01097677 -0.8647054 0.494623 -0.09758601 -0.8636117 0.4975747 -0.05777967 -0.8654946 0.4993498 -0.05174237 -0.864854 0.5008705 -0.05782587 -0.8635884 0.5005794 -0.01741298 -0.8655155 0.4853037 -0.1359455 -0.8637124 0.4842892 -0.1297524 -0.8652331 0.4820778 -0.1356248 -0.8655673 0.4731999 -0.1728244 -0.8638365 0.4577681 -0.2106815 -0.8637487 0.4571661 -0.2043765 -0.8655804 0.4545347 -0.2103259 -0.865541 0.4389133 -0.2479061 -0.8636537 0.2707498 -0.4251878 -0.8636608 0.2746213 -0.4204384 -0.8647628 0.2013512 -0.4618364 -0.8638083 0.2349223 -0.442289 -0.8655588 0.2406552 -0.4403274 -0.8649838 0.2366537 -0.4448842 -0.8637552 0.2685655 -0.4227415 -0.8655416 0.1628865 -0.4769192 -0.8637221 0.1672869 -0.4724874 -0.8653154 0.161421 -0.4740988 -0.8655481 0.1228582 -0.4889267 -0.8636299 0.08194061 -0.4975425 -0.8635608 0.08704834 -0.4931621 -0.8655714 0.0815088 -0.4942148 -0.8655103 0.04054456 -0.5026814 -0.8635204 -0.1583273 -0.4783301 -0.8637898 -0.1524236 -0.478534 -0.8647382 -0.1897131 -0.4646677 -0.8649237 -0.1957299 -0.4642883 -0.8637859 -0.1577193 -0.4753044 -0.8655694 -0.269661 -0.4259663 -0.8636178 -0.2322946 -0.4436918 -0.86555 -0.2271762 -0.4473192 -0.8650413 -0.2333754 -0.4467478 -0.8636853 -0.1947688 -0.4613604 -0.8655701 -0.3040445 -0.4022802 -0.8635551 -0.2976136 -0.4033919 -0.8652752 -0.302525 -0.3992406 -0.8654972 -0.3361728 -0.3758964 -0.8635333 -0.3658141 -0.3471161 -0.8635337 -0.3593166 -0.3488909 -0.8655443 -0.3639247 -0.3442329 -0.8654839 -0.39271 -0.3162868 -0.8635632 -0.4845602 -0.138823 -0.8636721 -0.4811234 -0.1439037 -0.8647612 -0.4911849 -0.1035182 -0.8648823 -0.4945345 -0.09814965 -0.8635985 -0.4815872 -0.1374995 -0.8655447 -0.5040624 -0.01549443 -0.8635283 -0.4977232 -0.05631185 -0.8655059 -0.4978345 -0.06256527 -0.8650124 -0.501057 -0.05688168 -0.863543 -0.4913639 -0.09717219 -0.8655167 -0.5036187 0.02559079 -0.8635469 -0.5009271 0.01961189 -0.8652673 -0.5002497 0.02581057 -0.8654965 -0.4998567 0.06619391 -0.8635749 -0.4928651 0.1055857 -0.8636757 -0.4907551 0.09942611 -0.8656061 -0.4897149 0.1049356 -0.8655448 -0.4830077 0.1437336 -0.8637385 -0.3866813 0.3236032 -0.8635731 -0.3888941 0.3179194 -0.8646899 -0.3613419 0.3485906 -0.8648217 -0.3588037 0.3543372 -0.8635421 -0.3836504 0.3220662 -0.8654974 -0.2968375 0.4075596 -0.8635871 -0.3261441 0.3801984 -0.8654936 -0.3315925 0.3766618 -0.8649695 -0.3287381 0.3824002 -0.86354 -0.356039 0.3523875 -0.8654821 -0.2636532 0.4295788 -0.8636834 -0.2669776 0.424149 -0.8653442 -0.2615999 0.4270728 -0.8655486 -0.229508 0.4485622 -0.8637813 -0.1935345 0.4651688 -0.863807 -0.1972734 0.4599814 -0.8657369 -0.160869 0.4768669 -0.8641292 0.05025052 0.5017414 -0.8635569 0.04409506 0.5003539 -0.8646973 0.1288068 0.4872853 -0.8636908 0.09003564 0.4927314 -0.865511 0.08405517 0.4949095 -0.8648696 0.09015188 0.4960121 -0.8636229 0.05039645 0.4983559 -0.8655066 0.1658729 0.4757259 -0.8638119 0.1598192 0.4750958 -0.8652987 0.1654874 0.4726115 -0.8655937 0.2035292 0.460904 -0.8637959 0.2410366 0.4426586 -0.8636867 0.2345648 0.4424134 -0.8655921 0.2396781 0.4397667 -0.8655401 0.277004 0.4212818 -0.8635916 0.4211941 0.276981 -0.8636417 0.4165788 0.2809365 -0.8646021 0.4370051 0.2472264 -0.8648154 0.4414767 0.2430978 -0.8637139 0.4187595 0.2748108 -0.865517 0.4743526 0.1701586 -0.8637335 0.4561527 0.2066336 -0.8655792 0.4545068 0.2124272 -0.8650423 0.4588084 0.2081934 -0.8637999 0.4388829 0.2412795 -0.8655438 0.4869179 0.1304594 -0.86365 0.482662 0.1352109 -0.8653066 0.4839605 0.1289738 -0.8655334 0.4961632 0.0896376 -0.8635898 0.5019544 0.04836596 -0.8635406 0.4978977 0.05378256 -0.8655666 0.4986149 0.04781803 -0.8655037 0.5042562 0.006896533 -0.8635266 0.4672256 -0.1884705 -0.8638167 0.4677535 -0.1826013 -0.864791 0.4509442 -0.2203913 -0.8649144 0.4502342 -0.2264294 -0.8637238 0.464215 -0.1877511 -0.8655946 0.406922 -0.2977852 -0.8635615 0.4271585 -0.2615353 -0.8655257 0.4310549 -0.2567208 -0.8650353 0.4300915 -0.2630253 -0.8636197 0.4472681 -0.2253372 -0.8655487 0.3809822 -0.3303747 -0.8635422 0.382546 -0.3239249 -0.8652925 0.3784662 -0.3281342 -0.8655006 0.3526118 -0.3605567 -0.8635182 0.3221897 -0.3878825 -0.8635629 0.3243927 -0.3815445 -0.8655595 0.3200378 -0.385315 -0.8655103 0.2900831 -0.4123518 -0.8636075 0.1058782 -0.4929243 -0.863606 0.1112382 -0.4897573 -0.8647333 0.0702929 -0.4970721 -0.8648574 0.06465307 -0.5001019 -0.8635498 0.104739 -0.4898047 -0.8655178 -0.01800446 -0.5039856 -0.8635243 0.02270039 -0.5004185 -0.865486 0.02911595 -0.500972 -0.8649736 0.02330508 -0.5037685 -0.8635243 0.06390288 -0.496822 -0.8654966 -0.05857069 -0.5007989 -0.8635798 -0.05251628 -0.4985514 -0.865268 -0.05874743 -0.497452 -0.8654999 -0.09838984 -0.4944429 -0.8636236 -0.1366896 -0.4850993 -0.8637099 -0.1304176 -0.4833804 -0.8656412 -0.1362382 -0.4819318 -0.8655524 -0.1737069 -0.4729282 -0.8638083 -0.3488839 -0.3641694 -0.8635165 -0.3431569 -0.366858 -0.8646725 -0.3716737 -0.3375102 -0.8648384 -0.3773824 -0.3345082 -0.8635315 -0.3469075 -0.3613876 -0.8654791 -0.4256438 -0.2700348 -0.86366 -0.400679 -0.3005748 -0.8655121 -0.397579 -0.3061067 -0.8650027 -0.402971 -0.302956 -0.8636156 -0.3752086 -0.331797 -0.8655226 -0.4452526 -0.2359561 -0.8637562 -0.4401453 -0.239529 -0.8653889 -0.4427588 -0.2340113 -0.8655653 -0.4621326 -0.2006102 -0.8638223 -0.4771591 -0.1620562 -0.8637459 -0.4721811 -0.1661244 -0.8657065 -0.4892852 -0.1215965 -0.8636054 -0.4973004 0.0826899 -0.8636287 -0.4963547 0.07664489 -0.8647297 -0.4780689 0.1591702 -0.8637795 -0.4859073 0.1213738 -0.8655417 -0.4884307 0.1155545 -0.8649177 -0.4891331 0.1216173 -0.8636886 -0.4940029 0.08268981 -0.8655192 -0.4639919 0.1964425 -0.8637834 -0.46369 0.1902607 -0.865328 -0.4609402 0.1957018 -0.8655836 -0.4463278 0.2341035 -0.8637055 -0.4255118 0.2703904 -0.8636138 -0.425668 0.263685 -0.8656079 -0.4224482 0.2690286 -0.8655409 -0.4017278 0.3046993 -0.8635815 -0.2495656 0.4378526 -0.8637142 -0.2537264 0.4335694 -0.8646621 -0.2192478 0.4515165 -0.8649066 -0.2149759 0.4556387 -0.8638164 -0.2475094 0.4353791 -0.8655543 -0.1379328 0.4848186 -0.8636698 -0.1760031 0.4688352 -0.8655729 -0.1820069 0.4674948 -0.865056 -0.1776092 0.4715096 -0.8637903 -0.2132219 0.4530712 -0.8655998 -0.09734691 0.4947276 -0.8635787 -0.1025082 0.4906537 -0.8653041 -0.09609457 0.4915553 -0.8655283 -0.05614344 0.5010957 -0.8635688 -0.01462512 0.5041038 -0.8635192 -0.02036086 0.5003839 -0.8655642 -0.01478377 0.5006708 -0.8655115 0.02651141 0.5035871 -0.8635375 0.2194805 0.4536692 -0.8637202 0.2133774 0.4545482 -0.8647867 0.2501238 0.4351835 -0.8649008 0.2562812 0.4340901 -0.8636468 0.2183321 0.450694 -0.8655669 0.3244406 0.3860747 -0.8635303 0.2897278 0.4086058 -0.8655051 0.285144 0.4128487 -0.8650138 0.2914096 0.411481 -0.8635762 0.2549057 0.4311355 -0.8655317 0.3550358 0.35814 -0.8635308 0.3487625 0.3601196 -0.8652621 0.3529739 0.3554389 -0.8654898 0.3829791 0.3280486 -0.8635457 0.4079303 0.2962491 -0.8636141 0.4018484 0.2988294 -0.8655744 0.405736 0.2937092 -0.8655133 0.4299702 0.2630222 -0.8636811 0.4990714 0.07233543 -0.8635366 0.4961667 0.0780625 -0.8647108 0.5007001 0.03694722 -0.864832 0.5033737 0.03105587 -0.8635105 0.4957837 0.07164542 -0.8654856 0.5016477 -0.05108509 -0.8635623 0.5008022 -0.01063859 -0.8654964 0.5017881 -0.004289879 -0.86498 0.5041507 -0.01019753 -0.8635555 0.4999803 0.03026548 -0.8655078 0.4958724 -0.0909941 -0.8636149 0.4940276 -0.08479667 -0.8653012 0.4926088 -0.09065514 -0.8655161 0.4870699 -0.1296292 -0.8636893 0.4754417 -0.166771 -0.8637955 0.4741178 -0.1605084 -0.8657074 0.4728239 -0.1647518 -0.8656179 0.4605522 -0.2044362 -0.8637694 0.3401114 -0.3723263 -0.8635377 0.343251 -0.3666774 -0.8647117 0.2762986 -0.4216247 -0.8636503 0.3066339 -0.3960516 -0.8655165 0.3122607 -0.3930604 -0.8648682 0.3089041 -0.3985141 -0.8635767 0.3376586 -0.3699801 -0.8655064 0.2424192 -0.4417958 -0.8637415 0.2460333 -0.4368712 -0.8652232 0.240668 -0.439242 -0.8655319 0.2074932 -0.4591482 -0.8637879 0.1694217 -0.4745719 -0.863758 0.1734947 -0.4697319 -0.8655932 0.167726 -0.4718966 -0.8655527 0.1295735 -0.48716 -0.8636469 -0.1143903 -0.4908817 -0.863684 -0.1084172 -0.4903372 -0.8647631 -0.1893813 -0.4668828 -0.8638028 -0.1515335 -0.477311 -0.8655702 -0.1461423 -0.4800133 -0.8650027 -0.1523041 -0.4803525 -0.8637505 -0.1142246 -0.48766 -0.865529 -0.227201 -0.4498899 -0.8637006 -0.2208432 -0.4499282 -0.8653282 -0.2261539 -0.4468333 -0.8655602 -0.2637229 -0.4296339 -0.8636348 -0.2983888 -0.4064405 -0.8635798 -0.2917537 -0.4070221 -0.8655708 -0.2967138 -0.4035617 -0.8655049 -0.3310561 -0.380426 -0.8635265 -0.4524604 -0.2216192 -0.8638082 -0.4485389 -0.2259025 -0.8647432 -0.4648625 -0.1893135 -0.8649065 -0.4687221 -0.1848575 -0.8637865 -0.4499567 -0.2198177 -0.8655744 -0.4930862 -0.1050355 -0.8636166 -0.4796549 -0.1440667 -0.8655496 -0.4786587 -0.1503078 -0.8650395 -0.4825856 -0.1454884 -0.8636806 -0.4660791 -0.1831965 -0.8655688 -0.500164 -0.06390536 -0.8635694 -0.4964882 -0.06924107 -0.8652775 -0.496952 -0.06283862 -0.8654999 -0.5037855 -0.02247859 -0.8635363 -0.503915 0.01873637 -0.86355 -0.5006452 0.01285456 -0.8655571 -0.5005293 0.01976392 -0.8654939 -0.5006773 0.05945851 -0.8635895 -0.4380251 0.2495143 -0.8636415 -0.4392629 0.243428 -0.8647491 -0.4174612 0.2788136 -0.8648636 -0.4159689 0.2849595 -0.8635786 -0.43503 0.2482174 -0.865527 -0.3635688 0.349394 -0.8635633 -0.3880071 0.3167393 -0.8655211 -0.3928357 0.3121856 -0.8649973 -0.3910436 0.3184003 -0.8635428 -0.4129625 0.283468 -0.8655101 -0.3338273 0.3779773 -0.8635349 -0.3362584 0.3717794 -0.8652805 -0.3313675 0.3756175 -0.8655096 -0.3022743 0.4035286 -0.8635942 -0.2692797 0.4261525 -0.8636449 -0.2722847 0.4201785 -0.8656275 -0.2678047 0.4231712 -0.8655673 -0.2352088 0.445638 -0.8637612 -0.03904357 0.5027168 -0.863569 -0.0446307 0.5003353 -0.8646806 -0.003480627 0.5020495 -0.8648319 0.002618654 0.5043318 -0.863506 -0.03810244 0.4994976 -0.8654769 0.08361968 0.4971772 -0.8636101 0.04371365 0.498991 -0.865504 0.03736395 0.500416 -0.8649785 0.04345598 0.5023838 -0.863552 0.002917844 0.5009161 -0.865491 0.1224773 0.48894 -0.8636765 0.1162973 0.4875214 -0.8653311 0.1221808 0.4857206 -0.8655329 0.1598943 0.4778337 -0.8637758 0.1972252 0.463613 -0.8638086 0.1909815 0.4626652 -0.8657176 0.2276988 0.4487687 -0.8641527 0.3936171 0.315099 -0.8635845 0.388511 0.3184068 -0.8646827 0.4383072 0.2487964 -0.8637055 0.4151345 0.2802502 -0.865519 0.4124713 0.2861222 -0.8648707 0.4175994 0.2824816 -0.8636058 0.3914741 0.3125365 -0.8654878 0.4559744 0.2142963 -0.8638081 0.4512986 0.2181647 -0.865294 0.4533902 0.2126672 -0.8655692 0.4719573 0.1766599 -0.8637404 0.4850429 0.1371605 -0.8636668 0.48031 0.1416364 -0.8655874 0.4822058 0.1354418 -0.8655248 0.4948546 0.09654181 -0.8635963 0.4925539 -0.1072364 -0.8636498 0.4921481 -0.101111 -0.8646194 0.4823544 -0.1392884 -0.8648311 0.4825309 -0.1451749 -0.863764 0.4892571 -0.107043 -0.8655456 0.4533359 -0.2201696 -0.8637198 0.4667447 -0.1814484 -0.8655784 0.4696994 -0.1762618 -0.8650515 0.4696921 -0.1822056 -0.8638232 0.4793888 -0.1448652 -0.8655638 0.4336813 -0.2569542 -0.8636521 0.4340946 -0.2506235 -0.8653033 0.4305864 -0.2558523 -0.8655258 0.411043 -0.2920014 -0.8635849 0.3854879 -0.3250718 -0.8635551 0.3865205 -0.318408 -0.8655739 0.3827575 -0.3230884 -0.8655118 0.3575012 -0.3556599 -0.8635386 0.1920285 -0.4657782 -0.8638147 0.1965663 -0.4620572 -0.8647918 0.1577596 -0.4764976 -0.8649057 0.1529031 -0.480258 -0.8636972 0.190482 -0.4631256 -0.8655815 0.0716353 -0.499093 -0.8635824 0.1113329 -0.4883207 -0.8655333 0.1178187 -0.4877105 -0.8650186 0.1127309 -0.4913686 -0.8636253 0.1515175 -0.4773507 -0.8655511 0.03028151 -0.5033631 -0.8635443 0.0358762 -0.5000372 -0.8652605 0.02935109 -0.5000637 -0.8654911 -0.01112865 -0.5041659 -0.8635351 -0.05190692 -0.5015701 -0.8635584 -0.04588446 -0.4987376 -0.8655377 -0.05329296 -0.4981207 -0.8654684 -0.09176064 -0.4957111 -0.8636264 -0.2783669 -0.4203717 -0.8635968 -0.2723674 -0.421982 -0.8647238 -0.3062707 -0.3977876 -0.8648488 -0.3122468 -0.3959161 -0.8635696 -0.2770642 -0.4172492 -0.8655279 -0.3727697 -0.3395872 -0.8635527 -0.3419112 -0.3660665 -0.8655011 -0.337772 -0.3711029 -0.8649813 -0.3438665 -0.3688904 -0.8635251 -0.3105907 -0.3930072 -0.8654934 -0.3989208 -0.3083686 -0.8635803 -0.3930585 -0.3111369 -0.8652739 -0.3967481 -0.305743 -0.8655127 -0.4221098 -0.2755472 -0.8636534 -0.4421662 -0.2417108 -0.8637505 -0.4366714 -0.2449165 -0.8656408 -0.4397655 -0.2396624 -0.865545 -0.4594499 -0.2067282 -0.8638109 -0.504266 -0.005214822 -0.8635326 -0.5021799 -0.01120752 -0.8646905 -0.4983765 0.07608792 -0.8636154 -0.4995782 0.03613516 -0.8655148 -0.5011535 0.02976447 -0.8648464 -0.5029683 0.03584844 -0.8635612 -0.5008804 -0.004654241 -0.865504 0.3648517 -0.3430241 -0.8655736 0.3542841 -0.3559009 -0.8647643 0.3518112 -0.3584008 -0.8647415 0.3227693 -0.3823835 -0.8657961 0.3207932 -0.3872824 -0.8643518 0.324791 -0.3841715 -0.8642471 0.3527158 -0.3549751 -0.8657854 0.2929059 -0.4089047 -0.8642935 0.2885554 -0.4114604 -0.8645439 0.3174721 -0.4430515 -0.8384013 0.2743957 -0.4130924 -0.8683673 0.2580573 -0.4287012 -0.8658069 0.2551019 -0.4326013 -0.8647422 0.2596708 -0.4306751 -0.8643436 0.2910344 -0.4070577 -0.8657961 0.2253344 -0.4494741 -0.8644058 0.2206086 -0.4507484 -0.8649611 0.2210581 -0.4514385 -0.8644864 0.1912373 -0.4634603 -0.8652357 0.1885177 -0.4661419 -0.8643916 0.1835739 -0.466755 -0.8651245 0.1930605 -0.4841618 -0.8534137 0.1667931 -0.4677407 -0.8679855 0.1497027 -0.4801765 -0.8643031 0.1443534 -0.4801118 -0.8652484 0.1496307 -0.4919555 -0.8576657 0.1214947 -0.481723 -0.8678606 0.1095786 -0.4909573 -0.8642647 0.104114 -0.4901872 -0.8653767 0.1059803 -0.4954896 -0.8621243 0.08340628 -0.4943905 -0.8652291 0.06871828 -0.4983991 -0.86422 0.0631922 -0.496915 -0.8654954 0.06634535 -0.5088949 -0.8582682 0.04342638 -0.4959012 -0.8672924 0.06767519 -0.4958568 -0.8657633 0.0275059 -0.502394 -0.8642012 0.02201553 -0.5001956 -0.8656326 0.02811088 -0.4995711 -0.8658167 -0.0185648 -0.5032375 -0.8639487 -0.05423107 -0.4974459 -0.8657982 -0.05915879 -0.4998976 -0.8640617 -0.05485244 -0.5001087 -0.8642237 -0.01388432 -0.5002152 -0.8657898 -0.09418736 -0.4940922 -0.8642926 -0.09876088 -0.4932552 -0.8642601 -0.098998 -0.4966148 -0.8623069 -0.1013267 -0.4950113 -0.8629581 -0.1321561 -0.4826204 -0.8658015 -0.1370116 -0.483606 -0.8644958 -0.1324262 -0.4851073 -0.8643692 -0.09374826 -0.4915137 -0.8658091 -0.169603 -0.4733073 -0.864416 -0.1740171 -0.4711406 -0.8647223 -0.1753935 -0.4769711 -0.8612408 -0.1898841 -0.4617054 -0.8664711 -0.2069307 -0.4555715 -0.8658143 -0.2117798 -0.4551865 -0.8648437 -0.207684 -0.4579919 -0.8643557 -0.1692631 -0.470858 -0.8658192 -0.2448371 -0.439383 -0.86429 -0.248591 -0.4359707 -0.8649463 -0.2511098 -0.4420861 -0.8611061 -0.260209 -0.4271792 -0.8659152 -0.2802971 -0.4177555 -0.8642418 -0.2836786 -0.4137641 -0.8650582 -0.2853253 -0.4169936 -0.8629634 -0.2845189 -0.4202942 -0.8616275 -0.3137352 -0.3933186 -0.8642168 -0.3167328 -0.3887241 -0.8652016 -0.3181117 -0.3909575 -0.8636881 -0.3386588 -0.3691691 -0.8654619 -0.3449691 -0.3662547 -0.8642071 -0.3474478 -0.3612118 -0.8653358 -0.3470131 -0.360622 -0.8657561 -0.3564841 -0.352207 -0.8653724 -0.3736812 -0.3368585 -0.8642273 -0.3755421 -0.3315592 -0.865469 -0.3784665 -0.3349138 -0.8628998 -0.3772289 -0.3404868 -0.861259 -0.4204576 -0.271251 -0.8658165 -0.425437 -0.2691098 -0.8640504 -0.3959434 -0.3058241 -0.8658524 -0.4008009 -0.3000553 -0.8656359 -0.3995599 -0.3056205 -0.8642616 -0.3715202 -0.335214 -0.8657969 -0.4423358 -0.2390709 -0.8643981 -0.4447758 -0.2350152 -0.8642582 -0.4464037 -0.2361513 -0.8631086 -0.4458762 -0.2383477 -0.8627775 -0.4576337 -0.2022546 -0.8658317 -0.4615771 -0.1991679 -0.8644528 -0.4597712 -0.2034679 -0.8644138 -0.4403353 -0.237603 -0.8658231 -0.4750166 -0.1651436 -0.8643418 -0.4762179 -0.1604676 -0.8645616 -0.4792707 -0.1619436 -0.8625972 -0.4795083 -0.143785 -0.8656775 -0.4846393 -0.1245618 -0.8657997 -0.487636 -0.1205524 -0.8646839 -0.4870805 -0.1254393 -0.8643018 -0.4726327 -0.1641436 -0.8658379 -0.4958331 -0.08501062 -0.8642468 -0.4957368 -0.07981993 -0.864797 -0.4957565 -0.07982578 -0.8647851 -0.4998167 -0.0473714 -0.8648348 -0.5012109 -0.04384911 -0.8642135 -0.5004303 -0.03852798 -0.8649191 -0.5015039 -0.03875405 -0.8642869 -0.505973 -0.04791745 -0.8612173 -0.503099 -0.002634263 -0.8642248 -0.501672 0.00253151 -0.8650542 -0.504006 0.002236644 -0.8636972 -0.5002164 0.02943323 -0.8654 -0.5016447 0.03827654 -0.8642265 -0.4995489 0.04334771 -0.8652006 -0.4996325 0.04334408 -0.8651524 -0.496505 0.07785452 -0.8645354 -0.4968632 0.07837686 -0.8642824 -0.4941925 0.08310872 -0.8653708 -0.4971065 0.08322018 -0.8636895 -0.5002306 0.07795379 -0.8623762 -0.4942458 0.07829665 -0.8657891 -0.4890376 0.1174063 -0.8643252 -0.4857801 0.1218131 -0.8655514 -0.4865002 0.1170873 -0.8657991 -0.4772875 0.1595764 -0.8641366 -0.4620224 0.1920086 -0.8658337 -0.462952 0.1971754 -0.8641744 -0.463874 0.1943752 -0.8643143 -0.4758778 0.1544449 -0.8658447 -0.4471051 0.2302817 -0.8643306 -0.4449826 0.2345302 -0.8642836 -0.445271 0.2346385 -0.8641056 -0.4425974 0.238451 -0.8644355 -0.4243065 0.2652455 -0.8657995 -0.4238981 0.2705037 -0.8643715 -0.4267138 0.2664044 -0.8642593 -0.4447272 0.2293655 -0.8657997 -0.4033462 0.300669 -0.8642396 -0.3999381 0.3044422 -0.8645024 -0.4014467 0.3053071 -0.8634976 -0.3848041 0.3209689 -0.8653928 -0.3750195 0.3313065 -0.8657923 -0.3733204 0.3362787 -0.8646089 -0.3772177 0.3329471 -0.8642066 -0.4009748 0.2994131 -0.8657777 -0.348703 0.3626551 -0.8642265 -0.3443987 0.3654817 -0.8647617 -0.3458276 0.366648 -0.863697 -0.3297975 0.3780975 -0.8650295 -0.3181249 0.3896597 -0.8642696 -0.3135387 0.3919069 -0.8649292 -0.3147095 0.3930344 -0.8639919 -0.3079691 0.3950503 -0.8655 -0.2860273 0.4137235 -0.8643039 -0.2810995 0.4154109 -0.8651108 -0.2821683 0.4166236 -0.8641793 -0.2754799 0.4182883 -0.865532 -0.2525801 0.434874 -0.8643425 -0.2474355 0.4359315 -0.8652973 -0.2483491 0.4371558 -0.8644176 -0.2419972 0.4384688 -0.8655533 -0.2179462 0.4530964 -0.864409 -0.2127444 0.4534781 -0.8655041 -0.2135372 0.4547406 -0.8646461 -0.2073193 0.4558125 -0.8655944 -0.2169402 0.4508509 -0.8658351 -0.1805231 0.4693414 -0.8643668 -0.1750269 0.4690184 -0.8656716 -0.1799889 0.4668277 -0.8658383 -0.1369243 0.4844439 -0.8640404 -0.1002684 0.4902358 -0.8658032 -0.09632761 0.4940442 -0.864084 -0.1010868 0.4927918 -0.8642555 -0.1403783 0.4802873 -0.8658049 -0.05994549 0.499519 -0.8642264 -0.05518859 0.5001124 -0.8642001 -0.05480129 0.4985292 -0.865139 -0.04827505 0.4985566 -0.8655118 -0.01848119 0.5000769 -0.8657837 -0.01383154 0.5027571 -0.864317 -0.01865868 0.5027846 -0.8642104 -0.05951576 0.4968502 -0.8657931 0.02200332 0.502602 -0.8642378 0.02715901 0.5019076 -0.8644947 0.02727974 0.5003206 -0.8654103 0.03333228 0.4998044 -0.8654968 0.06269115 0.4964829 -0.8657798 0.06749474 0.4978041 -0.8646592 0.06256894 0.499125 -0.8642681 0.02238819 0.4999046 -0.8657911 0.102027 0.4925132 -0.8643039 0.1068019 0.4905428 -0.8648474 0.1066741 0.4890908 -0.8656853 0.1511341 0.4807773 -0.8637196 0.1402941 0.4828686 -0.8643816 0.1445833 0.4803956 -0.8650525 0.144843 0.4819216 -0.8641597 0.1501699 0.4777332 -0.865575 0.1776971 0.470347 -0.8644058 0.1816641 0.4672804 -0.865244 0.1820329 0.4687327 -0.8643805 0.1869765 0.4645484 -0.8655834 0.2156039 0.4543321 -0.8643479 0.2193101 0.4505599 -0.8653895 0.2198187 0.4520557 -0.8644798 0.224627 0.4476388 -0.8655415 0.2522626 0.4351635 -0.8642895 0.2556364 0.4307085 -0.8655289 0.2562707 0.4321773 -0.8646087 0.2608641 0.427568 -0.8655261 0.2513472 0.4326867 -0.8657984 0.2873614 0.4129207 -0.8642452 0.2902666 0.4079169 -0.8656495 0.2866186 0.4102283 -0.8657728 0.3245876 0.3850671 -0.863925 0.3495049 0.3581369 -0.8657854 0.3548946 0.3570336 -0.8640468 0.3509167 0.3604902 -0.8642362 0.318983 0.3855709 -0.8657857 0.3794052 0.3303971 -0.8642277 0.3825554 0.3268465 -0.8641891 0.3814588 0.3256314 -0.865132 0.385005 0.3204281 -0.8655038 0.4026781 0.2971086 -0.865781 0.4073197 0.294856 -0.8643788 0.404477 0.2990514 -0.8642722 0.3774493 0.3285652 -0.8657811 0.4268228 0.2660303 -0.8643206 0.4290654 0.2615371 -0.8645815 0.4278448 0.2605639 -0.8654798 0.431103 0.254924 -0.8655426 0.4440627 0.2305311 -0.8658312 0.4477013 0.2273024 -0.8648105 0.4461942 0.2317473 -0.8644096 0.4248093 0.2643555 -0.8658251 0.4632115 0.1955716 -0.8643997 0.4641008 0.1908493 -0.864978 0.4629568 0.1902051 -0.8657327 0.4820072 0.1472634 -0.8637028 0.477776 0.1570256 -0.8643339 0.4780191 0.1519098 -0.8651134 0.4794413 0.1525686 -0.8642099 0.4791283 0.1457797 -0.8655545 0.4892216 0.1171343 -0.864258 0.4887707 0.1117332 -0.8652276 0.4902447 0.1122767 -0.8643229 0.4896124 0.1055431 -0.8655289 0.4972373 0.07634353 -0.8642492 0.4961085 0.07099254 -0.8653534 0.4976661 0.07142748 -0.8644227 0.496698 0.06469405 -0.865509 0.5019038 0.03519757 -0.864207 0.5000529 0.02976436 -0.8654832 0.5016584 0.03007381 -0.8645429 0.500361 0.02341679 -0.8655002 0.4982046 -0.04681047 -0.865795 0.5009103 -0.05170127 -0.8639536 0.5003592 -0.005213574 -0.8658022 0.50058 -0.01114883 -0.8656185 0.5030546 -0.005972279 -0.864234 0.4991457 0.03513322 -0.8658055 0.4954666 -0.08667675 -0.8642916 0.4949189 -0.09140796 -0.8641179 0.4933392 -0.0913205 -0.86503 0.4913385 -0.0972303 -0.8655246 0.4845171 -0.125028 -0.8658009 0.4858379 -0.1299655 -0.8643325 0.4870774 -0.1251171 -0.8643503 0.4928807 -0.08648463 -0.8657881 0.4757264 -0.1627581 -0.864404 0.4739282 -0.1671315 -0.8645571 0.472431 -0.1668011 -0.86544 0.470246 -0.1721743 -0.8655777 0.4586862 -0.1999302 -0.8658146 0.4586117 -0.204818 -0.8647109 0.4610127 -0.2007711 -0.8643832 0.4733122 -0.1621384 -0.8658444 0.4431473 -0.2378974 -0.8643062 0.4399926 -0.2418345 -0.8648251 0.4385898 -0.2412809 -0.8656919 0.4158481 -0.285585 -0.8634301 0.4220516 -0.2737336 -0.8642582 0.4183135 -0.2773048 -0.8649369 0.4197343 -0.2780024 -0.8640242 0.413942 -0.2819979 -0.8655225 0.3981454 -0.3075886 -0.8642161 0.3937605 -0.3108242 -0.8650671 0.3951384 -0.3116461 -0.8641425 0.3892268 -0.3152874 -0.8655035 0.3715774 -0.3392377 -0.8642037 0.3667191 -0.3419722 -0.8652006 0.3680629 -0.3429308 -0.86425 0.3619352 -0.3462818 -0.8655009 0.3425958 -0.368458 -0.8642146 0.3374176 -0.3705986 -0.8653358 0.3386577 -0.3716467 -0.8644013 0.3325103 -0.3746214 -0.8655031 0.3117072 -0.3948785 -0.8642393 0.3061509 -0.3964296 -0.8655145 0.3073055 -0.3975809 -0.8645767 0.3012531 -0.4001703 -0.8655115 0.2439878 -0.4368463 -0.8658148 0.2415534 -0.4415742 -0.8640973 0.2799839 -0.4146212 -0.8658512 0.2736143 -0.4192559 -0.8656556 0.2791099 -0.4184111 -0.8643089 0.3095231 -0.3931888 -0.8657933 0.2105259 -0.456565 -0.864423 0.2062297 -0.4587249 -0.8643152 0.2054575 -0.4574485 -0.8651751 0.1996756 -0.4592474 -0.8655759 0.1713614 -0.470114 -0.8658107 0.167971 -0.4738501 -0.8644373 0.1724261 -0.4723827 -0.8643632 0.2091409 -0.4545074 -0.8658424 0.1331246 -0.4850555 -0.8642911 0.1281776 -0.4859433 -0.8645401 0.1275917 -0.4844982 -0.8654373 0.1216098 -0.4858961 -0.8655149 0.09171968 -0.4919592 -0.8657735 0.08752485 -0.494679 -0.8646573 0.09272689 -0.4944514 -0.864245 0.1320287 -0.4826757 -0.8657902 0.05166278 -0.5004617 -0.8642159 0.04637882 -0.5000102 -0.8647767 0.04603376 -0.4984875 -0.8656738 -0.001484982 -0.5043594 -0.8634925 0.01034292 -0.5030307 -0.8642067 0.005090243 -0.5019069 -0.8649067 0.005318723 -0.5035171 -0.8639689 -0.001229767 -0.5009533 -0.8654734 -0.03067559 -0.5021222 -0.8642525 -0.03567711 -0.5003846 -0.8650679 -0.03557959 -0.5020372 -0.8641138 -0.04200845 -0.4991314 -0.8655074 -0.07093808 -0.4979966 -0.8642727 -0.07574837 -0.4956277 -0.8652256 -0.07578539 -0.4972353 -0.8642995 -0.08187724 -0.4941266 -0.8655258 -0.1102108 -0.4907165 -0.8643211 -0.1146972 -0.4877671 -0.8654061 -0.1148601 -0.4893178 -0.8645087 -0.1205783 -0.4860924 -0.865549 -0.1099952 -0.4881607 -0.8657946 -0.1480035 -0.4805563 -0.8643845 -0.1521399 -0.4770226 -0.8656229 -0.1474198 -0.4781213 -0.8658334 -0.1900627 -0.4659554 -0.8641538 -0.2224459 -0.4482206 -0.8658038 -0.2277018 -0.4487856 -0.8641431 -0.2237855 -0.4504224 -0.8643146 -0.1849387 -0.4648971 -0.8658339 -0.2597624 -0.4307708 -0.8642685 -0.2639786 -0.4282664 -0.8642356 -0.2633106 -0.426788 -0.8651702 -0.2681569 -0.4230437 -0.8655206 -0.2930911 -0.4055496 -0.8658101 -0.298385 -0.4047852 -0.8643584 -0.2943416 -0.4079911 -0.8642374 -0.2586732 -0.4283656 -0.8657892 -0.3272283 -0.3821424 -0.8642273 -0.3305621 -0.3787051 -0.8644716 -0.3296529 -0.377339 -0.8654156 -0.3341982 -0.3731339 -0.8654957 -0.3555647 -0.352148 -0.8657746 -0.3603261 -0.3501669 -0.8646086 -0.3573107 -0.3541952 -0.8642192 -0.3254695 -0.3801042 -0.8657889 -0.3847646 -0.324122 -0.8642343 -0.387335 -0.3195929 -0.8647729 -0.3862621 -0.3184444 -0.8656759 -0.4170814 -0.2833266 -0.8635793 -0.4094556 -0.2921485 -0.8642889 -0.411388 -0.2874406 -0.8649496 -0.4125567 -0.2885029 -0.8640388 -0.4141313 -0.2816868 -0.8655333 -0.4311386 -0.2589733 -0.8643219 -0.432491 -0.253916 -0.8651463 -0.4337189 -0.2548617 -0.8642531 -0.4349512 -0.2482573 -0.8655552 -0.4498204 -0.2246081 -0.8644147 -0.4504854 -0.2195508 -0.8653672 -0.451749 -0.2203709 -0.8644995 -0.4527059 -0.2140201 -0.8655939 -0.4665039 -0.1877304 -0.8643676 -0.4664877 -0.1823666 -0.865524 -0.467837 -0.1830974 -0.864641 -0.468556 -0.176771 -0.8655676 -0.4642218 -0.1866852 -0.8658214 -0.4804358 -0.1488147 -0.8643123 -0.4796999 -0.143273 -0.8656563 -0.4784931 -0.1466414 -0.8657601 -0.4926971 -0.1040473 -0.8639582 -0.4959022 -0.06715289 -0.865778 -0.4994346 -0.06298273 -0.8640592 -0.4985915 -0.06738035 -0.8642144 -0.4886062 -0.1079067 -0.8658061 -0.5024397 -0.02656327 -0.864204 -0.5027323 -0.02159433 -0.8641724 -0.5011072 -0.02130962 -0.8651229 -0.5006977 -0.01493172 -0.8654935 -0.5002308 0.01476894 -0.8657662 -0.5025424 0.01946377 -0.8643334 -0.502897 0.01441716 -0.8642261 -0.4997409 -0.02614909 -0.8657802 -0.5000635 0.05500448 -0.8642401 -0.4990545 0.06000992 -0.8644902 -0.4974234 0.06002502 -0.8654287 -0.49642 0.06664068 -0.8655208 -0.4913665 0.09469498 -0.8657897 -0.4923393 0.0995411 -0.8646927 -0.4939783 0.09473836 -0.8642975 -0.4973695 0.05509727 -0.8657874 -0.4849238 0.1331743 -0.8643573 -0.4826771 0.1376947 -0.8649064 -0.4812919 0.1374801 -0.865712 -0.470313 0.1806122 -0.86382 -0.4729652 0.1705432 -0.8644183 -0.47018 0.1746412 -0.8651192 -0.4716623 0.1749941 -0.8642406 -0.4673066 0.1799484 -0.8655883 -0.4576174 0.2085253 -0.8643515 -0.4541391 0.2123688 -0.8652498 -0.4555691 0.2128313 -0.864384 -0.4510977 0.2175177 -0.8655616 -0.4390241 0.2454893 -0.8642875 -0.4348111 0.2490652 -0.8653935 -0.4363124 0.2496871 -0.8644581 -0.4315087 0.2542926 -0.8655261 -0.4173212 0.2809133 -0.8642516 -0.4126099 0.283994 -0.8655058 -0.4140276 0.2847201 -0.8645899 -0.4089795 0.2891243 -0.8655304 -0.4148709 0.2798451 -0.8657764 -0.3927786 0.3144239 -0.864212 -0.3874814 0.3170435 -0.8656451 -0.3897749 0.3138982 -0.8657618 -0.3625867 0.3495111 -0.8639287 -0.3342536 0.3724173 -0.8657827 -0.3327996 0.3777178 -0.8640449 -0.3359189 0.3745654 -0.8642103 -0.3634611 0.343952 -0.8657904 -0.305094 0.3999484 -0.8642678 -0.3011388 0.4030202 -0.8642281 -0.300005 0.401851 -0.8651663 -0.2946392 0.4050241 -0.8655306 -0.270611 0.4209227 -0.8657908 -0.2680201 0.4254162 -0.8643993 -0.2720551 0.4230651 -0.8642928 -0.3031597 0.3981394 -0.8657824 -0.2384129 0.4427354 -0.8643752 -0.2338777 0.444608 -0.864653 -0.232995 0.443338 -0.8655429 -0.2277489 0.4459999 -0.8655717 -0.2013843 0.4580461 -0.8658165 -0.1980315 0.4612823 -0.8648711 -0.2028242 0.4600549 -0.8644142 -0.2369016 0.4407189 -0.8658201 -0.1644066 0.4752911 -0.8643314 -0.1593628 0.4758427 -0.8649724 -0.1600371 0.4772435 -0.8640757 -0.1532407 0.4768166 -0.8655421 -0.1246741 0.4873169 -0.8642792 -0.119419 0.4871874 -0.8650939 -0.1199926 0.4886729 -0.8641762 -0.1132903 0.4879288 -0.8655003 -0.08400802 0.4959981 -0.8642503 -0.07870414 0.4951872 -0.8652141 -0.07917343 0.4967741 -0.864261 -0.07234041 0.4956687 -0.8654937 -0.04291744 0.5012653 -0.8642286 -0.03760562 0.4997714 -0.8653405 -0.03793459 0.5013468 -0.8644145 -0.03120217 0.499906 -0.8655175 -0.001740644 0.5031188 -0.8642156 0.00353301 0.5009296 -0.8654808 0.003331001 0.5025527 -0.8645401 0.009805107 0.5008288 -0.8654908 0.07910237 0.4940824 -0.8658091 0.08411596 0.4964229 -0.8639957 0.03974074 0.4988526 -0.8657752 0.04416326 0.4987222 -0.8656361 0.03908288 0.5015715 -0.8642329 -0.001272924 0.5004356 -0.8657728 0.1178402 0.4888577 -0.8643678 0.1228762 0.487921 -0.8641958 0.122694 0.486429 -0.8650624 0.1285939 0.4840369 -0.8655471 0.1552418 0.4756827 -0.8658094 0.1601264 0.476595 -0.864417 0.1561345 0.4779328 -0.8644087 0.1178617 0.4862563 -0.8658311 0.1935332 0.4641171 -0.8643728 0.1978194 0.4619461 -0.8645654 0.1973888 0.4604574 -0.8654574 0.2030902 0.4577569 -0.865571 0.2300991 0.4443275 -0.8658103 0.2351232 0.4438925 -0.8646829 0.2310628 0.4467407 -0.8643106 0.1928519 0.4617097 -0.865813 0.2670968 0.4262563 -0.8642713 0.2708646 0.4227686 -0.8648115 0.2702082 0.421379 -0.8656946 0.3106048 0.3971663 -0.8635877 0.3013349 0.4028784 -0.8642257 0.3047911 0.3987319 -0.8649365 0.3056071 0.4001489 -0.8639938 0.3092405 0.3940407 -0.8655069 0.3335214 0.3766602 -0.8642283 0.3364121 0.3721507 -0.8650612 0.3373471 0.373505 -0.8641128 0.3406298 0.3672613 -0.8655002 0.3631952 0.3481853 -0.8642085 0.3655857 0.343208 -0.8651909 0.3665972 0.3444427 -0.8642718 0.3695043 0.3381534 -0.8655165 0.3901598 0.3176179 -0.8642304 0.3919501 0.3123346 -0.8653451 0.3930609 0.313484 -0.8644252 0.3955843 0.307257 -0.8655092 0.3882167 0.315735 -0.8657939 0.4142362 0.2853154 -0.8642937 0.4153709 0.2798759 -0.8655267 0.4123327 0.283517 -0.8657944 0.4380144 0.247977 -0.8640896 0.4332015 0.2503585 -0.8658274 0.4557778 0.2132225 -0.8641775 0.4519222 0.2155548 -0.8656225 0.4513503 0.2159013 -0.8658345 0.4697048 0.1795931 -0.8643632 0.4714216 0.1753669 -0.8642964 0.4700425 0.1746489 -0.8651924 0.4714842 0.168847 -0.8655595 0.4805784 0.1394802 -0.8657885 0.4840908 0.1358156 -0.8644133 0.4828724 0.1407255 -0.8643093 0.4674051 0.1785973 -0.8658149 0.4929561 0.1003539 -0.8642474 0.4935092 0.09521929 -0.8645126 0.4919815 0.09471376 -0.8654382 0.4929647 0.08875325 -0.8655106 0.4970053 0.05854505 -0.8657703 0.4994576 0.05416129 -0.8646436 0.4995779 0.05930546 -0.8642365 0.490417 0.09940059 -0.8658007 0.5028101 0.01809866 -0.8642074 0.5020214 0.01289516 -0.864759 0.5004388 0.01264582 -0.8656796 0.5030258 -0.03279046 -0.8636492 0.5026077 -0.02299861 -0.8642086 0.501175 -0.02806827 -0.8648906 0.5027569 -0.02795046 -0.8639758 0.4996988 -0.03444278 -0.8655142 0.4990262 -0.0635379 -0.8642544 0.4969761 -0.06838857 -0.8650652 0.4985759 -0.06840103 -0.8641432 0.4953049 -0.07454174 -0.8655152 0.4923043 -0.1029499 -0.8643135 0.4896994 -0.1074486 -0.8652453 0.4912423 -0.1075867 -0.864353 0.487787 -0.1134393 -0.8655607 0.4826538 -0.1410799 -0.8643737 0.4794249 -0.1453138 -0.8654684 0.4809252 -0.1455721 -0.8645923 0.4775127 -0.1508963 -0.8655703 0.4801491 -0.1408248 -0.865809 0.4700604 -0.1784445 -0.8644077 0.4663093 -0.1822321 -0.8656484 0.4677109 -0.1778148 -0.8658108 0.4523522 -0.2208726 -0.864056 0.4323244 -0.2519853 -0.8657939 0.4325317 -0.2573613 -0.8641074 0.4348225 -0.2528448 -0.864291 0.4515818 -0.215535 -0.8658052 0.4125301 -0.2879075 -0.86425 0.4095971 -0.292146 -0.8642226 0.4081695 -0.291384 -0.8651549 0.403971 -0.2961277 -0.8655148 0.3850685 -0.3195886 -0.865786 0.3839593 -0.3248344 -0.864325 0.3872571 -0.3211996 -0.8642122 0.4100497 -0.2868325 -0.8657866 0.3595702 -0.3519271 -0.8642086 0.3558477 -0.3550968 -0.8644528 0.3545159 -0.3540761 -0.8654181 0.3499885 -0.3583461 -0.8655034 0.3278162 -0.3781034 -0.8657797 0.3255773 -0.3826177 -0.8646405 0.3299873 -0.3797414 -0.8642365 0.3575752 -0.3501033 -0.8657758 0.298353 -0.4049907 -0.8642731 0.2936634 -0.407258 -0.8648136 0.2926365 -0.4061622 -0.8656767 0.2557913 -0.4344426 -0.8636147 0.2651218 -0.4273486 -0.8643399 0.2604389 -0.4289071 -0.8649915 0.2614082 -0.4301265 -0.8640931 0.2546715 -0.4312593 -0.865539 0.2312246 -0.4464949 -0.8643943 0.2262155 -0.4474575 -0.8652214 0.2270712 -0.4487337 -0.8643361 0.2205694 -0.449578 -0.86558 0.1949013 -0.4635274 -0.8643818 0.1896892 -0.4638129 -0.8653876 0.1904241 -0.4651231 -0.8645225 0.1840408 -0.465717 -0.8655846 0.1562186 -0.4780647 -0.8643204 0.1507211 -0.4776374 -0.865532 0.1513762 -0.4790585 -0.8646317 0.1449901 -0.4793892 -0.8655425 0.1548748 -0.4758276 -0.8657955 0.1162916 -0.4894153 -0.8642621 0.1106909 -0.4882655 -0.8656468 0.1156708 -0.4868548 -0.8657902 0.0707202 -0.4986128 -0.8639352 0.03379965 -0.4992697 -0.865787 0.02941203 -0.5025214 -0.8640644 0.0354235 -0.5017711 -0.8642748 0.07481638 -0.4947955 -0.8657829 -0.006603547 -0.5030385 -0.8642387 -0.01179328 -0.5030089 -0.8642007 -0.01196403 -0.5014167 -0.8651233 -0.01832363 -0.5005733 -0.8655002 -0.04768514 -0.4981501 -0.8657786 -0.05247742 -0.5001243 -0.8643621 -0.04748041 -0.500803 -0.8642579 -0.007110422 -0.5003532 -0.8657922 -0.0873038 -0.4953645 -0.864287 -0.09223005 -0.4940259 -0.8645415 -0.09213926 -0.49244 -0.8654555 -0.09775126 -0.4912294 -0.8655277 -0.1258547 -0.4843282 -0.8657868 -0.1306327 -0.4849256 -0.8647441 -0.1261399 -0.4868155 -0.8643491 -0.08732559 -0.4927166 -0.8657971 -0.1634651 -0.4754986 -0.8643959 -0.1677486 -0.4729627 -0.8649663 -0.16746 -0.4716664 -0.8657297 -0.2111295 -0.4575064 -0.8637779 -0.2014467 -0.4607276 -0.8643779 -0.2053991 -0.4575646 -0.8651277 -0.2058612 -0.4590695 -0.8642201 -0.2105876 -0.454394 -0.8655512 -0.2386367 -0.442759 -0.8643015 -0.2423409 -0.4388717 -0.8652528 -0.2429277 -0.4403517 -0.864336 -0.2474563 -0.435452 -0.8655327 -0.2744096 -0.4215955 -0.8642665 -0.2777148 -0.4171 -0.8653914 -0.2784509 -0.4185923 -0.8644336 -0.2827527 -0.4134697 -0.865502 -0.3082992 -0.3975581 -0.8642333 -0.3110889 -0.3925937 -0.865502 -0.3119448 -0.3940229 -0.864544 -0.3159901 -0.3886985 -0.8654848 -0.3066598 -0.3953966 -0.8658067 -0.3399418 -0.3708681 -0.8642317 -0.3421763 -0.3654888 -0.8656404 -0.338423 -0.3686137 -0.8657908 -0.3726646 -0.3386791 -0.8639545 -0.3935537 -0.3090621 -0.8657922 -0.3987314 -0.3072588 -0.8640633 -0.3948559 -0.3116253 -0.8642792 -0.3673325 -0.3398899 -0.8657607 -0.4188381 -0.2784708 -0.8643082 -0.4215379 -0.2744657 -0.8642768 -0.4203366 -0.2734462 -0.8651845 -0.4232097 -0.267832 -0.8655401 -0.43727 -0.2432371 -0.8658122 -0.4413967 -0.2404272 -0.864502 -0.4392453 -0.244802 -0.86437 -0.4168686 -0.2767962 -0.865797 -0.456962 -0.2096952 -0.8644152 -0.4584358 -0.20519 -0.864716 -0.45711 -0.2043907 -0.8656067 -0.459596 -0.1987772 -0.8655975 -0.4703816 -0.1706308 -0.8658096 -0.4735598 -0.1668134 -0.8648205 -0.4727225 -0.1716296 -0.864336 -0.4548835 -0.2084244 -0.8658177 -0.4853214 -0.1322036 -0.8642831 -0.4855061 -0.1270305 -0.864955 -0.4869855 -0.1276275 -0.8640349 -0.486109 -0.1207429 -0.8655167 -0.4946396 -0.09163496 -0.8642539 -0.4941529 -0.08646477 -0.8650646 -0.4956891 -0.08694461 -0.8641371 -0.4944475 -0.08000692 -0.8655175 -0.5005575 -0.05063755 -0.864221 -0.4993859 -0.04535426 -0.8651917 -0.5009522 -0.04570655 -0.8642671 -0.4993927 -0.03899278 -0.8654979 -0.5030452 -0.009484948 -0.8642081 -0.5011586 -0.004141123 -0.8653455 -0.5027784 -0.004367913 -0.8644043 -0.5009252 0.002104907 -0.865488 -0.5020949 0.03153206 -0.8642375 -0.499618 0.03655058 -0.8654743 -0.5012085 0.03645948 -0.8645582 -0.4990388 0.04285622 -0.8655193 -0.4879982 0.1107368 -0.8657916 -0.4899153 0.1157127 -0.8640564 -0.4951051 0.07286623 -0.8657722 -0.4947371 0.07660463 -0.8656598 -0.4978933 0.07175543 -0.8642647 -0.4994294 0.03141447 -0.8657848 -0.4804071 0.1483858 -0.8644019 -0.479097 0.1533929 -0.864255 -0.4775851 0.1531064 -0.8651422 -0.4750557 0.1584886 -0.8655654 -0.464613 0.185726 -0.8658179 -0.4651527 0.1906603 -0.8644544 -0.4669761 0.1863607 -0.8644091 -0.4778398 0.1483638 -0.8658275 -0.450213 0.2241915 -0.8643184 -0.4477171 0.2282953 -0.8645408 -0.4462227 0.2277566 -0.865455 -0.4432455 0.2331697 -0.8655434 -0.427924 0.259434 -0.86578 -0.4271555 0.2643603 -0.8646685 -0.4303032 0.2604993 -0.8642796 -0.447841 0.2231609 -0.8658162 -0.4074326 0.2951614 -0.8642213 -0.4036359 0.298738 -0.8647738 -0.4022574 0.2979717 -0.86568 -0.3752592 0.3368689 -0.8635392 -0.3818157 0.3276558 -0.8642098 -0.3774593 0.3308248 -0.8649158 -0.3788155 0.3317307 -0.8639755 -0.3724356 0.3349609 -0.8655016 -0.3535564 0.3578974 -0.864238 -0.3489562 0.3604411 -0.8650503 -0.3502396 0.3614598 -0.864106 -0.3438575 0.3642821 -0.8654829 -0.3234134 0.3853336 -0.8642464 -0.3184156 0.3873456 -0.8652022 -0.3196006 0.388456 -0.8642669 -0.3132088 0.3909122 -0.8654986 -0.2915581 0.4099146 -0.8642707 -0.2862362 0.4113328 -0.8653751 -0.2873019 0.4125097 -0.8644612 -0.281006 0.4146091 -0.8655258 -0.2895363 0.4081809 -0.8657697 -0.2582527 0.4315707 -0.8643219 -0.2527736 0.4323278 -0.8655623 -0.2567081 0.4295094 -0.8658075 -0.2199544 0.452609 -0.8641558 -0.185757 0.464613 -0.8658112 -0.1827374 0.4688481 -0.8641692 -0.187613 0.466465 -0.8644142 -0.2225767 0.4481185 -0.865823 -0.1478483 0.4807628 -0.8642961 -0.1433274 0.4822095 -0.8642519 -0.1426855 0.4807534 -0.8651688 -0.1367101 0.4818499 -0.8655235 -0.1070592 0.4888317 -0.8657839 -0.1030438 0.4921926 -0.8643659 -0.1075622 0.491408 -0.8642619 -0.1469721 0.4782774 -0.8658233 -0.06703898 0.4986253 -0.8642214 -0.06188334 0.49883 -0.8644878 -0.06147651 0.4972596 -0.8654209 -0.05538537 0.4978449 -0.8654959 -0.02525218 0.499796 -0.865775 -0.02064052 0.5019972 -0.864623 -0.02582617 0.502459 -0.8642152 -0.06625278 0.4960215 -0.8657789 0.01536118 0.5028838 -0.8642176 0.02039353 0.5017843 -0.8647524 0.02053812 0.5001748 -0.8656809 0.06658718 0.4997259 -0.8636204 0.05593009 0.4999526 -0.8642449 0.06091581 0.4981857 -0.864928 0.06090362 0.4997951 -0.8639998 0.06703328 0.496401 -0.8655013 0.09572053 0.493754 -0.8643174 0.1002599 0.4914668 -0.865106 0.100379 0.4930732 -0.8641775 0.1062578 0.4894557 -0.8655301 0.1340393 0.4846521 -0.864376 0.1383505 0.4817376 -0.8653254 0.1385967 0.4833104 -0.8644084 0.14399 0.479692 -0.8655418 0.1713275 0.4726786 -0.8644199 0.1752649 0.4691935 -0.8655285 0.1756274 0.4707036 -0.8646347 0.180754 0.4670126 -0.8655791 0.1707773 0.4702868 -0.8658323 0.2092826 0.4572532 -0.8643612 0.2129003 0.4530812 -0.8656737 0.2096836 0.454374 -0.8657812 0.2507172 0.4366102 -0.8640095 0.2804786 0.4144329 -0.8657812 0.2858808 0.4142813 -0.8640852 0.2807321 0.4173625 -0.8642904 0.2453141 0.4361684 -0.8657818 0.315027 0.3922772 -0.8642203 0.3190017 0.3891144 -0.864192 0.3181473 0.3877413 -0.8651236 0.322685 0.3831371 -0.8654942 0.3445272 0.3628958 -0.8657988 0.3497388 0.3614351 -0.864319 0.3463539 0.3649328 -0.8642123 0.3136305 0.3899271 -0.8657902 0.3748198 0.335557 -0.8642405 0.3778016 0.3315585 -0.8644853 0.3767419 0.3303517 -0.8654094 0.380905 0.325298 -0.8655013 0.39867 0.3024628 -0.865782 0.4029953 0.2999378 -0.8646573 0.4005571 0.3042719 -0.8642757 0.3729677 0.3335957 -0.8657997 0.4233579 0.2715485 -0.8643087 0.4252513 0.2668442 -0.8648442 0.4241233 0.2659195 -0.8656825 0.450237 0.2268591 -0.8636097 0.4431165 0.2376658 -0.8643857 0.4443659 0.2327799 -0.8650737 0.4456316 0.2336567 -0.8641857 0.4463609 0.2270503 -0.8655692 0.460453 0.2019868 -0.8643984 0.4610374 0.1969031 -0.8652593 0.4623665 0.1976747 -0.8643737 0.4628442 0.191164 -0.8655817 0.4755841 0.1635228 -0.8643379 0.4754723 0.158245 -0.8653812 0.4768723 0.158916 -0.8644874 0.477082 0.1523613 -0.8655512 0.4875293 0.1238097 -0.8642836 0.4867027 0.1182993 -0.8655205 0.4881934 0.1188719 -0.864602 0.4881116 0.1124352 -0.8655087 0.4849434 0.1232394 -0.8658187 0.4961286 0.08321144 -0.8642524 0.4945701 0.07759356 -0.8656672 0.4940766 0.07991784 -0.8657375 0.5022162 0.03726133 -0.8639389 0.5004371 0.0005082421 -0.8657728 0.503403 -0.004091688 -0.864042 0.5030881 0.001208624 -0.8642343 0.4986936 0.04157517 -0.8657807 0.501506 -0.03989983 -0.8642336 0.5011519 -0.04492674 -0.8641922 0.4995313 -0.04499172 -0.8651267 0.4982845 -0.05120314 -0.8655003 0.4939704 -0.07996973 -0.8657933 0.4956022 -0.08486255 -0.8643939 0.4966009 -0.07996206 -0.864288 0.4987993 -0.04005114 -0.8657916 0.4886641 -0.118809 -0.8643447 0.4870075 -0.1235821 -0.8646104 0.485498 -0.1233951 -0.8654856 0.4838741 -0.1292433 -0.8655415 0.4754027 -0.1560963 -0.8658096 0.4756225 -0.1608197 -0.8648239 0.4778517 -0.1564394 -0.8643984 0.4860977 -0.1188035 -0.8657914 0.4637961 -0.1943034 -0.8643723 0.460931 -0.1983825 -0.864978 0.4596684 -0.198015 -0.8657337 0.4423943 -0.2414144 -0.8637166 0.4463587 -0.2317812 -0.8643155 0.4428261 -0.2355726 -0.8651074 0.4442917 -0.2361284 -0.8642038 0.439209 -0.2406653 -0.8655494 0.4258319 -0.2678517 -0.8642468 0.4216045 -0.2713452 -0.8652291 0.4230498 -0.2720309 -0.8643079 0.4177234 -0.2763442 -0.8655294 0.4022933 -0.3021073 -0.8642288 0.3975888 -0.3050987 -0.8653542 0.3990144 -0.3059231 -0.8644065 0.3934384 -0.3099987 -0.8655097 0.3761268 -0.3341681 -0.8642108 0.370934 -0.3366526 -0.86549 0.3722689 -0.3375776 -0.8645561 0.3666875 -0.3412471 -0.8655003 0.3150249 -0.3887878 -0.8657964 0.3134092 -0.3941742 -0.8639452 0.3443334 -0.3632366 -0.865733 0.3420236 -0.3656682 -0.865625 0.3475101 -0.3637972 -0.864227 0.3738842 -0.3325961 -0.8657889 0.2841444 -0.4150999 -0.864265 0.2808436 -0.4176547 -0.8641131 0.2797915 -0.4164527 -0.865034 0.2740405 -0.4192227 -0.8655369 0.2496223 -0.4335983 -0.8658413 0.2469444 -0.4381011 -0.8643413 0.2512656 -0.4356088 -0.8643555 0.2829528 -0.4127307 -0.8657894 0.2163573 -0.4537986 -0.8644398 0.2121399 -0.455496 -0.8645924 0.21136 -0.454245 -0.8654411 0.2054375 -0.4566798 -0.865586 0.1777584 -0.4677152 -0.8658201 0.1741974 -0.471087 -0.8647152 0.1789988 -0.4699271 -0.8643656 0.2151666 -0.4517174 -0.865826 0.139695 -0.4831818 -0.8643035 0.1346919 -0.4836728 -0.864823 0.1341015 -0.4822707 -0.8656973 0.08794776 -0.4965717 -0.8635287 0.09940314 -0.4931432 -0.8642504 0.09416885 -0.4929645 -0.8649383 0.09466852 -0.4944825 -0.8640167 0.08777413 -0.4931371 -0.8655123 0.05838851 -0.4997322 -0.8642098 0.0531028 -0.4988752 -0.8650455 0.05347611 -0.5004238 -0.8641276 0.04669021 -0.4987295 -0.8654993 0.01717942 -0.5028393 -0.8642091 0.01194347 -0.5013133 -0.8651834 0.01219063 -0.5028985 -0.8642594 0.005558246 -0.5008737 -0.8655025 -0.02387403 -0.5025653 -0.8642096 -0.02900987 -0.5003678 -0.8653268 -0.02889531 -0.5019445 -0.864417 -0.03517559 -0.4996812 -0.8654948 -0.06427625 -0.4989513 -0.8642431 -0.06917613 -0.4961192 -0.8654943 -0.06919132 -0.4977086 -0.8645801 -0.07532901 -0.4951732 -0.8655224 -0.1414035 -0.4799822 -0.8658073 -0.1464038 -0.4815199 -0.8641207 -0.1046832 -0.4893555 -0.8657786 -0.1082713 -0.4887414 -0.8656842 -0.1037444 -0.4921409 -0.8643115 -0.06406634 -0.4962784 -0.8657963 -0.1791575 -0.4697937 -0.8644052 -0.1836814 -0.4682308 -0.8643037 -0.1832965 -0.4667363 -0.8651933 -0.1884583 -0.4639623 -0.8655763 -0.2163023 -0.45123 -0.8657972 -0.2213543 -0.4514159 -0.8644224 -0.2171726 -0.4535924 -0.8643437 -0.1786177 -0.4673676 -0.865831 -0.253738 -0.4343376 -0.864273 -0.2578559 -0.4313996 -0.8645257 -0.2572103 -0.4299185 -0.8654554 -0.2624534 -0.4265815 -0.8655324 -0.2875343 -0.4095576 -0.8657867 -0.2925132 -0.4084391 -0.8646464 -0.2887299 -0.411985 -0.8642357 -0.2527893 -0.4318722 -0.8657851 -0.3217267 -0.3867992 -0.8642212 -0.3250764 -0.3827346 -0.8647771 -0.3242246 -0.3814164 -0.8656788 -0.3605582 -0.3524405 -0.8635875 -0.3524304 -0.3590591 -0.864216 -0.3552204 -0.3546478 -0.864895 -0.3561979 -0.3559191 -0.8639703 -0.3589746 -0.3493694 -0.8654931 -0.3804049 -0.329238 -0.8642306 -0.3826858 -0.3243947 -0.8650548 -0.3837621 -0.325579 -0.8641325 -0.3861348 -0.3190759 -0.8655002 -0.4055566 -0.2975374 -0.8642889 -0.4072067 -0.2925039 -0.8652307 -0.4083767 -0.2935966 -0.8643087 -0.410404 -0.2871118 -0.8655261 -0.4277266 -0.264484 -0.8643484 -0.4287447 -0.2592604 -0.8654259 -0.4299966 -0.2602517 -0.8645067 -0.4317124 -0.2538555 -0.8655529 -0.4259439 -0.2626576 -0.8657845 -0.4468808 -0.2304941 -0.86439 -0.447244 -0.2250375 -0.865639 -0.445016 -0.2287274 -0.8658201 -0.4660238 -0.1899626 -0.8641388 -0.4759943 -0.1543483 -0.865798 -0.4800931 -0.1509663 -0.8641295 -0.4783427 -0.1553857 -0.8643168 -0.4616928 -0.192873 -0.8658174 -0.48963 -0.1154201 -0.8642573 -0.4907794 -0.1106755 -0.864226 -0.4892522 -0.110118 -0.8651626 -0.4899939 -0.1037822 -0.865526 -0.4948891 -0.07399053 -0.8658003 -0.4980468 -0.06967032 -0.8643468 -0.49752 -0.07472552 -0.864228 -0.4871238 -0.1145559 -0.8657871 -0.5020043 -0.03333606 -0.8642225 -0.5018765 -0.02843639 -0.8644717 -0.5002698 -0.02813226 -0.8654125 -0.5004461 -0.02168494 -0.8654961 -0.5004032 0.008039583 -0.8657552 -0.5022598 0.01268424 -0.8646238 -0.5030516 0.007563877 -0.8642232 -0.4993351 -0.03301709 -0.8657796 -0.5007842 0.04834517 -0.864221 -0.4993339 0.05338814 -0.8647632 -0.4977544 0.05342428 -0.8656712 -0.4940867 0.1013009 -0.8634909 -0.4951847 0.08830555 -0.8642883 -0.4931554 0.09301209 -0.8649546 -0.494729 0.09310479 -0.8640456 -0.4909745 0.09897852 -0.8655329 -0.4865959 0.1269475 -0.8643545 -0.4839819 0.1313505 -0.8651639 -0.4855313 0.1315689 -0.8642621 -0.4816976 0.1370486 -0.8655548 -0.4751428 0.1643468 -0.8644244 -0.4719926 0.1683479 -0.8653796 -0.4734798 0.1686814 -0.8645018 -0.4696316 0.1737957 -0.8655873 -0.4604086 0.2022256 -0.8643661 -0.4565299 0.2059847 -0.8655349 -0.4580202 0.2064451 -0.8646374 -0.4540363 0.2113494 -0.8655533 -0.4580262 0.2013841 -0.8658271 -0.4422911 0.2394637 -0.8643124 -0.4377767 0.2428355 -0.8656688 -0.4395258 0.2392401 -0.8657836 -0.4188461 0.2794993 -0.8639722 -0.3947489 0.3076158 -0.8657632 -0.3942419 0.3130305 -0.8640517 -0.3968145 0.3093252 -0.8642084 -0.4187438 0.2739502 -0.8657972 -0.3704233 0.3405076 -0.8641998 -0.3669481 0.3443344 -0.864166 -0.3656086 0.3433717 -0.8651163 -0.3607947 0.3475083 -0.8654855 -0.3392658 0.3678985 -0.8657652 -0.3375198 0.372853 -0.864327 -0.3412363 0.3696941 -0.8642246 -0.3681185 0.3389759 -0.8657852 -0.3103814 0.3959189 -0.8642405 -0.3060668 0.3987184 -0.8644922 -0.3049355 0.3975828 -0.8654145 -0.2999082 0.4012052 -0.8654996 -0.2761366 0.4172888 -0.8658053 -0.2733238 0.4214073 -0.8647022 -0.2777402 0.4193002 -0.8643192 -0.3084326 0.3940192 -0.865805 -0.2439781 0.4397021 -0.8643707 -0.2392753 0.4412201 -0.8649117 -0.2384597 0.4400794 -0.8657177 -0.200902 0.4618684 -0.8638958 -0.2088749 0.4573205 -0.8644243 -0.2040826 0.4581716 -0.8651178 -0.204871 0.4594838 -0.8642353 -0.1981781 0.4598501 -0.8655999 -0.1708723 0.4730116 -0.8643278 -0.1656534 0.4732062 -0.8652369 -0.1663216 0.4745487 -0.864373 -0.1597612 0.4746351 -0.8655622 -0.131393 0.4855428 -0.8642824 -0.1259932 0.4850369 -0.8653698 -0.1265757 0.486487 -0.8644704 -0.1199102 0.4862747 -0.8655394 -0.09086266 0.4948111 -0.8642372 -0.08530567 0.4935823 -0.8655053 -0.08577888 0.4951075 -0.8645869 -0.07913926 0.4945795 -0.8655218 -0.08979592 0.4923134 -0.8657737 -0.04981465 0.5006562 -0.8642117 -0.04426883 0.4987125 -0.8656362 -0.04881901 0.498049 -0.8657736 -0.003695045 0.5035975 -0.8639305 0.03249842 0.4993585 -0.8657858 0.03727541 0.5020096 -0.8640584 0.03184452 0.5020375 -0.8642594 -0.008256106 0.5003537 -0.8657818 0.07236733 0.497774 -0.8642824 0.07749245 0.4970727 -0.8642417 0.07745039 0.4954848 -0.8651568 0.08336256 0.4939007 -0.8655131 0.111539 0.4877934 -0.865804 0.1164632 0.4890518 -0.8644447 0.1118045 0.4903374 -0.8643315 0.07256959 0.4950992 -0.8658004 0.1495806 0.480051 -0.8643938 0.1539355 0.4781789 -0.8646669 0.1536434 0.4766502 -0.8655624 0.1593913 0.4747169 -0.8655855 0.1865707 0.4642551 -0.8658282 0.1913791 0.4641099 -0.8648561 0.1870765 0.4667357 -0.8643843 0.1491534 0.4776434 -0.8658003 0.2248375 0.4498548 -0.8643371 0.228735 0.4466458 -0.8649785 0.2292817 0.4481554 -0.8640525 0.2338359 0.44288 -0.8655508 0.2612692 0.4298574 -0.864269 0.2648499 0.426007 -0.8650853 0.2655164 0.4274686 -0.8641595 0.2697846 0.4220118 -0.8655185 0.29587 0.4069095 -0.8642254 0.2990617 0.4024624 -0.8652086 0.2998479 0.4038713 -0.8642797 0.3037828 0.3982846 -0.8654972 0.3283674 0.3811513 -0.8642328 0.3310322 0.3762782 -0.8653511 0.3319654 0.3776698 -0.8643867 0.3356235 0.3718744 -0.8654861 0.3584344 0.3530557 -0.8642201 0.3605694 0.3477287 -0.8654909 0.3616085 0.3490333 -0.8645317 0.3649526 0.343108 -0.8654978 0.4084218 0.2890699 -0.8658119 0.4135837 0.2871263 -0.8640063 0.3843498 0.320475 -0.8657777 0.3873724 0.3171962 -0.865638 0.3858787 0.3227366 -0.8642562 0.3566257 0.3510086 -0.8658007 0.4317399 0.2577808 -0.8643782 0.4346044 0.2535 -0.8642087 0.4333992 0.2525783 -0.8650835 0.4357217 0.2469403 -0.8655444 0.4485202 0.2217689 -0.8658223 0.45252 0.2189518 -0.8644569 0.4504409 0.2232593 -0.8644411 0.4299379 0.255913 -0.8658302 0.4670868 0.1862267 -0.8643782 0.4685449 0.1815681 -0.86458 0.4672022 0.1808464 -0.8654575 0.4691891 0.175106 -0.8655631 0.4785728 0.146149 -0.8657994 0.4817568 0.1422715 -0.8646787 0.4809589 0.1471702 -0.8643029 0.4649514 0.1849161 -0.8658096 0.4915298 0.1070541 -0.8642556 0.49167 0.1018814 -0.864801 0.4902441 0.101388 -0.8656681 0.5019512 0.05214807 -0.8633224 0.4987406 0.06604039 -0.8642318 0.4982155 0.06089366 -0.8649122 0.4997593 0.06129098 -0.863993 0.4979299 0.05441608 -0.8655084 0.502504 0.02487894 -0.8642169 0.501294 0.01962234 -0.8650545 0.5029039 0.01989857 -0.8641133 0.5007648 0.01328198 -0.8654814 0.5028352 -0.01624186 -0.8642297 0.5009882 -0.02132582 -0.8651913 0.5026038 -0.02118348 -0.8642573 0.5001267 -0.02769198 -0.8655093 0.499836 -0.05684096 -0.8642529 0.4973688 -0.0617027 -0.8653421 0.4989709 -0.06169314 -0.86442 0.4962745 -0.06787778 -0.8655081 0.4971897 -0.05663605 -0.8657914 0.4936466 -0.09644909 -0.8642977 0.4905979 -0.1009933 -0.8655137 0.4911057 -0.09602807 -0.8657908 0.4836267 -0.1394896 -0.8640879 0.4700063 -0.1716002 -0.8658219 0.4711657 -0.1766162 -0.8641815 0.4726794 -0.1710139 -0.8644816 0.4819701 -0.134394 -0.8658193 0.4570039 -0.2097954 -0.8643688 0.4549797 -0.2144224 -0.8643012 0.453521 -0.2139454 -0.8651856 0.4502586 -0.2192422 -0.8655634 0.4357106 -0.2461014 -0.8657889 0.4355436 -0.2512292 -0.8643991 0.4381661 -0.2469926 -0.8642946 0.4544859 -0.2093052 -0.8658141 0.4163935 -0.2823116 -0.8642434 0.4131723 -0.2862187 -0.8645042 0.4117439 -0.285481 -0.8654291 0.4077111 -0.2909738 -0.865509 0.3893906 -0.3143376 -0.8657753 0.3879339 -0.3192908 -0.8646159 0.3916962 -0.3157786 -0.8642094 0.4139884 -0.2811476 -0.8657769 0.3645082 -0.3468057 -0.8642104 0.360182 -0.3499219 -0.864768 0.3589268 -0.3489867 -0.8656672 0.328576 -0.3822559 -0.8636656 0.3350042 -0.3753168 -0.8642392 0.3304214 -0.3778158 -0.8649144 0.3316497 -0.3788977 -0.8639706 0.324825 -0.3812668 -0.8655196 0.3036604 -0.4010577 -0.8642586 0.2987121 -0.403003 -0.8650778 0.2997954 -0.4041278 -0.8641779 0.2932174 -0.4060575 -0.8655292 0.2708535 -0.4237761 -0.8643218 0.2656531 -0.4250996 -0.8652855 0.2666638 -0.4263368 -0.8643652 0.260286 -0.4279123 -0.8655301 0.2369048 -0.4435318 -0.8643817 0.2316626 -0.4441746 -0.8654718 0.2325338 -0.445437 -0.8645888 0.2262388 -0.4467553 -0.8655782 0.235925 -0.4411796 -0.8658522 0.2010747 -0.4608037 -0.864424 0.1958176 -0.4607628 -0.8656518 0.1999956 -0.4586641 -0.8658111 0.1583978 -0.4778346 -0.864051 0.1220916 -0.4853045 -0.8657789 0.1183928 -0.4892125 -0.8640916 0.1225242 -0.4879164 -0.8642485 0.1616835 -0.4735324 -0.8658092 0.0823077 -0.4963443 -0.8642151 0.07744317 -0.4971736 -0.864188 0.07697768 -0.4955794 -0.8651448 0.07060854 -0.4958944 -0.8655075 0.04068115 -0.4987535 -0.8657886 0.03619762 -0.5016032 -0.8643402 0.04129487 -0.5014108 -0.8642232 0.08165073 -0.493704 -0.8657883 -0.0001312623 -0.5031219 -0.8642155 -0.005016426 -0.5026771 -0.8644597 -0.005216213 -0.5010256 -0.8654168 -0.01111914 -0.5007859 -0.8654997 -0.0409514 -0.4987358 -0.865786 -0.04582402 -0.5003176 -0.8646286 -0.04087794 -0.5014146 -0.8642409 -0.000213097 -0.5004067 -0.8657905 -0.0807121 -0.4964796 -0.8642879 -0.08560406 -0.4947158 -0.8648284 -0.08553841 -0.4932063 -0.8656966 -0.1294019 -0.4869748 -0.8637769 -0.119789 -0.4884536 -0.8643285 -0.1243268 -0.4861155 -0.8650055 -0.124521 -0.4876624 -0.8641064 -0.1300951 -0.4836098 -0.8655616 -0.1572981 -0.47754 -0.8644148 -0.1614279 -0.4746675 -0.865235 -0.1617396 -0.4761625 -0.864355 -0.1668702 -0.472137 -0.865587 -0.1951198 -0.4634483 -0.8643749 -0.1990077 -0.4598731 -0.8653973 -0.1994406 -0.4613514 -0.8645104 -0.20429 -0.4572452 -0.8655591 -0.2326135 -0.4459005 -0.8643284 -0.2361203 -0.4417016 -0.8655328 -0.2366906 -0.4431971 -0.8646119 -0.2414514 -0.4388126 -0.8655314 -0.2313215 -0.4436518 -0.8658311 -0.2685993 -0.4252868 -0.8642833 -0.2716682 -0.4205146 -0.865658 -0.2711416 -0.4208172 -0.8656762 -0.3070821 -0.3991856 -0.8639163 -0.3333095 -0.3732798 -0.8657753 -0.3386885 -0.372421 -0.8640561 -0.3344634 -0.3757828 -0.8642462 -0.3014071 -0.3994469 -0.8657921 -0.3644358 -0.3468739 -0.8642136 -0.3678904 -0.3433038 -0.8641754 -0.3668563 -0.3420503 -0.8651115 -0.3707225 -0.3368822 -0.8654913 -0.3893665 -0.3143499 -0.8657816 -0.3941747 -0.3122839 -0.8643525 -0.3912553 -0.3162085 -0.864252 -0.3626458 -0.3448141 -0.8657894 -0.4150608 -0.2841046 -0.8642969 -0.4175471 -0.2796477 -0.8645529 -0.4163407 -0.2785957 -0.8654737 -0.4195612 -0.2734903 -0.8655469 -0.4340246 -0.2489305 -0.8658269 -0.4379089 -0.2458301 -0.8647562 -0.4361272 -0.2503517 -0.8643594 -0.4131868 -0.2822399 -0.8658045 -0.4541377 -0.2156875 -0.8644293 -0.4552792 -0.2109895 -0.864988 -0.4541824 -0.2103085 -0.8657301 -0.4750761 -0.1682282 -0.8637141 -0.4702564 -0.1780987 -0.8643725 -0.470751 -0.173052 -0.865128 -0.4721375 -0.1737681 -0.8642285 -0.472106 -0.1671389 -0.8655521 -0.4834066 -0.1389497 -0.8642981 -0.4832135 -0.1335904 -0.8652505 -0.4846989 -0.1342133 -0.8643228 -0.4843574 -0.1274083 -0.8655432 -0.493316 -0.09857609 -0.8642465 -0.4924105 -0.09306157 -0.8653736 -0.4939627 -0.09356944 -0.8644337 -0.4933008 -0.08683652 -0.8655136 -0.4998039 -0.0575504 -0.8642246 -0.4981929 -0.05204083 -0.8655031 -0.4997847 -0.05242158 -0.8645619 -0.49881 -0.04584038 -0.8654984 -0.4997866 0.0248859 -0.8657909 -0.5027146 0.02965354 -0.8639436 -0.5000972 -0.01692255 -0.865804 -0.5005787 -0.01096089 -0.8656216 -0.5028406 -0.01627298 -0.864226 -0.4971459 -0.0569431 -0.8657964 -0.4988182 0.06455008 -0.8642995 -0.4984319 0.07001916 -0.8640967 -0.496851 0.0700015 -0.865008 -0.4950728 0.0760671 -0.8655153 -0.4893876 0.1043917 -0.8657957 -0.4909668 0.1093136 -0.8642929 -0.4920186 0.1042194 -0.864324 -0.4961573 0.06517368 -0.865783 -0.4822206 0.1425111 -0.8643806 -0.4805889 0.1471189 -0.8645174 -0.4781688 0.1466941 -0.8659304 -0.474244 0.1613637 -0.8654793 -0.4670794 0.1794451 -0.8658153 -0.4672424 0.184205 -0.8647272 -0.4694214 0.1800423 -0.8644238 -0.4797122 0.1421556 -0.8658337 -0.4532782 0.2178692 -0.8643332 -0.4503241 0.2219557 -0.8648375 -0.4527604 0.2227972 -0.8633478 -0.4461279 0.2297337 -0.8649811 -0.4338491 0.254535 -0.864284 -0.4302701 0.2582893 -0.8649591 -0.4277041 0.2571653 -0.8665652 -0.4168351 0.2768544 -0.8657945 -0.4114143 0.2895061 -0.8642479 -0.4072721 0.2928585 -0.8650799 -0.4101536 0.2944087 -0.8631904 -0.4060012 0.2976024 -0.8640578 -0.3862168 0.3224111 -0.8642266 -0.3815756 0.3252968 -0.8652064 -0.3842059 0.3270021 -0.8633976 -0.3740545 0.3335886 -0.8653334 -0.3585418 0.3529829 -0.8642054 -0.3534051 0.3553715 -0.8653415 -0.3569484 0.3581054 -0.8627563 -0.3451693 0.3645498 -0.8648478 -0.3285818 0.3809532 -0.8642388 -0.323221 0.3827062 -0.8654849 -0.3243075 0.3836971 -0.8646393 -0.3102894 0.3904956 -0.8667373 -0.238896 0.4404954 -0.8653858 -0.2394709 0.4401253 -0.8654152 -0.2625308 0.4265637 -0.8655177 -0.260475 0.4306393 -0.8641195 -0.297176 0.4024469 -0.8658655 -0.2912825 0.4071804 -0.8656551 -0.2968625 0.4060647 -0.8642825 -0.3268795 0.3788553 -0.865805 0.09314285 -0.9956048 0.009777279 -0.04430749 0.9989034 0.01513285 -0.08011623 0.9967709 -0.005412532 -0.1263569 0.991897 0.0131942 -0.7053173 -0.7087619 0.01356572 -0.6903644 -0.723331 -0.01375764 -0.6458821 -0.7634037 -0.00715618 -0.6902186 -0.7235652 -0.007179021 -0.6449393 -0.7641115 0.01367056 -0.6288344 -0.7774176 -0.01375566 -0.58082 -0.8140317 0.000749367 -0.6278028 -0.7783721 0.0007306852 -0.5801487 -0.8143959 0.01366205 -0.5630218 -0.8263283 -0.01370688 -0.51218 -0.8588363 0.008474087 -0.5619667 -0.8271168 0.008442874 -0.5116556 -0.8590824 0.01363737 -0.4935137 -0.8696296 -0.01373242 -0.4398612 -0.8979642 0.01350534 -0.4221372 -0.906446 0.01247987 -0.4401779 -0.8978238 0.01248606 -0.421122 -0.9069033 -0.01351355 -0.3660673 -0.9304944 0.01322433 -0.3461661 -0.9381316 0.008844126 -0.366464 -0.9303902 0.008848018 -0.3467504 -0.9378656 -0.01312208 -0.2905148 -0.9567805 0.01312592 -0.2699836 -0.9628521 0.004987219 -0.2914097 -0.9565853 0.004995505 -0.2707801 -0.9625546 -0.01291522 -0.2136514 -0.9768235 0.01299935 -0.1927847 -0.9812409 0.0006502841 -0.2145616 -0.9767103 0.0006561363 -0.1934742 -0.9810187 -0.01303674 -0.1349205 -0.9907651 0.01345274 -0.1133218 -0.9935529 -0.003298745 -0.1357973 -0.9907312 -0.003289377 -0.114288 -0.9933581 -0.01334635 -0.05436526 -0.9984257 0.01381389 -0.03269505 -0.9994433 -0.006636604 -0.05552962 -0.998435 -0.006629909 -0.03317776 -0.9993571 -0.01358592 0.02717444 -0.9995343 0.01388619 0.04876149 -0.9987606 -0.009976676 0.02493446 -0.9996394 -0.009971469 0.0485677 -0.9987218 -0.01399277 0.1089648 -0.9939504 0.01375346 0.1300643 -0.9914202 -0.01300802 0.106639 -0.9942128 -0.01300284 0.1303654 -0.9913689 -0.01387831 0.1898812 -0.9817103 0.01378629 0.2107895 -0.9774321 -0.0139323 0.2694263 -0.9629872 -0.008080171 0.2113979 -0.9773664 -0.008115984 0.2694977 -0.9629014 0.01384536 0.2900558 -0.9569104 -0.01378282 0.3459737 -0.9382442 1.946719e-05 0.2907272 -0.956806 -1.652741e-05 0.346803 -0.9378393 0.01361204 0.3667123 -0.9302352 -0.01358844 0.421029 -0.9070035 0.008906019 0.3679533 -0.9298018 0.008881262 0.421252 -0.9068453 0.01335392 0.4402225 -0.8977933 -0.0130895 0.4919656 -0.8705144 0.01320855 0.5120813 -0.8588676 0.01091846 0.4918522 -0.8706102 0.01092416 0.5103317 -0.8598766 -0.01317596 0.5597013 -0.8285897 0.01317484 0.5777367 -0.8161948 0.006814162 0.5593697 -0.8288902 0.006823979 0.5771393 -0.8165367 -0.01334269 0.6244243 -0.7809654 0.01368822 0.6420631 -0.7666456 0.003075488 0.6240529 -0.7813759 0.003081231 0.6410682 -0.7673624 -0.0136604 0.6856493 -0.7277999 0.01386844 0.7019072 -0.7122684 -0.0002741825 0.6849546 -0.7285857 -0.0002675604 0.7012359 -0.7127922 -0.01398466 0.7428101 -0.6693562 0.01398412 0.7577823 -0.6524975 -0.003622092 0.7422232 -0.670143 -0.003614419 0.7570247 -0.6532367 -0.01397848 0.7950715 -0.6063485 0.01424447 0.8085566 -0.5883815 -0.006605563 0.7945755 -0.6071296 -0.006598677 0.8082871 -0.5886213 -0.01402782 0.8421067 -0.5391282 0.01403536 0.8537644 -0.5205719 -0.009545857 0.8410207 -0.5409188 -0.009540669 0.8537842 -0.5204399 -0.01396557 0.8832641 -0.4686703 0.01387761 0.8932374 -0.4494019 -0.01284049 0.8801801 -0.4744664 -0.01283199 0.8932662 -0.4493126 -0.01391831 0.9183502 -0.3955325 0.01368011 0.9267282 -0.3754824 -0.01370652 0.9463716 -0.3230034 -0.007046648 0.926728 -0.3756665 -0.007074328 0.9471241 -0.3205883 0.01337783 0.953779 -0.3002185 -0.01320666 0.9695233 -0.244974 0.003504687 0.9545366 -0.2980736 0.003472736 0.9696127 -0.2442946 0.01309307 0.9746144 -0.2234963 -0.01326562 0.9859135 -0.1667141 0.0134534 0.9891262 -0.1464702 0.01326156 0.9859574 -0.1664693 0.01326306 0.9893485 -0.1449101 -0.01380157 0.9961852 -0.08615931 0.01384312 0.9980308 -0.06198391 0.009625515 0.9961902 -0.08667354 0.009636834 0.9978135 -0.06459142 -0.01400297 0.9998875 -0.004926572 0.01416201 0.9998121 0.01821026 0.006632912 0.9999616 -0.00570376 0.006643247 0.9997558 0.01703451 -0.01407519 0.9969425 0.07681215 0.01433624 0.994996 0.09985339 0.003498204 0.9971083 0.07591356 0.00350563 0.9949977 0.09889632 -0.0141139 0.9873574 0.1578702 0.01422532 0.9835361 0.1807118 0.0001215063 0.9875801 0.1571161 0.0001315133 0.9835412 0.1801146 -0.01433206 0.9710735 0.2383651 0.01408188 0.9654549 0.2605511 -0.003133968 0.9713999 0.2374287 -0.003124288 0.965609 0.2596231 -0.01396888 0.9484605 0.3165716 0.01432427 0.9410747 0.3381398 -0.006307549 0.9491021 0.3149054 -0.006300128 0.9411138 0.3377993 -0.01401372 0.9197896 0.392176 0.01360777 0.911023 0.4122373 -0.009877718 0.9204176 0.3908119 -0.009874245 0.9108672 0.4124805 -0.01344371 0.8855282 0.4643851 0.01365296 0.8750619 0.4838266 -0.01335922 0.8473223 0.5309541 -0.01151096 0.8751154 0.4837769 -0.01153523 0.8458307 0.5332831 0.01340249 0.8338622 0.5518035 -0.01366698 0.8013459 0.5981994 -0.001485775 0.8338884 0.551931 -0.001518549 0.8005506 0.5991074 0.01375255 0.7869515 0.6168539 -0.01408887 0.749525 0.6619311 0.007719654 0.7875203 0.6162409 0.007677569 0.7495338 0.6618122 0.0142745 0.7342664 0.6787091 -0.01437669 0.6929578 0.7208412 0.01404913 0.6811846 0.7319866 0.01353573 0.6931058 0.7207087 0.01353743 0.6765566 0.7362505 -0.01436812 0.6316918 0.7750864 0.01437356 0.6131366 0.7899085 0.01039705 0.632054 0.7748546 0.01040212 0.6139625 0.7892025 -0.01447552 0.5660896 0.824219 0.01433655 0.5462161 0.8376143 0.007091322 0.5665195 0.8240176 0.007101551 0.5472266 0.8368611 -0.01437265 0.4969286 0.8676741 0.01427152 0.4764014 0.8792194 0.003863938 0.49758 0.8674094 0.003876668 0.4770216 0.878776 -0.01425165 0.4247013 0.9052237 0.01410758 0.4033028 0.9150666 0.0001575401 0.4258198 0.904808 0.0001663359 0.4043981 0.9144744 -0.01409478 0.350504 0.9364585 0.01387359 0.3286125 0.9444571 -0.003826105 0.3512884 0.9362596 -0.003817829 0.3294368 0.9440777 -0.0137359 0.2748094 0.9614033 0.01354575 0.2528963 0.9674599 -0.008050647 0.275289 0.9613279 -0.008046477 0.2531258 0.9673411 -0.01335995 0.1975392 0.9801977 0.01381124 0.1752182 0.9844484 -0.01264536 0.2012884 0.9794505 -0.01263381 0.1757258 0.9843401 -0.01396657 0.1181595 0.9928941 0.01413177 0.09549285 0.9953302 -0.01410487 0.03879713 0.9992147 -0.008038234 0.09467842 0.9954753 -0.008062857 0.03743229 0.9991993 0.01412491 0.01450341 0.9997891 -0.01453974 -0.0435954 0.9990492 -0.0001695661 0.01373108 0.9999057 -0.0002033198 -0.04312821 0.9989692 0.01416279 0.07454847 -0.9971694 0.009781663 0.09250078 -0.9956347 -0.01245981 0.1564527 -0.9876065 0.0124846 0.1755042 -0.9844517 0.007285948 0.1558344 -0.9877563 0.00729062 0.1737145 -0.9847189 -0.01233624 0.2366266 -0.9715193 0.01257205 0.2552208 -0.966871 0.004781447 0.2359447 -0.9717547 0.004785515 0.2537795 -0.9671841 -0.01228297 0.3148613 -0.9490573 0.01234679 0.3327598 -0.9430097 0.001906901 0.3140883 -0.9493918 0.00191572 0.3317112 -0.9433004 -0.01232626 0.3906728 -0.9204515 0.01199561 0.4074607 -0.9132222 -0.001031834 0.3895704 -0.9209961 -0.00102393 0.4068131 -0.9134315 -0.01208283 0.4628771 -0.8863457 0.01167008 0.4789147 -0.8778497 -0.004551779 0.461762 -0.8869922 -0.00454729 0.4781072 -0.8782216 -0.01183993 0.5318294 -0.8467707 0.01169945 0.5470162 -0.837082 -0.008178742 0.5305337 -0.8476244 -0.008176766 0.5466533 -0.8372723 -0.0120435 0.5977792 -0.8015721 0.01192446 0.6120505 -0.7907342 -0.01156048 0.5959051 -0.8029717 -0.01155929 0.6117965 -0.7909199 -0.0122802 0.6605607 -0.7506717 0.01231122 0.6740583 -0.7385728 -0.01247568 0.7189673 -0.6950219 -0.005518179 0.6742089 -0.73852 -0.005530493 0.7194899 -0.6943901 0.01252326 0.7320707 -0.6811111 -0.01265571 0.7735783 -0.6336945 0.002803222 0.7324209 -0.6808465 0.002780434 0.7737935 -0.6333139 0.01253279 0.7852976 -0.6189858 -0.01282519 0.8236337 -0.5670112 0.01121526 0.7872571 -0.6165232 0.01120046 0.8230671 -0.5678011 0.01274276 0.8334171 -0.5524986 -0.0127013 0.8669071 -0.4983119 0.01254314 0.8762206 -0.4817962 0.01048903 0.8666646 -0.4987809 0.01048756 0.8757711 -0.4825613 -0.01262951 0.9046264 -0.4260241 0.01243472 0.9123864 -0.4092563 0.007773316 0.904335 -0.4267526 0.007774799 0.9121454 -0.409683 -0.01227539 0.9358416 -0.3522118 0.01213438 0.9424566 -0.3343011 0.004268693 0.935747 -0.3526461 0.00427473 0.9420721 -0.3351945 -0.0120341 0.9609444 -0.2764828 0.01195876 0.9660978 -0.2581754 0.000666825 0.9608468 -0.2770791 0.0006711319 0.9657642 -0.2591524 -0.01181259 0.9798831 -0.1992032 0.01212617 0.9835364 -0.180686 -0.002951746 0.9797791 -0.2000604 -0.002948307 0.9833674 -0.181218 -0.01218893 0.9926963 -0.1200186 0.01222739 0.9948174 -0.1014853 -0.00625664 0.9926425 -0.1209211 -0.00625064 0.994724 -0.1018463 -0.0123098 0.999147 -0.0392883 0.01271263 0.9997486 -0.02036888 -0.009372186 0.9991748 -0.03952054 -0.009366808 0.9997071 -0.02071263 -0.0125194 0.9990181 0.04239272 0.01287335 0.9980433 0.06129964 -0.0123273 0.998954 0.04403479 -0.01232502 0.9980546 0.06100761 -0.01284655 0.9921927 0.1240597 0.01275592 0.9896871 0.1426611 -0.01293519 0.978981 0.2038429 -0.006660298 0.9897012 0.142993 -0.006683948 0.9786837 0.2049778 0.01274371 0.974679 0.223244 -0.01276946 0.9588818 0.2838001 0.001775315 0.9746023 0.2239358 0.001741418 0.9587138 0.2840833 0.01282446 0.9531675 0.3021716 -0.0128015 0.9326308 0.360691 0.01008044 0.9542446 0.2988583 0.01005362 0.9324948 0.3609689 0.01244317 0.9255908 0.3783172 -0.01256176 0.9003927 0.4349057 0.01224669 0.8918695 0.4521852 0.009866111 0.9006404 0.434453 0.00987218 0.8923181 0.4512427 -0.01218237 0.8631035 0.5048835 0.01203782 0.8530781 0.5217485 0.006026331 0.8633556 0.5045599 0.006030171 0.8536369 0.5207278 -0.01211038 0.8201495 0.5720159 0.01235429 0.8087329 0.588171 0.002427012 0.8205967 0.5715026 0.002432968 0.8093791 0.5871544 -0.01245519 0.7715011 0.6361032 0.01260639 0.7588661 0.6512461 -0.0008052181 0.7720196 0.6355983 -0.0007981313 0.7592894 0.6506282 -0.01275098 0.7172827 0.6966658 0.01274144 0.7036022 0.7105842 -0.003730675 0.717753 0.6962879 -0.003721958 0.7037857 0.7102977 -0.01275984 0.6579531 0.7529459 0.01304378 0.6432043 0.7656679 -0.006400674 0.6592445 0.7519015 -0.006393423 0.6433756 0.7654405 -0.01299776 0.5940419 0.8043288 0.01301013 0.5783597 0.8157293 -0.00926396 0.5949954 0.8036758 -0.009259872 0.5785536 0.8155422 -0.01291536 0.5262188 0.8502482 0.0131075 0.5097268 0.8602527 -0.01199237 0.5272821 0.8496057 -0.01198845 0.5098547 0.8601645 -0.01285603 0.4552795 0.8902549 0.01291783 0.438178 0.8987988 -0.01268368 0.3828209 0.9238002 -0.006429092 0.4372456 0.8993189 -0.006460506 0.3816686 0.9242135 0.01259338 0.3640242 0.931305 -0.01255029 0.307826 0.9514381 0.002967493 0.3633731 0.931639 0.002942038 0.3064928 0.9517946 0.01221156 0.2885588 0.9573842 -0.01222237 0.2301984 0.9730673 0.01219422 0.2053316 0.9786258 0.01141844 0.2298687 0.9731547 0.01141983 0.2115439 0.9772907 -0.01232858 0.1517444 0.9883394 0.01260389 0.1308691 0.9913664 0.008119185 0.1519079 0.9883613 0.008123885 0.1325784 0.9910886 -0.01290007 0.07114109 0.9973848 0.01274142 0.05098805 0.9986862 0.005101827 0.07182972 0.9974038 0.005107528 0.05194429 0.9985651 -0.01302392 -0.01012979 0.9998644 0.01298787 -0.03052861 0.9995316 0.00213561 -0.009327513 0.9999542 0.0021448 -0.02956909 0.9994756 -0.01319593 -0.09195254 0.9956764 0.01316265 -0.1122081 0.9936846 -0.0006260989 -0.09130199 0.9958231 -0.0006191852 -0.1113923 0.9936913 -0.01301559 -0.1731462 0.9848053 0.01338003 -0.1930694 0.9811797 -0.003254731 -0.1718019 0.9851261 -0.003246295 -0.1924125 0.9812261 -0.01314197 -0.2529962 0.9673778 0.01314754 -0.2725676 0.9621147 -0.006492974 -0.2516194 0.9678045 -0.006491711 -0.2716925 0.9622926 -0.01327652 -0.3310499 0.9435239 0.01299253 -0.3495942 0.9368559 -0.009213217 -0.3287648 0.9443671 -0.009208605 -0.3493024 0.9369205 -0.01295846 -0.4059551 0.9138045 0.01271709 -0.4236464 0.9057403 -0.01257961 -0.4250059 0.9051031 -0.01257983 -0.4232759 0.9059137 -0.01257254 -0.4774671 0.8785582 0.01267319 -0.4945116 0.8690831 -0.01235926 -0.5452057 0.8383007 -0.00162946 -0.4951839 0.8687866 -0.001647787 -0.5457888 0.8378292 0.01252477 -0.5619802 0.8270537 -0.01265866 -0.6108708 0.7916819 0.008753442 -0.5635785 0.8260164 0.008729519 -0.6110966 0.7914526 0.01278986 -0.6266122 0.7792202 -0.01314601 -0.6733908 0.7391717 0.01304051 -0.6879052 0.7257119 0.01133586 -0.6730558 0.7395047 0.01133862 -0.68776 0.7258165 -0.01328877 -0.7312045 0.6820313 0.01316972 -0.7455904 0.6663532 0.00827351 -0.7311051 0.6822145 0.008281575 -0.7447536 0.6672041 -0.01344115 -0.7846369 0.6198134 0.01327636 -0.7975861 0.6031799 0.005509712 -0.7845035 0.6200998 0.005518842 -0.7969151 0.6039459 -0.0132547 -0.8326107 0.5536967 0.013399 -0.8444152 0.5356834 0.002486375 -0.8325029 0.554015 0.002491753 -0.8435872 0.536827 -0.01331349 -0.8751873 0.4835981 0.01342098 -0.885236 0.4651422 -0.0002549472 -0.8747838 0.4845135 -0.0002470808 -0.8845876 0.46619 -0.01310286 -0.9114982 0.4110896 0.01327819 -0.9199329 0.39206 -0.003514253 -0.9111784 0.411997 -0.003508548 -0.9195517 0.3927528 -0.01303272 -0.9416818 0.3362576 0.01289206 -0.9482592 0.3174271 -0.006670781 -0.9409418 0.338503 -0.006660664 -0.9480855 0.3177625 -0.01267397 -0.9653981 0.2604735 0.01265185 -0.9704635 0.2409935 -0.0110817 -0.9653122 0.2608631 -0.0110807 -0.9702807 0.2416495 -0.0126826 -0.9830452 0.1829105 0.01287582 -0.9865248 0.1630877 -0.01309263 -0.9945776 0.1037221 -0.007542592 -0.9865903 0.1630404 -0.007575992 -0.9945804 0.1031383 0.01312715 -0.9964479 0.08319651 -0.01303616 -0.9997218 0.02353529 0.001557469 -0.9966329 0.08197895 0.001541227 -0.9996643 0.022193 0.01337 -0.9999059 0.001715616 -0.01361055 -0.9981959 -0.05927 0.009587776 -0.999954 -0.0006076335 0.009570228 -0.9981315 -0.05965737 0.01320613 -0.9967096 -0.07989775 -0.01364908 -0.9898936 -0.141168 0.01350116 -0.9867916 -0.1615473 0.01204125 -0.9899486 -0.1409141 0.0120426 -0.9868 -0.1613684 -0.01364146 -0.974971 -0.2219164 0.01358569 -0.970017 -0.2428633 0.00918889 -0.9751848 -0.2212015 0.009193012 -0.9702623 -0.2416708 -0.01364269 -0.9536632 -0.3005817 0.0133075 -0.9472066 -0.3205668 0.006050924 -0.9539515 -0.2998997 0.006058153 -0.9473336 -0.3199682 -0.01339581 -0.9262964 -0.3765686 0.01307992 -0.9182433 -0.3960084 0.002563388 -0.926565 -0.3761258 0.002572867 -0.9183877 -0.3954664 -0.0130566 -0.8931808 -0.4495136 0.01286876 -0.8836529 -0.4681409 -0.001228677 -0.8935045 -0.4490526 -0.001223385 -0.8838781 -0.4675448 -0.01270347 -0.8545761 -0.5191673 0.0128458 -0.8437404 -0.5367263 -0.00519738 -0.8551877 -0.5182924 -0.005192562 -0.8438426 -0.5364394 -0.01274318 -0.8105077 -0.5855807 0.01314243 -0.7981991 -0.602322 -0.009296558 -0.8113526 -0.5844833 -0.00928709 -0.7983032 -0.6021101 -0.01324139 -0.7605485 -0.6491433 0.01337451 -0.7470262 -0.664673 -0.01271292 -0.7617042 -0.6478004 -0.01270553 -0.7468139 -0.6648991 -0.01334211 0.0130096 -0.9997048 0.02052404 0.0678547 -0.9935121 -0.09126582 -0.09072907 -0.9875596 0.1284301 0.988788 0.1491752 -0.006712177 0.9904588 0.1375109 0.009054667 0.9976698 0.06760569 -0.009183971 0.9984905 0.05468782 -0.005102254 0.9976814 0.06786606 -0.005105867 0.9983999 0.0557924 0.009204996 0.9998566 -0.01440906 -0.008900793 0.9996501 -0.02621581 -0.003514395 0.9999008 -0.01364419 -0.003515276 0.9996255 -0.02585199 0.008972794 0.9954046 -0.09535258 -0.008803642 0.994199 -0.1075479 -0.001359323 0.9954723 -0.09504169 -0.001361064 0.9942396 -0.1068248 0.008725737 0.9845182 -0.1750694 -0.008638558 0.9823983 -0.186797 0.0006121377 0.9845735 -0.1749702 0.0006111023 0.9824224 -0.1864828 0.00839184 0.9674162 -0.2530479 -0.00852379 0.9644475 -0.2642606 0.002706595 0.9675991 -0.2524772 0.002703091 0.9645187 -0.2638879 0.008170243 0.9442554 -0.3290984 -0.008719184 0.9403815 -0.3400836 0.005072017 0.9445288 -0.3283893 0.005068617 0.9404088 -0.3399391 0.008525464 0.9147309 -0.4039705 -0.008668903 0.9100366 -0.4144645 0.007257109 0.9146931 -0.4040841 0.007257619 0.9100232 -0.4144671 0.008658287 0.8789747 -0.4767875 -0.008790238 0.873485 -0.4867707 0.008841635 0.8322883 -0.5542946 0.007312694 0.8729919 -0.4876795 0.007340846 0.8370155 -0.5471079 -0.008830134 0.830723 -0.5566144 0.008928667 0.7893509 -0.6139397 -0.001764305 0.8302216 -0.5574307 -0.001734944 0.7893745 -0.6138482 -0.008840552 0.7823426 -0.6227846 0.008915775 0.7367269 -0.6761356 -0.008612241 0.7295681 -0.6838578 -0.008299243 0.7364024 -0.6764928 -0.00830168 0.7287519 -0.6847211 0.008806223 0.6787667 -0.7343032 -0.008649942 0.6692345 -0.743023 -0.00648893 0.6788834 -0.7342175 -0.006490968 0.6705593 -0.7418046 0.008726015 0.6170958 -0.7868428 -0.008439275 0.6077724 -0.7940974 -0.00469058 0.6172286 -0.7867699 -0.004694369 0.6083513 -0.7936236 0.008391118 0.5518661 -0.8338906 -0.008395487 0.5420818 -0.8403214 -0.002710631 0.552335 -0.8336179 -0.002708938 0.5427278 -0.8398672 0.008348581 0.4837229 -0.8751844 -0.008017121 0.474054 -0.8804955 -0.0005290951 0.4844244 -0.874833 -0.000530934 0.4744841 -0.8802274 0.008034402 0.4126488 -0.9108509 -0.008454708 0.4022072 -0.9155472 0.001666211 0.4130769 -0.9106947 0.001664998 0.4025874 -0.915344 0.008289539 0.3377963 -0.9411808 -0.008501497 0.3272734 -0.9449234 0.003456875 0.3382078 -0.9410651 0.003454743 0.3271927 -0.9449208 0.008334985 0.2601675 -0.9655251 -0.008612967 0.2493168 -0.9684072 0.005350047 0.2609222 -0.965345 0.005345232 0.249299 -0.968388 0.008638749 0.1801458 -0.9836032 -0.008494541 0.1694818 -0.9855102 0.006743015 0.182814 -0.9831244 0.006742795 0.1691634 -0.98555 0.008659938 0.09887913 -0.9950634 -0.008473442 0.08812372 -0.9960738 0.008434723 0.09685989 -0.9952623 0.008434732 0.08888709 -0.9960056 0.008483475 0.01734907 -0.9998115 -0.008722586 0.006434049 -0.9999441 0.008386155 -0.0630704 -0.9980089 -0.000609378 0.003471575 -0.9999939 -0.0005845493 -0.06427632 -0.9978993 -0.008097653 -0.07486043 -0.9971586 0.008402808 -0.1443767 -0.98949 -0.008051678 -0.1540574 -0.988032 -0.007675722 -0.1447472 -0.9894389 -0.007677346 -0.1552834 -0.9878358 0.008216332 -0.2232644 -0.9747264 -0.007834435 -0.2336244 -0.9723106 -0.005635906 -0.2232678 -0.9747409 -0.005635038 -0.2335199 -0.972321 0.007772689 -0.2997744 -0.9539771 -0.007935515 -0.3104241 -0.9505919 -0.00345958 -0.2998711 -0.9539735 -0.003460502 -0.3100178 -0.950698 0.007898355 -0.3754432 -0.9268095 -0.008161322 -0.3857271 -0.9226115 -0.001592255 -0.3748077 -0.9271011 -0.001595005 -0.3850849 -0.9228442 0.008259035 -0.4492719 -0.8933582 -0.008112053 -0.4589326 -0.8884711 0.0001792705 -0.4488927 -0.8935857 0.0001753487 -0.458633 -0.8885886 0.008117904 -0.5203216 -0.8539296 -0.008353878 -0.5297925 -0.8481251 0.001946046 -0.5201957 -0.8540449 0.001944049 -0.5293616 -0.8483568 0.008184617 -0.5886257 -0.8083615 -0.008453923 -0.597442 -0.8019052 0.003359752 -0.5877494 -0.809036 0.00336032 -0.5969946 -0.8022013 0.008405773 -0.6529625 -0.7573456 -0.00822516 -0.6608695 -0.7504861 0.004686142 -0.6525216 -0.7577556 0.004682561 -0.6609458 -0.7503906 0.008043908 -0.7125413 -0.7015809 -0.008315882 -0.7199217 -0.6940262 0.006357398 -0.7124339 -0.7017104 0.006355316 -0.720211 -0.6937076 0.00811179 -0.7672631 -0.641283 -0.007973679 -0.773829 -0.6333435 0.008053415 -0.7645732 -0.6444868 0.008052153 -0.7736108 -0.6336091 0.008122036 -0.8164441 -0.5773717 -0.007801525 -0.8222498 -0.5690733 0.007805136 -0.86022 -0.5099106 -0.003584165 -0.8232276 -0.5677003 -0.003570148 -0.8598288 -0.5105241 -0.007721816 -0.8649463 -0.5018062 0.007635436 -0.8979197 -0.4400906 -0.007780536 -0.9026707 -0.4302846 -0.006374006 -0.8976431 -0.440677 -0.006375945 -0.902077 -0.4315055 0.00775261 -0.9302834 -0.3667557 -0.007936804 -0.9342706 -0.3565355 -0.004571977 -0.9301575 -0.3671322 -0.004570861 -0.9338809 -0.357497 0.007902378 -0.9568551 -0.2904572 -0.007923729 -0.9599369 -0.2802015 -0.002898603 -0.9568725 -0.2904938 -0.002900275 -0.9598119 -0.280531 0.007965679 -0.9773769 -0.2113533 -0.007999218 -0.979654 -0.2006902 -0.001226427 -0.9773708 -0.2115298 -0.001227985 -0.9794953 -0.2013027 0.008129602 -0.9914297 -0.1304008 -0.007927223 -0.9927817 -0.1199354 0.0001704778 -0.9914018 -0.130853 0.0001680759 -0.9926972 -0.1203598 0.008110172 -0.9987845 -0.0486552 -0.007880358 -0.9992635 -0.03834089 0.001553937 -0.9987803 -0.04935115 0.001551031 -0.9992166 -0.03876332 0.007969642 -0.9994267 0.03293638 -0.007839483 -0.999069 0.04303986 0.002935366 -0.9994786 0.0321556 0.00293444 0.7618611 -0.6477398 0.0009524962 0.7519075 -0.659182 0.01068963 0.705915 -0.708212 -0.01093765 0.6949894 -0.7190136 0.003042589 0.7066275 -0.7075792 0.00303852 0.6954297 -0.7185135 0.01076611 0.6459382 -0.7633172 -0.01052806 0.6345981 -0.7728243 0.005277109 0.6463716 -0.7630045 0.005275924 0.6346042 -0.7727674 0.01040636 0.5822762 -0.8129244 -0.01040373 0.5703872 -0.8213399 0.007697165 0.5834296 -0.8121272 0.007698174 0.570817 -0.8210136 0.01021871 0.5156125 -0.8567607 -0.01023404 0.5033317 -0.8640364 0.009908191 0.4507657 -0.8926028 0.008386925 0.5026497 -0.8644494 0.00840641 0.4458727 -0.8950411 -0.009949034 0.4331113 -0.9012813 0.01033555 0.3727289 -0.9279359 -0.002828657 0.4321923 -0.9017771 -0.002803584 0.3725215 -0.9279659 -0.01033695 0.359244 -0.9331863 0.01035002 0.2964147 -0.9550014 -0.0105195 0.2807293 -0.9597362 -0.009876252 0.2962658 -0.9550544 -0.009880913 0.282456 -0.9592216 0.01060908 0.2169532 -0.9761236 -0.01067942 0.2014358 -0.9794708 -0.007775936 0.2173596 -0.9760606 -0.007774841 0.2031638 -0.9790878 0.010561 0.1365621 -0.9905736 -0.01071592 0.1212241 -0.9926085 -0.00574086 0.1369711 -0.9905584 -0.005744626 0.1223012 -0.9924353 0.01070615 0.0545769 -0.9984529 -0.01064109 0.03955559 -0.9992104 -0.003723459 0.05544708 -0.9984547 -0.003726862 0.04073781 -0.9991156 0.01041751 -0.02670334 -0.9995869 -0.01062968 -0.04203717 -0.9991151 -0.001357834 -0.0261708 -0.9996566 -0.001361673 -0.04097165 -0.9991048 0.0105278 -0.1078872 -0.9941108 -0.01020889 -0.1222961 -0.9924933 0.0008231975 -0.1073883 -0.9942169 0.0008187204 -0.1218436 -0.9924986 0.01003743 -0.1872222 -0.982265 -0.01016734 -0.2015095 -0.9794805 0.003449305 -0.1866786 -0.982415 0.003444565 -0.200732 -0.9795965 0.009865996 -0.2648847 -0.9642285 -0.009975193 -0.2785357 -0.9604064 0.0061158 -0.2641594 -0.9644597 0.006114279 -0.2780072 -0.9605296 0.009739621 -0.3408474 -0.9400638 -0.01015422 -0.3540062 -0.9352012 0.008845257 -0.3381948 -0.9410346 0.00884061 -0.3539474 -0.9352102 0.01015851 -0.4154302 -0.9095694 -0.01006548 -0.4280515 -0.903695 0.01035524 -0.4884613 -0.8725694 0.005309503 -0.4286656 -0.9034475 0.005331805 -0.4879026 -0.872838 -0.01023615 -0.5000372 -0.8659409 0.01044376 -0.5576368 -0.8300759 -0.003901139 -0.5008519 -0.8655243 -0.003878824 -0.5577236 -0.8299613 -0.01042487 -0.5692583 -0.8220931 0.01038535 -0.6236662 -0.7816224 -0.01034616 -0.6340048 -0.773266 -0.009879359 -0.6238124 -0.7815115 -0.009882094 -0.6345981 -0.7727742 0.01025798 -0.6855415 -0.7279595 -0.01038378 -0.6974383 -0.7166045 -0.00759983 -0.6857437 -0.7278033 -0.007603873 -0.6957176 -0.7182426 0.01022933 -0.7426059 -0.6696514 -0.01017273 -0.7525563 -0.6585047 -0.005529786 -0.7426627 -0.6696428 -0.00553054 -0.7518966 -0.6592035 0.0100996 -0.794452 -0.6072447 -0.009997885 -0.8031087 -0.5958233 -0.003319232 -0.7943033 -0.6075122 -0.003321988 -0.8027596 -0.59622 0.009935963 -0.8405539 -0.541642 -0.009648996 -0.8480396 -0.5299324 -0.0007452387 -0.8404223 -0.5419316 -0.0007516373 -0.847863 -0.530129 0.009574944 -0.880942 -0.4731278 -0.009556357 -0.8873452 -0.4611016 0.001919928 -0.8806905 -0.4736882 0.001918064 -0.8872685 -0.461154 0.009567057 -0.9158732 -0.4013466 -0.009863921 -0.9214177 -0.3885445 0.00474605 -0.9157799 -0.4016524 0.004741206 -0.9212643 -0.3888117 0.009872911 -0.9453264 -0.3259727 -0.009993978 -0.9497434 -0.3129519 0.006978907 -0.9451386 -0.326595 0.006977639 -0.9496861 -0.3130425 0.01004048 -0.9687343 -0.2478958 -0.01007154 -0.9720213 -0.2347181 0.00904655 -0.9682372 -0.2498696 0.009045844 -0.9720944 -0.2343665 0.01024086 -0.9857979 -0.167639 -0.00998412 -0.9879441 -0.1544836 0.01005153 -0.9962519 -0.08628031 0.006132805 -0.9881072 -0.1536426 0.006162429 -0.9962034 -0.08646252 -0.01015901 -0.9972741 -0.07310774 0.009986873 -0.9999837 -0.005001881 -0.002733354 -0.9974408 -0.07144545 -0.002713423 -0.9999378 -0.004636875 -0.01015063 -0.9999126 0.008756482 0.009903319 -0.9969577 0.07728098 -0.01014075 -0.9952685 0.09668956 -0.009580749 -0.9970006 0.07679782 -0.00958567 -0.9958903 0.09004677 0.009709042 -0.9876314 0.1564968 -0.009641455 -0.9854046 0.17008 -0.007126546 -0.9875999 0.15683 -0.007126455 -0.9854097 0.1699315 0.009539383 -0.971837 0.2354616 -0.00952114 -0.9685374 0.2488257 -0.004593173 -0.9720074 0.2349052 -0.004595166 -0.9687502 0.2478639 0.009297297 -0.9501031 0.3117915 -0.009494149 -0.9457473 0.3248984 -0.001789534 -0.9503423 0.3112015 -0.001792262 -0.9460155 0.3239802 0.009558938 -0.9220893 0.3868578 -0.009613404 -0.9167129 0.3995458 0.0006932091 -0.9223086 0.3864536 0.0006913737 -0.9169683 0.3988416 0.009715921 -0.887697 0.4603239 -0.009796307 -0.8813635 0.4724305 0.002803868 -0.8879806 0.4598724 0.002799755 -0.8815765 0.4719388 0.009827042 -0.8471507 0.5312602 -0.009907706 -0.8399997 0.5425675 0.004600769 -0.8475707 0.5306627 0.004596313 -0.8399585 0.5425612 0.009856041 -0.8008501 0.5987839 -0.009849153 -0.7928934 0.6093255 0.006525598 -0.8012401 0.5983074 0.006522792 -0.7929122 0.6092574 0.009774026 -0.7490702 0.6624154 -0.009982089 -0.7402754 0.6722511 0.008421519 -0.7492505 0.6622332 0.008417161 -0.7404807 0.672007 0.00973794 -0.6925234 0.7213278 -0.009872722 -0.6830332 0.7303213 0.009811589 -0.6291035 0.7772909 0.00689644 -0.6828465 0.7305291 0.006910899 -0.6315947 0.7752392 -0.009612402 -0.6215226 0.7833366 0.00965946 -0.567473 0.8233855 -0.003248797 -0.6229379 0.7822646 -0.003233855 -0.5670946 0.8235987 -0.009438048 -0.5566063 0.8307254 0.009214454 -0.5004278 0.865732 -0.008953759 -0.4896247 0.8718977 -0.00787245 -0.4998454 0.866079 -0.007872568 -0.4889438 0.872268 0.009082168 -0.429375 0.9030784 -0.00929678 -0.4168126 0.9089763 -0.005416058 -0.4295384 0.9030324 -0.005416862 -0.4179147 0.9084376 0.009405067 -0.3552196 0.9347357 -0.009390708 -0.3428158 0.9393967 -0.003337515 -0.3556588 0.9346099 -0.003337607 -0.3434378 0.9391277 0.009473207 -0.2781122 0.9605002 -0.009637817 -0.2651462 0.9642074 -0.00128529 -0.2787094 0.9603746 -0.001288745 -0.2659077 0.9639496 0.009709012 -0.1989031 0.9799734 -0.009476721 -0.1861356 0.9825239 0.0005756976 -0.1992574 0.979947 0.0005741877 -0.1862307 0.9824591 0.009614435 -0.1178643 0.9929827 -0.009652097 -0.1046945 0.9945012 0.002545549 -0.118392 0.9929637 0.00254432 -0.1053065 0.994393 0.009654377 -0.03607298 0.9993033 -0.009583225 -0.02328373 0.9997205 0.004100616 -0.03704829 0.999305 0.004098912 -0.02343214 0.9996802 0.009513171 0.04564734 0.9989126 -0.009485711 0.05832001 0.9982795 0.00606794 0.04371602 0.9990256 0.006066753 0.05757224 0.9982961 0.009500777 0.1264027 0.9919353 -0.00931882 0.1386158 0.9903149 0.007873355 0.1252321 0.9920962 0.007874202 0.1384968 0.9903218 0.009023029 0.2053234 0.978651 -0.009193443 0.2173404 0.976055 0.00893699 0.2823515 0.9593071 0.002733933 0.2179462 0.9759569 0.002754305 0.2825103 0.9592234 -0.00884584 0.2941489 0.955717 0.009020587 0.3580704 0.9336515 -0.008974575 0.3516534 0.9360867 -0.009031028 0.3582219 0.9335927 -0.009031893 0.3695208 0.929179 0.008986749 0.4323577 0.9016531 -0.009402997 0.4439605 0.8960177 -0.00716354 0.4322025 0.9017481 -0.00716373 0.443413 0.8962701 0.009206417 0.5043449 0.8634509 -0.0094135 0.5158437 0.8566678 -0.005057815 0.5040066 0.863685 -0.005061595 0.5147897 0.8572648 0.009413655 0.5733551 0.8192532 -0.009391903 0.5837566 0.8119216 -0.003404811 0.5729564 0.8195788 -0.003408259 0.5832632 0.8122301 0.009296053 0.6384357 0.7696172 -0.009450136 0.6483487 0.7613419 -0.00154742 0.6382688 0.769812 -0.001551125 0.6479469 0.7616287 0.009297737 0.6992956 0.7147723 -0.009292359 0.7080531 0.7061592 -0 0.698805 0.7153122 0 0.7080106 0.7061425 0.009155033 0.7551234 0.6555181 -0.009207204 0.7633288 0.6460063 0.002225109 0.7547755 0.6559795 0.00222371 0.7630938 0.6462221 0.009210442 0.8056835 0.5922807 -0.008814992 0.8128052 0.5825202 0.004223006 0.8052329 0.5929436 0.004220815 0.8125818 0.5827795 0.008877072 0.8503488 0.5261476 -0.00870457 0.8565216 0.5160728 0.006297138 0.8499322 0.5268543 0.006294794 0.8563703 0.5162919 0.008523323 0.8894572 0.4569332 -0.008827752 0.89481 0.4463602 0.008816832 0.9135068 0.40673 0.008723857 0.8949078 0.4461657 0.008732595 0.9232775 0.384034 -0.008748863 0.9276616 0.3733188 0.008771732 0.9509942 0.3092013 -0.002163933 0.9279934 0.3725905 -0.002139279 0.9513187 0.3080748 -0.009090024 0.9548594 0.2969267 0.008826131 0.9732683 0.2294801 -0.009360615 0.9771334 0.2124523 -0.00862134 0.9732381 0.2296375 -0.008622191 0.9758927 0.2180602 0.009115333 0.9887379 0.1493823 -0.009069153 0.9906368 0.1363582 -0.006711938 -0.006890361 -0.9999052 0.01191602 -0.006791239 -0.9999059 0.01191601 -0.07068606 -0.9974226 -0.0123112 -0.08828153 -0.9960238 0.0119532 -0.1495654 -0.9887482 0.002674396 -0.0883534 -0.9960855 0.002706415 -0.1508127 -0.98849 -0.01195746 -0.1680751 -0.9857037 0.01179185 -0.2296885 -0.9732339 -0.007670708 -0.1700653 -0.9854031 -0.007644577 -0.2293049 -0.9732845 -0.0116898 -0.2461708 -0.9691579 0.01153196 -0.3061854 -0.9519017 -0.01156405 -0.3230019 -0.9463518 -0.00938788 -0.3058488 -0.9520338 -0.009392027 -0.3223695 -0.9465426 0.0116302 -0.3812887 -0.9243794 -0.01190575 -0.3988522 -0.9169947 -0.006129623 -0.3808892 -0.9246003 -0.006130601 -0.3971952 -0.9176549 0.01206729 -0.4550012 -0.8904101 -0.0119971 -0.471159 -0.8820415 -0.003480963 -0.4542508 -0.890867 -0.003490452 -0.4703327 -0.8824043 0.0122377 -0.5261526 -0.8503039 -0.01210612 -0.5414017 -0.8407634 -0.0009268458 -0.5251974 -0.85098 -0.0009336584 -0.5406602 -0.8411526 0.01219795 -0.5939841 -0.8043824 -0.01231716 -0.6084206 -0.7936133 0.001524176 -0.5927351 -0.8053961 0.001522666 -0.6077616 -0.7940235 0.01235068 -0.6578326 -0.7530674 -0.01207567 -0.67112 -0.7413372 0.004138261 -0.657086 -0.7538043 0.004133669 -0.6708782 -0.7414679 0.01215599 -0.7171903 -0.6967736 -0.01202799 -0.7292284 -0.6842394 0.006501094 -0.716087 -0.6979808 0.006495972 -0.7291257 -0.6842756 0.0119357 -0.7712905 -0.6363733 -0.01183377 -0.7822174 -0.6229338 0.009457369 -0.7711293 -0.6366084 0.009455199 -0.7820496 -0.6231057 0.01173112 -0.8200383 -0.5721895 -0.01167151 -0.8296776 -0.5581229 0.01157083 -0.8627614 -0.5055299 0.00907096 -0.8297963 -0.5579923 0.009102959 -0.8629869 -0.5051026 -0.01118573 -0.8713376 -0.4905518 0.01139532 -0.9004118 -0.4350302 -0.002711168 -0.87209 -0.4893381 -0.002692292 -0.9004374 -0.4348368 -0.01138427 -0.9076062 -0.4196636 0.01154767 -0.9324874 -0.3610108 -0.01176158 -0.9391366 -0.3433598 -0.01124785 -0.9325325 -0.3609107 -0.01124676 -0.9385025 -0.345075 0.01168094 -0.958714 -0.2841204 -0.01195776 -0.9637843 -0.2665431 -0.008635716 -0.9587236 -0.2842083 -0.008642506 -0.9634408 -0.2676586 0.01186419 -0.9786694 -0.2050964 -0.01190889 -0.9822695 -0.1873777 -0.006011666 -0.9786918 -0.2052469 -0.006015133 -0.9820591 -0.1881871 0.01205852 -0.9922258 -0.1238727 -0.01197762 -0.9943662 -0.10594 -0.003557893 -0.9922357 -0.1243206 -0.003561173 -0.9941717 -0.1071553 0.01184686 -0.999032 -0.04229205 -0.01210021 -0.9997036 -0.02431627 -0.001176334 -0.9990804 -0.0428604 -0.001179226 -0.9996071 -0.02543069 0.01178442 -0.9991588 0.03924812 -0.01188321 -0.9983851 0.05679301 0.001387232 -0.999257 0.03851811 0.001381285 -0.998354 0.05613548 0.01175305 -0.9926581 0.1203937 -0.01162452 -0.9905555 0.1370601 0.003783152 -0.9928887 0.1189866 0.003777691 -0.9905332 0.1368049 0.01133619 -0.9798484 0.199417 -0.01139955 -0.9764058 0.2158298 0.00701291 -0.9800246 0.1987526 0.007010964 -0.9764178 0.2156042 0.01109264 -0.9609197 0.2766048 -0.01109765 -0.9562373 0.2924059 0.01043624 -0.960686 0.2774412 0.01043379 -0.9562357 0.2923845 0.01116082 -0.9357392 0.3525101 -0.01135842 -0.9298362 0.3677993 0.01133029 -0.9052434 0.4248759 0.003856826 -0.9296543 0.3684124 0.003881243 -0.9042793 0.4267868 -0.01148333 -0.8970823 0.441707 0.01175906 -0.866586 0.4989972 -0.005524028 -0.8966606 0.4426843 -0.005500023 -0.8665894 0.4988853 -0.01167379 -0.8581813 0.51321 0.0118469 -0.8227211 0.5683234 -0.01176922 -0.8116329 0.5840645 -0.0109874 -0.8228483 0.5681547 -0.010994 -0.8133002 0.581724 0.01183313 -0.7736421 0.6335158 -0.01164064 -0.7626147 0.6467956 -0.008624022 -0.7736327 0.6335756 -0.008629626 -0.7629858 0.6463102 0.01165114 -0.7190593 0.6948483 -0.01181468 -0.7064942 0.7076917 -0.00621403 -0.7193456 0.6946246 -0.006220675 -0.7075798 0.7065382 0.01160129 -0.6601542 0.7510415 -0.0115371 -0.6470267 0.762459 -0.003578423 -0.6603458 0.7509531 -0.003583026 -0.6477218 0.7617922 0.01136255 -0.5973057 0.8019336 -0.01132966 -0.5837651 0.811922 -0.0009318021 -0.5976784 0.8017355 -0.000936703 -0.5840585 0.811635 0.01115502 -0.5311978 0.8471766 -0.01098547 -0.5172023 0.8558605 0.002176577 -0.5319872 0.8467496 0.002173221 -0.5176097 0.855547 0.01093895 -0.4622088 0.8867041 -0.01089398 -0.4479063 0.8940646 0.005327328 -0.4634014 0.8861325 0.005321888 -0.4480128 0.8939594 0.0110063 -0.3898198 0.9208229 -0.01122406 -0.3747907 0.9270704 0.008520577 -0.3901516 0.9207112 0.008514658 -0.3749954 0.9269592 0.01119236 -0.3139499 0.9493696 -0.01152353 -0.2986428 0.9543016 0.01099708 -0.3242829 0.9458963 0.01098856 -0.2983795 0.9543789 0.01142502 -0.2355006 0.9718065 -0.01147379 -0.2199368 0.9754477 0.01138356 -0.1564428 0.9876803 0.003655288 -0.2192336 0.9756655 0.003686628 -0.1552268 0.9878099 -0.01167322 -0.1391641 0.9902009 0.01164333 -0.0743288 0.9972237 -0.004494014 -0.1398615 0.9901609 -0.004475087 -0.07372543 0.9972113 -0.01157758 -0.05765152 0.9982701 0.01153634 0.008370833 0.9998987 -0.01151377 0.0227677 0.9996788 -0.01112815 0.007860307 0.9999071 -0.01113069 0.02398389 0.9996474 0.01139237 0.08934107 0.9959376 -0.01124581 0.105744 0.9943576 -0.00843284 0.08903505 0.9959928 -0.008433518 0.1050568 0.9944034 0.01117726 0.1694753 0.9854723 -0.01106665 0.1854271 0.9826415 -0.00571005 0.1687826 0.9856367 -0.005714011 0.1845662 0.9827616 0.01071534 0.2470787 0.9689345 -0.01086549 0.2631198 0.9647602 -0.002363592 0.2468757 0.9690443 -0.002367286 0.2622006 0.9649559 0.01053483 0.3233174 0.9462274 -0.01092945 0.3389477 0.9408048 0.0009336059 0.322991 0.9464016 0.0009286288 0.3380167 0.9410772 0.01087565 0.3983011 0.9171877 -0.01109113 0.4132785 0.910597 0.003749749 0.3975144 0.9175883 0.003745253 0.4125421 0.9108687 0.01128068 0.4715981 0.881743 -0.01116021 0.4855784 0.8741723 0.006031896 0.4701766 0.8825518 0.006030963 0.4851646 0.8743498 0.01130909 0.5420023 0.8403003 -0.01135691 0.5552178 0.8316637 0.008287785 0.5405884 0.8412464 0.008284716 0.5551942 0.8316442 0.0112789 0.6089668 0.7931144 -0.01135442 0.6213783 0.7834376 0.01070652 0.609126 0.7930012 0.01070547 0.6210656 0.7836772 0.01129025 0.6718589 0.740591 -0.01141728 0.683385 0.7299718 0.01122872 0.7290525 0.6844388 0.005094271 0.6839268 0.7295328 0.005120588 0.7300271 0.6833295 -0.01101726 0.7404848 0.6719806 0.01114764 0.7829472 0.6220742 -0.004178707 0.742359 0.6699893 -0.004165602 0.7830725 0.6218367 -0.01080139 0.7924625 0.6098236 0.0108768 0.8305261 0.556876 -0.01074194 0.840998 0.5409514 -0.009690517 0.8304891 0.5569506 -0.009693858 0.8388014 0.5443359 0.01051516 0.8720359 0.4893296 -0.01047819 0.8798109 0.4752774 -0.006653876 0.8720936 0.4892939 -0.006659441 0.8794654 0.4758466 0.01051408 0.9083166 0.4181477 -0.01065486 0.9149288 0.4035979 -0.003747482 0.9082112 0.4184954 -0.003751365 0.9145781 0.4042658 0.01077162 0.9391048 0.3434575 -0.01091175 0.944564 0.3283252 -0.001114804 0.9389546 0.3440394 -0.001118533 0.9441589 0.3293124 0.01083088 0.9638883 0.2660712 -0.01120182 0.9681372 0.2504169 0.00132369 0.9637501 0.2668035 0.001317691 0.9677991 0.2514811 0.01105307 0.9824122 0.1863915 -0.01116726 0.9853029 0.1707797 0.003530839 0.9823387 0.1870783 0.003526784 0.9851803 0.1711581 0.01117555 0.9943902 0.1052038 -0.01097012 0.9959427 0.08981128 0.005676164 0.9943625 0.1058825 0.005673492 0.9958727 0.09009366 0.01098329 0.9996622 0.0234786 -0.01114594 0.9999371 0.008041822 0.007812772 0.9996587 0.02492869 0.007810596 0.9999034 0.008468991 0.01100994 0.9982454 -0.05819207 -0.01094358 0.9972645 -0.0732379 0.00999237 0.998483 -0.0541474 0.009989593 0.9973063 -0.07254219 0.01084931 0.9902755 -0.138698 -0.01082348 0.9881123 -0.1533846 0.01036044 0.9764222 -0.2158477 0.003093477 0.9880543 -0.1540753 0.003117762 0.975997 -0.2175329 -0.01046213 0.9727059 -0.2318194 0.01014371 0.9557471 -0.2940624 -0.008646301 0.97297 -0.2307709 -0.008614512 0.9556816 -0.2942197 -0.01037194 0.9512145 -0.308351 0.01051738 0.929145 -0.3695718 -0.01029772 0.923534 -0.3834335 -0.007978863 0.9291086 -0.3697211 -0.007980064 0.9235234 -0.3833974 0.01053093 0.8961326 -0.4436549 -0.01079708 0.8890777 -0.45772 -0.005761559 0.8963943 -0.44322 -0.005766158 0.8894076 -0.456983 0.01099068 0.8570337 -0.5151522 -0.01055987 0.8490765 -0.5282595 -0.003313258 0.8572032 -0.5149675 -0.003316298 0.8492371 -0.5279004 0.01084395 0.8120094 -0.5835435 -0.01084758 0.8027854 -0.5962669 -0.001133345 0.8122777 -0.5832698 -0.001135 0.803268 -0.5955195 0.01082009 0.7614129 -0.648175 -0.01093623 0.7512493 -0.6600178 0.0009558707 -0.9990498 0.0428808 0.007802919 -0.9955809 0.09384864 -0.00334218 -0.9933193 0.1143244 -0.01570632 -0.9895935 0.143706 0.007295408 -0.9935267 0.1133655 0.007280113 -0.9895179 0.1434617 0.01652834 -0.9808862 0.1938232 -0.01716693 -0.9737751 0.226731 0.01884624 -0.9815028 0.1905203 0.01881993 -0.9737226 0.2265025 0.02368051 -0.9622437 0.2714384 -0.02020548 -0.9498049 0.3116987 0.02673195 -0.5545927 0.6268885 0.5472092 -0.6666466 0.7444597 0.03690661 -0.6620427 0.7485559 0.03692568 -0.6646287 0.7470562 -0.01325923 -0.7252179 0.6884269 0.0112894 -0.7245302 0.6890017 0.01823801 -0.72503 0.6884757 0.01823887 -0.7247453 0.6887192 0.02025338 -0.7829359 0.6217178 -0.02187519 -0.7784204 0.6276202 0.01242603 -0.783041 0.6218458 0.01243404 -0.7788677 0.6263686 0.03205337 -0.8344874 0.5498359 -0.0362103 -0.8272663 0.5616764 0.0122495 -0.8350039 0.5501074 0.01226492 -0.8275731 0.5599217 0.0401302 -0.8795156 0.4737017 -0.04537584 -0.8703282 0.4922338 0.01532 -0.8801799 0.4743925 0.01533278 -0.8707123 0.4895665 0.04674035 -0.9176057 0.3938769 -0.05348657 -0.9075695 0.4194956 0.01846557 -0.9187304 0.3944525 0.01848521 -0.9074578 0.4166255 0.05425296 -0.9483233 0.3112833 -0.061527 -0.9384375 0.3446801 0.02303919 -0.9383233 0.3449908 0.02303882 -0.1258327 0.9919637 0.0131942 -0.1469071 0.9889724 -0.01876183 -0.2066985 0.9782404 0.0179313 -0.2070293 0.9781704 0.01793132 -0.2338763 0.9719604 -0.0243897 -0.2861736 0.9579103 0.02264003 -0.3186358 0.9474709 0.02775235 -0.3548097 0.9303363 -0.0926521 -0.2862883 0.9578761 0.02264001 -0.4804777 0.8762797 0.03571086 -0.5000398 0.8624504 -0.07835563 -0.4373665 0.8986937 0.03256035 -0.4011114 0.915451 0.03254198 -0.4290049 0.8991069 -0.08695739 -0.3634329 0.9312059 0.02778634 -0.6271282 0.7779635 0.03850999 -0.632981 0.771965 -0.05835435 -0.5741838 0.8178315 0.03827047 -0.5559396 0.8303415 0.0382636 -0.5680769 0.8201472 -0.06817045 -0.5071662 0.8611082 0.03570936 -0.7358657 0.6770817 -0.007884145 -0.6973446 0.7160909 0.03040493 -0.6935721 0.7197446 0.03042062 -0.6943489 0.7179468 -0.04931628 -0.6383553 0.7687784 0.03850102 -0.5027301 -0.03837691 0.8635911 -0.4979041 -0.07966635 0.8635651 -0.4897005 -0.1204253 0.8635342 -0.4782381 -0.159908 0.8635495 -0.2852972 -0.4157948 0.863551 -0.2499763 -0.4380156 0.8635128 -0.2138623 -0.4566374 0.8635654 -0.1764116 -0.4722554 0.8636283 -0.1383741 -0.484706 0.8636623 0.1835801 -0.4696378 0.8635616 0.2202606 -0.4534259 0.8636494 0.2551348 -0.4346188 0.8637202 0.2879127 -0.4134344 0.8638161 0.4978505 -0.07679892 0.8638558 0.502665 -0.03580121 0.8637396 0.5040646 0.006000738 0.8636451 0.3428386 0.369669 0.8636009 0.3109767 0.3969653 0.8635462 0.2773575 0.4211526 0.8635412 -0.07334492 0.4988769 0.8635637 -0.1142045 0.4912038 0.8635254 -0.1539026 0.4802062 0.8635485 -0.192232 0.4661118 0.8635893 -0.4539605 0.219519 0.8635573 -0.4700662 0.1822268 0.8636152 -0.4829074 0.1444168 0.8636806 -0.4925505 0.1063468 0.8637618 -0.4376642 -0.2498883 0.8637162 -0.4168851 -0.2829105 0.8638105 -0.3929275 -0.3154104 0.8637848 -0.3656231 -0.34697 0.8636734 -0.04203513 -0.5021493 0.8637587 -0.0004197691 -0.5040447 0.8636775 0.04150975 -0.5025155 0.8635712 0.08299572 -0.4974066 0.8635383 0.3929328 -0.3160386 0.8635527 0.4175366 -0.2826831 0.8635702 0.4393917 -0.2474319 0.8635463 0.4579908 -0.2109448 0.8635663 0.4925633 0.1079235 0.8635588 0.4821163 0.1479178 0.86353 0.4684757 0.1864373 0.8635808 0.4520285 0.2231924 0.8636292 0.4330431 0.2578475 0.8637062 0.1877241 0.4679788 0.8635713 0.1501289 0.4812104 0.8636538 0.1122939 0.4912527 0.8637481 0.07370232 0.498374 0.8638237 -0.2781067 0.4201534 0.8637869 -0.3104814 0.3968127 0.8637945 -0.3422121 0.3700169 0.8637003 -0.3718032 0.3404704 0.8636216 -0.5040425 0.006493679 0.8636544 -0.5029708 -0.03508251 0.8635912 -0.4983924 -0.07655106 0.8635653 -0.4904346 -0.1172715 0.8635516 -0.2879297 -0.413965 0.8635563 -0.252633 -0.436509 0.8635024 -0.2163623 -0.4555145 0.8635357 -0.1791497 -0.4713137 0.8635792 0.1808046 -0.4707479 0.8635428 0.217692 -0.454687 0.8636376 0.252662 -0.4360807 0.8637103 0.2854882 -0.4151409 0.8638024 0.4898767 -0.1180854 0.8637573 0.4974781 -0.07966201 0.863811 0.5024832 -0.0386858 0.863721 0.3742737 0.3375875 0.8636863 0.3450877 0.3675221 0.8636214 0.313567 0.3948331 0.863587 -0.02857317 0.5033399 0.8636159 -0.07024271 0.4993196 0.8635657 -0.1112022 0.4918876 0.8635281 -0.1510743 0.4811226 0.8635379 -0.1894338 0.4672945 0.8635685 -0.433095 0.2583599 0.8635271 -0.4527556 0.2220779 0.8635356 -0.4691207 0.1848912 0.8635629 -0.4821181 0.1471606 0.8636585 -0.4574566 -0.2117974 0.8636407 -0.4391523 -0.2473195 0.8637003 -0.4185302 -0.2804569 0.8638151 -0.3949056 -0.312953 0.8637766 -0.08582182 -0.4964627 0.8638052 -0.04526812 -0.5018519 0.8637682 -0.003370601 -0.5040988 0.8636394 0.03835525 -0.5027434 0.8635844 0.3630942 -0.3497283 0.8636277 0.3908605 -0.3185245 0.8635798 0.4159618 -0.2851175 0.8635298 0.4379471 -0.2500792 0.8635176 0.5001659 0.0638651 0.8635712 0.4932469 0.1049203 0.8635388 0.48298 0.1449414 0.8635522 0.4695775 0.1836164 0.8635867 0.4533789 0.2204718 0.8636202 0.2277445 0.4499379 0.8635325 0.1907919 0.4666591 0.8636131 0.1530101 0.4802979 0.8636561 0.1150067 0.4906154 0.8637534 -0.5002127 0.01401928 0.8657891 -0.4996434 -0.02748023 0.8657952 -0.4957004 -0.068545 0.8657844 -0.3244182 -0.3809852 0.8657963 -0.2917112 -0.4066461 0.8657618 -0.2573157 -0.4291963 0.8657824 -0.2219815 -0.4484849 0.8657861 0.1336693 -0.4822668 0.8657663 0.1721338 -0.4698787 0.8657852 0.2092842 -0.4545283 0.8657968 0.4846867 -0.1243551 0.8658028 0.4928418 -0.08613041 0.8658455 0.3762215 0.3299109 0.8658038 0.3479107 0.3596408 0.865804 -0.02109739 0.4999608 0.8657911 -0.06194555 0.4965258 0.8658088 -0.102905 0.4897197 0.8657858 -0.42582 0.2628362 0.8657913 -0.4456997 0.227524 0.8657855 -0.4627215 0.190516 0.8657901 -0.4570717 -0.2037406 0.8657801 -0.4394521 -0.2393214 0.8657985 -0.4196214 -0.2725319 0.8658201 -0.09215535 -0.4917836 0.8658269 -0.05192833 -0.4976617 0.8658154 0.3552726 -0.3523605 0.8658079 0.3830989 -0.3219523 0.865784 0.4083853 -0.2891945 0.8657874 0.4973179 0.05597172 0.865761 0.4909838 0.09659822 0.8657966 0.4814265 0.1365716 0.865781 0.4688657 0.1747436 0.8658115 0.2328307 0.44298 0.8657705 0.1962616 0.4603062 0.8657942 0.1590604 0.4744081 0.8658157 -0.2339608 0.4423328 0.8657967 -0.2674975 0.4228204 0.8658336 -0.3003267 0.40021 0.8658151 -0.4969603 0.05818759 0.8658202 -0.5000733 0.01728583 0.8658105 -0.4998289 -0.02430948 0.865783 -0.3268695 -0.3788686 0.865803 -0.2943608 -0.4046813 0.8657856 -0.2602367 -0.4274542 0.8657712 0.1305148 -0.4831095 0.8657777 0.1694747 -0.4708983 0.8657559 0.2067792 -0.4557151 0.8657749 0.4725401 -0.1646982 0.8657831 0.4839129 -0.1271986 0.8658226 0.4039436 0.295248 0.865828 0.3785936 0.3271535 0.8658161 0.02337142 0.4998382 0.8658034 -0.01783542 0.5000936 0.8657876 -0.05934076 0.4968989 0.8657772 -0.4007936 0.2995687 0.8658078 -0.4242008 0.265471 0.8657822 -0.4445627 0.2297391 0.8657852 -0.4729649 -0.1634829 0.8657815 -0.4582599 -0.2010268 0.8657864 -0.441002 -0.2364828 0.8657905 -0.1327016 -0.4824841 0.8657941 -0.09525611 -0.4911836 0.865832 -0.05520965 -0.4972638 0.865841 0.3225965 -0.3824763 0.8658195 0.353058 -0.3546152 0.8657933 0.381028 -0.3243847 0.8657899 0.5002828 0.01153847 0.8657852 0.4976127 0.05294859 0.8657818 0.4915931 0.09362405 0.8657775 0.4823435 0.1332635 0.8657861 0.2708197 0.42079 0.8657901 0.2354838 0.4415947 0.8657606 0.1990822 0.4591097 0.8657855 0.1620424 0.4734624 0.8657803 -0.2025335 0.4603068 0.8643482 0.09122097 0.4922384 0.8656674 0.3108249 0.3920169 0.8658584 0.4990433 0.03416989 0.8659031 0.2421157 -0.4385326 0.8654878 -0.4991785 0.02058721 0.8662546 -0.2993776 0.4131999 0.8600225 -0.4962638 -0.04593096 0.8669559 -0.4989002 -0.0009151705 0.866659 -0.3743573 0.327687 0.8674548 -0.3120393 0.3906965 0.8660184 -0.2546517 0.4307207 0.865813 -0.07622587 0.4971368 0.8643175 -0.0830901 0.4979375 0.8632232 -0.09589297 0.4922586 0.8651509 -0.0960217 0.4922368 0.865149 -0.142074 0.4922574 0.8587768 -0.1194265 0.4886162 0.8642868 -0.1198073 0.4885616 0.8642648 -0.1874725 0.4822995 0.855711 -0.1650265 0.4773253 0.8630914 -0.1426632 0.4802929 0.8654281 -0.1416383 0.4805143 0.8654735 -0.221998 0.4501517 0.8649164 -0.2004097 0.4606441 0.8646634 -0.2084561 0.4631444 0.8614193 -0.1869155 0.4650099 0.8653487 -0.2588187 0.4491168 0.8551649 -0.2353874 0.4457805 0.8636392 -0.235013 0.445876 0.8636918 -0.2210742 0.4505211 0.8649607 -0.2723461 0.4268965 0.8623149 -0.2932152 0.4062266 0.8654506 -0.2930941 0.4062996 0.8654574 -0.3009981 0.3984231 0.8664058 -0.3181042 0.4055507 0.8569355 -0.2931159 0.4062378 0.865479 -0.3458323 0.3624121 0.8654811 -0.3382019 0.3801467 0.8608763 -0.3328222 0.3789012 0.8635179 -0.3330788 0.3789119 0.8634143 -0.3934881 0.3605686 0.8456699 -0.3609107 0.3510962 0.8639878 -0.3610345 0.3511279 0.8639231 -0.346437 0.3619062 0.8654509 -0.4025883 0.3258603 0.8554167 -0.3984466 0.3233628 0.8582988 -0.3978193 0.3230399 0.8587113 -0.4451572 0.3087569 0.8405381 -0.5702261 0.4202344 0.7058649 -0.4449356 0.3085774 0.8407212 -0.4011622 0.2882679 0.8694656 -0.4008742 0.2886038 0.869487 -0.4140448 0.2858223 0.8642179 -0.4168143 0.2815073 0.8643029 -0.4120382 0.284027 0.8657674 -0.4311306 0.2570619 0.8648963 -0.4312671 0.2568718 0.8648847 -0.4373615 0.2519322 0.8632758 -0.4452538 0.2426021 0.8619126 -0.4352255 0.2503007 0.8648285 -0.4408022 0.2388696 0.8652368 -0.4598983 0.1982521 0.8655574 -0.4591143 0.1998044 0.8656166 -0.4530988 0.2135295 0.8655094 -0.4646825 0.2037789 0.8617102 -0.4567035 0.215592 0.8631002 -0.4509169 0.220606 0.864874 -0.4513701 0.2198502 0.86483 -0.4696752 0.180447 0.8642015 -0.4724344 0.1782189 0.8631592 -0.4815021 0.1630804 0.8611391 -0.4674651 0.175816 0.8663517 -0.4771574 0.1521153 0.865553 -0.4970642 0.09947374 0.8619932 -0.4931153 0.1019562 0.8639688 -0.5001558 0.08640596 0.8616138 -0.490852 0.1013416 0.8653289 -0.4864245 0.1167891 0.8658819 -0.4862511 0.1172006 0.8659238 -0.4795344 0.1382319 0.8665671 -0.4943045 0.1216292 0.8607378 -0.4845889 0.1402512 0.8634253 -0.4849723 0.1399715 0.8632554 -0.4746057 0.1583999 0.8658285 -0.4952497 0.06084045 0.8666176 -0.5020037 0.04695919 0.8635897 -0.5044538 0.07300135 0.8603472 -0.5003998 0.06216393 0.8635599 -0.4968516 0.06940489 0.8650557 -0.4967556 0.06983545 0.8650763 -0.4974702 0.01956864 0.8672603 -0.5032408 0.0001346669 0.8641461 -0.5083959 0.02514195 0.8607563 -0.5059716 0.02114749 0.8622909 -0.5042318 0.02387418 0.8632383 -0.4976006 0.0454882 0.8662127 -0.4965769 -0.0211868 0.8677341 -0.4986101 -0.04567019 0.8656225 -0.5080207 -0.02047109 0.8611016 -0.5093374 -0.02111602 0.8603078 -0.5090061 -0.02075145 0.8605127 -0.5076168 -0.06240259 0.8593202 -0.5124266 -0.06410249 0.8563352 -0.5130913 -0.06456155 0.8559025 -0.5163544 -0.1051965 0.8498893 -0.4891323 -0.08774851 0.8677844 -0.4891255 -0.0878155 0.8677815 -0.5418488 -0.1437057 0.8280993 -0.4804011 -0.1300697 0.8673503 -0.475095 -0.1330049 0.8698244 -0.4756003 -0.1302987 0.8699579 -0.5069098 -0.1045051 0.8556408 -0.51877 -0.1070569 0.8481842 -0.519111 -0.1071907 0.8479587 -0.3229453 0.3674181 0.872187 -0.3230717 0.3673187 0.8721821 -0.395683 0.500931 0.7697423 -0.3566537 0.4555343 0.8156511 -0.3633366 0.4508051 0.8153289 -0.3086826 0.3854361 0.8695712 -0.3076584 0.3861349 0.8696241 -0.3606129 0.3774465 0.8529316 -0.3774627 0.3917615 0.8390738 -0.3741298 0.3945897 0.8392412 -0.386799 0.4035473 0.829178 -0.3545018 0.3359451 0.8726221 -0.4014835 0.3513897 0.8457755 -0.3998845 0.3507559 0.8467956 -0.4005096 0.3501248 0.8467613 -0.3969941 0.3478971 0.849331 -0.3544207 0.3360208 0.8726259 -0.4006643 0.2908468 0.8688362 -0.441485 0.3058026 0.8435494 -0.4267555 0.3174298 0.8468282 -0.4264805 0.3177606 0.8468427 -0.4250888 0.3133946 0.8491663 -0.3856828 0.3049366 0.8707827 -0.3855301 0.3051052 0.8707913 -0.4227803 0.256541 0.8691626 -0.4607193 0.2606062 0.8484233 -0.4423074 0.2769638 0.8530271 -0.4446302 0.273621 0.8528984 -0.4329859 0.2696793 0.8601141 -0.4091921 0.279874 0.8684655 -0.4426039 0.2215874 0.8689078 -0.4763595 0.2155423 0.8524221 -0.4601728 0.2328876 0.8567405 -0.4600964 0.2330212 0.8567452 -0.4606596 0.2331447 0.856409 -0.4322876 0.2419559 0.8686683 -0.4608063 0.1858937 0.8678139 -0.4882233 0.1707478 0.8558524 -0.4742438 0.1887343 0.8599257 -0.4725043 0.1925074 0.8600468 -0.4838693 0.1937876 0.8534148 -0.4526885 0.2029155 0.8682733 -0.4800518 0.1300884 0.867541 -0.4800492 0.1300959 0.8675412 -0.480411 0.1520271 0.8637667 -0.4872411 0.1328117 0.8631091 -0.4886802 0.1554857 0.8584962 -0.4968338 0.1550852 0.8538763 -0.470861 0.1629256 0.8670323 -0.5018851 0.114123 0.8573723 -0.4941255 0.1150768 0.8617408 -0.492239 0.0884122 0.8659585 -0.4863523 0.1110301 0.8666797 -0.490876 0.08691118 0.8668836 -0.4969474 0.07440596 0.8645849 -0.5175248 0.07032054 0.8527737 -0.4905776 0.08809407 0.8669332 -0.4980032 0.03274356 0.8665568 -0.5262308 0.02306494 0.8500289 -0.5010199 0.04329333 0.8643522 -0.5025525 0.03361401 0.863893 -0.499176 0.04303823 0.8654311 -0.4991317 0.04330469 0.8654433 -0.5040931 -0.002509979 0.8636457 -0.5064456 -0.007620293 0.8622382 -0.506087 -0.002426943 0.862479 -0.5108572 -0.00728453 0.8596346 -0.5009916 -0.02171024 0.8651799 -0.4965045 -0.04957447 0.8666174 -0.5153262 -0.06460599 0.8545554 -0.504632 -0.04079717 0.86237 -0.5044848 -0.04938289 0.8620072 -0.5000841 -0.04055755 0.8650266 -0.5000859 -0.04187365 0.8649628 -0.4899551 -0.09036413 0.8670515 -0.5080014 -0.1112508 0.8541415 -0.4995038 -0.08664384 0.861968 -0.4990612 -0.09082079 0.8617943 -0.4970819 -0.08678419 0.8633528 -0.4956 -0.06294569 0.8662671 -0.4899014 -0.1314491 0.8618108 -0.4899884 -0.1317974 0.861708 -0.4900515 -0.131476 0.8617213 -0.4900527 -0.1314787 0.8617202 -0.4872565 -0.1081137 0.8665406 -0.4637918 -0.1893408 0.8654752 -0.4729264 -0.174069 0.8637365 -0.4770543 -0.1707741 0.8621226 -0.475788 -0.1751568 0.861943 -0.4786381 -0.1709728 0.8612049 -0.4757209 -0.1516176 0.8664305 -0.47571 -0.1516623 0.8664286 -0.4539531 -0.2058154 0.8669294 -0.4567819 -0.2292158 0.8595408 -0.4623722 -0.2070877 0.8621639 -0.4618644 -0.2084125 0.8621168 -0.461164 -0.2065006 0.8629515 -0.4637674 -0.1894139 0.8654722 -0.436489 -0.2412003 0.8667755 -0.4338433 -0.2683061 0.8601114 -0.4408487 -0.2466142 0.8630376 -0.4423464 -0.24354 0.8631443 -0.4437679 -0.2480343 0.8611324 -0.4460209 -0.2247834 0.8663359 -0.4190274 -0.2757039 0.8651031 -0.4158325 -0.2837305 0.8640488 -0.4203263 -0.2762449 0.8643 -0.4233938 -0.2876512 0.8590661 -0.4249835 -0.2634448 0.8660173 -0.3851937 -0.3189972 0.8659483 -0.3851868 -0.3190066 0.8659479 -0.3947438 -0.3082306 0.8655468 -0.3864511 -0.3196382 0.8651513 -0.400496 -0.3113752 0.8617705 -0.4009311 -0.3011813 0.8651845 -0.401188 -0.3007762 0.8652062 -0.3437573 -0.3727551 0.8619075 -0.3461215 -0.3634043 0.8649492 -0.3454823 -0.3641212 0.8649033 -0.3372619 -0.3730572 0.8643395 -0.3459549 -0.3633548 0.8650367 -0.3688176 -0.3398171 0.8651578 -0.3707734 -0.35355 0.8587954 -0.3758876 -0.3339419 0.8644023 -0.2912164 -0.4064832 0.8660048 -0.314653 -0.3979353 0.8617662 -0.3099144 -0.3979295 0.8634843 -0.3117435 -0.3962184 0.8636127 -0.3096731 -0.398052 0.8635144 -0.3279239 -0.377887 0.8658333 -0.3276267 -0.3781756 0.8658198 -0.2763831 -0.4224414 0.863224 -0.2757422 -0.4238884 0.8627194 -0.2769567 -0.4229312 0.8628002 -0.2987235 -0.3978205 0.8674693 -0.2913196 -0.4063987 0.8660098 -0.2377945 -0.439179 0.8663576 -0.2294017 -0.4586421 0.8585 -0.2414286 -0.4449429 0.8624024 -0.2558724 -0.4347059 0.8634582 -0.241456 -0.4441924 0.8627816 -0.2530665 -0.4315289 0.8658753 -0.2530833 -0.4315174 0.8658761 -0.2042709 -0.4616287 0.8632337 -0.2043162 -0.4615826 0.8632476 -0.2042522 -0.4616168 0.8632445 -0.2043138 -0.4615536 0.8632637 -0.2229744 -0.4478161 0.8658772 -0.1386676 -0.4812885 0.8655245 -0.1608659 -0.4761366 0.8645323 -0.1666425 -0.4764684 0.8632544 -0.1616916 -0.4785802 0.8630277 -0.1670883 -0.4770727 0.8628344 -0.1812273 -0.4662812 0.8658744 -0.1812395 -0.4662755 0.8658749 -0.1388026 -0.4812384 0.8655307 -0.1291377 -0.4887597 0.8628078 -0.118325 -0.4912006 0.8629722 -0.1286713 -0.4878196 0.8634095 -0.1170773 -0.487149 0.8654355 -0.0804095 -0.4986301 0.8630772 -0.08037359 -0.4986385 0.8630757 -0.09049422 -0.4968891 0.8630828 -0.09553686 -0.4929131 0.8648176 -0.09600965 -0.4927803 0.8648408 -0.06475317 -0.5040267 0.8612573 -0.08891953 -0.4911537 0.8665226 -0.06287649 -0.4965541 0.8657255 -0.04979566 -0.5029594 0.8628744 -0.03966578 -0.501707 0.8641278 -0.04931613 -0.5003125 0.8644393 -0.0389748 -0.4997838 0.8652729 0.007015916 -0.5004483 0.865738 0.008305101 -0.5005022 0.8656954 -0.007777037 -0.5015516 0.8650929 0.007886873 -0.5024149 0.8645906 -0.008218522 -0.5052189 0.862952 -0.01551055 -0.5015962 0.8649629 -0.01581465 -0.5015613 0.8649775 0.03159016 -0.5026152 0.8639328 0.03349363 -0.5035272 0.8633298 0.05508317 -0.4985729 0.8650959 0.034155 -0.4992742 0.8657706 0.05484479 -0.4974396 0.8657631 0.07491901 -0.4978923 0.8639968 0.07854075 -0.4995142 0.862738 0.05467871 -0.4974469 0.8657696 0.1156796 -0.491255 0.8633 0.111929 -0.4903677 0.8642982 0.09570615 -0.4923047 0.8651453 0.1147008 -0.4898151 0.8642482 0.09311586 -0.4925513 0.8652877 0.09471768 -0.4923512 0.8652276 0.1551396 -0.479126 0.8639271 0.1574668 -0.4795106 0.8632924 0.1343452 -0.4834356 0.8650095 0.1550954 -0.478862 0.8640813 0.1341886 -0.4822164 0.865714 0.1342256 -0.4822087 0.8657125 0.1928668 -0.4635729 0.8648136 0.2014131 -0.464366 0.8624367 0.1783365 -0.4696589 0.8646483 0.1930991 -0.4650134 0.863988 0.1787806 -0.4678387 0.8655428 0.178218 -0.4680074 0.8655677 0.2284202 -0.4450495 0.865884 0.2434382 -0.4451992 0.8617049 0.2213113 -0.4516613 0.8643051 0.2295267 -0.4482579 0.8639342 0.2208079 -0.4502981 0.8651447 0.2205545 -0.4503979 0.8651575 0.2539336 -0.4330233 0.8648749 0.2640004 -0.429289 0.8637215 0.2669072 -0.4273925 0.8637686 0.2639228 -0.4289535 0.8639118 0.2664753 -0.4260076 0.8645858 0.2969292 -0.4070275 0.8638065 0.3056186 -0.4014613 0.8633807 0.2972746 -0.4075411 0.8634455 0.2847119 -0.4120582 0.8655328 0.2847545 -0.4120331 0.8655308 0.3234597 -0.3839589 0.8648406 0.3232049 -0.3841395 0.8648556 0.30413 -0.3983963 0.8653238 0.3254275 -0.3475474 0.8793792 0.3253489 -0.3476118 0.8793828 0.3289579 -0.3808435 0.864144 0.333443 -0.3756846 0.8646831 0.5573125 -0.7236881 0.4070361 0.3287154 -0.3527631 0.8760732 0.3828627 -0.3795724 0.8422238 0.4084465 -0.406238 0.8173997 0.4109238 -0.4109238 0.8138078 0.3931558 -0.3061501 0.8670067 0.4069543 -0.3425912 0.84677 0.3619982 -0.3202843 0.8754286 0.3618194 -0.3204587 0.8754387 0.4127162 -0.2916808 0.8628949 0.3951765 -0.3044892 0.8666728 0.393319 -0.3066095 0.8667703 0.4167099 -0.2644558 0.8697218 0.44098 -0.224643 0.8689489 0.4408542 -0.2253325 0.8688342 0.4499978 -0.2592667 0.8545658 0.4498179 -0.259196 0.854682 0.4165972 -0.2646089 0.8697292 0.4634243 -0.1848416 0.8666438 0.4633807 -0.1849348 0.8666472 0.4594277 -0.21541 0.8616987 0.4825798 -0.2218649 0.8472855 0.4407638 -0.2249964 0.8689672 0.4634257 -0.1848389 0.8666437 0.4853588 -0.1832945 0.8548859 0.4812812 -0.177175 0.858474 0.4925325 -0.1408797 0.8588158 0.4846696 -0.11356 0.8672944 0.4846025 -0.113772 0.867304 0.4710973 -0.1576417 0.8678804 0.471141 -0.157582 0.8678676 0.4712399 -0.1573412 0.8678575 0.4964549 -0.06948585 0.865277 0.492317 -0.1000226 0.8646499 0.5130465 -0.09787164 0.8527629 0.4842594 -0.1139993 0.8674659 0.4966083 -0.04470485 0.8668227 0.4966753 -0.04426797 0.8668068 0.5091785 -0.06289034 0.8583602 0.4966072 -0.06898951 0.8652293 0.4965575 -0.06903535 0.8652541 0.5026516 -0.005288391 0.8644729 0.5091804 -0.02017607 0.8604233 0.5072076 -0.02113361 0.8615648 0.5072405 -0.02110414 0.8615461 0.5242016 0.03497467 0.8508757 0.4999339 0.01051656 0.8659996 0.4999243 0.01036587 0.8660071 0.5006539 0.05901403 0.8636336 0.50554 0.06404956 0.8604226 0.5091661 0.05951391 0.8586081 0.4977769 0.1073333 0.860638 0.4923425 0.08306788 0.8664287 0.492393 0.08253653 0.8664506 0.4950223 0.1064392 0.8623361 0.4912116 0.1554997 0.8570478 0.4827993 0.1293661 0.8661231 0.4827727 0.1295116 0.8661162 0.4734384 0.1663534 0.8649755 0.4574709 0.2006822 0.8662835 0.4576904 0.200338 0.8662472 0.4730692 0.1844016 0.8615112 0.4708175 0.1797604 0.8637228 0.4735838 0.1658087 0.8650005 0.4374745 0.2430394 0.8657643 0.4375855 0.2428507 0.8657613 0.4538714 0.2205793 0.863334 0.4560636 0.2251197 0.8610036 0.4575528 0.2004515 0.8662936 0.4114691 0.2905892 0.8638582 0.4294595 0.257221 0.86568 0.4312784 0.2538322 0.8657761 0.4382075 0.2691511 0.8576314 0.4375521 0.2428683 0.8657732 0.420406 0.2862161 0.8610106 0.3658154 0.3427962 0.8652571 0.3877764 0.3202334 0.8643379 0.3891424 0.3290179 0.8604159 0.3935691 0.3146536 0.8637688 0.3987953 0.3009687 0.8662449 0.3985186 0.3015522 0.8661693 0.3985795 0.3014592 0.8661737 0.3479213 0.3599432 0.8656741 0.363446 0.3538097 0.8618153 0.3657951 0.3429413 0.8652083 0.3659295 0.3426511 0.8652663 0.3107825 0.3920561 0.8658558 0.3341677 0.3807272 0.8621941 0.3315376 0.3812812 0.8629644 0.3324341 0.3794118 0.8634433 0.3479339 0.3599294 0.8656749 0.2961932 0.4132997 0.8610767 0.2991098 0.4076315 0.8627687 0.2932313 0.4088008 0.8642322 0.2472166 0.4353117 0.8656718 0.2474643 0.4351479 0.8656834 0.2638948 0.4339232 0.8614349 0.2718041 0.4211215 0.8653203 0.2716454 0.4212447 0.8653102 0.2283823 0.4501525 0.8632522 0.2282113 0.4504279 0.8631536 0.2283942 0.4503953 0.8631223 0.1855756 0.4735859 0.8609751 0.2041182 0.4571381 0.8656561 0.2043241 0.457026 0.8656667 0.1601733 0.4755169 0.8650019 0.1596951 0.4757268 0.8649749 0.1827588 0.4676501 0.8648136 0.1369161 0.481613 0.8656228 0.09158426 0.4921426 0.8656836 0.0916461 0.4921331 0.8656824 0.115266 0.4909319 0.863539 0.1153393 0.4908582 0.8635712 0.1364922 0.4817636 0.8656061 0.06880707 0.5032908 0.8613733 0.07576573 0.4960254 0.8649961 0.04244927 0.5002494 0.8648403 0.03549857 0.5040858 0.8629237 0.0422917 0.5002903 0.8648244 0.04294914 0.5001749 0.8648587 -0.007672715 0.5047386 0.8632382 0.01559932 0.5006174 0.8655281 0.01705205 0.5004101 0.8656206 0.01696232 0.5004191 0.8656171 -0.04820353 0.4988463 0.865349 -0.05898514 0.5054473 0.8608389 -0.03287484 0.4999007 0.8654585 -0.03286341 0.4998994 0.8654597 -0.03286881 0.4998995 0.8654595 -0.108681 0.4889734 0.8655018 -0.08474424 0.4989143 0.862498 -0.0893848 0.49602 0.8636981 -0.08431 0.4956611 0.8644142 -0.08486483 0.4956209 0.8643829 -0.1563324 0.4764232 0.8652059 -0.1331404 0.4851982 0.8642085 -0.1297373 0.4874881 0.8634371 -0.133921 0.4876021 0.8627337 -0.108663 0.4889761 0.8655026 -0.2032696 0.4600644 0.8643044 -0.1794721 0.4682711 0.8651659 -0.1690445 0.4758155 0.8631475 -0.1819092 0.4755658 0.8606661 -0.156472 0.4763902 0.8651987 -0.2225993 0.4489462 0.8653883 -0.222857 0.4488399 0.8653771 -0.2444611 0.4413085 0.8634151 -0.2418697 0.4415885 0.8640016 -0.2437756 0.4400541 0.8642488 -0.2868998 0.4188229 0.8615543 -0.2638583 0.426142 0.8653219 -0.2635515 0.4262994 0.8653378 -0.304465 0.3999372 0.8644949 -0.3048538 0.3996944 0.8644701 -0.283877 0.4131935 0.8652658 -0.3235347 0.3823806 0.8655117 -0.3554423 0.3543959 0.8649071 -0.353846 0.3559208 0.8649355 -0.3393626 0.3708127 0.8644831 -0.3455082 0.3691065 0.8627772 -0.3233846 0.3824901 0.8655193 -0.387215 0.3169842 0.8657861 -0.3923071 0.3151263 0.8641704 -0.3892174 0.3187836 0.8642261 -0.3605907 0.3411383 0.8681008 -0.3650575 0.3466206 0.8640528 -0.3597132 0.3478566 0.8657957 -0.2651232 0.4243321 0.8658245 -0.2990292 0.4042057 0.8644069 -0.3016768 0.3995969 0.8656289 -0.2977694 0.4021201 0.8658134 -0.3351086 0.3756533 0.8640525 -0.3297805 0.3763475 0.8657988 -0.361657 0.349691 0.8642456 -0.2661297 0.4266272 0.8643866 -0.2693444 0.4224127 0.8654601 -0.2715593 0.4270666 0.8624788 -0.2746403 0.4209892 0.8644887 -0.2350136 0.4403054 0.8665447 -0.2358117 0.4424033 0.8652585 -0.2313702 0.4436909 0.865798 -0.1574993 0.4749813 0.8657868 -0.1960498 0.4632634 0.8642635 -0.2002187 0.4599846 0.8650588 -0.1952082 0.4607126 0.8658162 -0.2321358 0.4461279 0.8643396 -0.1581672 0.4775777 0.8642353 -0.1625794 0.4749217 0.86488 -0.1620868 0.4724904 0.8663029 -0.1864597 0.4651226 0.8653865 -0.1231699 0.4844557 0.8661015 -0.1234478 0.4868038 0.8647442 -0.1183577 0.486205 0.8657921 -0.03704202 0.4990292 0.8657931 -0.07814312 0.4969988 0.8642256 -0.08300508 0.495547 0.8646058 -0.07801516 0.4943059 0.8657802 -0.118623 0.4889403 0.864214 0.004359493 0.500374 0.8657984 -0.0001640874 0.5028234 0.8643892 0.004745804 0.5029466 0.8643045 0.04552523 0.4982773 0.8658217 0.08602063 0.4928746 0.8658378 0.08224833 0.4964158 0.8641797 0.1303105 0.4828845 0.865934 0.3046034 0.3970025 0.8657978 0.3015952 0.4012507 0.864892 0.3656915 0.3415239 0.8658124 0.3382164 0.3723675 0.8642639 0.3339183 0.3750229 0.864787 0.3362795 0.3705671 0.8657923 0.3063285 0.3991092 0.8642191 0.3925345 0.3102497 0.8658301 0.3914206 0.315139 0.8645677 0.3946033 0.3116644 0.8643804 0.4162252 0.2776508 0.8658329 0.4365633 0.2444937 0.8658148 0.4368199 0.2498282 0.864161 0.438797 0.2457961 0.8643156 0.4545199 0.20934 0.8657878 0.4994676 -0.02979145 0.8658202 0.5011969 -0.02513739 0.8649681 0.4881763 -0.1097293 0.8658195 0.4977188 -0.07133356 0.8644001 0.4975972 -0.06644286 0.8648598 0.4953649 -0.07059629 0.8658116 0.5020407 -0.03018543 0.8643171 0.4781608 -0.1473424 0.8658246 0.4817502 -0.1436631 0.8644523 0.480516 -0.148433 0.8643333 0.4649768 -0.1848751 0.8658047 0.448638 -0.2216449 0.865793 0.4533053 -0.2188362 0.8640746 0.4502928 -0.2241373 0.864291 0.4291458 -0.2574248 0.865775 0.2901101 -0.4076477 0.8658288 0.2945731 -0.4059462 0.865121 0.2621613 -0.4279826 0.8649291 0.2573825 -0.4290459 0.8658371 0.2914872 -0.4096381 0.8644258 0.1867011 -0.464286 0.8657836 0.2239737 -0.4503644 0.8642961 0.2281 -0.4475054 0.8647019 0.2230455 -0.4479066 0.865812 0.2585207 -0.4312967 0.8643786 0.1485982 -0.4778629 0.8657746 0.1537729 -0.4788093 0.8643469 0.1492222 -0.4804575 0.86423 0.1090895 -0.4883654 0.8657936 0.06862411 -0.4956807 0.8657895 0.07361773 -0.497947 0.864077 0.06859963 -0.4983931 0.8642328 0.02745002 -0.4996425 0.8657966 -0.1704832 -0.4704597 0.8657963 -0.1665326 -0.4733635 0.8649821 -0.20398 -0.4588108 0.8648033 -0.2075808 -0.4553358 0.8657826 -0.1717067 -0.4727909 0.8642833 -0.2787516 -0.4156019 0.8657787 -0.24537 -0.4392376 0.8642129 -0.2406096 -0.441044 0.8646312 -0.2438931 -0.4369327 0.8657978 -0.2089292 -0.4576174 0.864254 -0.3120814 -0.3911574 0.865795 -0.3099006 -0.3960008 0.8643755 -0.3140026 -0.3930776 0.8642293 -0.3432499 -0.3641289 0.8657885 -0.3720991 -0.3345996 0.865786 -0.3711948 -0.3397677 0.8641599 -0.3743431 -0.3358663 0.864327 -0.3983347 -0.3028048 0.8658168 -0.4847093 -0.1244694 0.8657739 -0.4848917 -0.1294572 0.8649398 -0.4940857 -0.08924706 0.8648204 -0.4932765 -0.08437668 0.8657707 -0.4874181 -0.1247522 0.8642108 -0.5003922 -0.001999726 0.8657966 -0.5012192 -0.04335149 0.8642338 -0.5000152 -0.04826805 0.8646705 -0.4985199 -0.04329614 0.8657963 -0.4959751 -0.08434706 0.8642305 -0.4987781 0.03925772 0.8658402 -0.5014799 0.03485366 0.8644669 -0.5013211 0.03980662 0.8643451 -0.4939181 0.07993412 0.8658265 -0.4861371 0.1184287 0.8658206 -0.4899551 0.1148499 0.864149 -0.4878303 0.1212039 0.8644832 -0.4754364 0.1560384 0.8658015 -0.3748195 0.3315349 0.8657916 -0.3790316 0.3288452 0.8649831 -0.3152138 0.3885502 0.8658343 -0.3477623 0.3633453 0.8643156 -0.3506156 0.3592469 0.8648759 -0.3461095 0.361351 0.8658139 -0.3766533 0.333449 0.8642593 -0.2826372 0.4128421 0.8658392 -0.2875225 0.4120293 0.864617 -0.2838503 0.4149945 0.8644123 -0.2496999 0.433612 0.8658121 -0.2148661 0.4519076 0.8658015 -0.2201821 0.4524764 0.8641673 -0.1897478 0.4704249 0.8617982 -0.1780186 0.4676684 0.8657919 -0.215753 0.4543717 0.8642899 0.06444905 0.496186 0.8658208 0.060044 0.4981057 0.8650349 0.09987347 0.4919435 0.8648796 0.1039833 0.4894037 0.8658357 0.06489494 0.4986137 0.8643916 0.1790937 0.4672636 0.8657888 0.1426912 0.4822558 0.8643314 0.1377662 0.4831096 0.8646535 0.1415903 0.4799191 0.8658117 0.1046879 0.4917694 0.8644093 0.2159838 0.451397 0.8657897 0.212926 0.4557391 0.864271 0.21784 0.4534617 0.8642442 0.2520029 0.4323662 0.8657678 0.286612 0.4101861 0.865795 0.2845778 0.4154408 0.8639585 0.2887434 0.4119836 0.8642319 0.3194617 0.3851873 0.86578 0.4259774 0.2625355 0.8658051 0.424569 0.2670437 0.8651177 0.4619311 0.1924502 0.8657844 0.4475999 0.2294094 0.8643065 0.444382 0.2333557 0.8649102 0.4451781 0.2284316 0.865815 0.428146 0.2636734 0.8643884 0.4759607 0.1545588 0.8657789 0.4764985 0.15967 0.8645546 0.4785951 0.1550731 0.8642333 0.4869657 0.1152246 0.8657874 0.4948041 0.07485212 0.8657749 0.4966664 0.07988573 0.8642572 0.4974944 0.07510321 0.8642099 0.4992715 0.03379222 0.8657863 0.5003549 -0.007483481 0.865788 0.5033722 -0.003075007 0.8640642 0.5025932 -0.01095894 0.8644536 0.4980069 -0.04867065 0.8658062 0.4578831 -0.2018596 0.865792 0.460977 -0.198081 0.8650226 0.4437077 -0.2348816 0.8648434 0.4400181 -0.2383438 0.8657807 0.4601156 -0.2033794 0.8642514 0.3951651 -0.3070632 0.8657694 0.4211664 -0.2752775 0.8641998 0.4232676 -0.270454 0.864696 0.4190919 -0.2734714 0.8657802 0.4422351 -0.2398983 0.8642204 0.3683952 -0.3386523 0.8657942 0.3732655 -0.3367462 0.8644506 0.3702223 -0.3405868 0.8642547 0.3392158 -0.367854 0.8658037 0.3078042 -0.3944626 0.8658267 0.3129733 -0.3938575 0.8642476 0.3091139 -0.3966073 0.8643792 0.2750773 -0.4179493 0.8658238 0.09052684 -0.4921362 0.8657984 0.0955527 -0.4925576 0.8650184 0.05454676 -0.4990308 0.8648658 0.04952767 -0.4979489 0.8657909 0.09065636 -0.4948818 0.8642184 -0.03301501 -0.499281 0.8658109 0.008150011 -0.5029557 0.8642737 0.01311173 -0.5020151 0.8647594 0.00831869 -0.5003104 0.8658062 0.04972253 -0.500617 0.8642398 -0.07382892 -0.4948317 0.8658469 -0.06970672 -0.4976974 0.8645452 -0.07434485 -0.49726 0.8644105 -0.1126868 -0.4874789 0.8658326 -0.1503412 -0.4772393 0.8658175 -0.146923 -0.4813615 0.8641207 -0.1513699 -0.4796085 0.864328 -0.1877332 -0.4638313 0.8658041 -0.3568877 -0.350725 0.8658078 -0.3544509 -0.3549927 0.8650692 -0.3827608 -0.3246045 0.8649428 -0.3845648 -0.3201344 0.8658082 -0.3589967 -0.352319 0.8642874 -0.4305759 -0.2548829 0.865817 -0.4115327 -0.2888295 0.864418 -0.4082168 -0.2923091 0.8648204 -0.4093678 -0.2876983 0.8658221 -0.3866914 -0.3215105 0.8643499 -0.4492635 -0.2203888 0.8657894 -0.4494321 -0.2254837 0.8643888 -0.4517684 -0.2210738 0.86431 -0.4654117 -0.1838385 0.8657917 -0.4787891 -0.1455891 0.8657741 -0.4803542 -0.150926 0.8639914 -0.4814574 -0.1461222 0.8642032 -0.4890882 -0.1060501 0.8657633 -0.4906516 0.09804606 0.8658222 -0.4927841 0.0938504 0.8650758 -0.4844133 0.1318623 0.8648445 -0.4815994 0.1358471 0.8657989 -0.4929937 0.09882778 0.8644017 -0.4540002 0.2104638 0.865788 -0.4717619 0.1745304 0.86428 -0.4728582 0.1697033 0.8646421 -0.4693937 0.1734086 0.8657938 -0.4839605 0.1367606 0.8643371 -0.4354442 0.246595 0.8657824 -0.4399466 0.2437578 0.8643084 -0.4377521 0.2479649 0.8642259 -0.4137305 0.2814407 0.865805 -0.3892135 0.3145173 0.8657897 -0.3944627 0.3127883 0.8640386 -0.3910722 0.3164949 0.8642299 -0.3618817 0.3456139 0.8657901 -0.198019 0.4595134 0.8658152 -0.2030483 0.458979 0.8649334 -0.1655179 0.47412 0.8647624 -0.1604409 0.4739874 0.8657913 -0.1988554 0.4620513 0.8642715 -0.08110686 0.493785 0.8657933 -0.1217343 0.4881567 0.8642244 -0.1264923 0.4862549 0.8646131 -0.1214373 0.4854698 0.8657783 -0.1609657 0.4766445 0.8642339 -0.04006816 0.4987918 0.8657952 -0.04497259 0.5008906 0.8643414 -0.04021633 0.5014739 0.8642377 0.001237936 0.5003823 0.8658037 0.04241785 0.4985725 0.8658096 0.0382717 0.5017613 0.864159 0.04322594 0.5009865 0.8643749 0.08300255 0.4933937 0.8658366 0.2682448 0.4224373 0.8657895 0.2649307 0.4263258 0.8649035 0.3339549 0.3726749 0.8657872 0.3038463 0.4010117 0.8642147 0.2992296 0.4032989 0.8647611 0.3020661 0.3989502 0.8657914 0.2698883 0.424603 0.8642178 0.3635216 0.3438809 0.8657932 0.3619295 0.3486629 0.8645468 0.3655981 0.3454165 0.8643063 0.3905649 0.3127504 0.8658211 0.4145712 0.2801116 0.8658338 0.4142857 0.2851724 0.8643171 0.4167517 0.2812133 0.8644289 0.4351024 0.2470506 0.8658245 0.5001914 0.0147025 0.86579 0.5014738 0.019505 0.864953 0.495753 -0.06755106 0.8658324 0.5021961 -0.02699803 0.8643322 0.5015509 -0.02210045 0.8648459 0.4996725 -0.02662466 0.8658051 0.5028296 0.01450187 0.864264 0.4888224 -0.1068546 0.8658145 0.4918864 -0.1029766 0.8645482 0.4911472 -0.1077324 0.8643889 0.4790605 -0.1445733 0.8657942 0.4661763 -0.1819531 0.8657787 0.470419 -0.1788255 0.8641339 0.4678704 -0.1844445 0.8643364 0.4500397 -0.2188482 0.865777 0.3248651 -0.3805361 0.8658262 0.3292567 -0.3783252 0.8651359 0.297162 -0.4042972 0.8650079 0.2928146 -0.4057695 0.8658006 0.326333 -0.3826903 0.8643234 0.2257257 -0.4465592 0.8658133 0.2610165 -0.4297749 0.8643864 0.264744 -0.4266166 0.8648173 0.2599834 -0.4274957 0.8658268 0.2939423 -0.4078968 0.8644179 0.1895652 -0.4630944 0.8657994 0.194759 -0.463553 0.8644001 0.1904051 -0.4655909 0.8642748 0.1515009 -0.4768841 0.8658112 0.1120923 -0.4876864 0.8657929 0.1173488 -0.4895266 0.8640561 0.07637595 -0.4975428 0.8640706 0.07168474 -0.4952473 0.8657894 0.1130014 -0.490315 0.8641886 -0.1301223 -0.4831231 0.8658292 -0.1258886 -0.4856144 0.8650611 -0.1637629 -0.4745631 0.8648536 -0.1675923 -0.4715198 0.865784 -0.1310264 -0.4855365 0.8643416 -0.2411175 -0.438523 0.8657713 -0.2063892 -0.4587833 0.8642462 -0.2012873 -0.4602119 0.8646898 -0.2047068 -0.4566577 0.8657706 -0.1688869 -0.4738147 0.8642782 -0.2761894 -0.4172874 0.865789 -0.2735401 -0.4219939 0.8643478 -0.2778207 -0.4194983 0.8641973 -0.3096068 -0.3931637 0.8657748 -0.3409312 -0.3662763 0.8657988 -0.3395107 -0.3714805 0.8641381 -0.3433006 -0.3676426 0.8642822 -0.370017 -0.3368715 0.8657973 -0.4719356 -0.1663807 0.8657911 -0.4716656 -0.1713022 0.8649781 -0.4842696 -0.1325624 0.864818 -0.483887 -0.127462 0.8657984 -0.4745552 -0.1669131 0.8642554 -0.498255 -0.04639738 0.8657883 -0.4954526 -0.08748013 0.8642187 -0.4937555 -0.09240197 0.8646776 -0.4927148 -0.08732446 0.8657982 -0.4865748 -0.1278848 0.8642282 -0.5003611 -0.005161366 0.8658013 -0.5026381 -0.009812208 0.8644412 -0.5029913 -0.004745809 0.8642784 -0.4990841 0.0360802 0.8658021 -0.4943997 0.07689367 0.865827 -0.4978086 0.07295857 0.8642128 -0.4967765 0.07763526 0.8643991 -0.4868612 0.1155311 0.8658052 -0.4027101 0.2969891 0.8658071 -0.4067499 0.2938615 0.8649855 -0.3812778 0.3265787 0.8648546 -0.3769256 0.3291277 0.8657956 -0.4047473 0.2988141 0.8642279 -0.3176004 0.3866058 0.8658325 -0.3500111 0.36119 0.8643113 -0.3529954 0.3572119 0.8647507 -0.3484651 0.3591254 0.865795 -0.3787109 0.3311537 0.8642427 -0.28516 0.4111752 0.8658053 -0.2899845 0.4105389 0.8645037 -0.2863559 0.4132502 0.8644215 -0.2522598 0.4321072 0.8658223 -0.217549 0.450624 0.8658004 -0.2229142 0.4513645 0.8640482 -0.2181128 0.453198 0.8643139 -0.1809835 0.4665359 0.8657882 0.02042145 0.4999415 0.8658184 0.01571514 0.5014583 0.8650391 0.0569372 0.4986815 0.8649133 0.06143046 0.4965191 0.8658494 0.02060232 0.5024921 0.8643364 0.1387225 0.4808047 0.8657846 0.1019962 0.4923564 0.8643968 0.09699978 0.4927176 0.8647661 0.1009779 0.490058 0.8658213 0.06184958 0.4990275 0.8643762 0.1762988 0.4683104 0.8657968 0.1729101 0.4722706 0.8643278 0.1775757 0.4706065 0.8642895 0.2132572 0.4526866 0.8657922 0.2493359 0.4338928 0.8657763 0.2468917 0.4388402 0.8639813 0.2520635 0.4352782 0.8642898 0.2840325 0.4120095 0.8657793 0.4022198 0.2976068 0.865823 0.4003122 0.3019917 0.8651885 0.4231374 0.2696577 0.8650084 0.4244014 0.2650048 0.8658267 0.4042252 0.2989999 0.8644078 0.443193 0.2360887 0.8647786 0.443813 0.2310858 0.8658115 0.4265899 0.2661776 0.8643903 0.4749942 0.1575389 0.8657725 0.4633304 0.1959205 0.864257 0.4608085 0.2003406 0.8645919 0.4607505 0.1952049 0.8657967 0.446146 0.2321929 0.8643149 0.4862281 0.1183397 0.8657817 0.4876261 0.1234944 0.8642741 0.4889393 0.1185909 0.864219 0.4943037 0.07796935 0.8657855 0.4990502 0.03692465 0.865786 0.5017378 0.04174685 0.8640118 0.501736 0.03643245 0.8642532 0.500398 -0.00435624 0.8657845 0.4735502 -0.1617455 0.8657878 0.4761954 -0.1577866 0.8650672 0.441496 -0.2355991 0.8657796 0.4613915 -0.2004865 0.8642471 0.4623895 -0.1954511 0.864867 0.459066 -0.1992058 0.8657803 0.4758302 -0.1630566 0.8642907 0.4207492 -0.2708719 0.8657936 0.4250609 -0.2679919 0.8645829 0.4227925 -0.2727158 0.8642179 0.3970785 -0.3045545 0.8657801 0.3705437 -0.3363062 0.8657918 0.3755086 -0.3345565 0.8643293 0.3723196 -0.3382791 0.86426 0.341509 -0.365719 0.8658067 0.3102303 -0.3925344 0.8658371 0.3154028 -0.3920884 0.8641689 0.3155587 -0.3920751 0.8641179 0.2775976 -0.4162634 0.8658316 0.09356143 -0.4915978 0.8657817 0.09860551 -0.4922186 0.8648686 0.01148687 -0.5002553 0.8658018 0.05278834 -0.5003081 0.8642367 0.05765141 -0.498898 0.8647411 0.0527492 -0.4976449 0.8657753 0.0937329 -0.4943299 0.864206 -0.02975953 -0.4994832 0.8658123 -0.0253742 -0.5019261 0.8645382 -0.03045692 -0.5019952 0.864334 -0.07072658 -0.4953339 0.8658187 -0.1098061 -0.4881437 0.8658282 -0.1060813 -0.4917983 0.8642229 -0.1096534 -0.4907854 0.8643529 -0.1474784 -0.4781289 0.8658192 -0.3547219 -0.3528664 0.8658277 -0.3524052 -0.3573138 0.8649495 -0.407643 -0.2901466 0.8658187 -0.3846805 -0.3239415 0.8643395 -0.3808821 -0.3271519 0.8648123 -0.3825855 -0.3224328 0.8658323 -0.3567342 -0.3545669 0.8643049 -0.4290499 -0.2574305 0.8658208 -0.4287075 -0.2624096 0.8644947 -0.4314139 -0.2583158 0.8643813 -0.4479213 -0.2230425 0.8658051 -0.4642881 -0.1866542 0.8657925 -0.4653305 -0.1919857 0.8640654 -0.4670427 -0.186746 0.8642899 -0.4778577 -0.148571 0.8657821 -0.4973603 0.05497585 0.8658004 -0.499023 0.05063345 0.8651083 -0.4935321 0.0909641 0.8649575 -0.4912125 0.09513499 0.8658288 -0.4997679 0.05562219 0.8643716 -0.4704024 0.1705798 0.8658084 -0.484737 0.1338745 0.8643539 -0.4853519 0.1291064 0.8647341 -0.4823952 0.1329871 0.8657998 -0.4935709 0.09587319 0.864405 -0.4552398 0.207747 0.8657932 -0.45946 0.2045124 0.8643328 -0.4576876 0.2088123 0.8642451 -0.4369296 0.2438928 0.8657995 -0.4156049 0.2788272 0.8657528 -0.4205908 0.2766743 0.864034 -0.418018 0.2800639 0.8641905 -0.391122 0.3121108 0.8658005 -0.3676211 0.3398394 0.8656582 -0.3026495 0.3984533 0.8658165 -0.3359687 0.3742796 0.8643146 -0.3383297 0.3693514 0.8655129 -0.3345712 0.3721202 0.8657879 -0.3657787 0.3453621 0.8642517 -0.3040337 0.4004968 0.8643876 -0.3068526 0.3961833 0.8653787 -0.308405 0.398797 0.8636245 -0.3235787 0.3823412 0.8655126 -0.2750245 0.4206478 0.8645328 -0.2745051 0.4195907 0.8652113 -0.2700949 0.4212003 0.865817 -0.2007913 0.4583116 0.8658136 -0.2375464 0.4432713 0.8643392 -0.2412403 0.4399927 0.864991 -0.2365074 0.4409783 0.8657958 -0.2711704 0.423441 0.8643867 -0.2016072 0.4608488 0.8642759 -0.2058471 0.4579662 0.8648086 -0.2064829 0.4600653 0.863542 -0.2030519 0.4626791 0.8629589 -0.1634138 0.4729775 0.8657877 -0.1685025 0.4732984 0.864636 -0.1639173 0.4756264 0.8642399 -0.1243796 0.4847134 0.8657843 -0.1295034 0.4856989 0.8644799 -0.1247867 0.4873817 0.8642265 -0.08417813 0.4932649 0.8657966 -0.08933294 0.4949414 0.8643221 -0.08455411 0.4959819 0.8642063 -0.04325044 0.4985393 0.8657874 -0.04813724 0.5008262 0.8642082 -0.04312672 0.5012438 0.8642308 -0.006388847 0.5039873 0.8636874 -0.006473541 0.5032521 0.8641154 -0.001958827 0.5004155 0.8657832 0.07544699 0.4948894 0.8656745 0.08023521 0.4938469 0.8658392 0.03511073 0.5021197 0.8640852 0.03926994 0.4988411 0.8658032 -0.001180711 0.502974 0.8643008 0.1564497 0.4752446 0.8658326 0.119254 0.4884685 0.864394 0.1141082 0.487796 0.8654677 0.1186296 0.4860868 0.8658214 0.08066443 0.4962695 0.864413 0.1572696 0.4777822 0.8642861 0.1518962 0.4777625 0.8652575 0.1537485 0.481751 0.8627151 0.1368175 0.4816285 0.8656298 0.1905933 0.4663392 0.8638298 0.1895367 0.4644782 0.8650641 0.193466 0.461539 0.8657671 0.2655776 0.4241068 0.8657956 0.2315565 0.446628 0.8642368 0.2264847 0.4478961 0.8649241 0.230102 0.4443572 0.8657942 0.1946622 0.463855 0.86426 0.2672844 0.4262404 0.8642212 0.2624051 0.4281308 0.8647818 0.2652051 0.431588 0.8622054 0.2648183 0.4316609 0.8622877 0.2995754 0.4008244 0.8657912 0.296886 0.4053039 0.8646314 0.3013794 0.4028709 0.8642138 0.3315819 0.3747984 0.8657826 0.3295202 0.3794878 0.8645262 0.3335247 0.3765889 0.8642581 0.3613453 0.3461257 0.8658098 0.3598732 0.3511163 0.8644123 0.3634415 0.3477102 0.8642962 0.3886097 0.3151983 0.8658133 0.3878063 0.3202525 0.8643174 0.3907495 0.3165087 0.8643709 0.41294 0.2878708 0.8640665 0.4127601 0.2877754 0.8641842 0.4128951 0.2825838 0.8658314 0.4502273 0.2193489 0.8655526 0.4517884 0.2151711 0.8657879 0.4339761 0.254995 0.8640847 0.4336284 0.2496769 0.8658105 0.4152474 0.2834144 0.8644338 0.4805658 0.1396329 0.8657709 0.4703079 0.178621 0.8642366 0.466607 0.1827955 0.8653691 0.4676132 0.1783241 0.8657588 0.4544904 0.2155726 0.8642725 0.4832157 0.1400028 0.8642348 0.4801351 0.1444592 0.8652177 0.4834596 0.1450011 0.8632737 0.4781009 0.1528618 0.8649005 0.495946 0.1051869 0.861959 0.4905455 0.1047571 0.865096 0.490343 0.0997946 0.8657971 0.5000666 0.0176937 0.8658062 0.4995978 0.05920542 0.8642319 0.4977744 0.06406876 0.8649369 0.4969015 0.05897227 0.8658009 0.4930623 0.09995904 0.8642325 0.502732 0.01774733 0.8642601 0.5015888 0.0226295 0.8648102 0.5103557 0.02189317 0.8596846 0.4990377 0.03477732 0.8658822 0.499831 -0.02344377 0.8658056 0.5018855 -0.01896712 0.8647261 0.5023696 -0.0240339 0.8643189 0.4962056 -0.06440485 0.8658129 0.4987986 -0.06030801 0.8646172 0.4985649 -0.06526141 0.8643922 0.4894381 -0.1039608 0.8658189 0.4926669 -0.1001396 0.864437 0.4917696 -0.1047525 0.8644013 0.4904059 -0.1409608 0.8600187 0.4838051 -0.13814 0.8642048 0.4799159 -0.1416437 0.8658048 0.4536602 -0.2117381 0.8656554 0.4479553 -0.2225125 0.8659239 0.4716784 -0.1760725 0.8640127 0.4672616 -0.1791508 0.865778 0.4819714 -0.1434743 0.8643603 0.4102505 -0.2865968 0.8657695 0.4344753 -0.2537314 0.8642058 0.4351829 -0.2480124 0.865509 0.4320084 -0.2524895 0.8658047 0.4536257 -0.2174995 0.864244 0.4122116 -0.2884872 0.8642087 0.4135607 -0.2830186 0.8653716 0.4379591 -0.3049576 0.8456907 0.4167292 -0.2646416 0.869656 0.4258766 -0.3555824 0.8319798 0.3889206 -0.316368 0.8652468 0.385158 -0.3195001 0.8657789 0.3272466 -0.3785146 0.8658154 0.3591108 -0.3522185 0.8642809 0.3615965 -0.3475609 0.8651297 0.3574712 -0.3501621 0.8657949 0.3869857 -0.3214521 0.8642399 -0.04791344 0.4985992 0.8655075 -0.0419586 0.4992951 0.8654155 -0.04188479 0.500906 0.8644876 -0.0368625 0.5017172 0.864246 -0.006235387 0.5041159 0.8636135 -0.0003635965 0.5012593 0.865297 -0.006856252 0.50078 0.8655475 -0.0479203 0.5018906 0.8636026 0.03504739 0.4996149 0.8655384 0.0409821 0.4998183 0.8651602 0.04129772 0.501324 0.8642735 0.04585138 0.5007913 0.8643528 0.07662836 0.4979633 0.8638059 0.0818333 0.4950028 0.8650292 0.07576899 0.4950049 0.8655803 0.03552715 0.5027167 0.8637208 0.1140127 0.4876657 0.8655538 0.1201352 0.4874826 0.8648285 0.1195804 0.4860341 0.8657202 0.125152 0.4870848 0.864341 0.1516912 0.4772979 0.8655499 0.1581844 0.4768714 0.8646221 0.1575326 0.4755122 0.8654892 0.1629557 0.4758596 0.8642933 0.1890227 0.4638448 0.8655163 0.1956907 0.4631208 0.8644214 0.1948935 0.4617561 0.8653311 0.2004474 0.4614379 0.8642313 0.2257747 0.4470999 0.8655214 0.2327197 0.4460066 0.8642451 0.231791 0.4446808 0.8651774 0.2370976 0.4437241 0.86423 0.261576 0.4272099 0.8654882 0.2685024 0.4257525 0.8640841 0.2674326 0.4244644 0.8650489 0.272557 0.4228769 0.8642268 0.3307604 0.380583 0.8635706 0.3327107 0.3739752 0.8657056 0.3013127 0.4037205 0.8638405 0.3027154 0.4023949 0.8639686 0.2958459 0.4042252 0.8654925 0.2639577 0.4296822 0.863539 0.3590757 0.3491369 0.865545 0.3626602 0.3453131 0.8655844 0.3639304 0.3462469 0.8646778 0.3677072 0.3431455 0.8643162 0.3888427 0.3205207 0.8637521 0.3901029 0.314323 0.8654598 0.3863114 0.3186748 0.8655691 0.3611261 0.3516787 0.8636609 0.4107127 0.2865133 0.8655779 0.4144661 0.2819296 0.8652938 0.4157875 0.2826095 0.8644378 0.4185419 0.2785438 0.8644282 0.4345907 0.2550377 0.863763 0.4353782 0.2492277 0.8650615 0.4316356 0.2540637 0.8655301 0.4134215 0.2880245 0.863785 0.4500839 0.2196374 0.8655541 0.4539764 0.2142217 0.8648783 0.4554014 0.2146831 0.8640143 0.4696139 0.1728801 0.8657802 0.4663783 0.1827457 0.865503 0.4699067 0.1773744 0.8647115 0.4683339 0.1770037 0.8656402 0.472452 0.1728656 0.8642376 0.4795727 0.1445458 0.8655152 0.4830313 0.1387041 0.8645473 0.4814568 0.1384673 0.865463 0.4849514 0.1340142 0.864212 0.4898122 0.1048016 0.8655059 0.4930215 0.09871036 0.8643993 0.4913999 0.09860126 0.8653346 0.4942976 0.09383582 0.8642133 0.4967972 0.0639897 0.8655044 0.4996832 0.05776551 0.8642799 0.4980543 0.05778925 0.865218 0.5003306 0.05275269 0.8642259 0.5003495 0.02254744 0.86553 0.5029337 0.0161448 0.8641742 0.5013577 0.01629643 0.8650867 0.5028802 0.01134152 0.8642817 0.5001014 -0.06108167 0.8638099 0.4961212 -0.06605774 0.8657368 0.5035775 -0.01986975 0.8637215 0.5027266 -0.02540942 0.8640718 0.5004904 -0.01898556 0.8655339 0.5037252 0.02281295 0.8635627 0.4909434 -0.09881148 0.8655697 0.4896207 -0.1053476 0.8655481 0.4910387 -0.105841 0.8646842 0.4904939 -0.1104851 0.8644124 0.484655 -0.1384152 0.8636844 0.4803422 -0.1430416 0.8653383 0.4816465 -0.1374092 0.8655261 0.4937712 -0.1005343 0.8637609 0.4694287 -0.1746733 0.8655206 0.4677814 -0.1807939 0.8651555 0.4691903 -0.1815586 0.864232 0.4674123 -0.1859342 0.8642652 0.4567443 -0.2136849 0.8635527 0.4519827 -0.2179707 0.8649858 0.4539456 -0.2117227 0.8655096 0.4722928 -0.1763497 0.8636205 0.4352737 -0.2479241 0.8654886 0.4330076 -0.2541306 0.8648249 0.4342466 -0.2550951 0.8639192 0.4074988 -0.2905695 0.8657448 0.4133329 -0.2829971 0.8654874 0.4108278 -0.2889546 0.8647114 0.4096318 -0.2878551 0.8656449 0.4085551 -0.2936141 0.8642185 0.3885567 -0.3161038 0.8655068 0.3857143 -0.3220379 0.8645902 0.3846295 -0.3208636 0.8655095 0.3829351 -0.3262643 0.8642408 0.3610477 -0.3471222 0.865535 0.3578775 -0.3530043 0.8644719 0.3568938 -0.3517494 0.8653896 0.3546408 -0.3566894 0.8642931 0.3309846 -0.375858 0.8655518 0.3276078 -0.381498 0.8643682 0.3267383 -0.3801848 0.8652754 0.3239468 -0.3846546 0.8643491 0.3325954 -0.3785868 0.8637432 0.2989497 -0.401711 0.8655965 0.2953028 -0.4072638 0.8642524 0.3005193 -0.4043955 0.8638011 0.2616004 -0.4267458 0.8657097 0.2341116 -0.4464153 0.863658 0.2275639 -0.4460123 0.8656141 0.2329576 -0.4433785 0.8655324 0.26805 -0.4267159 0.8637493 0.1969633 -0.4605238 0.8655191 0.1914669 -0.462967 0.865449 0.1918966 -0.4645641 0.8644975 0.1874896 -0.4668365 0.8642403 0.1599531 -0.4782224 0.8635498 0.1534811 -0.4772131 0.865281 0.1594501 -0.4748497 0.8655018 0.1980374 -0.4636741 0.8635899 0.1202581 -0.4862753 0.8654909 0.1141294 -0.4883899 0.8651299 0.1142887 -0.4899997 0.8641981 0.1095519 -0.4910536 0.8642133 0.07977467 -0.4979024 0.8635561 0.07359056 -0.4963334 0.8650073 0.07985779 -0.4944925 0.8655056 0.1204253 -0.4896814 0.8635449 0.03857375 -0.4993863 0.8655202 0.03228146 -0.5009218 0.8648903 0.03217925 -0.5024979 0.8639794 -0.02133935 -0.499707 0.8659316 -0.003082419 -0.5008371 0.8655361 -0.009319431 -0.502066 0.8647792 -0.009094724 -0.5005299 0.8656715 -0.01418552 -0.5027416 0.8643203 -0.04441679 -0.4988458 0.8655519 -0.05068187 -0.4998113 0.8646502 -0.05032914 -0.4982691 0.8655605 -0.05553973 -0.4997788 0.8643706 -0.08474049 -0.4935292 0.8655911 -0.09118835 -0.494279 0.8645073 -0.09073053 -0.4928202 0.8653879 -0.0958192 -0.4935816 0.8644049 -0.1226594 -0.4855841 0.8655419 -0.1292829 -0.4861217 0.8642752 -0.1286853 -0.4846452 0.8651932 -0.1339047 -0.4847386 0.8643484 -0.1241966 -0.4883764 0.8637497 -0.1602915 -0.4745084 0.8655336 -0.1672453 -0.4747809 0.8640671 -0.1623915 -0.4771495 0.8636882 -0.2031786 -0.457497 0.8656876 -0.236223 -0.445507 0.863552 -0.2396376 -0.4397103 0.86558 -0.2343048 -0.4427301 0.8655006 -0.199361 -0.4631418 0.863571 -0.2693622 -0.4223241 0.8654977 -0.2749818 -0.4188058 0.8654402 -0.2760449 -0.4200379 0.864504 -0.2805073 -0.4176594 0.8642201 -0.3059503 -0.4008411 0.8635513 -0.3087361 -0.3948556 0.8653156 -0.3035831 -0.3984157 0.8655069 -0.2718822 -0.4247165 0.8635369 -0.335399 -0.3720176 0.8655117 -0.3404556 -0.368182 0.8651774 -0.3416858 -0.3692096 0.8642541 -0.3454126 -0.3657191 0.8642567 -0.3677649 -0.344635 0.8636988 -0.3699032 -0.3388545 0.8650718 -0.3650989 -0.3428268 0.8655476 -0.3380335 -0.3740392 0.8636134 -0.3921036 -0.3114783 0.8655842 -0.3968115 -0.3072749 0.8649408 -0.3979906 -0.3079754 0.8641496 -0.4208224 -0.2706687 0.8658215 -0.4157987 -0.2791122 0.8655679 -0.4202254 -0.2748925 0.8647801 -0.4188286 -0.274206 0.8656752 -0.4234564 -0.2711526 0.8643848 -0.4360632 -0.2462721 0.8655627 -0.4407018 -0.2415473 0.8645443 -0.4392712 -0.2409829 0.8654295 -0.4433265 -0.2375078 0.8643214 -0.4541561 -0.2112265 0.8655205 -0.4587396 -0.2061577 0.8643246 -0.4571796 -0.2056846 0.8652634 -0.4608291 -0.2016775 0.86427 -0.4696351 -0.1741751 0.865509 -0.4740537 -0.1688012 0.8641639 -0.4724959 -0.1684652 0.8650822 -0.4756037 -0.1640742 0.8642226 -0.4729812 -0.1746361 0.863592 -0.4822193 -0.1354599 0.8655145 -0.4865045 -0.1296683 0.864002 -0.4857743 -0.1349378 0.8636059 -0.4925891 -0.08917477 0.8656812 -0.5012817 -0.05439349 0.8635728 -0.4983719 -0.04832262 0.8656155 -0.4978836 -0.05495245 0.865501 -0.4951352 -0.09551968 0.8635492 -0.5006825 -0.01307523 0.8655323 -0.500878 -0.006746673 0.8654916 -0.5024341 -0.006567674 0.8645906 -0.502955 -0.001729356 0.8643109 -0.5031674 0.02910861 0.8636986 -0.4999794 0.0345583 0.8653475 -0.5000288 0.02860463 0.8655363 -0.5039982 -0.01257851 0.8636131 -0.4958873 0.06980481 0.8655767 -0.4956394 0.0755941 0.8652324 -0.4971117 0.07600713 0.864351 -0.4962901 0.0805537 0.8644115 -0.4919213 0.109274 0.8637549 -0.4885287 0.1143234 0.865026 -0.4889631 0.1082268 0.8655646 -0.4988851 0.07041685 0.8638028 -0.4791439 0.1458659 0.8655312 -0.4784868 0.1521596 0.8648108 -0.4796991 0.1527224 0.8640398 -0.4614585 0.1935132 0.8657994 -0.4660947 0.1834089 0.8655154 -0.4651482 0.189917 0.8646206 -0.4637421 0.1891189 0.8655503 -0.4637995 0.1947566 0.8642684 -0.4498781 0.2203415 0.8654822 -0.4486213 0.226867 0.864448 -0.4472418 0.2259268 0.8654085 -0.4466226 0.231589 0.8642308 -0.4304524 0.2561955 0.8654909 -0.4288144 0.2628954 0.8642941 -0.4275266 0.2618532 0.8652478 -0.4262888 0.2671674 0.8642334 -0.407936 0.2907034 0.8654939 -0.4059393 0.2973617 0.8641697 -0.404763 0.2962385 0.8651068 -0.4029095 0.301302 0.8642229 -0.3562598 0.3566271 0.8636527 -0.3497439 0.3580914 0.8657076 -0.3842475 0.3263285 0.8636339 -0.3800957 0.3300414 0.8640601 -0.382463 0.3234188 0.8655186 -0.4103018 0.2931251 0.8635567 -0.3239952 0.3818948 0.8655539 -0.3190589 0.3858239 0.8656451 -0.3198686 0.3870969 0.8647776 -0.3165059 0.39073 0.8643808 -0.2929558 0.4099024 0.8638037 -0.2868184 0.4107015 0.8654823 -0.2915853 0.4071418 0.8655712 -0.3254375 0.384782 0.8637322 -0.2589397 0.4286764 0.8655559 -0.2541687 0.4320487 0.8652931 -0.2547866 0.433482 0.8643941 -0.2506734 0.4359443 0.8643583 -0.225942 0.4506485 0.8636354 -0.2196792 0.4509874 0.8650731 -0.2249107 0.4475416 0.8655182 -0.2604645 0.4314554 0.8637155 -0.1884777 0.4640826 0.8655076 -0.1830338 0.4673642 0.86491 -0.1834225 0.4689266 0.8639815 -0.1395542 0.4805333 0.8658016 -0.1504814 0.477785 0.8654923 -0.1447359 0.4809065 0.864743 -0.1449666 0.4823195 0.8639169 -0.1001445 0.4903359 0.8657609 -0.1109336 0.488475 0.8654974 -0.1048968 0.4913873 0.8646011 -0.1047673 0.4897677 0.8655353 -0.1000613 0.4930796 0.8642107 -0.07024441 0.4959587 0.8655002 -0.06408963 0.4985605 0.8644825 -0.06409287 0.4969353 0.8654174 -0.05909732 0.4996249 0.8642236 -0.02897139 0.5000214 0.8655283 -0.02258787 0.502356 0.8643658 -0.02271991 0.500777 0.8652781 -0.01769683 0.5027279 0.8642635 0.0125604 0.5006686 0.865548 0.01902359 0.5026889 0.8642581 0.01876543 0.5011274 0.8651701 0.02385685 0.5023799 0.8643179 0.01299953 0.5038967 0.8636661 0.05398807 0.4978708 0.8655691 0.06040626 0.4995661 0.8641672 0.05297289 0.5012745 0.8636653 0.09940483 0.4905413 0.8657297 0.1326126 0.4862344 0.8637071 0.1371513 0.4816679 0.865555 0.1316812 0.4831947 0.8655536 0.0946885 0.4948613 0.8637976 0.1686354 0.471631 0.8655208 0.1749436 0.4696411 0.8653508 0.1756643 0.4710091 0.8644608 0.1805086 0.4694895 0.8642895 0.207924 0.4593944 0.8635533 0.212074 0.4543999 0.8651851 0.2062341 0.4565011 0.8654908 0.1705671 0.4744441 0.8636027 0.2425262 0.438299 0.8654912 0.2485119 0.4358421 0.8650337 0.2494732 0.4371096 0.8641171 0.2536817 0.4344534 0.8642313 0.2799362 0.4194332 0.8635459 0.2834954 0.4142336 0.8648936 0.277633 0.4169663 0.865482 0.2446022 0.4410234 0.8635208 0.3110428 0.392609 0.8655117 0.3168461 0.3895603 0.864784 0.3179194 0.3905768 0.8639311 0.3495787 0.3581295 0.8657587 0.342489 0.3654321 0.8655407 0.348167 0.3621015 0.8646747 0.3469338 0.3611098 0.8655846 0.3522061 0.3591249 0.8642801 0.3716129 0.3357436 0.8655519 0.3771043 0.3321864 0.8645487 0.3758128 0.3313085 0.8654475 0.3805167 0.3288188 0.8643409 0.3980599 0.3038784 0.865567 0.4032166 0.3002315 0.8644521 0.401903 0.2994827 0.8653231 0.4061154 0.2964676 0.8643941 0.4435367 0.2394744 0.8636708 0.4430916 0.2328742 0.8657016 0.4236162 0.2727933 0.86379 0.425946 0.2676887 0.8642411 0.4206313 0.2717427 0.8655779 0.400641 0.3054804 0.8638105 0.4590542 0.2000132 0.8656004 0.4602143 0.1970534 0.8656632 0.4618045 0.1975031 0.8647134 0.464484 0.1931853 0.8642534 0.4761735 0.165955 0.8635495 0.4748926 0.1593554 0.8654957 0.4728358 0.1652765 0.8655114 0.4611769 0.203731 0.8636026 0.4847349 0.1263085 0.865493 0.4865524 0.1202341 0.8653384 0.4881854 0.1204167 0.8643928 0.4896813 0.1155892 0.8642056 0.4968819 0.08621617 0.8635249 0.4949926 0.07983655 0.8652216 0.493452 0.08599517 0.8655114 0.4881158 0.1266093 0.8635468 0.4988914 0.04486571 0.8655024 0.5001466 0.03865905 0.8650774 0.5017444 0.03857552 0.8641554 0.5019491 0.03334153 0.8642542 0.5040694 0.002880032 0.8636584 0.5018249 -0.0028679 0.8649645 0.5008575 0.003305729 0.8655235 0.5022418 0.04472755 0.8635696 0.4993477 -0.03803283 0.8655665 0.5000697 -0.0443102 0.8648508 0.5013422 -0.04458511 0.8640996 0.4923135 -0.0892111 0.8658341 0.4945247 -0.07886762 0.8655781 0.4950055 -0.08502528 0.8647198 0.4935483 -0.08458763 0.8655952 0.4946937 -0.08974408 0.8644213 0.4869725 -0.1169114 0.8655574 0.4872646 -0.1233267 0.864502 0.4858311 -0.1227673 0.865388 0.4863117 -0.1280941 0.8643453 0.4764247 -0.1544402 0.8655447 0.4764689 -0.1613655 0.8642561 0.475019 -0.1606589 0.8651853 0.4748286 -0.1658995 0.8643004 0.4792548 -0.1562473 0.863656 0.4626741 -0.1919366 0.8655016 0.4623982 -0.1989236 0.8640701 0.4654784 -0.1937716 0.863587 0.4425364 -0.2340503 0.8656685 0.4280755 -0.2665004 0.863556 0.4220214 -0.2694063 0.8656316 0.4267214 -0.2625643 0.8654299 0.4484434 -0.2306378 0.8635419 0.4021724 -0.2985297 0.8655272 0.3984577 -0.3034461 0.8655357 0.3996427 -0.3046213 0.8645759 0.3970411 -0.3089765 0.8642291 0.3783713 -0.3332254 0.8635948 0.3721988 -0.3355009 0.8653943 0.3760636 -0.3308279 0.8655224 0.4047198 -0.3008094 0.8635483 0.3474275 -0.3607438 0.8655392 0.3433001 -0.3653324 0.8652614 0.3442192 -0.3665992 0.86436 0.3407412 -0.3699276 0.8643199 0.3179996 -0.3908623 0.8637726 0.312169 -0.3925408 0.8651372 0.316386 -0.3881932 0.8655668 0.3493278 -0.3633808 0.8636692 0.2839578 -0.4124584 0.86559 0.2796223 -0.416649 0.8649942 0.2802801 -0.4179474 0.8641545 0.2435562 -0.4371772 0.8657693 0.2514549 -0.433123 0.865549 0.2467648 -0.4373887 0.8647533 0.2461597 -0.4359098 0.865672 0.2427604 -0.4404629 0.8643262 0.2166986 -0.4515523 0.8655301 0.2116724 -0.4557822 0.8645561 0.2111986 -0.4542877 0.8654581 0.2073079 -0.4583569 0.8642524 0.1799292 -0.4674375 0.8655217 0.1744709 -0.471628 0.864365 0.1741138 -0.4700677 0.8652865 0.1698807 -0.4735397 0.8642342 0.1413928 -0.4805665 0.8654848 0.1357032 -0.4845051 0.8641987 0.1354701 -0.4828835 0.8651423 0.1309521 -0.4857527 0.8642313 0.1422278 -0.4838878 0.8634951 0.1015629 -0.490546 0.8654765 0.09565275 -0.4941986 0.8640708 0.1016171 -0.4938983 0.8635615 0.05457666 -0.4975994 0.8656882 0.06076191 -0.5005851 0.8635523 0.01327466 -0.5004213 0.8656803 0.004750954 -0.4953985 0.8686529 0.01901308 -0.5037549 0.8636374 -0.02181284 -0.5003366 0.8655562 -0.02826712 -0.5000011 0.8655634 -0.02855528 -0.5015643 0.864649 -0.03322593 -0.501801 0.8643447 -0.0642291 -0.4997423 0.8637894 -0.06931964 -0.4962502 0.8654076 -0.06355059 -0.4967504 0.8655636 -0.02273668 -0.5035324 0.8636771 -0.1024289 -0.4902156 0.8655617 -0.1083749 -0.4895331 0.8652238 -0.108889 -0.4909813 0.8643383 -0.1130584 -0.4899714 0.8643759 -0.1414215 -0.4838229 0.8636639 -0.1462934 -0.4799597 0.8650069 -0.1399932 -0.4808769 0.8655398 -0.1034786 -0.4931297 0.8637797 -0.177699 -0.4683215 0.8655045 -0.1839629 -0.4671654 0.8648202 -0.1846598 -0.4684297 0.8639874 -0.2243799 -0.4472869 0.8657875 -0.2147451 -0.452564 0.8654885 -0.2210395 -0.4511139 0.8646604 -0.2201437 -0.4497629 0.8655923 -0.225979 -0.4495141 0.8642167 -0.2508703 -0.4335696 0.865495 -0.2572293 -0.4317798 0.8645226 -0.2562551 -0.4305446 0.8654275 -0.2617892 -0.4296492 0.8642153 -0.2855428 -0.4115755 0.8654888 -0.2919821 -0.4094094 0.8643671 -0.2908643 -0.4082091 0.8653111 -0.2961794 -0.4066795 0.8642278 -0.3185668 -0.3865151 0.8655179 -0.3249563 -0.3839985 0.8642619 -0.3237805 -0.382926 0.8651785 -0.3286831 -0.3808338 0.8642529 -0.3209395 -0.3889114 0.8635657 -0.3494349 -0.3588318 0.8655258 -0.3557307 -0.355983 0.8641364 -0.3523721 -0.3604207 0.8636729 -0.3816368 -0.3238701 0.8657145 -0.4063018 -0.2979014 0.8638135 -0.4068792 -0.2915788 0.8656969 -0.4041834 -0.295558 0.8656103 -0.3806179 -0.3303251 0.8637218 -0.4254847 -0.2641303 0.8655623 -0.4286513 -0.2591978 0.8654909 -0.4300673 -0.2598293 0.8645987 -0.4329372 -0.2558265 0.86436 -0.4478749 -0.2313326 0.8636512 -0.4479645 -0.2249675 0.8652846 -0.4447665 -0.2303044 0.8655303 -0.428304 -0.2655402 0.8637385 -0.461679 -0.1942884 0.8655082 -0.4647236 -0.1887421 0.8651059 -0.4662779 -0.1891498 0.8641801 -0.4680667 -0.1843338 0.8642539 -0.4791993 -0.1570575 0.8635398 -0.4787154 -0.1506372 0.8649509 -0.4757866 -0.1565656 0.8655139 -0.4649103 -0.1950402 0.8636074 -0.4870528 -0.1170346 0.8654955 -0.489675 -0.1110368 0.8648059 -0.4911875 -0.1111767 0.8639297 -0.4960224 -0.06639789 0.8657674 -0.4949907 -0.07664191 0.8655115 -0.4973646 -0.07040796 0.8646798 -0.4957187 -0.07039071 0.8656258 -0.4988385 -0.06541469 0.8642228 -0.4996087 -0.03540516 0.8655274 -0.501696 -0.029012 0.8645573 -0.5000948 -0.02912571 0.8654807 -0.502467 -0.0240801 0.8642609 -0.5008045 0.006311629 0.8655375 -0.5025321 0.01258131 0.864467 -0.5010179 0.01235021 0.8653488 -0.502661 0.01741704 0.8643081 -0.49852 0.04760395 0.8655702 -0.4999895 0.05402324 0.8643449 -0.498493 0.05367112 0.8652307 -0.4994137 0.0587178 0.8643716 -0.5014991 0.04863155 0.8637903 -0.4929942 0.08775762 0.8655953 -0.4942234 0.09431182 0.8642039 -0.4957041 0.08950158 0.8638674 -0.4830125 0.1312851 0.8657154 -0.4764684 0.1647007 0.863627 -0.4714207 0.1689693 0.8655703 -0.4736221 0.1629283 0.8655266 -0.4877535 0.1268034 0.863723 -0.458877 0.2007784 0.8655171 -0.4566166 0.2063118 0.8654113 -0.4580042 0.2071705 0.8644724 -0.4562527 0.2119302 0.8642448 -0.444036 0.2390478 0.8635323 -0.4386445 0.242796 0.8652406 -0.4412319 0.2371611 0.8654877 -0.4619378 0.2022218 0.8635507 -0.4204881 0.2722519 0.8654875 -0.4175055 0.2780371 0.8650922 -0.4187171 0.2790963 0.8641651 -0.4159063 0.2831205 0.8642134 -0.3988627 0.3084767 0.8635686 -0.3933207 0.3116127 0.8649834 -0.3965153 0.3060662 0.8655051 -0.42294 0.2746293 0.8635395 -0.3697892 0.3378051 0.8655308 -0.3662781 0.3433013 0.864861 -0.3672346 0.3444615 0.8639936 -0.3333725 0.3732274 0.8657738 -0.3405151 0.367256 0.8655475 -0.3367971 0.3725526 0.8647382 -0.3358721 0.371227 0.8656676 -0.3335707 0.3763953 0.8643246 -0.3088691 0.3941678 0.8655817 -0.3050474 0.3991737 0.8646424 -0.3042827 0.3978687 0.8655128 -0.3015506 0.4023292 0.8644064 -0.2766704 0.4174045 0.8655789 -0.2725981 0.4223701 0.8644615 -0.2719377 0.421005 0.865335 -0.2686666 0.4250334 0.864387 -0.2436278 0.4375713 0.86555 -0.2390952 0.4426994 0.8642052 -0.2385151 0.4412013 0.8651312 -0.2348022 0.4447266 0.8643415 -0.2446306 0.4406828 0.8636866 -0.2083434 0.4555043 0.8655108 -0.2035031 0.4605138 0.8640101 -0.2107197 0.4581924 0.8635143 -0.1651919 0.4725601 0.8656781 -0.1327771 0.4864947 0.8635352 -0.1262927 0.4846525 0.8655415 -0.1323714 0.4831128 0.865494 -0.1718403 0.474068 0.8635568 -0.09232341 0.4923318 0.8654974 -0.08611608 0.4936121 0.8654082 -0.08618463 0.4952435 0.8644686 -0.08132649 0.4964977 0.8642198 -0.05119719 0.5016306 0.8635656 -0.04503856 0.4992283 0.8652992 -0.05108673 0.4982629 0.8655196 -0.09240401 0.4957355 0.8635437 -0.009711266 0.5007666 0.8655279 -0.00356004 0.5014758 0.8651643 -0.003365992 0.5030757 0.8642358 0.001419962 0.5030115 0.8642786 0.0323105 0.5029652 0.8637025 0.03796276 0.5002427 0.8650527 0.03191974 0.4997927 0.8655567 -0.00940193 0.5040397 0.8636293 0.07273523 0.4954747 0.8655717 0.07885822 0.4957097 0.8649006 0.07920501 0.4969169 0.864176 0.1211962 0.4854342 0.8658321 0.1109835 0.4883465 0.8655636 0.1174357 0.4883958 0.864684 0.1168664 0.4868816 0.8656145 0.1222495 0.4877437 0.8643848 0.1487428 0.4782701 0.8655249 0.155317 0.4780814 0.8644736 0.1546339 0.4766333 0.8653954 0.1600577 0.4768206 0.8643053 0.1862703 0.4649646 0.8655123 0.1930393 0.4644755 0.8642906 0.1922349 0.4630788 0.8652189 0.1977023 0.4625937 0.8642458 0.2230996 0.4484919 0.865495 0.2300363 0.4476502 0.8641137 0.2291261 0.4463329 0.8650364 0.2342763 0.4452296 0.8642252 0.2956627 0.4084594 0.863565 0.2981264 0.4021578 0.865673 0.2612178 0.4313351 0.863548 0.2659593 0.4275803 0.8639681 0.2588974 0.4288132 0.8655007 0.2251256 0.4511992 0.8635611 0.3257915 0.3804191 0.8655294 0.3304994 0.3761729 0.8656004 0.3317383 0.377261 0.8646524 0.3359614 0.3744365 0.8642495 0.3589145 0.3539687 0.8636473 0.3606692 0.3477243 0.865451 0.3563284 0.3519787 0.8655294 0.3283943 0.382608 0.8635787 0.3842455 0.3211978 0.8655561 0.3883106 0.3169037 0.8653248 0.3896085 0.3177181 0.8644422 0.3926662 0.3141186 0.8643742 0.4117265 0.2903566 0.8638139 0.4129702 0.2844854 0.8651726 0.4089116 0.2890565 0.8655851 0.3868514 0.3229039 0.8637587 0.4300876 0.2566026 0.8655517 0.4341126 0.2518013 0.8649522 0.4354861 0.2523831 0.8640918 0.451909 0.2151301 0.8657351 0.44894 0.2221149 0.8655159 0.4528711 0.2170686 0.8647479 0.4513116 0.2165526 0.8656922 0.4556994 0.2128785 0.8643036 0.4651987 0.1857271 0.8655031 0.469058 0.1803142 0.8645642 0.4674803 0.1799319 0.8654979 0.4713629 0.175805 0.8642393 0.4786922 0.1475198 0.8655009 0.4824317 0.14171 0.8643946 0.4807938 0.1414534 0.8653486 0.4840804 0.1370005 0.8642321 0.4892032 0.1077906 0.8654833 0.492603 0.101873 0.8642709 0.4909894 0.1017543 0.8652026 0.4937465 0.09688741 0.8641917 0.4963549 0.06714226 0.8655193 0.4995503 0.0608477 0.8641453 0.4979602 0.06086115 0.8650615 0.4999802 0.05597799 0.8642257 0.5037701 -0.01637061 0.8636827 0.5000722 -0.02184672 0.8657081 0.5035531 0.02612429 0.8635693 0.5030417 0.01936407 0.8640451 0.50022 0.02571323 0.8655164 0.4997793 0.06717536 0.8635439 0.4975454 -0.05692839 0.8655679 0.4967514 -0.06295171 0.8656068 0.4982238 -0.06332639 0.8647329 0.4981709 -0.06826143 0.8643878 0.4942766 -0.09761219 0.863807 0.4903981 -0.1024689 0.8654535 0.4913727 -0.09639402 0.8655987 0.5004569 -0.05798285 0.8638176 0.4824972 -0.1341925 0.865557 0.4813359 -0.1403344 0.8652295 0.4828103 -0.1409745 0.8643034 0.4814381 -0.145543 0.8643116 0.4734617 -0.1733409 0.8635895 0.4690239 -0.1780792 0.8650459 0.4704288 -0.1718729 0.8655382 0.4853868 -0.135634 0.8637147 0.4552401 -0.2090109 0.8654888 0.453537 -0.2152974 0.8648417 0.4548188 -0.2161246 0.8639618 0.4307852 -0.2546175 0.865791 0.4367816 -0.2452403 0.8654935 0.4347459 -0.2515781 0.8646991 0.433423 -0.2505617 0.8656577 0.4328634 -0.2564163 0.8642221 0.4151822 -0.2802325 0.8655019 0.4128145 -0.2865315 0.8645716 0.4115991 -0.2854283 0.8655154 0.4103819 -0.2910662 0.8642148 0.3906039 -0.313516 0.8655266 0.3878717 -0.3198174 0.8644491 0.3867704 -0.3186397 0.865377 0.3849751 -0.3238273 0.8642511 0.3632306 -0.3448913 0.8655134 0.3602647 -0.3509107 0.8643327 0.3592476 -0.3496294 0.8652747 0.356864 -0.3544598 0.8642952 0.365067 -0.3476048 0.8636532 0.333362 -0.3737302 0.8655608 0.3301177 -0.3796085 0.8642452 0.3352206 -0.3763356 0.8637121 0.2965405 -0.4031911 0.8657371 0.2705385 -0.4251266 0.8637571 0.2641083 -0.4252375 0.8656904 0.2722828 -0.4204953 0.8654743 0.3028468 -0.4026014 0.8638263 0.2354686 -0.4420376 0.8655387 0.2302459 -0.444863 0.8654963 0.2307856 -0.4463383 0.8645925 0.2266498 -0.4489823 0.8643175 0.2008083 -0.4624924 0.8635837 0.194344 -0.4620486 0.8652985 0.2001795 -0.459157 0.8655074 0.2367142 -0.4450185 0.8636695 0.1622874 -0.4739068 0.8654912 0.1565561 -0.4764549 0.8651479 0.1568581 -0.4780499 0.8642129 0.15228 -0.4795086 0.8642235 0.1235963 -0.4889336 0.8635206 0.1171759 -0.4878848 0.8650076 0.1232768 -0.4854968 0.8655032 0.1629449 -0.4771933 0.8635598 0.08269078 -0.4940433 0.865496 0.07667604 -0.4960759 0.864887 0.07671365 -0.4977195 0.8639387 0.03056594 -0.4994643 0.865795 0.04175311 -0.4991494 0.8655094 0.0354239 -0.5009604 0.8647449 0.03534479 -0.5023108 0.8639644 -0.0103919 -0.5003026 0.8657883 0.0001206504 -0.5008694 0.8655228 -0.006133937 -0.5023525 0.8646412 -0.005912759 -0.5007731 0.8655584 -0.01109247 -0.5028566 0.8642987 -0.04121932 -0.4990761 0.8655773 -0.04761577 -0.5003059 0.8645386 -0.04728298 -0.4988101 0.8654205 -0.05240609 -0.5001352 0.86436 -0.08187594 -0.4940006 0.8655979 -0.08829173 -0.4949773 0.8644085 -0.0878477 -0.4935321 0.8652796 -0.09279443 -0.4941156 0.8644299 -0.08288152 -0.4969198 0.8638296 -0.119799 -0.4862621 0.8655619 -0.1264522 -0.4870321 0.8641815 -0.1198417 -0.4896309 0.8636547 -0.1631139 -0.4732521 0.8656941 -0.196508 -0.4643766 0.8635617 -0.2004581 -0.4588334 0.8656145 -0.1951943 -0.4612559 0.86553 -0.1589121 -0.4783908 0.8636488 -0.2316373 -0.4441479 0.8654922 -0.2370828 -0.4413626 0.8654425 -0.2380335 -0.4426844 0.8645059 -0.2426161 -0.4407466 0.8642222 -0.2692232 -0.4263785 0.8635509 -0.2724669 -0.4207343 0.8653002 -0.2669718 -0.4238605 0.8654873 -0.2334765 -0.4469863 0.8635346 -0.3009032 -0.4004253 0.8655154 -0.3064516 -0.3969233 0.8651818 -0.3075964 -0.3980629 0.8642513 -0.3115064 -0.3950416 0.8642372 -0.3356764 -0.3761883 0.8635992 -0.3383132 -0.3704677 0.8650421 -0.3330415 -0.3741371 0.8655084 -0.3034723 -0.4027181 0.8635523 -0.3629448 -0.3451272 0.8655394 -0.3679899 -0.3412833 0.864933 -0.369232 -0.3421727 0.8640519 -0.3964464 -0.3052528 0.8658239 -0.3902383 -0.3138626 0.865566 -0.3950245 -0.3099096 0.8648188 -0.3936957 -0.3091091 0.8657109 -0.3985785 -0.3065592 0.8643822 -0.4140919 -0.2815918 0.8655831 -0.4188105 -0.277415 0.8646609 -0.4174599 -0.276741 0.8655297 -0.4217832 -0.2737098 0.8643968 -0.434601 -0.2488733 0.8655542 -0.4394173 -0.2443095 0.8644219 -0.4379538 -0.2437213 0.8653303 -0.4419281 -0.240101 0.8643211 -0.4528709 -0.2139297 0.86553 -0.4576829 -0.2089731 0.8642086 -0.4561625 -0.208502 0.8651257 -0.4595585 -0.2045239 0.8642777 -0.4561478 -0.214596 0.8636421 -0.4685677 -0.1770291 0.8655085 -0.4732994 -0.171665 0.8640131 -0.4718008 -0.1782144 0.8635066 -0.482844 -0.1323664 0.8656448 -0.4945386 -0.09870262 0.863533 -0.4921217 -0.09231272 0.8656181 -0.491153 -0.0983004 0.8655089 -0.4847904 -0.1388075 0.8635454 -0.4975703 -0.05767764 0.8655039 -0.4983059 -0.05136478 0.8654785 -0.4999337 -0.05132044 0.8645418 -0.5009313 -0.04647847 0.8642381 -0.5038714 -0.01576306 0.8636348 -0.5010575 -0.009983958 0.8653564 -0.5006211 -0.01596615 0.8655192 -0.5009668 -0.05749484 0.8635546 -0.5001773 0.02523916 0.8655551 -0.5003836 0.03152831 0.8652296 -0.5018982 0.03181699 0.8643413 -0.5015543 0.03671979 0.8643466 -0.4992726 0.06736739 0.863822 -0.4963025 0.07254586 0.8651131 -0.4963197 0.06670238 0.8655735 -0.5033481 0.02598103 0.8636931 -0.4895647 0.105293 0.8655865 -0.4893611 0.1115361 0.8649192 -0.4906321 0.1119964 0.8641394 -0.4763013 0.1532808 0.8658187 -0.480018 0.1429433 0.8655344 -0.4795909 0.1494062 0.8646793 -0.4781212 0.1487353 0.8656085 -0.4786935 0.1543201 0.8643135 -0.4672385 0.1804647 0.8655176 -0.4665244 0.1871197 0.864489 -0.4651127 0.18633 0.8654197 -0.4650069 0.1919102 0.8642563 -0.4512253 0.2174533 0.8655113 -0.4501631 0.2243171 0.8643119 -0.4488344 0.2234232 0.8652338 -0.4480902 0.2287229 0.8642344 -0.4320611 0.2534727 0.865491 -0.4306412 0.2603389 0.8641596 -0.4293402 0.2592992 0.865119 -0.4279549 0.2644888 0.8642339 -0.434705 0.2556446 0.8635262 -0.4097554 0.2881387 0.8654921 -0.4079571 0.295 0.864029 -0.4118196 0.2909126 0.8635823 -0.3803172 0.3255123 0.8656793 -0.3585429 0.3543691 0.8636374 -0.352025 0.3559417 0.8656695 -0.3550249 0.35314 0.865592 -0.3867697 0.3234803 0.8635796 -0.3260919 0.3801011 0.865556 -0.3216687 0.3839361 0.8655186 -0.3225221 0.3852596 0.8646124 -0.3190319 0.3887663 0.8643376 -0.2952913 0.4081686 0.8638296 -0.2892578 0.4091875 0.8653875 -0.2941379 0.405223 0.865608 -0.3277784 0.3827052 0.8637697 -0.261815 0.4269131 0.8655623 -0.2568707 0.4307141 0.8651605 -0.257496 0.4321401 0.8642631 -0.2534539 0.4343524 0.8643489 -0.228641 0.4492641 0.8636464 -0.2223944 0.4498562 0.8649682 -0.2275843 0.4461346 0.8655457 -0.2628776 0.4299091 0.8637555 -0.1913714 0.4628876 0.8655126 -0.1859711 0.4664392 0.8647827 -0.1863126 0.4677761 0.8639868 -0.1414058 0.4799445 0.8658277 -0.1535276 0.476792 0.8655049 -0.1477003 0.4802553 0.8646036 -0.1474275 0.4786476 0.8655412 -0.1430726 0.4823347 0.8642243 -0.1140136 0.4877688 0.8654956 -0.1079664 0.490974 0.8644581 -0.1078234 0.4893152 0.8654159 -0.1031542 0.4924035 0.8642326 -0.07339589 0.4955156 0.8654925 -0.06724732 0.4983872 0.8643426 -0.06724069 0.4967789 0.8652685 -0.06233488 0.4992322 0.8642231 -0.03212855 0.4998353 0.8655243 -0.02577558 0.5024214 0.8642386 -0.02589891 0.5008273 0.8651597 -0.02088599 0.5025942 0.8642701 -0.03219464 0.503197 0.8635718 0.009496847 0.5007556 0.8655366 0.01596474 0.5030267 0.8641234 0.009647096 0.5040183 0.8636391 0.05661341 0.497341 0.865706 0.09178059 0.4953681 0.863821 0.09652559 0.4912692 0.8656428 0.09126136 0.4923647 0.8655913 0.05153867 0.5012601 0.8637605 0.1283277 0.4840884 0.8655579 0.1343844 0.4826648 0.8654338 0.1350012 0.4841354 0.8645158 0.13962 0.4831549 0.8643308 0.167643 0.4754474 0.8636235 0.1721734 0.4708506 0.8652491 0.1659977 0.4725231 0.8655441 0.1297955 0.4869456 0.8637344 0.2033356 0.4577722 0.8655052 0.2094039 0.4558653 0.8650646 0.2102667 0.4572402 0.8641292 0.2148394 0.4548981 0.8642405 0.2418006 0.4425448 0.8635314 0.2459134 0.4375337 0.8649224 0.2398275 0.4397498 0.8655072 0.2051257 0.4606135 0.8635732 0.2749864 0.4186922 0.8654937 0.2811112 0.4161276 0.8647625 0.2820515 0.4171896 0.8639444 0.316577 0.3875383 0.8657905 0.3086053 0.3945459 0.8655035 0.3145591 0.3917069 0.8646492 0.3133581 0.390555 0.8656058 0.3189649 0.3890256 0.8642456 0.3402051 0.3676195 0.8655152 0.3460943 0.3644579 0.8645167 0.3448185 0.3634193 0.8654633 0.3499725 0.3613096 0.8642769 0.3695562 0.3380603 0.8655307 0.3751083 0.3347457 0.86443 0.373805 0.333848 0.8653412 0.3784782 0.3311931 0.8643294 0.3721537 0.3398531 0.8637137 0.3960871 0.3063726 0.8655927 0.4016172 0.3027456 0.8643198 0.3987633 0.3079982 0.8637853 0.4220317 0.2691312 0.8657122 0.4218769 0.2755277 0.8637733 0.4416991 0.2355207 0.8656973 0.4434972 0.2683726 0.8551527 0.4599476 0.2064264 0.8636181 0.4592534 0.1998905 0.8655231 0.4565599 0.2059757 0.8655213 0.4421059 0.2419903 0.8637031 0.4718275 0.1680849 0.8655208 0.474108 0.1623146 0.8653759 0.4757131 0.1626392 0.8644336 0.4776591 0.1579041 0.8642385 0.4873382 0.1296546 0.8635342 0.4860435 0.1233074 0.8651918 0.4839213 0.1294533 0.8654837 0.4751321 0.1689453 0.8635433 0.4929257 0.08908065 0.8654993 0.4947318 0.0829472 0.8650781 0.4963572 0.083005 0.864141 0.4970332 0.07791729 0.8642262 0.501948 0.04797079 0.8635665 0.5000997 0.04182235 0.8649573 0.498592 0.0479844 0.8655077 0.4963306 0.08926 0.8635326 0.5008264 0.006585964 0.8655227 0.5020802 0.0002361525 0.8648211 0.5034412 6.246221e-05 0.8640295 0.4982966 -0.04532877 0.8658208 0.4996044 -0.03488103 0.8655511 0.5005854 -0.04125086 0.8647038 0.4989969 -0.04091764 0.8656372 0.500735 -0.04612458 0.8643709 0.4949888 -0.07582723 0.8655844 0.4957018 -0.08201455 0.8646116 0.4942469 -0.08158731 0.8654846 0.4952488 -0.08680498 0.8644035 0.4876194 -0.1139161 0.8655925 0.488161 -0.1205991 0.8643811 0.4867479 -0.1200573 0.8652529 0.4870501 -0.1251826 0.8643561 0.4667609 -0.1907447 0.8635685 0.4611287 -0.194714 0.865706 0.4799332 -0.1537653 0.8637247 0.4776252 -0.1584721 0.8641532 0.4773449 -0.1516526 0.8655306 0.4906152 -0.1151076 0.8637401 0.4448696 -0.2297844 0.8656154 0.4439897 -0.2313344 0.8656544 0.4453241 -0.2322688 0.8647183 0.4437101 -0.2371177 0.8642318 0.4297919 -0.2638128 0.8635286 0.4238185 -0.2669599 0.8655115 0.4268944 -0.2620516 0.8654999 0.4498916 -0.227838 0.8635319 0.4042977 -0.2957473 0.8654923 0.4006034 -0.3010942 0.8653665 0.4017508 -0.3022178 0.8644423 0.3989986 -0.3064547 0.8642254 0.3804483 -0.3308754 0.8635859 0.374462 -0.3333496 0.8652492 0.3783066 -0.3282842 0.8655135 0.4065548 -0.2983161 0.8635511 0.3496858 -0.3585737 0.8655314 0.3457234 -0.3633589 0.8651275 0.3466412 -0.3646077 0.8642344 0.3431917 -0.3676636 0.8643164 0.3204663 -0.3888808 0.8637551 0.3147529 -0.3907733 0.8650011 0.318812 -0.3862419 0.8655496 0.3516717 -0.3611714 0.8636448 0.2863889 -0.4107874 0.8655837 0.2822064 -0.4151512 0.8648752 0.2827605 -0.4162287 0.864176 0.243807 -0.4368922 0.8658426 0.2540656 -0.4315821 0.8655562 0.2494165 -0.4361389 0.8646238 0.2488155 -0.4346953 0.8655235 0.2454617 -0.4389332 0.8643414 0.2194255 -0.450242 0.8655257 0.2144674 -0.4547352 0.8644186 0.2139754 -0.4532157 0.865338 0.2100964 -0.4570365 0.8642784 0.1828242 -0.4663204 0.8655175 0.177456 -0.4707584 0.8642314 0.1770875 -0.4691932 0.8651576 0.1727945 -0.4724931 0.8642293 0.1444002 -0.4796571 0.8654927 0.138797 -0.4838355 0.8640825 0.1385567 -0.4822358 0.8650149 0.1339254 -0.4849668 0.864217 0.06388924 -0.5002009 0.8635492 0.05767562 -0.4972478 0.8656895 0.1034646 -0.4933715 0.8636432 0.0987126 -0.4938148 0.863946 0.1046376 -0.489866 0.8654954 0.1455825 -0.482896 0.8634913 0.02273522 -0.5003813 0.8655066 0.01637361 -0.5005715 0.8655403 0.016223 -0.5021383 0.8646352 0.01126777 -0.5028923 0.8642756 -0.0196724 -0.5036356 0.8636921 -0.02511034 -0.5004437 0.8654049 -0.01879523 -0.5005071 0.8655285 0.02219726 -0.5036839 0.8636028 -0.0603162 -0.497137 0.865573 -0.06630602 -0.4968633 0.8652921 -0.06669199 -0.4983418 0.8644117 -0.07117039 -0.4977494 0.864396 -0.1006239 -0.4936948 0.8637941 -0.1055768 -0.4903494 0.8651075 -0.0994651 -0.4908076 0.8655719 -0.06114809 -0.5001203 0.8637943 -0.1372353 -0.4816557 0.8655484 -0.1434656 -0.4809963 0.8649047 -0.1440624 -0.4823475 0.8640526 -0.1856842 -0.4646412 0.8658118 -0.174872 -0.4693744 0.8655099 -0.1812111 -0.4684555 0.8647035 -0.1804584 -0.467069 0.8656104 -0.1861391 -0.4673386 0.8642609 -0.2117632 -0.4539123 0.8655173 -0.2185021 -0.4526274 0.8645145 -0.2176176 -0.4512758 0.8654436 -0.2231693 -0.45088 0.8642353 -0.2480052 -0.4352197 0.8654925 -0.2546301 -0.4336191 0.8643715 -0.2536141 -0.432314 0.8653234 -0.2592127 -0.4312354 0.8642018 -0.2829897 -0.4133232 0.8654946 -0.2895896 -0.4113674 0.8642424 -0.2884873 -0.4101691 0.86518 -0.293667 -0.4085012 0.864226 -0.3160468 -0.3885897 0.8655128 -0.3227096 -0.3862348 0.8641072 -0.3215131 -0.3851299 0.8650458 -0.3261801 -0.3829563 0.8642632 -0.3785465 -0.332718 0.8637136 -0.3795973 -0.3263012 0.8656983 -0.3499423 -0.36287 0.8636352 -0.3536957 -0.358325 0.8640038 -0.3471928 -0.3610033 0.8655251 -0.3188434 -0.390572 0.8635927 -0.4021736 -0.298322 0.8655983 -0.405264 -0.2941458 0.8655862 -0.4066339 -0.2949044 0.8646851 -0.4096895 -0.2914558 0.864412 -0.4267109 -0.2681088 0.8637335 -0.427301 -0.2617721 0.8653839 -0.4240523 -0.2664064 0.8655676 -0.4044573 -0.300427 0.8638043 -0.4434384 -0.2328623 0.8655273 -0.4467685 -0.2277845 0.865166 -0.4482682 -0.2283226 0.8642478 -0.4503097 -0.2240791 0.8642973 -0.4637281 -0.1979259 0.8635865 -0.4637968 -0.1915733 0.8649811 -0.4604406 -0.1971432 0.8655224 -0.4464331 -0.2340361 0.8636693 -0.4748632 -0.1594478 0.8654948 -0.478025 -0.1536409 0.8648043 -0.4795076 -0.1539117 0.8639349 -0.4885705 -0.1081211 0.8657995 -0.4863051 -0.1201096 0.8654946 -0.4892003 -0.1141366 0.8646711 -0.4875943 -0.1139778 0.8655986 -0.491094 -0.1093751 0.8642129 -0.4945319 -0.07964868 0.8655023 -0.4971403 -0.0735162 0.8645501 -0.4955241 -0.07348926 0.8654796 -0.4983967 -0.06860757 0.8642302 -0.4993797 -0.03852599 0.8655263 -0.5017054 -0.03221155 0.8644387 -0.5001047 -0.03231521 0.8653618 -0.5023414 -0.0271685 0.8642425 -0.500824 0.00302643 0.8655439 -0.5028513 0.009464739 0.8643211 -0.5013242 0.009241034 0.8652102 -0.5027949 0.01430326 0.8642874 -0.5040075 0.003796554 0.863691 -0.4987919 0.04447501 0.8655799 -0.5005205 0.05097637 0.8642226 -0.5020311 0.04455261 0.8637012 -0.4922608 0.09056517 0.8657235 -0.4885191 0.1239081 0.8637105 -0.4838881 0.1285138 0.8656422 -0.4855308 0.1227164 0.8655637 -0.4964216 0.08584671 0.8638263 -0.4745301 0.1603182 0.8655168 -0.4726649 0.1661861 0.8654305 -0.4740918 0.1669037 0.8645114 -0.4728484 0.171563 0.8642803 -0.4630385 0.1995475 0.8635834 -0.4580832 0.203672 0.8652615 -0.460319 0.1974707 0.8655124 -0.4774039 0.1618608 0.8636472 -0.4427608 0.2342526 0.865499 -0.4403499 0.2401313 0.8651178 -0.4416902 0.2411082 0.8641623 -0.4390204 0.2457703 0.8642095 -0.4246789 0.2719558 0.8635322 -0.4193518 0.2756047 0.8649775 -0.4221145 0.2696649 0.8655057 -0.4455199 0.236223 0.8635454 -0.3984974 0.3035031 0.8654974 -0.3954275 0.3093633 0.8648303 -0.3965082 0.3104625 0.8639412 -0.3653671 0.3420252 0.8657514 -0.4007817 0.3060375 0.863548 -0.3719047 0.3355319 0.8655087 -0.3686582 0.3410809 0.8647283 -0.3740896 0.3380077 0.8636016 -0.3568326 0.3531103 0.8648604 -0.5264114 0.8502251 0.002889724 -0.52851 0.8489271 0 -0.5293739 0.8483837 0.002889796 -0.5270355 0.8498061 0.007950198 -0.4645785 0.885498 -0.007756317 -0.4573634 0.8892665 -0.00489349 -0.4649962 0.8852991 -0.004894332 -0.4577114 0.8890643 0.008061275 -0.3925715 0.9196873 -0.007932799 -0.3849358 0.9229383 -0.003049939 -0.3928843 0.9195829 -0.003051631 -0.38518 0.922805 0.008207254 -0.3169962 0.948391 -0.008241747 -0.3087239 0.9511509 -0.001235286 -0.3172541 0.9483398 -0.001235323 -0.3092746 0.9509362 0.008342011 -0.2386587 0.9710668 -0.008449148 -0.2301513 0.9731548 0.0003352035 -0.2390572 0.9710054 0.0003326244 -0.2307282 0.9729812 0.008480499 -0.1584529 0.9873297 -0.008527396 -0.1499252 0.9886958 0.001767224 -0.1588493 0.9873013 0.001766516 -0.1501824 0.9886215 0.00852631 -0.07701267 0.9969932 -0.008584977 -0.06839836 0.9976526 0.003325877 -0.07730711 0.9970018 0.003325457 -0.068643 0.9976054 0.008468391 0.004711225 0.9999517 -0.008623374 0.01318997 0.999902 0.004689617 0.00416158 0.9999803 0.004688221 0.01310736 0.9998794 0.008338274 0.08588 0.9962681 -0.00862917 0.09437271 0.9955158 0.006490773 0.08534136 0.9963307 0.006488969 0.1644013 0.9861167 0.02336875 0.1007573 0.9855214 -0.1363655 0.1651909 0.9862123 -0.009866209 0.8297638 -0.5578092 -0.01846301 0.8150811 -0.5791889 -0.01353267 0.8299897 -0.5576143 -0.01354143 0.8164378 -0.5771372 0.01849364 0.7813896 -0.6237762 -0.01826401 0.7657903 -0.6430223 -0.009350154 0.7815794 -0.6237354 -0.009364948 0.7663963 -0.6421073 0.01829849 0.7277198 -0.6856274 -0.01840728 0.7104877 -0.7036911 -0.005113144 0.7282351 -0.6853082 -0.00512849 0.711292 -0.7026554 0.01841331 0.6693323 -0.7427431 -0.01807928 0.6511621 -0.7589384 -0.0006569505 0.6701022 -0.7422686 -0.0006684916 0.6517862 -0.7581881 0.01804423 0.6071768 -0.7943656 -0.01787508 0.5878099 -0.8089873 0.004380208 0.6076558 -0.7941884 0.004371804 0.5883568 -0.808408 0.01768924 0.5415933 -0.8404588 -0.01748601 0.5217235 -0.8530624 0.00944474 0.5436594 -0.8392529 0.009434282 0.5220014 -0.8527634 0.01757767 0.4730543 -0.8808672 -0.01710565 0.4525023 -0.8916278 0.01554223 0.474696 -0.8800127 0.01553721 0.4524322 -0.8916256 0.01757646 0.4013087 -0.9157728 -0.01764642 0.379697 -0.9249344 0.01806891 0.3269202 -0.9449885 0.01094327 0.3793148 -0.9252024 0.01099177 0.3260159 -0.9451908 -0.01810558 0.3036208 -0.9526195 0.018177 0.2488686 -0.9685372 0.0005727354 0.3025754 -0.9531253 0.0006086719 0.2480884 -0.96856 -0.01853669 0.2248116 -0.9742258 0.01854847 0.1686443 -0.9856388 -0.008667964 0.22336 -0.9746978 -0.008638059 0.1679213 -0.9856279 -0.01843796 0.1442646 -0.9893621 0.01871925 0.08647359 -0.9960909 -0.01803186 0.1483985 -0.9887639 -0.01799696 0.08683111 -0.9960479 -0.01867995 0.06275646 -0.9978534 0.01871552 0.004787918 -0.999818 -0.01846829 -0.01945664 -0.9997035 -0.01463887 0.005090908 -0.9998798 -0.01464624 -0.01908866 -0.9996515 0.01823933 -0.07607128 -0.9969359 -0.01822128 -0.1015431 -0.994785 -0.009578967 -0.07611025 -0.9970534 -0.009585772 -0.1001171 -0.9948117 0.01806341 -0.156521 -0.9875095 -0.01805729 -0.1810698 -0.9834593 -0.004645104 -0.1558313 -0.9877727 -0.004660393 -0.179828 -0.9835396 0.01765491 -0.2346698 -0.9719154 -0.01761879 -0.2586527 -0.9659695 0.001333873 -0.2340136 -0.9722325 0.001321964 -0.2576676 -0.966075 0.01750722 -0.3112015 -0.9501818 -0.01755784 -0.3341933 -0.9424763 0.007290535 -0.3099743 -0.950717 0.007285375 -0.3337977 -0.9424728 0.01800532 -0.3863649 -0.9221732 -0.01785382 -0.40851 -0.9126659 0.01267006 -0.3849094 -0.9228675 0.01266316 -0.4084893 -0.9125798 0.01829279 -0.4597375 -0.8878662 -0.01830331 -0.4811678 -0.8764472 0.01782691 -0.4643989 -0.8854468 0.01782342 -0.4811151 -0.8764626 0.01848097 -0.5305521 -0.8474462 -0.01869204 -0.5510591 -0.8342555 0.01875312 -0.5962733 -0.8027021 0.01129181 -0.5515 -0.834098 0.01132119 -0.5982531 -0.8010899 -0.01865565 -0.6175913 -0.7862743 0.01880831 -0.661223 -0.7501868 0.001981692 -0.6186628 -0.7856541 0.002017712 -0.6617613 -0.7494832 -0.01862495 -0.6798892 -0.7330721 0.0188665 -0.7205379 -0.6933783 -0.007190302 -0.6806269 -0.7325953 -0.007155869 -0.7207822 -0.6929115 -0.01861924 -0.7374871 -0.6751063 0.01855054 -0.7744297 -0.6324368 -0.01680109 -0.7352967 -0.677538 -0.01676468 -0.7746521 -0.6321242 -0.01825139 -0.7897561 -0.613149 0.01826322 -0.8229913 -0.5677694 -0.01797998 -0.8369546 -0.5471037 -0.01358925 -0.8228635 -0.5680764 -0.01359619 -0.8364218 -0.547799 0.01774036 -0.8654836 -0.5006275 -0.01761376 -0.8779837 -0.4786339 -0.007355985 -0.8653122 -0.5011792 -0.007364854 -0.8773127 -0.4795884 0.01781221 -0.902606 -0.4300981 -0.01783315 -0.9132649 -0.4073637 -0.001468048 -0.9024356 -0.4308223 -0.001478267 -0.912748 -0.4081237 0.01806096 -0.9341916 -0.356298 -0.0183799 -0.9431437 -0.3323611 0.004008531 -0.9341001 -0.3569888 0.003997255 -0.942651 -0.3332643 0.01854408 -0.9600345 -0.2792571 -0.01868607 -0.9669076 -0.2549813 0.008617681 -0.9598713 -0.2803088 0.008608057 -0.9666842 -0.2552846 0.01874519 -0.9796455 -0.199848 -0.01885619 -0.9844464 -0.1751867 0.01322457 -0.9794049 -0.2014733 0.01320993 -0.9843205 -0.1753635 0.01899607 -0.9927291 -0.1188813 -0.01887153 -0.9953949 -0.09426031 0.01743249 -0.9921986 -0.1234445 0.01741682 -0.995387 -0.09406169 0.01889566 -0.9991273 -0.03726036 -0.01888125 -0.9997445 -0.01232841 0.01894699 -0.999059 0.04154043 0.01247201 -0.9998493 -0.01204968 0.01250282 -0.9988425 0.04439822 -0.01850188 -0.9974422 0.06901722 0.01859194 -0.992329 0.1236043 0.002277377 -0.9975496 0.06992391 0.00231058 -0.9919719 0.1251184 -0.01836077 -0.9886109 0.1494051 0.01807078 -0.9790375 0.2034899 -0.008809754 -0.9884754 0.1511265 -0.008788591 -0.9787983 0.2040283 -0.01806357 -0.9735102 0.2279529 0.01775876 -0.9595003 0.2811432 -0.01782209 -0.9526018 0.3037753 -0.01643828 -0.9595359 0.2811055 -0.01644615 -0.9522922 0.3046648 0.01785738 -0.9340461 0.3566857 -0.01825403 -0.9241874 0.3817956 -0.0104755 -0.9342056 0.3565808 -0.01049157 -0.9248732 0.3798249 0.01851081 -0.9021955 0.4309286 -0.01854244 -0.8908712 0.4542205 -0.005674372 -0.9025765 0.430492 -0.005685121 -0.8911017 0.4534194 0.01866817 -0.8641489 0.5028772 -0.01900819 -0.8507486 0.5255723 -0.0008308497 -0.8647224 0.5022495 -0.0008444967 -0.8511796 0.5245302 0.01900561 -0.820141 0.571844 -0.01905934 -0.8050189 0.5932368 0.003823355 -0.8207287 0.5713055 0.003806343 -0.8054234 0.592395 0.01900621 -0.7705449 0.6370952 -0.0192441 -0.7537706 0.6570857 0.008266736 -0.771537 0.636131 0.008248054 -0.7541465 0.6564264 0.01917287 -0.7158231 0.6980235 -0.01898365 -0.697737 0.7162389 0.01284907 -0.717316 0.6966296 0.01283732 -0.6980857 0.7157599 0.01908242 -0.6565677 0.7540305 -0.01889315 -0.6373684 0.7703638 0.01735646 -0.6613862 0.749845 0.01734263 -0.6371625 0.7705031 0.01867621 -0.593625 0.8045347 -0.01825431 -0.573377 0.8190874 0.01828978 -0.5285473 0.8488511 0.009460507 -0.572982 0.819513 0.009488717 -0.5276207 0.8492892 -0.01800518 -0.5197265 0.8543207 -0.004519915 -0.4594657 0.8881659 0.007255887 -0.4899583 0.87165 -0.01292438 -0.4586352 0.8885306 -0.01292892 -0.4414381 0.897016 0.02224298 -0.385963 0.9222893 -0.02037067 0.1206962 -0.9925422 -0.01709931 0.09967972 -0.9950104 0.004275435 0.1218525 -0.992539 0.004264816 0.1004012 -0.9948022 0.01697409 0.03904428 -0.999093 -0.01699115 0.01811407 -0.9998038 0.008003095 0.04023739 -0.9991582 0.007993603 0.01878639 -0.9996822 0.01680928 -0.04247225 -0.9989536 -0.01696241 -0.0631656 -0.9979339 0.01175794 -0.04092889 -0.999093 0.01174981 -0.06285318 -0.9978836 0.01666641 -0.123232 -0.9922391 -0.01660025 -0.1433336 -0.9895487 0.01577272 -0.122148 -0.9923865 0.01577155 -0.1437178 -0.9894852 0.01625718 -0.202313 -0.979188 -0.01613258 -0.2220536 -0.9749014 0.01611428 -0.2784871 -0.9604295 0.004478699 -0.2222497 -0.9749793 0.004511116 -0.2795042 -0.9600118 -0.01595609 -0.2988662 -0.9541577 0.01619011 -0.3547597 -0.9349132 -0.009100346 -0.2980461 -0.9545085 -0.009065526 -0.3551603 -0.9346595 -0.01651205 -0.3741795 -0.9272106 0.01644115 -0.4293287 -0.9029914 -0.01683373 -0.450797 -0.8925015 -0.0149363 -0.4293814 -0.9029996 -0.01493975 -0.4478801 -0.8939362 0.01677619 -0.5012113 -0.8651578 -0.01700855 -0.5209562 -0.8535136 -0.01091669 -0.5011721 -0.8652787 -0.01092492 -0.5192211 -0.8544651 0.01728545 -0.5704111 -0.8211839 -0.01697745 -0.5881379 -0.8087268 -0.00739504 -0.570102 -0.8215405 -0.007410698 -0.5875024 -0.8090377 0.0172917 -0.6357873 -0.7716752 -0.01708414 -0.6524135 -0.7578537 -0.003770147 -0.635317 -0.7722422 -0.00377838 -0.6517959 -0.7581996 0.01718628 -0.6967805 -0.7170795 -0.01713829 -0.7124544 -0.7017183 0.0002803994 -0.6960709 -0.7179729 0.000267625 -0.7113742 -0.7026035 0.01718044 -0.7528698 -0.6579481 -0.01706952 -0.7669393 -0.6417068 0.004050676 -0.7519869 -0.6591657 0.004041948 -0.7663579 -0.6421899 0.01696423 -0.8034914 -0.5950866 -0.01654255 -0.8160034 -0.5779813 0.00872035 -0.8031654 -0.5956923 0.008714056 -0.8156255 -0.5783443 0.01651573 -0.8483776 -0.5291433 -0.0162077 -0.8592535 -0.5113701 0.01356573 -0.8480965 -0.5296682 0.01356007 -0.8590204 -0.5116834 0.0162453 -0.8877761 -0.4599862 -0.01631952 -0.8970661 -0.4415951 0.01631406 -0.9214615 -0.3883317 0.01035286 -0.8973594 -0.4411783 0.01038964 -0.92171 -0.3875138 -0.01684733 -0.9296437 -0.3680731 0.01687631 -0.949909 -0.3125256 -0.0008665629 -0.929897 -0.3678191 -0.000836222 -0.9500361 -0.3116693 -0.01713575 -0.9564022 -0.2915517 0.01709978 -0.9722739 -0.233559 -0.01156201 -0.9571616 -0.2893251 -0.01152151 -0.9722626 -0.2332555 -0.01724227 -0.9769991 -0.2125271 0.01746579 -0.9881371 -0.1525774 -0.01747142 -0.9915487 -0.1287697 -0.01579552 -0.9880977 -0.1530146 -0.01579843 -0.9911198 -0.1318188 0.01747444 -0.9972873 -0.07153311 -0.01734614 -0.9987399 -0.04874366 -0.01194607 -0.9973669 -0.07152884 -0.01195196 -0.9985945 -0.05012592 0.01722055 -0.9997977 0.01012722 -0.01737715 -0.9994369 0.03254198 -0.00819215 -0.9999179 0.00985227 -0.008200526 -0.9993503 0.03169 0.01716795 -0.9956619 0.0914612 -0.0170945 -0.9934931 0.113832 -0.003686791 -0.9958661 0.09075715 -0.003695597 -0.9935041 0.1125097 0.0170622 -0.9850729 0.1713248 -0.0167067 -0.9812788 0.1925912 0.000687848 -0.9853904 0.1703088 0.0006772006 -0.9812452 0.1920522 0.01655108 -0.9683241 0.2491578 -0.01639833 -0.9628207 0.2700708 0.006168106 -0.9686388 0.2483968 0.006159865 -0.9628412 0.2695705 0.01638578 -0.9454604 0.325316 -0.01655264 -0.9383337 0.3455397 0.01149533 -0.9459471 0.3241173 0.01148925 -0.9383563 0.3452585 0.01685127 -0.9162631 0.4002153 -0.01701479 -0.9074606 0.4198193 0.01633758 -0.9162456 0.400284 0.01633444 -0.9075625 0.4195658 0.01717295 -0.8807982 0.4731705 -0.01744391 -0.8702881 0.492227 0.01764 -0.8397181 0.5429415 0.009384814 -0.8704189 0.4922216 0.009424713 -0.8392003 0.5435378 -0.01759586 -0.8271955 0.5616392 0.01758128 -0.792562 0.609791 -0.000476376 -0.82658 0.5628191 -0.0004396809 -0.7919042 0.6103941 -0.01751655 -0.7784445 0.6274635 0.01771334 -0.7395016 0.6730794 -0.01007615 -0.7781457 0.6280037 -0.01003848 -0.7392438 0.6732043 -0.0177398 -0.7243753 0.6891836 0.01750144 -0.6819637 0.7311789 -0.01740766 -0.6669226 0.7449426 -0.01657335 -0.681952 0.731209 -0.01657729 -0.6658211 0.7459096 0.01735415 -0.6203685 0.7841216 -0.01721488 -0.6024146 0.798092 -0.01206905 -0.6207315 0.7839302 -0.0120758 -0.6032814 0.7973444 0.01712552 -0.5554932 0.8313521 -0.01676501 -0.5363792 0.8439496 -0.006815009 -0.5559089 0.8312153 -0.00682547 -0.5375323 0.8430769 0.0167433 -0.4877253 0.8728424 -0.01643887 -0.468199 0.8836221 -0.001401138 -0.4884237 0.8726054 -0.001404028 -0.4688804 0.8831028 0.01674923 -0.4165438 0.9089573 -0.01696675 -0.3961636 0.9181725 0.003692024 -0.4177971 0.9085329 0.003683487 -0.3969944 0.9176611 0.01713374 -0.3419666 0.9395491 -0.01750425 -0.3208117 0.9471064 0.008335339 -0.3435883 0.9390836 0.008324477 -0.3213147 0.9468092 0.01757894 -0.2644266 0.964246 -0.01755427 -0.2429578 0.9699544 0.01264554 -0.2654484 0.9640422 0.01263869 -0.243136 0.9698339 0.01752318 -0.1848335 0.9826059 -0.01795229 -0.1628722 0.9865043 0.01679105 -0.1853782 0.9825239 0.01678212 -0.1630509 0.9864579 0.01775241 -0.1037627 0.9944404 -0.01793536 -0.08157506 0.9965075 0.0178396 -0.02427099 0.9996475 0.01076737 -0.08155242 0.9966105 0.01080187 -0.02199326 0.999599 -0.01783551 0.0002088282 0.9998443 0.01764333 0.0582576 0.9983013 0.0007457511 0.001187488 0.999999 0.0007805154 0.05949405 0.9980749 -0.01752253 0.08151054 0.9965202 0.01742832 0.1394989 0.9901729 -0.009886659 0.08415139 0.9964042 -0.009861032 0.1399385 0.9900112 -0.0171747 0.1616381 0.9867014 0.01713026 0.2187224 0.9756389 -0.01700434 0.2408707 0.9704382 -0.01520026 0.2185186 0.9757144 -0.01520435 0.2398992 0.9706563 0.01657665 0.2952205 0.9552804 -0.01685687 0.3179486 0.9480627 -0.0092643 0.2951458 0.9554072 -0.009276844 0.3161204 0.9485687 0.01689225 0.370746 0.9285697 -0.01748219 0.3929646 0.9195435 -0.004309032 0.3701518 0.9289613 -0.004316471 0.3912991 0.9200931 0.01770995 0.4446788 0.8955207 -0.01741934 0.4653644 0.8851193 0.0001817918 0.4438928 0.8960798 0.0001734041 0.4643846 0.8854565 0.01771159 0.5161145 0.8563287 -0.01808244 0.5359848 0.8442174 0.004163964 0.5148241 0.8572858 0.004153627 0.5351846 0.8445436 0.01798905 0.5844451 0.8112317 -0.01808371 0.6031081 0.7976161 0.008321744 0.5835478 0.8120363 0.008311536 0.6027179 0.7977533 0.0179161 0.6488737 0.760681 -0.01808997 0.666316 0.7455636 0.01257081 0.6474089 0.7620394 0.01255957 0.6658607 0.7458541 0.01819813 0.7089238 0.7050591 -0.01785376 0.7247351 0.6888281 0.01658246 0.7082903 0.7057267 0.01657475 0.7247472 0.6887844 0.01781531 0.7637886 0.6452262 -0.01761119 0.778164 0.6278113 0.01771086 0.8126425 0.5826777 0.009946075 0.7783835 0.6277099 0.009975366 0.8133463 0.5815211 -0.01734631 0.8261772 0.5631474 0.01721263 0.8566989 0.5158128 -0.002076117 0.826748 0.5625687 -0.002054149 0.8571183 0.5148423 -0.0169 0.8683859 0.4955996 0.01694346 0.8952537 0.4452884 -0.01546239 0.8697169 0.4933095 -0.01543653 0.8953324 0.445071 -0.01707894 0.905052 0.4249517 0.01722878 0.9280715 0.3719829 -0.01766343 0.936609 0.3501237 -0.01330525 0.9280933 0.3721098 -0.01331212 0.9363735 0.3505575 0.01772499 0.9551626 0.2955468 -0.01778479 0.9620393 0.2727726 -0.008691291 0.9551225 0.2960834 -0.008702846 0.9617051 0.2734826 0.01818159 0.9761377 0.2164 -0.0180626 0.9811848 0.1930182 -0.00451784 0.9760754 0.217385 -0.00453396 0.9808172 0.1940809 0.01817288 0.9905575 0.1358686 -0.01832139 0.993702 0.1120545 -0.0004538218 0.9905875 0.13688 -0.0004671514 0.9934344 0.1129462 0.01820199 0.9983578 0.05430626 -0.01823483 0.9995317 0.03035222 0.003892944 0.9984534 0.05545969 0.003878924 0.9993402 0.0314682 0.01813823 0.9994575 -0.02740274 -0.01827097 0.9986612 -0.05110104 0.008027818 0.9996397 -0.02561728 0.00802072 0.9985797 -0.05014942 0.01799406 0.9939567 -0.1083006 -0.01792222 0.9912679 -0.1312761 0.01242982 0.9942544 -0.1063202 0.0124227 0.991199 -0.1312097 0.01756435 0.9820772 -0.1876749 -0.01739218 0.9775577 -0.2099648 0.01719679 0.9648368 -0.2623421 0.01632751 0.977506 -0.2102721 0.01635753 0.9640338 -0.2652321 -0.01704885 0.9577488 -0.287091 0.01720209 0.9404731 -0.3398519 0.003321472 0.9576805 -0.2878141 0.003348113 0.9398704 -0.3410897 -0.01736575 0.9318046 -0.362531 0.01764942 0.9096864 -0.4152096 -0.008470482 0.9309741 -0.3649872 -0.008446261 0.9092893 -0.4157866 -0.01773861 0.8994869 -0.436584 0.01782531 0.8727229 -0.4878751 -0.01824038 0.8547854 -0.5186813 -0.01764994 0.8725915 -0.4881313 -0.01766214 0.8609654 -0.5083362 0.01824642 -0.6718919 -0.7404929 -0.01521674 -0.684653 -0.728709 0.01527038 -0.7283351 -0.6851761 0.007855534 -0.684985 -0.7285144 0.007880866 -0.7300823 -0.6831954 -0.01496338 -0.7417522 -0.6705049 0.01505989 -0.7827519 -0.6223232 -0.003661217 -0.7427698 -0.6695371 -0.003628491 -0.7830051 -0.6218366 -0.01490821 -0.7936399 -0.6082066 0.01484934 -0.8302913 -0.5571404 -0.0145267 -0.8404238 -0.5417442 -0.01418344 -0.8304225 -0.5569533 -0.01418805 -0.839845 -0.5426329 0.01449091 -0.8720013 -0.4892931 -0.014346 -0.8809072 -0.4731875 -0.009801149 -0.871937 -0.4895197 -0.009808751 -0.8802893 -0.4742134 0.01457952 -0.9082751 -0.4181147 -0.01471358 -0.9157485 -0.4017083 -0.005927853 -0.9080387 -0.4188444 -0.005934052 -0.9153744 -0.4023223 0.01505155 -0.9389875 -0.3436283 -0.01490179 -0.9451911 -0.3265114 -0.002044099 -0.9387726 -0.344531 -0.002053934 -0.9448129 -0.3272506 0.01535006 -0.9638172 -0.266126 -0.01527492 -0.968585 -0.2486801 0.001135116 -0.9636244 -0.267258 0.001129302 -0.9683452 -0.2491419 0.01535696 -0.9823114 -0.1866103 -0.01552655 -0.9856661 -0.168647 0.004526835 -0.9822187 -0.1876861 0.004522504 -0.9854634 -0.1691843 0.01544717 -0.9942905 -0.1055515 -0.01566229 -0.9961463 -0.08735919 0.007799455 -0.9942626 -0.1066832 0.007788513 -0.9960194 -0.08777442 0.01552763 -0.9995961 -0.0238067 -0.01552027 -0.9999218 -0.005698104 0.01113303 -0.9996142 -0.02544674 0.0111296 -0.9998597 -0.006190165 0.01556692 -0.9982221 0.0576095 -0.01529586 -0.9970477 0.07540448 0.01450094 -0.9982275 0.0577201 0.01449727 -0.9970132 0.07570302 0.01528545 -0.9902958 0.1381683 -0.01495299 -0.9877145 0.1555545 0.01492527 -0.9765152 0.2153838 0.005276051 -0.9876739 0.1564355 0.005300357 -0.9760865 0.2168881 -0.01464943 -0.9721344 0.2339658 0.0146543 -0.9559439 0.2934168 -0.008832903 -0.9720107 0.2347715 -0.008807475 -0.9557754 0.2937317 -0.01466479 -0.9504622 0.3104893 0.01476449 -0.9291971 0.3692697 -0.01525289 -0.9220331 0.3868994 -0.01280063 -0.9293614 0.3689491 -0.01280379 -0.9224982 0.3857 0.01525029 -0.8963811 0.443017 -0.01539039 -0.8878789 0.4599876 -0.009080652 -0.8965741 0.4428005 -0.009084843 -0.8882535 0.4590952 0.01540414 -0.8573508 0.5144917 -0.01574402 -0.8471446 0.5313342 -0.005486075 -0.8576235 0.5142488 -0.005493861 -0.8478947 0.529934 0.01563907 -0.8124466 0.5828206 -0.01583297 -0.8011393 0.5984735 -0.002305645 -0.8129414 0.5823409 -0.002315246 -0.801697 0.5975208 0.01583905 -0.7618253 0.6475878 -0.01588726 -0.7493739 0.6621465 0.0009393974 -0.762516 0.6469687 0.0009297085 -0.7499015 0.6613597 0.01584485 -0.7063955 0.7076443 -0.01564811 -0.6931527 0.7207788 0.004147976 -0.7070792 0.7071223 0.004143379 -0.6933609 0.7204248 0.01545709 -0.6466061 0.7626625 -0.01570062 -0.6323725 0.7746264 0.007682526 -0.64726 0.7622307 0.007671929 -0.6326226 0.7743122 0.01514199 -0.5830252 0.8123051 -0.01555883 -0.5680303 0.8229268 0.01153905 -0.5842845 0.811467 0.01153414 -0.568208 0.8227479 0.01501801 -0.5164573 0.8561819 -0.01497901 -0.5009186 0.8653674 0.0148251 -0.4502862 0.892812 0.01135726 -0.500752 0.8655159 0.0113864 -0.4467169 0.8945507 -0.01492923 -0.4304724 0.9024752 0.0152359 -0.3741555 0.9273639 -0.001957508 -0.4298479 0.9028992 -0.001931479 -0.3736194 0.9274532 -0.01546196 -0.3564579 0.9341791 0.01571558 -0.296859 0.9548193 -0.0139588 -0.3561361 0.9343301 -0.01394139 -0.2972699 0.9546623 -0.01583001 -0.2795949 0.9599898 0.01569189 -0.218476 0.97571 -0.01607299 -0.1967466 0.9803709 -0.01279324 -0.2184279 0.9757692 -0.012795 -0.2002156 0.9796218 0.01597095 -0.1378652 0.990321 -0.01604032 -0.1180109 0.9929652 -0.009664803 -0.1379261 0.9903954 -0.009667437 -0.1192395 0.992739 0.01584689 -0.05612 0.9982911 -0.01628689 -0.03569315 0.9993432 -0.00627378 -0.05674459 0.998369 -0.006284138 -0.03760611 0.9991643 0.01601493 0.02541988 0.99955 -0.01592501 0.04488189 0.9989881 -0.002918099 0.02475773 0.9996892 -0.002924084 0.04415157 0.9988996 0.01581863 0.1066851 0.9941669 -0.01582777 0.1259125 0.992041 0.0008488504 0.1054277 0.9944267 0.0008387109 0.1247906 0.9920615 0.01553651 0.1859858 0.9824301 -0.01550413 0.2048673 0.9787757 0.00525095 0.1851271 0.9827006 0.005243892 0.2039783 0.9788563 0.01526739 0.2634692 0.9645497 -0.01509729 0.2815029 0.9595107 0.009762764 0.2622288 0.9649564 0.009761116 0.2815973 0.9594109 0.01528393 0.3394135 0.9405158 -0.01511593 0.3568757 0.9340371 0.01464842 0.3396211 0.9404483 0.01464509 0.3566481 0.9341075 0.01566211 0.4140856 0.9100997 -0.0158655 0.4311278 0.9021528 0.01578647 0.4840817 0.8749892 0.007663901 0.4314888 0.9020854 0.007690065 0.4866256 0.8734646 -0.01597203 0.503008 0.8641331 0.01603083 0.5556926 0.831382 -0.003142422 0.5040605 0.8636627 -0.003107152 0.5562757 0.8308383 -0.01628242 0.5720641 0.8200467 0.01630933 0.6226447 0.7823912 -0.01332756 0.5747414 0.818227 -0.01329621 0.6223597 0.7825614 -0.01631248 0.6372985 0.7704411 0.01646709 0.6846122 0.7287266 -0.01624054 0.6981013 0.7158604 -0.01408994 0.6843191 0.7290464 -0.01409457 0.6982888 0.7156336 0.01616184 0.7415755 0.6706753 -0.01613493 0.7551506 0.6554717 -0.01021242 0.7414463 0.6709344 -0.01021943 0.7542531 0.6563898 0.01595952 0.7933121 0.6086096 -0.01581829 0.8053052 0.5928275 -0.006247581 0.7932258 0.6088955 -0.006251366 0.8048068 0.5933335 0.01553515 0.8394917 0.5431478 -0.01562607 0.8502985 0.5262984 -0.001613121 0.8393362 0.5436103 -0.001620561 0.8495888 0.527225 0.01525726 0.8799853 0.4747509 -0.01540959 0.889265 0.4573804 0.003314622 0.879601 0.4757006 0.003305892 0.8887641 0.4580974 0.01565688 0.9151307 0.4028502 -0.01573597 0.9229031 0.3849547 0.007721651 0.9145238 0.4044586 0.007714428 0.9225783 0.3854757 0.01605324 0.9446372 0.3277238 -0.01605497 0.9509036 0.3092597 0.01185862 0.9441356 0.3293441 0.01185256 0.9508323 0.3092754 0.01632736 0.9681642 0.2497938 -0.01616212 0.9728405 0.2309383 0.01577587 0.9691828 0.2458376 0.01576891 0.9728614 0.2308117 0.01633145 0.985334 0.169836 -0.01651264 0.9884666 0.1505316 0.01655755 0.995852 0.09056937 0.008716881 0.9886297 0.1501154 0.008759483 0.9959537 0.08834559 -0.0164691 0.9974844 0.0689785 0.01633511 0.9999681 0.007831028 -0.001557786 0.9976975 0.0678038 -0.001519099 0.9998413 0.006780766 -0.0164702 0.9997827 -0.01281876 0.01643928 0.9971769 -0.07416175 -0.01175637 0.9998319 -0.01409768 -0.01172883 0.9970784 -0.07466527 -0.01611885 0.9954495 -0.09393197 0.0160292 0.9878802 -0.154395 -0.01596018 0.9843965 -0.1754524 -0.01341342 0.9878514 -0.1548212 -0.01341901 0.9846408 -0.1738908 0.01563905 0.9723554 -0.232973 -0.01576811 0.9674175 -0.253033 -0.0088058 0.9724869 -0.2327907 -0.008809827 0.9676418 -0.2518533 0.0154654 0.9507741 -0.3094882 -0.01567791 0.9443699 -0.3288637 -0.003761973 0.9510644 -0.3089698 -0.003771276 0.9445505 -0.3279756 0.01601634 0.9229201 -0.3846627 -0.01590573 0.9150808 -0.4032701 0.0005937445 0.9232597 -0.3841758 0.0005857514 0.9151333 -0.4028259 0.01619798 0.8887514 -0.4580964 -0.01638977 0.879284 -0.4762743 0.004722707 0.8892028 -0.457489 0.004719361 0.8794883 -0.4756341 0.01651136 0.8484402 -0.5290294 -0.0166509 0.8375691 -0.5462669 0.008393299 0.8489589 -0.5283923 0.00838388 0.8376886 -0.5458958 0.01659591 0.8022843 -0.5967048 -0.01682925 0.7900748 -0.6128938 0.01195577 0.8032678 -0.5954981 0.01195035 0.7900108 -0.6128618 0.01683451 0.7506903 -0.6604467 -0.01655714 0.7372935 -0.6753889 0.01575208 0.7502808 -0.6609318 0.01574644 0.7373995 -0.6752484 0.01677795 0.6942856 -0.7195076 -0.01662339 0.6796799 -0.7333174 0.01676198 0.6336519 -0.7735634 0.009221478 0.6795932 -0.7335309 0.009251746 0.6335537 -0.7735251 -0.01639385 0.6180435 -0.7859755 0.01627979 0.5701743 -0.8215204 -0.002321683 0.6175079 -0.7865614 -0.002292801 0.5693392 -0.8219461 -0.01604808 0.5529633 -0.8330526 0.01597076 0.5020489 -0.8647068 -0.01513822 0.5539829 -0.8323909 -0.01511093 0.5021182 -0.8646542 -0.01582542 0.4849696 -0.8743906 0.01566967 0.4319723 -0.901744 -0.01605297 0.411382 -0.9113977 -0.0109112 0.43192 -0.9018458 -0.0109182 0.4137902 -0.9102262 0.01630827 0.3578533 -0.933634 -0.01638577 0.3379999 -0.9411202 -0.006990715 0.3584042 -0.9335402 -0.006997653 0.3390122 -0.9406345 0.01665365 0.2808544 -0.9596051 -0.01669485 0.2602569 -0.9655349 -0.002945123 0.2815199 -0.9595509 -0.002953678 0.2614064 -0.9650818 0.01684823 0.2015666 -0.9793286 -0.01692649 0.1809438 -0.9834933 0.0005055844 0.2027091 -0.9792388 0.0004945895 0.1816561 -0.9832166 0.01691363 -0.9996805 0.02347544 -0.009371546 -0.9991899 0.03799934 0.01325169 -0.9944373 0.1045342 -0.01292146 -0.9927676 0.1198883 -0.006274738 -0.9945114 0.1044394 -0.006276585 -0.9928313 0.1188147 0.01299903 -0.982806 0.1841975 -0.01278553 -0.9799831 0.199056 -0.003139897 -0.9829591 0.1837975 -0.003143236 -0.9800978 0.1981079 0.01270627 -0.9650635 0.2617156 -0.01254501 -0.9611342 0.2760811 0.0004832401 -0.9652503 0.2613266 0.0004790848 -0.9612221 0.2754861 0.01263435 -0.9411355 0.3377866 -0.01281895 -0.9360842 0.3517531 0.004022971 -0.9414867 0.3370263 0.004020009 -0.9362679 0.351049 0.01292908 -0.9109459 0.4123138 -0.01322265 -0.904749 0.4258837 0.007244749 -0.911305 0.4116683 0.007239806 -0.9049248 0.4253674 0.01318143 -0.8744364 0.4849513 -0.01353515 -0.8671535 0.4979378 0.01014907 -0.8749337 0.4841366 0.01014736 -0.8671804 0.4978119 0.01346511 -0.8319008 0.5547608 -0.01347745 -0.8236215 0.5669897 0.01305562 -0.8308656 0.5563199 0.01305425 -0.8238557 0.5666373 0.013564 -0.7836685 0.6210263 -0.01378699 -0.7743318 0.6326314 0.01370062 -0.7303984 0.683 0.005406204 -0.7743317 0.6327565 0.005428156 -0.7302502 0.6830436 -0.01363603 -0.7200581 0.6937811 0.01356913 -0.6723143 0.7402429 -0.005819658 -0.7191849 0.6947947 -0.005789433 -0.672093 0.7403435 -0.01350506 -0.6610613 0.750211 0.01346472 -0.6097878 0.7924529 -0.01331666 -0.5999383 0.7999486 -0.01249719 -0.6100426 0.7922701 -0.01250114 -0.5981763 0.801257 0.01313227 -0.5447869 0.8384752 -0.01290269 -0.5319038 0.8467599 -0.008715499 -0.5447923 0.8385257 -0.008718926 -0.5323231 0.8464444 0.01280682 -0.4764872 0.879088 -0.01280931 -0.4625742 0.886568 -0.004720703 -0.4764146 0.8792081 -0.004722954 -0.4633564 0.8860787 0.01286476 -0.404678 0.9143625 -0.01330241 -0.3905371 0.9205858 -0.001640077 -0.405197 0.914228 -0.001645702 -0.3910198 0.9202875 0.01320495 -0.329455 0.9440725 -0.01366547 -0.314725 0.9491816 0.001544641 -0.3304345 0.9438276 0.001539344 -0.3152732 0.9489022 0.01369003 -0.2514522 0.9677728 -0.01369333 -0.2364748 0.971627 0.004549477 -0.2527843 0.967512 0.004543733 -0.2368303 0.9714503 0.01399031 -0.1715426 0.9850821 -0.01364998 -0.1565131 0.987649 0.007290508 -0.1727535 0.9849381 0.007286777 -0.1565488 0.987573 0.01385676 -0.09032825 0.9958149 -0.01390971 -0.07497165 0.9971336 0.01018571 -0.09136081 0.9957657 0.01018462 -0.07539626 0.9970576 0.01384283 -0.008677615 0.9998648 -0.01397436 0.006721043 0.9998917 0.01308775 -0.008090733 0.9998816 0.01308473 0.006260583 0.9998846 0.01384369 0.07277783 0.9972523 -0.01382794 0.08801399 0.9960247 0.01372161 0.1511456 0.9884978 0.005212781 0.08800885 0.9961058 0.005252902 0.1529486 0.9881442 -0.01333212 0.1678498 0.98572 0.01350621 0.231877 0.9727082 -0.008476179 0.1693627 0.9855176 -0.008446952 0.2313101 0.9727895 -0.01327922 0.2459203 0.9692027 0.01301138 0.3077222 0.9513839 -0.01325409 0.3229687 0.9463493 -0.0106858 0.3077976 0.9513918 -0.01068662 0.3222589 0.9465578 0.01332421 0.3830011 0.9236479 -0.0135979 0.3983438 0.9172081 -0.007181108 0.3828327 0.9237898 -0.007182402 0.3970513 0.917695 0.01364113 0.4564966 0.8896155 -0.01396549 0.4711941 0.8820196 -0.00418163 0.4562061 0.8898643 -0.004188854 0.4703453 0.8823702 0.01407923 0.5274172 0.8494935 -0.01384885 0.5413131 0.8408205 -0.001032615 0.5271237 0.8497878 -0.001035829 0.5405937 0.8411639 0.0142083 0.595276 0.8033969 -0.01414048 0.6083909 0.7936358 0.001643 0.5948327 0.803848 0.001639079 0.6077235 0.7940223 0.01416515 0.6590464 0.7519678 -0.01421972 0.6713102 0.7411625 0.004545314 0.6587084 0.7523847 0.004538541 0.6706449 0.7416453 0.01406159 0.7182625 0.6956258 -0.01427859 0.7294694 0.6839742 0.007329361 0.7175201 0.6964993 0.007325171 0.7291067 0.684253 0.01419167 0.7724134 0.6349703 -0.01379032 0.7822915 0.6228272 0.01031192 0.7719461 0.6356045 0.01030691 0.7822452 0.6228191 0.01373927 0.8209252 0.5708714 -0.01370226 0.8296992 0.5580458 0.01357324 0.8693511 0.4940262 0.01291137 0.8296945 0.5580674 0.01294817 0.8637709 0.5037044 -0.01347971 0.8714901 0.4902302 0.01339798 0.9012065 0.4333844 -0.002190122 0.8720481 0.4894156 -0.002160308 0.9010845 0.4334268 -0.01370822 0.9077642 0.4192542 0.01378457 0.9328721 0.3599449 -0.01376252 0.9373752 0.3480626 -0.01341868 0.9330587 0.359474 -0.01342044 0.9385812 0.3447744 0.01399525 0.9590359 0.2829301 -0.01416657 0.9640554 0.2655056 -0.01019345 0.9591141 0.2828358 -0.01019596 0.963462 0.2674576 0.01440286 0.9789704 0.2035002 -0.01430778 0.9824085 0.186597 -0.007427439 0.9790125 0.2036647 -0.007432899 0.9821079 0.1877697 0.01436877 0.9923448 0.1226402 -0.01453487 0.9944212 0.1053831 -0.004570039 0.9924057 0.1229228 -0.004578114 0.9941958 0.1066112 0.01444709 0.9990553 0.04097406 -0.01447469 0.99971 0.02401596 -0.00176677 0.9991275 0.04172499 -0.001772664 0.9995837 0.02491114 0.01455488 0.9990658 -0.04079194 -0.01426915 0.998354 -0.05733947 0.001192403 0.9992052 -0.0398455 0.001186566 0.99829 -0.05669563 0.01423357 0.9924865 -0.1215261 -0.01420886 0.9904546 -0.1377707 0.004363706 0.9927502 -0.1201163 0.004359778 0.9904388 -0.1372364 0.01404537 0.9795675 -0.2006379 -0.01385508 0.9762715 -0.2164007 0.008050565 0.9798502 -0.1995714 0.008045653 0.9762319 -0.2162983 0.01365414 0.9605346 -0.2778272 -0.01361923 0.955997 -0.2931212 0.01223001 0.9610171 -0.2762184 0.01222942 0.9559926 -0.2930676 0.01376159 0.9353297 -0.3534997 -0.01400842 0.9295076 -0.3685305 0.01417628 0.9044338 -0.4265661 0.00639189 0.9295192 -0.3687175 0.006419488 0.9037927 -0.4277319 -0.01428786 0.8967778 -0.4422517 0.01424367 0.8665078 -0.4991319 -0.005621542 0.8953855 -0.4452569 -0.005588547 0.8659999 -0.4998378 -0.01436929 0.8577499 -0.5138587 0.01463898 0.8221631 -0.5690596 -0.01479763 0.8123105 -0.5830498 -0.01430279 0.8222998 -0.5688747 -0.01430357 0.8127567 -0.5824159 0.01477312 0.7727262 -0.6345666 -0.01481525 0.761464 -0.6481073 -0.01137614 0.7730395 -0.634256 -0.01137776 0.7622798 -0.6470798 0.01473846 0.7185604 -0.6953114 -0.01459144 0.7059805 -0.708186 -0.008008714 0.7185956 -0.6953821 -0.008012609 0.7068777 -0.7071848 0.0146139 0.6594581 -0.7515991 -0.01461456 0.6463162 -0.7630528 -0.00508055 0.6598931 -0.7513423 -0.005089763 0.6469632 -0.7623841 0.01446395 0.5964203 -0.8025429 -0.01441305 0.5826593 -0.8127149 -0.001635204 0.5971674 -0.802115 -0.001639784 0.5832362 -0.8121784 0.01420733 0.5306668 -0.8474668 -0.01388553 0.5163568 -0.8563699 0.002511126 0.5312319 -0.8472228 0.002504215 0.5168095 -0.8559885 0.01384061 0.4616037 -0.8869746 -0.01406911 0.4467483 -0.8946357 0.006550422 0.4626125 -0.8865364 0.006541664 0.4469776 -0.8944342 0.01408577 0.3891681 -0.9210542 -0.01440599 0.3735848 -0.9275343 0.01069686 0.3898397 -0.9208207 0.01069348 0.3738429 -0.9273786 0.01450891 0.3134049 -0.9495063 -0.01467165 0.2974886 -0.9546215 0.01408381 0.3151492 -0.9489377 0.01407965 0.29771 -0.9545429 0.0147103 0.2349769 -0.9718841 -0.01506781 0.2184806 -0.9757268 0.01494341 0.1573079 -0.9875286 0.006447942 0.2188548 -0.9757358 0.006482421 0.1546096 -0.9878613 -0.01502887 0.13782 -0.9903421 0.01510309 0.07397348 -0.9972518 -0.004075644 0.1378329 -0.9904473 -0.004035264 0.07322123 -0.9972029 -0.01500342 0.05632372 -0.9982999 0.01499581 -0.008221314 -0.999859 -0.01464494 0.06578444 -0.9977269 -0.01461371 -0.008590252 -0.9998527 -0.0148631 -0.02544664 -0.9995664 0.01481444 -0.08939833 -0.9958878 -0.01467961 -0.1070566 -0.9941857 -0.01155986 -0.08955062 -0.9959152 -0.01156269 -0.1064673 -0.9942091 0.01459337 -0.1695865 -0.9854078 -0.01455946 -0.1870916 -0.9823108 -0.00789278 -0.1693025 -0.9855325 -0.007897102 -0.1860468 -0.9824394 0.01412055 -0.247376 -0.968813 -0.01436835 -0.2644722 -0.9643861 -0.003733194 -0.2468806 -0.9690387 -0.003740151 -0.2637002 -0.9645008 0.01415642 -0.3236336 -0.9460742 -0.01431711 -0.3402762 -0.9403253 0.0007503891 -0.3232109 -0.9463266 0.000743906 -0.3396658 -0.9404342 0.01451943 -0.3985138 -0.9170453 -0.0146574 -0.4145504 -0.9100155 0.004445167 -0.3976944 -0.9175072 0.004438217 -0.4142554 -0.9100379 0.0149462 -0.4715648 -0.8817064 -0.01484835 -0.4869255 -0.8734072 0.007966934 -0.4709876 -0.8821038 0.007961014 -0.4869948 -0.8732744 0.01509419 -0.5419953 -0.8402467 -0.01505567 -0.5566573 -0.8306643 0.01137531 -0.5406069 -0.8411984 0.01137062 -0.5563685 -0.830792 0.01545431 -0.6090108 -0.7930175 -0.01513762 -0.6227 -0.7823271 0.01445758 -0.6070942 -0.7944984 0.01445524 -0.622573 -0.7824101 0.01540648 -0.6367706 0.7710512 0.001826703 -0.6276873 0.7783925 0.01066957 -0.5723276 0.8199527 -0.0108947 -0.5628207 0.8265688 0.004115292 -0.5730109 0.8195375 0.004112465 -0.5629526 0.8264217 0.010556 -0.5052418 0.8629135 -0.01053863 -0.495405 0.8686339 0.007000623 -0.5062813 0.86234 0.007000752 -0.4954814 0.8685549 0.01051416 -0.435007 0.9003641 -0.0106572 -0.4247384 0.9052603 0.01005063 -0.4370919 0.8993608 0.01004714 -0.4248596 0.905194 0.01085888 -0.3613107 0.9323819 -0.01089973 -0.3505752 0.9364687 0.01111623 -0.2850556 0.9585094 0.001775959 -0.3500688 0.9367222 0.001805404 -0.2845337 0.958602 -0.01108848 -0.2733 0.9618596 0.01153721 -0.2050204 0.9787042 -0.01023033 -0.2882065 0.9575137 -0.01021422 -0.2052677 0.9786404 -0.01132855 -0.1937761 0.9809787 0.01147426 -0.1240461 0.9922109 -0.01140526 -0.1114788 0.9937219 -0.009446321 -0.1245468 0.9921687 -0.009447074 -0.1128168 0.9935508 0.0113658 -0.04310575 0.999006 -0.01136123 -0.03036684 0.9995126 -0.007240479 -0.04295675 0.9990506 -0.007244518 -0.03101001 0.9994538 0.01142947 0.03877662 0.9991844 -0.0112678 0.0515612 0.9986579 -0.004876021 0.03863664 0.9992414 -0.00487887 0.0505821 0.9986559 0.01130448 0.1195132 0.9927704 -0.01111131 0.1318462 0.991267 -0.002516766 0.1192974 0.9928553 -0.002520799 0.1312653 0.9912851 0.01109927 0.1988516 0.9799682 -0.01096778 0.2107835 0.9775327 8.234131e-05 0.1982423 0.9801531 7.74422e-05 0.2101147 0.9776172 0.01079401 0.2761497 0.9610527 -0.01091504 0.2877481 0.9577013 0.003030273 0.2750883 0.9614142 0.00303126 0.2872661 0.9577875 0.01101547 0.3518636 0.9359867 -0.01099601 0.3630277 0.9317594 0.005946115 0.3509529 0.9363742 0.005943052 0.3630679 0.931695 0.0112338 0.4260392 0.9046353 -0.01121295 0.4368894 0.8994728 0.008732879 0.4254318 0.9049483 0.008730899 0.4370704 0.8993542 0.01146755 0.4981949 0.8669892 -0.01146942 0.5085687 0.8609496 0.01111904 0.4992102 0.8664095 0.01111828 0.5091244 0.8606158 0.01152358 0.5674199 0.8233471 -0.01158902 0.5773223 0.816432 0.0117403 0.6323233 0.7746999 0.002680077 0.5777737 0.8161925 0.002702744 0.6329651 0.7740915 -0.01172553 0.6423242 0.7663434 0.01172877 0.6941486 0.7197792 -0.008701473 0.6439151 0.7650477 -0.008680253 0.6941455 0.7197391 -0.0117306 0.7028915 0.7112001 0.01174931 0.7503507 0.6609401 -0.01149788 0.7582461 0.6518925 -0.009955123 0.7504526 0.6608493 -0.009956759 0.7584535 0.651627 0.01142828 0.8012867 0.5981702 -0.01150368 0.809484 0.5870989 -0.007106964 0.8012379 0.5983036 -0.007108376 0.8085562 0.5883047 0.011599 0.8467051 0.5319485 -0.01101673 0.853335 0.5213451 -0.004323523 0.8464434 0.5324611 -0.004327518 0.852978 0.5218264 0.01121278 0.8862614 0.4630533 -0.0110651 0.8920603 0.4519146 -0.001224271 0.8859066 0.4638619 -0.001227595 0.891679 0.4525256 0.0113694 0.9203883 0.3908378 -0.0114557 0.9253978 0.3789929 0.001774633 0.92021 0.3914211 0.001770369 0.925092 0.3795648 0.01163603 0.94897 0.315148 -0.01173285 0.9529622 0.3030601 0.004204591 0.9486786 0.316214 0.004199868 0.9527789 0.3034316 0.01189349 0.9714881 0.2367897 -0.01189422 0.9744851 0.2243499 0.006777919 0.9713081 0.2377283 0.006775112 0.9743826 0.2245715 0.0120832 0.9876079 0.1564856 -0.01195093 0.9895436 0.1439494 0.009059564 0.9874108 0.1579171 0.00905677 0.9894984 0.1440294 0.01217712 0.9971037 0.07511394 -0.01192198 0.9979801 0.06247166 0.01153677 0.9968315 0.07870165 0.01153304 0.9979332 0.06305996 0.01236206 0.9999067 -0.006677892 -0.01191526 0.9997423 -0.01925776 0.01201773 0.9961718 -0.08733939 0.003679673 0.9997904 -0.02013078 0.003706228 0.9960651 -0.0878386 -0.01177612 0.9948958 -0.1002327 0.01165708 0.9859045 -0.1670586 -0.009150499 0.9941018 -0.1080673 -0.009120454 0.9857554 -0.1677955 -0.01144318 0.9835975 -0.180006 0.01156402 0.969285 -0.2456735 -0.01145615 0.9658279 -0.259028 -0.008993758 0.9693453 -0.2455377 -0.008998323 0.9661264 -0.2578105 0.01154802 0.9466041 -0.3221926 -0.01151937 0.942291 -0.3347425 -0.005926189 0.9467929 -0.3217888 -0.005928917 0.9425214 -0.3339413 0.01168454 0.9178061 -0.3968518 -0.01185971 0.9124568 -0.409161 -0.003152852 0.9180421 -0.3964705 -0.003154344 0.9126407 -0.4085848 0.01205741 0.882538 -0.4700856 -0.01209201 0.8762643 -0.4818302 -0.0006845815 0.8829035 -0.469554 -0.0006897683 0.8764008 -0.4814292 0.01214873 0.8413516 -0.540349 -0.01226591 0.8339697 -0.5518064 0.002057601 0.8415347 -0.540199 0.002053552 0.8342099 -0.5513115 0.01223428 0.7942954 -0.6074044 -0.01243623 0.7860624 -0.6181322 0.004300178 0.7946296 -0.6070793 0.004298401 0.7861989 -0.6178504 0.01233798 0.7418452 -0.6704567 -0.01238913 0.7328653 -0.6803414 0.006634989 0.7421484 -0.6702027 0.006634772 0.7329434 -0.6801802 0.01220157 0.6846759 -0.7287417 -0.0124283 0.6748689 -0.7378793 0.009274787 0.6851283 -0.7283634 0.009269996 0.6752256 -0.7375086 0.01230713 0.6232184 -0.7819524 -0.01221825 0.6130039 -0.7899953 0.01156322 0.629605 -0.7768294 0.01155909 0.6132181 -0.7898208 0.01211565 0.5584934 -0.8294232 -0.01193065 0.5477612 -0.8365533 0.011676 0.4915178 -0.870867 -0.0009465018 0.5472755 -0.8369519 -0.0009242708 0.4908415 -0.8711696 -0.01175901 0.4794621 -0.8774827 0.01184169 0.4199422 -0.9074733 -0.01186841 0.4096006 -0.9121976 -0.01108797 0.4199015 -0.9075019 -0.01109149 0.4078974 -0.9129473 0.0121198 0.3457029 -0.9382655 -0.01213555 0.3325697 -0.9430428 -0.008223819 0.3455434 -0.9383667 -0.008228743 0.3329309 -0.9428697 0.01239919 0.2682523 -0.9632692 -0.01237382 0.2547489 -0.9669902 -0.005736308 0.2682832 -0.963323 -0.005740045 0.2551212 -0.9668282 0.01250818 0.1885884 -0.981975 -0.0126284 0.1745002 -0.9846519 -0.003213366 0.1888653 -0.9819977 -0.003216294 0.1753469 -0.9844261 0.01259096 0.1074432 -0.9941288 -0.01281066 0.09338769 -0.9956293 -0.001008823 0.1080761 -0.9941422 -0.001013109 0.09397703 -0.9954936 0.01268187 0.02566316 -0.9995899 -0.01271353 0.01141956 -0.9999333 0.00175332 0.02638847 -0.9996503 0.001746975 0.01241845 -0.9998429 0.01264702 -0.05581248 -0.9983613 -0.01263029 -0.06968574 -0.9975604 0.004132791 -0.05495726 -0.9984802 0.004127934 -0.06921973 -0.9975235 0.01246728 -0.1364131 -0.9905737 -0.01245537 -0.1499864 -0.9886638 0.006935224 -0.1355143 -0.9907511 0.006932534 -0.1494631 -0.9886926 0.01215737 -0.2150747 -0.9765202 -0.01229317 -0.2282904 -0.9735413 0.01004377 -0.2135567 -0.9768791 0.01004183 -0.2280085 -0.9735844 0.01207237 -0.2920328 -0.9563332 -0.01198712 -0.3048358 -0.9523259 0.01226886 -0.3679602 -0.9298232 0.005840944 -0.3046022 -0.9524615 0.005870169 -0.3674177 -0.9299716 -0.01253432 -0.3800667 -0.9248747 0.01249663 -0.4413195 -0.8973186 -0.007510637 -0.3807036 -0.9246668 -0.007479142 -0.4414068 -0.8972169 -0.01272105 -0.4536464 -0.8910915 0.01268638 -0.5126535 -0.8585006 -0.01277687 -0.5263492 -0.8501958 -0.01111846 -0.5128879 -0.8583836 -0.01112055 -0.5247276 -0.8511695 0.01309781 -0.5817275 -0.8132809 -0.01294104 -0.5937832 -0.8045766 -0.00883006 -0.5812095 -0.8137061 -0.008832158 -0.5925874 -0.8054006 0.01303698 -0.6462691 -0.7629973 -0.01308881 -0.6574432 -0.7534758 -0.006522789 -0.6459071 -0.7633881 -0.006525808 -0.6566591 -0.7540787 0.01281666 -0.7063361 -0.7077543 -0.01315781 -0.7170401 -0.697022 -0.003722437 -0.7059886 -0.7082133 -0.003729323 -0.7160498 -0.6979283 0.01299342 -0.7615891 -0.6479336 -0.01281318 -0.7709632 -0.6368788 -0.001073688 -0.7613052 -0.6483928 -0.001079273 -0.770473 -0.6373484 0.01258881 -0.8112394 -0.5845758 -0.01272269 -0.8196757 -0.5728242 0.002000333 -0.8108709 -0.5852216 0.001996962 -0.8192741 -0.5732641 0.01257646 -0.8553342 -0.5179308 -0.01228688 -0.8626101 -0.5058405 0.005396736 -0.8549219 -0.5187287 0.005389404 -0.8623203 -0.5062141 0.01228843 -0.8937582 -0.4483764 -0.01244939 -0.8999912 -0.4358171 0.008908501 -0.8933852 -0.4492031 0.008907891 -0.8999767 -0.4357573 0.01254649 -0.9268103 -0.3753158 -0.01268104 -0.9319674 -0.3623371 0.01218394 -0.9275237 -0.3735656 0.01218404 -0.9321477 -0.3618554 0.01269895 -0.9541302 -0.2991098 -0.012997 -0.9582901 -0.2854874 0.01331017 -0.975477 -0.2200669 0.003877636 -0.9586355 -0.28461 0.003890774 -0.9753773 -0.2201567 -0.01304001 -0.9784121 -0.2062252 0.01344979 -0.9902005 -0.1394643 -0.007264347 -0.9786687 -0.2053176 -0.007232462 -0.9901224 -0.1395776 -0.01325208 -0.9920122 -0.1254403 0.01328449 -0.9982235 -0.05806337 -0.01334937 -0.9989423 -0.04429831 -0.01232508 -0.9982384 -0.05803437 -0.01232715 -0.998961 -0.04363596 0.01314964 -0.9996378 0.02342838 -0.01323463 -0.9991882 0.03918197 -0.009366932 0.1741473 0.9846848 0.00828238 0.173576 0.9847857 0.008282538 0.2439259 0.9697592 -0.008200462 0.2520345 0.9676833 0.00823261 0.3207839 0.9471158 -0.008318176 0.3288304 0.9443527 -0.008278114 0.3202278 0.9473044 -0.008277693 0.3282729 0.9445443 0.00854915 0.3954672 0.9184419 -0.008383992 0.4036382 0.9148963 -0.006386519 0.3951541 0.9185926 -0.006386659 0.4030161 0.9151524 0.008607754 0.4683935 0.8834772 -0.008699108 0.4764903 0.8791665 -0.004801848 0.4682027 0.883608 -0.004803153 0.4759629 0.8794216 0.008762301 0.5388008 0.8423871 -0.008812266 0.5466 0.8373879 -0.003143642 0.5386837 0.8425022 -0.003145257 0.5461292 0.8376548 0.008800573 0.6060402 0.7953829 -0.00902223 0.6134204 0.7897547 -0.001678868 0.6057982 0.7956166 -0.001679439 0.6129469 0.7900752 0.008791497 0.6691056 0.743112 -0.009072759 0.6761498 0.7367641 0.000132067 0.6689247 0.7433301 0.0001306557 0.6755049 0.7373031 0.008784949 0.7275645 0.6859789 -0.009103947 0.7338661 0.6792924 0.001523445 0.7269378 0.6867017 0.001522562 0.7334996 0.6796303 0.008995953 0.7808201 0.6246953 -0.008699914 0.78643 0.6176694 0.003510551 0.7803737 0.6253036 0.003507718 0.7860983 0.6180397 0.008735207 0.8284699 0.5599653 -0.008731035 0.833446 0.5525749 0.005363391 0.8277788 0.5610291 0.005362701 0.8332499 0.5528285 0.008674681 0.8702978 0.4924543 -0.008391308 0.8745747 0.4848298 0.007682269 0.8704742 0.4921542 0.007679987 0.8747959 0.484417 0.008512961 0.9067325 0.4216177 -0.008638687 0.9104531 0.4135142 0.009010078 0.9381153 0.346323 0.000318508 0.9103082 0.413931 0.0003394863 0.9377106 0.3473006 -0.00899842 0.9408084 0.3388165 0.0091092 0.9628721 0.2698057 -0.009065735 0.9650741 0.2618364 -0.008581862 0.9628444 0.2699198 -0.008584118 0.9652607 0.2611257 0.009219557 0.9817359 0.1900223 -0.009284606 0.9836116 0.1801673 -0.00693538 0.9816786 0.1904178 -0.006934178 0.98337 0.181381 0.009182648 0.993947 0.1094609 -0.009358097 0.995016 0.09957346 -0.005325207 0.99398 0.1094322 -0.005327445 0.9949315 0.1001283 0.009253145 0.9995756 0.02759619 -0.009335243 0.999833 0.01788895 -0.003717124 0.999604 0.02789318 -0.003720182 0.9997889 0.01831663 0.009315485 0.9984979 -0.05400968 -0.00920781 0.9979616 -0.06379343 -0.001754144 0.9985657 -0.05351231 -0.001755206 0.9979718 -0.06299016 0.009188695 0.9908665 -0.1345328 -0.009187718 0.9895421 -0.144244 0.0002214426 0.9909757 -0.1340415 0.0002197299 0.9895937 -0.1435971 0.009179384 0.9769379 -0.2133413 -0.008819376 0.9749414 -0.2224507 0.002225051 0.9770495 -0.2130005 0.002224043 0.9749132 -0.2224113 0.008801532 0.9569095 -0.2902517 -0.008842818 0.954161 -0.2992561 0.004753394 0.9571486 -0.2895586 0.004751662 0.9542056 -0.2990142 0.009072606 0.9306325 -0.3658432 -0.009045224 0.9272342 -0.374421 0.006745234 0.9313552 -0.3640494 0.006744655 0.9271814 -0.3744981 0.009256873 0.8980668 -0.4397603 -0.009312926 0.8938708 -0.448231 0.009170085 0.8990417 -0.437767 0.009169584 0.8940814 -0.4478024 0.009559877 0.8592682 -0.5114368 -0.009514629 0.8544133 -0.5195084 0.00943703 0.8153462 -0.5789737 -0.0003392258 0.8532368 -0.5215236 -0.0003055653 0.8145879 -0.5799634 -0.009431092 0.8090382 -0.5876753 0.009743109 0.7644969 -0.6445567 -0.009549018 0.7597353 -0.6501659 -0.009299386 0.7643549 -0.6447287 -0.009300869 0.758144 -0.6520163 0.009608543 0.7092137 -0.7049273 -0.009678704 0.7014149 -0.7127141 -0.007456957 0.709168 -0.7050002 -0.007457139 0.7022898 -0.7118258 0.009643085 0.6496036 -0.7602139 -0.009477034 0.6417089 -0.7669284 -0.005526677 0.6494812 -0.7603575 -0.005528568 0.6421139 -0.7665526 0.009316144 0.5860757 -0.8101993 -0.009607664 0.5777052 -0.8162374 -0.003632129 0.5862464 -0.8101246 -0.003632571 0.578168 -0.8158653 0.009254527 0.519539 -0.854396 -0.009313721 0.5107744 -0.8597141 -0.001070642 0.5199093 -0.8542208 -0.001073487 0.5114794 -0.8592473 0.00909911 0.4500265 -0.8929655 -0.009425387 0.4409178 -0.8975465 0.00139928 0.4503407 -0.8928558 0.001396547 0.4414747 -0.8972262 0.009232576 0.3771322 -0.9261085 -0.009714075 0.3676381 -0.9299616 0.003700222 0.3774631 -0.9260172 0.003697869 0.3678862 -0.9298205 0.009674784 0.300828 -0.953629 -0.009702588 0.2911449 -0.956661 0.005873214 0.3012857 -0.9535158 0.005871245 0.2915162 -0.956515 0.009854959 0.222013 -0.9749928 -0.00996745 0.2120967 -0.9772177 0.007774672 0.2222785 -0.9749523 0.007773324 0.2125502 -0.9770999 0.009910696 0.1414477 -0.9898937 -0.01014702 0.1314669 -0.9912753 0.009472946 0.1465772 -0.9891539 0.009473716 0.1316241 -0.9912475 0.01018111 0.05984786 -0.9981582 -0.00991674 0.04994523 -0.9987028 0.009907791 -0.0225163 -0.9997458 0.001162725 0.04957621 -0.9987697 0.001189741 -0.0216763 -0.9997124 -0.01025901 -0.03187804 -0.9994417 0.009997766 -0.1031612 -0.9946152 -0.009916717 -0.1214821 -0.992547 -0.009617151 -0.1027453 -0.9946612 -0.009619086 -0.1127074 -0.9935793 0.009852045 -0.1823729 -0.9831818 -0.009687171 -0.1932609 -0.9811201 -0.007316246 -0.1825325 -0.9831726 -0.007318506 -0.1923003 -0.9812909 0.009419455 -0.2597706 -0.9656225 -0.009616129 -0.2707954 -0.962626 -0.004588073 -0.2598257 -0.9656446 -0.00459092 -0.2696892 -0.9628974 0.00980793 -0.3360085 -0.9418116 -0.009449682 -0.3456376 -0.9383651 -0.00240205 -0.3356817 -0.9419724 -0.002404671 -0.3456317 -0.9383177 0.009938008 -0.4108623 -0.9116437 -0.009890084 -0.4205048 -0.9072903 -0.0001772051 -0.4102118 -0.9119903 -0.0001781231 -0.4200473 -0.9074457 0.0101302 -0.4834965 -0.8752876 -0.01013583 -0.4927263 -0.8701826 0.001767116 -0.4826809 -0.8757945 0.001763017 -0.4922721 -0.8703825 0.01012587 -0.5532013 -0.8329822 -0.01043484 -0.5623019 -0.8269221 0.004063535 -0.552842 -0.8332762 0.004062461 -0.5617344 -0.8272536 0.01029158 -0.6195495 -0.7848879 -0.01046186 -0.6279659 -0.7782192 0.005826248 -0.6189867 -0.7853799 0.005825094 -0.6276506 -0.7784266 0.0103357 -0.6818021 -0.7314614 -0.01049089 -0.68958 -0.7241682 0.007732191 -0.680572 -0.7326405 0.007729261 -0.6894625 -0.7242445 0.01054628 -0.7391633 -0.6734505 -0.01010171 -0.7461043 -0.6657587 0.009684211 -0.7360856 -0.6768191 0.009683098 -0.7463869 -0.6654311 0.01038628 -0.7912048 -0.6114705 -0.00994295 -0.7974646 -0.6032819 0.01005618 -0.8370941 -0.5470588 -0.0004904848 -0.798306 -0.6022518 -0.0004677574 -0.837662 -0.5461 -0.009849842 -0.8432525 -0.5374274 0.00984469 -0.8783929 -0.4778369 -0.009886198 -0.8834789 -0.468386 -0.00891521 -0.8783621 -0.4779129 -0.008916171 -0.8833442 -0.4686184 0.009987576 -0.9136769 -0.4063167 -0.01006509 -0.9183632 -0.3956889 -0.006284549 -0.9136 -0.4065654 -0.006287285 -0.9179121 -0.3966448 0.01050672 -0.9435475 -0.3310807 -0.01017651 -0.9472038 -0.3206048 -0.004201165 -0.9434333 -0.3315358 -0.004203516 -0.9469829 -0.3211111 0.01053996 -0.9672785 -0.2535019 -0.01044468 -0.9701498 -0.2424975 -0.002084377 -0.9672629 -0.2537678 -0.002087543 -0.9699731 -0.2429792 0.01063602 -0.9847755 -0.1735035 -0.01066626 -0.9867358 -0.1623345 -0.0002244278 -0.9847748 -0.1738349 -0.0002262909 -0.9866276 -0.1626421 0.01065774 -0.995673 -0.09230743 -0.0107094 -0.9967076 -0.08106046 0.001752025 -0.9956886 -0.09274223 0.001750234 -0.9966357 -0.0812562 0.01071844 -0.9998885 -0.01040313 -0.01070618 -0.9999928 0.0007808571 0.003711244 -0.9999282 -0.01139676 0.003708626 -0.9999431 0.0003455543 0.0106664 -0.997425 0.07092027 -0.01065938 -0.9966127 0.08202682 0.005887878 -0.9975231 0.07009453 0.00588622 -0.9966013 0.08170355 0.01050123 -0.9884424 0.1512298 -0.01054637 -0.9867464 0.1620666 0.008124049 -0.9886462 0.1500422 0.008122823 -0.9867479 0.1619319 0.01033216 -0.973245 0.2295412 -0.01025372 -0.970691 0.2401129 0.01023896 -0.9513913 0.3079135 0.006613452 -0.9707003 0.2402021 0.006632107 -0.9519419 0.3061051 -0.01031271 -0.9485386 0.3164907 0.01039891 -0.9243063 0.3815529 -0.008668969 -0.947825 0.3186739 -0.008648524 -0.9243671 0.3813582 -0.01055444 -0.9201267 0.3914786 0.010553 -0.8904324 0.4549842 -0.01093293 -0.8847272 0.4660259 -0.008814553 -0.8905531 0.4547937 -0.008819547 -0.8853137 0.4648651 0.01096211 -0.8504794 0.5258974 -0.01080408 -0.8443143 0.5358068 -0.006665945 -0.8505419 0.5258651 -0.006666293 -0.844434 0.5355467 0.01100415 -0.8044534 0.5939127 -0.01106492 -0.7973883 0.6034479 -0.004765084 -0.8047822 0.5935512 -0.004766905 -0.7977965 0.6028273 0.01094614 -0.7531321 0.6577733 -0.01124704 -0.7450966 0.6669514 -0.002643034 -0.7536522 0.6572681 -0.002646285 -0.7457023 0.6661843 0.01125209 -0.696812 0.7171711 -0.01090003 -0.6884268 0.7253056 -0.0005450363 -0.697485 0.7165992 -0.0005486435 -0.6888724 0.7247999 0.01094905 -0.6364292 0.7712569 -0.01098727 -0.6272708 0.7787991 0.001829532 -0.3857017 0.9223986 -0.02037068 -0.3602522 0.9323972 0.02921774 -0.3096625 0.9504667 -0.02687587 -0.1904345 0.9808668 -0.04043419 -0.1564924 0.9820448 0.1053476 -0.2306877 0.9724551 -0.03337855 -0.2764006 0.9604641 -0.03333925 -0.2364114 0.9655777 0.1084874 -0.3095011 0.9505193 -0.02687583 -0.01463565 0.9982371 -0.05751969 0.005798754 0.9948639 0.101055 -0.06799946 0.9964745 -0.04913893 -0.1030247 0.9934649 -0.04912605 -0.07544229 0.9918077 0.1030816 -0.1498583 0.9878787 -0.04047202 0.1609174 0.9830308 0.08806858 0.09567241 0.9929234 -0.0703553 0.07346701 0.9948156 -0.07031769 0.08670194 0.9911019 0.1009945 0.01446041 0.9982386 -0.05753927 0.2315125 0.9705081 0.06720106 0.1771846 0.980067 -0.08985785 0.1757299 0.9803282 -0.08986443 -0.5927324 0.8053934 -0.003139297 -0.5925199 0.8055511 -0.002732128 -0.6563264 0.7544727 0.002558154 -0.6561126 0.7546587 0.002558187 -0.6614141 0.7499763 -0.00819048 -0.7157831 0.6982805 0.00768429 -0.7155346 0.698535 0.007684231 -0.7250489 0.6885722 -0.01312916 -0.770383 0.6374615 0.01236066 -0.7704029 0.6374375 0.01236064 -0.7830411 0.6217076 -0.01806697 -0.8200227 0.5720903 0.01660111 -0.8201337 0.571931 0.01660109 -0.834815 0.5500485 -0.02303436 -0.8642967 0.5025423 0.02103763 -0.8641616 0.5027744 0.02103767 -0.8800448 0.4740759 -0.02780367 -0.9023484 0.4302693 0.02521216 -0.9185099 0.394386 0.02826812 -0.929154 0.3600987 -0.08367727 -0.9022464 0.4304832 0.02521219 -0.9735919 0.2265651 0.02805551 -0.9764866 0.2072067 -0.05949049 -0.9593676 0.2806224 0.02940779 -0.9497289 0.3116917 0.02938192 -0.9558868 0.2844353 -0.07332709 -0.9339905 0.3561754 0.02829606 -0.9985944 0.05165441 0.01187431 -0.998457 0.0463997 -0.03050702 -0.9919884 0.1241235 0.02350196 -0.9899313 0.1395836 0.02350001 -0.9907895 0.1276515 -0.04518027 -0.9787439 0.2031576 0.02806119 -0.9990827 -0.03690088 -0.02172639 -0.9992695 -0.03617614 -0.01232318 -0.9989581 0.04406564 0.01187333 -0.9781308 -0.1866448 0.09178119 -0.9782903 -0.1858065 0.09178244 -0.9799525 -0.1235163 -0.1563233 -0.9926205 -0.1195585 0.02025286 -0.9926044 -0.1196921 0.02025285 -0.442096 -0.2349744 0.8656432 -0.4574942 -0.2033233 0.8656551 -0.4571328 -0.2031826 0.865879 -0.4702607 -0.1706116 0.8658791 -0.4702011 -0.1706019 0.8659134 -0.4810264 -0.1371638 0.8659097 -0.4810601 -0.1371596 0.8658918 -0.4874741 -0.1114841 0.865991 -0.4849919 -0.1021419 0.8685331 -0.4910949 -0.0943496 0.8659815 -0.4941141 -0.07700781 0.8659798 -0.4924542 -0.06803819 0.8676749 -0.4964778 -0.05966345 0.8659965 -0.4884703 0.0008305425 0.8725801 -0.498282 -0.04205809 0.8659944 -0.4968737 -0.03339796 0.86718 -0.4994388 -0.02465398 0.8659983 -0.5002195 0.001571965 0.8658972 -0.5002357 0.001611024 0.8658878 -0.4890411 0.07680722 0.8688725 -0.4961201 0.06272604 0.8659852 -0.4988998 0.03666069 0.8658839 -0.4946618 0.04271116 0.8680354 -0.4992935 0.02775697 0.8659882 -0.4409376 0.2361143 0.8659238 -0.4558374 0.2060371 0.8658874 -0.4558652 0.2060559 0.8658683 -0.4691993 0.1735853 0.8658639 -0.469172 0.1735605 0.8658836 -0.4801987 0.1401937 0.8658838 -0.4801911 0.140184 0.8658897 -0.4888413 0.1061652 0.8658887 -0.4888358 0.1061552 0.865893 -0.4950777 0.07161418 0.8658923 -0.2441916 0.4229845 0.8726136 -0.3610247 0.346327 0.8658631 -0.3845782 0.3199677 0.8658638 -0.3844932 0.319868 0.8659384 -0.4060968 0.291935 0.8659441 -0.4061834 0.2920025 0.8658808 -0.4249095 0.2639081 0.8659125 -0.3324116 0.3673486 0.8686527 -0.3419894 0.3648627 0.8659784 -0.3610139 0.346303 0.8658771 -0.3066544 0.3911314 0.8677438 -0.3153054 0.3881088 0.8659989 -0.3288409 0.3767025 0.8660016 -0.2787926 0.4125628 0.8672177 -0.2870456 0.4094448 0.8660022 -0.3014453 0.3989572 0.8660046 -0.218935 0.4498077 0.8658756 -0.2115172 0.4491989 0.8680328 -0.22688 0.4456398 0.8659853 -0.2501263 0.4332241 0.8658832 -0.2501045 0.4332268 0.8658882 -0.2724773 0.4193041 0.8659909 -0.1457447 0.4705882 0.8702329 -0.1618031 0.473185 0.8659768 -0.1866056 0.4641531 0.8658754 -0.1790483 0.4615536 0.8688555 -0.1948252 0.4605706 0.865978 -0.01608719 0.5009332 0.8653364 -0.04975475 0.4987147 0.865337 -0.04981714 0.4978389 0.8658375 -0.08479677 0.4930771 0.8658432 -0.08479921 0.4930659 0.8658494 -0.1193835 0.4858471 0.8658523 -0.1193991 0.485809 0.8658715 -0.1533918 0.4761695 0.8658715 0.2441887 0.4230081 0.8726031 0.1194196 0.4858592 0.8658405 0.08479659 0.4930805 0.8658413 0.08480657 0.4931086 0.8658243 0.04978286 0.4978625 0.865826 0.0499121 0.4987879 0.8652858 0.01608924 0.5009604 0.8653206 0.1519143 0.4715832 0.8686376 0.1449965 0.4786107 0.8659722 0.1193861 0.4858126 0.8658713 0.1854029 0.4611617 0.8677301 0.1784258 0.4671728 0.8659756 0.1618358 0.4731733 0.865977 0.2178978 0.4477429 0.8672064 0.211016 0.4533763 0.8659805 0.1948311 0.46056 0.8659823 0.2800861 0.4144437 0.8659032 0.2832174 0.4078219 0.868026 0.2724906 0.4192957 0.8659908 0.2501359 0.4332075 0.8658887 0.2501023 0.4332523 0.8658761 0.2269003 0.4456427 0.8659785 0.3346584 0.3614742 0.870253 0.3288651 0.3767299 0.8659805 0.3086234 0.3937092 0.865878 0.3101729 0.3857512 0.8689009 0.3013875 0.3989997 0.8660052 0.4248925 0.263934 0.8659129 0.4061941 0.2919869 0.865881 0.406237 0.2920078 0.8658539 0.3846109 0.3199568 0.8658534 0.3845277 0.31993 0.8659002 0.360981 0.3462873 0.8658971 0.361024 0.346293 0.8658769 0.3356716 0.370918 0.8658777 0.4804426 0.1394973 0.865861 0.4693876 0.173076 0.8658637 0.4693796 0.1730746 0.8658684 0.4559859 0.2057574 0.8658757 0.4558443 0.2057001 0.8659639 0.4408455 0.2359249 0.8660223 0.4843376 0.1042241 0.8686509 0.486955 0.1136819 0.8659973 0.4803756 0.139504 0.8658971 0.4920574 0.06999662 0.8677442 0.4937829 0.0790763 0.8659823 0.4906932 0.09639559 0.8659838 0.5002347 0 0.8658898 0.4993665 0.026258 0.8659928 0.4966732 0.0351504 0.8672256 0.4981092 0.04390825 0.8660019 0.4962317 0.06156078 0.8660048 0.4989692 -0.03530817 0.8659002 0.4883899 -0 0.8726255 0.5002347 0 0.8658898 0.4993643 -0.02629696 0.865993 0.4947644 -0.04138244 0.8680412 0.4803414 -0.1090786 0.8702724 0.4906906 -0.09638049 0.865987 0.4952582 -0.07045666 0.8658841 0.4892074 -0.07571974 0.8688744 0.4962333 -0.06158803 0.8660019 0.4415447 -0.2363187 0.8655587 0.4564523 -0.2060475 0.8655609 0.4560609 -0.2057827 0.8658302 0.4694374 -0.1731085 0.8658302 0.4694366 -0.1731079 0.8658308 0.4804655 -0.1395758 0.8658357 0.4803939 -0.1394832 0.8658904 0.4890391 -0.1052287 0.8658912 0.2501107 -0.4332215 0.8658891 0.2188902 -0.4497821 0.8659002 0.2115199 -0.4491769 0.8680435 0.2269062 -0.4456129 0.8659924 0.1457286 -0.4705764 0.8702419 0.1618226 -0.473178 0.8659769 0.1866634 -0.4641316 0.8658745 0.1790525 -0.4615139 0.8688757 0.1948083 -0.4605323 0.8660021 0.01609839 -0.5001088 0.865813 0.04978 -0.4979492 0.8657762 0.04978621 -0.4978621 0.8658261 0.08479495 -0.4931102 0.8658245 0.08482003 -0.4929936 0.8658885 0.1193882 -0.4857847 0.8658866 0.1193756 -0.4858155 0.8658711 0.1533918 -0.4761695 0.8658715 0.4245124 -0.2636979 0.8661713 0.4057964 -0.2916911 0.8661672 0.4061359 -0.2919559 0.8659189 0.3844964 -0.3199039 0.8659238 0.3845231 -0.3199352 0.8659003 0.3609982 -0.3462683 0.8658975 0.3610003 -0.346273 0.8658947 0.3419577 -0.364848 0.865997 0.3324455 -0.3673168 0.8686532 0.3288457 -0.3767465 0.8659807 0.3153411 -0.3881247 0.8659788 0.3066307 -0.3911672 0.867736 0.3014209 -0.3989936 0.8659962 0.2871283 -0.409404 0.865994 0.2787792 -0.4125588 0.8672239 0.2724341 -0.4193314 0.8659912 0.2501137 -0.4332211 0.8658883 0.2441938 -0.4229673 0.8726214 -0.2441968 -0.4229438 0.872632 -0.1193567 -0.4857716 0.8658984 -0.08480196 -0.492983 0.8658963 -0.08483349 -0.4930718 0.8658426 -0.04978349 -0.4978432 0.865837 -0.04979811 -0.4979478 0.8657761 -0.01609605 -0.500109 0.8658129 -0.1519175 -0.4715932 0.8686316 -0.1450139 -0.4786057 0.8659721 -0.1193861 -0.4858126 0.8658713 -0.1854551 -0.461127 0.8677375 -0.1784461 -0.4671654 0.8659754 -0.1618163 -0.4731803 0.8659769 -0.2179116 -0.4477049 0.8672225 -0.2110196 -0.4533461 0.8659953 -0.1948347 -0.4605287 0.8659981 -0.2800572 -0.4144833 0.8658935 -0.2832403 -0.4077518 0.8680515 -0.2724015 -0.419352 0.8659915 -0.2500972 -0.4332313 0.865888 -0.2501194 -0.4332016 0.8658964 -0.2268813 -0.4456123 0.8659991 -0.3346428 -0.3614935 0.8702509 -0.3288599 -0.3766864 0.8660014 -0.3086338 -0.3936561 0.8658984 -0.3101551 -0.3858439 0.8688662 -0.3014257 -0.3989901 0.8659962 -0.4245293 -0.263672 0.8661708 -0.4057547 -0.2917522 0.8661661 -0.4060033 -0.291873 0.8660089 -0.3843368 -0.3198685 0.8660077 -0.384593 -0.319951 0.8658635 -0.3610515 -0.3462976 0.8658637 -0.3609846 -0.3462885 0.8658952 -0.3356511 -0.3708918 0.8658969 -0.4245743 -0.2654175 -0.8656155 -0.4049042 -0.2945793 -0.8656071 -0.4045598 -0.2943032 -0.865862 -0.3829208 -0.3219438 -0.865866 -0.382911 -0.3219318 -0.8658746 -0.3593453 -0.3480394 -0.8658751 -0.3593514 -0.348054 -0.8658666 -0.3403586 -0.3664158 -0.8659651 -0.3309424 -0.3689547 -0.868533 -0.3272361 -0.3781365 -0.8659846 -0.3137159 -0.3894307 -0.8659827 -0.3051697 -0.392456 -0.8676692 -0.2999246 -0.4001251 -0.8659937 -0.2444336 -0.4162164 -0.8757945 -0.2855899 -0.4104834 -0.8659918 -0.2773315 -0.4136165 -0.8671843 -0.2660385 -0.4254187 -0.8650101 -0.2496056 -0.4354756 -0.8649035 -0.2521527 -0.4321695 -0.8658226 -0.1780213 -0.4619013 -0.8688818 -0.1937186 -0.4609946 -0.8660007 -0.2176633 -0.4503772 -0.8659002 -0.2103217 -0.4497334 -0.8680464 -0.2256551 -0.4462529 -0.8659897 -0.01598977 -0.4992034 -0.8663372 -0.049498 -0.4970389 -0.8663153 -0.04944052 -0.4978507 -0.8658524 -0.08427749 -0.4931536 -0.8658503 -0.08430845 -0.4930088 -0.8659298 -0.1186842 -0.4858843 -0.8659275 -0.1186492 -0.4859699 -0.8658842 -0.1524783 -0.4764386 -0.8658849 -0.1524867 -0.4764248 -0.8658909 -0.1855622 -0.4645411 -0.8658916 0.2441938 -0.4229673 -0.8726214 0.2800724 -0.4144725 -0.8658938 0.2832533 -0.4077457 -0.8680501 0.3346565 -0.3614574 -0.8702606 0.3288547 -0.3767231 -0.8659875 0.308616 -0.3936998 -0.865885 0.3101462 -0.3858417 -0.8688703 0.3014209 -0.3989936 -0.8659962 0.4245124 -0.2636979 -0.8661713 0.4057547 -0.2917522 -0.8661661 0.406146 -0.2919424 -0.8659185 0.3844864 -0.3199166 -0.8659235 0.3845277 -0.31993 -0.8659002 0.3609959 -0.3462709 -0.8658975 0.3610017 -0.3462717 -0.8658948 0.3356673 -0.3708764 -0.8658973 0.1193691 -0.4857889 -0.8658869 0.08480117 -0.4929973 -0.8658882 0.08483902 -0.4931039 -0.8658239 0.04978286 -0.4978625 -0.865826 0.0497948 -0.4979481 -0.8657761 0.01609839 -0.5001088 -0.865813 0.1519125 -0.4715775 -0.868641 0.1449877 -0.4786132 -0.8659723 0.1193861 -0.4858126 -0.8658713 0.1854561 -0.4611297 -0.8677359 0.1784809 -0.4671398 -0.8659822 0.1618239 -0.4731648 -0.8659839 0.2724341 -0.4193314 -0.8659913 0.2501137 -0.4332211 -0.8658883 0.2501107 -0.4332215 -0.865889 0.2269295 -0.4456006 -0.8659925 0.2178826 -0.4477116 -0.8672264 0.2109987 -0.4533468 -0.8660001 0.1948083 -0.4605323 -0.8660021 0.4804865 -0.13951 -0.8658347 0.4694366 -0.173108 -0.8658308 0.4694376 -0.1731082 -0.8658302 0.4560538 -0.2057996 -0.8658299 0.4564873 -0.2059752 -0.8655597 0.4415447 -0.2363187 -0.8655587 0.4843105 -0.1042112 -0.8686675 0.4869483 -0.1137512 -0.865992 0.4803842 -0.1395203 -0.8658898 0.4920661 -0.07000256 -0.8677387 0.4937768 -0.07901553 -0.8659914 0.4906797 -0.09637274 -0.865994 0.5002347 0 -0.8658898 0.4993654 -0.02627061 -0.8659931 0.4966748 -0.03514583 -0.8672249 0.4981117 -0.04391605 -0.8660001 0.4962334 -0.06158804 -0.8660019 0.4989661 0.03531266 -0.8659018 0.4883899 0 -0.8726255 0.5002347 0 -0.8658898 0.4993665 0.026258 -0.8659928 0.4947547 0.04139649 -0.8680462 0.4803789 0.1090621 -0.8702537 0.4906774 0.09641515 -0.8659906 0.4952509 0.0704509 -0.8658887 0.489183 0.07572881 -0.8688874 0.4962347 0.06153379 -0.866005 0.4408458 0.2359251 -0.8660222 0.4558559 0.2056765 -0.8659634 0.4559836 0.2057629 -0.8658755 0.4693808 0.1730715 -0.8658683 0.4693872 0.1730774 -0.8658637 0.4804289 0.1395404 -0.8658617 0.4803819 0.1394797 -0.8658975 0.4890283 0.1052335 -0.8658968 0.3609982 0.3462683 -0.8658975 0.384537 0.3199194 -0.8659001 0.3845907 0.3199824 -0.8658529 0.4062359 0.2920093 -0.8658539 0.4061985 0.2919801 -0.8658813 0.4248928 0.2639342 -0.8659127 0.3324429 0.3673502 -0.8686401 0.341978 0.3648736 -0.8659783 0.3610139 0.346303 -0.8658771 0.3066137 0.3911455 -0.8677518 0.315369 0.3880856 -0.8659861 0.3288742 0.3767065 -0.8659873 0.2501359 0.4332075 -0.8658887 0.2724683 0.4193099 -0.8659909 0.2788072 0.4125512 -0.8672186 0.2870523 0.40944 -0.8660023 0.3013875 0.3989997 -0.8660052 0.2189049 0.4498124 -0.8658807 0.2441887 0.4230081 -0.8726031 0.2501023 0.4332523 -0.865876 0.2269003 0.4456427 -0.8659785 0.2115153 0.4492056 -0.8680297 0.1457129 0.4705648 -0.8702508 0.161811 0.4731694 -0.8659838 0.1866011 0.4641419 -0.8658824 0.1790453 0.4615429 -0.8688619 0.1948311 0.46056 -0.8659823 0.01608924 0.5009604 -0.8653206 0.04975194 0.4987996 -0.8652882 0.04981905 0.497858 -0.8658265 0.08479495 0.4931102 -0.8658245 0.08480156 0.4930795 -0.8658414 0.1193819 0.4858674 -0.8658411 0.1194068 0.4858069 -0.8658716 0.1533918 0.4761695 -0.8658715 -0.2441916 0.4229845 -0.8726136 -0.1194072 0.4858419 -0.8658519 -0.08479737 0.4930662 -0.8658494 -0.08480106 0.4930765 -0.8658431 -0.04978349 0.4978432 -0.865837 -0.04990366 0.4987034 -0.8653349 -0.01608719 0.5009332 -0.8653364 -0.1519157 0.4715875 -0.8686351 -0.1450051 0.4786082 -0.8659722 -0.1193861 0.4858126 -0.8658713 -0.1854071 0.4611721 -0.8677238 -0.1784809 0.4671398 -0.8659822 -0.1618044 0.4731718 -0.8659837 -0.2179208 0.4477239 -0.8672103 -0.2109929 0.4533953 -0.8659762 -0.1948252 0.4605706 -0.865978 -0.2800709 0.4144545 -0.8659029 -0.2832153 0.407805 -0.8680347 -0.2724773 0.4193041 -0.8659908 -0.2501217 0.4332162 -0.8658885 -0.2501086 0.4332337 -0.8658835 -0.2269033 0.4456276 -0.8659855 -0.3346379 0.3614487 -0.8702714 -0.3288499 0.376679 -0.8660084 -0.3086264 0.3936466 -0.8659053 -0.3101462 0.3858417 -0.8688703 -0.3014453 0.3989571 -0.8660046 -0.4249095 0.2639081 -0.8659125 -0.4061941 0.2919869 -0.865881 -0.4060942 0.2919384 -0.8659443 -0.3844613 0.3199086 -0.8659377 -0.384593 0.319951 -0.8658635 -0.3610366 0.346314 -0.8658633 -0.3610069 0.3463099 -0.8658773 -0.3356555 0.3709334 -0.8658775 -0.4883899 -0 -0.8726255 -0.4804426 0.1394973 -0.865861 -0.4693876 0.173076 -0.8658637 -0.4693796 0.1730746 -0.8658684 -0.4559859 0.2057574 -0.8658757 -0.4551271 0.2054096 -0.86641 -0.4401869 0.2355725 -0.8664532 -0.4843312 0.1042228 -0.8686547 -0.4869505 0.1136997 -0.8659974 -0.4803756 0.139504 -0.8658971 -0.4920652 0.06999774 -0.8677397 -0.4937791 0.07902786 -0.8659889 -0.4906777 0.09641374 -0.8659906 -0.4966899 0.03515159 -0.867216 -0.4981266 0.04392168 -0.8659912 -0.4962524 0.06154352 -0.8659942 -0.4989878 -0.03530949 -0.8658893 -0.494785 -0.04138091 -0.8680297 -0.4993626 -0.0263412 -0.8659926 -0.5002347 -0 -0.8658898 -0.5002347 -0 -0.8658898 -0.4993636 0.0263319 -0.8659923 -0.4803637 -0.1090688 -0.8702613 -0.4906678 -0.09643808 -0.8659935 -0.4952462 -0.07045497 -0.865891 -0.489235 -0.07568372 -0.868862 -0.4962531 -0.06157844 -0.8659914 -0.4408844 -0.2359653 -0.8659915 -0.4557913 -0.2056363 -0.8660069 -0.4560491 -0.2058107 -0.8658297 -0.4694374 -0.1731085 -0.8658302 -0.4694366 -0.1731079 -0.8658308 -0.4804655 -0.1395758 -0.8658357 -0.4803939 -0.1394832 -0.8658904 -0.4890391 -0.1052287 -0.8658912</float_array>
          <technique_common>
            <accessor count="9482" source="#cubenormals-array0-array" stride="3">
              <param type="float" name="X" />
              <param type="float" name="Y" />
              <param type="float" name="Z" />
            </accessor>
          </technique_common>
        </source>
        <vertices id="cubeverts-array0-vertices">
          <input semantic="POSITION" source="#cubeverts-array0" />
        </vertices>
        <triangles count="9482" material="ref_M8_Hex_Nut">
          <input offset="0" semantic="VERTEX" source="#cubeverts-array0-vertices" />
          <input offset="1" semantic="NORMAL" source="#cubenormals-array0" />
          <p>4735 0 4739 0 4740 0 4736 1 4735 1 4740 1 4731 2 4735 2 4736 2 4472 3 4362 3 4361 3 4471 4 4472 4 4361 4 4614 5 4472 5 4471 5 4736 6 4719 6 4723 6 4727 7 4736 7 4723 7 4731 8 4736 8 4727 8 4471 9 4628 9 4624 9 4616 10 4471 10 4624 10 4614 11 4471 11 4616 11 4732 12 4728 12 4695 12 4711 13 4732 13 4695 13 4736 14 4732 14 4711 14 4715 15 4736 15 4711 15 4719 16 4736 16 4715 16 4613 17 4615 17 4648 17 4640 18 4613 18 4648 18 4471 19 4613 19 4640 19 4636 20 4471 20 4640 20 4628 21 4471 21 4636 21 4695 22 4728 22 4724 22 4720 23 4695 23 4724 23 4683 24 4695 24 4720 24 4648 25 4615 25 4623 25 4627 26 4648 26 4623 26 4656 27 4648 27 4627 27 4664 28 4663 28 4667 28 4655 29 4663 29 4664 29 4656 30 4627 30 4635 30 4639 31 4656 31 4635 31 4664 32 4656 32 4639 32 4647 33 4664 33 4639 33 4655 34 4664 34 4647 34 4683 35 4720 35 4716 35 4712 36 4683 36 4716 36 4675 37 4683 37 4712 37 4696 38 4675 38 4712 38 4675 39 4696 39 4684 39 4676 40 4675 40 4684 40 4667 41 4675 41 4676 41 4668 42 4667 42 4676 42 4664 43 4667 43 4668 43 4473 44 4363 44 4364 44 4474 45 4473 45 4364 45 4611 46 4473 46 4474 46 4738 47 4740 47 4739 47 4737 48 4738 48 4739 48 4734 49 4738 49 4737 49 4474 50 4629 50 4625 50 4617 51 4474 51 4625 51 4611 52 4474 52 4617 52 4737 53 4722 53 4726 53 4730 54 4737 54 4726 54 4734 55 4737 55 4730 55 4612 56 4618 56 4649 56 4641 57 4612 57 4649 57 4474 58 4612 58 4641 58 4637 59 4474 59 4641 59 4629 60 4474 60 4637 60 4733 61 4729 61 4698 61 4714 62 4733 62 4698 62 4737 63 4733 63 4714 63 4718 64 4737 64 4714 64 4722 65 4737 65 4718 65 4698 66 4729 66 4725 66 4721 67 4698 67 4725 67 4686 68 4698 68 4721 68 4649 69 4618 69 4626 69 4630 70 4649 70 4626 70 4657 71 4649 71 4630 71 4665 72 4666 72 4670 72 4658 73 4666 73 4665 73 4657 74 4630 74 4638 74 4642 75 4657 75 4638 75 4665 76 4657 76 4642 76 4650 77 4665 77 4642 77 4658 78 4665 78 4650 78 4686 79 4721 79 4717 79 4713 80 4686 80 4717 80 4678 81 4686 81 4713 81 4697 82 4678 82 4713 82 4678 83 4697 83 4685 83 4677 84 4678 84 4685 84 4670 85 4678 85 4677 85 4669 86 4670 86 4677 86 4665 87 4670 87 4669 87 522 88 322 88 323 88 523 89 522 89 323 89 727 90 522 90 523 90 4172 91 4364 91 4363 91 4171 92 4172 92 4363 92 3955 93 4172 93 4171 93 1743 94 1152 94 991 94 1527 95 1743 95 991 95 522 96 727 96 992 96 1153 97 522 97 992 97 1302 98 522 98 1153 98 2859 99 3496 99 3682 99 3076 100 2859 100 3682 100 4172 101 3955 101 3681 101 3495 102 4172 102 3681 102 3351 103 4172 103 3495 103 1527 104 991 104 726 104 522 105 1527 105 726 105 1417 106 1527 106 522 106 1302 107 1417 107 522 107 3076 108 3682 108 3956 108 4172 109 3076 109 3956 109 3195 110 3076 110 4172 110 3351 111 3195 111 4172 111 1743 112 1930 112 1416 112 1301 113 1743 113 1416 113 1152 114 1743 114 1301 114 2859 115 2648 115 3196 115 3352 116 2859 116 3196 116 3496 117 2859 117 3352 117 2467 118 2466 118 2292 118 2293 119 2467 119 2292 119 2123 120 2293 120 2292 120 2124 121 2293 121 2123 121 2466 122 2467 122 2649 122 2860 123 2466 123 2649 123 2648 124 2466 124 2860 124 3077 125 2648 125 2860 125 3196 126 2648 126 3077 126 2124 127 2123 127 1929 127 1742 128 2124 128 1929 128 1930 129 2124 129 1742 129 1526 130 1930 130 1742 130 1416 131 1930 131 1526 131 0 132 1 132 5 132 4 133 0 133 5 133 244 134 323 134 322 134 243 135 244 135 322 135 126 136 244 136 243 136 4 137 5 137 9 137 13 138 4 138 9 138 17 139 4 139 13 139 4 140 17 140 21 140 28 141 4 141 21 141 8 142 4 142 28 142 243 143 111 143 114 143 122 144 243 144 114 144 126 145 243 145 122 145 12 146 8 146 28 146 45 147 12 147 28 147 15 148 12 148 45 148 125 149 121 149 91 149 99 150 125 150 91 150 243 151 125 151 99 151 102 152 243 152 99 152 111 153 243 153 102 153 91 154 121 154 113 154 110 155 91 155 113 155 83 156 91 156 110 156 45 157 56 157 23 157 20 158 45 158 23 158 15 159 45 159 20 159 64 160 65 160 71 160 71 161 65 161 72 161 75 162 71 162 72 162 74 163 71 163 75 163 82 164 74 164 75 164 65 165 64 165 55 165 44 166 65 166 55 166 56 167 65 167 44 167 27 168 56 168 44 168 23 169 56 169 27 169 83 170 110 170 101 170 98 171 83 171 101 171 75 172 83 172 98 172 90 173 75 173 98 173 82 174 75 174 90 174 262 175 320 175 321 175 242 176 262 176 321 176 127 177 262 177 242 177 2 178 1 178 0 178 3 179 2 179 0 179 7 180 2 180 3 180 43 181 14 181 10 181 26 182 43 182 10 182 262 183 127 183 120 183 115 184 262 184 120 184 109 185 262 185 115 185 2 186 7 186 11 186 16 187 2 187 11 187 19 188 2 188 16 188 89 189 116 189 123 189 128 190 89 190 123 190 97 191 89 191 128 191 262 192 97 192 128 192 103 193 97 193 262 193 109 194 103 194 262 194 26 195 10 195 6 195 2 196 26 196 6 196 24 197 26 197 2 197 19 198 24 198 2 198 89 199 81 199 104 199 112 200 89 200 104 200 116 201 89 201 112 201 43 202 54 202 22 202 18 203 43 203 22 203 14 204 43 204 18 204 54 205 63 205 41 205 25 206 54 206 41 206 22 207 54 207 25 207 63 208 70 208 61 208 53 209 63 209 61 209 41 210 63 210 53 210 73 211 79 211 84 211 92 212 73 212 84 212 81 213 73 213 92 213 100 214 81 214 92 214 104 215 81 215 100 215 73 216 70 216 63 216 69 217 73 217 63 217 79 218 73 218 69 218 4169 219 4361 219 4362 219 4170 220 4169 220 4362 220 3957 221 4169 221 4170 221 321 222 320 222 544 222 521 223 321 223 544 223 4170 224 3349 224 3497 224 3679 225 4170 225 3497 225 3957 226 4170 226 3679 226 521 227 544 227 757 227 1007 228 521 228 757 228 1169 229 521 229 1007 229 521 230 1169 230 1308 230 1532 231 521 231 1308 231 728 232 521 232 1532 232 3958 233 3680 233 2857 233 3074 234 3958 234 2857 234 4170 235 3958 235 3074 235 3197 236 4170 236 3074 236 3349 237 4170 237 3197 237 990 238 728 238 1532 238 1746 239 990 239 1532 239 1154 240 990 240 1746 240 2857 241 3680 241 3498 241 3350 242 2857 242 3498 242 2646 243 2857 243 3350 243 1746 244 1933 244 1418 244 1300 245 1746 245 1418 245 1154 246 1746 246 1300 246 2122 247 2128 247 2291 247 2291 248 2128 248 2290 248 2464 249 2291 249 2290 249 2465 250 2291 250 2464 250 2647 251 2465 251 2464 251 2128 252 2122 252 1928 252 1741 253 2128 253 1928 253 1933 254 2128 254 1741 254 1525 255 1933 255 1741 255 1418 256 1933 256 1525 256 2646 257 3350 257 3198 257 3075 258 2646 258 3198 258 2464 259 2646 259 3075 259 2858 260 2464 260 3075 260 2647 261 2464 261 2858 261 384 262 318 262 57 262 62 263 384 263 57 263 513 264 384 264 62 264 70 265 513 265 62 265 638 266 513 266 70 266 172 267 130 267 29 267 33 268 172 268 29 268 217 269 172 269 33 269 37 270 217 270 33 270 267 271 217 271 37 271 42 272 267 272 37 272 318 273 267 273 42 273 49 274 318 274 42 274 57 275 318 275 49 275 2463 276 2483 276 2633 276 638 277 70 277 76 277 85 278 638 278 76 278 853 279 638 279 85 279 93 280 853 280 85 280 1030 281 853 281 93 281 105 282 1030 282 93 282 1193 283 1030 283 105 283 117 284 1193 284 105 284 1329 285 1193 285 117 285 539 286 652 286 78 286 72 287 539 287 78 287 390 288 539 288 72 288 68 289 390 289 72 289 326 290 390 290 68 290 326 291 68 291 60 291 52 292 326 292 60 292 272 293 326 293 52 293 48 294 272 294 52 294 222 295 272 295 48 295 40 296 222 296 48 296 176 297 222 297 40 297 36 298 176 298 40 298 130 299 176 299 36 299 32 300 130 300 36 300 29 301 130 301 32 301 1785 302 1913 302 1566 302 1369 303 1785 303 1566 303 1635 304 1785 304 1369 304 1144 305 1635 305 1369 305 1500 306 1635 306 1144 306 861 307 1500 307 1144 307 1353 308 1500 308 861 308 2341 309 2483 309 2463 309 2293 310 2341 310 2463 310 2188 311 2341 311 2293 311 2127 312 2188 312 2293 312 2050 313 2188 313 2127 313 1937 314 2050 314 2127 314 1913 315 2050 315 1937 315 1754 316 1913 316 1937 316 1566 317 1913 317 1754 317 2838 318 2633 318 2483 318 2619 319 2838 319 2483 319 3046 320 2838 320 2619 320 2768 321 3046 321 2619 321 3259 322 3046 322 2768 322 2922 323 3259 323 2768 323 3510 324 3259 324 2922 324 1353 325 861 325 529 325 281 326 1353 326 529 326 1209 327 1353 327 281 327 119 328 1209 328 281 328 1049 329 1209 329 119 329 107 330 1049 330 119 330 880 331 1049 331 107 331 95 332 880 332 107 332 652 333 880 333 95 333 87 334 652 334 95 334 78 335 652 335 87 335 2456 336 2316 336 2461 336 2631 337 2456 337 2461 337 2599 338 2456 338 2631 338 2836 339 2599 339 2631 339 2744 340 2599 340 2836 340 3044 341 2744 341 2836 341 2896 342 2744 342 3044 342 4706 343 4702 343 4524 343 4575 344 4706 344 4524 344 4710 345 4706 345 4575 345 4607 346 4710 346 4575 346 4155 347 4046 347 4660 347 4668 348 4155 348 4660 348 4293 349 4155 349 4668 349 4672 350 4293 350 4668 350 4356 351 4293 351 4672 351 2038 352 1898 352 1752 352 1935 353 2038 353 1752 353 2175 354 2038 354 1935 354 2125 355 2175 355 1935 355 2316 356 2175 356 2125 356 2291 357 2316 357 2125 357 2461 358 2316 358 2291 358 3818 359 3510 359 2922 359 3064 360 3818 360 2922 360 4166 361 3818 361 3064 361 3219 362 4166 362 3064 362 4409 363 4166 363 3219 363 3380 364 4409 364 3219 364 4622 365 4409 365 3380 365 3554 366 4622 366 3380 366 4634 367 4622 367 3554 367 4646 368 4634 368 3554 368 3719 369 4646 369 3554 369 4654 370 4646 370 3719 370 3959 371 4654 371 3719 371 4662 372 4654 372 3959 372 4117 373 4662 373 3959 373 4670 374 4662 374 4117 374 4233 375 4670 375 4117 375 4674 376 4670 376 4233 376 4682 377 4674 377 4233 377 4332 378 4682 378 4233 378 4690 379 4682 379 4332 379 4399 380 4690 380 4332 380 4694 381 4690 381 4399 381 4477 382 4694 382 4399 382 4702 383 4694 383 4477 383 4481 384 4702 384 4477 384 4524 385 4702 385 4481 385 4356 386 4672 386 4680 386 4688 387 4356 387 4680 387 4432 388 4356 388 4688 388 4692 389 4432 389 4688 389 4508 390 4432 390 4692 390 4700 391 4508 391 4692 391 4558 392 4508 392 4700 392 4704 393 4558 393 4700 393 4607 394 4558 394 4704 394 4708 395 4607 395 4704 395 4710 396 4607 396 4708 396 1329 397 117 397 279 397 527 398 1329 398 279 398 1484 399 1329 399 527 399 859 400 1484 400 527 400 1621 401 1484 401 859 401 1142 402 1621 402 859 402 1750 403 1621 403 1142 403 1367 404 1750 404 1142 404 1898 405 1750 405 1367 405 1564 406 1898 406 1367 406 1752 407 1898 407 1564 407 2896 408 3044 408 3257 408 3508 409 2896 409 3257 409 3038 410 2896 410 3508 410 3816 411 3038 411 3508 411 3162 412 3038 412 3816 412 4164 413 3162 413 3816 413 3277 414 3162 414 4164 414 4407 415 3277 415 4164 415 3437 416 3277 416 4407 416 4620 417 3437 417 4407 417 3601 418 3437 418 4620 418 4632 419 3601 419 4620 419 3783 420 3601 420 4632 420 4644 421 3783 421 4632 421 4046 422 3783 422 4644 422 4652 423 4046 423 4644 423 4660 424 4046 424 4652 424 1898 425 1921 425 1908 425 513 426 691 426 651 426 176 427 376 427 377 427 326 428 540 428 562 428 1353 429 1464 429 1482 429 2050 430 2054 430 2080 430 2768 431 2662 431 2713 431 3380 432 3158 432 3183 432 4117 433 3573 433 3640 433 2357 434 2427 434 2425 434 4244 435 3853 435 3852 435 4329 436 3971 436 3950 436 4030 437 4485 437 4481 437 4477 438 4030 438 4481 438 4027 439 4030 439 4477 439 4490 440 4485 440 4030 440 4051 441 4490 441 4030 441 4493 442 4490 442 4051 442 4061 443 4493 443 4051 443 4494 444 4493 444 4061 444 4065 445 4494 445 4061 445 4495 446 4494 446 4065 446 4066 447 4495 447 4065 447 4489 448 4495 448 4066 448 4082 449 4489 449 4066 449 4487 450 4489 450 4082 450 4083 451 4487 451 4082 451 4482 452 4487 452 4083 452 4084 453 4482 453 4083 453 4478 454 4482 454 4084 454 4085 455 4478 455 4084 455 4469 456 4478 456 4085 456 4466 457 4469 457 4085 457 4081 458 4466 458 4085 458 4457 459 4466 459 4081 459 4457 460 4081 460 4080 460 4063 461 4457 461 4080 461 4438 462 4457 462 4063 462 4058 463 4438 463 4063 463 4417 464 4438 464 4058 464 4402 465 4417 465 4058 465 4048 466 4402 466 4058 466 4392 467 4402 467 4048 467 4392 468 4048 468 4044 468 4026 469 4392 469 4044 469 4385 470 4392 470 4026 470 4020 471 4385 471 4026 471 4013 472 3971 472 4329 472 4339 473 4013 473 4329 473 4020 474 4013 474 4339 474 4381 475 4020 475 4339 475 4385 476 4020 476 4381 476 3950 477 3908 477 4320 477 4322 478 3950 478 4320 478 4329 479 3950 479 4322 479 3905 480 3853 480 4244 480 4264 481 3905 481 4244 481 3908 482 3905 482 4264 482 4315 483 3908 483 4264 483 4320 484 3908 484 4315 484 3740 485 4107 485 4132 485 4133 486 3740 486 4132 486 3785 487 3740 487 4133 487 4156 488 3785 488 4133 488 3803 489 3785 489 4156 489 4210 490 3803 490 4156 490 3852 491 3803 491 4210 491 4235 492 3852 492 4210 492 4244 493 3852 493 4235 493 4107 494 3740 494 3735 494 3713 495 4107 495 3735 495 4054 496 4107 496 3713 496 3683 497 4054 497 3713 497 4049 498 4054 498 3683 498 3652 499 4049 499 3683 499 4029 500 4049 500 3652 500 3936 501 4029 501 3652 501 3936 502 3652 502 3619 502 3610 503 3936 503 3619 503 3840 504 3936 504 3610 504 3563 505 3840 505 3610 505 3819 506 3840 506 3563 506 3542 507 3819 507 3563 507 3797 508 3819 508 3542 508 3519 509 3797 509 3542 509 3736 510 3797 510 3519 510 3503 511 3736 511 3519 511 3664 512 3736 512 3503 512 3662 513 3664 513 3503 513 3657 514 3662 514 3503 514 3450 515 3657 515 3503 515 3623 516 3657 516 3450 516 3408 517 3381 517 3565 517 3623 518 3408 518 3565 518 3420 519 3408 519 3623 519 3450 520 3420 520 3623 520 3332 521 3377 521 3328 521 3211 522 3332 522 3328 522 3331 523 3332 523 3211 523 3245 524 3331 524 3211 524 3328 525 3377 525 3396 525 3477 526 3328 526 3396 526 3360 527 3328 527 3477 527 3485 528 3360 528 3477 528 3381 529 3360 529 3485 529 3513 530 3381 530 3485 530 3565 531 3381 531 3513 531 3094 532 3132 532 3182 532 3194 533 3094 533 3182 533 3211 534 3094 534 3194 534 3242 535 3211 535 3194 535 3245 536 3211 536 3242 536 3055 537 2985 537 3047 537 3094 538 2985 538 3055 538 3124 539 3094 539 3055 539 3132 540 3094 540 3124 540 2985 541 2883 541 2973 541 3004 542 2985 542 2973 542 3047 543 2985 543 3004 543 2852 544 2890 544 2883 544 2763 545 2852 545 2883 545 2883 546 2890 546 2919 546 2920 547 2883 547 2919 547 2973 548 2883 548 2920 548 2645 549 2652 549 2659 549 2695 550 2645 550 2659 550 2763 551 2645 551 2695 551 2752 552 2763 552 2695 552 2765 553 2763 553 2752 553 2763 554 2765 554 2772 554 2786 555 2763 555 2772 555 2852 556 2763 556 2786 556 2539 557 2543 557 2544 557 2571 558 2539 558 2544 558 2645 559 2539 559 2571 559 2617 560 2645 560 2571 560 2652 561 2645 561 2617 561 2425 562 2427 562 2430 562 2432 563 2425 563 2430 563 2539 564 2425 564 2432 564 2491 565 2539 565 2432 565 2543 566 2539 566 2491 566 4399 567 3952 567 3964 567 4012 568 4399 568 3964 568 4477 569 4399 569 4012 569 4024 570 4477 570 4012 570 4027 571 4477 571 4024 571 4332 572 3850 572 3863 572 3875 573 4332 573 3863 573 4399 574 4332 574 3875 574 3921 575 4399 575 3875 575 3952 576 4399 576 3921 576 4233 577 3738 577 3752 577 3758 578 4233 578 3752 578 4332 579 4233 579 3758 579 3814 580 4332 580 3758 580 3850 581 4332 581 3814 581 4117 582 3640 582 3651 582 3674 583 4117 583 3651 583 4233 584 4117 584 3674 584 3697 585 4233 585 3674 585 3738 586 4233 586 3697 586 3569 587 3573 587 4117 587 3959 588 3569 588 4117 588 3532 589 3569 589 3959 589 3959 590 3719 590 3403 590 3467 591 3959 591 3403 591 3959 592 3467 592 3479 592 3517 593 3959 593 3479 593 3532 594 3959 594 3517 594 3333 595 3554 595 3306 595 3554 596 3333 596 3334 596 3370 597 3554 597 3334 597 3719 598 3554 598 3370 598 3391 599 3719 599 3370 599 3403 600 3719 600 3391 600 3380 601 3183 601 3190 601 3253 602 3380 602 3190 602 3554 603 3380 603 3253 603 3255 604 3554 604 3253 604 3306 605 3554 605 3255 605 3219 606 3040 606 3061 606 3067 607 3219 607 3061 607 3380 608 3219 608 3067 608 3134 609 3380 609 3067 609 3158 610 3380 610 3134 610 3064 611 2931 611 2938 611 2941 612 3064 612 2938 612 3219 613 3064 613 2941 613 3010 614 3219 614 2941 614 3040 615 3219 615 3010 615 2922 616 2822 616 2823 616 2866 617 2922 617 2823 617 3064 618 2922 618 2866 618 2876 619 3064 619 2866 619 2931 620 3064 620 2876 620 2768 621 2713 621 2719 621 2731 622 2768 622 2719 622 2922 623 2768 623 2731 623 2795 624 2922 624 2731 624 2822 625 2922 625 2795 625 2619 626 2530 626 2581 626 2598 627 2619 627 2581 627 2768 628 2619 628 2598 628 2600 629 2768 629 2598 629 2662 630 2768 630 2600 630 2490 631 2530 631 2619 631 2483 632 2490 632 2619 632 2473 633 2490 633 2483 633 2483 634 2388 634 2396 634 2454 635 2483 635 2396 635 2473 636 2483 636 2454 636 2365 637 2388 637 2483 637 2341 638 2365 638 2483 638 2333 639 2365 639 2341 639 2341 640 2188 640 2207 640 2256 641 2341 641 2207 641 2341 642 2256 642 2261 642 2320 643 2341 643 2261 643 2333 644 2341 644 2320 644 2050 645 2080 645 2145 645 2163 646 2050 646 2145 646 2188 647 2050 647 2163 647 2186 648 2188 648 2163 648 2207 649 2188 649 2186 649 2041 650 2054 650 2050 650 1913 651 2041 651 2050 651 2011 652 2041 652 1913 652 1913 653 1918 653 1924 653 1955 654 1913 654 1924 654 2011 655 1913 655 1955 655 1785 656 1807 656 1837 656 1839 657 1785 657 1837 657 1913 658 1785 658 1839 658 1909 659 1913 659 1839 659 1918 660 1913 660 1909 660 1635 661 1699 661 1722 661 1726 662 1635 662 1722 662 1785 663 1635 663 1726 663 1788 664 1785 664 1726 664 1807 665 1785 665 1788 665 1514 666 1599 666 1500 666 1353 667 1514 667 1500 667 1487 668 1514 668 1353 668 1482 669 1487 669 1353 669 1500 670 1599 670 1602 670 1609 671 1500 671 1602 671 1635 672 1500 672 1609 672 1645 673 1635 673 1609 673 1699 674 1635 674 1645 674 1209 675 1348 675 1371 675 1379 676 1209 676 1371 676 1353 677 1209 677 1379 677 1445 678 1353 678 1379 678 1464 679 1353 679 1445 679 1049 680 1218 680 1230 680 1246 681 1049 681 1230 681 1209 682 1049 682 1246 682 1316 683 1209 683 1246 683 1348 684 1209 684 1316 684 880 685 1093 685 1103 685 1136 686 880 686 1103 686 1049 687 880 687 1136 687 1188 688 1049 688 1136 688 1218 689 1049 689 1188 689 958 690 652 690 954 690 652 691 958 691 1013 691 1022 692 652 692 1013 692 880 693 652 693 1022 693 1037 694 880 694 1022 694 1093 695 880 695 1037 695 539 696 817 696 862 696 881 697 539 697 862 697 652 698 539 698 881 698 929 699 652 699 881 699 954 700 652 700 929 700 390 701 644 701 661 701 698 702 390 702 661 702 539 703 390 703 698 703 769 704 539 704 698 704 817 705 539 705 769 705 326 706 562 706 573 706 622 707 326 707 573 707 390 708 326 708 622 708 628 709 390 709 622 709 644 710 390 710 628 710 494 711 272 711 484 711 326 712 272 712 494 712 536 713 326 713 494 713 540 714 326 714 536 714 272 715 222 715 404 715 434 716 272 716 404 716 272 717 434 717 463 717 481 718 272 718 463 718 484 719 272 719 481 719 176 720 377 720 382 720 391 721 176 721 382 721 222 722 176 722 391 722 392 723 222 723 391 723 404 724 222 724 392 724 130 725 357 725 362 725 368 726 130 726 362 726 176 727 130 727 368 727 374 728 176 728 368 728 376 729 176 729 374 729 353 730 172 730 358 730 172 731 353 731 351 731 349 732 172 732 351 732 130 733 172 733 349 733 350 734 130 734 349 734 357 735 130 735 350 735 217 736 380 736 378 736 373 737 217 737 378 737 172 738 217 738 373 738 370 739 172 739 373 739 358 740 172 740 370 740 267 741 413 741 411 741 389 742 267 742 411 742 217 743 267 743 389 743 386 744 217 744 389 744 380 745 217 745 386 745 458 746 318 746 490 746 267 747 318 747 458 747 454 748 267 748 458 748 413 749 267 749 454 749 558 750 384 750 570 750 384 751 558 751 537 751 535 752 384 752 537 752 318 753 384 753 535 753 493 754 318 754 535 754 490 755 318 755 493 755 513 756 651 756 641 756 620 757 513 757 641 757 384 758 513 758 620 758 606 759 384 759 620 759 570 760 384 760 606 760 638 761 877 761 838 761 819 762 638 762 838 762 513 763 638 763 819 763 694 764 513 764 819 764 691 765 513 765 694 765 853 766 1020 766 994 766 975 767 853 767 994 767 638 768 853 768 975 768 891 769 638 769 975 769 877 770 638 770 891 770 1030 771 1141 771 1118 771 1080 772 1030 772 1118 772 853 773 1030 773 1080 773 1045 774 853 774 1080 774 1020 775 853 775 1045 775 1193 776 1265 776 1251 776 1214 777 1193 777 1251 777 1030 778 1193 778 1214 778 1155 779 1030 779 1214 779 1141 780 1030 780 1155 780 1329 781 1387 781 1383 781 1350 782 1329 782 1383 782 1193 783 1329 783 1350 783 1297 784 1193 784 1350 784 1265 785 1193 785 1297 785 1484 786 1512 786 1503 786 1491 787 1484 787 1503 787 1329 788 1484 788 1491 788 1419 789 1329 789 1491 789 1387 790 1329 790 1419 790 1621 791 1641 791 1624 791 1606 792 1621 792 1624 792 1484 793 1621 793 1606 793 1555 794 1484 794 1606 794 1512 795 1484 795 1555 795 1750 796 1786 796 1736 796 1730 797 1750 797 1736 797 1621 798 1750 798 1730 798 1657 799 1621 799 1730 799 1641 800 1621 800 1657 800 1898 801 1908 801 1856 801 1854 802 1898 802 1856 802 1750 803 1898 803 1854 803 1794 804 1750 804 1854 804 1786 805 1750 805 1794 805 1898 806 2038 806 2002 806 1981 807 1898 807 2002 807 1921 808 1898 808 1981 808 2038 809 2086 809 2053 809 2044 810 2038 810 2053 810 2002 811 2038 811 2044 811 2175 812 2223 812 2179 812 2170 813 2175 813 2179 813 2038 814 2175 814 2170 814 2087 815 2038 815 2170 815 2086 816 2038 816 2087 816 2316 817 2349 817 2313 817 2300 818 2316 818 2313 818 2175 819 2316 819 2300 819 2232 820 2175 820 2300 820 2223 821 2175 821 2232 821 2456 822 2477 822 2453 822 2447 823 2456 823 2453 823 2316 824 2456 824 2447 824 2363 825 2316 825 2447 825 2349 826 2316 826 2363 826 2599 827 2605 827 2591 827 2588 828 2599 828 2591 828 2456 829 2599 829 2588 829 2504 830 2456 830 2588 830 2477 831 2456 831 2504 831 2744 832 2738 832 2735 832 2699 833 2744 833 2735 833 2599 834 2744 834 2699 834 2618 835 2599 835 2699 835 2605 836 2599 836 2618 836 2896 837 2888 837 2874 837 2834 838 2896 838 2874 838 2744 839 2896 839 2834 839 2767 840 2744 840 2834 840 2738 841 2744 841 2767 841 3038 842 3030 842 3008 842 2976 843 3038 843 3008 843 2896 844 3038 844 2976 844 2918 845 2896 845 2976 845 2888 846 2896 846 2918 846 3038 847 3162 847 3139 847 3062 848 3038 848 3139 848 3030 849 3038 849 3062 849 2460 850 2238 850 2383 850 248 851 198 851 39 851 47 852 248 852 39 852 300 853 248 853 47 853 51 854 300 854 47 854 352 855 300 855 51 855 1125 856 962 856 106 856 118 857 1125 857 106 857 1283 858 1125 858 118 858 280 859 1283 859 118 859 1425 860 1283 860 280 860 528 861 1425 861 280 861 1576 862 1425 862 528 862 184 863 230 863 38 863 34 864 184 864 38 864 140 865 184 865 34 865 30 866 140 866 34 866 148 867 140 867 30 867 31 868 148 868 30 868 198 869 148 869 31 869 35 870 198 870 31 870 39 871 198 871 35 871 440 872 574 872 69 872 66 873 440 873 69 873 334 874 440 874 66 874 58 875 334 875 66 875 283 876 334 876 58 876 50 877 283 877 58 877 230 878 283 878 50 878 46 879 230 879 50 879 38 880 230 880 46 880 4079 881 3835 881 4653 881 4661 882 4079 882 4653 882 4189 883 4079 883 4661 883 4669 884 4189 884 4661 884 4309 885 4189 885 4669 885 3305 886 3150 886 4165 886 4408 887 3305 887 4165 887 3470 888 3305 888 4408 888 4621 889 3470 889 4408 889 3637 890 3470 890 4621 890 4633 891 3637 891 4621 891 3835 892 3637 892 4633 892 4645 893 3835 893 4633 893 4653 894 3835 894 4645 894 1576 895 528 895 860 895 1143 896 1576 896 860 896 1705 897 1576 897 1143 897 1368 898 1705 898 1143 898 1840 899 1705 899 1368 899 1565 900 1840 900 1368 900 1988 901 1840 901 1565 901 1753 902 1988 902 1565 902 2132 903 1988 903 1753 903 352 904 51 904 59 904 67 905 352 905 59 905 467 906 352 906 67 906 71 907 467 907 67 907 601 908 467 908 71 908 77 909 601 909 71 909 780 910 601 910 77 910 86 911 780 911 77 911 962 912 780 912 86 912 94 913 962 913 86 913 106 914 962 914 94 914 1097 915 1252 915 124 915 108 916 1097 916 124 916 934 917 1097 917 108 917 96 918 934 918 108 918 725 919 934 919 96 919 88 920 725 920 96 920 574 921 725 921 88 921 80 922 574 922 88 922 69 923 574 923 80 923 2630 924 2460 924 2383 924 2525 925 2630 925 2383 925 2835 926 2630 926 2525 926 2685 927 2835 927 2525 927 3043 928 2835 928 2685 928 2821 929 3043 929 2685 929 3256 930 3043 930 2821 930 4045 931 4154 931 4659 931 4651 932 4045 932 4659 932 3782 933 4045 933 4651 933 4643 934 3782 934 4651 934 3600 935 3782 935 4643 935 4631 936 3600 936 4643 936 3436 937 3600 937 4631 937 4309 938 4669 938 4673 938 4681 939 4309 939 4673 939 4379 940 4309 940 4681 940 4689 941 4379 941 4681 941 4453 942 4379 942 4689 942 4693 943 4453 943 4689 943 4523 944 4453 944 4693 944 4701 945 4523 945 4693 945 4574 946 4523 946 4701 946 2238 947 2460 947 2290 947 2129 948 2238 948 2290 948 2092 949 2238 949 2129 949 1939 950 2092 950 2129 950 1952 951 2092 951 1939 951 1763 952 1952 952 1939 952 1877 953 1952 953 1763 953 1587 954 1877 954 1763 954 1816 955 1877 955 1587 955 1375 956 1816 956 1587 956 1681 957 1816 957 1375 957 1150 958 1681 958 1375 958 1536 959 1681 959 1150 959 870 960 1536 960 1150 960 1399 961 1536 961 870 961 543 962 1399 962 870 962 1252 963 1399 963 543 963 297 964 1252 964 543 964 124 965 1252 965 297 965 2132 966 1753 966 1936 966 2126 967 2132 967 1936 967 2268 968 2132 968 2126 968 2292 969 2268 969 2126 969 2412 970 2268 970 2292 970 2462 971 2412 971 2292 971 2560 972 2412 972 2462 972 4355 973 4431 973 4687 973 4679 974 4355 974 4687 974 4292 975 4355 975 4679 975 4671 976 4292 976 4679 976 4154 977 4292 977 4671 977 4667 978 4154 978 4671 978 4659 979 4154 979 4667 979 4574 980 4701 980 4705 980 4709 981 4574 981 4705 981 4606 982 4574 982 4709 982 4707 983 4606 983 4709 983 4557 984 4606 984 4707 984 4703 985 4557 985 4707 985 4507 986 4557 986 4703 986 4699 987 4507 987 4703 987 4431 988 4507 988 4699 988 4691 989 4431 989 4699 989 4687 990 4431 990 4691 990 4406 991 4163 991 3276 991 3436 992 4406 992 3276 992 4619 993 4406 993 3436 993 4631 994 4619 994 3436 994 2560 995 2462 995 2632 995 2837 996 2560 996 2632 996 2711 997 2560 997 2837 997 3045 998 2711 998 2837 998 2850 999 2711 999 3045 999 3258 1000 2850 1000 3045 1000 2996 1001 2850 1001 3258 1001 3509 1002 2996 1002 3258 1002 3150 1003 2996 1003 3509 1003 3817 1004 3150 1004 3509 1004 4165 1005 3150 1005 3817 1005 3507 1006 3256 1006 2821 1006 2964 1007 3507 1007 2821 1007 3815 1008 3507 1008 2964 1008 3115 1009 3815 1009 2964 1009 4163 1010 3815 1010 3115 1010 3160 1011 4163 1011 3115 1011 3276 1012 4163 1012 3160 1012 3910 1013 3965 1013 3961 1013 3782 1014 3714 1014 3755 1014 4355 1015 4313 1015 4318 1015 4606 1016 4458 1016 4455 1016 4453 1017 4340 1017 4334 1017 3470 1018 3389 1018 3372 1018 1705 1019 1797 1019 1768 1019 1576 1020 1659 1020 1639 1020 962 1021 1203 1021 1173 1021 574 1022 989 1022 1005 1022 725 1023 1085 1023 1111 1023 3167 1024 3313 1024 3280 1024 3163 1025 3167 1025 3280 1025 3373 1026 3313 1026 3167 1026 3201 1027 3373 1027 3167 1027 3384 1028 3373 1028 3201 1028 3280 1029 3278 1029 3079 1029 3155 1030 3280 1030 3079 1030 3163 1031 3280 1031 3155 1031 3079 1032 3278 1032 3246 1032 3184 1033 3079 1033 3246 1033 3066 1034 3079 1034 3184 1034 3176 1035 3066 1035 3184 1035 3049 1036 3066 1036 3176 1036 2595 1037 2728 1037 2718 1037 2595 1038 2718 1038 2653 1038 2636 1039 2595 1039 2653 1039 2594 1040 2595 1040 2636 1040 3049 1041 3176 1041 3171 1041 3164 1042 3049 1042 3171 1042 3029 1043 3049 1043 3164 1043 3131 1044 3029 1044 3164 1044 2966 1045 3029 1045 3131 1045 3058 1046 2966 1046 3131 1046 2959 1047 2966 1047 3058 1047 3054 1048 2959 1048 3058 1048 2935 1049 2959 1049 3054 1049 3035 1050 2935 1050 3054 1050 2910 1051 2935 1051 3035 1051 2997 1052 2910 1052 3035 1052 2871 1053 2910 1053 2997 1053 2940 1054 2871 1054 2997 1054 2839 1055 2871 1055 2940 1055 2927 1056 2839 1056 2940 1056 2826 1057 2839 1057 2927 1057 2912 1058 2826 1058 2927 1058 2774 1059 2826 1059 2912 1059 2863 1060 2774 1060 2912 1060 2766 1061 2774 1061 2863 1061 2827 1062 2766 1062 2863 1062 2727 1063 2766 1063 2827 1063 2792 1064 2727 1064 2827 1064 2721 1065 2727 1065 2792 1065 2776 1066 2721 1066 2792 1066 2660 1067 2721 1067 2776 1067 2728 1068 2660 1068 2776 1068 2654 1069 2660 1069 2728 1069 2595 1070 2654 1070 2728 1070 2486 1071 2529 1071 2542 1071 2505 1072 2486 1072 2542 1072 2472 1073 2486 1073 2505 1073 2570 1074 2594 1074 2636 1074 2607 1075 2570 1075 2636 1075 2529 1076 2570 1076 2607 1076 2587 1077 2529 1077 2607 1077 2542 1078 2529 1078 2587 1078 2451 1079 2472 1079 2505 1079 2476 1080 2451 1080 2505 1080 2399 1081 2451 1081 2476 1081 2279 1082 2343 1082 2368 1082 2339 1083 2279 1083 2368 1083 2399 1084 2476 1084 2469 1084 2398 1085 2399 1085 2469 1085 2358 1086 2399 1086 2398 1086 2368 1087 2358 1087 2398 1087 2346 1088 2358 1088 2368 1088 2343 1089 2346 1089 2368 1089 2032 1090 2066 1090 2035 1090 1967 1091 2032 1091 2035 1091 2029 1092 2032 1092 1967 1092 2279 1093 2339 1093 2337 1093 2263 1094 2279 1094 2337 1094 2254 1095 2279 1095 2263 1095 2250 1096 2254 1096 2263 1096 2233 1097 2254 1097 2250 1097 2208 1098 2233 1098 2250 1098 2202 1099 2233 1099 2208 1099 2199 1100 2202 1100 2208 1100 2156 1101 2202 1101 2199 1101 2146 1102 2156 1102 2199 1102 2151 1103 2156 1103 2146 1103 2114 1104 2151 1104 2146 1104 2149 1105 2151 1105 2114 1105 2089 1106 2149 1106 2114 1106 2066 1107 2149 1107 2089 1107 2069 1108 2066 1108 2089 1108 2035 1109 2066 1109 2069 1109 2024 1110 2029 1110 1967 1110 1949 1111 2024 1111 1967 1111 1945 1112 2024 1112 1949 1112 1681 1113 1793 1113 1811 1113 1829 1114 1681 1114 1811 1114 1816 1115 1681 1115 1829 1115 1945 1116 1949 1116 1946 1116 1895 1117 1945 1117 1946 1117 1916 1118 1945 1118 1895 1118 1877 1119 1916 1119 1895 1119 1904 1120 1916 1120 1877 1120 1816 1121 1904 1121 1877 1121 1893 1122 1904 1122 1816 1122 1829 1123 1893 1123 1816 1123 1536 1124 1674 1124 1703 1124 1721 1125 1536 1125 1703 1125 1681 1126 1536 1126 1721 1126 1769 1127 1681 1127 1721 1127 1793 1128 1681 1128 1769 1128 1399 1129 1562 1129 1594 1129 1617 1130 1399 1130 1594 1130 1536 1131 1399 1131 1617 1131 1637 1132 1536 1132 1617 1132 1674 1133 1536 1133 1637 1133 1252 1134 1460 1134 1462 1134 1506 1135 1252 1135 1462 1135 1399 1136 1252 1136 1506 1136 1511 1137 1399 1137 1506 1137 1562 1138 1399 1138 1511 1138 1252 1139 1097 1139 1331 1139 1384 1140 1252 1140 1331 1140 1252 1141 1384 1141 1394 1141 1447 1142 1252 1142 1394 1142 1460 1143 1252 1143 1447 1143 934 1144 1217 1144 1255 1144 1305 1145 934 1145 1255 1145 1097 1146 934 1146 1305 1146 1324 1147 1097 1147 1305 1147 1331 1148 1097 1148 1324 1148 725 1149 1111 1149 1138 1149 1197 1150 725 1150 1138 1150 934 1151 725 1151 1197 1151 1201 1152 934 1152 1197 1152 1217 1153 934 1153 1201 1153 574 1154 1005 1154 1011 1154 1019 1155 574 1155 1011 1155 725 1156 574 1156 1019 1156 1068 1157 725 1157 1019 1157 1085 1158 725 1158 1068 1158 754 1159 334 1159 743 1159 440 1160 872 1160 874 1160 875 1161 440 1161 874 1161 574 1162 440 1162 875 1162 932 1163 574 1163 875 1163 989 1164 574 1164 932 1164 440 1165 334 1165 754 1165 814 1166 440 1166 754 1166 872 1167 440 1167 814 1167 283 1168 635 1168 643 1168 654 1169 283 1169 643 1169 334 1170 283 1170 654 1170 709 1171 334 1171 654 1171 743 1172 334 1172 709 1172 593 1173 230 1173 588 1173 230 1174 593 1174 595 1174 598 1175 230 1175 595 1175 283 1176 230 1176 598 1176 631 1177 283 1177 598 1177 635 1178 283 1178 631 1178 184 1179 545 1179 548 1179 554 1180 184 1180 548 1180 230 1181 184 1181 554 1181 566 1182 230 1182 554 1182 588 1183 230 1183 566 1183 140 1184 512 1184 514 1184 520 1185 140 1185 514 1185 184 1186 140 1186 520 1186 525 1187 184 1187 520 1187 545 1188 184 1188 525 1188 140 1189 148 1189 505 1189 506 1190 140 1190 505 1190 512 1191 140 1191 506 1191 148 1192 508 1192 502 1192 503 1193 148 1193 502 1193 505 1194 148 1194 503 1194 198 1195 526 1195 518 1195 515 1196 198 1196 518 1196 148 1197 198 1197 515 1197 510 1198 148 1198 515 1198 508 1199 148 1199 510 1199 531 1200 526 1200 198 1200 248 1201 531 1201 198 1201 549 1202 531 1202 248 1202 594 1203 567 1203 248 1203 300 1204 594 1204 248 1204 248 1205 567 1205 564 1205 556 1206 248 1206 564 1206 549 1207 248 1207 556 1207 300 1208 352 1208 648 1208 627 1209 300 1209 648 1209 300 1210 627 1210 621 1210 614 1211 300 1211 621 1211 594 1212 300 1212 614 1212 352 1213 723 1213 687 1213 352 1214 467 1214 808 1214 806 1215 352 1215 808 1215 723 1216 352 1216 806 1216 352 1217 687 1217 658 1217 655 1218 352 1218 658 1218 648 1219 352 1219 655 1219 601 1220 923 1220 918 1220 879 1221 601 1221 918 1221 467 1222 601 1222 879 1222 816 1223 467 1223 879 1223 808 1224 467 1224 816 1224 780 1225 1047 1225 1034 1225 1018 1226 780 1226 1034 1226 601 1227 780 1227 1018 1227 947 1228 601 1228 1018 1228 923 1229 601 1229 947 1229 962 1230 1173 1230 1146 1230 1140 1231 962 1231 1146 1231 780 1232 962 1232 1140 1232 1067 1233 780 1233 1140 1233 1047 1234 780 1234 1067 1234 962 1235 1125 1235 1238 1235 1216 1236 962 1236 1238 1236 1203 1237 962 1237 1216 1237 1125 1238 1347 1238 1295 1238 1294 1239 1125 1239 1295 1239 1238 1240 1125 1240 1294 1240 1355 1241 1347 1241 1125 1241 1283 1242 1355 1242 1125 1242 1397 1243 1355 1243 1283 1243 1283 1244 1425 1244 1518 1244 1480 1245 1283 1245 1518 1245 1477 1246 1283 1246 1480 1246 1283 1247 1477 1247 1448 1247 1413 1248 1283 1248 1448 1248 1397 1249 1283 1249 1413 1249 1576 1250 1639 1250 1611 1250 1589 1251 1576 1251 1611 1251 1425 1252 1576 1252 1589 1252 1528 1253 1425 1253 1589 1253 1518 1254 1425 1254 1528 1254 1705 1255 1768 1255 1740 1255 1680 1256 1705 1256 1740 1256 1576 1257 1705 1257 1680 1257 1675 1258 1576 1258 1680 1258 1659 1259 1576 1259 1675 1259 1840 1260 1906 1260 1892 1260 1874 1261 1840 1261 1892 1261 1705 1262 1840 1262 1874 1262 1803 1263 1705 1263 1874 1263 1797 1264 1705 1264 1803 1264 1988 1265 2030 1265 2022 1265 2016 1266 1988 1266 2022 1266 1840 1267 1988 1267 2016 1267 1931 1268 1840 1268 2016 1268 1906 1269 1840 1269 1931 1269 2132 1270 2155 1270 2154 1270 2153 1271 2132 1271 2154 1271 1988 1272 2132 1272 2153 1272 2059 1273 1988 1273 2153 1273 2030 1274 1988 1274 2059 1274 2268 1275 2277 1275 2258 1275 2234 1276 2268 1276 2258 1276 2132 1277 2268 1277 2234 1277 2174 1278 2132 1278 2234 1278 2155 1279 2132 1279 2174 1279 2412 1280 2395 1280 2367 1280 2361 1281 2412 1281 2367 1281 2268 1282 2412 1282 2361 1282 2301 1283 2268 1283 2361 1283 2277 1284 2268 1284 2301 1284 2560 1285 2528 1285 2501 1285 2496 1286 2560 1286 2501 1286 2412 1287 2560 1287 2496 1287 2437 1288 2412 1288 2496 1288 2395 1289 2412 1289 2437 1289 2711 1290 2661 1290 2634 1290 2616 1291 2711 1291 2634 1291 2560 1292 2711 1292 2616 1292 2582 1293 2560 1293 2616 1293 2528 1294 2560 1294 2582 1294 2850 1295 2798 1295 2745 1295 2742 1296 2850 1296 2745 1296 2711 1297 2850 1297 2742 1297 2688 1298 2711 1298 2742 1298 2661 1299 2711 1299 2688 1299 2996 1300 2936 1300 2892 1300 2868 1301 2996 1301 2892 1301 2850 1302 2996 1302 2868 1302 2807 1303 2850 1303 2868 1303 2798 1304 2850 1304 2807 1304 3150 1305 3072 1305 3034 1305 2998 1306 3150 1306 3034 1306 2996 1307 3150 1307 2998 1307 2950 1308 2996 1308 2998 1308 2936 1309 2996 1309 2950 1309 3305 1310 3216 1310 3180 1310 3128 1311 3305 1311 3180 1311 3150 1312 3305 1312 3128 1312 3097 1313 3150 1313 3128 1313 3072 1314 3150 1314 3097 1314 3305 1315 3470 1315 3372 1315 3369 1316 3305 1316 3372 1316 3291 1317 3305 1317 3369 1317 3305 1318 3291 1318 3249 1318 3221 1319 3305 1319 3249 1319 3216 1320 3305 1320 3221 1320 3637 1321 3541 1321 3530 1321 3518 1322 3637 1322 3530 1322 3470 1323 3637 1323 3518 1323 3453 1324 3470 1324 3518 1324 3389 1325 3470 1325 3453 1325 3858 1326 4079 1326 3871 1326 3769 1327 3693 1327 3835 1327 4079 1328 3769 1328 3835 1328 3848 1329 3769 1329 4079 1329 3858 1330 3848 1330 4079 1330 3835 1331 3693 1331 3690 1331 3689 1332 3835 1332 3690 1332 3637 1333 3835 1333 3689 1333 3605 1334 3637 1334 3689 1334 3541 1335 3637 1335 3605 1335 4189 1336 4090 1336 4064 1336 4057 1337 4189 1337 4064 1337 4079 1338 4189 1338 4057 1338 3969 1339 4079 1339 4057 1339 3871 1340 4079 1340 3969 1340 4309 1341 4173 1341 4158 1341 4135 1342 4309 1342 4158 1342 4189 1343 4309 1343 4135 1343 4111 1344 4189 1344 4135 1344 4090 1345 4189 1345 4111 1345 4379 1346 4279 1346 4260 1346 4230 1347 4379 1347 4260 1347 4309 1348 4379 1348 4230 1348 4211 1349 4309 1349 4230 1349 4173 1350 4309 1350 4211 1350 4453 1351 4334 1351 4326 1351 4319 1352 4453 1352 4326 1352 4379 1353 4453 1353 4319 1353 4314 1354 4379 1354 4319 1354 4279 1355 4379 1355 4314 1355 4523 1356 4395 1356 4389 1356 4382 1357 4523 1357 4389 1357 4453 1358 4523 1358 4382 1358 4360 1359 4453 1359 4382 1359 4340 1360 4453 1360 4360 1360 4412 1361 4574 1361 4416 1361 4523 1362 4574 1362 4412 1362 4397 1363 4523 1363 4412 1363 4395 1364 4523 1364 4397 1364 4606 1365 4455 1365 4450 1365 4436 1366 4606 1366 4450 1366 4574 1367 4606 1367 4436 1367 4433 1368 4574 1368 4436 1368 4416 1369 4574 1369 4433 1369 4557 1370 4439 1370 4441 1370 4456 1371 4557 1371 4441 1371 4606 1372 4557 1372 4456 1372 4459 1373 4606 1373 4456 1373 4458 1374 4606 1374 4459 1374 4507 1375 4401 1375 4405 1375 4415 1376 4507 1376 4405 1376 4557 1377 4507 1377 4415 1377 4437 1378 4557 1378 4415 1378 4439 1379 4557 1379 4437 1379 4431 1380 4367 1380 4371 1380 4387 1381 4431 1381 4371 1381 4507 1382 4431 1382 4387 1382 4400 1383 4507 1383 4387 1383 4401 1384 4507 1384 4400 1384 4355 1385 4318 1385 4323 1385 4333 1386 4355 1386 4323 1386 4431 1387 4355 1387 4333 1387 4358 1388 4431 1388 4333 1388 4367 1389 4431 1389 4358 1389 4292 1390 4219 1390 4226 1390 4241 1391 4292 1391 4226 1391 4355 1392 4292 1392 4241 1392 4295 1393 4355 1393 4241 1393 4313 1394 4355 1394 4295 1394 4154 1395 4120 1395 4124 1395 4139 1396 4154 1396 4124 1396 4292 1397 4154 1397 4139 1397 4190 1398 4292 1398 4139 1398 4219 1399 4292 1399 4190 1399 4045 1400 4014 1400 4019 1400 4060 1401 4045 1401 4019 1401 4154 1402 4045 1402 4060 1402 4093 1403 4154 1403 4060 1403 4120 1404 4154 1404 4093 1404 3782 1405 3755 1405 3759 1405 3854 1406 3782 1406 3759 1406 4045 1407 3782 1407 3854 1407 3879 1408 4045 1408 3854 1408 4014 1409 4045 1409 3879 1409 3600 1410 3556 1410 3579 1410 3630 1411 3600 1411 3579 1411 3782 1412 3600 1412 3630 1412 3677 1413 3782 1413 3630 1413 3714 1414 3782 1414 3677 1414 3600 1415 3436 1415 3474 1415 3516 1416 3600 1416 3474 1416 3556 1417 3600 1417 3516 1417 3436 1418 3375 1418 3386 1418 3417 1419 3436 1419 3386 1419 3474 1420 3436 1420 3417 1420 3312 1421 3375 1421 3436 1421 3276 1422 3312 1422 3436 1422 3264 1423 3312 1423 3276 1423 3276 1424 3160 1424 3234 1424 3235 1425 3276 1425 3234 1425 3264 1426 3276 1426 3235 1426 3388 1427 3384 1427 3201 1427 3260 1428 3388 1428 3201 1428 3422 1429 3388 1429 3260 1429 3318 1430 3422 1430 3260 1430 3484 1431 3422 1431 3318 1431 3487 1432 3484 1432 3318 1432 3374 1433 3487 1433 3318 1433 3502 1434 3487 1434 3374 1434 3524 1435 3502 1435 3374 1435 3409 1436 3524 1436 3374 1436 3571 1437 3524 1437 3409 1437 3603 1438 3571 1438 3409 1438 3482 1439 3603 1439 3409 1439 3639 1440 3603 1440 3482 1440 3521 1441 3639 1441 3482 1441 3670 1442 3639 1442 3521 1442 3688 1443 3670 1443 3521 1443 3570 1444 3688 1444 3521 1444 3699 1445 3688 1445 3570 1445 3731 1446 3699 1446 3570 1446 3613 1447 3731 1447 3570 1447 3745 1448 3731 1448 3613 1448 3763 1449 3745 1449 3613 1449 3671 1450 3763 1450 3613 1450 3767 1451 3763 1451 3671 1451 3822 1452 3767 1452 3671 1452 3703 1453 3822 1453 3671 1453 3834 1454 3822 1454 3703 1454 3842 1455 3834 1455 3703 1455 3751 1456 3842 1456 3703 1456 3861 1457 3842 1457 3751 1457 3869 1458 3861 1458 3751 1458 3786 1459 3869 1459 3751 1459 3895 1460 3869 1460 3786 1460 3907 1461 3895 1461 3786 1461 3846 1462 3907 1462 3786 1462 3914 1463 3907 1463 3846 1463 3870 1464 3910 1464 3961 1464 3870 1465 3961 1465 3954 1465 3932 1466 3870 1466 3954 1466 3846 1467 3870 1467 3932 1467 3924 1468 3846 1468 3932 1468 3914 1469 3846 1469 3924 1469 3968 1470 3965 1470 3910 1470 3926 1471 3968 1471 3910 1471 3963 1472 3968 1472 3926 1472 3139 1473 3162 1473 3161 1473 3540 1474 3778 1474 3749 1474 3666 1475 4038 1475 4006 1475 3798 1476 4143 1476 4118 1476 3977 1477 4281 1477 4224 1477 4095 1478 4344 1478 4327 1478 4200 1479 4448 1479 4464 1479 4129 1480 4373 1480 4390 1480 4094 1481 4300 1481 4325 1481 3976 1482 4177 1482 4223 1482 2803 1483 2846 1483 2872 1483 2696 1484 2705 1484 2739 1484 2578 1485 2551 1485 2606 1485 2458 1486 2402 1486 2480 1486 1438 1487 1289 1487 1321 1487 1323 1488 1134 1488 1192 1488 1207 1489 974 1489 1038 1489 1089 1490 795 1490 878 1490 395 1491 149 1491 133 1491 419 1492 195 1492 177 1492 456 1493 241 1493 220 1493 504 1494 294 1494 269 1494 1357 1495 1258 1495 1225 1495 1481 1496 1404 1496 1372 1496 1601 1497 1544 1497 1502 1497 1700 1498 1691 1498 1629 1498 2741 1499 2817 1499 2793 1499 2864 1500 2956 1500 2930 1500 2970 1501 3104 1501 3063 1501 3083 1502 3265 1502 3192 1502 4160 1503 4425 1503 4411 1503 4208 1504 4498 1504 4479 1504 4242 1505 4544 1505 4536 1505 4266 1506 4587 1506 4584 1506 3608 1507 3828 1507 3892 1507 3491 1508 3628 1508 3691 1508 3366 1509 3458 1509 3533 1509 3241 1510 3295 1510 3376 1510 2295 1511 2274 1511 2296 1511 2177 1512 2140 1512 2168 1512 2052 1513 1998 1513 2037 1513 1938 1514 1851 1514 1902 1514 1830 1515 1715 1515 1774 1515 919 1516 607 1516 626 1516 799 1517 473 1517 500 1517 642 1518 364 1518 383 1518 577 1519 310 1519 324 1519 597 1520 340 1520 330 1520 659 1521 448 1521 402 1521 821 1522 586 1522 532 1522 946 1523 741 1523 640 1523 1969 1524 1961 1524 1925 1524 2068 1525 2100 1525 2051 1525 2189 1526 2246 1526 2183 1526 2314 1527 2377 1527 2317 1527 3387 1528 3593 1528 3561 1528 3514 1529 3774 1529 3720 1529 3653 1530 4033 1530 3923 1530 3762 1531 4141 1531 4105 1531 4262 1532 4566 1532 4580 1532 4236 1533 4516 1533 4532 1533 4204 1534 4445 1534 4468 1534 4138 1535 4368 1535 4396 1535 3065 1536 3146 1536 3173 1536 2943 1537 2991 1537 3031 1537 2829 1538 2843 1538 2897 1538 2720 1539 2701 1539 2754 1539 1663 1540 1581 1540 1608 1540 1561 1541 1431 1541 1479 1541 1459 1542 1293 1542 1334 1542 1332 1543 1135 1543 1205 1543 446 1544 205 1544 215 1544 415 1545 163 1545 171 1545 393 1546 155 1546 129 1546 416 1547 196 1547 173 1547 1222 1548 1104 1548 1064 1548 1335 1549 1260 1549 1210 1549 1463 1550 1408 1550 1339 1550 1575 1551 1546 1551 1485 1551 2485 1552 2520 1552 2498 1552 2602 1553 2680 1553 2625 1553 2725 1554 2813 1554 2770 1554 2833 1555 2952 1555 2911 1555 4022 1556 4288 1556 4250 1556 4102 1557 4348 1557 4335 1557 4140 1558 4422 1558 4398 1558 4205 1559 4496 1559 4470 1559 3916 1560 4182 1560 4203 1560 3760 1561 4070 1561 4103 1561 3648 1562 3825 1562 3919 1562 3512 1563 3626 1563 3717 1563 2431 1564 2408 1564 2448 1564 2312 1565 2273 1565 2315 1565 2187 1566 2141 1566 2182 1566 2064 1567 1997 1567 2049 1567 1189 1568 968 1568 1010 1568 1052 1569 791 1569 834 1569 933 1570 609 1570 636 1570 815 1571 477 1571 524 1571 653 1572 366 1572 388 1572 465 1573 234 1573 227 1573 519 1574 289 1574 275 1574 589 1575 342 1575 327 1575 647 1576 451 1576 387 1576 1732 1577 1684 1577 1658 1577 1835 1578 1823 1578 1792 1578 1943 1579 1963 1579 1910 1579 2055 1580 2102 1580 2042 1580 3130 1581 3270 1581 3239 1581 3243 1582 3428 1582 3383 1582 3368 1583 3589 1583 3536 1583 3494 1584 3772 1584 3696 1584 4272 1585 4592 1585 4597 1585 4265 1586 4563 1586 4583 1586 4239 1587 4513 1587 4535 1587 4206 1588 4443 1588 4476 1588 3335 1589 3465 1589 3489 1589 3207 1590 3299 1590 3348 1590 3081 1591 3143 1591 3187 1591 2965 1592 2987 1592 3052 1592 1911 1593 1846 1593 1872 1593 1800 1594 1713 1594 1739 1594 1694 1595 1584 1595 1622 1595 1593 1596 1436 1596 1495 1596 4200 1597 3889 1597 3864 1597 4129 1598 3809 1598 3784 1598 4094 1599 3729 1599 3712 1599 2803 1600 2781 1600 2747 1600 2696 1601 2667 1601 2629 1601 2578 1602 2568 1602 2545 1602 1438 1603 1570 1603 1530 1603 1323 1604 1469 1604 1449 1604 1207 1605 1360 1605 1351 1605 395 1606 682 1606 672 1606 419 1607 702 1607 710 1607 456 1608 762 1608 772 1608 1357 1609 1454 1609 1486 1609 1481 1610 1550 1610 1591 1610 1601 1611 1649 1611 1672 1611 1700 1612 1756 1612 1771 1612 2741 1613 2641 1613 2694 1613 2864 1614 2760 1614 2791 1614 2970 1615 2882 1615 2898 1615 4160 1616 3791 1616 3823 1616 4208 1617 3876 1617 3896 1617 4242 1618 3933 1618 3941 1618 3608 1619 3446 1619 3404 1619 3491 1620 3341 1620 3326 1620 3366 1621 3232 1621 3218 1621 2295 1622 2324 1622 2294 1622 2177 1623 2214 1623 2184 1623 2052 1624 2106 1624 2070 1624 1938 1625 2004 1625 1984 1625 919 1626 1182 1626 1145 1626 799 1627 1075 1627 1051 1627 642 1628 1000 1628 977 1628 597 1629 898 1629 921 1629 659 1630 984 1630 1008 1630 821 1631 1057 1631 1069 1631 1969 1632 1978 1632 2017 1632 2068 1633 2076 1633 2112 1633 2189 1634 2192 1634 2205 1634 3387 1635 3205 1635 3240 1635 3514 1636 3323 1636 3346 1636 3653 1637 3416 1637 3438 1637 4262 1638 3992 1638 3980 1638 4236 1639 3943 1639 3922 1639 4204 1640 3891 1640 3880 1640 4138 1641 3813 1641 3801 1641 3065 1642 3014 1642 2967 1642 2943 1643 2903 1643 2869 1643 2829 1644 2783 1644 2764 1644 1663 1645 1780 1645 1738 1645 1561 1646 1667 1646 1640 1646 1459 1647 1568 1647 1558 1647 446 1648 782 1648 758 1648 415 1649 715 1649 699 1649 393 1650 676 1650 671 1650 1222 1651 1342 1651 1376 1651 1335 1652 1452 1652 1471 1652 1463 1653 1548 1653 1560 1653 2485 1654 2422 1654 2468 1654 2602 1655 2536 1655 2575 1655 2725 1656 2643 1656 2672 1656 2833 1657 2762 1657 2771 1657 4022 1658 3617 1658 3661 1658 4102 1659 3707 1659 3734 1659 4140 1660 3794 1660 3811 1660 3916 1661 3644 1661 3607 1661 3760 1662 3548 1662 3520 1662 3648 1663 3448 1663 3429 1663 2431 1664 2441 1664 2415 1664 2312 1665 2327 1665 2302 1665 2187 1666 2213 1666 2201 1666 1189 1667 1364 1667 1328 1667 1052 1668 1273 1668 1227 1668 933 1669 1180 1669 1158 1669 815 1670 1073 1670 1065 1670 465 1671 767 1671 800 1671 519 1672 829 1672 851 1672 589 1673 895 1673 907 1673 1732 1674 1761 1674 1796 1674 1835 1675 1864 1675 1896 1675 1943 1676 1976 1676 1999 1676 3130 1677 2979 1677 3026 1677 3243 1678 3090 1678 3126 1678 3368 1679 3208 1679 3220 1679 3494 1680 3327 1680 3330 1680 3400 1681 3373 1681 3384 1681 3666 1682 3524 1682 3571 1682 3909 1683 3563 1683 3610 1683 4272 1684 4063 1684 4080 1684 4206 1685 4030 1685 4027 1685 4023 1686 3814 1686 3758 1686 2965 1687 2938 1687 2931 1687 2610 1688 2662 1688 2600 1688 2036 1689 2054 1689 2041 1689 1593 1690 1609 1690 1602 1690 475 1691 769 1691 698 1691 435 1692 606 1692 620 1692 2484 1693 2453 1693 2477 1693 3062 1694 3139 1694 3161 1694 3107 1695 3062 1695 3161 1695 3030 1696 3062 1696 3107 1696 3025 1697 3030 1697 3107 1697 2891 1698 2888 1698 2918 1698 2954 1699 2891 1699 2918 1699 2976 1700 2954 1700 2918 1700 3025 1701 2954 1701 2976 1701 3008 1702 3025 1702 2976 1702 3030 1703 3025 1703 3008 1703 2767 1704 2748 1704 2738 1704 2812 1705 2748 1705 2767 1705 2834 1706 2812 1706 2767 1706 2891 1707 2812 1707 2834 1707 2874 1708 2891 1708 2834 1708 2888 1709 2891 1709 2874 1709 2611 1710 2591 1710 2605 1710 2618 1711 2611 1711 2605 1711 2676 1712 2611 1712 2618 1712 2699 1713 2676 1713 2618 1713 2748 1714 2676 1714 2699 1714 2735 1715 2748 1715 2699 1715 2738 1716 2748 1716 2735 1716 2518 1717 2484 1717 2477 1717 2504 1718 2518 1718 2477 1718 2611 1719 2518 1719 2504 1719 2588 1720 2611 1720 2504 1720 2591 1721 2611 1721 2588 1721 2232 1722 2300 1722 2351 1722 2241 1723 2232 1723 2351 1723 2223 1724 2232 1724 2241 1724 2222 1725 2223 1725 2241 1725 2351 1726 2300 1726 2313 1726 2349 1727 2351 1727 2313 1727 2376 1728 2351 1728 2349 1728 2363 1729 2376 1729 2349 1729 2484 1730 2376 1730 2363 1730 2447 1731 2484 1731 2363 1731 2453 1732 2484 1732 2447 1732 2084 1733 1958 1733 2002 1733 2044 1734 2084 1734 2002 1734 2053 1735 2084 1735 2044 1735 2084 1736 2053 1736 2086 1736 2087 1737 2084 1737 2086 1737 2094 1738 2084 1738 2087 1738 2170 1739 2094 1739 2087 1739 2222 1740 2094 1740 2170 1740 2179 1741 2222 1741 2170 1741 2223 1742 2222 1742 2179 1742 1953 1743 1834 1743 1908 1743 1921 1744 1953 1744 1908 1744 1958 1745 1953 1745 1921 1745 1981 1746 1958 1746 1921 1746 2002 1747 1958 1747 1981 1747 1720 1748 1736 1748 1786 1748 1794 1749 1720 1749 1786 1749 1820 1750 1720 1750 1794 1750 1854 1751 1820 1751 1794 1751 1834 1752 1820 1752 1854 1752 1856 1753 1834 1753 1854 1753 1908 1754 1834 1754 1856 1754 1730 1755 1736 1755 1720 1755 1686 1756 1730 1756 1720 1756 1657 1757 1730 1757 1686 1757 1600 1758 1657 1758 1686 1758 1641 1759 1657 1759 1600 1759 1512 1760 1465 1760 1503 1760 1543 1761 1465 1761 1512 1761 1543 1762 1512 1762 1555 1762 1606 1763 1543 1763 1555 1763 1600 1764 1543 1764 1606 1764 1624 1765 1600 1765 1606 1765 1641 1766 1600 1766 1624 1766 1407 1767 1325 1767 1387 1767 1419 1768 1407 1768 1387 1768 1465 1769 1407 1769 1419 1769 1491 1770 1465 1770 1419 1770 1503 1771 1465 1771 1491 1771 1264 1772 1194 1772 1297 1772 1350 1773 1264 1773 1297 1773 1325 1774 1264 1774 1350 1774 1383 1775 1325 1775 1350 1775 1387 1776 1325 1776 1383 1776 1155 1777 1107 1777 1041 1777 1107 1778 1155 1778 1214 1778 1251 1779 1107 1779 1214 1779 1194 1780 1107 1780 1251 1780 1265 1781 1194 1781 1251 1781 1297 1782 1194 1782 1265 1782 1020 1783 1045 1783 942 1783 882 1784 1020 1784 942 1784 994 1785 1020 1785 882 1785 942 1786 1045 1786 1080 1786 1118 1787 942 1787 1080 1787 1041 1788 942 1788 1118 1788 1141 1789 1041 1789 1118 1789 1155 1790 1041 1790 1141 1790 694 1791 579 1791 560 1791 579 1792 694 1792 819 1792 838 1793 579 1793 819 1793 662 1794 579 1794 838 1794 877 1795 662 1795 838 1795 735 1796 662 1796 877 1796 891 1797 735 1797 877 1797 882 1798 735 1798 891 1798 975 1799 882 1799 891 1799 994 1800 882 1800 975 1800 442 1801 435 1801 620 1801 442 1802 620 1802 641 1802 651 1803 442 1803 641 1803 560 1804 442 1804 651 1804 691 1805 560 1805 651 1805 694 1806 560 1806 691 1806 570 1807 606 1807 435 1807 346 1808 570 1808 435 1808 558 1809 570 1809 346 1809 298 1810 458 1810 490 1810 493 1811 298 1811 490 1811 336 1812 298 1812 493 1812 535 1813 336 1813 493 1813 346 1814 336 1814 535 1814 537 1815 346 1815 535 1815 558 1816 346 1816 537 1816 454 1817 458 1817 298 1817 287 1818 454 1818 298 1818 413 1819 454 1819 287 1819 260 1820 413 1820 287 1820 411 1821 413 1821 260 1821 213 1822 373 1822 378 1822 380 1823 213 1823 378 1823 236 1824 213 1824 380 1824 386 1825 236 1825 380 1825 260 1826 236 1826 386 1826 389 1827 260 1827 386 1827 411 1828 260 1828 389 1828 370 1829 373 1829 213 1829 193 1830 370 1830 213 1830 358 1831 370 1831 193 1831 169 1832 358 1832 193 1832 353 1833 358 1833 169 1833 132 1834 357 1834 350 1834 152 1835 132 1835 350 1835 349 1836 152 1836 350 1836 169 1837 152 1837 349 1837 351 1838 169 1838 349 1838 353 1839 169 1839 351 1839 166 1840 175 1840 374 1840 368 1841 166 1841 374 1841 132 1842 166 1842 368 1842 362 1843 132 1843 368 1843 357 1844 132 1844 362 1844 391 1845 208 1845 219 1845 208 1846 391 1846 382 1846 377 1847 208 1847 382 1847 175 1848 208 1848 377 1848 376 1849 175 1849 377 1849 374 1850 175 1850 376 1850 463 1851 256 1851 266 1851 256 1852 463 1852 434 1852 404 1853 256 1853 434 1853 219 1854 256 1854 404 1854 392 1855 219 1855 404 1855 391 1856 219 1856 392 1856 536 1857 305 1857 314 1857 305 1858 536 1858 494 1858 484 1859 305 1859 494 1859 266 1860 305 1860 484 1860 481 1861 266 1861 484 1861 463 1862 266 1862 481 1862 622 1863 356 1863 371 1863 356 1864 622 1864 573 1864 562 1865 356 1865 573 1865 314 1866 356 1866 562 1866 540 1867 314 1867 562 1867 536 1868 314 1868 540 1868 469 1869 475 1869 698 1869 469 1870 698 1870 661 1870 644 1871 469 1871 661 1871 371 1872 469 1872 644 1872 628 1873 371 1873 644 1873 622 1874 371 1874 628 1874 817 1875 769 1875 475 1875 592 1876 817 1876 475 1876 862 1877 817 1877 592 1877 745 1878 1013 1878 958 1878 954 1879 745 1879 958 1879 603 1880 745 1880 954 1880 929 1881 603 1881 954 1881 592 1882 603 1882 929 1882 881 1883 592 1883 929 1883 862 1884 592 1884 881 1884 1123 1885 1103 1885 1093 1885 1037 1886 1123 1886 1093 1886 1021 1887 1123 1887 1037 1887 1022 1888 1021 1888 1037 1888 1013 1889 1021 1889 1022 1889 1231 1890 1316 1890 1246 1890 1230 1891 1231 1891 1246 1891 1231 1892 1230 1892 1218 1892 1188 1893 1231 1893 1218 1893 1123 1894 1231 1894 1188 1894 1136 1895 1123 1895 1188 1895 1103 1896 1123 1896 1136 1896 1348 1897 1354 1897 1371 1897 1478 1898 1482 1898 1464 1898 1445 1899 1478 1899 1464 1899 1354 1900 1478 1900 1445 1900 1379 1901 1354 1901 1445 1901 1371 1902 1354 1902 1379 1902 1478 1903 1599 1903 1514 1903 1487 1904 1478 1904 1514 1904 1482 1905 1478 1905 1487 1905 1645 1906 1609 1906 1593 1906 1694 1907 1788 1907 1726 1907 1722 1908 1694 1908 1726 1908 1699 1909 1694 1909 1722 1909 1800 1910 1909 1910 1839 1910 1837 1911 1800 1911 1839 1911 1807 1912 1800 1912 1837 1912 1911 1913 2011 1913 1955 1913 1924 1914 1911 1914 1955 1914 1918 1915 1911 1915 1924 1915 2145 1916 2159 1916 2163 1916 2036 1917 2159 1917 2145 1917 2080 1918 2036 1918 2145 1918 2054 1919 2036 1919 2080 1919 2260 1920 2261 1920 2256 1920 2207 1921 2260 1921 2256 1921 2159 1922 2260 1922 2207 1922 2186 1923 2159 1923 2207 1923 2163 1924 2159 1924 2186 1924 2320 1925 2261 1925 2260 1925 2366 1926 2320 1926 2260 1926 2333 1927 2320 1927 2366 1927 2473 1928 2493 1928 2490 1928 2366 1929 2454 1929 2396 1929 2366 1930 2396 1930 2388 1930 2365 1931 2366 1931 2388 1931 2333 1932 2366 1932 2365 1932 2610 1933 2600 1933 2598 1933 2581 1934 2610 1934 2598 1934 2493 1935 2610 1935 2581 1935 2530 1936 2493 1936 2581 1936 2490 1937 2493 1937 2530 1937 2713 1938 2730 1938 2719 1938 2730 1939 2853 1939 2795 1939 2731 1940 2730 1940 2795 1940 2719 1941 2730 1941 2731 1941 2853 1942 2876 1942 2866 1942 2853 1943 2866 1943 2823 1943 2822 1944 2853 1944 2823 1944 2795 1945 2853 1945 2822 1945 2941 1946 2938 1946 2965 1946 3081 1947 3134 1947 3067 1947 3081 1948 3067 1948 3061 1948 3040 1949 3081 1949 3061 1949 3010 1950 3081 1950 3040 1950 3207 1951 3253 1951 3190 1951 3183 1952 3207 1952 3190 1952 3158 1953 3207 1953 3183 1953 3335 1954 3306 1954 3255 1954 3463 1955 3370 1955 3334 1955 3333 1956 3463 1956 3334 1956 3578 1957 3479 1957 3467 1957 3403 1958 3578 1958 3467 1958 3463 1959 3578 1959 3403 1959 3391 1960 3463 1960 3403 1960 3370 1961 3463 1961 3391 1961 3578 1962 3711 1962 3532 1962 3517 1963 3578 1963 3532 1963 3479 1964 3578 1964 3517 1964 3711 1965 3640 1965 3573 1965 3569 1966 3711 1966 3573 1966 3532 1967 3711 1967 3569 1967 3651 1968 3856 1968 3674 1968 4023 1969 3758 1969 3752 1969 3738 1970 4023 1970 3752 1970 3856 1971 4023 1971 3738 1971 3697 1972 3856 1972 3738 1972 3674 1973 3856 1973 3697 1973 4104 1974 3875 1974 3863 1974 3850 1975 4104 1975 3863 1975 3921 1976 3875 1976 4104 1976 4157 1977 3921 1977 4104 1977 3952 1978 3921 1978 4157 1978 4157 1979 4024 1979 4012 1979 3964 1980 4157 1980 4012 1980 3952 1981 4157 1981 3964 1981 4239 1982 4082 1982 4066 1982 4239 1983 4066 1983 4065 1983 4061 1984 4239 1984 4065 1984 4051 1985 4239 1985 4061 1985 4265 1986 4081 1986 4085 1986 4084 1987 4265 1987 4085 1987 4083 1988 4265 1988 4084 1988 4058 1989 4249 1989 4048 1989 4218 1990 4013 1990 4020 1990 4026 1991 4218 1991 4020 1991 4249 1992 4218 1992 4026 1992 4044 1993 4249 1993 4026 1993 4048 1994 4249 1994 4044 1994 4186 1995 3905 1995 3908 1995 3950 1996 4186 1996 3908 1996 4218 1997 4186 1997 3950 1997 3971 1998 4218 1998 3950 1998 4013 1999 4218 1999 3971 1999 3853 2000 3905 2000 4186 2000 4119 2001 3853 2001 4186 2001 3852 2002 3853 2002 4119 2002 4119 2003 3740 2003 3785 2003 3803 2004 4119 2004 3785 2004 3852 2005 4119 2005 3803 2005 3735 2006 4059 2006 3713 2006 3909 2007 3610 2007 3619 2007 3652 2008 3909 2008 3619 2008 4059 2009 3909 2009 3652 2009 3683 2010 4059 2010 3652 2010 3713 2011 4059 2011 3683 2011 3747 2012 3503 2012 3519 2012 3542 2013 3747 2013 3519 2013 3450 2014 3503 2014 3747 2014 3611 2015 3450 2015 3747 2015 3420 2016 3450 2016 3611 2016 3611 2017 3360 2017 3381 2017 3408 2018 3611 2018 3381 2018 3420 2019 3611 2019 3408 2019 3963 2020 3972 2020 4254 2020 4228 2021 3963 2021 4254 2021 3968 2022 3963 2022 4228 2022 4228 2023 3932 2023 3954 2023 4228 2024 3954 2024 3961 2024 3965 2025 4228 2025 3961 2025 3968 2026 4228 2026 3965 2026 4199 2027 3914 2027 3924 2027 4131 2028 3861 2028 3869 2028 3895 2029 4131 2029 3869 2029 4199 2030 4131 2030 3895 2030 3907 2031 4199 2031 3895 2031 3914 2032 4199 2032 3907 2032 3842 2033 4095 2033 3834 2033 4095 2034 3745 2034 3763 2034 4095 2035 3763 2035 3767 2035 3822 2036 4095 2036 3767 2036 3834 2037 4095 2037 3822 2037 3977 2038 3699 2038 3731 2038 3798 2039 3603 2039 3639 2039 3670 2040 3798 2040 3639 2040 3688 2041 3798 2041 3670 2041 3502 2042 3524 2042 3666 2042 3540 2043 3388 2043 3422 2043 3484 2044 3540 2044 3422 2044 3487 2045 3540 2045 3484 2045 3313 2046 3373 2046 3400 2046 3280 2047 3313 2047 3400 2047 3288 2048 3280 2048 3400 2048 3278 2049 3280 2049 3288 2049 3288 2050 3176 2050 3184 2050 3246 2051 3288 2051 3184 2051 3278 2052 3288 2052 3246 2052 3058 2053 3274 2053 3151 2053 3274 2054 3058 2054 3131 2054 3164 2055 3274 2055 3131 2055 3286 2056 3274 2056 3164 2056 2940 2057 3110 2057 3018 2057 3110 2058 2940 2058 2997 2058 3035 2059 3110 2059 2997 2059 3151 2060 3110 2060 3035 2060 3054 2061 3151 2061 3035 2061 3058 2062 3151 2062 3054 2062 2827 2063 2957 2063 2875 2063 2957 2064 2827 2064 2863 2064 2912 2065 2957 2065 2863 2065 3018 2066 2957 2066 2912 2066 2927 2067 3018 2067 2912 2067 2940 2068 3018 2068 2927 2068 2875 2069 2814 2069 2776 2069 2792 2070 2875 2070 2776 2070 2827 2071 2875 2071 2792 2071 2677 2072 2604 2072 2587 2072 2607 2073 2677 2073 2587 2073 2677 2074 2607 2074 2636 2074 2653 2075 2677 2075 2636 2075 2737 2076 2677 2076 2653 2076 2718 2077 2737 2077 2653 2077 2814 2078 2737 2078 2718 2078 2728 2079 2814 2079 2718 2079 2776 2080 2814 2080 2728 2080 2515 2081 2475 2081 2476 2081 2505 2082 2515 2082 2476 2082 2604 2083 2515 2083 2505 2083 2542 2084 2604 2084 2505 2084 2587 2085 2604 2085 2542 2085 2342 2086 2337 2086 2339 2086 2368 2087 2342 2087 2339 2087 2373 2088 2342 2088 2368 2088 2398 2089 2373 2089 2368 2089 2475 2090 2373 2090 2398 2090 2469 2091 2475 2091 2398 2091 2476 2092 2475 2092 2469 2092 2263 2093 2337 2093 2342 2093 2243 2094 2263 2094 2342 2094 2250 2095 2263 2095 2243 2095 2206 2096 2250 2096 2243 2096 2208 2097 2250 2097 2206 2097 2097 2098 2065 2098 2069 2098 2089 2099 2097 2099 2069 2099 2097 2100 2089 2100 2114 2100 2146 2101 2097 2101 2114 2101 2206 2102 2097 2102 2146 2102 2199 2103 2206 2103 2146 2103 2208 2104 2206 2104 2199 2104 2065 2105 1957 2105 1967 2105 2035 2106 2065 2106 1967 2106 2069 2107 2065 2107 2035 2107 1944 2108 1877 2108 1895 2108 1946 2109 1944 2109 1895 2109 1957 2110 1944 2110 1946 2110 1949 2111 1957 2111 1946 2111 1967 2112 1957 2112 1949 2112 2878 2113 2924 2113 3012 2113 2893 2114 2878 2114 3012 2114 2893 2115 2769 2115 2756 2115 2809 2116 2893 2116 2756 2116 2878 2117 2893 2117 2809 2117 2650 2118 2535 2118 2608 2118 2639 2119 2650 2119 2608 2119 2769 2120 2650 2120 2639 2120 2722 2121 2769 2121 2639 2121 2756 2122 2769 2122 2722 2122 2421 2123 2499 2123 2527 2123 2414 2124 2421 2124 2527 2124 2394 2125 2421 2125 2414 2125 2303 2126 2394 2126 2414 2126 2190 2127 2297 2127 2298 2127 2180 2128 2190 2128 2298 2128 2185 2129 2190 2129 2180 2129 2082 2130 2185 2130 2180 2130 1654 2131 1697 2131 1620 2131 1504 2132 1654 2132 1620 2132 1504 2133 1389 2133 1554 2133 1612 2134 1504 2134 1554 2134 1654 2135 1504 2135 1612 2135 1280 2136 1343 2136 1412 2136 1455 2137 1280 2137 1412 2137 1389 2138 1280 2138 1455 2138 1505 2139 1389 2139 1455 2139 1554 2140 1389 2140 1505 2140 1239 2141 1319 2141 1170 2141 1043 2142 1239 2142 1170 2142 1223 2143 1239 2143 1043 2143 1160 2144 1223 2144 1043 2144 1054 2145 1148 2145 922 2145 804 2146 1054 2146 922 2146 1053 2147 1054 2147 804 2147 993 2148 1053 2148 804 2148 708 2149 740 2149 426 2149 401 2150 708 2150 426 2150 405 2151 719 2151 689 2151 686 2152 405 2152 689 2152 401 2153 405 2153 686 2153 681 2154 401 2154 686 2154 708 2155 401 2155 681 2155 783 2156 744 2156 428 2156 479 2157 783 2157 428 2157 802 2158 783 2158 479 2158 845 2159 802 2159 479 2159 908 2160 854 2160 530 2160 591 2161 908 2161 530 2161 917 2162 908 2162 591 2162 995 2163 917 2163 591 2163 1476 2164 1420 2164 1299 2164 1398 2165 1476 2165 1299 2165 1509 2166 1668 2166 1616 2166 1574 2167 1509 2167 1616 2167 1398 2168 1509 2168 1574 2168 1510 2169 1398 2169 1574 2169 1476 2170 1398 2170 1510 2170 1779 2171 1702 2171 1626 2171 1735 2172 1779 2172 1626 2172 1799 2173 1779 2173 1735 2173 1885 2174 1799 2174 1735 2174 2003 2175 1900 2175 1842 2175 1950 2176 2003 2176 1842 2176 2013 2177 2003 2177 1950 2177 2091 2178 2013 2178 1950 2178 2563 2179 2506 2179 2547 2179 2658 2180 2563 2180 2547 2180 2658 2181 2773 2181 2663 2181 2612 2182 2658 2182 2663 2182 2563 2183 2658 2183 2612 2183 2907 2184 2902 2184 2824 2184 2780 2185 2907 2185 2824 2185 2773 2186 2907 2186 2780 2186 2726 2187 2773 2187 2780 2187 2663 2188 2773 2188 2726 2188 3016 2189 2929 2189 3024 2189 3137 2190 3016 2190 3024 2190 3033 2191 3016 2191 3137 2191 3122 2192 3033 2192 3137 2192 3233 2193 3133 2193 3254 2193 3385 2194 3233 2194 3254 2194 3236 2195 3233 2195 3385 2195 3336 2196 3236 2196 3385 2196 3722 2197 3694 2197 4077 2197 4122 2198 3722 2198 4077 2198 4122 2199 4191 2199 3805 2199 3761 2200 4122 2200 3805 2200 3722 2201 4122 2201 3761 2201 4220 2202 3942 2202 3911 2202 3888 2203 4220 2203 3911 2203 4191 2204 4220 2204 3888 2204 3851 2205 4191 2205 3888 2205 3805 2206 4191 2206 3851 2206 3994 2207 3966 2207 4251 2207 4273 2208 3994 2208 4251 2208 4007 2209 3994 2209 4273 2209 3987 2210 4007 2210 4273 2210 3935 2211 3983 2211 4263 2211 4237 2212 3935 2212 4263 2212 3928 2213 3935 2213 4237 2213 3884 2214 3928 2214 4237 2214 3522 2215 3566 2215 3847 2215 3698 2216 3522 2216 3847 2216 3698 2217 3567 2217 3410 2217 3481 2218 3698 2218 3410 2218 3522 2219 3698 2219 3481 2219 3443 2220 3204 2220 3282 2220 3320 2221 3443 2221 3282 2221 3567 2222 3443 2222 3320 2222 3379 2223 3567 2223 3320 2223 3410 2224 3567 2224 3379 2224 3089 2225 3179 2225 3317 2225 3188 2226 3089 2226 3317 2226 3073 2227 3089 2227 3188 2227 2982 2228 3073 2228 3188 2228 2886 2229 2971 2229 3070 2229 2949 2230 2886 2230 3070 2230 2884 2231 2886 2231 2949 2231 2307 2232 2354 2232 2356 2232 2251 2233 2307 2233 2356 2233 2148 2234 2077 2234 2161 2234 2196 2235 2148 2235 2161 2235 2251 2236 2148 2236 2196 2236 2253 2237 2251 2237 2196 2237 2307 2238 2251 2238 2253 2238 1977 2239 2047 2239 2023 2239 1903 2240 1977 2240 2023 2240 1941 2241 1977 2241 1903 2241 1862 2242 1941 2242 1903 2242 1755 2243 1853 2243 1795 2243 1677 2244 1755 2244 1795 2244 1748 2245 1755 2245 1677 2245 1655 2246 1748 2246 1677 2246 1242 2247 1282 2247 1113 2247 1006 2248 1242 2248 1113 2248 1006 2249 871 2249 1166 2249 1199 2250 1006 2250 1166 2250 1242 2251 1006 2251 1199 2251 712 2252 985 2252 1033 2252 1063 2253 712 2253 1033 2253 871 2254 712 2254 1063 2254 1110 2255 871 2255 1063 2255 1166 2256 871 2256 1110 2256 896 2257 951 2257 630 2257 559 2258 896 2258 630 2258 883 2259 896 2259 559 2259 826 2260 883 2260 559 2260 761 2261 820 2261 497 2261 452 2262 761 2262 497 2262 759 2263 761 2263 452 2263 701 2264 759 2264 452 2264 848 2265 818 2265 496 2265 553 2266 848 2266 496 2266 553 2267 625 2267 915 2267 876 2268 553 2268 915 2268 848 2269 553 2269 876 2269 688 2270 1076 2270 1027 2270 1004 2271 688 2271 1027 2271 625 2272 688 2272 1004 2272 948 2273 625 2273 1004 2273 915 2274 625 2274 948 2274 1181 2275 1095 2275 868 2275 996 2276 1181 2276 868 2276 1195 2277 1181 2277 996 2277 1271 2278 1195 2278 996 2278 1359 2279 1281 2279 1112 2279 1219 2280 1359 2280 1112 2280 1373 2281 1359 2281 1219 2281 1466 2282 1373 2282 1219 2282 1889 2283 1836 2283 1789 2283 1899 2284 1889 2284 1789 2284 1899 2285 2021 2285 2010 2285 1932 2286 1899 2286 2010 2286 1889 2287 1899 2287 1932 2287 2130 2288 2219 2288 2158 2288 2111 2289 2130 2289 2158 2289 2021 2290 2130 2290 2111 2290 2043 2291 2021 2291 2111 2291 2010 2292 2021 2292 2043 2292 2329 2293 2252 2293 2237 2293 2355 2294 2329 2294 2237 2294 2352 2295 2329 2295 2355 2295 2445 2296 2352 2296 2355 2296 2569 2297 2455 2297 2481 2297 2593 2298 2569 2298 2481 2298 2574 2299 2569 2299 2593 2299 2657 2300 2574 2300 2593 2300 3117 2301 3069 2301 3185 2301 3316 2302 3117 2302 3185 2302 3316 2303 3441 2303 3225 2303 3177 2304 3316 2304 3225 2304 3117 2305 3316 2305 3177 2305 3564 2306 3445 2306 3378 2306 3337 2307 3564 2307 3378 2307 3441 2308 3564 2308 3337 2308 3281 2309 3441 2309 3337 2309 3225 2310 3441 2310 3281 2310 3549 2311 3478 2311 3692 2311 3838 2312 3549 2312 3692 2312 3562 2313 3549 2313 3838 2313 3649 2314 3562 2314 3838 2314 3728 2315 3655 2315 4018 2315 4101 2316 3728 2316 4018 2316 3730 2317 3728 2317 4101 2317 3979 2318 4008 2318 4274 2318 4252 2319 3979 2319 4274 2319 4222 2320 3873 2320 3912 2320 3925 2321 4222 2321 3912 2321 4252 2322 4222 2322 3925 2322 3967 2323 4252 2323 3925 2323 3979 2324 4252 2324 3967 2324 3792 2325 3855 2325 4194 2325 4125 2326 3792 2326 4194 2326 3765 2327 3792 2327 4125 2327 3708 2328 3765 2328 4125 2328 3622 2329 3700 2329 4086 2329 3934 2330 3622 2330 4086 2330 3609 2331 3622 2331 3934 2331 3534 2332 3609 2332 3934 2332 3088 2333 3136 2333 3261 2333 3152 2334 3088 2334 3261 2334 3152 2335 3028 2335 2977 2335 3036 2336 3152 2336 2977 2336 3088 2337 3152 2337 3036 2337 2913 2338 2759 2338 2830 2338 2877 2339 2913 2339 2830 2339 3028 2340 2913 2340 2877 2340 2934 2341 3028 2341 2877 2341 2977 2342 3028 2342 2934 2342 2642 2343 2732 2343 2789 2343 2673 2344 2642 2344 2789 2344 2620 2345 2642 2345 2673 2345 2537 2346 2620 2346 2673 2346 2424 2347 2509 2347 2549 2347 2433 2348 2424 2348 2549 2348 2417 2349 2424 2349 2433 2349 2311 2350 2417 2350 2433 2350 1867 2351 1905 2351 1855 2351 1744 2352 1867 2352 1855 2352 1744 2353 1632 2353 1762 2353 1805 2354 1744 2354 1762 2354 1867 2355 1744 2355 1805 2355 1515 2356 1551 2356 1619 2356 1653 2357 1515 2357 1619 2357 1632 2358 1515 2358 1653 2358 1718 2359 1632 2359 1653 2359 1762 2360 1632 2360 1718 2360 1453 2361 1513 2361 1411 2361 1303 2362 1453 2362 1411 2362 1424 2363 1453 2363 1303 2363 1340 2364 1424 2364 1303 2364 1235 2365 1330 2365 1190 2365 1059 2366 1235 2366 1190 2366 1229 2367 1235 2367 1059 2367 1167 2368 1229 2368 1059 2368 832 2369 856 2369 533 2369 480 2370 832 2370 533 2370 480 2371 429 2371 768 2371 803 2372 480 2372 768 2372 832 2373 480 2373 803 2373 406 2374 683 2374 690 2374 707 2375 406 2375 690 2375 429 2376 406 2376 707 2376 746 2377 429 2377 707 2377 768 2378 429 2378 746 2378 716 2379 680 2379 400 2379 425 2380 716 2380 400 2380 732 2381 716 2381 425 2381 779 2382 732 2382 425 2382 840 2383 798 2383 464 2383 517 2384 840 2384 464 2384 843 2385 840 2385 517 2385 902 2386 843 2386 517 2386 1276 2387 1220 2387 1040 2387 1168 2388 1276 2388 1040 2388 1279 2389 1475 2389 1410 2389 1366 2390 1279 2390 1410 2390 1168 2391 1279 2391 1366 2391 1318 2392 1168 2392 1366 2392 1276 2393 1168 2393 1318 2393 1571 2394 1501 2394 1385 2394 1498 2395 1571 2395 1385 2395 1607 2396 1571 2396 1498 2396 1666 2397 1607 2397 1498 2397 1777 2398 1692 2398 1613 2398 1723 2399 1777 2399 1613 2399 1790 2400 1777 2400 1723 2400 1881 2401 1790 2401 1723 2401 2439 2402 2391 2402 2413 2402 2512 2403 2439 2403 2413 2403 2628 2404 2666 2404 2603 2404 2562 2405 2628 2405 2603 2405 2512 2406 2628 2406 2562 2406 2495 2407 2512 2407 2562 2407 2439 2408 2512 2408 2495 2408 2782 2409 2714 2409 2753 2409 2885 2410 2782 2410 2753 2410 2802 2411 2782 2411 2885 2411 2904 2412 2802 2412 2885 2412 3019 2413 2915 2413 3002 2413 3116 2414 3019 2414 3002 2414 3022 2415 3019 2415 3116 2415 3113 2416 3022 2416 3116 2416 3546 2417 3506 2417 3742 2417 3900 2418 3546 2418 3742 2418 3900 2419 4052 2419 3641 2419 3586 2420 3900 2420 3641 2420 3546 2421 3900 2421 3586 2421 4113 2422 3808 2422 3753 2422 3723 2423 4113 2423 3753 2423 4052 2424 4113 2424 3723 2424 3684 2425 4052 2425 3723 2425 3641 2426 4052 2426 3684 2426 3890 2427 3843 2427 4174 2427 4216 2428 3890 2428 4174 2428 3906 2429 3890 2429 4216 2429 3944 2430 3906 2430 4216 2430 3999 2431 3953 2431 4248 2431 4271 2432 3999 2432 4248 2432 4005 2433 3999 2433 4271 2433 3995 2434 4005 2434 4271 2434 3705 2435 3743 2435 4108 2435 4031 2436 3705 2436 4108 2436 4031 2437 3866 2437 3614 2437 3668 2438 4031 2438 3614 2438 3705 2439 4031 2439 3668 2439 3715 2440 3412 2440 3490 2440 3523 2441 3715 2441 3490 2441 3866 2442 3715 2442 3523 2442 3575 2443 3866 2443 3523 2443 3614 2444 3866 2444 3575 2444 3322 2445 3390 2445 3581 2445 3471 2446 3322 2446 3581 2446 3294 2447 3322 2447 3471 2447 3206 2448 3294 2448 3471 2448 3092 2449 3189 2449 3347 2449 3215 2450 3092 2450 3347 2450 3082 2451 3092 2451 3215 2451 2999 2452 3082 2452 3215 2452 2534 2453 2584 2453 2614 2453 2497 2454 2534 2454 2614 2454 2497 2455 2370 2455 2419 2455 2479 2456 2497 2456 2419 2456 2534 2457 2497 2457 2479 2457 2262 2458 2194 2458 2276 2458 2306 2459 2262 2459 2276 2459 2370 2460 2262 2460 2306 2460 2362 2461 2370 2461 2306 2461 2419 2462 2370 2462 2362 2462 2075 2463 2169 2463 2162 2463 2039 2464 2075 2464 2162 2464 2056 2465 2075 2465 2039 2465 1975 2466 2056 2466 2039 2466 1868 2467 1966 2467 1917 2467 1808 2468 1868 2468 1917 2468 1860 2469 1868 2469 1808 2469 1344 2470 1386 2470 1234 2470 1124 2471 1344 2471 1234 2471 1024 2472 1165 2472 1206 2472 1244 2473 1024 2473 1206 2473 1124 2474 1024 2474 1244 2474 1304 2475 1124 2475 1244 2475 1344 2476 1124 2476 1304 2476 1060 2477 1115 2477 888 2477 756 2478 1060 2478 888 2478 1042 2479 1060 2479 756 2479 983 2480 1042 2480 756 2480 893 2481 959 2481 634 2481 568 2482 893 2482 634 2482 887 2483 893 2483 568 2483 828 2484 887 2484 568 2484 718 2485 697 2485 412 2485 437 2486 718 2486 412 2486 437 2487 488 2487 786 2487 753 2488 437 2488 786 2488 718 2489 437 2489 753 2489 546 2490 914 2490 867 2490 849 2491 546 2491 867 2491 488 2492 546 2492 849 2492 811 2493 488 2493 849 2493 786 2494 488 2494 811 2494 1001 2495 927 2495 617 2495 666 2496 1001 2496 617 2496 1017 2497 1001 2497 666 2497 1074 2498 1017 2498 666 2498 1177 2499 1088 2499 850 2499 964 2500 1177 2500 850 2500 1187 2501 1177 2501 964 2501 1268 2502 1187 2502 964 2502 1669 2503 1630 2503 1533 2503 1646 2504 1669 2504 1533 2504 1646 2505 1766 2505 1782 2505 1731 2506 1646 2506 1782 2506 1669 2507 1646 2507 1731 2507 1876 2508 2009 2508 1919 2508 1890 2509 1876 2509 1919 2509 1766 2510 1876 2510 1890 2510 1815 2511 1766 2511 1890 2511 1782 2512 1766 2512 1815 2512 2110 2513 2031 2513 2000 2513 2115 2514 2110 2514 2000 2514 2144 2515 2110 2515 2115 2515 2217 2516 2144 2516 2115 2516 2330 2517 2231 2517 2226 2517 2345 2518 2330 2518 2226 2518 2338 2519 2330 2519 2345 2519 2436 2520 2338 2520 2345 2520 2900 2521 2855 2521 2928 2521 3048 2522 2900 2522 2928 2522 3048 2523 3174 2523 3011 2523 2947 2524 3048 2524 3011 2524 2900 2525 3048 2525 2947 2525 3293 2526 3226 2526 3166 2526 3118 2527 3293 2527 3166 2527 3174 2528 3293 2528 3118 2528 3056 2529 3174 2529 3118 2529 3011 2530 3174 2530 3056 2530 3340 2531 3252 2531 3407 2531 3553 2532 3340 2532 3407 2532 3365 2533 3340 2533 3553 2533 3447 2534 3365 2534 3553 2534 3551 2535 3456 2535 3672 2535 3802 2536 3551 2536 3672 2536 3555 2537 3551 2537 3802 2537 3638 2538 3555 2538 3802 2538 3939 2539 3917 2539 4231 2539 4257 2540 3939 2540 4231 2540 4276 2541 3981 2541 4010 2541 3989 2542 4276 2542 4010 2542 4257 2543 4276 2543 3989 2543 3975 2544 4257 2544 3989 2544 3939 2545 4257 2545 3975 2545 1021 2546 1013 2546 745 2546 789 2547 1021 2547 745 2547 1123 2548 1021 2548 789 2548 969 2549 1086 2549 1231 2549 1123 2550 969 2550 1231 2550 928 2551 969 2551 1123 2551 789 2552 928 2552 1123 2552 1231 2553 1086 2553 1131 2553 1354 2554 1231 2554 1131 2554 1316 2555 1231 2555 1354 2555 1348 2556 1316 2556 1354 2556 1291 2557 1358 2557 1478 2557 1354 2558 1291 2558 1478 2558 1224 2559 1291 2559 1354 2559 1131 2560 1224 2560 1354 2560 1478 2561 1358 2561 1436 2561 1593 2562 1478 2562 1436 2562 1599 2563 1478 2563 1593 2563 1602 2564 1599 2564 1593 2564 1593 2565 1495 2565 1584 2565 1694 2566 1593 2566 1584 2566 1645 2567 1593 2567 1694 2567 1699 2568 1645 2568 1694 2568 1694 2569 1622 2569 1713 2569 1800 2570 1694 2570 1713 2570 1788 2571 1694 2571 1800 2571 1807 2572 1788 2572 1800 2572 1800 2573 1739 2573 1846 2573 1911 2574 1800 2574 1846 2574 1909 2575 1800 2575 1911 2575 1918 2576 1909 2576 1911 2576 1911 2577 1872 2577 1991 2577 2036 2578 1911 2578 1991 2578 2011 2579 1911 2579 2036 2579 2041 2580 2011 2580 2036 2580 2036 2581 1991 2581 2014 2581 2133 2582 2036 2582 2014 2582 2159 2583 2036 2583 2133 2583 2147 2584 2159 2584 2133 2584 2260 2585 2159 2585 2147 2585 2266 2586 2387 2586 2366 2586 2260 2587 2266 2587 2366 2587 2257 2588 2266 2588 2260 2588 2147 2589 2257 2589 2260 2589 2366 2590 2387 2590 2407 2590 2493 2591 2366 2591 2407 2591 2454 2592 2366 2592 2493 2592 2473 2593 2454 2593 2493 2593 2554 2594 2651 2594 2610 2594 2493 2595 2554 2595 2610 2595 2508 2596 2554 2596 2493 2596 2407 2597 2508 2597 2493 2597 2610 2598 2651 2598 2703 2598 2730 2599 2610 2599 2703 2599 2662 2600 2610 2600 2730 2600 2713 2601 2662 2601 2730 2601 2841 2602 2921 2602 2853 2602 2730 2603 2841 2603 2853 2603 2777 2604 2841 2604 2730 2604 2703 2605 2777 2605 2730 2605 2853 2606 2921 2606 2987 2606 2965 2607 2853 2607 2987 2607 2876 2608 2853 2608 2965 2608 2931 2609 2876 2609 2965 2609 2965 2610 3052 2610 3143 2610 3081 2611 2965 2611 3143 2611 2941 2612 2965 2612 3081 2612 3010 2613 2941 2613 3081 2613 3081 2614 3187 2614 3299 2614 3207 2615 3081 2615 3299 2615 3134 2616 3081 2616 3207 2616 3158 2617 3134 2617 3207 2617 3207 2618 3348 2618 3465 2618 3335 2619 3207 2619 3465 2619 3253 2620 3207 2620 3335 2620 3255 2621 3253 2621 3335 2621 3335 2622 3489 2622 3634 2622 3463 2623 3335 2623 3634 2623 3306 2624 3335 2624 3463 2624 3333 2625 3306 2625 3463 2625 3841 2626 4056 2626 3711 2626 3578 2627 3841 2627 3711 2627 3832 2628 3841 2628 3578 2628 3463 2629 3832 2629 3578 2629 3658 2630 3832 2630 3463 2630 3634 2631 3658 2631 3463 2631 3711 2632 4056 2632 4075 2632 3856 2633 3711 2633 4075 2633 3640 2634 3711 2634 3856 2634 3651 2635 3640 2635 3856 2635 4184 2636 4261 2636 4023 2636 3856 2637 4184 2637 4023 2637 4153 2638 4184 2638 3856 2638 4075 2639 4153 2639 3856 2639 4023 2640 4261 2640 4302 2640 4104 2641 4023 2641 4302 2641 3814 2642 4023 2642 4104 2642 3850 2643 3814 2643 4104 2643 4370 2644 4404 2644 4157 2644 4104 2645 4370 2645 4157 2645 4337 2646 4370 2646 4104 2646 4302 2647 4337 2647 4104 2647 4157 2648 4404 2648 4443 2648 4206 2649 4157 2649 4443 2649 4024 2650 4157 2650 4206 2650 4027 2651 4024 2651 4206 2651 4206 2652 4476 2652 4513 2652 4239 2653 4206 2653 4513 2653 4030 2654 4206 2654 4239 2654 4051 2655 4030 2655 4239 2655 4239 2656 4535 2656 4563 2656 4265 2657 4239 2657 4563 2657 4082 2658 4239 2658 4265 2658 4083 2659 4082 2659 4265 2659 4265 2660 4583 2660 4592 2660 4272 2661 4265 2661 4592 2661 4081 2662 4265 2662 4272 2662 4080 2663 4081 2663 4272 2663 4272 2664 4597 2664 4550 2664 4249 2665 4272 2665 4550 2665 4063 2666 4272 2666 4249 2666 4058 2667 4063 2667 4249 2667 4249 2668 4550 2668 4542 2668 4504 2669 4249 2669 4542 2669 4218 2670 4249 2670 4504 2670 4491 2671 4218 2671 4504 2671 4186 2672 4218 2672 4491 2672 4430 2673 4365 2673 4119 2673 4186 2674 4430 2674 4119 2674 4434 2675 4430 2675 4186 2675 4491 2676 4434 2676 4186 2676 4119 2677 4365 2677 4351 2677 4059 2678 4119 2678 4351 2678 3740 2679 4119 2679 4059 2679 3735 2680 3740 2680 4059 2680 4287 2681 4197 2681 3909 2681 4059 2682 4287 2682 3909 2682 4310 2683 4287 2683 4059 2683 4351 2684 4310 2684 4059 2684 3909 2685 4197 2685 4145 2685 3747 2686 3909 2686 4145 2686 3563 2687 3909 2687 3747 2687 3542 2688 3563 2688 3747 2688 4035 2689 3898 2689 3611 2689 3747 2690 4035 2690 3611 2690 4098 2691 4035 2691 3747 2691 4145 2692 4098 2692 3747 2692 3611 2693 3898 2693 3772 2693 3494 2694 3611 2694 3772 2694 3360 2695 3611 2695 3494 2695 3330 2696 3360 2696 3494 2696 3494 2697 3696 2697 3589 2697 3368 2698 3494 2698 3589 2698 3327 2699 3494 2699 3368 2699 3220 2700 3327 2700 3368 2700 3368 2701 3536 2701 3428 2701 3243 2702 3368 2702 3428 2702 3208 2703 3368 2703 3243 2703 3126 2704 3208 2704 3243 2704 3243 2705 3383 2705 3270 2705 3130 2706 3243 2706 3270 2706 3090 2707 3243 2707 3130 2707 3026 2708 3090 2708 3130 2708 3130 2709 3239 2709 3112 2709 3012 2710 3130 2710 3112 2710 2979 2711 3130 2711 3012 2711 2924 2712 2979 2712 3012 2712 3012 2713 3112 2713 3086 2713 2963 2714 3012 2714 3086 2714 2893 2715 3012 2715 2963 2715 2951 2716 2893 2716 2963 2716 2769 2717 2893 2717 2951 2717 2819 2718 2698 2718 2650 2718 2769 2719 2819 2719 2650 2719 2828 2720 2819 2720 2769 2720 2951 2721 2828 2721 2769 2721 2650 2722 2698 2722 2682 2722 2527 2723 2650 2723 2682 2723 2535 2724 2650 2724 2527 2724 2499 2725 2535 2725 2527 2725 2521 2726 2429 2726 2414 2726 2527 2727 2521 2727 2414 2727 2573 2728 2521 2728 2527 2728 2682 2729 2573 2729 2527 2729 2414 2730 2429 2730 2378 2730 2298 2731 2414 2731 2378 2731 2303 2732 2414 2732 2298 2732 2297 2733 2303 2733 2298 2733 2249 2734 2171 2734 2180 2734 2298 2735 2249 2735 2180 2735 2299 2736 2249 2736 2298 2736 2378 2737 2299 2737 2298 2737 2180 2738 2171 2738 2102 2738 2055 2739 2180 2739 2102 2739 2082 2740 2180 2740 2055 2740 2072 2741 2082 2741 2055 2741 2055 2742 2042 2742 1963 2742 1943 2743 2055 2743 1963 2743 2072 2744 2055 2744 1943 2744 1999 2745 2072 2745 1943 2745 1943 2746 1910 2746 1823 2746 1835 2747 1943 2747 1823 2747 1976 2748 1943 2748 1835 2748 1896 2749 1976 2749 1835 2749 1835 2750 1792 2750 1684 2750 1732 2751 1835 2751 1684 2751 1864 2752 1835 2752 1732 2752 1796 2753 1864 2753 1732 2753 1732 2754 1658 2754 1538 2754 1620 2755 1732 2755 1538 2755 1761 2756 1732 2756 1620 2756 1697 2757 1761 2757 1620 2757 1620 2758 1538 2758 1523 2758 1400 2759 1620 2759 1523 2759 1504 2760 1620 2760 1400 2760 1396 2761 1504 2761 1400 2761 1389 2762 1504 2762 1396 2762 1254 2763 1120 2763 1280 2763 1389 2764 1254 2764 1280 2764 1278 2765 1254 2765 1389 2765 1396 2766 1278 2766 1389 2766 1280 2767 1120 2767 1102 2767 1170 2768 1280 2768 1102 2768 1343 2769 1280 2769 1170 2769 1319 2770 1343 2770 1170 2770 939 2771 812 2771 1043 2771 1170 2772 939 2772 1043 2772 980 2773 939 2773 1170 2773 1102 2774 980 2774 1170 2774 1043 2775 812 2775 737 2775 922 2776 1043 2776 737 2776 1160 2777 1043 2777 922 2777 1148 2778 1160 2778 922 2778 587 2779 509 2779 804 2779 922 2780 587 2780 804 2780 629 2781 587 2781 922 2781 737 2782 629 2782 922 2782 804 2783 509 2783 451 2783 647 2784 804 2784 451 2784 993 2785 804 2785 647 2785 982 2786 993 2786 647 2786 647 2787 387 2787 342 2787 589 2788 647 2788 342 2788 982 2789 647 2789 589 2789 907 2790 982 2790 589 2790 589 2791 327 2791 289 2791 519 2792 589 2792 289 2792 895 2793 589 2793 519 2793 851 2794 895 2794 519 2794 519 2795 275 2795 234 2795 465 2796 519 2796 234 2796 829 2797 519 2797 465 2797 800 2798 829 2798 465 2798 465 2799 227 2799 186 2799 426 2800 465 2800 186 2800 767 2801 465 2801 426 2801 740 2802 767 2802 426 2802 139 2803 144 2803 405 2803 401 2804 139 2804 405 2804 141 2805 139 2805 401 2805 426 2806 141 2806 401 2806 183 2807 141 2807 426 2807 186 2808 183 2808 426 2808 405 2809 144 2809 156 2809 428 2810 405 2810 156 2810 719 2811 405 2811 428 2811 744 2812 719 2812 428 2812 204 2813 228 2813 479 2813 428 2814 204 2814 479 2814 187 2815 204 2815 428 2815 156 2816 187 2816 428 2816 479 2817 228 2817 254 2817 530 2818 479 2818 254 2818 845 2819 479 2819 530 2819 854 2820 845 2820 530 2820 309 2821 328 2821 591 2821 530 2822 309 2822 591 2822 276 2823 309 2823 530 2823 254 2824 276 2824 530 2824 591 2825 328 2825 366 2825 653 2826 591 2826 366 2826 995 2827 591 2827 653 2827 997 2828 995 2828 653 2828 653 2829 388 2829 477 2829 815 2830 653 2830 477 2830 997 2831 653 2831 815 2831 1065 2832 997 2832 815 2832 815 2833 524 2833 609 2833 933 2834 815 2834 609 2834 1073 2835 815 2835 933 2835 1158 2836 1073 2836 933 2836 933 2837 636 2837 791 2837 1052 2838 933 2838 791 2838 1180 2839 933 2839 1052 2839 1227 2840 1180 2840 1052 2840 1052 2841 834 2841 968 2841 1189 2842 1052 2842 968 2842 1273 2843 1052 2843 1189 2843 1328 2844 1273 2844 1189 2844 1189 2845 1010 2845 1127 2845 1299 2846 1189 2846 1127 2846 1364 2847 1189 2847 1299 2847 1420 2848 1364 2848 1299 2848 1296 2849 1415 2849 1509 2849 1398 2850 1296 2850 1509 2850 1284 2851 1296 2851 1398 2851 1299 2852 1284 2852 1398 2852 1151 2853 1284 2853 1299 2853 1127 2854 1151 2854 1299 2854 1509 2855 1415 2855 1428 2855 1626 2856 1509 2856 1428 2856 1668 2857 1509 2857 1626 2857 1702 2858 1668 2858 1626 2858 1580 2859 1662 2859 1735 2859 1626 2860 1580 2860 1735 2860 1534 2861 1580 2861 1626 2861 1428 2862 1534 2862 1626 2862 1735 2863 1662 2863 1712 2863 1842 2864 1735 2864 1712 2864 1885 2865 1735 2865 1842 2865 1900 2866 1885 2866 1842 2866 1850 2867 1920 2867 1950 2867 1842 2868 1850 2868 1950 2868 1798 2869 1850 2869 1842 2869 1712 2870 1798 2870 1842 2870 1950 2871 1920 2871 1997 2871 2064 2872 1950 2872 1997 2872 2091 2873 1950 2873 2064 2873 2104 2874 2091 2874 2064 2874 2064 2875 2049 2875 2141 2875 2187 2876 2064 2876 2141 2876 2104 2877 2064 2877 2187 2877 2201 2878 2104 2878 2187 2878 2187 2879 2182 2879 2273 2879 2312 2880 2187 2880 2273 2880 2213 2881 2187 2881 2312 2881 2302 2882 2213 2882 2312 2882 2312 2883 2315 2883 2408 2883 2431 2884 2312 2884 2408 2884 2327 2885 2312 2885 2431 2885 2415 2886 2327 2886 2431 2886 2431 2887 2448 2887 2557 2887 2547 2888 2431 2888 2557 2888 2441 2889 2431 2889 2547 2889 2506 2890 2441 2890 2547 2890 2547 2891 2557 2891 2579 2891 2710 2892 2547 2892 2579 2892 2658 2893 2547 2893 2710 2893 2717 2894 2658 2894 2710 2894 2773 2895 2658 2895 2717 2895 2849 2896 2968 2896 2907 2896 2773 2897 2849 2897 2907 2897 2832 2898 2849 2898 2773 2898 2717 2899 2832 2899 2773 2899 2907 2900 2968 2900 2992 2900 3024 2901 2907 2901 2992 2901 2902 2902 2907 2902 3024 2902 2929 2903 2902 2903 3024 2903 3145 2904 3247 2904 3137 2904 3024 2905 3145 2905 3137 2905 3100 2906 3145 2906 3024 2906 2992 2907 3100 2907 3024 2907 3137 2908 3247 2908 3297 2908 3254 2909 3137 2909 3297 2909 3122 2910 3137 2910 3254 2910 3133 2911 3122 2911 3254 2911 3459 2912 3559 2912 3385 2912 3254 2913 3459 2913 3385 2913 3394 2914 3459 2914 3254 2914 3297 2915 3394 2915 3254 2915 3385 2916 3559 2916 3626 2916 3512 2917 3385 2917 3626 2917 3336 2918 3385 2918 3512 2918 3345 2919 3336 2919 3512 2919 3512 2920 3717 2920 3825 2920 3648 2921 3512 2921 3825 2921 3345 2922 3512 2922 3648 2922 3429 2923 3345 2923 3648 2923 3648 2924 3919 2924 4070 2924 3760 2925 3648 2925 4070 2925 3448 2926 3648 2926 3760 2926 3520 2927 3448 2927 3760 2927 3760 2928 4103 2928 4182 2928 3916 2929 3760 2929 4182 2929 3548 2930 3760 2930 3916 2930 3607 2931 3548 2931 3916 2931 3916 2932 4203 2932 4307 2932 4077 2933 3916 2933 4307 2933 3644 2934 3916 2934 4077 2934 3694 2935 3644 2935 4077 2935 4077 2936 4307 2936 4312 2936 4378 2937 4077 2937 4312 2937 4122 2938 4077 2938 4378 2938 4380 2939 4122 2939 4378 2939 4191 2940 4122 2940 4380 2940 4451 2941 4509 2941 4220 2941 4191 2942 4451 2942 4220 2942 4440 2943 4451 2943 4191 2943 4380 2944 4440 2944 4191 2944 4220 2945 4509 2945 4518 2945 4251 2946 4220 2946 4518 2946 3942 2947 4220 2947 4251 2947 3966 2948 3942 2948 4251 2948 4565 2949 4602 2949 4273 2949 4251 2950 4565 2950 4273 2950 4553 2951 4565 2951 4251 2951 4518 2952 4553 2952 4251 2952 4273 2953 4602 2953 4591 2953 4263 2954 4273 2954 4591 2954 3987 2955 4273 2955 4263 2955 3983 2956 3987 2956 4263 2956 4545 2957 4533 2957 4237 2957 4263 2958 4545 2958 4237 2958 4581 2959 4545 2959 4263 2959 4591 2960 4581 2960 4263 2960 4237 2961 4533 2961 4496 2961 4205 2962 4237 2962 4496 2962 3884 2963 4237 2963 4205 2963 3882 2964 3884 2964 4205 2964 4205 2965 4470 2965 4422 2965 4140 2966 4205 2966 4422 2966 3882 2967 4205 2967 4140 2967 3811 2968 3882 2968 4140 2968 4140 2969 4398 2969 4348 2969 4102 2970 4140 2970 4348 2970 3794 2971 4140 2971 4102 2971 3734 2972 3794 2972 4102 2972 4102 2973 4335 2973 4288 2973 4022 2974 4102 2974 4288 2974 3707 2975 4102 2975 4022 2975 3661 2976 3707 2976 4022 2976 4022 2977 4250 2977 4151 2977 3847 2978 4022 2978 4151 2978 3617 2979 4022 2979 3847 2979 3566 2980 3617 2980 3847 2980 3847 2981 4151 2981 4136 2981 4043 2982 3847 2982 4136 2982 3698 2983 3847 2983 4043 2983 4032 2984 3698 2984 4043 2984 3567 2985 3698 2985 4032 2985 3781 2986 3624 2986 3443 2986 3567 2987 3781 2987 3443 2987 3799 2988 3781 2988 3567 2988 4032 2989 3799 2989 3567 2989 3443 2990 3624 2990 3595 2990 3317 2991 3443 2991 3595 2991 3204 2992 3443 2992 3317 2992 3179 2993 3204 2993 3317 2993 3430 2994 3329 2994 3188 2994 3317 2995 3430 2995 3188 2995 3476 2996 3430 2996 3317 2996 3595 2997 3476 2997 3317 2997 3188 2998 3329 2998 3268 2998 3070 2999 3188 2999 3268 2999 2982 3000 3188 3000 3070 3000 2971 3001 2982 3001 3070 3001 3103 3002 3039 3002 2949 3002 3070 3003 3103 3003 2949 3003 3178 3004 3103 3004 3070 3004 3268 3005 3178 3005 3070 3005 2949 3006 3039 3006 2952 3006 2833 3007 2949 3007 2952 3007 2884 3008 2949 3008 2833 3008 2771 3009 2884 3009 2833 3009 2833 3010 2911 3010 2813 3010 2725 3011 2833 3011 2813 3011 2762 3012 2833 3012 2725 3012 2672 3013 2762 3013 2725 3013 2725 3014 2770 3014 2680 3014 2602 3015 2725 3015 2680 3015 2643 3016 2725 3016 2602 3016 2575 3017 2643 3017 2602 3017 2602 3018 2625 3018 2520 3018 2485 3019 2602 3019 2520 3019 2536 3020 2602 3020 2485 3020 2468 3021 2536 3021 2485 3021 2485 3022 2498 3022 2379 3022 2356 3023 2485 3023 2379 3023 2422 3024 2485 3024 2356 3024 2354 3025 2422 3025 2356 3025 2236 3026 2117 3026 2148 3026 2251 3027 2236 3027 2148 3027 2239 3028 2236 3028 2251 3028 2356 3029 2239 3029 2251 3029 2360 3030 2239 3030 2356 3030 2379 3031 2360 3031 2356 3031 2148 3032 2117 3032 2095 3032 2023 3033 2148 3033 2095 3033 2077 3034 2148 3034 2023 3034 2047 3035 2077 3035 2023 3035 1960 3036 1858 3036 1903 3036 2023 3037 1960 3037 1903 3037 1987 3038 1960 3038 2023 3038 2095 3039 1987 3039 2023 3039 1903 3040 1858 3040 1824 3040 1795 3041 1903 3041 1824 3041 1862 3042 1903 3042 1795 3042 1853 3043 1862 3043 1795 3043 1690 3044 1615 3044 1677 3044 1795 3045 1690 3045 1677 3045 1734 3046 1690 3046 1795 3046 1824 3047 1734 3047 1795 3047 1677 3048 1615 3048 1546 3048 1575 3049 1677 3049 1546 3049 1655 3050 1677 3050 1575 3050 1647 3051 1655 3051 1575 3051 1575 3052 1485 3052 1408 3052 1463 3053 1575 3053 1408 3053 1647 3054 1575 3054 1463 3054 1560 3055 1647 3055 1463 3055 1463 3056 1339 3056 1260 3056 1335 3057 1463 3057 1260 3057 1548 3058 1463 3058 1335 3058 1471 3059 1548 3059 1335 3059 1335 3060 1210 3060 1104 3060 1222 3061 1335 3061 1104 3061 1452 3062 1335 3062 1222 3062 1376 3063 1452 3063 1222 3063 1222 3064 1064 3064 938 3064 1113 3065 1222 3065 938 3065 1342 3066 1222 3066 1113 3066 1282 3067 1342 3067 1113 3067 1113 3068 938 3068 906 3068 730 3069 1113 3069 906 3069 1006 3070 1113 3070 730 3070 670 3071 1006 3071 730 3071 871 3072 1006 3072 670 3072 576 3073 871 3073 670 3073 712 3074 871 3074 576 3074 575 3075 712 3075 576 3075 461 3076 712 3076 575 3076 712 3077 461 3077 444 3077 630 3078 712 3078 444 3078 985 3079 712 3079 630 3079 951 3080 985 3080 630 3080 341 3081 312 3081 559 3081 630 3082 341 3082 559 3082 367 3083 341 3083 630 3083 444 3084 367 3084 630 3084 559 3085 312 3085 291 3085 497 3086 559 3086 291 3086 826 3087 559 3087 497 3087 820 3088 826 3088 497 3088 240 3089 216 3089 452 3089 497 3090 240 3090 452 3090 264 3091 240 3091 497 3091 291 3092 264 3092 497 3092 452 3093 216 3093 196 3093 416 3094 452 3094 196 3094 701 3095 452 3095 416 3095 700 3096 701 3096 416 3096 416 3097 173 3097 155 3097 393 3098 416 3098 155 3098 700 3099 416 3099 393 3099 671 3100 700 3100 393 3100 393 3101 129 3101 163 3101 415 3102 393 3102 163 3102 676 3103 393 3103 415 3103 699 3104 676 3104 415 3104 415 3105 171 3105 205 3105 446 3106 415 3106 205 3106 715 3107 415 3107 446 3107 758 3108 715 3108 446 3108 446 3109 215 3109 253 3109 496 3110 446 3110 253 3110 782 3111 446 3111 496 3111 818 3112 782 3112 496 3112 496 3113 253 3113 263 3113 301 3114 496 3114 263 3114 553 3115 496 3115 301 3115 311 3116 553 3116 301 3116 625 3117 553 3117 311 3117 354 3118 453 3118 688 3118 625 3119 354 3119 688 3119 348 3120 354 3120 625 3120 311 3121 348 3121 625 3121 688 3122 453 3122 471 3122 868 3123 688 3123 471 3123 1076 3124 688 3124 868 3124 1095 3125 1076 3125 868 3125 608 3126 668 3126 996 3126 868 3127 608 3127 996 3127 571 3128 608 3128 868 3128 471 3129 571 3129 868 3129 996 3130 668 3130 792 3130 1112 3131 996 3131 792 3131 1271 3132 996 3132 1112 3132 1281 3133 1271 3133 1112 3133 972 3134 1056 3134 1219 3134 1112 3135 972 3135 1219 3135 905 3136 972 3136 1112 3136 792 3137 905 3137 1112 3137 1219 3138 1056 3138 1135 3138 1332 3139 1219 3139 1135 3139 1466 3140 1219 3140 1332 3140 1468 3141 1466 3141 1332 3141 1332 3142 1205 3142 1293 3142 1459 3143 1332 3143 1293 3143 1468 3144 1332 3144 1459 3144 1558 3145 1468 3145 1459 3145 1459 3146 1334 3146 1431 3146 1561 3147 1459 3147 1431 3147 1568 3148 1459 3148 1561 3148 1640 3149 1568 3149 1561 3149 1561 3150 1479 3150 1581 3150 1663 3151 1561 3151 1581 3151 1667 3152 1561 3152 1663 3152 1738 3153 1667 3153 1663 3153 1663 3154 1608 3154 1708 3154 1789 3155 1663 3155 1708 3155 1780 3156 1663 3156 1789 3156 1836 3157 1780 3157 1789 3157 1789 3158 1708 3158 1728 3158 1841 3159 1789 3159 1728 3159 1899 3160 1789 3160 1841 3160 1852 3161 1899 3161 1841 3161 2021 3162 1899 3162 1852 3162 1989 3163 2116 3163 2130 3163 2021 3164 1989 3164 2130 3164 1982 3165 1989 3165 2021 3165 1852 3166 1982 3166 2021 3166 2130 3167 2116 3167 2134 3167 2237 3168 2130 3168 2134 3168 2219 3169 2130 3169 2237 3169 2252 3170 2219 3170 2237 3170 2264 3171 2359 3171 2355 3171 2237 3172 2264 3172 2355 3172 2235 3173 2264 3173 2237 3173 2134 3174 2235 3174 2237 3174 2355 3175 2359 3175 2403 3175 2481 3176 2355 3176 2403 3176 2445 3177 2355 3177 2481 3177 2455 3178 2445 3178 2481 3178 2550 3179 2621 3179 2593 3179 2481 3180 2550 3180 2593 3180 2494 3181 2550 3181 2481 3181 2403 3182 2494 3182 2481 3182 2593 3183 2621 3183 2701 3183 2720 3184 2593 3184 2701 3184 2657 3185 2593 3185 2720 3185 2670 3186 2657 3186 2720 3186 2720 3187 2754 3187 2843 3187 2829 3188 2720 3188 2843 3188 2670 3189 2720 3189 2829 3189 2764 3190 2670 3190 2829 3190 2829 3191 2897 3191 2991 3191 2943 3192 2829 3192 2991 3192 2783 3193 2829 3193 2943 3193 2869 3194 2783 3194 2943 3194 2943 3195 3031 3195 3146 3195 3065 3196 2943 3196 3146 3196 2903 3197 2943 3197 3065 3197 2967 3198 2903 3198 3065 3198 3065 3199 3173 3199 3303 3199 3185 3200 3065 3200 3303 3200 3014 3201 3065 3201 3185 3201 3069 3202 3014 3202 3185 3202 3185 3203 3303 3203 3315 3203 3469 3204 3185 3204 3315 3204 3316 3205 3185 3205 3469 3205 3473 3206 3316 3206 3469 3206 3441 3207 3316 3207 3473 3207 3636 3208 3793 3208 3564 3208 3441 3209 3636 3209 3564 3209 3615 3210 3636 3210 3441 3210 3473 3211 3615 3211 3441 3211 3564 3212 3793 3212 3830 3212 3692 3213 3564 3213 3830 3213 3445 3214 3564 3214 3692 3214 3478 3215 3445 3215 3692 3215 4071 3216 4130 3216 3838 3216 3692 3217 4071 3217 3838 3217 4025 3218 4071 3218 3692 3218 3830 3219 4025 3219 3692 3219 3838 3220 4130 3220 4179 3220 4018 3221 3838 3221 4179 3221 3649 3222 3838 3222 4018 3222 3655 3223 3649 3223 4018 3223 4299 3224 4331 3224 4101 3224 4018 3225 4299 3225 4101 3225 4240 3226 4299 3226 4018 3226 4179 3227 4240 3227 4018 3227 4101 3228 4331 3228 4368 3228 4138 3229 4101 3229 4368 3229 3730 3230 4101 3230 4138 3230 3801 3231 3730 3231 4138 3231 4138 3232 4396 3232 4445 3232 4204 3233 4138 3233 4445 3233 3813 3234 4138 3234 4204 3234 3880 3235 3813 3235 4204 3235 4204 3236 4468 3236 4516 3236 4236 3237 4204 3237 4516 3237 3891 3238 4204 3238 4236 3238 3922 3239 3891 3239 4236 3239 4236 3240 4532 3240 4566 3240 4262 3241 4236 3241 4566 3241 3943 3242 4236 3242 4262 3242 3980 3243 3943 3243 4262 3243 4262 3244 4580 3244 4600 3244 4274 3245 4262 3245 4600 3245 3992 3246 4262 3246 4274 3246 4008 3247 3992 3247 4274 3247 4555 3248 4510 3248 4222 3248 4252 3249 4555 3249 4222 3249 4556 3250 4555 3250 4252 3250 4274 3251 4556 3251 4252 3251 4604 3252 4556 3252 4274 3252 4600 3253 4604 3253 4274 3253 4222 3254 4510 3254 4506 3254 4194 3255 4222 3255 4506 3255 3873 3256 4222 3256 4194 3256 3855 3257 3873 3257 4194 3257 4426 3258 4383 3258 4125 3258 4194 3259 4426 3259 4125 3259 4454 3260 4426 3260 4194 3260 4506 3261 4454 3261 4194 3261 4125 3262 4383 3262 4347 3262 4086 3263 4125 3263 4347 3263 3708 3264 4125 3264 4086 3264 3700 3265 3708 3265 4086 3265 4282 3266 4207 3266 3934 3266 4086 3267 4282 3267 3934 3267 4316 3268 4282 3268 4086 3268 4347 3269 4316 3269 4086 3269 3934 3270 4207 3270 4141 3270 3762 3271 3934 3271 4141 3271 3534 3272 3934 3272 3762 3272 3531 3273 3534 3273 3762 3273 3762 3274 4105 3274 4033 3274 3653 3275 3762 3275 4033 3275 3531 3276 3762 3276 3653 3276 3438 3277 3531 3277 3653 3277 3653 3278 3923 3278 3774 3278 3514 3279 3653 3279 3774 3279 3416 3280 3653 3280 3514 3280 3346 3281 3416 3281 3514 3281 3514 3282 3720 3282 3593 3282 3387 3283 3514 3283 3593 3283 3323 3284 3514 3284 3387 3284 3240 3285 3323 3285 3387 3285 3387 3286 3561 3286 3431 3286 3261 3287 3387 3287 3431 3287 3205 3288 3387 3288 3261 3288 3136 3289 3205 3289 3261 3289 3261 3290 3431 3290 3397 3290 3273 3291 3261 3291 3397 3291 3152 3292 3261 3292 3273 3292 3251 3293 3152 3293 3273 3293 3028 3294 3152 3294 3251 3294 3114 3295 2974 3295 2913 3295 3028 3296 3114 3296 2913 3296 3127 3297 3114 3297 3028 3297 3251 3298 3127 3298 3028 3298 2913 3299 2974 3299 2961 3299 2789 3300 2913 3300 2961 3300 2759 3301 2913 3301 2789 3301 2732 3302 2759 3302 2789 3302 2816 3303 2723 3303 2673 3303 2789 3304 2816 3304 2673 3304 2854 3305 2816 3305 2789 3305 2961 3306 2854 3306 2789 3306 2673 3307 2723 3307 2681 3307 2549 3308 2673 3308 2681 3308 2537 3309 2673 3309 2549 3309 2509 3310 2537 3310 2549 3310 2519 3311 2449 3311 2433 3311 2549 3312 2519 3312 2433 3312 2583 3313 2519 3313 2549 3313 2681 3314 2583 3314 2549 3314 2433 3315 2449 3315 2377 3315 2314 3316 2433 3316 2377 3316 2311 3317 2433 3317 2314 3317 2308 3318 2311 3318 2314 3318 2314 3319 2317 3319 2246 3319 2189 3320 2314 3320 2246 3320 2308 3321 2314 3321 2189 3321 2205 3322 2308 3322 2189 3322 2189 3323 2183 3323 2100 3323 2068 3324 2189 3324 2100 3324 2192 3325 2189 3325 2068 3325 2112 3326 2192 3326 2068 3326 2068 3327 2051 3327 1961 3327 1969 3328 2068 3328 1961 3328 2076 3329 2068 3329 1969 3329 2017 3330 2076 3330 1969 3330 1969 3331 1925 3331 1819 3331 1855 3332 1969 3332 1819 3332 1978 3333 1969 3333 1855 3333 1905 3334 1978 3334 1855 3334 1855 3335 1819 3335 1802 3335 1682 3336 1855 3336 1802 3336 1744 3337 1855 3337 1682 3337 1678 3338 1744 3338 1682 3338 1632 3339 1744 3339 1678 3339 1537 3340 1423 3340 1515 3340 1632 3341 1537 3341 1515 3341 1557 3342 1537 3342 1632 3342 1678 3343 1557 3343 1632 3343 1515 3344 1423 3344 1402 3344 1411 3345 1515 3345 1402 3345 1551 3346 1515 3346 1411 3346 1513 3347 1551 3347 1411 3347 1259 3348 1157 3348 1303 3348 1411 3349 1259 3349 1303 3349 1298 3350 1259 3350 1411 3350 1402 3351 1298 3351 1411 3351 1303 3352 1157 3352 1105 3352 1190 3353 1303 3353 1105 3353 1340 3354 1303 3354 1190 3354 1330 3355 1340 3355 1190 3355 943 3356 839 3356 1059 3356 1190 3357 943 3357 1059 3357 1014 3358 943 3358 1190 3358 1105 3359 1014 3359 1190 3359 1059 3360 839 3360 741 3360 946 3361 1059 3361 741 3361 1167 3362 1059 3362 946 3362 1159 3363 1167 3363 946 3363 946 3364 640 3364 586 3364 821 3365 946 3365 586 3365 1159 3366 946 3366 821 3366 1069 3367 1159 3367 821 3367 821 3368 532 3368 448 3368 659 3369 821 3369 448 3369 1057 3370 821 3370 659 3370 1008 3371 1057 3371 659 3371 659 3372 402 3372 340 3372 597 3373 659 3373 340 3373 984 3374 659 3374 597 3374 921 3375 984 3375 597 3375 597 3376 330 3376 285 3376 533 3377 597 3377 285 3377 898 3378 597 3378 533 3378 856 3379 898 3379 533 3379 533 3380 285 3380 277 3380 231 3381 533 3381 277 3381 480 3382 533 3382 231 3382 229 3383 480 3383 231 3383 429 3384 480 3384 229 3384 185 3385 145 3385 406 3385 429 3386 185 3386 406 3386 190 3387 185 3387 429 3387 229 3388 190 3388 429 3388 406 3389 145 3389 143 3389 400 3390 406 3390 143 3390 683 3391 406 3391 400 3391 680 3392 683 3392 400 3392 161 3393 182 3393 425 3393 400 3394 161 3394 425 3394 138 3395 161 3395 400 3395 143 3396 138 3396 400 3396 425 3397 182 3397 206 3397 464 3398 425 3398 206 3398 779 3399 425 3399 464 3399 798 3400 779 3400 464 3400 258 3401 274 3401 517 3401 464 3402 258 3402 517 3402 226 3403 258 3403 464 3403 206 3404 226 3404 464 3404 517 3405 274 3405 310 3405 577 3406 517 3406 310 3406 902 3407 517 3407 577 3407 909 3408 902 3408 577 3408 577 3409 324 3409 364 3409 642 3410 577 3410 364 3410 909 3411 577 3411 642 3411 977 3412 909 3412 642 3412 642 3413 383 3413 473 3413 799 3414 642 3414 473 3414 1000 3415 642 3415 799 3415 1051 3416 1000 3416 799 3416 799 3417 500 3417 607 3417 919 3418 799 3418 607 3418 1075 3419 799 3419 919 3419 1145 3420 1075 3420 919 3420 919 3421 626 3421 788 3421 1040 3422 919 3422 788 3422 1182 3423 919 3423 1040 3423 1220 3424 1182 3424 1040 3424 976 3425 1117 3425 1279 3425 1168 3426 976 3426 1279 3426 963 3427 976 3427 1168 3427 1040 3428 963 3428 1168 3428 807 3429 963 3429 1040 3429 788 3430 807 3430 1040 3430 1279 3431 1117 3431 1126 3431 1385 3432 1279 3432 1126 3432 1475 3433 1279 3433 1385 3433 1501 3434 1475 3434 1385 3434 1286 3435 1392 3435 1498 3435 1385 3436 1286 3436 1498 3436 1267 3437 1286 3437 1385 3437 1126 3438 1267 3438 1385 3438 1498 3439 1392 3439 1430 3439 1613 3440 1498 3440 1430 3440 1666 3441 1498 3441 1613 3441 1692 3442 1666 3442 1613 3442 1582 3443 1642 3443 1723 3443 1613 3444 1582 3444 1723 3444 1516 3445 1582 3445 1613 3445 1430 3446 1516 3446 1613 3446 1723 3447 1642 3447 1715 3447 1830 3448 1723 3448 1715 3448 1881 3449 1723 3449 1830 3449 1883 3450 1881 3450 1830 3450 1830 3451 1774 3451 1851 3451 1938 3452 1830 3452 1851 3452 1883 3453 1830 3453 1938 3453 1984 3454 1883 3454 1938 3454 1938 3455 1902 3455 1998 3455 2052 3456 1938 3456 1998 3456 2004 3457 1938 3457 2052 3457 2070 3458 2004 3458 2052 3458 2052 3459 2037 3459 2140 3459 2177 3460 2052 3460 2140 3460 2106 3461 2052 3461 2177 3461 2184 3462 2106 3462 2177 3462 2177 3463 2168 3463 2274 3463 2295 3464 2177 3464 2274 3464 2214 3465 2177 3465 2295 3465 2294 3466 2214 3466 2295 3466 2295 3467 2296 3467 2410 3467 2413 3468 2295 3468 2410 3468 2324 3469 2295 3469 2413 3469 2391 3470 2324 3470 2413 3470 2561 3471 2691 3471 2628 3471 2512 3472 2561 3472 2628 3472 2559 3473 2561 3473 2512 3473 2413 3474 2559 3474 2512 3474 2426 3475 2559 3475 2413 3475 2410 3476 2426 3476 2413 3476 2628 3477 2691 3477 2709 3477 2753 3478 2628 3478 2709 3478 2666 3479 2628 3479 2753 3479 2714 3480 2666 3480 2753 3480 2845 3481 2945 3481 2885 3481 2753 3482 2845 3482 2885 3482 2805 3483 2845 3483 2753 3483 2709 3484 2805 3484 2753 3484 2885 3485 2945 3485 2990 3485 3002 3486 2885 3486 2990 3486 2904 3487 2885 3487 3002 3487 2915 3488 2904 3488 3002 3488 3141 3489 3230 3489 3116 3489 3002 3490 3141 3490 3116 3490 3078 3491 3141 3491 3002 3491 2990 3492 3078 3492 3002 3492 3116 3493 3230 3493 3295 3493 3241 3494 3116 3494 3295 3494 3113 3495 3116 3495 3241 3495 3125 3496 3113 3496 3241 3496 3241 3497 3376 3497 3458 3497 3366 3498 3241 3498 3458 3498 3125 3499 3241 3499 3366 3499 3218 3500 3125 3500 3366 3500 3366 3501 3533 3501 3628 3501 3491 3502 3366 3502 3628 3502 3232 3503 3366 3503 3491 3503 3326 3504 3232 3504 3491 3504 3491 3505 3691 3505 3828 3505 3608 3506 3491 3506 3828 3506 3341 3507 3491 3507 3608 3507 3404 3508 3341 3508 3608 3508 3608 3509 3892 3509 4073 3509 3742 3510 3608 3510 4073 3510 3446 3511 3608 3511 3742 3511 3506 3512 3446 3512 3742 3512 3742 3513 4073 3513 4096 3513 4187 3514 3742 3514 4096 3514 3900 3515 3742 3515 4187 3515 4192 3516 3900 3516 4187 3516 4052 3517 3900 3517 4192 3517 4308 3518 4357 3518 4113 3518 4052 3519 4308 3519 4113 3519 4297 3520 4308 3520 4052 3520 4192 3521 4297 3521 4052 3521 4113 3522 4357 3522 4376 3522 4174 3523 4113 3523 4376 3523 3808 3524 4113 3524 4174 3524 3843 3525 3808 3525 4174 3525 4447 3526 4488 3526 4216 3526 4174 3527 4447 3527 4216 3527 4418 3528 4447 3528 4174 3528 4376 3529 4418 3529 4174 3529 4216 3530 4488 3530 4515 3530 4248 3531 4216 3531 4515 3531 3944 3532 4216 3532 4248 3532 3953 3533 3944 3533 4248 3533 4561 3534 4596 3534 4271 3534 4248 3535 4561 3535 4271 3535 4541 3536 4561 3536 4248 3536 4515 3537 4541 3537 4248 3537 4271 3538 4596 3538 4587 3538 4266 3539 4271 3539 4587 3539 3995 3540 4271 3540 4266 3540 3993 3541 3995 3541 4266 3541 4266 3542 4584 3542 4544 3542 4242 3543 4266 3543 4544 3543 3993 3544 4266 3544 4242 3544 3941 3545 3993 3545 4242 3545 4242 3546 4536 3546 4498 3546 4208 3547 4242 3547 4498 3547 3933 3548 4242 3548 4208 3548 3896 3549 3933 3549 4208 3549 4208 3550 4479 3550 4425 3550 4160 3551 4208 3551 4425 3551 3876 3552 4208 3552 4160 3552 3823 3553 3876 3553 4160 3553 4160 3554 4411 3554 4352 3554 4108 3555 4160 3555 4352 3555 3791 3556 4160 3556 4108 3556 3743 3557 3791 3557 4108 3557 4108 3558 4352 3558 4341 3558 4291 3559 4108 3559 4341 3559 4031 3560 4108 3560 4291 3560 4284 3561 4031 3561 4291 3561 3866 3562 4031 3562 4284 3562 4152 3563 4062 3563 3715 3563 3866 3564 4152 3564 3715 3564 4162 3565 4152 3565 3866 3565 4284 3566 4162 3566 3866 3566 3715 3567 4062 3567 4042 3567 3581 3568 3715 3568 4042 3568 3412 3569 3715 3569 3581 3569 3390 3570 3412 3570 3581 3570 3777 3571 3659 3571 3471 3571 3581 3572 3777 3572 3471 3572 3845 3573 3777 3573 3581 3573 4042 3574 3845 3574 3581 3574 3471 3575 3659 3575 3592 3575 3347 3576 3471 3576 3592 3576 3206 3577 3471 3577 3347 3577 3189 3578 3206 3578 3347 3578 3426 3579 3354 3579 3215 3579 3347 3580 3426 3580 3215 3580 3493 3581 3426 3581 3347 3581 3592 3582 3493 3582 3347 3582 3215 3583 3354 3583 3265 3583 3083 3584 3215 3584 3265 3584 2999 3585 3215 3585 3083 3585 2984 3586 2999 3586 3083 3586 3083 3587 3192 3587 3104 3587 2970 3588 3083 3588 3104 3588 2984 3589 3083 3589 2970 3589 2898 3590 2984 3590 2970 3590 2970 3591 3063 3591 2956 3591 2864 3592 2970 3592 2956 3592 2882 3593 2970 3593 2864 3593 2791 3594 2882 3594 2864 3594 2864 3595 2930 3595 2817 3595 2741 3596 2864 3596 2817 3596 2760 3597 2864 3597 2741 3597 2694 3598 2760 3598 2741 3598 2741 3599 2793 3599 2683 3599 2614 3600 2741 3600 2683 3600 2641 3601 2741 3601 2614 3601 2584 3602 2641 3602 2614 3602 2614 3603 2683 3603 2655 3603 2524 3604 2614 3604 2655 3604 2497 3605 2614 3605 2524 3605 2511 3606 2497 3606 2524 3606 2370 3607 2497 3607 2511 3607 2382 3608 2259 3608 2262 3608 2370 3609 2382 3609 2262 3609 2389 3610 2382 3610 2370 3610 2511 3611 2389 3611 2370 3611 2262 3612 2259 3612 2245 3612 2162 3613 2262 3613 2245 3613 2194 3614 2262 3614 2162 3614 2169 3615 2194 3615 2162 3615 2099 3616 2018 3616 2039 3616 2162 3617 2099 3617 2039 3617 2150 3618 2099 3618 2162 3618 2245 3619 2150 3619 2162 3619 2039 3620 2018 3620 1962 3620 1917 3621 2039 3621 1962 3621 1975 3622 2039 3622 1917 3622 1966 3623 1975 3623 1917 3623 1827 3624 1751 3624 1808 3624 1917 3625 1827 3625 1808 3625 1879 3626 1827 3626 1917 3626 1962 3627 1879 3627 1917 3627 1808 3628 1751 3628 1691 3628 1700 3629 1808 3629 1691 3629 1860 3630 1808 3630 1700 3630 1771 3631 1860 3631 1700 3631 1700 3632 1629 3632 1544 3632 1601 3633 1700 3633 1544 3633 1756 3634 1700 3634 1601 3634 1672 3635 1756 3635 1601 3635 1601 3636 1502 3636 1404 3636 1481 3637 1601 3637 1404 3637 1649 3638 1601 3638 1481 3638 1591 3639 1649 3639 1481 3639 1481 3640 1372 3640 1258 3640 1357 3641 1481 3641 1258 3641 1550 3642 1481 3642 1357 3642 1486 3643 1550 3643 1357 3643 1357 3644 1225 3644 1101 3644 1234 3645 1357 3645 1101 3645 1454 3646 1357 3646 1234 3646 1386 3647 1454 3647 1234 3647 931 3648 750 3648 1024 3648 1124 3649 931 3649 1024 3649 935 3650 931 3650 1124 3650 1234 3651 935 3651 1124 3651 1090 3652 935 3652 1234 3652 1101 3653 1090 3653 1234 3653 1024 3654 750 3654 729 3654 888 3655 1024 3655 729 3655 1165 3656 1024 3656 888 3656 1115 3657 1165 3657 888 3657 580 3658 485 3658 756 3658 888 3659 580 3659 756 3659 599 3660 580 3660 888 3660 729 3661 599 3661 888 3661 756 3662 485 3662 447 3662 634 3663 756 3663 447 3663 983 3664 756 3664 634 3664 959 3665 983 3665 634 3665 343 3666 316 3666 568 3666 634 3667 343 3667 568 3667 375 3668 343 3668 634 3668 447 3669 375 3669 634 3669 568 3670 316 3670 294 3670 504 3671 568 3671 294 3671 828 3672 568 3672 504 3672 824 3673 828 3673 504 3673 504 3674 269 3674 241 3674 456 3675 504 3675 241 3675 824 3676 504 3676 456 3676 772 3677 824 3677 456 3677 456 3678 220 3678 195 3678 419 3679 456 3679 195 3679 762 3680 456 3680 419 3680 710 3681 762 3681 419 3681 419 3682 177 3682 149 3682 395 3683 419 3683 149 3683 702 3684 419 3684 395 3684 672 3685 702 3685 395 3685 395 3686 133 3686 160 3686 412 3687 395 3687 160 3687 682 3688 395 3688 412 3688 697 3689 682 3689 412 3689 412 3690 160 3690 168 3690 203 3691 412 3691 168 3691 437 3692 412 3692 203 3692 212 3693 437 3693 203 3693 488 3694 437 3694 212 3694 249 3695 295 3695 546 3695 488 3696 249 3696 546 3696 247 3697 249 3697 488 3697 212 3698 247 3698 488 3698 546 3699 295 3699 302 3699 617 3700 546 3700 302 3700 914 3701 546 3701 617 3701 927 3702 914 3702 617 3702 360 3703 427 3703 666 3703 617 3704 360 3704 666 3704 333 3705 360 3705 617 3705 302 3706 333 3706 617 3706 666 3707 427 3707 474 3707 850 3708 666 3708 474 3708 1074 3709 666 3709 850 3709 1088 3710 1074 3710 850 3710 610 3711 657 3711 964 3711 850 3712 610 3712 964 3712 555 3713 610 3713 850 3713 474 3714 555 3714 850 3714 964 3715 657 3715 795 3715 1089 3716 964 3716 795 3716 1268 3717 964 3717 1089 3717 1269 3718 1268 3718 1089 3718 1089 3719 878 3719 974 3719 1207 3720 1089 3720 974 3720 1269 3721 1089 3721 1207 3721 1351 3722 1269 3722 1207 3722 1207 3723 1038 3723 1134 3723 1323 3724 1207 3724 1134 3724 1360 3725 1207 3725 1323 3725 1449 3726 1360 3726 1323 3726 1323 3727 1192 3727 1289 3727 1438 3728 1323 3728 1289 3728 1469 3729 1323 3729 1438 3729 1530 3730 1469 3730 1438 3730 1438 3731 1321 3731 1429 3731 1533 3732 1438 3732 1429 3732 1570 3733 1438 3733 1533 3733 1630 3734 1570 3734 1533 3734 1533 3735 1429 3735 1458 3735 1578 3736 1533 3736 1458 3736 1646 3737 1533 3737 1578 3737 1590 3738 1646 3738 1578 3738 1766 3739 1646 3739 1590 3739 1707 3740 1828 3740 1876 3740 1766 3741 1707 3741 1876 3741 1701 3742 1707 3742 1766 3742 1590 3743 1701 3743 1766 3743 1876 3744 1828 3744 1843 3744 2000 3745 1876 3745 1843 3745 2009 3746 1876 3746 2000 3746 2031 3747 2009 3747 2000 3747 1993 3748 2081 3748 2115 3748 2000 3749 1993 3749 2115 3749 1947 3750 1993 3750 2000 3750 1843 3751 1947 3751 2000 3751 2115 3752 2081 3752 2136 3752 2226 3753 2115 3753 2136 3753 2217 3754 2115 3754 2226 3754 2231 3755 2217 3755 2226 3755 2270 3756 2348 3756 2345 3756 2226 3757 2270 3757 2345 3757 2221 3758 2270 3758 2226 3758 2136 3759 2221 3759 2226 3759 2345 3760 2348 3760 2402 3760 2458 3761 2345 3761 2402 3761 2436 3762 2345 3762 2458 3762 2446 3763 2436 3763 2458 3763 2458 3764 2480 3764 2551 3764 2578 3765 2458 3765 2551 3765 2446 3766 2458 3766 2578 3766 2545 3767 2446 3767 2578 3767 2578 3768 2606 3768 2705 3768 2696 3769 2578 3769 2705 3769 2568 3770 2578 3770 2696 3770 2629 3771 2568 3771 2696 3771 2696 3772 2739 3772 2846 3772 2803 3773 2696 3773 2846 3773 2667 3774 2696 3774 2803 3774 2747 3775 2667 3775 2803 3775 2803 3776 2872 3776 2993 3776 2928 3777 2803 3777 2993 3777 2781 3778 2803 3778 2928 3778 2855 3779 2781 3779 2928 3779 2928 3780 2993 3780 3009 3780 3149 3781 2928 3781 3009 3781 3048 3782 2928 3782 3149 3782 3153 3783 3048 3783 3149 3783 3174 3784 3048 3784 3153 3784 3304 3785 3440 3785 3293 3785 3174 3786 3304 3786 3293 3786 3289 3787 3304 3787 3174 3787 3153 3788 3289 3788 3174 3788 3293 3789 3440 3789 3468 3789 3407 3790 3293 3790 3468 3790 3226 3791 3293 3791 3407 3791 3252 3792 3226 3792 3407 3792 3632 3793 3757 3793 3553 3793 3407 3794 3632 3794 3553 3794 3585 3795 3632 3795 3407 3795 3468 3796 3585 3796 3407 3796 3553 3797 3757 3797 3827 3797 3672 3798 3553 3798 3827 3798 3447 3799 3553 3799 3672 3799 3456 3800 3447 3800 3672 3800 4069 3801 4121 3801 3802 3801 3672 3802 4069 3802 3802 3802 4015 3803 4069 3803 3672 3803 3827 3804 4015 3804 3672 3804 3802 3805 4121 3805 4177 3805 3976 3806 3802 3806 4177 3806 3638 3807 3802 3807 3976 3807 3650 3808 3638 3808 3976 3808 3976 3809 4223 3809 4300 3809 4094 3810 3976 3810 4300 3810 3650 3811 3976 3811 4094 3811 3712 3812 3650 3812 4094 3812 4094 3813 4325 3813 4373 3813 4129 3814 4094 3814 4373 3814 3729 3815 4094 3815 4129 3815 3784 3816 3729 3816 4129 3816 4129 3817 4390 3817 4448 3817 4200 3818 4129 3818 4448 3818 3809 3819 4129 3819 4200 3819 3864 3820 3809 3820 4200 3820 4200 3821 4464 3821 4519 3821 4231 3822 4200 3822 4519 3822 3889 3823 4200 3823 4231 3823 3917 3824 3889 3824 4231 3824 4577 3825 4609 3825 4276 3825 4257 3826 4577 3826 4276 3826 4573 3827 4577 3827 4257 3827 4231 3828 4573 3828 4257 3828 4528 3829 4573 3829 4231 3829 4519 3830 4528 3830 4231 3830 4276 3831 4609 3831 4601 3831 4254 3832 4276 3832 4601 3832 3981 3833 4276 3833 4254 3833 3972 3834 3981 3834 4254 3834 4552 3835 4527 3835 4228 3835 4254 3836 4552 3836 4228 3836 4569 3837 4552 3837 4254 3837 4601 3838 4569 3838 4254 3838 4228 3839 4527 3839 4500 3839 4199 3840 4228 3840 4500 3840 3932 3841 4228 3841 4199 3841 3924 3842 3932 3842 4199 3842 4423 3843 4391 3843 4131 3843 4199 3844 4423 3844 4131 3844 4463 3845 4423 3845 4199 3845 4500 3846 4463 3846 4199 3846 4131 3847 4391 3847 4344 3847 4095 3848 4131 3848 4344 3848 3861 3849 4131 3849 4095 3849 3842 3850 3861 3850 4095 3850 4095 3851 4327 3851 4281 3851 3977 3852 4095 3852 4281 3852 3745 3853 4095 3853 3977 3853 3731 3854 3745 3854 3977 3854 3977 3855 4224 3855 4143 3855 3798 3856 3977 3856 4143 3856 3699 3857 3977 3857 3798 3857 3688 3858 3699 3858 3798 3858 3798 3859 4118 3859 4038 3859 3666 3860 3798 3860 4038 3860 3603 3861 3798 3861 3666 3861 3571 3862 3603 3862 3666 3862 3666 3863 4006 3863 3778 3863 3540 3864 3666 3864 3778 3864 3502 3865 3666 3865 3540 3865 3487 3866 3502 3866 3540 3866 3540 3867 3749 3867 3597 3867 3400 3868 3540 3868 3597 3868 3388 3869 3540 3869 3400 3869 3384 3870 3388 3870 3400 3870 3286 3871 3164 3871 3171 3871 3176 3872 3286 3872 3171 3872 3423 3873 3286 3873 3176 3873 3288 3874 3423 3874 3176 3874 3435 3875 3423 3875 3288 3875 3400 3876 3435 3876 3288 3876 3576 3877 3435 3877 3400 3877 3597 3878 3576 3878 3400 3878 2219 3879 2228 3879 2215 3879 2394 3880 2303 3880 2357 3880 2425 3881 2394 3881 2357 3881 2421 3882 2394 3882 2425 3882 3236 3883 3336 3883 3311 3883 3229 3884 3236 3884 3311 3884 3233 3885 3236 3885 3229 3885 3200 3886 3233 3886 3229 3886 3133 3887 3233 3887 3200 3887 3123 3888 3133 3888 3200 3888 3122 3889 3133 3889 3123 3889 3098 3890 3122 3890 3123 3890 3033 3891 3122 3891 3098 3891 3020 3892 3033 3892 3098 3892 3016 3893 3033 3893 3020 3893 3005 3894 3016 3894 3020 3894 2929 3895 3016 3895 3005 3895 2908 3896 2929 3896 3005 3896 2902 3897 2929 3897 2908 3897 2906 3898 2902 3898 2908 3898 2824 3899 2902 3899 2906 3899 2794 3900 2824 3900 2906 3900 2780 3901 2824 3901 2794 3901 2784 3902 2780 3902 2794 3902 2726 3903 2780 3903 2784 3903 2697 3904 2726 3904 2784 3904 2663 3905 2726 3905 2697 3905 2668 3906 2663 3906 2697 3906 2612 3907 2663 3907 2668 3907 2590 3908 2612 3908 2668 3908 2563 3909 2612 3909 2590 3909 2564 3910 2563 3910 2590 3910 2506 3911 2563 3911 2564 3911 2489 3912 2506 3912 2564 3912 2441 3913 2506 3913 2489 3913 2440 3914 2441 3914 2489 3914 2415 3915 2441 3915 2440 3915 2371 3916 2415 3916 2440 3916 2327 3917 2415 3917 2371 3917 2326 3918 2327 3918 2371 3918 2302 3919 2327 3919 2326 3919 2286 3920 2302 3920 2326 3920 2213 3921 2302 3921 2286 3921 2216 3922 2213 3922 2286 3922 2201 3923 2213 3923 2216 3923 2178 3924 2201 3924 2216 3924 2104 3925 2201 3925 2178 3925 2108 3926 2104 3926 2178 3926 2091 3927 2104 3927 2108 3927 2061 3928 2091 3928 2108 3928 2013 3929 2091 3929 2061 3929 2005 3930 2013 3930 2061 3930 2003 3931 2013 3931 2005 3931 1970 3932 2003 3932 2005 3932 1900 3933 2003 3933 1970 3933 1884 3934 1900 3934 1970 3934 1885 3935 1900 3935 1884 3935 1871 3936 1885 3936 1884 3936 1799 3937 1885 3937 1871 3937 1776 3938 1799 3938 1871 3938 1779 3939 1799 3939 1776 3939 1773 3940 1779 3940 1776 3940 1702 3941 1779 3941 1773 3941 1673 3942 1702 3942 1773 3942 1668 3943 1702 3943 1673 3943 1665 3944 1668 3944 1673 3944 1616 3945 1668 3945 1665 3945 1596 3946 1616 3946 1665 3946 1574 3947 1616 3947 1596 3947 1569 3948 1574 3948 1596 3948 1510 3949 1574 3949 1569 3949 1494 3950 1510 3950 1569 3950 1476 3951 1510 3951 1494 3951 1473 3952 1476 3952 1494 3952 1420 3953 1476 3953 1473 3953 1393 3954 1420 3954 1473 3954 1364 3955 1420 3955 1393 3955 1365 3956 1364 3956 1393 3956 1328 3957 1364 3957 1365 3957 1311 3958 1328 3958 1365 3958 1273 3959 1328 3959 1311 3959 1277 3960 1273 3960 1311 3960 1227 3961 1273 3961 1277 3961 1213 3962 1227 3962 1277 3962 1180 3963 1227 3963 1213 3963 1183 3964 1180 3964 1213 3964 1158 3965 1180 3965 1183 3965 1121 3966 1158 3966 1183 3966 1073 3967 1158 3967 1121 3967 1077 3968 1073 3968 1121 3968 1065 3969 1073 3969 1077 3969 1044 3970 1065 3970 1077 3970 997 3971 1065 3971 1044 3971 1002 3972 997 3972 1044 3972 995 3973 997 3973 1002 3973 960 3974 995 3974 1002 3974 917 3975 995 3975 960 3975 911 3976 917 3976 960 3976 908 3977 917 3977 911 3977 890 3978 908 3978 911 3978 854 3979 908 3979 890 3979 842 3980 854 3980 890 3980 845 3981 854 3981 842 3981 833 3982 845 3982 842 3982 802 3983 845 3983 833 3983 776 3984 802 3984 833 3984 783 3985 802 3985 776 3985 775 3986 783 3986 776 3986 744 3987 783 3987 775 3987 722 3988 744 3988 775 3988 719 3989 744 3989 722 3989 714 3990 719 3990 722 3990 689 3991 719 3991 714 3991 675 3992 689 3992 714 3992 686 3993 689 3993 675 3993 679 3994 686 3994 675 3994 681 3995 686 3995 679 3995 693 3996 681 3996 679 3996 708 3997 681 3997 693 3997 705 3998 708 3998 693 3998 740 3999 708 3999 705 3999 748 4000 740 4000 705 4000 767 4001 740 4001 748 4001 766 4002 767 4002 748 4002 800 4003 767 4003 766 4003 810 4004 800 4004 766 4004 829 4005 800 4005 810 4005 831 4006 829 4006 810 4006 851 4007 829 4007 831 4007 865 4008 851 4008 831 4008 895 4009 851 4009 865 4009 900 4010 895 4010 865 4010 907 4011 895 4011 900 4011 926 4012 907 4012 900 4012 982 4013 907 4013 926 4013 986 4014 982 4014 926 4014 993 4015 982 4015 986 4015 1015 4016 993 4016 986 4016 1053 4017 993 4017 1015 4017 1061 4018 1053 4018 1015 4018 1054 4019 1053 4019 1061 4019 1084 4020 1054 4020 1061 4020 1148 4021 1054 4021 1084 4021 1161 4022 1148 4022 1084 4022 1160 4023 1148 4023 1161 4023 1174 4024 1160 4024 1161 4024 1223 4025 1160 4025 1174 4025 1236 4026 1223 4026 1174 4026 1239 4027 1223 4027 1236 4027 1247 4028 1239 4028 1236 4028 1319 4029 1239 4029 1247 4029 1336 4030 1319 4030 1247 4030 1343 4031 1319 4031 1336 4031 1337 4032 1343 4032 1336 4032 1412 4033 1343 4033 1337 4033 1440 4034 1412 4034 1337 4034 1455 4035 1412 4035 1440 4035 1451 4036 1455 4036 1440 4036 1505 4037 1455 4037 1451 4037 1521 4038 1505 4038 1451 4038 1554 4039 1505 4039 1521 4039 1549 4040 1554 4040 1521 4040 1612 4041 1554 4041 1549 4041 1628 4042 1612 4042 1549 4042 1654 4043 1612 4043 1628 4043 1650 4044 1654 4044 1628 4044 1697 4045 1654 4045 1650 4045 1729 4046 1697 4046 1650 4046 1761 4047 1697 4047 1729 4047 1760 4048 1761 4048 1729 4048 1796 4049 1761 4049 1760 4049 1814 4050 1796 4050 1760 4050 1864 4051 1796 4051 1814 4051 1866 4052 1864 4052 1814 4052 1896 4053 1864 4053 1866 4053 1914 4054 1896 4054 1866 4054 1976 4055 1896 4055 1914 4055 1979 4056 1976 4056 1914 4056 1999 4057 1976 4057 1979 4057 2028 4058 1999 4058 1979 4058 2072 4059 1999 4059 2028 4059 2078 4060 2072 4060 2028 4060 2082 4061 2072 4061 2078 4061 2120 4062 2082 4062 2078 4062 2185 4063 2082 4063 2120 4063 2195 4064 2185 4064 2120 4064 2190 4065 2185 4065 2195 4065 2224 4066 2190 4066 2195 4066 2297 4067 2190 4067 2224 4067 2309 4068 2297 4068 2224 4068 2303 4069 2297 4069 2309 4069 2321 4070 2303 4070 2309 4070 2357 4071 2303 4071 2321 4071 2158 4072 2219 4072 2215 4072 2121 4073 2158 4073 2215 4073 2111 4074 2158 4074 2121 4074 2107 4075 2111 4075 2121 4075 2043 4076 2111 4076 2107 4076 2027 4077 2043 4077 2107 4077 2010 4078 2043 4078 2027 4078 2008 4079 2010 4079 2027 4079 1932 4080 2010 4080 2008 4080 1912 4081 1932 4081 2008 4081 1889 4082 1932 4082 1912 4082 1888 4083 1889 4083 1912 4083 1836 4084 1889 4084 1888 4084 1810 4085 1836 4085 1888 4085 1780 4086 1836 4086 1810 4086 1783 4087 1780 4087 1810 4087 1738 4088 1780 4088 1783 4088 1727 4089 1738 4089 1783 4089 1667 4090 1738 4090 1727 4090 1670 4091 1667 4091 1727 4091 1640 4092 1667 4092 1670 4092 1627 4093 1640 4093 1670 4093 1568 4094 1640 4094 1627 4094 1572 4095 1568 4095 1627 4095 1558 4096 1568 4096 1572 4096 1522 4097 1558 4097 1572 4097 1468 4098 1558 4098 1522 4098 1472 4099 1468 4099 1522 4099 1466 4100 1468 4100 1472 4100 1442 4101 1466 4101 1472 4101 1373 4102 1466 4102 1442 4102 1361 4103 1373 4103 1442 4103 1359 4104 1373 4104 1361 4104 1341 4105 1359 4105 1361 4105 1281 4106 1359 4106 1341 4106 1270 4107 1281 4107 1341 4107 1271 4108 1281 4108 1270 4108 1249 4109 1271 4109 1270 4109 1195 4110 1271 4110 1249 4110 1176 4111 1195 4111 1249 4111 1181 4112 1195 4112 1176 4112 1175 4113 1181 4113 1176 4113 1095 4114 1181 4114 1175 4114 1082 4115 1095 4115 1175 4115 1076 4116 1095 4116 1082 4116 1072 4117 1076 4117 1082 4117 1027 4118 1076 4118 1072 4118 1012 4119 1027 4119 1072 4119 1004 4120 1027 4120 1012 4120 999 4121 1004 4121 1012 4121 948 4122 1004 4122 999 4122 924 4123 948 4123 999 4123 915 4124 948 4124 924 4124 912 4125 915 4125 924 4125 876 4126 915 4126 912 4126 863 4127 876 4127 912 4127 848 4128 876 4128 863 4128 847 4129 848 4129 863 4129 818 4130 848 4130 847 4130 809 4131 818 4131 847 4131 782 4132 818 4132 809 4132 787 4133 782 4133 809 4133 758 4134 782 4134 787 4134 749 4135 758 4135 787 4135 715 4136 758 4136 749 4136 720 4137 715 4137 749 4137 699 4138 715 4138 720 4138 695 4139 699 4139 720 4139 676 4140 699 4140 695 4140 684 4141 676 4141 695 4141 671 4142 676 4142 684 4142 674 4143 671 4143 684 4143 700 4144 671 4144 674 4144 704 4145 700 4145 674 4145 701 4146 700 4146 704 4146 717 4147 701 4147 704 4147 759 4148 701 4148 717 4148 763 4149 759 4149 717 4149 761 4150 759 4150 763 4150 777 4151 761 4151 763 4151 820 4152 761 4152 777 4152 825 4153 820 4153 777 4153 826 4154 820 4154 825 4154 836 4155 826 4155 825 4155 883 4156 826 4156 836 4156 892 4157 883 4157 836 4157 896 4158 883 4158 892 4158 897 4159 896 4159 892 4159 951 4160 896 4160 897 4160 967 4161 951 4161 897 4161 985 4162 951 4162 967 4162 981 4163 985 4163 967 4163 1033 4164 985 4164 981 4164 1048 4165 1033 4165 981 4165 1063 4166 1033 4166 1048 4166 1058 4167 1063 4167 1048 4167 1110 4168 1063 4168 1058 4168 1122 4169 1110 4169 1058 4169 1166 4170 1110 4170 1122 4170 1164 4171 1166 4171 1122 4171 1199 4172 1166 4172 1164 4172 1212 4173 1199 4173 1164 4173 1242 4174 1199 4174 1212 4174 1243 4175 1242 4175 1212 4175 1282 4176 1242 4176 1243 4176 1309 4177 1282 4177 1243 4177 1342 4178 1282 4178 1309 4178 1346 4179 1342 4179 1309 4179 1376 4180 1342 4180 1346 4180 1391 4181 1376 4181 1346 4181 1452 4182 1376 4182 1391 4182 1456 4183 1452 4183 1391 4183 1471 4184 1452 4184 1456 4184 1493 4185 1471 4185 1456 4185 1548 4186 1471 4186 1493 4186 1552 4187 1548 4187 1493 4187 1560 4188 1548 4188 1552 4188 1597 4189 1560 4189 1552 4189 1647 4190 1560 4190 1597 4190 1651 4191 1647 4191 1597 4191 1655 4192 1647 4192 1651 4192 1676 4193 1655 4193 1651 4193 1748 4194 1655 4194 1676 4194 1757 4195 1748 4195 1676 4195 1755 4196 1748 4196 1757 4196 1784 4197 1755 4197 1757 4197 1853 4198 1755 4198 1784 4198 1861 4199 1853 4199 1784 4199 1862 4200 1853 4200 1861 4200 1875 4201 1862 4201 1861 4201 1941 4202 1862 4202 1875 4202 1971 4203 1941 4203 1875 4203 1977 4204 1941 4204 1971 4204 1973 4205 1977 4205 1971 4205 2047 4206 1977 4206 1973 4206 2060 4207 2047 4207 1973 4207 2077 4208 2047 4208 2060 4208 2074 4209 2077 4209 2060 4209 2161 4210 2077 4210 2074 4210 2176 4211 2161 4211 2074 4211 2196 4212 2161 4212 2176 4212 2193 4213 2196 4213 2176 4213 2253 4214 2196 4214 2193 4214 2284 4215 2253 4215 2193 4215 2307 4216 2253 4216 2284 4216 2305 4217 2307 4217 2284 4217 2354 4218 2307 4218 2305 4218 2369 4219 2354 4219 2305 4219 2422 4220 2354 4220 2369 4220 2418 4221 2422 4221 2369 4221 2468 4222 2422 4222 2418 4222 2488 4223 2468 4223 2418 4223 2536 4224 2468 4224 2488 4224 2532 4225 2536 4225 2488 4225 2575 4226 2536 4226 2532 4226 2592 4227 2575 4227 2532 4227 2643 4228 2575 4228 2592 4228 2640 4229 2643 4229 2592 4229 2672 4230 2643 4230 2640 4230 2712 4231 2672 4231 2640 4231 2762 4232 2672 4232 2712 4232 2758 4233 2762 4233 2712 4233 2771 4234 2762 4234 2758 4234 2799 4235 2771 4235 2758 4235 2884 4236 2771 4236 2799 4236 2880 4237 2884 4237 2799 4237 2886 4238 2884 4238 2880 4238 2909 4239 2886 4239 2880 4239 2971 4240 2886 4240 2909 4240 2981 4241 2971 4241 2909 4241 2982 4242 2971 4242 2981 4242 3007 4243 2982 4243 2981 4243 3073 4244 2982 4244 3007 4244 3093 4245 3073 4245 3007 4245 3089 4246 3073 4246 3093 4246 3096 4247 3089 4247 3093 4247 3179 4248 3089 4248 3096 4248 3199 4249 3179 4249 3096 4249 3204 4250 3179 4250 3199 4250 3209 4251 3204 4251 3199 4251 3282 4252 3204 4252 3209 4252 3310 4253 3282 4253 3209 4253 3320 4254 3282 4254 3310 4254 3324 4255 3320 4255 3310 4255 3379 4256 3320 4256 3324 4256 3395 4257 3379 4257 3324 4257 3410 4258 3379 4258 3395 4258 3414 4259 3410 4259 3395 4259 3481 4260 3410 4260 3414 4260 3500 4261 3481 4261 3414 4261 3522 4262 3481 4262 3500 4262 3526 4263 3522 4263 3500 4263 3566 4264 3522 4264 3526 4264 3582 4265 3566 4265 3526 4265 3617 4266 3566 4266 3582 4266 3616 4267 3617 4267 3582 4267 3661 4268 3617 4268 3616 4268 3678 4269 3661 4269 3616 4269 3707 4270 3661 4270 3678 4270 3704 4271 3707 4271 3678 4271 3734 4272 3707 4272 3704 4272 3750 4273 3734 4273 3704 4273 3794 4274 3734 4274 3750 4274 3789 4275 3794 4275 3750 4275 3811 4276 3794 4276 3789 4276 3839 4277 3811 4277 3789 4277 3882 4278 3811 4278 3839 4278 3874 4279 3882 4279 3839 4279 3884 4280 3882 4280 3874 4280 3903 4281 3884 4281 3874 4281 3928 4282 3884 4282 3903 4282 3930 4283 3928 4283 3903 4283 3935 4284 3928 4284 3930 4284 3948 4285 3935 4285 3930 4285 3983 4286 3935 4286 3948 4286 3988 4287 3983 4287 3948 4287 3987 4288 3983 4288 3988 4288 4000 4289 3987 4289 3988 4289 4007 4290 3987 4290 4000 4290 4001 4291 4007 4291 4000 4291 3994 4292 4007 4292 4001 4292 4002 4293 3994 4293 4001 4293 3966 4294 3994 4294 4002 4294 3949 4295 3966 4295 4002 4295 3942 4296 3966 4296 3949 4296 3946 4297 3942 4297 3949 4297 3911 4298 3942 4298 3946 4298 3902 4299 3911 4299 3946 4299 3888 4300 3911 4300 3902 4300 3893 4301 3888 4301 3902 4301 3851 4302 3888 4302 3893 4302 3836 4303 3851 4303 3893 4303 3805 4304 3851 4304 3836 4304 3810 4305 3805 4305 3836 4305 3761 4306 3805 4306 3810 4306 3746 4307 3761 4307 3810 4307 3722 4308 3761 4308 3746 4308 3725 4309 3722 4309 3746 4309 3694 4310 3722 4310 3725 4310 3675 4311 3694 4311 3725 4311 3644 4312 3694 4312 3675 4312 3643 4313 3644 4313 3675 4313 3607 4314 3644 4314 3643 4314 3580 4315 3607 4315 3643 4315 3548 4316 3607 4316 3580 4316 3544 4317 3548 4317 3580 4317 3520 4318 3548 4318 3544 4318 3499 4319 3520 4319 3544 4319 3448 4320 3520 4320 3499 4320 3444 4321 3448 4321 3499 4321 3429 4322 3448 4322 3444 4322 3398 4323 3429 4323 3444 4323 3345 4324 3429 4324 3398 4324 3339 4325 3345 4325 3398 4325 3336 4326 3345 4326 3339 4326 3311 4327 3336 4327 3339 4327 2323 4328 2228 4328 2219 4328 2252 4329 2323 4329 2219 4329 2331 4330 2323 4330 2252 4330 724 4331 764 4331 762 4331 710 4332 724 4332 762 4332 706 4333 724 4333 710 4333 702 4334 706 4334 710 4334 677 4335 706 4335 702 4335 672 4336 677 4336 702 4336 685 4337 677 4337 672 4337 682 4338 685 4338 672 4338 692 4339 685 4339 682 4339 697 4340 692 4340 682 4340 721 4341 692 4341 697 4341 718 4342 721 4342 697 4342 747 4343 721 4343 718 4343 753 4344 747 4344 718 4344 785 4345 747 4345 753 4345 786 4346 785 4346 753 4346 805 4347 785 4347 786 4347 811 4348 805 4348 786 4348 846 4349 805 4349 811 4349 849 4350 846 4350 811 4350 857 4351 846 4351 849 4351 867 4352 857 4352 849 4352 910 4353 857 4353 867 4353 914 4354 910 4354 867 4354 920 4355 910 4355 914 4355 927 4356 920 4356 914 4356 998 4357 920 4357 927 4357 1001 4358 998 4358 927 4358 1009 4359 998 4359 1001 4359 1017 4360 1009 4360 1001 4360 1070 4361 1009 4361 1017 4361 1074 4362 1070 4362 1017 4362 1071 4363 1070 4363 1074 4363 1088 4364 1071 4364 1074 4364 1171 4365 1071 4365 1088 4365 1177 4366 1171 4366 1088 4366 1178 4367 1171 4367 1177 4367 1187 4368 1178 4368 1177 4368 1241 4369 1178 4369 1187 4369 1268 4370 1241 4370 1187 4370 1272 4371 1241 4371 1268 4371 1269 4372 1272 4372 1268 4372 1333 4373 1272 4373 1269 4373 1351 4374 1333 4374 1269 4374 1362 4375 1333 4375 1351 4375 1360 4376 1362 4376 1351 4376 1437 4377 1362 4377 1360 4377 1449 4378 1437 4378 1360 4378 1474 4379 1437 4379 1449 4379 1469 4380 1474 4380 1449 4380 1519 4381 1474 4381 1469 4381 1530 4382 1519 4382 1469 4382 1573 4383 1519 4383 1530 4383 1570 4384 1573 4384 1530 4384 1623 4385 1573 4385 1570 4385 1630 4386 1623 4386 1570 4386 1671 4387 1623 4387 1630 4387 1669 4388 1671 4388 1630 4388 1719 4389 1671 4389 1669 4389 1731 4390 1719 4390 1669 4390 1781 4391 1719 4391 1731 4391 1782 4392 1781 4392 1731 4392 1806 4393 1781 4393 1782 4393 1815 4394 1806 4394 1782 4394 1887 4395 1806 4395 1815 4395 1890 4396 1887 4396 1815 4396 1907 4397 1887 4397 1890 4397 1919 4398 1907 4398 1890 4398 2006 4399 1907 4399 1919 4399 2009 4400 2006 4400 1919 4400 2020 4401 2006 4401 2009 4401 2031 4402 2020 4402 2009 4402 2105 4403 2020 4403 2031 4403 2110 4404 2105 4404 2031 4404 2118 4405 2105 4405 2110 4405 2144 4406 2118 4406 2110 4406 2212 4407 2118 4407 2144 4407 2217 4408 2212 4408 2144 4408 2220 4409 2212 4409 2217 4409 2231 4410 2220 4410 2217 4410 2318 4411 2220 4411 2231 4411 2330 4412 2318 4412 2231 4412 2328 4413 2318 4413 2330 4413 2338 4414 2328 4414 2330 4414 2428 4415 2328 4415 2338 4415 2436 4416 2428 4416 2338 4416 2443 4417 2428 4417 2436 4417 2446 4418 2443 4418 2436 4418 2513 4419 2443 4419 2446 4419 2545 4420 2513 4420 2446 4420 2565 4421 2513 4421 2545 4421 2568 4422 2565 4422 2545 4422 2623 4423 2565 4423 2568 4423 2629 4424 2623 4424 2568 4424 2664 4425 2623 4425 2629 4425 2667 4426 2664 4426 2629 4426 2733 4427 2664 4427 2667 4427 2747 4428 2733 4428 2667 4428 2778 4429 2733 4429 2747 4429 2781 4430 2778 4430 2747 4430 2831 4431 2778 4431 2781 4431 2855 4432 2831 4432 2781 4432 2901 4433 2831 4433 2855 4433 2900 4434 2901 4434 2855 4434 2937 4435 2901 4435 2900 4435 2947 4436 2937 4436 2900 4436 3015 4437 2937 4437 2947 4437 3011 4438 3015 4438 2947 4438 3041 4439 3015 4439 3011 4439 3056 4440 3041 4440 3011 4440 3120 4441 3041 4441 3056 4441 3118 4442 3120 4442 3056 4442 3154 4443 3120 4443 3118 4443 3166 4444 3154 4444 3118 4444 3231 4445 3154 4445 3166 4445 3226 4446 3231 4446 3166 4446 3244 4447 3231 4447 3226 4447 3252 4448 3244 4448 3226 4448 3344 4449 3244 4449 3252 4449 3340 4450 3344 4450 3252 4450 3355 4451 3344 4451 3340 4451 3365 4452 3355 4452 3340 4452 3451 4453 3355 4453 3365 4453 3447 4454 3451 4454 3365 4454 3452 4455 3451 4455 3447 4455 3456 4456 3452 4456 3447 4456 3538 4457 3452 4457 3456 4457 3551 4458 3538 4458 3456 4458 3550 4459 3538 4459 3551 4459 3555 4460 3550 4460 3551 4460 3612 4461 3550 4461 3555 4461 3638 4462 3612 4462 3555 4462 3646 4463 3612 4463 3638 4463 3650 4464 3646 4464 3638 4464 3701 4465 3646 4465 3650 4465 3712 4466 3701 4466 3650 4466 3724 4467 3701 4467 3712 4467 3729 4468 3724 4468 3712 4468 3766 4469 3724 4469 3729 4469 3784 4470 3766 4470 3729 4470 3806 4471 3766 4471 3784 4471 3809 4472 3806 4472 3784 4472 3857 4473 3806 4473 3809 4473 3864 4474 3857 4474 3809 4474 3886 4475 3857 4475 3864 4475 3889 4476 3886 4476 3864 4476 3913 4477 3886 4477 3889 4477 3917 4478 3913 4478 3889 4478 3940 4479 3913 4479 3917 4479 3939 4480 3940 4480 3917 4480 3970 4481 3940 4481 3939 4481 3975 4482 3970 4482 3939 4482 3991 4483 3970 4483 3975 4483 3989 4484 3991 4484 3975 4484 4009 4485 3991 4485 3989 4485 4010 4486 4009 4486 3989 4486 3984 4487 4009 4487 4010 4487 3981 4488 3984 4488 4010 4488 3978 4489 3984 4489 3981 4489 1306 4490 1275 4490 1276 4490 1318 4491 1306 4491 1276 4491 1363 4492 1306 4492 1318 4492 1366 4493 1363 4493 1318 4493 1388 4494 1363 4494 1366 4494 1410 4495 1388 4495 1366 4495 1470 4496 1388 4496 1410 4496 1475 4497 1470 4497 1410 4497 1488 4498 1470 4498 1475 4498 1501 4499 1488 4499 1475 4499 1567 4500 1488 4500 1501 4500 1571 4501 1567 4501 1501 4501 1592 4502 1567 4502 1571 4502 1607 4503 1592 4503 1571 4503 1661 4504 1592 4504 1607 4504 1666 4505 1661 4505 1607 4505 1664 4506 1661 4506 1666 4506 1692 4507 1664 4507 1666 4507 1767 4508 1664 4508 1692 4508 1777 4509 1767 4509 1692 4509 1778 4510 1767 4510 1777 4510 1790 4511 1778 4511 1777 4511 1859 4512 1778 4512 1790 4512 1881 4513 1859 4513 1790 4513 1886 4514 1859 4514 1881 4514 1883 4515 1886 4515 1881 4515 1951 4516 1886 4516 1883 4516 1984 4517 1951 4517 1883 4517 2007 4518 1951 4518 1984 4518 2004 4519 2007 4519 1984 4519 2057 4520 2007 4520 2004 4520 2070 4521 2057 4521 2004 4521 2109 4522 2057 4522 2070 4522 2106 4523 2109 4523 2070 4523 2173 4524 2109 4524 2106 4524 2184 4525 2173 4525 2106 4525 2218 4526 2173 4526 2184 4526 2214 4527 2218 4527 2184 4527 2280 4528 2218 4528 2214 4528 2294 4529 2280 4529 2214 4529 2325 4530 2280 4530 2294 4530 2324 4531 2325 4531 2294 4531 2364 4532 2325 4532 2324 4532 2391 4533 2364 4533 2324 4533 2442 4534 2364 4534 2391 4534 2439 4535 2442 4535 2391 4535 2482 4536 2442 4536 2439 4536 2495 4537 2482 4537 2439 4537 2566 4538 2482 4538 2495 4538 2562 4539 2566 4539 2495 4539 2585 4540 2566 4540 2562 4540 2603 4541 2585 4541 2562 4541 2669 4542 2585 4542 2603 4542 2666 4543 2669 4543 2603 4543 2692 4544 2669 4544 2666 4544 2714 4545 2692 4545 2666 4545 2785 4546 2692 4546 2714 4546 2782 4547 2785 4547 2714 4547 2787 4548 2785 4548 2782 4548 2802 4549 2787 4549 2782 4549 2895 4550 2787 4550 2802 4550 2904 4551 2895 4551 2802 4551 2905 4552 2895 4552 2904 4552 2915 4553 2905 4553 2904 4553 3000 4554 2905 4554 2915 4554 3019 4555 3000 4555 2915 4555 3017 4556 3000 4556 3019 4556 3022 4557 3017 4557 3019 4557 3085 4558 3017 4558 3022 4558 3113 4559 3085 4559 3022 4559 3121 4560 3085 4560 3113 4560 3125 4561 3121 4561 3113 4561 3191 4562 3121 4562 3125 4562 3218 4563 3191 4563 3125 4563 3227 4564 3191 4564 3218 4564 3232 4565 3227 4565 3218 4565 3307 4566 3227 4566 3232 4566 3326 4567 3307 4567 3232 4567 3338 4568 3307 4568 3326 4568 3341 4569 3338 4569 3326 4569 3392 4570 3338 4570 3341 4570 3404 4571 3392 4571 3341 4571 3442 4572 3392 4572 3404 4572 3446 4573 3442 4573 3404 4573 3492 4574 3442 4574 3446 4574 3506 4575 3492 4575 3446 4575 3545 4576 3492 4576 3506 4576 3546 4577 3545 4577 3506 4577 3574 4578 3545 4578 3546 4578 3586 4579 3574 4579 3546 4579 3645 4580 3574 4580 3586 4580 3641 4581 3645 4581 3586 4581 3667 4582 3645 4582 3641 4582 3684 4583 3667 4583 3641 4583 3727 4584 3667 4584 3684 4584 3723 4585 3727 4585 3684 4585 3741 4586 3727 4586 3723 4586 3753 4587 3741 4587 3723 4587 3812 4588 3741 4588 3753 4588 3808 4589 3812 4589 3753 4589 3821 4590 3812 4590 3808 4590 3843 4591 3821 4591 3808 4591 3894 4592 3821 4592 3843 4592 3890 4593 3894 4593 3843 4593 3897 4594 3894 4594 3890 4594 3906 4595 3897 4595 3890 4595 3945 4596 3897 4596 3906 4596 3944 4597 3945 4597 3906 4597 3947 4598 3945 4598 3944 4598 3953 4599 3947 4599 3944 4599 3997 4600 3947 4600 3953 4600 3999 4601 3997 4601 3953 4601 3998 4602 3997 4602 3999 4602 4005 4603 3998 4603 3999 4603 4003 4604 3998 4604 4005 4604 3995 4605 4003 4605 4005 4605 3985 4606 4003 4606 3995 4606 3993 4607 3985 4607 3995 4607 3951 4608 3985 4608 3993 4608 3941 4609 3951 4609 3993 4609 3927 4610 3951 4610 3941 4610 3933 4611 3927 4611 3941 4611 3904 4612 3927 4612 3933 4612 3896 4613 3904 4613 3933 4613 3872 4614 3904 4614 3896 4614 3876 4615 3872 4615 3896 4615 3844 4616 3872 4616 3876 4616 3823 4617 3844 4617 3876 4617 3788 4618 3844 4618 3823 4618 3791 4619 3788 4619 3823 4619 3754 4620 3788 4620 3791 4620 3743 4621 3754 4621 3791 4621 3706 4622 3754 4622 3743 4622 3705 4623 3706 4623 3743 4623 3687 4624 3706 4624 3705 4624 3668 4625 3687 4625 3705 4625 3618 4626 3687 4626 3668 4626 3614 4627 3618 4627 3668 4627 3587 4628 3618 4628 3614 4628 3575 4629 3587 4629 3614 4629 3528 4630 3587 4630 3575 4630 3523 4631 3528 4631 3575 4631 3504 4632 3528 4632 3523 4632 3490 4633 3504 4633 3523 4633 3415 4634 3504 4634 3490 4634 3412 4635 3415 4635 3490 4635 3402 4636 3415 4636 3412 4636 3390 4637 3402 4637 3412 4637 3325 4638 3402 4638 3390 4638 3322 4639 3325 4639 3390 4639 3314 4640 3325 4640 3322 4640 3294 4641 3314 4641 3322 4641 3213 4642 3314 4642 3294 4642 3206 4643 3213 4643 3294 4643 3210 4644 3213 4644 3206 4644 3189 4645 3210 4645 3206 4645 3101 4646 3210 4646 3189 4646 3092 4647 3101 4647 3189 4647 3091 4648 3101 4648 3092 4648 3082 4649 3091 4649 3092 4649 3021 4650 3091 4650 3082 4650 2999 4651 3021 4651 3082 4651 2980 4652 3021 4652 2999 4652 2984 4653 2980 4653 2999 4653 2916 4654 2980 4654 2984 4654 2898 4655 2916 4655 2984 4655 2879 4656 2916 4656 2898 4656 2882 4657 2879 4657 2898 4657 2804 4658 2879 4658 2882 4658 2791 4659 2804 4659 2882 4659 2757 4660 2804 4660 2791 4660 2760 4661 2757 4661 2791 4661 2716 4662 2757 4662 2760 4662 2694 4663 2716 4663 2760 4663 2638 4664 2716 4664 2694 4664 2641 4665 2638 4665 2694 4665 2601 4666 2638 4666 2641 4666 2584 4667 2601 4667 2641 4667 2533 4668 2601 4668 2584 4668 2534 4669 2533 4669 2584 4669 2492 4670 2533 4670 2534 4670 2479 4671 2492 4671 2534 4671 2420 4672 2492 4672 2479 4672 2419 4673 2420 4673 2479 4673 2386 4674 2420 4674 2419 4674 2362 4675 2386 4675 2419 4675 2304 4676 2386 4676 2362 4676 2306 4677 2304 4677 2362 4677 2289 4678 2304 4678 2306 4678 2276 4679 2289 4679 2306 4679 2191 4680 2289 4680 2276 4680 2194 4681 2191 4681 2276 4681 2181 4682 2191 4682 2194 4682 2169 4683 2181 4683 2194 4683 2073 4684 2181 4684 2169 4684 2075 4685 2073 4685 2169 4685 2067 4686 2073 4686 2075 4686 2056 4687 2067 4687 2075 4687 1983 4688 2067 4688 2056 4688 1975 4689 1983 4689 2056 4689 1974 4690 1983 4690 1975 4690 1966 4691 1974 4691 1975 4691 1882 4692 1974 4692 1966 4692 1868 4693 1882 4693 1966 4693 1863 4694 1882 4694 1868 4694 1860 4695 1863 4695 1868 4695 1791 4696 1863 4696 1860 4696 1771 4697 1791 4697 1860 4697 1759 4698 1791 4698 1771 4698 1756 4699 1759 4699 1771 4699 1693 4700 1759 4700 1756 4700 1672 4701 1693 4701 1756 4701 1652 4702 1693 4702 1672 4702 1649 4703 1652 4703 1672 4703 1603 4704 1652 4704 1649 4704 1591 4705 1603 4705 1649 4705 1553 4706 1603 4706 1591 4706 1550 4707 1553 4707 1591 4707 1497 4708 1553 4708 1550 4708 1486 4709 1497 4709 1550 4709 1457 4710 1497 4710 1486 4710 1454 4711 1457 4711 1486 4711 1395 4712 1457 4712 1454 4712 1386 4713 1395 4713 1454 4713 1345 4714 1395 4714 1386 4714 1344 4715 1345 4715 1386 4715 1314 4716 1345 4716 1344 4716 1304 4717 1314 4717 1344 4717 1240 4718 1314 4718 1304 4718 1244 4719 1240 4719 1304 4719 1215 4720 1240 4720 1244 4720 1206 4721 1215 4721 1244 4721 1162 4722 1215 4722 1206 4722 1165 4723 1162 4723 1206 4723 1137 4724 1162 4724 1165 4724 1115 4725 1137 4725 1165 4725 1055 4726 1137 4726 1115 4726 1060 4727 1055 4727 1115 4727 1050 4728 1055 4728 1060 4728 1042 4729 1050 4729 1060 4729 979 4730 1050 4730 1042 4730 983 4731 979 4731 1042 4731 978 4732 979 4732 983 4732 959 4733 978 4733 983 4733 904 4734 978 4734 959 4734 893 4735 904 4735 959 4735 894 4736 904 4736 893 4736 887 4737 894 4737 893 4737 841 4738 894 4738 887 4738 828 4739 841 4739 887 4739 827 4740 841 4740 828 4740 824 4741 827 4741 828 4741 794 4742 827 4742 824 4742 772 4743 794 4743 824 4743 764 4744 794 4744 772 4744 762 4745 764 4745 772 4745 2331 4746 2252 4746 2329 4746 2352 4747 2331 4747 2329 4747 2434 4748 2331 4748 2352 4748 2445 4749 2434 4749 2352 4749 2444 4750 2434 4750 2445 4750 2455 4751 2444 4751 2445 4751 2531 4752 2444 4752 2455 4752 2569 4753 2531 4753 2455 4753 2567 4754 2531 4754 2569 4754 2574 4755 2567 4755 2569 4755 2626 4756 2567 4756 2574 4756 2657 4757 2626 4757 2574 4757 2665 4758 2626 4758 2657 4758 2670 4759 2665 4759 2657 4759 2740 4760 2665 4760 2670 4760 2764 4761 2740 4761 2670 4761 2779 4762 2740 4762 2764 4762 2783 4763 2779 4763 2764 4763 2851 4764 2779 4764 2783 4764 2869 4765 2851 4765 2783 4765 2899 4766 2851 4766 2869 4766 2903 4767 2899 4767 2869 4767 2944 4768 2899 4768 2903 4768 2967 4769 2944 4769 2903 4769 3013 4770 2944 4770 2967 4770 3014 4771 3013 4771 2967 4771 3051 4772 3013 4772 3014 4772 3069 4773 3051 4773 3014 4773 3119 4774 3051 4774 3069 4774 3117 4775 3119 4775 3069 4775 3159 4776 3119 4776 3117 4776 3177 4777 3159 4777 3117 4777 3228 4778 3159 4778 3177 4778 3225 4779 3228 4779 3177 4779 3248 4780 3228 4780 3225 4780 3281 4781 3248 4781 3225 4781 3343 4782 3248 4782 3281 4782 3337 4783 3343 4783 3281 4783 3359 4784 3343 4784 3337 4784 3378 4785 3359 4785 3337 4785 3449 4786 3359 4786 3378 4786 3445 4787 3449 4787 3378 4787 3455 4788 3449 4788 3445 4788 3478 4789 3455 4789 3445 4789 3543 4790 3455 4790 3478 4790 3549 4791 3543 4791 3478 4791 3552 4792 3543 4792 3549 4792 3562 4793 3552 4793 3549 4793 3625 4794 3552 4794 3562 4794 3649 4795 3625 4795 3562 4795 3647 4796 3625 4796 3649 4796 3655 4797 3647 4797 3649 4797 3702 4798 3647 4798 3655 4798 3728 4799 3702 4799 3655 4799 3726 4800 3702 4800 3728 4800 3730 4801 3726 4801 3728 4801 3770 4802 3726 4802 3730 4802 3801 4803 3770 4803 3730 4803 3807 4804 3770 4804 3801 4804 3813 4805 3807 4805 3801 4805 3860 4806 3807 4806 3813 4806 3880 4807 3860 4807 3813 4807 3887 4808 3860 4808 3880 4808 3891 4809 3887 4809 3880 4809 3915 4810 3887 4810 3891 4810 3922 4811 3915 4811 3891 4811 3938 4812 3915 4812 3922 4812 3943 4813 3938 4813 3922 4813 3973 4814 3938 4814 3943 4814 3980 4815 3973 4815 3943 4815 3990 4816 3973 4816 3980 4816 3992 4817 3990 4817 3980 4817 4011 4818 3990 4818 3992 4818 4008 4819 4011 4819 3992 4819 3982 4820 4011 4820 4008 4820 3979 4821 3982 4821 4008 4821 3974 4822 3982 4822 3979 4822 3967 4823 3974 4823 3979 4823 3929 4824 3974 4824 3967 4824 3925 4825 3929 4825 3967 4825 3918 4826 3929 4826 3925 4826 3912 4827 3918 4827 3925 4827 3877 4828 3918 4828 3912 4828 3873 4829 3877 4829 3912 4829 3867 4830 3877 4830 3873 4830 3855 4831 3867 4831 3873 4831 3796 4832 3867 4832 3855 4832 3792 4833 3796 4833 3855 4833 3790 4834 3796 4834 3792 4834 3765 4835 3790 4835 3792 4835 3716 4836 3790 4836 3765 4836 3708 4837 3716 4837 3765 4837 3710 4838 3716 4838 3708 4838 3700 4839 3710 4839 3708 4839 3642 4840 3710 4840 3700 4840 3622 4841 3642 4841 3700 4841 3621 4842 3642 4842 3622 4842 3609 4843 3621 4843 3622 4843 3557 4844 3621 4844 3609 4844 3534 4845 3557 4845 3609 4845 3527 4846 3557 4846 3534 4846 3531 4847 3527 4847 3534 4847 3457 4848 3527 4848 3531 4848 3438 4849 3457 4849 3531 4849 3413 4850 3457 4850 3438 4850 3416 4851 3413 4851 3438 4851 3363 4852 3413 4852 3416 4852 3346 4853 3363 4853 3416 4853 3321 4854 3363 4854 3346 4854 3323 4855 3321 4855 3346 4855 3250 4856 3321 4856 3323 4856 3240 4857 3250 4857 3323 4857 3203 4858 3250 4858 3240 4858 3205 4859 3203 4859 3240 4859 3165 4860 3203 4860 3205 4860 3136 4861 3165 4861 3205 4861 3087 4862 3165 4862 3136 4862 3088 4863 3087 4863 3136 4863 3057 4864 3087 4864 3088 4864 3036 4865 3057 4865 3088 4865 2978 4866 3057 4866 3036 4866 2977 4867 2978 4867 3036 4867 2948 4868 2978 4868 2977 4868 2934 4869 2948 4869 2977 4869 2881 4870 2948 4870 2934 4870 2877 4871 2881 4871 2934 4871 2862 4872 2881 4872 2877 4872 2830 4873 2862 4873 2877 4873 2761 4874 2862 4874 2830 4874 2759 4875 2761 4875 2830 4875 2750 4876 2761 4876 2759 4876 2732 4877 2750 4877 2759 4877 2644 4878 2750 4878 2732 4878 2642 4879 2644 4879 2732 4879 2635 4880 2644 4880 2642 4880 2620 4881 2635 4881 2642 4881 2546 4882 2635 4882 2620 4882 2537 4883 2546 4883 2620 4883 2538 4884 2546 4884 2537 4884 2509 4885 2538 4885 2537 4885 2435 4886 2538 4886 2509 4886 2424 4887 2435 4887 2509 4887 2423 4888 2435 4888 2424 4888 2417 4889 2423 4889 2424 4889 2335 4890 2423 4890 2417 4890 2311 4891 2335 4891 2417 4891 2310 4892 2335 4892 2311 4892 2308 4893 2310 4893 2311 4893 2229 4894 2310 4894 2308 4894 2205 4895 2229 4895 2308 4895 2197 4896 2229 4896 2205 4896 2192 4897 2197 4897 2205 4897 2142 4898 2197 4898 2192 4898 2112 4899 2142 4899 2192 4899 2079 4900 2142 4900 2112 4900 2076 4901 2079 4901 2112 4901 2033 4902 2079 4902 2076 4902 2017 4903 2033 4903 2076 4903 1980 4904 2033 4904 2017 4904 1978 4905 1980 4905 2017 4905 1922 4906 1980 4906 1978 4906 1905 4907 1922 4907 1978 4907 1865 4908 1922 4908 1905 4908 1867 4909 1865 4909 1905 4909 1832 4910 1865 4910 1867 4910 1805 4911 1832 4911 1867 4911 1758 4912 1832 4912 1805 4912 1762 4913 1758 4913 1805 4913 1733 4914 1758 4914 1762 4914 1718 4915 1733 4915 1762 4915 1648 4916 1733 4916 1718 4916 1653 4917 1648 4917 1718 4917 1634 4918 1648 4918 1653 4918 1619 4919 1634 4919 1653 4919 1547 4920 1634 4920 1619 4920 1551 4921 1547 4921 1619 4921 1531 4922 1547 4922 1551 4922 1513 4923 1531 4923 1551 4923 1450 4924 1531 4924 1513 4924 1453 4925 1450 4925 1513 4925 1446 4926 1450 4926 1453 4926 1424 4927 1446 4927 1453 4927 1349 4928 1446 4928 1424 4928 1340 4929 1349 4929 1424 4929 1338 4930 1349 4930 1340 4930 1330 4931 1338 4931 1340 4931 1266 4932 1338 4932 1330 4932 1235 4933 1266 4933 1330 4933 1237 4934 1266 4934 1235 4934 1229 4935 1237 4935 1235 4935 1186 4936 1237 4936 1229 4936 1167 4937 1186 4937 1229 4937 1163 4938 1186 4938 1167 4938 1159 4939 1163 4939 1167 4939 1091 4940 1163 4940 1159 4940 1069 4941 1091 4941 1159 4941 1062 4942 1091 4942 1069 4942 1057 4943 1062 4943 1069 4943 1023 4944 1062 4944 1057 4944 1008 4945 1023 4945 1057 4945 987 4946 1023 4946 1008 4946 984 4947 987 4947 1008 4947 930 4948 987 4948 984 4948 921 4949 930 4949 984 4949 899 4950 930 4950 921 4950 898 4951 899 4951 921 4951 869 4952 899 4952 898 4952 856 4953 869 4953 898 4953 830 4954 869 4954 856 4954 832 4955 830 4955 856 4955 813 4956 830 4956 832 4956 803 4957 813 4957 832 4957 765 4958 813 4958 803 4958 768 4959 765 4959 803 4959 752 4960 765 4960 768 4960 746 4961 752 4961 768 4961 703 4962 752 4962 746 4962 707 4963 703 4963 746 4963 696 4964 703 4964 707 4964 690 4965 696 4965 707 4965 678 4966 696 4966 690 4966 683 4967 678 4967 690 4967 673 4968 678 4968 683 4968 680 4969 673 4969 683 4969 711 4970 673 4970 680 4970 716 4971 711 4971 680 4971 713 4972 711 4972 716 4972 732 4973 713 4973 716 4973 773 4974 713 4974 732 4974 779 4975 773 4975 732 4975 778 4976 773 4976 779 4976 798 4977 778 4977 779 4977 823 4978 778 4978 798 4978 840 4979 823 4979 798 4979 844 4980 823 4980 840 4980 843 4981 844 4981 840 4981 886 4982 844 4982 843 4982 902 4983 886 4983 843 4983 913 4984 886 4984 902 4984 909 4985 913 4985 902 4985 956 4986 913 4986 909 4986 977 4987 956 4987 909 4987 1003 4988 956 4988 977 4988 1000 4989 1003 4989 977 4989 1039 4990 1003 4990 1000 4990 1051 4991 1039 4991 1000 4991 1078 4992 1039 4992 1051 4992 1075 4993 1078 4993 1051 4993 1116 4994 1078 4994 1075 4994 1145 4995 1116 4995 1075 4995 1184 4996 1116 4996 1145 4996 1182 4997 1184 4997 1145 4997 1208 4998 1184 4998 1182 4998 1220 4999 1208 4999 1182 4999 1275 5000 1208 5000 1220 5000 1276 5001 1275 5001 1220 5001 3978 5002 3981 5002 3972 5002 3963 5003 3978 5003 3972 5003 3931 5004 3978 5004 3963 5004 3926 5005 3931 5005 3963 5005 3920 5006 3931 5006 3926 5006 3910 5007 3920 5007 3926 5007 3881 5008 3920 5008 3910 5008 3870 5009 3881 5009 3910 5009 3868 5010 3881 5010 3870 5010 3846 5011 3868 5011 3870 5011 3800 5012 3868 5012 3846 5012 3786 5013 3800 5013 3846 5013 3201 5014 3167 5014 3172 5014 3202 5015 3201 5015 3172 5015 3260 5016 3201 5016 3202 5016 3262 5017 3260 5017 3202 5017 3318 5018 3260 5018 3262 5018 3319 5019 3318 5019 3262 5019 3374 5020 3318 5020 3319 5020 3367 5021 3374 5021 3319 5021 3409 5022 3374 5022 3367 5022 3411 5023 3409 5023 3367 5023 3482 5024 3409 5024 3411 5024 3472 5025 3482 5025 3411 5025 3521 5026 3482 5026 3472 5026 3525 5027 3521 5027 3472 5027 3570 5028 3521 5028 3525 5028 3560 5029 3570 5029 3525 5029 3613 5030 3570 5030 3560 5030 3620 5031 3613 5031 3560 5031 3671 5032 3613 5032 3620 5032 3654 5033 3671 5033 3620 5033 3703 5034 3671 5034 3654 5034 3709 5035 3703 5035 3654 5035 3751 5036 3703 5036 3709 5036 3721 5037 3751 5037 3709 5037 3786 5038 3751 5038 3721 5038 3795 5039 3786 5039 3721 5039 3800 5040 3786 5040 3795 5040 2499 5041 2421 5041 2425 5041 2539 5042 2499 5042 2425 5042 2535 5043 2499 5043 2539 5043 2608 5044 2535 5044 2539 5044 2645 5045 2608 5045 2539 5045 2639 5046 2608 5046 2645 5046 2645 5047 2763 5047 2756 5047 2722 5048 2645 5048 2756 5048 2639 5049 2645 5049 2722 5049 2979 5050 2883 5050 2985 5050 2883 5051 2979 5051 2924 5051 2878 5052 2883 5052 2924 5052 2763 5053 2883 5053 2878 5053 2809 5054 2763 5054 2878 5054 2756 5055 2763 5055 2809 5055 3208 5056 3094 5056 3211 5056 3094 5057 3208 5057 3126 5057 3090 5058 3094 5058 3126 5058 2985 5059 3094 5059 3090 5059 3026 5060 2985 5060 3090 5060 2979 5061 2985 5061 3026 5061 3328 5062 3360 5062 3330 5062 3327 5063 3328 5063 3330 5063 3211 5064 3328 5064 3327 5064 3220 5065 3211 5065 3327 5065 3208 5066 3211 5066 3220 5066 4258 5067 3984 5067 3978 5067 4275 5068 3991 5068 4009 5068 4253 5069 3940 5069 3970 5069 4225 5070 3886 5070 3913 5070 3393 5071 3231 5071 3244 5071 3279 5072 3120 5072 3154 5072 3157 5073 3015 5073 3041 5073 3032 5074 2901 5074 2937 5074 2914 5075 2778 5075 2831 5075 1972 5076 2006 5076 2020 5076 1857 5077 1887 5077 1907 5077 1745 5078 1781 5078 1806 5078 1633 5079 1671 5079 1719 5079 534 5080 846 5080 857 5080 483 5081 785 5081 805 5081 431 5082 721 5082 747 5082 1035 5083 1240 5083 1215 5083 1156 5084 1345 5084 1314 5084 1274 5085 1457 5085 1395 5085 2288 5086 2304 5086 2289 5086 2397 5087 2420 5087 2386 5087 2510 5088 2533 5088 2492 5088 2627 5089 2638 5089 2601 5089 3739 5090 3528 5090 3504 5090 3901 5091 3618 5091 3587 5091 4053 5092 3706 5092 3687 5092 4115 5093 3788 5093 3754 5093 4106 5094 3727 5094 3741 5094 4028 5095 3645 5095 3667 5095 3865 5096 3545 5096 3574 5096 3718 5097 3442 5097 3492 5097 2615 5098 2566 5098 2585 5098 2500 5099 2442 5099 2482 5099 2384 5100 2325 5100 2364 5100 2278 5101 2218 5101 2280 5101 1245 5102 1363 5102 1388 5102 1139 5103 1275 5103 1306 5103 1026 5104 1184 5104 1208 5104 889 5105 1078 5105 1116 5105 410 5106 703 5106 696 5106 436 5107 765 5107 752 5107 489 5108 830 5108 813 5108 550 5109 899 5109 869 5109 619 5110 987 5110 930 5110 1535 5111 1648 5111 1634 5111 1656 5112 1758 5112 1733 5112 1772 5113 1865 5113 1832 5113 1880 5114 1980 5114 1922 5114 2933 5115 2881 5115 2862 5115 3053 5116 2978 5116 2948 5116 3175 5117 3087 5117 3057 5117 3292 5118 3203 5118 3165 5118 4232 5119 3929 5119 3918 5119 4256 5120 3982 5120 3974 5120 4277 5121 3990 5121 4011 5121 4255 5122 3938 5122 3973 5122 3401 5123 3228 5123 3248 5123 3287 5124 3119 5124 3159 5124 3168 5125 3013 5125 3051 5125 3037 5126 2899 5126 2944 5126 1985 5127 2008 5127 2027 5127 1869 5128 1888 5128 1912 5128 1749 5129 1783 5129 1810 5129 1638 5130 1670 5130 1727 5130 613 5131 912 5131 924 5131 541 5132 847 5132 863 5132 486 5133 787 5133 809 5133 903 5134 1164 5134 1122 5134 1029 5135 1243 5135 1212 5135 1147 5136 1346 5136 1309 5136 2166 5137 2193 5137 2176 5137 2282 5138 2305 5138 2284 5138 2390 5139 2418 5139 2369 5139 2502 5140 2532 5140 2488 5140 2624 5141 2640 5141 2592 5141 3596 5142 3414 5142 3395 5142 3733 5143 3526 5143 3500 5143 3885 5144 3616 5144 3582 5144 4050 5145 3704 5145 3678 5145 4167 5146 3810 5146 3836 5146 4109 5147 3725 5147 3746 5147 4047 5148 3643 5148 3675 5148 3883 5149 3544 5149 3580 5149 2746 5150 2668 5150 2697 5150 2622 5151 2564 5151 2590 5151 2503 5152 2440 5152 2489 5152 2392 5153 2326 5153 2371 5153 1378 5154 1473 5154 1494 5154 1257 5155 1365 5155 1393 5155 1149 5156 1277 5156 1311 5156 1031 5157 1183 5157 1213 5157 398 5158 679 5158 675 5158 408 5159 705 5159 693 5159 432 5160 766 5160 748 5160 487 5161 831 5161 810 5161 542 5162 900 5162 865 5162 1421 5163 1549 5163 1521 5163 1529 5164 1650 5164 1628 5164 1643 5165 1760 5165 1729 5165 1765 5166 1866 5166 1814 5166 4258 5167 4547 5167 4579 5167 4275 5168 4595 5168 4605 5168 4253 5169 4568 5169 4562 5169 3393 5170 3627 5170 3568 5170 3279 5171 3461 5171 3406 5171 3157 5172 3301 5172 3263 5172 3032 5173 3147 5173 3129 5173 1972 5174 1996 5174 1927 5174 1857 5175 1847 5175 1804 5175 1745 5176 1710 5176 1679 5176 534 5177 307 5177 278 5177 483 5178 252 5178 233 5178 1035 5179 733 5179 801 5179 1156 5180 937 5180 957 5180 2288 5181 2248 5181 2287 5181 2397 5182 2380 5182 2416 5182 2510 5183 2522 5183 2548 5183 3739 5184 4036 5184 4092 5184 3901 5185 4147 5185 4193 5185 4053 5186 4289 5186 4298 5186 4106 5187 4372 5187 4338 5187 4028 5188 4304 5188 4278 5188 3865 5189 4185 5189 4161 5189 2615 5190 2704 5190 2656 5190 2500 5191 2556 5191 2526 5191 1245 5192 1130 5192 1092 5192 1139 5193 966 5193 940 5193 1026 5194 784 5194 755 5194 410 5195 150 5195 164 5195 436 5196 191 5196 211 5196 489 5197 235 5197 250 5197 550 5198 286 5198 296 5198 1535 5199 1406 5199 1461 5199 1656 5200 1542 5200 1595 5200 1772 5201 1685 5201 1706 5201 2933 5202 2955 5202 3023 5202 3053 5203 3108 5203 3156 5203 3175 5204 3272 5204 3290 5204 4232 5205 4499 5205 4529 5205 4256 5206 4549 5206 4576 5206 4277 5207 4599 5207 4610 5207 3401 5208 3629 5208 3577 5208 3287 5209 3464 5209 3421 5209 3168 5210 3302 5210 3283 5210 1985 5211 1994 5211 1940 5211 1869 5212 1845 5212 1812 5212 1749 5213 1709 5213 1695 5213 613 5214 363 5214 331 5214 541 5215 304 5215 282 5215 903 5216 583 5216 618 5216 1029 5217 731 5217 770 5217 2166 5218 2101 5218 2157 5218 2282 5219 2247 5219 2281 5219 2390 5220 2381 5220 2400 5220 3596 5221 3775 5221 3859 5221 3733 5222 4039 5222 4088 5222 3885 5223 4150 5223 4181 5223 4167 5224 4446 5224 4413 5224 4109 5225 4374 5225 4342 5225 4047 5226 4306 5226 4294 5226 2746 5227 2844 5227 2796 5227 2622 5228 2706 5228 2671 5228 2503 5229 2558 5229 2541 5229 1378 5230 1288 5230 1233 5230 1257 5231 1128 5231 1099 5231 1149 5232 965 5232 952 5232 398 5233 162 5233 136 5233 408 5234 147 5234 158 5234 432 5235 188 5235 200 5235 487 5236 232 5236 246 5236 1421 5237 1261 5237 1312 5237 1529 5238 1405 5238 1444 5238 1643 5239 1540 5239 1588 5239 1765 5240 1683 5240 1698 5240 2715 5241 2721 5241 2660 5241 1894 5242 1945 5242 1916 5242 1211 5243 1324 5243 1305 5243 394 5244 506 5244 505 5244 1618 5245 1675 5245 1680 5245 4543 5246 4439 5246 4437 5246 3238 5247 3234 5247 3160 5247 4608 5248 4478 5248 4469 5248 4567 5249 4438 5249 4417 5249 3399 5250 3396 5250 3377 5250 3170 5251 3132 5251 3124 5251 2926 5252 2919 5252 2890 5252 2357 5253 2321 5253 2332 5253 2450 5254 2357 5254 2332 5254 2427 5255 2357 5255 2450 5255 2430 5256 2427 5256 2450 5256 2450 5257 2543 5257 2491 5257 2432 5258 2450 5258 2491 5258 2430 5259 2450 5259 2432 5259 2577 5260 2652 5260 2617 5260 2577 5261 2617 5261 2571 5261 2544 5262 2577 5262 2571 5262 2543 5263 2577 5263 2544 5263 2752 5264 2801 5264 2765 5264 2693 5265 2801 5265 2752 5265 2695 5266 2693 5266 2752 5266 2659 5267 2693 5267 2695 5267 2801 5268 2890 5268 2852 5268 2801 5269 2852 5269 2786 5269 2772 5270 2801 5270 2786 5270 2765 5271 2801 5271 2772 5271 2920 5272 2919 5272 2926 5272 3042 5273 3047 5273 3004 5273 2973 5274 3042 5274 3004 5274 3042 5275 3170 5275 3124 5275 3055 5276 3042 5276 3124 5276 3047 5277 3042 5277 3055 5277 3194 5278 3285 5278 3242 5278 3170 5279 3285 5279 3194 5279 3182 5280 3170 5280 3194 5280 3132 5281 3170 5281 3182 5281 3285 5282 3377 5282 3332 5282 3285 5283 3332 5283 3331 5283 3245 5284 3285 5284 3331 5284 3242 5285 3285 5285 3245 5285 3399 5286 3537 5286 3485 5286 3477 5287 3399 5287 3485 5287 3396 5288 3399 5288 3477 5288 3657 5289 3623 5289 3537 5289 3662 5290 3657 5290 3537 5290 3537 5291 3623 5291 3565 5291 3513 5292 3537 5292 3565 5292 3485 5293 3537 5293 3513 5293 3776 5294 3537 5294 3744 5294 3662 5295 3537 5295 3776 5295 3986 5296 3662 5296 3776 5296 3664 5297 3662 5297 3986 5297 3736 5298 3664 5298 3986 5298 4037 5299 3736 5299 3986 5299 3797 5300 3736 5300 4037 5300 4116 5301 3797 5301 4037 5301 3819 5302 3797 5302 4116 5302 4221 5303 4054 5303 4049 5303 4029 5304 4221 5304 4049 5304 4142 5305 4221 5305 4029 5305 3936 5306 4142 5306 4029 5306 4116 5307 4142 5307 3936 5307 3840 5308 4116 5308 3936 5308 3819 5309 4116 5309 3840 5309 4107 5310 4054 5310 4221 5310 4280 5311 4107 5311 4221 5311 4132 5312 4107 5312 4280 5312 4324 5313 4132 5313 4280 5313 4133 5314 4132 5314 4324 5314 4315 5315 4264 5315 4388 5315 4424 5316 4315 5316 4388 5316 4320 5317 4315 5317 4424 5317 4462 5318 4320 5318 4424 5318 4388 5319 4264 5319 4244 5319 4235 5320 4388 5320 4244 5320 4345 5321 4388 5321 4235 5321 4210 5322 4345 5322 4235 5322 4324 5323 4345 5323 4210 5323 4156 5324 4324 5324 4210 5324 4133 5325 4324 5325 4156 5325 4381 5326 4502 5326 4525 5326 4502 5327 4381 5327 4339 5327 4329 5328 4502 5328 4339 5328 4462 5329 4502 5329 4329 5329 4322 5330 4462 5330 4329 5330 4320 5331 4462 5331 4322 5331 4554 5332 4567 5332 4417 5332 4554 5333 4417 5333 4402 5333 4392 5334 4554 5334 4402 5334 4525 5335 4554 5335 4392 5335 4385 5336 4525 5336 4392 5336 4381 5337 4525 5337 4385 5337 4603 5338 4608 5338 4469 5338 4466 5339 4603 5339 4469 5339 4567 5340 4603 5340 4466 5340 4457 5341 4567 5341 4466 5341 4438 5342 4567 5342 4457 5342 4608 5343 4578 5343 4487 5343 4482 5344 4608 5344 4487 5344 4478 5345 4608 5345 4482 5345 4578 5346 4571 5346 4495 5346 4489 5347 4578 5347 4495 5347 4487 5348 4578 5348 4489 5348 4520 5349 4481 5349 4485 5349 4490 5350 4520 5350 4485 5350 4530 5351 4520 5351 4490 5351 4493 5352 4530 5352 4490 5352 4571 5353 4530 5353 4493 5353 4494 5354 4571 5354 4493 5354 4495 5355 4571 5355 4494 5355 3382 5356 3386 5356 3375 5356 3312 5357 3382 5357 3375 5357 3269 5358 3382 5358 3312 5358 3264 5359 3269 5359 3312 5359 3238 5360 3269 5360 3264 5360 3235 5361 3238 5361 3264 5361 3234 5362 3238 5362 3235 5362 3417 5363 3386 5363 3382 5363 3427 5364 3417 5364 3382 5364 3474 5365 3417 5365 3427 5365 3535 5366 3474 5366 3427 5366 3516 5367 3474 5367 3535 5367 3588 5368 3695 5368 3630 5368 3579 5369 3588 5369 3630 5369 3535 5370 3588 5370 3579 5370 3556 5371 3535 5371 3579 5371 3516 5372 3535 5372 3556 5372 3771 5373 3899 5373 3854 5373 3759 5374 3771 5374 3854 5374 3771 5375 3759 5375 3755 5375 3714 5376 3771 5376 3755 5376 3695 5377 3771 5377 3714 5377 3677 5378 3695 5378 3714 5378 3630 5379 3695 5379 3677 5379 4060 5380 4034 5380 4099 5380 4034 5381 4060 5381 4019 5381 4014 5382 4034 5382 4019 5382 3899 5383 4034 5383 4014 5383 3879 5384 3899 5384 4014 5384 3854 5385 3899 5385 3879 5385 4139 5386 4144 5386 4198 5386 4144 5387 4139 5387 4124 5387 4120 5388 4144 5388 4124 5388 4099 5389 4144 5389 4120 5389 4093 5390 4099 5390 4120 5390 4060 5391 4099 5391 4093 5391 4241 5392 4286 5392 4311 5392 4286 5393 4241 5393 4226 5393 4219 5394 4286 5394 4226 5394 4198 5395 4286 5395 4219 5395 4190 5396 4198 5396 4219 5396 4139 5397 4198 5397 4190 5397 4366 5398 4333 5398 4323 5398 4318 5399 4366 5399 4323 5399 4350 5400 4366 5400 4318 5400 4313 5401 4350 5401 4318 5401 4311 5402 4350 5402 4313 5402 4295 5403 4311 5403 4313 5403 4241 5404 4311 5404 4295 5404 4358 5405 4333 5405 4366 5405 4429 5406 4358 5406 4366 5406 4367 5407 4358 5407 4429 5407 4435 5408 4367 5408 4429 5408 4371 5409 4367 5409 4435 5409 4435 5410 4492 5410 4400 5410 4387 5411 4435 5411 4400 5411 4371 5412 4435 5412 4387 5412 4505 5413 4543 5413 4437 5413 4505 5414 4437 5414 4415 5414 4405 5415 4505 5415 4415 5415 4492 5416 4505 5416 4405 5416 4401 5417 4492 5417 4405 5417 4400 5418 4492 5418 4401 5418 4441 5419 4439 5419 4543 5419 4551 5420 4441 5420 4543 5420 4456 5421 4441 5421 4551 5421 4598 5422 4456 5422 4551 5422 4459 5423 4456 5423 4598 5423 4436 5424 4593 5424 4582 5424 4593 5425 4436 5425 4450 5425 4455 5426 4593 5426 4450 5426 4598 5427 4593 5427 4455 5427 4458 5428 4598 5428 4455 5428 4459 5429 4598 5429 4458 5429 4397 5430 4564 5430 4534 5430 4564 5431 4397 5431 4412 5431 4416 5432 4564 5432 4412 5432 4582 5433 4564 5433 4416 5433 4433 5434 4582 5434 4416 5434 4436 5435 4582 5435 4433 5435 4512 5436 4475 5436 4382 5436 4389 5437 4512 5437 4382 5437 4534 5438 4512 5438 4389 5438 4395 5439 4534 5439 4389 5439 4397 5440 4534 5440 4395 5440 4403 5441 4319 5441 4326 5441 4334 5442 4403 5442 4326 5442 4442 5443 4403 5443 4334 5443 4340 5444 4442 5444 4334 5444 4475 5445 4442 5445 4340 5445 4360 5446 4475 5446 4340 5446 4382 5447 4475 5447 4360 5447 4230 5448 4369 5448 4336 5448 4369 5449 4230 5449 4260 5449 4279 5450 4369 5450 4260 5450 4403 5451 4369 5451 4279 5451 4314 5452 4403 5452 4279 5452 4319 5453 4403 5453 4314 5453 4135 5454 4301 5454 4259 5454 4301 5455 4135 5455 4158 5455 4173 5456 4301 5456 4158 5456 4336 5457 4301 5457 4173 5457 4211 5458 4336 5458 4173 5458 4230 5459 4336 5459 4211 5459 4183 5460 4149 5460 4064 5460 4090 5461 4183 5461 4064 5461 4259 5462 4183 5462 4090 5462 4111 5463 4259 5463 4090 5463 4135 5464 4259 5464 4111 5464 4055 5465 3848 5465 3858 5465 3871 5466 4055 5466 3858 5466 4074 5467 4055 5467 3871 5467 3969 5468 4074 5468 3871 5468 4149 5469 4074 5469 3969 5469 4057 5470 4149 5470 3969 5470 4064 5471 4149 5471 4057 5471 3605 5472 3833 5472 3656 5472 3833 5473 3605 5473 3689 5473 3690 5474 3833 5474 3689 5474 3837 5475 3833 5475 3690 5475 3693 5476 3837 5476 3690 5476 4055 5477 3837 5477 3693 5477 3769 5478 4055 5478 3693 5478 3848 5479 4055 5479 3769 5479 3488 5480 3389 5480 3453 5480 3518 5481 3488 5481 3453 5481 3635 5482 3488 5482 3518 5482 3530 5483 3635 5483 3518 5483 3656 5484 3635 5484 3530 5484 3541 5485 3656 5485 3530 5485 3605 5486 3656 5486 3541 5486 3466 5487 3342 5487 3291 5487 3369 5488 3466 5488 3291 5488 3488 5489 3466 5489 3369 5489 3372 5490 3488 5490 3369 5490 3389 5491 3488 5491 3372 5491 3300 5492 3186 5492 3128 5492 3180 5493 3300 5493 3128 5493 3300 5494 3180 5494 3216 5494 3221 5495 3300 5495 3216 5495 3342 5496 3300 5496 3221 5496 3249 5497 3342 5497 3221 5497 3291 5498 3342 5498 3249 5498 3144 5499 3050 5499 3034 5499 3072 5500 3144 5500 3034 5500 3186 5501 3144 5501 3072 5501 3097 5502 3186 5502 3072 5502 3128 5503 3186 5503 3097 5503 2917 5504 2868 5504 2892 5504 2936 5505 2917 5505 2892 5505 2989 5506 2917 5506 2936 5506 2950 5507 2989 5507 2936 5507 3050 5508 2989 5508 2950 5508 2998 5509 3050 5509 2950 5509 3034 5510 3050 5510 2998 5510 2807 5511 2868 5511 2917 5511 2840 5512 2807 5512 2917 5512 2798 5513 2807 5513 2840 5513 2775 5514 2798 5514 2840 5514 2745 5515 2798 5515 2775 5515 2702 5516 2634 5516 2661 5516 2688 5517 2702 5517 2661 5517 2775 5518 2702 5518 2688 5518 2742 5519 2775 5519 2688 5519 2745 5520 2775 5520 2742 5520 2616 5521 2634 5521 2702 5521 2637 5522 2616 5522 2702 5522 2582 5523 2616 5523 2637 5523 2553 5524 2582 5524 2637 5524 2528 5525 2582 5525 2553 5525 2507 5526 2528 5526 2553 5526 2501 5527 2528 5527 2507 5527 2385 5528 2361 5528 2367 5528 2395 5529 2385 5529 2367 5529 2406 5530 2385 5530 2395 5530 2437 5531 2406 5531 2395 5531 2507 5532 2406 5532 2437 5532 2496 5533 2507 5533 2437 5533 2501 5534 2507 5534 2496 5534 2301 5535 2361 5535 2385 5535 2265 5536 2301 5536 2385 5536 2277 5537 2301 5537 2265 5537 2255 5538 2277 5538 2265 5538 2258 5539 2277 5539 2255 5539 2255 5540 2143 5540 2174 5540 2234 5541 2255 5541 2174 5541 2258 5542 2255 5542 2234 5542 2059 5543 2131 5543 2012 5543 2131 5544 2059 5544 2153 5544 2154 5545 2131 5545 2153 5545 2143 5546 2131 5546 2154 5546 2155 5547 2143 5547 2154 5547 2174 5548 2143 5548 2155 5548 1931 5549 1990 5549 1870 5549 1990 5550 1931 5550 2016 5550 2022 5551 1990 5551 2016 5551 2012 5552 1990 5552 2022 5552 2030 5553 2012 5553 2022 5553 2059 5554 2012 5554 2030 5554 1803 5555 1844 5555 1737 5555 1844 5556 1803 5556 1874 5556 1892 5557 1844 5557 1874 5557 1870 5558 1844 5558 1892 5558 1906 5559 1870 5559 1892 5559 1931 5560 1870 5560 1906 5560 1711 5561 1618 5561 1680 5561 1711 5562 1680 5562 1740 5562 1768 5563 1711 5563 1740 5563 1737 5564 1711 5564 1768 5564 1797 5565 1737 5565 1768 5565 1803 5566 1737 5566 1797 5566 1659 5567 1675 5567 1618 5567 1583 5568 1659 5568 1618 5568 1639 5569 1659 5569 1583 5569 1492 5570 1639 5570 1583 5570 1611 5571 1639 5571 1492 5571 1435 5572 1356 5572 1518 5572 1528 5573 1435 5573 1518 5573 1492 5574 1435 5574 1528 5574 1589 5575 1492 5575 1528 5575 1611 5576 1492 5576 1589 5576 1356 5577 1448 5577 1477 5577 1480 5578 1356 5578 1477 5578 1518 5579 1356 5579 1480 5579 1352 5580 1347 5580 1355 5580 1397 5581 1352 5581 1355 5581 1448 5582 1356 5582 1292 5582 1352 5583 1448 5583 1292 5583 1413 5584 1448 5584 1352 5584 1397 5585 1413 5585 1352 5585 1295 5586 1347 5586 1352 5586 1228 5587 1295 5587 1352 5587 1294 5588 1295 5588 1228 5588 1119 5589 1173 5589 1203 5589 1228 5590 1203 5590 1216 5590 1238 5591 1228 5591 1216 5591 1294 5592 1228 5592 1238 5592 1119 5593 1067 5593 1140 5593 1146 5594 1119 5594 1140 5594 1173 5595 1119 5595 1146 5595 1047 5596 1016 5596 1034 5596 884 5597 918 5597 923 5597 947 5598 884 5598 923 5598 1016 5599 884 5599 947 5599 1018 5600 1016 5600 947 5600 1034 5601 1016 5601 1018 5601 742 5602 806 5602 808 5602 816 5603 742 5603 808 5603 884 5604 742 5604 816 5604 879 5605 884 5605 816 5605 918 5606 884 5606 879 5606 723 5607 806 5607 742 5607 632 5608 723 5608 742 5608 687 5609 723 5609 632 5609 632 5610 627 5610 648 5610 561 5611 614 5611 621 5611 627 5612 561 5612 621 5612 632 5613 648 5613 655 5613 658 5614 632 5614 655 5614 687 5615 632 5615 658 5615 567 5616 499 5616 564 5616 561 5617 499 5617 567 5617 594 5618 561 5618 567 5618 614 5619 561 5619 594 5619 455 5620 526 5620 531 5620 549 5621 455 5621 531 5621 499 5622 455 5622 549 5622 556 5623 499 5623 549 5623 564 5624 499 5624 556 5624 515 5625 418 5625 510 5625 455 5626 418 5626 515 5626 518 5627 455 5627 515 5627 526 5628 455 5628 518 5628 418 5629 503 5629 502 5629 508 5630 418 5630 502 5630 510 5631 418 5631 508 5631 512 5632 506 5632 394 5632 414 5633 512 5633 394 5633 514 5634 512 5634 414 5634 414 5635 545 5635 525 5635 520 5636 414 5636 525 5636 514 5637 414 5637 520 5637 545 5638 438 5638 548 5638 438 5639 588 5639 566 5639 554 5640 438 5640 566 5640 548 5641 438 5641 554 5641 593 5642 492 5642 595 5642 552 5643 643 5643 635 5643 631 5644 552 5644 635 5644 492 5645 552 5645 631 5645 598 5646 492 5646 631 5646 595 5647 492 5647 598 5647 624 5648 754 5648 743 5648 709 5649 624 5649 743 5649 552 5650 624 5650 709 5650 654 5651 552 5651 709 5651 643 5652 552 5652 654 5652 669 5653 875 5653 874 5653 872 5654 669 5654 874 5654 624 5655 669 5655 872 5655 814 5656 624 5656 872 5656 754 5657 624 5657 814 5657 875 5658 858 5658 932 5658 1068 5659 988 5659 1085 5659 858 5660 988 5660 1068 5660 1019 5661 858 5661 1068 5661 1011 5662 858 5662 1019 5662 858 5663 1011 5663 1005 5663 989 5664 858 5664 1005 5664 932 5665 858 5665 989 5665 1138 5666 1094 5666 1197 5666 988 5667 1094 5667 1138 5667 1111 5668 988 5668 1138 5668 1085 5669 988 5669 1111 5669 1211 5670 1305 5670 1255 5670 1217 5671 1211 5671 1255 5671 1094 5672 1211 5672 1217 5672 1201 5673 1094 5673 1217 5673 1197 5674 1094 5674 1201 5674 1331 5675 1324 5675 1211 5675 1326 5676 1331 5676 1211 5676 1384 5677 1331 5677 1326 5677 1443 5678 1511 5678 1506 5678 1462 5679 1443 5679 1506 5679 1326 5680 1460 5680 1447 5680 1394 5681 1326 5681 1447 5681 1384 5682 1326 5682 1394 5682 1562 5683 1511 5683 1443 5683 1556 5684 1562 5684 1443 5684 1594 5685 1562 5685 1556 5685 1556 5686 1674 5686 1637 5686 1617 5687 1556 5687 1637 5687 1594 5688 1556 5688 1617 5688 1660 5689 1769 5689 1721 5689 1703 5690 1660 5690 1721 5690 1674 5691 1660 5691 1703 5691 1793 5692 1787 5692 1811 5692 1894 5693 1916 5693 1904 5693 1893 5694 1894 5694 1904 5694 1787 5695 1894 5695 1893 5695 1829 5696 1787 5696 1893 5696 1811 5697 1787 5697 1829 5697 2024 5698 1945 5698 1894 5698 2015 5699 2024 5699 1894 5699 2029 5700 2024 5700 2015 5700 2015 5701 2119 5701 2066 5701 2032 5702 2015 5702 2066 5702 2029 5703 2015 5703 2032 5703 2119 5704 2202 5704 2156 5704 2119 5705 2156 5705 2151 5705 2149 5706 2119 5706 2151 5706 2066 5707 2119 5707 2149 5707 2230 5708 2350 5708 2343 5708 2279 5709 2230 5709 2343 5709 2230 5710 2279 5710 2254 5710 2233 5711 2230 5711 2254 5711 2202 5712 2230 5712 2233 5712 2471 5713 2451 5713 2399 5713 2358 5714 2471 5714 2399 5714 2350 5715 2471 5715 2358 5715 2346 5716 2350 5716 2358 5716 2343 5717 2350 5717 2346 5717 2586 5718 2570 5718 2529 5718 2486 5719 2586 5719 2529 5719 2471 5720 2586 5720 2486 5720 2472 5721 2471 5721 2486 5721 2451 5722 2471 5722 2472 5722 2715 5723 2660 5723 2654 5723 2595 5724 2715 5724 2654 5724 2586 5725 2715 5725 2595 5725 2594 5726 2586 5726 2595 5726 2570 5727 2586 5727 2594 5727 2825 5728 2774 5728 2766 5728 2727 5729 2825 5729 2766 5729 2826 5730 2774 5730 2825 5730 2942 5731 2826 5731 2825 5731 2839 5732 2826 5732 2942 5732 2942 5733 2935 5733 2910 5733 2871 5734 2942 5734 2910 5734 2839 5735 2942 5735 2871 5735 3060 5736 3029 5736 2966 5736 2959 5737 3060 5737 2966 5737 2935 5738 3060 5738 2959 5738 3049 5739 3181 5739 3066 5739 3308 5740 3167 5740 3163 5740 3155 5741 3308 5741 3163 5741 3181 5742 3308 5742 3155 5742 3079 5743 3181 5743 3155 5743 3066 5744 3181 5744 3079 5744 3594 5745 3744 5745 3537 5745 3399 5746 3594 5746 3537 5746 3572 5747 3594 5747 3399 5747 3399 5748 3377 5748 3285 5748 3433 5749 3399 5749 3285 5749 3572 5750 3399 5750 3433 5750 3042 5751 3111 5751 3138 5751 3275 5752 3042 5752 3138 5752 3170 5753 3042 5753 3275 5753 3284 5754 3170 5754 3275 5754 3285 5755 3170 5755 3284 5755 3419 5756 3285 5756 3284 5756 3433 5757 3285 5757 3419 5757 2926 5758 3006 5758 3111 5758 3042 5759 2926 5759 3111 5759 2920 5760 2926 5760 3042 5760 2973 5761 2920 5761 3042 5761 2926 5762 2890 5762 2801 5762 2958 5763 2926 5763 2801 5763 3006 5764 2926 5764 2958 5764 2693 5765 2679 5765 2734 5765 2815 5766 2693 5766 2734 5766 2801 5767 2693 5767 2815 5767 2870 5768 2801 5768 2815 5768 2958 5769 2801 5769 2870 5769 2577 5770 2597 5770 2679 5770 2693 5771 2577 5771 2679 5771 2652 5772 2577 5772 2693 5772 2659 5773 2652 5773 2693 5773 2577 5774 2543 5774 2450 5774 2516 5775 2577 5775 2450 5775 2597 5776 2577 5776 2516 5776 2332 5777 2244 5777 2336 5777 2374 5778 2332 5778 2336 5778 2450 5779 2332 5779 2374 5779 2470 5780 2450 5780 2374 5780 2516 5781 2450 5781 2470 5781 2098 5782 2200 5782 2209 5782 2088 5783 2098 5783 2209 5783 2062 5784 2098 5784 2088 5784 1959 5785 2062 5785 2088 5785 1822 5786 1942 5786 1986 5786 1873 5787 1822 5787 1986 5787 1817 5788 1822 5788 1873 5788 1108 5789 1179 5789 1315 5789 1200 5790 1108 5790 1315 5790 1079 5791 739 5791 864 5791 945 5792 1079 5792 864 5792 1200 5793 1079 5793 945 5793 1028 5794 1200 5794 945 5794 1108 5795 1200 5795 1028 5795 584 5796 649 5796 953 5796 837 5797 584 5797 953 5797 551 5798 584 5798 837 5798 445 5799 551 5799 837 5799 337 5800 423 5800 665 5800 615 5801 337 5801 665 5801 332 5802 337 5802 615 5802 290 5803 332 5803 615 5803 209 5804 180 5804 422 5804 459 5805 209 5805 422 5805 507 5806 308 5806 270 5806 259 5807 507 5807 270 5807 459 5808 507 5808 259 5808 223 5809 459 5809 259 5809 209 5810 459 5810 223 5810 361 5811 317 5811 569 5811 637 5812 361 5812 569 5812 379 5813 361 5813 637 5813 472 5814 379 5814 637 5814 604 5815 491 5815 760 5815 901 5816 604 5816 760 5816 616 5817 604 5817 901 5817 774 5818 616 5818 901 5818 1433 5819 1380 5819 1489 5819 1605 5820 1433 5820 1489 5820 1605 5821 1704 5821 1586 5821 1507 5822 1605 5822 1586 5822 1433 5823 1605 5823 1507 5823 1809 5824 1849 5824 1764 5824 1716 5825 1809 5825 1764 5825 1704 5826 1809 5826 1716 5826 1631 5827 1704 5827 1716 5827 1586 5828 1704 5828 1631 5828 1995 5829 1891 5829 1923 5829 2046 5830 1995 5830 1923 5830 2026 5831 1995 5831 2046 5831 2137 5832 2026 5832 2046 5832 2272 5833 2160 5833 2167 5833 2285 5834 2272 5834 2167 5834 2283 5835 2272 5835 2285 5835 2401 5836 2283 5836 2285 5836 2988 5837 2932 5837 2867 5837 2972 5838 2988 5838 2867 5838 2972 5839 3095 5839 3140 5839 3068 5840 2972 5840 3140 5840 2988 5841 2972 5841 3068 5841 3224 5842 3460 5842 3364 5842 3296 5843 3224 5843 3364 5843 3095 5844 3224 5844 3296 5844 3212 5845 3095 5845 3296 5845 3140 5846 3095 5846 3212 5846 3631 5847 3511 5847 3358 5847 3483 5848 3631 5848 3358 5848 3676 5849 3631 5849 3483 5849 3829 5850 3676 5850 3483 5850 4076 5851 3862 5851 3602 5851 3732 5852 4076 5852 3602 5852 4087 5853 4076 5853 3732 5853 4175 5854 4087 5854 3732 5854 4514 5855 4483 5855 4213 5855 4246 5856 4514 5856 4213 5856 4246 5857 4269 5857 4559 5857 4539 5858 4246 5858 4559 5858 4514 5859 4246 5859 4539 5859 4268 5860 4546 5860 4586 5860 4588 5861 4268 5861 4586 5861 4269 5862 4268 5862 4588 5862 4589 5863 4269 5863 4588 5863 4559 5864 4269 5864 4589 5864 4501 5865 4538 5865 4245 5865 4214 5866 4501 5866 4245 5866 4484 5867 4501 5867 4214 5867 4427 5868 4484 5868 4214 5868 4354 5869 4414 5869 4168 5869 4112 5870 4354 5870 4168 5870 4349 5871 4354 5871 4112 5871 4296 5872 4349 5872 4112 5872 3591 5873 3669 5873 3480 5873 3357 5874 3591 5874 3480 5874 3223 5875 3266 5875 3361 5875 3424 5876 3223 5876 3361 5876 3357 5877 3223 5877 3424 5877 3505 5878 3357 5878 3424 5878 3591 5879 3357 5879 3505 5879 3106 5880 3214 5880 3099 5880 2983 5881 3106 5881 3099 5881 3071 5882 3106 5882 2983 5882 2960 5883 3071 5883 2983 5883 2818 5884 2939 5884 2873 5884 2749 5885 2818 5885 2873 5885 2749 5886 2674 5886 2686 5886 2800 5887 2749 5887 2686 5887 2818 5888 2749 5888 2800 5888 1965 5889 2025 5889 2045 5889 1926 5890 1965 5890 2045 5890 1926 5891 1813 5891 1826 5891 1897 5892 1926 5892 1826 5892 1965 5893 1926 5893 1897 5893 1717 5894 1541 5894 1636 5894 1689 5895 1717 5895 1636 5895 1813 5896 1717 5896 1689 5896 1770 5897 1813 5897 1689 5897 1826 5898 1813 5898 1770 5898 1403 5899 1508 5899 1610 5899 1490 5900 1403 5900 1610 5900 1382 5901 1403 5901 1490 5901 1256 5902 1382 5902 1490 5902 1098 5903 1232 5903 1377 5903 1250 5904 1098 5904 1377 5904 1096 5905 1098 5905 1250 5905 949 5906 1096 5906 1250 5906 449 5907 495 5907 771 5907 639 5908 449 5908 771 5908 572 5909 293 5909 319 5909 345 5910 572 5910 319 5910 639 5911 572 5911 345 5911 381 5912 639 5912 345 5912 449 5913 639 5913 381 5913 239 5914 271 5914 511 5914 460 5915 239 5915 511 5915 224 5916 239 5916 460 5916 192 5917 224 5917 460 5917 146 5918 179 5918 421 5918 397 5919 146 5919 421 5919 135 5920 146 5920 397 5920 157 5921 135 5921 397 5921 199 5922 159 5922 409 5922 433 5923 199 5923 409 5923 202 5924 199 5924 433 5924 245 5925 202 5925 433 5925 476 5926 417 5926 663 5926 835 5927 476 5927 663 5927 835 5928 955 5928 612 5928 547 5929 835 5929 612 5929 476 5930 835 5930 547 5930 1081 5931 973 5931 866 5931 796 5932 1081 5932 866 5932 955 5933 1081 5933 796 5933 650 5934 955 5934 796 5934 612 5935 955 5935 650 5935 1132 5936 1032 5936 1202 5936 1317 5937 1132 5937 1202 5937 1185 5938 1132 5938 1317 5938 1287 5939 1185 5939 1317 5939 1427 5940 1313 5940 1422 5940 1524 5941 1427 5941 1422 5941 1441 5942 1427 5942 1524 5942 1563 5943 1441 5943 1524 5943 2138 5944 2063 5944 2090 5944 2211 5945 2138 5945 2090 5945 2211 5946 2334 5946 2269 5946 2204 5947 2211 5947 2269 5947 2138 5948 2211 5948 2204 5948 2452 5949 2552 5949 2474 5949 2404 5950 2452 5950 2474 5950 2334 5951 2452 5951 2404 5951 2340 5952 2334 5952 2404 5952 2269 5953 2334 5953 2340 5953 2707 5954 2596 5954 2576 5954 2690 5955 2707 5955 2576 5955 2729 5956 2707 5956 2690 5956 2847 5957 2729 5957 2690 5957 2995 5958 2865 5958 2797 5958 2923 5959 2995 5959 2797 5959 3001 5960 2995 5960 2923 5960 3135 5961 3001 5961 2923 5961 3826 5962 3748 5962 3539 5962 3665 5963 3826 5963 3539 5963 3665 5964 3787 5964 4068 5964 3996 5965 3665 5965 4068 5965 3826 5966 3665 5966 3996 5966 3962 5967 4303 5967 4217 5967 4178 5968 3962 5968 4217 5968 3787 5969 3962 5969 4178 5969 4114 5970 3787 5970 4178 5970 4068 5971 3787 5971 4114 5971 4375 5972 4321 5972 4091 5972 4128 5973 4375 5973 4091 5973 4386 5974 4375 5974 4128 5974 4449 5975 4386 5975 4128 5975 4521 5976 4461 5976 4196 5976 4227 5977 4521 5977 4196 5977 4526 5978 4521 5978 4227 5978 4570 5979 4526 5979 4227 5979 4421 5980 4465 5980 4201 5980 4134 5981 4421 5981 4201 5981 4134 5982 4097 5982 4343 5982 4393 5983 4134 5983 4343 5983 4421 5984 4134 5984 4393 5984 4004 5985 4146 5985 4229 5985 4283 5986 4004 5986 4229 5986 4097 5987 4004 5987 4283 5987 4328 5988 4097 5988 4283 5988 4343 5989 4097 5989 4328 5989 4040 5990 4123 5990 3804 5990 3673 5991 4040 5991 3804 5991 4017 5992 4040 5992 3673 5992 3779 5993 4017 5993 3673 5993 3598 5994 3756 5994 3547 5994 3405 5995 3598 5995 3547 5995 3583 5996 3598 5996 3405 5996 3439 5997 3583 5997 3405 5997 2811 5998 2887 5998 2806 5998 2700 5999 2811 5999 2806 5999 2700 6000 2580 6000 2678 6000 2743 6001 2700 6001 2678 6001 2811 6002 2700 6002 2743 6002 2457 6003 2372 6003 2478 6003 2514 6004 2457 6004 2478 6004 2580 6005 2457 6005 2514 6005 2609 6006 2580 6006 2514 6006 2678 6007 2580 6007 2609 6007 2242 6008 2347 6008 2344 6008 2225 6009 2242 6009 2344 6009 2210 6010 2242 6010 2225 6010 2096 6011 2210 6011 2225 6011 1954 6012 2071 6012 2113 6012 2001 6013 1954 6013 2113 6013 1948 6014 1954 6014 2001 6014 1833 6015 1948 6015 2001 6015 1262 6016 1322 6016 1439 6016 1320 6017 1262 6017 1439 6017 1204 6018 944 6018 1036 6018 1109 6019 1204 6019 1036 6019 1320 6020 1204 6020 1109 6020 1191 6021 1320 6021 1109 6021 1262 6022 1320 6022 1191 6022 736 6023 873 6023 1087 6023 961 6024 736 6024 1087 6024 656 6025 736 6025 961 6025 581 6026 656 6026 961 6026 443 6027 557 6027 852 6027 667 6028 443 6028 852 6028 430 6029 443 6029 667 6029 339 6030 430 6030 667 6030 165 6031 134 6031 396 6031 420 6032 165 6032 396 6032 457 6033 257 6033 221 6033 210 6034 457 6034 221 6034 420 6035 457 6035 210 6035 178 6036 420 6036 210 6036 165 6037 420 6037 178 6037 306 6038 268 6038 501 6038 565 6039 306 6039 501 6039 315 6040 306 6040 565 6040 359 6041 315 6041 565 6041 470 6042 372 6042 633 6042 751 6043 470 6043 633 6043 482 6044 470 6044 751 6044 600 6045 482 6045 751 6045 1290 6046 1226 6046 1370 6046 1483 6047 1290 6047 1370 6047 1483 6048 1598 6048 1434 6048 1374 6049 1483 6049 1434 6049 1290 6050 1483 6050 1374 6050 1696 6051 1714 6051 1625 6051 1585 6052 1696 6052 1625 6052 1598 6053 1696 6053 1585 6053 1499 6054 1598 6054 1585 6054 1434 6055 1598 6055 1499 6055 1848 6056 1747 6056 1801 6056 1915 6057 1848 6057 1801 6057 1878 6058 1848 6058 1915 6058 1992 6059 1878 6059 1915 6059 2135 6060 2019 6060 2040 6060 2164 6061 2135 6061 2040 6061 2164 6062 2275 6062 2267 6062 2152 6063 2164 6063 2267 6063 2135 6064 2164 6064 2152 6064 2842 6065 2788 6065 2736 6065 2861 6066 2842 6066 2736 6066 2861 6067 2969 6067 2986 6067 2925 6068 2861 6068 2986 6068 2842 6069 2861 6069 2925 6069 3084 6070 3298 6070 3193 6070 3142 6071 3084 6071 3193 6071 2969 6072 3084 6072 3142 6072 3059 6073 2969 6073 3142 6073 2986 6074 2969 6074 3059 6074 3462 6075 3356 6075 3217 6075 3353 6076 3462 6076 3217 6076 3501 6077 3462 6077 3353 6077 3633 6078 3501 6078 3353 6078 3831 6079 3663 6079 3475 6079 3584 6080 3831 6080 3475 6080 3849 6081 3831 6081 3584 6081 4072 6082 3849 6082 3584 6082 4444 6083 4410 6083 4159 6083 4209 6084 4444 6084 4159 6084 4209 6085 4243 6085 4511 6085 4480 6086 4209 6086 4511 6086 4444 6087 4209 6087 4480 6087 4267 6088 4590 6088 4585 6088 4560 6089 4267 6089 4585 6089 4243 6090 4267 6090 4560 6090 4537 6091 4243 6091 4560 6091 4511 6092 4243 6092 4537 6092 4548 6093 4594 6093 4270 6093 4247 6094 4548 6094 4270 6094 4540 6095 4548 6095 4247 6095 4503 6096 4540 6096 4247 6096 4428 6097 4486 6097 4215 6097 4176 6098 4428 6098 4215 6098 4419 6099 4428 6099 4176 6099 4359 6100 4419 6100 4176 6100 3773 6101 3878 6101 3606 6101 3486 6102 3773 6102 3606 6102 3486 6103 3362 6103 3590 6103 3686 6104 3486 6104 3590 6104 3773 6105 3486 6105 3686 6105 3237 6106 3267 6106 3371 6106 3425 6107 3237 6107 3371 6107 3362 6108 3237 6108 3425 6108 3515 6109 3362 6109 3425 6109 3590 6110 3362 6110 3515 6110 3109 6111 3222 6111 3102 6111 3003 6112 3109 6112 3102 6112 3080 6113 3109 6113 3003 6113 2962 6114 3080 6114 3003 6114 2820 6115 2946 6115 2889 6115 2755 6116 2820 6116 2889 6116 2808 6117 2820 6117 2755 6117 2689 6118 2808 6118 2755 6118 2103 6119 2165 6119 2172 6119 2048 6120 2103 6120 2172 6120 2048 6121 1934 6121 1964 6121 2034 6122 2048 6122 1964 6122 2103 6123 2048 6123 2034 6123 1831 6124 1687 6124 1775 6124 1825 6125 1831 6125 1775 6125 1934 6126 1831 6126 1825 6126 1901 6127 1934 6127 1825 6127 1964 6128 1934 6128 1901 6128 1539 6129 1644 6129 1724 6129 1614 6130 1539 6130 1724 6130 1517 6131 1539 6131 1614 6131 1401 6132 1517 6132 1614 6132 1253 6133 1390 6133 1496 6133 1381 6134 1253 6134 1496 6134 1248 6135 1253 6135 1381 6135 1114 6136 1248 6136 1381 6136 585 6137 623 6137 916 6137 797 6138 585 6138 916 6138 797 6139 645 6139 450 6139 498 6140 797 6140 450 6140 585 6141 797 6141 498 6141 645 6142 582 6142 344 6142 385 6143 645 6143 344 6143 450 6144 645 6144 385 6144 516 6145 238 6145 273 6145 292 6146 516 6146 273 6146 582 6147 516 6147 292 6147 325 6148 582 6148 292 6148 344 6149 582 6149 325 6149 189 6150 225 6150 462 6150 424 6151 189 6151 462 6151 181 6152 189 6152 424 6152 142 6153 181 6153 424 6153 151 6154 137 6154 399 6154 407 6155 151 6155 399 6155 153 6156 151 6156 407 6156 197 6157 153 6157 407 6157 365 6158 329 6158 596 6158 660 6159 365 6159 596 6159 822 6160 611 6160 538 6160 478 6161 822 6161 538 6161 660 6162 822 6162 478 6162 403 6163 660 6163 478 6163 365 6164 660 6164 403 6164 793 6165 646 6165 950 6165 1066 6166 793 6166 950 6166 855 6167 793 6167 1066 6167 971 6168 855 6168 1066 6168 1129 6169 1025 6169 1196 6169 1310 6170 1129 6170 1196 6170 1172 6171 1129 6171 1310 6171 1285 6172 1172 6172 1310 6172 1414 6173 1426 6173 1307 6173 1432 6174 1426 6174 1414 6174 1520 6175 1432 6175 1414 6175 1559 6176 1432 6176 1520 6176 2139 6177 2058 6177 2083 6177 2203 6178 2139 6178 2083 6178 2319 6179 2405 6179 2322 6179 2271 6180 2319 6180 2322 6180 2203 6181 2319 6181 2271 6181 2198 6182 2203 6182 2271 6182 2139 6183 2203 6183 2198 6183 2555 6184 2459 6184 2438 6184 2572 6185 2555 6185 2438 6185 2589 6186 2555 6186 2572 6186 2708 6187 2589 6187 2572 6187 2848 6188 2724 6188 2687 6188 2790 6189 2848 6189 2687 6189 2856 6190 2848 6190 2790 6190 2975 6191 2856 6191 2790 6191 3824 6192 3737 6192 3529 6192 3660 6193 3824 6193 3529 6193 3768 6194 4180 6194 4110 6194 4067 6195 3768 6195 4110 6195 3660 6196 3768 6196 4067 6196 3960 6197 3660 6197 4067 6197 3824 6198 3660 6198 3960 6198 4305 6199 4212 6199 3937 6199 4089 6200 4305 6200 3937 6200 4317 6201 4305 6201 4089 6201 4377 6202 4317 6202 4089 6202 4452 6203 4384 6203 4126 6203 4195 6204 4452 6204 4126 6204 4460 6205 4452 6205 4195 6205 4517 6206 4460 6206 4195 6206 4497 6207 4531 6207 4234 6207 4202 6208 4497 6208 4234 6208 4202 6209 4137 6209 4420 6209 4467 6210 4202 6210 4420 6210 4497 6211 4202 6211 4467 6211 4100 6212 4285 6212 4330 6212 4346 6213 4100 6213 4330 6213 4137 6214 4100 6214 4346 6214 4394 6215 4137 6215 4346 6215 4420 6216 4137 6216 4394 6216 4148 6217 4238 6217 4016 6217 3820 6218 4148 6218 4016 6218 4127 6219 4148 6219 3820 6219 4041 6220 4127 6220 3820 6220 3780 6221 4021 6221 3685 6221 3558 6222 3780 6222 3685 6222 3764 6223 3780 6223 3558 6223 3604 6224 3764 6224 3558 6224 3308 6225 3599 6225 3418 6225 3181 6226 3271 6226 3309 6226 3432 6227 3181 6227 3309 6227 3308 6228 3181 6228 3432 6228 3454 6229 3308 6229 3432 6229 3599 6230 3308 6230 3454 6230 3060 6231 3169 6231 3271 6231 3181 6232 3060 6232 3271 6232 3029 6233 3060 6233 3181 6233 3049 6234 3029 6234 3181 6234 3060 6235 2935 6235 2942 6235 3105 6236 3060 6236 2942 6236 3169 6237 3060 6237 3105 6237 2825 6238 2810 6238 2894 6238 2953 6239 2825 6239 2894 6239 2942 6240 2825 6240 2953 6240 3027 6241 2942 6241 2953 6241 3105 6242 2942 6242 3027 6242 2715 6243 2751 6243 2810 6243 2825 6244 2715 6244 2810 6244 2721 6245 2715 6245 2825 6245 2727 6246 2721 6246 2825 6246 2675 6247 2751 6247 2715 6247 2586 6248 2675 6248 2715 6248 2613 6249 2675 6249 2586 6249 2517 6250 2613 6250 2586 6250 2471 6251 2517 6251 2586 6251 2487 6252 2517 6252 2471 6252 2375 6253 2487 6253 2471 6253 2350 6254 2375 6254 2471 6254 2353 6255 2375 6255 2350 6255 2240 6256 2353 6256 2350 6256 2230 6257 2240 6257 2350 6257 2227 6258 2240 6258 2230 6258 2230 6259 2202 6259 2119 6259 2093 6260 2230 6260 2119 6260 2227 6261 2230 6261 2093 6261 2015 6262 1894 6262 1956 6262 1968 6263 2015 6263 1956 6263 2119 6264 2015 6264 1968 6264 2085 6265 2119 6265 1968 6265 2093 6266 2119 6266 2085 6266 1787 6267 1688 6267 1725 6267 1821 6268 1787 6268 1725 6268 1894 6269 1787 6269 1821 6269 1838 6270 1894 6270 1821 6270 1956 6271 1894 6271 1838 6271 1660 6272 1604 6272 1688 6272 1787 6273 1660 6273 1688 6273 1769 6274 1660 6274 1787 6274 1793 6275 1769 6275 1787 6275 1660 6276 1674 6276 1556 6276 1545 6277 1660 6277 1556 6277 1604 6278 1660 6278 1545 6278 1443 6279 1263 6279 1327 6279 1409 6280 1443 6280 1327 6280 1556 6281 1443 6281 1409 6281 1467 6282 1556 6282 1409 6282 1545 6283 1556 6283 1467 6283 1326 6284 1198 6284 1263 6284 1443 6285 1326 6285 1263 6285 1460 6286 1326 6286 1443 6286 1462 6287 1460 6287 1443 6287 1106 6288 1198 6288 1326 6288 1211 6289 1106 6289 1326 6289 1046 6290 1106 6290 1211 6290 941 6291 1046 6291 1211 6291 1094 6292 941 6292 1211 6292 885 6293 941 6293 1094 6293 734 6294 885 6294 1094 6294 988 6295 734 6295 1094 6295 664 6296 734 6296 988 6296 578 6297 664 6297 988 6297 858 6298 578 6298 988 6298 563 6299 578 6299 858 6299 858 6300 875 6300 669 6300 441 6301 858 6301 669 6301 563 6302 858 6302 441 6302 624 6303 552 6303 338 6303 347 6304 624 6304 338 6304 669 6305 624 6305 347 6305 439 6306 669 6306 347 6306 441 6307 669 6307 439 6307 492 6308 237 6308 261 6308 288 6309 492 6309 261 6309 552 6310 492 6310 288 6310 299 6311 552 6311 288 6311 338 6312 552 6312 299 6312 438 6313 214 6313 237 6313 492 6314 438 6314 237 6314 588 6315 438 6315 492 6315 593 6316 588 6316 492 6316 438 6317 545 6317 414 6317 194 6318 438 6318 414 6318 214 6319 438 6319 194 6319 394 6320 167 6320 131 6320 154 6321 394 6321 131 6321 414 6322 394 6322 154 6322 170 6323 414 6323 154 6323 194 6324 414 6324 170 6324 418 6325 174 6325 167 6325 394 6326 418 6326 167 6326 503 6327 418 6327 394 6327 505 6328 503 6328 394 6328 207 6329 174 6329 418 6329 455 6330 207 6330 418 6330 218 6331 207 6331 455 6331 255 6332 218 6332 455 6332 499 6333 255 6333 455 6333 265 6334 255 6334 499 6334 303 6335 265 6335 499 6335 561 6336 303 6336 499 6336 313 6337 303 6337 561 6337 561 6338 627 6338 632 6338 355 6339 561 6339 632 6339 313 6340 561 6340 355 6340 742 6341 884 6341 468 6341 466 6342 742 6342 468 6342 632 6343 742 6343 466 6343 369 6344 632 6344 466 6344 355 6345 632 6345 369 6345 1016 6346 790 6346 738 6346 605 6347 1016 6347 738 6347 884 6348 1016 6348 605 6348 590 6349 884 6349 605 6349 468 6350 884 6350 590 6350 1119 6351 925 6351 790 6351 1016 6352 1119 6352 790 6352 1067 6353 1119 6353 1016 6353 1047 6354 1067 6354 1016 6354 1119 6355 1203 6355 1228 6355 970 6356 1119 6356 1228 6356 925 6357 1119 6357 970 6357 1352 6358 1292 6358 1221 6358 1133 6359 1352 6359 1221 6359 1228 6360 1352 6360 1133 6360 1083 6361 1228 6361 1133 6361 970 6362 1228 6362 1083 6362 2332 6363 2321 6363 2309 6363 2209 6364 2332 6364 2309 6364 2244 6365 2332 6365 2209 6365 2200 6366 2244 6366 2209 6366 2195 6367 2120 6367 2088 6367 2209 6368 2195 6368 2088 6368 2224 6369 2195 6369 2209 6369 2309 6370 2224 6370 2209 6370 2088 6371 2120 6371 2078 6371 1986 6372 2088 6372 2078 6372 1959 6373 2088 6373 1986 6373 1942 6374 1959 6374 1986 6374 1979 6375 1914 6375 1873 6375 1986 6376 1979 6376 1873 6376 2028 6377 1979 6377 1986 6377 2078 6378 2028 6378 1986 6378 1873 6379 1914 6379 1866 6379 1765 6380 1873 6380 1866 6380 1817 6381 1873 6381 1765 6381 1698 6382 1817 6382 1765 6382 1765 6383 1814 6383 1760 6383 1643 6384 1765 6384 1760 6384 1683 6385 1765 6385 1643 6385 1588 6386 1683 6386 1643 6386 1643 6387 1729 6387 1650 6387 1529 6388 1643 6388 1650 6388 1540 6389 1643 6389 1529 6389 1444 6390 1540 6390 1529 6390 1529 6391 1628 6391 1549 6391 1421 6392 1529 6392 1549 6392 1405 6393 1529 6393 1421 6393 1312 6394 1405 6394 1421 6394 1421 6395 1521 6395 1451 6395 1315 6396 1421 6396 1451 6396 1261 6397 1421 6397 1315 6397 1179 6398 1261 6398 1315 6398 1336 6399 1247 6399 1079 6399 1200 6400 1336 6400 1079 6400 1337 6401 1336 6401 1200 6401 1315 6402 1337 6402 1200 6402 1440 6403 1337 6403 1315 6403 1451 6404 1440 6404 1315 6404 1079 6405 1247 6405 1236 6405 953 6406 1079 6406 1236 6406 739 6407 1079 6407 953 6407 649 6408 739 6408 953 6408 1161 6409 1084 6409 837 6409 953 6410 1161 6410 837 6410 1174 6411 1161 6411 953 6411 1236 6412 1174 6412 953 6412 837 6413 1084 6413 1061 6413 665 6414 837 6414 1061 6414 445 6415 837 6415 665 6415 423 6416 445 6416 665 6416 986 6417 926 6417 615 6417 665 6418 986 6418 615 6418 1015 6419 986 6419 665 6419 1061 6420 1015 6420 665 6420 615 6421 926 6421 900 6421 542 6422 615 6422 900 6422 290 6423 615 6423 542 6423 284 6424 290 6424 542 6424 542 6425 865 6425 831 6425 487 6426 542 6426 831 6426 284 6427 542 6427 487 6427 246 6428 284 6428 487 6428 487 6429 810 6429 766 6429 432 6430 487 6430 766 6430 232 6431 487 6431 432 6431 200 6432 232 6432 432 6432 432 6433 748 6433 705 6433 408 6434 432 6434 705 6434 188 6435 432 6435 408 6435 158 6436 188 6436 408 6436 408 6437 693 6437 679 6437 398 6438 408 6438 679 6438 147 6439 408 6439 398 6439 136 6440 147 6440 398 6440 398 6441 675 6441 714 6441 422 6442 398 6442 714 6442 162 6443 398 6443 422 6443 180 6444 162 6444 422 6444 776 6445 833 6445 507 6445 459 6446 776 6446 507 6446 775 6447 776 6447 459 6447 422 6448 775 6448 459 6448 722 6449 775 6449 422 6449 714 6450 722 6450 422 6450 507 6451 833 6451 842 6451 569 6452 507 6452 842 6452 308 6453 507 6453 569 6453 317 6454 308 6454 569 6454 911 6455 960 6455 637 6455 569 6456 911 6456 637 6456 890 6457 911 6457 569 6457 842 6458 890 6458 569 6458 637 6459 960 6459 1002 6459 760 6460 637 6460 1002 6460 472 6461 637 6461 760 6461 491 6462 472 6462 760 6462 1077 6463 1121 6463 901 6463 760 6464 1077 6464 901 6464 1044 6465 1077 6465 760 6465 1002 6466 1044 6466 760 6466 901 6467 1121 6467 1183 6467 1031 6468 901 6468 1183 6468 774 6469 901 6469 1031 6469 781 6470 774 6470 1031 6470 1031 6471 1213 6471 1277 6471 1149 6472 1031 6472 1277 6472 781 6473 1031 6473 1149 6473 952 6474 781 6474 1149 6474 1149 6475 1311 6475 1365 6475 1257 6476 1149 6476 1365 6476 965 6477 1149 6477 1257 6477 1099 6478 965 6478 1257 6478 1257 6479 1393 6479 1473 6479 1378 6480 1257 6480 1473 6480 1128 6481 1257 6481 1378 6481 1233 6482 1128 6482 1378 6482 1378 6483 1494 6483 1569 6483 1489 6484 1378 6484 1569 6484 1288 6485 1378 6485 1489 6485 1380 6486 1288 6486 1489 6486 1489 6487 1569 6487 1596 6487 1665 6488 1489 6488 1596 6488 1605 6489 1489 6489 1665 6489 1673 6490 1605 6490 1665 6490 1704 6491 1605 6491 1673 6491 1776 6492 1871 6492 1809 6492 1704 6493 1776 6493 1809 6493 1773 6494 1776 6494 1704 6494 1673 6495 1773 6495 1704 6495 1809 6496 1871 6496 1884 6496 1923 6497 1809 6497 1884 6497 1849 6498 1809 6498 1923 6498 1891 6499 1849 6499 1923 6499 2005 6500 2061 6500 2046 6500 1923 6501 2005 6501 2046 6501 1970 6502 2005 6502 1923 6502 1884 6503 1970 6503 1923 6503 2046 6504 2061 6504 2108 6504 2167 6505 2046 6505 2108 6505 2137 6506 2046 6506 2167 6506 2160 6507 2137 6507 2167 6507 2216 6508 2286 6508 2285 6508 2167 6509 2216 6509 2285 6509 2178 6510 2216 6510 2167 6510 2108 6511 2178 6511 2167 6511 2285 6512 2286 6512 2326 6512 2392 6513 2285 6513 2326 6513 2401 6514 2285 6514 2392 6514 2411 6515 2401 6515 2392 6515 2392 6516 2371 6516 2440 6516 2503 6517 2392 6517 2440 6517 2411 6518 2392 6518 2503 6518 2541 6519 2411 6519 2503 6519 2503 6520 2489 6520 2564 6520 2622 6521 2503 6521 2564 6521 2558 6522 2503 6522 2622 6522 2671 6523 2558 6523 2622 6523 2622 6524 2590 6524 2668 6524 2746 6525 2622 6525 2668 6525 2706 6526 2622 6526 2746 6526 2796 6527 2706 6527 2746 6527 2746 6528 2697 6528 2784 6528 2867 6529 2746 6529 2784 6529 2844 6530 2746 6530 2867 6530 2932 6531 2844 6531 2867 6531 2867 6532 2784 6532 2794 6532 2906 6533 2867 6533 2794 6533 2972 6534 2867 6534 2906 6534 2908 6535 2972 6535 2906 6535 3095 6536 2972 6536 2908 6536 3020 6537 3098 6537 3224 6537 3095 6538 3020 6538 3224 6538 3005 6539 3020 6539 3095 6539 2908 6540 3005 6540 3095 6540 3224 6541 3098 6541 3123 6541 3358 6542 3224 6542 3123 6542 3460 6543 3224 6543 3358 6543 3511 6544 3460 6544 3358 6544 3229 6545 3311 6545 3483 6545 3358 6546 3229 6546 3483 6546 3200 6547 3229 6547 3358 6547 3123 6548 3200 6548 3358 6548 3483 6549 3311 6549 3339 6549 3602 6550 3483 6550 3339 6550 3829 6551 3483 6551 3602 6551 3862 6552 3829 6552 3602 6552 3444 6553 3499 6553 3732 6553 3602 6554 3444 6554 3732 6554 3398 6555 3444 6555 3602 6555 3339 6556 3398 6556 3602 6556 3732 6557 3499 6557 3544 6557 3883 6558 3732 6558 3544 6558 4175 6559 3732 6559 3883 6559 4188 6560 4175 6560 3883 6560 3883 6561 3580 6561 3643 6561 4047 6562 3883 6562 3643 6562 4188 6563 3883 6563 4047 6563 4294 6564 4188 6564 4047 6564 4047 6565 3675 6565 3725 6565 4109 6566 4047 6566 3725 6566 4306 6567 4047 6567 4109 6567 4342 6568 4306 6568 4109 6568 4109 6569 3746 6569 3810 6569 4167 6570 4109 6570 3810 6570 4374 6571 4109 6571 4167 6571 4413 6572 4374 6572 4167 6572 4167 6573 3836 6573 3893 6573 4213 6574 4167 6574 3893 6574 4446 6575 4167 6575 4213 6575 4483 6576 4446 6576 4213 6576 4213 6577 3893 6577 3902 6577 3946 6578 4213 6578 3902 6578 4246 6579 4213 6579 3946 6579 3949 6580 4246 6580 3946 6580 4269 6581 4246 6581 3949 6581 4001 6582 4000 6582 4268 6582 4269 6583 4001 6583 4268 6583 4002 6584 4001 6584 4269 6584 3949 6585 4002 6585 4269 6585 4268 6586 4000 6586 3988 6586 4245 6587 4268 6587 3988 6587 4546 6588 4268 6588 4245 6588 4538 6589 4546 6589 4245 6589 3930 6590 3903 6590 4214 6590 4245 6591 3930 6591 4214 6591 3948 6592 3930 6592 4245 6592 3988 6593 3948 6593 4245 6593 4214 6594 3903 6594 3874 6594 4168 6595 4214 6595 3874 6595 4427 6596 4214 6596 4168 6596 4414 6597 4427 6597 4168 6597 3789 6598 3750 6598 4112 6598 4168 6599 3789 6599 4112 6599 3839 6600 3789 6600 4168 6600 3874 6601 3839 6601 4168 6601 4112 6602 3750 6602 3704 6602 4050 6603 4112 6603 3704 6603 4296 6604 4112 6604 4050 6604 4290 6605 4296 6605 4050 6605 4050 6606 3678 6606 3616 6606 3885 6607 4050 6607 3616 6607 4290 6608 4050 6608 3885 6608 4181 6609 4290 6609 3885 6609 3885 6610 3582 6610 3526 6610 3733 6611 3885 6611 3526 6611 4150 6612 3885 6612 3733 6612 4088 6613 4150 6613 3733 6613 3733 6614 3500 6614 3414 6614 3596 6615 3733 6615 3414 6615 4039 6616 3733 6616 3596 6616 3859 6617 4039 6617 3596 6617 3596 6618 3395 6618 3324 6618 3480 6619 3596 6619 3324 6619 3775 6620 3596 6620 3480 6620 3669 6621 3775 6621 3480 6621 3199 6622 3096 6622 3223 6622 3357 6623 3199 6623 3223 6623 3209 6624 3199 6624 3357 6624 3480 6625 3209 6625 3357 6625 3310 6626 3209 6626 3480 6626 3324 6627 3310 6627 3480 6627 3223 6628 3096 6628 3093 6628 3099 6629 3223 6629 3093 6629 3266 6630 3223 6630 3099 6630 3214 6631 3266 6631 3099 6631 2981 6632 2909 6632 2983 6632 3099 6633 2981 6633 2983 6633 3007 6634 2981 6634 3099 6634 3093 6635 3007 6635 3099 6635 2983 6636 2909 6636 2880 6636 2873 6637 2983 6637 2880 6637 2960 6638 2983 6638 2873 6638 2939 6639 2960 6639 2873 6639 2758 6640 2712 6640 2749 6640 2873 6641 2758 6641 2749 6641 2799 6642 2758 6642 2873 6642 2880 6643 2799 6643 2873 6643 2749 6644 2712 6644 2640 6644 2624 6645 2749 6645 2640 6645 2674 6646 2749 6646 2624 6646 2540 6647 2674 6647 2624 6647 2624 6648 2592 6648 2532 6648 2502 6649 2624 6649 2532 6649 2540 6650 2624 6650 2502 6650 2523 6651 2540 6651 2502 6651 2502 6652 2488 6652 2418 6652 2390 6653 2502 6653 2418 6653 2523 6654 2502 6654 2390 6654 2400 6655 2523 6655 2390 6655 2390 6656 2369 6656 2305 6656 2282 6657 2390 6657 2305 6657 2381 6658 2390 6658 2282 6658 2281 6659 2381 6659 2282 6659 2282 6660 2284 6660 2193 6660 2166 6661 2282 6661 2193 6661 2247 6662 2282 6662 2166 6662 2157 6663 2247 6663 2166 6663 2166 6664 2176 6664 2074 6664 2045 6665 2166 6665 2074 6665 2101 6666 2166 6666 2045 6666 2025 6667 2101 6667 2045 6667 2045 6668 2074 6668 2060 6668 1973 6669 2045 6669 2060 6669 1926 6670 2045 6670 1973 6670 1971 6671 1926 6671 1973 6671 1813 6672 1926 6672 1971 6672 1861 6673 1784 6673 1717 6673 1813 6674 1861 6674 1717 6674 1875 6675 1861 6675 1813 6675 1971 6676 1875 6676 1813 6676 1717 6677 1784 6677 1757 6677 1610 6678 1717 6678 1757 6678 1541 6679 1717 6679 1610 6679 1508 6680 1541 6680 1610 6680 1651 6681 1597 6681 1490 6681 1610 6682 1651 6682 1490 6682 1676 6683 1651 6683 1610 6683 1757 6684 1676 6684 1610 6684 1490 6685 1597 6685 1552 6685 1377 6686 1490 6686 1552 6686 1256 6687 1490 6687 1377 6687 1232 6688 1256 6688 1377 6688 1456 6689 1391 6689 1250 6689 1377 6690 1456 6690 1250 6690 1493 6691 1456 6691 1377 6691 1552 6692 1493 6692 1377 6692 1250 6693 1391 6693 1346 6693 1147 6694 1250 6694 1346 6694 949 6695 1250 6695 1147 6695 936 6696 949 6696 1147 6696 1147 6697 1309 6697 1243 6697 1029 6698 1147 6698 1243 6698 936 6699 1147 6699 1029 6699 770 6700 936 6700 1029 6700 1029 6701 1212 6701 1164 6701 903 6702 1029 6702 1164 6702 731 6703 1029 6703 903 6703 618 6704 731 6704 903 6704 903 6705 1122 6705 1058 6705 771 6706 903 6706 1058 6706 583 6707 903 6707 771 6707 495 6708 583 6708 771 6708 967 6709 897 6709 572 6709 639 6710 967 6710 572 6710 981 6711 967 6711 639 6711 771 6712 981 6712 639 6712 1048 6713 981 6713 771 6713 1058 6714 1048 6714 771 6714 572 6715 897 6715 892 6715 511 6716 572 6716 892 6716 293 6717 572 6717 511 6717 271 6718 293 6718 511 6718 825 6719 777 6719 460 6719 511 6720 825 6720 460 6720 836 6721 825 6721 511 6721 892 6722 836 6722 511 6722 460 6723 777 6723 763 6723 421 6724 460 6724 763 6724 192 6725 460 6725 421 6725 179 6726 192 6726 421 6726 704 6727 674 6727 397 6727 421 6728 704 6728 397 6728 717 6729 704 6729 421 6729 763 6730 717 6730 421 6730 397 6731 674 6731 684 6731 409 6732 397 6732 684 6732 157 6733 397 6733 409 6733 159 6734 157 6734 409 6734 720 6735 749 6735 433 6735 409 6736 720 6736 433 6736 695 6737 720 6737 409 6737 684 6738 695 6738 409 6738 433 6739 749 6739 787 6739 486 6740 433 6740 787 6740 245 6741 433 6741 486 6741 251 6742 245 6742 486 6742 486 6743 809 6743 847 6743 541 6744 486 6744 847 6744 251 6745 486 6745 541 6745 282 6746 251 6746 541 6746 541 6747 863 6747 912 6747 613 6748 541 6748 912 6748 304 6749 541 6749 613 6749 331 6750 304 6750 613 6750 613 6751 924 6751 999 6751 663 6752 613 6752 999 6752 363 6753 613 6753 663 6753 417 6754 363 6754 663 6754 663 6755 999 6755 1012 6755 1072 6756 663 6756 1012 6756 835 6757 663 6757 1072 6757 1082 6758 835 6758 1072 6758 955 6759 835 6759 1082 6759 1176 6760 1249 6760 1081 6760 955 6761 1176 6761 1081 6761 1175 6762 1176 6762 955 6762 1082 6763 1175 6763 955 6763 1081 6764 1249 6764 1270 6764 1202 6765 1081 6765 1270 6765 973 6766 1081 6766 1202 6766 1032 6767 973 6767 1202 6767 1361 6768 1442 6768 1317 6768 1202 6769 1361 6769 1317 6769 1341 6770 1361 6770 1202 6770 1270 6771 1341 6771 1202 6771 1317 6772 1442 6772 1472 6772 1422 6773 1317 6773 1472 6773 1287 6774 1317 6774 1422 6774 1313 6775 1287 6775 1422 6775 1572 6776 1627 6776 1524 6776 1422 6777 1572 6777 1524 6777 1522 6778 1572 6778 1422 6778 1472 6779 1522 6779 1422 6779 1524 6780 1627 6780 1670 6780 1638 6781 1524 6781 1670 6781 1563 6782 1524 6782 1638 6782 1577 6783 1563 6783 1638 6783 1638 6784 1727 6784 1783 6784 1749 6785 1638 6785 1783 6785 1577 6786 1638 6786 1749 6786 1695 6787 1577 6787 1749 6787 1749 6788 1810 6788 1888 6788 1869 6789 1749 6789 1888 6789 1709 6790 1749 6790 1869 6790 1812 6791 1709 6791 1869 6791 1869 6792 1912 6792 2008 6792 1985 6793 1869 6793 2008 6793 1845 6794 1869 6794 1985 6794 1940 6795 1845 6795 1985 6795 1985 6796 2027 6796 2107 6796 2090 6797 1985 6797 2107 6797 1994 6798 1985 6798 2090 6798 2063 6799 1994 6799 2090 6799 2090 6800 2107 6800 2121 6800 2215 6801 2090 6801 2121 6801 2211 6802 2090 6802 2215 6802 2228 6803 2211 6803 2215 6803 2334 6804 2211 6804 2228 6804 2323 6805 2334 6805 2228 6805 2452 6806 2334 6806 2323 6806 2331 6807 2452 6807 2323 6807 2434 6808 2452 6808 2331 6808 2452 6809 2434 6809 2444 6809 2576 6810 2452 6810 2444 6810 2552 6811 2452 6811 2576 6811 2596 6812 2552 6812 2576 6812 2567 6813 2626 6813 2690 6813 2576 6814 2567 6814 2690 6814 2531 6815 2567 6815 2576 6815 2444 6816 2531 6816 2576 6816 2690 6817 2626 6817 2665 6817 2797 6818 2690 6818 2665 6818 2847 6819 2690 6819 2797 6819 2865 6820 2847 6820 2797 6820 2779 6821 2851 6821 2923 6821 2797 6822 2779 6822 2923 6822 2740 6823 2779 6823 2797 6823 2665 6824 2740 6824 2797 6824 2923 6825 2851 6825 2899 6825 3037 6826 2923 6826 2899 6826 3135 6827 2923 6827 3037 6827 3148 6828 3135 6828 3037 6828 3037 6829 2944 6829 3013 6829 3168 6830 3037 6830 3013 6830 3148 6831 3037 6831 3168 6831 3283 6832 3148 6832 3168 6832 3168 6833 3051 6833 3119 6833 3287 6834 3168 6834 3119 6834 3302 6835 3168 6835 3287 6835 3421 6836 3302 6836 3287 6836 3287 6837 3159 6837 3228 6837 3401 6838 3287 6838 3228 6838 3464 6839 3287 6839 3401 6839 3577 6840 3464 6840 3401 6840 3401 6841 3248 6841 3343 6841 3539 6842 3401 6842 3343 6842 3629 6843 3401 6843 3539 6843 3748 6844 3629 6844 3539 6844 3539 6845 3343 6845 3359 6845 3449 6846 3539 6846 3359 6846 3665 6847 3539 6847 3449 6847 3455 6848 3665 6848 3449 6848 3787 6849 3665 6849 3455 6849 3552 6850 3625 6850 3962 6850 3787 6851 3552 6851 3962 6851 3543 6852 3552 6852 3787 6852 3455 6853 3543 6853 3787 6853 3962 6854 3625 6854 3647 6854 4091 6855 3962 6855 3647 6855 4303 6856 3962 6856 4091 6856 4321 6857 4303 6857 4091 6857 3726 6858 3770 6858 4128 6858 4091 6859 3726 6859 4128 6859 3702 6860 3726 6860 4091 6860 3647 6861 3702 6861 4091 6861 4128 6862 3770 6862 3807 6862 4196 6863 4128 6863 3807 6863 4449 6864 4128 6864 4196 6864 4461 6865 4449 6865 4196 6865 3887 6866 3915 6866 4227 6866 4196 6867 3887 6867 4227 6867 3860 6868 3887 6868 4196 6868 3807 6869 3860 6869 4196 6869 4227 6870 3915 6870 3938 6870 4255 6871 4227 6871 3938 6871 4570 6872 4227 6872 4255 6872 4572 6873 4570 6873 4255 6873 4255 6874 3973 6874 3990 6874 4277 6875 4255 6875 3990 6875 4572 6876 4255 6876 4277 6876 4610 6877 4572 6877 4277 6877 4277 6878 4011 6878 3982 6878 4256 6879 4277 6879 3982 6879 4599 6880 4277 6880 4256 6880 4576 6881 4599 6881 4256 6881 4256 6882 3974 6882 3929 6882 4232 6883 4256 6883 3929 6883 4549 6884 4256 6884 4232 6884 4529 6885 4549 6885 4232 6885 4232 6886 3918 6886 3877 6886 4201 6887 4232 6887 3877 6887 4499 6888 4232 6888 4201 6888 4465 6889 4499 6889 4201 6889 4201 6890 3877 6890 3867 6890 3796 6891 4201 6891 3867 6891 4134 6892 4201 6892 3796 6892 3790 6893 4134 6893 3796 6893 4097 6894 4134 6894 3790 6894 3710 6895 3642 6895 4004 6895 4097 6896 3710 6896 4004 6896 3716 6897 3710 6897 4097 6897 3790 6898 3716 6898 4097 6898 4004 6899 3642 6899 3621 6899 3804 6900 4004 6900 3621 6900 4146 6901 4004 6901 3804 6901 4123 6902 4146 6902 3804 6902 3527 6903 3457 6903 3673 6903 3804 6904 3527 6904 3673 6904 3557 6905 3527 6905 3804 6905 3621 6906 3557 6906 3804 6906 3673 6907 3457 6907 3413 6907 3547 6908 3673 6908 3413 6908 3779 6909 3673 6909 3547 6909 3756 6910 3779 6910 3547 6910 3321 6911 3250 6911 3405 6911 3547 6912 3321 6912 3405 6912 3363 6913 3321 6913 3547 6913 3413 6914 3363 6914 3547 6914 3405 6915 3250 6915 3203 6915 3292 6916 3405 6916 3203 6916 3439 6917 3405 6917 3292 6917 3434 6918 3439 6918 3292 6918 3292 6919 3165 6919 3087 6919 3175 6920 3292 6920 3087 6920 3434 6921 3292 6921 3175 6921 3290 6922 3434 6922 3175 6922 3175 6923 3057 6923 2978 6923 3053 6924 3175 6924 2978 6924 3272 6925 3175 6925 3053 6925 3156 6926 3272 6926 3053 6926 3053 6927 2948 6927 2881 6927 2933 6928 3053 6928 2881 6928 3108 6929 3053 6929 2933 6929 3023 6930 3108 6930 2933 6930 2933 6931 2862 6931 2761 6931 2806 6932 2933 6932 2761 6932 2955 6933 2933 6933 2806 6933 2887 6934 2955 6934 2806 6934 2806 6935 2761 6935 2750 6935 2644 6936 2806 6936 2750 6936 2700 6937 2806 6937 2644 6937 2635 6938 2700 6938 2644 6938 2580 6939 2700 6939 2635 6939 2538 6940 2435 6940 2457 6940 2580 6941 2538 6941 2457 6941 2546 6942 2538 6942 2580 6942 2635 6943 2546 6943 2580 6943 2457 6944 2435 6944 2423 6944 2344 6945 2457 6945 2423 6945 2372 6946 2457 6946 2344 6946 2347 6947 2372 6947 2344 6947 2310 6948 2229 6948 2225 6948 2344 6949 2310 6949 2225 6949 2335 6950 2310 6950 2344 6950 2423 6951 2335 6951 2344 6951 2225 6952 2229 6952 2197 6952 2113 6953 2225 6953 2197 6953 2096 6954 2225 6954 2113 6954 2071 6955 2096 6955 2113 6955 2079 6956 2033 6956 2001 6956 2113 6957 2079 6957 2001 6957 2142 6958 2079 6958 2113 6958 2197 6959 2142 6959 2113 6959 2001 6960 2033 6960 1980 6960 1880 6961 2001 6961 1980 6961 1833 6962 2001 6962 1880 6962 1818 6963 1833 6963 1880 6963 1880 6964 1922 6964 1865 6964 1772 6965 1880 6965 1865 6965 1818 6966 1880 6966 1772 6966 1706 6967 1818 6967 1772 6967 1772 6968 1832 6968 1758 6968 1656 6969 1772 6969 1758 6969 1685 6970 1772 6970 1656 6970 1595 6971 1685 6971 1656 6971 1656 6972 1733 6972 1648 6972 1535 6973 1656 6973 1648 6973 1542 6974 1656 6974 1535 6974 1461 6975 1542 6975 1535 6975 1535 6976 1634 6976 1547 6976 1439 6977 1535 6977 1547 6977 1406 6978 1535 6978 1439 6978 1322 6979 1406 6979 1439 6979 1446 6980 1349 6980 1204 6980 1320 6981 1446 6981 1204 6981 1450 6982 1446 6982 1320 6982 1439 6983 1450 6983 1320 6983 1531 6984 1450 6984 1439 6984 1547 6985 1531 6985 1439 6985 1204 6986 1349 6986 1338 6986 1087 6987 1204 6987 1338 6987 944 6988 1204 6988 1087 6988 873 6989 944 6989 1087 6989 1237 6990 1186 6990 961 6990 1087 6991 1237 6991 961 6991 1266 6992 1237 6992 1087 6992 1338 6993 1266 6993 1087 6993 961 6994 1186 6994 1163 6994 852 6995 961 6995 1163 6995 581 6996 961 6996 852 6996 557 6997 581 6997 852 6997 1062 6998 1023 6998 667 6998 852 6999 1062 6999 667 6999 1091 7000 1062 7000 852 7000 1163 7001 1091 7001 852 7001 667 7002 1023 7002 987 7002 619 7003 667 7003 987 7003 339 7004 667 7004 619 7004 335 7005 339 7005 619 7005 619 7006 930 7006 899 7006 550 7007 619 7007 899 7007 335 7008 619 7008 550 7008 296 7009 335 7009 550 7009 550 7010 869 7010 830 7010 489 7011 550 7011 830 7011 286 7012 550 7012 489 7012 250 7013 286 7013 489 7013 489 7014 813 7014 765 7014 436 7015 489 7015 765 7015 235 7016 489 7016 436 7016 211 7017 235 7017 436 7017 436 7018 752 7018 703 7018 410 7019 436 7019 703 7019 191 7020 436 7020 410 7020 164 7021 191 7021 410 7021 410 7022 696 7022 678 7022 396 7023 410 7023 678 7023 150 7024 410 7024 396 7024 134 7025 150 7025 396 7025 713 7026 773 7026 457 7026 420 7027 713 7027 457 7027 711 7028 713 7028 420 7028 396 7029 711 7029 420 7029 673 7030 711 7030 396 7030 678 7031 673 7031 396 7031 457 7032 773 7032 778 7032 501 7033 457 7033 778 7033 257 7034 457 7034 501 7034 268 7035 257 7035 501 7035 844 7036 886 7036 565 7036 501 7037 844 7037 565 7037 823 7038 844 7038 501 7038 778 7039 823 7039 501 7039 565 7040 886 7040 913 7040 633 7041 565 7041 913 7041 359 7042 565 7042 633 7042 372 7043 359 7043 633 7043 1003 7044 1039 7044 751 7044 633 7045 1003 7045 751 7045 956 7046 1003 7046 633 7046 913 7047 956 7047 633 7047 751 7048 1039 7048 1078 7048 889 7049 751 7049 1078 7049 600 7050 751 7050 889 7050 602 7051 600 7051 889 7051 889 7052 1116 7052 1184 7052 1026 7053 889 7053 1184 7053 602 7054 889 7054 1026 7054 755 7055 602 7055 1026 7055 1026 7056 1208 7056 1275 7056 1139 7057 1026 7057 1275 7057 784 7058 1026 7058 1139 7058 940 7059 784 7059 1139 7059 1139 7060 1306 7060 1363 7060 1245 7061 1139 7061 1363 7061 966 7062 1139 7062 1245 7062 1092 7063 966 7063 1245 7063 1245 7064 1388 7064 1470 7064 1370 7065 1245 7065 1470 7065 1130 7066 1245 7066 1370 7066 1226 7067 1130 7067 1370 7067 1370 7068 1470 7068 1488 7068 1567 7069 1370 7069 1488 7069 1483 7070 1370 7070 1567 7070 1592 7071 1483 7071 1567 7071 1598 7072 1483 7072 1592 7072 1664 7073 1767 7073 1696 7073 1598 7074 1664 7074 1696 7074 1661 7075 1664 7075 1598 7075 1592 7076 1661 7076 1598 7076 1696 7077 1767 7077 1778 7077 1801 7078 1696 7078 1778 7078 1714 7079 1696 7079 1801 7079 1747 7080 1714 7080 1801 7080 1886 7081 1951 7081 1915 7081 1801 7082 1886 7082 1915 7082 1859 7083 1886 7083 1801 7083 1778 7084 1859 7084 1801 7084 1915 7085 1951 7085 2007 7085 2040 7086 1915 7086 2007 7086 1992 7087 1915 7087 2040 7087 2019 7088 1992 7088 2040 7088 2109 7089 2173 7089 2164 7089 2040 7090 2109 7090 2164 7090 2057 7091 2109 7091 2040 7091 2007 7092 2057 7092 2040 7092 2164 7093 2173 7093 2218 7093 2278 7094 2164 7094 2218 7094 2275 7095 2164 7095 2278 7095 2393 7096 2275 7096 2278 7096 2278 7097 2280 7097 2325 7097 2384 7098 2278 7098 2325 7098 2393 7099 2278 7099 2384 7099 2409 7100 2393 7100 2384 7100 2384 7101 2364 7101 2442 7101 2500 7102 2384 7102 2442 7102 2409 7103 2384 7103 2500 7103 2526 7104 2409 7104 2500 7104 2500 7105 2482 7105 2566 7105 2615 7106 2500 7106 2566 7106 2556 7107 2500 7107 2615 7107 2656 7108 2556 7108 2615 7108 2615 7109 2585 7109 2669 7109 2736 7110 2615 7110 2669 7110 2704 7111 2615 7111 2736 7111 2788 7112 2704 7112 2736 7112 2736 7113 2669 7113 2692 7113 2785 7114 2736 7114 2692 7114 2861 7115 2736 7115 2785 7115 2787 7116 2861 7116 2785 7116 2969 7117 2861 7117 2787 7117 2905 7118 3000 7118 3084 7118 2969 7119 2905 7119 3084 7119 2895 7120 2905 7120 2969 7120 2787 7121 2895 7121 2969 7121 3084 7122 3000 7122 3017 7122 3217 7123 3084 7123 3017 7123 3298 7124 3084 7124 3217 7124 3356 7125 3298 7125 3217 7125 3121 7126 3191 7126 3353 7126 3217 7127 3121 7127 3353 7127 3085 7128 3121 7128 3217 7128 3017 7129 3085 7129 3217 7129 3353 7130 3191 7130 3227 7130 3475 7131 3353 7131 3227 7131 3633 7132 3353 7132 3475 7132 3663 7133 3633 7133 3475 7133 3338 7134 3392 7134 3584 7134 3475 7135 3338 7135 3584 7135 3307 7136 3338 7136 3475 7136 3227 7137 3307 7137 3475 7137 3584 7138 3392 7138 3442 7138 3718 7139 3584 7139 3442 7139 4072 7140 3584 7140 3718 7140 4078 7141 4072 7141 3718 7141 3718 7142 3492 7142 3545 7142 3865 7143 3718 7143 3545 7143 4078 7144 3718 7144 3865 7144 4161 7145 4078 7145 3865 7145 3865 7146 3574 7146 3645 7146 4028 7147 3865 7147 3645 7147 4185 7148 3865 7148 4028 7148 4278 7149 4185 7149 4028 7149 4028 7150 3667 7150 3727 7150 4106 7151 4028 7151 3727 7151 4304 7152 4028 7152 4106 7152 4338 7153 4304 7153 4106 7153 4106 7154 3741 7154 3812 7154 4159 7155 4106 7155 3812 7155 4372 7156 4106 7156 4159 7156 4410 7157 4372 7157 4159 7157 4159 7158 3812 7158 3821 7158 3894 7159 4159 7159 3821 7159 4209 7160 4159 7160 3894 7160 3897 7161 4209 7161 3894 7161 4243 7162 4209 7162 3897 7162 3947 7163 3997 7163 4267 7163 4243 7164 3947 7164 4267 7164 3945 7165 3947 7165 4243 7165 3897 7166 3945 7166 4243 7166 4267 7167 3997 7167 3998 7167 4270 7168 4267 7168 3998 7168 4590 7169 4267 7169 4270 7169 4594 7170 4590 7170 4270 7170 3985 7171 3951 7171 4247 7171 4270 7172 3985 7172 4247 7172 4003 7173 3985 7173 4270 7173 3998 7174 4003 7174 4270 7174 4247 7175 3951 7175 3927 7175 4215 7176 4247 7176 3927 7176 4503 7177 4247 7177 4215 7177 4486 7178 4503 7178 4215 7178 3872 7179 3844 7179 4176 7179 4215 7180 3872 7180 4176 7180 3904 7181 3872 7181 4215 7181 3927 7182 3904 7182 4215 7182 4176 7183 3844 7183 3788 7183 4115 7184 4176 7184 3788 7184 4359 7185 4176 7185 4115 7185 4353 7186 4359 7186 4115 7186 4115 7187 3754 7187 3706 7187 4053 7188 4115 7188 3706 7188 4353 7189 4115 7189 4053 7189 4298 7190 4353 7190 4053 7190 4053 7191 3687 7191 3618 7191 3901 7192 4053 7192 3618 7192 4289 7193 4053 7193 3901 7193 4193 7194 4289 7194 3901 7194 3901 7195 3587 7195 3528 7195 3739 7196 3901 7196 3528 7196 4147 7197 3901 7197 3739 7197 4092 7198 4147 7198 3739 7198 3739 7199 3504 7199 3415 7199 3606 7200 3739 7200 3415 7200 4036 7201 3739 7201 3606 7201 3878 7202 4036 7202 3606 7202 3606 7203 3415 7203 3402 7203 3325 7204 3606 7204 3402 7204 3486 7205 3606 7205 3325 7205 3314 7206 3486 7206 3325 7206 3362 7207 3486 7207 3314 7207 3210 7208 3101 7208 3237 7208 3362 7209 3210 7209 3237 7209 3213 7210 3210 7210 3362 7210 3314 7211 3213 7211 3362 7211 3237 7212 3101 7212 3091 7212 3102 7213 3237 7213 3091 7213 3267 7214 3237 7214 3102 7214 3222 7215 3267 7215 3102 7215 2980 7216 2916 7216 3003 7216 3102 7217 2980 7217 3003 7217 3021 7218 2980 7218 3102 7218 3091 7219 3021 7219 3102 7219 3003 7220 2916 7220 2879 7220 2889 7221 3003 7221 2879 7221 2962 7222 3003 7222 2889 7222 2946 7223 2962 7223 2889 7223 2757 7224 2716 7224 2755 7224 2889 7225 2757 7225 2755 7225 2804 7226 2757 7226 2889 7226 2879 7227 2804 7227 2889 7227 2755 7228 2716 7228 2638 7228 2627 7229 2755 7229 2638 7229 2689 7230 2755 7230 2627 7230 2684 7231 2689 7231 2627 7231 2627 7232 2601 7232 2533 7232 2510 7233 2627 7233 2533 7233 2684 7234 2627 7234 2510 7234 2548 7235 2684 7235 2510 7235 2510 7236 2492 7236 2420 7236 2397 7237 2510 7237 2420 7237 2522 7238 2510 7238 2397 7238 2416 7239 2522 7239 2397 7239 2397 7240 2386 7240 2304 7240 2288 7241 2397 7241 2304 7241 2380 7242 2397 7242 2288 7242 2287 7243 2380 7243 2288 7243 2288 7244 2289 7244 2191 7244 2172 7245 2288 7245 2191 7245 2248 7246 2288 7246 2172 7246 2165 7247 2248 7247 2172 7247 2172 7248 2191 7248 2181 7248 2073 7249 2172 7249 2181 7249 2048 7250 2172 7250 2073 7250 2067 7251 2048 7251 2073 7251 1934 7252 2048 7252 2067 7252 1974 7253 1882 7253 1831 7253 1934 7254 1974 7254 1831 7254 1983 7255 1974 7255 1934 7255 2067 7256 1983 7256 1934 7256 1831 7257 1882 7257 1863 7257 1724 7258 1831 7258 1863 7258 1687 7259 1831 7259 1724 7259 1644 7260 1687 7260 1724 7260 1759 7261 1693 7261 1614 7261 1724 7262 1759 7262 1614 7262 1791 7263 1759 7263 1724 7263 1863 7264 1791 7264 1724 7264 1614 7265 1693 7265 1652 7265 1496 7266 1614 7266 1652 7266 1401 7267 1614 7267 1496 7267 1390 7268 1401 7268 1496 7268 1553 7269 1497 7269 1381 7269 1496 7270 1553 7270 1381 7270 1603 7271 1553 7271 1496 7271 1652 7272 1603 7272 1496 7272 1381 7273 1497 7273 1457 7273 1274 7274 1381 7274 1457 7274 1114 7275 1381 7275 1274 7275 1100 7276 1114 7276 1274 7276 1274 7277 1395 7277 1345 7277 1156 7278 1274 7278 1345 7278 1100 7279 1274 7279 1156 7279 957 7280 1100 7280 1156 7280 1156 7281 1314 7281 1240 7281 1035 7282 1156 7282 1240 7282 937 7283 1156 7283 1035 7283 801 7284 937 7284 1035 7284 1035 7285 1215 7285 1162 7285 916 7286 1035 7286 1162 7286 733 7287 1035 7287 916 7287 623 7288 733 7288 916 7288 916 7289 1162 7289 1137 7289 1055 7290 916 7290 1137 7290 797 7291 916 7291 1055 7291 1050 7292 797 7292 1055 7292 645 7293 797 7293 1050 7293 979 7294 645 7294 1050 7294 582 7295 645 7295 979 7295 978 7296 582 7296 979 7296 894 7297 841 7297 516 7297 582 7298 894 7298 516 7298 904 7299 894 7299 582 7299 978 7300 904 7300 582 7300 516 7301 841 7301 827 7301 462 7302 516 7302 827 7302 238 7303 516 7303 462 7303 225 7304 238 7304 462 7304 764 7305 724 7305 424 7305 462 7306 764 7306 424 7306 794 7307 764 7307 462 7307 827 7308 794 7308 462 7308 424 7309 724 7309 706 7309 399 7310 424 7310 706 7310 142 7311 424 7311 399 7311 137 7312 142 7312 399 7312 685 7313 692 7313 407 7313 399 7314 685 7314 407 7314 677 7315 685 7315 399 7315 706 7316 677 7316 399 7316 407 7317 692 7317 721 7317 431 7318 407 7318 721 7318 197 7319 407 7319 431 7319 201 7320 197 7320 431 7320 431 7321 747 7321 785 7321 483 7322 431 7322 785 7322 201 7323 431 7323 483 7323 233 7324 201 7324 483 7324 483 7325 805 7325 846 7325 534 7326 483 7326 846 7326 252 7327 483 7327 534 7327 278 7328 252 7328 534 7328 534 7329 857 7329 910 7329 596 7330 534 7330 910 7330 307 7331 534 7331 596 7331 329 7332 307 7332 596 7332 1009 7333 1070 7333 822 7333 660 7334 1009 7334 822 7334 998 7335 1009 7335 660 7335 596 7336 998 7336 660 7336 920 7337 998 7337 596 7337 910 7338 920 7338 596 7338 822 7339 1070 7339 1071 7339 950 7340 822 7340 1071 7340 611 7341 822 7341 950 7341 646 7342 611 7342 950 7342 1178 7343 1241 7343 1066 7343 950 7344 1178 7344 1066 7344 1171 7345 1178 7345 950 7345 1071 7346 1171 7346 950 7346 1066 7347 1241 7347 1272 7347 1196 7348 1066 7348 1272 7348 971 7349 1066 7349 1196 7349 1025 7350 971 7350 1196 7350 1362 7351 1437 7351 1310 7351 1196 7352 1362 7352 1310 7352 1333 7353 1362 7353 1196 7353 1272 7354 1333 7354 1196 7354 1310 7355 1437 7355 1474 7355 1414 7356 1310 7356 1474 7356 1285 7357 1310 7357 1414 7357 1307 7358 1285 7358 1414 7358 1573 7359 1623 7359 1520 7359 1414 7360 1573 7360 1520 7360 1519 7361 1573 7361 1414 7361 1474 7362 1519 7362 1414 7362 1520 7363 1623 7363 1671 7363 1633 7364 1520 7364 1671 7364 1559 7365 1520 7365 1633 7365 1579 7366 1559 7366 1633 7366 1633 7367 1719 7367 1781 7367 1745 7368 1633 7368 1781 7368 1579 7369 1633 7369 1745 7369 1679 7370 1579 7370 1745 7370 1745 7371 1806 7371 1887 7371 1857 7372 1745 7372 1887 7372 1710 7373 1745 7373 1857 7373 1804 7374 1710 7374 1857 7374 1857 7375 1907 7375 2006 7375 1972 7376 1857 7376 2006 7376 1847 7377 1857 7377 1972 7377 1927 7378 1847 7378 1972 7378 1972 7379 2020 7379 2105 7379 2083 7380 1972 7380 2105 7380 1996 7381 1972 7381 2083 7381 2058 7382 1996 7382 2083 7382 2220 7383 2318 7383 2319 7383 2203 7384 2220 7384 2319 7384 2212 7385 2220 7385 2203 7385 2083 7386 2212 7386 2203 7386 2118 7387 2212 7387 2083 7387 2105 7388 2118 7388 2083 7388 2319 7389 2318 7389 2328 7389 2438 7390 2319 7390 2328 7390 2405 7391 2319 7391 2438 7391 2459 7392 2405 7392 2438 7392 2443 7393 2513 7393 2572 7393 2438 7394 2443 7394 2572 7394 2428 7395 2443 7395 2438 7395 2328 7396 2428 7396 2438 7396 2572 7397 2513 7397 2565 7397 2687 7398 2572 7398 2565 7398 2708 7399 2572 7399 2687 7399 2724 7400 2708 7400 2687 7400 2664 7401 2733 7401 2790 7401 2687 7402 2664 7402 2790 7402 2623 7403 2664 7403 2687 7403 2565 7404 2623 7404 2687 7404 2790 7405 2733 7405 2778 7405 2914 7406 2790 7406 2778 7406 2975 7407 2790 7407 2914 7407 2994 7408 2975 7408 2914 7408 2914 7409 2831 7409 2901 7409 3032 7410 2914 7410 2901 7410 2994 7411 2914 7411 3032 7411 3129 7412 2994 7412 3032 7412 3032 7413 2937 7413 3015 7413 3157 7414 3032 7414 3015 7414 3147 7415 3032 7415 3157 7415 3263 7416 3147 7416 3157 7416 3157 7417 3041 7417 3120 7417 3279 7418 3157 7418 3120 7418 3301 7419 3157 7419 3279 7419 3406 7420 3301 7420 3279 7420 3279 7421 3154 7421 3231 7421 3393 7422 3279 7422 3231 7422 3461 7423 3279 7423 3393 7423 3568 7424 3461 7424 3393 7424 3393 7425 3244 7425 3344 7425 3529 7426 3393 7426 3344 7426 3627 7427 3393 7427 3529 7427 3737 7428 3627 7428 3529 7428 3452 7429 3538 7429 3768 7429 3660 7430 3452 7430 3768 7430 3451 7431 3452 7431 3660 7431 3529 7432 3451 7432 3660 7432 3355 7433 3451 7433 3529 7433 3344 7434 3355 7434 3529 7434 3768 7435 3538 7435 3550 7435 3937 7436 3768 7436 3550 7436 4180 7437 3768 7437 3937 7437 4212 7438 4180 7438 3937 7438 3646 7439 3701 7439 4089 7439 3937 7440 3646 7440 4089 7440 3612 7441 3646 7441 3937 7441 3550 7442 3612 7442 3937 7442 4089 7443 3701 7443 3724 7443 4126 7444 4089 7444 3724 7444 4377 7445 4089 7445 4126 7445 4384 7446 4377 7446 4126 7446 3806 7447 3857 7447 4195 7447 4126 7448 3806 7448 4195 7448 3766 7449 3806 7449 4126 7449 3724 7450 3766 7450 4126 7450 4195 7451 3857 7451 3886 7451 4225 7452 4195 7452 3886 7452 4517 7453 4195 7453 4225 7453 4522 7454 4517 7454 4225 7454 4225 7455 3913 7455 3940 7455 4253 7456 4225 7456 3940 7456 4522 7457 4225 7457 4253 7457 4562 7458 4522 7458 4253 7458 4253 7459 3970 7459 3991 7459 4275 7460 4253 7460 3991 7460 4568 7461 4253 7461 4275 7461 4605 7462 4568 7462 4275 7462 4275 7463 4009 7463 3984 7463 4258 7464 4275 7464 3984 7464 4595 7465 4275 7465 4258 7465 4579 7466 4595 7466 4258 7466 4258 7467 3978 7467 3931 7467 4234 7468 4258 7468 3931 7468 4547 7469 4258 7469 4234 7469 4531 7470 4547 7470 4234 7470 4234 7471 3931 7471 3920 7471 3881 7472 4234 7472 3920 7472 4202 7473 4234 7473 3881 7473 3868 7474 4202 7474 3881 7474 4137 7475 4202 7475 3868 7475 3795 7476 3721 7476 4100 7476 4137 7477 3795 7477 4100 7477 3800 7478 3795 7478 4137 7478 3868 7479 3800 7479 4137 7479 4100 7480 3721 7480 3709 7480 4016 7481 4100 7481 3709 7481 4285 7482 4100 7482 4016 7482 4238 7483 4285 7483 4016 7483 3620 7484 3560 7484 3820 7484 4016 7485 3620 7485 3820 7485 3654 7486 3620 7486 4016 7486 3709 7487 3654 7487 4016 7487 3820 7488 3560 7488 3525 7488 3685 7489 3820 7489 3525 7489 4041 7490 3820 7490 3685 7490 4021 7491 4041 7491 3685 7491 3411 7492 3367 7492 3558 7492 3685 7493 3411 7493 3558 7493 3472 7494 3411 7494 3685 7494 3525 7495 3472 7495 3685 7495 3558 7496 3367 7496 3319 7496 3418 7497 3558 7497 3319 7497 3604 7498 3558 7498 3418 7498 3599 7499 3604 7499 3418 7499 3418 7500 3319 7500 3262 7500 3202 7501 3418 7501 3262 7501 3308 7502 3418 7502 3202 7502 3172 7503 3308 7503 3202 7503 3167 7504 3308 7504 3172 7504 3277 7505 3284 7505 3275 7505 3277 7506 3161 7506 3162 7506 3161 7507 3277 7507 3275 7507 3138 7508 3161 7508 3275 7508 3107 7509 3161 7509 3138 7509 3111 7510 3107 7510 3138 7510 3025 7511 3107 7511 3111 7511 3006 7512 3025 7512 3111 7512 2954 7513 3025 7513 3006 7513 2958 7514 2954 7514 3006 7514 2891 7515 2954 7515 2958 7515 2870 7516 2891 7516 2958 7516 2812 7517 2891 7517 2870 7517 2815 7518 2812 7518 2870 7518 2748 7519 2812 7519 2815 7519 2734 7520 2748 7520 2815 7520 2676 7521 2748 7521 2734 7521 2679 7522 2676 7522 2734 7522 2611 7523 2676 7523 2679 7523 2597 7524 2611 7524 2679 7524 2518 7525 2611 7525 2597 7525 2516 7526 2518 7526 2597 7526 2484 7527 2518 7527 2516 7527 2470 7528 2484 7528 2516 7528 2376 7529 2484 7529 2470 7529 2374 7530 2376 7530 2470 7530 2351 7531 2376 7531 2374 7531 2336 7532 2351 7532 2374 7532 2241 7533 2351 7533 2336 7533 2244 7534 2241 7534 2336 7534 2222 7535 2241 7535 2244 7535 2200 7536 2222 7536 2244 7536 2094 7537 2222 7537 2200 7537 2098 7538 2094 7538 2200 7538 2084 7539 2094 7539 2098 7539 1958 7540 2084 7540 2098 7540 2062 7541 1958 7541 2098 7541 1953 7542 1958 7542 2062 7542 610 7543 555 7543 590 7543 605 7544 610 7544 590 7544 657 7545 610 7545 605 7545 738 7546 657 7546 605 7546 795 7547 657 7547 738 7547 790 7548 795 7548 738 7548 878 7549 795 7549 790 7549 925 7550 878 7550 790 7550 974 7551 878 7551 925 7551 970 7552 974 7552 925 7552 1038 7553 974 7553 970 7553 1083 7554 1038 7554 970 7554 1134 7555 1038 7555 1083 7555 1133 7556 1134 7556 1083 7556 1192 7557 1134 7557 1133 7557 1221 7558 1192 7558 1133 7558 1289 7559 1192 7559 1221 7559 1292 7560 1289 7560 1221 7560 1321 7561 1289 7561 1292 7561 1356 7562 1321 7562 1292 7562 1429 7563 1321 7563 1356 7563 1435 7564 1429 7564 1356 7564 1458 7565 1429 7565 1435 7565 1492 7566 1458 7566 1435 7566 1578 7567 1458 7567 1492 7567 1583 7568 1578 7568 1492 7568 1590 7569 1578 7569 1583 7569 1618 7570 1590 7570 1583 7570 1701 7571 1590 7571 1618 7571 1711 7572 1701 7572 1618 7572 1707 7573 1701 7573 1711 7573 1737 7574 1707 7574 1711 7574 1828 7575 1707 7575 1737 7575 1844 7576 1828 7576 1737 7576 1843 7577 1828 7577 1844 7577 1870 7578 1843 7578 1844 7578 1947 7579 1843 7579 1870 7579 1990 7580 1947 7580 1870 7580 1993 7581 1947 7581 1990 7581 2012 7582 1993 7582 1990 7582 2081 7583 1993 7583 2012 7583 2131 7584 2081 7584 2012 7584 2136 7585 2081 7585 2131 7585 2143 7586 2136 7586 2131 7586 2221 7587 2136 7587 2143 7587 2255 7588 2221 7588 2143 7588 2270 7589 2221 7589 2255 7589 2265 7590 2270 7590 2255 7590 2348 7591 2270 7591 2265 7591 2385 7592 2348 7592 2265 7592 2402 7593 2348 7593 2385 7593 2406 7594 2402 7594 2385 7594 2480 7595 2402 7595 2406 7595 2507 7596 2480 7596 2406 7596 2551 7597 2480 7597 2507 7597 2553 7598 2551 7598 2507 7598 2606 7599 2551 7599 2553 7599 2637 7600 2606 7600 2553 7600 2705 7601 2606 7601 2637 7601 2702 7602 2705 7602 2637 7602 2739 7603 2705 7603 2702 7603 2775 7604 2739 7604 2702 7604 2846 7605 2739 7605 2775 7605 2840 7606 2846 7606 2775 7606 2872 7607 2846 7607 2840 7607 2917 7608 2872 7608 2840 7608 2993 7609 2872 7609 2917 7609 2989 7610 2993 7610 2917 7610 3009 7611 2993 7611 2989 7611 3050 7612 3009 7612 2989 7612 3149 7613 3009 7613 3050 7613 3144 7614 3149 7614 3050 7614 3153 7615 3149 7615 3144 7615 3186 7616 3153 7616 3144 7616 3289 7617 3153 7617 3186 7617 3300 7618 3289 7618 3186 7618 3304 7619 3289 7619 3300 7619 3342 7620 3304 7620 3300 7620 3440 7621 3304 7621 3342 7621 3466 7622 3440 7622 3342 7622 3468 7623 3440 7623 3466 7623 3488 7624 3468 7624 3466 7624 3585 7625 3468 7625 3488 7625 3635 7626 3585 7626 3488 7626 3632 7627 3585 7627 3635 7627 3656 7628 3632 7628 3635 7628 3757 7629 3632 7629 3656 7629 3833 7630 3757 7630 3656 7630 3827 7631 3757 7631 3833 7631 3837 7632 3827 7632 3833 7632 4015 7633 3827 7633 3837 7633 4055 7634 4015 7634 3837 7634 4069 7635 4015 7635 4055 7635 4074 7636 4069 7636 4055 7636 4121 7637 4069 7637 4074 7637 4149 7638 4121 7638 4074 7638 4177 7639 4121 7639 4149 7639 4183 7640 4177 7640 4149 7640 4223 7641 4177 7641 4183 7641 4259 7642 4223 7642 4183 7642 4300 7643 4223 7643 4259 7643 4301 7644 4300 7644 4259 7644 4325 7645 4300 7645 4301 7645 4336 7646 4325 7646 4301 7646 4373 7647 4325 7647 4336 7647 4369 7648 4373 7648 4336 7648 4390 7649 4373 7649 4369 7649 4403 7650 4390 7650 4369 7650 4448 7651 4390 7651 4403 7651 4442 7652 4448 7652 4403 7652 4464 7653 4448 7653 4442 7653 4475 7654 4464 7654 4442 7654 4519 7655 4464 7655 4475 7655 4512 7656 4519 7656 4475 7656 4528 7657 4519 7657 4512 7657 4534 7658 4528 7658 4512 7658 4573 7659 4528 7659 4534 7659 4564 7660 4573 7660 4534 7660 4577 7661 4573 7661 4564 7661 4582 7662 4577 7662 4564 7662 4609 7663 4577 7663 4582 7663 4593 7664 4609 7664 4582 7664 4601 7665 4609 7665 4593 7665 4598 7666 4601 7666 4593 7666 4569 7667 4601 7667 4598 7667 4551 7668 4569 7668 4598 7668 4552 7669 4569 7669 4551 7669 4543 7670 4552 7670 4551 7670 4527 7671 4552 7671 4543 7671 4505 7672 4527 7672 4543 7672 4500 7673 4527 7673 4505 7673 4492 7674 4500 7674 4505 7674 4463 7675 4500 7675 4492 7675 4435 7676 4463 7676 4492 7676 4423 7677 4463 7677 4435 7677 4429 7678 4423 7678 4435 7678 4391 7679 4423 7679 4429 7679 4366 7680 4391 7680 4429 7680 4344 7681 4391 7681 4366 7681 4350 7682 4344 7682 4366 7682 4327 7683 4344 7683 4350 7683 4311 7684 4327 7684 4350 7684 4281 7685 4327 7685 4311 7685 4286 7686 4281 7686 4311 7686 4224 7687 4281 7687 4286 7687 4198 7688 4224 7688 4286 7688 4143 7689 4224 7689 4198 7689 4144 7690 4143 7690 4198 7690 4118 7691 4143 7691 4144 7691 4099 7692 4118 7692 4144 7692 4038 7693 4118 7693 4099 7693 4034 7694 4038 7694 4099 7694 4006 7695 4038 7695 4034 7695 3899 7696 4006 7696 4034 7696 3778 7697 4006 7697 3899 7697 3771 7698 3778 7698 3899 7698 3749 7699 3778 7699 3771 7699 3695 7700 3749 7700 3771 7700 3597 7701 3749 7701 3695 7701 3588 7702 3597 7702 3695 7702 3576 7703 3597 7703 3588 7703 3535 7704 3576 7704 3588 7704 3435 7705 3576 7705 3535 7705 3427 7706 3435 7706 3535 7706 3423 7707 3435 7707 3427 7707 3382 7708 3423 7708 3427 7708 3286 7709 3423 7709 3382 7709 3269 7710 3286 7710 3382 7710 3274 7711 3286 7711 3269 7711 3238 7712 3274 7712 3269 7712 3151 7713 3274 7713 3238 7713 3160 7714 3151 7714 3238 7714 3110 7715 3151 7715 3160 7715 3115 7716 3110 7716 3160 7716 3018 7717 3110 7717 3115 7717 2964 7718 3018 7718 3115 7718 2957 7719 3018 7719 2964 7719 2140 7720 2037 7720 2058 7720 2139 7721 2140 7721 2058 7721 2168 7722 2140 7722 2139 7722 2198 7723 2168 7723 2139 7723 2274 7724 2168 7724 2198 7724 2271 7725 2274 7725 2198 7725 2296 7726 2274 7726 2271 7726 2322 7727 2296 7727 2271 7727 2410 7728 2296 7728 2322 7728 2405 7729 2410 7729 2322 7729 2426 7730 2410 7730 2405 7730 2459 7731 2426 7731 2405 7731 2559 7732 2426 7732 2459 7732 2555 7733 2559 7733 2459 7733 2561 7734 2559 7734 2555 7734 2589 7735 2561 7735 2555 7735 2691 7736 2561 7736 2589 7736 2708 7737 2691 7737 2589 7737 2709 7738 2691 7738 2708 7738 2724 7739 2709 7739 2708 7739 2805 7740 2709 7740 2724 7740 2848 7741 2805 7741 2724 7741 2845 7742 2805 7742 2848 7742 2856 7743 2845 7743 2848 7743 2945 7744 2845 7744 2856 7744 2975 7745 2945 7745 2856 7745 2990 7746 2945 7746 2975 7746 2994 7747 2990 7747 2975 7747 3078 7748 2990 7748 2994 7748 3129 7749 3078 7749 2994 7749 3141 7750 3078 7750 3129 7750 3147 7751 3141 7751 3129 7751 3230 7752 3141 7752 3147 7752 3263 7753 3230 7753 3147 7753 3295 7754 3230 7754 3263 7754 3301 7755 3295 7755 3263 7755 3376 7756 3295 7756 3301 7756 3406 7757 3376 7757 3301 7757 3458 7758 3376 7758 3406 7758 3461 7759 3458 7759 3406 7759 3533 7760 3458 7760 3461 7760 3568 7761 3533 7761 3461 7761 3628 7762 3533 7762 3568 7762 3627 7763 3628 7763 3568 7763 3691 7764 3628 7764 3627 7764 3737 7765 3691 7765 3627 7765 3828 7766 3691 7766 3737 7766 3824 7767 3828 7767 3737 7767 3892 7768 3828 7768 3824 7768 3960 7769 3892 7769 3824 7769 4073 7770 3892 7770 3960 7770 4067 7771 4073 7771 3960 7771 4096 7772 4073 7772 4067 7772 4110 7773 4096 7773 4067 7773 4187 7774 4096 7774 4110 7774 4180 7775 4187 7775 4110 7775 4192 7776 4187 7776 4180 7776 4212 7777 4192 7777 4180 7777 4297 7778 4192 7778 4212 7778 4305 7779 4297 7779 4212 7779 4308 7780 4297 7780 4305 7780 4317 7781 4308 7781 4305 7781 4357 7782 4308 7782 4317 7782 4377 7783 4357 7783 4317 7783 4376 7784 4357 7784 4377 7784 4384 7785 4376 7785 4377 7785 4418 7786 4376 7786 4384 7786 4452 7787 4418 7787 4384 7787 4447 7788 4418 7788 4452 7788 4460 7789 4447 7789 4452 7789 4488 7790 4447 7790 4460 7790 4517 7791 4488 7791 4460 7791 4515 7792 4488 7792 4517 7792 4522 7793 4515 7793 4517 7793 4541 7794 4515 7794 4522 7794 4562 7795 4541 7795 4522 7795 4561 7796 4541 7796 4562 7796 4568 7797 4561 7797 4562 7797 4596 7798 4561 7798 4568 7798 4605 7799 4596 7799 4568 7799 4587 7800 4596 7800 4605 7800 4595 7801 4587 7801 4605 7801 4584 7802 4587 7802 4595 7802 4579 7803 4584 7803 4595 7803 4544 7804 4584 7804 4579 7804 4547 7805 4544 7805 4579 7805 4536 7806 4544 7806 4547 7806 4531 7807 4536 7807 4547 7807 4498 7808 4536 7808 4531 7808 4497 7809 4498 7809 4531 7809 4479 7810 4498 7810 4497 7810 4467 7811 4479 7811 4497 7811 4425 7812 4479 7812 4467 7812 4420 7813 4425 7813 4467 7813 4411 7814 4425 7814 4420 7814 4394 7815 4411 7815 4420 7815 4352 7816 4411 7816 4394 7816 4346 7817 4352 7817 4394 7817 4341 7818 4352 7818 4346 7818 4330 7819 4341 7819 4346 7819 4291 7820 4341 7820 4330 7820 4285 7821 4291 7821 4330 7821 4284 7822 4291 7822 4285 7822 4238 7823 4284 7823 4285 7823 4162 7824 4284 7824 4238 7824 4148 7825 4162 7825 4238 7825 4152 7826 4162 7826 4148 7826 4127 7827 4152 7827 4148 7827 4062 7828 4152 7828 4127 7828 4041 7829 4062 7829 4127 7829 4042 7830 4062 7830 4041 7830 4021 7831 4042 7831 4041 7831 3845 7832 4042 7832 4021 7832 3780 7833 3845 7833 4021 7833 3777 7834 3845 7834 3780 7834 3764 7835 3777 7835 3780 7835 3659 7836 3777 7836 3764 7836 3604 7837 3659 7837 3764 7837 3592 7838 3659 7838 3604 7838 3599 7839 3592 7839 3604 7839 3493 7840 3592 7840 3599 7840 3454 7841 3493 7841 3599 7841 3426 7842 3493 7842 3454 7842 3432 7843 3426 7843 3454 7843 3354 7844 3426 7844 3432 7844 3309 7845 3354 7845 3432 7845 3265 7846 3354 7846 3309 7846 3271 7847 3265 7847 3309 7847 3192 7848 3265 7848 3271 7848 3169 7849 3192 7849 3271 7849 3104 7850 3192 7850 3169 7850 3105 7851 3104 7851 3169 7851 3063 7852 3104 7852 3105 7852 3027 7853 3063 7853 3105 7853 2956 7854 3063 7854 3027 7854 2953 7855 2956 7855 3027 7855 2930 7856 2956 7856 2953 7856 2894 7857 2930 7857 2953 7857 2817 7858 2930 7858 2894 7858 2810 7859 2817 7859 2894 7859 2793 7860 2817 7860 2810 7860 2751 7861 2793 7861 2810 7861 2683 7862 2793 7862 2751 7862 2675 7863 2683 7863 2751 7863 2655 7864 2683 7864 2675 7864 2613 7865 2655 7865 2675 7865 2524 7866 2655 7866 2613 7866 2517 7867 2524 7867 2613 7867 2511 7868 2524 7868 2517 7868 2487 7869 2511 7869 2517 7869 2389 7870 2511 7870 2487 7870 2375 7871 2389 7871 2487 7871 2382 7872 2389 7872 2375 7872 2353 7873 2382 7873 2375 7873 2259 7874 2382 7874 2353 7874 2240 7875 2259 7875 2353 7875 2245 7876 2259 7876 2240 7876 2227 7877 2245 7877 2240 7877 2150 7878 2245 7878 2227 7878 2093 7879 2150 7879 2227 7879 2099 7880 2150 7880 2093 7880 2085 7881 2099 7881 2093 7881 2018 7882 2099 7882 2085 7882 1968 7883 2018 7883 2085 7883 1962 7884 2018 7884 1968 7884 1956 7885 1962 7885 1968 7885 1879 7886 1962 7886 1956 7886 1838 7887 1879 7887 1956 7887 1827 7888 1879 7888 1838 7888 1821 7889 1827 7889 1838 7889 1751 7890 1827 7890 1821 7890 1725 7891 1751 7891 1821 7891 1691 7892 1751 7892 1725 7892 1688 7893 1691 7893 1725 7893 1629 7894 1691 7894 1688 7894 1604 7895 1629 7895 1688 7895 1544 7896 1629 7896 1604 7896 1545 7897 1544 7897 1604 7897 1502 7898 1544 7898 1545 7898 1467 7899 1502 7899 1545 7899 1404 7900 1502 7900 1467 7900 1409 7901 1404 7901 1467 7901 1372 7902 1404 7902 1409 7902 1327 7903 1372 7903 1409 7903 1258 7904 1372 7904 1327 7904 1263 7905 1258 7905 1327 7905 1225 7906 1258 7906 1263 7906 1198 7907 1225 7907 1263 7907 1101 7908 1225 7908 1198 7908 1106 7909 1101 7909 1198 7909 1090 7910 1101 7910 1106 7910 1046 7911 1090 7911 1106 7911 935 7912 1090 7912 1046 7912 941 7913 935 7913 1046 7913 931 7914 935 7914 941 7914 885 7915 931 7915 941 7915 750 7916 931 7916 885 7916 734 7917 750 7917 885 7917 729 7918 750 7918 734 7918 664 7919 729 7919 734 7919 599 7920 729 7920 664 7920 578 7921 599 7921 664 7921 580 7922 599 7922 578 7922 563 7923 580 7923 578 7923 485 7924 580 7924 563 7924 441 7925 485 7925 563 7925 447 7926 485 7926 441 7926 439 7927 447 7927 441 7927 375 7928 447 7928 439 7928 347 7929 375 7929 439 7929 343 7930 375 7930 347 7930 338 7931 343 7931 347 7931 316 7932 343 7932 338 7932 299 7933 316 7933 338 7933 294 7934 316 7934 299 7934 288 7935 294 7935 299 7935 269 7936 294 7936 288 7936 261 7937 269 7937 288 7937 241 7938 269 7938 261 7938 237 7939 241 7939 261 7939 220 7940 241 7940 237 7940 214 7941 220 7941 237 7941 195 7942 220 7942 214 7942 194 7943 195 7943 214 7943 177 7944 195 7944 194 7944 170 7945 177 7945 194 7945 149 7946 177 7946 170 7946 154 7947 149 7947 170 7947 133 7948 149 7948 154 7948 131 7949 133 7949 154 7949 160 7950 133 7950 131 7950 167 7951 160 7951 131 7951 168 7952 160 7952 167 7952 174 7953 168 7953 167 7953 203 7954 168 7954 174 7954 207 7955 203 7955 174 7955 212 7956 203 7956 207 7956 218 7957 212 7957 207 7957 247 7958 212 7958 218 7958 255 7959 247 7959 218 7959 249 7960 247 7960 255 7960 265 7961 249 7961 255 7961 295 7962 249 7962 265 7962 303 7963 295 7963 265 7963 302 7964 295 7964 303 7964 313 7965 302 7965 303 7965 333 7966 302 7966 313 7966 355 7967 333 7967 313 7967 360 7968 333 7968 355 7968 369 7969 360 7969 355 7969 427 7970 360 7970 369 7970 466 7971 427 7971 369 7971 474 7972 427 7972 466 7972 468 7973 474 7973 466 7973 555 7974 474 7974 468 7974 590 7975 555 7975 468 7975 3615 7976 3473 7976 3501 7976 3633 7977 3615 7977 3501 7977 3636 7978 3615 7978 3633 7978 3663 7979 3636 7979 3633 7979 3793 7980 3636 7980 3663 7980 3831 7981 3793 7981 3663 7981 3830 7982 3793 7982 3831 7982 3849 7983 3830 7983 3831 7983 4025 7984 3830 7984 3849 7984 4072 7985 4025 7985 3849 7985 4071 7986 4025 7986 4072 7986 4078 7987 4071 7987 4072 7987 4130 7988 4071 7988 4078 7988 4161 7989 4130 7989 4078 7989 4179 7990 4130 7990 4161 7990 4185 7991 4179 7991 4161 7991 4240 7992 4179 7992 4185 7992 4278 7993 4240 7993 4185 7993 4299 7994 4240 7994 4278 7994 4304 7995 4299 7995 4278 7995 4331 7996 4299 7996 4304 7996 4338 7997 4331 7997 4304 7997 4368 7998 4331 7998 4338 7998 4372 7999 4368 7999 4338 7999 4396 8000 4368 8000 4372 8000 4410 8001 4396 8001 4372 8001 4445 8002 4396 8002 4410 8002 4444 8003 4445 8003 4410 8003 4468 8004 4445 8004 4444 8004 4480 8005 4468 8005 4444 8005 4516 8006 4468 8006 4480 8006 4511 8007 4516 8007 4480 8007 4532 8008 4516 8008 4511 8008 4537 8009 4532 8009 4511 8009 4566 8010 4532 8010 4537 8010 4560 8011 4566 8011 4537 8011 4580 8012 4566 8012 4560 8012 4585 8013 4580 8013 4560 8013 4600 8014 4580 8014 4585 8014 4590 8015 4600 8015 4585 8015 4604 8016 4600 8016 4590 8016 4594 8017 4604 8017 4590 8017 4556 8018 4604 8018 4594 8018 4548 8019 4556 8019 4594 8019 4555 8020 4556 8020 4548 8020 4540 8021 4555 8021 4548 8021 4510 8022 4555 8022 4540 8022 4503 8023 4510 8023 4540 8023 4506 8024 4510 8024 4503 8024 4486 8025 4506 8025 4503 8025 4454 8026 4506 8026 4486 8026 4428 8027 4454 8027 4486 8027 4426 8028 4454 8028 4428 8028 4419 8029 4426 8029 4428 8029 4383 8030 4426 8030 4419 8030 4359 8031 4383 8031 4419 8031 4347 8032 4383 8032 4359 8032 4353 8033 4347 8033 4359 8033 4316 8034 4347 8034 4353 8034 4298 8035 4316 8035 4353 8035 4282 8036 4316 8036 4298 8036 4289 8037 4282 8037 4298 8037 4207 8038 4282 8038 4289 8038 4193 8039 4207 8039 4289 8039 4141 8040 4207 8040 4193 8040 4147 8041 4141 8041 4193 8041 4105 8042 4141 8042 4147 8042 4092 8043 4105 8043 4147 8043 4033 8044 4105 8044 4092 8044 4036 8045 4033 8045 4092 8045 3923 8046 4033 8046 4036 8046 3878 8047 3923 8047 4036 8047 3774 8048 3923 8048 3878 8048 3773 8049 3774 8049 3878 8049 3720 8050 3774 8050 3773 8050 3686 8051 3720 8051 3773 8051 3593 8052 3720 8052 3686 8052 3590 8053 3593 8053 3686 8053 3561 8054 3593 8054 3590 8054 3515 8055 3561 8055 3590 8055 3431 8056 3561 8056 3515 8056 3425 8057 3431 8057 3515 8057 3397 8058 3431 8058 3425 8058 3371 8059 3397 8059 3425 8059 3273 8060 3397 8060 3371 8060 3267 8061 3273 8061 3371 8061 3251 8062 3273 8062 3267 8062 3222 8063 3251 8063 3267 8063 3127 8064 3251 8064 3222 8064 3109 8065 3127 8065 3222 8065 3114 8066 3127 8066 3109 8066 3080 8067 3114 8067 3109 8067 2974 8068 3114 8068 3080 8068 2962 8069 2974 8069 3080 8069 2961 8070 2974 8070 2962 8070 2946 8071 2961 8071 2962 8071 2854 8072 2961 8072 2946 8072 2820 8073 2854 8073 2946 8073 2816 8074 2854 8074 2820 8074 2808 8075 2816 8075 2820 8075 2723 8076 2816 8076 2808 8076 2689 8077 2723 8077 2808 8077 2681 8078 2723 8078 2689 8078 2684 8079 2681 8079 2689 8079 2583 8080 2681 8080 2684 8080 2548 8081 2583 8081 2684 8081 2519 8082 2583 8082 2548 8082 2522 8083 2519 8083 2548 8083 2449 8084 2519 8084 2522 8084 2416 8085 2449 8085 2522 8085 2377 8086 2449 8086 2416 8086 2380 8087 2377 8087 2416 8087 2317 8088 2377 8088 2380 8088 2287 8089 2317 8089 2380 8089 2246 8090 2317 8090 2287 8090 2248 8091 2246 8091 2287 8091 2183 8092 2246 8092 2248 8092 2165 8093 2183 8093 2248 8093 2100 8094 2183 8094 2165 8094 2103 8095 2100 8095 2165 8095 2051 8096 2100 8096 2103 8096 2034 8097 2051 8097 2103 8097 1961 8098 2051 8098 2034 8098 1964 8099 1961 8099 2034 8099 1925 8100 1961 8100 1964 8100 1901 8101 1925 8101 1964 8101 1819 8102 1925 8102 1901 8102 1825 8103 1819 8103 1901 8103 1802 8104 1819 8104 1825 8104 1775 8105 1802 8105 1825 8105 1682 8106 1802 8106 1775 8106 1687 8107 1682 8107 1775 8107 1678 8108 1682 8108 1687 8108 1644 8109 1678 8109 1687 8109 1557 8110 1678 8110 1644 8110 1539 8111 1557 8111 1644 8111 1537 8112 1557 8112 1539 8112 1517 8113 1537 8113 1539 8113 1423 8114 1537 8114 1517 8114 1401 8115 1423 8115 1517 8115 1402 8116 1423 8116 1401 8116 1390 8117 1402 8117 1401 8117 1298 8118 1402 8118 1390 8118 1253 8119 1298 8119 1390 8119 1259 8120 1298 8120 1253 8120 1248 8121 1259 8121 1253 8121 1157 8122 1259 8122 1248 8122 1114 8123 1157 8123 1248 8123 1105 8124 1157 8124 1114 8124 1100 8125 1105 8125 1114 8125 1014 8126 1105 8126 1100 8126 957 8127 1014 8127 1100 8127 943 8128 1014 8128 957 8128 937 8129 943 8129 957 8129 839 8130 943 8130 937 8130 801 8131 839 8131 937 8131 741 8132 839 8132 801 8132 733 8133 741 8133 801 8133 640 8134 741 8134 733 8134 623 8135 640 8135 733 8135 586 8136 640 8136 623 8136 585 8137 586 8137 623 8137 532 8138 586 8138 585 8138 498 8139 532 8139 585 8139 448 8140 532 8140 498 8140 450 8141 448 8141 498 8141 402 8142 448 8142 450 8142 385 8143 402 8143 450 8143 340 8144 402 8144 385 8144 344 8145 340 8145 385 8145 330 8146 340 8146 344 8146 325 8147 330 8147 344 8147 285 8148 330 8148 325 8148 292 8149 285 8149 325 8149 277 8150 285 8150 292 8150 273 8151 277 8151 292 8151 231 8152 277 8152 273 8152 238 8153 231 8153 273 8153 229 8154 231 8154 238 8154 225 8155 229 8155 238 8155 190 8156 229 8156 225 8156 189 8157 190 8157 225 8157 185 8158 190 8158 189 8158 181 8159 185 8159 189 8159 145 8160 185 8160 181 8160 142 8161 145 8161 181 8161 143 8162 145 8162 142 8162 137 8163 143 8163 142 8163 138 8164 143 8164 137 8164 151 8165 138 8165 137 8165 161 8166 138 8166 151 8166 153 8167 161 8167 151 8167 182 8168 161 8168 153 8168 197 8169 182 8169 153 8169 206 8170 182 8170 197 8170 201 8171 206 8171 197 8171 226 8172 206 8172 201 8172 233 8173 226 8173 201 8173 258 8174 226 8174 233 8174 252 8175 258 8175 233 8175 274 8176 258 8176 252 8176 278 8177 274 8177 252 8177 310 8178 274 8178 278 8178 307 8179 310 8179 278 8179 324 8180 310 8180 307 8180 329 8181 324 8181 307 8181 364 8182 324 8182 329 8182 365 8183 364 8183 329 8183 383 8184 364 8184 365 8184 403 8185 383 8185 365 8185 473 8186 383 8186 403 8186 478 8187 473 8187 403 8187 500 8188 473 8188 478 8188 538 8189 500 8189 478 8189 607 8190 500 8190 538 8190 611 8191 607 8191 538 8191 626 8192 607 8192 611 8192 646 8193 626 8193 611 8193 788 8194 626 8194 646 8194 793 8195 788 8195 646 8195 807 8196 788 8196 793 8196 855 8197 807 8197 793 8197 963 8198 807 8198 855 8198 971 8199 963 8199 855 8199 976 8200 963 8200 971 8200 1025 8201 976 8201 971 8201 1117 8202 976 8202 1025 8202 1129 8203 1117 8203 1025 8203 1126 8204 1117 8204 1129 8204 1172 8205 1126 8205 1129 8205 1267 8206 1126 8206 1172 8206 1285 8207 1267 8207 1172 8207 1286 8208 1267 8208 1285 8208 1307 8209 1286 8209 1285 8209 1392 8210 1286 8210 1307 8210 1426 8211 1392 8211 1307 8211 1430 8212 1392 8212 1426 8212 1432 8213 1430 8213 1426 8213 1516 8214 1430 8214 1432 8214 1559 8215 1516 8215 1432 8215 1582 8216 1516 8216 1559 8216 1579 8217 1582 8217 1559 8217 1642 8218 1582 8218 1579 8218 1679 8219 1642 8219 1579 8219 1715 8220 1642 8220 1679 8220 1710 8221 1715 8221 1679 8221 1774 8222 1715 8222 1710 8222 1804 8223 1774 8223 1710 8223 1851 8224 1774 8224 1804 8224 1847 8225 1851 8225 1804 8225 1902 8226 1851 8226 1847 8226 1927 8227 1902 8227 1847 8227 1998 8228 1902 8228 1927 8228 1996 8229 1998 8229 1927 8229 2037 8230 1998 8230 1996 8230 2058 8231 2037 8231 1996 8231 4581 8232 4591 8232 4599 8232 4576 8233 4581 8233 4599 8233 4545 8234 4581 8234 4576 8234 4549 8235 4545 8235 4576 8235 4533 8236 4545 8236 4549 8236 4529 8237 4533 8237 4549 8237 4496 8238 4533 8238 4529 8238 4499 8239 4496 8239 4529 8239 4470 8240 4496 8240 4499 8240 4465 8241 4470 8241 4499 8241 4422 8242 4470 8242 4465 8242 4421 8243 4422 8243 4465 8243 4398 8244 4422 8244 4421 8244 4393 8245 4398 8245 4421 8245 4348 8246 4398 8246 4393 8246 4343 8247 4348 8247 4393 8247 4335 8248 4348 8248 4343 8248 4328 8249 4335 8249 4343 8249 4288 8250 4335 8250 4328 8250 4283 8251 4288 8251 4328 8251 4250 8252 4288 8252 4283 8252 4229 8253 4250 8253 4283 8253 4151 8254 4250 8254 4229 8254 4146 8255 4151 8255 4229 8255 4136 8256 4151 8256 4146 8256 4123 8257 4136 8257 4146 8257 4043 8258 4136 8258 4123 8258 4040 8259 4043 8259 4123 8259 4032 8260 4043 8260 4040 8260 4017 8261 4032 8261 4040 8261 3799 8262 4032 8262 4017 8262 3779 8263 3799 8263 4017 8263 3781 8264 3799 8264 3779 8264 3756 8265 3781 8265 3779 8265 3624 8266 3781 8266 3756 8266 3598 8267 3624 8267 3756 8267 3595 8268 3624 8268 3598 8268 3583 8269 3595 8269 3598 8269 3476 8270 3595 8270 3583 8270 3439 8271 3476 8271 3583 8271 3430 8272 3476 8272 3439 8272 3434 8273 3430 8273 3439 8273 3329 8274 3430 8274 3434 8274 3290 8275 3329 8275 3434 8275 3268 8276 3329 8276 3290 8276 3272 8277 3268 8277 3290 8277 3178 8278 3268 8278 3272 8278 3156 8279 3178 8279 3272 8279 3103 8280 3178 8280 3156 8280 3108 8281 3103 8281 3156 8281 3039 8282 3103 8282 3108 8282 3023 8283 3039 8283 3108 8283 2952 8284 3039 8284 3023 8284 2955 8285 2952 8285 3023 8285 2911 8286 2952 8286 2955 8286 2887 8287 2911 8287 2955 8287 2813 8288 2911 8288 2887 8288 2811 8289 2813 8289 2887 8289 2770 8290 2813 8290 2811 8290 2743 8291 2770 8291 2811 8291 2680 8292 2770 8292 2743 8292 2678 8293 2680 8293 2743 8293 2625 8294 2680 8294 2678 8294 2609 8295 2625 8295 2678 8295 2520 8296 2625 8296 2609 8296 2514 8297 2520 8297 2609 8297 2498 8298 2520 8298 2514 8298 2478 8299 2498 8299 2514 8299 2379 8300 2498 8300 2478 8300 2372 8301 2379 8301 2478 8301 2360 8302 2379 8302 2372 8302 2347 8303 2360 8303 2372 8303 2239 8304 2360 8304 2347 8304 2242 8305 2239 8305 2347 8305 2236 8306 2239 8306 2242 8306 2210 8307 2236 8307 2242 8307 2117 8308 2236 8308 2210 8308 2096 8309 2117 8309 2210 8309 2095 8310 2117 8310 2096 8310 2071 8311 2095 8311 2096 8311 1987 8312 2095 8312 2071 8312 1954 8313 1987 8313 2071 8313 1960 8314 1987 8314 1954 8314 1948 8315 1960 8315 1954 8315 1858 8316 1960 8316 1948 8316 1833 8317 1858 8317 1948 8317 1824 8318 1858 8318 1833 8318 1818 8319 1824 8319 1833 8319 1734 8320 1824 8320 1818 8320 1706 8321 1734 8321 1818 8321 1690 8322 1734 8322 1706 8322 1685 8323 1690 8323 1706 8323 1615 8324 1690 8324 1685 8324 1595 8325 1615 8325 1685 8325 1546 8326 1615 8326 1595 8326 1542 8327 1546 8327 1595 8327 1485 8328 1546 8328 1542 8328 1461 8329 1485 8329 1542 8329 1408 8330 1485 8330 1461 8330 1406 8331 1408 8331 1461 8331 1339 8332 1408 8332 1406 8332 1322 8333 1339 8333 1406 8333 1260 8334 1339 8334 1322 8334 1262 8335 1260 8335 1322 8335 1210 8336 1260 8336 1262 8336 1191 8337 1210 8337 1262 8337 1104 8338 1210 8338 1191 8338 1109 8339 1104 8339 1191 8339 1064 8340 1104 8340 1109 8340 1036 8341 1064 8341 1109 8341 938 8342 1064 8342 1036 8342 944 8343 938 8343 1036 8343 906 8344 938 8344 944 8344 873 8345 906 8345 944 8345 730 8346 906 8346 873 8346 736 8347 730 8347 873 8347 670 8348 730 8348 736 8348 656 8349 670 8349 736 8349 576 8350 670 8350 656 8350 581 8351 576 8351 656 8351 575 8352 576 8352 581 8352 557 8353 575 8353 581 8353 461 8354 575 8354 557 8354 443 8355 461 8355 557 8355 444 8356 461 8356 443 8356 430 8357 444 8357 443 8357 367 8358 444 8358 430 8358 339 8359 367 8359 430 8359 341 8360 367 8360 339 8360 335 8361 341 8361 339 8361 312 8362 341 8362 335 8362 296 8363 312 8363 335 8363 291 8364 312 8364 296 8364 286 8365 291 8365 296 8365 264 8366 291 8366 286 8366 250 8367 264 8367 286 8367 240 8368 264 8368 250 8368 235 8369 240 8369 250 8369 216 8370 240 8370 235 8370 211 8371 216 8371 235 8371 196 8372 216 8372 211 8372 191 8373 196 8373 211 8373 173 8374 196 8374 191 8374 164 8375 173 8375 191 8375 155 8376 173 8376 164 8376 150 8377 155 8377 164 8377 129 8378 155 8378 150 8378 134 8379 129 8379 150 8379 163 8380 129 8380 134 8380 165 8381 163 8381 134 8381 171 8382 163 8382 165 8382 178 8383 171 8383 165 8383 205 8384 171 8384 178 8384 210 8385 205 8385 178 8385 215 8386 205 8386 210 8386 221 8387 215 8387 210 8387 253 8388 215 8388 221 8388 257 8389 253 8389 221 8389 263 8390 253 8390 257 8390 268 8391 263 8391 257 8391 301 8392 263 8392 268 8392 306 8393 301 8393 268 8393 311 8394 301 8394 306 8394 315 8395 311 8395 306 8395 348 8396 311 8396 315 8396 359 8397 348 8397 315 8397 354 8398 348 8398 359 8398 372 8399 354 8399 359 8399 453 8400 354 8400 372 8400 470 8401 453 8401 372 8401 471 8402 453 8402 470 8402 482 8403 471 8403 470 8403 571 8404 471 8404 482 8404 600 8405 571 8405 482 8405 608 8406 571 8406 600 8406 602 8407 608 8407 600 8407 668 8408 608 8408 602 8408 755 8409 668 8409 602 8409 792 8410 668 8410 755 8410 784 8411 792 8411 755 8411 905 8412 792 8412 784 8412 940 8413 905 8413 784 8413 972 8414 905 8414 940 8414 966 8415 972 8415 940 8415 1056 8416 972 8416 966 8416 1092 8417 1056 8417 966 8417 1135 8418 1056 8418 1092 8418 1130 8419 1135 8419 1092 8419 1205 8420 1135 8420 1130 8420 1226 8421 1205 8421 1130 8421 1293 8422 1205 8422 1226 8422 1290 8423 1293 8423 1226 8423 1334 8424 1293 8424 1290 8424 1374 8425 1334 8425 1290 8425 1431 8426 1334 8426 1374 8426 1434 8427 1431 8427 1374 8427 1479 8428 1431 8428 1434 8428 1499 8429 1479 8429 1434 8429 1581 8430 1479 8430 1499 8430 1585 8431 1581 8431 1499 8431 1608 8432 1581 8432 1585 8432 1625 8433 1608 8433 1585 8433 1708 8434 1608 8434 1625 8434 1714 8435 1708 8435 1625 8435 1728 8436 1708 8436 1714 8436 1747 8437 1728 8437 1714 8437 1841 8438 1728 8438 1747 8438 1848 8439 1841 8439 1747 8439 1852 8440 1841 8440 1848 8440 1878 8441 1852 8441 1848 8441 1982 8442 1852 8442 1878 8442 1992 8443 1982 8443 1878 8443 1989 8444 1982 8444 1992 8444 2019 8445 1989 8445 1992 8445 2116 8446 1989 8446 2019 8446 2135 8447 2116 8447 2019 8447 2134 8448 2116 8448 2135 8448 2152 8449 2134 8449 2135 8449 2235 8450 2134 8450 2152 8450 2267 8451 2235 8451 2152 8451 2264 8452 2235 8452 2267 8452 2275 8453 2264 8453 2267 8453 2359 8454 2264 8454 2275 8454 2393 8455 2359 8455 2275 8455 2403 8456 2359 8456 2393 8456 2409 8457 2403 8457 2393 8457 2494 8458 2403 8458 2409 8458 2526 8459 2494 8459 2409 8459 2550 8460 2494 8460 2526 8460 2556 8461 2550 8461 2526 8461 2621 8462 2550 8462 2556 8462 2656 8463 2621 8463 2556 8463 2701 8464 2621 8464 2656 8464 2704 8465 2701 8465 2656 8465 2754 8466 2701 8466 2704 8466 2788 8467 2754 8467 2704 8467 2843 8468 2754 8468 2788 8468 2842 8469 2843 8469 2788 8469 2897 8470 2843 8470 2842 8470 2925 8471 2897 8471 2842 8471 2991 8472 2897 8472 2925 8472 2986 8473 2991 8473 2925 8473 3031 8474 2991 8474 2986 8474 3059 8475 3031 8475 2986 8475 3146 8476 3031 8476 3059 8476 3142 8477 3146 8477 3059 8477 3173 8478 3146 8478 3142 8478 3193 8479 3173 8479 3142 8479 3303 8480 3173 8480 3193 8480 3298 8481 3303 8481 3193 8481 3315 8482 3303 8482 3298 8482 3356 8483 3315 8483 3298 8483 3469 8484 3315 8484 3356 8484 3462 8485 3469 8485 3356 8485 3473 8486 3469 8486 3462 8486 3501 8487 3473 8487 3462 8487 3383 8488 3428 8488 3424 8488 3361 8489 3383 8489 3424 8489 3270 8490 3383 8490 3361 8490 3266 8491 3270 8491 3361 8491 3239 8492 3270 8492 3266 8492 3214 8493 3239 8493 3266 8493 3112 8494 3239 8494 3214 8494 3106 8495 3112 8495 3214 8495 3086 8496 3112 8496 3106 8496 3071 8497 3086 8497 3106 8497 2963 8498 3086 8498 3071 8498 2960 8499 2963 8499 3071 8499 2951 8500 2963 8500 2960 8500 2939 8501 2951 8501 2960 8501 2828 8502 2951 8502 2939 8502 2818 8503 2828 8503 2939 8503 2819 8504 2828 8504 2818 8504 2800 8505 2819 8505 2818 8505 2698 8506 2819 8506 2800 8506 2686 8507 2698 8507 2800 8507 2682 8508 2698 8508 2686 8508 2674 8509 2682 8509 2686 8509 2573 8510 2682 8510 2674 8510 2540 8511 2573 8511 2674 8511 2521 8512 2573 8512 2540 8512 2523 8513 2521 8513 2540 8513 2429 8514 2521 8514 2523 8514 2400 8515 2429 8515 2523 8515 2378 8516 2429 8516 2400 8516 2381 8517 2378 8517 2400 8517 2299 8518 2378 8518 2381 8518 2281 8519 2299 8519 2381 8519 2249 8520 2299 8520 2281 8520 2247 8521 2249 8521 2281 8521 2171 8522 2249 8522 2247 8522 2157 8523 2171 8523 2247 8523 2102 8524 2171 8524 2157 8524 2101 8525 2102 8525 2157 8525 2042 8526 2102 8526 2101 8526 2025 8527 2042 8527 2101 8527 1963 8528 2042 8528 2025 8528 1965 8529 1963 8529 2025 8529 1910 8530 1963 8530 1965 8530 1897 8531 1910 8531 1965 8531 1823 8532 1910 8532 1897 8532 1826 8533 1823 8533 1897 8533 1792 8534 1823 8534 1826 8534 1770 8535 1792 8535 1826 8535 1684 8536 1792 8536 1770 8536 1689 8537 1684 8537 1770 8537 1658 8538 1684 8538 1689 8538 1636 8539 1658 8539 1689 8539 1538 8540 1658 8540 1636 8540 1541 8541 1538 8541 1636 8541 1523 8542 1538 8542 1541 8542 1508 8543 1523 8543 1541 8543 1400 8544 1523 8544 1508 8544 1403 8545 1400 8545 1508 8545 1396 8546 1400 8546 1403 8546 1382 8547 1396 8547 1403 8547 1278 8548 1396 8548 1382 8548 1256 8549 1278 8549 1382 8549 1254 8550 1278 8550 1256 8550 1232 8551 1254 8551 1256 8551 1120 8552 1254 8552 1232 8552 1098 8553 1120 8553 1232 8553 1102 8554 1120 8554 1098 8554 1096 8555 1102 8555 1098 8555 980 8556 1102 8556 1096 8556 949 8557 980 8557 1096 8557 939 8558 980 8558 949 8558 936 8559 939 8559 949 8559 812 8560 939 8560 936 8560 770 8561 812 8561 936 8561 737 8562 812 8562 770 8562 731 8563 737 8563 770 8563 629 8564 737 8564 731 8564 618 8565 629 8565 731 8565 587 8566 629 8566 618 8566 583 8567 587 8567 618 8567 509 8568 587 8568 583 8568 495 8569 509 8569 583 8569 451 8570 509 8570 495 8570 449 8571 451 8571 495 8571 387 8572 451 8572 449 8572 381 8573 387 8573 449 8573 342 8574 387 8574 381 8574 345 8575 342 8575 381 8575 327 8576 342 8576 345 8576 319 8577 327 8577 345 8577 289 8578 327 8578 319 8578 293 8579 289 8579 319 8579 275 8580 289 8580 293 8580 271 8581 275 8581 293 8581 234 8582 275 8582 271 8582 239 8583 234 8583 271 8583 227 8584 234 8584 239 8584 224 8585 227 8585 239 8585 186 8586 227 8586 224 8586 192 8587 186 8587 224 8587 183 8588 186 8588 192 8588 179 8589 183 8589 192 8589 141 8590 183 8590 179 8590 146 8591 141 8591 179 8591 139 8592 141 8592 146 8592 135 8593 139 8593 146 8593 144 8594 139 8594 135 8594 157 8595 144 8595 135 8595 156 8596 144 8596 157 8596 159 8597 156 8597 157 8597 187 8598 156 8598 159 8598 199 8599 187 8599 159 8599 204 8600 187 8600 199 8600 202 8601 204 8601 199 8601 228 8602 204 8602 202 8602 245 8603 228 8603 202 8603 254 8604 228 8604 245 8604 251 8605 254 8605 245 8605 276 8606 254 8606 251 8606 282 8607 276 8607 251 8607 309 8608 276 8608 282 8608 304 8609 309 8609 282 8609 328 8610 309 8610 304 8610 331 8611 328 8611 304 8611 366 8612 328 8612 331 8612 363 8613 366 8613 331 8613 388 8614 366 8614 363 8614 417 8615 388 8615 363 8615 477 8616 388 8616 417 8616 476 8617 477 8617 417 8617 524 8618 477 8618 476 8618 547 8619 524 8619 476 8619 609 8620 524 8620 547 8620 612 8621 609 8621 547 8621 636 8622 609 8622 612 8622 650 8623 636 8623 612 8623 791 8624 636 8624 650 8624 796 8625 791 8625 650 8625 834 8626 791 8626 796 8626 866 8627 834 8627 796 8627 968 8628 834 8628 866 8628 973 8629 968 8629 866 8629 1010 8630 968 8630 973 8630 1032 8631 1010 8631 973 8631 1127 8632 1010 8632 1032 8632 1132 8633 1127 8633 1032 8633 1151 8634 1127 8634 1132 8634 1185 8635 1151 8635 1132 8635 1284 8636 1151 8636 1185 8636 1287 8637 1284 8637 1185 8637 1296 8638 1284 8638 1287 8638 1313 8639 1296 8639 1287 8639 1415 8640 1296 8640 1313 8640 1427 8641 1415 8641 1313 8641 1428 8642 1415 8642 1427 8642 1441 8643 1428 8643 1427 8643 1534 8644 1428 8644 1441 8644 1563 8645 1534 8645 1441 8645 1580 8646 1534 8646 1563 8646 1577 8647 1580 8647 1563 8647 1662 8648 1580 8648 1577 8648 1695 8649 1662 8649 1577 8649 1712 8650 1662 8650 1695 8650 1709 8651 1712 8651 1695 8651 1798 8652 1712 8652 1709 8652 1812 8653 1798 8653 1709 8653 1850 8654 1798 8654 1812 8654 1845 8655 1850 8655 1812 8655 1920 8656 1850 8656 1845 8656 1940 8657 1920 8657 1845 8657 1997 8658 1920 8658 1940 8658 1994 8659 1997 8659 1940 8659 2049 8660 1997 8660 1994 8660 2063 8661 2049 8661 1994 8661 2141 8662 2049 8662 2063 8662 2138 8663 2141 8663 2063 8663 2182 8664 2141 8664 2138 8664 2204 8665 2182 8665 2138 8665 2273 8666 2182 8666 2204 8666 2269 8667 2273 8667 2204 8667 2315 8668 2273 8668 2269 8668 2340 8669 2315 8669 2269 8669 2408 8670 2315 8670 2340 8670 2404 8671 2408 8671 2340 8671 2448 8672 2408 8672 2404 8672 2474 8673 2448 8673 2404 8673 2557 8674 2448 8674 2474 8674 2552 8675 2557 8675 2474 8675 2579 8676 2557 8676 2552 8676 2596 8677 2579 8677 2552 8677 2710 8678 2579 8678 2596 8678 2707 8679 2710 8679 2596 8679 2717 8680 2710 8680 2707 8680 2729 8681 2717 8681 2707 8681 2832 8682 2717 8682 2729 8682 2847 8683 2832 8683 2729 8683 2849 8684 2832 8684 2847 8684 2865 8685 2849 8685 2847 8685 2968 8686 2849 8686 2865 8686 2995 8687 2968 8687 2865 8687 2992 8688 2968 8688 2995 8688 3001 8689 2992 8689 2995 8689 3100 8690 2992 8690 3001 8690 3135 8691 3100 8691 3001 8691 3145 8692 3100 8692 3135 8692 3148 8693 3145 8693 3135 8693 3247 8694 3145 8694 3148 8694 3283 8695 3247 8695 3148 8695 3297 8696 3247 8696 3283 8696 3302 8697 3297 8697 3283 8697 3394 8698 3297 8698 3302 8698 3421 8699 3394 8699 3302 8699 3459 8700 3394 8700 3421 8700 3464 8701 3459 8701 3421 8701 3559 8702 3459 8702 3464 8702 3577 8703 3559 8703 3464 8703 3626 8704 3559 8704 3577 8704 3629 8705 3626 8705 3577 8705 3717 8706 3626 8706 3629 8706 3748 8707 3717 8707 3629 8707 3825 8708 3717 8708 3748 8708 3826 8709 3825 8709 3748 8709 3919 8710 3825 8710 3826 8710 3996 8711 3919 8711 3826 8711 4070 8712 3919 8712 3996 8712 4068 8713 4070 8713 3996 8713 4103 8714 4070 8714 4068 8714 4114 8715 4103 8715 4068 8715 4182 8716 4103 8716 4114 8716 4178 8717 4182 8717 4114 8717 4203 8718 4182 8718 4178 8718 4217 8719 4203 8719 4178 8719 4307 8720 4203 8720 4217 8720 4303 8721 4307 8721 4217 8721 4312 8722 4307 8722 4303 8722 4321 8723 4312 8723 4303 8723 4378 8724 4312 8724 4321 8724 4375 8725 4378 8725 4321 8725 4380 8726 4378 8726 4375 8726 4386 8727 4380 8727 4375 8727 4440 8728 4380 8728 4386 8728 4449 8729 4440 8729 4386 8729 4451 8730 4440 8730 4449 8730 4461 8731 4451 8731 4449 8731 4509 8732 4451 8732 4461 8732 4521 8733 4509 8733 4461 8733 4518 8734 4509 8734 4521 8734 4526 8735 4518 8735 4521 8735 4553 8736 4518 8736 4526 8736 4570 8737 4553 8737 4526 8737 4565 8738 4553 8738 4570 8738 4572 8739 4565 8739 4570 8739 4602 8740 4565 8740 4572 8740 4610 8741 4602 8741 4572 8741 4591 8742 4602 8742 4610 8742 4599 8743 4591 8743 4610 8743 1953 8744 2062 8744 1959 8744 1942 8745 1953 8745 1959 8745 1834 8746 1953 8746 1942 8746 1822 8747 1834 8747 1942 8747 1820 8748 1834 8748 1822 8748 1817 8749 1820 8749 1822 8749 1720 8750 1820 8750 1817 8750 1698 8751 1720 8751 1817 8751 1686 8752 1720 8752 1698 8752 1683 8753 1686 8753 1698 8753 1600 8754 1686 8754 1683 8754 1588 8755 1600 8755 1683 8755 1543 8756 1600 8756 1588 8756 1540 8757 1543 8757 1588 8757 1465 8758 1543 8758 1540 8758 1444 8759 1465 8759 1540 8759 1407 8760 1465 8760 1444 8760 1405 8761 1407 8761 1444 8761 1325 8762 1407 8762 1405 8762 1312 8763 1325 8763 1405 8763 1264 8764 1325 8764 1312 8764 1261 8765 1264 8765 1312 8765 1194 8766 1264 8766 1261 8766 1179 8767 1194 8767 1261 8767 1107 8768 1194 8768 1179 8768 1108 8769 1107 8769 1179 8769 1041 8770 1107 8770 1108 8770 1028 8771 1041 8771 1108 8771 942 8772 1041 8772 1028 8772 945 8773 942 8773 1028 8773 882 8774 942 8774 945 8774 864 8775 882 8775 945 8775 735 8776 882 8776 864 8776 739 8777 735 8777 864 8777 662 8778 735 8778 739 8778 649 8779 662 8779 739 8779 579 8780 662 8780 649 8780 584 8781 579 8781 649 8781 560 8782 579 8782 584 8782 551 8783 560 8783 584 8783 442 8784 560 8784 551 8784 445 8785 442 8785 551 8785 435 8786 442 8786 445 8786 423 8787 435 8787 445 8787 346 8788 435 8788 423 8788 337 8789 346 8789 423 8789 336 8790 346 8790 337 8790 332 8791 336 8791 337 8791 298 8792 336 8792 332 8792 290 8793 298 8793 332 8793 287 8794 298 8794 290 8794 284 8795 287 8795 290 8795 260 8796 287 8796 284 8796 246 8797 260 8797 284 8797 236 8798 260 8798 246 8798 232 8799 236 8799 246 8799 213 8800 236 8800 232 8800 200 8801 213 8801 232 8801 193 8802 213 8802 200 8802 188 8803 193 8803 200 8803 169 8804 193 8804 188 8804 158 8805 169 8805 188 8805 152 8806 169 8806 158 8806 147 8807 152 8807 158 8807 132 8808 152 8808 147 8808 136 8809 132 8809 147 8809 166 8810 132 8810 136 8810 162 8811 166 8811 136 8811 175 8812 166 8812 162 8812 180 8813 175 8813 162 8813 208 8814 175 8814 180 8814 209 8815 208 8815 180 8815 219 8816 208 8816 209 8816 223 8817 219 8817 209 8817 256 8818 219 8818 223 8818 259 8819 256 8819 223 8819 266 8820 256 8820 259 8820 270 8821 266 8821 259 8821 305 8822 266 8822 270 8822 308 8823 305 8823 270 8823 314 8824 305 8824 308 8824 317 8825 314 8825 308 8825 356 8826 314 8826 317 8826 361 8827 356 8827 317 8827 371 8828 356 8828 361 8828 379 8829 371 8829 361 8829 469 8830 371 8830 379 8830 472 8831 469 8831 379 8831 475 8832 469 8832 472 8832 491 8833 475 8833 472 8833 592 8834 475 8834 491 8834 604 8835 592 8835 491 8835 603 8836 592 8836 604 8836 616 8837 603 8837 604 8837 745 8838 603 8838 616 8838 774 8839 745 8839 616 8839 789 8840 745 8840 774 8840 781 8841 789 8841 774 8841 928 8842 789 8842 781 8842 952 8843 928 8843 781 8843 969 8844 928 8844 952 8844 965 8845 969 8845 952 8845 1086 8846 969 8846 965 8846 1099 8847 1086 8847 965 8847 1131 8848 1086 8848 1099 8848 1128 8849 1131 8849 1099 8849 1224 8850 1131 8850 1128 8850 1233 8851 1224 8851 1128 8851 1291 8852 1224 8852 1233 8852 1288 8853 1291 8853 1233 8853 1358 8854 1291 8854 1288 8854 1380 8855 1358 8855 1288 8855 1436 8856 1358 8856 1380 8856 1433 8857 1436 8857 1380 8857 1495 8858 1436 8858 1433 8858 1507 8859 1495 8859 1433 8859 1584 8860 1495 8860 1507 8860 1586 8861 1584 8861 1507 8861 1622 8862 1584 8862 1586 8862 1631 8863 1622 8863 1586 8863 1713 8864 1622 8864 1631 8864 1716 8865 1713 8865 1631 8865 1739 8866 1713 8866 1716 8866 1764 8867 1739 8867 1716 8867 1846 8868 1739 8868 1764 8868 1849 8869 1846 8869 1764 8869 1872 8870 1846 8870 1849 8870 1891 8871 1872 8871 1849 8871 1991 8872 1872 8872 1891 8872 1995 8873 1991 8873 1891 8873 2014 8874 1991 8874 1995 8874 2026 8875 2014 8875 1995 8875 2133 8876 2014 8876 2026 8876 2137 8877 2133 8877 2026 8877 2147 8878 2133 8878 2137 8878 2160 8879 2147 8879 2137 8879 2257 8880 2147 8880 2160 8880 2272 8881 2257 8881 2160 8881 2266 8882 2257 8882 2272 8882 2283 8883 2266 8883 2272 8883 2387 8884 2266 8884 2283 8884 2401 8885 2387 8885 2283 8885 2407 8886 2387 8886 2401 8886 2411 8887 2407 8887 2401 8887 2508 8888 2407 8888 2411 8888 2541 8889 2508 8889 2411 8889 2554 8890 2508 8890 2541 8890 2558 8891 2554 8891 2541 8891 2651 8892 2554 8892 2558 8892 2671 8893 2651 8893 2558 8893 2703 8894 2651 8894 2671 8894 2706 8895 2703 8895 2671 8895 2777 8896 2703 8896 2706 8896 2796 8897 2777 8897 2706 8897 2841 8898 2777 8898 2796 8898 2844 8899 2841 8899 2796 8899 2921 8900 2841 8900 2844 8900 2932 8901 2921 8901 2844 8901 2987 8902 2921 8902 2932 8902 2988 8903 2987 8903 2932 8903 3052 8904 2987 8904 2988 8904 3068 8905 3052 8905 2988 8905 3143 8906 3052 8906 3068 8906 3140 8907 3143 8907 3068 8907 3187 8908 3143 8908 3140 8908 3212 8909 3187 8909 3140 8909 3299 8910 3187 8910 3212 8910 3296 8911 3299 8911 3212 8911 3348 8912 3299 8912 3296 8912 3364 8913 3348 8913 3296 8913 3465 8914 3348 8914 3364 8914 3460 8915 3465 8915 3364 8915 3489 8916 3465 8916 3460 8916 3511 8917 3489 8917 3460 8917 3634 8918 3489 8918 3511 8918 3631 8919 3634 8919 3511 8919 3658 8920 3634 8920 3631 8920 3676 8921 3658 8921 3631 8921 3832 8922 3658 8922 3676 8922 3829 8923 3832 8923 3676 8923 3841 8924 3832 8924 3829 8924 3862 8925 3841 8925 3829 8925 4056 8926 3841 8926 3862 8926 4076 8927 4056 8927 3862 8927 4075 8928 4056 8928 4076 8928 4087 8929 4075 8929 4076 8929 4153 8930 4075 8930 4087 8930 4175 8931 4153 8931 4087 8931 4184 8932 4153 8932 4175 8932 4188 8933 4184 8933 4175 8933 4261 8934 4184 8934 4188 8934 4294 8935 4261 8935 4188 8935 4302 8936 4261 8936 4294 8936 4306 8937 4302 8937 4294 8937 4337 8938 4302 8938 4306 8938 4342 8939 4337 8939 4306 8939 4370 8940 4337 8940 4342 8940 4374 8941 4370 8941 4342 8941 4404 8942 4370 8942 4374 8942 4413 8943 4404 8943 4374 8943 4443 8944 4404 8944 4413 8944 4446 8945 4443 8945 4413 8945 4476 8946 4443 8946 4446 8946 4483 8947 4476 8947 4446 8947 4513 8948 4476 8948 4483 8948 4514 8949 4513 8949 4483 8949 4535 8950 4513 8950 4514 8950 4539 8951 4535 8951 4514 8951 4563 8952 4535 8952 4539 8952 4559 8953 4563 8953 4539 8953 4583 8954 4563 8954 4559 8954 4589 8955 4583 8955 4559 8955 4592 8956 4583 8956 4589 8956 4588 8957 4592 8957 4589 8957 4597 8958 4592 8958 4588 8958 4586 8959 4597 8959 4588 8959 4550 8960 4597 8960 4586 8960 4546 8961 4550 8961 4586 8961 4542 8962 4550 8962 4546 8962 4538 8963 4542 8963 4546 8963 4504 8964 4542 8964 4538 8964 4501 8965 4504 8965 4538 8965 4491 8966 4504 8966 4501 8966 4484 8967 4491 8967 4501 8967 4434 8968 4491 8968 4484 8968 4427 8969 4434 8969 4484 8969 4430 8970 4434 8970 4427 8970 4414 8971 4430 8971 4427 8971 4365 8972 4430 8972 4414 8972 4354 8973 4365 8973 4414 8973 4351 8974 4365 8974 4354 8974 4349 8975 4351 8975 4354 8975 4310 8976 4351 8976 4349 8976 4296 8977 4310 8977 4349 8977 4287 8978 4310 8978 4296 8978 4290 8979 4287 8979 4296 8979 4197 8980 4287 8980 4290 8980 4181 8981 4197 8981 4290 8981 4145 8982 4197 8982 4181 8982 4150 8983 4145 8983 4181 8983 4098 8984 4145 8984 4150 8984 4088 8985 4098 8985 4150 8985 4035 8986 4098 8986 4088 8986 4039 8987 4035 8987 4088 8987 3898 8988 4035 8988 4039 8988 3859 8989 3898 8989 4039 8989 3772 8990 3898 8990 3859 8990 3775 8991 3772 8991 3859 8991 3696 8992 3772 8992 3775 8992 3669 8993 3696 8993 3775 8993 3589 8994 3696 8994 3669 8994 3591 8995 3589 8995 3669 8995 3536 8996 3589 8996 3591 8996 3505 8997 3536 8997 3591 8997 3428 8998 3536 8998 3505 8998 3424 8999 3428 8999 3505 8999 2875 9000 2957 9000 2964 9000 2821 9001 2875 9001 2964 9001 2814 9002 2875 9002 2821 9002 2515 9003 2685 9003 2525 9003 2685 9004 2515 9004 2604 9004 2677 9005 2685 9005 2604 9005 2821 9006 2685 9006 2677 9006 2737 9007 2821 9007 2677 9007 2814 9008 2821 9008 2737 9008 2243 9009 2383 9009 2238 9009 2383 9010 2243 9010 2342 9010 2373 9011 2383 9011 2342 9011 2525 9012 2383 9012 2373 9012 2475 9013 2525 9013 2373 9013 2515 9014 2525 9014 2475 9014 2092 9015 1952 9015 2065 9015 2097 9016 2092 9016 2065 9016 2238 9017 2092 9017 2097 9017 2206 9018 2238 9018 2097 9018 2243 9019 2238 9019 2206 9019 1952 9020 1877 9020 1944 9020 1957 9021 1952 9021 1944 9021 2065 9022 1952 9022 1957 9022 3419 9023 3284 9023 3277 9023 3437 9024 3419 9024 3277 9024 3433 9025 3419 9025 3437 9025 3572 9026 3433 9026 3437 9026 3601 9027 3572 9027 3437 9027 3594 9028 3572 9028 3601 9028 3744 9029 3594 9029 3601 9029 3783 9030 3744 9030 3601 9030 3776 9031 3744 9031 3783 9031 3986 9032 3776 9032 3783 9032 4046 9033 3986 9033 3783 9033 4037 9034 3986 9034 4046 9034 4116 9035 4037 9035 4046 9035 4155 9036 4116 9036 4046 9036 4142 9037 4116 9037 4155 9037 4221 9038 4142 9038 4155 9038 4293 9039 4221 9039 4155 9039 4280 9040 4221 9040 4293 9040 4293 9041 4356 9041 4345 9041 4324 9042 4293 9042 4345 9042 4280 9043 4293 9043 4324 9043 4502 9044 4432 9044 4508 9044 4432 9045 4502 9045 4462 9045 4424 9046 4432 9046 4462 9046 4356 9047 4432 9047 4424 9047 4388 9048 4356 9048 4424 9048 4345 9049 4356 9049 4388 9049 4603 9050 4558 9050 4607 9050 4558 9051 4603 9051 4567 9051 4554 9052 4558 9052 4567 9052 4508 9053 4558 9053 4554 9053 4525 9054 4508 9054 4554 9054 4502 9055 4508 9055 4525 9055 4607 9056 4575 9056 4578 9056 4608 9057 4607 9057 4578 9057 4603 9058 4607 9058 4608 9058 4524 9059 4481 9059 4520 9059 4530 9060 4524 9060 4520 9060 4575 9061 4524 9061 4530 9061 4571 9062 4575 9062 4530 9062 4578 9063 4575 9063 4571 9063 61 9064 70 9064 62 9064 57 9065 61 9065 62 9065 53 9066 61 9066 57 9066 49 9067 53 9067 57 9067 41 9068 53 9068 49 9068 42 9069 41 9069 49 9069 25 9070 41 9070 42 9070 22 9071 25 9071 42 9071 37 9072 22 9072 42 9072 18 9073 22 9073 37 9073 14 9074 18 9074 37 9074 33 9075 14 9075 37 9075 10 9076 14 9076 33 9076 2 9077 5 9077 1 9077 6 9078 10 9078 33 9078 29 9079 6 9079 33 9079 2 9080 6 9080 29 9080 32 9081 2 9081 29 9081 5 9082 2 9082 32 9082 36 9083 21 9083 17 9083 13 9084 36 9084 17 9084 32 9085 36 9085 13 9085 9 9086 32 9086 13 9086 5 9087 32 9087 9 9087 68 9088 72 9088 65 9088 56 9089 68 9089 65 9089 60 9090 68 9090 56 9090 45 9091 60 9091 56 9091 52 9092 60 9092 45 9092 28 9093 52 9093 45 9093 48 9094 52 9094 28 9094 21 9095 48 9095 28 9095 40 9096 48 9096 21 9096 36 9097 40 9097 21 9097 244 9098 523 9098 323 9098 95 9099 107 9099 91 9099 83 9100 95 9100 91 9100 87 9101 95 9101 83 9101 75 9102 87 9102 83 9102 78 9103 87 9103 75 9103 72 9104 78 9104 75 9104 107 9105 119 9105 102 9105 99 9106 107 9106 102 9106 91 9107 107 9107 99 9107 119 9108 281 9108 114 9108 111 9109 119 9109 114 9109 102 9110 119 9110 111 9110 281 9111 529 9111 126 9111 122 9112 281 9112 126 9112 114 9113 281 9113 122 9113 992 9114 861 9114 1144 9114 861 9115 992 9115 727 9115 523 9116 861 9116 727 9116 529 9117 861 9117 523 9117 244 9118 529 9118 523 9118 126 9119 529 9119 244 9119 1369 9120 1527 9120 1417 9120 1302 9121 1369 9121 1417 9121 1144 9122 1369 9122 1302 9122 1153 9123 1144 9123 1302 9123 992 9124 1144 9124 1153 9124 2127 9125 2293 9125 2124 9125 1930 9126 2127 9126 2124 9126 1937 9127 2127 9127 1930 9127 1743 9128 1937 9128 1930 9128 1754 9129 1937 9129 1743 9129 1527 9130 1754 9130 1743 9130 1566 9131 1754 9131 1527 9131 1369 9132 1566 9132 1527 9132 4172 9133 4474 9133 4364 9133 2838 9134 3046 9134 2860 9134 2649 9135 2838 9135 2860 9135 2633 9136 2838 9136 2649 9136 2467 9137 2633 9137 2649 9137 2463 9138 2633 9138 2467 9138 2293 9139 2463 9139 2467 9139 3046 9140 3259 9140 3196 9140 3077 9141 3046 9141 3196 9141 2860 9142 3046 9142 3077 9142 3259 9143 3510 9143 3496 9143 3352 9144 3259 9144 3496 9144 3196 9145 3259 9145 3352 9145 3510 9146 3818 9146 3956 9146 3682 9147 3510 9147 3956 9147 3496 9148 3510 9148 3682 9148 4618 9149 4166 9149 4409 9149 4166 9150 4618 9150 4612 9150 4474 9151 4166 9151 4612 9151 3818 9152 4166 9152 4474 9152 4172 9153 3818 9153 4474 9153 3956 9154 3818 9154 4172 9154 4622 9155 4642 9155 4638 9155 4630 9156 4622 9156 4638 9156 4409 9157 4622 9157 4630 9157 4626 9158 4409 9158 4630 9158 4618 9159 4409 9159 4626 9159 4662 9160 4670 9160 4666 9160 4658 9161 4662 9161 4666 9161 4654 9162 4662 9162 4658 9162 4650 9163 4654 9163 4658 9163 4646 9164 4654 9164 4650 9164 4642 9165 4646 9165 4650 9165 4634 9166 4646 9166 4642 9166 4622 9167 4634 9167 4642 9167 4690 9168 4694 9168 4698 9168 4686 9169 4690 9169 4698 9169 4682 9170 4690 9170 4686 9170 4678 9171 4682 9171 4686 9171 4674 9172 4682 9172 4678 9172 4670 9173 4674 9173 4678 9173 4694 9174 4702 9174 4718 9174 4714 9175 4694 9175 4718 9175 4698 9176 4694 9176 4714 9176 4702 9177 4706 9177 4726 9177 4722 9178 4702 9178 4726 9178 4718 9179 4702 9179 4722 9179 4710 9180 4708 9180 4738 9180 4734 9181 4710 9181 4738 9181 4706 9182 4710 9182 4734 9182 4730 9183 4706 9183 4734 9183 4726 9184 4706 9184 4730 9184 4728 9185 4708 9185 4704 9185 4736 9186 4740 9186 4738 9186 4708 9187 4736 9187 4738 9187 4732 9188 4736 9188 4708 9188 4728 9189 4732 9189 4708 9189 4700 9190 4712 9190 4716 9190 4720 9191 4700 9191 4716 9191 4704 9192 4700 9192 4720 9192 4724 9193 4704 9193 4720 9193 4728 9194 4704 9194 4724 9194 4672 9195 4668 9195 4676 9195 4684 9196 4672 9196 4676 9196 4680 9197 4672 9197 4684 9197 4696 9198 4680 9198 4684 9198 4688 9199 4680 9199 4696 9199 4712 9200 4688 9200 4696 9200 4692 9201 4688 9201 4712 9201 4700 9202 4692 9202 4712 9202 4170 9203 4164 9203 3816 9203 3816 9204 3508 9204 3680 9204 3958 9205 3816 9205 3680 9205 4170 9206 3816 9206 3958 9206 3257 9207 3075 9207 3198 9207 3350 9208 3257 9208 3198 9208 3508 9209 3257 9209 3350 9209 3498 9210 3508 9210 3350 9210 3680 9211 3508 9211 3498 9211 2461 9212 2291 9212 2465 9212 2647 9213 2461 9213 2465 9213 2631 9214 2461 9214 2647 9214 2858 9215 2631 9215 2647 9215 2836 9216 2631 9216 2858 9216 3075 9217 2836 9217 2858 9217 3044 9218 2836 9218 3075 9218 3257 9219 3044 9219 3075 9219 4664 9220 4668 9220 4660 9220 4652 9221 4664 9221 4660 9221 4656 9222 4664 9222 4652 9222 4644 9223 4656 9223 4652 9223 4648 9224 4656 9224 4644 9224 4632 9225 4648 9225 4644 9225 4640 9226 4648 9226 4632 9226 4636 9227 4640 9227 4632 9227 4620 9228 4636 9228 4632 9228 4628 9229 4636 9229 4620 9229 4624 9230 4628 9230 4620 9230 4407 9231 4624 9231 4620 9231 4616 9232 4624 9232 4407 9232 4614 9233 4616 9233 4407 9233 4164 9234 4614 9234 4407 9234 4472 9235 4614 9235 4164 9235 4170 9236 4472 9236 4164 9236 4362 9237 4472 9237 4170 9237 521 9238 242 9238 321 9238 1752 9239 1564 9239 1741 9239 1928 9240 1752 9240 1741 9240 1935 9241 1752 9241 1928 9241 2122 9242 1935 9242 1928 9242 2125 9243 1935 9243 2122 9243 2291 9244 2125 9244 2122 9244 1564 9245 1367 9245 1418 9245 1525 9246 1564 9246 1418 9246 1741 9247 1564 9247 1525 9247 1367 9248 1142 9248 1154 9248 1300 9249 1367 9249 1154 9249 1418 9250 1367 9250 1300 9250 1142 9251 859 9251 728 9251 990 9252 1142 9252 728 9252 1154 9253 1142 9253 990 9253 120 9254 527 9254 279 9254 527 9255 120 9255 127 9255 242 9256 527 9256 127 9256 859 9257 527 9257 242 9257 521 9258 859 9258 242 9258 728 9259 859 9259 521 9259 117 9260 97 9260 103 9260 109 9261 117 9261 103 9261 279 9262 117 9262 109 9262 115 9263 279 9263 109 9263 120 9264 279 9264 115 9264 76 9265 70 9265 73 9265 81 9266 76 9266 73 9266 85 9267 76 9267 81 9267 89 9268 85 9268 81 9268 93 9269 85 9269 89 9269 97 9270 93 9270 89 9270 105 9271 93 9271 97 9271 117 9272 105 9272 97 9272 79 9273 69 9273 80 9273 88 9274 79 9274 80 9274 84 9275 79 9275 88 9275 96 9276 84 9276 88 9276 92 9277 84 9277 96 9277 108 9278 92 9278 96 9278 100 9279 92 9279 108 9279 104 9280 100 9280 108 9280 124 9281 104 9281 108 9281 112 9282 104 9282 124 9282 116 9283 112 9283 124 9283 297 9284 116 9284 124 9284 123 9285 116 9285 297 9285 262 9286 544 9286 320 9286 128 9287 123 9287 297 9287 543 9288 128 9288 297 9288 262 9289 128 9289 543 9289 870 9290 262 9290 543 9290 544 9291 262 9291 870 9291 1150 9292 1308 9292 1169 9292 1007 9293 1150 9293 1169 9293 870 9294 1150 9294 1007 9294 757 9295 870 9295 1007 9295 544 9296 870 9296 757 9296 2129 9297 2290 9297 2128 9297 1933 9298 2129 9298 2128 9298 1939 9299 2129 9299 1933 9299 1746 9300 1939 9300 1933 9300 1763 9301 1939 9301 1746 9301 1532 9302 1763 9302 1746 9302 1587 9303 1763 9303 1532 9303 1308 9304 1587 9304 1532 9304 1375 9305 1587 9305 1308 9305 1150 9306 1375 9306 1308 9306 4169 9307 4471 9307 4361 9307 4163 9308 4406 9308 4615 9308 4613 9309 4163 9309 4615 9309 4619 9310 4639 9310 4635 9310 4627 9311 4619 9311 4635 9311 4406 9312 4619 9312 4627 9312 4623 9313 4406 9313 4627 9313 4615 9314 4406 9314 4623 9314 4659 9315 4667 9315 4663 9315 4655 9316 4659 9316 4663 9316 4651 9317 4659 9317 4655 9317 4647 9318 4651 9318 4655 9318 4643 9319 4651 9319 4647 9319 4639 9320 4643 9320 4647 9320 4631 9321 4643 9321 4639 9321 4619 9322 4631 9322 4639 9322 2835 9323 3043 9323 2857 9323 2646 9324 2835 9324 2857 9324 2630 9325 2835 9325 2646 9325 2464 9326 2630 9326 2646 9326 2460 9327 2630 9327 2464 9327 2290 9328 2460 9328 2464 9328 3043 9329 3256 9329 3197 9329 3074 9330 3043 9330 3197 9330 2857 9331 3043 9331 3074 9331 3256 9332 3507 9332 3497 9332 3349 9333 3256 9333 3497 9333 3197 9334 3256 9334 3349 9334 4163 9335 4613 9335 4471 9335 4169 9336 4163 9336 4471 9336 3815 9337 4163 9337 4169 9337 3957 9338 3815 9338 4169 9338 3507 9339 3815 9339 3957 9339 3679 9340 3507 9340 3957 9340 3497 9341 3507 9341 3679 9341 4687 9342 4691 9342 4695 9342 4683 9343 4687 9343 4695 9343 4679 9344 4687 9344 4683 9344 4675 9345 4679 9345 4683 9345 4671 9346 4679 9346 4675 9346 4667 9347 4671 9347 4675 9347 4691 9348 4699 9348 4715 9348 4711 9349 4691 9349 4715 9349 4695 9350 4691 9350 4711 9350 4699 9351 4703 9351 4723 9351 4719 9352 4699 9352 4723 9352 4715 9353 4699 9353 4719 9353 4707 9354 4709 9354 4735 9354 4731 9355 4707 9355 4735 9355 4703 9356 4707 9356 4731 9356 4727 9357 4703 9357 4731 9357 4723 9358 4703 9358 4727 9358 4729 9359 4709 9359 4705 9359 4737 9360 4739 9360 4735 9360 4709 9361 4737 9361 4735 9361 4733 9362 4737 9362 4709 9362 4729 9363 4733 9363 4709 9363 4701 9364 4713 9364 4717 9364 4721 9365 4701 9365 4717 9365 4705 9366 4701 9366 4721 9366 4725 9367 4705 9367 4721 9367 4729 9368 4705 9368 4725 9368 4673 9369 4669 9369 4677 9369 4685 9370 4673 9370 4677 9370 4681 9371 4673 9371 4685 9371 4697 9372 4681 9372 4685 9372 4689 9373 4681 9373 4697 9373 4713 9374 4689 9374 4697 9374 4693 9375 4689 9375 4713 9375 4701 9376 4693 9376 4713 9376 4645 9377 4633 9377 4649 9377 4657 9378 4645 9378 4649 9378 4653 9379 4645 9379 4657 9379 4665 9380 4653 9380 4657 9380 4661 9381 4653 9381 4665 9381 4669 9382 4661 9382 4665 9382 4633 9383 4621 9383 4637 9383 4641 9384 4633 9384 4637 9384 4649 9385 4633 9385 4641 9385 4621 9386 4408 9386 4625 9386 4629 9387 4621 9387 4625 9387 4637 9388 4621 9388 4629 9388 4165 9389 3817 9389 4473 9389 4611 9390 4165 9390 4473 9390 4408 9391 4165 9391 4611 9391 4617 9392 4408 9392 4611 9392 4625 9393 4408 9393 4617 9393 3681 9394 3817 9394 3509 9394 4171 9395 4363 9395 4473 9395 3817 9396 4171 9396 4473 9396 3955 9397 4171 9397 3817 9397 3681 9398 3955 9398 3817 9398 3258 9399 3076 9399 3195 9399 3351 9400 3258 9400 3195 9400 3509 9401 3258 9401 3351 9401 3495 9402 3509 9402 3351 9402 3681 9403 3509 9403 3495 9403 2462 9404 2292 9404 2466 9404 2648 9405 2462 9405 2466 9405 2632 9406 2462 9406 2648 9406 2859 9407 2632 9407 2648 9407 2837 9408 2632 9408 2859 9408 3076 9409 2837 9409 2859 9409 3045 9410 2837 9410 3076 9410 3258 9411 3045 9411 3076 9411 522 9412 243 9412 322 9412 1753 9413 1565 9413 1742 9413 1929 9414 1753 9414 1742 9414 1936 9415 1753 9415 1929 9415 2123 9416 1936 9416 1929 9416 2126 9417 1936 9417 2123 9417 2292 9418 2126 9418 2123 9418 1565 9419 1368 9419 1416 9419 1526 9420 1565 9420 1416 9420 1742 9421 1565 9421 1526 9421 1368 9422 1143 9422 1152 9422 1301 9423 1368 9423 1152 9423 1416 9424 1368 9424 1301 9424 1143 9425 860 9425 726 9425 991 9426 1143 9426 726 9426 1152 9427 1143 9427 991 9427 121 9428 528 9428 280 9428 528 9429 121 9429 125 9429 243 9430 528 9430 125 9430 860 9431 528 9431 243 9431 522 9432 860 9432 243 9432 726 9433 860 9433 522 9433 118 9434 98 9434 101 9434 110 9435 118 9435 101 9435 280 9436 118 9436 110 9436 113 9437 280 9437 110 9437 121 9438 280 9438 113 9438 77 9439 71 9439 74 9439 82 9440 77 9440 74 9440 86 9441 77 9441 82 9441 90 9442 86 9442 82 9442 94 9443 86 9443 90 9443 98 9444 94 9444 90 9444 106 9445 94 9445 98 9445 118 9446 106 9446 98 9446 4 9447 3 9447 0 9447 51 9448 47 9448 44 9448 55 9449 51 9449 44 9449 59 9450 51 9450 55 9450 64 9451 59 9451 55 9451 67 9452 59 9452 64 9452 71 9453 67 9453 64 9453 47 9454 39 9454 23 9454 27 9455 47 9455 23 9455 44 9456 47 9456 27 9456 39 9457 35 9457 15 9457 20 9458 39 9458 15 9458 23 9459 39 9459 20 9459 35 9460 31 9460 8 9460 12 9461 35 9461 8 9461 15 9462 35 9462 12 9462 11 9463 30 9463 34 9463 30 9464 11 9464 7 9464 3 9465 30 9465 7 9465 31 9466 30 9466 3 9466 4 9467 31 9467 3 9467 8 9468 31 9468 4 9468 38 9469 26 9469 24 9469 19 9470 38 9470 24 9470 34 9471 38 9471 19 9471 16 9472 34 9472 19 9472 11 9473 34 9473 16 9473 66 9474 69 9474 63 9474 54 9475 66 9475 63 9475 58 9476 66 9476 54 9476 43 9477 58 9477 54 9477 50 9478 58 9478 43 9478 26 9479 50 9479 43 9479 46 9480 50 9480 26 9480 38 9481 46 9481 26 9481</p>
        </triangles>
      </mesh>
    </geometry>
  </library_geometries>
  <library_materials>
    <material id="mat_M8_Hex_Nut" name="M8_Hex_Nut">
      <instance_effect url="#effect_M8_Hex_Nut" />
    </material>
  </library_materials>
  <library_visual_scenes>
    <visual_scene id="myscene">
      <node id="node0" name="node0">
        <instance_geometry url="#geometry0">
          <bind_material>
            <technique_common>
              <instance_material symbol="ref_M8_Hex_Nut" target="#mat_M8_Hex_Nut" />
            </technique_common>
          </bind_material>
        </instance_geometry>
      </node>
    </visual_scene>
  </library_visual_scenes>
  <scene>
    <instance_visual_scene url="#myscene" />
  </scene>
</COLLADA>
