<COLLADA xmlns="http://www.collada.org/2005/11/COLLADASchema" version="1.4.1">
  <asset>
    <contributor />
    <created>2026-02-18T19:22:32.706797</created>
    <modified>2026-02-18T19:22:32.706805</modified>
    <unit name="meter" meter="1.0" />
    <up_axis>Z_UP</up_axis>
  </asset>
  <library_effects>
    <effect id="effect_RJ45_Male" name="effect_RJ45_Male">
      <profile_COMMON>
        <technique sid="common">
          <phong>
            <emission>
              <color>0.0 0.0 0.0 1.0</color>
            </emission>
            <ambient>
              <color>0.0 0.0 0.0 1.0</color>
            </ambient>
            <diffuse>
              <color>0.6784313917160034 0.7098039388656616 0.7411764860153198 1.0</color>
            </diffuse>
            <specular>
              <color>1 1 1 1.0</color>
            </specular>
            <shininess>
              <float>0.0</float>
            </shininess>
            <reflective>
              <color>0.0 0.0 0.0 1.0</color>
            </reflective>
            <reflectivity>
              <float>0.0</float>
            </reflectivity>
            <transparent>
              <color>0.0 0.0 0.0 1.0</color>
            </transparent>
            <transparency>
              <float>1.0</float>
            </transparency>
          </phong>
        </technique>
        <extra>
          <technique profile="GOOGLEEARTH">
            <double_sided>0</double_sided>
          </technique>
        </extra>
      </profile_COMMON>
    </effect>
  </library_effects>
  <library_geometries>
    <geometry id="geometry0" name="RJ45_Male">
      <mesh>
        <source id="cubeverts-array0">
          <float_array count="2955" id="cubeverts-array0-array">-0.031 -0.0035 0.0009298052 -0.031 -0.0035 0.002929805 -0.031 0.0035 0.0009298043 -0.031 0.0035 0.002929804 -0.03 -0.0055 -0.003570194 -0.03 -0.0055 0.0009298057 -0.03 -0.0035 0.0009298052 -0.03 -0.00275 -0.003570195 -0.03 -0.00275 -0.002070195 -0.03 -0.00225 -0.003570195 -0.03 -0.00225 -0.002070195 -0.03 -0.00175 -0.003570195 -0.03 -0.00175 -0.002070195 -0.03 -0.00125 -0.003570195 -0.03 -0.00125 -0.002070195 -0.03 -0.00075 -0.003570195 -0.03 -0.00075 -0.002070195 -0.03 -0.00025 -0.003570195 -0.03 -0.00025 -0.002070195 -0.03 0.00025 -0.003570195 -0.03 0.00025 -0.002070195 -0.03 0.00075 -0.003570195 -0.03 0.00075 -0.002070195 -0.03 0.00125 -0.003570195 -0.03 0.00125 -0.002070195 -0.03 0.00175 -0.003570196 -0.03 0.00175 -0.002070195 -0.03 0.00225 -0.003570196 -0.03 0.00225 -0.002070196 -0.03 0.00275 -0.003570196 -0.03 0.00275 -0.002070196 -0.03 0.0035 0.0009298043 -0.03 0.0055 -0.003570196 -0.03 0.0055 0.0009298038 -0.0299994 -0.0055 -0.003594728 -0.0299994 -0.00275 -0.003594728 -0.0299994 -0.00225 -0.003594729 -0.0299994 -0.00175 -0.003594729 -0.0299994 -0.00125 -0.003594729 -0.0299994 -0.00075 -0.003594729 -0.0299994 -0.00025 -0.003594729 -0.0299994 0.00025 -0.003594729 -0.0299994 0.00075 -0.003594729 -0.0299994 0.00125 -0.003594729 -0.0299994 0.00175 -0.003594729 -0.0299994 0.00225 -0.003594729 -0.0299994 0.00275 -0.003594729 -0.0299994 0.0055 -0.00359473 -0.02999759 -0.0055 -0.003619203 -0.02999759 -0.00275 -0.003619204 -0.02999759 -0.00225 -0.003619204 -0.02999759 -0.00175 -0.003619204 -0.02999759 -0.00125 -0.003619204 -0.02999759 -0.00075 -0.003619204 -0.02999759 -0.00025 -0.003619204 -0.02999759 0.00025 -0.003619204 -0.02999759 0.00075 -0.003619204 -0.02999759 0.00125 -0.003619204 -0.02999759 0.00175 -0.003619204 -0.02999759 0.00225 -0.003619204 -0.02999759 0.00275 -0.003619205 -0.02999759 0.0055 -0.003619205 -0.02999458 -0.0055 -0.00364356 -0.02999458 -0.00275 -0.00364356 -0.02999458 -0.00225 -0.00364356 -0.02999458 -0.00175 -0.00364356 -0.02999458 -0.00125 -0.00364356 -0.02999458 -0.00075 -0.00364356 -0.02999458 -0.00025 -0.00364356 -0.02999458 0.00025 -0.00364356 -0.02999458 0.00075 -0.003643561 -0.02999458 0.00125 -0.003643561 -0.02999458 0.00175 -0.003643561 -0.02999458 0.00225 -0.003643561 -0.02999458 0.00275 -0.003643561 -0.02999458 0.0055 -0.003643561 -0.0299904 -0.0055 -0.003667739 -0.0299904 -0.00275 -0.00366774 -0.0299904 -0.00225 -0.00366774 -0.0299904 -0.00175 -0.00366774 -0.0299904 -0.00125 -0.00366774 -0.0299904 -0.00075 -0.00366774 -0.0299904 -0.00025 -0.00366774 -0.0299904 0.00025 -0.00366774 -0.0299904 0.00075 -0.00366774 -0.0299904 0.00125 -0.003667741 -0.0299904 0.00175 -0.003667741 -0.0299904 0.00225 -0.003667741 -0.0299904 0.00275 -0.003667741 -0.0299904 0.0055 -0.003667741 -0.02998502 -0.0055 -0.003691684 -0.02998502 -0.00275 -0.003691685 -0.02998502 -0.00225 -0.003691685 -0.02998502 -0.00175 -0.003691685 -0.02998502 -0.00125 -0.003691685 -0.02998502 -0.00075 -0.003691685 -0.02998502 -0.00025 -0.003691685 -0.02998502 0.00025 -0.003691685 -0.02998502 0.00075 -0.003691685 -0.02998502 0.00125 -0.003691685 -0.02998502 0.00175 -0.003691686 -0.02998502 0.00225 -0.003691686 -0.02998502 0.00275 -0.003691686 -0.02998502 0.0055 -0.003691686 -0.02997847 -0.0055 -0.003715337 -0.02997847 -0.00275 -0.003715337 -0.02997847 -0.00225 -0.003715337 -0.02997847 -0.00175 -0.003715337 -0.02997847 -0.00125 -0.003715338 -0.02997847 -0.00075 -0.003715338 -0.02997847 -0.00025 -0.003715338 -0.02997847 0.00025 -0.003715338 -0.02997847 0.00075 -0.003715338 -0.02997847 0.00125 -0.003715338 -0.02997847 0.00175 -0.003715338 -0.02997847 0.00225 -0.003715338 -0.02997847 0.00275 -0.003715338 -0.02997847 0.0055 -0.003715339 -0.02997077 -0.0055 -0.003738639 -0.02997077 -0.00275 -0.00373864 -0.02997077 -0.00225 -0.00373864 -0.02997077 -0.00175 -0.00373864 -0.02997077 -0.00125 -0.00373864 -0.02997077 -0.00075 -0.00373864 -0.02997077 -0.00025 -0.00373864 -0.02997077 0.00025 -0.00373864 -0.02997077 0.00075 -0.00373864 -0.02997077 0.00125 -0.003738641 -0.02997077 0.00175 -0.003738641 -0.02997077 0.00225 -0.003738641 -0.02997077 0.00275 -0.003738641 -0.02997077 0.0055 -0.003738641 -0.02996194 -0.0055 -0.003761536 -0.02996194 -0.00275 -0.003761537 -0.02996194 -0.00225 -0.003761537 -0.02996194 -0.00175 -0.003761537 -0.02996194 -0.00125 -0.003761537 -0.02996194 -0.00075 -0.003761537 -0.02996194 -0.00025 -0.003761537 -0.02996194 0.00025 -0.003761537 -0.02996194 0.00075 -0.003761537 -0.02996194 0.00125 -0.003761537 -0.02996194 0.00175 -0.003761537 -0.02996194 0.00225 -0.003761537 -0.02996194 0.00275 -0.003761538 -0.02996194 0.0055 -0.003761538 -0.029952 -0.0055 -0.003783972 -0.029952 -0.00275 -0.003783972 -0.029952 -0.00225 -0.003783972 -0.029952 -0.00175 -0.003783972 -0.029952 -0.00125 -0.003783973 -0.029952 -0.00075 -0.003783973 -0.029952 -0.00025 -0.003783973 -0.029952 0.00025 -0.003783973 -0.029952 0.00075 -0.003783973 -0.029952 0.00125 -0.003783973 -0.029952 0.00175 -0.003783973 -0.029952 0.00225 -0.003783973 -0.029952 0.00275 -0.003783973 -0.029952 0.0055 -0.003783974 -0.02994096 -0.0055 -0.003805893 -0.02994096 -0.00275 -0.003805893 -0.02994096 -0.00225 -0.003805894 -0.02994096 -0.00175 -0.003805894 -0.02994096 -0.00125 -0.003805894 -0.02994096 -0.00075 -0.003805894 -0.02994096 -0.00025 -0.003805894 -0.02994096 0.00025 -0.003805894 -0.02994096 0.00075 -0.003805894 -0.02994096 0.00125 -0.003805894 -0.02994096 0.00175 -0.003805894 -0.02994096 0.00225 -0.003805894 -0.02994096 0.00275 -0.003805894 -0.02994096 0.0055 -0.003805895 -0.02992886 -0.0055 -0.003827246 -0.02992886 -0.00275 -0.003827246 -0.02992886 -0.00225 -0.003827246 -0.02992886 -0.00175 -0.003827246 -0.02992886 -0.00125 -0.003827247 -0.02992886 -0.00075 -0.003827247 -0.02992886 -0.00025 -0.003827247 -0.02992886 0.00025 -0.003827247 -0.02992886 0.00075 -0.003827247 -0.02992886 0.00125 -0.003827247 -0.02992886 0.00175 -0.003827247 -0.02992886 0.00225 -0.003827247 -0.02992886 0.00275 -0.003827247 -0.02992886 0.0055 -0.003827248 -0.02991573 -0.0055 -0.00384798 -0.02991573 -0.00275 -0.00384798 -0.02991573 -0.00225 -0.00384798 -0.02991573 -0.00175 -0.00384798 -0.02991573 -0.00125 -0.00384798 -0.02991573 -0.00075 -0.00384798 -0.02991573 -0.00025 -0.00384798 -0.02991573 0.00025 -0.003847981 -0.02991573 0.00075 -0.003847981 -0.02991573 0.00125 -0.003847981 -0.02991573 0.00175 -0.003847981 -0.02991573 0.00225 -0.003847981 -0.02991573 0.00275 -0.003847981 -0.02991573 0.0055 -0.003847981 -0.02990161 -0.0055 -0.003868044 -0.02990161 -0.00275 -0.003868044 -0.02990161 -0.00225 -0.003868045 -0.02990161 -0.00175 -0.003868045 -0.02990161 -0.00125 -0.003868045 -0.02990161 -0.00075 -0.003868045 -0.02990161 -0.00025 -0.003868045 -0.02990161 0.00025 -0.003868045 -0.02990161 0.00075 -0.003868045 -0.02990161 0.00125 -0.003868045 -0.02990161 0.00175 -0.003868045 -0.02990161 0.00225 -0.003868045 -0.02990161 0.00275 -0.003868045 -0.02990161 0.0055 -0.003868046 -0.02988651 -0.0055 -0.003887391 -0.02988651 -0.00275 -0.003887392 -0.02988651 -0.00225 -0.003887392 -0.02988651 -0.00175 -0.003887392 -0.02988651 -0.00125 -0.003887392 -0.02988651 -0.00075 -0.003887392 -0.02988651 -0.00025 -0.003887392 -0.02988651 0.00025 -0.003887392 -0.02988651 0.00075 -0.003887392 -0.02988651 0.00125 -0.003887392 -0.02988651 0.00175 -0.003887392 -0.02988651 0.00225 -0.003887392 -0.02988651 0.00275 -0.003887393 -0.02988651 0.0055 -0.003887393 -0.02987048 -0.0055 -0.003905974 -0.02987048 -0.00275 -0.003905974 -0.02987048 -0.00225 -0.003905975 -0.02987048 -0.00175 -0.003905975 -0.02987048 -0.00125 -0.003905975 -0.02987048 -0.00075 -0.003905975 -0.02987048 -0.00025 -0.003905975 -0.02987048 0.00025 -0.003905975 -0.02987048 0.00075 -0.003905975 -0.02987048 0.00125 -0.003905975 -0.02987048 0.00175 -0.003905975 -0.02987048 0.00225 -0.003905975 -0.02987048 0.00275 -0.003905975 -0.02987048 0.0055 -0.003905976 -0.02985356 -0.0055 -0.003923748 -0.02985356 -0.00275 -0.003923748 -0.02985356 -0.00225 -0.003923748 -0.02985356 -0.00175 -0.003923748 -0.02985356 -0.00125 -0.003923748 -0.02985356 -0.00075 -0.003923748 -0.02985356 -0.00025 -0.003923748 -0.02985356 0.00025 -0.003923749 -0.02985356 0.00075 -0.003923749 -0.02985356 0.00125 -0.003923749 -0.02985356 0.00175 -0.003923749 -0.02985356 0.00225 -0.003923749 -0.02985356 0.00275 -0.003923749 -0.02985356 0.0055 -0.003923749 -0.02983578 -0.0055 -0.00394067 -0.02983578 -0.00275 -0.003940671 -0.02983578 -0.00225 -0.003940671 -0.02983578 -0.00175 -0.003940671 -0.02983578 -0.00125 -0.003940671 -0.02983578 -0.00075 -0.003940671 -0.02983578 -0.00025 -0.003940671 -0.02983578 0.00025 -0.003940671 -0.02983578 0.00075 -0.003940671 -0.02983578 0.00125 -0.003940671 -0.02983578 0.00175 -0.003940671 -0.02983578 0.00225 -0.003940671 -0.02983578 0.00275 -0.003940671 -0.02983578 0.0055 -0.003940672 -0.02981719 -0.0055 -0.003956699 -0.02981719 -0.00275 -0.0039567 -0.02981719 -0.00225 -0.0039567 -0.02981719 -0.00175 -0.0039567 -0.02981719 -0.00125 -0.0039567 -0.02981719 -0.00075 -0.0039567 -0.02981719 -0.00025 -0.0039567 -0.02981719 0.00025 -0.0039567 -0.02981719 0.00075 -0.0039567 -0.02981719 0.00125 -0.003956701 -0.02981719 0.00175 -0.003956701 -0.02981719 0.00225 -0.003956701 -0.02981719 0.00275 -0.003956701 -0.02981719 0.0055 -0.003956701 -0.02979785 -0.0055 -0.003971798 -0.02979785 -0.00275 -0.003971798 -0.02979785 -0.00225 -0.003971799 -0.02979785 -0.00175 -0.003971799 -0.02979785 -0.00125 -0.003971799 -0.02979785 -0.00075 -0.003971799 -0.02979785 -0.00025 -0.003971799 -0.02979785 0.00025 -0.003971799 -0.02979785 0.00075 -0.003971799 -0.02979785 0.00125 -0.003971799 -0.02979785 0.00175 -0.003971799 -0.02979785 0.00225 -0.003971799 -0.02979785 0.00275 -0.003971799 -0.02979785 0.0055 -0.0039718 -0.02977779 -0.0055 -0.003985929 -0.02977779 -0.00275 -0.00398593 -0.02977779 -0.00225 -0.00398593 -0.02977779 -0.00175 -0.00398593 -0.02977779 -0.00125 -0.00398593 -0.02977779 -0.00075 -0.00398593 -0.02977779 -0.00025 -0.00398593 -0.02977779 0.00025 -0.00398593 -0.02977779 0.00075 -0.00398593 -0.02977779 0.00125 -0.00398593 -0.02977779 0.00175 -0.00398593 -0.02977779 0.00225 -0.00398593 -0.02977779 0.00275 -0.00398593 -0.02977779 0.0055 -0.003985931 -0.02975705 -0.0055 -0.003999059 -0.02975705 -0.00275 -0.003999059 -0.02975705 -0.00225 -0.003999059 -0.02975705 -0.00175 -0.003999059 -0.02975705 -0.00125 -0.003999059 -0.02975705 -0.00075 -0.00399906 -0.02975705 -0.00025 -0.00399906 -0.02975705 0.00025 -0.00399906 -0.02975705 0.00075 -0.00399906 -0.02975705 0.00125 -0.00399906 -0.02975705 0.00175 -0.00399906 -0.02975705 0.00225 -0.00399906 -0.02975705 0.00275 -0.00399906 -0.02975705 0.0055 -0.003999061 -0.0297357 -0.0055 -0.004011155 -0.0297357 -0.00275 -0.004011156 -0.0297357 -0.00225 -0.004011156 -0.0297357 -0.00175 -0.004011156 -0.0297357 -0.00125 -0.004011156 -0.0297357 -0.00075 -0.004011156 -0.0297357 -0.00025 -0.004011156 -0.0297357 0.00025 -0.004011156 -0.0297357 0.00075 -0.004011156 -0.0297357 0.00125 -0.004011156 -0.0297357 0.00175 -0.004011156 -0.0297357 0.00225 -0.004011156 -0.0297357 0.00275 -0.004011157 -0.0297357 0.0055 -0.004011157 -0.02971378 -0.0055 -0.004022189 -0.02971378 -0.00275 -0.00402219 -0.02971378 -0.00225 -0.00402219 -0.02971378 -0.00175 -0.00402219 -0.02971378 -0.00125 -0.00402219 -0.02971378 -0.00075 -0.00402219 -0.02971378 -0.00025 -0.00402219 -0.02971378 0.00025 -0.00402219 -0.02971378 0.00075 -0.00402219 -0.02971378 0.00125 -0.00402219 -0.02971378 0.00175 -0.00402219 -0.02971378 0.00225 -0.00402219 -0.02971378 0.00275 -0.004022191 -0.02971378 0.0055 -0.004022191 -0.02969134 -0.0055 -0.004032134 -0.02969134 -0.00275 -0.004032135 -0.02969134 -0.00225 -0.004032135 -0.02969134 -0.00175 -0.004032135 -0.02969134 -0.00125 -0.004032135 -0.02969134 -0.00075 -0.004032135 -0.02969134 -0.00025 -0.004032135 -0.02969134 0.00025 -0.004032135 -0.02969134 0.00075 -0.004032135 -0.02969134 0.00125 -0.004032135 -0.02969134 0.00175 -0.004032135 -0.02969134 0.00225 -0.004032135 -0.02969134 0.00275 -0.004032135 -0.02969134 0.0055 -0.004032136 -0.02966844 -0.0055 -0.004040967 -0.02966844 -0.00275 -0.004040967 -0.02966844 -0.00225 -0.004040967 -0.02966844 -0.00175 -0.004040967 -0.02966844 -0.00125 -0.004040967 -0.02966844 -0.00075 -0.004040967 -0.02966844 -0.00025 -0.004040967 -0.02966844 0.00025 -0.004040968 -0.02966844 0.00075 -0.004040968 -0.02966844 0.00125 -0.004040968 -0.02966844 0.00175 -0.004040968 -0.02966844 0.00225 -0.004040968 -0.02966844 0.00275 -0.004040968 -0.02966844 0.0055 -0.004040968 -0.02964514 -0.0055 -0.004048665 -0.02964514 -0.00275 -0.004048665 -0.02964514 -0.00225 -0.004048665 -0.02964514 -0.00175 -0.004048665 -0.02964514 -0.00125 -0.004048665 -0.02964514 -0.00075 -0.004048665 -0.02964514 -0.00025 -0.004048666 -0.02964514 0.00025 -0.004048666 -0.02964514 0.00075 -0.004048666 -0.02964514 0.00125 -0.004048666 -0.02964514 0.00175 -0.004048666 -0.02964514 0.00225 -0.004048666 -0.02964514 0.00275 -0.004048666 -0.02964514 0.0055 -0.004048666 -0.02962149 -0.0055 -0.00405521 -0.02962149 -0.00275 -0.004055211 -0.02962149 -0.00225 -0.004055211 -0.02962149 -0.00175 -0.004055211 -0.02962149 -0.00125 -0.004055211 -0.02962149 -0.00075 -0.004055211 -0.02962149 -0.00025 -0.004055211 -0.02962149 0.00025 -0.004055211 -0.02962149 0.00075 -0.004055211 -0.02962149 0.00125 -0.004055211 -0.02962149 0.00175 -0.004055211 -0.02962149 0.00225 -0.004055211 -0.02962149 0.00275 -0.004055212 -0.02962149 0.0055 -0.004055212 -0.02959754 -0.0055 -0.004060587 -0.02959754 -0.00275 -0.004060587 -0.02959754 -0.00225 -0.004060588 -0.02959754 -0.00175 -0.004060588 -0.02959754 -0.00125 -0.004060588 -0.02959754 -0.00075 -0.004060588 -0.02959754 -0.00025 -0.004060588 -0.02959754 0.00025 -0.004060588 -0.02959754 0.00075 -0.004060588 -0.02959754 0.00125 -0.004060588 -0.02959754 0.00175 -0.004060588 -0.02959754 0.00225 -0.004060588 -0.02959754 0.00275 -0.004060588 -0.02959754 0.0055 -0.004060589 -0.02957337 -0.0055 -0.004064783 -0.02957337 -0.00275 -0.004064783 -0.02957337 -0.00225 -0.004064783 -0.02957337 -0.00175 -0.004064783 -0.02957337 -0.00125 -0.004064783 -0.02957337 -0.00075 -0.004064783 -0.02957337 -0.00025 -0.004064784 -0.02957337 0.00025 -0.004064784 -0.02957337 0.00075 -0.004064784 -0.02957337 0.00125 -0.004064784 -0.02957337 0.00175 -0.004064784 -0.02957337 0.00225 -0.004064784 -0.02957337 0.00275 -0.004064784 -0.02957337 0.0055 -0.004064784 -0.02954901 -0.0055 -0.004067787 -0.02954901 -0.00275 -0.004067787 -0.02954901 -0.00225 -0.004067787 -0.02954901 -0.00175 -0.004067787 -0.02954901 -0.00125 -0.004067787 -0.02954901 -0.00075 -0.004067788 -0.02954901 -0.00025 -0.004067788 -0.02954901 0.00025 -0.004067788 -0.02954901 0.00075 -0.004067788 -0.02954901 0.00125 -0.004067788 -0.02954901 0.00175 -0.004067788 -0.02954901 0.00225 -0.004067788 -0.02954901 0.00275 -0.004067788 -0.02954901 0.0055 -0.004067789 -0.02952454 -0.0055 -0.004069592 -0.02952454 -0.00275 -0.004069593 -0.02952454 -0.00225 -0.004069593 -0.02952454 -0.00175 -0.004069593 -0.02952454 -0.00125 -0.004069593 -0.02952454 -0.00075 -0.004069593 -0.02952454 -0.00025 -0.004069593 -0.02952454 0.00025 -0.004069593 -0.02952454 0.00075 -0.004069593 -0.02952454 0.00125 -0.004069593 -0.02952454 0.00175 -0.004069593 -0.02952454 0.00225 -0.004069593 -0.02952454 0.00275 -0.004069593 -0.02952454 0.0055 -0.004069594 -0.0295 -0.0055 -0.004070194 -0.0295 -0.00275 -0.004070195 -0.0295 -0.00225 -0.004070195 -0.0295 -0.00175 -0.004070195 -0.0295 -0.00125 -0.004070195 -0.0295 -0.00075 -0.004070195 -0.0295 -0.00025 -0.004070195 -0.0295 0.00025 -0.004070195 -0.0295 0.00075 -0.004070195 -0.0295 0.00125 -0.004070195 -0.0295 0.00175 -0.004070196 -0.0295 0.00225 -0.004070196 -0.0295 0.00275 -0.004070196 -0.0295 0.0055 -0.004070196 -0.029 -0.0055 0.0009298057 -0.029 -0.0055 0.001929806 -0.029 -0.0035 0.0009298052 -0.029 -0.0035 0.001929805 -0.029 0.0035 0.0009298043 -0.029 0.0035 0.001929804 -0.029 0.0055 0.0009298038 -0.029 0.0055 0.001929804 -0.027 -0.0035 0.001929805 -0.027 -0.0035 0.002929805 -0.027 0.0035 0.001929804 -0.027 0.0035 0.002929804 -0.0251035 -0.0035 0.003269418 -0.0251035 0.0035 0.003269417 -0.025 -0.00275 -0.004070195 -0.025 -0.00275 -0.002070195 -0.025 -0.00225 -0.004070195 -0.025 -0.00225 -0.002070195 -0.025 -0.00175 -0.004070195 -0.025 -0.00175 -0.002070195 -0.025 -0.00125 -0.004070195 -0.025 -0.00125 -0.002070195 -0.025 -0.00075 -0.004070195 -0.025 -0.00075 -0.002070195 -0.025 -0.00025 -0.004070195 -0.025 -0.00025 -0.002070195 -0.025 0.00025 -0.004070195 -0.025 0.00025 -0.002070195 -0.025 0.00075 -0.004070195 -0.025 0.00075 -0.002070195 -0.025 0.00125 -0.004070195 -0.025 0.00125 -0.002070195 -0.025 0.00175 -0.004070196 -0.025 0.00175 -0.002070195 -0.025 0.00225 -0.004070196 -0.025 0.00225 -0.002070196 -0.025 0.00275 -0.004070196 -0.025 0.00275 -0.002070196 -0.02400758 -0.0035 0.002414175 -0.02400758 -0.0035 0.004025335 -0.02400758 -0.001589996 0.002414256 -0.02400758 -0.001589996 0.004025334 -0.02400758 0.001589996 0.002414256 -0.02400758 0.001589996 0.004025334 -0.02400758 0.0035 0.002414173 -0.02400758 0.0035 0.004025334 -0.024 -0.0045 -0.004070194 -0.024 -0.0045 -0.002070195 -0.024 0.0045 -0.004070196 -0.024 0.0045 -0.002070196 -0.02351516 -0.001589996 0.004082296 -0.02351516 0.001589996 0.004082296 -0.02301717 -0.001589996 0.004119616 -0.02301717 0.001589996 0.004119616 -0.02238999 -0.001589996 0.002608858 -0.02238999 0.001589996 0.002608858 -0.02234632 -0.001589996 0.004146903 -0.02234632 0.001589996 0.004146902 -0.022 -0.0045 -0.004070194 -0.022 -0.0045 -0.002070195 -0.022 0.0045 -0.004070196 -0.022 0.0045 -0.002070196 -0.021 -0.0045 -0.004070194 -0.021 -0.0045 -0.002070195 -0.021 0.0045 -0.004070196 -0.021 0.0045 -0.002070196 -0.0207828 -0.001589996 0.002876017 -0.0207828 0.001589996 0.002876016 -0.0198015 -0.001589996 0.00420142 -0.0198015 0.001589996 0.004201419 -0.01918928 -0.001589996 0.003215271 -0.01918928 0.001589996 0.00321527 -0.01910954 -0.001589996 0.0042554 -0.01910954 0.001589996 0.004255399 -0.01859479 -0.001589996 0.004321018 -0.01859479 0.001589996 0.004321018 -0.01816952 -0.001589996 0.00439622 -0.01816952 0.001589996 0.004396219 -0.018 -0.0045 -0.004070194 -0.018 -0.0045 -0.002070195 -0.018 0.0045 -0.004070196 -0.018 0.0045 -0.002070196 -0.01781818 -0.001589996 0.004475388 -0.01781818 0.001589996 0.004475388 -0.01761263 -0.001589996 0.003625934 -0.01761263 0.001589996 0.003625933 -0.01755675 -0.001589996 0.004545697 -0.01755675 0.001589996 0.004545696 -0.01724175 -0.001589996 0.004644864 -0.01724175 0.001589996 0.004644863 -0.017 -0.0055 -0.005070194 -0.017 -0.0055 -0.004070194 -0.017 0.0055 -0.005070196 -0.017 0.0055 -0.004070196 -0.01695291 -0.001589996 0.004751169 -0.01695291 0.001589996 0.004751169 -0.01680989 -0.001589996 0.004810086 -0.01680989 0.001589996 0.004810085 -0.01670231 -0.001589996 0.004858681 -0.01670231 0.001589996 0.004858681 -0.01659747 -0.001589996 0.00491115 -0.01659747 0.001589996 0.00491115 -0.01644768 -0.001589996 0.004990234 -0.01644768 0.001589996 0.004990233 -0.01640565 -0.001589996 0.00501024 -0.01640565 0.001589996 0.005010239 -0.01637394 -0.001589996 0.005023971 -0.01637394 0.001589996 0.005023971 -0.01633901 -0.001589996 0.00503744 -0.01633901 0.001589996 0.005037439 -0.0163096 -0.001589996 0.005047222 -0.0163096 0.001589996 0.005047221 -0.0162821 -0.001589996 0.00505495 -0.0162821 0.001589996 0.005054949 -0.01626126 -0.001589996 0.005059821 -0.01626126 0.001589996 0.005059821 -0.01623825 -0.001589996 0.005064167 -0.01623825 0.001589996 0.005064166 -0.01621671 -0.001589996 0.005067212 -0.01621671 0.001589996 0.005067211 -0.01619555 -0.001589996 0.005069212 -0.01619555 0.001589996 0.005069211 -0.01617474 -0.001589996 0.005070195 -0.01617474 0.001589996 0.005070195 -0.01615427 -0.001589996 0.005070196 -0.01615427 0.001589996 0.005070195 -0.01613746 -0.001589996 0.005069471 -0.01613746 0.001589996 0.00506947 -0.01612047 -0.001589996 0.005068068 -0.01612047 0.001589996 0.005068068 -0.0161059 -0.001589996 0.005066215 -0.0161059 0.001589996 0.005066214 -0.01609144 -0.001589996 0.00506365 -0.01609144 0.001589996 0.005063649 -0.01607712 -0.001589996 0.005060381 -0.01607712 0.001589996 0.00506038 -0.01606298 -0.001589996 0.005056415 -0.01606298 0.001589996 0.005056414 -0.01605608 -0.001589996 0.004107147 -0.01605608 0.001589996 0.004107147 -0.01604905 -0.001589996 0.005051762 -0.01604905 0.001589996 0.005051761 -0.01604198 -0.001589996 0.004112221 -0.01604198 0.001589996 0.004112221 -0.01603537 -0.001589996 0.005046432 -0.01603537 0.001589996 0.005046432 -0.01602817 -0.001589996 0.004118014 -0.01602817 0.001589996 0.004118014 -0.01602196 -0.001589996 0.00504044 -0.01602196 0.001589996 0.00504044 -0.01601465 -0.001589996 0.004124491 -0.01601465 0.001589996 0.00412449 -0.01600887 -0.001589996 0.005033798 -0.01600887 0.001589996 0.005033798 -0.01600149 -0.001589996 0.004131634 -0.01600149 0.001589996 0.004131633 -0.01599611 -0.001589996 0.005026525 -0.01599611 0.001589996 0.005026524 -0.01598869 -0.001589996 0.004139425 -0.01598869 0.001589996 0.004139424 -0.01598372 -0.001589996 0.005018634 -0.01598372 0.001589996 0.005018634 -0.01597629 -0.001589996 0.004147845 -0.01597629 0.001589996 0.004147845 -0.01597174 -0.001589996 0.005010148 -0.01597174 0.001589996 0.005010147 -0.01596434 -0.001589996 0.004156875 -0.01596434 0.001589996 0.004156874 -0.01596018 -0.001589996 0.005001084 -0.01596018 0.001589996 0.005001084 -0.01595285 -0.001589996 0.004166489 -0.01595285 0.001589996 0.004166488 -0.01594908 -0.001589996 0.004991467 -0.01594908 0.001589996 0.004991466 -0.01594185 -0.001589996 0.004176664 -0.01594185 0.001589996 0.004176664 -0.01593847 -0.001589996 0.004981317 -0.01593847 0.001589996 0.004981317 -0.01593138 -0.001589996 0.004187377 -0.01593138 0.001589996 0.004187377 -0.01592837 -0.001589996 0.004970661 -0.01592837 0.001589996 0.004970661 -0.01592145 -0.001589996 0.004198599 -0.01592145 0.001589996 0.004198599 -0.01591879 -0.001589996 0.004959523 -0.01591879 0.001589996 0.004959522 -0.0159121 -0.001589996 0.004210303 -0.0159121 0.001589996 0.004210302 -0.01590978 -0.001589996 0.00494793 -0.01590978 0.001589996 0.004947929 -0.01590334 -0.001589996 0.004222459 -0.01590334 0.001589996 0.004222459 -0.01590135 -0.001589996 0.004935909 -0.01590135 0.001589996 0.004935909 -0.0158952 -0.001589996 0.004235037 -0.0158952 0.001589996 0.004235037 -0.01589351 -0.001589996 0.00492349 -0.01589351 0.001589996 0.00492349 -0.0158877 -0.001589996 0.004248006 -0.0158877 0.001589996 0.004248006 -0.01588629 -0.001589996 0.004910704 -0.01588629 0.001589996 0.004910703 -0.01588085 -0.001589996 0.004261333 -0.01588085 0.001589996 0.004261332 -0.0158797 -0.001589996 0.004897577 -0.0158797 0.001589996 0.004897577 -0.01587468 -0.001589996 0.004274985 -0.01587468 0.001589996 0.004274985 -0.01587376 -0.001589996 0.004884146 -0.01587376 0.001589996 0.004884145 -0.0158692 -0.001589996 0.004288929 -0.0158692 0.001589996 0.004288929 -0.01586849 -0.001589996 0.004870439 -0.01586849 0.001589996 0.004870438 -0.01586442 -0.001589996 0.004303129 -0.01586442 0.001589996 0.004303128 -0.0158639 -0.001589996 0.004856491 -0.0158639 0.001589996 0.00485649 -0.01586035 -0.001589996 0.00431755 -0.01586035 0.001589996 0.004317549 -0.01585999 -0.001589996 0.004842335 -0.01585999 0.001589996 0.004842334 -0.01585702 -0.001589996 0.004332155 -0.01585702 0.001589996 0.004332154 -0.01585678 -0.001589996 0.004828004 -0.01585678 0.001589996 0.004828003 -0.01585441 -0.001589996 0.004346909 -0.01585441 0.001589996 0.004346909 -0.01585428 -0.001589996 0.004813534 -0.01585428 0.001589996 0.004813533 -0.01585254 -0.001589996 0.004361775 -0.01585254 0.001589996 0.004361774 -0.01585248 -0.001589996 0.004798958 -0.01585248 0.001589996 0.004798957 -0.01585142 -0.001589996 0.004376716 -0.01585142 0.001589996 0.004376715 -0.01585141 -0.001589996 0.004784312 -0.01585141 0.001589996 0.004784311 -0.01585105 -0.001589996 0.004391693 -0.01585105 -0.001589996 0.004769631 -0.01585105 0.001589996 0.004391693 -0.01585105 0.001589996 0.00476963 -0.004000001 -0.0055 -0.005070194 -0.004000001 -0.0055 0.001929806 -0.004000001 0.0055 -0.005070196 -0.004000001 0.0055 0.001929804 0.011 -0.0045 0.0009298052 0.011 -0.0002489166 0.0009173817 0.011 -0.0001246185 0.0009266972 0.011 0 0.0009298048 0.011 0.0001246185 0.0009266967 0.011 0.0002489166 0.0009173817 0.011 0.0045 0.0009298038 0.011 -0.0045 -0.004070194 0.011 -0.002499222 -0.001632522 0.011 -0.002499222 -0.001507868 0.011 -0.002493011 -0.00175702 0.011 -0.002493011 -0.00138337 0.011 -0.002480591 -0.001881054 0.011 -0.002480591 -0.001259336 0.011 -0.002462021 -0.002004315 0.011 -0.002462021 -0.001136074 0.011 -0.002437317 -0.002126497 0.011 -0.002437317 -0.001013892 0.011 -0.002406555 -0.002247296 0.011 -0.002406555 -0.0008930936 0.011 -0.002369812 -0.002366411 0.011 -0.002369812 -0.0007739783 0.011 -0.002327179 -0.002483547 0.011 -0.002327179 -0.0006568423 0.011 -0.002278763 -0.002598413 0.011 -0.002278763 -0.0005419772 0.011 -0.002224686 -0.002710722 0.011 -0.002224686 -0.0004296685 0.011 -0.00216507 -0.002820195 0.011 -0.00216507 -0.0003201948 0.011 -0.002100067 -0.002926561 0.011 -0.002100067 -0.0002138295 0.011 -0.002029846 -0.003029554 0.011 -0.002029846 -0.0001108356 0.011 -0.001954575 -0.003128919 0.011 -0.001954575 -1.147035e-05 0.011 -0.001874451 -0.00322441 0.011 -0.001874451 8.401963e-05 0.011 -0.001789673 -0.003315787 0.011 -0.001789673 0.0001753969 0.011 -0.001700439 -0.003402825 0.011 -0.001700439 0.0002624349 0.011 -0.001606964 -0.003485306 0.011 -0.001606964 0.0003449163 0.011 -0.001509506 -0.003563026 0.011 -0.001509506 0.000422636 0.011 -0.001408295 -0.003635792 0.011 -0.001408295 0.0004954018 0.011 -0.001303589 -0.003703422 0.011 -0.001303589 0.0005630321 0.011 -0.001195633 -0.003765749 0.011 -0.001195633 0.0006253586 0.011 -0.001084717 -0.003822617 0.011 -0.001084717 0.0006822271 0.011 -0.0009710846 -0.003873885 0.011 -0.0009710846 0.0007334952 0.011 -0.0008550568 -0.003919427 0.011 -0.0008550568 0.0007790365 0.011 -0.0007368927 -0.003959127 0.011 -0.0007368927 0.000818737 0.011 -0.0006168976 -0.003992888 0.011 -0.0006168976 0.000852498 0.011 -0.0004953613 -0.004020626 0.011 -0.0004953613 0.0008802361 0.011 -0.0003726044 -0.004042273 0.011 -0.0003726044 0.0009018817 0.011 -0.0002489166 -0.004057772 0.011 -0.0001246185 -0.004067088 0.011 0 -0.004070195 0.011 0.0001246185 -0.004067088 0.011 0.0002489166 -0.004057772 0.011 0.0003726044 -0.004042273 0.011 0.0003726044 0.0009018817 0.011 0.0004953613 -0.004020627 0.011 0.0004953613 0.0008802356 0.011 0.0006168976 -0.003992889 0.011 0.0006168976 0.000852498 0.011 0.0007368927 -0.003959128 0.011 0.0007368927 0.0008187365 0.011 0.0008550568 -0.003919427 0.011 0.0008550568 0.000779036 0.011 0.0009710846 -0.003873886 0.011 0.0009710846 0.0007334952 0.011 0.001084702 -0.003822618 0.011 0.001084717 0.0006822266 0.011 0.001195633 -0.00376575 0.011 0.001195633 0.0006253586 0.011 0.001303589 -0.003703423 0.011 0.001303589 0.0005630316 0.011 0.001408295 -0.003635793 0.011 0.001408295 0.0004954014 0.011 0.001509506 -0.003563027 0.011 0.001509506 0.0004226355 0.011 0.001606964 -0.003485307 0.011 0.001606964 0.0003449154 0.011 0.001700424 -0.003402825 0.011 0.001700439 0.000262434 0.011 0.001789673 -0.003315788 0.011 0.001789673 0.0001753964 0.011 0.001874451 -0.00322441 0.011 0.001874451 8.401868e-05 0.011 0.001954575 -0.00312892 0.011 0.001954575 -1.14713e-05 0.011 0.002029846 -0.003029555 0.011 0.002029846 -0.0001108365 0.011 0.002100067 -0.002926561 0.011 0.002100067 -0.00021383 0.011 0.00216507 -0.002820196 0.011 0.00216507 -0.0003201957 0.011 0.002224686 -0.002710722 0.011 0.002224686 -0.0004296689 0.011 0.002278763 -0.002598413 0.011 0.002278763 -0.0005419782 0.011 0.002327179 -0.002483548 0.011 0.002327179 -0.0006568432 0.011 0.002369812 -0.002366412 0.011 0.002369812 -0.0007739792 0.011 0.002406555 -0.002247297 0.011 0.002406555 -0.0008930946 0.011 0.002437317 -0.002126498 0.011 0.002437317 -0.001013893 0.011 0.002462021 -0.002004316 0.011 0.002462021 -0.001136075 0.011 0.002480591 -0.001881055 0.011 0.002480591 -0.001259337 0.011 0.002493011 -0.001757021 0.011 0.002493011 -0.001383371 0.011 0.002499222 -0.001632523 0.011 0.002499222 -0.001507869 0.011 0.0045 -0.004070196 0.031 -0.0025 -0.001570195 0.031 -0.002496994 -0.001447526 0.031 -0.002496918 -0.001694154 0.031 -0.002487961 -0.001325152 0.031 -0.002487701 -0.001817809 0.031 -0.002472946 -0.001203369 0.031 -0.002472366 -0.001940854 0.031 -0.002451965 -0.001082469 0.031 -0.002450943 -0.002062987 0.031 -0.002425079 -0.0009627445 0.031 -0.002423508 -0.002183908 0.031 -0.002392349 -0.0008444832 0.031 -0.002390091 -0.00230332 0.031 -0.002353867 -0.0007279702 0.031 -0.0023508 -0.002420928 0.031 -0.002309692 -0.0006134863 0.031 -0.002305725 -0.002536443 0.031 -0.002259979 -0.000501307 0.031 -0.002254974 -0.002649581 0.031 -0.002204803 -0.0003917032 0.031 -0.002198685 -0.002760063 0.031 -0.002144318 -0.0002849379 0.031 -0.002136978 -0.002867619 0.031 -0.002078674 -0.0001812692 0.031 -0.002070023 -0.002971983 0.031 -0.002008026 -8.094648e-05 0.031 -0.001997971 -0.003072898 0.031 -0.001932526 1.578805e-05 0.031 -0.001921005 -0.003170116 0.031 -0.001852371 0.0001087026 0.031 -0.00183931 -0.003263399 0.031 -0.001767761 0.0001975722 0.031 -0.001753098 -0.003352516 0.031 -0.001678894 0.0002821827 0.031 -0.001662567 -0.003437249 0.031 -0.001585983 0.0003623314 0.031 -0.001567947 -0.003517388 0.031 -0.001489243 0.0004378237 0.031 -0.001469467 -0.003592737 0.031 -0.001388931 0.0005084791 0.031 -0.001367371 -0.003663111 0.031 -0.001285263 0.0005741262 0.031 -0.001261917 -0.003728336 0.031 -0.001178497 0.0006346082 0.031 -0.001153351 -0.003788252 0.031 -0.001068893 0.0006897783 0.031 -0.001041962 -0.003842711 0.031 -0.0009567108 0.0007395038 0.031 -0.0009279938 -0.00389158 0.031 -0.0008422241 0.0007836652 0.031 -0.0008117523 -0.003934739 0.031 -0.000725708 0.0008221554 0.031 -0.000693512 -0.003972079 0.031 -0.0006074524 0.0008548827 0.031 -0.0005735626 -0.004003512 0.031 -0.0004877319 0.0008817677 0.031 -0.0004522095 -0.004028958 0.031 -0.0003668213 0.0009027462 0.031 -0.0003297272 -0.004048356 0.031 -0.0002450409 0.0009177665 0.031 -0.0002064514 -0.004061656 0.031 -0.0001226654 0.0009267935 0.031 -8.265686e-05 -0.004068829 0.031 0 0.0009298048 0.031 4.133606e-05 -0.004069854 0.031 0.0001239624 0.0009267296 0.031 0.0001652222 -0.004064729 0.031 0.0002476196 0.0009175119 0.031 0.0002887115 -0.004053468 0.031 0.0003706665 0.0009021744 0.031 0.0004114838 -0.004036099 0.031 0.0004927979 0.0008807544 0.031 0.0005332489 -0.004012663 0.031 0.0006137085 0.0008533053 0.031 0.0006537018 -0.003983218 0.031 0.0007331238 0.0008198938 0.031 0.0007725372 -0.003947837 0.031 0.0008507385 0.0007806029 0.031 0.0008894806 -0.003906607 0.031 0.0009662476 0.0007355289 0.031 0.001004242 -0.003859629 0.031 0.001079391 0.0006847825 0.031 0.001116516 -0.003807019 0.031 0.001189865 0.000628489 0.031 0.001226059 -0.003748906 0.031 0.001297424 0.0005667863 0.031 0.001332581 -0.003685434 0.031 0.001401794 0.0004998264 0.031 0.001435822 -0.003616758 0.031 0.001502701 0.0004277744 0.031 0.001535538 -0.003543047 0.031 0.001599915 0.0003508072 0.031 0.00163147 -0.003464483 0.031 0.001693207 0.000269114 0.031 0.001723389 -0.003381259 0.031 0.001782318 0.0001828961 0.031 0.001811066 -0.003293579 0.031 0.00186705 9.236571e-05 0.031 0.001894287 -0.00320166 0.031 0.001947189 -2.254993e-06 0.031 0.001972855 -0.003105728 0.031 0.002022537 -0.0001007324 0.031 0.002046555 -0.003006017 0.031 0.002092911 -0.0002028251 0.031 0.002115234 -0.002902775 0.031 0.002158142 -0.0003082819 0.031 0.002178711 -0.002796255 0.031 0.002218063 -0.000416843 0.031 0.002236816 -0.002686718 0.031 0.002272522 -0.0005282412 0.031 0.002289429 -0.002574434 0.031 0.002321381 -0.0006422026 0.031 0.002336411 -0.002459681 0.031 0.002364548 -0.0007584472 0.031 0.00237764 -0.002342738 0.031 0.002401886 -0.0008766885 0.031 0.002413025 -0.002223896 0.031 0.002433319 -0.0009966359 0.031 0.002442459 -0.002103445 0.031 0.002458755 -0.001117995 0.031 0.002465897 -0.001981682 0.031 0.002478165 -0.001240465 0.031 0.002483276 -0.001858907 0.031 0.002491455 -0.001363747 0.031 0.002494537 -0.001735422 0.031 0.002498627 -0.001487537 0.031 0.002499664 -0.001611531</float_array>
          <technique_common>
            <accessor count="985" source="#cubeverts-array0-array" stride="3">
              <param type="float" name="X" />
              <param type="float" name="Y" />
              <param type="float" name="Z" />
            </accessor>
          </technique_common>
        </source>
        <source id="cubenormals-array0">
          <float_array count="5898" id="cubenormals-array0-array">1 5.474958e-07 5.613084e-07 1 5.592993e-07 5.189031e-07 1 5.363923e-07 6.078882e-07 1 5.718788e-07 4.79853e-07 1 5.259529e-07 6.595233e-07 1 5.85352e-07 4.434185e-07 1 5.160681e-07 7.178105e-07 1 5.998589e-07 4.089837e-07 1 5.067007e-07 7.844781e-07 1 6.155055e-07 3.761491e-07 1 4.97782e-07 8.622041e-07 1 6.324843e-07 3.444335e-07 1 4.892946e-07 9.543256e-07 1 6.509936e-07 3.13455e-07 1 4.811657e-07 1.066461e-06 1 6.712235e-07 2.829237e-07 1 4.733972e-07 1.20611e-06 1 6.935056e-07 2.524097e-07 1 4.659245e-07 1.386771e-06 1 7.181961e-07 2.215398e-07 1 4.58733e-07 1.630429e-06 1 7.457426e-07 1.899052e-07 1 4.517826e-07 1.979549e-06 1 7.76709e-07 1.570429e-07 1 4.450448e-07 2.523898e-06 1 8.11909e-07 1.223183e-07 1 -3.51383e-07 0.0001202502 1 8.52017e-07 8.53201e-08 1 8.986855e-07 4.482895e-08 1 9.533034e-07 0 1 4.647685e-07 3.814697e-07 1 -0 0 1 -0 0 1 -0 0 1 0 0 1 0 0 1 0 0 1 0 0 1 0 0 1 0 0 1 0 0 1 0 0 1 0 0 1 0 0 1 0 0 1 0 0 1 0 0 1 0 0 1 0 0 1 0 0 1 0 0 1 0 0 1 0 -0 1 0 -0 1 0 0 1 0 0 1 0 0 1 0 0 1 0 0 1 0 0 1 0 0 1 0 0 1 0 0 1 0 0 0.06651903 1.057291e-07 0.9977852 0.06651901 2.114582e-07 0.9977852 0.06651901 1.730113e-07 0.9977852 0 0.02479927 0.9996924 7.981939e-07 0.07433642 0.9972332 -8.266294e-07 0.02493256 0.9996891 1.562465e-06 0.1236902 0.992321 -1.644308e-06 0.07473136 0.9972036 2.319284e-06 0.1727482 0.984966 -2.477231e-06 0.1243436 0.9922392 3.07969e-06 0.2213867 0.975186 -3.288023e-06 0.1736533 0.9848068 4.092705e-06 0.2694446 0.9630159 -3.873199e-06 0.2225039 0.9749318 4.826759e-06 0.3168518 0.948475 -4.662492e-06 0.2708413 0.9626241 5.504738e-06 0.3635235 0.9315851 -5.500583e-06 0.318483 0.9479285 6.19352e-06 0.4092355 0.9124288 -6.291655e-06 0.3653636 0.9308649 7.027578e-06 0.4540184 0.8909923 -6.980879e-06 0.411259 0.9115186 7.735182e-06 0.4975992 0.867407 -7.706253e-06 0.4562404 0.8898565 8.430518e-06 0.539986 0.8416741 -8.469575e-06 0.4999911 0.8660306 -9.512668e-06 0.5425697 0.8400108 8.807135e-06 0.5811101 0.8138249 -9.992209e-06 0.583742 0.8119392 9.768859e-06 0.6207345 0.7840208 -1.0553e-05 0.6234903 0.7818311 1.058098e-05 0.6587899 0.752327 -1.117255e-05 0.6616358 0.7498254 1.14202e-05 0.6953428 0.7186783 -1.166644e-05 0.698244 0.7158598 1.224324e-05 0.7301011 0.6833392 -1.259601e-05 0.7330852 0.6801369 1.262832e-05 0.763086 0.646297 -1.332864e-05 0.7660512 0.6427796 1.324676e-05 0.7941957 0.6076622 -1.37583e-05 0.7971118 0.6038318 1.416353e-05 0.8233457 0.5675403 1.484771e-05 0.8504509 0.5260544 -1.432625e-05 0.8262344 0.5633265 -1.507249e-05 0.8532776 0.521457 1.538989e-05 0.8754907 0.4832351 1.581857e-05 0.898393 0.4391924 -1.591123e-05 0.878221 0.4782549 1.61486e-05 0.9190924 0.3940421 -1.682772e-05 0.9009942 0.4338309 1.694921e-05 0.9374501 0.3481197 -1.717307e-05 0.9214864 0.3884107 1.714451e-05 0.9535853 0.3011233 -1.826684e-05 0.9396951 0.3420134 1.788896e-05 0.9673361 0.2534975 -1.870718e-05 0.9555706 0.2947621 1.862982e-05 0.9787327 0.2051394 -1.922882e-05 0.9690724 0.2467767 1.97511e-05 0.9876738 0.1565265 -1.913095e-05 0.9801657 0.1981799 1.94748e-05 0.9942392 0.1071839 -2.061129e-05 0.9888411 0.1489741 2.094211e-05 0.9983261 0.05783686 -2.033125e-05 0.9950235 0.09964064 2.124697e-05 0.999965 0.008367876 -2.092925e-05 0.9987582 0.04982086 2.129135e-05 0.9991449 -0.04134727 -2.212524e-05 1 0 2.209749e-05 0.9958677 -0.09081624 -2.239563e-05 0.9987582 -0.04982086 2.225934e-05 0.9901288 -0.1401604 -2.326858e-05 0.9950235 -0.09964082 2.361543e-05 0.9819742 -0.1890153 -2.303031e-05 0.9888412 -0.1489738 -2.357726e-05 0.9801657 -0.1981799 2.385977e-05 0.9714162 -0.2373827 -2.473684e-05 0.9690722 -0.2467771 2.386211e-05 0.9584183 -0.285367 -2.508878e-05 0.9555706 -0.2947621 2.446208e-05 0.943103 -0.3325007 -2.559094e-05 0.9396951 -0.3420134 2.49948e-05 0.925442 -0.3788892 2.580428e-05 0.905523 -0.4242971 -2.573621e-05 0.9214867 -0.3884099 -2.579141e-05 0.9009939 -0.4338316 2.662621e-05 0.8834025 -0.468615 2.68584e-05 0.8590397 -0.511909 -2.651041e-05 0.878221 -0.4782549 2.730989e-05 0.8326012 -0.5538728 -2.692261e-05 0.8532776 -0.521457 2.771272e-05 0.8041726 -0.5943958 -2.728297e-05 0.8262344 -0.5633265 2.762939e-05 0.7736517 -0.6336111 -2.83458e-05 0.7971118 -0.6038318 2.8219e-05 0.7413075 -0.6711656 -2.861567e-05 0.7660527 -0.6427777 2.88201e-05 0.7071183 -0.7070952 -2.888452e-05 0.7330825 -0.6801398 2.86976e-05 0.6711752 -0.7412988 -2.968029e-05 0.6981829 -0.7159195 2.920272e-05 0.6335968 -0.7736633 -3.010333e-05 0.6616966 -0.7497718 2.964419e-05 0.5944309 -0.8041466 -3.047169e-05 0.6234903 -0.7818311 3.01395e-05 0.5538551 -0.8326131 -3.067151e-05 0.583742 -0.8119392 3.066622e-05 0.511883 -0.8590552 -3.094615e-05 0.5425695 -0.8400109 3.101908e-05 0.4686393 -0.8833896 -3.129567e-05 0.4999911 -0.8660306 3.128393e-05 0.4243109 -0.9055166 -3.162231e-05 0.4561907 -0.889882 3.164468e-05 0.3788413 -0.9254616 -3.212347e-05 0.4113017 -0.9114993 3.224132e-05 0.3325017 -0.9431027 -3.217138e-05 0.3653669 -0.9308636 3.251206e-05 0.2853545 -0.958422 -3.245451e-05 0.318483 -0.9479285 3.27257e-05 0.2374563 -0.9713982 -3.294175e-05 0.270836 -0.9626255 -3.328938e-05 0.2225075 -0.9749309 3.299121e-05 0.1890006 -0.981977 3.334057e-05 0.1400844 -0.9901395 -3.356261e-05 0.1736533 -0.9848068 3.361236e-05 0.09081312 -0.9958679 -3.387803e-05 0.1243398 -0.9922397 -3.413394e-05 0.07473517 -0.9972035 3.391402e-05 0.04132982 -0.9991455 -3.445731e-05 0.02492873 -0.9996892 3.415837e-05 -0.00826793 -0.9999658 -3.471701e-05 -0.02492873 -0.9996892 3.444928e-05 -0.05783858 -0.998326 -3.499041e-05 -0.07473517 -0.9972035 3.467319e-05 -0.1072729 -0.9942296 -3.522316e-05 -0.1243398 -0.9922397 3.49408e-05 -0.1564222 -0.9876903 -3.55629e-05 -0.1736533 -0.9848068 3.508695e-05 -0.205222 -0.9787155 -3.573909e-05 -0.2225075 -0.9749309 3.542572e-05 -0.2534901 -0.967338 -3.593173e-05 -0.2708378 -0.9626251 3.565952e-05 -0.301143 -0.953579 -3.613427e-05 -0.318483 -0.9479285 3.592464e-05 -0.3480653 -0.9374703 -3.637722e-05 -0.3653685 -0.930863 3.59485e-05 -0.3940947 -0.9190698 -3.663577e-05 -0.4112558 -0.91152 3.635834e-05 -0.4392243 -0.8983775 -3.667725e-05 -0.4562404 -0.8898565 3.641836e-05 -0.4831848 -0.8755184 -3.702977e-05 -0.4999911 -0.8660306 3.66061e-05 -0.5260276 -0.8504675 -3.722329e-05 -0.5425695 -0.8400109 3.660092e-05 -0.5675285 -0.8233538 -3.756225e-05 -0.583742 -0.8119392 3.667191e-05 -0.6076583 -0.7941986 -3.781107e-05 -0.6234903 -0.7818311 3.676269e-05 -0.6463007 -0.7630828 -3.772687e-05 -0.6616358 -0.7498254 3.732785e-05 -0.6833412 -0.7300991 -3.772779e-05 -0.698244 -0.7158598 3.749643e-05 -0.7187255 -0.695294 -3.783508e-05 -0.7330834 -0.6801388 3.742473e-05 -0.7522841 -0.6588389 3.742779e-05 -0.7840416 -0.6207082 -3.822583e-05 -0.7660527 -0.6427777 -3.820359e-05 -0.7971118 -0.6038318 3.779007e-05 -0.8138496 -0.5810756 3.802836e-05 -0.8416753 -0.539984 -3.818073e-05 -0.8262344 -0.5633265 3.831612e-05 -0.8673862 -0.4976357 -3.798518e-05 -0.8532776 -0.521457 3.840081e-05 -0.8910198 -0.4539644 -3.816465e-05 -0.878221 -0.4782549 3.81292e-05 -0.9124075 -0.409283 -3.825144e-05 -0.9009939 -0.4338316 -3.878562e-05 -0.9214867 -0.3884099 3.790954e-05 -0.9315906 -0.3635093 -3.896808e-05 -0.9396954 -0.3420127 3.789886e-05 -0.9484681 -0.3168726 -3.905174e-05 -0.9555706 -0.2947621 3.785346e-05 -0.9630026 -0.2694919 -3.928263e-05 -0.9690722 -0.2467771 3.819975e-05 -0.9752143 -0.2212624 -3.847208e-05 -0.9801657 -0.1981799 3.872178e-05 -0.9849619 -0.1727717 -3.879721e-05 -0.9888412 -0.1489738 3.828528e-05 -0.992323 -0.1236726 -3.866982e-05 -0.9950235 -0.09964082 3.885773e-05 -0.997234 -0.07432666 -3.846873e-05 -0.9987582 -0.04982086 3.856664e-05 -0.999691 -0.02485749 -3.890991e-05 -1 0 3.744404e-05 -0.9996999 0.02449747 -3.906445e-05 -0.9987582 0.04982086 3.755928e-05 -0.9972867 0.07361618 -3.876652e-05 -0.9950235 0.09964064 3.694548e-05 -0.9924854 0.1223634 -3.891316e-05 -0.9888411 0.1489741 3.709149e-05 -0.9852738 0.1709836 -3.836992e-05 -0.9801657 0.1981799 3.666148e-05 -0.9757005 0.2191086 -3.815237e-05 -0.9690724 0.2467767 3.626022e-05 -0.9637702 0.2667338 -3.76872e-05 -0.9555706 0.2947621 3.55881e-05 -0.9495477 0.3136227 -3.757704e-05 -0.9396951 0.3420134 3.533353e-05 -0.9329575 0.3599866 -3.63135e-05 -0.9214864 0.3884107 3.475367e-05 -0.9142476 0.405156 -3.600791e-05 -0.9009935 0.4338324 3.439081e-05 -0.8932052 0.4496493 -3.480208e-05 -0.8782219 0.4782533 3.383914e-05 -0.8700728 0.4929232 3.276053e-05 -0.8448689 0.5349734 -3.389212e-05 -0.8532766 0.5214587 3.155493e-05 -0.8176118 0.5757698 -3.332688e-05 -0.8262357 0.5633247 3.050776e-05 -0.7883143 0.6152728 -3.274791e-05 -0.7971118 0.6038318 2.976649e-05 -0.7571857 0.6531997 -3.152581e-05 -0.7660512 0.6427796 2.894066e-05 -0.7242507 0.6895368 -3.008872e-05 -0.7330834 0.6801388 2.772583e-05 -0.6895485 0.7242395 -2.873349e-05 -0.698246 0.7158579 -2.760688e-05 -0.6616358 0.7498254 2.589212e-05 -0.6531883 0.7571955 -2.671799e-05 -0.6234879 0.781833 2.464331e-05 -0.6152072 0.7883655 -2.51383e-05 -0.583742 0.8119392 2.295451e-05 -0.5758529 0.8175533 -2.395338e-05 -0.5425697 0.8400108 2.156855e-05 -0.5349973 0.8448537 -2.225773e-05 -0.4999882 0.8660322 1.990399e-05 -0.492898 0.870087 -2.064327e-05 -0.4562435 0.889855 1.847337e-05 -0.449612 0.8932239 -1.878068e-05 -0.4112558 0.91152 1.6576e-05 -0.4052304 0.9142147 -1.707537e-05 -0.3653669 0.9308636 1.49894e-05 -0.3598874 0.9329957 -1.503295e-05 -0.318483 0.9479285 1.31197e-05 -0.3136712 0.9495317 -1.307223e-05 -0.2708378 0.9626251 1.104936e-05 -0.2667242 0.9637729 -1.116279e-05 -0.2225075 0.9749309 8.863973e-06 -0.2191083 0.9757006 -9.174541e-06 -0.1736496 0.9848075 6.841808e-06 -0.1709497 0.9852797 -6.935379e-06 -0.1243436 0.9922392 4.626169e-06 -0.1224122 0.9924793 -4.703895e-06 -0.07473516 0.9972034 2.38107e-06 -0.07356493 0.9972904 0 -0.0245409 0.9996988 -2.380112e-06 -0.02492873 0.9996892 0.06651898 -2.114582e-07 -0.9977852 0.06651901 -2.114582e-07 -0.9977852 0.06651899 -1.730112e-07 -0.9977852 0.06651901 0.9977852 0 0.066519 0.9977852 2.537498e-08 0.066519 -0.9977852 2.537499e-08 0.06651901 -0.9977852 0 1 3.514226e-07 0.0001202499 1 -4.450436e-07 2.523946e-06 1 -4.517825e-07 1.979514e-06 1 -4.58732e-07 1.630448e-06 1 -4.659241e-07 1.38677e-06 1 -4.733974e-07 1.206098e-06 1 -4.811649e-07 1.066469e-06 1 -4.892948e-07 9.543181e-07 1 -4.977812e-07 8.622094e-07 1 -5.067005e-07 7.844779e-07 1 -5.160678e-07 7.178098e-07 1 -5.259523e-07 6.595266e-07 1 -5.363921e-07 6.078879e-07 1 -5.474965e-07 5.61306e-07 1 -5.592987e-07 5.189051e-07 1 -5.718787e-07 4.79853e-07 1 -5.853519e-07 4.434185e-07 1 -5.998594e-07 4.089822e-07 1 -6.155047e-07 3.761504e-07 1 -6.32485e-07 3.444323e-07 1 -6.509929e-07 3.13456e-07 1 -6.712235e-07 2.829237e-07 1 -6.935056e-07 2.524097e-07 1 -7.181961e-07 2.215398e-07 1 -7.457425e-07 1.899052e-07 1 -7.767092e-07 1.57043e-07 1 -8.119092e-07 1.223184e-07 1 -8.520176e-07 8.532017e-08 1 -8.986846e-07 4.48289e-08 1 0 0 1 0 0 1 -4.885349e-07 3.814698e-07 1 0 0 1 0 0 1 0 0 1 0 0 1 0 0 1 0 0 1 0 0 1 0 0 1 0 0 1 0 0 1 0 0 1 0 0 1 0 0 1 0 0 1 0 0 1 0 0 1 0 0 1 0 0 1 0 0 1 0 0 1 0 0 1 0 0 1 0 0 1 0 0 1 0 0 1 0 0 1 0 0 1 0 0 1 0 0 1 0 0 1 0 -0 1 0 -0 1 0 0 1 0 0 1 0 0 1 0 0 1 0 0 1 0 0 1 0 0 1 0 0 1 0 0 1 0 0 1 0 0 1 0 0 1 0 0 1 0 0 1 0 0 1 0 0 1 0 0 1 0 0 1 0 0 1 0 0 1 0 0 1 0 0 1 0 0 1 0 0 1 -0 0 1 -0 0 1 0 0 1 0 0 1 0 0 1 -0 0 1 0 0 1 -0 0 1 -0 0 1 0 0 1 -0 0 1 0 0 1 0 0 1 -0 0 1 -0 0 1 0 0 1 -0 0 1 -0 0 1 -0 0 1 0 0 1 0 0 1 -0 0 1 0 0 1 0 0 1 0 0 1 0 0 1 0 0 1 0 0 1 0 0 1 -0 0 1 -0 0 1 0 0 1 0 0 1 0 0 1 -0 0 1 -0 0 1 0 0 1 -0 0 1 -0 0 1 -0 0 1 -0 0 1 0 0 1 -0 0 1 -0 0 1 -0 0 1 0 0 1 -0 0 1 0 0 1 0 0 1 0 0 1 0 0 1 0 0 1 0 0 1 0 0 1 0 0 1 -0 0 1 -0 0 1 -0 0 1 -0 0 1 0 0 1 0 0 1 0 0 1 0 0 1 0 0 1 -0 0 1 -0 0 1 -0 0 1 0 0 1 -0 -0 1 -0 -0 1 -0 -0 1 0 0 1 0 0 1 0 0 1 -0 0 1 -0 -0 1 0 0 1 -0 0 1 -0 -0 1 -0 -0 1 0 0 1 0 0 1 0 0 1 -0 -0 1 0 0 1 0 0 1 -0 -0 1 -0 -0 1 -0 -0 1 0 0 1 0 0 1 -0 -0 1 0 0 1 0 0 1 -0 0 1 -0 -0 1 0 0 1 0 0 1 0 0 1 0 0 1 0 0 5.654195e-09 1.733953e-07 1 0 2.384186e-07 1 0 2.384186e-07 1 -8.885165e-09 1.362392e-07 1 -0 2.384186e-07 1 0 2.384186e-07 1 -1 0 0 -1 -0 -0 0 -1.733953e-07 -1 4.487879e-08 -2.468334e-07 -1 0 0 -1 0 0 -1 0 0 -1 0 0 -1 0 0 -1 0 0 -1 0 0 -1 0 0 -1 0 0 -1 0 0 -1 0 0 -1 0 0 -1 0 0 -1 0 0 -1 0 -1.733953e-07 -1 -4.487879e-08 -2.468334e-07 -1 -2.119276e-07 -2.119276e-07 -1 0 0 -1 1.733953e-07 -1.733953e-07 -1 0 0 -1 0 0 -1 0 0 -1 -0 -2.119276e-07 -1 -0 -2.119276e-07 -1 -1.059638e-07 -2.119276e-07 -1 1.430511e-06 0 -1 1.430511e-06 0 -1 -4.529953e-06 -9.536743e-07 -1 9.536743e-07 0 -1 9.536743e-07 0 -1 9.536743e-07 0 -1 9.536743e-07 0 -1 9.536743e-07 0 -1 -2.145767e-06 -9.536743e-07 -1 4.768372e-07 0 -1 4.768372e-07 0 -1 -0.9996984 -4.25853e-09 -0.02455965 -0.9996984 -4.25853e-09 -0.02455965 -0.9972821 -1.277525e-08 -0.07367702 -0.9924701 -2.123873e-08 -0.1224874 -0.9972821 -1.277525e-08 -0.07367702 -0.9924701 -2.123873e-08 -0.1224874 -0.9853262 -2.959543e-08 -0.1706818 -0.9853262 -2.959543e-08 -0.1706818 -0.9756871 -3.800275e-08 -0.2191682 -0.9756871 -3.800275e-08 -0.2191682 -0.963771 -4.624988e-08 -0.2667308 -0.963771 -4.624988e-08 -0.2667308 -0.9495289 -5.439053e-08 -0.3136793 -0.9495289 -5.439053e-08 -0.3136793 -0.9329575 -6.241999e-08 -0.3599866 -0.9329575 -6.241999e-08 -0.3599866 -0.9142693 -7.024365e-08 -0.4051069 -0.9142693 -7.024365e-08 -0.4051069 -0.8931335 -7.799179e-08 -0.4497917 -0.8931335 -7.799179e-08 -0.4497917 -0.87015 -8.544697e-08 -0.492787 -0.87015 -8.544697e-08 -0.492787 -0.8448419 -9.271537e-08 -0.535016 -0.8448419 -9.276928e-08 -0.535016 -0.8176093 -9.983643e-08 -0.5757735 -0.8176093 -9.983643e-08 -0.5757735 -0.7883489 -1.066777e-07 -0.6152284 -0.7883489 -1.066777e-07 -0.6152284 -0.7572148 -1.132559e-07 -0.653166 -0.7572148 -1.132559e-07 -0.653166 -0.7242451 -1.195635e-07 -0.6895426 -0.7242451 -1.195635e-07 -0.6895426 -0.6894946 -1.255887e-07 -0.7242908 -0.6894946 -1.255887e-07 -0.7242908 -0.653118 -1.313047e-07 -0.7572562 -0.653118 -1.313047e-07 -0.7572562 -0.6153604 -1.366782e-07 -0.7882459 -0.6153604 -1.366782e-07 -0.7882459 -0.5757942 -1.417671e-07 -0.8175946 -0.5757942 -1.417671e-07 -0.8175946 -0.5349494 -1.464989e-07 -0.844884 -0.5349494 -1.464989e-07 -0.844884 -0.4928714 -1.508717e-07 -0.8701022 -0.4928714 -1.508717e-07 -0.8701022 -0.449637 -1.548787e-07 -0.8932114 -0.449637 -1.548787e-07 -0.8932114 -0.4052009 -1.585228e-07 -0.9142277 -0.4052009 -1.585228e-07 -0.9142277 -0.3599151 -1.617753e-07 -0.9329851 -0.3599151 -1.617753e-07 -0.9329851 -0.3137083 -1.646422e-07 -0.9495194 -0.3137083 -1.646422e-07 -0.9495194 -0.2667277 -1.671135e-07 -0.9637719 -0.2667277 -1.671135e-07 -0.9637719 -0.219061 -1.691838e-07 -0.9757112 -0.219061 -1.691838e-07 -0.9757112 -0.1709812 -1.70842e-07 -0.9852743 -0.1709812 -1.70842e-07 -0.9852743 -0.1223896 -1.720918e-07 -0.9924822 -0.1223896 -1.720918e-07 -0.9924822 -0.07358389 -1.729253e-07 -0.9972891 -0.07358389 -1.729253e-07 -0.9972891 -0.02453785 -1.733431e-07 -0.999699 -0.02453785 -1.733431e-07 -0.999699 -1 0 0 -1 -0 -0 -1 0 0 -1 0 0 -1 0 0 -1 0 -0 -1 0 0 -1 0 0 -1 0 0 -1 -0 -0 -1 0 0 -1 0 0 -1 0 0 -1 0 0 -1 -0 -0 -1 0 0 -1 -0 0 -1 0 0 -1 0 -0 -1 0 0 -1 -0 0 -1 -0 0 -1 0 0 -1 0 -0 -1 0 0 -1 -0 -0 -1 0 0 -1 0 -0 0 2.384186e-07 1 -0 2.384186e-07 1 0.1597855 4.214207e-05 -0.9871517 0.1598118 -1.483967e-07 -0.9871475 0.1597854 -4.263497e-05 -0.9871517 0.1598118 -1.344882e-07 -0.9871475 0 -1 0 0 -1 0 0 -1 -0 0 -1 0 0 -1 -0 0 -1 0 0 -1 -0 0 -1 -0 -1 0 0 -1 0 -0 0 1 0 -0 1 0 0 1 0 0 1 0 0 1 0 0 1 0 0 1 0 0 1 0 -1 0 0 -1 -0 -0 -0.9996984 -4.25853e-09 -0.02455965 -0.9996984 -4.25853e-09 -0.02455965 -0.9972821 -1.277525e-08 -0.07367702 -0.9972821 -1.277525e-08 -0.07367702 -0.9924701 -2.123873e-08 -0.1224874 -0.9924701 -2.123873e-08 -0.1224874 -0.9853262 -2.959543e-08 -0.1706818 -0.9853262 -2.959543e-08 -0.1706818 -0.9756871 -3.800275e-08 -0.2191682 -0.9756871 -3.800275e-08 -0.2191682 -0.963771 -4.624988e-08 -0.2667308 -0.963771 -4.624988e-08 -0.2667308 -0.9495289 -5.439053e-08 -0.3136793 -0.9495289 -5.439053e-08 -0.3136793 -0.9329575 -6.241999e-08 -0.3599866 -0.9329575 -6.241999e-08 -0.3599866 -0.9142693 -7.024365e-08 -0.4051069 -0.9142693 -7.024365e-08 -0.4051069 -0.8931335 -7.799179e-08 -0.4497917 -0.8931335 -7.799179e-08 -0.4497917 -0.87015 -8.544697e-08 -0.492787 -0.87015 -8.544697e-08 -0.492787 -0.8448419 -9.271537e-08 -0.535016 -0.8448419 -9.276928e-08 -0.535016 -0.8176093 -9.983643e-08 -0.5757735 -0.8176093 -9.983643e-08 -0.5757735 -0.7883489 -1.066777e-07 -0.6152284 -0.7883489 -1.066777e-07 -0.6152284 -0.7572148 -1.132559e-07 -0.653166 -0.7572148 -1.132559e-07 -0.653166 -0.7242451 -1.195635e-07 -0.6895426 -0.7242451 -1.195635e-07 -0.6895426 -0.6894946 -1.255887e-07 -0.7242908 -0.6894946 -1.255887e-07 -0.7242908 -0.653118 -1.313047e-07 -0.7572562 -0.653118 -1.313047e-07 -0.7572562 -0.6153604 -1.367321e-07 -0.7882459 -0.6153604 -1.366782e-07 -0.7882459 -0.5757942 -1.417671e-07 -0.8175946 -0.5757942 -1.417671e-07 -0.8175946 -0.5349494 -1.464989e-07 -0.844884 -0.5349494 -1.464989e-07 -0.844884 -0.4928714 -1.508717e-07 -0.8701022 -0.4928714 -1.508717e-07 -0.8701022 -0.449637 -1.548787e-07 -0.8932114 -0.449637 -1.548787e-07 -0.8932114 -0.4052009 -1.585228e-07 -0.9142277 -0.4052009 -1.585228e-07 -0.9142277 -0.3599151 -1.617753e-07 -0.9329851 -0.3599151 -1.617753e-07 -0.9329851 -0.3137083 -1.646422e-07 -0.9495194 -0.3137083 -1.646422e-07 -0.9495194 -0.2667277 -1.671135e-07 -0.9637719 -0.2667277 -1.671135e-07 -0.9637719 -0.219061 -1.691838e-07 -0.9757112 -0.219061 -1.691838e-07 -0.9757112 -0.1709812 -1.70842e-07 -0.9852743 -0.1709812 -1.70842e-07 -0.9852743 -0.1223896 -1.720918e-07 -0.9924822 -0.1223896 -1.720918e-07 -0.9924822 -0.07358389 -1.729253e-07 -0.9972891 -0.07358389 -1.729253e-07 -0.9972891 -0.02453785 -1.733431e-07 -0.999699 -0.02453785 -1.733431e-07 -0.999699 0 2.384186e-07 1 -0 2.384186e-07 1 1 0 0 1 -0 0 0.2953601 -2.865186e-07 -0.955386 0.2520567 -2.876123e-07 -0.9677125 0.2953606 0 -0.9553858 0.2520567 -2.902153e-07 -0.9677125 0.2082287 -1.466623e-07 -0.9780802 0.2082285 -2.933246e-07 -0.9780802 0.1639771 -1.479195e-07 -0.9864641 0.1639771 -1.479195e-07 -0.9864641 0.1194428 -1.488757e-07 -0.9928411 0.1194429 -1.488757e-07 -0.9928411 1 0 0 1 0 0 -0.5677891 4.110149e-07 0.8231741 -0.5677891 0 0.8231741 -0.5677887 1.151244e-07 0.8231743 -0.5677891 0 0.8231741 -0.176269 1.34106e-07 0.984342 -0.176269 1.34106e-07 0.984342 -0 1.362392e-07 1 0 1.362392e-07 1 -1 0 0 -1 -0 -0 0 -1.362392e-07 -1 -0 -1.362392e-07 -1 1 0 0 1 0 0 0 1 0 -0 1 0 -1 0 -0 -1 0 0 0 -1 0 -0 -1 -0 1 0 0 1 0 0 0 1 0 -0 1 0 -1 0 -0 -1 0 0 0 -1 0 -0 -1 -0 0 1 0 -0 1 0 0 1 0 -0 1 -0 -0 1 -0 -0 1 -0 0 1 0 0 1 0 0 1 0 0 1 0 0 1 0 0 1 0 0 1 0 0 1 0 0 1 0 -0 1 -0 -0 1 -0 -0 1 -0 0 1 0 0 1 0 0 1 0 -0 1 -0 -0 1 -0 -0 1 -0 0 1 0 0 1 0 -0 1 -0 -0 1 -0 -0 1 -0 -0 1 -0 0 1 0 0 1 0 0 1 0 0 1 0 -1 0 -0 -1 0 0 0 -1 0 0 -1 0 0 -1 0 0 -1 0 0 -1 0 0 -1 0 0 -1 0 0 -1 0 0 -1 0 0 -1 0 0 -1 0 0 -1 0 0 -1 0 0 -1 0 0 -1 0 0 -1 0 0 -1 0 0 -1 0 0 -1 0 0 -1 0 0 -1 0 0 -1 0 0 -1 0 0 -1 0 0 -1 0 0 -1 0 0 -1 0 0 -1 0 0 -1 0 0 -1 0 0 -1 0 0 -1 0 0 -1 0 0 -1 -0 -0.9996984 -0 -0.02455965 -0.9996984 -0 -0.02455965 -0.9972821 -0 -0.07367702 -0.9972821 -0 -0.07367702 -0.9924701 -0 -0.1224874 -0.9924701 -0 -0.1224874 -0.9853262 -0 -0.1706818 -0.9853262 -0 -0.1706818 -0.9756871 -0 -0.2191682 -0.9756871 -0 -0.2191682 -0.963771 -0 -0.2667308 -0.963771 -0 -0.2667308 -0.949529 -0 -0.3136793 -0.949529 -0 -0.3136793 -0.9329575 -0 -0.3599866 -0.9329575 -0 -0.3599866 -0.9142693 -0 -0.405107 -0.9142693 -0 -0.405107 -0.8931335 -0 -0.4497918 -0.8931335 -0 -0.4497918 -0.87015 -0 -0.492787 -0.87015 -0 -0.492787 -0.8448419 -0 -0.535016 -0.8448419 -0 -0.535016 -0.8176093 -0 -0.5757735 -0.8176093 -0 -0.5757735 -0.7883489 -0 -0.6152284 -0.7883489 -0 -0.6152284 -0.7572148 -0 -0.653166 -0.7572148 -0 -0.653166 -0.7242451 -0 -0.6895426 -0.7242451 -0 -0.6895426 -0.6894946 -0 -0.7242908 -0.6531179 0 -0.7572562 -0.6894946 -0 -0.7242908 -0.6531179 -0 -0.7572562 -0.6153604 -0 -0.7882459 -0.6153604 -0 -0.7882459 -0.5757942 -0 -0.8175947 -0.5757942 -0 -0.8175947 -0.5349495 -0 -0.844884 -0.5349495 -0 -0.844884 -0.4496369 0 -0.8932114 -0.492864 -0 -0.8701063 -0.492864 -0 -0.8701063 -0.4496369 -0 -0.8932114 -0.4052009 -0 -0.9142277 -0.4052009 -0 -0.9142277 -0.3599151 -0 -0.9329851 -0.3599151 -0 -0.9329851 -0.3137083 -0 -0.9495194 -0.3137083 -0 -0.9495194 -0.219061 0 -0.9757112 -0.2667277 -0 -0.9637719 -0.2667277 -0 -0.9637719 -0.219061 -0 -0.9757112 -0.1709812 -0 -0.9852743 -0.1709812 -0 -0.9852743 -0.1223896 -0 -0.9924822 -0.1223896 -0 -0.9924822 -0.07358389 -0 -0.9972891 -0.07358389 -0 -0.9972891 -0.02453785 -0 -0.9996989 -0.02453785 -0 -0.9996989 0 1 0 0 1 0 0 1 0 0 1 0 0 1 0 0 1 0 0 1 0 0 1 0 0 1 0 0 1 0 0 1 0 0 1 0 0 1 0 0 1 0 0 1 0 0 1 0 0 1 0 0 1 0 0 1 0 0 1 0 0 1 0 0 1 0 0 1 0 0 1 0 0 1 0 0 1 0 0 1 0 0 1 0 0 1 0 0 1 0 0 1 0 0 1 0 -0 1 0 0 1 0 -1 0 -0 -1 0 0 0 -1 0 0 -1 0 0 -1 0 0 -1 0 0 -1 0 0 -1 0 0 -1 0 0 -1 0 0 -1 0 0 -1 0 0 -1 0 0 -1 0 0 -1 0 0 -1 0 0 -1 0 0 -1 0 0 -1 0 0 -1 0 0 -1 0 0 -1 0 0 -1 0 0 -1 0 0 -1 0 0 -1 0 0 -1 0 0 -1 0 0 -1 0 0 -1 0 0 -1 0 0 -1 0 0 -1 0 0 -1 0 0 -1 0 0 -1 -0 -0.9996984 -1.171096e-08 -0.02455965 -0.9972821 -3.49837e-08 -0.07367702 -0.9996984 -1.171096e-08 -0.02455965 -0.9924701 -5.8703e-08 -0.1224874 -0.9972821 -3.513194e-08 -0.07367702 -0.9853262 -8.183218e-08 -0.1706818 -0.9924701 -5.840652e-08 -0.1224874 -0.9756871 -1.043593e-07 -0.2191682 -0.9853262 -8.138744e-08 -0.1706818 -0.963771 -1.268907e-07 -0.2667308 -0.9756871 -1.045075e-07 -0.2191682 -0.949529 -1.494257e-07 -0.3136793 -0.963771 -1.271872e-07 -0.2667308 -0.9329575 -1.719515e-07 -0.3599866 -0.949529 -1.49574e-07 -0.3136793 -0.9329575 -1.71655e-07 -0.3599866 -0.9142693 -1.933183e-07 -0.405107 -0.9142693 -1.931701e-07 -0.405107 -0.8931335 -2.146257e-07 -0.4497918 -0.8931335 -2.144774e-07 -0.4497918 -0.87015 -2.348309e-07 -0.492787 -0.87015 -2.349792e-07 -0.492787 -0.8448419 -2.561532e-07 -0.535016 -0.8448419 -2.551155e-07 -0.535016 -0.8176093 -2.751432e-07 -0.5757735 -0.8176093 -2.745502e-07 -0.5757735 -0.7883489 -2.94105e-07 -0.6152284 -0.7883489 -2.933638e-07 -0.6152284 -0.7572148 -3.107126e-07 -0.653166 -0.7572148 -3.114538e-07 -0.653166 -0.7242451 -3.287995e-07 -0.6895426 -0.7242451 -3.287995e-07 -0.6895426 -0.6894946 -3.453688e-07 -0.7242908 -0.6894946 -3.453688e-07 -0.7242908 -0.6531179 -3.610879e-07 -0.7572562 -0.6531179 -3.610879e-07 -0.7572562 -0.6153604 -3.758649e-07 -0.7882459 -0.6153604 -3.758649e-07 -0.7882459 -0.5757942 -3.898595e-07 -0.8175947 -0.5757942 -3.898595e-07 -0.8175947 -0.5349495 -4.028721e-07 -0.844884 -0.5349495 -4.028721e-07 -0.844884 -0.4928714 -0 -0.8701022 -0.4928787 -4.148951e-07 -0.8700981 -0.4496369 -0 -0.8932114 -0.4496369 -0 -0.8932114 -0.4052009 -0 -0.9142277 -0.4052009 -0 -0.9142277 -0.3599151 -0 -0.9329851 -0.3599151 -0 -0.9329851 -0.3137083 -0 -0.9495194 -0.3137083 -0 -0.9495194 -0.2667277 -0 -0.9637719 -0.2667277 -0 -0.9637719 -0.219061 -0 -0.9757112 -0.219061 -0 -0.9757112 -0.1709812 -0 -0.9852743 -0.1709812 -0 -0.9852743 -0.1223896 -0 -0.9924822 -0.1223896 -0 -0.9924822 -0.07358389 -0 -0.9972891 -0.07358389 -0 -0.9972891 -0.02453785 -0 -0.9996989 -0.02453785 -0 -0.9996989 0 1 0 -0 1 0 0 1 0 -0 1 -0 -0 1 -0 -0 1 -0 0 1 0 0 1 0 0 1 0 0 1 0 0 1 0 0 1 0 0 1 0 0 1 0 0 1 0 -0 1 -0 -0 1 -0 -0 1 -0 0 1 0 0 1 0 0 1 0 -0 1 -0 -0 1 -0 -0 1 -0 0 1 0 0 1 0 -0 1 -0 -0 1 -0 -0 1 -0 -0 1 -0 0 1 0 0 1 0 0 1 0 0 1 0 -1 0 -0 -1 0 0 0 -1 -0 0 -1 0 0 -1 0 0 -1 0 0 -1 0 0 -1 0 0 -1 0 0 -1 0 0 -1 0 0 -1 0 0 -1 0 0 -1 0 0 -1 0 0 -1 0 0 -1 0 0 -1 0 0 -1 0 0 -1 0 0 -1 0 0 -1 0 0 -1 0 0 -1 0 0 -1 0 0 -1 0 0 -1 0 0 -1 0 0 -1 0 0 -1 0 0 -1 0 0 -1 0 0 -1 0 0 -1 0 0 -1 0 0 -1 0 -0.9996984 -0 -0.02455965 -0.9996984 -0 -0.02455965 -0.9972821 -0 -0.07367702 -0.9972821 -0 -0.07367702 -0.9924701 -0 -0.1224874 -0.9924701 -0 -0.1224874 -0.9853262 -0 -0.1706818 -0.9853262 -0 -0.1706818 -0.9756871 -0 -0.2191682 -0.9756871 -0 -0.2191682 -0.963771 -0 -0.2667308 -0.963771 -0 -0.2667308 -0.949529 -0 -0.3136793 -0.949529 -0 -0.3136793 -0.9329575 -0 -0.3599866 -0.9142693 0 -0.405107 -0.9329575 -0 -0.3599866 -0.9142693 -0 -0.405107 -0.8931335 -0 -0.4497918 -0.8931335 -0 -0.4497918 -0.87015 -0 -0.492787 -0.87015 -0 -0.492787 -0.8448419 -0 -0.535016 -0.8448419 -0 -0.535016 -0.8176093 -0 -0.5757735 -0.8176093 -0 -0.5757735 -0.7883489 -0 -0.6152284 -0.7883489 -0 -0.6152284 -0.7572148 -0 -0.653166 -0.7572148 -0 -0.653166 -0.7242451 -0 -0.6895426 -0.7242451 -0 -0.6895426 -0.6894946 -0 -0.7242908 -0.6894946 -0 -0.7242908 -0.6531179 -0 -0.7572562 -0.6531179 -0 -0.7572562 -0.6153604 -0 -0.7882459 -0.6153604 -0 -0.7882459 -0.5757942 -0 -0.8175947 -0.5757942 -0 -0.8175947 -0.5349495 -0 -0.844884 -0.5349495 -0 -0.844884 -0.4928714 -0 -0.8701022 -0.4928714 -0 -0.8701022 -0.4496369 -0 -0.8932114 -0.4496369 -0 -0.8932114 -0.4052009 -0 -0.9142277 -0.4052009 -0 -0.9142277 -0.3599151 -0 -0.9329851 -0.3599151 -0 -0.9329851 -0.3137083 -0 -0.9495194 -0.2667277 0 -0.9637719 -0.3137083 -0 -0.9495194 -0.2667277 -0 -0.9637719 -0.219061 -0 -0.9757112 -0.219061 -0 -0.9757112 -0.1709812 -0 -0.9852743 -0.1709812 -0 -0.9852743 -0.1223896 -0 -0.9924822 -0.07358389 0 -0.9972891 -0.1223896 -0 -0.9924822 -0.07358389 -0 -0.9972891 -0.02453785 -0 -0.9996989 -0.02453785 -0 -0.9996989 0 1 0 -0 1 0 0 1 0 -0 1 -0 -0 1 -0 -0 1 -0 0 1 0 0 1 0 0 1 0 0 1 0 0 1 0 0 1 0 0 1 0 0 1 0 0 1 0 -0 1 -0 -0 1 -0 -0 1 -0 0 1 0 0 1 0 0 1 0 -0 1 -0 -0 1 -0 -0 1 -0 0 1 0 0 1 0 -0 1 -0 -0 1 -0 -0 1 -0 -0 1 -0 0 1 0 0 1 0 0 1 0 0 1 0 -1 0 -0 -1 0 0 0 -1 0 0 -1 0 0 -1 0 0 -1 0 0 -1 0 0 -1 0 0 -1 0 0 -1 0 0 -1 0 0 -1 0 0 -1 0 0 -1 0 0 -1 0 0 -1 0 0 -1 0 0 -1 0 0 -1 0 0 -1 0 0 -1 0 0 -1 0 0 -1 0 0 -1 0 0 -1 0 0 -1 0 0 -1 0 0 -1 0 0 -1 0 0 -1 0 0 -1 0 0 -1 0 0 -1 0 0 -1 0 0 -1 0 0 -1 -0 -0.9996984 0 -0.02455965 -0.9972821 0 -0.07367702 -0.9996984 -0 -0.02455965 -0.9924701 0 -0.1224874 -0.9972821 -0 -0.07367702 -0.9853262 0 -0.1706818 -0.9924701 -0 -0.1224874 -0.9756871 0 -0.2191682 -0.9853262 -0 -0.1706818 -0.963771 0 -0.2667308 -0.9756871 -0 -0.2191682 -0.949529 0 -0.3136793 -0.963771 -0 -0.2667308 -0.9329575 0 -0.3599866 -0.949529 -0 -0.3136793 -0.9329575 -0 -0.3599866 -0.9142693 0 -0.405107 -0.9142693 -0 -0.405107 -0.8931335 0 -0.4497918 -0.8931335 -0 -0.4497918 -0.87015 0 -0.492787 -0.87015 -0 -0.492787 -0.8448419 0 -0.535016 -0.8448419 -0 -0.535016 -0.8176093 0 -0.5757735 -0.8176093 -0 -0.5757735 -0.7883489 0 -0.6152284 -0.7883489 -0 -0.6152284 -0.7572148 0 -0.653166 -0.7572148 -0 -0.653166 -0.7242451 -0 -0.6895426 -0.7242451 -0 -0.6895426 -0.6894946 -0 -0.7242908 -0.6894946 -0 -0.7242908 -0.6531179 -0 -0.7572562 -0.6531179 -0 -0.7572562 -0.6153604 -0 -0.7882459 -0.6153604 -0 -0.7882459 -0.5757942 -0 -0.8175947 -0.5757942 -0 -0.8175947 -0.5349495 -0 -0.844884 -0.5349495 -0 -0.844884 -0.492864 -0 -0.8701063 -0.492864 -0 -0.8701063 -0.4496369 -0 -0.8932114 -0.4496369 -0 -0.8932114 -0.4052009 -0 -0.9142277 -0.4052009 -0 -0.9142277 -0.359932 -8.897577e-07 -0.9329786 -0.3599151 -0 -0.9329851 -0.3137083 -9.055323e-07 -0.9495194 -0.3137083 -9.055323e-07 -0.9495194 -0.2667097 -0 -0.9637768 -0.2667277 -9.191245e-07 -0.9637719 -0.219061 -0 -0.9757112 -0.219061 -0 -0.9757112 -0.171 -9.396277e-07 -0.985271 -0.1709812 -0 -0.9852743 -0.1223896 -9.465048e-07 -0.9924822 -0.1223896 -9.465048e-07 -0.9924822 -0.07358389 -9.51089e-07 -0.9972891 -0.07358389 -9.51089e-07 -0.9972891 -0.02453785 -9.533872e-07 -0.9996989 -0.02451844 -0 -0.9996994 0 1 0 -0 1 0 0 1 0 -0 1 -0 -0 1 -0 -0 1 -0 0 1 0 0 1 0 0 1 0 0 1 0 0 1 0 0 1 0 0 1 0 0 1 0 0 1 0 -0 1 -0 -0 1 -0 -0 1 -0 0 1 0 0 1 0 0 1 0 -0 1 -0 -0 1 -0 -0 1 -0 0 1 0 0 1 0 -0 1 -0 -0 1 -0 -0 1 -0 -0 1 -0 0 1 0 0 1 0 0 1 0 0 1 0 -1 0 -0 -1 0 0 0 -1 -0 0 -1 0 0 -1 0 0 -1 0 0 -1 0 0 -1 0 0 -1 0 0 -1 0 0 -1 0 0 -1 0 0 -1 0 0 -1 0 0 -1 0 0 -1 0 0 -1 0 0 -1 0 0 -1 0 0 -1 0 0 -1 0 0 -1 0 0 -1 0 0 -1 0 0 -1 0 0 -1 0 0 -1 0 0 -1 0 0 -1 0 0 -1 0 0 -1 0 0 -1 0 0 -1 0 0 -1 0 0 -1 0 0 -1 0 -0.9996984 -1.171096e-08 -0.02455965 -0.9996984 -1.171096e-08 -0.02455965 -0.9972821 -3.513194e-08 -0.07367702 -0.9972821 -3.513194e-08 -0.07367702 -0.9924701 -5.840652e-08 -0.1224874 -0.9924701 -5.840652e-08 -0.1224874 -0.9853262 -8.138744e-08 -0.1706818 -0.9853262 -8.138744e-08 -0.1706818 -0.9756871 -1.045075e-07 -0.2191682 -0.9756871 -1.045075e-07 -0.2191682 -0.963771 -1.271872e-07 -0.2667308 -0.963771 -1.271872e-07 -0.2667308 -0.949529 -1.49574e-07 -0.3136793 -0.949529 -1.49574e-07 -0.3136793 -0.9329575 -1.71655e-07 -0.3599866 -0.9329575 -1.71655e-07 -0.3599866 -0.9142693 -1.931701e-07 -0.405107 -0.9142693 -1.931701e-07 -0.405107 -0.8931335 -2.144774e-07 -0.4497918 -0.8931335 -2.144774e-07 -0.4497918 -0.87015 -2.349792e-07 -0.492787 -0.87015 -2.349792e-07 -0.492787 -0.8448419 -2.551155e-07 -0.535016 -0.8448419 -2.551155e-07 -0.535016 -0.8176093 -2.745502e-07 -0.5757735 -0.8176093 -2.745502e-07 -0.5757735 -0.7883489 -2.933638e-07 -0.6152284 -0.7883489 -2.933638e-07 -0.6152284 -0.7572148 -3.114538e-07 -0.653166 -0.7572148 -3.114538e-07 -0.653166 -0.7242451 -3.287995e-07 -0.6895426 -0.7242451 -3.287995e-07 -0.6895426 -0.6894946 -3.453688e-07 -0.7242908 -0.6531179 -3.60495e-07 -0.7572562 -0.6894946 -3.453688e-07 -0.7242908 -0.6531179 -3.610879e-07 -0.7572562 -0.5757942 -3.913419e-07 -0.8175947 -0.6153604 -3.758649e-07 -0.7882459 -0.6153604 -3.758649e-07 -0.7882459 -0.5757942 -3.898595e-07 -0.8175947 -0.5349495 -4.031685e-07 -0.844884 -0.5349495 -4.028721e-07 -0.844884 -0.4496369 0 -0.8932114 -0.4928714 -0 -0.8701022 -0.4928787 -4.148951e-07 -0.8700981 -0.4052009 0 -0.9142277 -0.4496369 -0 -0.8932114 -0.3599151 0 -0.9329851 -0.4052009 -0 -0.9142277 -0.3599151 -0 -0.9329851 -0.3137083 -0 -0.9495194 -0.3137083 -0 -0.9495194 -0.219061 0 -0.9757112 -0.2667277 -0 -0.9637719 -0.2667277 -0 -0.9637719 -0.219061 -0 -0.9757112 -0.1223896 0 -0.9924822 -0.1709812 -0 -0.9852743 -0.1709812 -0 -0.9852743 -0.1223896 -0 -0.9924822 -0.02453785 0 -0.9996989 -0.07358389 -0 -0.9972891 -0.07358389 -0 -0.9972891 -0.02453785 -0 -0.9996989 0 1 0 0 1 0 0 1 0 0 1 0 0 1 0 0 1 0 0 1 0 0 1 0 0 1 0 0 1 0 0 1 0 0 1 0 0 1 0 0 1 0 0 1 0 0 1 0 0 1 0 0 1 0 0 1 0 0 1 0 0 1 0 0 1 0 0 1 0 0 1 0 0 1 0 0 1 0 0 1 0 0 1 0 0 1 0 0 1 0 0 1 0 0 1 0 -0 1 0 0 1 0 -1 0 -0 -1 0 0 0 -1 -0 0 -1 0 0 -1 0 0 -1 0 0 -1 0 0 -1 0 0 -1 0 0 -1 0 0 -1 0 0 -1 0 0 -1 0 0 -1 0 0 -1 0 0 -1 0 0 -1 0 0 -1 0 0 -1 0 0 -1 0 0 -1 0 0 -1 0 0 -1 0 0 -1 0 0 -1 0 0 -1 0 0 -1 0 0 -1 0 0 -1 0 0 -1 0 0 -1 0 0 -1 0 0 -1 0 0 -1 0 0 -1 0 0 -1 0 0 0 -1 0 0 -1 0 0 -1 0 0 -1 -0 -4.768372e-07 -1 0 -4.768372e-07 -1 -0 -4.768372e-07 -1 0 -4.768372e-07 -1 0 0 -1 0 0 -1 0 0 -1 0 0 -1 0 1 0 0 1 0 0 1 0 0 1 0 0 1 0 0 1 0 0 1 0 0 1 0 0 1 0 0 1 0 0 1 0 0 1 0 0 1 0 0 1 0 0 1 0 0 1 0 0 1 0 0 1 0 0 1 0 0 1 0 0 1 0 0 1 0 0 1 0 0 1 0 0 1 0 0 1 0 0 1 0 0 1 0 0 1 0 0 1 0 0 1 0 0 1 0 0 1 0 0 1 0 0 1 0 0 1 0 0 1 0 0 1 0 0 1 0 0 1 0 0 1 0 0 1 0 0 1 0 0 1 0 0 1 0 0 1 0 0 1 0 0 1 0 0 1 0 0 1 0 0 1 0 0 1 0 0 1 0 0 1 0 0 1 0 0 1 0 0 1 0 0 1 0 0 1 0 0 1 0 0 1 0 0 1 0 0 1 0 0 1 -0 0 1 -0 0 1 -0 0 1 -0 0 1 -0 0 1 -0 0 1 0 0 1 0 0 1 0 0 1 0 0 1 0 0 1 0 0 1 0 0 1 0 0 1 0 0 1 0 0 1 0 0 1 0 0 1 0 0 1 0 0 1 0 0 1 0 0 1 0 0 1 0 0 1 0 0.9996886 0 -0.02495243 0.9971943 -2.244931e-08 -0.07485642 0.9996887 -7.482715e-09 -0.02495084 0.9921875 -3.741394e-08 -0.1247554 0.9971943 -2.244931e-08 -0.07485642 0.9847637 -5.215168e-08 -0.1738979 0.9921875 -3.741394e-08 -0.1247554 0.9748664 -6.681442e-08 -0.2227903 0.9847637 -5.215168e-08 -0.1738979 0.9625311 -8.132383e-08 -0.2711714 0.9748664 -6.681442e-08 -0.2227903 0.9477499 -9.574819e-08 -0.3190143 0.9625311 -8.132383e-08 -0.2711714 0.930664 0 -0.3658749 0.9477435 0 -0.3190335 0.9111995 0 -0.4119653 0.930664 0 -0.3658749 0.8894727 -1.369737e-07 -0.4569885 0.9112104 -1.235405e-07 -0.4119414 0.8656775 0 -0.5006021 0.8894594 0 -0.4570143 0.8656775 0 -0.5006021 0.8395138 0 -0.5433384 0.8395138 0 -0.5433384 0.8113266 0 -0.5845931 0.8113484 -1.753094e-07 -0.5845629 0.7811916 -1.872239e-07 -0.6242913 0.7811669 0 -0.6243224 0.7490367 0 -0.6625286 0.7490367 0 -0.6625286 0.7149869 0 -0.6991379 0.7149869 0 -0.6991379 0.6791415 0 -0.7340074 0.6791757 -2.20118e-07 -0.7339757 0.6417234 -2.300028e-07 -0.7669362 0.6417234 -2.300028e-07 -0.7669362 0.6026854 -2.393125e-07 -0.7979789 0.6026449 0 -0.7980095 0.5619932 0 -0.8271419 0.5619496 -2.480673e-07 -0.8271715 0.5200076 -2.560853e-07 -0.8541616 0.5200075 -2.561616e-07 -0.8541616 0.476808 -2.636128e-07 -0.8790075 0.476808 -2.636128e-07 -0.8790075 0.4322323 -2.704369e-07 -0.9017623 0.3866935 0 -0.9222082 0.4321806 0 -0.901787 0.3866935 0 -0.9222082 0.3386744 0 -0.9409036 0.3386744 0 -0.9409036 0 -1 0 0 -1 -0 0 -1 0 0 -1 -0 0 -1 0 0 -1 -0 0 -1 -0 0 -1 0 0 -1 0 0 -1 -0 0 -1 -0 0 -1 -0 0 -1 0 0 -1 0 -0 -1 -0 -0 -1 -0 -0 -1 -0 -0 -1 -0 -0 -1 -0 -0 -1 -0 -0 -1 -0 -0 -1 -0 -0 -1 -0 -0 -1 -0 -0 -1 -0 -0 -1 -0 -0 -1 -0 -0 -1 -0 -0 -1 -0 -0 -1 -0 -0 -1 -0 -0 -1 -0 -0 -1 -0 -0 -1 -0 -0 -1 -0 -0 -1 -0 -0 -1 -0 -0 -1 -0 0 -1 -0 0 -1 -0 0 -1 -0 0 -1 -0 0 -1 -0 0 -1 -0 0 -1 -0 0 -1 -0 0 -1 -0 0 -1 -0 0 -1 -0 -0 -1 -0 -0 -1 -0 -0 -1 -0 -0 -1 -0 -0 -1 -0 -0 -1 -0 -0 -1 -0 0 -1 -0 -0 -1 -0 0 -1 -0 0 -1 -0 0 -1 -0 0 -1 -0 0 -1 -0 -0 -1 0 -0 -1 0 -0 -1 0 -0 -1 0 -0 -1 0 -0 -1 0 -0 -1 0 0 -1 0 0 -1 0 0 -1 0 0 -1 0 0 -1 0 0 -1 0 0 -1 0 0 -1 0 0 -1 0 0 -1 0 0 -1 0 0 -1 0 0 -1 0 0 -1 0 0 -1 0 0 -1 0 0 -1 0 0 -1 0 -0.1149123 0 0.9933757 -0.1149123 0 0.9933757 -0.07473203 2.990596e-07 0.9972037 -0.07473013 0 0.9972038 -0.04064103 2.996505e-07 0.9991738 -0.04064103 2.996505e-07 0.9991738 -0.02141771 2.998295e-07 0.9997706 -0.07777347 2.987493e-07 0.9969711 -0.02141771 2.998295e-07 0.9997706 -0.07777346 2.989899e-07 0.9969711 -0.1264556 2.974908e-07 0.9919723 -0.1264537 0 0.9919725 -0.1741304 2.953166e-07 0.9847226 -0.1741282 0 0.984723 -0.2198225 2.925628e-07 0.9755399 -0.2198225 2.925628e-07 0.9755399 -0.2597117 2.877651e-07 0.9656862 -0.2597117 2.896076e-07 0.9656862 -0.3002909 2.860573e-07 0.9538476 -0.3002909 2.860573e-07 0.9538476 -0.3453904 2.816578e-07 0.9384591 -0.3453932 0 0.9384581 -0.3808894 0 0.9246206 -0.3808946 2.772915e-07 0.9246184 -0.4116502 0 0.911342 -0.4116569 2.73309e-07 0.9113389 -0.447552 0 0.8942579 -0.447552 0 0.8942579 -0.4668956 0 0.8843125 -0.4668912 2.652045e-07 0.8843148 -0.4297403 2.707939e-07 0.9029526 -0.3974277 2.752298e-07 0.9176335 -0.4297403 2.707939e-07 0.9029526 -0.397451 0 0.9176234 -0.3597162 2.798236e-07 0.9330617 -0.3156645 2.844171e-07 0.9488709 -0.3596941 0 0.9330703 -0.3156645 2.845647e-07 0.9488709 -0.2704903 2.887189e-07 0.9627227 -0.2704903 2.887189e-07 0.9627227 -0.2277002 2.920204e-07 0.9737313 -0.2276579 0 0.9737412 -0.1855867 0 0.9826279 -0.1855474 2.946906e-07 0.9826353 -0.139991 2.969451e-07 0.9901527 -0.139991 2.969451e-07 0.9901527 -0.09405765 2.985688e-07 0.9955668 -0.09405765 2.985688e-07 0.9955668 -0.04724325 2.995634e-07 0.9988834 -0.04719757 0 0.9988856 0 0 1 -4.658964e-05 2.998983e-07 1 0.04307322 2.9962e-07 0.9990719 0.04307322 2.9962e-07 0.9990719 0.08230457 2.988808e-07 0.9966072 0.08230458 2.988808e-07 0.9966072 0 -1.589457e-07 -1 -0 -1.589457e-07 -1 0 -1.589457e-07 -1 -0 -1.589457e-07 -1 0.1262403 2.97499e-07 0.9919997 0.1262403 2.97499e-07 0.9919997 0.1746039 2.952915e-07 0.9846388 0.1746039 2.952915e-07 0.9846388 0.2226202 2.923724e-07 0.9749053 0.270061 2.88755e-07 0.9628432 0.2226202 2.923724e-07 0.9749053 0.270061 2.88755e-07 0.9628432 0.3168707 2.844442e-07 0.9484687 0.3168707 2.844442e-07 0.9484687 0.3629101 2.794525e-07 0.9318242 0.4080414 2.73874e-07 0.9129634 0.3629101 2.794525e-07 0.9318242 0.4522983 0 0.8918667 0.4079873 -0 0.9129876 0.4522983 -0 0.8918667 0.4952717 -0 0.8687382 0.4952227 2.605415e-07 0.8687661 0.5373588 2.529204e-07 0.8433538 0.537405 -0 0.8433243 0.5778732 -0 0.8161266 0.57783 2.447642e-07 0.8161572 0.6171502 2.359736e-07 0.7868454 0.6171904 -0 0.7868139 0.6547822 0 0.7558176 0.6548193 2.266588e-07 0.7557855 0.6911829 2.167305e-07 0.72268 0.6911489 -0 0.7227124 0.725625 -0 0.6880904 0.725625 -0 0.6880904 0.7584401 0 0.6517429 0.7584676 1.954469e-07 0.6517107 0.7894362 1.840874e-07 0.6138327 0.7894362 1.840874e-07 0.6138327 0.818606 1.723261e-07 0.5743555 0.8185846 -0 0.5743861 0.8456185 0 0.5337877 0.8456185 -0 0.5337877 0.8707575 -0 0.4917127 0.8707418 1.474721e-07 0.4917405 0.8937509 1.346014e-07 0.4485637 0.8937378 -0 0.4485897 0.9146665 1.212217e-07 0.4042093 0.9146771 -0 0.4041853 0.9333473 1.076559e-07 0.3589747 0.9333473 1.076559e-07 0.3589747 0.9498266 9.38013e-08 0.3127771 0.9639742 7.977162e-08 0.2659956 0.9498266 9.380131e-08 0.3127771 0.9639742 7.977162e-08 0.2659956 0.9757912 6.558895e-08 0.218704 0.9757912 6.558895e-08 0.218704 0.9853734 5.110545e-08 0.1704093 0.9925197 3.661288e-08 0.1220843 0.9853734 5.110545e-08 0.1704093 0.9925197 3.661288e-08 0.1220843 0.9973133 2.19689e-08 0.0732545 0.9973133 2.19689e-08 0.0732545 0.9996955 7.400717e-09 0.02467743 0.9996955 7.400717e-09 0.02467743 1 0 0 1 0 0 0 -1.733953e-07 -1 -0 -1.733953e-07 -1 0 1 0 0 1 0 0 1 0 0 1 0 0 1 0 0 1 0 0 1 0 0 1 0 0 1 0 0 1 0 0 1 0 0 1 0 0 1 0 0 1 0 0 1 0 0 1 0 0 1 0 0 1 0 0 1 0 0 1 0 0 1 0 0 1 0 0 1 0 0 1 0 0 1 0 0 1 0 0 1 0 0 1 0 0 1 0 0 1 0 0 1 0 0 1 0 0 1 0 0 1 0 0 1 0 -0 1 0 0 1 0 0 1 0 0 -1 -0 0 -1 0 -0 -1 0 0 -1 0 0 -1 0 0 -1 -0 0 -1 0 0 -1 0 0 -1 0 0 -1 0 0 -1 0 0 -1 0 0 -1 0 0 -1 0 0 -1 0 0 -1 0 0 -1 0 0 -1 0 0 -1 0 0 -1 0 0 -1 0 0 -1 0 0 -1 0 0 -1 0 0 -1 0 0 -1 0 0 -1 0 0 -1 0 0 -1 0 0 -1 0 0 -1 0 0 -1 0 0 -1 0 0 -1 0 0 -1 0 0 -1 0 0 -1 0 0 -1 0</float_array>
          <technique_common>
            <accessor count="1966" source="#cubenormals-array0-array" stride="3">
              <param type="float" name="X" />
              <param type="float" name="Y" />
              <param type="float" name="Z" />
            </accessor>
          </technique_common>
        </source>
        <vertices id="cubeverts-array0-vertices">
          <input semantic="POSITION" source="#cubeverts-array0" />
        </vertices>
        <triangles count="1966" material="ref_RJ45_Male">
          <input offset="0" semantic="VERTEX" source="#cubeverts-array0-vertices" />
          <input offset="1" semantic="NORMAL" source="#cubenormals-array0" />
          <p>734 0 824 0 826 0 826 1 828 1 734 1 734 2 822 2 824 2 828 3 830 3 734 3 734 4 820 4 822 4 830 5 832 5 734 5 734 6 818 6 820 6 832 7 834 7 734 7 734 8 816 8 818 8 834 9 836 9 734 9 734 10 814 10 816 10 836 11 838 11 734 11 734 12 812 12 814 12 838 13 840 13 734 13 734 14 810 14 812 14 840 15 842 15 734 15 734 16 808 16 810 16 842 17 844 17 734 17 734 18 806 18 808 18 844 19 846 19 734 19 734 20 804 20 806 20 846 21 848 21 734 21 734 22 802 22 804 22 848 23 850 23 734 23 734 24 800 24 802 24 850 25 852 25 734 25 734 26 733 26 800 26 852 27 854 27 734 27 854 28 856 28 734 28 856 29 855 29 734 29 855 30 857 30 734 30 849 31 857 31 851 31 851 32 857 32 853 32 853 33 857 33 855 33 849 34 847 34 857 34 847 35 845 35 857 35 845 36 843 36 857 36 843 37 841 37 857 37 841 38 839 38 857 38 839 39 837 39 857 39 837 40 835 40 857 40 835 41 833 41 857 41 833 42 831 42 857 42 831 43 829 43 857 43 829 44 827 44 857 44 827 45 825 45 857 45 825 46 823 46 857 46 823 47 821 47 857 47 821 48 819 48 857 48 819 49 817 49 857 49 817 50 815 50 857 50 815 51 813 51 857 51 732 52 734 52 731 52 733 53 734 53 732 53 797 54 796 54 857 54 798 55 797 55 857 55 799 56 798 56 857 56 801 57 799 57 857 57 803 58 801 58 857 58 805 59 803 59 857 59 807 60 805 60 857 60 809 61 807 61 857 61 811 62 809 62 857 62 813 63 811 63 857 63 731 64 725 64 728 64 734 65 727 65 731 65 731 66 727 66 725 66 923 67 731 67 921 67 925 68 732 68 923 68 923 69 732 69 731 69 927 70 733 70 925 70 925 71 733 71 732 71 929 72 800 72 927 72 927 73 800 73 733 73 931 74 802 74 929 74 929 75 802 75 800 75 933 76 804 76 931 76 931 77 804 77 802 77 935 78 806 78 933 78 933 79 806 79 804 79 937 80 808 80 935 80 935 81 808 81 806 81 939 82 810 82 937 82 937 83 810 83 808 83 941 84 812 84 939 84 939 85 812 85 810 85 943 86 814 86 941 86 941 87 814 87 812 87 945 88 816 88 943 88 943 89 816 89 814 89 945 90 818 90 816 90 947 91 818 91 945 91 947 92 820 92 818 92 949 93 820 93 947 93 949 94 822 94 820 94 951 95 822 95 949 95 951 96 824 96 822 96 953 97 824 97 951 97 953 98 826 98 824 98 955 99 826 99 953 99 955 100 828 100 826 100 957 101 828 101 955 101 957 102 830 102 828 102 959 103 830 103 957 103 959 104 832 104 830 104 961 105 832 105 959 105 963 106 834 106 961 106 961 107 834 107 832 107 963 108 836 108 834 108 965 109 836 109 963 109 967 110 838 110 965 110 965 111 838 111 836 111 969 112 840 112 967 112 967 113 840 113 838 113 971 114 842 114 969 114 969 115 842 115 840 115 973 116 844 116 971 116 971 117 844 117 842 117 975 118 846 118 973 118 973 119 846 119 844 119 977 120 848 120 975 120 975 121 848 121 846 121 979 122 850 122 977 122 977 123 850 123 848 123 981 124 852 124 979 124 979 125 852 125 850 125 983 126 854 126 981 126 981 127 854 127 852 127 984 128 856 128 983 128 983 129 856 129 854 129 982 130 855 130 984 130 984 131 855 131 856 131 980 132 853 132 982 132 982 133 853 133 855 133 978 134 851 134 980 134 980 135 851 135 853 135 976 136 849 136 978 136 978 137 849 137 851 137 976 138 847 138 849 138 974 139 847 139 976 139 974 140 845 140 847 140 972 141 845 141 974 141 972 142 843 142 845 142 970 143 843 143 972 143 970 144 841 144 843 144 968 145 841 145 970 145 966 146 839 146 968 146 968 147 839 147 841 147 966 148 837 148 839 148 964 149 837 149 966 149 962 150 835 150 964 150 964 151 835 151 837 151 960 152 833 152 962 152 962 153 833 153 835 153 958 154 831 154 960 154 960 155 831 155 833 155 956 156 829 156 958 156 958 157 829 157 831 157 954 158 827 158 956 158 956 159 827 159 829 159 952 160 825 160 954 160 954 161 825 161 827 161 950 162 823 162 952 162 952 163 823 163 825 163 948 164 821 164 950 164 950 165 821 165 823 165 946 166 819 166 948 166 948 167 819 167 821 167 944 168 817 168 946 168 946 169 817 169 819 169 942 170 815 170 944 170 944 171 815 171 817 171 940 172 813 172 942 172 942 173 813 173 815 173 938 174 811 174 940 174 940 175 811 175 813 175 936 176 809 176 938 176 938 177 809 177 811 177 934 178 807 178 936 178 936 179 807 179 809 179 932 180 805 180 934 180 934 181 805 181 807 181 930 182 803 182 932 182 932 183 803 183 805 183 930 184 801 184 803 184 928 185 801 185 930 185 926 186 799 186 928 186 928 187 799 187 801 187 924 188 798 188 926 188 926 189 798 189 799 189 924 190 797 190 798 190 922 191 797 191 924 191 922 192 796 192 797 192 920 193 796 193 922 193 920 194 795 194 796 194 918 195 795 195 920 195 918 196 794 196 795 196 916 197 794 197 918 197 916 198 792 198 794 198 914 199 792 199 916 199 914 200 790 200 792 200 912 201 790 201 914 201 912 202 788 202 790 202 910 203 788 203 912 203 910 204 786 204 788 204 908 205 786 205 910 205 908 206 784 206 786 206 906 207 784 207 908 207 906 208 782 208 784 208 904 209 782 209 906 209 904 210 780 210 782 210 902 211 780 211 904 211 902 212 778 212 780 212 900 213 778 213 902 213 900 214 776 214 778 214 898 215 776 215 900 215 898 216 774 216 776 216 896 217 774 217 898 217 896 218 772 218 774 218 894 219 772 219 896 219 894 220 770 220 772 220 892 221 770 221 894 221 892 222 768 222 770 222 890 223 768 223 892 223 890 224 766 224 768 224 888 225 766 225 890 225 888 226 764 226 766 226 886 227 764 227 888 227 884 228 762 228 886 228 886 229 762 229 764 229 884 230 760 230 762 230 882 231 760 231 884 231 880 232 758 232 882 232 882 233 758 233 760 233 878 234 756 234 880 234 880 235 756 235 758 235 876 236 754 236 878 236 878 237 754 237 756 237 874 238 752 238 876 238 876 239 752 239 754 239 874 240 750 240 752 240 872 241 750 241 874 241 872 242 748 242 750 242 870 243 748 243 872 243 870 244 746 244 748 244 868 245 746 245 870 245 868 246 744 246 746 246 866 247 744 247 868 247 866 248 742 248 744 248 864 249 742 249 866 249 864 250 740 250 742 250 862 251 740 251 864 251 862 252 738 252 740 252 860 253 738 253 862 253 860 254 736 254 738 254 858 255 736 255 860 255 858 256 737 256 736 256 859 257 737 257 858 257 859 258 739 258 737 258 861 259 739 259 859 259 861 260 741 260 739 260 863 261 741 261 861 261 863 262 743 262 741 262 865 263 743 263 863 263 865 264 745 264 743 264 867 265 745 265 865 265 867 266 747 266 745 266 869 267 747 267 867 267 869 268 749 268 747 268 871 269 749 269 869 269 871 270 751 270 749 270 873 271 751 271 871 271 873 272 753 272 751 272 875 273 753 273 873 273 875 274 755 274 753 274 877 275 755 275 875 275 877 276 757 276 755 276 879 277 757 277 877 277 881 278 759 278 879 278 879 279 759 279 757 279 883 280 761 280 881 280 881 281 761 281 759 281 885 282 763 282 883 282 883 283 763 283 761 283 887 284 765 284 885 284 885 285 765 285 763 285 889 286 767 286 887 286 887 287 767 287 765 287 891 288 769 288 889 288 889 289 769 289 767 289 891 290 771 290 769 290 893 291 771 291 891 291 893 292 773 292 771 292 895 293 773 293 893 293 895 294 775 294 773 294 897 295 775 295 895 295 897 296 777 296 775 296 899 297 777 297 897 297 899 298 779 298 777 298 901 299 779 299 899 299 901 300 781 300 779 300 903 301 781 301 901 301 903 302 783 302 781 302 905 303 783 303 903 303 905 304 785 304 783 304 907 305 785 305 905 305 907 306 787 306 785 306 909 307 787 307 907 307 909 308 789 308 787 308 911 309 789 309 909 309 911 310 791 310 789 310 913 311 791 311 911 311 913 312 793 312 791 312 915 313 793 313 913 313 915 314 729 314 793 314 917 315 729 315 915 315 917 316 730 316 729 316 919 317 730 317 917 317 921 318 731 318 919 318 919 319 731 319 730 319 796 320 726 320 857 320 735 321 724 321 796 321 796 322 724 322 726 322 734 323 726 323 727 323 857 324 726 324 734 324 728 325 724 325 735 325 728 326 725 326 724 326 729 327 728 327 793 327 793 328 728 328 791 328 791 329 728 329 789 329 789 330 728 330 787 330 787 331 728 331 785 331 785 332 728 332 783 332 783 333 728 333 781 333 781 334 728 334 779 334 779 335 728 335 777 335 777 336 728 336 775 336 775 337 728 337 773 337 773 338 728 338 771 338 771 339 728 339 769 339 769 340 728 340 767 340 767 341 728 341 765 341 765 342 728 342 763 342 763 343 728 343 761 343 761 344 728 344 759 344 759 345 728 345 757 345 757 346 728 346 755 346 755 347 728 347 753 347 753 348 728 348 751 348 751 349 728 349 749 349 749 350 728 350 747 350 747 351 728 351 745 351 728 352 743 352 745 352 728 353 741 353 743 353 728 354 739 354 741 354 728 355 737 355 739 355 737 356 735 356 736 356 736 357 735 357 738 357 728 358 735 358 737 358 738 359 735 359 740 359 740 360 735 360 742 360 742 361 735 361 744 361 744 362 735 362 746 362 746 363 735 363 748 363 748 364 735 364 750 364 750 365 735 365 752 365 752 366 735 366 754 366 754 367 735 367 756 367 756 368 735 368 758 368 758 369 735 369 760 369 760 370 735 370 762 370 762 371 735 371 764 371 764 372 735 372 766 372 766 373 735 373 768 373 768 374 735 374 770 374 770 375 735 375 772 375 772 376 735 376 774 376 774 377 735 377 776 377 776 378 735 378 778 378 795 379 735 379 796 379 794 380 735 380 795 380 792 381 735 381 794 381 790 382 735 382 792 382 788 383 735 383 790 383 786 384 735 384 788 384 784 385 735 385 786 385 782 386 735 386 784 386 780 387 735 387 782 387 778 388 735 388 780 388 730 389 731 389 728 389 729 390 730 390 728 390 947 391 945 391 949 391 957 392 961 392 959 392 955 393 961 393 957 393 953 394 961 394 955 394 961 395 965 395 963 395 941 396 939 396 943 396 961 397 971 397 965 397 967 398 971 398 969 398 965 399 971 399 967 399 939 400 933 400 943 400 943 401 933 401 945 401 937 402 933 402 939 402 935 403 933 403 937 403 945 404 931 404 949 404 933 405 931 405 945 405 951 406 931 406 953 406 949 407 931 407 951 407 971 408 975 408 973 408 979 409 983 409 981 409 977 410 983 410 979 410 929 411 921 411 931 411 927 412 921 412 929 412 925 413 921 413 927 413 923 414 921 414 925 414 919 415 915 415 921 415 917 416 915 416 919 416 982 417 978 417 980 417 984 418 978 418 982 418 983 419 978 419 984 419 913 420 911 420 915 420 978 421 974 421 976 421 915 422 909 422 921 422 911 423 909 423 915 423 974 424 970 424 972 424 907 425 905 425 909 425 974 426 968 426 970 426 978 427 968 427 974 427 903 428 901 428 905 428 899 429 897 429 901 429 964 430 960 430 962 430 905 431 895 431 909 431 901 432 895 432 905 432 897 433 895 433 901 433 964 434 958 434 960 434 966 435 958 435 964 435 895 436 893 436 909 436 978 437 956 437 968 437 966 438 956 438 958 438 968 439 956 439 966 439 977 440 956 440 983 440 975 441 956 441 977 441 971 442 956 442 975 442 983 443 956 443 978 443 893 444 891 444 909 444 887 445 885 445 889 445 952 446 948 446 950 446 954 447 948 447 952 447 956 448 948 448 954 448 885 449 883 449 889 449 883 450 881 450 889 450 948 451 944 451 946 451 889 452 879 452 891 452 881 453 879 453 889 453 879 454 877 454 891 454 877 455 875 455 891 455 942 456 938 456 940 456 909 457 871 457 921 457 873 458 871 458 875 458 875 459 871 459 891 459 953 460 871 460 961 460 891 461 871 461 909 461 931 462 871 462 953 462 921 463 871 463 931 463 936 464 932 464 934 464 938 465 932 465 936 465 944 466 932 466 942 466 956 467 932 467 948 467 948 468 932 468 944 468 942 469 932 469 938 469 867 470 865 470 869 470 865 471 863 471 869 471 869 472 863 472 871 472 863 473 861 473 871 473 928 474 924 474 926 474 924 475 920 475 922 475 930 476 920 476 928 476 932 477 920 477 930 477 928 478 920 478 924 478 859 479 860 479 861 479 858 480 860 480 859 480 860 481 862 481 861 481 920 482 916 482 918 482 864 483 868 483 862 483 866 484 868 484 864 484 862 485 868 485 861 485 920 486 910 486 916 486 914 487 910 487 912 487 916 488 910 488 914 488 861 489 870 489 871 489 868 490 870 490 861 490 961 491 870 491 971 491 871 492 870 492 961 492 872 493 874 493 870 493 874 494 876 494 870 494 906 495 902 495 904 495 908 496 902 496 906 496 910 497 902 497 908 497 876 498 878 498 870 498 910 499 900 499 902 499 920 500 900 500 910 500 880 501 882 501 878 501 878 502 882 502 870 502 882 503 884 503 870 503 898 504 894 504 896 504 898 505 892 505 894 505 886 506 888 506 884 506 932 507 888 507 920 507 971 508 888 508 956 508 870 509 888 509 971 509 884 510 888 510 870 510 956 511 888 511 932 511 900 512 890 512 898 512 898 513 890 513 892 513 888 514 890 514 920 514 920 515 890 515 900 515 727 516 492 516 725 516 727 517 489 517 492 517 489 518 487 518 492 518 492 519 490 519 725 519 485 520 483 520 490 520 490 521 483 521 725 521 573 522 574 522 572 522 575 523 574 523 573 523 468 524 469 524 496 524 528 525 468 525 496 525 470 526 471 526 500 526 498 527 470 527 500 527 472 528 473 528 504 528 502 529 472 529 504 529 474 530 475 530 508 530 506 531 474 531 508 531 476 532 477 532 512 532 510 533 476 533 512 533 478 534 479 534 516 534 514 535 478 535 516 535 544 536 560 536 573 536 528 537 540 537 573 537 468 538 528 538 573 538 540 539 544 539 573 539 480 540 481 540 518 540 518 541 481 541 530 541 573 542 560 542 562 542 562 543 546 543 575 543 573 544 562 544 575 544 530 545 481 545 575 545 542 546 530 546 575 546 546 547 542 547 575 547 544 548 540 548 542 548 546 549 544 549 542 549 518 550 530 550 528 550 516 551 518 551 528 551 514 552 516 552 528 552 512 553 514 553 528 553 510 554 512 554 528 554 508 555 510 555 528 555 506 556 508 556 528 556 504 557 506 557 528 557 502 558 504 558 528 558 500 559 502 559 528 559 498 560 500 560 528 560 496 561 498 561 528 561 32 562 46 562 29 562 47 563 46 563 32 563 61 564 60 564 47 564 75 565 60 565 61 565 47 566 60 566 46 566 75 567 74 567 60 567 89 568 88 568 75 568 75 569 88 569 74 569 103 570 102 570 89 570 89 571 102 571 88 571 117 572 116 572 103 572 103 573 116 573 102 573 131 574 130 574 117 574 117 575 130 575 116 575 145 576 144 576 131 576 131 577 144 577 130 577 145 578 158 578 144 578 159 579 158 579 145 579 159 580 172 580 158 580 173 581 172 581 159 581 173 582 186 582 172 582 187 583 186 583 173 583 201 584 186 584 187 584 201 585 200 585 186 585 201 586 214 586 200 586 215 587 214 587 201 587 215 588 228 588 214 588 229 589 228 589 215 589 229 590 242 590 228 590 243 591 242 591 229 591 243 592 256 592 242 592 257 593 256 593 243 593 257 594 270 594 256 594 271 595 270 595 257 595 271 596 284 596 270 596 285 597 284 597 271 597 285 598 298 598 284 598 299 599 298 599 285 599 299 600 312 600 298 600 313 601 312 601 299 601 327 602 326 602 313 602 313 603 326 603 312 603 327 604 340 604 326 604 341 605 340 605 327 605 355 606 354 606 341 606 341 607 354 607 340 607 369 608 368 608 355 608 355 609 368 609 354 609 383 610 382 610 369 610 369 611 382 611 368 611 397 612 396 612 383 612 383 613 396 613 382 613 411 614 410 614 397 614 397 615 410 615 396 615 425 616 424 616 411 616 411 617 424 617 410 617 439 618 438 618 425 618 425 619 438 619 424 619 453 620 452 620 439 620 439 621 452 621 438 621 467 622 466 622 453 622 453 623 466 623 452 623 467 624 480 624 466 624 481 625 480 625 467 625 5 626 8 626 4 626 6 627 8 627 5 627 6 628 10 628 8 628 6 629 12 629 10 629 6 630 14 630 12 630 8 631 7 631 4 631 6 632 16 632 14 632 6 633 18 633 16 633 10 634 11 634 9 634 12 635 11 635 10 635 6 636 20 636 18 636 6 637 31 637 20 637 31 638 22 638 20 638 14 639 15 639 13 639 16 640 15 640 14 640 31 641 24 641 22 641 20 642 17 642 18 642 31 643 26 643 24 643 20 644 19 644 17 644 31 645 28 645 26 645 24 646 21 646 22 646 33 647 30 647 31 647 31 648 30 648 28 648 24 649 23 649 21 649 26 650 27 650 25 650 28 651 27 651 26 651 30 652 32 652 29 652 33 653 32 653 30 653 486 654 488 654 33 654 31 655 486 655 33 655 520 656 490 656 522 656 490 657 524 657 522 657 524 658 492 658 526 658 490 659 492 659 524 659 1 660 0 660 6 660 1 661 6 661 485 661 485 662 6 662 484 662 1 663 485 663 491 663 491 664 485 664 490 664 491 665 490 665 494 665 521 666 494 666 520 666 494 667 490 667 520 667 483 668 485 668 482 668 485 669 484 669 482 669 527 670 526 670 495 670 493 671 495 671 492 671 495 672 526 672 492 672 493 673 492 673 487 673 493 674 487 674 3 674 487 675 486 675 31 675 3 676 487 676 31 676 3 677 31 677 2 677 487 678 488 678 486 678 489 679 488 679 487 679 7 680 34 680 4 680 35 681 34 681 7 681 49 682 48 682 35 682 35 683 48 683 34 683 63 684 62 684 49 684 49 685 62 685 48 685 77 686 76 686 63 686 63 687 76 687 62 687 91 688 90 688 77 688 77 689 90 689 76 689 105 690 104 690 91 690 91 691 104 691 90 691 119 692 118 692 105 692 105 693 118 693 104 693 133 694 132 694 119 694 119 695 132 695 118 695 133 696 146 696 132 696 147 697 146 697 133 697 147 698 160 698 146 698 161 699 160 699 147 699 161 700 174 700 160 700 175 701 174 701 161 701 189 702 174 702 175 702 189 703 188 703 174 703 189 704 202 704 188 704 203 705 202 705 189 705 203 706 216 706 202 706 217 707 216 707 203 707 217 708 230 708 216 708 231 709 230 709 217 709 231 710 244 710 230 710 245 711 244 711 231 711 245 712 258 712 244 712 259 713 258 713 245 713 259 714 272 714 258 714 273 715 272 715 259 715 287 716 272 716 273 716 287 717 286 717 272 717 287 718 300 718 286 718 301 719 300 719 287 719 315 720 314 720 301 720 301 721 314 721 300 721 329 722 328 722 315 722 315 723 328 723 314 723 343 724 342 724 329 724 329 725 342 725 328 725 357 726 356 726 343 726 343 727 356 727 342 727 371 728 370 728 357 728 357 729 370 729 356 729 385 730 384 730 371 730 371 731 384 731 370 731 399 732 398 732 385 732 385 733 398 733 384 733 413 734 412 734 399 734 399 735 412 735 398 735 427 736 426 736 413 736 413 737 426 737 412 737 441 738 440 738 427 738 427 739 440 739 426 739 455 740 454 740 441 740 441 741 454 741 440 741 455 742 468 742 454 742 469 743 468 743 455 743 482 744 484 744 6 744 5 745 482 745 6 745 527 746 524 746 526 746 525 747 524 747 527 747 566 748 567 748 620 748 552 749 567 749 566 749 620 750 567 750 621 750 552 751 553 751 567 751 548 752 549 752 552 752 552 753 549 753 553 753 536 754 537 754 548 754 548 755 537 755 549 755 522 756 524 756 536 756 536 757 524 757 537 757 523 758 520 758 522 758 521 759 520 759 523 759 521 760 523 760 494 760 525 761 495 761 523 761 523 762 495 762 494 762 525 763 527 763 495 763 491 764 495 764 493 764 494 765 495 765 491 765 1 766 491 766 493 766 1 767 493 767 3 767 1 768 2 768 0 768 3 769 2 769 1 769 0 770 2 770 31 770 6 771 0 771 31 771 545 772 544 772 547 772 547 773 544 773 546 773 561 774 560 774 544 774 545 775 561 775 544 775 563 776 562 776 560 776 561 777 563 777 560 777 547 778 546 778 562 778 563 779 547 779 562 779 529 780 528 780 531 780 531 781 528 781 530 781 541 782 540 782 528 782 529 783 541 783 528 783 543 784 542 784 540 784 541 785 543 785 540 785 531 786 530 786 542 786 543 787 531 787 542 787 497 788 496 788 469 788 8 789 497 789 469 789 8 790 469 790 7 790 35 791 7 791 77 791 49 792 35 792 77 792 63 793 49 793 77 793 469 794 455 794 77 794 7 795 469 795 77 795 427 796 413 796 399 796 441 797 427 797 399 797 455 798 441 798 399 798 77 799 455 799 399 799 77 800 399 800 91 800 385 801 371 801 357 801 399 802 385 802 357 802 105 803 91 803 133 803 119 804 105 804 133 804 133 805 91 805 147 805 357 806 343 806 329 806 399 807 357 807 329 807 399 808 329 808 315 808 161 809 147 809 189 809 175 810 161 810 189 810 147 811 91 811 189 811 399 812 315 812 301 812 399 813 301 813 287 813 189 814 91 814 203 814 203 815 91 815 231 815 217 816 203 816 231 816 231 817 91 817 245 817 273 818 259 818 245 818 287 819 273 819 245 819 91 820 399 820 245 820 399 821 287 821 245 821 499 822 498 822 496 822 497 823 499 823 496 823 78 824 92 824 106 824 64 825 78 825 106 825 50 826 64 826 106 826 36 827 50 827 106 827 9 828 36 828 106 828 9 829 106 829 120 829 134 830 148 830 162 830 120 831 134 831 162 831 120 832 162 832 176 832 176 833 190 833 204 833 218 834 232 834 246 834 204 835 218 835 246 835 176 836 204 836 260 836 204 837 246 837 260 837 260 838 274 838 288 838 260 839 288 839 302 839 176 840 260 840 316 840 260 841 302 841 316 841 316 842 330 842 344 842 316 843 344 843 358 843 386 844 400 844 414 844 372 845 386 845 414 845 358 846 372 846 428 846 372 847 414 847 428 847 316 848 358 848 428 848 316 849 428 849 470 849 442 850 456 850 470 850 428 851 442 851 470 851 10 852 9 852 470 852 9 853 120 853 470 853 120 854 176 854 470 854 176 855 316 855 470 855 10 856 470 856 499 856 499 857 470 857 498 857 11 858 36 858 9 858 37 859 36 859 11 859 51 860 50 860 37 860 37 861 50 861 36 861 65 862 64 862 51 862 51 863 64 863 50 863 79 864 78 864 65 864 65 865 78 865 64 865 93 866 92 866 79 866 79 867 92 867 78 867 107 868 106 868 93 868 93 869 106 869 92 869 121 870 120 870 107 870 107 871 120 871 106 871 121 872 134 872 120 872 135 873 134 873 121 873 135 874 148 874 134 874 149 875 148 875 135 875 149 876 162 876 148 876 163 877 162 877 149 877 163 878 176 878 162 878 177 879 176 879 163 879 177 880 190 880 176 880 191 881 190 881 177 881 191 882 204 882 190 882 205 883 204 883 191 883 205 884 218 884 204 884 219 885 218 885 205 885 219 886 232 886 218 886 233 887 232 887 219 887 233 888 246 888 232 888 247 889 246 889 233 889 247 890 260 890 246 890 275 891 260 891 261 891 261 892 260 892 247 892 275 893 274 893 260 893 289 894 288 894 275 894 275 895 288 895 274 895 303 896 302 896 289 896 289 897 302 897 288 897 303 898 316 898 302 898 317 899 316 899 303 899 345 900 330 900 331 900 331 901 330 901 317 901 317 902 330 902 316 902 345 903 344 903 330 903 359 904 358 904 345 904 345 905 358 905 344 905 373 906 372 906 359 906 359 907 372 907 358 907 387 908 386 908 373 908 373 909 386 909 372 909 415 910 400 910 401 910 401 911 400 911 387 911 387 912 400 912 386 912 415 913 414 913 400 913 429 914 428 914 415 914 415 915 428 915 414 915 443 916 442 916 429 916 429 917 442 917 428 917 457 918 456 918 443 918 443 919 456 919 442 919 471 920 470 920 457 920 457 921 470 921 456 921 79 922 107 922 93 922 65 923 107 923 79 923 51 924 107 924 65 924 37 925 107 925 51 925 11 926 107 926 37 926 11 927 121 927 107 927 135 928 163 928 149 928 121 929 163 929 135 929 121 930 177 930 163 930 177 931 205 931 191 931 219 932 247 932 233 932 205 933 247 933 219 933 177 934 261 934 205 934 205 935 261 935 247 935 261 936 289 936 275 936 261 937 303 937 289 937 177 938 317 938 261 938 261 939 317 939 303 939 317 940 345 940 331 940 317 941 359 941 345 941 387 942 415 942 401 942 373 943 415 943 387 943 359 944 429 944 373 944 373 945 429 945 415 945 317 946 429 946 359 946 317 947 471 947 429 947 443 948 471 948 457 948 429 949 471 949 443 949 12 950 471 950 11 950 11 951 471 951 121 951 121 952 471 952 177 952 177 953 471 953 317 953 12 954 501 954 471 954 501 955 500 955 471 955 503 956 502 956 500 956 501 957 503 957 500 957 80 958 94 958 108 958 66 959 80 959 108 959 52 960 66 960 108 960 38 961 52 961 108 961 13 962 38 962 108 962 13 963 108 963 122 963 136 964 150 964 164 964 122 965 136 965 164 965 122 966 164 966 178 966 178 967 192 967 206 967 220 968 234 968 248 968 206 969 220 969 248 969 178 970 206 970 262 970 206 971 248 971 262 971 262 972 276 972 290 972 262 973 290 973 304 973 178 974 262 974 318 974 262 975 304 975 318 975 318 976 332 976 346 976 318 977 346 977 360 977 388 978 402 978 416 978 374 979 388 979 416 979 360 980 374 980 430 980 374 981 416 981 430 981 318 982 360 982 430 982 318 983 430 983 472 983 444 984 458 984 472 984 430 985 444 985 472 985 14 986 13 986 472 986 13 987 122 987 472 987 122 988 178 988 472 988 178 989 318 989 472 989 14 990 472 990 503 990 503 991 472 991 502 991 39 992 13 992 15 992 53 993 38 993 39 993 39 994 38 994 13 994 67 995 52 995 53 995 53 996 52 996 38 996 81 997 66 997 67 997 67 998 66 998 52 998 95 999 80 999 81 999 81 1000 80 1000 66 1000 109 1001 94 1001 95 1001 95 1002 94 1002 80 1002 123 1003 108 1003 109 1003 109 1004 108 1004 94 1004 137 1005 122 1005 123 1005 123 1006 122 1006 108 1006 137 1007 136 1007 122 1007 151 1008 136 1008 137 1008 151 1009 150 1009 136 1009 165 1010 150 1010 151 1010 165 1011 164 1011 150 1011 179 1012 164 1012 165 1012 179 1013 178 1013 164 1013 193 1014 178 1014 179 1014 193 1015 192 1015 178 1015 207 1016 192 1016 193 1016 207 1017 206 1017 192 1017 221 1018 206 1018 207 1018 221 1019 220 1019 206 1019 235 1020 220 1020 221 1020 235 1021 234 1021 220 1021 235 1022 248 1022 234 1022 249 1023 248 1023 235 1023 249 1024 262 1024 248 1024 263 1025 262 1025 249 1025 263 1026 276 1026 262 1026 277 1027 276 1027 263 1027 277 1028 290 1028 276 1028 291 1029 290 1029 277 1029 291 1030 304 1030 290 1030 305 1031 304 1031 291 1031 319 1032 318 1032 305 1032 305 1033 318 1033 304 1033 333 1034 332 1034 319 1034 319 1035 332 1035 318 1035 347 1036 346 1036 333 1036 333 1037 346 1037 332 1037 361 1038 360 1038 347 1038 347 1039 360 1039 346 1039 375 1040 374 1040 361 1040 361 1041 374 1041 360 1041 389 1042 388 1042 375 1042 375 1043 388 1043 374 1043 403 1044 402 1044 389 1044 389 1045 402 1045 388 1045 417 1046 416 1046 403 1046 403 1047 416 1047 402 1047 431 1048 430 1048 417 1048 417 1049 430 1049 416 1049 445 1050 444 1050 431 1050 431 1051 444 1051 430 1051 459 1052 458 1052 445 1052 445 1053 458 1053 444 1053 459 1054 472 1054 458 1054 473 1055 472 1055 459 1055 505 1056 504 1056 473 1056 16 1057 505 1057 473 1057 16 1058 473 1058 15 1058 39 1059 15 1059 81 1059 53 1060 39 1060 81 1060 67 1061 53 1061 81 1061 473 1062 459 1062 81 1062 15 1063 473 1063 81 1063 431 1064 417 1064 403 1064 445 1065 431 1065 403 1065 459 1066 445 1066 403 1066 81 1067 459 1067 403 1067 81 1068 403 1068 95 1068 389 1069 375 1069 361 1069 403 1070 389 1070 361 1070 109 1071 95 1071 137 1071 123 1072 109 1072 137 1072 137 1073 95 1073 151 1073 361 1074 347 1074 333 1074 403 1075 361 1075 333 1075 403 1076 333 1076 319 1076 165 1077 151 1077 193 1077 179 1078 165 1078 193 1078 151 1079 95 1079 193 1079 403 1080 319 1080 305 1080 403 1081 305 1081 291 1081 193 1082 95 1082 207 1082 207 1083 95 1083 235 1083 221 1084 207 1084 235 1084 235 1085 95 1085 249 1085 277 1086 263 1086 249 1086 291 1087 277 1087 249 1087 95 1088 403 1088 249 1088 403 1089 291 1089 249 1089 507 1090 506 1090 504 1090 505 1091 507 1091 504 1091 507 1092 474 1092 506 1092 18 1093 474 1093 507 1093 18 1094 17 1094 474 1094 40 1095 446 1095 17 1095 474 1096 446 1096 460 1096 17 1097 446 1097 474 1097 54 1098 68 1098 40 1098 68 1099 82 1099 40 1099 432 1100 404 1100 418 1100 446 1101 404 1101 432 1101 390 1102 362 1102 376 1102 404 1103 362 1103 390 1103 124 1104 138 1104 110 1104 96 1105 152 1105 82 1105 110 1106 152 1106 96 1106 82 1107 152 1107 40 1107 138 1108 152 1108 110 1108 362 1109 334 1109 348 1109 404 1110 334 1110 362 1110 446 1111 320 1111 404 1111 404 1112 320 1112 334 1112 166 1113 194 1113 152 1113 180 1114 194 1114 166 1114 320 1115 292 1115 306 1115 152 1116 208 1116 40 1116 194 1117 208 1117 152 1117 446 1118 278 1118 320 1118 320 1119 278 1119 292 1119 208 1120 222 1120 40 1120 446 1121 264 1121 278 1121 222 1122 264 1122 40 1122 236 1123 264 1123 222 1123 40 1124 264 1124 446 1124 236 1125 250 1125 264 1125 19 1126 40 1126 17 1126 41 1127 40 1127 19 1127 55 1128 54 1128 41 1128 41 1129 54 1129 40 1129 69 1130 68 1130 55 1130 55 1131 68 1131 54 1131 83 1132 82 1132 69 1132 69 1133 82 1133 68 1133 97 1134 96 1134 83 1134 83 1135 96 1135 82 1135 111 1136 110 1136 97 1136 97 1137 110 1137 96 1137 125 1138 124 1138 111 1138 111 1139 124 1139 110 1139 139 1140 138 1140 125 1140 153 1141 138 1141 139 1141 125 1142 138 1142 124 1142 153 1143 152 1143 138 1143 153 1144 166 1144 152 1144 167 1145 166 1145 153 1145 167 1146 180 1146 166 1146 181 1147 180 1147 167 1147 181 1148 194 1148 180 1148 195 1149 194 1149 181 1149 195 1150 208 1150 194 1150 209 1151 208 1151 195 1151 209 1152 222 1152 208 1152 223 1153 222 1153 209 1153 223 1154 236 1154 222 1154 237 1155 236 1155 223 1155 237 1156 250 1156 236 1156 251 1157 250 1157 237 1157 251 1158 264 1158 250 1158 265 1159 264 1159 251 1159 265 1160 278 1160 264 1160 279 1161 278 1161 265 1161 279 1162 292 1162 278 1162 293 1163 292 1163 279 1163 293 1164 306 1164 292 1164 307 1165 306 1165 293 1165 321 1166 320 1166 307 1166 307 1167 320 1167 306 1167 321 1168 334 1168 320 1168 335 1169 334 1169 321 1169 349 1170 348 1170 335 1170 335 1171 348 1171 334 1171 363 1172 362 1172 349 1172 349 1173 362 1173 348 1173 377 1174 376 1174 363 1174 363 1175 376 1175 362 1175 391 1176 390 1176 377 1176 405 1177 390 1177 391 1177 377 1178 390 1178 376 1178 405 1179 404 1179 390 1179 419 1180 418 1180 405 1180 405 1181 418 1181 404 1181 433 1182 432 1182 419 1182 419 1183 432 1183 418 1183 447 1184 446 1184 433 1184 461 1185 446 1185 447 1185 433 1186 446 1186 432 1186 461 1187 460 1187 446 1187 475 1188 474 1188 461 1188 461 1189 474 1189 460 1189 509 1190 508 1190 475 1190 20 1191 509 1191 475 1191 20 1192 475 1192 19 1192 41 1193 19 1193 83 1193 55 1194 41 1194 83 1194 69 1195 55 1195 83 1195 475 1196 461 1196 83 1196 19 1197 475 1197 83 1197 433 1198 419 1198 405 1198 447 1199 433 1199 405 1199 461 1200 447 1200 405 1200 83 1201 461 1201 405 1201 83 1202 405 1202 97 1202 391 1203 377 1203 363 1203 405 1204 391 1204 363 1204 111 1205 97 1205 139 1205 125 1206 111 1206 139 1206 139 1207 97 1207 153 1207 363 1208 349 1208 335 1208 405 1209 363 1209 335 1209 405 1210 335 1210 321 1210 167 1211 153 1211 195 1211 181 1212 167 1212 195 1212 153 1213 97 1213 195 1213 405 1214 321 1214 307 1214 405 1215 307 1215 293 1215 195 1216 97 1216 209 1216 209 1217 97 1217 237 1217 223 1218 209 1218 237 1218 237 1219 97 1219 251 1219 279 1220 265 1220 251 1220 293 1221 279 1221 251 1221 97 1222 405 1222 251 1222 405 1223 293 1223 251 1223 511 1224 510 1224 508 1224 509 1225 511 1225 508 1225 84 1226 98 1226 112 1226 70 1227 84 1227 112 1227 56 1228 70 1228 112 1228 42 1229 56 1229 112 1229 21 1230 42 1230 112 1230 21 1231 112 1231 126 1231 140 1232 154 1232 168 1232 126 1233 140 1233 168 1233 126 1234 168 1234 182 1234 182 1235 196 1235 210 1235 224 1236 238 1236 252 1236 210 1237 224 1237 252 1237 182 1238 210 1238 266 1238 210 1239 252 1239 266 1239 266 1240 280 1240 294 1240 266 1241 294 1241 308 1241 182 1242 266 1242 322 1242 266 1243 308 1243 322 1243 322 1244 336 1244 350 1244 322 1245 350 1245 364 1245 392 1246 406 1246 420 1246 378 1247 392 1247 420 1247 364 1248 378 1248 434 1248 378 1249 420 1249 434 1249 322 1250 364 1250 434 1250 322 1251 434 1251 476 1251 448 1252 462 1252 476 1252 434 1253 448 1253 476 1253 22 1254 21 1254 476 1254 21 1255 126 1255 476 1255 126 1256 182 1256 476 1256 182 1257 322 1257 476 1257 22 1258 476 1258 511 1258 511 1259 476 1259 510 1259 43 1260 21 1260 23 1260 57 1261 42 1261 43 1261 43 1262 42 1262 21 1262 71 1263 56 1263 57 1263 57 1264 56 1264 42 1264 85 1265 70 1265 71 1265 71 1266 70 1266 56 1266 99 1267 84 1267 85 1267 85 1268 84 1268 70 1268 113 1269 98 1269 99 1269 99 1270 98 1270 84 1270 127 1271 112 1271 113 1271 113 1272 112 1272 98 1272 141 1273 126 1273 127 1273 127 1274 126 1274 112 1274 141 1275 140 1275 126 1275 155 1276 140 1276 141 1276 155 1277 154 1277 140 1277 169 1278 154 1278 155 1278 169 1279 168 1279 154 1279 183 1280 168 1280 169 1280 183 1281 182 1281 168 1281 197 1282 182 1282 183 1282 197 1283 196 1283 182 1283 211 1284 196 1284 197 1284 211 1285 210 1285 196 1285 225 1286 210 1286 211 1286 225 1287 224 1287 210 1287 239 1288 224 1288 225 1288 239 1289 238 1289 224 1289 239 1290 252 1290 238 1290 253 1291 252 1291 239 1291 253 1292 266 1292 252 1292 267 1293 266 1293 253 1293 267 1294 280 1294 266 1294 281 1295 280 1295 267 1295 281 1296 294 1296 280 1296 295 1297 294 1297 281 1297 295 1298 308 1298 294 1298 309 1299 308 1299 295 1299 323 1300 322 1300 309 1300 309 1301 322 1301 308 1301 337 1302 336 1302 323 1302 323 1303 336 1303 322 1303 351 1304 350 1304 337 1304 337 1305 350 1305 336 1305 365 1306 364 1306 351 1306 351 1307 364 1307 350 1307 379 1308 378 1308 365 1308 365 1309 378 1309 364 1309 393 1310 392 1310 379 1310 379 1311 392 1311 378 1311 407 1312 406 1312 393 1312 393 1313 406 1313 392 1313 421 1314 420 1314 407 1314 407 1315 420 1315 406 1315 435 1316 434 1316 421 1316 421 1317 434 1317 420 1317 449 1318 448 1318 435 1318 435 1319 448 1319 434 1319 463 1320 462 1320 449 1320 449 1321 462 1321 448 1321 463 1322 476 1322 462 1322 477 1323 476 1323 463 1323 513 1324 512 1324 477 1324 24 1325 513 1325 477 1325 24 1326 477 1326 23 1326 43 1327 23 1327 85 1327 57 1328 43 1328 85 1328 71 1329 57 1329 85 1329 477 1330 463 1330 85 1330 23 1331 477 1331 85 1331 435 1332 421 1332 407 1332 449 1333 435 1333 407 1333 463 1334 449 1334 407 1334 85 1335 463 1335 407 1335 85 1336 407 1336 99 1336 393 1337 379 1337 365 1337 407 1338 393 1338 365 1338 113 1339 99 1339 141 1339 127 1340 113 1340 141 1340 141 1341 99 1341 155 1341 365 1342 351 1342 337 1342 407 1343 365 1343 337 1343 407 1344 337 1344 323 1344 169 1345 155 1345 197 1345 183 1346 169 1346 197 1346 155 1347 99 1347 197 1347 407 1348 323 1348 309 1348 407 1349 309 1349 295 1349 197 1350 99 1350 211 1350 211 1351 99 1351 239 1351 225 1352 211 1352 239 1352 239 1353 99 1353 253 1353 281 1354 267 1354 253 1354 295 1355 281 1355 253 1355 99 1356 407 1356 253 1356 407 1357 295 1357 253 1357 515 1358 514 1358 512 1358 513 1359 515 1359 512 1359 515 1360 478 1360 514 1360 26 1361 478 1361 515 1361 26 1362 25 1362 478 1362 44 1363 450 1363 25 1363 478 1364 450 1364 464 1364 25 1365 450 1365 478 1365 58 1366 72 1366 44 1366 72 1367 86 1367 44 1367 436 1368 408 1368 422 1368 450 1369 408 1369 436 1369 394 1370 366 1370 380 1370 408 1371 366 1371 394 1371 128 1372 142 1372 114 1372 100 1373 156 1373 86 1373 114 1374 156 1374 100 1374 86 1375 156 1375 44 1375 142 1376 156 1376 114 1376 366 1377 338 1377 352 1377 408 1378 338 1378 366 1378 450 1379 324 1379 408 1379 408 1380 324 1380 338 1380 170 1381 198 1381 156 1381 184 1382 198 1382 170 1382 324 1383 296 1383 310 1383 156 1384 212 1384 44 1384 198 1385 212 1385 156 1385 450 1386 282 1386 324 1386 324 1387 282 1387 296 1387 212 1388 226 1388 44 1388 450 1389 268 1389 282 1389 226 1390 268 1390 44 1390 240 1391 268 1391 226 1391 44 1392 268 1392 450 1392 240 1393 254 1393 268 1393 27 1394 44 1394 25 1394 45 1395 44 1395 27 1395 59 1396 58 1396 45 1396 45 1397 58 1397 44 1397 73 1398 72 1398 59 1398 59 1399 72 1399 58 1399 87 1400 86 1400 73 1400 73 1401 86 1401 72 1401 101 1402 100 1402 87 1402 87 1403 100 1403 86 1403 115 1404 114 1404 101 1404 101 1405 114 1405 100 1405 129 1406 128 1406 115 1406 115 1407 128 1407 114 1407 129 1408 142 1408 128 1408 143 1409 142 1409 129 1409 143 1410 156 1410 142 1410 157 1411 156 1411 143 1411 157 1412 170 1412 156 1412 171 1413 170 1413 157 1413 171 1414 184 1414 170 1414 185 1415 184 1415 171 1415 185 1416 198 1416 184 1416 199 1417 198 1417 185 1417 199 1418 212 1418 198 1418 213 1419 212 1419 199 1419 213 1420 226 1420 212 1420 227 1421 226 1421 213 1421 227 1422 240 1422 226 1422 241 1423 240 1423 227 1423 241 1424 254 1424 240 1424 255 1425 254 1425 241 1425 255 1426 268 1426 254 1426 283 1427 268 1427 269 1427 269 1428 268 1428 255 1428 283 1429 282 1429 268 1429 311 1430 296 1430 297 1430 297 1431 296 1431 283 1431 283 1432 296 1432 282 1432 311 1433 310 1433 296 1433 325 1434 310 1434 311 1434 325 1435 324 1435 310 1435 353 1436 338 1436 339 1436 339 1437 338 1437 325 1437 325 1438 338 1438 324 1438 367 1439 352 1439 353 1439 353 1440 352 1440 338 1440 381 1441 366 1441 367 1441 367 1442 366 1442 352 1442 381 1443 380 1443 366 1443 395 1444 394 1444 381 1444 381 1445 394 1445 380 1445 423 1446 408 1446 409 1446 409 1447 408 1447 395 1447 395 1448 408 1448 394 1448 423 1449 422 1449 408 1449 451 1450 436 1450 437 1450 437 1451 436 1451 423 1451 423 1452 436 1452 422 1452 451 1453 450 1453 436 1453 479 1454 464 1454 465 1454 465 1455 464 1455 451 1455 451 1456 464 1456 450 1456 479 1457 478 1457 464 1457 87 1458 115 1458 101 1458 73 1459 115 1459 87 1459 59 1460 115 1460 73 1460 45 1461 115 1461 59 1461 27 1462 115 1462 45 1462 27 1463 129 1463 115 1463 143 1464 171 1464 157 1464 129 1465 171 1465 143 1465 129 1466 185 1466 171 1466 185 1467 213 1467 199 1467 227 1468 255 1468 241 1468 213 1469 255 1469 227 1469 185 1470 269 1470 213 1470 213 1471 269 1471 255 1471 269 1472 297 1472 283 1472 269 1473 311 1473 297 1473 185 1474 325 1474 269 1474 269 1475 325 1475 311 1475 325 1476 353 1476 339 1476 325 1477 367 1477 353 1477 395 1478 423 1478 409 1478 381 1479 423 1479 395 1479 367 1480 437 1480 381 1480 381 1481 437 1481 423 1481 325 1482 437 1482 367 1482 325 1483 479 1483 437 1483 451 1484 479 1484 465 1484 437 1485 479 1485 451 1485 28 1486 479 1486 27 1486 27 1487 479 1487 129 1487 129 1488 479 1488 185 1488 185 1489 479 1489 325 1489 28 1490 517 1490 479 1490 517 1491 516 1491 479 1491 519 1492 518 1492 516 1492 517 1493 519 1493 516 1493 519 1494 480 1494 518 1494 30 1495 480 1495 519 1495 30 1496 29 1496 480 1496 46 1497 452 1497 29 1497 480 1498 452 1498 466 1498 29 1499 452 1499 480 1499 60 1500 74 1500 46 1500 74 1501 88 1501 46 1501 438 1502 410 1502 424 1502 452 1503 410 1503 438 1503 396 1504 368 1504 382 1504 410 1505 368 1505 396 1505 130 1506 144 1506 116 1506 102 1507 158 1507 88 1507 116 1508 158 1508 102 1508 88 1509 158 1509 46 1509 144 1510 158 1510 116 1510 368 1511 340 1511 354 1511 410 1512 340 1512 368 1512 452 1513 326 1513 410 1513 410 1514 326 1514 340 1514 172 1515 200 1515 158 1515 186 1516 200 1516 172 1516 326 1517 298 1517 312 1517 158 1518 214 1518 46 1518 200 1519 214 1519 158 1519 452 1520 284 1520 326 1520 326 1521 284 1521 298 1521 214 1522 228 1522 46 1522 452 1523 270 1523 284 1523 228 1524 270 1524 46 1524 242 1525 270 1525 228 1525 46 1526 270 1526 452 1526 242 1527 256 1527 270 1527 517 1528 28 1528 519 1528 28 1529 30 1529 519 1529 513 1530 24 1530 515 1530 24 1531 26 1531 515 1531 509 1532 20 1532 511 1532 20 1533 22 1533 511 1533 505 1534 16 1534 507 1534 16 1535 18 1535 507 1535 501 1536 12 1536 503 1536 12 1537 14 1537 503 1537 497 1538 8 1538 499 1538 8 1539 10 1539 499 1539 533 1540 524 1540 525 1540 535 1541 537 1541 533 1541 539 1542 537 1542 535 1542 533 1543 537 1543 524 1543 551 1544 549 1544 539 1544 539 1545 549 1545 537 1545 551 1546 553 1546 549 1546 555 1547 553 1547 551 1547 557 1548 553 1548 555 1548 557 1549 567 1549 553 1549 559 1550 567 1550 557 1550 565 1551 567 1551 559 1551 569 1552 567 1552 565 1552 571 1553 567 1553 569 1553 615 1554 617 1554 613 1554 617 1555 619 1555 613 1555 613 1556 619 1556 611 1556 619 1557 623 1557 611 1557 623 1558 627 1558 611 1558 631 1559 635 1559 627 1559 639 1560 643 1560 635 1560 635 1561 643 1561 627 1561 643 1562 647 1562 627 1562 627 1563 647 1563 611 1563 647 1564 651 1564 611 1564 651 1565 659 1565 611 1565 655 1566 659 1566 651 1566 659 1567 663 1567 611 1567 663 1568 667 1568 611 1568 671 1569 675 1569 667 1569 675 1570 683 1570 667 1570 679 1571 683 1571 675 1571 667 1572 683 1572 611 1572 687 1573 691 1573 683 1573 683 1574 691 1574 611 1574 695 1575 699 1575 691 1575 691 1576 699 1576 611 1576 699 1577 723 1577 611 1577 587 1578 723 1578 585 1578 589 1579 723 1579 587 1579 591 1580 723 1580 589 1580 593 1581 723 1581 591 1581 595 1582 723 1582 593 1582 597 1583 723 1583 595 1583 599 1584 723 1584 597 1584 601 1585 723 1585 599 1585 603 1586 723 1586 601 1586 605 1587 723 1587 603 1587 607 1588 723 1588 605 1588 609 1589 723 1589 607 1589 611 1590 723 1590 609 1590 703 1591 723 1591 699 1591 707 1592 723 1592 703 1592 711 1593 723 1593 707 1593 715 1594 723 1594 711 1594 719 1595 723 1595 715 1595 585 1596 722 1596 583 1596 723 1597 722 1597 585 1597 577 1598 621 1598 571 1598 579 1599 621 1599 577 1599 581 1600 621 1600 579 1600 583 1601 621 1601 581 1601 571 1602 621 1602 567 1602 717 1603 621 1603 722 1603 713 1604 621 1604 717 1604 709 1605 621 1605 713 1605 705 1606 621 1606 709 1606 701 1607 621 1607 705 1607 697 1608 621 1608 701 1608 722 1609 621 1609 583 1609 697 1610 693 1610 621 1610 693 1611 689 1611 621 1611 621 1612 629 1612 625 1612 689 1613 685 1613 621 1613 621 1614 633 1614 629 1614 685 1615 681 1615 621 1615 621 1616 637 1616 633 1616 681 1617 677 1617 621 1617 621 1618 641 1618 637 1618 677 1619 673 1619 621 1619 621 1620 645 1620 641 1620 673 1621 669 1621 621 1621 621 1622 649 1622 645 1622 669 1623 665 1623 621 1623 621 1624 653 1624 649 1624 665 1625 661 1625 621 1625 621 1626 657 1626 653 1626 661 1627 657 1627 621 1627 716 1628 722 1628 720 1628 712 1629 717 1629 716 1629 716 1630 717 1630 722 1630 708 1631 713 1631 712 1631 712 1632 713 1632 717 1632 704 1633 709 1633 708 1633 708 1634 709 1634 713 1634 700 1635 705 1635 704 1635 704 1636 705 1636 709 1636 696 1637 701 1637 700 1637 700 1638 701 1638 705 1638 692 1639 697 1639 696 1639 696 1640 697 1640 701 1640 688 1641 693 1641 692 1641 692 1642 693 1642 697 1642 684 1643 689 1643 688 1643 688 1644 689 1644 693 1644 680 1645 685 1645 684 1645 684 1646 685 1646 689 1646 676 1647 681 1647 680 1647 680 1648 681 1648 685 1648 676 1649 677 1649 681 1649 672 1650 677 1650 676 1650 672 1651 673 1651 677 1651 668 1652 673 1652 672 1652 668 1653 669 1653 673 1653 664 1654 669 1654 668 1654 664 1655 665 1655 669 1655 660 1656 665 1656 664 1656 660 1657 661 1657 665 1657 656 1658 661 1658 660 1658 656 1659 657 1659 661 1659 652 1660 657 1660 656 1660 652 1661 653 1661 657 1661 648 1662 653 1662 652 1662 648 1663 649 1663 653 1663 644 1664 649 1664 648 1664 644 1665 645 1665 649 1665 644 1666 641 1666 645 1666 640 1667 641 1667 644 1667 636 1668 641 1668 640 1668 636 1669 637 1669 641 1669 632 1670 637 1670 636 1670 632 1671 633 1671 637 1671 628 1672 633 1672 632 1672 624 1673 629 1673 628 1673 628 1674 629 1674 633 1674 624 1675 625 1675 629 1675 620 1676 625 1676 624 1676 620 1677 621 1677 625 1677 532 1678 523 1678 522 1678 534 1679 532 1679 536 1679 538 1680 534 1680 536 1680 532 1681 522 1681 536 1681 550 1682 538 1682 548 1682 538 1683 536 1683 548 1683 550 1684 548 1684 552 1684 554 1685 550 1685 552 1685 556 1686 554 1686 552 1686 556 1687 552 1687 566 1687 558 1688 556 1688 566 1688 564 1689 558 1689 566 1689 568 1690 564 1690 566 1690 570 1691 568 1691 566 1691 614 1692 612 1692 616 1692 616 1693 612 1693 618 1693 612 1694 610 1694 618 1694 618 1695 610 1695 622 1695 622 1696 610 1696 626 1696 630 1697 626 1697 634 1697 638 1698 634 1698 642 1698 634 1699 626 1699 642 1699 642 1700 626 1700 646 1700 626 1701 610 1701 646 1701 646 1702 610 1702 650 1702 650 1703 610 1703 658 1703 654 1704 650 1704 658 1704 658 1705 610 1705 662 1705 662 1706 610 1706 666 1706 670 1707 666 1707 674 1707 674 1708 666 1708 682 1708 678 1709 674 1709 682 1709 666 1710 610 1710 682 1710 686 1711 682 1711 690 1711 682 1712 610 1712 690 1712 694 1713 690 1713 698 1713 690 1714 610 1714 698 1714 698 1715 610 1715 721 1715 586 1716 584 1716 721 1716 588 1717 586 1717 721 1717 590 1718 588 1718 721 1718 592 1719 590 1719 721 1719 594 1720 592 1720 721 1720 596 1721 594 1721 721 1721 598 1722 596 1722 721 1722 600 1723 598 1723 721 1723 602 1724 600 1724 721 1724 604 1725 602 1725 721 1725 606 1726 604 1726 721 1726 608 1727 606 1727 721 1727 610 1728 608 1728 721 1728 702 1729 698 1729 721 1729 706 1730 702 1730 721 1730 710 1731 706 1731 721 1731 714 1732 710 1732 721 1732 718 1733 714 1733 721 1733 584 1734 582 1734 720 1734 721 1735 584 1735 720 1735 576 1736 570 1736 620 1736 578 1737 576 1737 620 1737 580 1738 578 1738 620 1738 582 1739 580 1739 620 1739 570 1740 566 1740 620 1740 716 1741 720 1741 620 1741 712 1742 716 1742 620 1742 708 1743 712 1743 620 1743 704 1744 708 1744 620 1744 700 1745 704 1745 620 1745 696 1746 700 1746 620 1746 720 1747 582 1747 620 1747 696 1748 620 1748 692 1748 692 1749 620 1749 688 1749 620 1750 624 1750 628 1750 688 1751 620 1751 684 1751 620 1752 628 1752 632 1752 684 1753 620 1753 680 1753 620 1754 632 1754 636 1754 680 1755 620 1755 676 1755 620 1756 636 1756 640 1756 676 1757 620 1757 672 1757 620 1758 640 1758 644 1758 672 1759 620 1759 668 1759 620 1760 644 1760 648 1760 668 1761 620 1761 664 1761 620 1762 648 1762 652 1762 664 1763 620 1763 660 1763 620 1764 652 1764 656 1764 660 1765 620 1765 656 1765 523 1766 533 1766 525 1766 532 1767 533 1767 523 1767 534 1768 535 1768 532 1768 532 1769 535 1769 533 1769 538 1770 539 1770 534 1770 534 1771 539 1771 535 1771 550 1772 551 1772 538 1772 554 1773 551 1773 550 1773 538 1774 551 1774 539 1774 554 1775 555 1775 551 1775 554 1776 557 1776 555 1776 556 1777 557 1777 554 1777 558 1778 559 1778 556 1778 556 1779 559 1779 557 1779 558 1780 565 1780 559 1780 564 1781 565 1781 558 1781 568 1782 565 1782 564 1782 568 1783 569 1783 565 1783 568 1784 571 1784 569 1784 570 1785 571 1785 568 1785 576 1786 571 1786 570 1786 576 1787 577 1787 571 1787 576 1788 579 1788 577 1788 578 1789 579 1789 576 1789 580 1790 581 1790 578 1790 578 1791 581 1791 579 1791 582 1792 581 1792 580 1792 582 1793 583 1793 581 1793 584 1794 583 1794 582 1794 584 1795 585 1795 583 1795 586 1796 587 1796 584 1796 588 1797 587 1797 586 1797 584 1798 587 1798 585 1798 588 1799 589 1799 587 1799 590 1800 591 1800 588 1800 592 1801 591 1801 590 1801 588 1802 591 1802 589 1802 592 1803 593 1803 591 1803 592 1804 595 1804 593 1804 594 1805 595 1805 592 1805 594 1806 597 1806 595 1806 596 1807 597 1807 594 1807 598 1808 597 1808 596 1808 598 1809 599 1809 597 1809 600 1810 599 1810 598 1810 600 1811 601 1811 599 1811 602 1812 603 1812 600 1812 600 1813 603 1813 601 1813 602 1814 605 1814 603 1814 604 1815 605 1815 602 1815 604 1816 607 1816 605 1816 606 1817 607 1817 604 1817 606 1818 609 1818 607 1818 608 1819 609 1819 606 1819 610 1820 609 1820 608 1820 610 1821 611 1821 609 1821 545 1822 547 1822 563 1822 561 1823 545 1823 563 1823 529 1824 531 1824 543 1824 541 1825 529 1825 543 1825 610 1826 613 1826 611 1826 612 1827 613 1827 610 1827 614 1828 615 1828 612 1828 612 1829 615 1829 613 1829 616 1830 617 1830 614 1830 618 1831 617 1831 616 1831 614 1832 617 1832 615 1832 618 1833 619 1833 617 1833 622 1834 623 1834 618 1834 618 1835 623 1835 619 1835 626 1836 627 1836 622 1836 630 1837 627 1837 626 1837 622 1838 627 1838 623 1838 634 1839 631 1839 630 1839 630 1840 631 1840 627 1840 634 1841 635 1841 631 1841 634 1842 639 1842 635 1842 638 1843 639 1843 634 1843 638 1844 643 1844 639 1844 642 1845 643 1845 638 1845 642 1846 647 1846 643 1846 646 1847 647 1847 642 1847 646 1848 651 1848 647 1848 650 1849 651 1849 646 1849 654 1850 651 1850 650 1850 654 1851 655 1851 651 1851 658 1852 655 1852 654 1852 658 1853 659 1853 655 1853 658 1854 663 1854 659 1854 662 1855 663 1855 658 1855 666 1856 663 1856 662 1856 666 1857 667 1857 663 1857 666 1858 671 1858 667 1858 670 1859 671 1859 666 1859 674 1860 671 1860 670 1860 674 1861 675 1861 671 1861 678 1862 675 1862 674 1862 678 1863 679 1863 675 1863 678 1864 683 1864 679 1864 682 1865 683 1865 678 1865 686 1866 683 1866 682 1866 686 1867 687 1867 683 1867 690 1868 691 1868 686 1868 686 1869 691 1869 687 1869 694 1870 695 1870 690 1870 690 1871 695 1871 691 1871 698 1872 695 1872 694 1872 702 1873 699 1873 698 1873 698 1874 699 1874 695 1874 702 1875 703 1875 699 1875 706 1876 707 1876 702 1876 702 1877 707 1877 703 1877 710 1878 711 1878 706 1878 714 1879 711 1879 710 1879 706 1880 711 1880 707 1880 714 1881 715 1881 711 1881 718 1882 719 1882 714 1882 714 1883 719 1883 715 1883 721 1884 723 1884 718 1884 718 1885 723 1885 719 1885 721 1886 722 1886 723 1886 720 1887 722 1887 721 1887 574 1888 724 1888 572 1888 726 1889 724 1889 574 1889 488 1890 32 1890 33 1890 47 1891 75 1891 61 1891 32 1892 89 1892 47 1892 47 1893 89 1893 75 1893 32 1894 103 1894 89 1894 103 1895 145 1895 117 1895 117 1896 145 1896 131 1896 145 1897 173 1897 159 1897 103 1898 173 1898 145 1898 103 1899 187 1899 173 1899 187 1900 215 1900 201 1900 103 1901 229 1901 187 1901 187 1902 229 1902 215 1902 229 1903 257 1903 243 1903 229 1904 271 1904 257 1904 32 1905 285 1905 103 1905 103 1906 285 1906 229 1906 229 1907 285 1907 271 1907 285 1908 313 1908 299 1908 32 1909 313 1909 285 1909 313 1910 355 1910 327 1910 327 1911 355 1911 341 1911 32 1912 355 1912 313 1912 355 1913 397 1913 369 1913 369 1914 397 1914 383 1914 397 1915 425 1915 411 1915 397 1916 439 1916 425 1916 397 1917 467 1917 439 1917 439 1918 467 1918 453 1918 355 1919 481 1919 397 1919 397 1920 481 1920 467 1920 488 1921 481 1921 32 1921 32 1922 481 1922 355 1922 488 1923 575 1923 481 1923 489 1924 575 1924 488 1924 489 1925 727 1925 575 1925 575 1926 726 1926 574 1926 727 1927 726 1927 575 1927 725 1928 573 1928 724 1928 573 1929 572 1929 724 1929 725 1930 483 1930 573 1930 483 1931 482 1931 573 1931 5 1932 4 1932 482 1932 482 1933 468 1933 573 1933 4 1934 468 1934 482 1934 454 1935 426 1935 440 1935 468 1936 426 1936 454 1936 4 1937 426 1937 468 1937 48 1938 76 1938 34 1938 62 1939 76 1939 48 1939 34 1940 90 1940 4 1940 76 1941 90 1941 34 1941 412 1942 384 1942 398 1942 426 1943 384 1943 412 1943 118 1944 132 1944 104 1944 384 1945 356 1945 370 1945 426 1946 356 1946 384 1946 104 1947 146 1947 90 1947 4 1948 146 1948 426 1948 90 1949 146 1949 4 1949 132 1950 146 1950 104 1950 356 1951 328 1951 342 1951 426 1952 328 1952 356 1952 160 1953 174 1953 146 1953 426 1954 300 1954 328 1954 328 1955 300 1955 314 1955 174 1956 202 1956 146 1956 188 1957 202 1957 174 1957 426 1958 286 1958 300 1958 426 1959 272 1959 286 1959 146 1960 272 1960 426 1960 216 1961 230 1961 202 1961 202 1962 244 1962 146 1962 230 1963 244 1963 202 1963 146 1964 244 1964 272 1964 272 1965 244 1965 258 1965</p>
        </triangles>
      </mesh>
    </geometry>
  </library_geometries>
  <library_materials>
    <material id="mat_RJ45_Male" name="RJ45_Male">
      <instance_effect url="#effect_RJ45_Male" />
    </material>
  </library_materials>
  <library_visual_scenes>
    <visual_scene id="myscene">
      <node id="node0" name="node0">
        <instance_geometry url="#geometry0">
          <bind_material>
            <technique_common>
              <instance_material symbol="ref_RJ45_Male" target="#mat_RJ45_Male" />
            </technique_common>
          </bind_material>
        </instance_geometry>
      </node>
    </visual_scene>
  </library_visual_scenes>
  <scene>
    <instance_visual_scene url="#myscene" />
  </scene>
</COLLADA>
