<COLLADA xmlns="http://www.collada.org/2005/11/COLLADASchema" version="1.4.1">
  <asset>
    <contributor />
    <created>2026-02-16T15:13:02.323731</created>
    <modified>2026-02-16T15:13:02.323737</modified>
    <unit name="meter" meter="1.0" />
    <up_axis>Z_UP</up_axis>
  </asset>
  <library_effects>
    <effect id="effect_Waterproof_Male" name="effect_Waterproof_Male">
      <profile_COMMON>
        <technique sid="common">
          <phong>
            <emission>
              <color>0.0 0.0 0.0 1.0</color>
            </emission>
            <ambient>
              <color>0.0 0.0 0.0 1.0</color>
            </ambient>
            <diffuse>
              <color>0.6784313917160034 0.7098039388656616 0.7411764860153198 1.0</color>
            </diffuse>
            <specular>
              <color>1 1 1 1.0</color>
            </specular>
            <shininess>
              <float>0.0</float>
            </shininess>
            <reflective>
              <color>0.0 0.0 0.0 1.0</color>
            </reflective>
            <reflectivity>
              <float>0.0</float>
            </reflectivity>
            <transparent>
              <color>0.0 0.0 0.0 1.0</color>
            </transparent>
            <transparency>
              <float>1.0</float>
            </transparency>
          </phong>
        </technique>
        <extra>
          <technique profile="GOOGLEEARTH">
            <double_sided>0</double_sided>
          </technique>
        </extra>
      </profile_COMMON>
    </effect>
  </library_effects>
  <library_geometries>
    <geometry id="geometry0" name="Waterproof_Male">
      <mesh>
        <source id="cubeverts-array0">
          <float_array count="14583" id="cubeverts-array0-array">-0.0316 -0.01425 0.0004799995 -0.0316 -0.01425 0.001799999 -0.0316 -0.008528725 0.0004799995 -0.0316 -0.008528725 0.001799999 -0.0316 -0.006375 -0.004500001 -0.0316 -0.006375 0.001799999 -0.0316 -0.006375 0.00465 -0.0316 -0.004375 -0.004500001 -0.0316 -0.004375 0.001799999 -0.0316 0.004374998 -0.004500001 -0.0316 0.004374998 0.001799999 -0.0316 0.006375 -0.004500001 -0.0316 0.006375 0.001799999 -0.0316 0.006375 0.00465 -0.0316 0.008528725 0.0004799995 -0.0316 0.008528725 0.001799999 -0.0316 0.01425 0.0004799995 -0.0316 0.01425 0.001799999 -0.03159239 -0.01442431 0.0004799995 -0.03159239 -0.01442431 0.001799999 -0.03159239 -0.006549313 -0.004500001 -0.03159239 -0.006549313 0.001799999 -0.03159239 -0.006549313 0.00465 -0.03159239 0.006549311 -0.004500001 -0.03159239 0.006549311 0.001799999 -0.03159239 0.006549311 0.00465 -0.03159239 0.01442431 0.0004799995 -0.03159239 0.01442431 0.001799999 -0.03156962 -0.0145973 0.0004799995 -0.03156962 -0.0145973 0.001799999 -0.03156962 -0.006722297 -0.004500001 -0.03156962 -0.006722297 0.001799999 -0.03156962 -0.006722297 0.00465 -0.03156962 0.006722298 -0.004500001 -0.03156962 0.006722298 0.001799999 -0.03156962 0.006722298 0.00465 -0.03156962 0.0145973 0.0004799995 -0.03156962 0.0145973 0.001799999 -0.03153185 -0.01476764 0.0004799995 -0.03153185 -0.01476764 0.001799999 -0.03153185 -0.006892639 -0.004500001 -0.03153185 -0.006892639 0.001799999 -0.03153185 -0.006892639 0.00465 -0.03153185 0.006892637 -0.004500001 -0.03153185 0.006892637 0.001799999 -0.03153185 0.006892637 0.00465 -0.03153185 0.01476764 0.0004799995 -0.03153185 0.01476764 0.001799999 -0.03147938 -0.01493404 0.0004799995 -0.03147938 -0.01493404 0.001799999 -0.03147938 -0.007059041 -0.004500001 -0.03147938 -0.007059041 0.001799999 -0.03147938 -0.007059041 0.00465 -0.03147938 0.00705904 -0.004500001 -0.03147938 0.00705904 0.001799999 -0.03147938 0.00705904 0.00465 -0.03147938 0.01493404 0.0004799995 -0.03147938 0.01493404 0.001799999 -0.03141262 -0.01509524 0.0004799995 -0.03141262 -0.01509524 0.001799999 -0.03141262 -0.007220237 -0.004500001 -0.03141262 -0.007220237 0.001799999 -0.03141262 -0.007220237 0.00465 -0.03141262 0.007220236 -0.004500001 -0.03141262 0.007220236 0.001799999 -0.03141262 0.007220236 0.00465 -0.03141262 0.01509524 0.0004799995 -0.03141262 0.01509524 0.001799999 -0.03133205 -0.01525 0.0004799995 -0.03133205 -0.01525 0.001799999 -0.03133205 -0.007375001 -0.004500001 -0.03133205 -0.007375001 0.001799999 -0.03133205 -0.007375001 0.00465 -0.03133205 0.007375 -0.004500001 -0.03133205 0.007375 0.001799999 -0.03133205 0.007375 0.00465 -0.03133205 0.01525 0.0004799995 -0.03133205 0.01525 0.001799999 -0.0312383 -0.01539715 0.0004799995 -0.0312383 -0.01539715 0.001799999 -0.0312383 -0.007522153 -0.004500001 -0.0312383 -0.007522153 0.001799999 -0.0312383 -0.007522153 0.00465 -0.0312383 0.007522152 -0.004500001 -0.0312383 0.007522152 0.001799999 -0.0312383 0.007522152 0.00465 -0.0312383 0.01539715 0.0004799995 -0.0312383 0.01539715 0.001799999 -0.03113209 -0.01553558 0.0004799995 -0.03113209 -0.01553558 0.001799999 -0.03113209 -0.007660576 -0.004500001 -0.03113209 -0.007660576 0.001799999 -0.03113209 -0.007660576 0.00465 -0.03113209 0.007660574 -0.004500001 -0.03113209 0.007660574 0.001799999 -0.03113209 0.007660574 0.00465 -0.03113209 0.01553557 0.0004799995 -0.03113209 0.01553557 0.001799999 -0.03101421 -0.01566421 0.0004799995 -0.03101421 -0.01566421 0.001799999 -0.03101421 -0.007789214 -0.004500001 -0.03101421 -0.007789214 0.001799999 -0.03101421 -0.007789214 0.00465 -0.03101421 0.007789213 -0.004500001 -0.03101421 0.007789213 0.001799999 -0.03101421 0.007789213 0.00465 -0.03101421 0.01566421 0.0004799995 -0.03101421 0.01566421 0.001799999 -0.03088558 -0.01578209 0.0004799995 -0.03088558 -0.01578209 0.001799999 -0.03088558 -0.007907089 -0.004500001 -0.03088558 -0.007907089 0.001799999 -0.03088558 -0.007907089 0.00465 -0.03088558 0.007907087 -0.004500001 -0.03088558 0.007907087 0.001799999 -0.03088558 0.007907087 0.00465 -0.03088558 0.01578209 0.0004799995 -0.03088558 0.01578209 0.001799999 -0.03074715 -0.0158883 0.0004799995 -0.03074715 -0.0158883 0.001799999 -0.03074715 -0.008013305 -0.004500001 -0.03074715 -0.008013305 0.001799999 -0.03074715 -0.008013305 0.00465 -0.03074715 0.008013304 -0.004500001 -0.03074715 0.008013304 0.001799999 -0.03074715 0.008013304 0.00465 -0.03074715 0.0158883 0.0004799995 -0.03074715 0.0158883 0.001799999 -0.0306 -0.01598205 0.0004799995 -0.0306 -0.01598205 0.001799999 -0.0306 -0.008107052 -0.004500001 -0.0306 -0.008107052 0.001799999 -0.0306 -0.008107052 0.00465 -0.0306 0.00810705 -0.004500001 -0.0306 0.00810705 0.001799999 -0.0306 0.00810705 0.00465 -0.0306 0.01598205 0.0004799995 -0.0306 0.01598205 0.001799999 -0.03044524 -0.01606262 0.0004799995 -0.03044524 -0.01606262 0.001799999 -0.03044524 -0.008187616 -0.004500001 -0.03044524 -0.008187616 0.001799999 -0.03044524 -0.008187616 0.00465 -0.03044524 0.008187614 -0.004500001 -0.03044524 0.008187614 0.001799999 -0.03044524 0.008187614 0.00465 -0.03044524 0.01606262 0.0004799995 -0.03044524 0.01606262 0.001799999 -0.03028404 -0.01612939 0.0004799995 -0.03028404 -0.01612939 0.001799999 -0.03028404 -0.008254386 -0.004500001 -0.03028404 -0.008254386 0.001799999 -0.03028404 -0.008254386 0.00465 -0.03028404 0.008254385 -0.004500001 -0.03028404 0.008254385 0.001799999 -0.03028404 0.008254385 0.00465 -0.03028404 0.01612939 0.0004799995 -0.03028404 0.01612939 0.001799999 -0.03011764 -0.01618185 0.0004799995 -0.03011764 -0.01618185 0.001799999 -0.03011764 -0.008306852 -0.004500001 -0.03011764 -0.008306852 0.001799999 -0.03011764 -0.008306852 0.00465 -0.03011764 0.00830685 -0.004500001 -0.03011764 0.00830685 0.001799999 -0.03011764 0.00830685 0.00465 -0.03011764 0.01618185 0.0004799995 -0.03011764 0.01618185 0.001799999 -0.0299473 -0.01621962 0.0004799995 -0.0299473 -0.01621962 0.001799999 -0.0299473 -0.008344616 -0.004500001 -0.0299473 -0.008344616 0.001799999 -0.0299473 -0.008344616 0.00465 -0.0299473 0.008344616 -0.004500001 -0.0299473 0.008344616 0.001799999 -0.0299473 0.008344616 0.00465 -0.0299473 0.01621962 0.0004799995 -0.0299473 0.01621962 0.001799999 -0.02982169 -0.0135 0.0004799995 -0.02982169 0.0135 0.0004799995 -0.02982064 -0.01354741 0.0004799995 -0.02982064 -0.01354741 0.001799999 -0.02982064 -0.0134526 0.0004799995 -0.02982064 -0.0134526 0.001799999 -0.02982064 0.0134526 0.0004799995 -0.02982064 0.0134526 0.001799999 -0.02982064 0.01354741 0.0004799995 -0.02982064 0.01354741 0.001799999 -0.02981226 -0.01364184 0.0004799995 -0.02981226 -0.01364184 0.001799999 -0.02981226 -0.01335816 0.0004799995 -0.02981226 -0.01335816 0.001799999 -0.02981226 0.01335816 0.0004799995 -0.02981226 0.01335816 0.001799999 -0.02981226 0.01364184 0.0004799995 -0.02981226 0.01364184 0.001799999 -0.02979556 -0.01373517 0.0004799995 -0.02979556 -0.01373517 0.001799999 -0.02979556 -0.01326483 0.0004799995 -0.02979556 -0.01326483 0.001799999 -0.02979556 0.01326483 0.0004799995 -0.02979556 0.01326483 0.001799999 -0.02979556 0.01373517 0.0004799995 -0.02979556 0.01373517 0.001799999 -0.02977431 -0.01624239 0.0004799995 -0.02977431 -0.01624239 0.001799999 -0.02977431 -0.00836739 -0.004500001 -0.02977431 -0.00836739 0.001799999 -0.02977431 -0.00836739 0.00465 -0.02977431 0.00836739 -0.004500001 -0.02977431 0.00836739 0.001799999 -0.02977431 0.00836739 0.00465 -0.02977431 0.01624239 0.0004799995 -0.02977431 0.01624239 0.001799999 -0.02977069 -0.01382666 0.0004799995 -0.02977069 -0.01382666 0.001799999 -0.02977069 -0.01317334 0.0004799995 -0.02977069 -0.01317334 0.001799999 -0.02977069 0.01317334 0.0004799995 -0.02977069 0.01317334 0.001799999 -0.02977069 0.01382666 0.0004799995 -0.02977069 0.01382666 0.001799999 -0.02973782 -0.01391559 0.0004799995 -0.02973782 -0.01391559 0.001799999 -0.02973782 -0.01308441 0.0004799995 -0.02973782 -0.01308441 0.001799999 -0.02973782 0.01308441 0.0004799995 -0.02973782 0.01308441 0.001799999 -0.02973782 0.01391559 0.0004799995 -0.02973782 0.01391559 0.001799999 -0.02969723 -0.01400126 0.0004799995 -0.02969723 -0.01400126 0.001799999 -0.02969723 -0.01299874 0.0004799995 -0.02969723 -0.01299874 0.001799999 -0.02969723 0.01299874 0.0004799995 -0.02969723 0.01299874 0.001799999 -0.02969723 0.01400126 0.0004799995 -0.02969723 0.01400126 0.001799999 -0.02964922 -0.01408302 0.0004799995 -0.02964922 -0.01408302 0.001799999 -0.02964922 -0.01291698 0.0004799995 -0.02964922 -0.01291698 0.001799999 -0.02964922 0.01291698 0.0004799995 -0.02964922 0.01291698 0.001799999 -0.02964922 0.01408302 0.0004799995 -0.02964922 0.01408302 0.001799999 -0.0296 -0.01625 0.0004799995 -0.0296 -0.01625 0.001799999 -0.0296 -0.008375001 -0.004500001 -0.0296 -0.008375001 0.001799999 -0.0296 -0.008375001 0.00465 -0.0296 0.008375 -0.004500001 -0.0296 0.008375 0.001799999 -0.0296 0.008375 0.00465 -0.0296 0.01625 0.0004799995 -0.0296 0.01625 0.001799999 -0.02959418 -0.01416021 0.0004799995 -0.02959418 -0.01416021 0.001799999 -0.02959418 -0.01283979 0.0004799995 -0.02959418 -0.01283979 0.001799999 -0.02959418 0.01283979 0.0004799995 -0.02959418 0.01283979 0.001799999 -0.02959418 0.01416021 0.0004799995 -0.02959418 0.01416021 0.001799999 -0.02953252 -0.01423224 0.0004799995 -0.02953252 -0.01423224 0.001799999 -0.02953252 -0.01276776 0.0004799995 -0.02953252 -0.01276776 0.001799999 -0.02953252 0.01276776 0.0004799995 -0.02953252 0.01276776 0.001799999 -0.02953252 0.01423224 0.0004799995 -0.02953252 0.01423224 0.001799999 -0.02946475 -0.01429853 0.0004799995 -0.02946475 -0.01429853 0.001799999 -0.02946475 -0.01270147 0.0004799995 -0.02946475 -0.01270147 0.001799999 -0.02946475 0.01270147 0.0004799995 -0.02946475 0.01270147 0.001799999 -0.02946475 0.01429853 0.0004799995 -0.02946475 0.01429853 0.001799999 -0.02939137 -0.01435858 0.0004799995 -0.02939137 -0.01435858 0.001799999 -0.02939137 -0.01264143 0.0004799995 -0.02939137 -0.01264143 0.001799999 -0.02939137 0.01264143 0.0004799995 -0.02939137 0.01264143 0.001799999 -0.02939137 0.01435857 0.0004799995 -0.02939137 0.01435857 0.001799999 -0.02931298 -0.0144119 0.0004799995 -0.02931298 -0.0144119 0.001799999 -0.02931298 -0.0125881 0.0004799995 -0.02931298 -0.0125881 0.001799999 -0.02931298 0.0125881 0.0004799995 -0.02931298 0.0125881 0.001799999 -0.02931298 0.0144119 0.0004799995 -0.02931298 0.0144119 0.001799999 -0.02923019 -0.01445809 0.0004799995 -0.02923019 -0.01445809 0.001799999 -0.02923019 -0.01254191 0.0004799995 -0.02923019 -0.01254191 0.001799999 -0.02923019 0.01254191 0.0004799995 -0.02923019 0.01254191 0.001799999 -0.02923019 0.01445809 0.0004799995 -0.02923019 0.01445809 0.001799999 -0.02914363 -0.01449678 0.0004799995 -0.02914363 -0.01449678 0.001799999 -0.02914363 -0.01250322 0.0004799995 -0.02914363 -0.01250322 0.001799999 -0.02914363 0.01250322 0.0004799995 -0.02914363 0.01250322 0.001799999 -0.02914363 0.01449678 0.0004799995 -0.02914363 0.01449678 0.001799999 -0.029054 -0.01452767 0.0004799995 -0.029054 -0.01452767 0.001799999 -0.029054 -0.01247233 0.0004799995 -0.029054 -0.01247233 0.001799999 -0.029054 0.01247233 0.0004799995 -0.029054 0.01247233 0.001799999 -0.029054 0.01452767 0.0004799995 -0.029054 0.01452767 0.001799999 -0.02896198 -0.01455051 0.0004799995 -0.02896198 -0.01455051 0.001799999 -0.02896198 -0.01244949 0.0004799995 -0.02896198 -0.01244949 0.001799999 -0.02896198 0.01244949 0.0004799995 -0.02896198 0.01244949 0.001799999 -0.02896198 0.01455051 0.0004799995 -0.02896198 0.01455051 0.001799999 -0.02886831 -0.01456514 0.0004799995 -0.02886831 -0.01456514 0.001799999 -0.02886831 -0.01243486 0.0004799995 -0.02886831 -0.01243486 0.001799999 -0.02886831 0.01243486 0.0004799995 -0.02886831 0.01243486 0.001799999 -0.02886831 0.01456514 0.0004799995 -0.02886831 0.01456514 0.001799999 -0.02877371 -0.01457142 0.0004799995 -0.02877371 -0.01457142 0.001799999 -0.02877371 -0.01242858 0.0004799995 -0.02877371 -0.01242858 0.001799999 -0.02877371 0.01242858 0.0004799995 -0.02877371 0.01242858 0.001799999 -0.02877371 0.01457142 0.0004799995 -0.02877371 0.01457142 0.001799999 -0.02867892 -0.01456933 0.0004799995 -0.02867892 -0.01456933 0.001799999 -0.02867892 -0.01243067 0.0004799995 -0.02867892 -0.01243067 0.001799999 -0.02867892 0.01243067 0.0004799995 -0.02867892 0.01243067 0.001799999 -0.02867892 0.01456933 0.0004799995 -0.02867892 0.01456933 0.001799999 -0.02858469 -0.01455886 0.0004799995 -0.02858469 -0.01455886 0.001799999 -0.02858469 -0.01244114 0.0004799995 -0.02858469 -0.01244114 0.001799999 -0.02858469 0.01244114 0.0004799995 -0.02858469 0.01244114 0.001799999 -0.02858469 0.01455886 0.0004799995 -0.02858469 0.01455886 0.001799999 -0.02849176 -0.01454011 0.0004799995 -0.02849176 -0.01454011 0.001799999 -0.02849176 -0.01245989 0.0004799995 -0.02849176 -0.01245989 0.001799999 -0.02849176 0.01245989 0.0004799995 -0.02849176 0.01245989 0.001799999 -0.02849176 0.01454011 0.0004799995 -0.02849176 0.01454011 0.001799999 -0.02840084 -0.01451321 0.0004799995 -0.02840084 -0.01451321 0.001799999 -0.02840084 -0.01248679 0.0004799995 -0.02840084 -0.01248679 0.001799999 -0.02840084 0.01248679 0.0004799995 -0.02840084 0.01248679 0.001799999 -0.02840084 0.01451321 0.0004799995 -0.02840084 0.01451321 0.001799999 -0.02831266 -0.01447839 0.0004799995 -0.02831266 -0.01447839 0.001799999 -0.02831266 -0.01252161 0.0004799995 -0.02831266 -0.01252161 0.001799999 -0.02831266 0.01252161 0.0004799995 -0.02831266 0.01252161 0.001799999 -0.02831266 0.01447839 0.0004799995 -0.02831266 0.01447839 0.001799999 -0.0282279 -0.01443591 0.0004799995 -0.0282279 -0.01443591 0.001799999 -0.0282279 -0.01256409 0.0004799995 -0.0282279 -0.01256409 0.001799999 -0.0282279 0.01256409 0.0004799995 -0.0282279 0.01256409 0.001799999 -0.0282279 0.01443591 0.0004799995 -0.0282279 0.01443591 0.001799999 -0.02814723 -0.01438611 0.0004799995 -0.02814723 -0.01438611 0.001799999 -0.02814723 -0.0126139 0.0004799995 -0.02814723 -0.0126139 0.001799999 -0.02814723 0.0126139 0.0004799995 -0.02814723 0.0126139 0.001799999 -0.02814723 0.0143861 0.0004799995 -0.02814723 0.0143861 0.001799999 -0.02807127 -0.01432936 0.0004799995 -0.02807127 -0.01432936 0.001799999 -0.02807127 -0.01267064 0.0004799995 -0.02807127 -0.01267064 0.001799999 -0.02807127 0.01267064 0.0004799995 -0.02807127 0.01267064 0.001799999 -0.02807127 0.01432936 0.0004799995 -0.02807127 0.01432936 0.001799999 -0.02800063 -0.01426613 0.0004799995 -0.02800063 -0.01426613 0.001799999 -0.02800063 -0.01273387 0.0004799995 -0.02800063 -0.01273387 0.001799999 -0.02800063 0.01273387 0.0004799995 -0.02800063 0.01273387 0.001799999 -0.02800063 0.01426613 0.0004799995 -0.02800063 0.01426613 0.001799999 -0.02793585 -0.01419691 0.0004799995 -0.02793585 -0.01419691 0.001799999 -0.02793585 -0.0128031 0.0004799995 -0.02793585 -0.0128031 0.001799999 -0.02793585 0.01280309 0.0004799995 -0.02793585 0.01280309 0.001799999 -0.02793585 0.01419691 0.0004799995 -0.02793585 0.01419691 0.001799999 -0.02787745 -0.01412223 0.0004799995 -0.02787745 -0.01412223 0.001799999 -0.02787745 -0.01287778 0.0004799995 -0.02787745 -0.01287778 0.001799999 -0.02787745 0.01287778 0.0004799995 -0.02787745 0.01287778 0.001799999 -0.02787745 0.01412222 0.0004799995 -0.02787745 0.01412222 0.001799999 -0.02782587 -0.01404267 0.0004799995 -0.02782587 -0.01404267 0.001799999 -0.02782587 -0.01295733 0.0004799995 -0.02782587 -0.01295733 0.001799999 -0.02782587 0.01295733 0.0004799995 -0.02782587 0.01295733 0.001799999 -0.02782587 0.01404267 0.0004799995 -0.02782587 0.01404267 0.001799999 -0.02778152 -0.01395887 0.0004799995 -0.02778152 -0.01395887 0.001799999 -0.02778152 -0.01304113 0.0004799995 -0.02778152 -0.01304113 0.001799999 -0.02778152 0.01304112 0.0004799995 -0.02778152 0.01304112 0.001799999 -0.02778152 0.01395887 0.0004799995 -0.02778152 0.01395887 0.001799999 -0.02774476 -0.01387148 0.0004799995 -0.02774476 -0.01387148 0.001799999 -0.02774476 -0.01312852 0.0004799995 -0.02774476 -0.01312852 0.001799999 -0.02774476 0.01312852 0.0004799995 -0.02774476 0.01312852 0.001799999 -0.02774476 0.01387148 0.0004799995 -0.02774476 0.01387148 0.001799999 -0.02771586 -0.01378119 0.0004799995 -0.02771586 -0.01378119 0.001799999 -0.02771586 -0.01321881 0.0004799995 -0.02771586 -0.01321881 0.001799999 -0.02771586 0.01321881 0.0004799995 -0.02771586 0.01321881 0.001799999 -0.02771586 0.01378119 0.0004799995 -0.02771586 0.01378119 0.001799999 -0.02769506 -0.01368869 0.0004799995 -0.02769506 -0.01368869 0.001799999 -0.02769506 -0.01331131 0.0004799995 -0.02769506 -0.01331131 0.001799999 -0.02769506 0.01331131 0.0004799995 -0.02769506 0.01331131 0.001799999 -0.02769506 0.01368869 0.0004799995 -0.02769506 0.01368869 0.001799999 -0.02768251 -0.01359472 0.0004799995 -0.02768251 -0.01359472 0.001799999 -0.02768251 -0.01340528 0.0004799995 -0.02768251 -0.01340528 0.001799999 -0.02768251 0.01340528 0.0004799995 -0.02768251 0.01340528 0.001799999 -0.02768251 0.01359472 0.0004799995 -0.02768251 0.01359472 0.001799999 -0.02767831 -0.0135 0.0004799995 -0.02767831 -0.0135 0.001799999 -0.02767831 0.0135 0.0004799995 -0.02767831 0.0135 0.001799999 -0.0266 -0.008375001 0.001799999 -0.0266 -0.008375001 0.00465 -0.0266 0.008375 0.001799999 -0.0266 0.008375 0.00465 -0.02642569 -0.008382612 0.001799999 -0.02642569 -0.008382612 0.00465 -0.02642569 0.00838261 0.001799999 -0.02642569 0.00838261 0.00465 -0.0262527 -0.008405385 0.001799999 -0.0262527 -0.008405385 0.00465 -0.0262527 0.008405382 0.001799999 -0.0262527 0.008405382 0.00465 -0.02608236 -0.00844315 0.001799999 -0.02608236 -0.00844315 0.00465 -0.02608236 0.008443148 0.001799999 -0.02608236 0.008443148 0.00465 -0.02591596 -0.008495615 0.001799999 -0.02591596 -0.008495615 0.00465 -0.02591596 0.008495613 0.001799999 -0.02591596 0.008495613 0.00465 -0.02583106 -0.008528725 0.001799999 -0.02583106 0.008528725 0.001799999 -0.02575476 -0.008562385 0.001799999 -0.02575476 -0.008562385 0.00465 -0.02575476 0.008562384 0.001799999 -0.02575476 0.008562384 0.00465 -0.0256 -0.00864295 0.001799999 -0.0256 -0.00864295 0.00465 -0.0256 -0.008375001 -0.004500001 -0.0256 -0.008375001 0.001799999 -0.0256 -0.004375 -0.004500001 -0.0256 -0.004375 0.001799999 -0.0256 0.004374998 -0.004500001 -0.0256 0.004374998 0.001799999 -0.0256 0.008375 -0.004500001 -0.0256 0.008375 0.001799999 -0.0256 0.008642948 0.001799999 -0.0256 0.008642948 0.00465 -0.02545285 -0.008736697 0.001799999 -0.02545285 -0.008736697 0.00465 -0.02545285 0.008736696 0.001799999 -0.02545285 0.008736696 0.00465 -0.02531442 -0.008842912 0.001799999 -0.02531442 -0.008842912 0.00465 -0.02531442 0.008842911 0.001799999 -0.02531442 0.008842911 0.00465 -0.02518579 -0.008960787 0.001799999 -0.02518579 -0.008960787 0.00465 -0.02518579 0.008960787 0.001799999 -0.02518579 0.008960787 0.00465 -0.02506791 -0.009089426 0.001799999 -0.02506791 -0.009089426 0.00465 -0.02506791 0.009089424 0.001799999 -0.02506791 0.009089424 0.00465 -0.0249617 -0.009227848 0.001799999 -0.0249617 -0.009227848 0.00465 -0.0249617 0.009227846 0.001799999 -0.0249617 0.009227846 0.00465 -0.02486795 -0.009375001 0.001799999 -0.02486795 -0.009375001 0.00465 -0.02486795 0.009375 0.001799999 -0.02486795 0.009375 0.00465 -0.02478738 -0.009529765 0.001799999 -0.02478738 -0.009529765 0.00465 -0.02478738 0.009529764 0.001799999 -0.02478738 0.009529764 0.00465 -0.02472061 -0.00969096 0.001799999 -0.02472061 -0.00969096 0.00465 -0.02472061 0.009690958 0.001799999 -0.02472061 0.009690958 0.00465 -0.02466815 -0.009857363 0.001799999 -0.02466815 -0.009857363 0.00465 -0.02466815 0.009857361 0.001799999 -0.02466815 0.009857361 0.00465 -0.02463038 -0.0100277 0.001799999 -0.02463038 -0.0100277 0.00465 -0.02463038 0.0100277 0.001799999 -0.02463038 0.0100277 0.00465 -0.02460761 -0.01020069 0.001799999 -0.02460761 -0.01020069 0.00465 -0.02460761 0.01020069 0.001799999 -0.02460761 0.01020069 0.00465 -0.0246 -0.010375 0.001799999 -0.0246 -0.010375 0.00465 -0.0246 0.010375 0.001799999 -0.0246 0.010375 0.00465 -0.02459239 -0.01054931 0.001799999 -0.02459239 -0.01054931 0.00465 -0.02459239 0.01054931 0.001799999 -0.02459239 0.01054931 0.00465 -0.02456962 -0.0107223 0.001799999 -0.02456962 -0.0107223 0.00465 -0.02456962 0.0107223 0.001799999 -0.02456962 0.0107223 0.00465 -0.02453185 -0.01089264 0.001799999 -0.02453185 -0.01089264 0.00465 -0.02453185 0.01089264 0.001799999 -0.02453185 0.01089264 0.00465 -0.02447939 -0.01105904 0.001799999 -0.02447939 -0.01105904 0.00465 -0.02447939 0.01105904 0.001799999 -0.02447939 0.01105904 0.00465 -0.02441262 -0.01122024 0.001799999 -0.02441262 -0.01122024 0.00465 -0.02441262 0.01122023 0.001799999 -0.02441262 0.01122023 0.00465 -0.02433205 -0.011375 0.001799999 -0.02433205 -0.011375 0.00465 -0.02433205 0.011375 0.001799999 -0.02433205 0.011375 0.00465 -0.0242383 -0.01152215 0.001799999 -0.0242383 -0.01152215 0.00465 -0.0242383 0.01152215 0.001799999 -0.0242383 0.01152215 0.00465 -0.02413209 -0.01166058 0.001799999 -0.02413209 -0.01166058 0.00465 -0.02413209 0.01166058 0.001799999 -0.02413209 0.01166058 0.00465 -0.02401421 -0.01178921 0.001799999 -0.02401421 -0.01178921 0.00465 -0.02401421 0.01178921 0.001799999 -0.02401421 0.01178921 0.00465 -0.02388558 -0.01190709 0.001799999 -0.02388558 -0.01190709 0.00465 -0.02388558 0.01190709 0.001799999 -0.02388558 0.01190709 0.00465 -0.02374715 -0.0120133 0.001799999 -0.02374715 -0.0120133 0.00465 -0.02374715 0.0120133 0.001799999 -0.02374715 0.0120133 0.00465 -0.0236 -0.01210705 0.001799999 -0.0236 -0.01210705 0.00465 -0.0236 0.01210705 0.001799999 -0.0236 0.01210705 0.00465 -0.02344524 -0.01218762 0.001799999 -0.02344524 -0.01218762 0.00465 -0.02344524 0.01218761 0.001799999 -0.02344524 0.01218761 0.00465 -0.02328404 -0.01225439 0.001799999 -0.02328404 -0.01225439 0.00465 -0.02328404 0.01225438 0.001799999 -0.02328404 0.01225438 0.00465 -0.02311764 -0.01230685 0.001799999 -0.02311764 -0.01230685 0.00465 -0.02311764 0.01230685 0.001799999 -0.02311764 0.01230685 0.00465 -0.0229473 -0.01234462 0.001799999 -0.0229473 -0.01234462 0.00465 -0.0229473 0.01234461 0.001799999 -0.0229473 0.01234461 0.00465 -0.02283883 -0.000254818 0.00465 -0.02283883 -0.000254818 0.0177 -0.02283868 -0.000250001 0.0177 -0.02279958 0.001030565 0.00465 -0.02279958 0.001030565 0.0177 -0.02278175 -0.001539532 0.00465 -0.02278175 -0.001539532 0.0177 -0.02277431 -0.01236739 0.001799999 -0.02277431 -0.01236739 0.00465 -0.02277431 0.01236739 0.001799999 -0.02277431 0.01236739 0.00465 -0.02266422 0.002309404 0.00465 -0.02266422 0.002309404 0.0177 -0.02262868 -0.00281637 0.00465 -0.02262868 -0.00281637 0.0177 -0.0226 -0.012375 0.001799999 -0.0226 -0.012375 0.00465 -0.0226 0.012375 0.001799999 -0.0226 0.012375 0.00465 -0.02243353 0.003574524 0.00465 -0.02243353 0.003574524 0.0177 -0.02238046 -0.004078169 0.00465 -0.02238046 -0.004078169 0.0177 -0.0216 -0.01625 -0.0177 -0.0216 -0.01625 0.0004799995 -0.0216 -0.011575 -0.0177 -0.0216 -0.008528725 0.0004799995 -0.0216 -0.008528725 0.001799999 -0.0216 0 -0.0177 -0.0216 0.008528725 0.0004799995 -0.0216 0.008528725 0.001799999 -0.0216 0.01625 -0.0177 -0.0216 0.01625 0.0004799995 -0.0215 -0.007810001 0.00465 -0.0215 -0.007810001 0.0177 -0.0215 0.007809999 0.00465 -0.0215 0.007809999 0.0177 -0.02143547 0.008016775 0.00465 -0.02143547 0.008016775 0.0177 -0.02135382 0.008217411 0.00465 -0.02135382 0.008217411 0.0177 -0.02125563 0.008410488 0.00465 -0.02125563 0.008410488 0.0177 -0.02114158 0.00859465 0.00465 -0.02114158 0.00859465 0.0177 -0.02101249 0.008768595 0.00465 -0.02101249 0.008768595 0.0177 -0.02086926 0.008931095 0.00465 -0.02086926 0.008931095 0.0177 -0.02071291 0.009081013 0.00465 -0.02071291 0.009081013 0.0177 -0.02054453 0.009217283 0.00465 -0.02054453 0.009217283 0.0177 -0.02036532 0.009338949 0.00465 -0.02036532 0.009338949 0.0177 -0.02017653 0.009445152 0.00465 -0.02017653 0.009445152 0.0177 -0.01997949 0.009535147 0.00465 -0.01997949 0.009535147 0.0177 -0.01977561 0.009608294 0.00465 -0.01977561 0.009608294 0.0177 -0.0195663 0.00966408 0.00465 -0.0195663 0.00966408 0.0177 -0.01935305 0.009702112 0.00465 -0.01935305 0.009702112 0.0177 -0.01929604 0.009703207 0.00465 -0.01929604 0.009703207 0.0177 -0.01923914 0.009699408 0.00465 -0.01923914 0.009699408 0.0177 -0.01918278 0.009690735 0.00465 -0.01918278 0.009690735 0.0177 -0.01912736 0.009677258 0.00465 -0.01912736 0.009677258 0.0177 -0.01907331 0.009659071 0.00465 -0.01907331 0.009659071 0.0177 -0.01902103 0.009636316 0.00465 -0.01902103 0.009636316 0.0177 -0.01897088 0.009609154 0.00465 -0.01897088 0.009609154 0.0177 -0.01892326 0.009577787 0.00465 -0.01892326 0.009577787 0.0177 -0.01891962 -0.007810001 0.0177 -0.01891962 -0.000250001 0.0177 -0.01891962 0.009574911 0.0177 -0.0188785 0.009542448 0.00465 -0.0188785 0.009542448 0.0177 -0.01883694 0.009503397 0.00465 -0.01883694 0.009503397 0.0177 -0.01879889 0.009460926 0.00465 -0.01879889 0.009460926 0.0177 -0.01876463 0.009415342 0.00465 -0.01876463 0.009415342 0.0177 -0.0187344 0.009366985 0.00465 -0.0187344 0.009366985 0.0177 -0.01870843 0.009316214 0.00465 -0.01870843 0.009316214 0.0177 -0.01868692 0.009263399 0.00465 -0.01868692 0.009263399 0.0177 -0.01867003 0.009208933 0.00465 -0.01867003 0.009208933 0.0177 -0.01865787 0.009153221 0.00465 -0.01865787 0.009153221 0.0177 -0.01865054 0.009096666 0.00465 -0.01865054 0.009096666 0.0177 -0.01864809 0.007809999 0.00465 -0.01864809 0.007809999 0.0177 -0.01864809 0.009039692 0.00465 -0.01864809 0.009039692 0.0177 -0.018 -0.009470001 0.00465 -0.018 -0.009470001 0.0177 -0.018 -0.008808922 0.0177 -0.018 -0.007810001 0.00465 -0.018 -0.007810001 0.0177 -0.01799619 -0.009557157 0.00465 -0.01799619 -0.009557157 0.0177 -0.01798481 -0.009643649 0.00465 -0.01798481 -0.009643649 0.0177 -0.01796593 -0.00972882 0.00465 -0.01796593 -0.00972882 0.0177 -0.01793969 -0.00981202 0.00465 -0.01793969 -0.00981202 0.0177 -0.01790631 -0.009892619 0.00465 -0.01790631 -0.009892619 0.0177 -0.01786602 -0.009970001 0.00465 -0.01786602 -0.009970001 0.0177 -0.01781915 -0.01004358 0.00465 -0.01781915 -0.01004358 0.0177 -0.01776604 -0.01011279 0.00465 -0.01776604 -0.01011279 0.0177 -0.01770711 -0.01017711 0.00465 -0.01770711 -0.01017711 0.0177 -0.01764279 -0.01023604 0.00465 -0.01764279 -0.01023604 0.0177 -0.01757358 -0.01028915 0.00465 -0.01757358 -0.01028915 0.0177 -0.0175 -0.01033603 0.00465 -0.0175 -0.01033603 0.0177 -0.01742262 -0.01037631 0.00465 -0.01742262 -0.01037631 0.0177 -0.01734202 -0.01040969 0.00465 -0.01734202 -0.01040969 0.0177 -0.01725882 -0.01043593 0.00465 -0.01725882 -0.01043593 0.0177 -0.01717365 -0.01045481 0.00465 -0.01717365 -0.01045481 0.0177 -0.0171 -0.012375 0.001799999 -0.0171 -0.012375 0.00465 -0.0171 -0.01046499 0.001799999 -0.0171 -0.01046499 0.00465 -0.0171 0.007809999 0.001799999 -0.0171 0.007809999 0.00465 -0.0171 0.012375 0.001799999 -0.0171 0.012375 0.00465 -0.01708716 -0.0104662 0.001799999 -0.01708716 -0.0104662 0.0177 -0.017 -0.01047 0.001799999 -0.017 -0.01047 0.0177 -0.01605 -0.003753672 -0.0177 -0.01605 -0.003753672 0.01545 -0.01605 0.003753672 -0.0177 -0.01605 0.003753672 0.01545 -0.0160406 -0.003531208 -0.0177 -0.0160406 -0.003531208 0.01545 -0.0160406 0.003531208 -0.0177 -0.0160406 0.003531208 0.01545 -0.01603996 -0.00397611 -0.0177 -0.01603996 -0.00397611 0.01545 -0.01603996 0.003976109 -0.0177 -0.01603996 0.003976109 0.01545 -0.01601182 -0.003310412 -0.0177 -0.01601182 -0.003310412 0.01545 -0.01601182 0.003310411 -0.0177 -0.01601182 0.003310411 0.01545 -0.01601055 -0.00419682 -0.0177 -0.01601055 -0.00419682 0.01545 -0.01601055 0.004196817 -0.0177 -0.01601055 0.004196817 0.01545 -0.0159639 -0.003092968 -0.0177 -0.0159639 -0.003092968 0.01545 -0.0159639 0.003092966 -0.0177 -0.0159639 0.003092966 0.01545 -0.015962 -0.004414126 -0.0177 -0.015962 -0.004414126 0.01545 -0.015962 0.004414125 -0.0177 -0.015962 0.004414125 0.01545 -0.01589719 -0.002880533 -0.0177 -0.01589719 -0.002880533 0.01545 -0.01589719 0.002880531 -0.0177 -0.01589719 0.002880531 0.01545 -0.01589468 -0.004626368 -0.0177 -0.01589468 -0.004626368 0.01545 -0.01589468 0.004626368 -0.0177 -0.01589468 0.004626368 0.01545 -0.01581221 -0.002674728 -0.0177 -0.01581221 -0.002674728 0.01545 -0.01581221 0.002674726 -0.0177 -0.01581221 0.002674726 0.01545 -0.0158091 -0.004831927 -0.0177 -0.0158091 -0.004831927 0.01545 -0.0158091 0.004831926 -0.0177 -0.0158091 0.004831926 0.01545 -0.01570959 -0.002477121 -0.0177 -0.01570959 -0.002477121 0.01545 -0.01570959 0.002477119 -0.0177 -0.01570959 0.002477119 0.01545 -0.01570591 -0.005029238 -0.0177 -0.01570591 -0.005029238 0.01545 -0.01570591 0.005029236 -0.0177 -0.01570591 0.005029236 0.01545 -0.01559012 -0.00228922 -0.0177 -0.01559012 -0.00228922 0.01545 -0.01559012 0.002289219 -0.0177 -0.01559012 0.002289219 0.01545 -0.01558591 -0.005216795 -0.0177 -0.01558591 -0.005216795 0.01545 -0.01558591 0.005216793 -0.0177 -0.01558591 0.005216793 0.01545 -0.01545473 -0.002112455 -0.0177 -0.01545473 -0.002112455 0.01545 -0.01545473 0.002112455 -0.0177 -0.01545473 0.002112455 0.01545 -0.01545 -0.005993169 -0.0177 -0.01545 -0.005993169 0.01545 -0.01545 -0.005393168 -0.0177 -0.01545 -0.005393168 0.01545 -0.01545 0.005393167 -0.0177 -0.01545 0.005393167 0.01545 -0.01545 0.005993168 -0.0177 -0.01545 0.005993168 0.01545 -0.01530442 -0.001948176 -0.0177 -0.01530442 -0.001948176 0.01545 -0.01530442 0.001948175 -0.0177 -0.01530442 0.001948175 0.01545 -0.01529975 -0.006156495 -0.0177 -0.01529975 -0.006156495 0.01545 -0.01529975 0.006156494 -0.0177 -0.01529975 0.006156494 0.01545 -0.01514036 -0.001797637 -0.0177 -0.01514036 -0.001797637 0.01545 -0.01514036 0.001797634 -0.0177 -0.01514036 0.001797634 0.01545 -0.01513586 -0.006306138 -0.0177 -0.01513586 -0.006306138 0.01545 -0.01513586 0.006306137 -0.0177 -0.01513586 0.006306137 0.01545 -0.015 -0.01047 0.001799999 -0.015 -0.01047 0.0177 -0.015 -0.003750001 0.01545 -0.015 -0.003750001 0.0177 -0.015 0.003249998 0.01545 -0.015 0.003249998 0.0177 -0.01499413 -0.003882571 0.01545 -0.01499413 -0.003882571 0.0177 -0.01499413 -0.003617431 0.01545 -0.01499413 -0.003617431 0.0177 -0.01499413 0.003117428 0.01545 -0.01499413 0.003117428 0.0177 -0.01499413 0.00338257 0.01545 -0.01499413 0.00338257 0.0177 -0.01497657 -0.004014103 0.01545 -0.01497657 -0.004014103 0.0177 -0.01497657 -0.003485898 0.01545 -0.01497657 -0.003485898 0.0177 -0.01497657 0.002985895 0.01545 -0.01497657 0.002985895 0.0177 -0.01497657 0.003514103 0.01545 -0.01497657 0.003514103 0.0177 -0.01496379 -0.001661982 -0.0177 -0.01496379 -0.001661982 0.01545 -0.01496379 0.001661982 -0.0177 -0.01496379 0.001661982 0.01545 -0.01495958 -0.006440966 -0.0177 -0.01495958 -0.006440966 0.01545 -0.01495958 0.006440966 -0.0177 -0.01495958 0.006440966 0.01545 -0.01494745 -0.004143568 0.01545 -0.01494745 -0.004143568 0.0177 -0.01494745 -0.003356432 0.01545 -0.01494745 -0.003356432 0.0177 -0.01494745 0.00285643 0.01545 -0.01494745 0.00285643 0.0177 -0.01494745 0.003643568 0.01545 -0.01494745 0.003643568 0.0177 -0.01491284 -0.0104662 0.001799999 -0.01491284 -0.0104662 0.0177 -0.014907 -0.004269955 0.01545 -0.014907 -0.004269955 0.0177 -0.014907 -0.003230047 0.01545 -0.014907 -0.003230047 0.0177 -0.014907 0.002730045 0.01545 -0.014907 0.002730045 0.0177 -0.014907 0.003769955 0.01545 -0.014907 0.003769955 0.0177 -0.01485554 -0.004392271 0.01545 -0.01485554 -0.004392271 0.0177 -0.01485554 -0.003107731 0.01545 -0.01485554 -0.003107731 0.0177 -0.01485554 0.002607729 0.01545 -0.01485554 0.002607729 0.0177 -0.01485554 0.003892269 0.01545 -0.01485554 0.003892269 0.0177 -0.01482635 -0.01045481 0.001799999 -0.01482635 -0.01045481 0.0177 -0.01479347 -0.00450956 0.01545 -0.01479347 -0.00450956 0.0177 -0.01479347 -0.002990441 0.01545 -0.01479347 -0.002990441 0.0177 -0.01479347 0.00249044 0.01545 -0.01479347 0.00249044 0.0177 -0.01479347 0.00400956 0.01545 -0.01479347 0.00400956 0.0177 -0.01477606 -0.001542249 -0.0177 -0.01477606 -0.001542249 0.01545 -0.01477606 0.001542248 -0.0177 -0.01477606 0.001542248 0.01545 -0.01477224 -0.006559955 -0.0177 -0.01477224 -0.006559955 0.01545 -0.01477224 0.006559952 -0.0177 -0.01477224 0.006559952 0.01545 -0.01474118 -0.01043593 0.001799999 -0.01474118 -0.01043593 0.0177 -0.01472128 -0.004620905 0.01545 -0.01472128 -0.004620905 0.0177 -0.01472128 -0.002879097 0.01545 -0.01472128 -0.002879097 0.0177 -0.01472128 0.002379095 0.01545 -0.01472128 0.002379095 0.0177 -0.01472128 0.004120905 0.01545 -0.01472128 0.004120905 0.0177 -0.01465798 -0.01040969 0.001799999 -0.01465798 -0.01040969 0.0177 -0.01463953 -0.004725434 0.01545 -0.01463953 -0.004725434 0.0177 -0.01463953 -0.002774567 0.01545 -0.01463953 -0.002774567 0.0177 -0.01463953 0.002274567 0.01545 -0.01463953 0.002274567 0.0177 -0.01463953 0.004225431 0.01545 -0.01463953 0.004225431 0.0177 -0.0145786 -0.001439346 -0.0177 -0.0145786 -0.001439346 0.01545 -0.0145786 0.001439346 -0.0177 -0.0145786 0.001439346 0.01545 -0.01457738 -0.01037631 0.001799999 -0.01457738 -0.01037631 0.0177 -0.01457527 -0.006662206 -0.0177 -0.01457527 -0.006662206 0.01545 -0.01457527 0.006662205 -0.0177 -0.01457527 0.006662205 0.01545 -0.01454886 -0.00482233 0.01545 -0.01454886 -0.00482233 0.0177 -0.01454886 -0.002677672 0.01545 -0.01454886 -0.002677672 0.0177 -0.01454886 0.002177671 0.01545 -0.01454886 0.002177671 0.0177 -0.01454886 0.004322327 0.01545 -0.01454886 0.004322327 0.0177 -0.0145 -0.01033603 0.001799999 -0.0145 -0.01033603 0.0177 -0.01444999 -0.004910831 0.01545 -0.01444999 -0.004910831 0.0177 -0.01444999 -0.00258917 0.01545 -0.01444999 -0.00258917 0.0177 -0.01444999 0.002089169 0.01545 -0.01444999 0.002089169 0.0177 -0.01444999 0.00441083 0.01545 -0.01444999 0.00441083 0.0177 -0.01442642 -0.01028915 0.001799999 -0.01442642 -0.01028915 0.0177 -0.01437292 -0.001354064 -0.0177 -0.01437292 -0.001354064 0.01545 -0.01437292 0.001354063 -0.0177 -0.01437292 0.001354063 0.01545 -0.01437016 -0.006746941 -0.0177 -0.01437016 -0.006746941 0.01545 -0.01437016 0.006746941 -0.0177 -0.01437016 0.006746941 0.01545 -0.01435721 -0.01023604 0.001799999 -0.01435721 -0.01023604 0.0177 -0.01434368 -0.004990249 0.01545 -0.01434368 -0.004990249 0.0177 -0.01434368 -0.002509753 0.01545 -0.01434368 -0.002509753 0.0177 -0.01434368 0.002009752 0.01545 -0.01434368 0.002009752 0.0177 -0.01434368 0.004490246 0.01545 -0.01434368 0.004490246 0.0177 -0.01429289 -0.01017711 0.001799999 -0.01429289 -0.01017711 0.0177 -0.01423395 -0.01011279 0.001799999 -0.01423395 -0.01011279 0.0177 -0.01423076 -0.005059959 0.01545 -0.01423076 -0.005059959 0.0177 -0.01423076 -0.002440042 0.01545 -0.01423076 -0.002440042 0.0177 -0.01423076 0.001940041 0.01545 -0.01423076 0.001940041 0.0177 -0.01423076 0.004559958 0.01545 -0.01423076 0.004559958 0.0177 -0.01418085 -0.01004358 0.001799999 -0.01418085 -0.01004358 0.0177 -0.01416058 -0.001287048 -0.0177 -0.01416058 -0.001287048 0.01545 -0.01416058 0.001287046 -0.0177 -0.01416058 0.001287046 0.01545 -0.01415845 -0.006813523 -0.0177 -0.01415845 -0.006813523 0.01545 -0.01415845 0.006813522 -0.0177 -0.01415845 0.006813522 0.01545 -0.01413397 -0.009970001 0.001799999 -0.01413397 -0.009970001 0.0177 -0.01411213 -0.005119417 0.01545 -0.01411213 -0.005119417 0.0177 -0.01411213 -0.002380584 0.01545 -0.01411213 -0.002380584 0.0177 -0.01411213 0.001880581 0.01545 -0.01411213 0.001880581 0.0177 -0.01411213 0.004619415 0.01545 -0.01411213 0.004619415 0.0177 -0.01409369 -0.009892619 0.001799999 -0.01409369 -0.009892619 0.0177 -0.01406031 -0.00981202 0.001799999 -0.01406031 -0.00981202 0.0177 -0.01403407 -0.00972882 0.001799999 -0.01403407 -0.00972882 0.0177 -0.01401519 -0.009643649 0.001799999 -0.01401519 -0.009643649 0.0177 -0.01400381 -0.009557157 0.001799999 -0.01400381 -0.009557157 0.0177 -0.014 -0.009470001 0.001799999 -0.014 -0.009470001 0.0177 -0.014 -0.008808922 0.0177 -0.014 -0.007810001 0.001799999 -0.014 -0.007810001 0.0177 -0.0139887 -0.005168159 0.01545 -0.0139887 -0.005168159 0.0177 -0.0139887 -0.002331842 0.01545 -0.0139887 -0.002331842 0.0177 -0.0139887 0.001831842 0.01545 -0.0139887 0.001831842 0.0177 -0.0139887 0.004668158 0.01545 -0.0139887 0.004668158 0.0177 -0.0139432 -0.001238811 -0.0177 -0.0139432 -0.001238811 0.01545 -0.0139432 0.001238811 -0.0177 -0.0139432 0.001238811 0.01545 -0.01394176 -0.006861444 -0.0177 -0.01394176 -0.006861444 0.01545 -0.01394176 0.006861444 -0.0177 -0.01394176 0.006861444 0.01545 -0.01386145 -0.0052058 0.01545 -0.01386145 -0.0052058 0.0177 -0.01386145 -0.002294201 0.01545 -0.01386145 -0.002294201 0.0177 -0.01386145 0.001794199 0.01545 -0.01386145 0.001794199 0.0177 -0.01386145 0.004705799 0.01545 -0.01386145 0.004705799 0.0177 -0.01373137 -0.005232049 0.01545 -0.01373137 -0.005232049 0.0177 -0.01373137 -0.002267953 0.01545 -0.01373137 -0.002267953 0.0177 -0.01373137 0.001767952 0.01545 -0.01373137 0.001767952 0.0177 -0.01373137 0.004732048 0.01545 -0.01373137 0.004732048 0.0177 -0.01372245 -0.001209722 -0.0177 -0.01372245 -0.001209722 0.01545 -0.01372245 0.001209721 -0.0177 -0.01372245 0.001209721 0.01545 -0.01372172 -0.006890343 -0.0177 -0.01372172 -0.006890343 0.01545 -0.01372172 0.006890341 -0.0177 -0.01372172 0.006890341 0.01545 -0.01359949 -0.005246697 0.01545 -0.01359949 -0.005246697 0.0177 -0.01359949 -0.002253303 0.01545 -0.01359949 -0.002253303 0.0177 -0.01359949 0.001753302 0.01545 -0.01359949 0.001753302 0.0177 -0.01359949 0.004746696 0.01545 -0.01359949 0.004746696 0.0177 -0.0135 -0.0069 -0.0177 -0.0135 -0.0069 0.01545 -0.0135 -0.001200001 -0.0177 -0.0135 -0.001200001 0.01545 -0.0135 0.001199999 -0.0177 -0.0135 0.001199999 0.01545 -0.0135 0.0069 -0.0177 -0.0135 0.0069 0.01545 -0.01346682 -0.005249633 0.01545 -0.01346682 -0.005249633 0.0177 -0.01346682 -0.002250367 0.01545 -0.01346682 -0.002250367 0.0177 -0.01346682 0.001750366 0.01545 -0.01346682 0.001750366 0.0177 -0.01346682 0.004749632 0.01545 -0.01346682 0.004749632 0.0177 -0.01333441 -0.005240832 0.01545 -0.01333441 -0.005240832 0.0177 -0.01333441 -0.002259169 0.01545 -0.01333441 -0.002259169 0.0177 -0.01333441 0.001759167 0.01545 -0.01333441 0.001759167 0.0177 -0.01333441 0.004740831 0.01545 -0.01333441 0.004740831 0.0177 -0.01327828 -0.006890343 -0.0177 -0.01327828 -0.006890343 0.01545 -0.01327828 0.006890341 -0.0177 -0.01327828 0.006890341 0.01545 -0.01327755 -0.001209722 -0.0177 -0.01327755 -0.001209722 0.01545 -0.01327755 0.001209721 -0.0177 -0.01327755 0.001209721 0.01545 -0.0132033 -0.005220364 0.01545 -0.0132033 -0.005220364 0.0177 -0.0132033 -0.002279638 0.01545 -0.0132033 -0.002279638 0.0177 -0.0132033 0.001779636 0.01545 -0.0132033 0.001779636 0.0177 -0.0132033 0.004720364 0.01545 -0.0132033 0.004720364 0.0177 -0.01307451 -0.005188388 0.01545 -0.01307451 -0.005188388 0.0177 -0.01307451 -0.002311614 0.01545 -0.01307451 -0.002311614 0.0177 -0.01307451 0.001811613 0.01545 -0.01307451 0.001811613 0.0177 -0.01307451 0.004688385 0.01545 -0.01307451 0.004688385 0.0177 -0.01305824 -0.006861444 -0.0177 -0.01305824 -0.006861444 0.01545 -0.01305824 0.006861444 -0.0177 -0.01305824 0.006861444 0.01545 -0.0130568 -0.001238811 -0.0177 -0.0130568 -0.001238811 0.01545 -0.0130568 0.001238811 -0.0177 -0.0130568 0.001238811 0.01545 -0.01294905 -0.005145154 0.01545 -0.01294905 -0.005145154 0.0177 -0.01294905 -0.002354848 0.01545 -0.01294905 -0.002354848 0.0177 -0.01294905 0.001854847 0.01545 -0.01294905 0.001854847 0.0177 -0.01294905 0.004645153 0.01545 -0.01294905 0.004645153 0.0177 -0.01284155 -0.006813523 -0.0177 -0.01284155 -0.006813523 0.01545 -0.01284155 0.006813522 -0.0177 -0.01284155 0.006813522 0.01545 -0.01283942 -0.001287048 -0.0177 -0.01283942 -0.001287048 0.01545 -0.01283942 0.001287046 -0.0177 -0.01283942 0.001287046 0.01545 -0.0128279 -0.005091001 0.01545 -0.0128279 -0.005091001 0.0177 -0.0128279 -0.002409 0.01545 -0.0128279 -0.002409 0.0177 -0.0128279 0.001908998 0.01545 -0.0128279 0.001908998 0.0177 -0.0128279 0.004591 0.01545 -0.0128279 0.004591 0.0177 -0.01271201 -0.005026352 0.01545 -0.01271201 -0.005026352 0.0177 -0.01271201 -0.002473648 0.01545 -0.01271201 -0.002473648 0.0177 -0.01271201 0.001973646 0.01545 -0.01271201 0.001973646 0.0177 -0.01271201 0.004526352 0.01545 -0.01271201 0.004526352 0.0177 -0.01262984 -0.006746941 -0.0177 -0.01262984 -0.006746941 0.01545 -0.01262984 0.006746941 -0.0177 -0.01262984 0.006746941 0.01545 -0.01262708 -0.001354064 -0.0177 -0.01262708 -0.001354064 0.01545 -0.01262708 0.001354063 -0.0177 -0.01262708 0.001354063 0.01545 -0.01260229 -0.004951716 0.01545 -0.01260229 -0.004951716 0.0177 -0.01260229 -0.002548285 0.01545 -0.01260229 -0.002548285 0.0177 -0.01260229 0.002048283 0.01545 -0.01260229 0.002048283 0.0177 -0.01260229 0.004451714 0.01545 -0.01260229 0.004451714 0.0177 -0.0124996 -0.004867674 0.01545 -0.0124996 -0.004867674 0.0177 -0.0124996 -0.002632328 0.01545 -0.0124996 -0.002632328 0.0177 -0.0124996 0.002132326 0.01545 -0.0124996 0.002132326 0.0177 -0.0124996 0.004367674 0.01545 -0.0124996 0.004367674 0.0177 -0.01242473 -0.006662206 -0.0177 -0.01242473 -0.006662206 0.01545 -0.01242473 0.006662205 -0.0177 -0.01242473 0.006662205 0.01545 -0.0124214 -0.001439346 -0.0177 -0.0124214 -0.001439346 0.01545 -0.0124214 0.001439346 -0.0177 -0.0124214 0.001439346 0.01545 -0.01240473 -0.004774884 0.01545 -0.01240473 -0.004774884 0.0177 -0.01240473 -0.002725117 0.01545 -0.01240473 -0.002725117 0.0177 -0.01240473 0.002225115 0.01545 -0.01240473 0.002225115 0.0177 -0.01240473 0.004274883 0.01545 -0.01240473 0.004274883 0.0177 -0.01231844 -0.004674074 0.01545 -0.01231844 -0.004674074 0.0177 -0.01231844 -0.002825928 0.01545 -0.01231844 -0.002825928 0.0177 -0.01231844 0.002325926 0.01545 -0.01231844 0.002325926 0.0177 -0.01231844 0.004174072 0.01545 -0.01231844 0.004174072 0.0177 -0.01224139 -0.004566031 0.01545 -0.01224139 -0.004566031 0.0177 -0.01224139 -0.00293397 0.01545 -0.01224139 -0.00293397 0.0177 -0.01224139 0.002433968 0.01545 -0.01224139 0.002433968 0.0177 -0.01224139 0.004066031 0.01545 -0.01224139 0.004066031 0.0177 -0.01222776 -0.006559955 -0.0177 -0.01222776 -0.006559955 0.01545 -0.01222776 0.006559952 -0.0177 -0.01222776 0.006559952 0.01545 -0.01222394 -0.001542249 -0.0177 -0.01222394 -0.001542249 0.01545 -0.01222394 0.001542248 -0.0177 -0.01222394 0.001542248 0.01545 -0.0121742 -0.004451601 0.01545 -0.0121742 -0.004451601 0.0177 -0.0121742 -0.003048399 0.01545 -0.0121742 -0.003048399 0.0177 -0.0121742 0.002548397 0.01545 -0.0121742 0.002548397 0.0177 -0.0121742 0.003951601 0.01545 -0.0121742 0.003951601 0.0177 -0.01211738 -0.004331682 0.01545 -0.01211738 -0.004331682 0.0177 -0.01211738 -0.003168319 0.01545 -0.01211738 -0.003168319 0.0177 -0.01211738 0.002668318 0.01545 -0.01211738 0.002668318 0.0177 -0.01211738 0.00383168 0.01545 -0.01211738 0.00383168 0.0177 -0.01207138 -0.00420721 0.01545 -0.01207138 -0.00420721 0.0177 -0.01207138 -0.003292792 0.01545 -0.01207138 -0.003292792 0.0177 -0.01207138 0.002792789 0.01545 -0.01207138 0.002792789 0.0177 -0.01207138 0.003707207 0.01545 -0.01207138 0.003707207 0.0177 -0.01204042 -0.006440966 -0.0177 -0.01204042 -0.006440966 0.01545 -0.01204042 0.006440966 -0.0177 -0.01204042 0.006440966 0.01545 -0.01203656 -0.004079158 0.01545 -0.01203656 -0.004079158 0.0177 -0.01203656 -0.003420843 0.01545 -0.01203656 -0.003420843 0.0177 -0.01203656 0.002920841 0.01545 -0.01203656 0.002920841 0.0177 -0.01203656 0.003579157 0.01545 -0.01203656 0.003579157 0.0177 -0.01203621 -0.001661982 -0.0177 -0.01203621 -0.001661982 0.01545 -0.01203621 0.001661982 -0.0177 -0.01203621 0.001661982 0.01545 -0.0120132 -0.003948531 0.01545 -0.0120132 -0.003948531 0.0177 -0.0120132 -0.00355147 0.01545 -0.0120132 -0.00355147 0.0177 -0.0120132 0.003051468 0.01545 -0.0120132 0.003051468 0.0177 -0.0120132 0.00344853 0.01545 -0.0120132 0.00344853 0.0177 -0.01200147 -0.003816351 0.01545 -0.01200147 -0.003816351 0.0177 -0.01200147 -0.003683651 0.01545 -0.01200147 -0.003683651 0.0177 -0.01200147 0.003183649 0.01545 -0.01200147 0.003183649 0.0177 -0.01200147 0.003316349 0.01545 -0.01200147 0.003316349 0.0177 -0.01186415 -0.006306138 -0.0177 -0.01186415 -0.006306138 0.01545 -0.01186415 0.006306137 -0.0177 -0.01186415 0.006306137 0.01545 -0.01185964 -0.001797637 -0.0177 -0.01185964 -0.001797637 0.01545 -0.01185964 0.001797634 -0.0177 -0.01185964 0.001797634 0.01545 -0.01170026 -0.006156495 -0.0177 -0.01170026 -0.006156495 0.01545 -0.01170026 0.006156494 -0.0177 -0.01170026 0.006156494 0.01545 -0.01169558 -0.001948176 -0.0177 -0.01169558 -0.001948176 0.01545 -0.01169558 0.001948175 -0.0177 -0.01169558 0.001948175 0.01545 -0.01155 -0.005993169 -0.0177 -0.01155 -0.005993169 0.01545 -0.01155 -0.005393168 -0.0177 -0.01155 -0.005393168 0.01545 -0.01155 0.005393167 -0.0177 -0.01155 0.005393167 0.01545 -0.01155 0.005993168 -0.0177 -0.01155 0.005993168 0.01545 -0.01154528 -0.002112455 -0.0177 -0.01154528 -0.002112455 0.01545 -0.01154528 0.002112455 -0.0177 -0.01154528 0.002112455 0.01545 -0.0115 0.009258591 0.001799999 -0.0115 0.009258591 0.0177 -0.0115 0.01075859 0.001799999 -0.0115 0.01075859 0.0177 -0.01149619 0.01084575 0.001799999 -0.01149619 0.01084575 0.0177 -0.01148481 0.01093224 0.001799999 -0.01148481 0.01093224 0.0177 -0.01146593 0.01101741 0.001799999 -0.01146593 0.01101741 0.0177 -0.01143969 0.01110061 0.001799999 -0.01143969 0.01110061 0.0177 -0.01141409 -0.005216795 -0.0177 -0.01141409 -0.005216795 0.01545 -0.01141409 0.005216793 -0.0177 -0.01141409 0.005216793 0.01545 -0.01140988 -0.00228922 -0.0177 -0.01140988 -0.00228922 0.01545 -0.01140988 0.002289219 -0.0177 -0.01140988 0.002289219 0.01545 -0.01140631 0.01118121 0.001799999 -0.01140631 0.01118121 0.0177 -0.01136602 0.01125859 0.001799999 -0.01136602 0.01125859 0.0177 -0.01131915 0.01133217 0.001799999 -0.01131915 0.01133217 0.0177 -0.01129409 -0.005029238 -0.0177 -0.01129409 -0.005029238 0.01545 -0.01129409 0.005029236 -0.0177 -0.01129409 0.005029236 0.01545 -0.01129041 -0.002477121 -0.0177 -0.01129041 -0.002477121 0.01545 -0.01129041 0.002477119 -0.0177 -0.01129041 0.002477119 0.01545 -0.01126604 0.01140138 0.001799999 -0.01126604 0.01140138 0.0177 -0.01120711 0.0114657 0.001799999 -0.01120711 0.0114657 0.0177 -0.0111909 -0.004831927 -0.0177 -0.0111909 -0.004831927 0.01545 -0.0111909 0.004831926 -0.0177 -0.0111909 0.004831926 0.01545 -0.0111878 -0.002674728 -0.0177 -0.0111878 -0.002674728 0.01545 -0.0111878 0.002674726 -0.0177 -0.0111878 0.002674726 0.01545 -0.01114279 0.01152464 0.001799999 -0.01114279 0.01152464 0.0177 -0.01110532 -0.004626368 -0.0177 -0.01110532 -0.004626368 0.01545 -0.01110532 0.004626368 -0.0177 -0.01110532 0.004626368 0.01545 -0.01110281 -0.002880533 -0.0177 -0.01110281 -0.002880533 0.01545 -0.01110281 0.002880531 -0.0177 -0.01110281 0.002880531 0.01545 -0.01107358 0.01157774 0.001799999 -0.01107358 0.01157774 0.0177 -0.011038 -0.004414126 -0.0177 -0.011038 -0.004414126 0.01545 -0.011038 0.004414125 -0.0177 -0.011038 0.004414125 0.01545 -0.0110361 -0.003092968 -0.0177 -0.0110361 -0.003092968 0.01545 -0.0110361 0.003092966 -0.0177 -0.0110361 0.003092966 0.01545 -0.011 0.01162461 0.001799999 -0.011 0.01162461 0.0177 -0.01098945 -0.00419682 -0.0177 -0.01098945 -0.00419682 0.01545 -0.01098945 0.004196817 -0.0177 -0.01098945 0.004196817 0.01545 -0.01098818 -0.003310412 -0.0177 -0.01098818 -0.003310412 0.01545 -0.01098818 0.003310411 -0.0177 -0.01098818 0.003310411 0.01545 -0.01096004 -0.00397611 -0.0177 -0.01096004 -0.00397611 0.01545 -0.01096004 0.003976109 -0.0177 -0.01096004 0.003976109 0.01545 -0.0109594 -0.003531208 -0.0177 -0.0109594 -0.003531208 0.01545 -0.0109594 0.003531208 -0.0177 -0.0109594 0.003531208 0.01545 -0.01095 -0.003753672 -0.0177 -0.01095 -0.003753672 0.01545 -0.01095 0.003753672 -0.0177 -0.01095 0.003753672 0.01545 -0.01092262 0.0116649 0.001799999 -0.01092262 0.0116649 0.0177 -0.01084202 0.01169828 0.001799999 -0.01084202 0.01169828 0.0177 -0.01075882 0.01172452 0.001799999 -0.01075882 0.01172452 0.0177 -0.01067365 0.0117434 0.001799999 -0.01067365 0.0117434 0.0177 -0.01058716 0.01175478 0.001799999 -0.01058716 0.01175478 0.0177 -0.0105 0.01175859 0.001799999 -0.0105 0.01175859 0.0177 -0.01025 0.007809999 0.001799999 -0.01025 0.007809999 0.0177 -0.01025 0.009258591 0.001799999 -0.01025 0.009258591 0.0177 -0.0101 -0.01625 -0.0177 -0.0101 -0.011575 -0.0177 -0.0101 -0.007810001 0.0177 -0.0101 -0.000250001 0.0177 -0.0101 0 -0.0177 -0.0101 0.01175859 0.0177 -0.0101 0.01625 -0.0177 -0.009249996 -0.003753672 -0.0177 -0.009249996 -0.003753672 0.01545 -0.009249996 0.003753672 -0.0177 -0.009249996 0.003753672 0.01545 -0.009240597 -0.003531208 -0.0177 -0.009240597 -0.003531208 0.01545 -0.009240597 0.003531208 -0.0177 -0.009240597 0.003531208 0.01545 -0.009239956 -0.00397611 -0.0177 -0.009239956 -0.00397611 0.01545 -0.009239956 0.003976109 -0.0177 -0.009239956 0.003976109 0.01545 -0.009211823 -0.003310412 -0.0177 -0.009211823 -0.003310412 0.01545 -0.009211823 0.003310411 -0.0177 -0.009211823 0.003310411 0.01545 -0.009210548 -0.00419682 -0.0177 -0.009210548 -0.00419682 0.01545 -0.009210548 0.004196817 -0.0177 -0.009210548 0.004196817 0.01545 -0.0091639 -0.003092968 -0.0177 -0.0091639 -0.003092968 0.01545 -0.0091639 0.003092966 -0.0177 -0.0091639 0.003092966 0.01545 -0.009161997 -0.004414126 -0.0177 -0.009161997 -0.004414126 0.01545 -0.009161997 0.004414125 -0.0177 -0.009161997 0.004414125 0.01545 -0.009097193 -0.002880533 -0.0177 -0.009097193 -0.002880533 0.01545 -0.009097193 0.002880531 -0.0177 -0.009097193 0.002880531 0.01545 -0.009094677 -0.004626368 -0.0177 -0.009094677 -0.004626368 0.01545 -0.009094677 0.004626368 -0.0177 -0.009094677 0.004626368 0.01545 -0.009012203 -0.002674728 -0.0177 -0.009012203 -0.002674728 0.01545 -0.009012203 0.002674726 -0.0177 -0.009012203 0.002674726 0.01545 -0.009009096 -0.004831927 -0.0177 -0.009009096 -0.004831927 0.01545 -0.009009096 0.004831926 -0.0177 -0.009009096 0.004831926 0.01545 -0.008909586 -0.002477121 -0.0177 -0.008909586 -0.002477121 0.01545 -0.008909586 0.002477119 -0.0177 -0.008909586 0.002477119 0.01545 -0.008905914 -0.005029238 -0.0177 -0.008905914 -0.005029238 0.01545 -0.008905914 0.005029236 -0.0177 -0.008905914 0.005029236 0.01545 -0.008790125 -0.00228922 -0.0177 -0.008790125 -0.00228922 0.01545 -0.008790125 0.002289219 -0.0177 -0.008790125 0.002289219 0.01545 -0.008785908 -0.005216795 -0.0177 -0.008785908 -0.005216795 0.01545 -0.008785908 0.005216793 -0.0177 -0.008785908 0.005216793 0.01545 -0.00875 0.007809999 0.001799999 -0.00875 0.007809999 0.0177 -0.00875 0.009258591 0.001799999 -0.00875 0.009258591 0.0177 -0.008654724 -0.002112455 -0.0177 -0.008654724 -0.002112455 0.01545 -0.008654724 0.002112455 -0.0177 -0.008654724 0.002112455 0.01545 -0.008650002 -0.005993169 -0.0177 -0.008650002 -0.005993169 0.01545 -0.008650002 -0.005393168 -0.0177 -0.008650002 -0.005393168 0.01545 -0.008650002 0.005393167 -0.0177 -0.008650002 0.005393167 0.01545 -0.008650002 0.005993168 -0.0177 -0.008650002 0.005993168 0.01545 -0.008504421 -0.001948176 -0.0177 -0.008504421 -0.001948176 0.01545 -0.008504421 0.001948175 -0.0177 -0.008504421 0.001948175 0.01545 -0.0085 0.01175859 0.001799999 -0.0085 0.01175859 0.0177 -0.008499744 -0.006156495 -0.0177 -0.008499744 -0.006156495 0.01545 -0.008499744 0.006156494 -0.0177 -0.008499744 0.006156494 0.01545 -0.008412846 0.01175478 0.001799999 -0.008412846 0.01175478 0.0177 -0.008340359 -0.001797637 -0.0177 -0.008340359 -0.001797637 0.01545 -0.008340359 0.001797634 -0.0177 -0.008340359 0.001797634 0.01545 -0.008335855 -0.006306138 -0.0177 -0.008335855 -0.006306138 0.01545 -0.008335855 0.006306137 -0.0177 -0.008335855 0.006306137 0.01545 -0.008326351 0.0117434 0.001799999 -0.008326351 0.0117434 0.0177 -0.00824118 0.01172452 0.001799999 -0.00824118 0.01172452 0.0177 -0.008200001 -0.003750001 0.01545 -0.008200001 -0.003750001 0.0177 -0.008200001 0.003249998 0.01545 -0.008200001 0.003249998 0.0177 -0.00819413 -0.003882571 0.01545 -0.00819413 -0.003882571 0.0177 -0.00819413 -0.003617431 0.01545 -0.00819413 -0.003617431 0.0177 -0.00819413 0.003117428 0.01545 -0.00819413 0.003117428 0.0177 -0.00819413 0.00338257 0.01545 -0.00819413 0.00338257 0.0177 -0.008176567 -0.004014103 0.01545 -0.008176567 -0.004014103 0.0177 -0.008176567 -0.003485898 0.01545 -0.008176567 -0.003485898 0.0177 -0.008176567 0.002985895 0.01545 -0.008176567 0.002985895 0.0177 -0.008176567 0.003514103 0.01545 -0.008176567 0.003514103 0.0177 -0.00816379 -0.001661982 -0.0177 -0.00816379 -0.001661982 0.01545 -0.00816379 0.001661982 -0.0177 -0.00816379 0.001661982 0.01545 -0.008159578 -0.006440966 -0.0177 -0.008159578 -0.006440966 0.01545 -0.008159578 0.006440966 -0.0177 -0.008159578 0.006440966 0.01545 -0.00815798 0.01169828 0.001799999 -0.00815798 0.01169828 0.0177 -0.008147448 -0.004143568 0.01545 -0.008147448 -0.004143568 0.0177 -0.008147448 -0.003356432 0.01545 -0.008147448 -0.003356432 0.0177 -0.008147448 0.00285643 0.01545 -0.008147448 0.00285643 0.0177 -0.008147448 0.003643568 0.01545 -0.008147448 0.003643568 0.0177 -0.008106998 -0.004269955 0.01545 -0.008106998 -0.004269955 0.0177 -0.008106998 -0.003230047 0.01545 -0.008106998 -0.003230047 0.0177 -0.008106998 0.002730045 0.01545 -0.008106998 0.002730045 0.0177 -0.008106998 0.003769955 0.01545 -0.008106998 0.003769955 0.0177 -0.008077383 0.0116649 0.001799999 -0.008077383 0.0116649 0.0177 -0.00805554 -0.004392271 0.01545 -0.00805554 -0.004392271 0.0177 -0.00805554 -0.003107731 0.01545 -0.00805554 -0.003107731 0.0177 -0.00805554 0.002607729 0.01545 -0.00805554 0.002607729 0.0177 -0.00805554 0.003892269 0.01545 -0.00805554 0.003892269 0.0177 -0.008000002 0.01162461 0.001799999 -0.008000002 0.01162461 0.0177 -0.007993471 -0.00450956 0.01545 -0.007993471 -0.00450956 0.0177 -0.007993471 -0.002990441 0.01545 -0.007993471 -0.002990441 0.0177 -0.007993471 0.00249044 0.01545 -0.007993471 0.00249044 0.0177 -0.007993471 0.00400956 0.01545 -0.007993471 0.00400956 0.0177 -0.007976059 -0.001542249 -0.0177 -0.007976059 -0.001542249 0.01545 -0.007976059 0.001542248 -0.0177 -0.007976059 0.001542248 0.01545 -0.007972244 -0.006559955 -0.0177 -0.007972244 -0.006559955 0.01545 -0.007972244 0.006559952 -0.0177 -0.007972244 0.006559952 0.01545 -0.007926424 0.01157774 0.001799999 -0.007926424 0.01157774 0.0177 -0.00792128 -0.004620905 0.01545 -0.00792128 -0.004620905 0.0177 -0.00792128 -0.002879097 0.01545 -0.00792128 -0.002879097 0.0177 -0.00792128 0.002379095 0.01545 -0.00792128 0.002379095 0.0177 -0.00792128 0.004120905 0.01545 -0.00792128 0.004120905 0.0177 -0.007857212 0.01152464 0.001799999 -0.007857212 0.01152464 0.0177 -0.007839531 -0.004725434 0.01545 -0.007839531 -0.004725434 0.0177 -0.007839531 -0.002774567 0.01545 -0.007839531 -0.002774567 0.0177 -0.007839531 0.002274567 0.01545 -0.007839531 0.002274567 0.0177 -0.007839531 0.004225431 0.01545 -0.007839531 0.004225431 0.0177 -0.007792894 0.0114657 0.001799999 -0.007792894 0.0114657 0.0177 -0.007778601 -0.001439346 -0.0177 -0.007778601 -0.001439346 0.01545 -0.007778601 0.001439346 -0.0177 -0.007778601 0.001439346 0.01545 -0.007775272 -0.006662206 -0.0177 -0.007775272 -0.006662206 0.01545 -0.007775272 0.006662205 -0.0177 -0.007775272 0.006662205 0.01545 -0.007748863 -0.00482233 0.01545 -0.007748863 -0.00482233 0.0177 -0.007748863 -0.002677672 0.01545 -0.007748863 -0.002677672 0.0177 -0.007748863 0.002177671 0.01545 -0.007748863 0.002177671 0.0177 -0.007748863 0.004322327 0.01545 -0.007748863 0.004322327 0.0177 -0.007733955 0.01140138 0.001799999 -0.007733955 0.01140138 0.0177 -0.007680849 0.01133217 0.001799999 -0.007680849 0.01133217 0.0177 -0.007649986 -0.004910831 0.01545 -0.007649986 -0.004910831 0.0177 -0.007649986 -0.00258917 0.01545 -0.007649986 -0.00258917 0.0177 -0.007649986 0.002089169 0.01545 -0.007649986 0.002089169 0.0177 -0.007649986 0.00441083 0.01545 -0.007649986 0.00441083 0.0177 -0.007633974 0.01125859 0.001799999 -0.007633974 0.01125859 0.0177 -0.007593691 0.01118121 0.001799999 -0.007593691 0.01118121 0.0177 -0.00757292 -0.001354064 -0.0177 -0.00757292 -0.001354064 0.01545 -0.00757292 0.001354063 -0.0177 -0.00757292 0.001354063 0.01545 -0.007570158 -0.006746941 -0.0177 -0.007570158 -0.006746941 0.01545 -0.007570158 0.006746941 -0.0177 -0.007570158 0.006746941 0.01545 -0.007560307 0.01110061 0.001799999 -0.007560307 0.01110061 0.0177 -0.007543674 -0.004990249 0.01545 -0.007543674 -0.004990249 0.0177 -0.007543674 -0.002509753 0.01545 -0.007543674 -0.002509753 0.0177 -0.007543674 0.002009752 0.01545 -0.007543674 0.002009752 0.0177 -0.007543674 0.004490246 0.01545 -0.007543674 0.004490246 0.0177 -0.007534073 0.01101741 0.001799999 -0.007534073 0.01101741 0.0177 -0.007515192 0.01093224 0.001799999 -0.007515192 0.01093224 0.0177 -0.007503805 0.01084575 0.001799999 -0.007503805 0.01084575 0.0177 -0.0075 0.009258591 0.001799999 -0.0075 0.009258591 0.0177 -0.0075 0.01075859 0.001799999 -0.0075 0.01075859 0.0177 -0.007430758 -0.005059959 0.01545 -0.007430758 -0.005059959 0.0177 -0.007430758 -0.002440042 0.01545 -0.007430758 -0.002440042 0.0177 -0.007430758 0.001940041 0.01545 -0.007430758 0.001940041 0.0177 -0.007430758 0.004559958 0.01545 -0.007430758 0.004559958 0.0177 -0.007360579 -0.001287048 -0.0177 -0.007360579 -0.001287048 0.01545 -0.007360579 0.001287046 -0.0177 -0.007360579 0.001287046 0.01545 -0.00735845 -0.006813523 -0.0177 -0.00735845 -0.006813523 0.01545 -0.00735845 0.006813522 -0.0177 -0.00735845 0.006813522 0.01545 -0.007312126 -0.005119417 0.01545 -0.007312126 -0.005119417 0.0177 -0.007312126 -0.002380584 0.01545 -0.007312126 -0.002380584 0.0177 -0.007312126 0.001880581 0.01545 -0.007312126 0.001880581 0.0177 -0.007312126 0.004619415 0.01545 -0.007312126 0.004619415 0.0177 -0.0071887 -0.005168159 0.01545 -0.0071887 -0.005168159 0.0177 -0.0071887 -0.002331842 0.01545 -0.0071887 -0.002331842 0.0177 -0.0071887 0.001831842 0.01545 -0.0071887 0.001831842 0.0177 -0.0071887 0.004668158 0.01545 -0.0071887 0.004668158 0.0177 -0.007143206 -0.001238811 -0.0177 -0.007143206 -0.001238811 0.01545 -0.007143206 0.001238811 -0.0177 -0.007143206 0.001238811 0.01545 -0.007141758 -0.006861444 -0.0177 -0.007141758 -0.006861444 0.01545 -0.007141758 0.006861444 -0.0177 -0.007141758 0.006861444 0.01545 -0.007061451 -0.0052058 0.01545 -0.007061451 -0.0052058 0.0177 -0.007061451 -0.002294201 0.01545 -0.007061451 -0.002294201 0.0177 -0.007061451 0.001794199 0.01545 -0.007061451 0.001794199 0.0177 -0.007061451 0.004705799 0.01545 -0.007061451 0.004705799 0.0177 -0.006931374 -0.005232049 0.01545 -0.006931374 -0.005232049 0.0177 -0.006931374 -0.002267953 0.01545 -0.006931374 -0.002267953 0.0177 -0.006931374 0.001767952 0.01545 -0.006931374 0.001767952 0.0177 -0.006931374 0.004732048 0.01545 -0.006931374 0.004732048 0.0177 -0.006922449 -0.001209722 -0.0177 -0.006922449 -0.001209722 0.01545 -0.006922449 0.001209721 -0.0177 -0.006922449 0.001209721 0.01545 -0.006921721 -0.006890343 -0.0177 -0.006921721 -0.006890343 0.01545 -0.006921721 0.006890341 -0.0177 -0.006921721 0.006890341 0.01545 -0.006799486 -0.005246697 0.01545 -0.006799486 -0.005246697 0.0177 -0.006799486 -0.002253303 0.01545 -0.006799486 -0.002253303 0.0177 -0.006799486 0.001753302 0.01545 -0.006799486 0.001753302 0.0177 -0.006799486 0.004746696 0.01545 -0.006799486 0.004746696 0.0177 -0.006699999 -0.0069 -0.0177 -0.006699999 -0.0069 0.01545 -0.006699999 -0.001200001 -0.0177 -0.006699999 -0.001200001 0.01545 -0.006699999 0.001199999 -0.0177 -0.006699999 0.001199999 0.01545 -0.006699999 0.0069 -0.0177 -0.006699999 0.0069 0.01545 -0.006666817 -0.005249633 0.01545 -0.006666817 -0.005249633 0.0177 -0.006666817 -0.002250367 0.01545 -0.006666817 -0.002250367 0.0177 -0.006666817 0.001750366 0.01545 -0.006666817 0.001750366 0.0177 -0.006666817 0.004749632 0.01545 -0.006666817 0.004749632 0.0177 -0.006534409 -0.005240832 0.01545 -0.006534409 -0.005240832 0.0177 -0.006534409 -0.002259169 0.01545 -0.006534409 -0.002259169 0.0177 -0.006534409 0.001759167 0.01545 -0.006534409 0.001759167 0.0177 -0.006534409 0.004740831 0.01545 -0.006534409 0.004740831 0.0177 -0.006478281 -0.006890343 -0.0177 -0.006478281 -0.006890343 0.01545 -0.006478281 0.006890341 -0.0177 -0.006478281 0.006890341 0.01545 -0.006477551 -0.001209722 -0.0177 -0.006477551 -0.001209722 0.01545 -0.006477551 0.001209721 -0.0177 -0.006477551 0.001209721 0.01545 -0.006403297 -0.005220364 0.01545 -0.006403297 -0.005220364 0.0177 -0.006403297 -0.002279638 0.01545 -0.006403297 -0.002279638 0.0177 -0.006403297 0.001779636 0.01545 -0.006403297 0.001779636 0.0177 -0.006403297 0.004720364 0.01545 -0.006403297 0.004720364 0.0177 -0.006274506 -0.005188388 0.01545 -0.006274506 -0.005188388 0.0177 -0.006274506 -0.002311614 0.01545 -0.006274506 -0.002311614 0.0177 -0.006274506 0.001811613 0.01545 -0.006274506 0.001811613 0.0177 -0.006274506 0.004688385 0.01545 -0.006274506 0.004688385 0.0177 -0.006258242 -0.006861444 -0.0177 -0.006258242 -0.006861444 0.01545 -0.006258242 0.006861444 -0.0177 -0.006258242 0.006861444 0.01545 -0.006256796 -0.001238811 -0.0177 -0.006256796 -0.001238811 0.01545 -0.006256796 0.001238811 -0.0177 -0.006256796 0.001238811 0.01545 -0.006149048 -0.005145154 0.01545 -0.006149048 -0.005145154 0.0177 -0.006149048 -0.002354848 0.01545 -0.006149048 -0.002354848 0.0177 -0.006149048 0.001854847 0.01545 -0.006149048 0.001854847 0.0177 -0.006149048 0.004645153 0.01545 -0.006149048 0.004645153 0.0177 -0.00604155 -0.006813523 -0.0177 -0.00604155 -0.006813523 0.01545 -0.00604155 0.006813522 -0.0177 -0.00604155 0.006813522 0.01545 -0.006039421 -0.001287048 -0.0177 -0.006039421 -0.001287048 0.01545 -0.006039421 0.001287046 -0.0177 -0.006039421 0.001287046 0.01545 -0.006027899 -0.005091001 0.01545 -0.006027899 -0.005091001 0.0177 -0.006027899 -0.002409 0.01545 -0.006027899 -0.002409 0.0177 -0.006027899 0.001908998 0.01545 -0.006027899 0.001908998 0.0177 -0.006027899 0.004591 0.01545 -0.006027899 0.004591 0.0177 -0.005912012 -0.005026352 0.01545 -0.005912012 -0.005026352 0.0177 -0.005912012 -0.002473648 0.01545 -0.005912012 -0.002473648 0.0177 -0.005912012 0.001973646 0.01545 -0.005912012 0.001973646 0.0177 -0.005912012 0.004526352 0.01545 -0.005912012 0.004526352 0.0177 -0.005829844 -0.006746941 -0.0177 -0.005829844 -0.006746941 0.01545 -0.005829844 0.006746941 -0.0177 -0.005829844 0.006746941 0.01545 -0.005827082 -0.001354064 -0.0177 -0.005827082 -0.001354064 0.01545 -0.005827082 0.001354063 -0.0177 -0.005827082 0.001354063 0.01545 -0.005802292 -0.004951716 0.01545 -0.005802292 -0.004951716 0.0177 -0.005802292 -0.002548285 0.01545 -0.005802292 -0.002548285 0.0177 -0.005802292 0.002048283 0.01545 -0.005802292 0.002048283 0.0177 -0.005802292 0.004451714 0.01545 -0.005802292 0.004451714 0.0177 -0.005699596 -0.004867674 0.01545 -0.005699596 -0.004867674 0.0177 -0.005699596 -0.002632328 0.01545 -0.005699596 -0.002632328 0.0177 -0.005699596 0.002132326 0.01545 -0.005699596 0.002132326 0.0177 -0.005699596 0.004367674 0.01545 -0.005699596 0.004367674 0.0177 -0.005624727 -0.006662206 -0.0177 -0.005624727 -0.006662206 0.01545 -0.005624727 0.006662205 -0.0177 -0.005624727 0.006662205 0.01545 -0.005621399 -0.001439346 -0.0177 -0.005621399 -0.001439346 0.01545 -0.005621399 0.001439346 -0.0177 -0.005621399 0.001439346 0.01545 -0.005604731 -0.004774884 0.01545 -0.005604731 -0.004774884 0.0177 -0.005604731 -0.002725117 0.01545 -0.005604731 -0.002725117 0.0177 -0.005604731 0.002225115 0.01545 -0.005604731 0.002225115 0.0177 -0.005604731 0.004274883 0.01545 -0.005604731 0.004274883 0.0177 -0.005518438 -0.004674074 0.01545 -0.005518438 -0.004674074 0.0177 -0.005518438 -0.002825928 0.01545 -0.005518438 -0.002825928 0.0177 -0.005518438 0.002325926 0.01545 -0.005518438 0.002325926 0.0177 -0.005518438 0.004174072 0.01545 -0.005518438 0.004174072 0.0177 -0.005441391 -0.004566031 0.01545 -0.005441391 -0.004566031 0.0177 -0.005441391 -0.00293397 0.01545 -0.005441391 -0.00293397 0.0177 -0.005441391 0.002433968 0.01545 -0.005441391 0.002433968 0.0177 -0.005441391 0.004066031 0.01545 -0.005441391 0.004066031 0.0177 -0.005427757 -0.006559955 -0.0177 -0.005427757 -0.006559955 0.01545 -0.005427757 0.006559952 -0.0177 -0.005427757 0.006559952 0.01545 -0.005423941 -0.001542249 -0.0177 -0.005423941 -0.001542249 0.01545 -0.005423941 0.001542248 -0.0177 -0.005423941 0.001542248 0.01545 -0.005374197 -0.004451601 0.01545 -0.005374197 -0.004451601 0.0177 -0.005374197 -0.003048399 0.01545 -0.005374197 -0.003048399 0.0177 -0.005374197 0.002548397 0.01545 -0.005374197 0.002548397 0.0177 -0.005374197 0.003951601 0.01545 -0.005374197 0.003951601 0.0177 -0.005317377 -0.004331682 0.01545 -0.005317377 -0.004331682 0.0177 -0.005317377 -0.003168319 0.01545 -0.005317377 -0.003168319 0.0177 -0.005317377 0.002668318 0.01545 -0.005317377 0.002668318 0.0177 -0.005317377 0.00383168 0.01545 -0.005317377 0.00383168 0.0177 -0.005271379 -0.00420721 0.01545 -0.005271379 -0.00420721 0.0177 -0.005271379 -0.003292792 0.01545 -0.005271379 -0.003292792 0.0177 -0.005271379 0.002792789 0.01545 -0.005271379 0.002792789 0.0177 -0.005271379 0.003707207 0.01545 -0.005271379 0.003707207 0.0177 -0.005240421 -0.006440966 -0.0177 -0.005240421 -0.006440966 0.01545 -0.005240421 0.006440966 -0.0177 -0.005240421 0.006440966 0.01545 -0.005236561 -0.004079158 0.01545 -0.005236561 -0.004079158 0.0177 -0.005236561 -0.003420843 0.01545 -0.005236561 -0.003420843 0.0177 -0.005236561 0.002920841 0.01545 -0.005236561 0.002920841 0.0177 -0.005236561 0.003579157 0.01545 -0.005236561 0.003579157 0.0177 -0.00523621 -0.001661982 -0.0177 -0.00523621 -0.001661982 0.01545 -0.00523621 0.001661982 -0.0177 -0.00523621 0.001661982 0.01545 -0.005213198 -0.003948531 0.01545 -0.005213198 -0.003948531 0.0177 -0.005213198 -0.00355147 0.01545 -0.005213198 -0.00355147 0.0177 -0.005213198 0.003051468 0.01545 -0.005213198 0.003051468 0.0177 -0.005213198 0.00344853 0.01545 -0.005213198 0.00344853 0.0177 -0.005201468 -0.003816351 0.01545 -0.005201468 -0.003816351 0.0177 -0.005201468 -0.003683651 0.01545 -0.005201468 -0.003683651 0.0177 -0.005201468 0.003183649 0.01545 -0.005201468 0.003183649 0.0177 -0.005201468 0.003316349 0.01545 -0.005201468 0.003316349 0.0177 -0.005064144 -0.006306138 -0.0177 -0.005064144 -0.006306138 0.01545 -0.005064144 0.006306137 -0.0177 -0.005064144 0.006306137 0.01545 -0.005059641 -0.001797637 -0.0177 -0.005059641 -0.001797637 0.01545 -0.005059641 0.001797634 -0.0177 -0.005059641 0.001797634 0.01545 -0.004900257 -0.006156495 -0.0177 -0.004900257 -0.006156495 0.01545 -0.004900257 0.006156494 -0.0177 -0.004900257 0.006156494 0.01545 -0.004895578 -0.001948176 -0.0177 -0.004895578 -0.001948176 0.01545 -0.004895578 0.001948175 -0.0177 -0.004895578 0.001948175 0.01545 -0.00475 -0.005993169 -0.0177 -0.00475 -0.005993169 0.01545 -0.00475 -0.005393168 -0.0177 -0.00475 -0.005393168 0.01545 -0.00475 0.005393167 -0.0177 -0.00475 0.005393167 0.01545 -0.00475 0.005993168 -0.0177 -0.00475 0.005993168 0.01545 -0.004745277 -0.002112455 -0.0177 -0.004745277 -0.002112455 0.01545 -0.004745277 0.002112455 -0.0177 -0.004745277 0.002112455 0.01545 -0.004614092 -0.005216795 -0.0177 -0.004614092 -0.005216795 0.01545 -0.004614092 0.005216793 -0.0177 -0.004614092 0.005216793 0.01545 -0.004609875 -0.00228922 -0.0177 -0.004609875 -0.00228922 0.01545 -0.004609875 0.002289219 -0.0177 -0.004609875 0.002289219 0.01545 -0.004494087 -0.005029238 -0.0177 -0.004494087 -0.005029238 0.01545 -0.004494087 0.005029236 -0.0177 -0.004494087 0.005029236 0.01545 -0.004490414 -0.002477121 -0.0177 -0.004490414 -0.002477121 0.01545 -0.004490414 0.002477119 -0.0177 -0.004490414 0.002477119 0.01545 -0.004390903 -0.004831927 -0.0177 -0.004390903 -0.004831927 0.01545 -0.004390903 0.004831926 -0.0177 -0.004390903 0.004831926 0.01545 -0.004387796 -0.002674728 -0.0177 -0.004387796 -0.002674728 0.01545 -0.004387796 0.002674726 -0.0177 -0.004387796 0.002674726 0.01545 -0.004305323 -0.004626368 -0.0177 -0.004305323 -0.004626368 0.01545 -0.004305323 0.004626368 -0.0177 -0.004305323 0.004626368 0.01545 -0.004302809 -0.002880533 -0.0177 -0.004302809 -0.002880533 0.01545 -0.004302809 0.002880531 -0.0177 -0.004302809 0.002880531 0.01545 -0.004238003 -0.004414126 -0.0177 -0.004238003 -0.004414126 0.01545 -0.004238003 0.004414125 -0.0177 -0.004238003 0.004414125 0.01545 -0.004236099 -0.003092968 -0.0177 -0.004236099 -0.003092968 0.01545 -0.004236099 0.003092966 -0.0177 -0.004236099 0.003092966 0.01545 -0.004189451 -0.00419682 -0.0177 -0.004189451 -0.00419682 0.01545 -0.004189451 0.004196817 -0.0177 -0.004189451 0.004196817 0.01545 -0.004188177 -0.003310412 -0.0177 -0.004188177 -0.003310412 0.01545 -0.004188177 0.003310411 -0.0177 -0.004188177 0.003310411 0.01545 -0.004160046 -0.00397611 -0.0177 -0.004160046 -0.00397611 0.01545 -0.004160046 0.003976109 -0.0177 -0.004160046 0.003976109 0.01545 -0.004159405 -0.003531208 -0.0177 -0.004159405 -0.003531208 0.01545 -0.004159405 0.003531208 -0.0177 -0.004159405 0.003531208 0.01545 -0.004150003 -0.003753672 -0.0177 -0.004150003 -0.003753672 0.01545 -0.004150003 0.003753672 -0.0177 -0.004150003 0.003753672 0.01545 -0.003299999 -0.01625 -0.0177 -0.003299999 -0.011575 -0.0177 -0.003299999 -0.007810001 0.0177 -0.003299999 -0.000250001 0.0177 -0.003299999 0 -0.0177 -0.003299999 0.007809999 0.0177 -0.003299999 0.01625 -0.0177 -0.002449997 -0.003753672 -0.0177 -0.002449997 -0.003753672 0.01545 -0.002449997 0.003753672 -0.0177 -0.002449997 0.003753672 0.01545 -0.002440596 -0.003531208 -0.0177 -0.002440596 -0.003531208 0.01545 -0.002440596 0.003531208 -0.0177 -0.002440596 0.003531208 0.01545 -0.002439955 -0.00397611 -0.0177 -0.002439955 -0.00397611 0.01545 -0.002439955 0.003976109 -0.0177 -0.002439955 0.003976109 0.01545 -0.002411823 -0.003310412 -0.0177 -0.002411823 -0.003310412 0.01545 -0.002411823 0.003310411 -0.0177 -0.002411823 0.003310411 0.01545 -0.002410547 -0.00419682 -0.0177 -0.002410547 -0.00419682 0.01545 -0.002410547 0.004196817 -0.0177 -0.002410547 0.004196817 0.01545 -0.002363901 -0.003092968 -0.0177 -0.002363901 -0.003092968 0.01545 -0.002363901 0.003092966 -0.0177 -0.002363901 0.003092966 0.01545 -0.002361998 -0.004414126 -0.0177 -0.002361998 -0.004414126 0.01545 -0.002361998 0.004414125 -0.0177 -0.002361998 0.004414125 0.01545 -0.002297192 -0.002880533 -0.0177 -0.002297192 -0.002880533 0.01545 -0.002297192 0.002880531 -0.0177 -0.002297192 0.002880531 0.01545 -0.002294678 -0.004626368 -0.0177 -0.002294678 -0.004626368 0.01545 -0.002294678 0.004626368 -0.0177 -0.002294678 0.004626368 0.01545 -0.002212204 -0.002674728 -0.0177 -0.002212204 -0.002674728 0.01545 -0.002212204 0.002674726 -0.0177 -0.002212204 0.002674726 0.01545 -0.002209097 -0.004831927 -0.0177 -0.002209097 -0.004831927 0.01545 -0.002209097 0.004831926 -0.0177 -0.002209097 0.004831926 0.01545 -0.002109587 -0.002477121 -0.0177 -0.002109587 -0.002477121 0.01545 -0.002109587 0.002477119 -0.0177 -0.002109587 0.002477119 0.01545 -0.002105911 -0.005029238 -0.0177 -0.002105911 -0.005029238 0.01545 -0.002105911 0.005029236 -0.0177 -0.002105911 0.005029236 0.01545 -0.001990124 -0.00228922 -0.0177 -0.001990124 -0.00228922 0.01545 -0.001990124 0.002289219 -0.0177 -0.001990124 0.002289219 0.01545 -0.001985909 -0.005216795 -0.0177 -0.001985909 -0.005216795 0.01545 -0.001985909 0.005216793 -0.0177 -0.001985909 0.005216793 0.01545 -0.001854723 -0.002112455 -0.0177 -0.001854723 -0.002112455 0.01545 -0.001854723 0.002112455 -0.0177 -0.001854723 0.002112455 0.01545 -0.00185 -0.005993169 -0.0177 -0.00185 -0.005993169 0.01545 -0.00185 -0.005393168 -0.0177 -0.00185 -0.005393168 0.01545 -0.00185 0.005393167 -0.0177 -0.00185 0.005393167 0.01545 -0.00185 0.005993168 -0.0177 -0.00185 0.005993168 0.01545 -0.00170442 -0.001948176 -0.0177 -0.00170442 -0.001948176 0.01545 -0.00170442 0.001948175 -0.0177 -0.00170442 0.001948175 0.01545 -0.001699743 -0.006156495 -0.0177 -0.001699743 -0.006156495 0.01545 -0.001699743 0.006156494 -0.0177 -0.001699743 0.006156494 0.01545 -0.001540359 -0.001797637 -0.0177 -0.001540359 -0.001797637 0.01545 -0.001540359 0.001797634 -0.0177 -0.001540359 0.001797634 0.01545 -0.001535854 -0.006306138 -0.0177 -0.001535854 -0.006306138 0.01545 -0.001535854 0.006306137 -0.0177 -0.001535854 0.006306137 0.01545 -0.001508022 -0.01136784 0.001799999 -0.001508022 -0.01136784 0.0177 -0.001508022 -0.009867844 0.001799999 -0.001508022 -0.009867844 0.0177 -0.001504217 -0.011455 0.001799999 -0.001504217 -0.011455 0.0177 -0.00149283 -0.01154149 0.001799999 -0.00149283 -0.01154149 0.0177 -0.001473948 -0.01162666 0.001799999 -0.001473948 -0.01162666 0.0177 -0.001447716 -0.01170986 0.001799999 -0.001447716 -0.01170986 0.0177 -0.00141433 -0.01179046 0.001799999 -0.00141433 -0.01179046 0.0177 -0.0014 -0.003750001 0.01545 -0.0014 -0.003750001 0.0177 -0.0014 0.003249998 0.01545 -0.0014 0.003249998 0.0177 -0.001394131 -0.003882571 0.01545 -0.001394131 -0.003882571 0.0177 -0.001394131 -0.003617431 0.01545 -0.001394131 -0.003617431 0.0177 -0.001394131 0.003117428 0.01545 -0.001394131 0.003117428 0.0177 -0.001394131 0.00338257 0.01545 -0.001394131 0.00338257 0.0177 -0.001376568 -0.004014103 0.01545 -0.001376568 -0.004014103 0.0177 -0.001376568 -0.003485898 0.01545 -0.001376568 -0.003485898 0.0177 -0.001376568 0.002985895 0.01545 -0.001376568 0.002985895 0.0177 -0.001376568 0.003514103 0.01545 -0.001376568 0.003514103 0.0177 -0.001374046 -0.01186784 0.001799999 -0.001374046 -0.01186784 0.0177 -0.001363791 -0.001661982 -0.0177 -0.001363791 -0.001661982 0.01545 -0.001363791 0.001661982 -0.0177 -0.001363791 0.001661982 0.01545 -0.001359577 -0.006440966 -0.0177 -0.001359577 -0.006440966 0.01545 -0.001359577 0.006440966 -0.0177 -0.001359577 0.006440966 0.01545 -0.001347446 -0.004143568 0.01545 -0.001347446 -0.004143568 0.0177 -0.001347446 -0.003356432 0.01545 -0.001347446 -0.003356432 0.0177 -0.001347446 0.00285643 0.01545 -0.001347446 0.00285643 0.0177 -0.001347446 0.003643568 0.01545 -0.001347446 0.003643568 0.0177 -0.001327173 -0.01194142 0.001799999 -0.001327173 -0.01194142 0.0177 -0.001306999 -0.004269955 0.01545 -0.001306999 -0.004269955 0.0177 -0.001306999 -0.003230047 0.01545 -0.001306999 -0.003230047 0.0177 -0.001306999 0.002730045 0.01545 -0.001306999 0.002730045 0.0177 -0.001306999 0.003769955 0.01545 -0.001306999 0.003769955 0.0177 -0.001274067 -0.01201063 0.001799999 -0.001274067 -0.01201063 0.0177 -0.001255541 -0.004392271 0.01545 -0.001255541 -0.004392271 0.0177 -0.001255541 -0.003107731 0.01545 -0.001255541 -0.003107731 0.0177 -0.001255541 0.002607729 0.01545 -0.001255541 0.002607729 0.0177 -0.001255541 0.003892269 0.01545 -0.001255541 0.003892269 0.0177 -0.001215128 -0.01207495 0.001799999 -0.001215128 -0.01207495 0.0177 -0.001193472 -0.00450956 0.01545 -0.001193472 -0.00450956 0.0177 -0.001193472 -0.002990441 0.01545 -0.001193472 -0.002990441 0.0177 -0.001193472 0.00249044 0.01545 -0.001193472 0.00249044 0.0177 -0.001193472 0.00400956 0.01545 -0.001193472 0.00400956 0.0177 -0.00117606 -0.001542249 -0.0177 -0.00117606 -0.001542249 0.01545 -0.00117606 0.001542248 -0.0177 -0.00117606 0.001542248 0.01545 -0.001172243 -0.006559955 -0.0177 -0.001172243 -0.006559955 0.01545 -0.001172243 0.006559952 -0.0177 -0.001172243 0.006559952 0.01545 -0.001150808 -0.01213389 0.001799999 -0.001150808 -0.01213389 0.0177 -0.001121281 -0.004620905 0.01545 -0.001121281 -0.004620905 0.0177 -0.001121281 -0.002879097 0.01545 -0.001121281 -0.002879097 0.0177 -0.001121281 0.002379095 0.01545 -0.001121281 0.002379095 0.0177 -0.001121281 0.004120905 0.01545 -0.001121281 0.004120905 0.0177 -0.001081598 -0.012187 0.001799999 -0.001081598 -0.012187 0.0177 -0.001039532 -0.004725434 0.01545 -0.001039532 -0.004725434 0.0177 -0.001039532 -0.002774567 0.01545 -0.001039532 -0.002774567 0.0177 -0.001039532 0.002274567 0.01545 -0.001039532 0.002274567 0.0177 -0.001039532 0.004225431 0.01545 -0.001039532 0.004225431 0.0177 -0.001008022 -0.01223387 0.001799999 -0.001008022 -0.01223387 0.0177 -0.0009785995 -0.001439346 -0.0177 -0.0009785995 -0.001439346 0.01545 -0.0009785995 0.001439346 -0.0177 -0.0009785995 0.001439346 0.01545 -0.0009752731 -0.006662206 -0.0177 -0.0009752731 -0.006662206 0.01545 -0.0009752731 0.006662205 -0.0177 -0.0009752731 0.006662205 0.01545 -0.000948864 -0.00482233 0.01545 -0.000948864 -0.00482233 0.0177 -0.000948864 -0.002677672 0.01545 -0.000948864 -0.002677672 0.0177 -0.000948864 0.002177671 0.01545 -0.000948864 0.002177671 0.0177 -0.000948864 0.004322327 0.01545 -0.000948864 0.004322327 0.0177 -0.0009306412 -0.01227415 0.001799999 -0.0009306412 -0.01227415 0.0177 -0.0008500423 -0.01230754 0.001799999 -0.0008500423 -0.01230754 0.0177 -0.000849987 -0.004910831 0.01545 -0.000849987 -0.004910831 0.0177 -0.000849987 -0.00258917 0.01545 -0.000849987 -0.00258917 0.0177 -0.000849987 0.002089169 0.01545 -0.000849987 0.002089169 0.0177 -0.000849987 0.00441083 0.01545 -0.000849987 0.00441083 0.0177 -0.0007729168 -0.001354064 -0.0177 -0.0007729168 -0.001354064 0.01545 -0.0007729168 0.001354063 -0.0177 -0.0007729168 0.001354063 0.01545 -0.0007701569 -0.006746941 -0.0177 -0.0007701569 -0.006746941 0.01545 -0.0007701569 0.006746941 -0.0177 -0.0007701569 0.006746941 0.01545 -0.0007668419 -0.01233377 0.001799999 -0.0007668419 -0.01233377 0.0177 -0.0007436733 -0.004990249 0.01545 -0.0007436733 -0.004990249 0.0177 -0.0007436733 -0.002509753 0.01545 -0.0007436733 -0.002509753 0.0177 -0.0007436733 0.002009752 0.01545 -0.0007436733 0.002009752 0.0177 -0.0007436733 0.004490246 0.01545 -0.0007436733 0.004490246 0.0177 -0.0006816711 -0.01235265 0.001799999 -0.0006816711 -0.01235265 0.0177 -0.0006307583 -0.005059959 0.01545 -0.0006307583 -0.005059959 0.0177 -0.0006307583 -0.002440042 0.01545 -0.0006307583 -0.002440042 0.0177 -0.0006307583 0.001940041 0.01545 -0.0006307583 0.001940041 0.0177 -0.0006307583 0.004559958 0.01545 -0.0006307583 0.004559958 0.0177 -0.0005951786 -0.01236404 0.001799999 -0.0005951786 -0.01236404 0.0177 -0.0005605793 -0.001287048 -0.0177 -0.0005605793 -0.001287048 0.01545 -0.0005605793 0.001287046 -0.0177 -0.0005605793 0.001287046 0.01545 -0.0005584507 -0.006813523 -0.0177 -0.0005584507 -0.006813523 0.01545 -0.0005584507 0.006813522 -0.0177 -0.0005584507 0.006813522 0.01545 -0.000512125 -0.005119417 0.01545 -0.000512125 -0.005119417 0.0177 -0.000512125 -0.002380584 0.01545 -0.000512125 -0.002380584 0.0177 -0.000512125 0.001880581 0.01545 -0.000512125 0.001880581 0.0177 -0.000512125 0.004619415 0.01545 -0.000512125 0.004619415 0.0177 -0.0005080223 -0.01236784 0.001799999 -0.0005080223 -0.01236784 0.0177 -0.0003887005 -0.005168159 0.01545 -0.0003887005 -0.005168159 0.0177 -0.0003887005 -0.002331842 0.01545 -0.0003887005 -0.002331842 0.0177 -0.0003887005 0.001831842 0.01545 -0.0003887005 0.001831842 0.0177 -0.0003887005 0.004668158 0.01545 -0.0003887005 0.004668158 0.0177 -0.0003432045 -0.001238811 -0.0177 -0.0003432045 -0.001238811 0.01545 -0.0003432045 0.001238811 -0.0177 -0.0003432045 0.001238811 0.01545 -0.0003417587 -0.006861444 -0.0177 -0.0003417587 -0.006861444 0.01545 -0.0003417587 0.006861444 -0.0177 -0.0003417587 0.006861444 0.01545 -0.0002614517 -0.0052058 0.01545 -0.0002614517 -0.0052058 0.0177 -0.0002614517 -0.002294201 0.01545 -0.0002614517 -0.002294201 0.0177 -0.0002614517 0.001794199 0.01545 -0.0002614517 0.001794199 0.0177 -0.0002614517 0.004705799 0.01545 -0.0002614517 0.004705799 0.0177 -0.00025 -0.009867844 0.001799999 -0.00025 -0.009867844 0.0177 -0.00025 -0.008808922 0.0177 -0.00025 -0.007810001 0.001799999 -0.00025 -0.007810001 0.0177 -0.0001313725 -0.005232049 0.01545 -0.0001313725 -0.005232049 0.0177 -0.0001313725 -0.002267953 0.01545 -0.0001313725 -0.002267953 0.0177 -0.0001313725 0.001767952 0.01545 -0.0001313725 0.001767952 0.0177 -0.0001313725 0.004732048 0.01545 -0.0001313725 0.004732048 0.0177 -0.0001224499 -0.001209722 -0.0177 -0.0001224499 -0.001209722 0.01545 -0.0001224499 0.001209721 -0.0177 -0.0001224499 0.001209721 0.01545 -0.0001217194 -0.006890343 -0.0177 -0.0001217194 -0.006890343 0.01545 -0.0001217194 0.006890341 -0.0177 -0.0001217194 0.006890341 0.01545 5.149841e-07 -0.005246697 0.01545 5.149841e-07 -0.005246697 0.0177 5.149841e-07 -0.002253303 0.01545 5.149841e-07 -0.002253303 0.0177 5.149841e-07 0.001753302 0.01545 5.149841e-07 0.001753302 0.0177 5.149841e-07 0.004746696 0.01545 5.149841e-07 0.004746696 0.0177 0.0001000023 -0.0069 -0.0177 0.0001000023 -0.0069 0.01545 0.0001000023 -0.001200001 -0.0177 0.0001000023 -0.001200001 0.01545 0.0001000023 0.001199999 -0.0177 0.0001000023 0.001199999 0.01545 0.0001000023 0.0069 -0.0177 0.0001000023 0.0069 0.01545 0.0001331825 -0.005249633 0.01545 0.0001331825 -0.005249633 0.0177 0.0001331825 -0.002250367 0.01545 0.0001331825 -0.002250367 0.0177 0.0001331825 0.001750366 0.01545 0.0001331825 0.001750366 0.0177 0.0001331825 0.004749632 0.01545 0.0001331825 0.004749632 0.0177 0.0002655907 -0.005240832 0.01545 0.0002655907 -0.005240832 0.0177 0.0002655907 -0.002259169 0.01545 0.0002655907 -0.002259169 0.0177 0.0002655907 0.001759167 0.01545 0.0002655907 0.001759167 0.0177 0.0002655907 0.004740831 0.01545 0.0002655907 0.004740831 0.0177 0.0003217201 -0.006890343 -0.0177 0.0003217201 -0.006890343 0.01545 0.0003217201 0.006890341 -0.0177 0.0003217201 0.006890341 0.01545 0.0003224506 -0.001209722 -0.0177 0.0003224506 -0.001209722 0.01545 0.0003224506 0.001209721 -0.0177 0.0003224506 0.001209721 0.01545 0.0003967018 -0.005220364 0.01545 0.0003967018 -0.005220364 0.0177 0.0003967018 -0.002279638 0.01545 0.0003967018 -0.002279638 0.0177 0.0003967018 0.001779636 0.01545 0.0003967018 0.001779636 0.0177 0.0003967018 0.004720364 0.01545 0.0003967018 0.004720364 0.0177 0.0005254936 -0.005188388 0.01545 0.0005254936 -0.005188388 0.0177 0.0005254936 -0.002311614 0.01545 0.0005254936 -0.002311614 0.0177 0.0005254936 0.001811613 0.01545 0.0005254936 0.001811613 0.0177 0.0005254936 0.004688385 0.01545 0.0005254936 0.004688385 0.0177 0.0005417595 -0.006861444 -0.0177 0.0005417595 -0.006861444 0.01545 0.0005417595 0.006861444 -0.0177 0.0005417595 0.006861444 0.01545 0.0005432014 -0.001238811 -0.0177 0.0005432014 -0.001238811 0.01545 0.0005432014 0.001238811 -0.0177 0.0005432014 0.001238811 0.01545 0.0006509552 -0.005145154 0.01545 0.0006509552 -0.005145154 0.0177 0.0006509552 -0.002354848 0.01545 0.0006509552 -0.002354848 0.0177 0.0006509552 0.001854847 0.01545 0.0006509552 0.001854847 0.0177 0.0006509552 0.004645153 0.01545 0.0006509552 0.004645153 0.0177 0.0007584496 -0.006813523 -0.0177 0.0007584496 -0.006813523 0.01545 0.0007584496 0.006813522 -0.0177 0.0007584496 0.006813522 0.01545 0.000760582 -0.001287048 -0.0177 0.000760582 -0.001287048 0.01545 0.000760582 0.001287046 -0.0177 0.000760582 0.001287046 0.01545 0.0007720985 -0.005091001 0.01545 0.0007720985 -0.005091001 0.0177 0.0007720985 -0.002409 0.01545 0.0007720985 -0.002409 0.0177 0.0007720985 0.001908998 0.01545 0.0007720985 0.001908998 0.0177 0.0007720985 0.004591 0.01545 0.0007720985 0.004591 0.0177 0.0008879852 -0.005026352 0.01545 0.0008879852 -0.005026352 0.0177 0.0008879852 -0.002473648 0.01545 0.0008879852 -0.002473648 0.0177 0.0008879852 0.001973646 0.01545 0.0008879852 0.001973646 0.0177 0.0008879852 0.004526352 0.01545 0.0008879852 0.004526352 0.0177 0.0009701576 -0.006746941 -0.0177 0.0009701576 -0.006746941 0.01545 0.0009701576 0.006746941 -0.0177 0.0009701576 0.006746941 0.01545 0.0009729195 -0.001354064 -0.0177 0.0009729195 -0.001354064 0.01545 0.0009729195 0.001354063 -0.0177 0.0009729195 0.001354063 0.01545 0.0009977074 -0.004951716 0.01545 0.0009977074 -0.004951716 0.0177 0.0009977074 -0.002548285 0.01545 0.0009977074 -0.002548285 0.0177 0.0009977074 0.002048283 0.01545 0.0009977074 0.002048283 0.0177 0.0009977074 0.004451714 0.01545 0.0009977074 0.004451714 0.0177 0.001100403 -0.004867674 0.01545 0.001100403 -0.004867674 0.0177 0.001100403 -0.002632328 0.01545 0.001100403 -0.002632328 0.0177 0.001100403 0.002132326 0.01545 0.001100403 0.002132326 0.0177 0.001100403 0.004367674 0.01545 0.001100403 0.004367674 0.0177 0.001175274 -0.006662206 -0.0177 0.001175274 -0.006662206 0.01545 0.001175274 0.006662205 -0.0177 0.001175274 0.006662205 0.01545 0.0011786 -0.001439346 -0.0177 0.0011786 -0.001439346 0.01545 0.0011786 0.001439346 -0.0177 0.0011786 0.001439346 0.01545 0.001195267 -0.004774884 0.01545 0.001195267 -0.004774884 0.0177 0.001195267 -0.002725117 0.01545 0.001195267 -0.002725117 0.0177 0.001195267 0.002225115 0.01545 0.001195267 0.002225115 0.0177 0.001195267 0.004274883 0.01545 0.001195267 0.004274883 0.0177 0.00125 -0.009867844 0.001799999 0.00125 -0.009867844 0.0177 0.00125 -0.008808922 0.0177 0.00125 -0.007810001 0.001799999 0.00125 -0.007810001 0.0177 0.001281563 -0.004674074 0.01545 0.001281563 -0.004674074 0.0177 0.001281563 -0.002825928 0.01545 0.001281563 -0.002825928 0.0177 0.001281563 0.002325926 0.01545 0.001281563 0.002325926 0.0177 0.001281563 0.004174072 0.01545 0.001281563 0.004174072 0.0177 0.001358608 -0.004566031 0.01545 0.001358608 -0.004566031 0.0177 0.001358608 -0.00293397 0.01545 0.001358608 -0.00293397 0.0177 0.001358608 0.002433968 0.01545 0.001358608 0.002433968 0.0177 0.001358608 0.004066031 0.01545 0.001358608 0.004066031 0.0177 0.001372246 -0.006559955 -0.0177 0.001372246 -0.006559955 0.01545 0.001372246 0.006559952 -0.0177 0.001372246 0.006559952 0.01545 0.00137606 -0.001542249 -0.0177 0.00137606 -0.001542249 0.01545 0.00137606 0.001542248 -0.0177 0.00137606 0.001542248 0.01545 0.001425804 -0.004451601 0.01545 0.001425804 -0.004451601 0.0177 0.001425804 -0.003048399 0.01545 0.001425804 -0.003048399 0.0177 0.001425804 0.002548397 0.01545 0.001425804 0.002548397 0.0177 0.001425804 0.003951601 0.01545 0.001425804 0.003951601 0.0177 0.001482624 -0.004331682 0.01545 0.001482624 -0.004331682 0.0177 0.001482624 -0.003168319 0.01545 0.001482624 -0.003168319 0.0177 0.001482624 0.002668318 0.01545 0.001482624 0.002668318 0.0177 0.001482624 0.00383168 0.01545 0.001482624 0.00383168 0.0177 0.001491978 -0.01236784 0.001799999 0.001491978 -0.01236784 0.0177 0.001528622 -0.00420721 0.01545 0.001528622 -0.00420721 0.0177 0.001528622 -0.003292792 0.01545 0.001528622 -0.003292792 0.0177 0.001528622 0.002792789 0.01545 0.001528622 0.002792789 0.0177 0.001528622 0.003707207 0.01545 0.001528622 0.003707207 0.0177 0.001559578 -0.006440966 -0.0177 0.001559578 -0.006440966 0.01545 0.001559578 0.006440966 -0.0177 0.001559578 0.006440966 0.01545 0.001563442 -0.004079158 0.01545 0.001563442 -0.004079158 0.0177 0.001563442 -0.003420843 0.01545 0.001563442 -0.003420843 0.0177 0.001563442 0.002920841 0.01545 0.001563442 0.002920841 0.0177 0.001563442 0.003579157 0.01545 0.001563442 0.003579157 0.0177 0.001563789 -0.001661982 -0.0177 0.001563789 -0.001661982 0.01545 0.001563789 0.001661982 -0.0177 0.001563789 0.001661982 0.01545 0.001579136 -0.01236404 0.001799999 0.001579136 -0.01236404 0.0177 0.001586803 -0.003948531 0.01545 0.001586803 -0.003948531 0.0177 0.001586803 -0.00355147 0.01545 0.001586803 -0.00355147 0.0177 0.001586803 0.003051468 0.01545 0.001586803 0.003051468 0.0177 0.001586803 0.00344853 0.01545 0.001586803 0.00344853 0.0177 0.001598534 -0.003816351 0.01545 0.001598534 -0.003816351 0.0177 0.001598534 -0.003683651 0.01545 0.001598534 -0.003683651 0.0177 0.001598534 0.003183649 0.01545 0.001598534 0.003183649 0.0177 0.001598534 0.003316349 0.01545 0.001598534 0.003316349 0.0177 0.001665627 -0.01235265 0.001799999 0.001665627 -0.01235265 0.0177 0.001735855 -0.006306138 -0.0177 0.001735855 -0.006306138 0.01545 0.001735855 0.006306137 -0.0177 0.001735855 0.006306137 0.01545 0.00174036 -0.001797637 -0.0177 0.00174036 -0.001797637 0.01545 0.00174036 0.001797634 -0.0177 0.00174036 0.001797634 0.01545 0.001750797 -0.01233377 0.001799999 0.001750797 -0.01233377 0.0177 0.001833996 -0.01230754 0.001799999 0.001833996 -0.01230754 0.0177 0.001899746 -0.006156495 -0.0177 0.001899746 -0.006156495 0.01545 0.001899746 0.006156494 -0.0177 0.001899746 0.006156494 0.01545 0.001904419 -0.001948176 -0.0177 0.001904419 -0.001948176 0.01545 0.001904419 0.001948175 -0.0177 0.001904419 0.001948175 0.01545 0.001914597 -0.01227415 0.001799999 0.001914597 -0.01227415 0.0177 0.001991982 -0.01223387 0.001799999 0.001991982 -0.01223387 0.0177 0.002050003 -0.005993169 -0.0177 0.002050003 -0.005993169 0.01545 0.002050003 -0.005393168 -0.0177 0.002050003 -0.005393168 0.01545 0.002050003 0.005393167 -0.0177 0.002050003 0.005393167 0.01545 0.002050003 0.005993168 -0.0177 0.002050003 0.005993168 0.01545 0.002054726 -0.002112455 -0.0177 0.002054726 -0.002112455 0.01545 0.002054726 0.002112455 -0.0177 0.002054726 0.002112455 0.01545 0.002065556 -0.012187 0.001799999 0.002065556 -0.012187 0.0177 0.002134766 -0.01213389 0.001799999 0.002134766 -0.01213389 0.0177 0.002185905 -0.005216795 -0.0177 0.002185905 -0.005216795 0.01545 0.002185905 0.005216793 -0.0177 0.002185905 0.005216793 0.01545 0.002190125 -0.00228922 -0.0177 0.002190125 -0.00228922 0.01545 0.002190125 0.002289219 -0.0177 0.002190125 0.002289219 0.01545 0.002199085 -0.01207495 0.001799999 0.002199085 -0.01207495 0.0177 0.002258022 -0.01201063 0.001799999 0.002258022 -0.01201063 0.0177 0.002305912 -0.005029238 -0.0177 0.002305912 -0.005029238 0.01545 0.002305912 0.005029236 -0.0177 0.002305912 0.005029236 0.01545 0.002309586 -0.002477121 -0.0177 0.002309586 -0.002477121 0.01545 0.002309586 0.002477119 -0.0177 0.002309586 0.002477119 0.01545 0.002311131 -0.01194142 0.001799999 0.002311131 -0.01194142 0.0177 0.002358006 -0.01186784 0.001799999 0.002358006 -0.01186784 0.0177 0.002398285 -0.01179046 0.001799999 0.002398285 -0.01179046 0.0177 0.002409096 -0.004831927 -0.0177 0.002409096 -0.004831927 0.01545 0.002409096 0.004831926 -0.0177 0.002409096 0.004831926 0.01545 0.002412205 -0.002674728 -0.0177 0.002412205 -0.002674728 0.01545 0.002412205 0.002674726 -0.0177 0.002412205 0.002674726 0.01545 0.002431671 -0.01170986 0.001799999 0.002431671 -0.01170986 0.0177 0.002457905 -0.01162666 0.001799999 0.002457905 -0.01162666 0.0177 0.002476784 -0.01154149 0.001799999 0.002476784 -0.01154149 0.0177 0.002488174 -0.011455 0.001799999 0.002488174 -0.011455 0.0177 0.002491978 -0.01136784 0.001799999 0.002491978 -0.01136784 0.0177 0.002491978 -0.009867844 0.001799999 0.002491978 -0.009867844 0.0177 0.002494678 -0.004626368 -0.0177 0.002494678 -0.004626368 0.01545 0.002494678 0.004626368 -0.0177 0.002494678 0.004626368 0.01545 0.002497192 -0.002880533 -0.0177 0.002497192 -0.002880533 0.01545 0.002497192 0.002880531 -0.0177 0.002497192 0.002880531 0.01545 0.002561996 -0.004414126 -0.0177 0.002561996 -0.004414126 0.01545 0.002561996 0.004414125 -0.0177 0.002561996 0.004414125 0.01545 0.0025639 -0.003092968 -0.0177 0.0025639 -0.003092968 0.01545 0.0025639 0.003092966 -0.0177 0.0025639 0.003092966 0.01545 0.00261055 -0.00419682 -0.0177 0.00261055 -0.00419682 0.01545 0.00261055 0.004196817 -0.0177 0.00261055 0.004196817 0.01545 0.002611824 -0.003310412 -0.0177 0.002611824 -0.003310412 0.01545 0.002611824 0.003310411 -0.0177 0.002611824 0.003310411 0.01545 0.002639957 -0.00397611 -0.0177 0.002639957 -0.00397611 0.01545 0.002639957 0.003976109 -0.0177 0.002639957 0.003976109 0.01545 0.002640598 -0.003531208 -0.0177 0.002640598 -0.003531208 0.01545 0.002640598 0.003531208 -0.0177 0.002640598 0.003531208 0.01545 0.002649998 -0.003753672 -0.0177 0.002649998 -0.003753672 0.01545 0.002649998 0.003753672 -0.0177 0.002649998 0.003753672 0.01545 0.0035 -0.01625 -0.0177 0.0035 -0.011575 -0.0177 0.0035 -0.007810001 0.0177 0.0035 -0.000250001 0.0177 0.0035 0 -0.0177 0.0035 0.007809999 0.0177 0.0035 0.01625 -0.0177 0.004350002 -0.003753672 -0.0177 0.004350002 -0.003753672 0.01545 0.004350002 0.003753672 -0.0177 0.004350002 0.003753672 0.01545 0.004359402 -0.003531208 -0.0177 0.004359402 -0.003531208 0.01545 0.004359402 0.003531208 -0.0177 0.004359402 0.003531208 0.01545 0.004360043 -0.00397611 -0.0177 0.004360043 -0.00397611 0.01545 0.004360043 0.003976109 -0.0177 0.004360043 0.003976109 0.01545 0.004388176 -0.003310412 -0.0177 0.004388176 -0.003310412 0.01545 0.004388176 0.003310411 -0.0177 0.004388176 0.003310411 0.01545 0.00438945 -0.00419682 -0.0177 0.00438945 -0.00419682 0.01545 0.00438945 0.004196817 -0.0177 0.00438945 0.004196817 0.01545 0.004436096 -0.003092968 -0.0177 0.004436096 -0.003092968 0.01545 0.004436096 0.003092966 -0.0177 0.004436096 0.003092966 0.01545 0.004438004 -0.004414126 -0.0177 0.004438004 -0.004414126 0.01545 0.004438004 0.004414125 -0.0177 0.004438004 0.004414125 0.01545 0.004502811 -0.002880533 -0.0177 0.004502811 -0.002880533 0.01545 0.004502811 0.002880531 -0.0177 0.004502811 0.002880531 0.01545 0.004505322 -0.004626368 -0.0177 0.004505322 -0.004626368 0.01545 0.004505322 0.004626368 -0.0177 0.004505322 0.004626368 0.01545 0.004587795 -0.002674728 -0.0177 0.004587795 -0.002674728 0.01545 0.004587795 0.002674726 -0.0177 0.004587795 0.002674726 0.01545 0.004590904 -0.004831927 -0.0177 0.004590904 -0.004831927 0.01545 0.004590904 0.004831926 -0.0177 0.004590904 0.004831926 0.01545 0.004690411 -0.002477121 -0.0177 0.004690411 -0.002477121 0.01545 0.004690411 0.002477119 -0.0177 0.004690411 0.002477119 0.01545 0.004694084 -0.005029238 -0.0177 0.004694084 -0.005029238 0.01545 0.004694084 0.005029236 -0.0177 0.004694084 0.005029236 0.01545 0.004809875 -0.00228922 -0.0177 0.004809875 -0.00228922 0.01545 0.004809875 0.002289219 -0.0177 0.004809875 0.002289219 0.01545 0.004814091 -0.005216795 -0.0177 0.004814091 -0.005216795 0.01545 0.004814091 0.005216793 -0.0177 0.004814091 0.005216793 0.01545 0.004945278 -0.002112455 -0.0177 0.004945278 -0.002112455 0.01545 0.004945278 0.002112455 -0.0177 0.004945278 0.002112455 0.01545 0.004950001 -0.005993169 -0.0177 0.004950001 -0.005993169 0.01545 0.004950001 -0.005393168 -0.0177 0.004950001 -0.005393168 0.01545 0.004950001 0.005393167 -0.0177 0.004950001 0.005393167 0.01545 0.004950001 0.005993168 -0.0177 0.004950001 0.005993168 0.01545 0.005095577 -0.001948176 -0.0177 0.005095577 -0.001948176 0.01545 0.005095577 0.001948175 -0.0177 0.005095577 0.001948175 0.01545 0.005100258 -0.006156495 -0.0177 0.005100258 -0.006156495 0.01545 0.005100258 0.006156494 -0.0177 0.005100258 0.006156494 0.01545 0.00525964 -0.001797637 -0.0177 0.00525964 -0.001797637 0.01545 0.00525964 0.001797634 -0.0177 0.00525964 0.001797634 0.01545 0.005264145 -0.006306138 -0.0177 0.005264145 -0.006306138 0.01545 0.005264145 0.006306137 -0.0177 0.005264145 0.006306137 0.01545 0.005400002 -0.003750001 0.01545 0.005400002 -0.003750001 0.0177 0.005400002 0.003249998 0.01545 0.005400002 0.003249998 0.0177 0.005405869 -0.003882571 0.01545 0.005405869 -0.003882571 0.0177 0.005405869 -0.003617431 0.01545 0.005405869 -0.003617431 0.0177 0.005405869 0.003117428 0.01545 0.005405869 0.003117428 0.0177 0.005405869 0.00338257 0.01545 0.005405869 0.00338257 0.0177 0.005423435 -0.004014103 0.01545 0.005423435 -0.004014103 0.0177 0.005423435 -0.003485898 0.01545 0.005423435 -0.003485898 0.0177 0.005423435 0.002985895 0.01545 0.005423435 0.002985895 0.0177 0.005423435 0.003514103 0.01545 0.005423435 0.003514103 0.0177 0.005436211 -0.001661982 -0.0177 0.005436211 -0.001661982 0.01545 0.005436211 0.001661982 -0.0177 0.005436211 0.001661982 0.01545 0.005440422 -0.006440966 -0.0177 0.005440422 -0.006440966 0.01545 0.005440422 0.006440966 -0.0177 0.005440422 0.006440966 0.01545 0.005452553 -0.004143568 0.01545 0.005452553 -0.004143568 0.0177 0.005452553 -0.003356432 0.01545 0.005452553 -0.003356432 0.0177 0.005452553 0.00285643 0.01545 0.005452553 0.00285643 0.0177 0.005452553 0.003643568 0.01545 0.005452553 0.003643568 0.0177 0.005493 -0.004269955 0.01545 0.005493 -0.004269955 0.0177 0.005493 -0.003230047 0.01545 0.005493 -0.003230047 0.0177 0.005493 0.002730045 0.01545 0.005493 0.002730045 0.0177 0.005493 0.003769955 0.01545 0.005493 0.003769955 0.0177 0.00554446 -0.004392271 0.01545 0.00554446 -0.004392271 0.0177 0.00554446 -0.003107731 0.01545 0.00554446 -0.003107731 0.0177 0.00554446 0.002607729 0.01545 0.00554446 0.002607729 0.0177 0.00554446 0.003892269 0.01545 0.00554446 0.003892269 0.0177 0.005606529 -0.00450956 0.01545 0.005606529 -0.00450956 0.0177 0.005606529 -0.002990441 0.01545 0.005606529 -0.002990441 0.0177 0.005606529 0.00249044 0.01545 0.005606529 0.00249044 0.0177 0.005606529 0.00400956 0.01545 0.005606529 0.00400956 0.0177 0.00562394 -0.001542249 -0.0177 0.00562394 -0.001542249 0.01545 0.00562394 0.001542248 -0.0177 0.00562394 0.001542248 0.01545 0.005627758 -0.006559955 -0.0177 0.005627758 -0.006559955 0.01545 0.005627758 0.006559952 -0.0177 0.005627758 0.006559952 0.01545 0.005678722 -0.004620905 0.01545 0.005678722 -0.004620905 0.0177 0.005678722 -0.002879097 0.01545 0.005678722 -0.002879097 0.0177 0.005678722 0.002379095 0.01545 0.005678722 0.002379095 0.0177 0.005678722 0.004120905 0.01545 0.005678722 0.004120905 0.0177 0.005760468 -0.004725434 0.01545 0.005760468 -0.004725434 0.0177 0.005760468 -0.002774567 0.01545 0.005760468 -0.002774567 0.0177 0.005760468 0.002274567 0.01545 0.005760468 0.002274567 0.0177 0.005760468 0.004225431 0.01545 0.005760468 0.004225431 0.0177 0.0058214 -0.001439346 -0.0177 0.0058214 -0.001439346 0.01545 0.0058214 0.001439346 -0.0177 0.0058214 0.001439346 0.01545 0.005824726 -0.006662206 -0.0177 0.005824726 -0.006662206 0.01545 0.005824726 0.006662205 -0.0177 0.005824726 0.006662205 0.01545 0.005851139 -0.00482233 0.01545 0.005851139 -0.00482233 0.0177 0.005851139 -0.002677672 0.01545 0.005851139 -0.002677672 0.0177 0.005851139 0.002177671 0.01545 0.005851139 0.002177671 0.0177 0.005851139 0.004322327 0.01545 0.005851139 0.004322327 0.0177 0.005950016 -0.004910831 0.01545 0.005950016 -0.004910831 0.0177 0.005950016 -0.00258917 0.01545 0.005950016 -0.00258917 0.0177 0.005950016 0.002089169 0.01545 0.005950016 0.002089169 0.0177 0.005950016 0.00441083 0.01545 0.005950016 0.00441083 0.0177 0.006027081 -0.001354064 -0.0177 0.006027081 -0.001354064 0.01545 0.006027081 0.001354063 -0.0177 0.006027081 0.001354063 0.01545 0.006029846 -0.006746941 -0.0177 0.006029846 -0.006746941 0.01545 0.006029846 0.006746941 -0.0177 0.006029846 0.006746941 0.01545 0.006056328 -0.004990249 0.01545 0.006056328 -0.004990249 0.0177 0.006056328 -0.002509753 0.01545 0.006056328 -0.002509753 0.0177 0.006056328 0.002009752 0.01545 0.006056328 0.002009752 0.0177 0.006056328 0.004490246 0.01545 0.006056328 0.004490246 0.0177 0.006169239 -0.005059959 0.01545 0.006169239 -0.005059959 0.0177 0.006169239 -0.002440042 0.01545 0.006169239 -0.002440042 0.0177 0.006169239 0.001940041 0.01545 0.006169239 0.001940041 0.0177 0.006169239 0.004559958 0.01545 0.006169239 0.004559958 0.0177 0.006239422 -0.001287048 -0.0177 0.006239422 -0.001287048 0.01545 0.006239422 0.001287046 -0.0177 0.006239422 0.001287046 0.01545 0.00624155 -0.006813523 -0.0177 0.00624155 -0.006813523 0.01545 0.00624155 0.006813522 -0.0177 0.00624155 0.006813522 0.01545 0.006287872 -0.005119417 0.01545 0.006287872 -0.005119417 0.0177 0.006287872 -0.002380584 0.01545 0.006287872 -0.002380584 0.0177 0.006287872 0.001880581 0.01545 0.006287872 0.001880581 0.0177 0.006287872 0.004619415 0.01545 0.006287872 0.004619415 0.0177 0.006411301 -0.005168159 0.01545 0.006411301 -0.005168159 0.0177 0.006411301 -0.002331842 0.01545 0.006411301 -0.002331842 0.0177 0.006411301 0.001831842 0.01545 0.006411301 0.001831842 0.0177 0.006411301 0.004668158 0.01545 0.006411301 0.004668158 0.0177 0.006456795 -0.001238811 -0.0177 0.006456795 -0.001238811 0.01545 0.006456795 0.001238811 -0.0177 0.006456795 0.001238811 0.01545 0.006458241 -0.006861444 -0.0177 0.006458241 -0.006861444 0.01545 0.006458241 0.006861444 -0.0177 0.006458241 0.006861444 0.01545 0.006538548 -0.0052058 0.01545 0.006538548 -0.0052058 0.0177 0.006538548 -0.002294201 0.01545 0.006538548 -0.002294201 0.0177 0.006538548 0.001794199 0.01545 0.006538548 0.001794199 0.0177 0.006538548 0.004705799 0.01545 0.006538548 0.004705799 0.0177 0.006668629 -0.005232049 0.01545 0.006668629 -0.005232049 0.0177 0.006668629 -0.002267953 0.01545 0.006668629 -0.002267953 0.0177 0.006668629 0.001767952 0.01545 0.006668629 0.001767952 0.0177 0.006668629 0.004732048 0.01545 0.006668629 0.004732048 0.0177 0.006677547 -0.001209722 -0.0177 0.006677547 -0.001209722 0.01545 0.006677547 0.001209721 -0.0177 0.006677547 0.001209721 0.01545 0.006678284 -0.006890343 -0.0177 0.006678284 -0.006890343 0.01545 0.006678284 0.006890341 -0.0177 0.006678284 0.006890341 0.01545 0.006800518 -0.005246697 0.01545 0.006800518 -0.005246697 0.0177 0.006800518 -0.002253303 0.01545 0.006800518 -0.002253303 0.0177 0.006800518 0.001753302 0.01545 0.006800518 0.001753302 0.0177 0.006800518 0.004746696 0.01545 0.006800518 0.004746696 0.0177 0.006900002 -0.0069 -0.0177 0.006900002 -0.0069 0.01545 0.006900002 -0.001200001 -0.0177 0.006900002 -0.001200001 0.01545 0.006900002 0.001199999 -0.0177 0.006900002 0.001199999 0.01545 0.006900002 0.0069 -0.0177 0.006900002 0.0069 0.01545 0.006933182 -0.005249633 0.01545 0.006933182 -0.005249633 0.0177 0.006933182 -0.002250367 0.01545 0.006933182 -0.002250367 0.0177 0.006933182 0.001750366 0.01545 0.006933182 0.001750366 0.0177 0.006933182 0.004749632 0.01545 0.006933182 0.004749632 0.0177 0.00706559 -0.005240832 0.01545 0.00706559 -0.005240832 0.0177 0.00706559 -0.002259169 0.01545 0.00706559 -0.002259169 0.0177 0.00706559 0.001759167 0.01545 0.00706559 0.001759167 0.0177 0.00706559 0.004740831 0.01545 0.00706559 0.004740831 0.0177 0.007121719 -0.006890343 -0.0177 0.007121719 -0.006890343 0.01545 0.007121719 0.006890341 -0.0177 0.007121719 0.006890341 0.01545 0.007122448 -0.001209722 -0.0177 0.007122448 -0.001209722 0.01545 0.007122448 0.001209721 -0.0177 0.007122448 0.001209721 0.01545 0.007196701 -0.005220364 0.01545 0.007196701 -0.005220364 0.0177 0.007196701 -0.002279638 0.01545 0.007196701 -0.002279638 0.0177 0.007196701 0.001779636 0.01545 0.007196701 0.001779636 0.0177 0.007196701 0.004720364 0.01545 0.007196701 0.004720364 0.0177 0.007325493 -0.005188388 0.01545 0.007325493 -0.005188388 0.0177 0.007325493 -0.002311614 0.01545 0.007325493 -0.002311614 0.0177 0.007325493 0.001811613 0.01545 0.007325493 0.001811613 0.0177 0.007325493 0.004688385 0.01545 0.007325493 0.004688385 0.0177 0.007341759 -0.006861444 -0.0177 0.007341759 -0.006861444 0.01545 0.007341759 0.006861444 -0.0177 0.007341759 0.006861444 0.01545 0.007343204 -0.001238811 -0.0177 0.007343204 -0.001238811 0.01545 0.007343204 0.001238811 -0.0177 0.007343204 0.001238811 0.01545 0.007450954 -0.005145154 0.01545 0.007450954 -0.005145154 0.0177 0.007450954 -0.002354848 0.01545 0.007450954 -0.002354848 0.0177 0.007450954 0.001854847 0.01545 0.007450954 0.001854847 0.0177 0.007450954 0.004645153 0.01545 0.007450954 0.004645153 0.0177 0.007558449 -0.006813523 -0.0177 0.007558449 -0.006813523 0.01545 0.007558449 0.006813522 -0.0177 0.007558449 0.006813522 0.01545 0.007560581 -0.001287048 -0.0177 0.007560581 -0.001287048 0.01545 0.007560581 0.001287046 -0.0177 0.007560581 0.001287046 0.01545 0.007572098 -0.005091001 0.01545 0.007572098 -0.005091001 0.0177 0.007572098 -0.002409 0.01545 0.007572098 -0.002409 0.0177 0.007572098 0.001908998 0.01545 0.007572098 0.001908998 0.0177 0.007572098 0.004591 0.01545 0.007572098 0.004591 0.0177 0.007687984 -0.005026352 0.01545 0.007687984 -0.005026352 0.0177 0.007687984 -0.002473648 0.01545 0.007687984 -0.002473648 0.0177 0.007687984 0.001973646 0.01545 0.007687984 0.001973646 0.0177 0.007687984 0.004526352 0.01545 0.007687984 0.004526352 0.0177 0.007770157 -0.006746941 -0.0177 0.007770157 -0.006746941 0.01545 0.007770157 0.006746941 -0.0177 0.007770157 0.006746941 0.01545 0.007772919 -0.001354064 -0.0177 0.007772919 -0.001354064 0.01545 0.007772919 0.001354063 -0.0177 0.007772919 0.001354063 0.01545 0.007797707 -0.004951716 0.01545 0.007797707 -0.004951716 0.0177 0.007797707 -0.002548285 0.01545 0.007797707 -0.002548285 0.0177 0.007797707 0.002048283 0.01545 0.007797707 0.002048283 0.0177 0.007797707 0.004451714 0.01545 0.007797707 0.004451714 0.0177 0.007900402 -0.004867674 0.01545 0.007900402 -0.004867674 0.0177 0.007900402 -0.002632328 0.01545 0.007900402 -0.002632328 0.0177 0.007900402 0.002132326 0.01545 0.007900402 0.002132326 0.0177 0.007900402 0.004367674 0.01545 0.007900402 0.004367674 0.0177 0.007975273 -0.006662206 -0.0177 0.007975273 -0.006662206 0.01545 0.007975273 0.006662205 -0.0177 0.007975273 0.006662205 0.01545 0.0079786 -0.001439346 -0.0177 0.0079786 -0.001439346 0.01545 0.0079786 0.001439346 -0.0177 0.0079786 0.001439346 0.01545 0.00799527 -0.004774884 0.01545 0.00799527 -0.004774884 0.0177 0.00799527 -0.002725117 0.01545 0.00799527 -0.002725117 0.0177 0.00799527 0.002225115 0.01545 0.00799527 0.002225115 0.0177 0.00799527 0.004274883 0.01545 0.00799527 0.004274883 0.0177 0.008081562 -0.004674074 0.01545 0.008081562 -0.004674074 0.0177 0.008081562 -0.002825928 0.01545 0.008081562 -0.002825928 0.0177 0.008081562 0.002325926 0.01545 0.008081562 0.002325926 0.0177 0.008081562 0.004174072 0.01545 0.008081562 0.004174072 0.0177 0.008158607 -0.004566031 0.01545 0.008158607 -0.004566031 0.0177 0.008158607 -0.00293397 0.01545 0.008158607 -0.00293397 0.0177 0.008158607 0.002433968 0.01545 0.008158607 0.002433968 0.0177 0.008158607 0.004066031 0.01545 0.008158607 0.004066031 0.0177 0.008172245 -0.006559955 -0.0177 0.008172245 -0.006559955 0.01545 0.008172245 0.006559952 -0.0177 0.008172245 0.006559952 0.01545 0.00817606 -0.001542249 -0.0177 0.00817606 -0.001542249 0.01545 0.00817606 0.001542248 -0.0177 0.00817606 0.001542248 0.01545 0.008225803 -0.004451601 0.01545 0.008225803 -0.004451601 0.0177 0.008225803 -0.003048399 0.01545 0.008225803 -0.003048399 0.0177 0.008225803 0.002548397 0.01545 0.008225803 0.002548397 0.0177 0.008225803 0.003951601 0.01545 0.008225803 0.003951601 0.0177 0.008282623 -0.004331682 0.01545 0.008282623 -0.004331682 0.0177 0.008282623 -0.003168319 0.01545 0.008282623 -0.003168319 0.0177 0.008282623 0.002668318 0.01545 0.008282623 0.002668318 0.0177 0.008282623 0.00383168 0.01545 0.008282623 0.00383168 0.0177 0.008328625 -0.00420721 0.01545 0.008328625 -0.00420721 0.0177 0.008328625 -0.003292792 0.01545 0.008328625 -0.003292792 0.0177 0.008328625 0.002792789 0.01545 0.008328625 0.002792789 0.0177 0.008328625 0.003707207 0.01545 0.008328625 0.003707207 0.0177 0.008349998 0.009285812 0.001799999 0.008349998 0.009285812 0.0177 0.008349998 0.01078581 0.001799999 0.008349998 0.01078581 0.0177 0.008353806 0.01087297 0.001799999 0.008353806 0.01087297 0.0177 0.008359577 -0.006440966 -0.0177 0.008359577 -0.006440966 0.01545 0.008359577 0.006440966 -0.0177 0.008359577 0.006440966 0.01545 0.008363441 -0.004079158 0.01545 0.008363441 -0.004079158 0.0177 0.008363441 -0.003420843 0.01545 0.008363441 -0.003420843 0.0177 0.008363441 0.002920841 0.01545 0.008363441 0.002920841 0.0177 0.008363441 0.003579157 0.01545 0.008363441 0.003579157 0.0177 0.008363792 -0.001661982 -0.0177 0.008363792 -0.001661982 0.01545 0.008363792 0.001661982 -0.0177 0.008363792 0.001661982 0.01545 0.008365192 0.01095946 0.001799999 0.008365192 0.01095946 0.0177 0.008384075 0.01104463 0.001799999 0.008384075 0.01104463 0.0177 0.008386806 -0.003948531 0.01545 0.008386806 -0.003948531 0.0177 0.008386806 -0.00355147 0.01545 0.008386806 -0.00355147 0.0177 0.008386806 0.003051468 0.01545 0.008386806 0.003051468 0.0177 0.008386806 0.00344853 0.01545 0.008386806 0.00344853 0.0177 0.008398533 -0.003816351 0.01545 0.008398533 -0.003816351 0.0177 0.008398533 -0.003683651 0.01545 0.008398533 -0.003683651 0.0177 0.008398533 0.003183649 0.01545 0.008398533 0.003183649 0.0177 0.008398533 0.003316349 0.01545 0.008398533 0.003316349 0.0177 0.008410309 0.01112783 0.001799999 0.008410309 0.01112783 0.0177 0.008443691 0.01120843 0.001799999 0.008443691 0.01120843 0.0177 0.008483974 0.01128581 0.001799999 0.008483974 0.01128581 0.0177 0.008530849 0.01135939 0.001799999 0.008530849 0.01135939 0.0177 0.008535854 -0.006306138 -0.0177 0.008535854 -0.006306138 0.01545 0.008535854 0.006306137 -0.0177 0.008535854 0.006306137 0.01545 0.008540359 -0.001797637 -0.0177 0.008540359 -0.001797637 0.01545 0.008540359 0.001797634 -0.0177 0.008540359 0.001797634 0.01545 0.008583954 0.0114286 0.001799999 0.008583954 0.0114286 0.0177 0.008642895 0.01149292 0.001799999 0.008642895 0.01149292 0.0177 0.008699745 -0.006156495 -0.0177 0.008699745 -0.006156495 0.01545 0.008699745 0.006156494 -0.0177 0.008699745 0.006156494 0.01545 0.008704422 -0.001948176 -0.0177 0.008704422 -0.001948176 0.01545 0.008704422 0.001948175 -0.0177 0.008704422 0.001948175 0.01545 0.008707211 0.01155186 0.001799999 0.008707211 0.01155186 0.0177 0.008776424 0.01160496 0.001799999 0.008776424 0.01160496 0.0177 0.008850002 -0.005993169 -0.0177 0.008850002 -0.005993169 0.01545 0.008850002 -0.005393168 -0.0177 0.008850002 -0.005393168 0.01545 0.008850002 0.005393167 -0.0177 0.008850002 0.005393167 0.01545 0.008850002 0.005993168 -0.0177 0.008850002 0.005993168 0.01545 0.008850002 0.01165184 0.001799999 0.008850002 0.01165184 0.0177 0.008854725 -0.002112455 -0.0177 0.008854725 -0.002112455 0.01545 0.008854725 0.002112455 -0.0177 0.008854725 0.002112455 0.01545 0.008927383 0.01169212 0.001799999 0.008927383 0.01169212 0.0177 0.008985909 -0.005216795 -0.0177 0.008985909 -0.005216795 0.01545 0.008985909 0.005216793 -0.0177 0.008985909 0.005216793 0.01545 0.008990124 -0.00228922 -0.0177 0.008990124 -0.00228922 0.01545 0.008990124 0.002289219 -0.0177 0.008990124 0.002289219 0.01545 0.00900798 0.01172551 0.001799999 0.00900798 0.01172551 0.0177 0.009091179 0.01175174 0.001799999 0.009091179 0.01175174 0.0177 0.009105915 -0.005029238 -0.0177 0.009105915 -0.005029238 0.01545 0.009105915 0.005029236 -0.0177 0.009105915 0.005029236 0.01545 0.009109585 -0.002477121 -0.0177 0.009109585 -0.002477121 0.01545 0.009109585 0.002477119 -0.0177 0.009109585 0.002477119 0.01545 0.00917635 0.01177062 0.001799999 0.00917635 0.01177062 0.0177 0.009209095 -0.004831927 -0.0177 0.009209095 -0.004831927 0.01545 0.009209095 0.004831926 -0.0177 0.009209095 0.004831926 0.01545 0.009212204 -0.002674728 -0.0177 0.009212204 -0.002674728 0.01545 0.009212204 0.002674726 -0.0177 0.009212204 0.002674726 0.01545 0.009262844 0.01178201 0.001799999 0.009262844 0.01178201 0.0177 0.009294678 -0.004626368 -0.0177 0.009294678 -0.004626368 0.01545 0.009294678 0.004626368 -0.0177 0.009294678 0.004626368 0.01545 0.009297192 -0.002880533 -0.0177 0.009297192 -0.002880533 0.01545 0.009297192 0.002880531 -0.0177 0.009297192 0.002880531 0.01545 0.009350002 0.01178581 0.001799999 0.009350002 0.01178581 0.0177 0.009361996 -0.004414126 -0.0177 0.009361996 -0.004414126 0.01545 0.009361996 0.004414125 -0.0177 0.009361996 0.004414125 0.01545 0.009363899 -0.003092968 -0.0177 0.009363899 -0.003092968 0.01545 0.009363899 0.003092966 -0.0177 0.009363899 0.003092966 0.01545 0.009410549 -0.00419682 -0.0177 0.009410549 -0.00419682 0.01545 0.009410549 0.004196817 -0.0177 0.009410549 0.004196817 0.01545 0.009411827 -0.003310412 -0.0177 0.009411827 -0.003310412 0.01545 0.009411827 0.003310411 -0.0177 0.009411827 0.003310411 0.01545 0.009439957 -0.00397611 -0.0177 0.009439957 -0.00397611 0.01545 0.009439957 0.003976109 -0.0177 0.009439957 0.003976109 0.01545 0.009440598 -0.003531208 -0.0177 0.009440598 -0.003531208 0.01545 0.009440598 0.003531208 -0.0177 0.009440598 0.003531208 0.01545 0.009449997 -0.003753672 -0.0177 0.009449997 -0.003753672 0.01545 0.009449997 0.003753672 -0.0177 0.009449997 0.003753672 0.01545 0.009599998 0.007809999 0.001799999 0.009599998 0.007809999 0.0177 0.009599998 0.009285812 0.001799999 0.009599998 0.009285812 0.0177 0.0103 -0.01625 -0.0177 0.0103 -0.011575 -0.0177 0.0103 -0.007810001 0.0177 0.0103 -0.000250001 0.0177 0.0103 0 -0.0177 0.0103 0.01178581 0.0177 0.0103 0.01625 -0.0177 0.0111 0.007809999 0.001799999 0.0111 0.007809999 0.0177 0.0111 0.009285812 0.001799999 0.0111 0.009285812 0.0177 0.01115 -0.003753672 -0.0177 0.01115 -0.003753672 0.01545 0.01115 0.003753672 -0.0177 0.01115 0.003753672 0.01545 0.0111594 -0.003531208 -0.0177 0.0111594 -0.003531208 0.01545 0.0111594 0.003531208 -0.0177 0.0111594 0.003531208 0.01545 0.01116005 -0.00397611 -0.0177 0.01116005 -0.00397611 0.01545 0.01116005 0.003976109 -0.0177 0.01116005 0.003976109 0.01545 0.01118818 -0.003310412 -0.0177 0.01118818 -0.003310412 0.01545 0.01118818 0.003310411 -0.0177 0.01118818 0.003310411 0.01545 0.01118945 -0.00419682 -0.0177 0.01118945 -0.00419682 0.01545 0.01118945 0.004196817 -0.0177 0.01118945 0.004196817 0.01545 0.0112361 -0.003092968 -0.0177 0.0112361 -0.003092968 0.01545 0.0112361 0.003092966 -0.0177 0.0112361 0.003092966 0.01545 0.011238 -0.004414126 -0.0177 0.011238 -0.004414126 0.01545 0.011238 0.004414125 -0.0177 0.011238 0.004414125 0.01545 0.01130281 -0.002880533 -0.0177 0.01130281 -0.002880533 0.01545 0.01130281 0.002880531 -0.0177 0.01130281 0.002880531 0.01545 0.01130532 -0.004626368 -0.0177 0.01130532 -0.004626368 0.01545 0.01130532 0.004626368 -0.0177 0.01130532 0.004626368 0.01545 0.01135 0.01178581 0.001799999 0.01135 0.01178581 0.0177 0.01138779 -0.002674728 -0.0177 0.01138779 -0.002674728 0.01545 0.01138779 0.002674726 -0.0177 0.01138779 0.002674726 0.01545 0.0113909 -0.004831927 -0.0177 0.0113909 -0.004831927 0.01545 0.0113909 0.004831926 -0.0177 0.0113909 0.004831926 0.01545 0.01143716 0.01178201 0.001799999 0.01143716 0.01178201 0.0177 0.01149041 -0.002477121 -0.0177 0.01149041 -0.002477121 0.01545 0.01149041 0.002477119 -0.0177 0.01149041 0.002477119 0.01545 0.01149408 -0.005029238 -0.0177 0.01149408 -0.005029238 0.01545 0.01149408 0.005029236 -0.0177 0.01149408 0.005029236 0.01545 0.01152365 0.01177062 0.001799999 0.01152365 0.01177062 0.0177 0.01160882 0.01175174 0.001799999 0.01160882 0.01175174 0.0177 0.01160987 -0.00228922 -0.0177 0.01160987 -0.00228922 0.01545 0.01160987 0.002289219 -0.0177 0.01160987 0.002289219 0.01545 0.01161409 -0.005216795 -0.0177 0.01161409 -0.005216795 0.01545 0.01161409 0.005216793 -0.0177 0.01161409 0.005216793 0.01545 0.01169202 0.01172551 0.001799999 0.01169202 0.01172551 0.0177 0.01174527 -0.002112455 -0.0177 0.01174527 -0.002112455 0.01545 0.01174527 0.002112455 -0.0177 0.01174527 0.002112455 0.01545 0.01175 -0.005993169 -0.0177 0.01175 -0.005993169 0.01545 0.01175 -0.005393168 -0.0177 0.01175 -0.005393168 0.01545 0.01175 0.005393167 -0.0177 0.01175 0.005393167 0.01545 0.01175 0.005993168 -0.0177 0.01175 0.005993168 0.01545 0.01177262 0.01169212 0.001799999 0.01177262 0.01169212 0.0177 0.01185 0.01165184 0.001799999 0.01185 0.01165184 0.0177 0.01189558 -0.001948176 -0.0177 0.01189558 -0.001948176 0.01545 0.01189558 0.001948175 -0.0177 0.01189558 0.001948175 0.01545 0.01190026 -0.006156495 -0.0177 0.01190026 -0.006156495 0.01545 0.01190026 0.006156494 -0.0177 0.01190026 0.006156494 0.01545 0.01192358 0.01160496 0.001799999 0.01192358 0.01160496 0.0177 0.01199279 0.01155186 0.001799999 0.01199279 0.01155186 0.0177 0.01205711 0.01149292 0.001799999 0.01205711 0.01149292 0.0177 0.01205964 -0.001797637 -0.0177 0.01205964 -0.001797637 0.01545 0.01205964 0.001797634 -0.0177 0.01205964 0.001797634 0.01545 0.01206414 -0.006306138 -0.0177 0.01206414 -0.006306138 0.01545 0.01206414 0.006306137 -0.0177 0.01206414 0.006306137 0.01545 0.01211604 0.0114286 0.001799999 0.01211604 0.0114286 0.0177 0.01216915 0.01135939 0.001799999 0.01216915 0.01135939 0.0177 0.0122 -0.003750001 0.01545 0.0122 -0.003750001 0.0177 0.0122 0.003249998 0.01545 0.0122 0.003249998 0.0177 0.01220587 -0.003882571 0.01545 0.01220587 -0.003882571 0.0177 0.01220587 -0.003617431 0.01545 0.01220587 -0.003617431 0.0177 0.01220587 0.003117428 0.01545 0.01220587 0.003117428 0.0177 0.01220587 0.00338257 0.01545 0.01220587 0.00338257 0.0177 0.01221602 0.01128581 0.001799999 0.01221602 0.01128581 0.0177 0.01222343 -0.004014103 0.01545 0.01222343 -0.004014103 0.0177 0.01222343 -0.003485898 0.01545 0.01222343 -0.003485898 0.0177 0.01222343 0.002985895 0.01545 0.01222343 0.002985895 0.0177 0.01222343 0.003514103 0.01545 0.01222343 0.003514103 0.0177 0.01223621 -0.001661982 -0.0177 0.01223621 -0.001661982 0.01545 0.01223621 0.001661982 -0.0177 0.01223621 0.001661982 0.01545 0.01224043 -0.006440966 -0.0177 0.01224043 -0.006440966 0.01545 0.01224043 0.006440966 -0.0177 0.01224043 0.006440966 0.01545 0.01225256 -0.004143568 0.01545 0.01225256 -0.004143568 0.0177 0.01225256 -0.003356432 0.01545 0.01225256 -0.003356432 0.0177 0.01225256 0.00285643 0.01545 0.01225256 0.00285643 0.0177 0.01225256 0.003643568 0.01545 0.01225256 0.003643568 0.0177 0.01225631 0.01120843 0.001799999 0.01225631 0.01120843 0.0177 0.01228969 0.01112783 0.001799999 0.01228969 0.01112783 0.0177 0.012293 -0.004269955 0.01545 0.012293 -0.004269955 0.0177 0.012293 -0.003230047 0.01545 0.012293 -0.003230047 0.0177 0.012293 0.002730045 0.01545 0.012293 0.002730045 0.0177 0.012293 0.003769955 0.01545 0.012293 0.003769955 0.0177 0.01231593 0.01104463 0.001799999 0.01231593 0.01104463 0.0177 0.01233481 0.01095946 0.001799999 0.01233481 0.01095946 0.0177 0.01234446 -0.004392271 0.01545 0.01234446 -0.004392271 0.0177 0.01234446 -0.003107731 0.01545 0.01234446 -0.003107731 0.0177 0.01234446 0.002607729 0.01545 0.01234446 0.002607729 0.0177 0.01234446 0.003892269 0.01545 0.01234446 0.003892269 0.0177 0.01234619 0.01087297 0.001799999 0.01234619 0.01087297 0.0177 0.01235 0.009285812 0.001799999 0.01235 0.009285812 0.0177 0.01235 0.01078581 0.001799999 0.01235 0.01078581 0.0177 0.01240653 -0.00450956 0.01545 0.01240653 -0.00450956 0.0177 0.01240653 -0.002990441 0.01545 0.01240653 -0.002990441 0.0177 0.01240653 0.00249044 0.01545 0.01240653 0.00249044 0.0177 0.01240653 0.00400956 0.01545 0.01240653 0.00400956 0.0177 0.01242394 -0.001542249 -0.0177 0.01242394 -0.001542249 0.01545 0.01242394 0.001542248 -0.0177 0.01242394 0.001542248 0.01545 0.01242775 -0.006559955 -0.0177 0.01242775 -0.006559955 0.01545 0.01242775 0.006559952 -0.0177 0.01242775 0.006559952 0.01545 0.01247872 -0.004620905 0.01545 0.01247872 -0.004620905 0.0177 0.01247872 -0.002879097 0.01545 0.01247872 -0.002879097 0.0177 0.01247872 0.002379095 0.01545 0.01247872 0.002379095 0.0177 0.01247872 0.004120905 0.01545 0.01247872 0.004120905 0.0177 0.01256047 -0.004725434 0.01545 0.01256047 -0.004725434 0.0177 0.01256047 -0.002774567 0.01545 0.01256047 -0.002774567 0.0177 0.01256047 0.002274567 0.01545 0.01256047 0.002274567 0.0177 0.01256047 0.004225431 0.01545 0.01256047 0.004225431 0.0177 0.0126214 -0.001439346 -0.0177 0.0126214 -0.001439346 0.01545 0.0126214 0.001439346 -0.0177 0.0126214 0.001439346 0.01545 0.01262473 -0.006662206 -0.0177 0.01262473 -0.006662206 0.01545 0.01262473 0.006662205 -0.0177 0.01262473 0.006662205 0.01545 0.01265114 -0.00482233 0.01545 0.01265114 -0.00482233 0.0177 0.01265114 -0.002677672 0.01545 0.01265114 -0.002677672 0.0177 0.01265114 0.002177671 0.01545 0.01265114 0.002177671 0.0177 0.01265114 0.004322327 0.01545 0.01265114 0.004322327 0.0177 0.01275002 -0.004910831 0.01545 0.01275002 -0.004910831 0.0177 0.01275002 -0.00258917 0.01545 0.01275002 -0.00258917 0.0177 0.01275002 0.002089169 0.01545 0.01275002 0.002089169 0.0177 0.01275002 0.00441083 0.01545 0.01275002 0.00441083 0.0177 0.01282708 -0.001354064 -0.0177 0.01282708 -0.001354064 0.01545 0.01282708 0.001354063 -0.0177 0.01282708 0.001354063 0.01545 0.01282984 -0.006746941 -0.0177 0.01282984 -0.006746941 0.01545 0.01282984 0.006746941 -0.0177 0.01282984 0.006746941 0.01545 0.01285633 -0.004990249 0.01545 0.01285633 -0.004990249 0.0177 0.01285633 -0.002509753 0.01545 0.01285633 -0.002509753 0.0177 0.01285633 0.002009752 0.01545 0.01285633 0.002009752 0.0177 0.01285633 0.004490246 0.01545 0.01285633 0.004490246 0.0177 0.01296924 -0.005059959 0.01545 0.01296924 -0.005059959 0.0177 0.01296924 -0.002440042 0.01545 0.01296924 -0.002440042 0.0177 0.01296924 0.001940041 0.01545 0.01296924 0.001940041 0.0177 0.01296924 0.004559958 0.01545 0.01296924 0.004559958 0.0177 0.01303942 -0.001287048 -0.0177 0.01303942 -0.001287048 0.01545 0.01303942 0.001287046 -0.0177 0.01303942 0.001287046 0.01545 0.01304155 -0.006813523 -0.0177 0.01304155 -0.006813523 0.01545 0.01304155 0.006813522 -0.0177 0.01304155 0.006813522 0.01545 0.01308788 -0.005119417 0.01545 0.01308788 -0.005119417 0.0177 0.01308788 -0.002380584 0.01545 0.01308788 -0.002380584 0.0177 0.01308788 0.001880581 0.01545 0.01308788 0.001880581 0.0177 0.01308788 0.004619415 0.01545 0.01308788 0.004619415 0.0177 0.0132113 -0.005168159 0.01545 0.0132113 -0.005168159 0.0177 0.0132113 -0.002331842 0.01545 0.0132113 -0.002331842 0.0177 0.0132113 0.001831842 0.01545 0.0132113 0.001831842 0.0177 0.0132113 0.004668158 0.01545 0.0132113 0.004668158 0.0177 0.01325679 -0.001238811 -0.0177 0.01325679 -0.001238811 0.01545 0.01325679 0.001238811 -0.0177 0.01325679 0.001238811 0.01545 0.01325824 -0.006861444 -0.0177 0.01325824 -0.006861444 0.01545 0.01325824 0.006861444 -0.0177 0.01325824 0.006861444 0.01545 0.01333855 -0.0052058 0.01545 0.01333855 -0.0052058 0.0177 0.01333855 -0.002294201 0.01545 0.01333855 -0.002294201 0.0177 0.01333855 0.001794199 0.01545 0.01333855 0.001794199 0.0177 0.01333855 0.004705799 0.01545 0.01333855 0.004705799 0.0177 0.01346863 -0.005232049 0.01545 0.01346863 -0.005232049 0.0177 0.01346863 -0.002267953 0.01545 0.01346863 -0.002267953 0.0177 0.01346863 0.001767952 0.01545 0.01346863 0.001767952 0.0177 0.01346863 0.004732048 0.01545 0.01346863 0.004732048 0.0177 0.01347755 -0.001209722 -0.0177 0.01347755 -0.001209722 0.01545 0.01347755 0.001209721 -0.0177 0.01347755 0.001209721 0.01545 0.01347828 -0.006890343 -0.0177 0.01347828 -0.006890343 0.01545 0.01347828 0.006890341 -0.0177 0.01347828 0.006890341 0.01545 0.01360051 -0.005246697 0.01545 0.01360051 -0.005246697 0.0177 0.01360051 -0.002253303 0.01545 0.01360051 -0.002253303 0.0177 0.01360051 0.001753302 0.01545 0.01360051 0.001753302 0.0177 0.01360051 0.004746696 0.01545 0.01360051 0.004746696 0.0177 0.0137 -0.0069 -0.0177 0.0137 -0.0069 0.01545 0.0137 -0.001200001 -0.0177 0.0137 -0.001200001 0.01545 0.0137 0.001199999 -0.0177 0.0137 0.001199999 0.01545 0.0137 0.0069 -0.0177 0.0137 0.0069 0.01545 0.01373318 -0.005249633 0.01545 0.01373318 -0.005249633 0.0177 0.01373318 -0.002250367 0.01545 0.01373318 -0.002250367 0.0177 0.01373318 0.001750366 0.01545 0.01373318 0.001750366 0.0177 0.01373318 0.004749632 0.01545 0.01373318 0.004749632 0.0177 0.01386559 -0.005240832 0.01545 0.01386559 -0.005240832 0.0177 0.01386559 -0.002259169 0.01545 0.01386559 -0.002259169 0.0177 0.01386559 0.001759167 0.01545 0.01386559 0.001759167 0.0177 0.01386559 0.004740831 0.01545 0.01386559 0.004740831 0.0177 0.01392172 -0.006890343 -0.0177 0.01392172 -0.006890343 0.01545 0.01392172 0.006890341 -0.0177 0.01392172 0.006890341 0.01545 0.01392245 -0.001209722 -0.0177 0.01392245 -0.001209722 0.01545 0.01392245 0.001209721 -0.0177 0.01392245 0.001209721 0.01545 0.0139967 -0.005220364 0.01545 0.0139967 -0.005220364 0.0177 0.0139967 -0.002279638 0.01545 0.0139967 -0.002279638 0.0177 0.0139967 0.001779636 0.01545 0.0139967 0.001779636 0.0177 0.0139967 0.004720364 0.01545 0.0139967 0.004720364 0.0177 0.014 -0.009470001 0.001799999 0.014 -0.009470001 0.0177 0.014 -0.008808922 0.0177 0.014 -0.007810001 0.001799999 0.014 -0.007810001 0.0177 0.01400381 -0.009557157 0.001799999 0.01400381 -0.009557157 0.0177 0.01401519 -0.009643649 0.001799999 0.01401519 -0.009643649 0.0177 0.01403407 -0.00972882 0.001799999 0.01403407 -0.00972882 0.0177 0.01406031 -0.00981202 0.001799999 0.01406031 -0.00981202 0.0177 0.01409369 -0.009892619 0.001799999 0.01409369 -0.009892619 0.0177 0.01412549 -0.005188388 0.01545 0.01412549 -0.005188388 0.0177 0.01412549 -0.002311614 0.01545 0.01412549 -0.002311614 0.0177 0.01412549 0.001811613 0.01545 0.01412549 0.001811613 0.0177 0.01412549 0.004688385 0.01545 0.01412549 0.004688385 0.0177 0.01413398 -0.009970001 0.001799999 0.01413398 -0.009970001 0.0177 0.01414176 -0.006861444 -0.0177 0.01414176 -0.006861444 0.01545 0.01414176 0.006861444 -0.0177 0.01414176 0.006861444 0.01545 0.01414321 -0.001238811 -0.0177 0.01414321 -0.001238811 0.01545 0.01414321 0.001238811 -0.0177 0.01414321 0.001238811 0.01545 0.01418085 -0.01004358 0.001799999 0.01418085 -0.01004358 0.0177 0.01423396 -0.01011279 0.001799999 0.01423396 -0.01011279 0.0177 0.01425095 -0.005145154 0.01545 0.01425095 -0.005145154 0.0177 0.01425095 -0.002354848 0.01545 0.01425095 -0.002354848 0.0177 0.01425095 0.001854847 0.01545 0.01425095 0.001854847 0.0177 0.01425095 0.004645153 0.01545 0.01425095 0.004645153 0.0177 0.01429289 -0.01017711 0.001799999 0.01429289 -0.01017711 0.0177 0.01435721 -0.01023604 0.001799999 0.01435721 -0.01023604 0.0177 0.01435845 -0.006813523 -0.0177 0.01435845 -0.006813523 0.01545 0.01435845 0.006813522 -0.0177 0.01435845 0.006813522 0.01545 0.01436058 -0.001287048 -0.0177 0.01436058 -0.001287048 0.01545 0.01436058 0.001287046 -0.0177 0.01436058 0.001287046 0.01545 0.0143721 -0.005091001 0.01545 0.0143721 -0.005091001 0.0177 0.0143721 -0.002409 0.01545 0.0143721 -0.002409 0.0177 0.0143721 0.001908998 0.01545 0.0143721 0.001908998 0.0177 0.0143721 0.004591 0.01545 0.0143721 0.004591 0.0177 0.01442643 -0.01028915 0.001799999 0.01442643 -0.01028915 0.0177 0.01448799 -0.005026352 0.01545 0.01448799 -0.005026352 0.0177 0.01448799 -0.002473648 0.01545 0.01448799 -0.002473648 0.0177 0.01448799 0.001973646 0.01545 0.01448799 0.001973646 0.0177 0.01448799 0.004526352 0.01545 0.01448799 0.004526352 0.0177 0.0145 -0.01033603 0.001799999 0.0145 -0.01033603 0.0177 0.01457016 -0.006746941 -0.0177 0.01457016 -0.006746941 0.01545 0.01457016 0.006746941 -0.0177 0.01457016 0.006746941 0.01545 0.01457292 -0.001354064 -0.0177 0.01457292 -0.001354064 0.01545 0.01457292 0.001354063 -0.0177 0.01457292 0.001354063 0.01545 0.01457738 -0.01037631 0.001799999 0.01457738 -0.01037631 0.0177 0.01459771 -0.004951716 0.01545 0.01459771 -0.004951716 0.0177 0.01459771 -0.002548285 0.01545 0.01459771 -0.002548285 0.0177 0.01459771 0.002048283 0.01545 0.01459771 0.002048283 0.0177 0.01459771 0.004451714 0.01545 0.01459771 0.004451714 0.0177 0.01465798 -0.01040969 0.001799999 0.01465798 -0.01040969 0.0177 0.01470041 -0.004867674 0.01545 0.01470041 -0.004867674 0.0177 0.01470041 -0.002632328 0.01545 0.01470041 -0.002632328 0.0177 0.01470041 0.002132326 0.01545 0.01470041 0.002132326 0.0177 0.01470041 0.004367674 0.01545 0.01470041 0.004367674 0.0177 0.01474118 -0.01043593 0.001799999 0.01474118 -0.01043593 0.0177 0.01477527 -0.006662206 -0.0177 0.01477527 -0.006662206 0.01545 0.01477527 0.006662205 -0.0177 0.01477527 0.006662205 0.01545 0.0147786 -0.001439346 -0.0177 0.0147786 -0.001439346 0.01545 0.0147786 0.001439346 -0.0177 0.0147786 0.001439346 0.01545 0.01479527 -0.004774884 0.01545 0.01479527 -0.004774884 0.0177 0.01479527 -0.002725117 0.01545 0.01479527 -0.002725117 0.0177 0.01479527 0.002225115 0.01545 0.01479527 0.002225115 0.0177 0.01479527 0.004274883 0.01545 0.01479527 0.004274883 0.0177 0.01482635 -0.01045481 0.001799999 0.01482635 -0.01045481 0.0177 0.01488156 -0.004674074 0.01545 0.01488156 -0.004674074 0.0177 0.01488156 -0.002825928 0.01545 0.01488156 -0.002825928 0.0177 0.01488156 0.002325926 0.01545 0.01488156 0.002325926 0.0177 0.01488156 0.004174072 0.01545 0.01488156 0.004174072 0.0177 0.01491284 -0.0104662 0.001799999 0.01491284 -0.0104662 0.0177 0.01495861 -0.004566031 0.01545 0.01495861 -0.004566031 0.0177 0.01495861 -0.00293397 0.01545 0.01495861 -0.00293397 0.0177 0.01495861 0.002433968 0.01545 0.01495861 0.002433968 0.0177 0.01495861 0.004066031 0.01545 0.01495861 0.004066031 0.0177 0.01497224 -0.006559955 -0.0177 0.01497224 -0.006559955 0.01545 0.01497224 0.006559952 -0.0177 0.01497224 0.006559952 0.01545 0.01497606 -0.001542249 -0.0177 0.01497606 -0.001542249 0.01545 0.01497606 0.001542248 -0.0177 0.01497606 0.001542248 0.01545 0.015 -0.01047 0.001799999 0.015 -0.01047 0.0177 0.0150258 -0.004451601 0.01545 0.0150258 -0.004451601 0.0177 0.0150258 -0.003048399 0.01545 0.0150258 -0.003048399 0.0177 0.0150258 0.002548397 0.01545 0.0150258 0.002548397 0.0177 0.0150258 0.003951601 0.01545 0.0150258 0.003951601 0.0177 0.01508262 -0.004331682 0.01545 0.01508262 -0.004331682 0.0177 0.01508262 -0.003168319 0.01545 0.01508262 -0.003168319 0.0177 0.01508262 0.002668318 0.01545 0.01508262 0.002668318 0.0177 0.01508262 0.00383168 0.01545 0.01508262 0.00383168 0.0177 0.01512862 -0.00420721 0.01545 0.01512862 -0.00420721 0.0177 0.01512862 -0.003292792 0.01545 0.01512862 -0.003292792 0.0177 0.01512862 0.002792789 0.01545 0.01512862 0.002792789 0.0177 0.01512862 0.003707207 0.01545 0.01512862 0.003707207 0.0177 0.01515958 -0.006440966 -0.0177 0.01515958 -0.006440966 0.01545 0.01515958 0.006440966 -0.0177 0.01515958 0.006440966 0.01545 0.01516344 -0.004079158 0.01545 0.01516344 -0.004079158 0.0177 0.01516344 -0.003420843 0.01545 0.01516344 -0.003420843 0.0177 0.01516344 0.002920841 0.01545 0.01516344 0.002920841 0.0177 0.01516344 0.003579157 0.01545 0.01516344 0.003579157 0.0177 0.01516379 -0.001661982 -0.0177 0.01516379 -0.001661982 0.01545 0.01516379 0.001661982 -0.0177 0.01516379 0.001661982 0.01545 0.0151868 -0.003948531 0.01545 0.0151868 -0.003948531 0.0177 0.0151868 -0.00355147 0.01545 0.0151868 -0.00355147 0.0177 0.0151868 0.003051468 0.01545 0.0151868 0.003051468 0.0177 0.0151868 0.00344853 0.01545 0.0151868 0.00344853 0.0177 0.01519853 -0.003816351 0.01545 0.01519853 -0.003816351 0.0177 0.01519853 -0.003683651 0.01545 0.01519853 -0.003683651 0.0177 0.01519853 0.003183649 0.01545 0.01519853 0.003183649 0.0177 0.01519853 0.003316349 0.01545 0.01519853 0.003316349 0.0177 0.01533586 -0.006306138 -0.0177 0.01533586 -0.006306138 0.01545 0.01533586 0.006306137 -0.0177 0.01533586 0.006306137 0.01545 0.01534036 -0.001797637 -0.0177 0.01534036 -0.001797637 0.01545 0.01534036 0.001797634 -0.0177 0.01534036 0.001797634 0.01545 0.01549974 -0.006156495 -0.0177 0.01549974 -0.006156495 0.01545 0.01549974 0.006156494 -0.0177 0.01549974 0.006156494 0.01545 0.01550442 -0.001948176 -0.0177 0.01550442 -0.001948176 0.01545 0.01550442 0.001948175 -0.0177 0.01550442 0.001948175 0.01545 0.01565 -0.005993169 -0.0177 0.01565 -0.005993169 0.01545 0.01565 -0.005393168 -0.0177 0.01565 -0.005393168 0.01545 0.01565 0.005393167 -0.0177 0.01565 0.005393167 0.01545 0.01565 0.005993168 -0.0177 0.01565 0.005993168 0.01545 0.01565472 -0.002112455 -0.0177 0.01565472 -0.002112455 0.01545 0.01565472 0.002112455 -0.0177 0.01565472 0.002112455 0.01545 0.01578591 -0.005216795 -0.0177 0.01578591 -0.005216795 0.01545 0.01578591 0.005216793 -0.0177 0.01578591 0.005216793 0.01545 0.01579012 -0.00228922 -0.0177 0.01579012 -0.00228922 0.01545 0.01579012 0.002289219 -0.0177 0.01579012 0.002289219 0.01545 0.01590591 -0.005029238 -0.0177 0.01590591 -0.005029238 0.01545 0.01590591 0.005029236 -0.0177 0.01590591 0.005029236 0.01545 0.01590959 -0.002477121 -0.0177 0.01590959 -0.002477121 0.01545 0.01590959 0.002477119 -0.0177 0.01590959 0.002477119 0.01545 0.0160091 -0.004831927 -0.0177 0.0160091 -0.004831927 0.01545 0.0160091 0.004831926 -0.0177 0.0160091 0.004831926 0.01545 0.01601221 -0.002674728 -0.0177 0.01601221 -0.002674728 0.01545 0.01601221 0.002674726 -0.0177 0.01601221 0.002674726 0.01545 0.01609468 -0.004626368 -0.0177 0.01609468 -0.004626368 0.01545 0.01609468 0.004626368 -0.0177 0.01609468 0.004626368 0.01545 0.01609719 -0.002880533 -0.0177 0.01609719 -0.002880533 0.01545 0.01609719 0.002880531 -0.0177 0.01609719 0.002880531 0.01545 0.016162 -0.004414126 -0.0177 0.016162 -0.004414126 0.01545 0.016162 0.004414125 -0.0177 0.016162 0.004414125 0.01545 0.0161639 -0.003092968 -0.0177 0.0161639 -0.003092968 0.01545 0.0161639 0.003092966 -0.0177 0.0161639 0.003092966 0.01545 0.01621055 -0.00419682 -0.0177 0.01621055 -0.00419682 0.01545 0.01621055 0.004196817 -0.0177 0.01621055 0.004196817 0.01545 0.01621182 -0.003310412 -0.0177 0.01621182 -0.003310412 0.01545 0.01621182 0.003310411 -0.0177 0.01621182 0.003310411 0.01545 0.01623996 -0.00397611 -0.0177 0.01623996 -0.00397611 0.01545 0.01623996 0.003976109 -0.0177 0.01623996 0.003976109 0.01545 0.0162406 -0.003531208 -0.0177 0.0162406 -0.003531208 0.01545 0.0162406 0.003531208 -0.0177 0.0162406 0.003531208 0.01545 0.01625 -0.003753672 -0.0177 0.01625 -0.003753672 0.01545 0.01625 0.003753672 -0.0177 0.01625 0.003753672 0.01545 0.017 -0.01047 0.001799999 0.017 -0.01047 0.0177 0.01708715 -0.0104662 0.001799999 0.01708715 -0.0104662 0.0177 0.0171 -0.012375 0.001799999 0.0171 -0.012375 0.00465 0.0171 -0.01046499 0.001799999 0.0171 -0.01046499 0.00465 0.0171 0.007809999 0.001799999 0.0171 0.007809999 0.00465 0.0171 0.012375 0.001799999 0.0171 0.012375 0.00465 0.01717365 -0.01045481 0.00465 0.01717365 -0.01045481 0.0177 0.01725882 -0.01043593 0.00465 0.01725882 -0.01043593 0.0177 0.01734202 -0.01040969 0.00465 0.01734202 -0.01040969 0.0177 0.01742262 -0.01037631 0.00465 0.01742262 -0.01037631 0.0177 0.0175 -0.01033603 0.00465 0.0175 -0.01033603 0.0177 0.01757358 -0.01028915 0.00465 0.01757358 -0.01028915 0.0177 0.01764279 -0.01023604 0.00465 0.01764279 -0.01023604 0.0177 0.01770711 -0.01017711 0.00465 0.01770711 -0.01017711 0.0177 0.01776604 -0.01011279 0.00465 0.01776604 -0.01011279 0.0177 0.01781915 -0.01004358 0.00465 0.01781915 -0.01004358 0.0177 0.01786602 -0.009970001 0.00465 0.01786602 -0.009970001 0.0177 0.01790631 -0.009892619 0.00465 0.01790631 -0.009892619 0.0177 0.01793969 -0.00981202 0.00465 0.01793969 -0.00981202 0.0177 0.01796593 -0.00972882 0.00465 0.01796593 -0.00972882 0.0177 0.01798481 -0.009643649 0.00465 0.01798481 -0.009643649 0.0177 0.01799619 -0.009557157 0.00465 0.01799619 -0.009557157 0.0177 0.018 -0.009470001 0.00465 0.018 -0.009470001 0.0177 0.018 -0.008808922 0.0177 0.018 -0.007810001 0.00465 0.018 -0.007810001 0.0177 0.01864809 0.007809999 0.00465 0.01864809 0.007809999 0.0177 0.01864809 0.009039692 0.00465 0.01864809 0.009039692 0.0177 0.01865054 0.009096666 0.00465 0.01865054 0.009096666 0.0177 0.01865787 0.009153221 0.00465 0.01865787 0.009153221 0.0177 0.01867003 0.009208933 0.00465 0.01867003 0.009208933 0.0177 0.01868692 0.009263399 0.00465 0.01868692 0.009263399 0.0177 0.01870844 0.009316214 0.00465 0.01870844 0.009316214 0.0177 0.0187344 0.009366985 0.00465 0.0187344 0.009366985 0.0177 0.01876463 0.009415342 0.00465 0.01876463 0.009415342 0.0177 0.01879889 0.009460926 0.00465 0.01879889 0.009460926 0.0177 0.01883694 0.009503397 0.00465 0.01883694 0.009503397 0.0177 0.01887851 0.009542448 0.00465 0.01887851 0.009542448 0.0177 0.01892326 0.009577787 0.00465 0.01892326 0.009577787 0.0177 0.018925 -0.01625 -0.0177 0.018925 -0.011575 -0.0177 0.018925 0 -0.0177 0.018925 0.01625 -0.0177 0.01897089 0.009609154 0.00465 0.01897089 0.009609154 0.0177 0.01902103 0.009636316 0.00465 0.01902103 0.009636316 0.0177 0.01907331 0.009659071 0.00465 0.01907331 0.009659071 0.0177 0.01912736 0.009677258 0.00465 0.01912736 0.009677258 0.0177 0.01918277 0.009690735 0.00465 0.01918277 0.009690735 0.0177 0.01923914 0.009699408 0.00465 0.01923914 0.009699408 0.0177 0.01929604 0.009703207 0.00465 0.01929604 0.009703207 0.0177 0.01935305 0.009702112 0.00465 0.01935305 0.009702112 0.0177 0.0195663 0.00966408 0.00465 0.0195663 0.00966408 0.0177 0.01977561 0.009608294 0.00465 0.01977561 0.009608294 0.0177 0.01997949 0.009535147 0.00465 0.01997949 0.009535147 0.0177 0.02017653 0.009445152 0.00465 0.02017653 0.009445152 0.0177 0.02036532 0.009338949 0.00465 0.02036532 0.009338949 0.0177 0.02054454 0.009217283 0.00465 0.02054454 0.009217283 0.0177 0.02071291 0.009081013 0.00465 0.02071291 0.009081013 0.0177 0.02086926 0.008931095 0.00465 0.02086926 0.008931095 0.0177 0.02101249 0.008768595 0.00465 0.02101249 0.008768595 0.0177 0.02114158 0.00859465 0.00465 0.02114158 0.00859465 0.0177 0.02125563 0.008410488 0.00465 0.02125563 0.008410488 0.0177 0.02135382 0.008217411 0.00465 0.02135382 0.008217411 0.0177 0.02143547 0.008016775 0.00465 0.02143547 0.008016775 0.0177 0.0215 -0.007810001 0.00465 0.0215 -0.007810001 0.0177 0.0215 0.007809999 0.00465 0.0215 0.007809999 0.0177 0.0216 -0.01625 -0.0177 0.0216 -0.01625 0.0004799995 0.0216 -0.011575 -0.0177 0.0216 -0.008528725 0.0004799995 0.0216 -0.008528725 0.001799999 0.0216 0 -0.0177 0.0216 0.008528725 0.0004799995 0.0216 0.008528725 0.001799999 0.0216 0.01625 -0.0177 0.0216 0.01625 0.0004799995 0.02238046 -0.004078169 0.00465 0.02238046 -0.004078169 0.0177 0.02243353 0.003574524 0.00465 0.02243353 0.003574524 0.0177 0.0226 -0.012375 0.001799999 0.0226 -0.012375 0.00465 0.0226 0.012375 0.001799999 0.0226 0.012375 0.00465 0.02262868 -0.00281637 0.00465 0.02262868 -0.00281637 0.0177 0.02266422 0.002309404 0.00465 0.02266422 0.002309404 0.0177 0.02277431 -0.01236739 0.001799999 0.02277431 -0.01236739 0.00465 0.02277431 0.01236739 0.001799999 0.02277431 0.01236739 0.00465 0.02278175 -0.001539532 0.00465 0.02278175 -0.001539532 0.0177 0.02279957 0.001030565 0.00465 0.02279957 0.001030565 0.0177 0.02283868 -0.000250001 0.0177 0.02283883 -0.000254818 0.00465 0.02283883 -0.000254818 0.0177 0.0229473 -0.01234462 0.001799999 0.0229473 -0.01234462 0.00465 0.0229473 0.01234461 0.001799999 0.0229473 0.01234461 0.00465 0.02311764 -0.01230685 0.001799999 0.02311764 -0.01230685 0.00465 0.02311764 0.01230685 0.001799999 0.02311764 0.01230685 0.00465 0.02328404 -0.01225439 0.001799999 0.02328404 -0.01225439 0.00465 0.02328404 0.01225438 0.001799999 0.02328404 0.01225438 0.00465 0.02344524 -0.01218762 0.001799999 0.02344524 -0.01218762 0.00465 0.02344524 0.01218761 0.001799999 0.02344524 0.01218761 0.00465 0.0236 -0.01210705 0.001799999 0.0236 -0.01210705 0.00465 0.0236 0.01210705 0.001799999 0.0236 0.01210705 0.00465 0.02374715 -0.0120133 0.001799999 0.02374715 -0.0120133 0.00465 0.02374715 0.0120133 0.001799999 0.02374715 0.0120133 0.00465 0.02388558 -0.01190709 0.001799999 0.02388558 -0.01190709 0.00465 0.02388558 0.01190709 0.001799999 0.02388558 0.01190709 0.00465 0.02401421 -0.01178921 0.001799999 0.02401421 -0.01178921 0.00465 0.02401421 0.01178921 0.001799999 0.02401421 0.01178921 0.00465 0.02413209 -0.01166058 0.001799999 0.02413209 -0.01166058 0.00465 0.02413209 0.01166058 0.001799999 0.02413209 0.01166058 0.00465 0.0242383 -0.01152215 0.001799999 0.0242383 -0.01152215 0.00465 0.0242383 0.01152215 0.001799999 0.0242383 0.01152215 0.00465 0.02433205 -0.011375 0.001799999 0.02433205 -0.011375 0.00465 0.02433205 0.011375 0.001799999 0.02433205 0.011375 0.00465 0.02441262 -0.01122024 0.001799999 0.02441262 -0.01122024 0.00465 0.02441262 0.01122023 0.001799999 0.02441262 0.01122023 0.00465 0.02447939 -0.01105904 0.001799999 0.02447939 -0.01105904 0.00465 0.02447939 0.01105904 0.001799999 0.02447939 0.01105904 0.00465 0.02453185 -0.01089264 0.001799999 0.02453185 -0.01089264 0.00465 0.02453185 0.01089264 0.001799999 0.02453185 0.01089264 0.00465 0.02456961 -0.0107223 0.001799999 0.02456961 -0.0107223 0.00465 0.02456961 0.0107223 0.001799999 0.02456961 0.0107223 0.00465 0.02459239 -0.01054931 0.001799999 0.02459239 -0.01054931 0.00465 0.02459239 0.01054931 0.001799999 0.02459239 0.01054931 0.00465 0.0246 -0.010375 0.001799999 0.0246 -0.010375 0.00465 0.0246 0.010375 0.001799999 0.0246 0.010375 0.00465 0.02460761 -0.01020069 0.001799999 0.02460761 -0.01020069 0.00465 0.02460761 0.01020069 0.001799999 0.02460761 0.01020069 0.00465 0.02463038 -0.0100277 0.001799999 0.02463038 -0.0100277 0.00465 0.02463038 0.0100277 0.001799999 0.02463038 0.0100277 0.00465 0.02466815 -0.009857363 0.001799999 0.02466815 -0.009857363 0.00465 0.02466815 0.009857361 0.001799999 0.02466815 0.009857361 0.00465 0.02472062 -0.00969096 0.001799999 0.02472062 -0.00969096 0.00465 0.02472062 0.009690958 0.001799999 0.02472062 0.009690958 0.00465 0.02478738 -0.009529765 0.001799999 0.02478738 -0.009529765 0.00465 0.02478738 0.009529764 0.001799999 0.02478738 0.009529764 0.00465 0.02486795 -0.009375001 0.001799999 0.02486795 -0.009375001 0.00465 0.02486795 0.009375 0.001799999 0.02486795 0.009375 0.00465 0.0249617 -0.009227848 0.001799999 0.0249617 -0.009227848 0.00465 0.0249617 0.009227846 0.001799999 0.0249617 0.009227846 0.00465 0.02506791 -0.009089426 0.001799999 0.02506791 -0.009089426 0.00465 0.02506791 0.009089424 0.001799999 0.02506791 0.009089424 0.00465 0.02518579 -0.008960787 0.001799999 0.02518579 -0.008960787 0.00465 0.02518579 0.008960787 0.001799999 0.02518579 0.008960787 0.00465 0.02531442 -0.008842912 0.001799999 0.02531442 -0.008842912 0.00465 0.02531442 0.008842911 0.001799999 0.02531442 0.008842911 0.00465 0.02545285 -0.008736697 0.001799999 0.02545285 -0.008736697 0.00465 0.02545285 0.008736696 0.001799999 0.02545285 0.008736696 0.00465 0.0256 -0.00864295 0.001799999 0.0256 -0.00864295 0.00465 0.0256 -0.008375001 -0.004500001 0.0256 -0.008375001 0.001799999 0.0256 -0.004375 -0.004500001 0.0256 -0.004375 0.001799999 0.0256 0.004374998 -0.004500001 0.0256 0.004374998 0.001799999 0.0256 0.008375 -0.004500001 0.0256 0.008375 0.001799999 0.0256 0.008642948 0.001799999 0.0256 0.008642948 0.00465 0.02575476 -0.008562385 0.001799999 0.02575476 -0.008562385 0.00465 0.02575476 0.008562384 0.001799999 0.02575476 0.008562384 0.00465 0.02583106 -0.008528725 0.001799999 0.02583106 0.008528725 0.001799999 0.02591596 -0.008495615 0.001799999 0.02591596 -0.008495615 0.00465 0.02591596 0.008495613 0.001799999 0.02591596 0.008495613 0.00465 0.02608236 -0.00844315 0.001799999 0.02608236 -0.00844315 0.00465 0.02608236 0.008443148 0.001799999 0.02608236 0.008443148 0.00465 0.0262527 -0.008405385 0.001799999 0.0262527 -0.008405385 0.00465 0.0262527 0.008405382 0.001799999 0.0262527 0.008405382 0.00465 0.02642569 -0.008382612 0.001799999 0.02642569 -0.008382612 0.00465 0.02642569 0.00838261 0.001799999 0.02642569 0.00838261 0.00465 0.0266 -0.008375001 0.001799999 0.0266 -0.008375001 0.00465 0.0266 0.008375 0.001799999 0.0266 0.008375 0.00465 0.02767831 -0.0135 0.0004799995 0.02767831 -0.0135 0.001799999 0.02767831 0.0135 0.0004799995 0.02767831 0.0135 0.001799999 0.02767936 -0.01354741 0.0004799995 0.02767936 -0.01354741 0.001799999 0.02767936 -0.0134526 0.0004799995 0.02767936 -0.0134526 0.001799999 0.02767936 0.0134526 0.0004799995 0.02767936 0.0134526 0.001799999 0.02767936 0.01354741 0.0004799995 0.02767936 0.01354741 0.001799999 0.02768774 -0.01364184 0.0004799995 0.02768774 -0.01364184 0.001799999 0.02768774 -0.01335816 0.0004799995 0.02768774 -0.01335816 0.001799999 0.02768774 0.01335816 0.0004799995 0.02768774 0.01335816 0.001799999 0.02768774 0.01364184 0.0004799995 0.02768774 0.01364184 0.001799999 0.02770443 -0.01373517 0.0004799995 0.02770443 -0.01373517 0.001799999 0.02770443 -0.01326483 0.0004799995 0.02770443 -0.01326483 0.001799999 0.02770443 0.01326483 0.0004799995 0.02770443 0.01326483 0.001799999 0.02770443 0.01373517 0.0004799995 0.02770443 0.01373517 0.001799999 0.02772931 -0.01382666 0.0004799995 0.02772931 -0.01382666 0.001799999 0.02772931 -0.01317334 0.0004799995 0.02772931 -0.01317334 0.001799999 0.02772931 0.01317334 0.0004799995 0.02772931 0.01317334 0.001799999 0.02772931 0.01382666 0.0004799995 0.02772931 0.01382666 0.001799999 0.02776218 -0.01391559 0.0004799995 0.02776218 -0.01391559 0.001799999 0.02776218 -0.01308441 0.0004799995 0.02776218 -0.01308441 0.001799999 0.02776218 0.01308441 0.0004799995 0.02776218 0.01308441 0.001799999 0.02776218 0.01391559 0.0004799995 0.02776218 0.01391559 0.001799999 0.02780277 -0.01400126 0.0004799995 0.02780277 -0.01400126 0.001799999 0.02780277 -0.01299874 0.0004799995 0.02780277 -0.01299874 0.001799999 0.02780277 0.01299874 0.0004799995 0.02780277 0.01299874 0.001799999 0.02780277 0.01400126 0.0004799995 0.02780277 0.01400126 0.001799999 0.02785078 -0.01408302 0.0004799995 0.02785078 -0.01408302 0.001799999 0.02785078 -0.01291698 0.0004799995 0.02785078 -0.01291698 0.001799999 0.02785078 0.01291698 0.0004799995 0.02785078 0.01291698 0.001799999 0.02785078 0.01408302 0.0004799995 0.02785078 0.01408302 0.001799999 0.02790582 -0.01416021 0.0004799995 0.02790582 -0.01416021 0.001799999 0.02790582 -0.01283979 0.0004799995 0.02790582 -0.01283979 0.001799999 0.02790582 0.01283979 0.0004799995 0.02790582 0.01283979 0.001799999 0.02790582 0.01416021 0.0004799995 0.02790582 0.01416021 0.001799999 0.02796748 -0.01423224 0.0004799995 0.02796748 -0.01423224 0.001799999 0.02796748 -0.01276776 0.0004799995 0.02796748 -0.01276776 0.001799999 0.02796748 0.01276776 0.0004799995 0.02796748 0.01276776 0.001799999 0.02796748 0.01423224 0.0004799995 0.02796748 0.01423224 0.001799999 0.02803525 -0.01429853 0.0004799995 0.02803525 -0.01429853 0.001799999 0.02803525 -0.01270147 0.0004799995 0.02803525 -0.01270147 0.001799999 0.02803525 0.01270147 0.0004799995 0.02803525 0.01270147 0.001799999 0.02803525 0.01429853 0.0004799995 0.02803525 0.01429853 0.001799999 0.02810863 -0.01435858 0.0004799995 0.02810863 -0.01435858 0.001799999 0.02810863 -0.01264143 0.0004799995 0.02810863 -0.01264143 0.001799999 0.02810863 0.01264143 0.0004799995 0.02810863 0.01264143 0.001799999 0.02810863 0.01435857 0.0004799995 0.02810863 0.01435857 0.001799999 0.02818702 -0.0144119 0.0004799995 0.02818702 -0.0144119 0.001799999 0.02818702 -0.0125881 0.0004799995 0.02818702 -0.0125881 0.001799999 0.02818702 0.0125881 0.0004799995 0.02818702 0.0125881 0.001799999 0.02818702 0.0144119 0.0004799995 0.02818702 0.0144119 0.001799999 0.02826981 -0.01445809 0.0004799995 0.02826981 -0.01445809 0.001799999 0.02826981 -0.01254191 0.0004799995 0.02826981 -0.01254191 0.001799999 0.02826981 0.01254191 0.0004799995 0.02826981 0.01254191 0.001799999 0.02826981 0.01445809 0.0004799995 0.02826981 0.01445809 0.001799999 0.02835637 -0.01449678 0.0004799995 0.02835637 -0.01449678 0.001799999 0.02835637 -0.01250322 0.0004799995 0.02835637 -0.01250322 0.001799999 0.02835637 0.01250322 0.0004799995 0.02835637 0.01250322 0.001799999 0.02835637 0.01449678 0.0004799995 0.02835637 0.01449678 0.001799999 0.028446 -0.01452767 0.0004799995 0.028446 -0.01452767 0.001799999 0.028446 -0.01247233 0.0004799995 0.028446 -0.01247233 0.001799999 0.028446 0.01247233 0.0004799995 0.028446 0.01247233 0.001799999 0.028446 0.01452767 0.0004799995 0.028446 0.01452767 0.001799999 0.02853802 -0.01455051 0.0004799995 0.02853802 -0.01455051 0.001799999 0.02853802 -0.01244949 0.0004799995 0.02853802 -0.01244949 0.001799999 0.02853802 0.01244949 0.0004799995 0.02853802 0.01244949 0.001799999 0.02853802 0.01455051 0.0004799995 0.02853802 0.01455051 0.001799999 0.02863169 -0.01456514 0.0004799995 0.02863169 -0.01456514 0.001799999 0.02863169 -0.01243486 0.0004799995 0.02863169 -0.01243486 0.001799999 0.02863169 0.01243486 0.0004799995 0.02863169 0.01243486 0.001799999 0.02863169 0.01456514 0.0004799995 0.02863169 0.01456514 0.001799999 0.0287263 -0.01457142 0.0004799995 0.0287263 -0.01457142 0.001799999 0.0287263 -0.01242858 0.0004799995 0.0287263 -0.01242858 0.001799999 0.0287263 0.01242858 0.0004799995 0.0287263 0.01242858 0.001799999 0.0287263 0.01457142 0.0004799995 0.0287263 0.01457142 0.001799999 0.02882108 -0.01456933 0.0004799995 0.02882108 -0.01456933 0.001799999 0.02882108 -0.01243067 0.0004799995 0.02882108 -0.01243067 0.001799999 0.02882108 0.01243067 0.0004799995 0.02882108 0.01243067 0.001799999 0.02882108 0.01456933 0.0004799995 0.02882108 0.01456933 0.001799999 0.02891531 -0.01455886 0.0004799995 0.02891531 -0.01455886 0.001799999 0.02891531 -0.01244114 0.0004799995 0.02891531 -0.01244114 0.001799999 0.02891531 0.01244114 0.0004799995 0.02891531 0.01244114 0.001799999 0.02891531 0.01455886 0.0004799995 0.02891531 0.01455886 0.001799999 0.02900824 -0.01454011 0.0004799995 0.02900824 -0.01454011 0.001799999 0.02900824 -0.01245989 0.0004799995 0.02900824 -0.01245989 0.001799999 0.02900824 0.01245989 0.0004799995 0.02900824 0.01245989 0.001799999 0.02900824 0.01454011 0.0004799995 0.02900824 0.01454011 0.001799999 0.02909916 -0.01451321 0.0004799995 0.02909916 -0.01451321 0.001799999 0.02909916 -0.01248679 0.0004799995 0.02909916 -0.01248679 0.001799999 0.02909916 0.01248679 0.0004799995 0.02909916 0.01248679 0.001799999 0.02909916 0.01451321 0.0004799995 0.02909916 0.01451321 0.001799999 0.02918734 -0.01447839 0.0004799995 0.02918734 -0.01447839 0.001799999 0.02918734 -0.01252161 0.0004799995 0.02918734 -0.01252161 0.001799999 0.02918734 0.01252161 0.0004799995 0.02918734 0.01252161 0.001799999 0.02918734 0.01447839 0.0004799995 0.02918734 0.01447839 0.001799999 0.02927209 -0.01443591 0.0004799995 0.02927209 -0.01443591 0.001799999 0.02927209 -0.01256409 0.0004799995 0.02927209 -0.01256409 0.001799999 0.02927209 0.01256409 0.0004799995 0.02927209 0.01256409 0.001799999 0.02927209 0.01443591 0.0004799995 0.02927209 0.01443591 0.001799999 0.02935277 -0.01438611 0.0004799995 0.02935277 -0.01438611 0.001799999 0.02935277 -0.0126139 0.0004799995 0.02935277 -0.0126139 0.001799999 0.02935277 0.0126139 0.0004799995 0.02935277 0.0126139 0.001799999 0.02935277 0.0143861 0.0004799995 0.02935277 0.0143861 0.001799999 0.02942872 -0.01432936 0.0004799995 0.02942872 -0.01432936 0.001799999 0.02942872 -0.01267064 0.0004799995 0.02942872 -0.01267064 0.001799999 0.02942872 0.01267064 0.0004799995 0.02942872 0.01267064 0.001799999 0.02942872 0.01432936 0.0004799995 0.02942872 0.01432936 0.001799999 0.02949937 -0.01426613 0.0004799995 0.02949937 -0.01426613 0.001799999 0.02949937 -0.01273387 0.0004799995 0.02949937 -0.01273387 0.001799999 0.02949937 0.01273387 0.0004799995 0.02949937 0.01273387 0.001799999 0.02949937 0.01426613 0.0004799995 0.02949937 0.01426613 0.001799999 0.02956414 -0.01419691 0.0004799995 0.02956414 -0.01419691 0.001799999 0.02956414 -0.0128031 0.0004799995 0.02956414 -0.0128031 0.001799999 0.02956414 0.01280309 0.0004799995 0.02956414 0.01280309 0.001799999 0.02956414 0.01419691 0.0004799995 0.02956414 0.01419691 0.001799999 0.0296 -0.01625 0.0004799995 0.0296 -0.01625 0.001799999 0.0296 -0.008375001 -0.004500001 0.0296 -0.008375001 0.001799999 0.0296 -0.008375001 0.00465 0.0296 0.008375 -0.004500001 0.0296 0.008375 0.001799999 0.0296 0.008375 0.00465 0.0296 0.01625 0.0004799995 0.0296 0.01625 0.001799999 0.02962255 -0.01412223 0.0004799995 0.02962255 -0.01412223 0.001799999 0.02962255 -0.01287778 0.0004799995 0.02962255 -0.01287778 0.001799999 0.02962255 0.01287778 0.0004799995 0.02962255 0.01287778 0.001799999 0.02962255 0.01412222 0.0004799995 0.02962255 0.01412222 0.001799999 0.02967413 -0.01404267 0.0004799995 0.02967413 -0.01404267 0.001799999 0.02967413 -0.01295733 0.0004799995 0.02967413 -0.01295733 0.001799999 0.02967413 0.01295733 0.0004799995 0.02967413 0.01295733 0.001799999 0.02967413 0.01404267 0.0004799995 0.02967413 0.01404267 0.001799999 0.02971848 -0.01395887 0.0004799995 0.02971848 -0.01395887 0.001799999 0.02971848 -0.01304113 0.0004799995 0.02971848 -0.01304113 0.001799999 0.02971848 0.01304112 0.0004799995 0.02971848 0.01304112 0.001799999 0.02971848 0.01395887 0.0004799995 0.02971848 0.01395887 0.001799999 0.02975524 -0.01387148 0.0004799995 0.02975524 -0.01387148 0.001799999 0.02975524 -0.01312852 0.0004799995 0.02975524 -0.01312852 0.001799999 0.02975524 0.01312852 0.0004799995 0.02975524 0.01312852 0.001799999 0.02975524 0.01387148 0.0004799995 0.02975524 0.01387148 0.001799999 0.02977431 -0.01624239 0.0004799995 0.02977431 -0.01624239 0.001799999 0.02977431 -0.00836739 -0.004500001 0.02977431 -0.00836739 0.001799999 0.02977431 -0.00836739 0.00465 0.02977431 0.00836739 -0.004500001 0.02977431 0.00836739 0.001799999 0.02977431 0.00836739 0.00465 0.02977431 0.01624239 0.0004799995 0.02977431 0.01624239 0.001799999 0.02978414 -0.01378119 0.0004799995 0.02978414 -0.01378119 0.001799999 0.02978414 -0.01321881 0.0004799995 0.02978414 -0.01321881 0.001799999 0.02978414 0.01321881 0.0004799995 0.02978414 0.01321881 0.001799999 0.02978414 0.01378119 0.0004799995 0.02978414 0.01378119 0.001799999 0.02980495 -0.01368869 0.0004799995 0.02980495 -0.01368869 0.001799999 0.02980495 -0.01331131 0.0004799995 0.02980495 -0.01331131 0.001799999 0.02980495 0.01331131 0.0004799995 0.02980495 0.01331131 0.001799999 0.02980495 0.01368869 0.0004799995 0.02980495 0.01368869 0.001799999 0.02981749 -0.01359472 0.0004799995 0.02981749 -0.01359472 0.001799999 0.02981749 -0.01340528 0.0004799995 0.02981749 -0.01340528 0.001799999 0.02981749 0.01340528 0.0004799995 0.02981749 0.01340528 0.001799999 0.02981749 0.01359472 0.0004799995 0.02981749 0.01359472 0.001799999 0.02982169 -0.0135 0.0004799995 0.02982169 -0.0135 0.001799999 0.02982169 0.0135 0.0004799995 0.02982169 0.0135 0.001799999 0.0299473 -0.01621962 0.0004799995 0.0299473 -0.01621962 0.001799999 0.0299473 -0.008344616 -0.004500001 0.0299473 -0.008344616 0.001799999 0.0299473 -0.008344616 0.00465 0.0299473 0.008344616 -0.004500001 0.0299473 0.008344616 0.001799999 0.0299473 0.008344616 0.00465 0.0299473 0.01621962 0.0004799995 0.0299473 0.01621962 0.001799999 0.03011764 -0.01618185 0.0004799995 0.03011764 -0.01618185 0.001799999 0.03011764 -0.008306852 -0.004500001 0.03011764 -0.008306852 0.001799999 0.03011764 -0.008306852 0.00465 0.03011764 0.00830685 -0.004500001 0.03011764 0.00830685 0.001799999 0.03011764 0.00830685 0.00465 0.03011764 0.01618185 0.0004799995 0.03011764 0.01618185 0.001799999 0.03028404 -0.01612939 0.0004799995 0.03028404 -0.01612939 0.001799999 0.03028404 -0.008254386 -0.004500001 0.03028404 -0.008254386 0.001799999 0.03028404 -0.008254386 0.00465 0.03028404 0.008254385 -0.004500001 0.03028404 0.008254385 0.001799999 0.03028404 0.008254385 0.00465 0.03028404 0.01612939 0.0004799995 0.03028404 0.01612939 0.001799999 0.03044524 -0.01606262 0.0004799995 0.03044524 -0.01606262 0.001799999 0.03044524 -0.008187616 -0.004500001 0.03044524 -0.008187616 0.001799999 0.03044524 -0.008187616 0.00465 0.03044524 0.008187614 -0.004500001 0.03044524 0.008187614 0.001799999 0.03044524 0.008187614 0.00465 0.03044524 0.01606262 0.0004799995 0.03044524 0.01606262 0.001799999 0.0306 -0.01598205 0.0004799995 0.0306 -0.01598205 0.001799999 0.0306 -0.008107052 -0.004500001 0.0306 -0.008107052 0.001799999 0.0306 -0.008107052 0.00465 0.0306 0.00810705 -0.004500001 0.0306 0.00810705 0.001799999 0.0306 0.00810705 0.00465 0.0306 0.01598205 0.0004799995 0.0306 0.01598205 0.001799999 0.03074715 -0.0158883 0.0004799995 0.03074715 -0.0158883 0.001799999 0.03074715 -0.008013305 -0.004500001 0.03074715 -0.008013305 0.001799999 0.03074715 -0.008013305 0.00465 0.03074715 0.008013304 -0.004500001 0.03074715 0.008013304 0.001799999 0.03074715 0.008013304 0.00465 0.03074715 0.0158883 0.0004799995 0.03074715 0.0158883 0.001799999 0.03088558 -0.01578209 0.0004799995 0.03088558 -0.01578209 0.001799999 0.03088558 -0.007907089 -0.004500001 0.03088558 -0.007907089 0.001799999 0.03088558 -0.007907089 0.00465 0.03088558 0.007907087 -0.004500001 0.03088558 0.007907087 0.001799999 0.03088558 0.007907087 0.00465 0.03088558 0.01578209 0.0004799995 0.03088558 0.01578209 0.001799999 0.03101421 -0.01566421 0.0004799995 0.03101421 -0.01566421 0.001799999 0.03101421 -0.007789214 -0.004500001 0.03101421 -0.007789214 0.001799999 0.03101421 -0.007789214 0.00465 0.03101421 0.007789213 -0.004500001 0.03101421 0.007789213 0.001799999 0.03101421 0.007789213 0.00465 0.03101421 0.01566421 0.0004799995 0.03101421 0.01566421 0.001799999 0.03113209 -0.01553558 0.0004799995 0.03113209 -0.01553558 0.001799999 0.03113209 -0.007660576 -0.004500001 0.03113209 -0.007660576 0.001799999 0.03113209 -0.007660576 0.00465 0.03113209 0.007660574 -0.004500001 0.03113209 0.007660574 0.001799999 0.03113209 0.007660574 0.00465 0.03113209 0.01553557 0.0004799995 0.03113209 0.01553557 0.001799999 0.0312383 -0.01539715 0.0004799995 0.0312383 -0.01539715 0.001799999 0.0312383 -0.007522153 -0.004500001 0.0312383 -0.007522153 0.001799999 0.0312383 -0.007522153 0.00465 0.0312383 0.007522152 -0.004500001 0.0312383 0.007522152 0.001799999 0.0312383 0.007522152 0.00465 0.0312383 0.01539715 0.0004799995 0.0312383 0.01539715 0.001799999 0.03133205 -0.01525 0.0004799995 0.03133205 -0.01525 0.001799999 0.03133205 -0.007375001 -0.004500001 0.03133205 -0.007375001 0.001799999 0.03133205 -0.007375001 0.00465 0.03133205 0.007375 -0.004500001 0.03133205 0.007375 0.001799999 0.03133205 0.007375 0.00465 0.03133205 0.01525 0.0004799995 0.03133205 0.01525 0.001799999 0.03141262 -0.01509524 0.0004799995 0.03141262 -0.01509524 0.001799999 0.03141262 -0.007220237 -0.004500001 0.03141262 -0.007220237 0.001799999 0.03141262 -0.007220237 0.00465 0.03141262 0.007220236 -0.004500001 0.03141262 0.007220236 0.001799999 0.03141262 0.007220236 0.00465 0.03141262 0.01509524 0.0004799995 0.03141262 0.01509524 0.001799999 0.03147939 -0.01493404 0.0004799995 0.03147939 -0.01493404 0.001799999 0.03147939 -0.007059041 -0.004500001 0.03147939 -0.007059041 0.001799999 0.03147939 -0.007059041 0.00465 0.03147939 0.00705904 -0.004500001 0.03147939 0.00705904 0.001799999 0.03147939 0.00705904 0.00465 0.03147939 0.01493404 0.0004799995 0.03147939 0.01493404 0.001799999 0.03153186 -0.01476764 0.0004799995 0.03153186 -0.01476764 0.001799999 0.03153186 -0.006892639 -0.004500001 0.03153186 -0.006892639 0.001799999 0.03153186 -0.006892639 0.00465 0.03153186 0.006892637 -0.004500001 0.03153186 0.006892637 0.001799999 0.03153186 0.006892637 0.00465 0.03153186 0.01476764 0.0004799995 0.03153186 0.01476764 0.001799999 0.03156961 -0.0145973 0.0004799995 0.03156961 -0.0145973 0.001799999 0.03156961 -0.006722297 -0.004500001 0.03156961 -0.006722297 0.001799999 0.03156961 -0.006722297 0.00465 0.03156961 0.006722298 -0.004500001 0.03156961 0.006722298 0.001799999 0.03156961 0.006722298 0.00465 0.03156961 0.0145973 0.0004799995 0.03156961 0.0145973 0.001799999 0.03159238 -0.01442431 0.0004799995 0.03159238 -0.01442431 0.001799999 0.03159238 -0.006549313 -0.004500001 0.03159238 -0.006549313 0.001799999 0.03159238 -0.006549313 0.00465 0.03159238 0.006549311 -0.004500001 0.03159238 0.006549311 0.001799999 0.03159238 0.006549311 0.00465 0.03159238 0.01442431 0.0004799995 0.03159238 0.01442431 0.001799999 0.0316 -0.01425 0.0004799995 0.0316 -0.01425 0.001799999 0.0316 -0.008528725 0.0004799995 0.0316 -0.008528725 0.001799999 0.0316 -0.006375 -0.004500001 0.0316 -0.006375 0.001799999 0.0316 -0.006375 0.00465 0.0316 -0.004375 -0.004500001 0.0316 -0.004375 0.001799999 0.0316 0.004374998 -0.004500001 0.0316 0.004374998 0.001799999 0.0316 0.006375 -0.004500001 0.0316 0.006375 0.001799999 0.0316 0.006375 0.00465 0.0316 0.008528725 0.0004799995 0.0316 0.008528725 0.001799999 0.0316 0.01425 0.0004799995 0.0316 0.01425 0.001799999</float_array>
          <technique_common>
            <accessor count="4861" source="#cubeverts-array0-array" stride="3">
              <param type="float" name="X" />
              <param type="float" name="Y" />
              <param type="float" name="Z" />
            </accessor>
          </technique_common>
        </source>
        <source id="cubenormals-array0">
          <float_array count="29322" id="cubenormals-array0-array">-0 0 -1 0 0 -1 0 0 -1 0 0 -1 0 0 -1 0 0 -1 0 0 -1 0 0 -1 0 0 -1 0 0 -1 0 0 -1 0 0 -1 -0 0 -1 -0 0 -1 0 0 -1 -0 0 -1 -0 0 -1 0 0 -1 -0 0 -1 -0 0 -1 -0 0 -1 0 0 -1 0 0 -1 0 0 -1 0 0 -1 0 0 -1 0 0 -1 0 0 -1 0 0 -1 0 0 -1 0 -0 -1 0 -0 -1 0 0 -1 0 0 -1 0 0 -1 0 0 -1 0 0 -1 0 0 -1 0 0 -1 0 0 -1 0 0 -1 0 0 -1 -0 0 -1 -0 0 -1 0 0 -1 0 0 -1 0 -0 -1 0 0 -1 0 0 -1 0 0 -1 0 0 -1 0 0 -1 0 0 -1 0 -0 -1 0 0 -1 0 0 -1 0 0 -1 0 0 -1 -0 0 -1 -0 0 -1 0 0 -1 -0 0 -1 -0 0 -1 0 0 -1 0 -0 -1 0 -0 -1 0 0 -1 0 -0 -1 0 -0 -1 0 0 -1 -0 0 -1 0 0 -1 -0 -0 -1 0 -0 -1 0 0 -1 0 -0 -1 0 -0 -1 0 0 -1 0 0 -1 0 0 -1 0 0 -1 0 0 -1 0 0 -1 0 0 -1 0 0 -1 0 0 -1 0 0 -1 0 0 -1 -0 0 -1 -0 0 -1 0 -0 -1 0 -0 -1 0 0 -1 0 0 -1 0 0 -1 0 0 -1 0 0 -1 0 0 -1 0 0 -1 0 0 -1 -0 0 -1 -0 0 -1 0 0 -1 -0 0 -1 -0 0 -1 0 0 -1 0 0 -1 0 0 -1 0 -0 -1 0 0 -1 -0 0 -1 -0 0 -1 0 0 -1 0 0 -1 0 0 -1 0 0 -1 0 0 -1 0 0 -1 0 0 -1 0 0 -1 0 0 -1 0 0 -1 0 0 -1 0 0 -1 0 0 -1 0 0 -1 0 -0 -1 0 0 -1 0 0 -1 0 0 -1 -0 0 -1 -0 0 -1 0 0 -1 0 -0 -1 0 0 -1 0 0 -1 0 0 -1 0 0 -1 0 -0 -1 0 -0 -1 0 0 -1 0 -0 -1 0 -0 -1 0 0 -1 0 -0 -1 0 -0 -1 0 0 -1 -0 0 -1 -0 0 -1 0 0 -1 -0 0 -1 0 0 -1 0 -0 -1 0 -0 -1 0 0 -1 0 -0 -1 0 -0 -1 0 0 -1 0 0 -1 -0 0 -1 -0 0 -1 -0 0 -1 0 0 -1 0 0 -1 0 0 -1 0 0 -1 0 0 -1 0 0 -1 0 0 -1 0 0 -1 0 0 -1 0 0 -1 0 0 -1 0 0 -1 0 0 -1 -0 0 -1 -0 0 -1 0 0 -1 0 0 -1 0 0 -1 0 0 -1 0 0 -1 0 0 -1 0 0 -1 0 0 -1 0 0 -1 0 0 -1 0 0 -1 0 0 -1 0 0 -1 0 0 -1 0 0 -1 0 0 -1 0 0 -1 0 0 -1 0 0 -1 -0 0 -1 -0 0 -1 0 0 -1 -0 0 -1 -0 0 -1 0 0 -1 -0 0 -1 -0 0 -1 0 0 -1 0 0 -1 0 0 -1 -0 0 -1 -0 0 -1 0 -0 -1 0 0 -1 0 -0 -1 0 -0 -1 0 0 -1 -0 0 -1 -0 0 -1 0 0 -1 -0 0 -1 0 0 -1 0 -0 -1 0 -0 -1 0 0 -1 0 -0 -1 0 -0 -1 0 0 -1 0 -0 -1 0 -0 -1 0 0 -1 0 -0 -1 0 -0 -1 0 0 -1 0 0 -1 0 -0 -1 0 0 -1 0 0 -1 0 0 -1 0 0 -1 0 0 -1 0 0 -1 0 0 -1 -0 0 -1 -0 0 -1 0 0 -1 -0 0 -1 -0 0 -1 0 0 -1 0 -0 -1 0 -0 -1 0 0 -1 0 0 -1 0 0 -1 0 0 -1 0 0 -1 0 0 -1 0 0 -1 0 0 -1 -0 0 -1 -0 0 -1 0 0 -1 0 0 -1 0 -0 -1 0 0 -1 0 0 -1 0 0 -1 0 0 -1 0 0 -1 0 0 -1 0 0 -1 0 0 -1 0 0 -1 0 0 -1 0 0 -1 0 0 -1 0 -0 -1 0 -0 -1 0 0 -1 0 -0 -1 0 0 -1 0 0 -1 0 0 -1 -0 0 -1 -0 0 -1 0 0 -1 -0 0 -1 -0 0 -1 0 0 -1 0 -0 -1 0 -0 -1 0 0 -1 0 -0 -1 0 -0 -1 0 0 -1 0 0 -1 0 0 -1 0 0 -1 0 0 -1 0 0 -1 0 0 -1 0 0 -1 0 0 -1 -0 0 -1 -0 0 -1 0 0 -1 0 0 -1 0 0 -1 0 0 -1 -0 0 -1 -0 0 -1 0 0 -1 -0 0 -1 0 0 -1 0 -0 -1 0 -0 -1 0 0 -1 0 0 -1 0 0 -1 0 0 -1 0 0 -1 0 0 -1 0 0 -1 0 0 -1 0 0 -1 -0 0 -1 -0 0 -1 0 0 -1 0 0 -1 0 0 -1 0 -0 -1 0 -0 -1 0 0 -1 0 -0 -1 0 -0 -1 0 0 -1 0 0 -1 0 0 -1 0 0 -1 0 0 -1 0 0 -1 0 0 -1 0 0 -1 0 0 -1 0 0 -1 0 0 -1 0 0 -1 0 0 -1 0 0 -1 0 0 -1 0 0 -1 0 -0 -1 0 0 -1 -0 0 -1 -0 0 -1 0 0 -1 0 -0 -1 0 -0 -1 0 0 -1 0 0 -1 0 0 -1 0 0 -1 0 0 -1 0 0 -1 -0 0 -1 -0 0 -1 0 -0 -1 0 -0 -1 0 0 -1 0 0 -1 0 -0 -1 0 0 -1 0 0 -1 0 0 -1 -0 0 -1 -0 0 -1 0 0 -1 -0 0 -1 -0 0 -1 0 -0 -1 0 -0 -1 0 0 -1 -0 0 -1 -0 0 -1 0 0 -1 0 -0 -1 0 0 -1 0 0 -1 0 0 -1 0 -0 -1 0 -0 -1 0 0 -1 0 -0 -1 0 -0 -1 0 0 -1 0 0 -1 0 0 -1 0 0 -1 0 0 -1 0 0 -1 0 0 -1 0 0 -1 0 0 -1 0 0 -1 0 0 -1 0 0 -1 0 0 -1 -0 0 -1 -0 0 -1 0 0 -1 -0 0 -1 -0 0 -1 0 0 -1 0 0 -1 0 -0 -1 0 -0 -1 0 0 -1 0 0 -1 0 0 -1 -0 0 -1 -0 0 -1 0 0 -1 0 -0 -1 0 -0 -1 0 0 -1 0 0 -1 0 0 -1 0 0 -1 -0 0 -1 -0 0 -1 0 0 -1 0 -0 -1 0 -0 -1 0 0 -1 0 -0 -1 0 -0 -1 0 -0 -1 0 0 -1 0 0 -1 0 0 -1 0 0 -1 0 0 -1 -0 0 -1 0 0 -1 -0 -0 -1 -0 -0 -1 0 0 -1 0 0 -1 0 0 -1 0 0 -1 0 0 -1 0 0 -1 0 0 -1 0 0 -1 0 0 -1 0 0 -1 0 0 -1 0 0 -1 0 0 -1 0 0 -1 0 0 -1 0 0 -1 0 0 -1 0 0 -1 0 0 -1 0 0 -1 0 0 -1 0 0 -1 0 0 -1 0 0 -1 0 0 -1 0 0 -1 0 0 -1 0 -0 -1 0 -0 -1 -0 -0 -1 0 0 -1 0 0 -1 0 0 -1 0 0 -1 0 -0 -1 0 -0 -1 0 0 -1 0 0 -1 0 0 -1 -0 0 -1 -0 0 -1 0 0 -1 -0 0 -1 -0 0 -1 0 0 -1 0 -0 -1 0 -0 -1 0 0 -1 0 -0 -1 0 -0 -1 0 0 -1 0 0 -1 0 0 -1 0 0 -1 0 -0 -1 0 -0 -1 0 0 -1 -0 0 -1 -0 0 -1 0 0 -1 -0 0 -1 0 0 -1 -0 -0 -1 0 -0 -1 0 0 -1 -0 0 -1 -0 0 -1 0 0 -1 0 0 -1 0 0 -1 0 0 -1 0 0 -1 0 0 -1 0 -0 -1 0 -0 -1 0 -0 -1 0 0 -1 0 0 -1 0 0 -1 0 0 -1 0 0 -1 0 0 -1 0 0 -1 0 0 -1 0 0 -1 0 0 -1 0 0 -1 0 0 -1 0 0 -1 0 0 -1 0 0 -1 0 0 -1 0 0 -1 0 0 -1 0 0 -1 0 0 -1 0 0 -1 0 0 -1 0 0 -1 0 0 -1 0 0 -1 0 0 -1 0 0 -1 0 0 -1 0 0 -1 0 0 -1 0 -0 -1 0 -0 -1 -0 -0 -1 0 0 -1 -0 0 -1 -0 0 -1 0 0 -1 0 -0 -1 0 -0 -1 0 0 -1 0 -0 -1 0 -0 -1 0 0 -1 0 -0 -1 0 -0 -1 0 0 -1 0 0 -1 0 0 -1 0 0 -1 0 0 -1 0 0 -1 0 0 -1 0 0 -1 0 0 -1 0 0 -1 0 0 -1 -0 0 -1 -0 0 -1 0 0 -1 -0 0 -1 -0 0 -1 0 0 -1 0 -0 -1 0 -0 -1 0 0 -1 0 0 -1 0 0 -1 0 0 -1 0 0 -1 0 0 -1 0 0 -1 0 0 -1 0 0 -1 0 0 -1 0 0 -1 0 0 -1 0 0 -1 0 0 -1 0 0 -1 0 0 -1 0 0 -1 0 0 -1 -0 0 -1 -0 0 -1 0 0 -1 -0 0 -1 0 0 -1 -0 -0 -1 0 -0 -1 0 0 -1 0 0 -1 0 0 -1 0 0 -1 0 0 -1 0 0 -1 0 0 -1 0 0 -1 0 0 -1 0 0 -1 0 0 -1 0 0 -1 0 0 -1 0 -0 -1 0 -0 -1 0 -0 -1 0 0 -1 0 0 -1 0 0 -1 0 0 -1 0 0 -1 0 -0 -1 0 -0 -1 -0 -0 -1 0 0 -1 0 -0 -1 0 -0 -1 0 0 -1 0 0 -1 0 0 -1 0 0 -1 0 0 -1 0 0 -1 0 0 -1 -0 0 -1 -0 0 -1 0 0 -1 0 -0 -1 0 -0 -1 0 0 -1 0 -0 -1 0 -0 -1 0 -0 -1 0 0 -1 0 0 -1 0 0 -1 -0 0 -1 -0 0 -1 0 0 -1 -0 0 -1 -0 0 -1 0 0 -1 0 0 -1 0 0 -1 0 0 -1 0 0 -1 0 0 -1 0 0 -1 0 0 -1 0 0 -1 0 0 -1 0 0 -1 0 0 -1 0 0 -1 0 0 -1 0 0 -1 0 0 -1 0 0 -1 0 -0 -1 0 -0 -1 0 0 -1 0 0 -1 0 0 -1 0 0 -1 0 0 -1 0 0 -1 0 0 -1 0 0 -1 0 0 -1 0 0 -1 0 0 -1 0 0 -1 0 0 -1 0 0 -1 0 0 -1 0 0 -1 0 0 -1 0 0 -1 -0 0 -1 -0 0 -1 0 0 -1 -0 0 -1 0 0 -1 -0 -0 -1 0 -0 -1 0 0 -1 0 0 -1 0 0 -1 0 0 -1 -0 0 -1 -0 0 -1 0 0 -1 0 -0 -1 0 -0 -1 0 0 -1 -0 0 -1 -0 0 -1 0 0 -1 -0 0 -1 -0 0 -1 0 0 -1 0 -0 -1 0 -0 -1 0 0 -1 0 0 -1 0 0 -1 0 0 -1 0 0 -1 -0 0 -1 -0 0 -1 0 0 -1 0 -0 -1 0 -0 -1 0 0 -1 0 -0 -1 0 0 -1 0 0 -1 0 -0 -1 0 -0 -1 0 -0 -1 0 -0 -1 0 0 -1 0 0 -1 0 0 -1 0 0 -1 0 0 -1 0 0 -1 0 0 -1 -0 0 -1 -0 0 -1 0 0 -1 0 0 -1 0 0 -1 0 0 -1 0 0 -1 0 0 -1 0 0 -1 0 0 -1 0 0 -1 0 0 -1 0 0 -1 -0 0 -1 0 0 -1 0 -0 -1 0 -0 -1 0 0 -1 0 0 -1 0 0 -1 0 0 -1 0 0 -1 0 0 -1 0 0 -1 0 0 -1 0 0 -1 0 0 -1 0 0 -1 0 0 -1 0 0 -1 0 0 -1 0 0 -1 0 0 -1 0 0 -1 0 0 -1 0 0 -1 0 0 -1 0 0 -1 0 0 -1 0 0 -1 -0 0 -1 0 0 -1 -0 0 -1 0 0 -1 -0 0 -1 0 0 -1 -0 0 -1 0 0 -1 -0 0 -1 0 0 -1 0.9990209 -0.04424059 0 0.9990209 -0.04424059 0 0.9911993 -0.1323784 0 0.9911993 -0.1323784 0 0.975623 -0.219453 0 0.975623 -0.219453 0 0.9524248 -0.3047737 0 0.9524248 -0.3047737 0 0.9217447 -0.3877974 0 0.9217447 -0.3877974 0 0.883869 -0.4677345 0 0.883869 -0.4677345 0 0.8390673 -0.5440276 0 0.8390673 -0.5440276 0 0.7877179 -0.6160362 0 0.7877179 -0.6160362 0 0.7301675 -0.6832681 0 0.7301675 -0.6832681 0 0.6669373 -0.7451139 0 0.6669373 -0.7451139 0 0.5984672 -0.8011472 0 0.5984672 -0.8011472 0 0.5253294 -0.8508989 0 0.5253294 -0.8508989 0 0.4480643 -0.8940013 0 0.4480643 -0.8940013 0 0.3673105 -0.9300983 0 0.3673105 -0.9300983 0 0.283664 -0.9589237 0 0.283664 -0.9589237 0 0.1978019 -0.9802421 0 0.1978019 -0.9802421 0 0.1103905 -0.9938884 0 0.1103905 -0.9938884 0 0.02212064 -0.9997554 0 0.02212064 -0.9997554 0 -0.06631867 -0.9977985 0 -0.06631867 -0.9977985 0 -0.1542418 -0.9880331 0 -0.1542418 -0.9880331 0 -0.2409796 -0.9705302 0 -0.2409796 -0.9705302 0 -0.3257842 -0.9454441 0 -0.3257842 -0.9454441 0 -0.40809 -0.9129418 0 -0.40809 -0.9129418 0 -0.487175 -0.8733044 0 -0.487175 -0.8733044 0 -0.5624641 -0.8268217 0 -0.5624641 -0.8268217 0 -0.6332965 -0.7739093 0 -0.6332965 -0.7739093 0 -0.6992517 -0.7148755 0 -0.6992517 -0.7148755 0 -0.7596927 -0.6502822 0 -0.7596927 -0.6502822 0 -0.8141732 -0.5806221 0 -0.8141732 -0.5806221 0 -0.8623271 -0.5063516 0 -0.8623271 -0.5063516 0 -0.903693 -0.4281809 0 -0.903693 -0.4281809 0 -0.9380031 -0.3466271 0 -0.9380031 -0.3466271 0 -0.9649589 -0.262401 0 -0.9649589 -0.262401 0 -0.9843819 -0.1760463 0 -0.9843819 -0.1760463 0 -0.9960855 -0.08839592 0 -0.9960855 -0.08839592 0 -1 0 0 -1 0 0 -0.9960855 0.08839592 0 -0.9960855 0.08839592 0 -0.9843819 0.1760463 0 -0.9843819 0.1760463 0 -0.9649599 0.2623973 0 -0.9649599 0.2623973 0 -0.9380013 0.3466317 0 -0.9380013 0.3466317 0 -0.903693 0.4281809 0 -0.903693 0.4281809 0 -0.8623271 0.5063516 0 -0.8623271 0.5063516 0 -0.8141732 0.5806221 0 -0.8141732 0.5806221 0 -0.7596927 0.6502822 0 -0.7596927 0.6502822 0 -0.6992443 0.7148827 0 -0.6992443 0.7148827 0 -0.6333137 0.7738952 0 -0.6333137 0.7738952 0 -0.5624543 0.8268284 0 -0.5624543 0.8268284 0 -0.487175 0.8733044 0 -0.487175 0.8733044 0 -0.408078 0.9129471 0 -0.408078 0.9129471 0 -0.3257971 0.9454397 0 -0.3257971 0.9454397 0 -0.2409661 0.9705335 0 -0.2409661 0.9705335 0 -0.1542559 0.9880309 0 -0.1542559 0.9880309 0 -0.06631867 0.9977985 0 -0.06631867 0.9977985 0 0.02212064 0.9997554 0 0.02212064 0.9997554 -0 0.1104047 0.9938868 0 0.1104047 0.9938868 -0 0.1977881 0.9802448 0 0.1977881 0.9802448 -0 0.2836772 0.9589199 0 0.2836772 0.9589199 -0 0.3672856 0.9301081 0 0.3672856 0.9301081 -0 0.4480758 0.8939955 0 0.4480758 0.8939955 -0 0.5253294 0.8508989 0 0.5253294 0.8508989 -0 0.5984672 0.8011472 0 0.5984672 0.8011472 -0 0.6669373 0.7451139 0 0.6669373 0.7451139 -0 0.7301675 0.6832681 0 0.7301675 0.6832681 -0 0.7877233 0.6160291 0 0.7877233 0.6160291 -0 0.8390673 0.5440276 0 0.8390673 0.5440276 -0 0.8838659 0.4677405 0 0.8838659 0.4677405 -0 0.9217467 0.3877922 0 0.9217467 0.3877922 -0 0.9524235 0.3047778 0 0.9524235 0.3047778 -0 0.975623 0.219453 0 0.975623 0.219453 -0 0.9911993 0.1323784 0 0.9911993 0.1323784 -0 0.9990209 0.04424123 0 0.9990209 0.04424123 -0 0.9990221 -0.0442119 0 0.9990221 -0.0442119 0 0.9911993 -0.1323784 0 0.9911993 -0.1323784 0 0.9756293 -0.2194257 0 0.9756293 -0.2194257 0 0.9524165 -0.3047997 0 0.9524165 -0.3047997 0 0.9217447 -0.3877974 0 0.9217447 -0.3877974 0 0.883869 -0.4677345 0 0.883869 -0.4677345 0 0.8390673 -0.5440276 0 0.8390673 -0.5440276 0 0.7877179 -0.6160362 0 0.7877179 -0.6160362 0 0.7301675 -0.6832681 0 0.7301675 -0.6832681 0 0.6669373 -0.7451139 0 0.6669373 -0.7451139 0 0.5984672 -0.8011472 0 0.5984672 -0.8011472 0 0.5253423 -0.850891 0 0.5253423 -0.850891 0 0.4480643 -0.8940013 0 0.4480643 -0.8940013 0 0.3673007 -0.9301022 0 0.3673007 -0.9301022 0 0.283664 -0.9589237 0 0.283664 -0.9589237 0 0.1978019 -0.9802421 0 0.1978019 -0.9802421 0 0.1103874 -0.9938886 0 0.1103874 -0.9938886 0 0.02212128 -0.9997553 0 0.02212128 -0.9997553 0 -0.06631867 -0.9977985 0 -0.06631867 -0.9977985 0 -0.1542418 -0.9880331 0 -0.1542418 -0.9880331 0 -0.2409796 -0.9705302 0 -0.2409796 -0.9705302 0 -0.3257842 -0.9454441 0 -0.3257842 -0.9454441 0 -0.4081007 -0.9129369 0 -0.4081007 -0.9129369 0 -0.487175 -0.8733044 0 -0.487175 -0.8733044 0 -0.5624508 -0.8268308 0 -0.5624508 -0.8268308 0 -0.6333106 -0.7738977 0 -0.6333106 -0.7738977 0 -0.6992372 -0.7148896 0 -0.6992372 -0.7148896 0 -0.7596927 -0.6502822 0 -0.7596927 -0.6502822 0 -0.8141868 -0.5806031 0 -0.8141868 -0.5806031 0 -0.8623145 -0.506373 0 -0.8623145 -0.506373 0 -0.903693 -0.4281809 0 -0.903693 -0.4281809 0 -0.9379937 -0.3466524 0 -0.9379937 -0.3466524 0 -0.9649662 -0.2623742 0 -0.9649662 -0.2623742 0 -0.9843769 -0.1760742 0 -0.9843769 -0.1760742 0 -0.996088 -0.0883674 0 -0.996088 -0.0883674 0 -1 0 0 -1 0 0 -0.996088 0.0883674 0 -0.996088 0.0883674 0 -0.9843769 0.1760742 0 -0.9843769 0.1760742 0 -0.9649673 0.2623706 0 -0.9649673 0.2623706 0 -0.937992 0.346657 0 -0.937992 0.346657 0 -0.903693 0.4281809 0 -0.903693 0.4281809 0 -0.8623145 0.506373 0 -0.8623145 0.506373 0 -0.8141868 0.5806031 0 -0.8141868 0.5806031 0 -0.7596927 0.6502822 0 -0.7596927 0.6502822 0 -0.69923 0.7148968 0 -0.69923 0.7148968 0 -0.6333278 0.7738837 0 -0.6333278 0.7738837 0 -0.5624409 0.8268375 0 -0.5624409 0.8268375 0 -0.487175 0.8733044 0 -0.487175 0.8733044 0 -0.4080887 0.9129423 0 -0.4080887 0.9129423 0 -0.3257971 0.9454397 0 -0.3257971 0.9454397 0 -0.2409661 0.9705335 0 -0.2409661 0.9705335 0 -0.1542559 0.9880309 0 -0.1542559 0.9880309 0 -0.06631867 0.9977985 0 -0.06631867 0.9977985 0 0.02212128 0.9997553 0 0.02212128 0.9997553 -0 0.1104015 0.9938871 0 0.1104015 0.9938871 -0 0.1977881 0.9802448 0 0.1977881 0.9802448 -0 0.2836772 0.9589199 0 0.2836772 0.9589199 -0 0.3672758 0.9301121 0 0.3672758 0.9301121 -0 0.4480758 0.8939955 0 0.4480758 0.8939955 -0 0.5253423 0.850891 0 0.5253423 0.850891 -0 0.5984672 0.8011472 0 0.5984672 0.8011472 -0 0.6669373 0.7451139 0 0.6669373 0.7451139 -0 0.7301675 0.6832681 0 0.7301675 0.6832681 -0 0.7877233 0.6160291 0 0.7877233 0.6160291 -0 0.8390673 0.5440276 0 0.8390673 0.5440276 -0 0.8838659 0.4677405 0 0.8838659 0.4677405 -0 0.9217467 0.3877922 0 0.9217467 0.3877922 -0 0.9524151 0.3048039 0 0.9524151 0.3048039 -0 0.9756293 0.2194257 0 0.9756293 0.2194257 -0 0.9911993 0.1323784 0 0.9911993 0.1323784 -0 0.9990221 0.04421253 0 0.9990221 0.04421253 -0 0.9990215 -0.04422624 0 0.9990215 -0.04422624 0 0.991203 -0.1323501 0 0.991203 -0.1323501 0 0.975623 -0.219453 0 0.975623 -0.219453 0 0.9524165 -0.3047997 0 0.9524165 -0.3047997 0 0.9217498 -0.3877852 0 0.9217498 -0.3877852 0 0.883869 -0.4677345 0 0.883869 -0.4677345 0 0.8390739 -0.5440175 0 0.8390739 -0.5440175 0 0.7877039 -0.616054 0 0.7877039 -0.616054 0 0.7301819 -0.6832528 0 0.7301819 -0.6832528 0 0.6669373 -0.7451139 0 0.6669373 -0.7451139 0 0.5984604 -0.8011524 0 0.5984604 -0.8011524 0 0.5253294 -0.8508989 0 0.5253294 -0.8508989 0 0.4480643 -0.8940013 0 0.4480643 -0.8940013 0 0.3673105 -0.9300983 0 0.3673105 -0.9300983 0 0.2836601 -0.9589249 0 0.2836601 -0.9589249 0 0.1978047 -0.9802415 0 0.1978047 -0.9802415 0 0.1103889 -0.9938884 0 0.1103889 -0.9938884 0 0.02212064 -0.9997554 0 0.02212064 -0.9997554 0 -0.06631867 -0.9977985 0 -0.06631867 -0.9977985 0 -0.1542418 -0.9880331 0 -0.1542418 -0.9880331 0 -0.2409796 -0.9705302 0 -0.2409796 -0.9705302 0 -0.3257842 -0.9454441 0 -0.3257842 -0.9454441 0 -0.4081007 -0.9129369 0 -0.4081007 -0.9129369 0 -0.487175 -0.8733044 0 -0.487175 -0.8733044 0 -0.5624508 -0.8268308 0 -0.5624508 -0.8268308 0 -0.6333106 -0.7738977 0 -0.6333106 -0.7738977 0 -0.6992517 -0.7148755 0 -0.6992517 -0.7148755 0 -0.7596785 -0.6502988 0 -0.7596785 -0.6502988 0 -0.8141868 -0.5806031 0 -0.8141868 -0.5806031 0 -0.8623145 -0.506373 0 -0.8623145 -0.506373 0 -0.903693 -0.4281809 0 -0.903693 -0.4281809 0 -0.9380031 -0.3466271 0 -0.9380031 -0.3466271 0 -0.9649589 -0.262401 0 -0.9649589 -0.262401 0 -0.9843819 -0.1760463 0 -0.9843819 -0.1760463 0 -0.9960855 -0.08839592 0 -0.9960855 -0.08839592 0 -1 0 0 -1 0 0 -0.9960855 0.08839592 0 -0.9960855 0.08839592 0 -0.9843819 0.1760463 0 -0.9843819 0.1760463 0 -0.9649599 0.2623973 0 -0.9649599 0.2623973 0 -0.9380013 0.3466317 0 -0.9380013 0.3466317 0 -0.903693 0.4281809 0 -0.903693 0.4281809 0 -0.8623145 0.506373 0 -0.8623145 0.506373 0 -0.8141868 0.5806031 0 -0.8141868 0.5806031 0 -0.7596785 0.6502988 0 -0.7596785 0.6502988 0 -0.6992443 0.7148827 0 -0.6992443 0.7148827 0 -0.6333278 0.7738837 0 -0.6333278 0.7738837 0 -0.5624409 0.8268375 0 -0.5624409 0.8268375 0 -0.487175 0.8733044 0 -0.487175 0.8733044 0 -0.4080887 0.9129423 0 -0.4080887 0.9129423 0 -0.3257971 0.9454397 0 -0.3257971 0.9454397 0 -0.2409661 0.9705335 0 -0.2409661 0.9705335 0 -0.1542559 0.9880309 0 -0.1542559 0.9880309 0 -0.06631867 0.9977985 0 -0.06631867 0.9977985 0 0.02212064 0.9997554 0 0.02212064 0.9997554 -0 0.1104031 0.9938868 0 0.1104031 0.9938868 -0 0.1977909 0.9802442 0 0.1977909 0.9802442 -0 0.2836733 0.958921 0 0.2836733 0.958921 -0 0.3672856 0.9301081 0 0.3672856 0.9301081 -0 0.4480758 0.8939955 0 0.4480758 0.8939955 -0 0.5253294 0.8508989 0 0.5253294 0.8508989 -0 0.5984604 0.8011524 0 0.5984604 0.8011524 -0 0.6669373 0.7451139 0 0.6669373 0.7451139 -0 0.7301819 0.6832528 0 0.7301819 0.6832528 -0 0.7877094 0.616047 0 0.7877094 0.616047 -0 0.8390739 0.5440175 0 0.8390739 0.5440175 -0 0.8838659 0.4677405 0 0.8838659 0.4677405 -0 0.9217519 0.38778 0 0.9217519 0.38778 -0 0.9524151 0.3048039 0 0.9524151 0.3048039 -0 0.975623 0.219453 0 0.975623 0.219453 -0 0.991203 0.1323501 0 0.991203 0.1323501 -0 0.9990215 0.04422688 0 0.9990215 0.04422688 -0 0.9990209 -0.04424059 0 0.9990209 -0.04424059 0 0.991203 -0.1323501 0 0.991203 -0.1323501 0 0.9756261 -0.2194393 0 0.9756261 -0.2194393 0 0.9524123 -0.3048128 0 0.9524123 -0.3048128 0 0.9217498 -0.3877852 0 0.9217498 -0.3877852 0 0.883869 -0.4677345 0 0.883869 -0.4677345 0 0.8390739 -0.5440175 0 0.8390739 -0.5440175 0 0.7877039 -0.616054 0 0.7877039 -0.616054 0 0.7301819 -0.6832528 0 0.7301819 -0.6832528 0 0.6669373 -0.7451139 0 0.6669373 -0.7451139 0 0.5984672 -0.8011472 0 0.5984672 -0.8011472 0 0.525323 -0.8509029 0 0.525323 -0.8509029 0 0.4480701 -0.8939984 0 0.4480701 -0.8939984 0 0.3673056 -0.9301003 0 0.3673056 -0.9301003 0 0.2836601 -0.9589249 0 0.2836601 -0.9589249 0 0.1978075 -0.9802409 0 0.1978075 -0.9802409 0 0.1103889 -0.9938884 0 0.1103889 -0.9938884 0 0.02212032 -0.9997554 0 0.02212032 -0.9997554 0 -0.06631867 -0.9977985 0 -0.06631867 -0.9977985 0 -0.1542418 -0.9880331 0 -0.1542418 -0.9880331 0 -0.2409796 -0.9705302 0 -0.2409796 -0.9705302 0 -0.3257931 -0.9454411 0 -0.3257931 -0.9454411 0 -0.4080846 -0.9129441 0 -0.4080846 -0.9129441 0 -0.487175 -0.8733044 0 -0.487175 -0.8733044 0 -0.5624574 -0.8268262 0 -0.5624574 -0.8268262 0 -0.6333106 -0.7738977 0 -0.6333106 -0.7738977 0 -0.6992444 -0.7148826 0 -0.6992444 -0.7148826 0 -0.7596927 -0.6502822 0 -0.7596927 -0.6502822 0 -0.81418 -0.5806126 0 -0.81418 -0.5806126 0 -0.8623208 -0.5063623 0 -0.8623208 -0.5063623 0 -0.903693 -0.4281809 0 -0.903693 -0.4281809 0 -0.9380031 -0.3466271 0 -0.9380031 -0.3466271 0 -0.9649626 -0.2623876 0 -0.9649626 -0.2623876 0 -0.9843794 -0.1760603 0 -0.9843794 -0.1760603 0 -0.9960855 -0.08839592 0 -0.9960855 -0.08839592 0 -1 0 0 -1 0 0 -0.9960855 0.08839592 0 -0.9960855 0.08839592 0 -0.9843794 0.1760603 0 -0.9843794 0.1760603 0 -0.9649636 0.262384 0 -0.9649636 0.262384 0 -0.9380013 0.3466317 0 -0.9380013 0.3466317 0 -0.903693 0.4281809 0 -0.903693 0.4281809 0 -0.8623208 0.5063623 0 -0.8623208 0.5063623 0 -0.81418 0.5806126 0 -0.81418 0.5806126 0 -0.7596927 0.6502822 0 -0.7596927 0.6502822 0 -0.6992371 0.7148898 0 -0.6992371 0.7148898 0 -0.6333278 0.7738837 0 -0.6333278 0.7738837 0 -0.5624476 0.826833 0 -0.5624476 0.826833 0 -0.487175 0.8733044 0 -0.487175 0.8733044 0 -0.4080727 0.9129496 0 -0.4080727 0.9129496 0 -0.325806 0.9454367 0 -0.325806 0.9454367 0 -0.2409661 0.9705335 0 -0.2409661 0.9705335 0 -0.1542559 0.9880309 0 -0.1542559 0.9880309 0 -0.06631867 0.9977985 0 -0.06631867 0.9977985 0 0.02212032 0.9997554 0 0.02212032 0.9997554 -0 0.1104031 0.9938868 0 0.1104031 0.9938868 -0 0.1977937 0.9802436 0 0.1977937 0.9802436 -0 0.2836733 0.958921 0 0.2836733 0.958921 -0 0.3672808 0.9301102 0 0.3672808 0.9301102 -0 0.4480815 0.8939927 0 0.4480815 0.8939927 -0 0.525323 0.8509029 0 0.525323 0.8509029 -0 0.5984672 0.8011472 0 0.5984672 0.8011472 -0 0.6669373 0.7451139 0 0.6669373 0.7451139 -0 0.7301819 0.6832528 0 0.7301819 0.6832528 -0 0.7877094 0.616047 0 0.7877094 0.616047 -0 0.8390739 0.5440175 0 0.8390739 0.5440175 -0 0.8838659 0.4677405 0 0.8838659 0.4677405 -0 0.9217519 0.38778 0 0.9217519 0.38778 -0 0.9524109 0.3048169 0 0.9524109 0.3048169 -0 0.9756261 0.2194393 0 0.9756261 0.2194393 -0 0.991203 0.1323501 0 0.991203 0.1323501 -0 0.9990209 0.04424123 0 0.9990209 0.04424123 -0 0.9990209 -0.04424059 0 0.9990209 -0.04424059 0 0.991203 -0.1323501 0 0.991203 -0.1323501 0 0.9756293 -0.2194257 0 0.9756293 -0.2194257 0 0.9524123 -0.3048128 0 0.9524123 -0.3048128 0 0.9217498 -0.3877852 0 0.9217498 -0.3877852 0 0.8838631 -0.4677457 0 0.8838631 -0.4677457 0 0.8390739 -0.5440175 0 0.8390739 -0.5440175 0 0.7877039 -0.616054 0 0.7877039 -0.616054 0 0.7301819 -0.6832528 0 0.7301819 -0.6832528 0 0.6669373 -0.7451139 0 0.6669373 -0.7451139 0 0.5984742 -0.8011422 0 0.5984742 -0.8011422 0 0.525323 -0.8509029 0 0.525323 -0.8509029 0 0.4480643 -0.8940013 0 0.4480643 -0.8940013 0 0.3673056 -0.9301003 0 0.3673056 -0.9301003 0 0.283664 -0.9589237 0 0.283664 -0.9589237 0 0.1978047 -0.9802415 0 0.1978047 -0.9802415 0 0.1103889 -0.9938884 0 0.1103889 -0.9938884 0 0.02212032 -0.9997554 0 0.02212032 -0.9997554 0 -0.06631867 -0.9977985 0 -0.06631867 -0.9977985 0 -0.1542418 -0.9880331 0 -0.1542418 -0.9880331 0 -0.240983 -0.9705293 0 -0.240983 -0.9705293 0 -0.3257887 -0.9454426 0 -0.3257887 -0.9454426 0 -0.40809 -0.9129418 0 -0.40809 -0.9129418 0 -0.487175 -0.8733044 0 -0.487175 -0.8733044 0 -0.5624508 -0.8268308 0 -0.5624508 -0.8268308 0 -0.6333176 -0.7738919 0 -0.6333176 -0.7738919 0 -0.6992444 -0.7148826 0 -0.6992444 -0.7148826 0 -0.7596856 -0.6502905 0 -0.7596856 -0.6502905 0 -0.8141935 -0.5805935 0 -0.8141935 -0.5805935 0 -0.8623083 -0.5063837 0 -0.8623083 -0.5063837 0 -0.903693 -0.4281809 0 -0.903693 -0.4281809 0 -0.9380031 -0.3466271 0 -0.9380031 -0.3466271 0 -0.9649626 -0.2623876 0 -0.9649626 -0.2623876 0 -0.9843794 -0.1760603 0 -0.9843794 -0.1760603 0 -0.9960867 -0.08838166 0 -0.9960867 -0.08838166 0 -1 0 0 -1 0 0 -0.9960867 0.08838166 0 -0.9960867 0.08838166 0 -0.9843794 0.1760603 0 -0.9843794 0.1760603 0 -0.9649636 0.262384 0 -0.9649636 0.262384 0 -0.9380013 0.3466317 0 -0.9380013 0.3466317 0 -0.903693 0.4281809 0 -0.903693 0.4281809 0 -0.8623083 0.5063837 0 -0.8623083 0.5063837 0 -0.8141935 0.5805935 0 -0.8141935 0.5805935 0 -0.7596856 0.6502905 0 -0.7596856 0.6502905 0 -0.6992371 0.7148898 0 -0.6992371 0.7148898 0 -0.6333348 0.7738779 0 -0.6333348 0.7738779 0 -0.5624409 0.8268375 0 -0.5624409 0.8268375 0 -0.487175 0.8733044 0 -0.487175 0.8733044 0 -0.408078 0.9129471 0 -0.408078 0.9129471 0 -0.3258015 0.9454381 0 -0.3258015 0.9454381 0 -0.2409695 0.9705327 0 -0.2409695 0.9705327 0 -0.1542559 0.9880309 0 -0.1542559 0.9880309 0 -0.06631867 0.9977985 0 -0.06631867 0.9977985 0 0.02212032 0.9997554 0 0.02212032 0.9997554 -0 0.1104031 0.9938868 0 0.1104031 0.9938868 -0 0.1977909 0.9802442 0 0.1977909 0.9802442 -0 0.2836772 0.9589199 0 0.2836772 0.9589199 -0 0.3672808 0.9301102 0 0.3672808 0.9301102 -0 0.4480758 0.8939955 0 0.4480758 0.8939955 -0 0.525323 0.8509029 0 0.525323 0.8509029 -0 0.5984742 0.8011422 0 0.5984742 0.8011422 -0 0.6669373 0.7451139 0 0.6669373 0.7451139 -0 0.7301819 0.6832528 0 0.7301819 0.6832528 -0 0.7877094 0.616047 0 0.7877094 0.616047 -0 0.8390739 0.5440175 0 0.8390739 0.5440175 -0 0.8838599 0.4677517 0 0.8838599 0.4677517 -0 0.9217519 0.38778 0 0.9217519 0.38778 -0 0.9524109 0.3048169 0 0.9524109 0.3048169 -0 0.9756293 0.2194257 0 0.9756293 0.2194257 -0 0.991203 0.1323501 0 0.991203 0.1323501 -0 0.9990209 0.04424123 0 0.9990209 0.04424123 -0 0 0 -1 0 0 -1 0 0 -1 0 0 -1 0 0 -1 0 -0 -1 -0 0 -1 -0 0 -1 0 0 -1 -0 0 -1 -0 0 -1 0 0 -1 0 0 -1 0 -0 -1 0 0 -1 -0 -0 -1 -0 0 -1 -0 0 -1 1 0 -0 1 0 0 1 0 0 1 0 -0 1 0 -0 1 -0 0 1 0 -0 1 0 0 -0 0 -1 0 0 -1 0 0 -1 0 0 -1 0 0 -1 0 0 -1 0 0 -1 0 0 -1 0 -0 -1 0 0 -1 0 -0 -1 0 -0 -1 0 0 -1 0 0 -1 0 0 -1 0 0 -1 0 0 -1 0 0 -1 -1 0 0 -1 0 0 -1 0 -0 -1 0 0 -1 0 0 -1 -0 0 -1 0 0 -1 0 0 0.9990209 -0.04424123 0 0.9990209 -0.04424123 0 0.9911993 -0.1323784 0 0.9911993 -0.1323784 0 0.9756234 -0.2194515 0 0.9756234 -0.2194515 0 0.9524235 -0.3047778 0 0.9524235 -0.3047778 0 0.9217467 -0.3877922 0 0.9217467 -0.3877922 0 0.8838674 -0.4677375 0 0.8838674 -0.4677375 0 0.8390652 -0.5440309 0 0.8390652 -0.5440309 0 0.7877288 -0.6160222 0 0.7877288 -0.6160222 0 0.7301642 -0.6832718 0 0.7301642 -0.6832718 0 0.6669333 -0.7451175 0 0.6669333 -0.7451175 0 0.5984719 -0.8011438 0 0.5984719 -0.8011438 0 0.5253243 -0.8509022 0 0.5253243 -0.8509022 0 0.44807 -0.8939984 0 0.44807 -0.8939984 0 0.3673043 -0.9301008 0 0.3673043 -0.9301008 0 0.283664 -0.9589237 0 0.283664 -0.9589237 0 0.197795 -0.9802434 0 0.197795 -0.9802434 0 0.1104047 -0.9938868 0 0.1104047 -0.9938868 0 0.02212064 -0.9997554 0 0.02212064 -0.9997554 0 -0.06632583 -0.997798 0 -0.06632583 -0.997798 0 -0.1542559 -0.9880309 0 -0.1542559 -0.9880309 0 -0.2409593 -0.9705353 0 -0.2409593 -0.9705353 0 -0.3257971 -0.9454397 0 -0.3257971 -0.9454397 0 -0.4080839 -0.9129444 0 -0.4080839 -0.9129444 0 -0.487175 -0.8733044 0 -0.487175 -0.8733044 0 -0.5624592 -0.826825 0 -0.5624592 -0.826825 0 -0.6333094 -0.7738987 0 -0.6333094 -0.7738987 0 -0.6992443 -0.7148827 0 -0.6992443 -0.7148827 0 -0.7596927 -0.6502822 0 -0.7596927 -0.6502822 0 -0.8141756 -0.5806187 0 -0.8141756 -0.5806187 0 -0.8623253 -0.5063547 0 -0.8623253 -0.5063547 0 -0.9036917 -0.4281836 0 -0.9036917 -0.4281836 0 -0.9380031 -0.3466271 0 -0.9380031 -0.3466271 0 -0.9649594 -0.2623991 0 -0.9649594 -0.2623991 0 -0.9843819 -0.1760463 0 -0.9843819 -0.1760463 0 -0.9960855 -0.08839592 0 -0.9960855 -0.08839592 0 -1 0 0 -1 0 0 -0.9960853 0.08839655 0 -0.9960853 0.08839655 0 -0.9843819 0.1760463 0 -0.9843819 0.1760463 0 -0.9649599 0.2623973 0 -0.9649599 0.2623973 0 -0.9380022 0.3466294 0 -0.9380022 0.3466294 0 -0.9036904 0.4281864 0 -0.9036904 0.4281864 0 -0.8623289 0.5063485 0 -0.8623289 0.5063485 0 -0.8141756 0.5806187 0 -0.8141756 0.5806187 0 -0.7596897 0.6502858 0 -0.7596897 0.6502858 0 -0.699248 0.7148792 0 -0.699248 0.7148792 0 -0.6333094 0.7738987 0 -0.6333094 0.7738987 0 -0.5624494 0.8268318 0 -0.5624494 0.8268318 0 -0.4871805 0.8733013 0 -0.4871805 0.8733013 0 -0.40809 0.9129418 0 -0.40809 0.9129418 0 -0.3257971 0.9454397 0 -0.3257971 0.9454397 0 -0.2409593 0.9705353 0 -0.2409593 0.9705353 0 -0.1542488 0.988032 0 -0.1542488 0.988032 0 -0.06631867 0.9977985 0 -0.06631867 0.9977985 0 0.02212064 0.9997554 0 0.02212064 0.9997554 -0 0.1103905 0.9938884 0 0.1103905 0.9938884 -0 0.1978019 0.9802421 0 0.1978019 0.9802421 -0 0.283664 0.9589237 0 0.283664 0.9589237 -0 0.3673043 0.9301008 0 0.3673043 0.9301008 -0 0.4480643 0.8940013 0 0.4480643 0.8940013 -0 0.5253243 0.8509022 0 0.5253243 0.8509022 -0 0.5984719 0.8011438 0 0.5984719 0.8011438 -0 0.6669333 0.7451175 0 0.6669333 0.7451175 -0 0.7301675 0.6832681 0 0.7301675 0.6832681 -0 0.7877261 0.6160257 0 0.7877261 0.6160257 -0 0.8390673 0.5440276 0 0.8390673 0.5440276 -0 0.8838659 0.4677405 0 0.8838659 0.4677405 -0 0.9217467 0.3877922 0 0.9217467 0.3877922 -0 0.9524248 0.3047737 0 0.9524248 0.3047737 -0 0.975623 0.219453 0 0.975623 0.219453 -0 0.9911991 0.1323793 0 0.9911991 0.1323793 -0 0.9990209 0.04424123 0 0.9990209 0.04424123 -0 0.9990221 -0.04421253 0 0.9990221 -0.04421253 0 0.9911993 -0.1323784 0 0.9911993 -0.1323784 0 0.9756295 -0.2194241 0 0.9756295 -0.2194241 0 0.9524151 -0.3048039 0 0.9524151 -0.3048039 0 0.9217467 -0.3877922 0 0.9217467 -0.3877922 0 0.8838674 -0.4677375 0 0.8838674 -0.4677375 0 0.8390652 -0.5440309 0 0.8390652 -0.5440309 0 0.7877288 -0.6160222 0 0.7877288 -0.6160222 0 0.7301642 -0.6832718 0 0.7301642 -0.6832718 0 0.6669333 -0.7451175 0 0.6669333 -0.7451175 0 0.5984719 -0.8011438 0 0.5984719 -0.8011438 0 0.5253371 -0.8508942 0 0.5253371 -0.8508942 0 0.44807 -0.8939984 0 0.44807 -0.8939984 0 0.3672945 -0.9301047 0 0.3672945 -0.9301047 0 0.283664 -0.9589237 0 0.283664 -0.9589237 0 0.197795 -0.9802434 0 0.197795 -0.9802434 0 0.1104015 -0.9938871 0 0.1104015 -0.9938871 0 0.02212128 -0.9997553 0 0.02212128 -0.9997553 0 -0.06632583 -0.997798 0 -0.06632583 -0.997798 0 -0.1542559 -0.9880309 0 -0.1542559 -0.9880309 0 -0.2409593 -0.9705353 0 -0.2409593 -0.9705353 0 -0.3257971 -0.9454397 0 -0.3257971 -0.9454397 0 -0.4080947 -0.9129396 0 -0.4080947 -0.9129396 0 -0.487175 -0.8733044 0 -0.487175 -0.8733044 0 -0.5624459 -0.8268342 0 -0.5624459 -0.8268342 0 -0.6333235 -0.7738872 0 -0.6333235 -0.7738872 0 -0.69923 -0.7148968 0 -0.69923 -0.7148968 0 -0.7596927 -0.6502822 0 -0.7596927 -0.6502822 0 -0.8141892 -0.5805997 0 -0.8141892 -0.5805997 0 -0.8623127 -0.5063761 0 -0.8623127 -0.5063761 0 -0.9036917 -0.4281836 0 -0.9036917 -0.4281836 0 -0.9379937 -0.3466524 0 -0.9379937 -0.3466524 0 -0.9649667 -0.2623724 0 -0.9649667 -0.2623724 0 -0.9843769 -0.1760742 0 -0.9843769 -0.1760742 0 -0.996088 -0.0883674 0 -0.996088 -0.0883674 0 -1 0 0 -1 0 0 -0.9960878 0.08836802 0 -0.9960878 0.08836802 0 -0.9843769 0.1760742 0 -0.9843769 0.1760742 0 -0.9649673 0.2623706 0 -0.9649673 0.2623706 0 -0.9379929 0.3466547 0 -0.9379929 0.3466547 0 -0.9036904 0.4281864 0 -0.9036904 0.4281864 0 -0.8623164 0.5063698 0 -0.8623164 0.5063698 0 -0.8141892 0.5805997 0 -0.8141892 0.5805997 0 -0.7596897 0.6502858 0 -0.7596897 0.6502858 0 -0.6992337 0.7148932 0 -0.6992337 0.7148932 0 -0.6333235 0.7738872 0 -0.6333235 0.7738872 0 -0.562436 0.8268408 0 -0.562436 0.8268408 0 -0.4871805 0.8733013 0 -0.4871805 0.8733013 0 -0.4081007 0.9129369 0 -0.4081007 0.9129369 0 -0.3257971 0.9454397 0 -0.3257971 0.9454397 0 -0.2409593 0.9705353 0 -0.2409593 0.9705353 0 -0.1542488 0.988032 0 -0.1542488 0.988032 0 -0.06631867 0.9977985 0 -0.06631867 0.9977985 0 0.02212128 0.9997553 0 0.02212128 0.9997553 -0 0.1103874 0.9938886 0 0.1103874 0.9938886 -0 0.1978019 0.9802421 0 0.1978019 0.9802421 -0 0.283664 0.9589237 0 0.283664 0.9589237 -0 0.3672945 0.9301047 0 0.3672945 0.9301047 -0 0.4480643 0.8940013 0 0.4480643 0.8940013 -0 0.5253371 0.8508942 0 0.5253371 0.8508942 -0 0.5984719 0.8011438 0 0.5984719 0.8011438 -0 0.6669333 0.7451175 0 0.6669333 0.7451175 -0 0.7301675 0.6832681 0 0.7301675 0.6832681 -0 0.7877261 0.6160257 0 0.7877261 0.6160257 -0 0.8390673 0.5440276 0 0.8390673 0.5440276 -0 0.8838659 0.4677405 0 0.8838659 0.4677405 -0 0.9217467 0.3877922 0 0.9217467 0.3877922 -0 0.9524165 0.3047997 0 0.9524165 0.3047997 -0 0.9756293 0.2194257 0 0.9756293 0.2194257 -0 0.9911991 0.1323793 0 0.9911991 0.1323793 -0 0.9990221 0.04421253 0 0.9990221 0.04421253 -0 0.9990215 -0.04422688 0 0.9990215 -0.04422688 0 0.991203 -0.1323501 0 0.991203 -0.1323501 0 0.9756234 -0.2194515 0 0.9756234 -0.2194515 0 0.9524151 -0.3048039 0 0.9524151 -0.3048039 0 0.9217519 -0.38778 0 0.9217519 -0.38778 0 0.8838674 -0.4677375 0 0.8838674 -0.4677375 0 0.8390718 -0.5440207 0 0.8390718 -0.5440207 0 0.7877148 -0.61604 0 0.7877148 -0.61604 0 0.7301785 -0.6832564 0 0.7301785 -0.6832564 0 0.6669333 -0.7451175 0 0.6669333 -0.7451175 0 0.598465 -0.801149 0 0.598465 -0.801149 0 0.5253243 -0.8509022 0 0.5253243 -0.8509022 0 0.44807 -0.8939984 0 0.44807 -0.8939984 0 0.3673043 -0.9301008 0 0.3673043 -0.9301008 0 0.2836601 -0.9589249 0 0.2836601 -0.9589249 0 0.1977978 -0.9802428 0 0.1977978 -0.9802428 0 0.1104031 -0.9938868 0 0.1104031 -0.9938868 0 0.02212064 -0.9997554 0 0.02212064 -0.9997554 0 -0.06632583 -0.997798 0 -0.06632583 -0.997798 0 -0.1542559 -0.9880309 0 -0.1542559 -0.9880309 0 -0.2409593 -0.9705353 0 -0.2409593 -0.9705353 0 -0.3257971 -0.9454397 0 -0.3257971 -0.9454397 0 -0.4080947 -0.9129396 0 -0.4080947 -0.9129396 0 -0.487175 -0.8733044 0 -0.487175 -0.8733044 0 -0.5624459 -0.8268342 0 -0.5624459 -0.8268342 0 -0.6333235 -0.7738872 0 -0.6333235 -0.7738872 0 -0.6992443 -0.7148827 0 -0.6992443 -0.7148827 0 -0.7596785 -0.6502988 0 -0.7596785 -0.6502988 0 -0.8141892 -0.5805997 0 -0.8141892 -0.5805997 0 -0.8623127 -0.5063761 0 -0.8623127 -0.5063761 0 -0.9036917 -0.4281836 0 -0.9036917 -0.4281836 0 -0.9380031 -0.3466271 0 -0.9380031 -0.3466271 0 -0.9649594 -0.2623991 0 -0.9649594 -0.2623991 0 -0.9843819 -0.1760463 0 -0.9843819 -0.1760463 0 -0.9960855 -0.08839592 0 -0.9960855 -0.08839592 0 -1 0 0 -1 0 0 -0.9960853 0.08839655 0 -0.9960853 0.08839655 0 -0.9843819 0.1760463 0 -0.9843819 0.1760463 0 -0.9649599 0.2623973 0 -0.9649599 0.2623973 0 -0.9380022 0.3466294 0 -0.9380022 0.3466294 0 -0.9036904 0.4281864 0 -0.9036904 0.4281864 0 -0.8623164 0.5063698 0 -0.8623164 0.5063698 0 -0.8141892 0.5805997 0 -0.8141892 0.5805997 0 -0.7596754 0.6503024 0 -0.7596754 0.6503024 0 -0.699248 0.7148792 0 -0.699248 0.7148792 0 -0.6333235 0.7738872 0 -0.6333235 0.7738872 0 -0.562436 0.8268408 0 -0.562436 0.8268408 0 -0.4871805 0.8733013 0 -0.4871805 0.8733013 0 -0.4081007 0.9129369 0 -0.4081007 0.9129369 0 -0.3257971 0.9454397 0 -0.3257971 0.9454397 0 -0.2409593 0.9705353 0 -0.2409593 0.9705353 0 -0.1542488 0.988032 0 -0.1542488 0.988032 0 -0.06631867 0.9977985 0 -0.06631867 0.9977985 0 0.02212064 0.9997554 0 0.02212064 0.9997554 -0 0.1103889 0.9938884 0 0.1103889 0.9938884 -0 0.1978047 0.9802415 0 0.1978047 0.9802415 -0 0.2836601 0.9589249 0 0.2836601 0.9589249 -0 0.3673043 0.9301008 0 0.3673043 0.9301008 -0 0.4480643 0.8940013 0 0.4480643 0.8940013 -0 0.5253243 0.8509022 0 0.5253243 0.8509022 -0 0.598465 0.801149 0 0.598465 0.801149 -0 0.6669333 0.7451175 0 0.6669333 0.7451175 -0 0.7301819 0.6832528 0 0.7301819 0.6832528 -0 0.7877121 0.6160435 0 0.7877121 0.6160435 -0 0.8390739 0.5440175 0 0.8390739 0.5440175 -0 0.8838659 0.4677405 0 0.8838659 0.4677405 -0 0.9217519 0.38778 0 0.9217519 0.38778 -0 0.9524165 0.3047997 0 0.9524165 0.3047997 -0 0.975623 0.219453 0 0.975623 0.219453 -0 0.991203 0.1323511 0 0.991203 0.1323511 -0 0.9990215 0.04422688 0 0.9990215 0.04422688 -0 0.9990209 -0.04424123 0 0.9990209 -0.04424123 0 0.991203 -0.1323501 0 0.991203 -0.1323501 0 0.9756265 -0.2194378 0 0.9756265 -0.2194378 0 0.9524109 -0.3048169 0 0.9524109 -0.3048169 0 0.9217519 -0.38778 0 0.9217519 -0.38778 0 0.8838674 -0.4677375 0 0.8838674 -0.4677375 0 0.8390718 -0.5440207 0 0.8390718 -0.5440207 0 0.7877148 -0.61604 0 0.7877148 -0.61604 0 0.7301785 -0.6832564 0 0.7301785 -0.6832564 0 0.6669333 -0.7451175 0 0.6669333 -0.7451175 0 0.5984719 -0.8011438 0 0.5984719 -0.8011438 0 0.5253178 -0.8509061 0 0.5253178 -0.8509061 0 0.4480758 -0.8939956 0 0.4480758 -0.8939956 0 0.3672994 -0.9301028 0 0.3672994 -0.9301028 0 0.2836601 -0.9589249 0 0.2836601 -0.9589249 0 0.1978006 -0.9802423 0 0.1978006 -0.9802423 0 0.1104031 -0.9938868 0 0.1104031 -0.9938868 0 0.02212032 -0.9997554 0 0.02212032 -0.9997554 0 -0.06632583 -0.997798 0 -0.06632583 -0.997798 0 -0.1542559 -0.9880309 0 -0.1542559 -0.9880309 0 -0.2409593 -0.9705353 0 -0.2409593 -0.9705353 0 -0.325806 -0.9454367 0 -0.325806 -0.9454367 0 -0.4080786 -0.9129468 0 -0.4080786 -0.9129468 0 -0.487175 -0.8733044 0 -0.487175 -0.8733044 0 -0.5624525 -0.8268296 0 -0.5624525 -0.8268296 0 -0.6333235 -0.7738872 0 -0.6333235 -0.7738872 0 -0.6992371 -0.7148898 0 -0.6992371 -0.7148898 0 -0.7596927 -0.6502822 0 -0.7596927 -0.6502822 0 -0.8141823 -0.5806091 0 -0.8141823 -0.5806091 0 -0.8623189 -0.5063654 0 -0.8623189 -0.5063654 0 -0.9036917 -0.4281836 0 -0.9036917 -0.4281836 0 -0.9380031 -0.3466271 0 -0.9380031 -0.3466271 0 -0.9649631 -0.2623858 0 -0.9649631 -0.2623858 0 -0.9843794 -0.1760603 0 -0.9843794 -0.1760603 0 -0.9960855 -0.08839592 0 -0.9960855 -0.08839592 0 -1 0 0 -1 0 0 -0.9960853 0.08839655 0 -0.9960853 0.08839655 0 -0.9843794 0.1760603 0 -0.9843794 0.1760603 0 -0.9649636 0.262384 0 -0.9649636 0.262384 0 -0.9380022 0.3466294 0 -0.9380022 0.3466294 0 -0.9036904 0.4281864 0 -0.9036904 0.4281864 0 -0.8623226 0.5063592 0 -0.8623226 0.5063592 0 -0.8141823 0.5806091 0 -0.8141823 0.5806091 0 -0.7596897 0.6502858 0 -0.7596897 0.6502858 0 -0.6992408 0.7148862 0 -0.6992408 0.7148862 0 -0.6333235 0.7738872 0 -0.6333235 0.7738872 0 -0.5624427 0.8268363 0 -0.5624427 0.8268363 0 -0.4871805 0.8733013 0 -0.4871805 0.8733013 0 -0.4080846 0.9129441 0 -0.4080846 0.9129441 0 -0.325806 0.9454367 0 -0.325806 0.9454367 0 -0.2409593 0.9705353 0 -0.2409593 0.9705353 0 -0.1542488 0.988032 0 -0.1542488 0.988032 0 -0.06631867 0.9977985 0 -0.06631867 0.9977985 0 0.02212032 0.9997554 0 0.02212032 0.9997554 -0 0.1103889 0.9938884 0 0.1103889 0.9938884 -0 0.1978075 0.9802409 0 0.1978075 0.9802409 -0 0.2836601 0.9589249 0 0.2836601 0.9589249 -0 0.3672994 0.9301028 0 0.3672994 0.9301028 -0 0.4480701 0.8939984 0 0.4480701 0.8939984 -0 0.5253178 0.8509061 0 0.5253178 0.8509061 -0 0.5984719 0.8011438 0 0.5984719 0.8011438 -0 0.6669333 0.7451175 0 0.6669333 0.7451175 -0 0.7301819 0.6832528 0 0.7301819 0.6832528 -0 0.7877121 0.6160435 0 0.7877121 0.6160435 -0 0.8390739 0.5440175 0 0.8390739 0.5440175 -0 0.8838659 0.4677405 0 0.8838659 0.4677405 -0 0.9217519 0.38778 0 0.9217519 0.38778 -0 0.9524123 0.3048128 0 0.9524123 0.3048128 -0 0.9756261 0.2194393 0 0.9756261 0.2194393 -0 0.991203 0.1323511 0 0.991203 0.1323511 -0 0.9990209 0.04424123 0 0.9990209 0.04424123 -0 0.9990209 -0.04424123 0 0.9990209 -0.04424123 0 0.991203 -0.1323501 0 0.991203 -0.1323501 0 0.9756295 -0.2194241 0 0.9756295 -0.2194241 0 0.9524109 -0.3048169 0 0.9524109 -0.3048169 0 0.9217519 -0.38778 0 0.9217519 -0.38778 0 0.8838615 -0.4677487 0 0.8838615 -0.4677487 0 0.8390718 -0.5440207 0 0.8390718 -0.5440207 0 0.7877148 -0.61604 0 0.7877148 -0.61604 0 0.7301785 -0.6832564 0 0.7301785 -0.6832564 0 0.6669333 -0.7451175 0 0.6669333 -0.7451175 0 0.5984787 -0.8011386 0 0.5984787 -0.8011386 0 0.5253178 -0.8509061 0 0.5253178 -0.8509061 0 0.44807 -0.8939984 0 0.44807 -0.8939984 0 0.3672994 -0.9301028 0 0.3672994 -0.9301028 0 0.283664 -0.9589237 0 0.283664 -0.9589237 0 0.1977978 -0.9802428 0 0.1977978 -0.9802428 0 0.1104031 -0.9938868 0 0.1104031 -0.9938868 0 0.02212032 -0.9997554 0 0.02212032 -0.9997554 0 -0.06632583 -0.997798 0 -0.06632583 -0.997798 0 -0.1542559 -0.9880309 0 -0.1542559 -0.9880309 0 -0.2409627 -0.9705343 0 -0.2409627 -0.9705343 0 -0.3258015 -0.9454381 0 -0.3258015 -0.9454381 0 -0.4080839 -0.9129444 0 -0.4080839 -0.9129444 0 -0.487175 -0.8733044 0 -0.487175 -0.8733044 0 -0.5624459 -0.8268342 0 -0.5624459 -0.8268342 0 -0.6333306 -0.7738814 0 -0.6333306 -0.7738814 0 -0.6992371 -0.7148898 0 -0.6992371 -0.7148898 0 -0.7596856 -0.6502905 0 -0.7596856 -0.6502905 0 -0.8141959 -0.5805901 0 -0.8141959 -0.5805901 0 -0.8623064 -0.5063868 0 -0.8623064 -0.5063868 0 -0.9036917 -0.4281836 0 -0.9036917 -0.4281836 0 -0.9380031 -0.3466271 0 -0.9380031 -0.3466271 0 -0.9649631 -0.2623858 0 -0.9649631 -0.2623858 0 -0.9843794 -0.1760603 0 -0.9843794 -0.1760603 0 -0.9960867 -0.08838166 0 -0.9960867 -0.08838166 0 -1 0 0 -1 0 0 -0.9960867 0.08838229 0 -0.9960867 0.08838229 0 -0.9843794 0.1760603 0 -0.9843794 0.1760603 0 -0.9649636 0.262384 0 -0.9649636 0.262384 0 -0.9380022 0.3466294 0 -0.9380022 0.3466294 0 -0.9036904 0.4281864 0 -0.9036904 0.4281864 0 -0.8623101 0.5063806 0 -0.8623101 0.5063806 0 -0.8141959 0.5805901 0 -0.8141959 0.5805901 0 -0.7596825 0.6502941 0 -0.7596825 0.6502941 0 -0.6992408 0.7148862 0 -0.6992408 0.7148862 0 -0.6333306 0.7738814 0 -0.6333306 0.7738814 0 -0.562436 0.8268408 0 -0.562436 0.8268408 0 -0.4871805 0.8733013 0 -0.4871805 0.8733013 0 -0.40809 0.9129418 0 -0.40809 0.9129418 0 -0.3258015 0.9454381 0 -0.3258015 0.9454381 0 -0.2409627 0.9705343 0 -0.2409627 0.9705343 0 -0.1542488 0.988032 0 -0.1542488 0.988032 0 -0.06631867 0.9977985 0 -0.06631867 0.9977985 0 0.02212032 0.9997554 0 0.02212032 0.9997554 -0 0.1103889 0.9938884 0 0.1103889 0.9938884 -0 0.1978047 0.9802415 0 0.1978047 0.9802415 -0 0.283664 0.9589237 0 0.283664 0.9589237 -0 0.3672994 0.9301028 0 0.3672994 0.9301028 -0 0.4480643 0.8940013 0 0.4480643 0.8940013 -0 0.5253178 0.8509061 0 0.5253178 0.8509061 -0 0.5984787 0.8011386 0 0.5984787 0.8011386 -0 0.6669333 0.7451175 0 0.6669333 0.7451175 -0 0.7301819 0.6832528 0 0.7301819 0.6832528 -0 0.7877121 0.6160435 0 0.7877121 0.6160435 -0 0.8390739 0.5440175 0 0.8390739 0.5440175 -0 0.8838599 0.4677517 0 0.8838599 0.4677517 -0 0.9217519 0.38778 0 0.9217519 0.38778 -0 0.9524123 0.3048128 0 0.9524123 0.3048128 -0 0.9756293 0.2194257 0 0.9756293 0.2194257 -0 0.991203 0.1323511 0 0.991203 0.1323511 -0 0.9990209 0.04424123 0 0.9990209 0.04424123 -0 0.9545955 0.2979049 0 0.9545955 0.2979049 0 0.9262325 0.3769526 0 0.9262325 0.3769526 0 0.8913562 0.4533036 0 0.8913562 0.4533036 0 0.8501844 0.526485 0 0.8501844 0.526485 0 0.8030234 0.5959474 0 0.8030234 0.5959474 0 0.7501865 0.6612264 0 0.7501865 0.6612264 0 0.6921049 0.7217968 0 0.6921049 0.7217968 0 0.6291017 0.7773229 0 0.6291017 0.7773229 0 0.5616707 0.8273609 0 0.5616707 0.8273609 0 0.490293 0.8715577 0 0.490293 0.8715577 0 0.4154561 0.9096132 0 0.4154561 0.9096132 0 0.3376915 0.9412568 0 0.3376915 0.9412568 0 0.2575355 0.9662689 0 0.2575355 0.9662689 0 0.1755803 0.9844651 0 0.1755803 0.9844651 0 0.01919764 0.9998157 0 0.01919764 0.9998157 0 -0.06662557 0.9977781 0 -0.06662557 0.9977781 0 -0.1520848 0.9883674 0 -0.1520848 0.9883674 0 -0.2363294 0.971673 0 -0.2363294 0.971673 0 -0.3189257 0.9477797 0 -0.3189257 0.9477797 0 -0.3990319 0.9169371 0 -0.3990319 0.9169371 0 -0.4763262 0.8792686 0 -0.4763262 0.8792686 0 -0.5500218 0.8351502 0 -0.5500218 0.8351502 0 -0.6197224 0.7848211 0 -0.6197224 0.7848211 0 -0.6847573 0.7287712 0 -0.6847573 0.7287712 0 -0.7447942 0.6672943 0 -0.7447942 0.6672943 0 -0.7993292 0.6008933 0 -0.7993292 0.6008933 0 -0.8479626 0.5300561 0 -0.8479626 0.5300561 0 -0.8903434 0.4552896 0 -0.8903434 0.4552896 0 -0.9261287 0.3772076 0 -0.9261287 0.3772076 0 -0.955104 0.2962708 0 -0.955104 0.2962708 0 -0.9770079 0.2132031 0 -0.9770079 0.2132031 0 -0.991701 0.1285656 0 -0.991701 0.1285656 0 -0.9990745 0.04301194 0 -0.9990745 0.04301194 0 -1 0 0 -1 0 0 1 0 0 1 0 0 1 0 0 0 -1 0 0 -1 0 0.9732783 -0.2296285 0 0.9732783 -0.2296285 0 0.981195 -0.1930187 0 0.981195 -0.1930187 0 0.9928905 -0.1190316 0 0.9928905 -0.1190316 0 0.9990147 -0.04437989 0 0.9990147 -0.04437989 0 0.9995234 0.03087026 0 0.9995341 0.03052393 1.278607e-07 0.9995341 0.03052262 0 0.9944459 0.1052498 0 0.9944459 0.1052498 0 0.9837772 0.1793942 0 0.9837772 0.1793942 0 0.9765611 0.2152401 -0 0.9765611 0.2152401 -0 0 1 0 0 1 0 0 1 0 0 1 -0 1 0 -0 1 0 0 0.6847907 0.7287399 -0 0.7447775 0.6673129 0 0.7447775 0.6673129 -0 0.7993453 0.6008719 0 0.7993453 0.6008719 -0 0.8479626 0.5300561 0 0.8479626 0.5300561 -0 0.8903434 0.4552896 0 0.8903434 0.4552896 -0 0.9261287 0.3772076 0 0.9261287 0.3772076 -0 0.955104 0.2962708 0 0.955104 0.2962708 -0 0.976994 0.2132669 0 0.976994 0.2132669 -0 0.9917053 0.1285327 0 0.9917053 0.1285327 -0 0.9990774 0.04294518 0 0.9990774 0.04294518 -0 0.6198711 0.7847036 1.007397e-06 0.6196738 0.7848595 0 0.6847907 0.7287399 0 0.6196898 0.7848468 0 0.5500373 0.8351402 0 0.5500373 0.8351402 0 0.4763122 0.8792762 0 0.4763122 0.8792762 0 0.3990319 0.9169371 0 0.3990319 0.9169371 0 0.3189156 0.9477831 0 0.3189156 0.9477831 0 0.2363294 0.971673 0 0.2363294 0.971673 0 0.1520899 0.9883667 0 0.1520899 0.9883667 0 0.06662557 0.9977781 0 0.06662557 0.9977781 0 -0.01919828 0.9998157 0 -0.01919828 0.9998157 0 -0.1755788 0.9844654 0 -0.1755788 0.9844654 0 -0.2575355 0.9662689 0 -0.2575355 0.9662689 0 -0.3376887 0.9412578 0 -0.3376887 0.9412578 0 -0.4154595 0.9096117 0 -0.4154595 0.9096117 0 -0.490293 0.8715577 0 -0.490293 0.8715577 0 -0.5616748 0.8273581 0 -0.5616748 0.8273581 0 -0.6291017 0.7773229 0 -0.6291017 0.7773229 0 -0.6920962 0.7218052 0 -0.6920962 0.7218052 0 -0.7501996 0.6612115 0 -0.7501996 0.6612115 0 -0.803015 0.5959588 0 -0.803015 0.5959588 0 -0.8501844 0.526485 0 -0.8501844 0.526485 0 -0.8913527 0.4533106 0 -0.8913527 0.4533106 0 -0.9262418 0.3769299 0 -0.9262418 0.3769299 0 -0.9545905 0.297921 0 -0.9545905 0.297921 0 -0.976561 0.215241 0 -0.976561 0.215241 0 -0.9944455 0.1052527 0 -0.9837778 0.1793913 0 -0.9837778 0.1793913 0 -0.9995355 0.03047632 -4.501883e-06 -0.9995341 0.03052113 0 -0.9944455 0.1052527 0 -0.9995341 0.03052097 0 -0.9990147 -0.04437989 0 -0.9990147 -0.04437989 -0 -0.9928905 -0.1190316 0 -0.9928905 -0.1190316 -0 -0.981195 -0.1930187 0 -0.981195 -0.1930187 -0 -0.9732783 -0.2296285 0 -0.9732783 -0.2296285 0 -0 -1 0 0 -1 0 -0 -1 -0 -1 0 0 -1 0 0 -1 0 0 0 -1 0 -0 -1 -0 0 0 1 0 0 1 0 0 1 0 0 1 0 0 1 0 0 1 0 0 1 0 0 1 -0 0 1 0 -0 1 0 0 1 0 0 1 0 0 1 0 -0 1 0 -0 1 0 -0 1 -0 0 1 0 0 1 -0 -0 1 -0 0 1 0 0 1 0 0 1 0 0 1 0 0 1 0 0 1 0 -0 1 0 0 1 0 -0 1 0 -0 1 0 0 1 0 -0 1 0 -0 1 0 0 1 -0 0 1 -0 0 1 0 0 1 0 0 1 -0 0 1 0 -0 1 -0 0 1 -0 0 1 0 0 1 0 0 1 0 0 1 0 -0 1 0 0 1 0 -0 1 0 0 1 0 0 1 -0 0 1 0 0 1 0 0 1 0 0 1 0 0 1 0 -0 1 0 0 1 0 -0 1 0 -0 1 0 0 1 0 -0 1 0 -0 1 0 0 1 -0 0 1 -0 0 1 0 0 1 0 0 1 0 0 1 0 0 1 -0 0 1 -0 0 1 0 0 1 0 0 1 0 0 1 0 0 1 -0 0 1 0 -0 1 -0 0 1 0 -0 1 -0 0 1 -0 0 1 0 0 1 0 0 1 0 0 1 0 0 1 0 0 1 0 0 1 0 0 1 -0 0 1 0 -0 1 -0 0 1 -0 0 1 0 0 1 0 0 1 0 0 1 0 -0 1 0 -0 1 0 0 1 0 -0 1 0 -0 1 -0 -0 1 -0 -0 1 0 0 1 0 0 1 0 0 1 0 0 1 0 0 1 0 0 1 0 0 1 -0 0 1 -0 0 1 0 0 1 0 0 1 0 0 1 0 0 1 0 0 1 0 0 1 0 0 1 0 0 1 0 0 1 0 0 1 0 0 1 0 0 1 0 0 1 0 0 1 0 0 1 0 0 1 0 0 1 -0 0 1 0 -0 1 -0 0 1 -0 0 1 0 0 1 0 0 1 0 0 1 0 0 1 0 0 1 0 0 1 0 0 1 0 0 1 0 0 1 0 0 1 0 0 1 0 0 1 0 0 1 0 0 1 -0 0 1 -0 0 1 0 0 1 -0 0 1 -0 0 1 0 0 1 0 0 1 0 0 1 0 -0 1 0 -0 1 0 0 1 0 -0 1 0 -0 1 0 -0 1 -0 0 1 -0 0 1 0 0 1 0 0 1 0 0 1 0 0 1 0 0 1 0 0 1 0 0 1 0 0 1 0 0 1 0 0 1 0 0 1 0 0 1 0 0 1 0 0 1 0 0 1 0 0 1 0 0 1 0 0 1 0 0 1 0 0 1 0 0 1 -0 0 1 -0 0 1 0 0 1 0 0 1 0 0 1 0 0 1 0 0 1 0 0 1 0 0 1 0 -0 1 -0 0 1 0 -0 1 -0 0 1 0 0 1 -0 0 1 0 0 1 0 0 1 0 0 1 0 0 1 0 0 1 0 0 1 0 0 1 0 0 1 0 0 1 0 0 1 -0 0 1 0 -0 1 -0 0 1 0 -0 1 0 -0 1 -0 0 1 0 -0 1 -0 0 1 0 -0 1 0 0 1 0 -0 1 0 0 1 0 -0 1 0 -0 1 0 0 1 -0 0 1 -0 0 1 0 -0 1 -0 0 1 0 -0 1 -0 0 1 0 -0 1 0 -0 1 -0 0 1 0 -0 1 0 0 1 -0 0 1 0 0 1 0 -0 1 0 0 1 0 0 1 0 -0 1 0 0 1 0 -0 1 0 0 1 0 -0 1 0 -0 1 0 0 1 0 0 1 0 0 1 0 0 1 0 0 1 0 0 1 0 0 1 0 0 1 0 0 1 0 0 1 0 0 1 0 0 1 0 0 1 0 0 1 0 0 1 0 0 1 -0 0 1 -0 0 1 0 0 1 0 0 1 0 0 1 -0 0 1 0 0 1 0 -0 1 -0 0 1 0 -0 1 -0 0 1 0 -0 1 0 -0 1 -0 0 1 0 -0 1 -0 0 1 0 -0 1 0 -0 1 -0 0 1 0 -0 1 -0 0 1 -0 0 1 0 0 1 0 0 1 0 0 1 0 0 1 0 0 1 0 0 1 -0 0 1 0 0 1 0 0 1 0 0 1 0 0 1 0 0 1 0 0 1 -0 0 1 -0 0 1 -0 0 1 0 0 1 -0 0 1 -0 0 1 0 0 1 0 0 1 0 0 1 0 0 1 0 0 1 0 0 1 0 0 1 0 0 1 0 0 1 0 0 1 0 0 1 0 0 1 0 0 1 0 0 1 0 0 1 0 0 1 0 0 1 0 0 1 0 0 1 0 0 1 -0 0 1 -0 0 1 0 0 1 0 0 1 -0 0 1 0 0 1 0 0 1 0 0 1 0 0 1 0 0 1 0 0 1 0 0 1 0 0 1 0 -0 1 0 0 1 0 0 1 0 -0 1 0 0 1 0 -0 1 0 0 1 0 -0 1 0 -0 1 0 0 1 0 0 1 0 0 1 0 0 1 0 0 1 0 0 1 0 0 1 -0 0 1 0 0 1 0 0 1 0 0 1 0 0 1 0 0 1 0 0 1 0 -0 1 -0 0 1 0 -0 1 0 0 1 0 0 1 0 0 1 0 0 1 0 0 1 -0 0 1 0 0 1 0 0 1 0 0 1 0 0 1 0 0 1 0 0 1 0 0 1 -0 0 1 0 0 1 0 0 1 0 0 1 0 0 1 0 0 1 0 0 1 0 0 1 0 0 1 0 0 1 0 0 1 0 0 1 0 0 1 0 0 1 0 0 1 0 0 1 0 0 1 0 0 1 0 0 1 0 0 1 0 0 1 0 0 1 0 0 1 0 0 1 0 0 1 0 0 1 0 0 1 0 0 1 0 0 1 0 0 1 0 0 1 0 0 1 0 0 1 0 -0 1 -0 0 1 -0 0 1 0 0 1 -0 0 1 -0 0 1 0 0 1 0 0 1 0 0 1 0 0 1 0 0 1 0 0 1 0 0 1 0 0 1 0 0 1 0 0 1 0 -0 1 -0 0 1 0 -0 1 0 -0 1 -0 0 1 -0 0 1 0 0 1 0 0 1 0 0 1 0 -0 1 0 0 1 0 0 1 0 0 1 0 0 1 0 0 1 -0 0 1 0 0 1 0 0 1 0 0 1 0 -0 1 -0 0 1 0 -0 1 -0 0 1 0 -0 1 -0 -0 1 0 0 1 -0 -0 1 -0 -0 1 0 0 1 -0 -0 1 0 -0 1 0 0 1 0 0 1 0 0 1 0 0 1 0 -0 1 0 0 1 -0 0 1 0 0 1 0 -0 1 0 0 1 0 -0 1 0 0 1 0 0 1 0 -0 1 0 0 1 0 -0 1 0 0 1 0 -0 1 0 -0 1 0 0 1 0 0 1 0 0 1 0 0 1 0 0 1 0 0 1 0 0 1 0 -0 1 0 -0 1 0 0 1 -0 0 1 0 0 1 0 -0 1 0 -0 1 0 0 1 -0 0 1 -0 0 1 0 0 1 -0 0 1 -0 0 1 0 0 1 -0 0 1 -0 0 1 0 -0 1 -0 0 1 0 -0 1 0 0 1 0 0 1 0 0 1 0 0 1 0 0 1 0 0 1 0 0 1 0 0 1 0 0 1 0 0 1 0 0 1 0 0 1 0 -0 1 -0 0 1 -0 0 1 0 0 1 -0 0 1 0 -0 1 -0 0 1 0 -0 1 -0 0 1 -0 0 1 0 0 1 0 0 1 0 0 1 0 -0 1 -0 -0 1 -0 -0 1 0 0 1 -0 -0 1 -0 -0 1 0 0 1 0 0 1 0 0 1 0 -0 1 0 -0 1 0 0 1 0 -0 1 0 -0 1 0 0 1 0 0 1 -0 0 1 0 0 1 -0 0 1 0 0 1 0 0 1 0 0 1 0 0 1 0 -0 1 0 -0 1 0 -0 1 0 -0 1 0 0 1 0 -0 1 0 -0 1 0 0 1 0 -0 1 0 -0 1 0 0 1 0 0 1 0 0 1 0 0 1 -0 0 1 -0 0 1 0 -0 1 -0 0 1 0 -0 1 0 0 1 -0 0 1 0 -0 1 -0 0 1 0 -0 1 -0 0 1 -0 0 1 0 0 1 0 0 1 0 0 1 0 0 1 0 0 1 -0 0 1 0 0 1 -0 0 1 0 0 1 0 0 1 0 0 1 0 -0 1 -0 -0 1 -0 -0 1 0 0 1 0 0 1 0 0 1 0 0 1 0 0 1 0 0 1 0 -0 1 0 -0 1 0 0 1 0 -0 1 0 -0 1 0 0 1 -0 0 1 0 0 1 0 0 1 0 0 1 0 0 1 0 0 1 0 0 1 0 0 1 0 -0 1 -0 0 1 0 -0 1 0 0 1 0 0 1 0 0 1 0 0 1 0 0 1 0 0 1 -0 0 1 -0 0 1 0 0 1 -0 0 1 0 0 1 -0 0 1 0 0 1 0 0 1 0 0 1 0 0 1 0 0 1 0 0 1 0 0 1 0 0 1 0 0 1 -0 0 1 0 0 1 -0 0 1 0 0 1 -0 0 1 0 0 1 -0 0 1 -0 0 1 0 -0 1 -0 -0 1 -0 -0 1 0 0 1 0 -0 1 0 -0 1 0 0 1 0 -0 1 0 -0 1 0 0 1 0 -0 1 0 -0 1 0 -0 1 0 0 1 0 0 1 0 0 1 0 0 1 0 0 1 0 0 1 0 -0 1 0 -0 1 0 -0 1 0 0 1 0 -0 1 0 -0 1 0 0 1 0 -0 1 0 -0 1 0 0 1 0 -0 1 0 -0 1 0 0 1 0 0 1 0 -0 1 0 0 1 -0 -0 1 -0 -0 1 -0 -0 1 -0 -0 1 0 0 1 -0 -0 1 -0 -0 1 0 0 1 -0 -0 1 -0 -0 1 0 0 1 0 0 1 0 0 1 0 1 0 0 1 0 0 1 0 0 1 0 1 0 -0 1 0 0 0 -1 0 0 -1 0 1 0 -0 1 0 0 -0 1 0 0 1 0 -0 1 0 -1 0 -0 -1 0 0 0 -1 0 0 -1 0 -1 0 0 -1 0 0 -0 1 0 0 1 0 -0 1 0 -0 1 0 1 0 -0 1 0 0 0 -1 0 0 -1 0 1 0 -0 1 0 0 -0 1 0 0 1 0 -0 1 0 -1 0 -0 -1 0 0 0 -1 0 0 -1 0 -1 0 0 -1 0 0 1 0 0 1 0 0 1 0 0 -0 -1 0 0 -1 0 -0 -1 -0 -0 -1 -0 -1 0 0 -1 0 0 -1 0 0 0 1 0 0 1 -0 -1 0 0 -1 0 0 0 -1 0 -0 -1 -0 1 0 0 1 0 0 0 1 0 0 1 -0 1 0 0 1 0 0 1 0 0 -0 -1 0 0 -1 0 -0 -1 -0 -0 -1 -0 -1 0 0 -1 0 0 -1 0 0 0 -1 0 -0 -1 -0 -0 0 1 0 0 1 0 0 1 0 0 1 0 0 1 0 0 1 0 0 1 0 0 1 0 0 1 0 0 1 0 0 1 0 0 1 0 0 1 0 0 1 0 0 1 0 0 1 0 -0 1 0 -0 1 0 0 1 0 0 1 0 0 1 0 0 1 0 0 1 0 0 1 0 0 1 0 -0 1 -0 -0 1 0 0 1 0 0 1 0 0 1 0 0 1 0 0 1 0 0 1 0 0 1 0 -0 1 0 -0 1 0 0 1 0 -0 1 0 -0 1 0 0 1 0 -0 1 0 0 1 -0 -0 1 -0 -0 1 0 0 1 0 0 1 0 0 1 0 0 1 0 0 1 0 0 1 0 0 1 0 0 1 0 -0 1 0 -0 1 0 0 1 0 -0 1 0 -0 1 0 0 1 0 -0 1 0 0 1 0 0 1 0 0 1 0 0 1 0 0 1 0 0 1 0 0 1 0 0 1 0 0 1 0 0 1 0 0 1 0 0 1 0 0 1 0 0 1 0 0 1 0 0 1 0 0 1 0 0 1 0 0 1 0 0 1 0 0 1 0 0 1 0 0 1 0 0 1 0 0 1 0 0 1 0 0 1 0 0 1 0 0 1 0 0 1 0 0 1 0 0 1 0 0 1 -0 0 1 0 0 1 0 0 1 0 0 1 0 0 1 0 0 1 0 0 1 0 0 1 0 0 1 0 0 1 0 0 1 0 0 1 -0 0 1 -0 0 1 0 0 1 0 0 1 0 0 1 0 0 1 -0 0 1 0 0 1 -0 0 1 0 0 1 0 0 1 -0 0 1 -0 0 1 0 0 1 0 0 1 0 0 1 0 0 1 -0 0 1 -0 0 1 0 0 1 -0 0 1 -0 0 1 0 0 1 -0 0 1 -0 0 1 0 0 1 -0 0 1 -0 0 1 0 0 1 0 -0 1 0 -0 1 -0 0 1 -0 0 1 0 0 1 0 0 1 0 0 1 0 0 1 -0 0 1 -0 0 1 0 0 1 -0 0 1 -0 0 1 0 0 1 -0 0 1 0 -0 1 -0 0 1 0 0 1 0 0 1 0 0 1 0 0 1 -0 0 1 -0 0 1 0 0 1 -0 0 1 0 0 1 0 0 1 0 0 1 0 0 1 0 0 1 0 0 1 0 0 1 0 0 1 0 0 1 0 0 1 0 0 1 0 0 1 0 0 1 0 0 1 0 0 1 0 0 1 -0 0 1 -0 0 1 0 0 1 0 -0 1 0 -0 1 0 0 1 0 -0 1 0 -0 1 0 -0 1 0 -0 1 0 0 1 0 0 1 0 0 1 0 0 1 0 0 1 0 0 1 0 0 1 0 0 1 0 0 1 0 0 1 0 0 1 0 0 1 0 0 1 0 0 1 0 -0 1 0 -0 1 0 0 1 0 0 1 0 0 1 0 0 1 0 -0 1 0 0 1 0 -0 1 0 -0 1 0 -0 1 0 -0 1 0 -0 1 0 -0 1 -0 0 1 0 0 1 0 0 1 0 0 1 0 0 1 0 0 1 0 0 1 0 0 1 0 0 1 0 0 1 0 0 1 0 0 1 0 0 1 0 0 1 0 0 1 0 0 1 0 -0 1 0 -0 1 0 0 1 0 0 1 0 0 1 0 0 1 0 0 1 0 0 1 0 -0 1 0 -0 1 0 -0 1 0 -0 1 0 0 1 0 -0 1 0 -0 1 0 0 1 0 -0 1 0 -0 1 0 0 1 0 -0 1 0 -0 1 0 -0 1 0 0 1 0 0 1 -0 0 1 -0 0 1 0 0 1 0 0 1 0 -0 1 0 0 1 0 0 1 0 0 1 -0 0 1 -0 0 1 0 0 1 0 0 1 -0 0 1 -0 0 1 -0 0 1 0 0 1 0 0 1 0 0 1 0 0 1 -0 0 1 -0 0 1 0 0 1 -0 0 1 0 0 1 0 0 1 0 0 1 0 0 1 0 0 1 0 0 1 0 0 1 0 0 1 0 0 1 0 0 1 0 0 1 0 0 1 0 0 1 0 0 1 0 0 1 0 0 1 0 0 1 -0 0 1 -0 0 1 0 0 1 0 0 1 0 0 1 0 0 1 0 0 1 0 0 1 0 -0 1 0 -0 1 0 0 1 0 -0 1 0 -0 1 0 0 1 0 -0 1 0 -0 1 0 0 1 0 0 1 0 0 1 0 0 1 0 0 1 0 -0 1 0 -0 1 0 0 1 0 0 1 0 0 1 0 0 1 0 0 1 0 0 1 0 0 1 0 -0 1 0 -0 1 0 0 1 0 -0 1 0 -0 1 0 0 1 0 0 1 0 0 1 0 0 1 0 0 1 0 0 1 0 0 1 0 0 1 -0 0 1 0 0 1 -0 0 1 -0 0 1 0 0 1 -0 0 1 -0 0 1 0 0 1 0 0 1 0 0 1 0 0 1 0 -0 1 0 -0 1 0 0 1 0 -0 1 0 -0 1 -0 0 1 -0 0 1 0 0 1 0 0 1 0 0 1 0 0 1 0 0 1 0 0 1 -0 0 1 0 0 1 0 -0 1 0 -0 1 0 0 1 0 -0 1 0 -0 1 0 0 1 0 0 1 0 0 1 0 0 1 0 0 1 0 0 1 0 0 1 0 0 1 0 0 1 0 -0 1 0 -0 1 0 0 1 -0 0 1 -0 0 1 0 0 1 0 0 1 0 0 1 0 0 1 0 0 1 0 0 1 0 0 1 0 -0 1 0 -0 1 0 0 1 0 0 1 0 0 1 0 0 1 0 0 1 0 0 1 0 -0 1 0 0 1 0 0 1 0 0 1 0 0 1 0 0 1 -0 0 1 0 0 1 0 0 1 0 -0 1 0 0 1 0 -0 1 0 0 1 0 0 1 -0 0 1 -0 0 1 0 0 1 0 0 1 -0 -0 1 0 0 1 -0 -0 1 -0 -0 1 0 0 1 0 0 1 0 0 1 0 -0 1 -0 -0 1 -0 -0 1 0 0 1 0 0 1 0 0 1 0 0 1 0 0 1 0 0 1 0 0 1 0 0 1 0 0 1 0 0 1 0 0 1 -0 -0 1 -0 -0 1 0 0 1 0 0 1 0 0 1 0 0 1 0 0 1 0 0 1 0 0 1 0 0 1 0 0 1 0 0 1 0 0 1 0 0 1 0 0 1 0 0 1 0 0 1 -0 0 1 -0 0 1 0 0 1 0 -0 1 0 -0 1 -0 0 1 -0 0 1 0 0 1 0 -0 1 0 -0 1 0 0 1 -0 0 1 -0 0 1 0 0 1 0 0 1 0 0 1 0 0 1 0 0 1 0 0 1 0 0 1 0 0 1 0 0 1 0 0 1 0 0 1 0 0 1 0 -0 1 0 -0 1 0 0 1 -0 0 1 -0 0 1 0 0 1 -0 0 1 -0 0 1 0 0 1 0 0 1 0 0 1 0 0 1 0 0 1 0 0 1 0 0 1 0 0 1 0 0 1 0 0 1 0 0 1 0 0 1 -0 0 1 0 0 1 0 0 1 0 0 1 0 0 1 0 0 1 0 0 1 0 0 1 0 0 1 0 0 1 0 0 1 0 0 1 0 0 1 0 0 1 0 0 1 0 0 1 0 0 1 0 -0 1 0 -0 1 0 0 1 0 0 1 0 0 1 0 -0 1 0 -0 1 0 0 1 0 -0 1 0 -0 1 0 0 1 0 0 1 0 0 1 0 0 1 0 0 1 0 0 1 0 0 1 0 0 1 0 -0 1 0 -0 1 0 0 1 0 -0 1 0 -0 1 -0 0 1 0 -0 1 0 -0 1 0 0 1 0 -0 1 0 -0 1 0 0 1 0 -0 1 0 -0 1 0 0 1 -0 0 1 -0 0 1 0 0 1 0 0 1 0 0 1 0 0 1 0 0 1 -0 0 1 -0 0 1 0 0 1 -0 0 1 -0 0 1 0 0 1 0 0 1 0 0 1 0 0 1 0 -0 1 0 -0 1 0 0 1 0 -0 1 0 -0 1 0 0 1 -0 0 1 -0 0 1 0 0 1 0 0 1 0 0 1 0 0 1 0 0 1 0 0 1 0 0 1 0 -0 1 0 -0 1 0 0 1 -0 0 1 0 0 1 -0 0 1 -0 0 1 0 0 1 0 0 1 0 0 1 0 0 1 0 0 1 0 0 1 0 0 1 0 0 1 0 0 1 0 0 1 0 0 1 0 0 1 0 0 1 0 0 1 0 0 1 0 0 1 0 0 1 0 0 1 0 0 1 0 0 1 0 0 1 0 0 1 0 0 1 -0 -0 1 -0 -0 1 0 0 1 0 -0 1 0 -0 1 0 -0 1 0 0 1 -0 -0 1 -0 -0 1 0 0 1 -0 -0 1 -0 -0 1 0 0 1 0 0 1 0 0 1 0 0 1 0 0 1 0 0 1 0 -0 1 0 -0 1 0 0 1 0 0 1 0 0 1 0 0 1 0 0 1 0 0 1 0 0 1 0 -0 1 0 -0 1 0 0 1 0 0 1 0 0 1 0 0 1 0 -0 1 0 0 1 0 0 1 -0 0 1 -0 0 1 0 0 1 0 0 1 0 0 1 0 0 1 -0 0 1 0 0 1 -0 0 1 -0 0 1 0 0 1 -0 0 1 -0 0 1 0 0 1 -0 0 1 -0 0 1 0 0 1 -0 0 1 -0 0 1 0 0 1 0 0 1 0 0 1 0 0 1 -0 0 1 -0 0 1 0 0 1 0 0 1 0 0 1 0 0 1 0 0 1 0 0 1 0 0 1 0 0 1 0 0 1 -0 0 1 -0 0 1 0 0 1 0 0 1 -0 0 1 -0 0 1 0 0 1 0 -0 1 0 0 1 0 -0 1 0 -0 1 0 0 1 0 -0 1 0 -0 1 0 0 1 0 0 1 0 0 1 0 0 1 0 0 1 0 0 1 0 0 1 0 0 1 -0 0 1 -0 0 1 -0 0 1 -0 0 1 -0 0 1 0 0 1 -0 0 1 -0 0 1 0 0 1 0 0 1 0 0 1 0 0 1 0 0 1 0 0 1 -0 0 1 -0 0 1 0 0 1 0 -0 1 0 -0 1 0 0 1 0 -0 1 0 -0 1 0 0 1 -0 0 1 -0 0 1 0 0 1 -0 0 1 -0 0 1 0 0 1 -0 0 1 -0 0 1 0 0 1 0 0 1 0 0 1 0 0 1 0 0 1 0 0 1 0 0 1 0 0 1 0 0 1 0 0 1 0 0 1 0 0 1 0 0 1 0 0 1 0 0 1 0 -0 1 0 -0 1 0 0 1 0 -0 1 0 -0 1 0 0 1 0 0 1 0 0 1 0 0 1 0 0 1 0 0 1 0 0 1 0 0 1 0 0 1 0 0 1 0 0 1 0 -0 1 0 -0 1 0 0 1 -0 0 1 -0 0 1 0 0 1 0 0 1 0 0 1 0 0 1 0 0 1 0 0 1 0 0 1 0 0 1 0 0 1 -0 0 1 -0 0 1 0 0 1 0 0 1 0 0 1 0 0 1 0 0 1 0 0 1 0 0 1 -0 0 1 -0 0 1 -0 0 1 -0 0 1 0 0 1 0 -0 1 0 -0 1 -0 -0 1 -0 0 1 0 0 1 0 -0 1 0 -0 1 0 0 1 -0 0 1 -0 0 1 0 0 1 0 0 1 0 0 1 0 0 1 0 0 1 0 0 1 0 0 1 0 0 1 0 0 1 0 0 1 0 0 1 0 0 1 0 0 1 0 0 1 0 0 1 0 0 1 0 0 1 0 0 1 0 0 1 -0 0 1 -0 0 1 0 0 1 0 0 1 0 0 1 0 0 1 0 0 1 0 0 1 0 0 1 0 0 1 0 0 1 0 0 1 0 0 1 0 0 1 0 0 1 0 0 1 0 0 1 0 0 1 0 0 1 0 -0 1 0 0 1 0 0 1 0 0 1 0 0 1 0 0 1 0 0 1 0 0 1 0 0 1 0 0 1 0 0 1 0 0 1 0 0 1 0 0 1 0 0 1 0 0 1 0 0 1 0 0 1 0 -0 1 0 -0 1 0 0 1 -0 0 1 -0 0 1 0 0 1 0 -0 1 0 -0 1 0 0 1 0 0 1 0 0 1 0 -0 1 0 -0 1 0 0 1 -0 0 1 -0 0 1 0 0 1 0 0 1 0 0 1 0 0 1 -0 0 1 0 0 1 0 0 1 0 0 1 0 0 1 -0 0 1 0 0 1 0 0 1 0 0 1 0 0 1 0 0 1 0 0 1 0 0 1 0 0 1 0 -0 1 0 0 1 -0 0 1 0 0 1 -0 0 1 -0 0 1 0 0 1 -0 0 1 -0 0 1 0 0 1 0 0 1 0 0 1 0 0 1 0 0 1 0 0 1 0 0 1 0 0 1 0 0 1 0 0 1 0 0 1 0 0 1 0 0 1 0 0 1 0 0 1 0 0 1 0 -0 1 0 -0 1 0 0 1 0 -0 1 0 -0 1 -0 -0 1 -0 0 1 0 0 1 -0 0 1 -0 0 1 0 0 1 0 0 1 0 0 1 0 -0 1 0 -0 1 0 0 1 -0 0 1 -0 0 1 0 0 1 0 0 1 0 0 1 0 0 1 0 -0 1 0 -0 1 0 0 1 0 -0 1 0 -0 1 0 0 1 -0 0 1 0 0 1 0 0 1 0 0 1 0 0 1 0 0 1 0 0 1 0 -0 1 0 -0 1 0 0 1 0 0 1 0 0 1 0 0 1 0 0 1 0 0 1 0 -0 1 0 0 1 0 0 1 0 0 1 0 0 1 0 -0 1 0 -0 1 0 0 1 -0 0 1 -0 0 1 0 0 1 -0 0 1 -0 0 1 0 0 1 0 0 1 0 -0 1 0 -0 1 0 0 1 0 -0 1 0 -0 1 0 0 1 0 -0 1 0 -0 1 0 0 1 0 0 1 0 0 1 0 0 1 0 0 1 0 0 1 0 0 1 0 0 1 0 0 1 0 0 1 0 0 1 0 0 1 0 0 1 0 0 1 -0 0 1 -0 0 1 -0 0 1 0 0 1 0 0 1 0 0 1 0 -0 1 0 -0 1 0 0 1 0 -0 1 0 -0 1 0 0 1 0 0 1 0 0 1 0 0 1 0 0 1 0 -0 1 0 -0 1 0 0 1 0 -0 1 0 0 1 -0 -0 1 -0 0 1 0 0 1 0 0 1 0 0 1 0 0 1 0 0 1 0 0 1 0 -0 1 0 -0 1 0 0 1 -0 0 1 -0 0 1 0 0 1 0 0 1 0 0 1 0 0 1 0 0 1 0 0 1 0 0 1 0 0 1 0 0 1 0 -0 1 0 -0 1 0 0 1 0 0 1 0 0 1 0 0 1 -0 0 1 -0 0 1 0 0 1 -0 0 1 -0 0 1 0 0 1 -0 0 1 -0 0 1 0 0 1 0 0 1 0 0 1 0 1 0 0 1 0 0 1 0 -0 1 0 0 1 -0 0 1 0 0 1 0 0 1 0 -0 1 0 0 1 -0 0 1 -0 0 -1 0 -0 -1 0 0 -1 0 0 -1 0 0 -1 0 0 -1 0 -0 -1 0 0 -1 0 0 -1 0 0 -1 0 0 -1 0 -0 0 1 0 0 1 0 0 1 0 0 1 0 0 1 0 0 1 0 0 1 0 0 1 0 0 1 0 0 1 0 -0 1 0 -0 1 0 0 1 0 0 1 0 0 1 0 0 1 0 0 1 -0 0 1 0 0 1 -0 0 1 0 0 1 0 -0 1 0 -0 1 0 0 1 0 -0 1 0 -0 1 0 0 1 0 -0 1 0 -0 1 0 0 1 0 0 1 0 0 1 0 0 1 -0 0 1 0 0 1 -0 0 1 0 0 1 0 0 1 0 -0 1 0 -0 1 0 0 1 0 0 1 -0 0 1 -0 0 1 0 0 1 0 -0 1 0 -0 1 0 0 1 0 -0 1 0 -0 1 0 0 1 0 -0 1 0 -0 1 -0 -0 1 -0 -0 1 0 0 1 0 -0 1 0 0 1 0 -0 1 0 -0 1 -0 0 1 0 0 1 0 0 1 0 0 1 0 0 1 0 0 1 0 -0 1 0 -0 1 0 0 1 0 -0 1 0 0 1 0 -0 1 0 -0 1 0 0 1 0 0 1 0 0 1 0 0 1 0 -0 1 -0 0 1 0 -0 1 0 0 1 0 0 1 0 0 1 0 0 1 0 0 1 -0 0 1 -0 0 1 0 0 1 -0 0 1 0 -0 1 -0 0 1 -0 0 1 -0 0 1 0 0 1 -0 0 1 -0 0 1 0 0 1 0 -0 1 0 -0 1 0 0 1 0 0 1 0 0 1 0 0 1 0 0 1 0 0 1 0 0 1 0 0 1 0 0 1 0 0 1 -0 0 1 0 -0 1 -0 0 1 0 -0 1 -0 0 1 0 -0 1 -0 0 1 0 0 1 0 0 1 0 0 1 0 -0 1 0 0 1 0 -0 1 0 -0 1 0 0 1 -0 0 1 -0 0 1 0 0 1 0 0 1 0 0 1 -0 0 1 -0 0 1 0 0 1 -0 0 1 -0 0 1 0 0 1 -0 0 1 -0 0 1 0 0 1 0 0 1 0 0 1 0 0 1 0 0 1 0 0 1 0 0 1 0 0 1 0 0 1 0 0 1 0 0 1 0 0 1 0 -0 1 -0 0 1 0 -0 1 -0 -0 1 -0 -0 1 0 0 1 -0 -0 1 -0 -0 1 0 0 1 0 0 1 0 0 1 0 0 1 0 0 1 0 0 1 0 0 1 0 0 1 0 0 1 0 0 1 0 0 1 0 0 1 0 0 1 0 0 1 0 0 1 -0 -0 1 -0 -0 1 -0 -0 1 1 0 0 1 0 0 1 0 -0 1 0 0 0 -1 0 -0 -1 -0 0 1 0 0 1 -0 0 1 -0 0 1 0 0 1 -0 0 1 0 0 1 0 -1 0 -0 -1 0 0 -1 0 -0 -1 0 0 -1 0 0 -1 0 0 -1 0 0 -1 0 0 0 -1 0 0 -1 -0 0 -1 0 0 -1 -0 0 -1 0 -0.04361797 0.9990483 0 -0.04361797 0.9990483 0 -0.1305159 0.9914462 0 -0.1305159 0.9914462 0 -0.2164466 0.9762945 0 -0.2164466 0.9762945 0 -0.3007028 0.9537179 0 -0.3007028 0.9537179 0 -0.3633582 0.9316495 0 -0.3826848 0.9238787 -0.0006659974 -0.9990484 0.0436175 0 -0.9990484 0.0436175 0 -0.9914436 0.130536 0 -0.9914436 0.130536 0 -0.9762962 0.2164385 0 -0.9762962 0.2164385 0 -0.9537157 0.3007097 0 -0.9537157 0.3007097 0 -0.9238796 0.3826833 0 -0.9238796 0.3826833 0 -0.8870078 0.4617544 0 -0.8870078 0.4617544 0 -0.8433994 0.5372871 0 -0.8433994 0.5372871 0 -0.7933492 0.6087668 0 -0.7933492 0.6087668 0 -0.7372726 0.6755954 0 -0.7372726 0.6755954 0 -0.6755954 0.7372726 0 -0.6755954 0.7372726 0 -0.6087599 0.7933545 0 -0.6087599 0.7933545 0 -0.5373076 0.8433864 0 -0.5373076 0.8433864 0 -0.4617458 0.8870123 0 -0.4617458 0.8870123 0 -0.4036137 0.9149295 0 -0.04361797 0.9990483 0 -0.04361797 0.9990483 0 -0.130536 0.9914436 0 -0.130536 0.9914436 0 -0.2164385 0.9762962 0 -0.2164385 0.9762962 0 -0.3006997 0.9537189 0 -0.3006997 0.9537189 0 -0.3826887 0.9238773 0 -0.3826887 0.9238773 0 -0.4617372 0.8870168 0 -0.4617372 0.8870168 0 -0.5373027 0.8433895 0 -0.5373027 0.8433895 0 -0.6087599 0.7933545 0 -0.6087599 0.7933545 0 -0.6755954 0.7372726 0 -0.6755954 0.7372726 0 -0.7372726 0.6755954 0 -0.7372726 0.6755954 0 -0.7933626 0.6087493 0 -0.7933626 0.6087493 0 -0.8433913 0.5372998 0 -0.8433913 0.5372998 0 -0.8870123 0.4617458 0 -0.8870123 0.4617458 0 -0.9238757 0.3826926 0 -0.9238757 0.3826926 0 -0.9537157 0.3007097 0 -0.9537157 0.3007097 0 -0.9762962 0.2164385 0 -0.9762962 0.2164385 0 -0.991445 0.1305252 0 -0.991445 0.1305252 0 -0.9990488 0.04360706 0 -0.9990488 0.04360706 0 -0.04361797 0.9990483 0 -0.04361797 0.9990483 0 -0.1305252 0.991445 0 -0.1305252 0.991445 0 -0.2164489 0.976294 0 -0.2164489 0.976294 0 -0.3006997 0.9537189 0 -0.3006997 0.9537189 0 -0.3826887 0.9238773 0 -0.3826887 0.9238773 0 -0.4617458 0.8870123 0 -0.4617458 0.8870123 0 -0.5372998 0.8433913 0 -0.5372998 0.8433913 0 -0.6087615 0.7933533 0 -0.6087615 0.7933533 0 -0.6755895 0.737278 0 -0.6755895 0.737278 0 -0.7372776 0.67559 0 -0.7372776 0.67559 0 -0.7933545 0.6087599 0 -0.7933545 0.6087599 0 -0.8433913 0.5372998 0 -0.8433913 0.5372998 0 -0.8870078 0.4617544 0 -0.8870078 0.4617544 0 -0.9238812 0.3826794 0 -0.9238812 0.3826794 0 -0.9537189 0.3006997 0 -0.9537189 0.3006997 0 -0.9762958 0.2164408 0 -0.9762958 0.2164408 0 -0.9914452 0.1305238 0 -0.9914452 0.1305238 0 -0.9990483 0.04361797 0 -0.9990483 0.04361797 0 -0.9990484 -0.0436175 0 -0.9990484 -0.0436175 -0 -0.9914449 -0.1305259 0 -0.9914449 -0.1305259 -0 -0.9762965 -0.2164373 0 -0.9762965 -0.2164373 -0 -0.9537184 -0.3007013 0 -0.9537184 -0.3007013 -0 -0.9238812 -0.3826794 0 -0.9238812 -0.3826794 -0 -0.8870078 -0.4617544 0 -0.8870078 -0.4617544 -0 -0.8433913 -0.5372998 0 -0.8433913 -0.5372998 -0 -0.7933565 -0.6087573 0 -0.7933565 -0.6087573 -0 -0.737275 -0.6755927 0 -0.737275 -0.6755927 -0 -0.6755925 -0.7372753 0 -0.6755925 -0.7372753 -0 -0.6087581 -0.7933559 0 -0.6087581 -0.7933559 -0 -0.5373037 -0.8433889 0 -0.5373037 -0.8433889 -0 -0.4617458 -0.8870123 0 -0.4617458 -0.8870123 -0 -0.3826841 -0.9238793 0 -0.3826841 -0.9238793 -0 -0.3007047 -0.9537173 0 -0.3007047 -0.9537173 -0 -0.2164385 -0.9762962 0 -0.2164385 -0.9762962 -0 -0.1305252 -0.991445 0 -0.1305252 -0.991445 -0 -0.04362343 -0.9990481 0 -0.04362343 -0.9990481 -0 -0.9990488 -0.04360658 0 -0.9990488 -0.04360658 -0 -0.9914449 -0.1305259 0 -0.9914449 -0.1305259 -0 -0.9762965 -0.2164373 0 -0.9762965 -0.2164373 -0 -0.9537153 -0.3007112 0 -0.9537153 -0.3007112 -0 -0.9238773 -0.3826887 0 -0.9238773 -0.3826887 -0 -0.8870111 -0.461748 0 -0.8870111 -0.461748 -0 -0.8433928 -0.5372974 0 -0.8433928 -0.5372974 -0 -0.7933565 -0.6087573 0 -0.7933565 -0.6087573 -0 -0.7372776 -0.67559 0 -0.7372776 -0.67559 -0 -0.6755895 -0.737278 0 -0.6755895 -0.737278 -0 -0.6087633 -0.7933519 0 -0.6087633 -0.7933519 -0 -0.5372988 -0.843392 0 -0.5372988 -0.843392 -0 -0.4617458 -0.8870123 0 -0.4617458 -0.8870123 -0 -0.3826841 -0.9238793 0 -0.3826841 -0.9238793 -0 -0.3007047 -0.9537173 0 -0.3007047 -0.9537173 -0 -0.2164385 -0.9762962 0 -0.2164385 -0.9762962 -0 -0.1305252 -0.991445 0 -0.1305252 -0.991445 -0 -0.04361797 -0.9990483 0 -0.04361797 -0.9990483 -0 -0.9990483 -0.04361797 0 -0.9990483 -0.04361797 -0 -0.9914436 -0.130536 0 -0.9914436 -0.130536 -0 -0.9762962 -0.2164385 0 -0.9762962 -0.2164385 -0 -0.9537157 -0.3007097 0 -0.9537157 -0.3007097 -0 -0.9238812 -0.3826794 0 -0.9238812 -0.3826794 -0 -0.8870066 -0.4617566 0 -0.8870066 -0.4617566 -0 -0.8433979 -0.5372896 0 -0.8433979 -0.5372896 -0 -0.7933492 -0.6087668 0 -0.7933492 -0.6087668 -0 -0.7372776 -0.67559 0 -0.7372776 -0.67559 -0 -0.6755895 -0.737278 0 -0.6755895 -0.737278 -0 -0.6087668 -0.7933492 0 -0.6087668 -0.7933492 -0 -0.5372998 -0.8433913 0 -0.5372998 -0.8433913 -0 -0.4617501 -0.8870101 0 -0.4617501 -0.8870101 -0 -0.4036233 -0.9149252 0 -0.3826801 -0.9238807 -0.000666455 -0.04362343 -0.9990481 0 -0.04362343 -0.9990481 0 -0.1305213 -0.9914455 0 -0.1305213 -0.9914455 0 -0.2164414 -0.9762957 0 -0.2164414 -0.9762957 0 -0.3007028 -0.9537179 0 -0.3007028 -0.9537179 0 -0.36334 -0.9316567 0 -1 0 0 -1 0 0 -1 0 -0 -1 0 0 0 0 1 0 0 1 0 0 1 -0 0 1 -0 0 1 0 0 1 0 0 1 0 0 1 0 0 1 0 0 1 0 -0 1 0 0 1 -0 0 1 0 0 1 -0 0 1 -0 0 1 0 -0 1 0 -0 1 0 0 1 0 0 1 0 0 1 0 0 1 0 0 1 0 0 1 0 0 1 0 -0 1 0 0 1 -0 0 1 0 0 1 -0 0 1 0 0 1 0 0 1 0 0 1 -0 0 1 -0 0 1 0 0 1 0 0 1 0 0 1 0 0 1 0 0 1 0 0 1 0 0 1 0 0 1 0 0 1 0 0 1 0 0 1 0 0 1 -0 0 1 0 0 1 0 0 1 0 -0 1 0 0 1 0 -0 1 0 0 1 0 -0 1 0 -0 1 0 0 1 -0 0 1 0 -0 1 0 -0 1 0 -0 1 -0 0 1 -0 0 1 0 0 1 0 0 1 0 0 1 0 0 1 0 0 1 0 0 1 0 0 1 0 0 1 -0 0 1 0 0 1 -0 0 1 0 0 1 0 0 1 0 0 1 0 0 1 0 0 1 0 0 1 0 0 1 0 0 1 0 0 1 0 0 1 0 0 1 0 0 1 0 0 1 0 0 1 0 0 1 0 0 1 0 0 1 0 0 1 0 0 1 0 0 1 0 0 1 0 0 1 -0 0 1 0 0 1 -0 0 1 0 0 1 -0 0 1 -0 0 1 0 0 1 0 0 1 0 0 1 0 0 1 0 0 1 0 0 1 0 0 1 0 0 1 0 0 1 0 0 1 0 0 1 0 0 1 0 0 1 0 0 1 0 -0 1 0 0 1 0 0 1 0 0 1 0 0 1 0 0 1 0 0 1 0 0 1 0 0 1 0 0 1 0 0 1 0 0 1 0 0 1 0 0 1 0 0 1 0 0 1 0 0 1 0 0 1 0 0 1 0 0 1 0 0 1 0 0 1 0 0 1 0 0 1 0 0 1 0 0 1 0 0 1 0 0 1 0 0 1 0 0 1 0 0 1 0 0 1 0 0 1 0 -0 1 0 -0 1 0 0 1 0 0 1 0 0 1 0 0 1 0 0 1 0 0 1 0 0 1 0 0 1 0 0 1 0 0 1 0 0 1 0 0 1 0 0 1 0 -0 1 0 -0 1 0 -0 1 0 -0 1 0 -0 1 0 0 1 0 0 1 0 0 1 0 0 1 0 0 1 0 0 1 0 -1 0 0 -1 0 0 -1 0 0 -1 0 0 -1 0 1 0 0 1 0 0 1 0 0 1 0 0 1 0 -0 1 0 -0 1 0 0 1 0 -0 0 1 0 0 1 0 0 1 0 0 1 0 0 1 0 0 1 0 -0 1 0 0 -1 0 0 -1 0 0.9990484 0.0436175 0 0.9990484 0.0436175 0 0.991445 0.1305252 0 0.991445 0.1305252 0 0.976294 0.2164489 0 0.976294 0.2164489 0 0.9537157 0.3007097 0 0.9537157 0.3007097 0 0.9238796 0.3826833 0 0.9238796 0.3826833 0 0.8870078 0.4617544 0 0.8870078 0.4617544 0 0.8433945 0.5372949 0 0.8433945 0.5372949 0 0.7933598 0.608753 0 0.7933598 0.608753 0 0.7372671 0.6756014 0 0.7372671 0.6756014 0 0.6756009 0.7372676 0 0.6756009 0.7372676 0 0.6087546 0.7933586 0 0.6087546 0.7933586 0 0.5372977 0.8433927 0 0.5372977 0.8433927 0 0.4617502 0.88701 0 0.4617502 0.88701 0 0.4036222 0.9149257 0 0.3826925 0.9238756 -0.0006660091 0.04361845 0.9990482 0 0.04361845 0.9990482 -0 0.1305116 0.9914468 0 0.1305116 0.9914468 -0 0.2164489 0.976294 0 0.2164489 0.976294 -0 0.3007028 0.9537179 0 0.3007028 0.9537179 -0 0.3633653 0.9316468 0 0.9990493 0.04359615 0 0.9990493 0.04359615 0 0.9914421 0.1305467 0 0.9914421 0.1305467 0 0.9762986 0.2164281 0 0.9762986 0.2164281 0 0.9537157 0.3007097 0 0.9537157 0.3007097 0 0.9238796 0.3826833 0 0.9238796 0.3826833 0 0.8870078 0.4617544 0 0.8870078 0.4617544 0 0.8433913 0.5372998 0 0.8433913 0.5372998 0 0.7933573 0.6087562 0 0.7933573 0.6087562 0 0.737278 0.6755895 0 0.737278 0.6755895 0 0.6756009 0.7372676 0 0.6756009 0.7372676 0 0.6087546 0.7933586 0 0.6087546 0.7933586 0 0.5373076 0.8433864 0 0.5373076 0.8433864 0 0.4617327 0.8870192 0 0.4617327 0.8870192 0 0.3826849 0.9238789 0 0.3826849 0.9238789 0 0.3007028 0.9537179 0 0.3007028 0.9537179 0 0.2164385 0.9762962 0 0.2164385 0.9762962 0 0.1305331 0.9914439 0 0.1305331 0.9914439 0 0.0436194 0.9990482 0 0.0436194 0.9990482 0 0.9990473 0.04363979 0 0.9990473 0.04363979 0 0.991448 0.1305023 0 0.991448 0.1305023 0 0.9763026 0.2164095 0 0.9763026 0.2164095 0 0.9537157 0.3007097 0 0.9537157 0.3007097 0 0.9238734 0.3826981 0 0.9238734 0.3826981 0 0.8869989 0.4617716 0 0.8869989 0.4617716 0 0.8434012 0.5372843 0 0.8434012 0.5372843 0 0.7933492 0.6087668 0 0.7933492 0.6087668 0 0.7372721 0.6755959 0 0.7372721 0.6755959 0 0.6756058 0.7372631 0 0.6756058 0.7372631 0 0.6087615 0.7933533 0 0.6087615 0.7933533 0 0.5372899 0.8433977 0 0.5372899 0.8433977 0 0.4617502 0.88701 0 0.4617502 0.88701 0 0.3826849 0.9238789 0 0.3826849 0.9238789 0 0.3007028 0.9537179 0 0.3007028 0.9537179 0 0.2164489 0.976294 0 0.2164489 0.976294 0 0.1305252 0.991445 0 0.1305252 0.991445 0 0.04361845 0.9990482 0 0.04361845 0.9990482 0 0.0436239 -0.999048 0 0.0436239 -0.999048 0 0.1305252 -0.991445 0 0.1305252 -0.991445 0 0.2164385 -0.9762962 0 0.2164385 -0.9762962 0 0.3007078 -0.9537163 0 0.3007078 -0.9537163 0 0.3826802 -0.9238809 0 0.3826802 -0.9238809 0 0.4617502 -0.88701 0 0.4617502 -0.88701 0 0.5372938 -0.8433951 0 0.5372938 -0.8433951 0 0.6087581 -0.7933559 0 0.6087581 -0.7933559 0 0.6756088 -0.7372603 0 0.6756088 -0.7372603 0 0.7372696 -0.6755986 0 0.7372696 -0.6755986 0 0.7933512 -0.6087642 0 0.7933512 -0.6087642 0 0.8434012 -0.5372843 0 0.8434012 -0.5372843 0 0.8869989 -0.4617716 0 0.8869989 -0.4617716 0 0.9238734 -0.3826981 0 0.9238734 -0.3826981 0 0.9537153 -0.3007112 0 0.9537153 -0.3007112 0 0.9763035 -0.2164061 0 0.9763035 -0.2164061 0 0.9914477 -0.1305044 0 0.9914477 -0.1305044 0 0.9990474 -0.04363932 0 0.9990474 -0.04363932 0 0.0436194 -0.9990482 0 0.0436194 -0.9990482 0 0.1305224 -0.9914454 0 0.1305224 -0.9914454 0 0.2164385 -0.9762962 0 0.2164385 -0.9762962 0 0.3007078 -0.9537163 0 0.3007078 -0.9537163 0 0.3826802 -0.9238809 0 0.3826802 -0.9238809 0 0.4617413 -0.8870147 0 0.4617413 -0.8870147 0 0.5373037 -0.8433889 0 0.5373037 -0.8433889 0 0.6087581 -0.7933559 0 0.6087581 -0.7933559 0 0.6755949 -0.737273 0 0.6755949 -0.737273 0 0.737283 -0.6755841 0 0.737283 -0.6755841 0 0.7933512 -0.6087642 0 0.7933512 -0.6087642 0 0.8433928 -0.5372974 0 0.8433928 -0.5372974 0 0.8870066 -0.4617566 0 0.8870066 -0.4617566 0 0.9238812 -0.3826794 0 0.9238812 -0.3826794 0 0.9537153 -0.3007112 0 0.9537153 -0.3007112 0 0.9762988 -0.2164269 0 0.9762988 -0.2164269 0 0.991442 -0.1305474 0 0.991442 -0.1305474 0 0.9990493 -0.04359568 0 0.9990493 -0.04359568 0 0.0436239 -0.999048 0 0.0436239 -0.999048 0 0.130517 -0.9914461 0 0.130517 -0.9914461 0 0.2164437 -0.9762951 0 0.2164437 -0.9762951 0 0.3007028 -0.9537179 0 0.3007028 -0.9537179 0 0.3633471 -0.9316538 0 0.3826878 -0.9238774 -0.0006664665 0.9990483 -0.04361797 0 0.9990483 -0.04361797 0 0.991445 -0.1305252 0 0.991445 -0.1305252 0 0.976294 -0.2164489 0 0.976294 -0.2164489 0 0.9537157 -0.3007097 0 0.9537157 -0.3007097 0 0.9238812 -0.3826794 0 0.9238812 -0.3826794 0 0.8870066 -0.4617566 0 0.8870066 -0.4617566 0 0.8433928 -0.5372974 0 0.8433928 -0.5372974 0 0.7933598 -0.608753 0 0.7933598 -0.608753 0 0.7372721 -0.6755959 0 0.7372721 -0.6755959 0 0.6755949 -0.737273 0 0.6755949 -0.737273 0 0.6087615 -0.7933533 0 0.6087615 -0.7933533 0 0.5372899 -0.8433977 0 0.5372899 -0.8433977 0 0.4617546 -0.8870078 0 0.4617546 -0.8870078 0 0.4036317 -0.9149215 0 -1 0 -0 -1 0 0 0 -1 0 -0 -1 -0 0 0 -1 -0 -0 -1 0 0 -1 0 0 -1 0 0 -1 0 0 -1 0 0 -1 0 0 -1 0 0 -1 0 0 -1 0 0 -1 0 0 -1 0 0 -1 0 0 -1 0 0 -1 0 0 -1 0 0 -1 0 0 -1 0 0 -1 0 0 -1 -1 0 -0 -1 0 0 0 1 0 -0 1 0 0 0 -1 -0 0 -1 0 0 -1 0 0 -1 0 0 -1 0 0 -1 0 0 -1 0 0 -1 0 0 -1 0 0 -1 0 0 -1 0 0 -1 0 0 -1 0 0 -1 0 0 -1 0 0 -1 0 0 -1 0 0 -1 0 0 -1 0 0 -1 1 0 0 1 0 0 0 -1 0 -0 -1 -0 0 0 -1 0 0 -1 0 0 -1 0 -0 -1 0 0 -1 0 -0 -1 0 -0 -1 0 0 -1 0 -0 -1 0 -0 -1 0 0 -1 0 -0 -1 0 -0 -1 0 -0 -1 0 0 -1 0 -0 -1 0 -0 -1 0 0 -1 0 -0 -1 0 -0 -1 1 0 0 1 0 0 0 1 0 -0 1 0 0 0 -1 0 0 -1 0 0 -1 0 0 -1 0 0 -1 0 0 -1 0 0 -1 0 0 -1 0 0 -1 0 0 -1 0 0 -1 0 0 -1 0 0 -1 0 0 -1 0 0 -1 0 0 -1 0 0 -1 0 0 -1 0 0 -1 0 0 -1 -0.9990482 0.04361797 0 -0.9990482 0.04361797 0 -0.9914452 0.1305238 0 -0.9914452 0.1305238 0 -0.9762958 0.2164408 0 -0.9762958 0.2164408 0 -0.9537189 0.3006997 0 -0.9537189 0.3006997 0 -0.9238812 0.3826794 0 -0.9238812 0.3826794 0 -0.8870078 0.4617544 0 -0.8870078 0.4617544 0 -0.8433914 0.5372999 0 -0.8433914 0.5372999 0 -0.7933545 0.6087599 0 -0.7933545 0.6087599 0 -0.7372776 0.67559 0 -0.7372776 0.67559 0 -0.6755895 0.737278 0 -0.6755895 0.737278 0 -0.6087615 0.7933533 0 -0.6087615 0.7933533 0 -0.5372999 0.8433914 0 -0.5372999 0.8433914 0 -0.4617457 0.8870122 0 -0.4617457 0.8870122 0 -0.3826887 0.9238773 0 -0.3826887 0.9238773 0 -0.3006997 0.9537189 0 -0.3006997 0.9537189 0 -0.2164489 0.9762939 0 -0.2164489 0.9762939 0 -0.1305252 0.991445 0 -0.1305252 0.991445 0 -0.04361797 0.9990482 0 -0.04361797 0.9990482 0 -0.04362343 -0.999048 0 -0.04362343 -0.999048 0 -0.1305252 -0.991445 0 -0.1305252 -0.991445 0 -0.2164385 -0.9762962 0 -0.2164385 -0.9762962 0 -0.3007047 -0.9537174 0 -0.3007047 -0.9537174 0 -0.382684 -0.9238792 0 -0.382684 -0.9238792 0 -0.4617457 -0.8870122 0 -0.4617457 -0.8870122 0 -0.5373037 -0.8433888 0 -0.5373037 -0.8433888 0 -0.608758 -0.7933559 0 -0.608758 -0.7933559 0 -0.6755924 -0.7372752 0 -0.6755924 -0.7372752 0 -0.7372751 -0.6755927 0 -0.7372751 -0.6755927 0 -0.7933565 -0.6087573 0 -0.7933565 -0.6087573 0 -0.8433914 -0.5372999 0 -0.8433914 -0.5372999 0 -0.8870078 -0.4617544 0 -0.8870078 -0.4617544 0 -0.9238812 -0.3826794 0 -0.9238812 -0.3826794 0 -0.9537184 -0.3007013 0 -0.9537184 -0.3007013 0 -0.9762965 -0.2164373 0 -0.9762965 -0.2164373 0 -0.9914449 -0.1305259 0 -0.9914449 -0.1305259 0 -0.9990482 -0.04361749 0 -0.9990482 -0.04361749 0 0.04361845 0.9990484 0 0.04361845 0.9990484 -0 0.1305252 0.991445 0 0.1305252 0.991445 -0 0.2164489 0.9762939 0 0.2164489 0.9762939 -0 0.3007028 0.9537179 0 0.3007028 0.9537179 -0 0.3826849 0.9238789 0 0.3826849 0.9238789 -0 0.4617502 0.8870099 0 0.4617502 0.8870099 -0 0.5372899 0.8433976 0 0.5372899 0.8433976 -0 0.6087615 0.7933533 0 0.6087615 0.7933533 -0 0.6756058 0.737263 0 0.6756058 0.737263 -0 0.7372721 0.6755959 0 0.7372721 0.6755959 -0 0.7933491 0.6087667 0 0.7933491 0.6087667 -0 0.8434012 0.5372843 0 0.8434012 0.5372843 -0 0.8869989 0.4617715 0 0.8869989 0.4617715 -0 0.9238735 0.3826981 0 0.9238735 0.3826981 -0 0.9537158 0.3007097 0 0.9537158 0.3007097 -0 0.9763026 0.2164095 0 0.9763026 0.2164095 -0 0.991448 0.1305023 0 0.991448 0.1305023 -0 0.9990474 0.0436398 0 0.9990474 0.0436398 -0 0.9990474 -0.04363932 0 0.9990474 -0.04363932 0 0.9914478 -0.1305044 0 0.9914478 -0.1305044 0 0.9763035 -0.2164061 0 0.9763035 -0.2164061 0 0.9537153 -0.3007113 0 0.9537153 -0.3007113 0 0.9238735 -0.3826981 0 0.9238735 -0.3826981 0 0.8869989 -0.4617715 0 0.8869989 -0.4617715 0 0.8434012 -0.5372843 0 0.8434012 -0.5372843 0 0.7933512 -0.6087641 0 0.7933512 -0.6087641 0 0.7372696 -0.6755987 0 0.7372696 -0.6755987 0 0.6756088 -0.7372603 0 0.6756088 -0.7372603 0 0.608758 -0.7933559 0 0.608758 -0.7933559 0 0.5372938 -0.8433951 0 0.5372938 -0.8433951 0 0.4617502 -0.8870099 0 0.4617502 -0.8870099 0 0.3826802 -0.9238808 0 0.3826802 -0.9238808 0 0.3007078 -0.9537163 0 0.3007078 -0.9537163 0 0.2164385 -0.9762962 0 0.2164385 -0.9762962 0 0.1305252 -0.991445 0 0.1305252 -0.991445 0 0.0436239 -0.999048 0 0.0436239 -0.999048 0 0 0 -1 0 0 -1 0 0 -1 0 0 -1 -0 0 -1 -0 0 -1 0 0 -1 -0 0 -1 0 0 -1 0 0 -1 0 -0 -1 0 0 -1 0 -0 -1 0 -0 -1 0 0 -1 0 -0 -1 0 -0 -1 0 0 -1 -0 0 -1 -0 0 -1 0 0 -1 0 0 -1 0 -0 -1 0 0 -1 0 0 -1 0 0 -1 0 0 -1 0 0 -1 0 0 -1 0 0 -1 0 0 -1 0 0 -1 0 0 -1 0 0 -1 0 0 -1 0 0 -1 0 0 -1 0 0 -1 0 0 -1 0 0 -1 0 0 -1 0 0 -1 0 0 -1 0 0 -1 0 0 -1 0 0 -1 0 0 -1 0 0 -1 0 0 -1 0 0 -1 -0 0 -1 0 0 -1 -0 0 -1 0 0 -1 0 0 -1 0 -0 -1 0 0 -1 0 -0 -1 0 0 -1 0 -0 -1 0 0 -1 0 -0 -1 0 0 -1 0 0 -1 0 0 -1 0 0 -1 0 0 -1 0 0 -1 0 0 -1 0 0 -1 0 0 -1 0 0 -1 0 0 -1 0 -0 -1 0 0 -1 0 -0 -1 -0 0 -1 0 -0 -1 -0 0 -1 0 -0 -1 -0 0 -1 0 -0 -1 -0 0 -1 0 -0 -1 -0 0 -1 0 -0 -1 -0 0 -1 0 -0 -1 -0 0 -1 0 -0 -1 -0 0 -1 0 -0 -1 -0 0 -1 0 -0 -1 -0 0 -1 0 -0 -1 -0 0 -1 0 -0 -1 -0 0 -1 0 -0 -1 -0 0 -1 0 -0 -1 -0 0 -1 0 -0 -1 -0 0 -1 0 -0 -1 -0 0 -1 0 -0 -1 0 0 -1 -0 0 -1 0 0 -1 -0 0 -1 0 0 -1 -0 0 -1 0 0 -1 -0 0 -1 0 0 -1 -0 0 -1 0 0 -1 -0 0 -1 0 0 -1 -0 0 -1 0 0 -1 -0 0 -1 0 0 -1 -0 0 -1 0 0 -1 -0 0 -1 0 0 -1 -0 0 -1 0 0 -1 -0 0 -1 0 0 -1 -0 0 -1 0 0 -1 -0 0 -1 0 0 -1 -0 0 -1 0 0 -1 -0 0 -1 0 0 -1 -0 0 -1 0 0 -1 -0 0 -1 0 0 -1 0.792111 0.610377 0 0.792111 0.610377 -0 0.8423366 0.5389518 0 0.8423366 0.5389518 -0 0.8861422 0.4634134 0 0.8861422 0.4634134 -0 0.9231901 0.3843438 0 0.9231901 0.3843438 -0 0.9531972 0.3023491 0 0.9531972 0.3023491 -0 0.9759406 0.2180364 0 0.9759406 0.2180364 -0 0.99124 0.1320728 0 0.99124 0.1320728 -0 0.9989821 0.04510866 0 0.9989821 0.04510866 -0 0.9991078 -0.0422309 0 0.9991078 -0.0422309 0 0.9916171 -0.1292112 0 0.9916171 -0.1292112 0 0.9765623 -0.2152354 0 0.9765623 -0.2152354 0 0.9540665 -0.2995951 0 0.9540665 -0.2995951 0 0.9242926 -0.3816848 0 0.9242926 -0.3816848 0 0.8874711 -0.4608634 0 0.8874711 -0.4608634 0 0.8438847 -0.5365246 0 0.8438847 -0.5365246 0 0.7938678 -0.6080904 0 0.7938678 -0.6080904 0 0.7377898 -0.6750306 0 0.7377898 -0.6750306 0 0.6760876 -0.7368212 0 0.6760876 -0.7368212 0 0.6092398 -0.792986 0 0.6092398 -0.792986 0 0.5377313 -0.8431163 0 0.5377313 -0.8431163 0 0.4621448 -0.8868045 0 0.4621448 -0.8868045 0 0.3830152 -0.9237421 0 0.3830152 -0.9237421 0 0.300975 -0.9536321 0 0.300975 -0.9536321 0 0.2166348 -0.9762527 0 0.2166348 -0.9762527 0 0.1306455 -0.9914292 0 0.1306455 -0.9914292 0 0.04365748 -0.9990466 0 0.04365748 -0.9990466 0 -0.04365673 -0.9990466 0 -0.04365673 -0.9990466 0 -0.1306455 -0.9914292 0 -0.1306455 -0.9914292 0 -0.2166384 -0.976252 0 -0.2166384 -0.976252 0 -0.3009725 -0.9536328 0 -0.3009725 -0.9536328 0 -0.3830121 -0.9237434 0 -0.3830121 -0.9237434 0 -0.4621413 -0.8868063 0 -0.4621413 -0.8868063 0 -0.5377352 -0.8431138 0 -0.5377352 -0.8431138 0 -0.6092356 -0.7929893 0 -0.6092356 -0.7929893 0 -0.6760918 -0.7368173 0 -0.6760918 -0.7368173 0 -0.737794 -0.6750259 0 -0.737794 -0.6750259 0 -0.7938637 -0.6080958 0 -0.7938637 -0.6080958 0 -0.8438866 -0.5365216 0 -0.8438866 -0.5365216 0 -0.8874711 -0.4608634 0 -0.8874711 -0.4608634 0 -0.924291 -0.3816884 0 -0.924291 -0.3816884 0 -0.9540652 -0.2995989 0 -0.9540652 -0.2995989 0 -0.9765649 -0.2152231 0 -0.9765649 -0.2152231 0 -0.991616 -0.1292196 0 -0.991616 -0.1292196 0 -0.9991083 -0.04222235 0 -0.9991083 -0.04222235 0 -0.9989825 0.04510011 0 -0.9989825 0.04510011 0 -0.99124 0.1320728 0 -0.99124 0.1320728 0 -0.9759397 0.2180405 0 -0.9759397 0.2180405 0 -0.9531997 0.3023413 0 -0.9531997 0.3023413 0 -0.923187 0.3843511 0 -0.923187 0.3843511 0 -0.886144 0.4634101 0 -0.886144 0.4634101 0 -0.8423366 0.5389518 0 -0.8423366 0.5389518 0 -0.792111 0.610377 0 -0.792111 0.610377 0 1 0 -0 1 0 0 -0.7359379 0.677049 0 -0.7359379 0.677049 0 -0.6742822 0.7384738 0 -0.6742822 0.7384738 0 -0.6075281 0.7942982 0 -0.6075281 0.7942982 0 -0.5361581 0.8441175 0 -0.5361581 0.8441175 0 -0.4607378 0.8875363 0 -0.4607378 0.8875363 0 -0.3818101 0.9242408 0 -0.3818101 0.9242408 0 -0.3000171 0.9539338 0 -0.3000171 0.9539338 0 -0.2159316 0.9764085 0 -0.2159316 0.9764085 0 -0.1302128 0.991486 0 -0.1302128 0.991486 0 -0.04351331 0.9990529 0 -0.04351331 0.9990529 0 0.04351368 0.9990528 0 0.04351368 0.9990528 -0 0.1302151 0.9914858 0 0.1302151 0.9914858 -0 0.2159298 0.9764089 0 0.2159298 0.9764089 -0 0.3000146 0.9539346 0 0.3000146 0.9539346 -0 0.3818131 0.9242395 0 0.3818131 0.9242395 -0 0.4607378 0.8875363 0 0.4607378 0.8875363 -0 0.5361581 0.8441175 0 0.5361581 0.8441175 -0 0.607524 0.7943013 0 0.607524 0.7943013 -0 0.6742822 0.7384738 0 0.6742822 0.7384738 -0 0.7359421 0.6770444 0 0.7359421 0.6770444 -0 -1 0 0 -1 0 0 0 0 -1 0 0 -1 0 0 -1 0 0 -1 0 0 -1 0 0 -1 0 0 -1 0 0 -1 -0 0 -1 -0 0 -1 0 0 -1 -0 0 -1 -0 0 -1 0 0 -1 0 -0 -1 0 -0 -1 0 0 -1 -0 0 -1 0 0 -1 0 0 -1 -0 0 -1 0 0 -1 -0 0 -1 0 0 -1 0 -0 -1 0 -0 -1 0 0 -1 0 -0 -1 -0 0 -1 0 -0 -1 -0 0 -1 0 -0 -1 -0 0 -1 0 -0 -1 -0 0 -1 0 -0 -1 -0 0 -1 0 -0 -1 -0 0 -1 0 -0 -1 -0 0 -1 0 -0 -1 0 -0 -1 0 0 -1 0 -0 -1 0 0 -1 0 -0 -1 0 0 -1 0 -0 -1 0 0 -1 0 0 -1 -0 -0 -1 -0 -0 -1 0 -0 -1 0 0 -1 0 0 -1 0 0 -1 0 0 -1 0 0 -1 0 0 -1 0 0 -1 0 0 -1 0 0 -1 0 0 -1 0 0 -1 0 0 -1 0 0 -1 0 -0 -1 0 0 -1 0 0 -1 0 0 -1 0 0 -1 0 0 -1 0 -0 -1 0 0 -1 0 -0 -1 -0 0 -1 0 -0 -1 -0 0 -1 0 -0 -1 -0 0 -1 0 -0 -1 -0 0 -1 0 -0 -1 -0 0 -1 0 -0 -1 -0 0 -1 0 -0 -1 -0 0 -1 0 -0 -1 -0 0 -1 0 -0 -1 -0 0 -1 0 -0 -1 -0 0 -1 0 -0 -1 -0 0 -1 0 -0 -1 -0 0 -1 0 -0 -1 -0 0 -1 0 -0 -1 -0 0 -1 0 -0 -1 -0 0 -1 0 -0 -1 -0 0 -1 0 -0 -1 0 0 -1 -0 0 -1 0 0 -1 -0 0 -1 0 0 -1 -0 0 -1 0 0 -1 -0 0 -1 0 0 -1 -0 0 -1 0 0 -1 -0 0 -1 0 0 -1 -0 0 -1 0 0 -1 -0 0 -1 0 0 -1 -0 0 -1 0 0 -1 -0 0 -1 0 0 -1 -0 0 -1 0 0 -1 -0 0 -1 0 0 -1 -0 0 -1 0 0 -1 -0 0 -1 0 0 -1 -0 0 -1 0 0 -1 -0 0 -1 0 0 -1 -0 0 -1 0 0 -1 -0 0 -1 0 0 -1 0.7921152 0.6103716 0 0.7921152 0.6103716 -0 0.8423327 0.538958 0 0.8423327 0.538958 -0 0.8861474 0.4634034 0 0.8861474 0.4634034 -0 0.923187 0.3843511 0 0.923187 0.3843511 -0 0.9531997 0.3023413 0 0.9531997 0.3023413 -0 0.975938 0.2180487 0 0.975938 0.2180487 -0 0.99124 0.1320728 0 0.99124 0.1320728 -0 0.9989828 0.04509156 0 0.9989828 0.04509156 -0 0.9991086 -0.04221381 0 0.9991086 -0.04221381 0 0.9916149 -0.129228 0 0.9916149 -0.129228 0 0.9765649 -0.2152231 0 0.9765649 -0.2152231 0 0.9540677 -0.2995912 0 0.9540677 -0.2995912 0 0.924288 -0.3816957 0 0.924288 -0.3816957 0 0.8874711 -0.4608634 0 0.8874711 -0.4608634 0 0.8438905 -0.5365154 0 0.8438905 -0.5365154 0 0.7938637 -0.6080958 0 0.7938637 -0.6080958 0 0.737794 -0.6750259 0 0.737794 -0.6750259 0 0.6760876 -0.7368212 0 0.6760876 -0.7368212 0 0.6092398 -0.792986 0 0.6092398 -0.792986 0 0.5377313 -0.8431163 0 0.5377313 -0.8431163 0 0.4621448 -0.8868045 0 0.4621448 -0.8868045 0 0.3830152 -0.9237421 0 0.3830152 -0.9237421 0 0.30097 -0.9536335 0 0.30097 -0.9536335 0 0.2166384 -0.976252 0 0.2166384 -0.976252 0 0.1306444 -0.9914293 0 0.1306444 -0.9914293 0 0.0436571 -0.9990466 0 0.0436571 -0.9990466 0 -0.04365748 -0.9990466 0 -0.04365748 -0.9990466 0 -0.1306455 -0.9914292 0 -0.1306455 -0.9914292 0 -0.2166366 -0.9762523 0 -0.2166366 -0.9762523 0 -0.3009725 -0.9536328 0 -0.3009725 -0.9536328 0 -0.3830121 -0.9237434 0 -0.3830121 -0.9237434 0 -0.4621448 -0.8868045 0 -0.4621448 -0.8868045 0 -0.5377313 -0.8431163 0 -0.5377313 -0.8431163 0 -0.6092398 -0.792986 0 -0.6092398 -0.792986 0 -0.6760876 -0.7368212 0 -0.6760876 -0.7368212 0 -0.7377983 -0.6750213 0 -0.7377983 -0.6750213 0 -0.7938595 -0.6081012 0 -0.7938595 -0.6081012 0 -0.8438905 -0.5365154 0 -0.8438905 -0.5365154 0 -0.8874711 -0.4608634 0 -0.8874711 -0.4608634 0 -0.924291 -0.3816884 0 -0.924291 -0.3816884 0 -0.9540652 -0.2995989 0 -0.9540652 -0.2995989 0 -0.9765649 -0.2152231 0 -0.9765649 -0.2152231 0 -0.991616 -0.1292196 0 -0.991616 -0.1292196 0 -0.9991083 -0.04222235 0 -0.9991083 -0.04222235 0 -0.9989825 0.04510011 0 -0.9989825 0.04510011 0 -0.9912412 0.1320644 0 -0.9912412 0.1320644 0 -0.975938 0.2180487 0 -0.975938 0.2180487 0 -0.9531997 0.3023413 0 -0.9531997 0.3023413 0 -0.923187 0.3843511 0 -0.923187 0.3843511 0 -0.886144 0.4634101 0 -0.886144 0.4634101 0 -0.8423366 0.5389518 0 -0.8423366 0.5389518 0 -0.792111 0.610377 0 -0.792111 0.610377 0 1 0 -0 1 0 0 -0.7359379 0.677049 0 -0.7359379 0.677049 0 -0.6742865 0.7384699 0 -0.6742865 0.7384699 0 -0.6075281 0.7942982 0 -0.6075281 0.7942982 0 -0.5361543 0.84412 0 -0.5361543 0.84412 0 -0.4607378 0.8875363 0 -0.4607378 0.8875363 0 -0.3818101 0.9242408 0 -0.3818101 0.9242408 0 -0.3000171 0.9539338 0 -0.3000171 0.9539338 0 -0.2159316 0.9764085 0 -0.2159316 0.9764085 0 -0.130214 0.9914859 0 -0.130214 0.9914859 0 -0.04351368 0.9990528 0 -0.04351368 0.9990528 0 0.04351294 0.9990529 0 0.04351294 0.9990529 -0 0.1302151 0.9914858 0 0.1302151 0.9914858 -0 0.2159316 0.9764085 0 0.2159316 0.9764085 -0 0.3000146 0.9539346 0 0.3000146 0.9539346 -0 0.3818131 0.9242395 0 0.3818131 0.9242395 -0 0.4607343 0.8875381 0 0.4607343 0.8875381 -0 0.5361581 0.8441175 0 0.5361581 0.8441175 -0 0.6075281 0.7942982 0 0.6075281 0.7942982 -0 0.6742822 0.7384738 0 0.6742822 0.7384738 -0 0.7359379 0.677049 0 0.7359379 0.677049 -0 -1 0 0 -1 0 0 0 0 -1 0 0 -1 0 0 -1 0 0 -1 0 0 -1 0 0 -1 0 0 -1 0 0 -1 -0 0 -1 -0 0 -1 0 0 -1 0 -0 -1 0 -0 -1 0 0 -1 -0 0 -1 -0 0 -1 0 0 -1 0 -0 -1 0 -0 -1 0 0 -1 0 -0 -1 -0 0 -1 0 -0 -1 -0 0 -1 0 -0 -1 -0 0 -1 0 -0 -1 -0 0 -1 0 -0 -1 -0 0 -1 0 -0 -1 -0 0 -1 0 -0 -1 -0 0 -1 0 -0 -1 0 0 -1 -0 0 -1 0 0 -1 0 -0 -1 0 0 -1 0 -0 -1 0 0 -1 0 -0 -1 0 0 -1 0 -0 -1 -0 -0 -1 -0 -0 -1 0 -0 -1 0 0 -1 -0 0 -1 0 0 -1 -0 0 -1 0 0 -1 0 0 -1 0 0 -1 0 0 -1 0 0 -1 0 0 -1 0 0 -1 0 0 -1 0 0 -1 0 0 -1 0 0 -1 0 0 -1 0 0 -1 0 0 -1 0 0 -1 0 -0 -1 0 0 -1 0 0 -1 0 0 -1 0 0 -1 0 0 -1 0 -0 -1 0 0 -1 0 -0 -1 -0 0 -1 0 -0 -1 -0 0 -1 0 -0 -1 -0 0 -1 0 -0 -1 -0 0 -1 0 -0 -1 -0 0 -1 0 -0 -1 -0 0 -1 0 -0 -1 -0 0 -1 0 -0 -1 -0 0 -1 0 -0 -1 -0 0 -1 0 -0 -1 -0 0 -1 0 -0 -1 -0 0 -1 0 -0 -1 -0 0 -1 0 -0 -1 -0 0 -1 0 -0 -1 -0 0 -1 0 -0 -1 -0 0 -1 0 -0 -1 -0 0 -1 0 -0 -1 0 0 -1 -0 0 -1 0 0 -1 -0 0 -1 0 0 -1 -0 0 -1 0 0 -1 -0 0 -1 0 0 -1 -0 0 -1 0 0 -1 -0 0 -1 0 0 -1 -0 0 -1 0 0 -1 -0 0 -1 0 0 -1 -0 0 -1 0 0 -1 -0 0 -1 0 0 -1 -0 0 -1 0 0 -1 -0 0 -1 0 0 -1 -0 0 -1 0 0 -1 -0 0 -1 0 0 -1 -0 0 -1 0 0 -1 -0 0 -1 0 0 -1 -0 0 -1 0 0 -1 -0 0 -1 0 0 -1 0.7921152 0.6103716 0 0.7921152 0.6103716 -0 0.8423327 0.538958 0 0.8423327 0.538958 -0 0.886151 0.4633967 0 0.886151 0.4633967 -0 0.9231901 0.3843438 0 0.9231901 0.3843438 -0 0.9531972 0.3023491 0 0.9531972 0.3023491 -0 0.9759397 0.2180405 0 0.9759397 0.2180405 -0 0.99124 0.1320728 0 0.99124 0.1320728 -0 0.9989821 0.04510866 0 0.9989821 0.04510866 -0 0.9991078 -0.0422309 0 0.9991078 -0.0422309 0 0.9916171 -0.1292112 0 0.9916171 -0.1292112 0 0.9765631 -0.2152313 0 0.9765631 -0.2152313 0 0.9540677 -0.2995912 0 0.9540677 -0.2995912 0 0.924291 -0.3816884 0 0.924291 -0.3816884 0 0.8874676 -0.4608701 0 0.8874676 -0.4608701 0 0.8438905 -0.5365154 0 0.8438905 -0.5365154 0 0.7938678 -0.6080904 0 0.7938678 -0.6080904 0 0.7377855 -0.6750353 0 0.7377855 -0.6750353 0 0.6760876 -0.7368212 0 0.6760876 -0.7368212 0 0.6092439 -0.7929829 0 0.6092439 -0.7929829 0 0.5377352 -0.8431138 0 0.5377352 -0.8431138 0 0.4621413 -0.8868063 0 0.4621413 -0.8868063 0 0.3830091 -0.9237446 0 0.3830091 -0.9237446 0 0.300975 -0.9536321 0 0.300975 -0.9536321 0 0.2166384 -0.976252 0 0.2166384 -0.976252 0 0.1306444 -0.9914293 0 0.1306444 -0.9914293 0 0.0436571 -0.9990466 0 0.0436571 -0.9990466 0 -0.0436571 -0.9990466 0 -0.0436571 -0.9990466 0 -0.1306444 -0.9914293 0 -0.1306444 -0.9914293 0 -0.2166384 -0.976252 0 -0.2166384 -0.976252 0 -0.300975 -0.9536321 0 -0.300975 -0.9536321 0 -0.3830152 -0.9237421 0 -0.3830152 -0.9237421 0 -0.4621343 -0.8868099 0 -0.4621343 -0.8868099 0 -0.5377352 -0.8431138 0 -0.5377352 -0.8431138 0 -0.6092439 -0.7929829 0 -0.6092439 -0.7929829 0 -0.6760876 -0.7368212 0 -0.6760876 -0.7368212 0 -0.737794 -0.6750259 0 -0.737794 -0.6750259 0 -0.7938678 -0.6080904 0 -0.7938678 -0.6080904 0 -0.843875 -0.5365399 0 -0.843875 -0.5365399 0 -0.8874746 -0.4608567 0 -0.8874746 -0.4608567 0 -0.9242971 -0.3816738 0 -0.9242971 -0.3816738 0 -0.9540628 -0.2996068 0 -0.9540628 -0.2996068 0 -0.9765667 -0.215215 0 -0.9765667 -0.215215 0 -0.9916149 -0.129228 0 -0.9916149 -0.129228 0 -0.9991078 -0.0422309 0 -0.9991078 -0.0422309 0 -0.9989821 0.04510866 0 -0.9989821 0.04510866 0 -0.99124 0.1320728 0 -0.99124 0.1320728 0 -0.9759397 0.2180405 0 -0.9759397 0.2180405 0 -0.9531972 0.3023491 0 -0.9531972 0.3023491 0 -0.9231901 0.3843438 0 -0.9231901 0.3843438 0 -0.886144 0.4634101 0 -0.886144 0.4634101 0 -0.8423405 0.5389457 0 -0.8423405 0.5389457 0 -0.7921069 0.6103824 0 -0.7921069 0.6103824 0 1 0 -0 1 0 0 -0.7359379 0.677049 0 -0.7359379 0.677049 0 -0.6742865 0.7384699 0 -0.6742865 0.7384699 0 -0.6075198 0.7943045 0 -0.6075198 0.7943045 0 -0.5361621 0.8441151 0 -0.5361621 0.8441151 0 -0.4607343 0.8875381 0 -0.4607343 0.8875381 0 -0.3818101 0.9242408 0 -0.3818101 0.9242408 0 -0.3000196 0.953933 0 -0.3000196 0.953933 0 -0.2159298 0.9764089 0 -0.2159298 0.9764089 0 -0.130214 0.9914859 0 -0.130214 0.9914859 0 -0.04351368 0.9990528 0 -0.04351368 0.9990528 0 0.04351294 0.9990529 0 0.04351294 0.9990529 -0 0.130214 0.9914859 0 0.130214 0.9914859 -0 0.2159334 0.9764081 0 0.2159334 0.9764081 -0 0.3000146 0.9539346 0 0.3000146 0.9539346 -0 0.3818101 0.9242408 0 0.3818101 0.9242408 -0 0.4607343 0.8875381 0 0.4607343 0.8875381 -0 0.5361698 0.8441101 0 0.5361698 0.8441101 -0 0.6075198 0.7943045 0 0.6075198 0.7943045 -0 0.6742865 0.7384699 0 0.6742865 0.7384699 -0 0.7359294 0.6770584 0 0.7359294 0.6770584 -0 -1 0 0 -1 0 0 0 0 -1 0 0 -1 0 0 -1 0 0 -1 0 0 -1 0 0 -1 0 0 -1 0 -0 -1 0 0 -1 0 -0 -1 0 -0 -1 0 0 -1 0 0 -1 0 -0 -1 0 0 -1 -0 0 -1 -0 0 -1 0 0 -1 -0 0 -1 -0 0 -1 0 0 -1 0 0 -1 0 0 -1 0 0 -1 0 0 -1 0 0 -1 0 0 -1 0 0 -1 0 -0 -1 0 -0 -1 0 0 -1 0 0 -1 0 0 -1 0 0 -1 0 0 -1 0 0 -1 0 0 -1 0 0 -1 0 0 -1 0 0 -1 0 0 -1 0 0 -1 0 0 -1 0 0 -1 0 0 -1 0 0 -1 0 0 -1 0 0 -1 0 0 -1 0 0 -1 0 0 -1 0 0 -1 0 0 -1 -0 0 -1 0 0 -1 0 0 -1 0 -0 -1 0 0 -1 0 -0 -1 0 0 -1 0 -0 -1 0 0 -1 0 -0 -1 0 0 -1 0 0 -1 0 0 -1 -0 0 -1 0 0 -1 -0 0 -1 -0 0 -1 0 0 -1 0 0 -1 0 0 -1 0 -0 -1 0 0 -1 0 -0 -1 -0 0 -1 0 -0 -1 -0 0 -1 0 -0 -1 -0 0 -1 0 -0 -1 -0 0 -1 0 -0 -1 -0 0 -1 0 -0 -1 -0 0 -1 0 -0 -1 -0 0 -1 0 -0 -1 -0 0 -1 0 -0 -1 -0 0 -1 0 -0 -1 -0 0 -1 0 -0 -1 -0 0 -1 0 -0 -1 -0 0 -1 0 -0 -1 -0 0 -1 0 -0 -1 -0 0 -1 0 -0 -1 -0 0 -1 0 -0 -1 -0 0 -1 0 -0 -1 0 0 -1 -0 0 -1 0 0 -1 -0 0 -1 0 0 -1 -0 0 -1 0 0 -1 -0 0 -1 0 0 -1 -0 0 -1 0 0 -1 -0 0 -1 0 0 -1 -0 0 -1 0 0 -1 -0 0 -1 0 0 -1 -0 0 -1 0 0 -1 -0 0 -1 0 0 -1 -0 0 -1 0 0 -1 -0 0 -1 0 0 -1 -0 0 -1 0 0 -1 -0 0 -1 0 0 -1 -0 0 -1 0 0 -1 -0 0 -1 0 0 -1 -0 0 -1 0 0 -1 -0 0 -1 0 0 -1 0.7921069 0.6103824 0 0.7921069 0.6103824 -0 0.8423327 0.538958 0 0.8423327 0.538958 -0 0.886151 0.4633967 0 0.886151 0.4633967 -0 0.923184 0.3843584 0 0.923184 0.3843584 -0 0.9532022 0.3023335 0 0.9532022 0.3023335 -0 0.9759361 0.2180568 0 0.9759361 0.2180568 -0 0.99124 0.1320728 0 0.99124 0.1320728 -0 0.9989828 0.04509156 0 0.9989828 0.04509156 -0 0.9991086 -0.04221381 0 0.9991086 -0.04221381 0 0.9916149 -0.129228 0 0.9916149 -0.129228 0 0.9765667 -0.215215 0 0.9765667 -0.215215 0 0.9540579 -0.2996223 0 0.9540579 -0.2996223 0 0.9242971 -0.3816738 0 0.9242971 -0.3816738 0 0.8874746 -0.4608567 0 0.8874746 -0.4608567 0 0.8438827 -0.5365276 0 0.8438827 -0.5365276 0 0.7938595 -0.6081012 0 0.7938595 -0.6081012 0 0.7378026 -0.6750166 0 0.7378026 -0.6750166 0 0.6760876 -0.7368212 0 0.6760876 -0.7368212 0 0.6092356 -0.7929893 0 0.6092356 -0.7929893 0 0.5377352 -0.8431138 0 0.5377352 -0.8431138 0 0.4621413 -0.8868063 0 0.4621413 -0.8868063 0 0.3830152 -0.9237421 0 0.3830152 -0.9237421 0 0.30097 -0.9536335 0 0.30097 -0.9536335 0 0.2166384 -0.976252 0 0.2166384 -0.976252 0 0.1306466 -0.991429 0 0.1306466 -0.991429 0 0.04365636 -0.9990466 0 0.04365636 -0.9990466 0 -0.04365785 -0.9990466 0 -0.04365785 -0.9990466 0 -0.1306444 -0.9914293 0 -0.1306444 -0.9914293 0 -0.2166348 -0.9762527 0 -0.2166348 -0.9762527 0 -0.300975 -0.9536321 0 -0.300975 -0.9536321 0 -0.3830152 -0.9237421 0 -0.3830152 -0.9237421 0 -0.4621413 -0.8868063 0 -0.4621413 -0.8868063 0 -0.5377274 -0.8431188 0 -0.5377274 -0.8431188 0 -0.6092439 -0.7929829 0 -0.6092439 -0.7929829 0 -0.6760876 -0.7368212 0 -0.6760876 -0.7368212 0 -0.737794 -0.6750259 0 -0.737794 -0.6750259 0 -0.7938678 -0.6080904 0 -0.7938678 -0.6080904 0 -0.8438905 -0.5365154 0 -0.8438905 -0.5365154 0 -0.8874676 -0.4608701 0 -0.8874676 -0.4608701 0 -0.924291 -0.3816884 0 -0.924291 -0.3816884 0 -0.9540677 -0.2995912 0 -0.9540677 -0.2995912 0 -0.9765595 -0.2152477 0 -0.9765595 -0.2152477 0 -0.9916171 -0.1292112 0 -0.9916171 -0.1292112 0 -0.9991086 -0.04221381 0 -0.9991086 -0.04221381 0 -0.9989828 0.04509156 0 -0.9989828 0.04509156 0 -0.99124 0.1320728 0 -0.99124 0.1320728 0 -0.9759361 0.2180568 0 -0.9759361 0.2180568 0 -0.9532022 0.3023335 0 -0.9532022 0.3023335 0 -0.923184 0.3843584 0 -0.923184 0.3843584 0 -0.886151 0.4633967 0 -0.886151 0.4633967 0 -0.8423327 0.538958 0 -0.8423327 0.538958 0 -0.7921152 0.6103716 0 -0.7921152 0.6103716 0 1 0 -0 1 0 0 -0.7359379 0.677049 0 -0.7359379 0.677049 0 -0.6742779 0.7384776 0 -0.6742779 0.7384776 0 -0.6075281 0.7942982 0 -0.6075281 0.7942982 0 -0.5361621 0.8441151 0 -0.5361621 0.8441151 0 -0.4607343 0.8875381 0 -0.4607343 0.8875381 0 -0.3818101 0.9242408 0 -0.3818101 0.9242408 0 -0.3000146 0.9539346 0 -0.3000146 0.9539346 0 -0.2159334 0.9764081 0 -0.2159334 0.9764081 0 -0.130214 0.9914859 0 -0.130214 0.9914859 0 -0.04351368 0.9990528 0 -0.04351368 0.9990528 0 0.04351368 0.9990528 0 0.04351368 0.9990528 -0 0.1302118 0.9914863 0 0.1302118 0.9914863 -0 0.2159334 0.9764081 0 0.2159334 0.9764081 -0 0.3000196 0.953933 0 0.3000196 0.953933 -0 0.381804 0.9242433 0 0.381804 0.9242433 -0 0.4607413 0.8875344 0 0.4607413 0.8875344 -0 0.5361543 0.84412 0 0.5361543 0.84412 -0 0.6075281 0.7942982 0 0.6075281 0.7942982 -0 0.6742865 0.7384699 0 0.6742865 0.7384699 -0 0.7359379 0.677049 0 0.7359379 0.677049 -0 -1 0 0 -1 0 0 0 0 -1 0 0 -1 0 0 -1 0 0 -1 0 0 -1 0 0 -1 0 0 -1 0 0 -1 0 -0 -1 0 -0 -1 0 0 -1 -0 0 -1 -0 0 -1 -0 -0 -1 -0 -0 -1 0 -0 -1 0 0 -1 -0 0 -1 -0 0 -1 0 0 -1 -0 0 -1 0 0 -1 0 0 -1 0 -0 -1 0 -0 -1 0 0 -1 0 0 -1 0 0 -1 0 0 -1 0 0 -1 0 0 -1 0 0 -1 0 0 -1 0 0 -1 0 0 -1 0 0 -1 0 0 -1 0 0 -1 0 -0 -1 0 0 -1 0 0 -1 0 -0 -1 0 0 -1 0 -0 -1 0 0 -1 0 -0 -1 0 0 -1 0 -0 -1 0 0 -1 0 -0 -1 -0 0 -1 0 -0 -1 -0 0 -1 0 -0 -1 -0 0 -1 0 -0 -1 -0 0 -1 0 -0 -1 -0 0 -1 0 -0 -1 -0 0 -1 0 -0 -1 -0 0 -1 0 -0 -1 0 0 -1 -0 0 -1 0 0 -1 -0 0 -1 0 0 -1 0 0 -1 0 0 -1 0 0 -1 0 0 -1 0 -0 -1 0 0 -1 0 -0 -1 -0 0 -1 0 -0 -1 -0 0 -1 0 -0 -1 -0 0 -1 0 -0 -1 -0 0 -1 0 -0 -1 -0 0 -1 0 -0 -1 -0 0 -1 0 -0 -1 -0 0 -1 0 -0 -1 -0 0 -1 0 -0 -1 -0 0 -1 0 -0 -1 -0 0 -1 0 -0 -1 -0 0 -1 0 -0 -1 -0 0 -1 0 -0 -1 -0 0 -1 0 -0 -1 -0 0 -1 0 -0 -1 -0 0 -1 0 -0 -1 -0 0 -1 0 -0 -1 0 0 -1 -0 0 -1 0 0 -1 -0 0 -1 0 0 -1 -0 0 -1 0 0 -1 -0 0 -1 0 0 -1 -0 0 -1 0 0 -1 -0 0 -1 0 0 -1 -0 0 -1 0 0 -1 -0 0 -1 0 0 -1 -0 0 -1 0 0 -1 -0 0 -1 0 0 -1 -0 0 -1 0 0 -1 -0 0 -1 0 0 -1 -0 0 -1 0 0 -1 -0 0 -1 0 0 -1 -0 0 -1 0 0 -1 -0 0 -1 0 0 -1 -0 0 -1 0 0 -1 -0 0 -1 0 0 -1 0.792111 0.610377 0 0.792111 0.610377 -0 0.8423405 0.5389457 0 0.8423405 0.5389457 -0 0.8861404 0.4634168 0 0.8861404 0.4634168 -0 0.923187 0.3843511 0 0.923187 0.3843511 -0 0.9531997 0.3023413 0 0.9531997 0.3023413 -0 0.9759397 0.2180405 0 0.9759397 0.2180405 -0 0.99124 0.1320728 0 0.99124 0.1320728 -0 0.9989825 0.04510011 0 0.9989825 0.04510011 -0 0.9991083 -0.04222235 0 0.9991083 -0.04222235 0 0.991616 -0.1292196 0 0.991616 -0.1292196 0 0.9765649 -0.2152231 0 0.9765649 -0.2152231 0 0.9540652 -0.2995989 0 0.9540652 -0.2995989 0 0.924291 -0.3816884 0 0.924291 -0.3816884 0 0.8874711 -0.4608634 0 0.8874711 -0.4608634 0 0.8438866 -0.5365216 0 0.8438866 -0.5365216 0 0.7938637 -0.6080958 0 0.7938637 -0.6080958 0 0.737794 -0.6750259 0 0.737794 -0.6750259 0 0.6760918 -0.7368173 0 0.6760918 -0.7368173 0 0.6092398 -0.792986 0 0.6092398 -0.792986 0 0.5377313 -0.8431163 0 0.5377313 -0.8431163 0 0.4621413 -0.8868063 0 0.4621413 -0.8868063 0 0.3830121 -0.9237434 0 0.3830121 -0.9237434 0 0.300975 -0.9536321 0 0.300975 -0.9536321 0 0.2166366 -0.9762523 0 0.2166366 -0.9762523 0 0.1306455 -0.9914292 0 0.1306455 -0.9914292 0 0.04365673 -0.9990466 0 0.04365673 -0.9990466 0 -0.04365748 -0.9990466 0 -0.04365748 -0.9990466 0 -0.1306477 -0.9914289 0 -0.1306477 -0.9914289 0 -0.2166312 -0.9762536 0 -0.2166312 -0.9762536 0 -0.300975 -0.9536321 0 -0.300975 -0.9536321 0 -0.3830152 -0.9237421 0 -0.3830152 -0.9237421 0 -0.4621413 -0.8868063 0 -0.4621413 -0.8868063 0 -0.5377352 -0.8431138 0 -0.5377352 -0.8431138 0 -0.6092356 -0.7929893 0 -0.6092356 -0.7929893 0 -0.6760961 -0.7368134 0 -0.6760961 -0.7368134 0 -0.7377855 -0.6750353 0 -0.7377855 -0.6750353 0 -0.7938678 -0.6080904 0 -0.7938678 -0.6080904 0 -0.8438905 -0.5365154 0 -0.8438905 -0.5365154 0 -0.8874676 -0.4608701 0 -0.8874676 -0.4608701 0 -0.924291 -0.3816884 0 -0.924291 -0.3816884 0 -0.9540677 -0.2995912 0 -0.9540677 -0.2995912 0 -0.9765631 -0.2152313 0 -0.9765631 -0.2152313 0 -0.9916149 -0.129228 0 -0.9916149 -0.129228 0 -0.9991086 -0.04221381 0 -0.9991086 -0.04221381 0 -0.9989828 0.04509156 0 -0.9989828 0.04509156 0 -0.99124 0.1320728 0 -0.99124 0.1320728 0 -0.9759361 0.2180568 0 -0.9759361 0.2180568 0 -0.9532022 0.3023335 0 -0.9532022 0.3023335 0 -0.923184 0.3843584 0 -0.923184 0.3843584 0 -0.886144 0.4634101 0 -0.886144 0.4634101 0 -0.8423327 0.538958 0 -0.8423327 0.538958 0 -0.7921234 0.6103609 0 -0.7921234 0.6103609 0 1 0 -0 1 0 0 -0.7359379 0.677049 0 -0.7359379 0.677049 0 -0.6742779 0.7384776 0 -0.6742779 0.7384776 0 -0.6075281 0.7942982 0 -0.6075281 0.7942982 0 -0.5361621 0.8441151 0 -0.5361621 0.8441151 0 -0.4607343 0.8875381 0 -0.4607343 0.8875381 0 -0.3818101 0.9242408 0 -0.3818101 0.9242408 0 -0.3000146 0.9539346 0 -0.3000146 0.9539346 0 -0.2159334 0.9764081 0 -0.2159334 0.9764081 0 -0.130214 0.9914859 0 -0.130214 0.9914859 0 -0.04351368 0.9990528 0 -0.04351368 0.9990528 0 0.04351294 0.9990529 0 0.04351294 0.9990529 -0 0.130214 0.9914859 0 0.130214 0.9914859 -0 0.2159316 0.9764085 0 0.2159316 0.9764085 -0 0.3000171 0.9539338 0 0.3000171 0.9539338 -0 0.3818101 0.9242408 0 0.3818101 0.9242408 -0 0.4607378 0.8875363 0 0.4607378 0.8875363 -0 0.5361581 0.8441175 0 0.5361581 0.8441175 -0 0.6075281 0.7942982 0 0.6075281 0.7942982 -0 0.6742822 0.7384738 0 0.6742822 0.7384738 -0 0.7359379 0.677049 0 0.7359379 0.677049 -0 -1 0 0 -1 0 0 -0 -1 0 0 -1 0 -0 -1 -0 -1 0 -0 -1 0 0 0 0 -1 0 0 -1 0 0 -1 0 -0 -1 0 0 -1 0 0 -1 0 0 -1 0 0 -1 0 0 -1 0 0 -1 -0 0 -1 -0 0 -1 0 0 -1 0 0 -1 0 -0 -1 0 -0 -1 0 -0 -1 0 -0 -1 0 0 -1 0 0 -1 -0 0 -1 -0 0 -1 -0 0 -1 0 -0 -1 -0 0 -1 0 -0 -1 0 -0 -1 0 0 -1 0 0 -1 0 -0 -1 0 -0 -1 0 0 -1 0 0 -1 0 0 -1 -0 0 -1 0 -0 -1 -0 0 -1 -0 0 -1 0 -0 -1 0 -0 -1 -0 0 -1 0 -0 -1 -0 0 -1 0 -0 -1 0 -0 -1 0 0 -1 0 -0 -1 -0 0 -1 0 -0 -1 -0 0 -1 0 -0 -1 0 -0 -1 0 0 -1 -0 0 -1 -0 0 -1 0 0 -1 0 0 -1 0 0 -1 0 -0 -1 0 -0 -1 0 0 -1 0 0 -1 0 0 -1 0 0 -1 0 0 -1 0 0 -1 0 0 -1 -0 0 -1 -0 0 -1 0 0 -1 -0 0 -1 -0 0 -1 0 0 -1 0 0 -1 0 0 -1 0 0 -1 0 0 -1 0 0 -1 0 0 -1 0 0 -1 0 0 -1 0 0 -1 0 0 -1 0 0 -1 0 0 -1 0 0 -1 0 0 -1 0 0 -1 0 0 -1 0 0 -1 0 0 -1 0 0 -1 0 -0 -1 0 -0 -1 -0.9990484 0.04361702 0 -0.9990484 0.04361702 0 -0.9914448 0.1305266 0 -0.9914448 0.1305266 0 -0.9762968 0.2164362 0 -0.9762968 0.2164362 0 -0.9537179 0.3007028 0 -0.9537179 0.3007028 0 -0.9238828 0.3826756 0 -0.9238828 0.3826756 0 -0.8870054 0.4617589 0 -0.8870054 0.4617589 0 -0.8433945 0.5372949 0 -0.8433945 0.5372949 0 -0.7933505 0.6087652 0 -0.7933505 0.6087652 0 -0.7372726 0.6755955 0 -0.7372726 0.6755955 0 -0.6756014 0.7372671 0 -0.6756014 0.7372671 0 -0.6087477 0.7933638 0 -0.6087477 0.7933638 0 -0.5372998 0.8433913 0 -0.5372998 0.8433913 0 -0.4617716 0.8869989 0 -0.4617716 0.8869989 0 -0.3826794 0.9238812 0 -0.3826794 0.9238812 0 -0.3006699 0.9537283 0 -0.3006699 0.9537283 0 -0.2164698 0.9762893 0 -0.2164698 0.9762893 0 -0.1305252 0.991445 0 -0.1305252 0.991445 0 -0.04361797 0.9990483 0 -0.04361797 0.9990483 0 0.9960855 0.0883952 0 0.9997561 0.0220845 0 0.9999996 0 -0.0007932836 0.9997561 -0.02208361 0 0.9960852 -0.08839873 0 0.9960852 -0.08839873 0 0.9843771 -0.1760733 0 0.9843771 -0.1760733 0 0.9649659 -0.2623751 0 0.9649659 -0.2623751 0 0.9380009 -0.3466328 0 0.9380009 -0.3466328 0 0.9036903 -0.4281866 0 0.9036903 -0.4281866 0 0.8623167 -0.5063694 0 0.8623167 -0.5063694 0 0.8141886 -0.5806005 0 0.8141886 -0.5806005 0 0.7596881 -0.6502876 0 0.7596881 -0.6502876 0 0.6992477 -0.7148795 0 0.6992477 -0.7148795 0 0.6333123 -0.7738964 0 0.6333123 -0.7738964 0 0.5624475 -0.8268329 0 0.5624475 -0.8268329 0 0.4871624 -0.8733113 0 0.4871624 -0.8733113 0 0.4080881 -0.9129426 0 0.4080881 -0.9129426 0 0.3258139 -0.9454339 0 0.3258139 -0.9454339 0 0.2409495 -0.9705375 0 0.2409495 -0.9705375 0 0.154267 -0.9880292 0 0.154267 -0.9880292 0 0.06632807 -0.9977978 0 0.06632807 -0.9977978 0 -0.0221296 -0.9997551 0 -0.0221296 -0.9997551 0 -0.1104072 -0.9938864 0 -0.1104072 -0.9938864 0 -0.1977988 -0.9802427 0 -0.1977988 -0.9802427 0 -0.2836636 -0.9589238 0 -0.2836636 -0.9589238 0 -0.3673081 -0.9300994 0 -0.3673081 -0.9300994 0 -0.4480503 -0.8940083 0 -0.4480503 -0.8940083 0 -0.5253271 -0.8509004 0 -0.5253271 -0.8509004 0 -0.5984765 -0.8011404 0 -0.5984765 -0.8011404 0 -0.6669359 -0.745115 0 -0.6669359 -0.745115 0 -0.730175 -0.6832602 0 -0.730175 -0.6832602 0 -0.7877126 -0.616043 0 -0.7877126 -0.616043 0 -0.8390759 -0.5440143 0 -0.8390759 -0.5440143 0 -0.8838642 -0.4677435 0 -0.8838642 -0.4677435 0 -0.9217489 -0.3877872 0 -0.9217489 -0.3877872 0 -0.9524132 -0.30481 0 -0.9524132 -0.30481 0 -0.9756286 -0.2194284 0 -0.9756286 -0.2194284 0 -0.9911994 -0.1323772 0 -0.9911994 -0.1323772 0 -0.9990219 -0.04421857 0 -0.9990219 -0.04421857 0 -0.9990219 0.04421857 0 -0.9990219 0.04421857 0 -0.9911994 0.1323772 0 -0.9911994 0.1323772 0 -0.9756286 0.2194284 0 -0.9756286 0.2194284 0 -0.952415 0.3048042 0 -0.952415 0.3048042 0 -0.9217489 0.3877872 0 -0.9217489 0.3877872 0 -0.8838642 0.4677435 0 -0.8838642 0.4677435 0 -0.8390641 0.5440327 0 -0.8390641 0.5440327 0 -0.7877278 0.6160235 0 -0.7877278 0.6160235 0 -0.7301656 0.6832703 0 -0.7301656 0.6832703 0 -0.6669472 0.745105 0 -0.6669472 0.745105 0 -0.5984635 0.8011501 0 -0.5984635 0.8011501 0 -0.5253271 0.8509004 0 -0.5253271 0.8509004 0 -0.4480825 0.8939922 0 -0.4480825 0.8939922 0 -0.3672906 0.9301062 0 -0.3672906 0.9301062 0 -0.2836636 0.9589238 0 -0.2836636 0.9589238 0 -0.1977988 0.9802427 0 -0.1977988 0.9802427 0 -0.1103874 0.9938886 0 -0.1103874 0.9938886 0 -0.0221296 0.9997551 0 -0.0221296 0.9997551 0 0.06632807 0.9977978 0 0.06632807 0.9977978 -0 0.1542474 0.9880323 0 0.1542474 0.9880323 -0 0.2409685 0.970533 0 0.2409685 0.970533 -0 0.325796 0.9454401 0 0.325796 0.9454401 -0 0.4080881 0.9129426 0 0.4080881 0.9129426 -0 0.4871778 0.8733028 0 0.4871778 0.8733028 -0 0.5624475 0.8268329 0 0.5624475 0.8268329 -0 0.6333123 0.7738964 0 0.6333123 0.7738964 -0 0.6992477 0.7148795 0 0.6992477 0.7148795 -0 0.7596966 0.6502776 0 0.7596966 0.6502776 -0 0.8141817 0.58061 0 0.8141817 0.58061 -0 0.8623167 0.5063694 0 0.8623167 0.5063694 -0 0.9036903 0.4281866 0 0.9036903 0.4281866 -0 0.9380009 0.3466328 0 0.9380009 0.3466328 -0 0.9649646 0.2623802 0 0.9649646 0.2623802 -0 0.9843771 0.1760733 0 0.9843771 0.1760733 -0 0.9960855 0.0883952 0 -1 0 0 -1 0 0 -0 1 0 0 1 0 -0 1 0 0 0 -1 -0 0 -1 -0 0 -1 0 0 -1 0 -0 -1 0 0 -1 0 0 -1 0 0 -1 0 -0 -1 0 -0 -1 0 0 -1 0 0 -1 0 0 -1 -0 0 -1 0 0 -1 -0 0 -1 0 0 -1 0 0 -1 0 0 -1 0 0 -1 0 0 -1 0 0 -1 0 0 -1 0 0 -1 0 0 -1 0 0 -1 -0 -0 -1 -0 0 -1 0 0 -1 -0 0 -1 -0 0 -1 0 0 -1 0 0 -1 0 0 -1 0 0 -1 0 -0 -1 0 -0 -1 0 0 -1 0 0 -1 0 -0 -1 0 0 -1 0 0 -1 0 0 -1 0 0 -1 0 0 -1 0 0 -1 0 0 -1 0 0 -1 0 0 -1 0 0 -1 0 0 -1 0 0 -1 0 0 -1 0 0 -1 0 0 -1 0 0 -1 0 0 -1 0 0 -1 -0 0 -1 -0 0 -1 0 0 -1 -0 0 -1 -0 0 -1 0 0 -1 0 -0 -1 0 -0 -1 0 0 -1 0 0 -1 0 0 -1 0 0 -1 0 0 -1 0 0 -1 0 0 -1 0 0 -1 0 0 -1 0 0 -1 -0 0 -1 -0 0 -1 0 0 -1 0 0 -1 0 0 -1 0 0 -1 0 0 -1 0 0 -1 0 0 -1 0 0 -1 0 0 -1 0 -0 -1 0 -0 -1 0 0 -1 0 0 -1 0 0 -1 0 0 -1 0 0 -1 -0.9990484 -0.04361773 0 -0.9990484 -0.04361773 -0 -0.991445 -0.1305252 0 -0.991445 -0.1305252 -0 -0.9762962 -0.2164385 0 -0.9762962 -0.2164385 -0 -0.9537184 -0.3007013 0 -0.9537184 -0.3007013 -0 -0.923882 -0.3826775 0 -0.923882 -0.3826775 -0 -0.8870066 -0.4617566 0 -0.8870066 -0.4617566 -0 -0.8433928 -0.5372974 0 -0.8433928 -0.5372974 -0 -0.7933545 -0.6087599 0 -0.7933545 -0.6087599 -0 -0.7372776 -0.67559 0 -0.7372776 -0.67559 -0 -0.6755865 -0.7372807 0 -0.6755865 -0.7372807 -0 -0.6087581 -0.7933559 0 -0.6087581 -0.7933559 -0 -0.5373037 -0.8433889 0 -0.5373037 -0.8433889 -0 -0.4617501 -0.88701 0 -0.4617501 -0.88701 -0 -0.3826888 -0.9238773 0 -0.3826888 -0.9238773 -0 -0.3006997 -0.9537189 0 -0.3006997 -0.9537189 -0 -0.2164385 -0.9762962 0 -0.2164385 -0.9762962 -0 -0.1305252 -0.991445 0 -0.1305252 -0.991445 -0 -0.04361797 -0.9990483 0 -0.04361797 -0.9990483 -0 0.9960852 0.08839873 0 0.9997561 0.02208406 0 0.9999996 0 -0.0007932836 0.9997561 -0.02208406 0 0.9960853 -0.08839697 0 0.9960853 -0.08839697 0 0.9843771 -0.1760733 0 0.9843771 -0.1760733 0 0.9649659 -0.2623751 0 0.9649659 -0.2623751 0 0.9380009 -0.3466328 0 0.9380009 -0.3466328 0 0.9036885 -0.4281906 0 0.9036885 -0.4281906 0 0.8623167 -0.5063694 0 0.8623167 -0.5063694 0 0.8141853 -0.5806053 0 0.8141853 -0.5806053 0 0.7596923 -0.6502826 0 0.7596923 -0.6502826 0 0.6992425 -0.7148846 0 0.6992425 -0.7148846 0 0.6333243 -0.7738864 0 0.6333243 -0.7738864 0 0.5624407 -0.8268376 0 0.5624407 -0.8268376 0 0.4871778 -0.8733028 0 0.4871778 -0.8733028 0 0.4080797 -0.9129463 0 0.4080797 -0.9129463 0 0.325805 -0.945437 0 0.325805 -0.945437 0 0.2409685 -0.970533 0 0.2409685 -0.970533 0 0.1542474 -0.9880323 0 0.1542474 -0.9880323 0 0.06632807 -0.9977978 0 0.06632807 -0.9977978 0 -0.02211955 -0.9997553 0 -0.02211955 -0.9997553 0 -0.1103973 -0.9938875 0 -0.1103973 -0.9938875 0 -0.1977988 -0.9802427 0 -0.1977988 -0.9802427 0 -0.2836636 -0.9589238 0 -0.2836636 -0.9589238 0 -0.3672994 -0.9301028 0 -0.3672994 -0.9301028 0 -0.4480744 -0.8939962 0 -0.4480744 -0.8939962 0 -0.5253344 -0.8508959 0 -0.5253344 -0.8508959 0 -0.5984635 -0.8011501 0 -0.5984635 -0.8011501 0 -0.6669359 -0.745115 0 -0.6669359 -0.745115 0 -0.730175 -0.6832602 0 -0.730175 -0.6832602 0 -0.7877203 -0.6160332 0 -0.7877203 -0.6160332 0 -0.839067 -0.5440281 0 -0.839067 -0.5440281 0 -0.8838664 -0.4677393 0 -0.8838664 -0.4677393 0 -0.9217474 -0.3877907 0 -0.9217474 -0.3877907 0 -0.9524132 -0.30481 0 -0.9524132 -0.30481 0 -0.975629 -0.2194262 0 -0.975629 -0.2194262 0 -0.9911997 -0.1323745 0 -0.9911997 -0.1323745 0 -0.9990218 -0.04421902 0 -0.9990218 -0.04421902 0 -0.9990218 0.04421902 0 -0.9990218 0.04421902 0 -0.9911994 0.1323772 0 -0.9911994 0.1323772 0 -0.9756296 0.2194241 0 -0.9756296 0.2194241 0 -0.9524132 0.30481 0 -0.9524132 0.30481 0 -0.9217474 0.3877907 0 -0.9217474 0.3877907 0 -0.8838664 0.4677393 0 -0.8838664 0.4677393 0 -0.83907 0.5440235 0 -0.83907 0.5440235 0 -0.7877164 0.6160381 0 -0.7877164 0.6160381 0 -0.730175 0.6832602 0 -0.730175 0.6832602 0 -0.6669359 0.745115 0 -0.6669359 0.745115 0 -0.59847 0.8011452 0 -0.59847 0.8011452 0 -0.5253344 0.8508959 0 -0.5253344 0.8508959 0 -0.4480664 0.8940003 0 -0.4480664 0.8940003 0 -0.3672994 0.9301028 0 -0.3672994 0.9301028 0 -0.2836636 0.9589238 0 -0.2836636 0.9589238 0 -0.1977988 0.9802427 0 -0.1977988 0.9802427 0 -0.1103874 0.9938886 0 -0.1103874 0.9938886 0 -0.0221296 0.9997551 0 -0.0221296 0.9997551 0 0.06631806 0.9977986 0 0.06631806 0.9977986 -0 0.1542572 0.9880307 0 0.1542572 0.9880307 -0 0.240959 0.9705353 0 0.240959 0.9705353 -0 0.3258139 0.9454339 0 0.3258139 0.9454339 -0 0.4080797 0.9129463 0 0.4080797 0.9129463 -0 0.4871778 0.8733028 0 0.4871778 0.8733028 -0 0.5624407 0.8268376 0 0.5624407 0.8268376 -0 0.6333183 0.7738914 0 0.6333183 0.7738914 -0 0.6992477 0.7148795 0 0.6992477 0.7148795 -0 0.7596881 0.6502876 0 0.7596881 0.6502876 -0 0.8141853 0.5806053 0 0.8141853 0.5806053 -0 0.8623193 0.506365 0 0.8623193 0.506365 -0 0.9036903 0.4281866 0 0.9036903 0.4281866 -0 0.9380009 0.3466328 0 0.9380009 0.3466328 -0 0.9649646 0.2623802 0 0.9649646 0.2623802 -0 0.9843776 0.1760698 0 0.9843776 0.1760698 -0 0.9960852 0.08839873 0 1 0 -0 1 0 0 -0 -1 0 0 -1 0 -0 -1 -0 0 0 -1 0 -0 -1 0 0 -1 -0 -0 -1 -0 0 -1 0 -0 -1 0 0 -1 0 -0 -1 0 0 -1 0 0 -1 -0 0 -1 -0 0 -1 0 0 -1 0 -0 -1 0 -0 -1 0 -0 -1 0 0 -1 0 0 -1 0 0 -1 0 0 -1 -0 0 -1 -0 0 -1 0 0 -1 0 0 -1 0 0 -1 0 -0 -1 0 -0 -1 0 0 -1 0 0 -1 0 0 -1 0 0 -1 0 0 -1 0 0 -1 0 0 -1 0 0 -1 0 0 -1 0 0 -1 -0 0 -1 -0 0 -1 0 0 -1 0 -0 -1 0 -0 -1 0 0 -1 -0 0 -1 0 0 -1 0 -0 -1 0 0 -1 0 -0 -1 0 0 -1 0 0 -1 0 0 -1 0 0 -1 0 0 -1 -0 0 -1 -0 0 -1 0 0 -1 0 0 -1 0 -0 -1 0 -0 -1 0 0 -1 0 -0 -1 0 -0 -1 0 0 -1 0 0 -1 0 -0 -1 0 0 -1 0 -0 -1 0 -0 -1 0 0 -1 0 0 -1 -0 0 -1 0 0 -1 -0 0 -1 0 0 -1 -0 0 -1 -0 0 -1 0 0 -1 0 0 -1 0 0 -1 0 0 -1 0 -0 -1 0 -0 -1 0 0 -1 -0 0 -1 0 0 -1 -0 0 -1 0 0 -1 -0 0 -1 -0 0 -1 0 -0 -1 0 0 -1 0 -0 -1 0 0 -1 0 0 -1 0.9990474 0.04363884 0 0.9990474 0.04363884 0 0.9914476 0.1305051 0 0.9914476 0.1305051 0 0.9763036 0.2164049 0 0.9763036 0.2164049 0 0.9537147 0.3007128 0 0.9537147 0.3007128 0 0.923875 0.3826942 0 0.923875 0.3826942 0 0.8869965 0.461776 0 0.8869965 0.461776 0 0.8434044 0.5372794 0 0.8434044 0.5372794 0 0.7933452 0.608772 0 0.7933452 0.608772 0 0.7372671 0.6756014 0 0.7372671 0.6756014 0 0.6756177 0.7372521 0 0.6756177 0.7372521 0 0.6087477 0.7933638 0 0.6087477 0.7933638 0 0.5372899 0.8433976 0 0.5372899 0.8433976 0 0.461776 0.8869965 0 0.461776 0.8869965 0 0.3826756 0.9238828 0 0.3826756 0.9238828 0 0.300673 0.9537273 0 0.300673 0.9537273 0 0.2164698 0.9762893 0 0.2164698 0.9762893 0 0.1305252 0.991445 0 0.1305252 0.991445 0 0.04361845 0.9990483 0 0.04361845 0.9990483 0 -0.9990219 -0.04421857 0 -0.9990219 -0.04421857 -0 -0.9912047 -0.1323377 0 -0.9912047 -0.1323377 -0 -0.9756157 -0.2194859 0 -0.9756157 -0.2194859 -0 -0.9524191 -0.3047918 0 -0.9524191 -0.3047918 -0 -0.9217489 -0.3877872 0 -0.9217489 -0.3877872 -0 -0.8838809 -0.4677121 0 -0.8838809 -0.4677121 -0 -0.8390759 -0.5440143 0 -0.8390759 -0.5440143 -0 -0.7876832 -0.6160804 0 -0.7876832 -0.6160804 -0 -0.7301849 -0.6832495 0 -0.7301849 -0.6832495 -0 -0.666926 -0.7451239 0 -0.666926 -0.7451239 -0 -0.5984861 -0.8011332 0 -0.5984861 -0.8011332 -0 -0.5253181 -0.8509059 0 -0.5253181 -0.8509059 -0 -0.4480503 -0.8940083 0 -0.4480503 -0.8940083 -0 -0.3673149 -0.9300966 0 -0.3673149 -0.9300966 -0 -0.2836581 -0.9589254 0 -0.2836581 -0.9589254 -0 -0.1978105 -0.9802403 0 -0.1978105 -0.9802403 -0 -0.1104006 -0.9938871 0 -0.1104006 -0.9938871 -0 -0.02213094 -0.9997551 0 -0.02213094 -0.9997551 -0 0.06632807 -0.9977978 0 0.06632807 -0.9977978 0 0.1542578 -0.9880307 0 0.1542578 -0.9880307 0 0.2409543 -0.9705365 0 0.2409543 -0.9705365 0 0.3258016 -0.9454382 0 0.3258016 -0.9454382 0 0.4081031 -0.9129358 0 0.4081031 -0.9129358 0 0.4871539 -0.8733162 0 0.4871539 -0.8733162 0 0.5624663 -0.8268202 0 0.5624663 -0.8268202 0 0.6332926 -0.7739124 0 0.6332926 -0.7739124 0 0.6992477 -0.7148795 0 0.6992477 -0.7148795 0 0.7596881 -0.6502876 0 0.7596881 -0.6502876 0 0.8141886 -0.5806005 0 0.8141886 -0.5806005 0 0.8623167 -0.5063694 0 0.8623167 -0.5063694 0 0.9037058 -0.4281538 0 0.9037058 -0.4281538 0 0.9379878 -0.3466682 0 0.9379878 -0.3466682 0 0.9649659 -0.2623751 0 0.9649659 -0.2623751 0 0.984384 -0.1760343 0 0.984384 -0.1760343 0 0.9960852 -0.08839873 0 0.9960852 -0.08839873 0 0.9997553 -0.02212382 0 0.9997553 -0.02212382 0 0.9997553 0.02212471 0 0.9997553 0.02212471 0 0.9960855 0.0883952 0 0.9960855 0.0883952 0 0.984384 0.1760343 0 0.984384 0.1760343 0 0.9649646 0.2623802 0 0.9649646 0.2623802 0 0.9379878 0.3466682 0 0.9379878 0.3466682 0 0.9037058 0.4281538 0 0.9037058 0.4281538 0 0.8623167 0.5063694 0 0.8623167 0.5063694 0 0.8141817 0.58061 0 0.8141817 0.58061 0 0.7596966 0.6502776 0 0.7596966 0.6502776 0 0.6992477 0.7148795 0 0.6992477 0.7148795 0 0.6332926 0.7739124 0 0.6332926 0.7739124 0 0.5624663 0.8268202 0 0.5624663 0.8268202 0 0.4871692 0.8733075 0 0.4871692 0.8733075 0 0.4081031 0.9129358 0 0.4081031 0.9129358 0 0.3257836 0.9454443 0 0.3257836 0.9454443 0 0.2409732 0.9705318 0 0.2409732 0.9705318 0 0.1542382 0.9880337 0 0.1542382 0.9880337 0 0.06632807 0.9977978 0 0.06632807 0.9977978 0 -0.02213094 0.9997551 0 -0.02213094 0.9997551 0 -0.1103807 0.9938894 0 -0.1103807 0.9938894 0 -0.1978105 0.9802403 0 -0.1978105 0.9802403 0 -0.2836581 0.9589254 0 -0.2836581 0.9589254 0 -0.3672975 0.9301035 0 -0.3672975 0.9301035 0 -0.4480825 0.8939922 0 -0.4480825 0.8939922 0 -0.5253181 0.8509059 0 -0.5253181 0.8509059 0 -0.5984732 0.8011429 0 -0.5984732 0.8011429 0 -0.6669372 0.745114 0 -0.6669372 0.745114 0 -0.7301756 0.6832595 0 -0.7301756 0.6832595 0 -0.7876984 0.6160609 0 -0.7876984 0.6160609 0 -0.8390641 0.5440327 0 -0.8390641 0.5440327 0 -0.8838809 0.4677121 0 -0.8838809 0.4677121 0 -0.9217489 0.3877872 0 -0.9217489 0.3877872 0 -0.9524208 0.3047859 0 -0.9524208 0.3047859 0 -0.9756157 0.2194859 0 -0.9756157 0.2194859 0 -0.9912047 0.1323377 0 -0.9912047 0.1323377 0 -0.9990219 0.04421857 0 -0.9990219 0.04421857 0 -0 1 0 0 1 0 -0 1 0 1 0 0 1 0 0 0 0 -1 -0 0 -1 -0 0 -1 0 0 -1 -0 0 -1 -0 0 -1 0 0 -1 0 0 -1 0 0 -1 0 0 -1 -0 0 -1 -0 0 -1 -0 0 -1 0 -0 -1 -0 0 -1 0 -0 -1 0 -0 -1 0 0 -1 0 0 -1 0 0 -1 0 0 -1 -0 0 -1 -0 0 -1 0 0 -1 0 0 -1 0 0 -1 0 0 -1 0 0 -1 0 0 -1 0 0 -1 0 -0 -1 0 0 -1 0 0 -1 0 0 -1 0 0 -1 0 0 -1 0 0 -1 0 0 -1 0 0 -1 0 0 -1 0 0 -1 0 0 -1 0 0 -1 0 -0 -1 0 0 -1 0 0 -1 0 0 -1 0 0 -1 0 0 -1 0 0 -1 0 0 -1 0 0 -1 0 0 -1 0 0 -1 0 0 -1 0 0 -1 -0 0 -1 -0 0 -1 0 0 -1 -0 0 -1 0 0 -1 -0 -0 -1 -0 -0 -1 0 0 -1 -0 -0 -1 0 -0 -1 0 0 -1 0 0 -1 0 0 -1 0 0 -1 0 0 -1 0 0 -1 0 0 -1 0 0 -1 0 0 -1 0 0 -1 0 0 -1 0 0 -1 0 0 -1 0 0 -1 0 0 -1 0 0 -1 0 0 -1 0 0 -1 0 0 -1 0 0 -1 0 0 -1 0 0 -1 0 0 -1 0 0 -1 0 0 -1 0 0 -1 0 0 -1 0 0 -1 0.9990473 -0.04363956 0 0.9990473 -0.04363956 0 0.9914478 -0.1305037 0 0.9914478 -0.1305037 0 0.9763032 -0.2164072 0 0.9763032 -0.2164072 0 0.9537152 -0.3007112 0 0.9537152 -0.3007112 0 0.9238743 -0.3826962 0 0.9238743 -0.3826962 0 0.8869977 -0.4617738 0 0.8869977 -0.4617738 0 0.8434028 -0.5372818 0 0.8434028 -0.5372818 0 0.7933493 -0.6087668 0 0.7933493 -0.6087668 0 0.7372721 -0.6755959 0 0.7372721 -0.6755959 0 0.6756029 -0.7372658 0 0.6756029 -0.7372658 0 0.6087581 -0.7933559 0 0.6087581 -0.7933559 0 0.5372938 -0.8433951 0 0.5372938 -0.8433951 0 0.4617545 -0.8870077 0 0.4617545 -0.8870077 0 0.3826849 -0.9238789 0 0.3826849 -0.9238789 0 0.3007028 -0.9537179 0 0.3007028 -0.9537179 0 0.2164385 -0.9762962 0 0.2164385 -0.9762962 0 0.1305252 -0.991445 0 0.1305252 -0.991445 0 0.04361845 -0.9990483 0 0.04361845 -0.9990483 0 -0.9990218 -0.04421902 0 -0.9990218 -0.04421902 -0 -0.991205 -0.132335 0 -0.991205 -0.132335 -0 -0.9756162 -0.2194837 0 -0.9756162 -0.2194837 -0 -0.9524191 -0.3047918 0 -0.9524191 -0.3047918 -0 -0.9217474 -0.3877907 0 -0.9217474 -0.3877907 -0 -0.8838831 -0.467708 0 -0.8838831 -0.467708 -0 -0.839067 -0.5440281 0 -0.839067 -0.5440281 -0 -0.7876909 -0.6160706 0 -0.7876909 -0.6160706 -0 -0.7301849 -0.6832495 0 -0.7301849 -0.6832495 -0 -0.666926 -0.7451239 0 -0.666926 -0.7451239 -0 -0.5984732 -0.8011429 0 -0.5984732 -0.8011429 -0 -0.5253254 -0.8509014 0 -0.5253254 -0.8509014 -0 -0.4480744 -0.8939962 0 -0.4480744 -0.8939962 -0 -0.3673062 -0.9301001 0 -0.3673062 -0.9301001 -0 -0.2836581 -0.9589254 0 -0.2836581 -0.9589254 -0 -0.1978105 -0.9802403 0 -0.1978105 -0.9802403 -0 -0.1103907 -0.9938883 0 -0.1103907 -0.9938883 -0 -0.02212089 -0.9997553 0 -0.02212089 -0.9997553 -0 0.06632807 -0.9977978 0 0.06632807 -0.9977978 0 0.1542382 -0.9880337 0 0.1542382 -0.9880337 0 0.2409732 -0.9705318 0 0.2409732 -0.9705318 0 0.3257926 -0.9454412 0 0.3257926 -0.9454412 0 0.4080947 -0.9129396 0 0.4080947 -0.9129396 0 0.4871692 -0.8733075 0 0.4871692 -0.8733075 0 0.5624594 -0.826825 0 0.5624594 -0.826825 0 0.6333046 -0.7739026 0 0.6333046 -0.7739026 0 0.6992425 -0.7148846 0 0.6992425 -0.7148846 0 0.7596923 -0.6502826 0 0.7596923 -0.6502826 0 0.8141853 -0.5806053 0 0.8141853 -0.5806053 0 0.8623167 -0.5063694 0 0.8623167 -0.5063694 0 0.9037041 -0.4281577 0 0.9037041 -0.4281577 0 0.9379878 -0.3466682 0 0.9379878 -0.3466682 0 0.9649659 -0.2623751 0 0.9649659 -0.2623751 0 0.984384 -0.1760343 0 0.984384 -0.1760343 0 0.9960853 -0.08839697 0 0.9960853 -0.08839697 0 0.9997551 -0.02212426 0 0.9997551 -0.02212426 0 0.9997551 0.02212426 0 0.9997551 0.02212426 0 0.9960852 0.08839873 0 0.9960852 0.08839873 0 0.9843847 0.1760308 0 0.9843847 0.1760308 0 0.9649646 0.2623802 0 0.9649646 0.2623802 0 0.9379878 0.3466682 0 0.9379878 0.3466682 0 0.9037058 0.4281538 0 0.9037058 0.4281538 0 0.8623193 0.506365 0 0.8623193 0.506365 0 0.8141853 0.5806053 0 0.8141853 0.5806053 0 0.7596881 0.6502876 0 0.7596881 0.6502876 0 0.6992477 0.7148795 0 0.6992477 0.7148795 0 0.6332986 0.7739076 0 0.6332986 0.7739076 0 0.5624594 0.826825 0 0.5624594 0.826825 0 0.4871692 0.8733075 0 0.4871692 0.8733075 0 0.4080947 0.9129396 0 0.4080947 0.9129396 0 0.3258016 0.9454382 0 0.3258016 0.9454382 0 0.2409637 0.9705341 0 0.2409637 0.9705341 0 0.154248 0.9880322 0 0.154248 0.9880322 0 0.06631806 0.9977986 0 0.06631806 0.9977986 0 -0.02213094 0.9997551 0 -0.02213094 0.9997551 0 -0.1103807 0.9938894 0 -0.1103807 0.9938894 0 -0.1978105 0.9802403 0 -0.1978105 0.9802403 0 -0.2836581 0.9589254 0 -0.2836581 0.9589254 0 -0.3673062 0.9301001 0 -0.3673062 0.9301001 0 -0.4480664 0.8940003 0 -0.4480664 0.8940003 0 -0.5253254 0.8509014 0 -0.5253254 0.8509014 0 -0.5984796 0.801138 0 -0.5984796 0.801138 0 -0.666926 0.7451239 0 -0.666926 0.7451239 0 -0.7301849 0.6832495 0 -0.7301849 0.6832495 0 -0.7876871 0.6160756 0 -0.7876871 0.6160756 0 -0.83907 0.5440235 0 -0.83907 0.5440235 0 -0.8838831 0.467708 0 -0.8838831 0.467708 0 -0.9217474 0.3877907 0 -0.9217474 0.3877907 0 -0.9524191 0.3047918 0 -0.9524191 0.3047918 0 -0.9756167 0.2194816 0 -0.9756167 0.2194816 0 -0.9912047 0.1323377 0 -0.9912047 0.1323377 0 -0.9990218 0.04421902 0 -0.9990218 0.04421902 0 0 0 -1 0 0 -1 0 0 -1 0 0 -1 0 0 -1 0 0 -1 0 -0 -1 0 -0 -1 0 0 -1 0 0 -1 0 0 -1 0 0 -1 0 0 -1 0 -0 -1 0 -0 -1 0 0 -1 -0 0 -1 -0 0 -1 0 0 -1 0 0 -1 0 -0 -1 0 -0 -1 0 0 -1 -0 0 -1 0 0 -1 -0 0 -1 0 0 -1 -0 0 -1 0 0 -1 0 0 -1 0 0 -1 0 0 -1 0 0 -1 0 0 -1 0 0 -1 0 0 -1 0 0 -1 0 0 -1 0 0 -1 0 0 -1 0 0 -1 0 0 -1 0 -0 -1 0 0 -1 0 -0 -1 0 -0 -1 0 0 -1 -0 0 -1 -0 0 -1 0 0 -1 0 0 -1 0 0 -1 0 0 -1 0 0 -1 0 0 -1 0 0 -1 0 0 -1 0 0 -1 0 0 -1 0 0 -1 0 0 -1 0 0 -1 0 0 -1 0 0 -1 0 0 -1 0 0 -1 -0 0 -1 0 0 -1 -0 0 -1 0 0 -1 -0 0 -1 0 0 -1 -0 0 -1 0 0 -1 -0 0 -1 0 0 -1 -0 0 -1 0 0 -1 -0 0 -1 0 0 -1 -0 0 -1 0 0 -1 -0 0 -1 0 0 -1 -0 0 -1 0 -0 -1 -0 0 -1 0 -0 -1 -0 0 -1 0 -0 -1 -0 0 -1 0 -0 -1 -0 0 -1 0 -0 -1 -0 0 -1 0 -0 -1 -0 0 -1 0 0 -1 -0 0 -1 0 0 -1 -0 0 -1 0 0 -1 -0 0 -1 0 0 -1 -0 0 -1 0 0 -1 -0 0 -1 0 0 -1 0 0 -1 -0 0 -1 0 0 -1 -0 0 -1 -0 0 -1 0 -0 -1 -0 0 -1 0 -0 -1 -0 0 -1 0 -0 -1 0 -0 -1 0 0 -1 -0 0 -1 0 0 -1 -0 0 -1 0 0 -1 -0 0 -1 0 0 -1 -0 0 -1 0 0 -1 -0 0 -1 0 0 -1 0 0 -1 0 0 -1 0 0 -1 0 0 -1 0 0 -1 0 0 -1 0 0 -1 0 0 -1 0 0 -1 0 0 -1 0 0 -1 0 0 -1 0 0 -1 0 0 -1 0 0 -1 -0.7921126 -0.610375 0 -0.7921126 -0.610375 0 -0.8423366 -0.5389518 0 -0.8423366 -0.5389518 0 -0.886143 -0.4634118 0 -0.886143 -0.4634118 0 -0.9231864 -0.3843526 0 -0.9231864 -0.3843526 0 -0.9532002 -0.3023401 0 -0.9532002 -0.3023401 0 -0.9759401 -0.2180386 0 -0.9759401 -0.2180386 0 -0.9912398 -0.1320739 0 -0.9912398 -0.1320739 0 -0.9989825 -0.04510031 0 -0.9989825 -0.04510031 0 -0.9991083 0.04222235 0 -0.9991083 0.04222235 0 -0.9916161 0.1292191 0 -0.9916161 0.1292191 0 -0.9765651 0.2152223 0 -0.9765651 0.2152223 0 -0.9540652 0.2995989 0 -0.9540652 0.2995989 0 -0.924291 0.3816884 0 -0.924291 0.3816884 0 -0.8874711 0.4608634 0 -0.8874711 0.4608634 0 -0.8438854 0.5365235 0 -0.8438854 0.5365235 0 -0.793862 0.6080979 0 -0.793862 0.6080979 0 -0.7377959 0.6750238 0 -0.7377959 0.6750238 0 -0.6760966 0.7368131 0 -0.6760966 0.7368131 0 -0.6092275 0.7929955 0 -0.6092275 0.7929955 0 -0.5377382 0.8431118 0 -0.5377382 0.8431118 0 -0.462138 0.886808 0 -0.462138 0.886808 0 -0.3830157 0.9237418 0 -0.3830157 0.9237418 0 -0.3009764 0.9536316 0 -0.3009764 0.9536316 0 -0.2166302 0.9762537 0 -0.2166302 0.9762537 0 -0.1306497 0.9914286 0 -0.1306497 0.9914286 0 -0.04366101 0.9990464 0 -0.04366101 0.9990464 0 0.04366175 0.9990463 0 0.04366175 0.9990463 -0 0.1306497 0.9914286 0 0.1306497 0.9914286 -0 0.2166266 0.9762546 0 0.2166266 0.9762546 -0 0.3009789 0.9536309 0 0.3009789 0.9536309 -0 0.3830188 0.9237406 0 0.3830188 0.9237406 -0 0.4621415 0.8868062 0 0.4621415 0.8868062 -0 0.5377344 0.8431144 0 0.5377344 0.8431144 -0 0.6092317 0.7929923 0 0.6092317 0.7929923 -0 0.6760923 0.736817 0 0.6760923 0.736817 -0 0.7377917 0.6750284 0 0.7377917 0.6750284 -0 0.7938662 0.6080925 0 0.7938662 0.6080925 -0 0.8438835 0.5365265 0 0.8438835 0.5365265 -0 0.8874711 0.4608634 0 0.8874711 0.4608634 -0 0.9242926 0.3816848 0 0.9242926 0.3816848 -0 0.9540665 0.2995951 0 0.9540665 0.2995951 -0 0.9765624 0.2152345 0 0.9765624 0.2152345 -0 0.9916171 0.1292106 0 0.9916171 0.1292106 -0 0.9991078 0.0422309 0 0.9991078 0.0422309 -0 0.9989821 -0.04510885 0 0.9989821 -0.04510885 0 0.9912398 -0.1320739 0 0.9912398 -0.1320739 0 0.9759411 -0.2180346 0 0.9759411 -0.2180346 0 0.9531976 -0.3023479 0 0.9531976 -0.3023479 0 0.9231894 -0.3843453 0 0.9231894 -0.3843453 0 0.8861413 -0.4634152 0 0.8861413 -0.4634152 0 0.8423366 -0.5389518 0 0.8423366 -0.5389518 0 0.7921126 -0.610375 0 0.7921126 -0.610375 0 -1 0 0 -1 0 0 0.7359421 -0.6770444 0 0.7359421 -0.6770444 0 0.6742822 -0.7384738 0 0.6742822 -0.7384738 0 0.6075267 -0.7942992 0 0.6075267 -0.7942992 0 0.536149 -0.8441234 0 0.536149 -0.8441234 0 0.4607446 -0.8875327 0 0.4607446 -0.8875327 0 0.3818168 -0.924238 0 0.3818168 -0.924238 0 0.3000107 -0.9539359 0 0.3000107 -0.9539359 0 0.2159339 -0.9764079 0 0.2159339 -0.9764079 0 0.1302066 -0.9914869 0 0.1302066 -0.9914869 0 0.04352226 -0.9990525 0 0.04352226 -0.9990525 0 -0.04352188 -0.9990525 0 -0.04352188 -0.9990525 0 -0.1302044 -0.9914871 0 -0.1302044 -0.9914871 0 -0.2159357 -0.9764076 0 -0.2159357 -0.9764076 0 -0.3000132 -0.9539351 0 -0.3000132 -0.9539351 0 -0.3818138 -0.9242393 0 -0.3818138 -0.9242393 0 -0.4607446 -0.8875327 0 -0.4607446 -0.8875327 0 -0.536149 -0.8441234 0 -0.536149 -0.8441234 0 -0.6075308 -0.7942961 0 -0.6075308 -0.7942961 0 -0.6742822 -0.7384738 0 -0.6742822 -0.7384738 0 -0.7359379 -0.677049 0 -0.7359379 -0.677049 0 1 0 -0 1 0 0 0 0 -1 0 0 -1 -0 0 -1 0 0 -1 0 0 -1 0 0 -1 0 0 -1 0 0 -1 0 0 -1 0 -0 -1 -0 0 -1 0 0 -1 0 0 -1 0 -0 -1 0 -0 -1 0 0 -1 0 0 -1 0 0 -1 0 0 -1 0 0 -1 0 -0 -1 0 -0 -1 0 -0 -1 0 0 -1 0 0 -1 -0 0 -1 -0 0 -1 0 0 -1 0 0 -1 0 0 -1 0 0 -1 0 0 -1 0 0 -1 0 0 -1 0 -0 -1 0 -0 -1 0 0 -1 0 -0 -1 -0 -0 -1 0 0 -1 0 0 -1 0 0 -1 0 0 -1 -0 0 -1 0 0 -1 -0 0 -1 0 0 -1 -0 0 -1 0 0 -1 0 0 -1 0 0 -1 0 0 -1 0 0 -1 0 0 -1 0 0 -1 0 0 -1 0 0 -1 0 0 -1 0 0 -1 0 0 -1 0 0 -1 0 0 -1 0 0 -1 0 0 -1 0 0 -1 0 0 -1 -0 0 -1 0 0 -1 -0 0 -1 0 0 -1 -0 0 -1 0 0 -1 -0 0 -1 0 0 -1 -0 0 -1 0 0 -1 -0 0 -1 0 0 -1 -0 0 -1 0 0 -1 -0 0 -1 0 0 -1 -0 0 -1 0 0 -1 0 0 -1 -0 0 -1 0 0 -1 -0 0 -1 0 0 -1 -0 0 -1 0 0 -1 -0 0 -1 0 0 -1 -0 0 -1 0 0 -1 0 0 -1 0 0 -1 0 0 -1 0 0 -1 0 0 -1 0 0 -1 0 0 -1 0 0 -1 0 0 -1 0 0 -1 0 0 -1 0 0 -1 0 0 -1 0 0 -1 -0 0 -1 0 0 -1 -0 0 -1 0 0 -1 -0 0 -1 0 0 -1 -0 0 -1 0 0 -1 -0 0 -1 0 0 -1 0 0 -1 -0 0 -1 0 0 -1 -0 0 -1 -0 0 -1 0 -0 -1 -0 0 -1 0 -0 -1 -0 0 -1 0 0 -1 0 -0 -1 -0 0 -1 0 -0 -1 -0 0 -1 0 -0 -1 -0 0 -1 0 -0 -1 -0 0 -1 0 -0 -1 -0 0 -1 0 -0 -1 -0 0 -1 0 -0 -1 -0 0 -1 0 -0 -1 0 -0 -1 -0.7921126 -0.610375 0 -0.7921126 -0.610375 0 -0.8423366 -0.5389518 0 -0.8423366 -0.5389518 0 -0.886143 -0.4634118 0 -0.886143 -0.4634118 0 -0.9231864 -0.3843526 0 -0.9231864 -0.3843526 0 -0.9532002 -0.3023401 0 -0.9532002 -0.3023401 0 -0.9759383 -0.2180468 0 -0.9759383 -0.2180468 0 -0.991241 -0.1320655 0 -0.991241 -0.1320655 0 -0.9989825 -0.04510031 0 -0.9989825 -0.04510031 0 -0.9991083 0.04222235 0 -0.9991083 0.04222235 0 -0.9916161 0.1292191 0 -0.9916161 0.1292191 0 -0.9765651 0.2152223 0 -0.9765651 0.2152223 0 -0.9540652 0.2995989 0 -0.9540652 0.2995989 0 -0.924291 0.3816884 0 -0.924291 0.3816884 0 -0.8874711 0.4608634 0 -0.8874711 0.4608634 0 -0.8438893 0.5365174 0 -0.8438893 0.5365174 0 -0.7938579 0.6081032 0 -0.7938579 0.6081032 0 -0.7378002 0.6750191 0 -0.7378002 0.6750191 0 -0.6760923 0.736817 0 -0.6760923 0.736817 0 -0.6092317 0.7929923 0 -0.6092317 0.7929923 0 -0.5377344 0.8431144 0 -0.5377344 0.8431144 0 -0.4621415 0.8868062 0 -0.4621415 0.8868062 0 -0.3830157 0.9237418 0 -0.3830157 0.9237418 0 -0.3009764 0.9536316 0 -0.3009764 0.9536316 0 -0.2166284 0.9762542 0 -0.2166284 0.9762542 0 -0.1306497 0.9914286 0 -0.1306497 0.9914286 0 -0.04366175 0.9990463 0 -0.04366175 0.9990463 0 0.04366138 0.9990464 0 0.04366138 0.9990464 -0 0.1306486 0.9914287 0 0.1306486 0.9914287 -0 0.2166302 0.9762537 0 0.2166302 0.9762537 -0 0.300974 0.9536324 0 0.300974 0.9536324 -0 0.3830188 0.9237406 0 0.3830188 0.9237406 -0 0.4621415 0.8868062 0 0.4621415 0.8868062 -0 0.5377344 0.8431144 0 0.5377344 0.8431144 -0 0.6092317 0.7929923 0 0.6092317 0.7929923 -0 0.6760923 0.736817 0 0.6760923 0.736817 -0 0.7377959 0.6750238 0 0.7377959 0.6750238 -0 0.793862 0.6080979 0 0.793862 0.6080979 -0 0.8438893 0.5365174 0 0.8438893 0.5365174 -0 0.8874711 0.4608634 0 0.8874711 0.4608634 -0 0.924288 0.3816957 0 0.924288 0.3816957 -0 0.9540677 0.2995912 0 0.9540677 0.2995912 -0 0.9765651 0.2152223 0 0.9765651 0.2152223 -0 0.9916149 0.1292275 0 0.9916149 0.1292275 -0 0.9991086 0.04221381 0 0.9991086 0.04221381 -0 0.9989828 -0.04509176 0 0.9989828 -0.04509176 0 0.9912398 -0.1320739 0 0.9912398 -0.1320739 0 0.9759383 -0.2180468 0 0.9759383 -0.2180468 0 0.9532002 -0.3023401 0 0.9532002 -0.3023401 0 0.9231864 -0.3843526 0 0.9231864 -0.3843526 0 0.8861465 -0.4634051 0 0.8861465 -0.4634051 0 0.8423327 -0.538958 0 0.8423327 -0.538958 0 0.7921168 -0.6103696 0 0.7921168 -0.6103696 0 -1 0 0 -1 0 0 0.7359379 -0.677049 0 0.7359379 -0.677049 0 0.6742822 -0.7384738 0 0.6742822 -0.7384738 0 0.6075308 -0.7942961 0 0.6075308 -0.7942961 0 0.536149 -0.8441234 0 0.536149 -0.8441234 0 0.4607411 -0.8875346 0 0.4607411 -0.8875346 0 0.3818168 -0.924238 0 0.3818168 -0.924238 0 0.3000107 -0.9539359 0 0.3000107 -0.9539359 0 0.2159357 -0.9764076 0 0.2159357 -0.9764076 0 0.1302066 -0.9914869 0 0.1302066 -0.9914869 0 0.04352152 -0.9990525 0 0.04352152 -0.9990525 0 -0.04352226 -0.9990525 0 -0.04352226 -0.9990525 0 -0.1302055 -0.991487 0 -0.1302055 -0.991487 0 -0.2159357 -0.9764076 0 -0.2159357 -0.9764076 0 -0.3000132 -0.9539351 0 -0.3000132 -0.9539351 0 -0.3818138 -0.9242393 0 -0.3818138 -0.9242393 0 -0.4607446 -0.8875327 0 -0.4607446 -0.8875327 0 -0.5361451 -0.8441258 0 -0.5361451 -0.8441258 0 -0.6075308 -0.7942961 0 -0.6075308 -0.7942961 0 -0.6742865 -0.7384699 0 -0.6742865 -0.7384699 0 -0.7359379 -0.677049 0 -0.7359379 -0.677049 0 1 0 0 1 0 -0 -0 0 -1 0 0 -1 0 0 -1 0 0 -1 0 0 -1 0 0 -1 0 0 -1 0 0 -1 -0 0 -1 -0 0 -1 0 0 -1 -0 0 -1 -0 0 -1 0 0 -1 0 0 -1 0 0 -1 0 0 -1 0 0 -1 0 0 -1 0 0 -1 0 0 -1 0 0 -1 0 -0 -1 0 -0 -1 0 0 -1 0 -0 -1 0 -0 -1 0 0 -1 0 0 -1 0 -0 -1 0 -0 -1 0 0 -1 0 0 -1 0 0 -1 0 0 -1 0 -0 -1 0 -0 -1 0 0 -1 0 0 -1 0 0 -1 0 0 -1 0 0 -1 0 0 -1 -0 0 -1 0 0 -1 -0 0 -1 0 0 -1 -0 0 -1 0 0 -1 0 0 -1 -0 0 -1 0 0 -1 -0 0 -1 0 0 -1 -0 0 -1 0 0 -1 -0 0 -1 0 0 -1 0 0 -1 -0 0 -1 0 0 -1 -0 0 -1 -0 0 -1 0 -0 -1 -0 0 -1 0 -0 -1 -0 0 -1 0 0 -1 0 -0 -1 -0 0 -1 0 -0 -1 -0 0 -1 0 -0 -1 -0 0 -1 0 -0 -1 -0 0 -1 0 -0 -1 -0 0 -1 0 -0 -1 -0 0 -1 0 -0 -1 -0 0 -1 0 0 -1 0 -0 -1 -0 0 -1 0 -0 -1 -0 0 -1 0 -0 -1 -0 0 -1 0 -0 -1 -0 0 -1 0 -0 -1 0 0 -1 0 -0 -1 0 0 -1 0 0 -1 0 0 -1 0 0 -1 0 0 -1 0 0 -1 0 -0 -1 0 0 -1 0 -0 -1 0 0 -1 0 -0 -1 0 0 -1 0 -0 -1 0 -0 -1 0 0 -1 0 0 -1 0 0 -1 0 0 -1 0 0 -1 0 0 -1 0 0 -1 0 0 -1 0 0 -1 0 0 -1 0 0 -1 0 0 -1 0 0 -1 0 0 -1 0 0 -1 0 0 -1 0 0 -1 -0 0 -1 0 0 -1 -0 0 -1 0 0 -1 -0 0 -1 0 0 -1 -0 0 -1 0 0 -1 -0 0 -1 0 0 -1 -0 0 -1 0 0 -1 -0 0 -1 0 0 -1 -0 0 -1 0 0 -1 -0 0 -1 0 0 -1 -0 0 -1 -0 0 -1 -0.792125 -0.6103589 0 -0.792125 -0.6103589 0 -0.8423327 -0.538958 0 -0.8423327 -0.538958 0 -0.886143 -0.4634118 0 -0.886143 -0.4634118 0 -0.9231833 -0.3843599 0 -0.9231833 -0.3843599 0 -0.9532026 -0.3023323 0 -0.9532026 -0.3023323 0 -0.9759365 -0.218055 0 -0.9759365 -0.218055 0 -0.9912398 -0.1320739 0 -0.9912398 -0.1320739 0 -0.9989828 -0.04509176 0 -0.9989828 -0.04509176 0 -0.9991086 0.04221381 0 -0.9991086 0.04221381 0 -0.9916149 0.1292275 0 -0.9916149 0.1292275 0 -0.9765633 0.2152304 0 -0.9765633 0.2152304 0 -0.9540677 0.2995912 0 -0.9540677 0.2995912 0 -0.924291 0.3816884 0 -0.924291 0.3816884 0 -0.8874676 0.4608701 0 -0.8874676 0.4608701 0 -0.8438893 0.5365174 0 -0.8438893 0.5365174 0 -0.7938662 0.6080925 0 -0.7938662 0.6080925 0 -0.7377874 0.6750331 0 -0.7377874 0.6750331 0 -0.6761009 0.7368091 0 -0.6761009 0.7368091 0 -0.6092275 0.7929955 0 -0.6092275 0.7929955 0 -0.5377382 0.8431118 0 -0.5377382 0.8431118 0 -0.462138 0.886808 0 -0.462138 0.886808 0 -0.3830188 0.9237406 0 -0.3830188 0.9237406 0 -0.3009789 0.9536309 0 -0.3009789 0.9536309 0 -0.216623 0.9762554 0 -0.216623 0.9762554 0 -0.1306519 0.9914283 0 -0.1306519 0.9914283 0 -0.04366175 0.9990463 0 -0.04366175 0.9990463 0 0.04366101 0.9990464 0 0.04366101 0.9990464 -0 0.1306497 0.9914286 0 0.1306497 0.9914286 -0 0.2166284 0.9762542 0 0.2166284 0.9762542 -0 0.3009789 0.9536309 0 0.3009789 0.9536309 -0 0.3830157 0.9237418 0 0.3830157 0.9237418 -0 0.462138 0.886808 0 0.462138 0.886808 -0 0.5377344 0.8431144 0 0.5377344 0.8431144 -0 0.6092317 0.7929923 0 0.6092317 0.7929923 -0 0.6760966 0.7368131 0 0.6760966 0.7368131 -0 0.7377959 0.6750238 0 0.7377959 0.6750238 -0 0.793862 0.6080979 0 0.793862 0.6080979 -0 0.8438854 0.5365235 0 0.8438854 0.5365235 -0 0.8874711 0.4608634 0 0.8874711 0.4608634 -0 0.924291 0.3816884 0 0.924291 0.3816884 -0 0.9540652 0.2995989 0 0.9540652 0.2995989 -0 0.9765651 0.2152223 0 0.9765651 0.2152223 -0 0.9916161 0.1292191 0 0.9916161 0.1292191 -0 0.9991083 0.04222235 0 0.9991083 0.04222235 -0 0.9989825 -0.04510031 0 0.9989825 -0.04510031 0 0.9912398 -0.1320739 0 0.9912398 -0.1320739 0 0.9759401 -0.2180386 0 0.9759401 -0.2180386 0 0.9532002 -0.3023401 0 0.9532002 -0.3023401 0 0.9231864 -0.3843526 0 0.9231864 -0.3843526 0 0.8861395 -0.4634186 0 0.8861395 -0.4634186 0 0.8423405 -0.5389457 0 0.8423405 -0.5389457 0 0.7921126 -0.610375 0 0.7921126 -0.610375 0 -1 0 0 -1 0 0 0.7359379 -0.677049 0 0.7359379 -0.677049 0 0.6742822 -0.7384738 0 0.6742822 -0.7384738 0 0.6075308 -0.7942961 0 0.6075308 -0.7942961 0 0.536149 -0.8441234 0 0.536149 -0.8441234 0 0.4607446 -0.8875327 0 0.4607446 -0.8875327 0 0.3818138 -0.9242393 0 0.3818138 -0.9242393 0 0.3000132 -0.9539351 0 0.3000132 -0.9539351 0 0.2159357 -0.9764076 0 0.2159357 -0.9764076 0 0.1302055 -0.991487 0 0.1302055 -0.991487 0 0.04352152 -0.9990525 0 0.04352152 -0.9990525 0 -0.04352226 -0.9990525 0 -0.04352226 -0.9990525 0 -0.1302055 -0.991487 0 -0.1302055 -0.991487 0 -0.2159375 -0.9764072 0 -0.2159375 -0.9764072 0 -0.3000107 -0.9539359 0 -0.3000107 -0.9539359 0 -0.3818138 -0.9242393 0 -0.3818138 -0.9242393 0 -0.4607411 -0.8875346 0 -0.4607411 -0.8875346 0 -0.5361529 -0.8441209 0 -0.5361529 -0.8441209 0 -0.6075308 -0.7942961 0 -0.6075308 -0.7942961 0 -0.6742779 -0.7384776 0 -0.6742779 -0.7384776 0 -0.7359379 -0.677049 0 -0.7359379 -0.677049 0 1 0 0 1 0 -0 0 0 -1 0 0 -1 0 0 -1 0 0 -1 0 0 -1 0 0 -1 0 0 -1 0 0 -1 0 0 -1 0 0 -1 0 0 -1 0 -0 -1 0 -0 -1 0 -0 -1 0 -0 -1 0 0 -1 0 0 -1 0 -0 -1 0 -0 -1 0 0 -1 0 0 -1 0 0 -1 0 0 -1 0 0 -1 0 0 -1 0 -0 -1 0 0 -1 -0 0 -1 -0 0 -1 0 0 -1 0 0 -1 0 -0 -1 0 0 -1 0 -0 -1 0 -0 -1 0 0 -1 0 -0 -1 -0 -0 -1 0 0 -1 0 0 -1 0 0 -1 0 0 -1 0 -0 -1 0 0 -1 0 -0 -1 0 0 -1 0 -0 -1 0 0 -1 0 0 -1 0 0 -1 -0 0 -1 0 0 -1 -0 0 -1 0 0 -1 -0 0 -1 0 0 -1 -0 0 -1 0 0 -1 -0 0 -1 0 0 -1 0 0 -1 0 0 -1 0 0 -1 0 0 -1 0 0 -1 0 0 -1 0 0 -1 0 0 -1 0 0 -1 0 0 -1 0 0 -1 0 0 -1 0 0 -1 0 0 -1 0 0 -1 0 0 -1 0 0 -1 0 0 -1 0 0 -1 0 0 -1 0 0 -1 0 0 -1 0 0 -1 0 0 -1 0 0 -1 0 0 -1 0 0 -1 0 0 -1 0 0 -1 0 0 -1 -0 0 -1 0 0 -1 -0 0 -1 0 0 -1 -0 0 -1 0 0 -1 -0 0 -1 0 0 -1 -0 0 -1 0 0 -1 -0 0 -1 0 0 -1 -0 0 -1 0 0 -1 -0 0 -1 0 0 -1 -0 0 -1 0 0 -1 0 0 -1 -0 0 -1 -0 0 -1 0 -0 -1 -0 0 -1 0 -0 -1 -0 0 -1 0 0 -1 0 -0 -1 -0 0 -1 0 -0 -1 -0 0 -1 0 -0 -1 -0 0 -1 0 -0 -1 -0 0 -1 0 -0 -1 -0 0 -1 0 -0 -1 -0 0 -1 0 -0 -1 -0 0 -1 0 -0 -1 0 -0 -1 0 0 -1 -0 0 -1 0 0 -1 -0 0 -1 0 0 -1 -0 0 -1 0 0 -1 -0 0 -1 0 0 -1 -0 0 -1 0 0 -1 -0 -0 -1 -0 0 -1 -0.7921168 -0.6103696 0 -0.7921168 -0.6103696 0 -0.8423327 -0.538958 0 -0.8423327 -0.538958 0 -0.8861501 -0.4633984 0 -0.8861501 -0.4633984 0 -0.9231833 -0.3843599 0 -0.9231833 -0.3843599 0 -0.9532026 -0.3023323 0 -0.9532026 -0.3023323 0 -0.9759365 -0.218055 0 -0.9759365 -0.218055 0 -0.9912398 -0.1320739 0 -0.9912398 -0.1320739 0 -0.9989828 -0.04509176 0 -0.9989828 -0.04509176 0 -0.9991086 0.04221381 0 -0.9991086 0.04221381 0 -0.9916171 0.1292106 0 -0.9916171 0.1292106 0 -0.9765597 0.2152468 0 -0.9765597 0.2152468 0 -0.9540677 0.2995912 0 -0.9540677 0.2995912 0 -0.924291 0.3816884 0 -0.924291 0.3816884 0 -0.8874676 0.4608701 0 -0.8874676 0.4608701 0 -0.8438893 0.5365174 0 -0.8438893 0.5365174 0 -0.7938662 0.6080925 0 -0.7938662 0.6080925 0 -0.7377959 0.6750238 0 -0.7377959 0.6750238 0 -0.6760923 0.736817 0 -0.6760923 0.736817 0 -0.6092358 0.7929891 0 -0.6092358 0.7929891 0 -0.5377305 0.8431168 0 -0.5377305 0.8431168 0 -0.462138 0.886808 0 -0.462138 0.886808 0 -0.3830188 0.9237406 0 -0.3830188 0.9237406 0 -0.3009789 0.9536309 0 -0.3009789 0.9536309 0 -0.2166266 0.9762546 0 -0.2166266 0.9762546 0 -0.1306486 0.9914287 0 -0.1306486 0.9914287 0 -0.04366213 0.9990463 0 -0.04366213 0.9990463 0 0.04366063 0.9990464 0 0.04366063 0.9990464 -0 0.1306508 0.9914284 0 0.1306508 0.9914284 -0 0.2166302 0.9762537 0 0.2166302 0.9762537 -0 0.300974 0.9536324 0 0.300974 0.9536324 -0 0.3830188 0.9237406 0 0.3830188 0.9237406 -0 0.462138 0.886808 0 0.462138 0.886808 -0 0.5377382 0.8431118 0 0.5377382 0.8431118 -0 0.6092275 0.7929955 0 0.6092275 0.7929955 -0 0.6760923 0.736817 0 0.6760923 0.736817 -0 0.7378045 0.6750144 0 0.7378045 0.6750144 -0 0.7938579 0.6081032 0 0.7938579 0.6081032 -0 0.8438815 0.5365296 0 0.8438815 0.5365296 -0 0.8874746 0.4608567 0 0.8874746 0.4608567 -0 0.9242971 0.3816738 0 0.9242971 0.3816738 -0 0.9540579 0.2996223 0 0.9540579 0.2996223 -0 0.9765669 0.2152141 0 0.9765669 0.2152141 -0 0.9916149 0.1292275 0 0.9916149 0.1292275 -0 0.9991086 0.04221381 0 0.9991086 0.04221381 -0 0.9989828 -0.04509176 0 0.9989828 -0.04509176 0 0.9912398 -0.1320739 0 0.9912398 -0.1320739 0 0.9759365 -0.218055 0 0.9759365 -0.218055 0 0.9532026 -0.3023323 0 0.9532026 -0.3023323 0 0.9231833 -0.3843599 0 0.9231833 -0.3843599 0 0.8861501 -0.4633984 0 0.8861501 -0.4633984 0 0.8423327 -0.538958 0 0.8423327 -0.538958 0 0.7921085 -0.6103804 0 0.7921085 -0.6103804 0 -1 0 0 -1 0 0 0.7359379 -0.677049 0 0.7359379 -0.677049 0 0.6742865 -0.7384699 0 0.6742865 -0.7384699 0 0.6075308 -0.7942961 0 0.6075308 -0.7942961 0 0.5361451 -0.8441258 0 0.5361451 -0.8441258 0 0.4607481 -0.8875309 0 0.4607481 -0.8875309 0 0.3818077 -0.9242418 0 0.3818077 -0.9242418 0 0.3000157 -0.9539343 0 0.3000157 -0.9539343 0 0.2159375 -0.9764072 0 0.2159375 -0.9764072 0 0.1302033 -0.9914873 0 0.1302033 -0.9914873 0 0.04352226 -0.9990525 0 0.04352226 -0.9990525 0 -0.04352226 -0.9990525 0 -0.04352226 -0.9990525 0 -0.1302055 -0.991487 0 -0.1302055 -0.991487 0 -0.2159375 -0.9764072 0 -0.2159375 -0.9764072 0 -0.3000107 -0.9539359 0 -0.3000107 -0.9539359 0 -0.3818138 -0.9242393 0 -0.3818138 -0.9242393 0 -0.4607411 -0.8875346 0 -0.4607411 -0.8875346 0 -0.5361529 -0.8441209 0 -0.5361529 -0.8441209 0 -0.6075308 -0.7942961 0 -0.6075308 -0.7942961 0 -0.6742779 -0.7384776 0 -0.6742779 -0.7384776 0 -0.7359379 -0.677049 0 -0.7359379 -0.677049 0 1 0 0 1 0 -0 0 0 -1 0 0 -1 0 0 -1 0 0 -1 0 0 -1 -0 0 -1 -0 0 -1 0 0 -1 -0 0 -1 -0 0 -1 0 0 -1 0 0 -1 0 -0 -1 0 -0 -1 0 0 -1 0 0 -1 0 0 -1 0 0 -1 0 0 -1 0 -0 -1 0 -0 -1 0 0 -1 0 -0 -1 0 -0 -1 0 0 -1 0 0 -1 0 0 -1 0 0 -1 0 0 -1 0 0 -1 0 0 -1 0 0 -1 0 -0 -1 0 -0 -1 0 0 -1 0 0 -1 0 0 -1 0 0 -1 0 0 -1 0 0 -1 0 0 -1 0 0 -1 0 0 -1 0 0 -1 0 0 -1 0 0 -1 0 0 -1 0 0 -1 0 0 -1 0 0 -1 0 0 -1 0 0 -1 0 0 -1 0 0 -1 0 0 -1 0 0 -1 0 0 -1 0 0 -1 0 0 -1 -0 0 -1 0 0 -1 -0 0 -1 0 0 -1 -0 0 -1 0 0 -1 -0 0 -1 0 0 -1 -0 0 -1 0 0 -1 -0 0 -1 0 0 -1 -0 0 -1 0 0 -1 -0 0 -1 0 0 -1 -0 0 -1 0 0 -1 0 0 -1 -0 0 -1 0 0 -1 -0 0 -1 0 0 -1 -0 0 -1 0 0 -1 -0 0 -1 0 -0 -1 -0 0 -1 0 -0 -1 -0 0 -1 0 -0 -1 -0 0 -1 0 -0 -1 0 0 -1 0 -0 -1 0 0 -1 0 0 -1 0 0 -1 0 0 -1 0 0 -1 0 0 -1 0 -0 -1 0 0 -1 0 -0 -1 0 0 -1 0 -0 -1 0 0 -1 0 -0 -1 0 -0 -1 -0 0 -1 0 -0 -1 -0 0 -1 0 -0 -1 -0 0 -1 0 -0 -1 -0 0 -1 0 -0 -1 -0 0 -1 0 -0 -1 -0 0 -1 0 -0 -1 -0 0 -1 0 -0 -1 0 -0 -1 0 0 -1 -0 0 -1 0 0 -1 -0 0 -1 0 0 -1 -0 0 -1 0 0 -1 -0 0 -1 0 0 -1 -0 0 -1 0 0 -1 0 0 -1 -0 0 -1 0 0 -1 -0 0 -1 -0 0 -1 0 -0 -1 -0 0 -1 0 -0 -1 -0 0 -1 0 -0 -1 0 -0 -1 -0.7921085 -0.6103804 0 -0.7921085 -0.6103804 0 -0.8423405 -0.5389457 0 -0.8423405 -0.5389457 0 -0.886143 -0.4634118 0 -0.886143 -0.4634118 0 -0.9231894 -0.3843453 0 -0.9231894 -0.3843453 0 -0.9531976 -0.3023479 0 -0.9531976 -0.3023479 0 -0.9759401 -0.2180386 0 -0.9759401 -0.2180386 0 -0.9912398 -0.1320739 0 -0.9912398 -0.1320739 0 -0.9989821 -0.04510885 0 -0.9989821 -0.04510885 0 -0.9991078 0.0422309 0 -0.9991078 0.0422309 0 -0.9916149 0.1292275 0 -0.9916149 0.1292275 0 -0.9765669 0.2152141 0 -0.9765669 0.2152141 0 -0.9540628 0.2996068 0 -0.9540628 0.2996068 0 -0.9242971 0.3816738 0 -0.9242971 0.3816738 0 -0.8874746 0.4608567 0 -0.8874746 0.4608567 0 -0.8438738 0.5365418 0 -0.8438738 0.5365418 0 -0.7938662 0.6080925 0 -0.7938662 0.6080925 0 -0.7377959 0.6750238 0 -0.7377959 0.6750238 0 -0.6760923 0.736817 0 -0.6760923 0.736817 0 -0.6092358 0.7929891 0 -0.6092358 0.7929891 0 -0.5377382 0.8431118 0 -0.5377382 0.8431118 0 -0.462131 0.8868117 0 -0.462131 0.8868117 0 -0.3830188 0.9237406 0 -0.3830188 0.9237406 0 -0.3009789 0.9536309 0 -0.3009789 0.9536309 0 -0.2166302 0.9762537 0 -0.2166302 0.9762537 0 -0.1306486 0.9914287 0 -0.1306486 0.9914287 0 -0.04366138 0.9990464 0 -0.04366138 0.9990464 0 0.04366138 0.9990464 0 0.04366138 0.9990464 -0 0.1306486 0.9914287 0 0.1306486 0.9914287 -0 0.2166302 0.9762537 0 0.2166302 0.9762537 -0 0.3009789 0.9536309 0 0.3009789 0.9536309 -0 0.3830127 0.9237431 0 0.3830127 0.9237431 -0 0.462138 0.886808 0 0.462138 0.886808 -0 0.5377382 0.8431118 0 0.5377382 0.8431118 -0 0.6092358 0.7929891 0 0.6092358 0.7929891 -0 0.6760923 0.736817 0 0.6760923 0.736817 -0 0.7377874 0.6750331 0 0.7377874 0.6750331 -0 0.7938662 0.6080925 0 0.7938662 0.6080925 -0 0.8438893 0.5365174 0 0.8438893 0.5365174 -0 0.8874676 0.4608701 0 0.8874676 0.4608701 -0 0.924291 0.3816884 0 0.924291 0.3816884 -0 0.9540677 0.2995912 0 0.9540677 0.2995912 -0 0.9765633 0.2152304 0 0.9765633 0.2152304 -0 0.9916171 0.1292106 0 0.9916171 0.1292106 -0 0.9991078 0.0422309 0 0.9991078 0.0422309 -0 0.9989821 -0.04510885 0 0.9989821 -0.04510885 0 0.9912398 -0.1320739 0 0.9912398 -0.1320739 0 0.9759401 -0.2180386 0 0.9759401 -0.2180386 0 0.9531976 -0.3023479 0 0.9531976 -0.3023479 0 0.9231894 -0.3843453 0 0.9231894 -0.3843453 0 0.8861501 -0.4633984 0 0.8861501 -0.4633984 0 0.8423327 -0.538958 0 0.8423327 -0.538958 0 0.7921168 -0.6103696 0 0.7921168 -0.6103696 0 -1 0 0 -1 0 0 0.7359294 -0.6770584 0 0.7359294 -0.6770584 0 0.6742865 -0.7384699 0 0.6742865 -0.7384699 0 0.6075225 -0.7943024 0 0.6075225 -0.7943024 0 0.5361606 -0.844116 0 0.5361606 -0.844116 0 0.4607411 -0.8875346 0 0.4607411 -0.8875346 0 0.3818138 -0.9242393 0 0.3818138 -0.9242393 0 0.3000107 -0.9539359 0 0.3000107 -0.9539359 0 0.2159375 -0.9764072 0 0.2159375 -0.9764072 0 0.1302055 -0.991487 0 0.1302055 -0.991487 0 0.04352152 -0.9990525 0 0.04352152 -0.9990525 0 -0.04352226 -0.9990525 0 -0.04352226 -0.9990525 0 -0.1302055 -0.991487 0 -0.1302055 -0.991487 0 -0.2159339 -0.9764079 0 -0.2159339 -0.9764079 0 -0.3000157 -0.9539343 0 -0.3000157 -0.9539343 0 -0.3818138 -0.9242393 0 -0.3818138 -0.9242393 0 -0.4607411 -0.8875346 0 -0.4607411 -0.8875346 0 -0.5361529 -0.8441209 0 -0.5361529 -0.8441209 0 -0.6075225 -0.7943024 0 -0.6075225 -0.7943024 0 -0.6742865 -0.7384699 0 -0.6742865 -0.7384699 0 -0.7359379 -0.677049 0 -0.7359379 -0.677049 0 1 0 0 1 0 -0 0.9990454 0.04368391 0 0.9990454 0.04368391 0 0.991451 0.1304794 0 0.991451 0.1304794 0 0.976294 0.2164489 0 0.976294 0.2164489 0 0.9537148 0.3007128 0 0.9537148 0.3007128 0 0.9238873 0.3826646 0 0.9238873 0.3826646 0 0.8869876 0.4617933 0 0.8869876 0.4617933 0 0.8434076 0.5372744 0 0.8434076 0.5372744 0 0.7933533 0.6087615 0 0.7933533 0.6087615 0 0.737273 0.675595 0 0.737273 0.675595 0 0.6756177 0.7372522 0 0.6756177 0.7372522 0 0.6087372 0.7933719 0 0.6087372 0.7933719 0 0.5373055 0.8433877 0 0.5373055 0.8433877 0 0.4617589 0.8870055 0 0.4617589 0.8870055 0 0.3826833 0.9238796 0 0.3826833 0.9238796 0 0.3006992 0.953719 0 0.3006992 0.953719 0 0.2164397 0.976296 0 0.2164397 0.976296 0 0.130528 0.9914446 0 0.130528 0.9914446 0 0.04361654 0.9990484 0 0.04361654 0.9990484 0 -0.04361654 0.9990484 0 -0.04361654 0.9990484 0 -0.1305224 0.9914453 0 -0.1305224 0.9914453 0 -0.2164489 0.976294 0 -0.2164489 0.976294 0 -0.3006992 0.953719 0 -0.3006992 0.953719 0 -0.3826833 0.9238796 0 -0.3826833 0.9238796 0 -0.4617589 0.8870055 0 -0.4617589 0.8870055 0 -0.5373055 0.8433877 0 -0.5373055 0.8433877 0 -0.6087372 0.7933719 0 -0.6087372 0.7933719 0 -0.6756177 0.7372522 0 -0.6756177 0.7372522 0 -0.7372512 0.6756187 0 -0.7372512 0.6756187 0 -0.7933744 0.608734 0 -0.7933744 0.608734 0 -0.8433877 0.5373055 0 -0.8433877 0.5373055 0 -0.8870055 0.4617589 0 -0.8870055 0.4617589 0 -0.9238873 0.3826646 0 -0.9238873 0.3826646 0 -0.9537148 0.3007128 0 -0.9537148 0.3007128 0 -0.976294 0.2164489 0 -0.976294 0.2164489 0 -0.9914453 0.1305224 0 -0.9914453 0.1305224 0 -0.9990473 0.04364027 0 -0.9990473 0.04364027 0 0.9990484 0.04361654 0 0.9990484 0.04361654 0 0.9914446 0.130528 0 0.9914446 0.130528 0 0.9762996 0.2164235 0 0.9762996 0.2164235 0 0.9537148 0.3007128 0 0.9537148 0.3007128 0 0.9238828 0.3826755 0 0.9238828 0.3826755 0 0.8870055 0.4617589 0 0.8870055 0.4617589 0 0.8433813 0.5373154 0 0.8433813 0.5373154 0 0.7933558 0.6087583 0 0.7933558 0.6087583 0 0.7372821 0.675585 0 0.7372821 0.675585 0 0.675595 0.737273 0 0.675595 0.737273 0 0.6087477 0.7933638 0 0.6087477 0.7933638 0 0.5372899 0.8433976 0 0.5372899 0.8433976 0 0.4617416 0.8870144 0 0.4617416 0.8870144 0 0.3827019 0.9238718 0 0.3827019 0.9238718 0 0.3007128 0.9537148 0 0.3007128 0.9537148 0 0.2164489 0.976294 0 0.2164489 0.976294 0 0.1305009 0.9914482 0 0.1305009 0.9914482 0 0.04361845 0.9990483 0 0.04361845 0.9990483 0 -0.04361654 0.9990484 0 -0.04361654 0.9990484 0 -0.1305065 0.9914475 0 -0.1305065 0.9914475 0 -0.2164443 0.976295 0 -0.2164443 0.976295 0 -0.3007128 0.9537148 0 -0.3007128 0.9537148 0 -0.3826942 0.9238751 0 -0.3826942 0.9238751 0 -0.4617416 0.8870144 0 -0.4617416 0.8870144 0 -0.5372998 0.8433913 0 -0.5372998 0.8433913 0 -0.6087583 0.7933558 0 -0.6087583 0.7933558 0 -0.6755732 0.7372929 0 -0.6755732 0.7372929 0 -0.7372929 0.6755732 0 -0.7372929 0.6755732 0 -0.7933452 0.6087721 0 -0.7933452 0.6087721 0 -0.8434013 0.5372843 0 -0.8434013 0.5372843 0 -0.8870055 0.4617589 0 -0.8870055 0.4617589 0 -0.9238828 0.3826755 0 -0.9238828 0.3826755 0 -0.9537148 0.3007128 0 -0.9537148 0.3007128 0 -0.976295 0.2164443 0 -0.976295 0.2164443 0 -0.9914475 0.1305065 0 -0.9914475 0.1305065 0 -0.9990475 0.04363836 0 -0.9990475 0.04363836 0 -0.09351476 -0.9956179 0 -0.1369286 -0.9905809 4.319451e-05 -0.1305252 -0.9914449 0 -0.2164385 -0.9762962 0 -0.2164385 -0.9762962 0 -0.3007128 -0.9537148 0 -0.3007128 -0.9537148 0 -0.3826755 -0.9238827 0 -0.3826755 -0.9238827 0 -0.4617502 -0.88701 0 -0.4617502 -0.88701 0 -0.5373076 -0.8433863 0 -0.5373076 -0.8433863 0 -0.6087546 -0.7933586 0 -0.6087546 -0.7933586 0 -0.67559 -0.7372776 0 -0.67559 -0.7372776 0 -0.737278 -0.6755894 0 -0.737278 -0.6755894 0 -0.7933598 -0.608753 0 -0.7933598 -0.608753 0 -0.8433913 -0.5372999 0 -0.8433913 -0.5372999 0 -0.8870102 -0.4617499 0 -0.8870102 -0.4617499 0 -0.9238735 -0.3826981 0 -0.9238735 -0.3826981 0 -0.9537148 -0.3007128 0 -0.9537148 -0.3007128 0 -0.976299 -0.2164258 0 -0.976299 -0.2164258 0 -0.9914477 -0.1305051 0 -0.9914477 -0.1305051 0 -0.9990473 -0.04363979 0 -0.9990473 -0.04363979 0 -0.09351475 -0.9956179 -0 -0.0436284 -0.9990478 0 -0.0436284 -0.9990478 -0 0.0436284 -0.9990478 0 0.0436284 -0.9990478 0 0.1305252 -0.9914449 0 0.1305252 -0.9914449 0 0.2164431 -0.9762952 0 0.2164431 -0.9762952 0 0.3007065 -0.9537167 0 0.3007065 -0.9537167 0 0.3826755 -0.9238828 0 0.3826755 -0.9238828 0 0.4617503 -0.88701 0 0.4617503 -0.88701 0 0.5373076 -0.8433864 0 0.5373076 -0.8433864 0 0.6087546 -0.7933586 0 0.6087546 -0.7933586 0 0.67559 -0.7372776 0 0.67559 -0.7372776 0 0.7372671 -0.6756014 0 0.7372671 -0.6756014 0 0.7933704 -0.6087393 0 0.7933704 -0.6087393 0 0.8433813 -0.5373154 0 0.8433813 -0.5373154 0 0.8870191 -0.4617327 0 0.8870191 -0.4617327 0 0.9238735 -0.3826981 0 0.9238735 -0.3826981 0 0.9537148 -0.3007128 0 0.9537148 -0.3007128 0 0.9762991 -0.2164258 0 0.9762991 -0.2164258 0 0.9914448 -0.1305266 0 0.9914448 -0.1305266 0 0.9990483 -0.04361797 0 0.9990483 -0.04361797 0 -0.9990483 -0.04361797 0 -0.9990483 -0.04361797 -0 -0.9914452 -0.1305238 0 -0.9914452 -0.1305238 -0 -0.9762934 -0.2164512 0 -0.9762934 -0.2164512 -0 -0.953722 -0.3006898 0 -0.953722 -0.3006898 -0 -0.9238735 -0.3826981 0 -0.9238735 -0.3826981 -0 -0.8870078 -0.4617544 0 -0.8870078 -0.4617544 -0 -0.8433945 -0.5372949 0 -0.8433945 -0.5372949 -0 -0.7933598 -0.608753 0 -0.7933598 -0.608753 -0 -0.7372721 -0.6755958 0 -0.7372721 -0.6755958 -0 -0.675584 -0.737283 0 -0.675584 -0.737283 -0 -0.6087652 -0.7933504 0 -0.6087652 -0.7933504 -0 -0.5372998 -0.8433913 0 -0.5372998 -0.8433913 -0 -0.4617503 -0.88701 0 -0.4617503 -0.88701 -0 -0.3826849 -0.9238789 0 -0.3826849 -0.9238789 -0 -0.3007128 -0.9537148 0 -0.3007128 -0.9537148 -0 -0.2164385 -0.9762962 0 -0.2164385 -0.9762962 -0 -0.1305252 -0.9914449 0 -0.1305252 -0.9914449 -0 -0.04361749 -0.9990483 0 -0.04361749 -0.9990483 -0 0.04361654 -0.9990484 0 0.04361654 -0.9990484 0 0.130528 -0.9914446 0 0.130528 -0.9914446 0 0.2164385 -0.9762962 0 0.2164385 -0.9762962 0 0.3007191 -0.9537128 0 0.3007191 -0.9537128 0 0.3826772 -0.9238822 0 0.3826772 -0.9238822 0 0.4617323 -0.8870193 0 0.4617323 -0.8870193 0 0.5373097 -0.843385 0 0.5373097 -0.843385 0 0.6087652 -0.7933504 0 0.6087652 -0.7933504 0 0.675584 -0.737283 0 0.675584 -0.737283 0 0.737283 -0.675584 0 0.737283 -0.675584 0 0.7933492 -0.6087668 0 0.7933492 -0.6087668 0 0.8433845 -0.5373104 0 0.8433845 -0.5373104 0 0.8870257 -0.4617199 0 0.8870257 -0.4617199 0 0.9238735 -0.3826981 0 0.9238735 -0.3826981 0 0.9537157 -0.3007096 0 0.9537157 -0.3007096 0 0.9763027 -0.2164096 0 0.9763027 -0.2164096 0 0.9914395 -0.1305668 0 0.9914395 -0.1305668 0 0.9990492 -0.04359615 0 0.9990492 -0.04359615 0 -0.9990473 -0.04363979 0 -0.9990473 -0.04363979 -0 -0.9914505 -0.1304836 0 -0.9914505 -0.1304836 -0 -0.9762945 -0.2164466 0 -0.9762945 -0.2164466 -0 -0.9537148 -0.3007128 0 -0.9537148 -0.3007128 -0 -0.9238735 -0.3826981 0 -0.9238735 -0.3826981 -0 -0.8870102 -0.4617499 0 -0.8870102 -0.4617499 -0 -0.8434013 -0.5372843 0 -0.8434013 -0.5372843 -0 -0.7933492 -0.6087668 0 -0.7933492 -0.6087668 -0 -0.737278 -0.6755895 0 -0.737278 -0.6755895 -0 -0.67559 -0.7372776 0 -0.67559 -0.7372776 -0 -0.6087441 -0.7933667 0 -0.6087441 -0.7933667 -0 -0.5373175 -0.84338 0 -0.5373175 -0.84338 -0 -0.4617503 -0.88701 0 -0.4617503 -0.88701 -0 -0.3826678 -0.9238859 0 -0.3826678 -0.9238859 -0 -0.3007191 -0.9537128 0 -0.3007191 -0.9537128 -0 -0.2164385 -0.9762962 0 -0.2164385 -0.9762962 -0 -0.130528 -0.9914446 0 -0.130528 -0.9914446 -0 -0.04362745 -0.9990479 0 -0.04362745 -0.9990479 -0 0.9990473 -0.04363979 0 0.9990473 -0.04363979 0 0.9914448 -0.1305266 0 0.9914448 -0.1305266 0 0.9763036 -0.2164049 0 0.9763036 -0.2164049 0 0.9537148 -0.3007128 0 0.9537148 -0.3007128 0 0.9238735 -0.3826981 0 0.9238735 -0.3826981 0 0.8870102 -0.4617499 0 0.8870102 -0.4617499 0 0.8434012 -0.5372843 0 0.8434012 -0.5372843 0 0.7933493 -0.6087668 0 0.7933493 -0.6087668 0 0.737278 -0.6755894 0 0.737278 -0.6755894 0 0.67559 -0.7372776 0 0.67559 -0.7372776 0 0.6087652 -0.7933505 0 0.6087652 -0.7933505 0 0.5372977 -0.8433926 0 0.5372977 -0.8433926 0 0.4617323 -0.8870193 0 0.4617323 -0.8870193 0 0.3826833 -0.9238796 0 0.3826833 -0.9238796 0 0.3007191 -0.9537128 0 0.3007191 -0.9537128 0 0.2164385 -0.9762962 0 0.2164385 -0.9762962 0 0.09351476 -0.9956179 0 0.1369252 -0.9905814 0 0.1305224 -0.9914454 3.680942e-05 0.09351475 -0.9956179 0 0.04362936 -0.9990478 0 0.04362936 -0.9990478 0</float_array>
          <technique_common>
            <accessor count="9774" source="#cubenormals-array0-array" stride="3">
              <param type="float" name="X" />
              <param type="float" name="Y" />
              <param type="float" name="Z" />
            </accessor>
          </technique_common>
        </source>
        <vertices id="cubeverts-array0-vertices">
          <input semantic="POSITION" source="#cubeverts-array0" />
        </vertices>
        <triangles count="9774" material="ref_Waterproof_Male">
          <input offset="0" semantic="VERTEX" source="#cubeverts-array0-vertices" />
          <input offset="1" semantic="NORMAL" source="#cubenormals-array0" />
          <p>1457 0 657 0 659 0 662 1 801 1 793 1 665 2 1009 2 981 2 665 3 877 3 869 3 861 4 665 4 869 4 859 5 665 5 861 5 665 6 859 6 849 6 841 7 665 7 849 7 833 8 665 8 841 8 665 9 833 9 825 9 817 10 665 10 825 10 662 11 665 11 817 11 809 12 662 12 817 12 801 13 662 13 809 13 662 14 793 14 797 14 805 15 662 15 797 15 813 16 662 16 805 16 662 17 813 17 821 17 829 18 662 18 821 18 837 19 662 19 829 19 1041 20 1009 20 665 20 1326 21 1294 21 1462 21 1334 22 1326 22 1462 22 1462 23 1294 23 1262 23 1230 24 1462 24 1262 24 1206 25 1462 25 1230 25 1462 26 1206 26 1182 26 1166 27 1462 27 1182 27 1142 28 1462 28 1166 28 1460 29 1396 29 1406 29 1416 30 1460 30 1406 30 1426 31 1460 31 1416 31 1366 32 1462 32 1380 32 1462 33 1142 33 1122 33 1106 34 1462 34 1122 34 665 35 1462 35 1106 35 1082 36 665 36 1106 36 1041 37 665 37 1082 37 665 38 981 38 951 38 907 39 665 39 951 39 877 40 665 40 907 40 662 41 837 41 845 41 853 42 662 42 845 42 865 43 662 43 853 43 1460 44 1146 44 1170 44 1460 45 1426 45 1434 45 1438 46 1460 46 1434 46 1430 47 1460 47 1438 47 1462 48 1422 48 1412 48 1346 49 1334 49 1462 49 1366 50 1346 50 1462 50 1344 51 1346 51 1366 51 1460 52 1330 52 1338 52 1350 53 1460 53 1338 53 1462 54 1412 54 1402 54 1392 55 1462 55 1402 55 1380 56 1462 56 1392 56 662 57 865 57 873 57 903 58 662 58 873 58 947 59 662 59 903 59 662 60 947 60 975 60 1005 61 662 61 975 61 1037 62 662 62 1005 62 1460 63 1170 63 1186 63 1210 64 1460 64 1186 64 1234 65 1460 65 1210 65 1460 66 1350 66 1370 66 1384 67 1460 67 1370 67 1396 68 1460 68 1384 68 662 69 1037 69 1078 69 1102 70 662 70 1078 70 1460 71 662 71 1102 71 1120 72 1460 72 1102 72 1146 73 1460 73 1120 73 1460 74 1234 74 1266 74 1306 75 1460 75 1266 75 1330 76 1460 76 1306 76 1462 77 1521 77 1513 77 1505 78 1462 78 1513 78 1497 79 1462 79 1505 79 1462 80 1473 80 1460 80 1430 81 1462 81 1460 81 1422 82 1462 82 1430 82 2093 83 1817 83 1797 83 1462 84 1497 84 1489 84 1481 85 1462 85 1489 85 1473 86 1462 86 1481 86 1460 87 1473 87 1465 87 1469 88 1460 88 1465 88 1477 89 1460 89 1469 89 1541 90 1553 90 1460 90 1529 91 1541 91 1460 91 2091 92 2073 92 2081 92 2093 93 2021 93 2009 93 2001 94 2093 94 2009 94 1969 95 2093 95 2001 95 1462 96 2093 96 1797 96 1781 97 1462 97 1797 97 1757 98 1462 98 1781 98 1460 99 1477 99 1485 99 1493 100 1460 100 1485 100 1501 101 1460 101 1493 101 1460 102 1501 102 1509 102 1517 103 1460 103 1509 103 1529 104 1460 104 1517 104 2093 105 1881 105 1857 105 1841 106 2093 106 1857 106 1817 107 2093 107 1841 107 1537 108 1535 108 1521 108 1462 109 1537 109 1521 109 1547 110 1537 110 1462 110 1557 111 1547 111 1462 111 2093 112 2061 112 2053 112 2045 113 2093 113 2053 113 2093 114 2045 114 2037 114 2029 115 2093 115 2037 115 2021 116 2093 116 2029 116 2019 117 2021 117 2029 117 2093 118 1969 118 1937 118 1905 119 2093 119 1937 119 1881 120 2093 120 1905 120 1462 121 1757 121 1733 121 1697 122 1462 122 1733 122 1665 123 1462 123 1697 123 2091 124 2081 124 2085 124 2077 125 2091 125 2085 125 2093 126 2091 126 2077 126 2069 127 2093 127 2077 127 2061 128 2093 128 2069 128 1460 129 1553 129 1585 129 1631 130 1460 130 1585 130 1661 131 1460 131 1631 131 2091 132 2033 132 2041 132 2049 133 2091 133 2041 133 1462 134 1665 134 1635 134 1589 135 1462 135 1635 135 1557 136 1462 136 1589 136 2091 137 2049 137 2057 137 2065 138 2091 138 2057 138 2073 139 2091 139 2065 139 2091 140 2005 140 2013 140 2025 141 2091 141 2013 141 2033 142 2091 142 2025 142 2091 143 1845 143 1861 143 1885 144 2091 144 1861 144 1909 145 2091 145 1885 145 1460 146 1661 146 1693 146 1729 147 1460 147 1693 147 1753 148 1460 148 1729 148 1460 149 1753 149 1777 149 1795 150 1460 150 1777 150 2091 151 1460 151 1795 151 1821 152 2091 152 1795 152 1845 153 2091 153 1821 153 2091 154 1909 154 1941 154 1981 155 2091 155 1941 155 2005 156 2091 156 1981 156 2093 157 2172 157 2164 157 2093 158 2384 158 2358 158 2152 159 2144 159 2093 159 2164 160 2152 160 2093 160 2162 161 2152 161 2164 161 2093 162 2144 162 2136 162 2128 163 2093 163 2136 163 2120 164 2093 164 2128 164 2770 165 2738 165 2730 165 2710 166 2770 166 2730 166 2770 167 2672 167 2656 167 2644 168 2770 168 2656 168 2770 169 2644 169 2608 169 2574 170 2770 170 2608 170 2537 171 2770 171 2574 171 2093 172 2120 172 2112 172 2104 173 2093 173 2112 173 2091 174 2093 174 2104 174 2096 175 2091 175 2104 175 2100 176 2091 176 2096 176 2770 177 2710 177 2696 177 2684 178 2770 178 2696 178 2672 179 2770 179 2684 179 2670 180 2672 180 2684 180 2770 181 2537 181 2513 181 2489 182 2770 182 2513 182 2473 183 2770 183 2489 183 2770 184 2473 184 2449 184 2429 185 2770 185 2449 185 2093 186 2770 186 2429 186 2413 187 2093 187 2429 187 2384 188 2093 188 2413 188 2093 189 2358 189 2328 189 2300 190 2093 190 2328 190 2270 191 2093 191 2300 191 2093 192 2270 192 2224 192 2180 193 2093 193 2224 193 2172 194 2093 194 2180 194 2091 195 2100 195 2108 195 2116 196 2091 196 2108 196 2124 197 2091 197 2116 197 2091 198 2124 198 2132 198 2140 199 2091 199 2132 199 2148 200 2091 200 2140 200 2091 201 2176 201 2220 201 2266 202 2091 202 2220 202 2296 203 2091 203 2266 203 2493 204 2517 204 2768 204 2477 205 2493 205 2768 205 2091 206 2296 206 2324 206 2354 207 2091 207 2324 207 2380 208 2091 208 2354 208 2648 209 2768 209 2620 209 2768 210 2688 210 2700 210 2714 211 2768 211 2700 211 2734 212 2768 212 2714 212 2091 213 2148 213 2156 213 2168 214 2091 214 2156 214 2176 215 2091 215 2168 215 2091 216 2380 216 2409 216 2427 217 2091 217 2409 217 2768 218 2091 218 2427 218 2453 219 2768 219 2427 219 2477 220 2768 220 2453 220 2768 221 2517 221 2541 221 2578 222 2768 222 2541 222 2620 223 2768 223 2578 223 2768 224 2648 224 2660 224 2676 225 2768 225 2660 225 2688 226 2768 226 2676 226 2768 227 2734 227 2742 227 2750 228 2768 228 2742 228 2758 229 2768 229 2750 229 2768 230 2758 230 2762 230 2754 231 2768 231 2762 231 2770 232 2768 232 2754 232 2746 233 2770 233 2754 233 2738 234 2770 234 2746 234 2770 235 2849 235 2841 235 3399 236 3349 236 3359 236 3323 237 3401 237 3335 237 3401 238 3239 238 3201 238 2829 239 2841 239 2839 239 2805 240 2797 240 2770 240 2813 241 2805 241 2770 241 2768 242 2777 242 2785 242 2793 243 2768 243 2785 243 2801 244 2768 244 2793 244 3399 245 3359 245 3369 245 3377 246 3399 246 3369 246 3385 247 3399 247 3377 247 3311 248 3323 248 3309 248 3283 249 3239 249 3401 249 2770 250 2841 250 2829 250 2821 251 2770 251 2829 251 2813 252 2770 252 2821 252 2770 253 2797 253 2789 253 2781 254 2770 254 2789 254 2768 255 2770 255 2781 255 2773 256 2768 256 2781 256 2777 257 2768 257 2773 257 3399 258 3385 258 3389 258 3381 259 3399 259 3389 259 3401 260 3399 260 3381 260 3373 261 3401 261 3381 261 3365 262 3401 262 3373 262 3401 263 3365 263 3355 263 3345 264 3401 264 3355 264 3335 265 3401 265 3345 265 3401 266 3323 266 3311 266 3295 267 3401 267 3311 267 3283 268 3401 268 3295 268 3401 269 3201 269 3169 269 3145 270 3401 270 3169 270 3121 271 3401 271 3145 271 3399 272 3109 272 3125 272 3149 273 3399 273 3125 273 3173 274 3399 274 3149 274 3399 275 3287 275 3299 275 3317 276 3399 276 3299 276 3021 277 2770 277 3045 277 2925 278 2770 278 2949 278 2768 279 2801 279 2809 279 2817 280 2768 280 2809 280 2825 281 2768 281 2817 281 2768 282 2825 282 2833 282 2845 283 2768 283 2833 283 2853 284 2768 284 2845 284 3399 285 3173 285 3205 285 3251 286 3399 286 3205 286 3287 287 3399 287 3251 287 3399 288 3317 288 3327 288 3339 289 3399 289 3327 289 3349 290 3399 290 3339 290 3401 291 3121 291 3105 291 3081 292 3401 292 3105 292 2770 293 3401 293 3081 293 3061 294 2770 294 3081 294 3045 295 2770 295 3061 295 2770 296 2925 296 2885 296 2857 297 2770 297 2885 297 2849 298 2770 298 2857 298 2768 299 2853 299 2881 299 2921 300 2768 300 2881 300 2945 301 2768 301 2921 301 2770 302 3021 302 2997 302 2973 303 2770 303 2997 303 2949 304 2770 304 2973 304 2768 305 2945 305 2969 305 2993 306 2768 306 2969 306 3017 307 2768 307 2993 307 2768 308 3017 308 3041 308 3059 309 2768 309 3041 309 3399 310 2768 310 3059 310 3085 311 3399 311 3059 311 3109 312 3399 312 3085 312 4145 313 4033 313 4025 313 4144 314 4013 314 4021 314 3460 315 3401 315 3472 315 3401 316 3460 316 3450 316 3440 317 3401 317 3450 317 3432 318 3401 318 3440 318 3401 319 3432 319 3424 319 3416 320 3401 320 3424 320 3399 321 3401 321 3416 321 3408 322 3399 322 3416 322 3412 323 3399 323 3408 323 3989 324 4145 324 4001 324 3696 325 3401 325 3720 325 4144 326 4021 326 4029 326 4037 327 4144 327 4029 327 4045 328 4144 328 4037 328 4144 329 4045 329 4053 329 4061 330 4144 330 4053 330 4065 331 4144 331 4061 331 4145 332 4025 332 4017 332 4009 333 4145 333 4017 333 4001 334 4145 334 4009 334 3999 335 4001 335 4009 335 4145 336 3989 336 3981 336 3949 337 4145 337 3981 337 3915 338 4145 338 3949 338 4145 339 3915 339 3879 339 3849 340 4145 340 3879 340 3821 341 4145 341 3849 341 3401 342 3696 342 3672 342 3648 343 3401 343 3672 343 3624 344 3401 344 3648 344 3401 345 3624 345 3600 345 3546 346 3401 346 3600 346 3512 347 3401 347 3546 347 3486 348 3484 348 3472 348 3401 349 3486 349 3472 349 3498 350 3486 350 3401 350 3512 351 3498 351 3401 351 4144 352 3985 352 3993 352 4005 353 4144 353 3993 353 4013 354 4144 354 4005 354 4145 355 3821 355 3797 355 3756 356 4145 356 3797 356 3401 357 4145 357 3756 357 3736 358 3401 358 3756 358 3720 359 3401 359 3736 359 3399 360 3412 360 3420 360 3428 361 3399 361 3420 361 3436 362 3399 362 3428 362 3478 363 3494 363 3399 363 3468 364 3478 364 3399 364 4144 365 4065 365 4057 365 4049 366 4144 366 4057 366 4145 367 4144 367 4049 367 4041 368 4145 368 4049 368 4033 369 4145 369 4041 369 3399 370 3436 370 3446 370 3456 371 3399 371 3446 371 3468 372 3399 372 3456 372 3399 373 3494 373 3508 373 3542 374 3399 374 3508 374 3596 375 3399 375 3542 375 3692 376 3716 376 3399 376 3668 377 3692 377 3399 377 3399 378 3596 378 3620 378 3644 379 3399 379 3620 379 3668 380 3399 380 3644 380 4144 381 3825 381 3853 381 3883 382 4144 382 3853 382 3399 383 3716 383 3734 383 3760 384 3399 384 3734 384 4144 385 3399 385 3760 385 3801 386 4144 386 3760 386 3825 387 4144 387 3801 387 4144 388 3883 388 3919 388 3961 389 4144 389 3919 389 3985 390 4144 390 3961 390 1457 391 1204 391 1228 391 847 392 857 392 855 392 659 393 847 393 855 393 662 394 843 394 835 394 827 395 662 395 835 395 819 396 662 396 827 396 662 397 819 397 811 397 803 398 662 398 811 398 795 399 662 399 803 399 662 400 795 400 791 400 799 401 662 401 791 401 659 402 662 402 799 402 659 403 799 403 807 403 815 404 659 404 807 404 823 405 659 405 815 405 659 406 855 406 867 406 875 407 659 407 867 407 905 408 659 408 875 408 1457 409 1116 409 1140 409 1457 410 1228 410 1260 410 1292 411 1457 411 1260 411 1324 412 1457 412 1292 412 1460 413 1432 413 1424 413 1414 414 1460 414 1424 414 659 415 823 415 831 415 839 416 659 416 831 416 847 417 659 417 839 417 1457 418 1140 418 1164 418 1180 419 1457 419 1164 419 1204 420 1457 420 1180 420 1457 421 1364 421 1378 421 662 422 945 422 901 422 871 423 662 423 901 423 659 424 905 424 949 424 979 425 659 425 949 425 1007 426 659 426 979 426 1457 427 1378 427 1390 427 1400 428 1457 428 1390 428 1410 429 1457 429 1400 429 1457 430 1410 430 1420 430 1428 431 1457 431 1420 431 1460 432 1457 432 1428 432 1436 433 1460 433 1428 433 1432 434 1460 434 1436 434 662 435 871 435 863 435 851 436 662 436 863 436 843 437 662 437 851 437 659 438 1007 438 1039 438 1080 439 659 439 1039 439 1457 440 659 440 1080 440 1104 441 1457 441 1080 441 1116 442 1457 442 1104 442 1340 443 1342 443 1364 443 1457 444 1340 444 1364 444 1332 445 1340 445 1457 445 1324 446 1332 446 1457 446 1368 447 1460 447 1382 447 1304 448 1460 448 1328 448 1460 449 1208 449 1184 449 1168 450 1460 450 1184 450 1144 451 1460 451 1168 451 1460 452 1414 452 1404 452 1394 453 1460 453 1404 453 1382 454 1460 454 1394 454 1460 455 1368 455 1348 455 1336 456 1460 456 1348 456 1328 457 1460 457 1336 457 1460 458 1304 458 1264 458 1232 459 1460 459 1264 459 1208 460 1460 460 1232 460 662 461 1035 461 1003 461 973 462 662 462 1003 462 945 463 662 463 973 463 1460 464 1144 464 1118 464 1100 465 1460 465 1118 465 662 466 1460 466 1100 466 1076 467 662 467 1100 467 1035 468 662 468 1076 468 1457 469 1511 469 1519 469 1531 470 1545 470 1457 470 1519 471 1531 471 1457 471 1533 472 1531 472 1519 472 1460 473 1491 473 1483 473 1475 474 1460 474 1483 474 1467 475 1460 475 1475 475 2088 476 1815 476 1839 476 1855 477 2088 477 1839 477 1879 478 2088 478 1855 478 1460 479 1467 479 1463 479 1471 480 1460 480 1463 480 1457 481 1460 481 1471 481 1479 482 1457 482 1471 482 1487 483 1457 483 1479 483 1457 484 1545 484 1555 484 1587 485 1457 485 1555 485 1633 486 1457 486 1587 486 2088 487 1879 487 1903 487 1935 488 2088 488 1903 488 1967 489 2088 489 1935 489 2088 490 1967 490 1999 490 2007 491 2088 491 1999 491 2015 492 2088 492 2007 492 2027 493 2035 493 2088 493 2015 494 2027 494 2088 494 2017 495 2027 495 2015 495 2088 496 2035 496 2043 496 2051 497 2088 497 2043 497 2059 498 2088 498 2051 498 1457 499 1633 499 1663 499 1695 500 1457 500 1663 500 1731 501 1457 501 1695 501 1457 502 1731 502 1755 502 1779 503 1457 503 1755 503 2088 504 1457 504 1779 504 1791 505 2088 505 1779 505 1815 506 2088 506 1791 506 1457 507 1487 507 1495 507 1503 508 1457 508 1495 508 1511 509 1457 509 1503 509 2091 510 2079 510 2071 510 2063 511 2091 511 2071 511 1460 512 1659 512 1629 512 1583 513 1460 513 1629 513 1551 514 1460 514 1583 514 2088 515 2059 515 2067 515 2075 516 2088 516 2067 516 2091 517 2088 517 2075 517 2083 518 2091 518 2075 518 2079 519 2091 519 2083 519 2091 520 1939 520 1907 520 1460 521 1551 521 1539 521 1527 522 1460 522 1539 522 1515 523 1460 523 1527 523 1460 524 1515 524 1507 524 1499 525 1460 525 1507 525 1491 526 1460 526 1499 526 2091 527 2063 527 2055 527 2047 528 2091 528 2055 528 2039 529 2091 529 2047 529 2091 530 2039 530 2031 530 2023 531 2091 531 2031 531 2011 532 2091 532 2023 532 1460 533 1751 533 1727 533 1691 534 1460 534 1727 534 1659 535 1460 535 1691 535 2091 536 2011 536 2003 536 1979 537 2091 537 2003 537 1939 538 2091 538 1979 538 2091 539 1907 539 1883 539 1859 540 2091 540 1883 540 1843 541 2091 541 1859 541 2091 542 1843 542 1819 542 1793 543 2091 543 1819 543 1460 544 2091 544 1793 544 1775 545 1460 545 1793 545 1751 546 1460 546 1775 546 2768 547 2576 547 2539 547 2088 548 2142 548 2150 548 2158 549 2170 549 2088 549 2150 550 2158 550 2088 550 2160 551 2158 551 2150 551 2088 552 2118 552 2126 552 2134 553 2088 553 2126 553 2142 554 2088 554 2134 554 2765 555 2447 555 2471 555 2487 556 2765 556 2471 556 2511 557 2765 557 2487 557 2765 558 2511 558 2535 558 2572 559 2765 559 2535 559 2606 560 2765 560 2572 560 2765 561 2606 561 2642 561 2654 562 2765 562 2642 562 2666 563 2765 563 2654 563 2682 564 2694 564 2765 564 2666 565 2682 565 2765 565 2668 566 2682 566 2666 566 2748 567 2740 567 2768 567 2756 568 2748 568 2768 568 2768 569 2740 569 2732 569 2712 570 2768 570 2732 570 2698 571 2768 571 2712 571 2166 572 2091 572 2174 572 2102 573 2091 573 2094 573 2088 574 2091 574 2102 574 2110 575 2088 575 2102 575 2118 576 2088 576 2110 576 2088 577 2170 577 2178 577 2222 578 2088 578 2178 578 2268 579 2088 579 2222 579 2765 580 2694 580 2708 580 2728 581 2765 581 2708 581 2736 582 2765 582 2728 582 2768 583 2698 583 2686 583 2674 584 2768 584 2686 584 2658 585 2768 585 2674 585 2768 586 2539 586 2515 586 2491 587 2768 587 2515 587 2475 588 2768 588 2491 588 2768 589 2475 589 2451 589 2425 590 2768 590 2451 590 2091 591 2768 591 2425 591 2407 592 2091 592 2425 592 2378 593 2091 593 2407 593 2091 594 2378 594 2352 594 2322 595 2091 595 2352 595 2294 596 2091 596 2322 596 2091 597 2166 597 2154 597 2146 598 2091 598 2154 598 2138 599 2091 599 2146 599 2088 600 2268 600 2298 600 2326 601 2088 601 2298 601 2356 602 2088 602 2326 602 2088 603 2356 603 2382 603 2411 604 2088 604 2382 604 2765 605 2088 605 2411 605 2423 606 2765 606 2411 606 2447 607 2765 607 2423 607 2768 608 2658 608 2646 608 2618 609 2768 609 2646 609 2576 610 2768 610 2618 610 2091 611 2294 611 2264 611 2218 612 2091 612 2264 612 2174 613 2091 613 2218 613 2091 614 2114 614 2106 614 2098 615 2091 615 2106 615 2094 616 2091 616 2098 616 2091 617 2138 617 2130 617 2122 618 2091 618 2130 618 2114 619 2091 619 2122 619 2765 620 2736 620 2744 620 2752 621 2765 621 2744 621 2768 622 2765 622 2752 622 2760 623 2768 623 2752 623 2756 624 2768 624 2760 624 2765 625 2819 625 2827 625 3396 626 3143 626 3167 626 3399 627 3383 627 3375 627 3367 628 3399 628 3375 628 2835 629 2847 629 2765 629 2827 630 2835 630 2765 630 2837 631 2835 631 2827 631 3396 632 3167 632 3199 632 3237 633 3396 633 3199 633 3281 634 3396 634 3237 634 3396 635 3321 635 3333 635 2768 636 2799 636 2791 636 2783 637 2768 637 2791 637 2775 638 2768 638 2783 638 2768 639 2775 639 2771 639 2779 640 2768 640 2771 640 2765 641 2768 641 2779 641 2787 642 2765 642 2779 642 2795 643 2765 643 2787 643 3396 644 3333 644 3343 644 3353 645 3396 645 3343 645 3363 646 3396 646 3353 646 3396 647 3363 647 3371 647 3379 648 3396 648 3371 648 3399 649 3396 649 3379 649 3387 650 3399 650 3379 650 3383 651 3399 651 3387 651 3325 652 3399 652 3337 652 2765 653 2795 653 2803 653 2811 654 2765 654 2803 654 2819 655 2765 655 2811 655 2765 656 2847 656 2855 656 2883 657 2765 657 2855 657 2923 658 2765 658 2883 658 3305 659 3307 659 3321 659 3396 660 3305 660 3321 660 3293 661 3305 661 3396 661 3281 662 3293 662 3396 662 3399 663 3367 663 3357 663 3347 664 3399 664 3357 664 3337 665 3399 665 3347 665 3399 666 3325 666 3315 666 3297 667 3399 667 3315 667 3285 668 3399 668 3297 668 3399 669 3285 669 3249 669 3203 670 3399 670 3249 670 3171 671 3399 671 3203 671 2768 672 3015 672 2991 672 2967 673 2768 673 2991 673 2943 674 2768 674 2967 674 3396 675 3079 675 3103 675 3119 676 3396 676 3103 676 3143 677 3396 677 3119 677 3399 678 3171 678 3147 678 3123 679 3399 679 3147 679 3107 680 3399 680 3123 680 3399 681 3107 681 3083 681 3057 682 3399 682 3083 682 2768 683 3399 683 3057 683 3039 684 2768 684 3057 684 3015 685 2768 685 3039 685 2768 686 2943 686 2919 686 2879 687 2768 687 2919 687 2851 688 2768 688 2879 688 2768 689 2851 689 2843 689 2831 690 2768 690 2843 690 2823 691 2768 691 2831 691 2768 692 2823 692 2815 692 2807 693 2768 693 2815 693 2799 694 2768 694 2807 694 2765 695 2923 695 2947 695 2971 696 2765 696 2947 696 2995 697 2765 697 2971 697 2765 698 2995 698 3019 698 3043 699 2765 699 3019 699 3396 700 2765 700 3043 700 3055 701 3396 701 3043 701 3079 702 3396 702 3055 702 3396 703 3458 703 3470 703 3480 704 3470 704 3482 704 4143 705 3997 705 4007 705 3396 706 3470 706 3480 706 3496 707 3396 707 3480 707 3510 708 3396 708 3496 708 4143 709 4007 709 4015 709 4023 710 4143 710 4015 710 4031 711 4143 711 4023 711 3396 712 3399 712 3414 712 3422 713 3396 713 3414 713 3430 714 3396 714 3422 714 3396 715 3510 715 3544 715 3598 716 3396 716 3544 716 3622 717 3396 717 3598 717 4143 718 3795 718 3819 718 3847 719 4143 719 3819 719 3877 720 4143 720 3847 720 4144 721 4063 721 4059 721 4051 722 4144 722 4059 722 4043 723 4144 723 4051 723 3399 724 3426 724 3418 724 3396 725 3430 725 3438 725 3448 726 3396 726 3438 726 3458 727 3396 727 3448 727 4143 728 3877 728 3913 728 3947 729 4143 729 3913 729 3979 730 4143 730 3947 730 4143 731 3979 731 3987 731 3995 732 4143 732 3987 732 3997 733 4143 733 3995 733 4143 734 4031 734 4039 734 4047 735 4143 735 4039 735 4144 736 4143 736 4047 736 4055 737 4144 737 4047 737 4063 738 4144 738 4055 738 4144 739 4043 739 4035 739 4027 740 4144 740 4035 740 4019 741 4144 741 4027 741 3399 742 3418 742 3410 742 3406 743 3399 743 3410 743 3414 744 3399 744 3406 744 3396 745 3622 745 3646 745 3670 746 3396 746 3646 746 3694 747 3396 747 3670 747 4144 748 4019 748 4011 748 4003 749 4144 749 4011 749 3991 750 4144 750 4003 750 3492 751 3399 751 3506 751 3399 752 3492 752 3476 752 3466 753 3399 753 3476 753 3454 754 3399 754 3466 754 3399 755 3454 755 3444 755 3434 756 3399 756 3444 756 3426 757 3399 757 3434 757 3396 758 3694 758 3718 758 3730 759 3396 759 3718 759 4143 760 3396 760 3730 760 3754 761 4143 761 3730 761 3795 762 4143 762 3754 762 4144 763 3991 763 3983 763 3959 764 4144 764 3983 764 3917 765 4144 765 3959 765 4144 766 3917 766 3881 766 3851 767 4144 767 3881 767 3823 768 4144 768 3851 768 3399 769 3714 769 3690 769 3399 770 3618 770 3594 770 3540 771 3399 771 3594 771 3506 772 3399 772 3540 772 4144 773 3823 773 3799 773 3758 774 4144 774 3799 774 3399 775 4144 775 3758 775 3732 776 3399 776 3758 776 3714 777 3399 777 3732 777 3399 778 3690 778 3666 778 3642 779 3399 779 3666 779 3618 780 3399 780 3642 780 4144 781 4145 781 4200 781 4197 782 4144 782 4200 782 4143 783 4144 783 4197 783 4194 784 4143 784 4197 784 1456 785 657 785 1457 785 2088 786 1456 786 1457 786 2087 787 1456 787 2088 787 2765 788 2087 788 2088 788 2764 789 2087 789 2765 789 3396 790 2764 790 2765 790 3395 791 2764 791 3396 791 4143 792 3395 792 3396 792 4142 793 3395 793 4143 793 4194 794 4142 794 4143 794 4192 795 4142 795 4194 795 3529 796 3521 796 3520 796 3528 797 3529 797 3520 797 3539 798 3529 798 3528 798 3538 799 3539 799 3528 799 3555 800 3539 800 3538 800 3554 801 3555 801 3538 801 3567 802 3555 802 3554 802 3566 803 3567 803 3554 803 3579 804 3567 804 3566 804 3578 805 3579 805 3566 805 3593 806 3579 806 3578 806 3592 807 3593 807 3578 807 3609 808 3593 808 3592 808 3608 809 3609 809 3592 809 3617 810 3609 810 3608 810 3616 811 3617 811 3608 811 3633 812 3617 812 3616 812 3632 813 3633 813 3616 813 3641 814 3633 814 3632 814 3640 815 3641 815 3632 815 3657 816 3641 816 3640 816 3656 817 3657 817 3640 817 3665 818 3657 818 3656 818 3664 819 3665 819 3656 819 3681 820 3665 820 3664 820 3680 821 3681 821 3664 821 3689 822 3681 822 3680 822 3688 823 3689 823 3680 823 3705 824 3689 824 3688 824 3704 825 3705 825 3688 825 3713 826 3705 826 3704 826 3712 827 3713 827 3704 827 3729 828 3713 828 3712 828 3728 829 3729 829 3712 829 3745 830 3729 830 3728 830 3744 831 3745 831 3728 831 3753 832 3745 832 3744 832 3752 833 3753 833 3744 833 3769 834 3753 834 3752 834 3768 835 3769 835 3752 835 3792 836 3769 836 3768 836 3791 837 3792 837 3768 837 3814 838 3792 838 3791 838 3813 839 3814 839 3791 839 3834 840 3814 840 3813 840 3833 841 3834 841 3813 841 3844 842 3834 842 3833 842 3843 843 3844 843 3833 843 3864 844 3844 844 3843 844 3863 845 3864 845 3843 845 3874 846 3864 846 3863 846 3873 847 3874 847 3863 847 3892 848 3874 848 3873 848 3891 849 3892 849 3873 849 3902 850 3892 850 3891 850 3901 851 3902 851 3891 851 3912 852 3902 852 3901 852 3911 853 3912 853 3901 853 3930 854 3912 854 3911 854 3929 855 3930 855 3911 855 3938 856 3930 856 3929 856 3937 857 3938 857 3929 857 3946 858 3938 858 3937 858 3945 859 3946 859 3937 859 3958 860 3946 860 3945 860 3957 861 3958 861 3945 861 3970 862 3958 862 3957 862 3969 863 3970 863 3957 863 3978 864 3970 864 3969 864 3977 865 3978 865 3969 865 3976 866 3978 866 3977 866 3975 867 3976 867 3977 867 3968 868 3976 868 3975 868 3967 869 3968 869 3975 869 3956 870 3968 870 3967 870 3955 871 3956 871 3967 871 3944 872 3956 872 3955 872 3943 873 3944 873 3955 873 3936 874 3944 874 3943 874 3935 875 3936 875 3943 875 3928 876 3936 876 3935 876 3927 877 3928 877 3935 877 3910 878 3928 878 3927 878 3909 879 3910 879 3927 879 3900 880 3910 880 3909 880 3899 881 3900 881 3909 881 3890 882 3900 882 3899 882 3889 883 3890 883 3899 883 3872 884 3890 884 3889 884 3871 885 3872 885 3889 885 3862 886 3872 886 3871 886 3861 887 3862 887 3871 887 3842 888 3862 888 3861 888 3841 889 3842 889 3861 889 3832 890 3842 890 3841 890 3831 891 3832 891 3841 891 3812 892 3832 892 3831 892 3811 893 3812 893 3831 893 3790 894 3812 894 3811 894 3789 895 3790 895 3811 895 3767 896 3790 896 3789 896 3766 897 3767 897 3789 897 3751 898 3767 898 3766 898 3750 899 3751 899 3766 899 3743 900 3751 900 3750 900 3742 901 3743 901 3750 901 3727 902 3743 902 3742 902 3726 903 3727 903 3742 903 3711 904 3727 904 3726 904 3710 905 3711 905 3726 905 3703 906 3711 906 3710 906 3702 907 3703 907 3710 907 3687 908 3703 908 3702 908 3686 909 3687 909 3702 909 3679 910 3687 910 3686 910 3678 911 3679 911 3686 911 3663 912 3679 912 3678 912 3662 913 3663 913 3678 913 3655 914 3663 914 3662 914 3654 915 3655 915 3662 915 3639 916 3655 916 3654 916 3638 917 3639 917 3654 917 3631 918 3639 918 3638 918 3630 919 3631 919 3638 919 3615 920 3631 920 3630 920 3614 921 3615 921 3630 921 3607 922 3615 922 3614 922 3606 923 3607 923 3614 923 3591 924 3607 924 3606 924 3590 925 3591 925 3606 925 3577 926 3591 926 3590 926 3576 927 3577 927 3590 927 3565 928 3577 928 3576 928 3564 929 3565 929 3576 929 3553 930 3565 930 3564 930 3552 931 3553 931 3564 931 3537 932 3553 932 3552 932 3536 933 3537 933 3552 933 3527 934 3537 934 3536 934 3526 935 3527 935 3536 935 3521 936 3527 936 3526 936 3520 937 3521 937 3526 937 2870 938 2862 938 2861 938 2869 939 2870 939 2861 939 2878 940 2870 940 2869 940 2877 941 2878 941 2869 941 2894 942 2878 942 2877 942 2893 943 2894 943 2877 943 2902 944 2894 944 2893 944 2901 945 2902 945 2893 945 2910 946 2902 946 2901 946 2909 947 2910 947 2901 947 2918 948 2910 948 2909 948 2917 949 2918 949 2909 949 2934 950 2918 950 2917 950 2933 951 2934 951 2917 951 2942 952 2934 952 2933 952 2941 953 2942 953 2933 953 2958 954 2942 954 2941 954 2957 955 2958 955 2941 955 2966 956 2958 956 2957 956 2965 957 2966 957 2957 957 2982 958 2966 958 2965 958 2981 959 2982 959 2965 959 2990 960 2982 960 2981 960 2989 961 2990 961 2981 961 3006 962 2990 962 2989 962 3005 963 3006 963 2989 963 3014 964 3006 964 3005 964 3013 965 3014 965 3005 965 3030 966 3014 966 3013 966 3029 967 3030 967 3013 967 3038 968 3030 968 3029 968 3037 969 3038 969 3029 969 3054 970 3038 970 3037 970 3053 971 3054 971 3037 971 3070 972 3054 972 3053 972 3069 973 3070 973 3053 973 3078 974 3070 974 3069 974 3077 975 3078 975 3069 975 3094 976 3078 976 3077 976 3093 977 3094 977 3077 977 3102 978 3094 978 3093 978 3101 979 3102 979 3093 979 3118 980 3102 980 3101 980 3117 981 3118 981 3101 981 3134 982 3118 982 3117 982 3133 983 3134 983 3117 983 3142 984 3134 984 3133 984 3141 985 3142 985 3133 985 3158 986 3142 986 3141 986 3157 987 3158 987 3141 987 3166 988 3158 988 3157 988 3165 989 3166 989 3157 989 3182 990 3166 990 3165 990 3181 991 3182 991 3165 991 3190 992 3182 992 3181 992 3189 993 3190 993 3181 993 3198 994 3190 994 3189 994 3197 995 3198 995 3189 995 3214 996 3198 996 3197 996 3213 997 3214 997 3197 997 3222 998 3214 998 3213 998 3221 999 3222 999 3213 999 3230 1000 3222 1000 3221 1000 3229 1001 3230 1001 3221 1001 3248 1002 3230 1002 3229 1002 3247 1003 3248 1003 3229 1003 3264 1004 3248 1004 3247 1004 3263 1005 3264 1005 3247 1005 3272 1006 3264 1006 3263 1006 3271 1007 3272 1007 3263 1007 3270 1008 3272 1008 3271 1008 3269 1009 3270 1009 3271 1009 3262 1010 3270 1010 3269 1010 3261 1011 3262 1011 3269 1011 3246 1012 3262 1012 3261 1012 3245 1013 3246 1013 3261 1013 3228 1014 3246 1014 3245 1014 3227 1015 3228 1015 3245 1015 3220 1016 3228 1016 3227 1016 3219 1017 3220 1017 3227 1017 3212 1018 3220 1018 3219 1018 3211 1019 3212 1019 3219 1019 3196 1020 3212 1020 3211 1020 3195 1021 3196 1021 3211 1021 3188 1022 3196 1022 3195 1022 3187 1023 3188 1023 3195 1023 3180 1024 3188 1024 3187 1024 3179 1025 3180 1025 3187 1025 3164 1026 3180 1026 3179 1026 3163 1027 3164 1027 3179 1027 3156 1028 3164 1028 3163 1028 3155 1029 3156 1029 3163 1029 3140 1030 3156 1030 3155 1030 3139 1031 3140 1031 3155 1031 3132 1032 3140 1032 3139 1032 3131 1033 3132 1033 3139 1033 3116 1034 3132 1034 3131 1034 3115 1035 3116 1035 3131 1035 3100 1036 3116 1036 3115 1036 3099 1037 3100 1037 3115 1037 3092 1038 3100 1038 3099 1038 3091 1039 3092 1039 3099 1039 3076 1040 3092 1040 3091 1040 3075 1041 3076 1041 3091 1041 3068 1042 3076 1042 3075 1042 3067 1043 3068 1043 3075 1043 3052 1044 3068 1044 3067 1044 3051 1045 3052 1045 3067 1045 3036 1046 3052 1046 3051 1046 3035 1047 3036 1047 3051 1047 3028 1048 3036 1048 3035 1048 3027 1049 3028 1049 3035 1049 3012 1050 3028 1050 3027 1050 3011 1051 3012 1051 3027 1051 3004 1052 3012 1052 3011 1052 3003 1053 3004 1053 3011 1053 2988 1054 3004 1054 3003 1054 2987 1055 2988 1055 3003 1055 2980 1056 2988 1056 2987 1056 2979 1057 2980 1057 2987 1057 2964 1058 2980 1058 2979 1058 2963 1059 2964 1059 2979 1059 2956 1060 2964 1060 2963 1060 2955 1061 2956 1061 2963 1061 2940 1062 2956 1062 2955 1062 2939 1063 2940 1063 2955 1063 2932 1064 2940 1064 2939 1064 2931 1065 2932 1065 2939 1065 2916 1066 2932 1066 2931 1066 2915 1067 2916 1067 2931 1067 2908 1068 2916 1068 2915 1068 2907 1069 2908 1069 2915 1069 2900 1070 2908 1070 2907 1070 2899 1071 2900 1071 2907 1071 2892 1072 2900 1072 2899 1072 2891 1073 2892 1073 2899 1073 2876 1074 2892 1074 2891 1074 2875 1075 2876 1075 2891 1075 2868 1076 2876 1076 2875 1076 2867 1077 2868 1077 2875 1077 2862 1078 2868 1078 2867 1078 2861 1079 2862 1079 2867 1079 2207 1080 2199 1080 2198 1080 2206 1081 2207 1081 2198 1081 2215 1082 2207 1082 2206 1082 2214 1083 2215 1083 2206 1083 2233 1084 2215 1084 2214 1084 2232 1085 2233 1085 2214 1085 2243 1086 2233 1086 2232 1086 2242 1087 2243 1087 2232 1087 2253 1088 2243 1088 2242 1088 2252 1089 2253 1089 2242 1089 2263 1090 2253 1090 2252 1090 2262 1091 2263 1091 2252 1091 2281 1092 2263 1092 2262 1092 2280 1093 2281 1093 2262 1093 2291 1094 2281 1094 2280 1094 2290 1095 2291 1095 2280 1095 2309 1096 2291 1096 2290 1096 2308 1097 2309 1097 2290 1097 2321 1098 2309 1098 2308 1098 2320 1099 2321 1099 2308 1099 2339 1100 2321 1100 2320 1100 2338 1101 2339 1101 2320 1101 2349 1102 2339 1102 2338 1102 2348 1103 2349 1103 2338 1103 2367 1104 2349 1104 2348 1104 2366 1105 2367 1105 2348 1105 2377 1106 2367 1106 2366 1106 2376 1107 2377 1107 2366 1107 2393 1108 2377 1108 2376 1108 2392 1109 2393 1109 2376 1109 2406 1110 2393 1110 2392 1110 2405 1111 2406 1111 2392 1111 2422 1112 2406 1112 2405 1112 2421 1113 2422 1113 2405 1113 2438 1114 2422 1114 2421 1114 2437 1115 2438 1115 2421 1115 2446 1116 2438 1116 2437 1116 2445 1117 2446 1117 2437 1117 2462 1118 2446 1118 2445 1118 2461 1119 2462 1119 2445 1119 2470 1120 2462 1120 2461 1120 2469 1121 2470 1121 2461 1121 2486 1122 2470 1122 2469 1122 2485 1123 2486 1123 2469 1123 2502 1124 2486 1124 2485 1124 2501 1125 2502 1125 2485 1125 2510 1126 2502 1126 2501 1126 2509 1127 2510 1127 2501 1127 2526 1128 2510 1128 2509 1128 2525 1129 2526 1129 2509 1129 2534 1130 2526 1130 2525 1130 2533 1131 2534 1131 2525 1131 2550 1132 2534 1132 2533 1132 2549 1133 2550 1133 2533 1133 2563 1134 2550 1134 2549 1134 2562 1135 2563 1135 2549 1135 2571 1136 2563 1136 2562 1136 2570 1137 2571 1137 2562 1137 2587 1138 2571 1138 2570 1138 2586 1139 2587 1139 2570 1139 2595 1140 2587 1140 2586 1140 2594 1141 2595 1141 2586 1141 2605 1142 2595 1142 2594 1142 2604 1143 2605 1143 2594 1143 2617 1144 2605 1144 2604 1144 2616 1145 2617 1145 2604 1145 2631 1146 2617 1146 2616 1146 2630 1147 2631 1147 2616 1147 2639 1148 2631 1148 2630 1148 2638 1149 2639 1149 2630 1149 2637 1150 2639 1150 2638 1150 2636 1151 2637 1151 2638 1151 2629 1152 2637 1152 2636 1152 2628 1153 2629 1153 2636 1153 2615 1154 2629 1154 2628 1154 2614 1155 2615 1155 2628 1155 2603 1156 2615 1156 2614 1156 2602 1157 2603 1157 2614 1157 2593 1158 2603 1158 2602 1158 2592 1159 2593 1159 2602 1159 2585 1160 2593 1160 2592 1160 2584 1161 2585 1161 2592 1161 2569 1162 2585 1162 2584 1162 2568 1163 2569 1163 2584 1163 2561 1164 2569 1164 2568 1164 2560 1165 2561 1165 2568 1165 2548 1166 2561 1166 2560 1166 2547 1167 2548 1167 2560 1167 2532 1168 2548 1168 2547 1168 2531 1169 2532 1169 2547 1169 2524 1170 2532 1170 2531 1170 2523 1171 2524 1171 2531 1171 2508 1172 2524 1172 2523 1172 2507 1173 2508 1173 2523 1173 2500 1174 2508 1174 2507 1174 2499 1175 2500 1175 2507 1175 2484 1176 2500 1176 2499 1176 2483 1177 2484 1177 2499 1177 2468 1178 2484 1178 2483 1178 2467 1179 2468 1179 2483 1179 2460 1180 2468 1180 2467 1180 2459 1181 2460 1181 2467 1181 2444 1182 2460 1182 2459 1182 2443 1183 2444 1183 2459 1183 2436 1184 2444 1184 2443 1184 2435 1185 2436 1185 2443 1185 2420 1186 2436 1186 2435 1186 2419 1187 2420 1187 2435 1187 2404 1188 2420 1188 2419 1188 2403 1189 2404 1189 2419 1189 2391 1190 2404 1190 2403 1190 2390 1191 2391 1191 2403 1191 2375 1192 2391 1192 2390 1192 2374 1193 2375 1193 2390 1193 2365 1194 2375 1194 2374 1194 2364 1195 2365 1195 2374 1195 2347 1196 2365 1196 2364 1196 2346 1197 2347 1197 2364 1197 2337 1198 2347 1198 2346 1198 2336 1199 2337 1199 2346 1199 2319 1200 2337 1200 2336 1200 2318 1201 2319 1201 2336 1201 2307 1202 2319 1202 2318 1202 2306 1203 2307 1203 2318 1203 2289 1204 2307 1204 2306 1204 2288 1205 2289 1205 2306 1205 2279 1206 2289 1206 2288 1206 2278 1207 2279 1207 2288 1207 2261 1208 2279 1208 2278 1208 2260 1209 2261 1209 2278 1209 2251 1210 2261 1210 2260 1210 2250 1211 2251 1211 2260 1211 2241 1212 2251 1212 2250 1212 2240 1213 2241 1213 2250 1213 2231 1214 2241 1214 2240 1214 2230 1215 2231 1215 2240 1215 2213 1216 2231 1216 2230 1216 2212 1217 2213 1217 2230 1217 2205 1218 2213 1218 2212 1218 2204 1219 2205 1219 2212 1219 2199 1220 2205 1220 2204 1220 2198 1221 2199 1221 2204 1221 1574 1222 1566 1222 1565 1222 1573 1223 1574 1223 1565 1223 1582 1224 1574 1224 1573 1224 1581 1225 1582 1225 1573 1225 1600 1226 1582 1226 1581 1226 1599 1227 1600 1227 1581 1227 1608 1228 1600 1228 1599 1228 1607 1229 1608 1229 1599 1229 1618 1230 1608 1230 1607 1230 1617 1231 1618 1231 1607 1231 1628 1232 1618 1232 1617 1232 1627 1233 1628 1233 1617 1233 1646 1234 1628 1234 1627 1234 1645 1235 1646 1235 1627 1235 1656 1236 1646 1236 1645 1236 1655 1237 1656 1237 1645 1237 1674 1238 1656 1238 1655 1238 1673 1239 1674 1239 1655 1239 1686 1240 1674 1240 1673 1240 1685 1241 1686 1241 1673 1241 1708 1242 1686 1242 1685 1242 1707 1243 1708 1243 1685 1243 1726 1244 1708 1244 1707 1244 1725 1245 1726 1245 1707 1245 1742 1246 1726 1246 1725 1246 1741 1247 1742 1247 1725 1247 1750 1248 1742 1248 1741 1248 1749 1249 1750 1249 1741 1249 1766 1250 1750 1250 1749 1250 1765 1251 1766 1251 1749 1251 1774 1252 1766 1252 1765 1252 1773 1253 1774 1253 1765 1253 1790 1254 1774 1254 1773 1254 1789 1255 1790 1255 1773 1255 1806 1256 1790 1256 1789 1256 1805 1257 1806 1257 1789 1257 1814 1258 1806 1258 1805 1258 1813 1259 1814 1259 1805 1259 1830 1260 1814 1260 1813 1260 1829 1261 1830 1261 1813 1261 1838 1262 1830 1262 1829 1262 1837 1263 1838 1263 1829 1263 1854 1264 1838 1264 1837 1264 1853 1265 1854 1265 1837 1265 1870 1266 1854 1266 1853 1266 1869 1267 1870 1267 1853 1267 1878 1268 1870 1268 1869 1268 1877 1269 1878 1269 1869 1269 1894 1270 1878 1270 1877 1270 1893 1271 1894 1271 1877 1271 1902 1272 1894 1272 1893 1272 1901 1273 1902 1273 1893 1273 1918 1274 1902 1274 1901 1274 1917 1275 1918 1275 1901 1275 1926 1276 1918 1276 1917 1276 1925 1277 1926 1277 1917 1277 1934 1278 1926 1278 1925 1278 1933 1279 1934 1279 1925 1279 1950 1280 1934 1280 1933 1280 1949 1281 1950 1281 1933 1281 1958 1282 1950 1282 1949 1282 1957 1283 1958 1283 1949 1283 1966 1284 1958 1284 1957 1284 1965 1285 1966 1285 1957 1285 1978 1286 1966 1286 1965 1286 1977 1287 1978 1287 1965 1287 1990 1288 1978 1288 1977 1288 1989 1289 1990 1289 1977 1289 1998 1290 1990 1290 1989 1290 1997 1291 1998 1291 1989 1291 1996 1292 1998 1292 1997 1292 1995 1293 1996 1293 1997 1293 1988 1294 1996 1294 1995 1294 1987 1295 1988 1295 1995 1295 1976 1296 1988 1296 1987 1296 1975 1297 1976 1297 1987 1297 1964 1298 1976 1298 1975 1298 1963 1299 1964 1299 1975 1299 1956 1300 1964 1300 1963 1300 1955 1301 1956 1301 1963 1301 1948 1302 1956 1302 1955 1302 1947 1303 1948 1303 1955 1303 1932 1304 1948 1304 1947 1304 1931 1305 1932 1305 1947 1305 1924 1306 1932 1306 1931 1306 1923 1307 1924 1307 1931 1307 1916 1308 1924 1308 1923 1308 1915 1309 1916 1309 1923 1309 1900 1310 1916 1310 1915 1310 1899 1311 1900 1311 1915 1311 1892 1312 1900 1312 1899 1312 1891 1313 1892 1313 1899 1313 1876 1314 1892 1314 1891 1314 1875 1315 1876 1315 1891 1315 1868 1316 1876 1316 1875 1316 1867 1317 1868 1317 1875 1317 1852 1318 1868 1318 1867 1318 1851 1319 1852 1319 1867 1319 1836 1320 1852 1320 1851 1320 1835 1321 1836 1321 1851 1321 1828 1322 1836 1322 1835 1322 1827 1323 1828 1323 1835 1323 1812 1324 1828 1324 1827 1324 1811 1325 1812 1325 1827 1325 1804 1326 1812 1326 1811 1326 1803 1327 1804 1327 1811 1327 1788 1328 1804 1328 1803 1328 1787 1329 1788 1329 1803 1329 1772 1330 1788 1330 1787 1330 1771 1331 1772 1331 1787 1331 1764 1332 1772 1332 1771 1332 1763 1333 1764 1333 1771 1333 1748 1334 1764 1334 1763 1334 1747 1335 1748 1335 1763 1335 1740 1336 1748 1336 1747 1336 1739 1337 1740 1337 1747 1337 1724 1338 1740 1338 1739 1338 1723 1339 1724 1339 1739 1339 1706 1340 1724 1340 1723 1340 1705 1341 1706 1341 1723 1341 1684 1342 1706 1342 1705 1342 1683 1343 1684 1343 1705 1343 1672 1344 1684 1344 1683 1344 1671 1345 1672 1345 1683 1345 1654 1346 1672 1346 1671 1346 1653 1347 1654 1347 1671 1347 1644 1348 1654 1348 1653 1348 1643 1349 1644 1349 1653 1349 1626 1350 1644 1350 1643 1350 1625 1351 1626 1351 1643 1351 1616 1352 1626 1352 1625 1352 1615 1353 1616 1353 1625 1353 1606 1354 1616 1354 1615 1354 1605 1355 1606 1355 1615 1355 1598 1356 1606 1356 1605 1356 1597 1357 1598 1357 1605 1357 1580 1358 1598 1358 1597 1358 1579 1359 1580 1359 1597 1359 1572 1360 1580 1360 1579 1360 1571 1361 1572 1361 1579 1361 1566 1362 1572 1362 1571 1362 1565 1363 1566 1363 1571 1363 892 1364 884 1364 883 1364 891 1365 892 1365 883 1365 900 1366 892 1366 891 1366 899 1367 900 1367 891 1367 916 1368 900 1368 899 1368 915 1369 916 1369 899 1369 926 1370 916 1370 915 1370 925 1371 926 1371 915 1371 934 1372 926 1372 925 1372 933 1373 934 1373 925 1373 944 1374 934 1374 933 1374 943 1375 944 1375 933 1375 962 1376 944 1376 943 1376 961 1377 962 1377 943 1377 972 1378 962 1378 961 1378 971 1379 972 1379 961 1379 990 1380 972 1380 971 1380 989 1381 990 1381 971 1381 1000 1382 990 1382 989 1382 999 1383 1000 1383 989 1383 1020 1384 1000 1384 999 1384 1019 1385 1020 1385 999 1385 1032 1386 1020 1386 1019 1386 1031 1387 1032 1387 1019 1387 1052 1388 1032 1388 1031 1388 1051 1389 1052 1389 1031 1389 1075 1390 1052 1390 1051 1390 1074 1391 1075 1391 1051 1391 1091 1392 1075 1392 1074 1392 1090 1393 1091 1393 1074 1393 1099 1394 1091 1394 1090 1394 1098 1395 1099 1395 1090 1395 1115 1396 1099 1396 1098 1396 1114 1397 1115 1397 1098 1397 1131 1398 1115 1398 1114 1398 1130 1399 1131 1399 1114 1399 1139 1400 1131 1400 1130 1400 1138 1401 1139 1401 1130 1401 1155 1402 1139 1402 1138 1402 1154 1403 1155 1403 1138 1403 1163 1404 1155 1404 1154 1404 1162 1405 1163 1405 1154 1405 1179 1406 1163 1406 1162 1406 1178 1407 1179 1407 1162 1407 1195 1408 1179 1408 1178 1408 1194 1409 1195 1409 1178 1409 1203 1410 1195 1410 1194 1410 1202 1411 1203 1411 1194 1411 1219 1412 1203 1412 1202 1412 1218 1413 1219 1413 1202 1413 1227 1414 1219 1414 1218 1414 1226 1415 1227 1415 1218 1415 1243 1416 1227 1416 1226 1416 1242 1417 1243 1417 1226 1417 1251 1418 1243 1418 1242 1418 1250 1419 1251 1419 1242 1419 1259 1420 1251 1420 1250 1420 1258 1421 1259 1421 1250 1421 1275 1422 1259 1422 1258 1422 1274 1423 1275 1423 1258 1423 1283 1424 1275 1424 1274 1424 1282 1425 1283 1425 1274 1425 1291 1426 1283 1426 1282 1426 1290 1427 1291 1427 1282 1427 1303 1428 1291 1428 1290 1428 1302 1429 1303 1429 1290 1429 1315 1430 1303 1430 1302 1430 1314 1431 1315 1431 1302 1431 1323 1432 1315 1432 1314 1432 1322 1433 1323 1433 1314 1433 1321 1434 1323 1434 1322 1434 1320 1435 1321 1435 1322 1435 1313 1436 1321 1436 1320 1436 1312 1437 1313 1437 1320 1437 1301 1438 1313 1438 1312 1438 1300 1439 1301 1439 1312 1439 1289 1440 1301 1440 1300 1440 1288 1441 1289 1441 1300 1441 1281 1442 1289 1442 1288 1442 1280 1443 1281 1443 1288 1443 1273 1444 1281 1444 1280 1444 1272 1445 1273 1445 1280 1445 1257 1446 1273 1446 1272 1446 1256 1447 1257 1447 1272 1447 1249 1448 1257 1448 1256 1448 1248 1449 1249 1449 1256 1449 1241 1450 1249 1450 1248 1450 1240 1451 1241 1451 1248 1451 1225 1452 1241 1452 1240 1452 1224 1453 1225 1453 1240 1453 1217 1454 1225 1454 1224 1454 1216 1455 1217 1455 1224 1455 1201 1456 1217 1456 1216 1456 1200 1457 1201 1457 1216 1457 1193 1458 1201 1458 1200 1458 1192 1459 1193 1459 1200 1459 1177 1460 1193 1460 1192 1460 1176 1461 1177 1461 1192 1461 1161 1462 1177 1462 1176 1462 1160 1463 1161 1463 1176 1463 1153 1464 1161 1464 1160 1464 1152 1465 1153 1465 1160 1465 1137 1466 1153 1466 1152 1466 1136 1467 1137 1467 1152 1467 1129 1468 1137 1468 1136 1468 1128 1469 1129 1469 1136 1469 1113 1470 1129 1470 1128 1470 1112 1471 1113 1471 1128 1471 1097 1472 1113 1472 1112 1472 1096 1473 1097 1473 1112 1473 1089 1474 1097 1474 1096 1474 1088 1475 1089 1475 1096 1475 1073 1476 1089 1476 1088 1476 1072 1477 1073 1477 1088 1477 1050 1478 1073 1478 1072 1478 1049 1479 1050 1479 1072 1479 1030 1480 1050 1480 1049 1480 1029 1481 1030 1481 1049 1481 1018 1482 1030 1482 1029 1482 1017 1483 1018 1483 1029 1483 998 1484 1018 1484 1017 1484 997 1485 998 1485 1017 1485 988 1486 998 1486 997 1486 987 1487 988 1487 997 1487 970 1488 988 1488 987 1488 969 1489 970 1489 987 1489 960 1490 970 1490 969 1490 959 1491 960 1491 969 1491 942 1492 960 1492 959 1492 941 1493 942 1493 959 1493 932 1494 942 1494 941 1494 931 1495 932 1495 941 1495 924 1496 932 1496 931 1496 923 1497 924 1497 931 1497 914 1498 924 1498 923 1498 913 1499 914 1499 923 1499 898 1500 914 1500 913 1500 897 1501 898 1501 913 1501 890 1502 898 1502 897 1502 889 1503 890 1503 897 1503 884 1504 890 1504 889 1504 883 1505 884 1505 889 1505 4196 1506 4342 1506 4340 1506 4346 1507 4369 1507 4373 1507 4340 1508 4371 1508 4367 1508 4363 1509 4340 1509 4367 1509 4355 1510 4353 1510 4196 1510 4340 1511 4355 1511 4196 1511 4359 1512 4355 1512 4340 1512 4363 1513 4359 1513 4340 1513 4346 1514 4357 1514 4361 1514 4365 1515 4346 1515 4361 1515 4369 1516 4346 1516 4365 1516 4344 1517 4853 1517 4851 1517 4342 1518 4344 1518 4851 1518 4344 1519 4342 1519 4196 1519 4199 1520 4344 1520 4196 1520 4346 1521 4344 1521 4199 1521 4354 1522 4346 1522 4199 1522 4357 1523 4346 1523 4354 1523 4198 1524 4199 1524 4196 1524 4195 1525 4198 1525 4196 1525 4195 1526 4193 1526 4192 1526 4194 1527 4195 1527 4192 1527 4200 1528 4201 1528 4198 1528 4195 1529 4200 1529 4198 1529 4197 1530 4200 1530 4195 1530 4194 1531 4197 1531 4195 1531 664 1532 502 1532 505 1532 513 1533 500 1533 496 1533 504 1534 500 1534 513 1534 513 1535 496 1535 492 1535 488 1536 513 1536 492 1536 484 1537 513 1537 488 1537 661 1538 504 1538 513 1538 515 1539 661 1539 513 1539 664 1540 661 1540 515 1540 519 1541 486 1541 490 1541 494 1542 519 1542 490 1542 498 1543 519 1543 494 1543 519 1544 498 1544 502 1544 664 1545 519 1545 502 1545 517 1546 519 1546 664 1546 515 1547 517 1547 664 1547 10 1548 517 1548 515 1548 8 1549 10 1549 515 1549 663 1550 666 1550 665 1550 660 1551 663 1551 665 1551 664 1552 663 1552 660 1552 661 1553 664 1553 660 1553 659 1554 657 1554 658 1554 660 1555 659 1555 658 1555 662 1556 659 1556 660 1556 665 1557 662 1557 660 1557 3525 1558 3519 1558 3518 1558 3524 1559 3525 1559 3518 1559 3535 1560 3525 1560 3524 1560 3534 1561 3535 1561 3524 1561 3551 1562 3535 1562 3534 1562 3550 1563 3551 1563 3534 1563 3563 1564 3551 1564 3550 1564 3562 1565 3563 1565 3550 1565 3575 1566 3563 1566 3562 1566 3574 1567 3575 1567 3562 1567 3589 1568 3575 1568 3574 1568 3588 1569 3589 1569 3574 1569 3605 1570 3589 1570 3588 1570 3604 1571 3605 1571 3588 1571 3613 1572 3605 1572 3604 1572 3612 1573 3613 1573 3604 1573 3629 1574 3613 1574 3612 1574 3628 1575 3629 1575 3612 1575 3637 1576 3629 1576 3628 1576 3636 1577 3637 1577 3628 1577 3653 1578 3637 1578 3636 1578 3652 1579 3653 1579 3636 1579 3661 1580 3653 1580 3652 1580 3660 1581 3661 1581 3652 1581 3677 1582 3661 1582 3660 1582 3676 1583 3677 1583 3660 1583 3685 1584 3677 1584 3676 1584 3684 1585 3685 1585 3676 1585 3701 1586 3685 1586 3684 1586 3700 1587 3701 1587 3684 1587 3709 1588 3701 1588 3700 1588 3708 1589 3709 1589 3700 1589 3725 1590 3709 1590 3708 1590 3724 1591 3725 1591 3708 1591 3741 1592 3725 1592 3724 1592 3740 1593 3741 1593 3724 1593 3749 1594 3741 1594 3740 1594 3748 1595 3749 1595 3740 1595 3765 1596 3749 1596 3748 1596 3764 1597 3765 1597 3748 1597 3788 1598 3765 1598 3764 1598 3787 1599 3788 1599 3764 1599 3810 1600 3788 1600 3787 1600 3809 1601 3810 1601 3787 1601 3830 1602 3810 1602 3809 1602 3829 1603 3830 1603 3809 1603 3840 1604 3830 1604 3829 1604 3839 1605 3840 1605 3829 1605 3860 1606 3840 1606 3839 1606 3859 1607 3860 1607 3839 1607 3870 1608 3860 1608 3859 1608 3869 1609 3870 1609 3859 1609 3888 1610 3870 1610 3869 1610 3887 1611 3888 1611 3869 1611 3898 1612 3888 1612 3887 1612 3897 1613 3898 1613 3887 1613 3908 1614 3898 1614 3897 1614 3907 1615 3908 1615 3897 1615 3926 1616 3908 1616 3907 1616 3925 1617 3926 1617 3907 1617 3934 1618 3926 1618 3925 1618 3933 1619 3934 1619 3925 1619 3942 1620 3934 1620 3933 1620 3941 1621 3942 1621 3933 1621 3954 1622 3942 1622 3941 1622 3953 1623 3954 1623 3941 1623 3966 1624 3954 1624 3953 1624 3965 1625 3966 1625 3953 1625 3974 1626 3966 1626 3965 1626 3973 1627 3974 1627 3965 1627 3972 1628 3974 1628 3973 1628 3971 1629 3972 1629 3973 1629 3964 1630 3972 1630 3971 1630 3963 1631 3964 1631 3971 1631 3952 1632 3964 1632 3963 1632 3951 1633 3952 1633 3963 1633 3940 1634 3952 1634 3951 1634 3939 1635 3940 1635 3951 1635 3932 1636 3940 1636 3939 1636 3931 1637 3932 1637 3939 1637 3924 1638 3932 1638 3931 1638 3923 1639 3924 1639 3931 1639 3906 1640 3924 1640 3923 1640 3905 1641 3906 1641 3923 1641 3896 1642 3906 1642 3905 1642 3895 1643 3896 1643 3905 1643 3886 1644 3896 1644 3895 1644 3885 1645 3886 1645 3895 1645 3868 1646 3886 1646 3885 1646 3867 1647 3868 1647 3885 1647 3858 1648 3868 1648 3867 1648 3857 1649 3858 1649 3867 1649 3838 1650 3858 1650 3857 1650 3837 1651 3838 1651 3857 1651 3828 1652 3838 1652 3837 1652 3827 1653 3828 1653 3837 1653 3808 1654 3828 1654 3827 1654 3807 1655 3808 1655 3827 1655 3786 1656 3808 1656 3807 1656 3785 1657 3786 1657 3807 1657 3763 1658 3786 1658 3785 1658 3762 1659 3763 1659 3785 1659 3747 1660 3763 1660 3762 1660 3746 1661 3747 1661 3762 1661 3739 1662 3747 1662 3746 1662 3738 1663 3739 1663 3746 1663 3723 1664 3739 1664 3738 1664 3722 1665 3723 1665 3738 1665 3707 1666 3723 1666 3722 1666 3706 1667 3707 1667 3722 1667 3699 1668 3707 1668 3706 1668 3698 1669 3699 1669 3706 1669 3683 1670 3699 1670 3698 1670 3682 1671 3683 1671 3698 1671 3675 1672 3683 1672 3682 1672 3674 1673 3675 1673 3682 1673 3659 1674 3675 1674 3674 1674 3658 1675 3659 1675 3674 1675 3651 1676 3659 1676 3658 1676 3650 1677 3651 1677 3658 1677 3635 1678 3651 1678 3650 1678 3634 1679 3635 1679 3650 1679 3627 1680 3635 1680 3634 1680 3626 1681 3627 1681 3634 1681 3611 1682 3627 1682 3626 1682 3610 1683 3611 1683 3626 1683 3603 1684 3611 1684 3610 1684 3602 1685 3603 1685 3610 1685 3587 1686 3603 1686 3602 1686 3586 1687 3587 1687 3602 1687 3573 1688 3587 1688 3586 1688 3572 1689 3573 1689 3586 1689 3561 1690 3573 1690 3572 1690 3560 1691 3561 1691 3572 1691 3549 1692 3561 1692 3560 1692 3548 1693 3549 1693 3560 1693 3533 1694 3549 1694 3548 1694 3532 1695 3533 1695 3548 1695 3523 1696 3533 1696 3532 1696 3522 1697 3523 1697 3532 1697 3519 1698 3523 1698 3522 1698 3518 1699 3519 1699 3522 1699 2866 1700 2860 1700 2859 1700 2865 1701 2866 1701 2859 1701 2874 1702 2866 1702 2865 1702 2873 1703 2874 1703 2865 1703 2890 1704 2874 1704 2873 1704 2889 1705 2890 1705 2873 1705 2898 1706 2890 1706 2889 1706 2897 1707 2898 1707 2889 1707 2906 1708 2898 1708 2897 1708 2905 1709 2906 1709 2897 1709 2914 1710 2906 1710 2905 1710 2913 1711 2914 1711 2905 1711 2930 1712 2914 1712 2913 1712 2929 1713 2930 1713 2913 1713 2938 1714 2930 1714 2929 1714 2937 1715 2938 1715 2929 1715 2954 1716 2938 1716 2937 1716 2953 1717 2954 1717 2937 1717 2962 1718 2954 1718 2953 1718 2961 1719 2962 1719 2953 1719 2978 1720 2962 1720 2961 1720 2977 1721 2978 1721 2961 1721 2986 1722 2978 1722 2977 1722 2985 1723 2986 1723 2977 1723 3002 1724 2986 1724 2985 1724 3001 1725 3002 1725 2985 1725 3010 1726 3002 1726 3001 1726 3009 1727 3010 1727 3001 1727 3026 1728 3010 1728 3009 1728 3025 1729 3026 1729 3009 1729 3034 1730 3026 1730 3025 1730 3033 1731 3034 1731 3025 1731 3050 1732 3034 1732 3033 1732 3049 1733 3050 1733 3033 1733 3066 1734 3050 1734 3049 1734 3065 1735 3066 1735 3049 1735 3074 1736 3066 1736 3065 1736 3073 1737 3074 1737 3065 1737 3090 1738 3074 1738 3073 1738 3089 1739 3090 1739 3073 1739 3098 1740 3090 1740 3089 1740 3097 1741 3098 1741 3089 1741 3114 1742 3098 1742 3097 1742 3113 1743 3114 1743 3097 1743 3130 1744 3114 1744 3113 1744 3129 1745 3130 1745 3113 1745 3138 1746 3130 1746 3129 1746 3137 1747 3138 1747 3129 1747 3154 1748 3138 1748 3137 1748 3153 1749 3154 1749 3137 1749 3162 1750 3154 1750 3153 1750 3161 1751 3162 1751 3153 1751 3178 1752 3162 1752 3161 1752 3177 1753 3178 1753 3161 1753 3186 1754 3178 1754 3177 1754 3185 1755 3186 1755 3177 1755 3194 1756 3186 1756 3185 1756 3193 1757 3194 1757 3185 1757 3210 1758 3194 1758 3193 1758 3209 1759 3210 1759 3193 1759 3218 1760 3210 1760 3209 1760 3217 1761 3218 1761 3209 1761 3226 1762 3218 1762 3217 1762 3225 1763 3226 1763 3217 1763 3244 1764 3226 1764 3225 1764 3243 1765 3244 1765 3225 1765 3260 1766 3244 1766 3243 1766 3259 1767 3260 1767 3243 1767 3268 1768 3260 1768 3259 1768 3267 1769 3268 1769 3259 1769 3266 1770 3268 1770 3267 1770 3265 1771 3266 1771 3267 1771 3258 1772 3266 1772 3265 1772 3257 1773 3258 1773 3265 1773 3242 1774 3258 1774 3257 1774 3241 1775 3242 1775 3257 1775 3224 1776 3242 1776 3241 1776 3223 1777 3224 1777 3241 1777 3216 1778 3224 1778 3223 1778 3215 1779 3216 1779 3223 1779 3208 1780 3216 1780 3215 1780 3207 1781 3208 1781 3215 1781 3192 1782 3208 1782 3207 1782 3191 1783 3192 1783 3207 1783 3184 1784 3192 1784 3191 1784 3183 1785 3184 1785 3191 1785 3176 1786 3184 1786 3183 1786 3175 1787 3176 1787 3183 1787 3160 1788 3176 1788 3175 1788 3159 1789 3160 1789 3175 1789 3152 1790 3160 1790 3159 1790 3151 1791 3152 1791 3159 1791 3136 1792 3152 1792 3151 1792 3135 1793 3136 1793 3151 1793 3128 1794 3136 1794 3135 1794 3127 1795 3128 1795 3135 1795 3112 1796 3128 1796 3127 1796 3111 1797 3112 1797 3127 1797 3096 1798 3112 1798 3111 1798 3095 1799 3096 1799 3111 1799 3088 1800 3096 1800 3095 1800 3087 1801 3088 1801 3095 1801 3072 1802 3088 1802 3087 1802 3071 1803 3072 1803 3087 1803 3064 1804 3072 1804 3071 1804 3063 1805 3064 1805 3071 1805 3048 1806 3064 1806 3063 1806 3047 1807 3048 1807 3063 1807 3032 1808 3048 1808 3047 1808 3031 1809 3032 1809 3047 1809 3024 1810 3032 1810 3031 1810 3023 1811 3024 1811 3031 1811 3008 1812 3024 1812 3023 1812 3007 1813 3008 1813 3023 1813 3000 1814 3008 1814 3007 1814 2999 1815 3000 1815 3007 1815 2984 1816 3000 1816 2999 1816 2983 1817 2984 1817 2999 1817 2976 1818 2984 1818 2983 1818 2975 1819 2976 1819 2983 1819 2960 1820 2976 1820 2975 1820 2959 1821 2960 1821 2975 1821 2952 1822 2960 1822 2959 1822 2951 1823 2952 1823 2959 1823 2936 1824 2952 1824 2951 1824 2935 1825 2936 1825 2951 1825 2928 1826 2936 1826 2935 1826 2927 1827 2928 1827 2935 1827 2912 1828 2928 1828 2927 1828 2911 1829 2912 1829 2927 1829 2904 1830 2912 1830 2911 1830 2903 1831 2904 1831 2911 1831 2896 1832 2904 1832 2903 1832 2895 1833 2896 1833 2903 1833 2888 1834 2896 1834 2895 1834 2887 1835 2888 1835 2895 1835 2872 1836 2888 1836 2887 1836 2871 1837 2872 1837 2887 1837 2864 1838 2872 1838 2871 1838 2863 1839 2864 1839 2871 1839 2860 1840 2864 1840 2863 1840 2859 1841 2860 1841 2863 1841 2203 1842 2197 1842 2196 1842 2202 1843 2203 1843 2196 1843 2211 1844 2203 1844 2202 1844 2210 1845 2211 1845 2202 1845 2229 1846 2211 1846 2210 1846 2228 1847 2229 1847 2210 1847 2239 1848 2229 1848 2228 1848 2238 1849 2239 1849 2228 1849 2249 1850 2239 1850 2238 1850 2248 1851 2249 1851 2238 1851 2259 1852 2249 1852 2248 1852 2258 1853 2259 1853 2248 1853 2277 1854 2259 1854 2258 1854 2276 1855 2277 1855 2258 1855 2287 1856 2277 1856 2276 1856 2286 1857 2287 1857 2276 1857 2305 1858 2287 1858 2286 1858 2304 1859 2305 1859 2286 1859 2317 1860 2305 1860 2304 1860 2316 1861 2317 1861 2304 1861 2335 1862 2317 1862 2316 1862 2334 1863 2335 1863 2316 1863 2345 1864 2335 1864 2334 1864 2344 1865 2345 1865 2334 1865 2363 1866 2345 1866 2344 1866 2362 1867 2363 1867 2344 1867 2373 1868 2363 1868 2362 1868 2372 1869 2373 1869 2362 1869 2389 1870 2373 1870 2372 1870 2388 1871 2389 1871 2372 1871 2402 1872 2389 1872 2388 1872 2401 1873 2402 1873 2388 1873 2418 1874 2402 1874 2401 1874 2417 1875 2418 1875 2401 1875 2434 1876 2418 1876 2417 1876 2433 1877 2434 1877 2417 1877 2442 1878 2434 1878 2433 1878 2441 1879 2442 1879 2433 1879 2458 1880 2442 1880 2441 1880 2457 1881 2458 1881 2441 1881 2466 1882 2458 1882 2457 1882 2465 1883 2466 1883 2457 1883 2482 1884 2466 1884 2465 1884 2481 1885 2482 1885 2465 1885 2498 1886 2482 1886 2481 1886 2497 1887 2498 1887 2481 1887 2506 1888 2498 1888 2497 1888 2505 1889 2506 1889 2497 1889 2522 1890 2506 1890 2505 1890 2521 1891 2522 1891 2505 1891 2530 1892 2522 1892 2521 1892 2529 1893 2530 1893 2521 1893 2546 1894 2530 1894 2529 1894 2545 1895 2546 1895 2529 1895 2559 1896 2546 1896 2545 1896 2558 1897 2559 1897 2545 1897 2567 1898 2559 1898 2558 1898 2566 1899 2567 1899 2558 1899 2583 1900 2567 1900 2566 1900 2582 1901 2583 1901 2566 1901 2591 1902 2583 1902 2582 1902 2590 1903 2591 1903 2582 1903 2601 1904 2591 1904 2590 1904 2600 1905 2601 1905 2590 1905 2613 1906 2601 1906 2600 1906 2612 1907 2613 1907 2600 1907 2627 1908 2613 1908 2612 1908 2626 1909 2627 1909 2612 1909 2635 1910 2627 1910 2626 1910 2634 1911 2635 1911 2626 1911 2633 1912 2635 1912 2634 1912 2632 1913 2633 1913 2634 1913 2625 1914 2633 1914 2632 1914 2624 1915 2625 1915 2632 1915 2611 1916 2625 1916 2624 1916 2610 1917 2611 1917 2624 1917 2599 1918 2611 1918 2610 1918 2598 1919 2599 1919 2610 1919 2589 1920 2599 1920 2598 1920 2588 1921 2589 1921 2598 1921 2581 1922 2589 1922 2588 1922 2580 1923 2581 1923 2588 1923 2565 1924 2581 1924 2580 1924 2564 1925 2565 1925 2580 1925 2557 1926 2565 1926 2564 1926 2556 1927 2557 1927 2564 1927 2544 1928 2557 1928 2556 1928 2543 1929 2544 1929 2556 1929 2528 1930 2544 1930 2543 1930 2527 1931 2528 1931 2543 1931 2520 1932 2528 1932 2527 1932 2519 1933 2520 1933 2527 1933 2504 1934 2520 1934 2519 1934 2503 1935 2504 1935 2519 1935 2496 1936 2504 1936 2503 1936 2495 1937 2496 1937 2503 1937 2480 1938 2496 1938 2495 1938 2479 1939 2480 1939 2495 1939 2464 1940 2480 1940 2479 1940 2463 1941 2464 1941 2479 1941 2456 1942 2464 1942 2463 1942 2455 1943 2456 1943 2463 1943 2440 1944 2456 1944 2455 1944 2439 1945 2440 1945 2455 1945 2432 1946 2440 1946 2439 1946 2431 1947 2432 1947 2439 1947 2416 1948 2432 1948 2431 1948 2415 1949 2416 1949 2431 1949 2400 1950 2416 1950 2415 1950 2399 1951 2400 1951 2415 1951 2387 1952 2400 1952 2399 1952 2386 1953 2387 1953 2399 1953 2371 1954 2387 1954 2386 1954 2370 1955 2371 1955 2386 1955 2361 1956 2371 1956 2370 1956 2360 1957 2361 1957 2370 1957 2343 1958 2361 1958 2360 1958 2342 1959 2343 1959 2360 1959 2333 1960 2343 1960 2342 1960 2332 1961 2333 1961 2342 1961 2315 1962 2333 1962 2332 1962 2314 1963 2315 1963 2332 1963 2303 1964 2315 1964 2314 1964 2302 1965 2303 1965 2314 1965 2285 1966 2303 1966 2302 1966 2284 1967 2285 1967 2302 1967 2275 1968 2285 1968 2284 1968 2274 1969 2275 1969 2284 1969 2257 1970 2275 1970 2274 1970 2256 1971 2257 1971 2274 1971 2247 1972 2257 1972 2256 1972 2246 1973 2247 1973 2256 1973 2237 1974 2247 1974 2246 1974 2236 1975 2237 1975 2246 1975 2227 1976 2237 1976 2236 1976 2226 1977 2227 1977 2236 1977 2209 1978 2227 1978 2226 1978 2208 1979 2209 1979 2226 1979 2201 1980 2209 1980 2208 1980 2200 1981 2201 1981 2208 1981 2197 1982 2201 1982 2200 1982 2196 1983 2197 1983 2200 1983 1570 1984 1564 1984 1563 1984 1569 1985 1570 1985 1563 1985 1578 1986 1570 1986 1569 1986 1577 1987 1578 1987 1569 1987 1596 1988 1578 1988 1577 1988 1595 1989 1596 1989 1577 1989 1604 1990 1596 1990 1595 1990 1603 1991 1604 1991 1595 1991 1614 1992 1604 1992 1603 1992 1613 1993 1614 1993 1603 1993 1624 1994 1614 1994 1613 1994 1623 1995 1624 1995 1613 1995 1642 1996 1624 1996 1623 1996 1641 1997 1642 1997 1623 1997 1652 1998 1642 1998 1641 1998 1651 1999 1652 1999 1641 1999 1670 2000 1652 2000 1651 2000 1669 2001 1670 2001 1651 2001 1682 2002 1670 2002 1669 2002 1681 2003 1682 2003 1669 2003 1704 2004 1682 2004 1681 2004 1703 2005 1704 2005 1681 2005 1722 2006 1704 2006 1703 2006 1721 2007 1722 2007 1703 2007 1738 2008 1722 2008 1721 2008 1737 2009 1738 2009 1721 2009 1746 2010 1738 2010 1737 2010 1745 2011 1746 2011 1737 2011 1762 2012 1746 2012 1745 2012 1761 2013 1762 2013 1745 2013 1770 2014 1762 2014 1761 2014 1769 2015 1770 2015 1761 2015 1786 2016 1770 2016 1769 2016 1785 2017 1786 2017 1769 2017 1802 2018 1786 2018 1785 2018 1801 2019 1802 2019 1785 2019 1810 2020 1802 2020 1801 2020 1809 2021 1810 2021 1801 2021 1826 2022 1810 2022 1809 2022 1825 2023 1826 2023 1809 2023 1834 2024 1826 2024 1825 2024 1833 2025 1834 2025 1825 2025 1850 2026 1834 2026 1833 2026 1849 2027 1850 2027 1833 2027 1866 2028 1850 2028 1849 2028 1865 2029 1866 2029 1849 2029 1874 2030 1866 2030 1865 2030 1873 2031 1874 2031 1865 2031 1890 2032 1874 2032 1873 2032 1889 2033 1890 2033 1873 2033 1898 2034 1890 2034 1889 2034 1897 2035 1898 2035 1889 2035 1914 2036 1898 2036 1897 2036 1913 2037 1914 2037 1897 2037 1922 2038 1914 2038 1913 2038 1921 2039 1922 2039 1913 2039 1930 2040 1922 2040 1921 2040 1929 2041 1930 2041 1921 2041 1946 2042 1930 2042 1929 2042 1945 2043 1946 2043 1929 2043 1954 2044 1946 2044 1945 2044 1953 2045 1954 2045 1945 2045 1962 2046 1954 2046 1953 2046 1961 2047 1962 2047 1953 2047 1974 2048 1962 2048 1961 2048 1973 2049 1974 2049 1961 2049 1986 2050 1974 2050 1973 2050 1985 2051 1986 2051 1973 2051 1994 2052 1986 2052 1985 2052 1993 2053 1994 2053 1985 2053 1992 2054 1994 2054 1993 2054 1991 2055 1992 2055 1993 2055 1984 2056 1992 2056 1991 2056 1983 2057 1984 2057 1991 2057 1972 2058 1984 2058 1983 2058 1971 2059 1972 2059 1983 2059 1960 2060 1972 2060 1971 2060 1959 2061 1960 2061 1971 2061 1952 2062 1960 2062 1959 2062 1951 2063 1952 2063 1959 2063 1944 2064 1952 2064 1951 2064 1943 2065 1944 2065 1951 2065 1928 2066 1944 2066 1943 2066 1927 2067 1928 2067 1943 2067 1920 2068 1928 2068 1927 2068 1919 2069 1920 2069 1927 2069 1912 2070 1920 2070 1919 2070 1911 2071 1912 2071 1919 2071 1896 2072 1912 2072 1911 2072 1895 2073 1896 2073 1911 2073 1888 2074 1896 2074 1895 2074 1887 2075 1888 2075 1895 2075 1872 2076 1888 2076 1887 2076 1871 2077 1872 2077 1887 2077 1864 2078 1872 2078 1871 2078 1863 2079 1864 2079 1871 2079 1848 2080 1864 2080 1863 2080 1847 2081 1848 2081 1863 2081 1832 2082 1848 2082 1847 2082 1831 2083 1832 2083 1847 2083 1824 2084 1832 2084 1831 2084 1823 2085 1824 2085 1831 2085 1808 2086 1824 2086 1823 2086 1807 2087 1808 2087 1823 2087 1800 2088 1808 2088 1807 2088 1799 2089 1800 2089 1807 2089 1784 2090 1800 2090 1799 2090 1783 2091 1784 2091 1799 2091 1768 2092 1784 2092 1783 2092 1767 2093 1768 2093 1783 2093 1760 2094 1768 2094 1767 2094 1759 2095 1760 2095 1767 2095 1744 2096 1760 2096 1759 2096 1743 2097 1744 2097 1759 2097 1736 2098 1744 2098 1743 2098 1735 2099 1736 2099 1743 2099 1720 2100 1736 2100 1735 2100 1719 2101 1720 2101 1735 2101 1702 2102 1720 2102 1719 2102 1701 2103 1702 2103 1719 2103 1680 2104 1702 2104 1701 2104 1679 2105 1680 2105 1701 2105 1668 2106 1680 2106 1679 2106 1667 2107 1668 2107 1679 2107 1650 2108 1668 2108 1667 2108 1649 2109 1650 2109 1667 2109 1640 2110 1650 2110 1649 2110 1639 2111 1640 2111 1649 2111 1622 2112 1640 2112 1639 2112 1621 2113 1622 2113 1639 2113 1612 2114 1622 2114 1621 2114 1611 2115 1612 2115 1621 2115 1602 2116 1612 2116 1611 2116 1601 2117 1602 2117 1611 2117 1594 2118 1602 2118 1601 2118 1593 2119 1594 2119 1601 2119 1576 2120 1594 2120 1593 2120 1575 2121 1576 2121 1593 2121 1568 2122 1576 2122 1575 2122 1567 2123 1568 2123 1575 2123 1564 2124 1568 2124 1567 2124 1563 2125 1564 2125 1567 2125 888 2126 882 2126 881 2126 887 2127 888 2127 881 2127 896 2128 888 2128 887 2128 895 2129 896 2129 887 2129 912 2130 896 2130 895 2130 911 2131 912 2131 895 2131 922 2132 912 2132 911 2132 921 2133 922 2133 911 2133 930 2134 922 2134 921 2134 929 2135 930 2135 921 2135 940 2136 930 2136 929 2136 939 2137 940 2137 929 2137 958 2138 940 2138 939 2138 957 2139 958 2139 939 2139 968 2140 958 2140 957 2140 967 2141 968 2141 957 2141 986 2142 968 2142 967 2142 985 2143 986 2143 967 2143 996 2144 986 2144 985 2144 995 2145 996 2145 985 2145 1016 2146 996 2146 995 2146 1015 2147 1016 2147 995 2147 1028 2148 1016 2148 1015 2148 1027 2149 1028 2149 1015 2149 1048 2150 1028 2150 1027 2150 1047 2151 1048 2151 1027 2151 1071 2152 1048 2152 1047 2152 1070 2153 1071 2153 1047 2153 1087 2154 1071 2154 1070 2154 1086 2155 1087 2155 1070 2155 1095 2156 1087 2156 1086 2156 1094 2157 1095 2157 1086 2157 1111 2158 1095 2158 1094 2158 1110 2159 1111 2159 1094 2159 1127 2160 1111 2160 1110 2160 1126 2161 1127 2161 1110 2161 1135 2162 1127 2162 1126 2162 1134 2163 1135 2163 1126 2163 1151 2164 1135 2164 1134 2164 1150 2165 1151 2165 1134 2165 1159 2166 1151 2166 1150 2166 1158 2167 1159 2167 1150 2167 1175 2168 1159 2168 1158 2168 1174 2169 1175 2169 1158 2169 1191 2170 1175 2170 1174 2170 1190 2171 1191 2171 1174 2171 1199 2172 1191 2172 1190 2172 1198 2173 1199 2173 1190 2173 1215 2174 1199 2174 1198 2174 1214 2175 1215 2175 1198 2175 1223 2176 1215 2176 1214 2176 1222 2177 1223 2177 1214 2177 1239 2178 1223 2178 1222 2178 1238 2179 1239 2179 1222 2179 1247 2180 1239 2180 1238 2180 1246 2181 1247 2181 1238 2181 1255 2182 1247 2182 1246 2182 1254 2183 1255 2183 1246 2183 1271 2184 1255 2184 1254 2184 1270 2185 1271 2185 1254 2185 1279 2186 1271 2186 1270 2186 1278 2187 1279 2187 1270 2187 1287 2188 1279 2188 1278 2188 1286 2189 1287 2189 1278 2189 1299 2190 1287 2190 1286 2190 1298 2191 1299 2191 1286 2191 1311 2192 1299 2192 1298 2192 1310 2193 1311 2193 1298 2193 1319 2194 1311 2194 1310 2194 1318 2195 1319 2195 1310 2195 1317 2196 1319 2196 1318 2196 1316 2197 1317 2197 1318 2197 1309 2198 1317 2198 1316 2198 1308 2199 1309 2199 1316 2199 1297 2200 1309 2200 1308 2200 1296 2201 1297 2201 1308 2201 1285 2202 1297 2202 1296 2202 1284 2203 1285 2203 1296 2203 1277 2204 1285 2204 1284 2204 1276 2205 1277 2205 1284 2205 1269 2206 1277 2206 1276 2206 1268 2207 1269 2207 1276 2207 1253 2208 1269 2208 1268 2208 1252 2209 1253 2209 1268 2209 1245 2210 1253 2210 1252 2210 1244 2211 1245 2211 1252 2211 1237 2212 1245 2212 1244 2212 1236 2213 1237 2213 1244 2213 1221 2214 1237 2214 1236 2214 1220 2215 1221 2215 1236 2215 1213 2216 1221 2216 1220 2216 1212 2217 1213 2217 1220 2217 1197 2218 1213 2218 1212 2218 1196 2219 1197 2219 1212 2219 1189 2220 1197 2220 1196 2220 1188 2221 1189 2221 1196 2221 1173 2222 1189 2222 1188 2222 1172 2223 1173 2223 1188 2223 1157 2224 1173 2224 1172 2224 1156 2225 1157 2225 1172 2225 1149 2226 1157 2226 1156 2226 1148 2227 1149 2227 1156 2227 1133 2228 1149 2228 1148 2228 1132 2229 1133 2229 1148 2229 1125 2230 1133 2230 1132 2230 1124 2231 1125 2231 1132 2231 1109 2232 1125 2232 1124 2232 1108 2233 1109 2233 1124 2233 1093 2234 1109 2234 1108 2234 1092 2235 1093 2235 1108 2235 1085 2236 1093 2236 1092 2236 1084 2237 1085 2237 1092 2237 1069 2238 1085 2238 1084 2238 1068 2239 1069 2239 1084 2239 1046 2240 1069 2240 1068 2240 1045 2241 1046 2241 1068 2241 1026 2242 1046 2242 1045 2242 1025 2243 1026 2243 1045 2243 1014 2244 1026 2244 1025 2244 1013 2245 1014 2245 1025 2245 994 2246 1014 2246 1013 2246 993 2247 994 2247 1013 2247 984 2248 994 2248 993 2248 983 2249 984 2249 993 2249 966 2250 984 2250 983 2250 965 2251 966 2251 983 2251 956 2252 966 2252 965 2252 955 2253 956 2253 965 2253 938 2254 956 2254 955 2254 937 2255 938 2255 955 2255 928 2256 938 2256 937 2256 927 2257 928 2257 937 2257 920 2258 928 2258 927 2258 919 2259 920 2259 927 2259 910 2260 920 2260 919 2260 909 2261 910 2261 919 2261 894 2262 910 2262 909 2262 893 2263 894 2263 909 2263 886 2264 894 2264 893 2264 885 2265 886 2265 893 2265 882 2266 886 2266 885 2266 881 2267 882 2267 885 2267 4186 2268 4191 2268 4190 2268 4187 2269 4191 2269 4186 2269 4184 2270 4187 2270 4186 2270 4185 2271 4187 2271 4184 2271 4182 2272 4185 2272 4184 2272 4183 2273 4185 2273 4182 2273 4180 2274 4183 2274 4182 2274 4181 2275 4183 2275 4180 2275 4178 2276 4181 2276 4180 2276 4179 2277 4181 2277 4178 2277 4176 2278 4179 2278 4178 2278 4177 2279 4179 2279 4176 2279 4174 2280 4177 2280 4176 2280 4175 2281 4177 2281 4174 2281 4172 2282 4175 2282 4174 2282 4173 2283 4175 2283 4172 2283 4170 2284 4173 2284 4172 2284 4171 2285 4173 2285 4170 2285 4168 2286 4171 2286 4170 2286 4169 2287 4171 2287 4168 2287 4166 2288 4169 2288 4168 2288 4167 2289 4169 2289 4166 2289 4164 2290 4167 2290 4166 2290 4165 2291 4167 2291 4164 2291 4162 2292 4165 2292 4164 2292 4163 2293 4165 2293 4162 2293 4160 2294 4163 2294 4162 2294 4161 2295 4163 2295 4160 2295 4158 2296 4161 2296 4160 2296 4159 2297 4161 2297 4158 2297 4156 2298 4159 2298 4158 2298 4157 2299 4159 2299 4156 2299 4154 2300 4157 2300 4156 2300 4155 2301 4157 2301 4154 2301 4152 2302 4155 2302 4154 2302 4153 2303 4155 2303 4152 2303 4150 2304 4153 2304 4152 2304 4151 2305 4153 2305 4150 2305 4148 2306 4151 2306 4150 2306 4149 2307 4151 2307 4148 2307 4146 2308 4149 2308 4148 2308 4147 2309 4149 2309 4146 2309 4140 2310 4147 2310 4146 2310 4141 2311 4147 2311 4140 2311 4138 2312 4141 2312 4140 2312 4139 2313 4141 2313 4138 2313 4136 2314 4139 2314 4138 2314 4137 2315 4139 2315 4136 2315 4134 2316 4137 2316 4136 2316 4135 2317 4137 2317 4134 2317 4132 2318 4135 2318 4134 2318 4133 2319 4135 2319 4132 2319 4130 2320 4133 2320 4132 2320 4131 2321 4133 2321 4130 2321 4128 2322 4131 2322 4130 2322 4129 2323 4131 2323 4128 2323 4126 2324 4129 2324 4128 2324 4127 2325 4129 2325 4126 2325 4124 2326 4127 2326 4126 2326 4125 2327 4127 2327 4124 2327 4122 2328 4125 2328 4124 2328 4123 2329 4125 2329 4122 2329 4120 2330 4123 2330 4122 2330 4121 2331 4123 2331 4120 2331 4118 2332 4121 2332 4120 2332 4119 2333 4121 2333 4118 2333 4116 2334 4117 2334 4119 2334 4118 2335 4116 2335 4119 2335 4113 2336 4112 2336 4111 2336 4114 2337 4113 2337 4111 2337 4115 2338 4113 2338 4114 2338 4188 2339 4189 2339 4115 2339 4114 2340 4188 2340 4115 2340 4202 2341 4203 2341 4189 2341 4188 2342 4202 2342 4189 2342 4210 2343 4203 2343 4202 2343 4211 2344 4203 2344 4210 2344 4218 2345 4211 2345 4210 2345 4219 2346 4211 2346 4218 2346 4223 2347 4219 2347 4218 2347 4224 2348 4219 2348 4223 2348 4222 2349 4224 2349 4223 2349 4220 2350 4222 2350 4223 2350 4221 2351 4222 2351 4220 2351 4212 2352 4221 2352 4220 2352 4213 2353 4221 2353 4212 2353 4204 2354 4213 2354 4212 2354 4205 2355 4213 2355 4204 2355 4190 2356 4191 2356 4205 2356 4204 2357 4190 2357 4205 2357 784 2358 738 2358 739 2358 1453 2359 784 2359 739 2359 783 2360 784 2360 1453 2360 1452 2361 783 2361 1453 2361 740 2362 741 2362 739 2362 738 2363 740 2363 739 2363 720 2364 718 2364 721 2364 723 2365 720 2365 721 2365 722 2366 720 2366 723 2366 725 2367 722 2367 723 2367 724 2368 722 2368 725 2368 727 2369 724 2369 725 2369 726 2370 724 2370 727 2370 729 2371 726 2371 727 2371 728 2372 726 2372 729 2372 731 2373 728 2373 729 2373 730 2374 728 2374 731 2374 733 2375 730 2375 731 2375 732 2376 730 2376 733 2376 735 2377 732 2377 733 2377 734 2378 732 2378 735 2378 737 2379 734 2379 735 2379 736 2380 734 2380 737 2380 741 2381 736 2381 737 2381 740 2382 736 2382 741 2382 718 2383 714 2383 717 2383 719 2384 718 2384 717 2384 721 2385 718 2385 719 2385 714 2386 718 2386 713 2386 711 2387 714 2387 713 2387 712 2388 714 2388 711 2388 709 2389 712 2389 711 2389 710 2390 712 2390 709 2390 707 2391 710 2391 709 2391 708 2392 710 2392 707 2392 705 2393 708 2393 707 2393 706 2394 708 2394 705 2394 703 2395 706 2395 705 2395 704 2396 706 2396 703 2396 701 2397 704 2397 703 2397 702 2398 704 2398 701 2398 699 2399 702 2399 701 2399 700 2400 702 2400 699 2400 697 2401 700 2401 699 2401 698 2402 700 2402 697 2402 695 2403 698 2403 697 2403 696 2404 698 2404 695 2404 693 2405 696 2405 695 2405 694 2406 696 2406 693 2406 691 2407 694 2407 693 2407 692 2408 694 2408 691 2408 689 2409 692 2409 691 2409 690 2410 692 2410 689 2410 687 2411 690 2411 689 2411 688 2412 690 2412 687 2412 685 2413 688 2413 687 2413 686 2414 688 2414 685 2414 683 2415 686 2415 685 2415 684 2416 686 2416 683 2416 681 2417 684 2417 683 2417 682 2418 684 2418 681 2418 679 2419 682 2419 681 2419 680 2420 682 2420 679 2420 677 2421 680 2421 679 2421 678 2422 680 2422 677 2422 675 2423 678 2423 677 2423 676 2424 678 2424 675 2424 673 2425 676 2425 675 2425 674 2426 676 2426 673 2426 671 2427 674 2427 673 2427 672 2428 674 2428 671 2428 669 2429 672 2429 671 2429 670 2430 672 2430 669 2430 653 2431 654 2431 670 2431 669 2432 653 2432 670 2432 645 2433 637 2433 646 2433 654 2434 645 2434 646 2434 653 2435 645 2435 654 2435 637 2436 635 2436 636 2436 638 2437 637 2437 636 2437 646 2438 637 2438 638 2438 635 2439 637 2439 634 2439 639 2440 635 2440 634 2440 640 2441 635 2441 639 2441 647 2442 640 2442 639 2442 648 2443 640 2443 647 2443 655 2444 648 2444 647 2444 656 2445 648 2445 655 2445 667 2446 668 2446 656 2446 655 2447 667 2447 656 2447 715 2448 668 2448 667 2448 745 2449 715 2449 667 2449 746 2450 715 2450 745 2450 744 2451 746 2451 745 2451 742 2452 744 2452 745 2452 743 2453 744 2453 742 2453 790 2454 789 2454 879 2454 880 2455 790 2455 879 2455 2397 2456 2184 2456 2394 2456 2726 2457 2554 2457 2551 2457 481 2458 4452 2458 4444 2458 4436 2459 481 2459 4444 2459 481 2460 4436 2460 4428 2460 4420 2461 481 2461 4428 2461 4412 2462 481 2462 4420 2462 4398 2463 4241 2463 4237 2463 4233 2464 4398 2464 4237 2464 4390 2465 4398 2465 4233 2465 3 2466 283 2466 291 2466 4071 2467 379 2467 387 2467 4071 2468 435 2468 443 2468 451 2469 4071 2469 443 2469 459 2470 4071 2470 451 2470 4406 2471 4414 2471 4261 2471 4257 2472 4406 2472 4261 2472 4844 2473 4666 2473 4674 2473 4680 2474 4844 2474 4674 2474 4672 2475 4844 2475 4680 2475 191 2476 1 2476 183 2476 481 2477 4500 2477 4492 2477 4484 2478 481 2478 4492 2478 4476 2479 481 2479 4484 2479 4071 2480 339 2480 347 2480 355 2481 4071 2481 347 2481 4071 2482 387 2482 395 2482 403 2483 4071 2483 395 2483 411 2484 4071 2484 403 2484 4071 2485 411 2485 419 2485 427 2486 4071 2486 419 2486 435 2487 4071 2487 427 2487 4396 2488 4225 2488 4214 2488 4206 2489 4396 2489 4214 2489 4071 2490 4396 2490 4206 2490 4380 2491 4233 2491 4388 2491 4406 2492 4257 2492 4253 2492 4249 2493 4406 2493 4253 2493 4398 2494 4406 2494 4249 2494 4245 2495 4398 2495 4249 2495 4241 2496 4398 2496 4245 2496 4333 2497 4329 2497 4462 2497 4337 2498 4333 2498 4462 2498 4846 2499 4558 2499 4566 2499 4574 2500 4846 2500 4566 2500 4846 2501 4598 2501 4616 2501 4624 2502 4846 2502 4616 2502 2726 2503 3775 2503 3770 2503 3773 2504 2726 2504 3770 2504 2554 2505 2726 2505 3773 2505 2720 2506 3777 2506 2722 2506 1 2507 197 2507 189 2507 181 2508 1 2508 189 2508 183 2509 1 2509 181 2509 217 2510 225 2510 3 2510 1 2511 217 2511 3 2511 199 2512 217 2512 1 2512 191 2513 199 2513 1 2513 4071 2514 355 2514 363 2514 371 2515 4071 2515 363 2515 379 2516 4071 2516 371 2516 4396 2517 4388 2517 4233 2517 4229 2518 4396 2518 4233 2518 4225 2519 4396 2519 4229 2519 481 2520 4412 2520 4404 2520 4396 2521 481 2521 4404 2521 475 2522 481 2522 4396 2522 4071 2523 475 2523 4396 2523 467 2524 475 2524 4071 2524 459 2525 467 2525 4071 2525 4233 2526 4380 2526 4376 2526 4382 2527 4233 2527 4376 2527 4390 2528 4233 2528 4382 2528 4430 2529 4281 2529 4277 2529 4273 2530 4430 2530 4277 2530 4422 2531 4430 2531 4273 2531 4269 2532 4422 2532 4273 2532 4414 2533 4422 2533 4269 2533 4265 2534 4414 2534 4269 2534 4261 2535 4414 2535 4265 2535 4285 2536 4281 2536 4430 2536 4438 2537 4285 2537 4430 2537 4289 2538 4285 2538 4438 2538 4309 2539 4305 2539 4446 2539 4454 2540 4309 2540 4446 2540 4313 2541 4309 2541 4454 2541 4462 2542 4329 2542 4325 2542 4321 2543 4462 2543 4325 2543 4454 2544 4462 2544 4321 2544 4317 2545 4454 2545 4321 2545 4313 2546 4454 2546 4317 2546 4353 2547 4486 2547 4494 2547 4502 2548 4353 2548 4494 2548 4846 2549 4574 2549 4582 2549 4590 2550 4846 2550 4582 2550 4598 2551 4846 2551 4590 2551 4846 2552 4624 2552 4632 2552 4640 2553 4846 2553 4632 2553 4844 2554 4846 2554 4640 2554 4658 2555 4844 2555 4640 2555 4666 2556 4844 2556 4658 2556 2640 2557 3845 2557 3835 2557 3817 2558 2640 2558 3835 2558 3777 2559 3775 2559 2726 2559 2724 2560 3777 2560 2726 2560 2722 2561 3777 2561 2724 2561 2340 2562 1033 2562 1023 2562 779 2563 953 2563 935 2563 917 2564 779 2564 935 2564 879 2565 779 2565 917 2565 779 2566 879 2566 789 2566 787 2567 779 2567 789 2567 781 2568 779 2568 787 2568 4604 2569 441 2569 433 2569 3 2570 225 2570 233 2570 241 2571 3 2571 233 2571 259 2572 3 2572 241 2572 3 2573 259 2573 267 2573 275 2574 3 2574 267 2574 283 2575 3 2575 275 2575 3 2576 291 2576 299 2576 307 2577 3 2577 299 2577 315 2578 3 2578 307 2578 481 2579 4476 2579 4468 2579 4460 2580 481 2580 4468 2580 4452 2581 481 2581 4460 2581 4446 2582 4305 2582 4301 2582 4297 2583 4446 2583 4301 2583 4438 2584 4446 2584 4297 2584 4293 2585 4438 2585 4297 2585 4289 2586 4438 2586 4293 2586 4349 2587 4337 2587 4462 2587 4470 2588 4349 2588 4462 2588 4353 2589 4349 2589 4470 2589 4478 2590 4353 2590 4470 2590 4486 2591 4353 2591 4478 2591 2640 2592 3875 2592 3865 2592 3855 2593 2640 2593 3865 2593 3845 2594 2640 2594 3855 2594 2640 2595 3817 2595 3815 2595 3805 2596 2640 2596 3815 2596 3803 2597 2640 2597 3805 2597 2272 2598 2254 2598 1043 2598 2282 2599 2272 2599 1043 2599 2340 2600 1023 2600 1021 2600 1011 2601 2340 2601 1021 2601 1001 2602 2340 2602 1011 2602 2340 2603 1001 2603 991 2603 977 2604 2340 2604 991 2604 963 2605 2340 2605 977 2605 4353 2606 4502 2606 4510 2606 4518 2607 4353 2607 4510 2607 4846 2608 4353 2608 4518 2608 4526 2609 4846 2609 4518 2609 4534 2610 4846 2610 4526 2610 4846 2611 4534 2611 4542 2611 4550 2612 4846 2612 4542 2612 4558 2613 4846 2613 4550 2613 4071 2614 4073 2614 4069 2614 4067 2615 4071 2615 4069 2615 3921 2616 4071 2616 4067 2616 4071 2617 3921 2617 3903 2617 3893 2618 4071 2618 3903 2618 3875 2619 4071 2619 3893 2619 3783 2620 2652 2620 2650 2620 2640 2621 3783 2621 2650 2621 3793 2622 3783 2622 2640 2622 3803 2623 3793 2623 2640 2623 3783 2624 2678 2624 2664 2624 2662 2625 3783 2625 2664 2625 2652 2626 3783 2626 2662 2626 1059 2627 2216 2627 2194 2627 2192 2628 1059 2628 2194 2628 2190 2629 1059 2629 2192 2629 1043 2630 2312 2630 2310 2630 2292 2631 1043 2631 2310 2631 2282 2632 1043 2632 2292 2632 1043 2633 2254 2633 2244 2633 2234 2634 1043 2634 2244 2634 1053 2635 1043 2635 2234 2635 1055 2636 1053 2636 2234 2636 4604 2637 465 2637 457 2637 449 2638 4604 2638 457 2638 441 2639 4604 2639 449 2639 223 2640 39 2640 231 2640 3 2641 315 2641 323 2641 331 2642 3 2642 323 2642 570 2643 3 2643 331 2643 3783 2644 2692 2644 2690 2644 2680 2645 3783 2645 2690 2645 2678 2646 3783 2646 2680 2646 2184 2647 2397 2647 1066 2647 1063 2648 2184 2648 1066 2648 2182 2649 2184 2649 1063 2649 1061 2650 2182 2650 1063 2650 2186 2651 2182 2651 1061 2651 1059 2652 2186 2652 1061 2652 2188 2653 2186 2653 1059 2653 2190 2654 2188 2654 1059 2654 1043 2655 1033 2655 2340 2655 2330 2656 1043 2656 2340 2656 2312 2657 1043 2657 2330 2657 2340 2658 963 2658 953 2658 779 2659 2340 2659 953 2659 2350 2660 2340 2660 779 2660 2368 2661 2350 2661 779 2661 4844 2662 4672 2662 4664 2662 4656 2663 4844 2663 4664 2663 4834 2664 4844 2664 4656 2664 4638 2665 4834 2665 4656 2665 4824 2666 4834 2666 4638 2666 4814 2667 4824 2667 4638 2667 4630 2668 4814 2668 4638 2668 4804 2669 4814 2669 4630 2669 4622 2670 4804 2670 4630 2670 4794 2671 4804 2671 4622 2671 215 2672 197 2672 1 2672 19 2673 215 2673 1 2673 223 2674 215 2674 19 2674 29 2675 223 2675 19 2675 39 2676 223 2676 29 2676 4071 2677 3875 2677 2640 2677 2622 2678 4071 2678 2640 2678 2596 2679 4071 2679 2622 2679 4784 2680 4794 2680 4622 2680 4614 2681 4784 2681 4622 2681 4774 2682 4784 2682 4614 2682 4596 2683 4774 2683 4614 2683 4764 2684 4774 2684 4596 2684 4754 2685 4764 2685 4596 2685 4588 2686 4754 2686 4596 2686 4744 2687 4754 2687 4588 2687 4604 2688 4532 2688 4524 2688 4516 2689 4604 2689 4524 2689 265 2690 257 2690 89 2690 99 2691 265 2691 89 2691 273 2692 265 2692 99 2692 231 2693 39 2693 49 2693 59 2694 231 2694 49 2694 239 2695 231 2695 59 2695 69 2696 239 2696 59 2696 257 2697 239 2697 69 2697 79 2698 257 2698 69 2698 89 2699 257 2699 79 2699 339 2700 641 2700 630 2700 626 2701 339 2701 630 2701 622 2702 339 2702 626 2702 3 2703 570 2703 566 2703 506 2704 3 2704 566 2704 504 2705 3 2705 506 2705 3777 2706 2720 2706 2718 2706 2716 2707 3777 2707 2718 2707 3779 2708 3777 2708 2716 2708 2706 2709 3779 2709 2716 2709 3781 2710 3779 2710 2706 2710 2704 2711 3781 2711 2706 2711 3783 2712 3781 2712 2704 2712 2702 2713 3783 2713 2704 2713 2692 2714 3783 2714 2702 2714 2234 2715 2216 2715 1059 2715 1057 2716 2234 2716 1059 2716 1055 2717 2234 2717 1057 2717 4071 2718 2596 2718 2368 2718 779 2719 4071 2719 2368 2719 339 2720 4071 2720 779 2720 649 2721 339 2721 779 2721 641 2722 339 2722 649 2722 4734 2723 4744 2723 4588 2723 4580 2724 4734 2724 4588 2724 4724 2725 4734 2725 4580 2725 4572 2726 4724 2726 4580 2726 4714 2727 4724 2727 4572 2727 4704 2728 4714 2728 4572 2728 4564 2729 4704 2729 4572 2729 4694 2730 4704 2730 4564 2730 4556 2731 4694 2731 4564 2731 4684 2732 4694 2732 4556 2732 4646 2733 4684 2733 4556 2733 4548 2734 4646 2734 4556 2734 4604 2735 4646 2735 4548 2735 4540 2736 4604 2736 4548 2736 4532 2737 4604 2737 4540 2737 473 2738 465 2738 4604 2738 4516 2739 473 2739 4604 2739 481 2740 473 2740 4516 2740 4508 2741 481 2741 4516 2741 4500 2742 481 2742 4508 2742 4604 2743 433 2743 425 2743 417 2744 4604 2744 425 2744 247 2745 4604 2745 417 2745 205 2746 401 2746 393 2746 339 2747 598 2747 594 2747 590 2748 339 2748 594 2748 586 2749 339 2749 590 2749 566 2750 530 2750 526 2750 205 2751 247 2751 417 2751 409 2752 205 2752 417 2752 401 2753 205 2753 409 2753 205 2754 393 2754 385 2754 377 2755 205 2755 385 2755 369 2756 205 2756 377 2756 339 2757 622 2757 618 2757 614 2758 339 2758 618 2758 610 2759 339 2759 614 2759 339 2760 610 2760 606 2760 602 2761 339 2761 606 2761 598 2762 339 2762 602 2762 339 2763 586 2763 582 2763 578 2764 339 2764 582 2764 331 2765 339 2765 578 2765 574 2766 331 2766 578 2766 570 2767 331 2767 574 2767 534 2768 554 2768 550 2768 205 2769 345 2769 337 2769 329 2770 205 2770 337 2770 321 2771 205 2771 329 2771 558 2772 554 2772 534 2772 566 2773 526 2773 522 2773 510 2774 566 2774 522 2774 506 2775 566 2775 510 2775 205 2776 369 2776 361 2776 353 2777 205 2777 361 2777 345 2778 205 2778 353 2778 205 2779 321 2779 313 2779 305 2780 205 2780 313 2780 169 2781 205 2781 305 2781 297 2782 169 2782 305 2782 534 2783 530 2783 566 2783 562 2784 534 2784 566 2784 558 2785 534 2785 562 2785 534 2786 550 2786 546 2786 542 2787 534 2787 546 2787 538 2788 534 2788 542 2788 273 2789 99 2789 109 2789 119 2790 273 2790 109 2790 281 2791 273 2791 119 2791 281 2792 119 2792 129 2792 139 2793 281 2793 129 2793 289 2794 281 2794 139 2794 149 2795 289 2795 139 2795 297 2796 289 2796 149 2796 159 2797 297 2797 149 2797 169 2798 297 2798 159 2798 3231 2799 1523 2799 3391 2799 3393 2800 3231 2800 3391 2800 1523 2801 1715 2801 1525 2801 1352 2802 783 2802 1452 2802 1454 2803 1352 2803 1452 2803 4858 2804 4351 2804 4354 2804 1715 2805 3275 2805 3277 2805 477 2806 785 2806 483 2806 1715 2807 3235 2807 3253 2807 17 2808 201 2808 193 2808 185 2809 17 2809 193 2809 187 2810 17 2810 185 2810 4860 2811 4678 2811 4682 2811 4676 2812 4860 2812 4682 2812 651 2813 785 2813 477 2813 469 2814 651 2814 477 2814 643 2815 651 2815 469 2815 483 2816 4456 2816 4448 2816 4440 2817 483 2817 4448 2817 483 2818 4416 2818 4408 2818 4400 2819 483 2819 4408 2819 479 2820 483 2820 4400 2820 471 2821 4394 2821 4402 2821 255 2822 4410 2822 4418 2822 4426 2823 255 2823 4418 2823 4434 2824 255 2824 4426 2824 483 2825 4440 2825 4432 2825 4424 2826 483 2826 4432 2826 4416 2827 483 2827 4424 2827 785 2828 1374 2828 1376 2828 1715 2829 1523 2829 3231 2829 3233 2830 1715 2830 3231 2830 3235 2831 1715 2831 3233 2831 1715 2832 3253 2832 3255 2832 3273 2833 1715 2833 3255 2833 3275 2834 1715 2834 3273 2834 453 2835 596 2835 600 2835 604 2836 453 2836 600 2836 461 2837 453 2837 604 2837 608 2838 461 2838 604 2838 15 2839 277 2839 269 2839 261 2840 15 2840 269 2840 243 2841 15 2841 261 2841 15 2842 243 2842 235 2842 227 2843 15 2843 235 2843 17 2844 15 2844 227 2844 219 2845 17 2845 227 2845 201 2846 17 2846 219 2846 17 2847 187 2847 195 2847 203 2848 17 2848 195 2848 27 2849 17 2849 203 2849 221 2850 27 2850 203 2850 37 2851 27 2851 221 2851 229 2852 37 2852 221 2852 47 2853 37 2853 229 2853 237 2854 47 2854 229 2854 255 2855 4434 2855 4442 2855 4450 2856 255 2856 4442 2856 4458 2857 255 2857 4450 2857 785 2858 1356 2858 1358 2858 4077 2859 3490 2859 3500 2859 4860 2860 4676 2860 4668 2860 4660 2861 4860 2861 4668 2861 4858 2862 4860 2862 4660 2862 4642 2863 4858 2863 4660 2863 4634 2864 4858 2864 4642 2864 4858 2865 4634 2865 4626 2865 4618 2866 4858 2866 4626 2866 4600 2867 4858 2867 4618 2867 461 2868 608 2868 612 2868 616 2869 461 2869 612 2869 469 2870 461 2870 616 2870 620 2871 469 2871 616 2871 624 2872 469 2872 620 2872 483 2873 4520 2873 4512 2873 4504 2874 483 2874 4512 2874 483 2875 4504 2875 4496 2875 4488 2876 483 2876 4496 2876 4480 2877 483 2877 4488 2877 279 2878 287 2878 127 2878 117 2879 279 2879 127 2879 271 2880 279 2880 117 2880 287 2881 295 2881 147 2881 137 2882 287 2882 147 2882 127 2883 287 2883 137 2883 471 2884 479 2884 4400 2884 4392 2885 471 2885 4400 2885 4384 2886 471 2886 4392 2886 1372 2887 1374 2887 785 2887 785 2888 1376 2888 1386 2888 1388 2889 785 2889 1386 2889 1398 2890 785 2890 1388 2890 1442 2891 785 2891 1440 2891 4077 2892 3452 2892 3462 2892 3488 2893 3490 2893 4077 2893 469 2894 624 2894 628 2894 632 2895 469 2895 628 2895 643 2896 469 2896 632 2896 592 2897 596 2897 453 2897 445 2898 592 2898 453 2898 588 2899 592 2899 445 2899 437 2900 588 2900 445 2900 584 2901 588 2901 437 2901 399 2902 4402 2902 391 2902 4402 2903 423 2903 431 2903 439 2904 4402 2904 431 2904 447 2905 4402 2905 439 2905 4402 2906 447 2906 455 2906 463 2907 4402 2907 455 2907 471 2908 4402 2908 463 2908 471 2909 4384 2909 4378 2909 4386 2910 471 2910 4378 2910 4394 2911 471 2911 4386 2911 4612 2912 4490 2912 4498 2912 4506 2913 4612 2913 4498 2913 4620 2914 4792 2914 4782 2914 4602 2915 4620 2915 4782 2915 4802 2916 4792 2916 4620 2916 4628 2917 4802 2917 4620 2917 4812 2918 4802 2918 4628 2918 4636 2919 4812 2919 4628 2919 4822 2920 4812 2920 4636 2920 4832 2921 4822 2921 4636 2921 4644 2922 4832 2922 4636 2922 4842 2923 4832 2923 4644 2923 4662 2924 4842 2924 4644 2924 4860 2925 4842 2925 4662 2925 4670 2926 4860 2926 4662 2926 4678 2927 4860 2927 4670 2927 785 2928 1398 2928 1408 2928 1418 2929 785 2929 1408 2929 1440 2930 785 2930 1418 2930 785 2931 1442 2931 1444 2931 1446 2932 785 2932 1444 2932 1448 2933 785 2933 1446 2933 4077 2934 1450 2934 1543 2934 1549 2935 4077 2935 1543 2935 1559 2936 4077 2936 1549 2936 1637 2937 3289 2937 3291 2937 3442 2938 3452 2938 4077 2938 4077 2939 3500 2939 3502 2939 3504 2940 4077 2940 3502 2940 3514 2941 4077 2941 3504 2941 4858 2942 4600 2942 4592 2942 4584 2943 4858 2943 4592 2943 4576 2944 4858 2944 4584 2944 4858 2945 4576 2945 4568 2945 4560 2946 4858 2946 4568 2946 4552 2947 4858 2947 4560 2947 4858 2948 4552 2948 4544 2948 4536 2949 4858 2949 4544 2949 4528 2950 4858 2950 4536 2950 580 2951 584 2951 437 2951 429 2952 580 2952 437 2952 576 2953 580 2953 429 2953 421 2954 560 2954 564 2954 568 2955 421 2955 564 2955 429 2956 421 2956 568 2956 572 2957 429 2957 568 2957 576 2958 429 2958 572 2958 325 2959 15 2959 333 2959 15 2960 325 2960 317 2960 309 2961 15 2961 317 2961 301 2962 15 2962 309 2962 483 2963 4480 2963 4472 2963 4464 2964 483 2964 4472 2964 4456 2965 483 2965 4464 2965 237 2966 245 2966 67 2966 57 2967 237 2967 67 2967 47 2968 237 2968 57 2968 271 2969 117 2969 107 2969 97 2970 271 2970 107 2970 263 2971 271 2971 97 2971 87 2972 263 2972 97 2972 245 2973 263 2973 87 2973 77 2974 245 2974 87 2974 67 2975 245 2975 77 2975 255 2976 311 2976 319 2976 327 2977 255 2977 319 2977 335 2978 255 2978 327 2978 4402 2979 4410 2979 255 2979 383 2980 4402 2980 255 2980 391 2981 4402 2981 383 2981 4402 2982 399 2982 407 2982 415 2983 4402 2983 407 2983 423 2984 4402 2984 415 2984 255 2985 4458 2985 4466 2985 4474 2986 255 2986 4466 2986 4612 2987 255 2987 4474 2987 4482 2988 4612 2988 4474 2988 4490 2989 4612 2989 4482 2989 4612 2990 4506 2990 4514 2990 4522 2991 4612 2991 4514 2991 4530 2992 4612 2992 4522 2992 4602 2993 4782 2993 4772 2993 4762 2994 4602 2994 4772 2994 4594 2995 4602 2995 4762 2995 4752 2996 4594 2996 4762 2996 4586 2997 4594 2997 4752 2997 785 2998 783 2998 1352 2998 1354 2999 785 2999 1352 2999 1356 3000 785 3000 1354 3000 3313 3001 1591 3001 1609 3001 1619 3002 3313 3002 1609 3002 1637 3003 3313 3003 1619 3003 3329 3004 3331 3004 1559 3004 3319 3005 3329 3005 1559 3005 4077 3006 3514 3006 3516 3006 3530 3007 4077 3007 3516 3007 3556 3008 4077 3008 3530 3008 4077 3009 3556 3009 3558 3009 3568 3010 4077 3010 3558 3010 3570 3011 4077 3011 3568 3011 3582 3012 3404 3012 3402 3012 4075 3013 3582 3013 3402 3013 3584 3014 3582 3014 4075 3014 4077 3015 3584 3015 4075 3015 3580 3016 3584 3016 4077 3016 3570 3017 3580 3017 4077 3017 556 3018 560 3018 421 3018 413 3019 556 3019 421 3019 552 3020 556 3020 413 3020 311 3021 255 3021 213 3021 177 3022 311 3022 213 3022 303 3023 311 3023 177 3023 167 3024 303 3024 177 3024 295 3025 303 3025 167 3025 157 3026 295 3026 167 3026 147 3027 295 3027 157 3027 255 3028 335 3028 343 3028 351 3029 255 3029 343 3029 359 3030 255 3030 351 3030 4586 3031 4752 3031 4742 3031 4732 3032 4586 3032 4742 3032 4578 3033 4586 3033 4732 3033 4722 3034 4578 3034 4732 3034 4570 3035 4578 3035 4722 3035 785 3036 1358 3036 1360 3036 1362 3037 785 3037 1360 3037 1372 3038 785 3038 1362 3038 3313 3039 3319 3039 1559 3039 1561 3040 3313 3040 1559 3040 1591 3041 3313 3041 1561 3041 1637 3042 3291 3042 3301 3042 3303 3043 1637 3043 3301 3043 3313 3044 1637 3044 3303 3044 1559 3045 3331 3045 3341 3045 3351 3046 1559 3046 3341 3046 4077 3047 1559 3047 3351 3047 3361 3048 4077 3048 3351 3048 3442 3049 4077 3049 3361 3049 4077 3050 3462 3050 3464 3050 3474 3051 4077 3051 3464 3051 3488 3052 4077 3052 3474 3052 4520 3053 4231 3053 4235 3053 4227 3054 4231 3054 4520 3054 4520 3055 4275 3055 4279 3055 4528 3056 4520 3056 4279 3056 405 3057 536 3057 540 3057 544 3058 405 3058 540 3058 413 3059 405 3059 544 3059 548 3060 413 3060 544 3060 552 3061 413 3061 548 3061 532 3062 536 3062 405 3062 397 3063 532 3063 405 3063 528 3064 532 3064 397 3064 397 3065 389 3065 505 3065 508 3066 397 3066 505 3066 397 3067 508 3067 520 3067 524 3068 397 3068 520 3068 528 3069 397 3069 524 3069 505 3070 389 3070 381 3070 373 3071 505 3071 381 3071 365 3072 505 3072 373 3072 505 3073 365 3073 357 3073 349 3074 505 3074 357 3074 15 3075 505 3075 349 3075 341 3076 15 3076 349 3076 333 3077 15 3077 341 3077 15 3078 301 3078 293 3078 285 3079 15 3079 293 3079 277 3080 15 3080 285 3080 255 3081 359 3081 367 3081 375 3082 255 3082 367 3082 383 3083 255 3083 375 3083 4570 3084 4722 3084 4712 3084 4702 3085 4570 3085 4712 3085 4562 3086 4570 3086 4702 3086 4692 3087 4562 3087 4702 3087 4554 3088 4562 3088 4692 3088 4654 3089 4554 3089 4692 3089 4546 3090 4554 3090 4654 3090 4612 3091 4546 3091 4654 3091 4538 3092 4546 3092 4612 3092 4530 3093 4538 3093 4612 3093 3279 3094 3289 3094 1637 3094 1647 3095 3279 3095 1637 3095 1657 3096 3279 3096 1647 3096 3279 3097 1657 3097 1675 3097 1677 3098 3279 3098 1675 3098 1687 3099 3279 3099 1677 3099 3279 3100 1687 3100 1689 3100 1699 3101 3279 3101 1689 3101 1709 3102 3279 3102 1699 3102 3279 3103 1709 3103 1711 3103 1713 3104 3279 3104 1711 3104 3277 3105 3279 3105 1713 3105 1717 3106 3277 3106 1713 3106 1715 3107 3277 3107 1717 3107 785 3108 1448 3108 1450 3108 4077 3109 785 3109 1450 3109 483 3110 785 3110 4077 3110 4208 3111 483 3111 4077 3111 4520 3112 483 3112 4208 3112 4216 3113 4520 3113 4208 3113 4227 3114 4520 3114 4216 3114 4251 3115 4520 3115 4247 3115 4520 3116 4251 3116 4255 3116 4259 3117 4520 3117 4255 3117 4263 3118 4520 3118 4259 3118 4520 3119 4263 3119 4267 3119 4271 3120 4520 3120 4267 3120 4275 3121 4520 3121 4271 3121 4520 3122 4235 3122 4239 3122 4243 3123 4520 3123 4239 3123 4247 3124 4520 3124 4243 3124 4351 3125 4299 3125 4303 3125 4528 3126 4279 3126 4283 3126 4287 3127 4528 3127 4283 3127 4858 3128 4528 3128 4287 3128 4291 3129 4858 3129 4287 3129 4351 3130 4858 3130 4291 3130 4295 3131 4351 3131 4291 3131 4299 3132 4351 3132 4295 3132 4351 3133 4303 3133 4307 3133 4311 3134 4351 3134 4307 3134 4347 3135 4351 3135 4311 3135 4331 3136 4315 3136 4319 3136 4323 3137 4331 3137 4319 3137 4327 3138 4331 3138 4323 3138 4311 3139 4315 3139 4331 3139 4335 3140 4311 3140 4331 3140 4347 3141 4311 3141 4335 3141 4076 3142 4075 3142 3402 3142 3403 3143 4076 3143 3402 3143 4116 3144 4076 3144 3403 3144 4117 3145 4116 3145 3403 3145 3404 3146 3405 3146 3403 3146 3402 3147 3404 3147 3403 3147 3582 3148 3583 3148 3405 3148 3404 3149 3582 3149 3405 3149 3584 3150 3585 3150 3583 3150 3582 3151 3584 3151 3583 3151 3400 3152 3443 3152 3442 3152 3361 3153 3400 3153 3442 3153 3362 3154 3400 3154 3361 3154 3234 3155 3233 3155 3231 3155 3232 3156 3234 3156 3231 3156 3393 3157 3394 3157 3232 3157 3231 3158 3393 3158 3232 3158 3391 3159 3392 3159 3394 3159 3393 3160 3391 3160 3394 3160 2769 3161 3392 3161 3391 3161 1523 3162 2769 3162 3391 3162 2092 3163 2769 3163 1523 3163 1524 3164 2092 3164 1523 3164 1525 3165 1526 3165 1524 3165 1523 3166 1525 3166 1524 3166 1715 3167 1716 3167 1526 3167 1525 3168 1715 3168 1526 3168 1717 3169 1718 3169 1716 3169 1715 3170 1717 3170 1716 3170 1461 3171 1544 3171 1543 3171 1450 3172 1461 3172 1543 3172 1451 3173 1461 3173 1450 3173 1355 3174 1354 3174 1352 3174 1353 3175 1355 3175 1352 3175 1454 3176 1455 3176 1353 3176 1352 3177 1454 3177 1353 3177 1452 3178 1453 3178 1455 3178 1454 3179 1452 3179 1455 3179 1065 3180 1064 3180 1063 3180 1066 3181 1065 3181 1063 3181 1067 3182 1065 3182 1066 3182 1458 3183 1067 3183 1066 3183 2397 3184 1458 3184 1066 3184 2089 3185 1458 3185 2397 3185 2398 3186 2089 3186 2397 3186 2396 3187 2398 3187 2397 3187 2394 3188 2396 3188 2397 3188 2395 3189 2396 3189 2394 3189 2184 3190 2185 3190 2395 3190 2394 3191 2184 3191 2395 3191 2182 3192 2183 3192 2185 3192 2184 3193 2182 3193 2185 3193 2369 3194 2368 3194 2596 3194 2597 3195 2369 3195 2596 3195 2725 3196 2724 3196 2726 3196 2727 3197 2725 3197 2726 3197 2551 3198 2552 3198 2727 3198 2726 3199 2551 3199 2727 3199 2553 3200 2552 3200 2551 3200 2554 3201 2553 3201 2551 3201 2555 3202 2553 3202 2554 3202 2766 3203 2555 3203 2554 3203 3773 3204 2766 3204 2554 3204 3397 3205 2766 3205 3773 3205 3774 3206 3397 3206 3773 3206 3772 3207 3774 3207 3773 3207 3770 3208 3772 3208 3773 3208 3771 3209 3772 3209 3770 3209 3922 3210 3921 3210 4067 3210 4068 3211 3922 3211 4067 3211 3974 3212 4203 3212 4211 3212 3400 3213 3403 3213 3405 3213 3400 3214 3405 3214 3583 3214 3585 3215 3400 3215 3583 3215 3443 3216 3400 3216 3585 3216 3398 3217 3521 3217 3529 3217 4191 3218 4117 3218 4205 3218 4117 3219 4191 3219 4187 3219 4185 3220 4117 3220 4187 3220 4183 3221 4117 3221 4185 3221 4117 3222 4183 3222 4181 3222 4179 3223 4117 3223 4181 3223 4119 3224 4117 3224 4179 3224 4177 3225 4119 3225 4179 3225 4175 3226 4119 3226 4177 3226 4117 3227 3864 3227 3874 3227 3892 3228 4117 3228 3874 3228 3902 3229 4117 3229 3892 3229 4119 3230 4175 3230 4173 3230 4171 3231 4119 3231 4173 3231 4169 3232 4119 3232 4171 3232 4119 3233 4169 3233 4167 3233 4165 3234 4119 3234 4167 3234 4163 3235 4119 3235 4165 3235 4117 3236 3403 3236 3665 3236 3681 3237 4117 3237 3665 3237 3958 3238 4205 3238 3946 3238 3398 3239 3615 3239 3607 3239 3591 3240 3398 3240 3607 3240 3398 3241 3553 3241 3537 3241 3527 3242 3398 3242 3537 3242 3521 3243 3398 3243 3527 3243 4163 3244 4127 3244 4125 3244 4117 3245 3681 3245 3689 3245 3705 3246 4117 3246 3689 3246 3713 3247 4117 3247 3705 3247 4117 3248 3713 3248 3729 3248 3745 3249 4117 3249 3729 3249 3753 3250 4117 3250 3745 3250 4117 3251 3902 3251 3912 3251 3930 3252 4117 3252 3912 3252 4205 3253 4117 3253 3930 3253 3938 3254 4205 3254 3930 3254 3946 3255 4205 3255 3938 3255 3398 3256 3591 3256 3577 3256 3565 3257 3398 3257 3577 3257 3553 3258 3398 3258 3565 3258 3403 3259 3539 3259 3555 3259 3503 3260 3475 3260 3465 3260 4163 3261 4147 3261 4141 3261 4139 3262 4163 3262 4141 3262 4117 3263 3753 3263 3769 3263 3792 3264 4117 3264 3769 3264 3814 3265 4117 3265 3792 3265 4117 3266 3814 3266 3834 3266 3844 3267 4117 3267 3834 3267 3864 3268 4117 3268 3844 3268 4205 3269 3958 3269 3970 3269 3978 3270 4205 3270 3970 3270 4213 3271 4205 3271 3978 3271 3403 3272 3555 3272 3567 3272 3579 3273 3403 3273 3567 3273 3593 3274 3403 3274 3579 3274 3403 3275 3593 3275 3609 3275 3617 3276 3403 3276 3609 3276 3633 3277 3403 3277 3617 3277 3403 3278 3633 3278 3641 3278 3657 3279 3403 3279 3641 3279 3665 3280 3403 3280 3657 3280 3453 3281 3443 3281 3585 3281 3581 3282 3453 3282 3585 3282 3571 3283 3453 3283 3581 3283 3453 3284 3571 3284 3569 3284 3559 3285 3453 3285 3569 3285 3557 3286 3453 3286 3559 3286 3453 3287 3515 3287 3505 3287 3503 3288 3453 3288 3505 3288 3463 3289 3453 3289 3503 3289 3465 3290 3463 3290 3503 3290 4159 3291 4163 3291 4161 3291 4163 3292 4125 3292 4123 3292 4121 3293 4163 3293 4123 3293 4119 3294 4163 3294 4121 3294 3453 3295 3557 3295 3531 3295 3517 3296 3453 3296 3531 3296 3515 3297 3453 3297 3517 3297 4163 3298 4139 3298 4137 3298 4135 3299 4163 3299 4137 3299 4133 3300 4163 3300 4135 3300 4163 3301 4133 3301 4131 3301 4129 3302 4163 3302 4131 3302 4127 3303 4163 3303 4129 3303 3767 3304 4222 3304 3790 3304 3727 3305 3398 3305 3743 3305 3398 3306 3727 3306 3711 3306 3703 3307 3398 3307 3711 3307 3687 3308 3398 3308 3703 3308 3398 3309 3687 3309 3679 3309 3663 3310 3398 3310 3679 3310 3655 3311 3398 3311 3663 3311 3503 3312 3501 3312 3491 3312 3489 3313 3503 3313 3491 3313 3475 3314 3503 3314 3489 3314 4163 3315 4159 3315 4157 3315 4155 3316 4163 3316 4157 3316 4153 3317 4163 3317 4155 3317 4163 3318 4153 3318 4151 3318 4149 3319 4163 3319 4151 3319 4147 3320 4163 3320 4149 3320 4213 3321 3978 3321 3976 3321 3968 3322 4213 3322 3976 3322 4221 3323 4213 3323 3968 3323 3956 3324 4221 3324 3968 3324 4222 3325 4221 3325 3956 3325 4222 3326 3956 3326 3944 3326 3936 3327 4222 3327 3944 3327 3928 3328 4222 3328 3936 3328 3398 3329 3655 3329 3639 3329 3631 3330 3398 3330 3639 3330 3615 3331 3398 3331 3631 3331 4222 3332 3928 3332 3910 3332 3900 3333 4222 3333 3910 3333 3890 3334 4222 3334 3900 3334 4222 3335 3890 3335 3872 3335 3862 3336 4222 3336 3872 3336 3842 3337 4222 3337 3862 3337 3398 3338 4222 3338 3767 3338 3751 3339 3398 3339 3767 3339 3743 3340 3398 3340 3751 3340 4222 3341 3842 3341 3832 3341 3812 3342 4222 3342 3832 3342 3790 3343 4222 3343 3812 3343 3774 3344 3838 3344 3828 3344 4189 3345 4203 3345 3974 3345 4115 3346 4189 3346 3974 3346 3972 3347 4115 3347 3974 3347 3964 3348 4115 3348 3972 3348 3932 3349 3924 3349 3774 3349 3940 3350 3932 3350 3774 3350 3398 3351 3519 3351 3525 3351 3774 3352 3924 3352 3906 3352 3896 3353 3774 3353 3906 3353 3886 3354 3774 3354 3896 3354 3774 3355 3886 3355 3868 3355 3858 3356 3774 3356 3868 3356 3838 3357 3774 3357 3858 3357 4115 3358 3964 3358 3952 3358 3940 3359 4115 3359 3952 3359 4113 3360 4115 3360 3940 3360 3774 3361 4113 3361 3940 3361 3772 3362 4113 3362 3774 3362 3659 3363 3651 3363 3397 3363 3675 3364 3659 3364 3397 3364 3774 3365 3828 3365 3808 3365 3786 3366 3774 3366 3808 3366 3763 3367 3774 3367 3786 3367 3774 3368 3763 3368 3747 3368 3739 3369 3774 3369 3747 3369 3723 3370 3774 3370 3739 3370 3774 3371 3723 3371 3707 3371 3699 3372 3774 3372 3707 3372 3397 3373 3774 3373 3699 3373 3683 3374 3397 3374 3699 3374 3675 3375 3397 3375 3683 3375 3397 3376 3651 3376 3635 3376 3627 3377 3397 3377 3635 3377 3611 3378 3397 3378 3627 3378 3397 3379 3611 3379 3603 3379 3587 3380 3397 3380 3603 3380 3573 3381 3397 3381 3587 3381 3397 3382 3573 3382 3561 3382 3549 3383 3397 3383 3561 3383 3533 3384 3397 3384 3549 3384 3523 3385 3519 3385 3398 3385 3810 3386 3830 3386 4222 3386 3788 3387 3810 3387 4222 3387 4222 3388 3830 3388 3840 3388 3860 3389 4222 3389 3840 3389 3870 3390 4222 3390 3860 3390 4222 3391 3870 3391 3888 3391 3898 3392 4222 3392 3888 3392 3908 3393 4222 3393 3898 3393 3575 3394 3589 3394 3398 3394 3563 3395 3575 3395 3398 3395 3398 3396 3701 3396 3709 3396 3725 3397 3398 3397 3709 3397 3398 3398 3525 3398 3535 3398 3551 3399 3398 3399 3535 3399 3563 3400 3398 3400 3551 3400 3398 3401 3589 3401 3605 3401 3613 3402 3398 3402 3605 3402 3629 3403 3398 3403 3613 3403 3398 3404 3629 3404 3637 3404 3653 3405 3398 3405 3637 3405 3661 3406 3398 3406 3653 3406 3398 3407 3725 3407 3741 3407 3749 3408 3398 3408 3741 3408 4222 3409 3398 3409 3749 3409 3765 3410 4222 3410 3749 3410 3788 3411 4222 3411 3765 3411 3398 3412 3661 3412 3677 3412 3685 3413 3398 3413 3677 3413 3701 3414 3398 3414 3685 3414 4222 3415 3908 3415 3926 3415 3934 3416 4222 3416 3926 3416 4224 3417 4222 3417 3934 3417 3942 3418 4224 3418 3934 3418 4219 3419 4224 3419 3942 3419 3954 3420 4219 3420 3942 3420 4211 3421 4219 3421 3954 3421 3966 3422 4211 3422 3954 3422 3974 3423 4211 3423 3966 3423 3771 3424 3922 3424 3772 3424 4112 3425 4082 3425 4084 3425 3771 3426 3846 3426 3856 3426 3866 3427 3771 3427 3856 3427 3876 3428 3771 3428 3866 3428 3771 3429 3876 3429 3894 3429 3904 3430 3771 3430 3894 3430 3922 3431 3771 3431 3904 3431 4080 3432 4082 3432 4112 3432 3776 3433 3778 3433 3780 3433 3782 3434 3776 3434 3780 3434 3784 3435 3776 3435 3782 3435 3776 3436 3784 3436 3794 3436 3804 3437 3776 3437 3794 3437 3806 3438 3776 3438 3804 3438 4112 3439 4090 3439 4092 3439 4094 3440 4112 3440 4092 3440 4096 3441 4112 3441 4094 3441 3776 3442 3806 3442 3816 3442 3818 3443 3776 3443 3816 3443 3771 3444 3776 3444 3818 3444 3836 3445 3771 3445 3818 3445 3846 3446 3771 3446 3836 3446 4113 3447 3772 3447 3922 3447 4068 3448 4113 3448 3922 3448 4112 3449 4113 3449 4068 3449 4070 3450 4112 3450 4068 3450 4080 3451 4112 3451 4070 3451 4112 3452 4084 3452 4086 3452 4088 3453 4112 3453 4086 3453 4090 3454 4112 3454 4088 3454 4112 3455 4096 3455 4098 3455 4100 3456 4112 3456 4098 3456 4102 3457 4112 3457 4100 3457 4112 3458 4102 3458 4104 3458 4106 3459 4112 3459 4104 3459 4110 3460 4112 3460 4106 3460 4108 3461 4110 3461 4106 3461 2766 3462 2976 3462 2960 3462 3397 3463 3128 3463 3112 3463 3096 3464 3397 3464 3112 3464 3088 3465 3397 3465 3096 3465 2767 3466 2866 3466 2874 3466 3398 3467 3260 3467 3268 3467 3397 3468 3398 3468 3268 3468 3523 3469 3398 3469 3397 3469 3533 3470 3523 3470 3397 3470 3397 3471 3160 3471 3152 3471 3136 3472 3397 3472 3152 3472 3128 3473 3397 3473 3136 3473 2912 3474 2766 3474 2928 3474 3397 3475 3268 3475 3266 3475 3258 3476 3397 3476 3266 3476 3242 3477 3397 3477 3258 3477 3192 3478 3397 3478 3208 3478 2766 3479 2960 3479 2952 3479 2936 3480 2766 3480 2952 3480 2928 3481 2766 3481 2936 3481 3397 3482 3192 3482 3184 3482 3176 3483 3397 3483 3184 3483 3160 3484 3397 3484 3176 3484 3397 3485 3088 3485 3072 3485 3064 3486 3397 3486 3072 3486 2766 3487 3397 3487 3064 3487 3048 3488 2766 3488 3064 3488 2766 3489 3048 3489 3032 3489 3024 3490 2766 3490 3032 3490 3008 3491 2766 3491 3024 3491 2766 3492 2912 3492 2904 3492 2896 3493 2766 3493 2904 3493 2888 3494 2766 3494 2896 3494 2766 3495 2888 3495 2872 3495 2864 3496 2766 3496 2872 3496 2767 3497 2766 3497 2864 3497 2860 3498 2767 3498 2864 3498 2866 3499 2767 3499 2860 3499 2767 3500 2874 3500 2890 3500 2898 3501 2767 3501 2890 3501 2906 3502 2767 3502 2898 3502 3397 3503 3242 3503 3224 3503 3216 3504 3397 3504 3224 3504 3208 3505 3397 3505 3216 3505 2767 3506 2906 3506 2914 3506 2930 3507 2767 3507 2914 3507 2938 3508 2767 3508 2930 3508 2767 3509 3026 3509 3034 3509 3050 3510 2767 3510 3034 3510 3398 3511 2767 3511 3050 3511 3066 3512 3398 3512 3050 3512 3074 3513 3398 3513 3066 3513 3398 3514 3074 3514 3090 3514 3098 3515 3398 3515 3090 3515 3114 3516 3398 3516 3098 3516 3398 3517 3114 3517 3130 3517 3138 3518 3398 3518 3130 3518 3154 3519 3398 3519 3138 3519 2766 3520 3008 3520 3000 3520 2984 3521 2766 3521 3000 3521 2976 3522 2766 3522 2984 3522 2986 3523 2767 3523 2978 3523 3398 3524 3218 3524 3226 3524 3244 3525 3398 3525 3226 3525 3260 3526 3398 3526 3244 3526 2767 3527 2938 3527 2954 3527 2962 3528 2767 3528 2954 3528 2978 3529 2767 3529 2962 3529 2767 3530 2986 3530 3002 3530 3010 3531 2767 3531 3002 3531 3026 3532 2767 3532 3010 3532 3398 3533 3154 3533 3162 3533 3178 3534 3398 3534 3162 3534 3186 3535 3398 3535 3178 3535 3398 3536 3186 3536 3194 3536 3210 3537 3398 3537 3194 3537 3218 3538 3398 3538 3210 3538 2090 3539 2249 3539 2259 3539 2090 3540 2203 3540 2211 3540 2565 3541 2557 3541 2398 3541 2581 3542 2565 3542 2398 3542 2090 3543 2211 3543 2229 3543 2239 3544 2090 3544 2229 3544 2249 3545 2090 3545 2239 3545 2766 3546 2625 3546 2611 3546 2599 3547 2766 3547 2611 3547 2398 3548 2557 3548 2544 3548 2528 3549 2398 3549 2544 3549 2520 3550 2398 3550 2528 3550 2398 3551 2520 3551 2504 3551 2496 3552 2398 3552 2504 3552 2480 3553 2398 3553 2496 3553 2089 3554 2247 3554 2237 3554 2227 3555 2089 3555 2237 3555 2767 3556 2458 3556 2466 3556 2767 3557 2583 3557 2591 3557 2601 3558 2767 3558 2591 3558 2613 3559 2767 3559 2601 3559 2767 3560 2613 3560 2627 3560 2635 3561 2767 3561 2627 3561 2766 3562 2767 3562 2635 3562 2633 3563 2766 3563 2635 3563 2625 3564 2766 3564 2633 3564 2090 3565 2259 3565 2277 3565 2287 3566 2090 3566 2277 3566 2305 3567 2090 3567 2287 3567 2090 3568 2305 3568 2317 3568 2335 3569 2090 3569 2317 3569 2345 3570 2090 3570 2335 3570 2442 3571 2458 3571 2767 3571 2767 3572 2466 3572 2482 3572 2498 3573 2767 3573 2482 3573 2506 3574 2767 3574 2498 3574 2767 3575 2506 3575 2522 3575 2530 3576 2767 3576 2522 3576 2546 3577 2767 3577 2530 3577 2089 3578 2227 3578 2209 3578 2201 3579 2089 3579 2209 3579 2090 3580 2089 3580 2201 3580 2197 3581 2090 3581 2201 3581 2203 3582 2090 3582 2197 3582 2090 3583 2345 3583 2363 3583 2373 3584 2090 3584 2363 3584 2389 3585 2090 3585 2373 3585 2767 3586 2546 3586 2559 3586 2567 3587 2767 3587 2559 3587 2583 3588 2767 3588 2567 3588 2398 3589 2480 3589 2464 3589 2456 3590 2398 3590 2464 3590 2440 3591 2398 3591 2456 3591 2333 3592 2089 3592 2343 3592 2089 3593 2285 3593 2275 3593 2257 3594 2089 3594 2275 3594 2247 3595 2089 3595 2257 3595 2090 3596 2389 3596 2402 3596 2418 3597 2090 3597 2402 3597 2767 3598 2090 3598 2418 3598 2434 3599 2767 3599 2418 3599 2442 3600 2767 3600 2434 3600 2398 3601 2440 3601 2432 3601 2416 3602 2398 3602 2432 3602 2400 3603 2398 3603 2416 3603 2089 3604 2333 3604 2315 3604 2303 3605 2089 3605 2315 3605 2285 3606 2089 3606 2303 3606 2398 3607 2400 3607 2387 3607 2371 3608 2398 3608 2387 3608 2089 3609 2398 3609 2371 3609 2361 3610 2089 3610 2371 3610 2343 3611 2089 3611 2361 3611 2766 3612 2599 3612 2589 3612 2581 3613 2766 3613 2589 3613 2555 3614 2766 3614 2581 3614 2398 3615 2555 3615 2581 3615 2553 3616 2555 3616 2398 3616 2396 3617 2553 3617 2398 3617 2552 3618 2553 3618 2396 3618 2395 3619 2552 3619 2396 3619 2679 3620 2552 3620 2395 3620 2185 3621 2679 3621 2395 3621 2183 3622 2679 3622 2185 3622 2623 3623 2183 3623 2597 3623 2369 3624 2189 3624 2191 3624 2193 3625 2369 3625 2191 3625 2369 3626 2193 3626 2195 3626 2217 3627 2369 3627 2195 3627 2235 3628 2369 3628 2217 3628 2552 3629 2679 3629 2681 3629 2691 3630 2552 3630 2681 3630 2693 3631 2552 3631 2691 3631 2369 3632 2597 3632 2183 3632 2187 3633 2369 3633 2183 3633 2189 3634 2369 3634 2187 3634 2235 3635 2311 3635 2313 3635 2331 3636 2235 3636 2313 3636 2552 3637 2693 3637 2703 3637 2705 3638 2552 3638 2703 3638 2707 3639 2552 3639 2705 3639 2183 3640 2623 3640 2641 3640 2651 3641 2183 3641 2641 3641 2653 3642 2183 3642 2651 3642 2552 3643 2707 3643 2717 3643 2719 3644 2552 3644 2717 3644 2721 3645 2552 3645 2719 3645 2255 3646 2273 3646 2235 3646 2245 3647 2255 3647 2235 3647 2235 3648 2273 3648 2283 3648 2293 3649 2235 3649 2283 3649 2311 3650 2235 3650 2293 3650 2235 3651 2331 3651 2341 3651 2351 3652 2235 3652 2341 3652 2369 3653 2235 3653 2351 3653 2183 3654 2653 3654 2663 3654 2665 3655 2183 3655 2663 3655 2679 3656 2183 3656 2665 3656 2552 3657 2721 3657 2723 3657 2725 3658 2552 3658 2723 3658 2727 3659 2552 3659 2725 3659 1972 3660 1960 3660 2089 3660 1984 3661 1972 3661 2089 3661 2089 3662 1960 3662 1952 3662 1944 3663 2089 3663 1952 3663 1928 3664 2089 3664 1944 3664 2090 3665 1974 3665 1986 3665 1994 3666 2090 3666 1986 3666 2089 3667 2090 3667 1994 3667 1992 3668 2089 3668 1994 3668 1984 3669 2089 3669 1992 3669 2090 3670 1946 3670 1954 3670 1962 3671 2090 3671 1954 3671 1974 3672 2090 3672 1962 3672 2089 3673 1928 3673 1920 3673 1912 3674 2089 3674 1920 3674 1896 3675 2089 3675 1912 3675 1760 3676 1458 3676 1768 3676 1458 3677 1720 3677 1702 3677 1680 3678 1458 3678 1702 3678 1668 3679 1458 3679 1680 3679 1458 3680 1668 3680 1650 3680 1640 3681 1458 3681 1650 3681 1622 3682 1458 3682 1640 3682 2090 3683 1898 3683 1914 3683 1458 3684 1760 3684 1744 3684 1736 3685 1458 3685 1744 3685 1720 3686 1458 3686 1736 3686 2090 3687 1914 3687 1922 3687 1930 3688 2090 3688 1922 3688 1946 3689 2090 3689 1930 3689 2089 3690 1896 3690 1888 3690 1872 3691 2089 3691 1888 3691 1864 3692 2089 3692 1872 3692 2089 3693 1864 3693 1848 3693 1832 3694 2089 3694 1848 3694 1824 3695 2089 3695 1832 3695 1458 3696 1622 3696 1612 3696 1602 3697 1458 3697 1612 3697 1594 3698 1458 3698 1602 3698 1459 3699 1570 3699 1578 3699 1596 3700 1459 3700 1578 3700 1459 3701 1596 3701 1604 3701 1614 3702 1459 3702 1604 3702 1624 3703 1459 3703 1614 3703 1459 3704 1624 3704 1642 3704 1652 3705 1459 3705 1642 3705 1670 3706 1459 3706 1652 3706 2089 3707 1824 3707 1808 3707 1800 3708 2089 3708 1808 3708 1458 3709 2089 3709 1800 3709 1784 3710 1458 3710 1800 3710 1768 3711 1458 3711 1784 3711 1458 3712 1594 3712 1576 3712 1568 3713 1458 3713 1576 3713 1459 3714 1458 3714 1568 3714 1564 3715 1459 3715 1568 3715 1570 3716 1459 3716 1564 3716 1459 3717 1670 3717 1682 3717 1704 3718 1459 3718 1682 3718 1722 3719 1459 3719 1704 3719 1459 3720 1722 3720 1738 3720 1746 3721 1459 3721 1738 3721 1762 3722 1459 3722 1746 3722 2090 3723 1810 3723 1826 3723 2090 3724 1826 3724 1834 3724 1850 3725 2090 3725 1834 3725 1866 3726 2090 3726 1850 3726 1459 3727 1762 3727 1770 3727 1786 3728 1459 3728 1770 3728 2090 3729 1459 3729 1786 3729 1802 3730 2090 3730 1786 3730 1810 3731 2090 3731 1802 3731 2090 3732 1866 3732 1874 3732 1890 3733 2090 3733 1874 3733 1898 3734 2090 3734 1890 3734 744 3735 1067 3735 746 3735 1067 3736 994 3736 984 3736 715 3737 956 3737 938 3737 956 3738 715 3738 746 3738 1067 3739 956 3739 746 3739 966 3740 956 3740 1067 3740 984 3741 966 3741 1067 3741 1459 3742 1239 3742 1247 3742 1255 3743 1459 3743 1247 3743 1271 3744 1459 3744 1255 3744 1459 3745 1299 3745 1311 3745 1319 3746 1459 3746 1311 3746 1458 3747 1459 3747 1319 3747 1317 3748 1458 3748 1319 3748 968 3749 986 3749 716 3749 958 3750 968 3750 716 3750 1459 3751 1127 3751 1135 3751 1151 3752 1459 3752 1135 3752 1159 3753 1459 3753 1151 3753 1459 3754 1271 3754 1279 3754 1287 3755 1459 3755 1279 3755 1299 3756 1459 3756 1287 3756 1458 3757 1317 3757 1309 3757 1297 3758 1458 3758 1309 3758 1285 3759 1458 3759 1297 3759 715 3760 938 3760 928 3760 920 3761 715 3761 928 3761 910 3762 715 3762 920 3762 716 3763 1087 3763 1095 3763 1458 3764 1285 3764 1277 3764 1269 3765 1458 3765 1277 3765 1253 3766 1458 3766 1269 3766 1458 3767 1253 3767 1245 3767 1237 3768 1458 3768 1245 3768 1221 3769 1458 3769 1237 3769 716 3770 888 3770 896 3770 912 3771 716 3771 896 3771 922 3772 716 3772 912 3772 1459 3773 1159 3773 1175 3773 1191 3774 1459 3774 1175 3774 1199 3775 1459 3775 1191 3775 1459 3776 1199 3776 1215 3776 1223 3777 1459 3777 1215 3777 1239 3778 1459 3778 1223 3778 1458 3779 1221 3779 1213 3779 1197 3780 1458 3780 1213 3780 1189 3781 1458 3781 1197 3781 716 3782 922 3782 930 3782 940 3783 716 3783 930 3783 958 3784 716 3784 940 3784 716 3785 986 3785 996 3785 1016 3786 716 3786 996 3786 1028 3787 716 3787 1016 3787 1459 3788 716 3788 1095 3788 1111 3789 1459 3789 1095 3789 1127 3790 1459 3790 1111 3790 1458 3791 1189 3791 1173 3791 1157 3792 1458 3792 1173 3792 1067 3793 1458 3793 1157 3793 1149 3794 1067 3794 1157 3794 1133 3795 1067 3795 1149 3795 715 3796 910 3796 894 3796 886 3797 715 3797 894 3797 716 3798 715 3798 886 3798 882 3799 716 3799 886 3799 888 3800 716 3800 882 3800 716 3801 1028 3801 1048 3801 1071 3802 716 3802 1048 3802 1087 3803 716 3803 1071 3803 1067 3804 1046 3804 1026 3804 1014 3805 1067 3805 1026 3805 994 3806 1067 3806 1014 3806 1067 3807 1133 3807 1125 3807 1109 3808 1067 3808 1125 3808 1093 3809 1067 3809 1109 3809 1067 3810 1093 3810 1085 3810 1069 3811 1067 3811 1085 3811 1046 3812 1067 3812 1069 3812 744 3813 743 3813 1064 3813 1065 3814 744 3814 1064 3814 1067 3815 744 3815 1065 3815 748 3816 750 3816 790 3816 743 3817 748 3817 790 3817 790 3818 750 3818 752 3818 754 3819 790 3819 752 3819 756 3820 790 3820 754 3820 1064 3821 992 3821 1002 3821 1012 3822 1064 3822 1002 3822 1062 3823 1064 3823 1012 3823 1060 3824 1062 3824 1012 3824 790 3825 756 3825 758 3825 760 3826 790 3826 758 3826 762 3827 790 3827 760 3827 772 3828 764 3828 766 3828 768 3829 772 3829 766 3829 770 3830 772 3830 768 3830 1064 3831 936 3831 954 3831 762 3832 764 3832 772 3832 774 3833 762 3833 772 3833 776 3834 762 3834 774 3834 918 3835 936 3835 1064 3835 1064 3836 954 3836 964 3836 978 3837 1064 3837 964 3837 992 3838 1064 3838 978 3838 1012 3839 1054 3839 1056 3839 1058 3840 1012 3840 1056 3840 1060 3841 1012 3841 1058 3841 762 3842 776 3842 778 3842 788 3843 762 3843 778 3843 790 3844 762 3844 788 3844 1064 3845 743 3845 790 3845 880 3846 1064 3846 790 3846 918 3847 1064 3847 880 3847 1024 3848 1012 3848 1022 3848 1012 3849 1024 3849 1034 3849 1044 3850 1012 3850 1034 3850 1054 3851 1012 3851 1044 3851 640 3852 716 3852 635 3852 656 3853 668 3853 715 3853 716 3854 656 3854 715 3854 648 3855 656 3855 716 3855 640 3856 648 3856 716 3856 716 3857 646 3857 638 3857 636 3858 716 3858 638 3858 635 3859 716 3859 636 3859 716 3860 682 3860 680 3860 672 3861 716 3861 674 3861 716 3862 672 3862 670 3862 654 3863 716 3863 670 3863 646 3864 716 3864 654 3864 716 3865 680 3865 678 3865 676 3866 716 3866 678 3866 674 3867 716 3867 676 3867 716 3868 694 3868 692 3868 690 3869 716 3869 692 3869 688 3870 716 3870 690 3870 716 3871 688 3871 686 3871 684 3872 716 3872 686 3872 682 3873 716 3873 684 3873 716 3874 704 3874 702 3874 700 3875 716 3875 702 3875 716 3876 712 3876 710 3876 716 3877 700 3877 698 3877 696 3878 716 3878 698 3878 694 3879 716 3879 696 3879 716 3880 710 3880 708 3880 706 3881 716 3881 708 3881 704 3882 716 3882 706 3882 1455 3883 1355 3883 1353 3883 716 3884 739 3884 717 3884 714 3885 716 3885 717 3885 712 3886 716 3886 714 3886 1355 3887 1447 3887 1445 3887 1355 3888 1419 3888 1409 3888 1399 3889 1355 3889 1409 3889 1389 3890 1355 3890 1399 3890 1389 3891 1363 3891 1361 3891 1355 3892 1445 3892 1443 3892 1441 3893 1355 3893 1443 3893 1419 3894 1355 3894 1441 3894 1453 3895 1227 3895 1243 3895 1251 3896 1453 3896 1243 3896 1453 3897 1251 3897 1259 3897 1275 3898 1453 3898 1259 3898 1283 3899 1453 3899 1275 3899 1453 3900 1283 3900 1291 3900 1303 3901 1453 3901 1291 3901 1315 3902 1453 3902 1303 3902 717 3903 739 3903 741 3903 737 3904 717 3904 741 3904 735 3905 717 3905 737 3905 1389 3906 1361 3906 1359 3906 1357 3907 1389 3907 1359 3907 1355 3908 1389 3908 1357 3908 1453 3909 1315 3909 1459 3909 1461 3910 1453 3910 1459 3910 1455 3911 1453 3911 1461 3911 1451 3912 1455 3912 1461 3912 1355 3913 1455 3913 1451 3913 1449 3914 1355 3914 1451 3914 1447 3915 1355 3915 1449 3915 1459 3916 1315 3916 1323 3916 1321 3917 1459 3917 1323 3917 1313 3918 1459 3918 1321 3918 716 3919 998 3919 988 3919 970 3920 716 3920 988 3920 716 3921 970 3921 960 3921 942 3922 716 3922 960 3922 932 3923 716 3923 942 3923 1377 3924 1389 3924 1387 3924 1139 3925 1155 3925 1453 3925 1131 3926 1139 3926 1453 3926 1453 3927 1155 3927 1163 3927 1179 3928 1453 3928 1163 3928 1195 3929 1453 3929 1179 3929 1453 3930 1195 3930 1203 3930 1219 3931 1453 3931 1203 3931 1227 3932 1453 3932 1219 3932 1459 3933 1313 3933 1301 3933 1289 3934 1459 3934 1301 3934 1281 3935 1459 3935 1289 3935 1459 3936 1281 3936 1273 3936 1257 3937 1459 3937 1273 3937 1249 3938 1459 3938 1257 3938 1459 3939 1249 3939 1241 3939 1225 3940 1459 3940 1241 3940 1217 3941 1459 3941 1225 3941 716 3942 932 3942 924 3942 914 3943 716 3943 924 3943 898 3944 716 3944 914 3944 739 3945 900 3945 916 3945 926 3946 739 3946 916 3946 972 3947 739 3947 962 3947 717 3948 735 3948 733 3948 731 3949 717 3949 733 3949 729 3950 717 3950 731 3950 1389 3951 1377 3951 1375 3951 1373 3952 1389 3952 1375 3952 1363 3953 1389 3953 1373 3953 739 3954 972 3954 990 3954 1000 3955 739 3955 990 3955 1453 3956 739 3956 1000 3956 1020 3957 1453 3957 1000 3957 1032 3958 1453 3958 1020 3958 1453 3959 1032 3959 1052 3959 1075 3960 1453 3960 1052 3960 1091 3961 1453 3961 1075 3961 716 3962 1089 3962 1073 3962 1050 3963 716 3963 1073 3963 739 3964 926 3964 934 3964 944 3965 739 3965 934 3965 962 3966 739 3966 944 3966 717 3967 729 3967 727 3967 725 3968 717 3968 727 3968 719 3969 717 3969 725 3969 723 3970 719 3970 725 3970 721 3971 719 3971 723 3971 1453 3972 1091 3972 1099 3972 1115 3973 1453 3973 1099 3973 1131 3974 1453 3974 1115 3974 1459 3975 1217 3975 1201 3975 1193 3976 1459 3976 1201 3976 1177 3977 1459 3977 1193 3977 716 3978 1050 3978 1030 3978 1018 3979 716 3979 1030 3979 998 3980 716 3980 1018 3980 716 3981 898 3981 890 3981 884 3982 716 3982 890 3982 739 3983 716 3983 884 3983 892 3984 739 3984 884 3984 900 3985 739 3985 892 3985 1459 3986 1177 3986 1161 3986 1153 3987 1459 3987 1161 3987 1137 3988 1459 3988 1153 3988 1459 3989 1137 3989 1129 3989 1113 3990 1459 3990 1129 3990 716 3991 1459 3991 1113 3991 1097 3992 716 3992 1113 3992 1089 3993 716 3993 1097 3993 1461 3994 1716 3994 1718 3994 2090 3995 1996 3995 1988 3995 1976 3996 2090 3996 1988 3996 1964 3997 2090 3997 1976 3997 1958 3998 1966 3998 2092 3998 1950 3999 1958 3999 2092 3999 2092 4000 1966 4000 1978 4000 1990 4001 2092 4001 1978 4001 2090 4002 2092 4002 1990 4002 1998 4003 2090 4003 1990 4003 1996 4004 2090 4004 1998 4004 2092 4005 1918 4005 1926 4005 1934 4006 2092 4006 1926 4006 1950 4007 2092 4007 1934 4007 2090 4008 1964 4008 1956 4008 1948 4009 2090 4009 1956 4009 1932 4010 2090 4010 1948 4010 1544 4011 1461 4011 1718 4011 1714 4012 1544 4012 1718 4012 1712 4013 1544 4013 1714 4013 1544 4014 1712 4014 1710 4014 1700 4015 1544 4015 1710 4015 1690 4016 1544 4016 1700 4016 1459 4017 1654 4017 1644 4017 1626 4018 1459 4018 1644 4018 1616 4019 1459 4019 1626 4019 1600 4020 1524 4020 1582 4020 1646 4021 1524 4021 1628 4021 1524 4022 1646 4022 1656 4022 1674 4023 1524 4023 1656 4023 1686 4024 1524 4024 1674 4024 1544 4025 1690 4025 1688 4025 1678 4026 1544 4026 1688 4026 1676 4027 1544 4027 1678 4027 1550 4028 1620 4028 1610 4028 2090 4029 1932 4029 1924 4029 1916 4030 2090 4030 1924 4030 1900 4031 2090 4031 1916 4031 1724 4032 1706 4032 1459 4032 1740 4033 1724 4033 1459 4033 1524 4034 1600 4034 1608 4034 1618 4035 1524 4035 1608 4035 1628 4036 1524 4036 1618 4036 1524 4037 1686 4037 1708 4037 1726 4038 1524 4038 1708 4038 1742 4039 1524 4039 1726 4039 1459 4040 1706 4040 1684 4040 1672 4041 1459 4041 1684 4041 1654 4042 1459 4042 1672 4042 1459 4043 1616 4043 1606 4043 1598 4044 1459 4044 1606 4044 1580 4045 1459 4045 1598 4045 1459 4046 1580 4046 1572 4046 1566 4047 1459 4047 1572 4047 1574 4048 1459 4048 1566 4048 1838 4049 2092 4049 1830 4049 1544 4050 1676 4050 1658 4050 1648 4051 1544 4051 1658 4051 1550 4052 1544 4052 1648 4052 1638 4053 1550 4053 1648 4053 1620 4054 1550 4054 1638 4054 1550 4055 1610 4055 1592 4055 1562 4056 1550 4056 1592 4056 1560 4057 1550 4057 1562 4057 1459 4058 1574 4058 1582 4058 1524 4059 1459 4059 1582 4059 1461 4060 1459 4060 1524 4060 1526 4061 1461 4061 1524 4061 1716 4062 1461 4062 1526 4062 1524 4063 1742 4063 1750 4063 1766 4064 1524 4064 1750 4064 1774 4065 1524 4065 1766 4065 2092 4066 1838 4066 1854 4066 1870 4067 2092 4067 1854 4067 1878 4068 2092 4068 1870 4068 2090 4069 1900 4069 1892 4069 1876 4070 2090 4070 1892 4070 1868 4071 2090 4071 1876 4071 2092 4072 1878 4072 1894 4072 1902 4073 2092 4073 1894 4073 1918 4074 2092 4074 1902 4074 1524 4075 1774 4075 1790 4075 1806 4076 1524 4076 1790 4076 2092 4077 1524 4077 1806 4077 1814 4078 2092 4078 1806 4078 1830 4079 2092 4079 1814 4079 2090 4080 1868 4080 1852 4080 1836 4081 2090 4081 1852 4081 1828 4082 2090 4082 1836 4082 1459 4083 1772 4083 1764 4083 1748 4084 1459 4084 1764 4084 1740 4085 1459 4085 1748 4085 2090 4086 1828 4086 1812 4086 1804 4087 2090 4087 1812 4087 1459 4088 2090 4088 1804 4088 1788 4089 1459 4089 1804 4089 1772 4090 1459 4090 1788 4090 2233 4091 2092 4091 2215 4091 2532 4092 2767 4092 2548 4092 2090 4093 2251 4093 2241 4093 2231 4094 2090 4094 2241 4094 2213 4095 2090 4095 2231 4095 2092 4096 2233 4096 2243 4096 2253 4097 2092 4097 2243 4097 2263 4098 2092 4098 2253 4098 2337 4099 2090 4099 2347 4099 2769 4100 2550 4100 2563 4100 2605 4101 2769 4101 2595 4101 2767 4102 2637 4102 2629 4102 2615 4103 2767 4103 2629 4103 2767 4104 2585 4104 2569 4104 2561 4105 2767 4105 2569 4105 2548 4106 2767 4106 2561 4106 2767 4107 2532 4107 2524 4107 2508 4108 2767 4108 2524 4108 2500 4109 2767 4109 2508 4109 2090 4110 2404 4110 2391 4110 2090 4111 2337 4111 2319 4111 2307 4112 2090 4112 2319 4112 2289 4113 2090 4113 2307 4113 2090 4114 2289 4114 2279 4114 2261 4115 2090 4115 2279 4115 2251 4116 2090 4116 2261 4116 2090 4117 2213 4117 2205 4117 2199 4118 2090 4118 2205 4118 2092 4119 2090 4119 2199 4119 2207 4120 2092 4120 2199 4120 2215 4121 2092 4121 2207 4121 2092 4122 2263 4122 2281 4122 2291 4123 2092 4123 2281 4123 2309 4124 2092 4124 2291 4124 2769 4125 2563 4125 2571 4125 2587 4126 2769 4126 2571 4126 2595 4127 2769 4127 2587 4127 2769 4128 2605 4128 2617 4128 2631 4129 2769 4129 2617 4129 2767 4130 2769 4130 2631 4130 2639 4131 2767 4131 2631 4131 2637 4132 2767 4132 2639 4132 2767 4133 2500 4133 2484 4133 2468 4134 2767 4134 2484 4134 2460 4135 2767 4135 2468 4135 2090 4136 2391 4136 2375 4136 2365 4137 2090 4137 2375 4137 2347 4138 2090 4138 2365 4138 2462 4139 2769 4139 2446 4139 2510 4140 2769 4140 2502 4140 2767 4141 2615 4141 2603 4141 2593 4142 2767 4142 2603 4142 2585 4143 2767 4143 2593 4143 2092 4144 2309 4144 2321 4144 2339 4145 2092 4145 2321 4145 2349 4146 2092 4146 2339 4146 2769 4147 2462 4147 2470 4147 2486 4148 2769 4148 2470 4148 2502 4149 2769 4149 2486 4149 2769 4150 2510 4150 2526 4150 2534 4151 2769 4151 2526 4151 2550 4152 2769 4152 2534 4152 2767 4153 2460 4153 2444 4153 2436 4154 2767 4154 2444 4154 2090 4155 2767 4155 2436 4155 2420 4156 2090 4156 2436 4156 2404 4157 2090 4157 2420 4157 2092 4158 2393 4158 2406 4158 2422 4159 2092 4159 2406 4159 2769 4160 2092 4160 2422 4160 2438 4161 2769 4161 2422 4161 2446 4162 2769 4162 2438 4162 2092 4163 2349 4163 2367 4163 2377 4164 2092 4164 2367 4164 2393 4165 2092 4165 2377 4165 3234 4166 3232 4166 3394 4166 3400 4167 3234 4167 3394 4167 3400 4168 3394 4168 3392 4168 3398 4169 3400 4169 3392 4169 3403 4170 3400 4170 3398 4170 3529 4171 3403 4171 3398 4171 3539 4172 3403 4172 3529 4172 2767 4173 2868 4173 2862 4173 2918 4174 2934 4174 2769 4174 2910 4175 2918 4175 2769 4175 3234 4176 3400 4176 3362 4176 3352 4177 3234 4177 3362 4177 3342 4178 3234 4178 3352 4178 3234 4179 3342 4179 3332 4179 3330 4180 3234 4180 3332 4180 3320 4181 3234 4181 3330 4181 3290 4182 3274 4182 3256 4182 3392 4183 2982 4183 2990 4183 3006 4184 3392 4184 2990 4184 3014 4185 3392 4185 3006 4185 3392 4186 3014 4186 3030 4186 3038 4187 3392 4187 3030 4187 3054 4188 3392 4188 3038 4188 3392 4189 3054 4189 3070 4189 3078 4190 3392 4190 3070 4190 3094 4191 3392 4191 3078 4191 2767 4192 2932 4192 2916 4192 2908 4193 2767 4193 2916 4193 2900 4194 2767 4194 2908 4194 2769 4195 2767 4195 2862 4195 2870 4196 2769 4196 2862 4196 2878 4197 2769 4197 2870 4197 2769 4198 2878 4198 2894 4198 2902 4199 2769 4199 2894 4199 2910 4200 2769 4200 2902 4200 3304 4201 3302 4201 3236 4201 3234 4202 3304 4202 3236 4202 3314 4203 3304 4203 3234 4203 3320 4204 3314 4204 3234 4204 3236 4205 3302 4205 3292 4205 3290 4206 3236 4206 3292 4206 3254 4207 3236 4207 3290 4207 3256 4208 3254 4208 3290 4208 2769 4209 2934 4209 2942 4209 2958 4210 2769 4210 2942 4210 3392 4211 2769 4211 2958 4211 2966 4212 3392 4212 2958 4212 2982 4213 3392 4213 2966 4213 3392 4214 3166 4214 3182 4214 3190 4215 3392 4215 3182 4215 3230 4216 3392 4216 3222 4216 3398 4217 3270 4217 3262 4217 2767 4218 2900 4218 2892 4218 2876 4219 2767 4219 2892 4219 2868 4220 2767 4220 2876 4220 3392 4221 3190 4221 3198 4221 3214 4222 3392 4222 3198 4222 3222 4223 3392 4223 3214 4223 3392 4224 3230 4224 3248 4224 3264 4225 3392 4225 3248 4225 3398 4226 3392 4226 3264 4226 3272 4227 3398 4227 3264 4227 3270 4228 3398 4228 3272 4228 3100 4229 3092 4229 3398 4229 3116 4230 3100 4230 3398 4230 3290 4231 3280 4231 3278 4231 3276 4232 3290 4232 3278 4232 3274 4233 3290 4233 3276 4233 3392 4234 3094 4234 3102 4234 3118 4235 3392 4235 3102 4235 3134 4236 3392 4236 3118 4236 3398 4237 3262 4237 3246 4237 3228 4238 3398 4238 3246 4238 3220 4239 3398 4239 3228 4239 3068 4240 3052 4240 2767 4240 3398 4241 3068 4241 2767 4241 3076 4242 3068 4242 3398 4242 3092 4243 3076 4243 3398 4243 2767 4244 3052 4244 3036 4244 3028 4245 2767 4245 3036 4245 3012 4246 2767 4246 3028 4246 2964 4247 2767 4247 2980 4247 3392 4248 3134 4248 3142 4248 3158 4249 3392 4249 3142 4249 3166 4250 3392 4250 3158 4250 2767 4251 3012 4251 3004 4251 2988 4252 2767 4252 3004 4252 2980 4253 2767 4253 2988 4253 3398 4254 3220 4254 3212 4254 3196 4255 3398 4255 3212 4255 3188 4256 3398 4256 3196 4256 3398 4257 3188 4257 3180 4257 3164 4258 3398 4258 3180 4258 3156 4259 3398 4259 3164 4259 3398 4260 3156 4260 3140 4260 3132 4261 3398 4261 3140 4261 3116 4262 3398 4262 3132 4262 2767 4263 2964 4263 2956 4263 2940 4264 2767 4264 2956 4264 2932 4265 2767 4265 2940 4265 4201 4266 4612 4266 4611 4266 666 4267 1462 4267 665 4267 4145 4268 4201 4268 4200 4268 255 4269 4612 4269 4201 4269 666 4270 255 4270 4201 4270 254 4271 255 4271 666 4271 4201 4272 4145 4272 3401 4272 2770 4273 4201 4273 3401 4273 666 4274 4201 4274 2770 4274 2093 4275 666 4275 2770 4275 1462 4276 666 4276 2093 4276 658 4277 247 4277 246 4277 4604 4278 247 4278 658 4278 4193 4279 4604 4279 658 4279 4603 4280 4604 4280 4193 4280 658 4281 657 4281 1456 4281 2087 4282 658 4282 1456 4282 4193 4283 658 4283 2087 4283 2764 4284 4193 4284 2087 4284 4193 4285 2764 4285 3395 4285 4142 4286 4193 4286 3395 4286 4192 4287 4193 4287 4142 4287 667 4288 742 4288 745 4288 777 4289 775 4289 780 4289 782 4290 777 4290 780 4290 780 4291 775 4291 773 4291 771 4292 780 4292 773 4292 650 4293 780 4293 771 4293 769 4294 650 4294 771 4294 767 4295 650 4295 769 4295 786 4296 705 4296 707 4296 786 4297 722 4297 724 4297 726 4298 786 4298 724 4298 728 4299 786 4299 726 4299 650 4300 767 4300 765 4300 763 4301 650 4301 765 4301 761 4302 650 4302 763 4302 697 4303 569 4303 565 4303 573 4304 569 4304 697 4304 531 4305 535 4305 667 4305 655 4306 531 4306 667 4306 527 4307 531 4307 655 4307 667 4308 535 4308 539 4308 543 4309 667 4309 539 4309 547 4310 667 4310 543 4310 667 4311 559 4311 563 4311 567 4312 667 4312 563 4312 571 4313 667 4313 567 4313 786 4314 713 4314 718 4314 720 4315 786 4315 718 4315 722 4316 786 4316 720 4316 740 4317 738 4317 784 4317 736 4318 740 4318 784 4318 650 4319 761 4319 759 4319 757 4320 650 4320 759 4320 642 4321 650 4321 757 4321 755 4322 642 4322 757 4322 631 4323 642 4323 755 4323 753 4324 611 4324 615 4324 667 4325 571 4325 575 4325 579 4326 667 4326 575 4326 583 4327 667 4327 579 4327 591 4328 747 4328 742 4328 667 4329 591 4329 742 4329 587 4330 591 4330 667 4330 583 4331 587 4331 667 4331 786 4332 699 4332 701 4332 703 4333 786 4333 701 4333 705 4334 786 4334 703 4334 786 4335 707 4335 709 4335 711 4336 786 4336 709 4336 713 4337 786 4337 711 4337 786 4338 728 4338 730 4338 732 4339 786 4339 730 4339 784 4340 786 4340 732 4340 734 4341 784 4341 732 4341 736 4342 784 4342 734 4342 753 4343 615 4343 619 4343 623 4344 753 4344 619 4344 755 4345 753 4345 623 4345 627 4346 755 4346 623 4346 631 4347 755 4347 627 4347 591 4348 595 4348 751 4348 749 4349 591 4349 751 4349 747 4350 591 4350 749 4350 697 4351 633 4351 629 4351 691 4352 565 4352 689 4352 667 4353 547 4353 551 4353 555 4354 667 4354 551 4354 559 4355 667 4355 555 4355 751 4356 595 4356 599 4356 603 4357 751 4357 599 4357 753 4358 751 4358 603 4358 607 4359 753 4359 603 4359 611 4360 753 4360 607 4360 644 4361 633 4361 697 4361 565 4362 691 4362 693 4362 695 4363 565 4363 693 4363 697 4364 565 4364 695 4364 687 4365 689 4365 565 4365 561 4366 687 4366 565 4366 685 4367 687 4367 561 4367 549 4368 545 4368 669 4368 671 4369 549 4369 669 4369 553 4370 549 4370 671 4370 647 4371 499 4371 655 4371 697 4372 699 4372 786 4372 652 4373 697 4373 786 4373 644 4374 697 4374 652 4374 669 4375 545 4375 541 4375 537 4376 669 4376 541 4376 653 4377 669 4377 537 4377 533 4378 653 4378 537 4378 529 4379 653 4379 533 4379 495 4380 489 4380 499 4380 489 4381 495 4381 491 4381 487 4382 489 4382 491 4382 485 4383 489 4383 487 4383 655 4384 507 4384 511 4384 523 4385 655 4385 511 4385 527 4386 655 4386 523 4386 553 4387 671 4387 673 4387 675 4388 553 4388 673 4388 557 4389 553 4389 675 4389 677 4390 557 4390 675 4390 557 4391 677 4391 679 4391 681 4392 557 4392 679 4392 561 4393 557 4393 681 4393 683 4394 561 4394 681 4394 685 4395 561 4395 683 4395 653 4396 529 4396 525 4396 521 4397 653 4397 525 4397 645 4398 653 4398 521 4398 509 4399 645 4399 521 4399 637 4400 645 4400 509 4400 503 4401 637 4401 509 4401 634 4402 637 4402 503 4402 499 4403 634 4403 503 4403 639 4404 634 4404 499 4404 647 4405 639 4405 499 4405 499 4406 489 4406 493 4406 497 4407 499 4407 493 4407 655 4408 499 4408 497 4408 501 4409 655 4409 497 4409 507 4410 655 4410 501 4410 697 4411 629 4411 625 4411 621 4412 697 4412 625 4412 617 4413 697 4413 621 4413 589 4414 585 4414 697 4414 593 4415 589 4415 697 4415 697 4416 585 4416 581 4416 577 4417 697 4417 581 4417 573 4418 697 4418 577 4418 697 4419 617 4419 613 4419 609 4420 697 4420 613 4420 605 4421 697 4421 609 4421 697 4422 605 4422 601 4422 597 4423 697 4423 601 4423 593 4424 697 4424 597 4424 175 4425 105 4425 95 4425 253 4426 35 4426 25 4426 13 4427 253 4427 25 4427 487 4428 253 4428 13 4428 211 4429 175 4429 95 4429 253 4430 75 4430 65 4430 253 4431 65 4431 55 4431 45 4432 253 4432 55 4432 35 4433 253 4433 45 4433 253 4434 211 4434 95 4434 85 4435 253 4435 95 4435 75 4436 253 4436 85 4436 485 4437 487 4437 13 4437 6 4438 485 4438 13 4438 250 4439 485 4439 6 4439 22 4440 250 4440 6 4440 32 4441 250 4441 22 4441 250 4442 32 4442 42 4442 52 4443 250 4443 42 4443 62 4444 250 4444 52 4444 175 4445 165 4445 155 4445 145 4446 175 4446 155 4446 135 4447 175 4447 145 4447 82 4448 172 4448 208 4448 250 4449 82 4449 208 4449 72 4450 82 4450 250 4450 62 4451 72 4451 250 4451 122 4452 102 4452 112 4452 175 4453 135 4453 125 4453 115 4454 175 4454 125 4454 105 4455 175 4455 115 4455 102 4456 122 4456 132 4456 142 4457 102 4457 132 4457 152 4458 102 4458 142 4458 172 4459 82 4459 92 4459 102 4460 172 4460 92 4460 162 4461 172 4461 102 4461 152 4462 162 4462 102 4462 784 4463 783 4463 785 4463 786 4464 784 4464 785 4464 781 4465 782 4465 780 4465 779 4466 781 4466 780 4466 650 4467 649 4467 779 4467 780 4468 650 4468 779 4468 651 4469 652 4469 786 4469 785 4470 651 4470 786 4470 518 4471 486 4471 519 4471 252 4472 253 4472 487 4472 486 4473 252 4473 487 4473 251 4474 252 4474 486 4474 518 4475 251 4475 486 4475 12 4476 11 4476 9 4476 10 4477 12 4477 9 4477 13 4478 12 4478 10 4478 6 4479 13 4479 10 4479 8 4480 6 4480 10 4480 5 4481 6 4481 8 4481 7 4482 5 4482 8 4482 4 4483 5 4483 7 4483 248 4484 512 4484 513 4484 484 4485 248 4485 513 4485 249 4486 248 4486 484 4486 485 4487 249 4487 484 4487 250 4488 249 4488 485 4488 490 4489 486 4489 487 4489 491 4490 490 4490 487 4490 494 4491 490 4491 491 4491 495 4492 494 4492 491 4492 498 4493 494 4493 495 4493 499 4494 498 4494 495 4494 502 4495 498 4495 499 4495 503 4496 502 4496 499 4496 505 4497 502 4497 503 4497 509 4498 505 4498 503 4498 565 4499 569 4499 568 4499 564 4500 565 4500 568 4500 561 4501 565 4501 564 4501 560 4502 561 4502 564 4502 557 4503 561 4503 560 4503 556 4504 557 4504 560 4504 553 4505 557 4505 556 4505 552 4506 553 4506 556 4506 549 4507 553 4507 552 4507 548 4508 549 4508 552 4508 545 4509 549 4509 548 4509 544 4510 545 4510 548 4510 541 4511 545 4511 544 4511 540 4512 541 4512 544 4512 537 4513 541 4513 540 4513 536 4514 537 4514 540 4514 533 4515 537 4515 536 4515 532 4516 533 4516 536 4516 529 4517 533 4517 532 4517 528 4518 529 4518 532 4518 525 4519 529 4519 528 4519 524 4520 525 4520 528 4520 521 4521 525 4521 524 4521 520 4522 521 4522 524 4522 509 4523 521 4523 520 4523 508 4524 509 4524 520 4524 505 4525 509 4525 508 4525 643 4526 652 4526 651 4526 644 4527 652 4527 643 4527 632 4528 644 4528 643 4528 633 4529 644 4529 632 4529 628 4530 633 4530 632 4530 629 4531 633 4531 628 4531 624 4532 629 4532 628 4532 625 4533 629 4533 624 4533 620 4534 625 4534 624 4534 621 4535 625 4535 620 4535 616 4536 621 4536 620 4536 617 4537 621 4537 616 4537 612 4538 617 4538 616 4538 613 4539 617 4539 612 4539 608 4540 613 4540 612 4540 609 4541 613 4541 608 4541 604 4542 609 4542 608 4542 605 4543 609 4543 604 4543 600 4544 605 4544 604 4544 601 4545 605 4545 600 4545 596 4546 601 4546 600 4546 597 4547 601 4547 596 4547 592 4548 597 4548 596 4548 593 4549 597 4549 592 4549 588 4550 593 4550 592 4550 589 4551 593 4551 588 4551 584 4552 589 4552 588 4552 585 4553 589 4553 584 4553 580 4554 585 4554 584 4554 581 4555 585 4555 580 4555 576 4556 581 4556 580 4556 577 4557 581 4557 576 4557 572 4558 577 4558 576 4558 573 4559 577 4559 572 4559 568 4560 573 4560 572 4560 569 4561 573 4561 568 4561 210 4562 253 4562 252 4562 211 4563 253 4563 210 4563 174 4564 211 4564 210 4564 175 4565 211 4565 174 4565 164 4566 175 4566 174 4566 165 4567 175 4567 164 4567 154 4568 165 4568 164 4568 155 4569 165 4569 154 4569 144 4570 155 4570 154 4570 145 4571 155 4571 144 4571 134 4572 145 4572 144 4572 135 4573 145 4573 134 4573 124 4574 135 4574 134 4574 125 4575 135 4575 124 4575 114 4576 125 4576 124 4576 115 4577 125 4577 114 4577 104 4578 115 4578 114 4578 105 4579 115 4579 104 4579 94 4580 105 4580 104 4580 95 4581 105 4581 94 4581 84 4582 95 4582 94 4582 85 4583 95 4583 84 4583 74 4584 85 4584 84 4584 75 4585 85 4585 74 4585 64 4586 75 4586 74 4586 65 4587 75 4587 64 4587 54 4588 65 4588 64 4588 55 4589 65 4589 54 4589 44 4590 55 4590 54 4590 45 4591 55 4591 44 4591 34 4592 45 4592 44 4592 35 4593 45 4593 34 4593 24 4594 35 4594 34 4594 25 4595 35 4595 24 4595 12 4596 25 4596 24 4596 13 4597 25 4597 12 4597 21 4598 6 4598 5 4598 22 4599 6 4599 21 4599 31 4600 22 4600 21 4600 32 4601 22 4601 31 4601 41 4602 32 4602 31 4602 42 4603 32 4603 41 4603 51 4604 42 4604 41 4604 52 4605 42 4605 51 4605 61 4606 52 4606 51 4606 62 4607 52 4607 61 4607 71 4608 62 4608 61 4608 72 4609 62 4609 71 4609 81 4610 72 4610 71 4610 82 4611 72 4611 81 4611 91 4612 82 4612 81 4612 92 4613 82 4613 91 4613 101 4614 92 4614 91 4614 102 4615 92 4615 101 4615 111 4616 102 4616 101 4616 112 4617 102 4617 111 4617 121 4618 112 4618 111 4618 122 4619 112 4619 121 4619 131 4620 122 4620 121 4620 132 4621 122 4621 131 4621 141 4622 132 4622 131 4622 142 4623 132 4623 141 4623 151 4624 142 4624 141 4624 152 4625 142 4625 151 4625 161 4626 152 4626 151 4626 162 4627 152 4627 161 4627 171 4628 162 4628 161 4628 172 4629 162 4629 171 4629 207 4630 172 4630 171 4630 208 4631 172 4631 207 4631 249 4632 208 4632 207 4632 250 4633 208 4633 249 4633 570 4634 567 4634 566 4634 571 4635 567 4635 570 4635 574 4636 571 4636 570 4636 575 4637 571 4637 574 4637 578 4638 575 4638 574 4638 579 4639 575 4639 578 4639 582 4640 579 4640 578 4640 583 4641 579 4641 582 4641 586 4642 583 4642 582 4642 587 4643 583 4643 586 4643 590 4644 587 4644 586 4644 591 4645 587 4645 590 4645 594 4646 591 4646 590 4646 595 4647 591 4647 594 4647 598 4648 595 4648 594 4648 599 4649 595 4649 598 4649 602 4650 599 4650 598 4650 603 4651 599 4651 602 4651 606 4652 603 4652 602 4652 607 4653 603 4653 606 4653 610 4654 607 4654 606 4654 611 4655 607 4655 610 4655 614 4656 611 4656 610 4656 615 4657 611 4657 614 4657 618 4658 615 4658 614 4658 619 4659 615 4659 618 4659 622 4660 619 4660 618 4660 623 4661 619 4661 622 4661 626 4662 623 4662 622 4662 627 4663 623 4663 626 4663 630 4664 627 4664 626 4664 631 4665 627 4665 630 4665 641 4666 631 4666 630 4666 642 4667 631 4667 641 4667 649 4668 642 4668 641 4668 650 4669 642 4669 649 4669 562 4670 566 4670 567 4670 563 4671 562 4671 567 4671 558 4672 562 4672 563 4672 559 4673 558 4673 563 4673 554 4674 558 4674 559 4674 555 4675 554 4675 559 4675 550 4676 554 4676 555 4676 551 4677 550 4677 555 4677 546 4678 550 4678 551 4678 547 4679 546 4679 551 4679 542 4680 546 4680 547 4680 543 4681 542 4681 547 4681 538 4682 542 4682 543 4682 539 4683 538 4683 543 4683 534 4684 538 4684 539 4684 535 4685 534 4685 539 4685 530 4686 534 4686 535 4686 531 4687 530 4687 535 4687 526 4688 530 4688 531 4688 527 4689 526 4689 531 4689 522 4690 526 4690 527 4690 523 4691 522 4691 527 4691 510 4692 522 4692 523 4692 511 4693 510 4693 523 4693 506 4694 510 4694 511 4694 507 4695 506 4695 511 4695 504 4696 506 4696 507 4696 501 4697 504 4697 507 4697 489 4698 485 4698 484 4698 488 4699 489 4699 484 4699 493 4700 489 4700 488 4700 492 4701 493 4701 488 4701 497 4702 493 4702 492 4702 496 4703 497 4703 492 4703 501 4704 497 4704 496 4704 500 4705 501 4705 496 4705 504 4706 501 4706 500 4706 4076 4707 4078 4707 4077 4707 4075 4708 4076 4708 4077 4708 4074 4709 4073 4709 4071 4709 4072 4710 4074 4710 4071 4710 4078 4711 4136 4711 4138 4711 4188 4712 4310 4712 4314 4712 4072 4713 4083 4713 4081 4713 4079 4714 4072 4714 4081 4714 4074 4715 4072 4715 4079 4715 4188 4716 4294 4716 4298 4716 4266 4717 4111 4717 4109 4717 4078 4718 4148 4718 4150 4718 4152 4719 4078 4719 4150 4719 4154 4720 4078 4720 4152 4720 4290 4721 4294 4721 4188 4721 4207 4722 4097 4722 4095 4722 4093 4723 4207 4723 4095 4723 4072 4724 4207 4724 4087 4724 4085 4725 4072 4725 4087 4725 4083 4726 4072 4726 4085 4726 4128 4727 4130 4727 4078 4727 4126 4728 4128 4728 4078 4728 4078 4729 4130 4729 4132 4729 4134 4730 4078 4730 4132 4730 4136 4731 4078 4731 4134 4731 4078 4732 4138 4732 4140 4732 4146 4733 4078 4733 4140 4733 4148 4734 4078 4734 4146 4734 4304 4735 4176 4735 4178 4735 4180 4736 4304 4736 4178 4736 4308 4737 4304 4737 4180 4737 4174 4738 4176 4738 4304 4738 4300 4739 4174 4739 4304 4739 4172 4740 4174 4740 4300 4740 4114 4741 4111 4741 4266 4741 4103 4742 4238 4742 4242 4742 4207 4743 4093 4743 4091 4743 4089 4744 4207 4744 4091 4744 4087 4745 4207 4745 4089 4745 4118 4746 4076 4746 4116 4746 4076 4747 4118 4747 4120 4747 4122 4748 4076 4748 4120 4748 4078 4749 4076 4749 4122 4749 4124 4750 4078 4750 4122 4750 4126 4751 4078 4751 4124 4751 4188 4752 4274 4752 4278 4752 4188 4753 4298 4753 4302 4753 4306 4754 4188 4754 4302 4754 4310 4755 4188 4755 4306 4755 4204 4756 4336 4756 4332 4756 4328 4757 4204 4757 4332 4757 4190 4758 4204 4758 4328 4758 4324 4759 4190 4759 4328 4759 4296 4760 4160 4760 4162 4760 4164 4761 4296 4761 4162 4761 4296 4762 4164 4762 4166 4762 4168 4763 4296 4763 4166 4763 4300 4764 4296 4764 4168 4764 4170 4765 4300 4765 4168 4765 4172 4766 4300 4766 4170 4766 4266 4767 4109 4767 4107 4767 4105 4768 4266 4768 4107 4768 4262 4769 4266 4769 4105 4769 4258 4770 4262 4770 4105 4770 4207 4771 4215 4771 4101 4771 4099 4772 4207 4772 4101 4772 4097 4773 4207 4773 4099 4773 4358 4774 4220 4774 4223 4774 4360 4775 4358 4775 4223 4775 4188 4776 4114 4776 4266 4776 4270 4777 4188 4777 4266 4777 4274 4778 4188 4778 4270 4778 4188 4779 4278 4779 4282 4779 4286 4780 4188 4780 4282 4780 4290 4781 4188 4781 4286 4781 4212 4782 4220 4782 4358 4782 4352 4783 4212 4783 4358 4783 4204 4784 4212 4784 4352 4784 4348 4785 4204 4785 4352 4785 4336 4786 4204 4786 4348 4786 4103 4787 4242 4787 4246 4787 4250 4788 4103 4788 4246 4788 4105 4789 4103 4789 4250 4789 4254 4790 4105 4790 4250 4790 4258 4791 4105 4791 4254 4791 4101 4792 4215 4792 4226 4792 4230 4793 4101 4793 4226 4793 4103 4794 4101 4794 4230 4794 4234 4795 4103 4795 4230 4795 4238 4796 4103 4796 4234 4796 4188 4797 4314 4797 4318 4797 4322 4798 4188 4798 4318 4798 4202 4799 4188 4799 4322 4799 4326 4800 4202 4800 4322 4800 4358 4801 4360 4801 4364 4801 4368 4802 4358 4802 4364 4802 4362 4803 4358 4803 4368 4803 4366 4804 4362 4804 4368 4804 4190 4805 4324 4805 4320 4805 4316 4806 4190 4806 4320 4806 4186 4807 4190 4807 4316 4807 4312 4808 4186 4808 4316 4808 4184 4809 4186 4809 4312 4809 4308 4810 4184 4810 4312 4810 4182 4811 4184 4811 4308 4811 4180 4812 4182 4812 4308 4812 4160 4813 4296 4813 4292 4813 4288 4814 4160 4814 4292 4814 4284 4815 4160 4815 4288 4815 4160 4816 4272 4816 4268 4816 4264 4817 4160 4817 4268 4817 4160 4818 4264 4818 4260 4818 4256 4819 4160 4819 4260 4819 4252 4820 4160 4820 4256 4820 4160 4821 4240 4821 4236 4821 4232 4822 4160 4822 4236 4822 4228 4823 4160 4823 4232 4823 4078 4824 4154 4824 4156 4824 4158 4825 4078 4825 4156 4825 4209 4826 4078 4826 4158 4826 4160 4827 4209 4827 4158 4827 4217 4828 4209 4828 4160 4828 4228 4829 4217 4829 4160 4829 4202 4830 4326 4830 4330 4830 4334 4831 4202 4831 4330 4831 4210 4832 4202 4832 4334 4832 4338 4833 4210 4833 4334 4833 4218 4834 4210 4834 4338 4834 4350 4835 4218 4835 4338 4835 4223 4836 4218 4836 4350 4836 4356 4837 4223 4837 4350 4837 4360 4838 4223 4838 4356 4838 4374 4839 4849 4839 4856 4839 4160 4840 4284 4840 4280 4840 4276 4841 4160 4841 4280 4841 4272 4842 4160 4842 4276 4842 4160 4843 4252 4843 4248 4843 4244 4844 4160 4844 4248 4844 4240 4845 4160 4845 4244 4845 4849 4846 4687 4846 4697 4846 4690 4847 4760 4847 4750 4847 4817 4848 4767 4848 4777 4848 4610 4849 4374 4849 4856 4849 4840 4850 4610 4850 4856 4850 4830 4851 4610 4851 4840 4851 4610 4852 4830 4852 4820 4852 4810 4853 4610 4853 4820 4853 4800 4854 4610 4854 4810 4854 4370 4855 4366 4855 4368 4855 4372 4856 4370 4856 4368 4856 4374 4857 4370 4857 4372 4857 4607 4858 4374 4858 4372 4858 4849 4859 4374 4859 4607 4859 4649 4860 4849 4860 4607 4860 4687 4861 4849 4861 4649 4861 4747 4862 4827 4862 4837 4862 4849 4863 4747 4863 4837 4863 4737 4864 4747 4864 4849 4864 4727 4865 4737 4865 4849 4865 4610 4866 4800 4866 4790 4866 4780 4867 4610 4867 4790 4867 4652 4868 4610 4868 4780 4868 4690 4869 4652 4869 4780 4869 4770 4870 4690 4870 4780 4870 4760 4871 4690 4871 4770 4871 4710 4872 4700 4872 4690 4872 4720 4873 4710 4873 4690 4873 4849 4874 4697 4874 4707 4874 4717 4875 4849 4875 4707 4875 4727 4876 4849 4876 4717 4876 4817 4877 4827 4877 4747 4877 4757 4878 4817 4878 4747 4878 4767 4879 4817 4879 4757 4879 4777 4880 4787 4880 4797 4880 4807 4881 4777 4881 4797 4881 4817 4882 4777 4882 4807 4882 4690 4883 4750 4883 4740 4883 4730 4884 4690 4884 4740 4884 4720 4885 4690 4885 4730 4885 4339 4886 4371 4886 4340 4886 4606 4887 4607 4887 4372 4887 4371 4888 4606 4888 4372 4888 4605 4889 4606 4889 4371 4889 4339 4890 4605 4890 4371 4890 4848 4891 4847 4891 4850 4891 4851 4892 4848 4892 4850 4892 4849 4893 4848 4893 4851 4893 4856 4894 4849 4894 4851 4894 4853 4895 4856 4895 4851 4895 4855 4896 4856 4896 4853 4896 4852 4897 4855 4897 4853 4897 4854 4898 4855 4898 4852 4898 4608 4899 4345 4899 4346 4899 4373 4900 4608 4900 4346 4900 4609 4901 4608 4901 4373 4901 4374 4902 4609 4902 4373 4902 4610 4903 4609 4903 4374 4903 4209 4904 4208 4904 4077 4904 4078 4905 4209 4905 4077 4905 4206 4906 4207 4906 4072 4906 4071 4907 4206 4907 4072 4907 4295 4908 4291 4908 4292 4908 4296 4909 4295 4909 4292 4909 4299 4910 4295 4910 4296 4910 4300 4911 4299 4911 4296 4911 4303 4912 4299 4912 4300 4912 4304 4913 4303 4913 4300 4913 4307 4914 4303 4914 4304 4914 4308 4915 4307 4915 4304 4915 4311 4916 4307 4916 4308 4916 4312 4917 4311 4917 4308 4917 4315 4918 4311 4918 4312 4918 4316 4919 4315 4919 4312 4919 4319 4920 4315 4920 4316 4920 4320 4921 4319 4921 4316 4921 4323 4922 4319 4922 4320 4922 4324 4923 4323 4923 4320 4923 4327 4924 4323 4924 4324 4924 4328 4925 4327 4925 4324 4925 4331 4926 4327 4926 4328 4926 4332 4927 4331 4927 4328 4927 4335 4928 4331 4928 4332 4928 4336 4929 4335 4929 4332 4929 4347 4930 4335 4930 4336 4930 4348 4931 4347 4931 4336 4931 4351 4932 4347 4932 4348 4932 4352 4933 4351 4933 4348 4933 4354 4934 4351 4934 4352 4934 4358 4935 4354 4935 4352 4935 4370 4936 4374 4936 4373 4936 4369 4937 4370 4937 4373 4937 4366 4938 4370 4938 4369 4938 4365 4939 4366 4939 4369 4939 4362 4940 4366 4940 4365 4940 4361 4941 4362 4941 4365 4941 4358 4942 4362 4942 4361 4942 4357 4943 4358 4943 4361 4943 4354 4944 4358 4944 4357 4944 4287 4945 4292 4945 4291 4945 4288 4946 4292 4946 4287 4946 4283 4947 4288 4947 4287 4947 4284 4948 4288 4948 4283 4948 4279 4949 4284 4949 4283 4949 4280 4950 4284 4950 4279 4950 4275 4951 4280 4951 4279 4951 4276 4952 4280 4952 4275 4952 4271 4953 4276 4953 4275 4953 4272 4954 4276 4954 4271 4954 4267 4955 4272 4955 4271 4955 4268 4956 4272 4956 4267 4956 4263 4957 4268 4957 4267 4957 4264 4958 4268 4958 4263 4958 4259 4959 4264 4959 4263 4959 4260 4960 4264 4960 4259 4960 4255 4961 4260 4961 4259 4961 4256 4962 4260 4962 4255 4962 4251 4963 4256 4963 4255 4963 4252 4964 4256 4964 4251 4964 4247 4965 4252 4965 4251 4965 4248 4966 4252 4966 4247 4966 4243 4967 4248 4967 4247 4967 4244 4968 4248 4968 4243 4968 4239 4969 4244 4969 4243 4969 4240 4970 4244 4970 4239 4970 4235 4971 4240 4971 4239 4971 4236 4972 4240 4972 4235 4972 4231 4973 4236 4973 4235 4973 4232 4974 4236 4974 4231 4974 4227 4975 4232 4975 4231 4975 4228 4976 4232 4976 4227 4976 4216 4977 4228 4977 4227 4977 4217 4978 4228 4978 4216 4978 4208 4979 4217 4979 4216 4979 4209 4980 4217 4980 4208 4980 4839 4981 4856 4981 4855 4981 4840 4982 4856 4982 4839 4982 4829 4983 4840 4983 4839 4983 4830 4984 4840 4984 4829 4984 4819 4985 4830 4985 4829 4985 4820 4986 4830 4986 4819 4986 4809 4987 4820 4987 4819 4987 4810 4988 4820 4988 4809 4988 4799 4989 4810 4989 4809 4989 4800 4990 4810 4990 4799 4990 4789 4991 4800 4991 4799 4991 4790 4992 4800 4992 4789 4992 4779 4993 4790 4993 4789 4993 4780 4994 4790 4994 4779 4994 4769 4995 4780 4995 4779 4995 4770 4996 4780 4996 4769 4996 4759 4997 4770 4997 4769 4997 4760 4998 4770 4998 4759 4998 4749 4999 4760 4999 4759 4999 4750 5000 4760 5000 4749 5000 4739 5001 4750 5001 4749 5001 4740 5002 4750 5002 4739 5002 4729 5003 4740 5003 4739 5003 4730 5004 4740 5004 4729 5004 4719 5005 4730 5005 4729 5005 4720 5006 4730 5006 4719 5006 4709 5007 4720 5007 4719 5007 4710 5008 4720 5008 4709 5008 4699 5009 4710 5009 4709 5009 4700 5010 4710 5010 4699 5010 4689 5011 4700 5011 4699 5011 4690 5012 4700 5012 4689 5012 4651 5013 4690 5013 4689 5013 4652 5014 4690 5014 4651 5014 4609 5015 4652 5015 4651 5015 4610 5016 4652 5016 4609 5016 4648 5017 4607 5017 4606 5017 4649 5018 4607 5018 4648 5018 4686 5019 4649 5019 4648 5019 4687 5020 4649 5020 4686 5020 4696 5021 4687 5021 4686 5021 4697 5022 4687 5022 4696 5022 4706 5023 4697 5023 4696 5023 4707 5024 4697 5024 4706 5024 4716 5025 4707 5025 4706 5025 4717 5026 4707 5026 4716 5026 4726 5027 4717 5027 4716 5027 4727 5028 4717 5028 4726 5028 4736 5029 4727 5029 4726 5029 4737 5030 4727 5030 4736 5030 4746 5031 4737 5031 4736 5031 4747 5032 4737 5032 4746 5032 4756 5033 4747 5033 4746 5033 4757 5034 4747 5034 4756 5034 4766 5035 4757 5035 4756 5035 4767 5036 4757 5036 4766 5036 4776 5037 4767 5037 4766 5037 4777 5038 4767 5038 4776 5038 4786 5039 4777 5039 4776 5039 4787 5040 4777 5040 4786 5040 4796 5041 4787 5041 4786 5041 4797 5042 4787 5042 4796 5042 4806 5043 4797 5043 4796 5043 4807 5044 4797 5044 4806 5044 4816 5045 4807 5045 4806 5045 4817 5046 4807 5046 4816 5046 4826 5047 4817 5047 4816 5047 4827 5048 4817 5048 4826 5048 4836 5049 4827 5049 4826 5049 4837 5050 4827 5050 4836 5050 4848 5051 4837 5051 4836 5051 4849 5052 4837 5052 4848 5052 4214 5053 4207 5053 4206 5053 4215 5054 4207 5054 4214 5054 4225 5055 4215 5055 4214 5055 4226 5056 4215 5056 4225 5056 4229 5057 4226 5057 4225 5057 4230 5058 4226 5058 4229 5058 4233 5059 4230 5059 4229 5059 4234 5060 4230 5060 4233 5060 4237 5061 4234 5061 4233 5061 4238 5062 4234 5062 4237 5062 4241 5063 4238 5063 4237 5063 4242 5064 4238 5064 4241 5064 4245 5065 4242 5065 4241 5065 4246 5066 4242 5066 4245 5066 4249 5067 4246 5067 4245 5067 4250 5068 4246 5068 4249 5068 4253 5069 4250 5069 4249 5069 4254 5070 4250 5070 4253 5070 4257 5071 4254 5071 4253 5071 4258 5072 4254 5072 4257 5072 4261 5073 4258 5073 4257 5073 4262 5074 4258 5074 4261 5074 4265 5075 4262 5075 4261 5075 4266 5076 4262 5076 4265 5076 4269 5077 4266 5077 4265 5077 4270 5078 4266 5078 4269 5078 4273 5079 4270 5079 4269 5079 4274 5080 4270 5080 4273 5080 4277 5081 4274 5081 4273 5081 4278 5082 4274 5082 4277 5082 4281 5083 4278 5083 4277 5083 4282 5084 4278 5084 4281 5084 4285 5085 4282 5085 4281 5085 4286 5086 4282 5086 4285 5086 4289 5087 4286 5087 4285 5087 4290 5088 4286 5088 4289 5088 4367 5089 4371 5089 4372 5089 4368 5090 4367 5090 4372 5090 4363 5091 4367 5091 4368 5091 4364 5092 4363 5092 4368 5092 4359 5093 4363 5093 4364 5093 4360 5094 4359 5094 4364 5094 4355 5095 4359 5095 4360 5095 4356 5096 4355 5096 4360 5096 4353 5097 4355 5097 4356 5097 4350 5098 4353 5098 4356 5098 4294 5099 4290 5099 4289 5099 4293 5100 4294 5100 4289 5100 4298 5101 4294 5101 4293 5101 4297 5102 4298 5102 4293 5102 4302 5103 4298 5103 4297 5103 4301 5104 4302 5104 4297 5104 4306 5105 4302 5105 4301 5105 4305 5106 4306 5106 4301 5106 4310 5107 4306 5107 4305 5107 4309 5108 4310 5108 4305 5108 4314 5109 4310 5109 4309 5109 4313 5110 4314 5110 4309 5110 4318 5111 4314 5111 4313 5111 4317 5112 4318 5112 4313 5112 4322 5113 4318 5113 4317 5113 4321 5114 4322 5114 4317 5114 4326 5115 4322 5115 4321 5115 4325 5116 4326 5116 4321 5116 4330 5117 4326 5117 4325 5117 4329 5118 4330 5118 4325 5118 4334 5119 4330 5119 4329 5119 4333 5120 4334 5120 4329 5120 4338 5121 4334 5121 4333 5121 4337 5122 4338 5122 4333 5122 4350 5123 4338 5123 4337 5123 4349 5124 4350 5124 4337 5124 4353 5125 4350 5125 4349 5125 4346 5126 4345 5126 4343 5126 4344 5127 4346 5127 4343 5127 4344 5128 4343 5128 4852 5128 4853 5129 4344 5129 4852 5129 4852 5130 4343 5130 4345 5130 4608 5131 4852 5131 4345 5131 4688 5132 4758 5132 4768 5132 4608 5133 4828 5133 4838 5133 4854 5134 4608 5134 4838 5134 4852 5135 4608 5135 4854 5135 4650 5136 4688 5136 4768 5136 4608 5137 4788 5137 4798 5137 4608 5138 4798 5138 4808 5138 4818 5139 4608 5139 4808 5139 4828 5140 4608 5140 4818 5140 4608 5141 4650 5141 4768 5141 4778 5142 4608 5142 4768 5142 4788 5143 4608 5143 4778 5143 4688 5144 4698 5144 4708 5144 4718 5145 4688 5145 4708 5145 4728 5146 4688 5146 4718 5146 4688 5147 4728 5147 4738 5147 4748 5148 4688 5148 4738 5148 4758 5149 4688 5149 4748 5149 4342 5150 4341 5150 4339 5150 4340 5151 4342 5151 4339 5151 4851 5152 4850 5152 4341 5152 4342 5153 4851 5153 4341 5153 4341 5154 4605 5154 4339 5154 4647 5155 4605 5155 4341 5155 4341 5156 4850 5156 4847 5156 4835 5157 4341 5157 4847 5157 4825 5158 4341 5158 4835 5158 4341 5159 4825 5159 4815 5159 4805 5160 4341 5160 4815 5160 4795 5161 4341 5161 4805 5161 4341 5162 4795 5162 4785 5162 4775 5163 4341 5163 4785 5163 4765 5164 4341 5164 4775 5164 4341 5165 4765 5165 4755 5165 4745 5166 4341 5166 4755 5166 4735 5167 4341 5167 4745 5167 4341 5168 4735 5168 4725 5168 4715 5169 4341 5169 4725 5169 4705 5170 4341 5170 4715 5170 4341 5171 4705 5171 4695 5171 4685 5172 4341 5172 4695 5172 4647 5173 4341 5173 4685 5173 517 5174 516 5174 518 5174 519 5175 517 5175 518 5175 10 5176 9 5176 516 5176 517 5177 10 5177 516 5177 516 5178 251 5178 518 5178 209 5179 251 5179 516 5179 516 5180 9 5180 11 5180 23 5181 516 5181 11 5181 516 5182 23 5182 33 5182 43 5183 516 5183 33 5183 53 5184 516 5184 43 5184 516 5185 53 5185 63 5185 73 5186 516 5186 63 5186 83 5187 516 5187 73 5187 516 5188 83 5188 93 5188 103 5189 516 5189 93 5189 113 5190 516 5190 103 5190 153 5191 516 5191 143 5191 516 5192 113 5192 123 5192 133 5193 516 5193 123 5193 143 5194 516 5194 133 5194 516 5195 153 5195 163 5195 173 5196 516 5196 163 5196 209 5197 516 5197 173 5197 513 5198 512 5198 514 5198 515 5199 513 5199 514 5199 515 5200 514 5200 7 5200 8 5201 515 5201 7 5201 248 5202 514 5202 512 5202 514 5203 50 5203 40 5203 30 5204 514 5204 40 5204 514 5205 248 5205 206 5205 170 5206 514 5206 206 5206 160 5207 514 5207 170 5207 120 5208 110 5208 514 5208 130 5209 120 5209 514 5209 514 5210 30 5210 20 5210 4 5211 514 5211 20 5211 7 5212 514 5212 4 5212 514 5213 160 5213 150 5213 140 5214 514 5214 150 5214 130 5215 514 5215 140 5215 514 5216 110 5216 100 5216 90 5217 514 5217 100 5217 80 5218 514 5218 90 5218 514 5219 80 5219 70 5219 60 5220 514 5220 70 5220 50 5221 514 5221 60 5221 24 5222 11 5222 12 5222 23 5223 11 5223 24 5223 34 5224 23 5224 24 5224 33 5225 23 5225 34 5225 44 5226 33 5226 34 5226 43 5227 33 5227 44 5227 54 5228 43 5228 44 5228 53 5229 43 5229 54 5229 64 5230 53 5230 54 5230 63 5231 53 5231 64 5231 74 5232 63 5232 64 5232 73 5233 63 5233 74 5233 84 5234 73 5234 74 5234 83 5235 73 5235 84 5235 94 5236 83 5236 84 5236 93 5237 83 5237 94 5237 104 5238 93 5238 94 5238 103 5239 93 5239 104 5239 114 5240 103 5240 104 5240 113 5241 103 5241 114 5241 124 5242 113 5242 114 5242 123 5243 113 5243 124 5243 134 5244 123 5244 124 5244 133 5245 123 5245 134 5245 144 5246 133 5246 134 5246 143 5247 133 5247 144 5247 154 5248 143 5248 144 5248 153 5249 143 5249 154 5249 164 5250 153 5250 154 5250 163 5251 153 5251 164 5251 174 5252 163 5252 164 5252 173 5253 163 5253 174 5253 210 5254 173 5254 174 5254 209 5255 173 5255 210 5255 252 5256 209 5256 210 5256 251 5257 209 5257 252 5257 207 5258 248 5258 249 5258 206 5259 248 5259 207 5259 171 5260 206 5260 207 5260 170 5261 206 5261 171 5261 161 5262 170 5262 171 5262 160 5263 170 5263 161 5263 151 5264 160 5264 161 5264 150 5265 160 5265 151 5265 141 5266 150 5266 151 5266 140 5267 150 5267 141 5267 131 5268 140 5268 141 5268 130 5269 140 5269 131 5269 121 5270 130 5270 131 5270 120 5271 130 5271 121 5271 111 5272 120 5272 121 5272 110 5273 120 5273 111 5273 101 5274 110 5274 111 5274 100 5275 110 5275 101 5275 91 5276 100 5276 101 5276 90 5277 100 5277 91 5277 81 5278 90 5278 91 5278 80 5279 90 5279 81 5279 71 5280 80 5280 81 5280 70 5281 80 5281 71 5281 61 5282 70 5282 71 5282 60 5283 70 5283 61 5283 51 5284 60 5284 61 5284 50 5285 60 5285 51 5285 41 5286 50 5286 51 5286 40 5287 50 5287 41 5287 31 5288 40 5288 41 5288 30 5289 40 5289 31 5289 21 5290 30 5290 31 5290 20 5291 30 5291 21 5291 5 5292 20 5292 21 5292 4 5293 20 5293 5 5293 4651 5294 4608 5294 4609 5294 4650 5295 4608 5295 4651 5295 4689 5296 4650 5296 4651 5296 4688 5297 4650 5297 4689 5297 4699 5298 4688 5298 4689 5298 4698 5299 4688 5299 4699 5299 4709 5300 4698 5300 4699 5300 4708 5301 4698 5301 4709 5301 4719 5302 4708 5302 4709 5302 4718 5303 4708 5303 4719 5303 4729 5304 4718 5304 4719 5304 4728 5305 4718 5305 4729 5305 4739 5306 4728 5306 4729 5306 4738 5307 4728 5307 4739 5307 4749 5308 4738 5308 4739 5308 4748 5309 4738 5309 4749 5309 4759 5310 4748 5310 4749 5310 4758 5311 4748 5311 4759 5311 4769 5312 4758 5312 4759 5312 4768 5313 4758 5313 4769 5313 4779 5314 4768 5314 4769 5314 4778 5315 4768 5315 4779 5315 4789 5316 4778 5316 4779 5316 4788 5317 4778 5317 4789 5317 4799 5318 4788 5318 4789 5318 4798 5319 4788 5319 4799 5319 4809 5320 4798 5320 4799 5320 4808 5321 4798 5321 4809 5321 4819 5322 4808 5322 4809 5322 4818 5323 4808 5323 4819 5323 4829 5324 4818 5324 4819 5324 4828 5325 4818 5325 4829 5325 4839 5326 4828 5326 4829 5326 4838 5327 4828 5327 4839 5327 4855 5328 4838 5328 4839 5328 4854 5329 4838 5329 4855 5329 4836 5330 4847 5330 4848 5330 4835 5331 4847 5331 4836 5331 4826 5332 4835 5332 4836 5332 4825 5333 4835 5333 4826 5333 4816 5334 4825 5334 4826 5334 4815 5335 4825 5335 4816 5335 4806 5336 4815 5336 4816 5336 4805 5337 4815 5337 4806 5337 4796 5338 4805 5338 4806 5338 4795 5339 4805 5339 4796 5339 4786 5340 4795 5340 4796 5340 4785 5341 4795 5341 4786 5341 4776 5342 4785 5342 4786 5342 4775 5343 4785 5343 4776 5343 4766 5344 4775 5344 4776 5344 4765 5345 4775 5345 4766 5345 4756 5346 4765 5346 4766 5346 4755 5347 4765 5347 4756 5347 4746 5348 4755 5348 4756 5348 4745 5349 4755 5349 4746 5349 4736 5350 4745 5350 4746 5350 4735 5351 4745 5351 4736 5351 4726 5352 4735 5352 4736 5352 4725 5353 4735 5353 4726 5353 4716 5354 4725 5354 4726 5354 4715 5355 4725 5355 4716 5355 4706 5356 4715 5356 4716 5356 4705 5357 4715 5357 4706 5357 4696 5358 4705 5358 4706 5358 4695 5359 4705 5359 4696 5359 4686 5360 4695 5360 4696 5360 4685 5361 4695 5361 4686 5361 4648 5362 4685 5362 4686 5362 4647 5363 4685 5363 4648 5363 4606 5364 4647 5364 4648 5364 4605 5365 4647 5365 4606 5365 840 5366 832 5366 881 5366 848 5367 840 5367 881 5367 858 5368 893 5368 909 5368 858 5369 909 5369 919 5369 927 5370 858 5370 919 5370 937 5371 858 5371 927 5371 858 5372 937 5372 955 5372 965 5373 858 5373 955 5373 856 5374 858 5374 965 5374 1343 5375 1124 5375 1132 5375 1148 5376 1343 5376 1132 5376 1343 5377 1148 5377 1156 5377 1172 5378 1343 5378 1156 5378 1188 5379 1343 5379 1172 5379 1343 5380 1188 5380 1196 5380 1212 5381 1343 5381 1196 5381 1220 5382 1343 5382 1212 5382 858 5383 848 5383 881 5383 885 5384 858 5384 881 5384 893 5385 858 5385 885 5385 1092 5386 1108 5386 1105 5386 1081 5387 1092 5387 1105 5387 1084 5388 1092 5388 1081 5388 881 5389 832 5389 824 5389 816 5390 881 5390 824 5390 808 5391 881 5391 816 5391 1229 5392 1108 5392 1261 5392 1108 5393 1229 5393 1205 5393 1181 5394 1108 5394 1205 5394 1165 5395 1108 5395 1181 5395 1308 5396 1316 5396 1429 5396 1421 5397 1308 5397 1429 5397 1296 5398 1308 5398 1421 5398 1411 5399 1296 5399 1421 5399 1284 5400 1296 5400 1411 5400 1401 5401 1284 5401 1411 5401 1276 5402 1284 5402 1401 5402 1391 5403 1276 5403 1401 5403 1268 5404 1276 5404 1391 5404 1379 5405 1268 5405 1391 5405 1252 5406 1268 5406 1379 5406 1365 5407 1252 5407 1379 5407 1244 5408 1252 5408 1365 5408 1343 5409 1244 5409 1365 5409 1236 5410 1244 5410 1343 5410 1220 5411 1236 5411 1343 5411 1108 5412 1165 5412 1141 5412 1117 5413 1108 5413 1141 5413 1105 5414 1108 5414 1117 5414 856 5415 965 5415 983 5415 993 5416 856 5416 983 5416 868 5417 856 5417 993 5417 1013 5418 868 5418 993 5418 1084 5419 1081 5419 1040 5419 1008 5420 1084 5420 1040 5420 1068 5421 1084 5421 1008 5421 980 5422 1068 5422 1008 5422 1045 5423 1068 5423 980 5423 950 5424 1045 5424 980 5424 1025 5425 1045 5425 950 5425 906 5426 1025 5426 950 5426 1013 5427 1025 5427 906 5427 876 5428 1013 5428 906 5428 868 5429 1013 5429 876 5429 1108 5430 1124 5430 1343 5430 1341 5431 1108 5431 1343 5431 1333 5432 1108 5432 1341 5432 1108 5433 1333 5433 1325 5433 1293 5434 1108 5434 1325 5434 1261 5435 1108 5435 1293 5435 881 5436 808 5436 800 5436 792 5437 881 5437 800 5437 887 5438 881 5438 792 5438 796 5439 887 5439 792 5439 895 5440 887 5440 796 5440 804 5441 895 5441 796 5441 911 5442 895 5442 804 5442 812 5443 911 5443 804 5443 921 5444 911 5444 812 5444 820 5445 921 5445 812 5445 929 5446 921 5446 820 5446 828 5447 929 5447 820 5447 939 5448 929 5448 828 5448 836 5449 939 5449 828 5449 957 5450 939 5450 836 5450 844 5451 957 5451 836 5451 967 5452 957 5452 844 5452 852 5453 967 5453 844 5453 985 5454 967 5454 852 5454 864 5455 985 5455 852 5455 995 5456 985 5456 864 5456 872 5457 995 5457 864 5457 1015 5458 995 5458 872 5458 902 5459 1015 5459 872 5459 1027 5460 1015 5460 902 5460 946 5461 1027 5461 902 5461 1047 5462 1027 5462 946 5462 974 5463 1047 5463 946 5463 1070 5464 1047 5464 974 5464 1004 5465 1070 5465 974 5465 1086 5466 1070 5466 1004 5466 1036 5467 1086 5467 1004 5467 1094 5468 1086 5468 1036 5468 1077 5469 1094 5469 1036 5469 1110 5470 1094 5470 1077 5470 1101 5471 1110 5471 1077 5471 1126 5472 1110 5472 1101 5472 1119 5473 1126 5473 1101 5473 1134 5474 1126 5474 1119 5474 1145 5475 1134 5475 1119 5475 1150 5476 1134 5476 1145 5476 1169 5477 1150 5477 1145 5477 1158 5478 1150 5478 1169 5478 1185 5479 1158 5479 1169 5479 1174 5480 1158 5480 1185 5480 1209 5481 1174 5481 1185 5481 1190 5482 1174 5482 1209 5482 1233 5483 1190 5483 1209 5483 1198 5484 1190 5484 1233 5484 1265 5485 1198 5485 1233 5485 1214 5486 1198 5486 1265 5486 1305 5487 1214 5487 1265 5487 1222 5488 1214 5488 1305 5488 1329 5489 1222 5489 1305 5489 1238 5490 1222 5490 1329 5490 1337 5491 1238 5491 1329 5491 1246 5492 1238 5492 1337 5492 1349 5493 1246 5493 1337 5493 1254 5494 1246 5494 1349 5494 1369 5495 1254 5495 1349 5495 1270 5496 1254 5496 1369 5496 1383 5497 1270 5497 1369 5497 1278 5498 1270 5498 1383 5498 1395 5499 1278 5499 1383 5499 1286 5500 1278 5500 1395 5500 1405 5501 1286 5501 1395 5501 1298 5502 1286 5502 1405 5502 1415 5503 1298 5503 1405 5503 1310 5504 1298 5504 1415 5504 1425 5505 1310 5505 1415 5505 1318 5506 1310 5506 1425 5506 1433 5507 1318 5507 1425 5507 1316 5508 1318 5508 1433 5508 1437 5509 1316 5509 1433 5509 1429 5510 1316 5510 1437 5510 848 5511 858 5511 857 5511 847 5512 848 5512 857 5512 840 5513 848 5513 847 5513 839 5514 840 5514 847 5514 832 5515 840 5515 839 5515 831 5516 832 5516 839 5516 824 5517 832 5517 831 5517 823 5518 824 5518 831 5518 816 5519 824 5519 823 5519 815 5520 816 5520 823 5520 808 5521 816 5521 815 5521 807 5522 808 5522 815 5522 800 5523 808 5523 807 5523 799 5524 800 5524 807 5524 792 5525 800 5525 799 5525 791 5526 792 5526 799 5526 796 5527 792 5527 791 5527 795 5528 796 5528 791 5528 804 5529 796 5529 795 5529 803 5530 804 5530 795 5530 812 5531 804 5531 803 5531 811 5532 812 5532 803 5532 820 5533 812 5533 811 5533 819 5534 820 5534 811 5534 828 5535 820 5535 819 5535 827 5536 828 5536 819 5536 836 5537 828 5537 827 5537 835 5538 836 5538 827 5538 844 5539 836 5539 835 5539 843 5540 844 5540 835 5540 852 5541 844 5541 843 5541 851 5542 852 5542 843 5542 864 5543 852 5543 851 5543 863 5544 864 5544 851 5544 872 5545 864 5545 863 5545 871 5546 872 5546 863 5546 902 5547 872 5547 871 5547 901 5548 902 5548 871 5548 946 5549 902 5549 901 5549 945 5550 946 5550 901 5550 974 5551 946 5551 945 5551 973 5552 974 5552 945 5552 1004 5553 974 5553 973 5553 1003 5554 1004 5554 973 5554 1036 5555 1004 5555 1003 5555 1035 5556 1036 5556 1003 5556 1077 5557 1036 5557 1035 5557 1076 5558 1077 5558 1035 5558 1101 5559 1077 5559 1076 5559 1100 5560 1101 5560 1076 5560 1119 5561 1101 5561 1100 5561 1118 5562 1119 5562 1100 5562 1145 5563 1119 5563 1118 5563 1144 5564 1145 5564 1118 5564 1169 5565 1145 5565 1144 5565 1168 5566 1169 5566 1144 5566 1185 5567 1169 5567 1168 5567 1184 5568 1185 5568 1168 5568 1209 5569 1185 5569 1184 5569 1208 5570 1209 5570 1184 5570 1233 5571 1209 5571 1208 5571 1232 5572 1233 5572 1208 5572 1265 5573 1233 5573 1232 5573 1264 5574 1265 5574 1232 5574 1305 5575 1265 5575 1264 5575 1304 5576 1305 5576 1264 5576 1329 5577 1305 5577 1304 5577 1328 5578 1329 5578 1304 5578 1337 5579 1329 5579 1328 5579 1336 5580 1337 5580 1328 5580 1349 5581 1337 5581 1336 5581 1348 5582 1349 5582 1336 5582 1369 5583 1349 5583 1348 5583 1368 5584 1369 5584 1348 5584 1383 5585 1369 5585 1368 5585 1382 5586 1383 5586 1368 5586 1395 5587 1383 5587 1382 5587 1394 5588 1395 5588 1382 5588 1405 5589 1395 5589 1394 5589 1404 5590 1405 5590 1394 5590 1415 5591 1405 5591 1404 5591 1414 5592 1415 5592 1404 5592 1425 5593 1415 5593 1414 5593 1424 5594 1425 5594 1414 5594 1433 5595 1425 5595 1424 5595 1432 5596 1433 5596 1424 5596 1437 5597 1433 5597 1432 5597 1436 5598 1437 5598 1432 5598 1429 5599 1437 5599 1436 5599 1428 5600 1429 5600 1436 5600 1421 5601 1429 5601 1428 5601 1420 5602 1421 5602 1428 5602 1411 5603 1421 5603 1420 5603 1410 5604 1411 5604 1420 5604 1401 5605 1411 5605 1410 5605 1400 5606 1401 5606 1410 5606 1391 5607 1401 5607 1400 5607 1390 5608 1391 5608 1400 5608 1379 5609 1391 5609 1390 5609 1378 5610 1379 5610 1390 5610 1365 5611 1379 5611 1378 5611 1364 5612 1365 5612 1378 5612 1343 5613 1365 5613 1364 5613 1342 5614 1343 5614 1364 5614 857 5615 858 5615 856 5615 855 5616 857 5616 856 5616 1333 5617 1341 5617 1340 5617 1332 5618 1333 5618 1340 5618 1325 5619 1333 5619 1332 5619 1324 5620 1325 5620 1332 5620 1293 5621 1325 5621 1324 5621 1292 5622 1293 5622 1324 5622 1261 5623 1293 5623 1292 5623 1260 5624 1261 5624 1292 5624 1229 5625 1261 5625 1260 5625 1228 5626 1229 5626 1260 5626 1205 5627 1229 5627 1228 5627 1204 5628 1205 5628 1228 5628 1181 5629 1205 5629 1204 5629 1180 5630 1181 5630 1204 5630 1165 5631 1181 5631 1180 5631 1164 5632 1165 5632 1180 5632 1141 5633 1165 5633 1164 5633 1140 5634 1141 5634 1164 5634 1117 5635 1141 5635 1140 5635 1116 5636 1117 5636 1140 5636 1105 5637 1117 5637 1116 5637 1104 5638 1105 5638 1116 5638 1081 5639 1105 5639 1104 5639 1080 5640 1081 5640 1104 5640 1040 5641 1081 5641 1080 5641 1039 5642 1040 5642 1080 5642 1008 5643 1040 5643 1039 5643 1007 5644 1008 5644 1039 5644 980 5645 1008 5645 1007 5645 979 5646 980 5646 1007 5646 950 5647 980 5647 979 5647 949 5648 950 5648 979 5648 906 5649 950 5649 949 5649 905 5650 906 5650 949 5650 876 5651 906 5651 905 5651 875 5652 876 5652 905 5652 868 5653 876 5653 875 5653 867 5654 868 5654 875 5654 856 5655 868 5655 867 5655 855 5656 856 5656 867 5656 1340 5657 1341 5657 1343 5657 1342 5658 1340 5658 1343 5658 1563 5659 1504 5659 1496 5659 1488 5660 1563 5660 1496 5660 1480 5661 1563 5661 1488 5661 2018 5662 1807 5662 1823 5662 1563 5663 1534 5663 1520 5663 1512 5664 1563 5664 1520 5664 1504 5665 1563 5665 1512 5665 1534 5666 1563 5666 1567 5666 1575 5667 1534 5667 1567 5667 1593 5668 1534 5668 1575 5668 1534 5669 1593 5669 1601 5669 1611 5670 1534 5670 1601 5670 1621 5671 1534 5671 1611 5671 2018 5672 1823 5672 1831 5672 1847 5673 2018 5673 1831 5673 1863 5674 2018 5674 1847 5674 1534 5675 1621 5675 1639 5675 1649 5676 1534 5676 1639 5676 1532 5677 1534 5677 1649 5677 1532 5678 1649 5678 1667 5678 1679 5679 1532 5679 1667 5679 1546 5680 1532 5680 1679 5680 1701 5681 1546 5681 1679 5681 2018 5682 1863 5682 1871 5682 1887 5683 2018 5683 1871 5683 1895 5684 2018 5684 1887 5684 2018 5685 1895 5685 1911 5685 1919 5686 2018 5686 1911 5686 2028 5687 2018 5687 1919 5687 1927 5688 2028 5688 1919 5688 2036 5689 2028 5689 1927 5689 1943 5690 2036 5690 1927 5690 2044 5691 2036 5691 1943 5691 1951 5692 2044 5692 1943 5692 2052 5693 2044 5693 1951 5693 1959 5694 2052 5694 1951 5694 2060 5695 2052 5695 1959 5695 1971 5696 2060 5696 1959 5696 2068 5697 2060 5697 1971 5697 1983 5698 2068 5698 1971 5698 2076 5699 2068 5699 1983 5699 1991 5700 2076 5700 1983 5700 1743 5701 1759 5701 1696 5701 1664 5702 1743 5702 1696 5702 1735 5703 1743 5703 1664 5703 1634 5704 1735 5704 1664 5704 1719 5705 1735 5705 1634 5705 1588 5706 1719 5706 1634 5706 1701 5707 1719 5707 1588 5707 1556 5708 1701 5708 1588 5708 1546 5709 1701 5709 1556 5709 2018 5710 2016 5710 1783 5710 1799 5711 2018 5711 1783 5711 1807 5712 2018 5712 1799 5712 1783 5713 2016 5713 2008 5713 2000 5714 1783 5714 2008 5714 1968 5715 1783 5715 2000 5715 1783 5716 1968 5716 1936 5716 1904 5717 1783 5717 1936 5717 1880 5718 1783 5718 1904 5718 1783 5719 1880 5719 1856 5719 1840 5720 1783 5720 1856 5720 1816 5721 1783 5721 1840 5721 1783 5722 1816 5722 1792 5722 1780 5723 1783 5723 1792 5723 1767 5724 1783 5724 1780 5724 1756 5725 1767 5725 1780 5725 1759 5726 1767 5726 1756 5726 1732 5727 1759 5727 1756 5727 1696 5728 1759 5728 1732 5728 1563 5729 1480 5729 1472 5729 1464 5730 1563 5730 1472 5730 1569 5731 1563 5731 1464 5731 1468 5732 1569 5732 1464 5732 1577 5733 1569 5733 1468 5733 1476 5734 1577 5734 1468 5734 1595 5735 1577 5735 1476 5735 1484 5736 1595 5736 1476 5736 1603 5737 1595 5737 1484 5737 1492 5738 1603 5738 1484 5738 1613 5739 1603 5739 1492 5739 1500 5740 1613 5740 1492 5740 1623 5741 1613 5741 1500 5741 1508 5742 1623 5742 1500 5742 1641 5743 1623 5743 1508 5743 1516 5744 1641 5744 1508 5744 1651 5745 1641 5745 1516 5745 1528 5746 1651 5746 1516 5746 1669 5747 1651 5747 1528 5747 1540 5748 1669 5748 1528 5748 1681 5749 1669 5749 1540 5749 1552 5750 1681 5750 1540 5750 1703 5751 1681 5751 1552 5751 1584 5752 1703 5752 1552 5752 1721 5753 1703 5753 1584 5753 1630 5754 1721 5754 1584 5754 1737 5755 1721 5755 1630 5755 1660 5756 1737 5756 1630 5756 1745 5757 1737 5757 1660 5757 1692 5758 1745 5758 1660 5758 1761 5759 1745 5759 1692 5759 1728 5760 1761 5760 1692 5760 1769 5761 1761 5761 1728 5761 1752 5762 1769 5762 1728 5762 1785 5763 1769 5763 1752 5763 1776 5764 1785 5764 1752 5764 1801 5765 1785 5765 1776 5765 1794 5766 1801 5766 1776 5766 1809 5767 1801 5767 1794 5767 1820 5768 1809 5768 1794 5768 1825 5769 1809 5769 1820 5769 1844 5770 1825 5770 1820 5770 1833 5771 1825 5771 1844 5771 1860 5772 1833 5772 1844 5772 1849 5773 1833 5773 1860 5773 1884 5774 1849 5774 1860 5774 1865 5775 1849 5775 1884 5775 1908 5776 1865 5776 1884 5776 1873 5777 1865 5777 1908 5777 1940 5778 1873 5778 1908 5778 1889 5779 1873 5779 1940 5779 1980 5780 1889 5780 1940 5780 1897 5781 1889 5781 1980 5781 2004 5782 1897 5782 1980 5782 1913 5783 1897 5783 2004 5783 2012 5784 1913 5784 2004 5784 1921 5785 1913 5785 2012 5785 2024 5786 1921 5786 2012 5786 1929 5787 1921 5787 2024 5787 2032 5788 1929 5788 2024 5788 1945 5789 1929 5789 2032 5789 2040 5790 1945 5790 2032 5790 1953 5791 1945 5791 2040 5791 2048 5792 1953 5792 2040 5792 1961 5793 1953 5793 2048 5793 2056 5794 1961 5794 2048 5794 1973 5795 1961 5795 2056 5795 2064 5796 1973 5796 2056 5796 1985 5797 1973 5797 2064 5797 2072 5798 1985 5798 2064 5798 1993 5799 1985 5799 2072 5799 2080 5800 1993 5800 2072 5800 1991 5801 1993 5801 2080 5801 2084 5802 1991 5802 2080 5802 2076 5803 1991 5803 2084 5803 1520 5804 1534 5804 1533 5804 1519 5805 1520 5805 1533 5805 1512 5806 1520 5806 1519 5806 1511 5807 1512 5807 1519 5807 1504 5808 1512 5808 1511 5808 1503 5809 1504 5809 1511 5809 1496 5810 1504 5810 1503 5810 1495 5811 1496 5811 1503 5811 1488 5812 1496 5812 1495 5812 1487 5813 1488 5813 1495 5813 1480 5814 1488 5814 1487 5814 1479 5815 1480 5815 1487 5815 1472 5816 1480 5816 1479 5816 1471 5817 1472 5817 1479 5817 1464 5818 1472 5818 1471 5818 1463 5819 1464 5819 1471 5819 1468 5820 1464 5820 1463 5820 1467 5821 1468 5821 1463 5821 1476 5822 1468 5822 1467 5822 1475 5823 1476 5823 1467 5823 1484 5824 1476 5824 1475 5824 1483 5825 1484 5825 1475 5825 1492 5826 1484 5826 1483 5826 1491 5827 1492 5827 1483 5827 1500 5828 1492 5828 1491 5828 1499 5829 1500 5829 1491 5829 1508 5830 1500 5830 1499 5830 1507 5831 1508 5831 1499 5831 1516 5832 1508 5832 1507 5832 1515 5833 1516 5833 1507 5833 1528 5834 1516 5834 1515 5834 1527 5835 1528 5835 1515 5835 1540 5836 1528 5836 1527 5836 1539 5837 1540 5837 1527 5837 1552 5838 1540 5838 1539 5838 1551 5839 1552 5839 1539 5839 1584 5840 1552 5840 1551 5840 1583 5841 1584 5841 1551 5841 1630 5842 1584 5842 1583 5842 1629 5843 1630 5843 1583 5843 1660 5844 1630 5844 1629 5844 1659 5845 1660 5845 1629 5845 1692 5846 1660 5846 1659 5846 1691 5847 1692 5847 1659 5847 1728 5848 1692 5848 1691 5848 1727 5849 1728 5849 1691 5849 1752 5850 1728 5850 1727 5850 1751 5851 1752 5851 1727 5851 1776 5852 1752 5852 1751 5852 1775 5853 1776 5853 1751 5853 1794 5854 1776 5854 1775 5854 1793 5855 1794 5855 1775 5855 1820 5856 1794 5856 1793 5856 1819 5857 1820 5857 1793 5857 1844 5858 1820 5858 1819 5858 1843 5859 1844 5859 1819 5859 1860 5860 1844 5860 1843 5860 1859 5861 1860 5861 1843 5861 1884 5862 1860 5862 1859 5862 1883 5863 1884 5863 1859 5863 1908 5864 1884 5864 1883 5864 1907 5865 1908 5865 1883 5865 1940 5866 1908 5866 1907 5866 1939 5867 1940 5867 1907 5867 1980 5868 1940 5868 1939 5868 1979 5869 1980 5869 1939 5869 2004 5870 1980 5870 1979 5870 2003 5871 2004 5871 1979 5871 2012 5872 2004 5872 2003 5872 2011 5873 2012 5873 2003 5873 2024 5874 2012 5874 2011 5874 2023 5875 2024 5875 2011 5875 2032 5876 2024 5876 2023 5876 2031 5877 2032 5877 2023 5877 2040 5878 2032 5878 2031 5878 2039 5879 2040 5879 2031 5879 2048 5880 2040 5880 2039 5880 2047 5881 2048 5881 2039 5881 2056 5882 2048 5882 2047 5882 2055 5883 2056 5883 2047 5883 2064 5884 2056 5884 2055 5884 2063 5885 2064 5885 2055 5885 2072 5886 2064 5886 2063 5886 2071 5887 2072 5887 2063 5887 2080 5888 2072 5888 2071 5888 2079 5889 2080 5889 2071 5889 2084 5890 2080 5890 2079 5890 2083 5891 2084 5891 2079 5891 2076 5892 2084 5892 2083 5892 2075 5893 2076 5893 2083 5893 2068 5894 2076 5894 2075 5894 2067 5895 2068 5895 2075 5895 2060 5896 2068 5896 2067 5896 2059 5897 2060 5897 2067 5897 2052 5898 2060 5898 2059 5898 2051 5899 2052 5899 2059 5899 2044 5900 2052 5900 2051 5900 2043 5901 2044 5901 2051 5901 2036 5902 2044 5902 2043 5902 2035 5903 2036 5903 2043 5903 2028 5904 2036 5904 2035 5904 2027 5905 2028 5905 2035 5905 2018 5906 2028 5906 2027 5906 2017 5907 2018 5907 2027 5907 1533 5908 1534 5908 1532 5908 1531 5909 1533 5909 1532 5909 2008 5910 2016 5910 2015 5910 2007 5911 2008 5911 2015 5911 2000 5912 2008 5912 2007 5912 1999 5913 2000 5913 2007 5913 1968 5914 2000 5914 1999 5914 1967 5915 1968 5915 1999 5915 1936 5916 1968 5916 1967 5916 1935 5917 1936 5917 1967 5917 1904 5918 1936 5918 1935 5918 1903 5919 1904 5919 1935 5919 1880 5920 1904 5920 1903 5920 1879 5921 1880 5921 1903 5921 1856 5922 1880 5922 1879 5922 1855 5923 1856 5923 1879 5923 1840 5924 1856 5924 1855 5924 1839 5925 1840 5925 1855 5925 1816 5926 1840 5926 1839 5926 1815 5927 1816 5927 1839 5927 1792 5928 1816 5928 1815 5928 1791 5929 1792 5929 1815 5929 1780 5930 1792 5930 1791 5930 1779 5931 1780 5931 1791 5931 1756 5932 1780 5932 1779 5932 1755 5933 1756 5933 1779 5933 1732 5934 1756 5934 1755 5934 1731 5935 1732 5935 1755 5935 1696 5936 1732 5936 1731 5936 1695 5937 1696 5937 1731 5937 1664 5938 1696 5938 1695 5938 1663 5939 1664 5939 1695 5939 1634 5940 1664 5940 1663 5940 1633 5941 1634 5941 1663 5941 1588 5942 1634 5942 1633 5942 1587 5943 1588 5943 1633 5943 1556 5944 1588 5944 1587 5944 1555 5945 1556 5945 1587 5945 1546 5946 1556 5946 1555 5946 1545 5947 1546 5947 1555 5947 1532 5948 1546 5948 1545 5948 1531 5949 1532 5949 1545 5949 2015 5950 2016 5950 2018 5950 2017 5951 2015 5951 2018 5951 3518 5952 3471 5952 3459 5952 3449 5953 3518 5953 3459 5953 3483 5954 3532 5954 3548 5954 3518 5955 3449 5955 3439 5955 3431 5956 3518 5956 3439 5956 3423 5957 3518 5957 3431 5957 3998 5958 3807 5958 3827 5958 3483 5959 3471 5959 3518 5959 3522 5960 3483 5960 3518 5960 3532 5961 3483 5961 3522 5961 3998 5962 3827 5962 3837 5962 3857 5963 3998 5963 3837 5963 3867 5964 3998 5964 3857 5964 3483 5965 3548 5965 3560 5965 3572 5966 3483 5966 3560 5966 3586 5967 3483 5967 3572 5967 3998 5968 3746 5968 3762 5968 3785 5969 3998 5969 3762 5969 3807 5970 3998 5970 3785 5970 3998 5971 3867 5971 3885 5971 3895 5972 3998 5972 3885 5972 4008 5973 3998 5973 3895 5973 3905 5974 4008 5974 3895 5974 4016 5975 4008 5975 3905 5975 3923 5976 4016 5976 3905 5976 4024 5977 4016 5977 3923 5977 3931 5978 4024 5978 3923 5978 4032 5979 4024 5979 3931 5979 3939 5980 4032 5980 3931 5980 4040 5981 4032 5981 3939 5981 3951 5982 4040 5982 3939 5982 4048 5983 4040 5983 3951 5983 3963 5984 4048 5984 3951 5984 4056 5985 4048 5985 3963 5985 3971 5986 4056 5986 3963 5986 3483 5987 3586 5987 3602 5987 3610 5988 3483 5988 3602 5988 3481 5989 3483 5989 3610 5989 3682 5990 3698 5990 3647 5990 3623 5991 3682 5991 3647 5991 3674 5992 3682 5992 3623 5992 3599 5993 3674 5993 3623 5993 3658 5994 3674 5994 3599 5994 3545 5995 3658 5995 3599 5995 3650 5996 3658 5996 3545 5996 3998 5997 3996 5997 3722 5997 3738 5998 3998 5998 3722 5998 3746 5999 3998 5999 3738 5999 3481 6000 3610 6000 3626 6000 3634 6001 3481 6001 3626 6001 3497 6002 3481 6002 3634 6002 3650 6003 3497 6003 3634 6003 3511 6004 3497 6004 3650 6004 3545 6005 3511 6005 3650 6005 3722 6006 3996 6006 3988 6006 3980 6007 3722 6007 3988 6007 3948 6008 3722 6008 3980 6008 3722 6009 3948 6009 3914 6009 3878 6010 3722 6010 3914 6010 3848 6011 3722 6011 3878 6011 3722 6012 3848 6012 3820 6012 3796 6013 3722 6013 3820 6013 3755 6014 3722 6014 3796 6014 3722 6015 3755 6015 3731 6015 3719 6016 3722 6016 3731 6016 3706 6017 3722 6017 3719 6017 3695 6018 3706 6018 3719 6018 3698 6019 3706 6019 3695 6019 3671 6020 3698 6020 3695 6020 3647 6021 3698 6021 3671 6021 3518 6022 3423 6022 3415 6022 3407 6023 3518 6023 3415 6023 3524 6024 3518 6024 3407 6024 3411 6025 3524 6025 3407 6025 3534 6026 3524 6026 3411 6026 3419 6027 3534 6027 3411 6027 3550 6028 3534 6028 3419 6028 3427 6029 3550 6029 3419 6029 3562 6030 3550 6030 3427 6030 3435 6031 3562 6031 3427 6031 3574 6032 3562 6032 3435 6032 3445 6033 3574 6033 3435 6033 3588 6034 3574 6034 3445 6034 3455 6035 3588 6035 3445 6035 3604 6036 3588 6036 3455 6036 3467 6037 3604 6037 3455 6037 3612 6038 3604 6038 3467 6038 3477 6039 3612 6039 3467 6039 3628 6040 3612 6040 3477 6040 3493 6041 3628 6041 3477 6041 3636 6042 3628 6042 3493 6042 3507 6043 3636 6043 3493 6043 3652 6044 3636 6044 3507 6044 3541 6045 3652 6045 3507 6045 3660 6046 3652 6046 3541 6046 3595 6047 3660 6047 3541 6047 3676 6048 3660 6048 3595 6048 3619 6049 3676 6049 3595 6049 3684 6050 3676 6050 3619 6050 3643 6051 3684 6051 3619 6051 3700 6052 3684 6052 3643 6052 3667 6053 3700 6053 3643 6053 3708 6054 3700 6054 3667 6054 3691 6055 3708 6055 3667 6055 3724 6056 3708 6056 3691 6056 3715 6057 3724 6057 3691 6057 3740 6058 3724 6058 3715 6058 3733 6059 3740 6059 3715 6059 3748 6060 3740 6060 3733 6060 3759 6061 3748 6061 3733 6061 3764 6062 3748 6062 3759 6062 3800 6063 3764 6063 3759 6063 3787 6064 3764 6064 3800 6064 3824 6065 3787 6065 3800 6065 3809 6066 3787 6066 3824 6066 3852 6067 3809 6067 3824 6067 3829 6068 3809 6068 3852 6068 3882 6069 3829 6069 3852 6069 3839 6070 3829 6070 3882 6070 3918 6071 3839 6071 3882 6071 3859 6072 3839 6072 3918 6072 3960 6073 3859 6073 3918 6073 3869 6074 3859 6074 3960 6074 3984 6075 3869 6075 3960 6075 3887 6076 3869 6076 3984 6076 3992 6077 3887 6077 3984 6077 3897 6078 3887 6078 3992 6078 4004 6079 3897 6079 3992 6079 3907 6080 3897 6080 4004 6080 4012 6081 3907 6081 4004 6081 3925 6082 3907 6082 4012 6082 4020 6083 3925 6083 4012 6083 3933 6084 3925 6084 4020 6084 4028 6085 3933 6085 4020 6085 3941 6086 3933 6086 4028 6086 4036 6087 3941 6087 4028 6087 3953 6088 3941 6088 4036 6088 4044 6089 3953 6089 4036 6089 3965 6090 3953 6090 4044 6090 4052 6091 3965 6091 4044 6091 3973 6092 3965 6092 4052 6092 4060 6093 3973 6093 4052 6093 3971 6094 3973 6094 4060 6094 4064 6095 3971 6095 4060 6095 4056 6096 3971 6096 4064 6096 3471 6097 3483 6097 3482 6097 3470 6098 3471 6098 3482 6098 3459 6099 3471 6099 3470 6099 3458 6100 3459 6100 3470 6100 3449 6101 3459 6101 3458 6101 3448 6102 3449 6102 3458 6102 3439 6103 3449 6103 3448 6103 3438 6104 3439 6104 3448 6104 3431 6105 3439 6105 3438 6105 3430 6106 3431 6106 3438 6106 3423 6107 3431 6107 3430 6107 3422 6108 3423 6108 3430 6108 3415 6109 3423 6109 3422 6109 3414 6110 3415 6110 3422 6110 3407 6111 3415 6111 3414 6111 3406 6112 3407 6112 3414 6112 3411 6113 3407 6113 3406 6113 3410 6114 3411 6114 3406 6114 3419 6115 3411 6115 3410 6115 3418 6116 3419 6116 3410 6116 3427 6117 3419 6117 3418 6117 3426 6118 3427 6118 3418 6118 3435 6119 3427 6119 3426 6119 3434 6120 3435 6120 3426 6120 3445 6121 3435 6121 3434 6121 3444 6122 3445 6122 3434 6122 3455 6123 3445 6123 3444 6123 3454 6124 3455 6124 3444 6124 3467 6125 3455 6125 3454 6125 3466 6126 3467 6126 3454 6126 3477 6127 3467 6127 3466 6127 3476 6128 3477 6128 3466 6128 3493 6129 3477 6129 3476 6129 3492 6130 3493 6130 3476 6130 3507 6131 3493 6131 3492 6131 3506 6132 3507 6132 3492 6132 3541 6133 3507 6133 3506 6133 3540 6134 3541 6134 3506 6134 3595 6135 3541 6135 3540 6135 3594 6136 3595 6136 3540 6136 3619 6137 3595 6137 3594 6137 3618 6138 3619 6138 3594 6138 3643 6139 3619 6139 3618 6139 3642 6140 3643 6140 3618 6140 3667 6141 3643 6141 3642 6141 3666 6142 3667 6142 3642 6142 3691 6143 3667 6143 3666 6143 3690 6144 3691 6144 3666 6144 3715 6145 3691 6145 3690 6145 3714 6146 3715 6146 3690 6146 3733 6147 3715 6147 3714 6147 3732 6148 3733 6148 3714 6148 3759 6149 3733 6149 3732 6149 3758 6150 3759 6150 3732 6150 3800 6151 3759 6151 3758 6151 3799 6152 3800 6152 3758 6152 3824 6153 3800 6153 3799 6153 3823 6154 3824 6154 3799 6154 3852 6155 3824 6155 3823 6155 3851 6156 3852 6156 3823 6156 3882 6157 3852 6157 3851 6157 3881 6158 3882 6158 3851 6158 3918 6159 3882 6159 3881 6159 3917 6160 3918 6160 3881 6160 3960 6161 3918 6161 3917 6161 3959 6162 3960 6162 3917 6162 3984 6163 3960 6163 3959 6163 3983 6164 3984 6164 3959 6164 3992 6165 3984 6165 3983 6165 3991 6166 3992 6166 3983 6166 4004 6167 3992 6167 3991 6167 4003 6168 4004 6168 3991 6168 4012 6169 4004 6169 4003 6169 4011 6170 4012 6170 4003 6170 4020 6171 4012 6171 4011 6171 4019 6172 4020 6172 4011 6172 4028 6173 4020 6173 4019 6173 4027 6174 4028 6174 4019 6174 4036 6175 4028 6175 4027 6175 4035 6176 4036 6176 4027 6176 4044 6177 4036 6177 4035 6177 4043 6178 4044 6178 4035 6178 4052 6179 4044 6179 4043 6179 4051 6180 4052 6180 4043 6180 4060 6181 4052 6181 4051 6181 4059 6182 4060 6182 4051 6182 4064 6183 4060 6183 4059 6183 4063 6184 4064 6184 4059 6184 4056 6185 4064 6185 4063 6185 4055 6186 4056 6186 4063 6186 4048 6187 4056 6187 4055 6187 4047 6188 4048 6188 4055 6188 4040 6189 4048 6189 4047 6189 4039 6190 4040 6190 4047 6190 4032 6191 4040 6191 4039 6191 4031 6192 4032 6192 4039 6192 4024 6193 4032 6193 4031 6193 4023 6194 4024 6194 4031 6194 4016 6195 4024 6195 4023 6195 4015 6196 4016 6196 4023 6196 4008 6197 4016 6197 4015 6197 4007 6198 4008 6198 4015 6198 3998 6199 4008 6199 4007 6199 3997 6200 3998 6200 4007 6200 3482 6201 3483 6201 3481 6201 3480 6202 3482 6202 3481 6202 3988 6203 3996 6203 3995 6203 3987 6204 3988 6204 3995 6204 3980 6205 3988 6205 3987 6205 3979 6206 3980 6206 3987 6206 3948 6207 3980 6207 3979 6207 3947 6208 3948 6208 3979 6208 3914 6209 3948 6209 3947 6209 3913 6210 3914 6210 3947 6210 3878 6211 3914 6211 3913 6211 3877 6212 3878 6212 3913 6212 3848 6213 3878 6213 3877 6213 3847 6214 3848 6214 3877 6214 3820 6215 3848 6215 3847 6215 3819 6216 3820 6216 3847 6216 3796 6217 3820 6217 3819 6217 3795 6218 3796 6218 3819 6218 3755 6219 3796 6219 3795 6219 3754 6220 3755 6220 3795 6220 3731 6221 3755 6221 3754 6221 3730 6222 3731 6222 3754 6222 3719 6223 3731 6223 3730 6223 3718 6224 3719 6224 3730 6224 3695 6225 3719 6225 3718 6225 3694 6226 3695 6226 3718 6226 3671 6227 3695 6227 3694 6227 3670 6228 3671 6228 3694 6228 3647 6229 3671 6229 3670 6229 3646 6230 3647 6230 3670 6230 3623 6231 3647 6231 3646 6231 3622 6232 3623 6232 3646 6232 3599 6233 3623 6233 3622 6233 3598 6234 3599 6234 3622 6234 3545 6235 3599 6235 3598 6235 3544 6236 3545 6236 3598 6236 3511 6237 3545 6237 3544 6237 3510 6238 3511 6238 3544 6238 3497 6239 3511 6239 3510 6239 3496 6240 3497 6240 3510 6240 3481 6241 3497 6241 3496 6241 3480 6242 3481 6242 3496 6242 3995 6243 3996 6243 3998 6243 3997 6244 3995 6244 3998 6244 2859 6245 2838 6245 2828 6245 2820 6246 2859 6246 2828 6246 2812 6247 2859 6247 2820 6247 2859 6248 2812 6248 2804 6248 2796 6249 2859 6249 2804 6249 2788 6250 2859 6250 2796 6250 3308 6251 3063 6251 3071 6251 3087 6252 3308 6252 3071 6252 3308 6253 3087 6253 3095 6253 3111 6254 3308 6254 3095 6254 3127 6255 3308 6255 3111 6255 3031 6256 3047 6256 3044 6256 3020 6257 3031 6257 3044 6257 3023 6258 3031 6258 3020 6258 2838 6259 2859 6259 2863 6259 2871 6260 2838 6260 2863 6260 2887 6261 2838 6261 2871 6261 2838 6262 2887 6262 2895 6262 2903 6263 2838 6263 2895 6263 2911 6264 2838 6264 2903 6264 3168 6265 3047 6265 3200 6265 3047 6266 3168 6266 3144 6266 3120 6267 3047 6267 3144 6267 3104 6268 3047 6268 3120 6268 3047 6269 3104 6269 3080 6269 3056 6270 3047 6270 3080 6270 3044 6271 3047 6271 3056 6271 3308 6272 3127 6272 3135 6272 3151 6273 3308 6273 3135 6273 3159 6274 3308 6274 3151 6274 3047 6275 3063 6275 3308 6275 3306 6276 3047 6276 3308 6276 3294 6277 3047 6277 3306 6277 3047 6278 3294 6278 3282 6278 3238 6279 3047 6279 3282 6279 3200 6280 3047 6280 3238 6280 3257 6281 3265 6281 3380 6281 3372 6282 3257 6282 3380 6282 3241 6283 3257 6283 3372 6283 3364 6284 3241 6284 3372 6284 3223 6285 3241 6285 3364 6285 3354 6286 3223 6286 3364 6286 3215 6287 3223 6287 3354 6287 3344 6288 3215 6288 3354 6288 3207 6289 3215 6289 3344 6289 3334 6290 3207 6290 3344 6290 3191 6291 3207 6291 3334 6291 3322 6292 3191 6292 3334 6292 3183 6293 3191 6293 3322 6293 3308 6294 3183 6294 3322 6294 3175 6295 3183 6295 3308 6295 3159 6296 3175 6296 3308 6296 2848 6297 2836 6297 2959 6297 2975 6298 2848 6298 2959 6298 3023 6299 3020 6299 2996 6299 2972 6300 3023 6300 2996 6300 3007 6301 3023 6301 2972 6301 2948 6302 3007 6302 2972 6302 2999 6303 3007 6303 2948 6303 2924 6304 2999 6304 2948 6304 2983 6305 2999 6305 2924 6305 2884 6306 2983 6306 2924 6306 2975 6307 2983 6307 2884 6307 2856 6308 2975 6308 2884 6308 2848 6309 2975 6309 2856 6309 2838 6310 2911 6310 2927 6310 2935 6311 2838 6311 2927 6311 2836 6312 2838 6312 2935 6312 2951 6313 2836 6313 2935 6313 2959 6314 2836 6314 2951 6314 2859 6315 2788 6315 2780 6315 2772 6316 2859 6316 2780 6316 2865 6317 2859 6317 2772 6317 2776 6318 2865 6318 2772 6318 2873 6319 2865 6319 2776 6319 2784 6320 2873 6320 2776 6320 2889 6321 2873 6321 2784 6321 2792 6322 2889 6322 2784 6322 2897 6323 2889 6323 2792 6323 2800 6324 2897 6324 2792 6324 2905 6325 2897 6325 2800 6325 2808 6326 2905 6326 2800 6326 2913 6327 2905 6327 2808 6327 2816 6328 2913 6328 2808 6328 2929 6329 2913 6329 2816 6329 2824 6330 2929 6330 2816 6330 2937 6331 2929 6331 2824 6331 2832 6332 2937 6332 2824 6332 2953 6333 2937 6333 2832 6333 2844 6334 2953 6334 2832 6334 2961 6335 2953 6335 2844 6335 2852 6336 2961 6336 2844 6336 2977 6337 2961 6337 2852 6337 2880 6338 2977 6338 2852 6338 2985 6339 2977 6339 2880 6339 2920 6340 2985 6340 2880 6340 3001 6341 2985 6341 2920 6341 2944 6342 3001 6342 2920 6342 3009 6343 3001 6343 2944 6343 2968 6344 3009 6344 2944 6344 3025 6345 3009 6345 2968 6345 2992 6346 3025 6346 2968 6346 3033 6347 3025 6347 2992 6347 3016 6348 3033 6348 2992 6348 3049 6349 3033 6349 3016 6349 3040 6350 3049 6350 3016 6350 3065 6351 3049 6351 3040 6351 3058 6352 3065 6352 3040 6352 3073 6353 3065 6353 3058 6353 3084 6354 3073 6354 3058 6354 3089 6355 3073 6355 3084 6355 3108 6356 3089 6356 3084 6356 3097 6357 3089 6357 3108 6357 3124 6358 3097 6358 3108 6358 3113 6359 3097 6359 3124 6359 3148 6360 3113 6360 3124 6360 3129 6361 3113 6361 3148 6361 3172 6362 3129 6362 3148 6362 3137 6363 3129 6363 3172 6363 3204 6364 3137 6364 3172 6364 3153 6365 3137 6365 3204 6365 3250 6366 3153 6366 3204 6366 3161 6367 3153 6367 3250 6367 3286 6368 3161 6368 3250 6368 3177 6369 3161 6369 3286 6369 3298 6370 3177 6370 3286 6370 3185 6371 3177 6371 3298 6371 3316 6372 3185 6372 3298 6372 3193 6373 3185 6373 3316 6373 3326 6374 3193 6374 3316 6374 3209 6375 3193 6375 3326 6375 3338 6376 3209 6376 3326 6376 3217 6377 3209 6377 3338 6377 3348 6378 3217 6378 3338 6378 3225 6379 3217 6379 3348 6379 3358 6380 3225 6380 3348 6380 3243 6381 3225 6381 3358 6381 3368 6382 3243 6382 3358 6382 3259 6383 3243 6383 3368 6383 3376 6384 3259 6384 3368 6384 3267 6385 3259 6385 3376 6385 3384 6386 3267 6386 3376 6386 3265 6387 3267 6387 3384 6387 3388 6388 3265 6388 3384 6388 3380 6389 3265 6389 3388 6389 2828 6390 2838 6390 2837 6390 2827 6391 2828 6391 2837 6391 2820 6392 2828 6392 2827 6392 2819 6393 2820 6393 2827 6393 2812 6394 2820 6394 2819 6394 2811 6395 2812 6395 2819 6395 2804 6396 2812 6396 2811 6396 2803 6397 2804 6397 2811 6397 2796 6398 2804 6398 2803 6398 2795 6399 2796 6399 2803 6399 2788 6400 2796 6400 2795 6400 2787 6401 2788 6401 2795 6401 2780 6402 2788 6402 2787 6402 2779 6403 2780 6403 2787 6403 2772 6404 2780 6404 2779 6404 2771 6405 2772 6405 2779 6405 2776 6406 2772 6406 2771 6406 2775 6407 2776 6407 2771 6407 2784 6408 2776 6408 2775 6408 2783 6409 2784 6409 2775 6409 2792 6410 2784 6410 2783 6410 2791 6411 2792 6411 2783 6411 2800 6412 2792 6412 2791 6412 2799 6413 2800 6413 2791 6413 2808 6414 2800 6414 2799 6414 2807 6415 2808 6415 2799 6415 2816 6416 2808 6416 2807 6416 2815 6417 2816 6417 2807 6417 2824 6418 2816 6418 2815 6418 2823 6419 2824 6419 2815 6419 2832 6420 2824 6420 2823 6420 2831 6421 2832 6421 2823 6421 2844 6422 2832 6422 2831 6422 2843 6423 2844 6423 2831 6423 2852 6424 2844 6424 2843 6424 2851 6425 2852 6425 2843 6425 2880 6426 2852 6426 2851 6426 2879 6427 2880 6427 2851 6427 2920 6428 2880 6428 2879 6428 2919 6429 2920 6429 2879 6429 2944 6430 2920 6430 2919 6430 2943 6431 2944 6431 2919 6431 2968 6432 2944 6432 2943 6432 2967 6433 2968 6433 2943 6433 2992 6434 2968 6434 2967 6434 2991 6435 2992 6435 2967 6435 3016 6436 2992 6436 2991 6436 3015 6437 3016 6437 2991 6437 3040 6438 3016 6438 3015 6438 3039 6439 3040 6439 3015 6439 3058 6440 3040 6440 3039 6440 3057 6441 3058 6441 3039 6441 3084 6442 3058 6442 3057 6442 3083 6443 3084 6443 3057 6443 3108 6444 3084 6444 3083 6444 3107 6445 3108 6445 3083 6445 3124 6446 3108 6446 3107 6446 3123 6447 3124 6447 3107 6447 3148 6448 3124 6448 3123 6448 3147 6449 3148 6449 3123 6449 3172 6450 3148 6450 3147 6450 3171 6451 3172 6451 3147 6451 3204 6452 3172 6452 3171 6452 3203 6453 3204 6453 3171 6453 3250 6454 3204 6454 3203 6454 3249 6455 3250 6455 3203 6455 3286 6456 3250 6456 3249 6456 3285 6457 3286 6457 3249 6457 3298 6458 3286 6458 3285 6458 3297 6459 3298 6459 3285 6459 3316 6460 3298 6460 3297 6460 3315 6461 3316 6461 3297 6461 3326 6462 3316 6462 3315 6462 3325 6463 3326 6463 3315 6463 3338 6464 3326 6464 3325 6464 3337 6465 3338 6465 3325 6465 3348 6466 3338 6466 3337 6466 3347 6467 3348 6467 3337 6467 3358 6468 3348 6468 3347 6468 3357 6469 3358 6469 3347 6469 3368 6470 3358 6470 3357 6470 3367 6471 3368 6471 3357 6471 3376 6472 3368 6472 3367 6472 3375 6473 3376 6473 3367 6473 3384 6474 3376 6474 3375 6474 3383 6475 3384 6475 3375 6475 3388 6476 3384 6476 3383 6476 3387 6477 3388 6477 3383 6477 3380 6478 3388 6478 3387 6478 3379 6479 3380 6479 3387 6479 3372 6480 3380 6480 3379 6480 3371 6481 3372 6481 3379 6481 3364 6482 3372 6482 3371 6482 3363 6483 3364 6483 3371 6483 3354 6484 3364 6484 3363 6484 3353 6485 3354 6485 3363 6485 3344 6486 3354 6486 3353 6486 3343 6487 3344 6487 3353 6487 3334 6488 3344 6488 3343 6488 3333 6489 3334 6489 3343 6489 3322 6490 3334 6490 3333 6490 3321 6491 3322 6491 3333 6491 3308 6492 3322 6492 3321 6492 3307 6493 3308 6493 3321 6493 2837 6494 2838 6494 2836 6494 2835 6495 2837 6495 2836 6495 3294 6496 3306 6496 3305 6496 3293 6497 3294 6497 3305 6497 3282 6498 3294 6498 3293 6498 3281 6499 3282 6499 3293 6499 3238 6500 3282 6500 3281 6500 3237 6501 3238 6501 3281 6501 3200 6502 3238 6502 3237 6502 3199 6503 3200 6503 3237 6503 3168 6504 3200 6504 3199 6504 3167 6505 3168 6505 3199 6505 3144 6506 3168 6506 3167 6506 3143 6507 3144 6507 3167 6507 3120 6508 3144 6508 3143 6508 3119 6509 3120 6509 3143 6509 3104 6510 3120 6510 3119 6510 3103 6511 3104 6511 3119 6511 3080 6512 3104 6512 3103 6512 3079 6513 3080 6513 3103 6513 3056 6514 3080 6514 3079 6514 3055 6515 3056 6515 3079 6515 3044 6516 3056 6516 3055 6516 3043 6517 3044 6517 3055 6517 3020 6518 3044 6518 3043 6518 3019 6519 3020 6519 3043 6519 2996 6520 3020 6520 3019 6520 2995 6521 2996 6521 3019 6521 2972 6522 2996 6522 2995 6522 2971 6523 2972 6523 2995 6523 2948 6524 2972 6524 2971 6524 2947 6525 2948 6525 2971 6525 2924 6526 2948 6526 2947 6526 2923 6527 2924 6527 2947 6527 2884 6528 2924 6528 2923 6528 2883 6529 2884 6529 2923 6529 2856 6530 2884 6530 2883 6530 2855 6531 2856 6531 2883 6531 2848 6532 2856 6532 2855 6532 2847 6533 2848 6533 2855 6533 2836 6534 2848 6534 2847 6534 2835 6535 2836 6535 2847 6535 3305 6536 3306 6536 3308 6536 3307 6537 3305 6537 3308 6537 2196 6538 2151 6538 2143 6538 2135 6539 2196 6539 2143 6539 2196 6540 2135 6540 2127 6540 2119 6541 2196 6541 2127 6541 2111 6542 2196 6542 2119 6542 2669 6543 2439 6543 2455 6543 2161 6544 2208 6544 2226 6544 2669 6545 2455 6545 2463 6545 2479 6546 2669 6546 2463 6546 2495 6547 2669 6547 2479 6547 2161 6548 2151 6548 2196 6548 2200 6549 2161 6549 2196 6549 2208 6550 2161 6550 2200 6550 2669 6551 2667 6551 2415 6551 2431 6552 2669 6552 2415 6552 2439 6553 2669 6553 2431 6553 2161 6554 2226 6554 2236 6554 2246 6555 2161 6555 2236 6555 2256 6556 2161 6556 2246 6556 2161 6557 2256 6557 2274 6557 2284 6558 2161 6558 2274 6558 2159 6559 2161 6559 2284 6559 2669 6560 2495 6560 2503 6560 2519 6561 2669 6561 2503 6561 2527 6562 2669 6562 2519 6562 2415 6563 2667 6563 2655 6563 2643 6564 2415 6564 2655 6564 2607 6565 2415 6565 2643 6565 2415 6566 2607 6566 2573 6566 2536 6567 2415 6567 2573 6567 2512 6568 2415 6568 2536 6568 2415 6569 2512 6569 2488 6569 2472 6570 2415 6570 2488 6570 2448 6571 2415 6571 2472 6571 2415 6572 2448 6572 2424 6572 2412 6573 2415 6573 2424 6573 2399 6574 2415 6574 2412 6574 2383 6575 2399 6575 2412 6575 2386 6576 2399 6576 2383 6576 2386 6577 2383 6577 2357 6577 2327 6578 2386 6578 2357 6578 2370 6579 2386 6579 2327 6579 2299 6580 2370 6580 2327 6580 2360 6581 2370 6581 2299 6581 2269 6582 2360 6582 2299 6582 2342 6583 2360 6583 2269 6583 2223 6584 2342 6584 2269 6584 2332 6585 2342 6585 2223 6585 2669 6586 2527 6586 2543 6586 2556 6587 2669 6587 2543 6587 2683 6588 2669 6588 2556 6588 2564 6589 2683 6589 2556 6589 2695 6590 2683 6590 2564 6590 2580 6591 2695 6591 2564 6591 2709 6592 2695 6592 2580 6592 2588 6593 2709 6593 2580 6593 2729 6594 2709 6594 2588 6594 2598 6595 2729 6595 2588 6595 2737 6596 2729 6596 2598 6596 2610 6597 2737 6597 2598 6597 2745 6598 2737 6598 2610 6598 2624 6599 2745 6599 2610 6599 2753 6600 2745 6600 2624 6600 2632 6601 2753 6601 2624 6601 2159 6602 2284 6602 2302 6602 2314 6603 2159 6603 2302 6603 2171 6604 2159 6604 2314 6604 2332 6605 2171 6605 2314 6605 2179 6606 2171 6606 2332 6606 2223 6607 2179 6607 2332 6607 2196 6608 2111 6608 2103 6608 2095 6609 2196 6609 2103 6609 2202 6610 2196 6610 2095 6610 2099 6611 2202 6611 2095 6611 2210 6612 2202 6612 2099 6612 2107 6613 2210 6613 2099 6613 2228 6614 2210 6614 2107 6614 2115 6615 2228 6615 2107 6615 2238 6616 2228 6616 2115 6616 2123 6617 2238 6617 2115 6617 2248 6618 2238 6618 2123 6618 2131 6619 2248 6619 2123 6619 2258 6620 2248 6620 2131 6620 2139 6621 2258 6621 2131 6621 2276 6622 2258 6622 2139 6622 2147 6623 2276 6623 2139 6623 2286 6624 2276 6624 2147 6624 2155 6625 2286 6625 2147 6625 2304 6626 2286 6626 2155 6626 2167 6627 2304 6627 2155 6627 2316 6628 2304 6628 2167 6628 2175 6629 2316 6629 2167 6629 2334 6630 2316 6630 2175 6630 2219 6631 2334 6631 2175 6631 2344 6632 2334 6632 2219 6632 2265 6633 2344 6633 2219 6633 2362 6634 2344 6634 2265 6634 2295 6635 2362 6635 2265 6635 2372 6636 2362 6636 2295 6636 2323 6637 2372 6637 2295 6637 2388 6638 2372 6638 2323 6638 2353 6639 2388 6639 2323 6639 2401 6640 2388 6640 2353 6640 2379 6641 2401 6641 2353 6641 2417 6642 2401 6642 2379 6642 2408 6643 2417 6643 2379 6643 2433 6644 2417 6644 2408 6644 2426 6645 2433 6645 2408 6645 2441 6646 2433 6646 2426 6646 2452 6647 2441 6647 2426 6647 2457 6648 2441 6648 2452 6648 2476 6649 2457 6649 2452 6649 2465 6650 2457 6650 2476 6650 2492 6651 2465 6651 2476 6651 2481 6652 2465 6652 2492 6652 2516 6653 2481 6653 2492 6653 2497 6654 2481 6654 2516 6654 2540 6655 2497 6655 2516 6655 2505 6656 2497 6656 2540 6656 2577 6657 2505 6657 2540 6657 2521 6658 2505 6658 2577 6658 2619 6659 2521 6659 2577 6659 2529 6660 2521 6660 2619 6660 2647 6661 2529 6661 2619 6661 2545 6662 2529 6662 2647 6662 2659 6663 2545 6663 2647 6663 2558 6664 2545 6664 2659 6664 2675 6665 2558 6665 2659 6665 2566 6666 2558 6666 2675 6666 2687 6667 2566 6667 2675 6667 2582 6668 2566 6668 2687 6668 2699 6669 2582 6669 2687 6669 2590 6670 2582 6670 2699 6670 2713 6671 2590 6671 2699 6671 2600 6672 2590 6672 2713 6672 2733 6673 2600 6673 2713 6673 2612 6674 2600 6674 2733 6674 2741 6675 2612 6675 2733 6675 2626 6676 2612 6676 2741 6676 2749 6677 2626 6677 2741 6677 2634 6678 2626 6678 2749 6678 2757 6679 2634 6679 2749 6679 2632 6680 2634 6680 2757 6680 2761 6681 2632 6681 2757 6681 2753 6682 2632 6682 2761 6682 2151 6683 2161 6683 2160 6683 2150 6684 2151 6684 2160 6684 2143 6685 2151 6685 2150 6685 2142 6686 2143 6686 2150 6686 2135 6687 2143 6687 2142 6687 2134 6688 2135 6688 2142 6688 2127 6689 2135 6689 2134 6689 2126 6690 2127 6690 2134 6690 2119 6691 2127 6691 2126 6691 2118 6692 2119 6692 2126 6692 2111 6693 2119 6693 2118 6693 2110 6694 2111 6694 2118 6694 2103 6695 2111 6695 2110 6695 2102 6696 2103 6696 2110 6696 2095 6697 2103 6697 2102 6697 2094 6698 2095 6698 2102 6698 2099 6699 2095 6699 2094 6699 2098 6700 2099 6700 2094 6700 2107 6701 2099 6701 2098 6701 2106 6702 2107 6702 2098 6702 2115 6703 2107 6703 2106 6703 2114 6704 2115 6704 2106 6704 2123 6705 2115 6705 2114 6705 2122 6706 2123 6706 2114 6706 2131 6707 2123 6707 2122 6707 2130 6708 2131 6708 2122 6708 2139 6709 2131 6709 2130 6709 2138 6710 2139 6710 2130 6710 2147 6711 2139 6711 2138 6711 2146 6712 2147 6712 2138 6712 2155 6713 2147 6713 2146 6713 2154 6714 2155 6714 2146 6714 2167 6715 2155 6715 2154 6715 2166 6716 2167 6716 2154 6716 2175 6717 2167 6717 2166 6717 2174 6718 2175 6718 2166 6718 2219 6719 2175 6719 2174 6719 2218 6720 2219 6720 2174 6720 2265 6721 2219 6721 2218 6721 2264 6722 2265 6722 2218 6722 2295 6723 2265 6723 2264 6723 2294 6724 2295 6724 2264 6724 2323 6725 2295 6725 2294 6725 2322 6726 2323 6726 2294 6726 2353 6727 2323 6727 2322 6727 2352 6728 2353 6728 2322 6728 2379 6729 2353 6729 2352 6729 2378 6730 2379 6730 2352 6730 2408 6731 2379 6731 2378 6731 2407 6732 2408 6732 2378 6732 2426 6733 2408 6733 2407 6733 2425 6734 2426 6734 2407 6734 2452 6735 2426 6735 2425 6735 2451 6736 2452 6736 2425 6736 2476 6737 2452 6737 2451 6737 2475 6738 2476 6738 2451 6738 2492 6739 2476 6739 2475 6739 2491 6740 2492 6740 2475 6740 2516 6741 2492 6741 2491 6741 2515 6742 2516 6742 2491 6742 2540 6743 2516 6743 2515 6743 2539 6744 2540 6744 2515 6744 2577 6745 2540 6745 2539 6745 2576 6746 2577 6746 2539 6746 2619 6747 2577 6747 2576 6747 2618 6748 2619 6748 2576 6748 2647 6749 2619 6749 2618 6749 2646 6750 2647 6750 2618 6750 2659 6751 2647 6751 2646 6751 2658 6752 2659 6752 2646 6752 2675 6753 2659 6753 2658 6753 2674 6754 2675 6754 2658 6754 2687 6755 2675 6755 2674 6755 2686 6756 2687 6756 2674 6756 2699 6757 2687 6757 2686 6757 2698 6758 2699 6758 2686 6758 2713 6759 2699 6759 2698 6759 2712 6760 2713 6760 2698 6760 2733 6761 2713 6761 2712 6761 2732 6762 2733 6762 2712 6762 2741 6763 2733 6763 2732 6763 2740 6764 2741 6764 2732 6764 2749 6765 2741 6765 2740 6765 2748 6766 2749 6766 2740 6766 2757 6767 2749 6767 2748 6767 2756 6768 2757 6768 2748 6768 2761 6769 2757 6769 2756 6769 2760 6770 2761 6770 2756 6770 2753 6771 2761 6771 2760 6771 2752 6772 2753 6772 2760 6772 2745 6773 2753 6773 2752 6773 2744 6774 2745 6774 2752 6774 2737 6775 2745 6775 2744 6775 2736 6776 2737 6776 2744 6776 2729 6777 2737 6777 2736 6777 2728 6778 2729 6778 2736 6778 2709 6779 2729 6779 2728 6779 2708 6780 2709 6780 2728 6780 2695 6781 2709 6781 2708 6781 2694 6782 2695 6782 2708 6782 2683 6783 2695 6783 2694 6783 2682 6784 2683 6784 2694 6784 2669 6785 2683 6785 2682 6785 2668 6786 2669 6786 2682 6786 2160 6787 2161 6787 2159 6787 2158 6788 2160 6788 2159 6788 2655 6789 2667 6789 2666 6789 2654 6790 2655 6790 2666 6790 2643 6791 2655 6791 2654 6791 2642 6792 2643 6792 2654 6792 2607 6793 2643 6793 2642 6793 2606 6794 2607 6794 2642 6794 2573 6795 2607 6795 2606 6795 2572 6796 2573 6796 2606 6796 2536 6797 2573 6797 2572 6797 2535 6798 2536 6798 2572 6798 2512 6799 2536 6799 2535 6799 2511 6800 2512 6800 2535 6800 2488 6801 2512 6801 2511 6801 2487 6802 2488 6802 2511 6802 2472 6803 2488 6803 2487 6803 2471 6804 2472 6804 2487 6804 2448 6805 2472 6805 2471 6805 2447 6806 2448 6806 2471 6806 2424 6807 2448 6807 2447 6807 2423 6808 2424 6808 2447 6808 2412 6809 2424 6809 2423 6809 2411 6810 2412 6810 2423 6810 2383 6811 2412 6811 2411 6811 2382 6812 2383 6812 2411 6812 2357 6813 2383 6813 2382 6813 2356 6814 2357 6814 2382 6814 2327 6815 2357 6815 2356 6815 2326 6816 2327 6816 2356 6816 2299 6817 2327 6817 2326 6817 2298 6818 2299 6818 2326 6818 2269 6819 2299 6819 2298 6819 2268 6820 2269 6820 2298 6820 2223 6821 2269 6821 2268 6821 2222 6822 2223 6822 2268 6822 2179 6823 2223 6823 2222 6823 2178 6824 2179 6824 2222 6824 2171 6825 2179 6825 2178 6825 2170 6826 2171 6826 2178 6826 2159 6827 2171 6827 2170 6827 2158 6828 2159 6828 2170 6828 2666 6829 2667 6829 2669 6829 2668 6830 2666 6830 2669 6830 505 6831 15 6831 14 6831 663 6832 505 6832 14 6832 664 6833 505 6833 663 6833 17 6834 16 6834 14 6834 15 6835 17 6835 14 6835 16 6836 202 6836 194 6836 186 6837 16 6837 194 6837 179 6838 16 6838 186 6838 452 6839 663 6839 444 6839 14 6840 218 6840 226 6840 478 6841 470 6841 666 6841 482 6842 478 6842 666 6842 16 6843 179 6843 184 6843 192 6844 16 6844 184 6844 14 6845 16 6845 192 6845 200 6846 14 6846 192 6846 218 6847 14 6847 200 6847 663 6848 412 6848 420 6848 663 6849 452 6849 460 6849 468 6850 663 6850 460 6850 666 6851 663 6851 468 6851 476 6852 666 6852 468 6852 482 6853 666 6853 476 6853 228 6854 46 6854 236 6854 14 6855 226 6855 234 6855 242 6856 14 6856 234 6856 260 6857 14 6857 242 6857 220 6858 202 6858 16 6858 26 6859 220 6859 16 6859 228 6860 220 6860 26 6860 36 6861 228 6861 26 6861 46 6862 228 6862 36 6862 14 6863 308 6863 316 6863 663 6864 420 6864 428 6864 436 6865 663 6865 428 6865 444 6866 663 6866 436 6866 666 6867 470 6867 462 6867 454 6868 666 6868 462 6868 446 6869 666 6869 454 6869 294 6870 286 6870 146 6870 156 6871 294 6871 146 6871 302 6872 294 6872 156 6872 286 6873 278 6873 126 6873 136 6874 286 6874 126 6874 146 6875 286 6875 136 6875 270 6876 262 6876 96 6876 106 6877 270 6877 96 6877 278 6878 270 6878 106 6878 116 6879 278 6879 106 6879 126 6880 278 6880 116 6880 236 6881 46 6881 56 6881 66 6882 236 6882 56 6882 244 6883 236 6883 66 6883 76 6884 244 6884 66 6884 262 6885 244 6885 76 6885 86 6886 262 6886 76 6886 96 6887 262 6887 86 6887 14 6888 260 6888 268 6888 276 6889 14 6889 268 6889 284 6890 14 6890 276 6890 380 6891 388 6891 663 6891 372 6892 380 6892 663 6892 663 6893 388 6893 396 6893 404 6894 663 6894 396 6894 412 6895 663 6895 404 6895 666 6896 446 6896 438 6896 430 6897 666 6897 438 6897 422 6898 666 6898 430 6898 666 6899 422 6899 414 6899 406 6900 666 6900 414 6900 398 6901 666 6901 406 6901 14 6902 284 6902 292 6902 300 6903 14 6903 292 6903 308 6904 14 6904 300 6904 14 6905 316 6905 324 6905 332 6906 14 6906 324 6906 340 6907 14 6907 332 6907 254 6908 366 6908 358 6908 254 6909 358 6909 350 6909 342 6910 254 6910 350 6910 334 6911 254 6911 342 6911 666 6912 398 6912 390 6912 382 6913 666 6913 390 6913 254 6914 666 6914 382 6914 374 6915 254 6915 382 6915 366 6916 254 6916 374 6916 254 6917 334 6917 326 6917 318 6918 254 6918 326 6918 212 6919 254 6919 318 6919 310 6920 212 6920 318 6920 176 6921 212 6921 310 6921 302 6922 176 6922 310 6922 166 6923 176 6923 302 6923 156 6924 166 6924 302 6924 14 6925 340 6925 348 6925 356 6926 14 6926 348 6926 663 6927 14 6927 356 6927 364 6928 663 6928 356 6928 372 6929 663 6929 364 6929 27 6930 16 6930 17 6930 26 6931 16 6931 27 6931 37 6932 26 6932 27 6932 36 6933 26 6933 37 6933 47 6934 36 6934 37 6934 46 6935 36 6935 47 6935 57 6936 46 6936 47 6936 56 6937 46 6937 57 6937 67 6938 56 6938 57 6938 66 6939 56 6939 67 6939 77 6940 66 6940 67 6940 76 6941 66 6941 77 6941 87 6942 76 6942 77 6942 86 6943 76 6943 87 6943 97 6944 86 6944 87 6944 96 6945 86 6945 97 6945 107 6946 96 6946 97 6946 106 6947 96 6947 107 6947 117 6948 106 6948 107 6948 116 6949 106 6949 117 6949 127 6950 116 6950 117 6950 126 6951 116 6951 127 6951 137 6952 126 6952 127 6952 136 6953 126 6953 137 6953 147 6954 136 6954 137 6954 146 6955 136 6955 147 6955 157 6956 146 6956 147 6956 156 6957 146 6957 157 6957 167 6958 156 6958 157 6958 166 6959 156 6959 167 6959 177 6960 166 6960 167 6960 176 6961 166 6961 177 6961 213 6962 176 6962 177 6962 212 6963 176 6963 213 6963 255 6964 212 6964 213 6964 254 6965 212 6965 255 6965 185 6966 192 6966 184 6966 179 6967 185 6967 184 6967 187 6968 185 6968 179 6968 186 6969 187 6969 179 6969 195 6970 187 6970 186 6970 194 6971 195 6971 186 6971 203 6972 195 6972 194 6972 202 6973 203 6973 194 6973 221 6974 203 6974 202 6974 220 6975 221 6975 202 6975 229 6976 221 6976 220 6976 228 6977 229 6977 220 6977 237 6978 229 6978 228 6978 236 6979 237 6979 228 6979 245 6980 237 6980 236 6980 244 6981 245 6981 236 6981 263 6982 245 6982 244 6982 262 6983 263 6983 244 6983 271 6984 263 6984 262 6984 270 6985 271 6985 262 6985 279 6986 271 6986 270 6986 278 6987 279 6987 270 6987 287 6988 279 6988 278 6988 286 6989 287 6989 278 6989 295 6990 287 6990 286 6990 294 6991 295 6991 286 6991 303 6992 295 6992 294 6992 302 6993 303 6993 294 6993 311 6994 303 6994 302 6994 310 6995 311 6995 302 6995 319 6996 311 6996 310 6996 318 6997 319 6997 310 6997 327 6998 319 6998 318 6998 326 6999 327 6999 318 6999 335 7000 327 7000 326 7000 334 7001 335 7001 326 7001 343 7002 335 7002 334 7002 342 7003 343 7003 334 7003 351 7004 343 7004 342 7004 350 7005 351 7005 342 7005 359 7006 351 7006 350 7006 358 7007 359 7007 350 7007 367 7008 359 7008 358 7008 366 7009 367 7009 358 7009 375 7010 367 7010 366 7010 374 7011 375 7011 366 7011 383 7012 375 7012 374 7012 382 7013 383 7013 374 7013 391 7014 383 7014 382 7014 390 7015 391 7015 382 7015 399 7016 391 7016 390 7016 398 7017 399 7017 390 7017 407 7018 399 7018 398 7018 406 7019 407 7019 398 7019 415 7020 407 7020 406 7020 414 7021 415 7021 406 7021 423 7022 415 7022 414 7022 422 7023 423 7023 414 7023 431 7024 423 7024 422 7024 430 7025 431 7025 422 7025 439 7026 431 7026 430 7026 438 7027 439 7027 430 7027 447 7028 439 7028 438 7028 446 7029 447 7029 438 7029 455 7030 447 7030 446 7030 454 7031 455 7031 446 7031 463 7032 455 7032 454 7032 462 7033 463 7033 454 7033 471 7034 463 7034 462 7034 470 7035 471 7035 462 7035 479 7036 471 7036 470 7036 478 7037 479 7037 470 7037 483 7038 479 7038 478 7038 482 7039 483 7039 478 7039 477 7040 483 7040 482 7040 476 7041 477 7041 482 7041 469 7042 477 7042 476 7042 468 7043 469 7043 476 7043 461 7044 469 7044 468 7044 460 7045 461 7045 468 7045 453 7046 461 7046 460 7046 452 7047 453 7047 460 7047 445 7048 453 7048 452 7048 444 7049 445 7049 452 7049 437 7050 445 7050 444 7050 436 7051 437 7051 444 7051 429 7052 437 7052 436 7052 428 7053 429 7053 436 7053 421 7054 429 7054 428 7054 420 7055 421 7055 428 7055 413 7056 421 7056 420 7056 412 7057 413 7057 420 7057 405 7058 413 7058 412 7058 404 7059 405 7059 412 7059 397 7060 405 7060 404 7060 396 7061 397 7061 404 7061 389 7062 397 7062 396 7062 388 7063 389 7063 396 7063 381 7064 389 7064 388 7064 380 7065 381 7065 388 7065 373 7066 381 7066 380 7066 372 7067 373 7067 380 7067 365 7068 373 7068 372 7068 364 7069 365 7069 372 7069 357 7070 365 7070 364 7070 356 7071 357 7071 364 7071 349 7072 357 7072 356 7072 348 7073 349 7073 356 7073 341 7074 349 7074 348 7074 340 7075 341 7075 348 7075 333 7076 341 7076 340 7076 332 7077 333 7077 340 7077 325 7078 333 7078 332 7078 324 7079 325 7079 332 7079 317 7080 325 7080 324 7080 316 7081 317 7081 324 7081 309 7082 317 7082 316 7082 308 7083 309 7083 316 7083 301 7084 309 7084 308 7084 300 7085 301 7085 308 7085 293 7086 301 7086 300 7086 292 7087 293 7087 300 7087 285 7088 293 7088 292 7088 284 7089 285 7089 292 7089 277 7090 285 7090 284 7090 276 7091 277 7091 284 7091 269 7092 277 7092 276 7092 268 7093 269 7093 276 7093 261 7094 269 7094 268 7094 260 7095 261 7095 268 7095 243 7096 261 7096 260 7096 242 7097 243 7097 260 7097 235 7098 243 7098 242 7098 234 7099 235 7099 242 7099 227 7100 235 7100 234 7100 226 7101 227 7101 234 7101 219 7102 227 7102 226 7102 218 7103 219 7103 226 7103 201 7104 219 7104 218 7104 200 7105 201 7105 218 7105 193 7106 201 7106 200 7106 192 7107 193 7107 200 7107 185 7108 193 7108 192 7108 0 7109 1 7109 3 7109 2 7110 0 7110 3 7110 504 7111 661 7111 660 7111 2 7112 504 7112 660 7112 3 7113 504 7113 2 7113 0 7114 198 7114 190 7114 182 7115 0 7115 190 7115 178 7116 0 7116 182 7116 196 7117 48 7117 38 7117 448 7118 658 7118 440 7118 196 7119 168 7119 158 7119 246 7120 214 7120 222 7120 658 7121 448 7121 456 7121 464 7122 658 7122 456 7122 472 7123 658 7123 464 7123 88 7124 78 7124 196 7124 98 7125 88 7125 196 7125 0 7126 178 7126 180 7126 188 7127 0 7127 180 7127 18 7128 0 7128 188 7128 196 7129 18 7129 188 7129 28 7130 18 7130 196 7130 38 7131 28 7131 196 7131 658 7132 408 7132 416 7132 196 7133 214 7133 246 7133 204 7134 196 7134 246 7134 168 7135 196 7135 204 7135 196 7136 78 7136 68 7136 58 7137 196 7137 68 7137 48 7138 196 7138 58 7138 246 7139 222 7139 230 7139 238 7140 246 7140 230 7140 256 7141 246 7141 238 7141 0 7142 2 7142 224 7142 216 7143 0 7143 224 7143 198 7144 0 7144 216 7144 196 7145 158 7145 148 7145 138 7146 196 7146 148 7146 128 7147 196 7147 138 7147 658 7148 416 7148 424 7148 432 7149 658 7149 424 7149 440 7150 658 7150 432 7150 658 7151 472 7151 480 7151 474 7152 658 7152 480 7152 660 7153 658 7153 474 7153 466 7154 660 7154 474 7154 458 7155 660 7155 466 7155 2 7156 282 7156 274 7156 266 7157 2 7157 274 7157 258 7158 2 7158 266 7158 2 7159 258 7159 240 7159 232 7160 2 7160 240 7160 224 7161 2 7161 232 7161 196 7162 128 7162 118 7162 108 7163 196 7163 118 7163 98 7164 196 7164 108 7164 660 7165 458 7165 450 7165 442 7166 660 7166 450 7166 434 7167 660 7167 442 7167 378 7168 660 7168 386 7168 2 7169 322 7169 314 7169 306 7170 2 7170 314 7170 246 7171 256 7171 264 7171 272 7172 246 7172 264 7172 280 7173 246 7173 272 7173 246 7174 304 7174 312 7174 320 7175 246 7175 312 7175 328 7176 246 7176 320 7176 658 7177 384 7177 392 7177 400 7178 658 7178 392 7178 408 7179 658 7179 400 7179 660 7180 434 7180 426 7180 418 7181 660 7181 426 7181 410 7182 660 7182 418 7182 660 7183 410 7183 402 7183 394 7184 660 7184 402 7184 386 7185 660 7185 394 7185 2 7186 306 7186 298 7186 290 7187 2 7187 298 7187 282 7188 2 7188 290 7188 246 7189 280 7189 288 7189 296 7190 246 7190 288 7190 304 7191 246 7191 296 7191 246 7192 328 7192 336 7192 344 7193 246 7193 336 7193 352 7194 246 7194 344 7194 2 7195 346 7195 338 7195 330 7196 2 7196 338 7196 322 7197 2 7197 330 7197 246 7198 352 7198 360 7198 368 7199 246 7199 360 7199 658 7200 246 7200 368 7200 376 7201 658 7201 368 7201 384 7202 658 7202 376 7202 660 7203 378 7203 370 7203 362 7204 660 7204 370 7204 2 7205 660 7205 362 7205 354 7206 2 7206 362 7206 346 7207 2 7207 354 7207 18 7208 1 7208 0 7208 19 7209 1 7209 18 7209 28 7210 19 7210 18 7210 29 7211 19 7211 28 7211 38 7212 29 7212 28 7212 39 7213 29 7213 38 7213 48 7214 39 7214 38 7214 49 7215 39 7215 48 7215 58 7216 49 7216 48 7216 59 7217 49 7217 58 7217 68 7218 59 7218 58 7218 69 7219 59 7219 68 7219 78 7220 69 7220 68 7220 79 7221 69 7221 78 7221 88 7222 79 7222 78 7222 89 7223 79 7223 88 7223 98 7224 89 7224 88 7224 99 7225 89 7225 98 7225 108 7226 99 7226 98 7226 109 7227 99 7227 108 7227 118 7228 109 7228 108 7228 119 7229 109 7229 118 7229 128 7230 119 7230 118 7230 129 7231 119 7231 128 7231 138 7232 129 7232 128 7232 139 7233 129 7233 138 7233 148 7234 139 7234 138 7234 149 7235 139 7235 148 7235 158 7236 149 7236 148 7236 159 7237 149 7237 158 7237 168 7238 159 7238 158 7238 169 7239 159 7239 168 7239 204 7240 169 7240 168 7240 205 7241 169 7241 204 7241 246 7242 205 7242 204 7242 247 7243 205 7243 246 7243 181 7244 188 7244 180 7244 178 7245 181 7245 180 7245 183 7246 181 7246 178 7246 182 7247 183 7247 178 7247 191 7248 183 7248 182 7248 190 7249 191 7249 182 7249 199 7250 191 7250 190 7250 198 7251 199 7251 190 7251 217 7252 199 7252 198 7252 216 7253 217 7253 198 7253 225 7254 217 7254 216 7254 224 7255 225 7255 216 7255 233 7256 225 7256 224 7256 232 7257 233 7257 224 7257 241 7258 233 7258 232 7258 240 7259 241 7259 232 7259 259 7260 241 7260 240 7260 258 7261 259 7261 240 7261 267 7262 259 7262 258 7262 266 7263 267 7263 258 7263 275 7264 267 7264 266 7264 274 7265 275 7265 266 7265 283 7266 275 7266 274 7266 282 7267 283 7267 274 7267 291 7268 283 7268 282 7268 290 7269 291 7269 282 7269 299 7270 291 7270 290 7270 298 7271 299 7271 290 7271 307 7272 299 7272 298 7272 306 7273 307 7273 298 7273 315 7274 307 7274 306 7274 314 7275 315 7275 306 7275 323 7276 315 7276 314 7276 322 7277 323 7277 314 7277 331 7278 323 7278 322 7278 330 7279 331 7279 322 7279 339 7280 331 7280 330 7280 338 7281 339 7281 330 7281 347 7282 339 7282 338 7282 346 7283 347 7283 338 7283 355 7284 347 7284 346 7284 354 7285 355 7285 346 7285 363 7286 355 7286 354 7286 362 7287 363 7287 354 7287 371 7288 363 7288 362 7288 370 7289 371 7289 362 7289 379 7290 371 7290 370 7290 378 7291 379 7291 370 7291 387 7292 379 7292 378 7292 386 7293 387 7293 378 7293 395 7294 387 7294 386 7294 394 7295 395 7295 386 7295 403 7296 395 7296 394 7296 402 7297 403 7297 394 7297 411 7298 403 7298 402 7298 410 7299 411 7299 402 7299 419 7300 411 7300 410 7300 418 7301 419 7301 410 7301 427 7302 419 7302 418 7302 426 7303 427 7303 418 7303 435 7304 427 7304 426 7304 434 7305 435 7305 426 7305 443 7306 435 7306 434 7306 442 7307 443 7307 434 7307 451 7308 443 7308 442 7308 450 7309 451 7309 442 7309 459 7310 451 7310 450 7310 458 7311 459 7311 450 7311 467 7312 459 7312 458 7312 466 7313 467 7313 458 7313 475 7314 467 7314 466 7314 474 7315 475 7315 466 7315 481 7316 475 7316 474 7316 480 7317 481 7317 474 7317 473 7318 481 7318 480 7318 472 7319 473 7319 480 7319 465 7320 473 7320 472 7320 464 7321 465 7321 472 7321 457 7322 465 7322 464 7322 456 7323 457 7323 464 7323 449 7324 457 7324 456 7324 448 7325 449 7325 456 7325 441 7326 449 7326 448 7326 440 7327 441 7327 448 7327 433 7328 441 7328 440 7328 432 7329 433 7329 440 7329 425 7330 433 7330 432 7330 424 7331 425 7331 432 7331 417 7332 425 7332 424 7332 416 7333 417 7333 424 7333 409 7334 417 7334 416 7334 408 7335 409 7335 416 7335 401 7336 409 7336 408 7336 400 7337 401 7337 408 7337 393 7338 401 7338 400 7338 392 7339 393 7339 400 7339 385 7340 393 7340 392 7340 384 7341 385 7341 392 7341 377 7342 385 7342 384 7342 376 7343 377 7343 384 7343 369 7344 377 7344 376 7344 368 7345 369 7345 376 7345 361 7346 369 7346 368 7346 360 7347 361 7347 368 7347 353 7348 361 7348 360 7348 352 7349 353 7349 360 7349 345 7350 353 7350 352 7350 344 7351 345 7351 352 7351 337 7352 345 7352 344 7352 336 7353 337 7353 344 7353 329 7354 337 7354 336 7354 328 7355 329 7355 336 7355 321 7356 329 7356 328 7356 320 7357 321 7357 328 7357 313 7358 321 7358 320 7358 312 7359 313 7359 320 7359 305 7360 313 7360 312 7360 304 7361 305 7361 312 7361 297 7362 305 7362 304 7362 296 7363 297 7363 304 7363 289 7364 297 7364 296 7364 288 7365 289 7365 296 7365 281 7366 289 7366 288 7366 280 7367 281 7367 288 7367 273 7368 281 7368 280 7368 272 7369 273 7369 280 7369 265 7370 273 7370 272 7370 264 7371 265 7371 272 7371 257 7372 265 7372 264 7372 256 7373 257 7373 264 7373 239 7374 257 7374 256 7374 238 7375 239 7375 256 7375 231 7376 239 7376 238 7376 230 7377 231 7377 238 7377 223 7378 231 7378 230 7378 222 7379 223 7379 230 7379 215 7380 223 7380 222 7380 214 7381 215 7381 222 7381 197 7382 215 7382 214 7382 196 7383 197 7383 214 7383 189 7384 197 7384 196 7384 188 7385 189 7385 196 7385 181 7386 189 7386 188 7386 4859 7387 4860 7387 4858 7387 4857 7388 4859 7388 4858 7388 4354 7389 4199 7389 4198 7389 4857 7390 4354 7390 4198 7390 4858 7391 4354 7391 4857 7391 4385 7392 4201 7392 4393 7392 4383 7393 4391 7393 4198 7393 4201 7394 4383 7394 4198 7394 4377 7395 4383 7395 4201 7395 4385 7396 4377 7396 4201 7396 4641 7397 4857 7397 4633 7397 4859 7398 4667 7398 4675 7398 4681 7399 4859 7399 4675 7399 4677 7400 4859 7400 4681 7400 4198 7401 4391 7401 4399 7401 4407 7402 4198 7402 4399 7402 4415 7403 4198 7403 4407 7403 4857 7404 4591 7404 4599 7404 4859 7405 4857 7405 4641 7405 4659 7406 4859 7406 4641 7406 4667 7407 4859 7407 4659 7407 4201 7408 4417 7408 4409 7408 4401 7409 4201 7409 4409 7409 4393 7410 4201 7410 4401 7410 4198 7411 4415 7411 4423 7411 4431 7412 4198 7412 4423 7412 4439 7413 4198 7413 4431 7413 4201 7414 4481 7414 4473 7414 4465 7415 4201 7415 4473 7415 4857 7416 4599 7416 4617 7416 4625 7417 4857 7417 4617 7417 4633 7418 4857 7418 4625 7418 4711 7419 4577 7419 4569 7419 4611 7420 4505 7420 4497 7420 4201 7421 4465 7421 4457 7421 4449 7422 4201 7422 4457 7422 4441 7423 4201 7423 4449 7423 4201 7424 4441 7424 4433 7424 4425 7425 4201 7425 4433 7425 4417 7426 4201 7426 4425 7426 4857 7427 4559 7427 4567 7427 4198 7428 4439 7428 4447 7428 4455 7429 4198 7429 4447 7429 4463 7430 4198 7430 4455 7430 4857 7431 4567 7431 4575 7431 4583 7432 4857 7432 4575 7432 4591 7433 4857 7433 4583 7433 4635 7434 4627 7434 4811 7434 4821 7435 4635 7435 4811 7435 4643 7436 4635 7436 4821 7436 4701 7437 4711 7437 4569 7437 4561 7438 4701 7438 4569 7438 4691 7439 4701 7439 4561 7439 4611 7440 4537 7440 4529 7440 4201 7441 4611 7441 4497 7441 4489 7442 4201 7442 4497 7442 4481 7443 4201 7443 4489 7443 4198 7444 4463 7444 4471 7444 4479 7445 4198 7445 4471 7445 4487 7446 4198 7446 4479 7446 4503 7447 4511 7447 4857 7447 4198 7448 4503 7448 4857 7448 4495 7449 4503 7449 4198 7449 4487 7450 4495 7450 4198 7450 4857 7451 4511 7451 4519 7451 4527 7452 4857 7452 4519 7452 4535 7453 4857 7453 4527 7453 4859 7454 4677 7454 4669 7454 4661 7455 4859 7455 4669 7455 4841 7456 4859 7456 4661 7456 4643 7457 4841 7457 4661 7457 4831 7458 4841 7458 4643 7458 4821 7459 4831 7459 4643 7459 4593 7460 4761 7460 4601 7460 4577 7461 4711 7461 4721 7461 4731 7462 4577 7462 4721 7462 4585 7463 4577 7463 4731 7463 4741 7464 4585 7464 4731 7464 4593 7465 4585 7465 4741 7465 4751 7466 4593 7466 4741 7466 4761 7467 4593 7467 4751 7467 4611 7468 4529 7468 4521 7468 4513 7469 4611 7469 4521 7469 4505 7470 4611 7470 4513 7470 4857 7471 4535 7471 4543 7471 4551 7472 4857 7472 4543 7472 4559 7473 4857 7473 4551 7473 4601 7474 4761 7474 4771 7474 4781 7475 4601 7475 4771 7475 4619 7476 4601 7476 4781 7476 4791 7477 4619 7477 4781 7477 4627 7478 4619 7478 4791 7478 4801 7479 4627 7479 4791 7479 4811 7480 4627 7480 4801 7480 4653 7481 4691 7481 4561 7481 4553 7482 4653 7482 4561 7482 4611 7483 4653 7483 4553 7483 4545 7484 4611 7484 4553 7484 4537 7485 4611 7485 4545 7485 4841 7486 4860 7486 4859 7486 4842 7487 4860 7487 4841 7487 4831 7488 4842 7488 4841 7488 4832 7489 4842 7489 4831 7489 4821 7490 4832 7490 4831 7490 4822 7491 4832 7491 4821 7491 4811 7492 4822 7492 4821 7492 4812 7493 4822 7493 4811 7493 4801 7494 4812 7494 4811 7494 4802 7495 4812 7495 4801 7495 4791 7496 4802 7496 4801 7496 4792 7497 4802 7497 4791 7497 4781 7498 4792 7498 4791 7498 4782 7499 4792 7499 4781 7499 4771 7500 4782 7500 4781 7500 4772 7501 4782 7501 4771 7501 4761 7502 4772 7502 4771 7502 4762 7503 4772 7503 4761 7503 4751 7504 4762 7504 4761 7504 4752 7505 4762 7505 4751 7505 4741 7506 4752 7506 4751 7506 4742 7507 4752 7507 4741 7507 4731 7508 4742 7508 4741 7508 4732 7509 4742 7509 4731 7509 4721 7510 4732 7510 4731 7510 4722 7511 4732 7511 4721 7511 4711 7512 4722 7512 4721 7512 4712 7513 4722 7513 4711 7513 4701 7514 4712 7514 4711 7514 4702 7515 4712 7515 4701 7515 4691 7516 4702 7516 4701 7516 4692 7517 4702 7517 4691 7517 4653 7518 4692 7518 4691 7518 4654 7519 4692 7519 4653 7519 4611 7520 4654 7520 4653 7520 4612 7521 4654 7521 4611 7521 4677 7522 4681 7522 4682 7522 4678 7523 4677 7523 4682 7523 4669 7524 4677 7524 4678 7524 4670 7525 4669 7525 4678 7525 4661 7526 4669 7526 4670 7526 4662 7527 4661 7527 4670 7527 4643 7528 4661 7528 4662 7528 4644 7529 4643 7529 4662 7529 4635 7530 4643 7530 4644 7530 4636 7531 4635 7531 4644 7531 4627 7532 4635 7532 4636 7532 4628 7533 4627 7533 4636 7533 4619 7534 4627 7534 4628 7534 4620 7535 4619 7535 4628 7535 4601 7536 4619 7536 4620 7536 4602 7537 4601 7537 4620 7537 4593 7538 4601 7538 4602 7538 4594 7539 4593 7539 4602 7539 4585 7540 4593 7540 4594 7540 4586 7541 4585 7541 4594 7541 4577 7542 4585 7542 4586 7542 4578 7543 4577 7543 4586 7543 4569 7544 4577 7544 4578 7544 4570 7545 4569 7545 4578 7545 4561 7546 4569 7546 4570 7546 4562 7547 4561 7547 4570 7547 4553 7548 4561 7548 4562 7548 4554 7549 4553 7549 4562 7549 4545 7550 4553 7550 4554 7550 4546 7551 4545 7551 4554 7551 4537 7552 4545 7552 4546 7552 4538 7553 4537 7553 4546 7553 4529 7554 4537 7554 4538 7554 4530 7555 4529 7555 4538 7555 4521 7556 4529 7556 4530 7556 4522 7557 4521 7557 4530 7557 4513 7558 4521 7558 4522 7558 4514 7559 4513 7559 4522 7559 4505 7560 4513 7560 4514 7560 4506 7561 4505 7561 4514 7561 4497 7562 4505 7562 4506 7562 4498 7563 4497 7563 4506 7563 4489 7564 4497 7564 4498 7564 4490 7565 4489 7565 4498 7565 4481 7566 4489 7566 4490 7566 4482 7567 4481 7567 4490 7567 4473 7568 4481 7568 4482 7568 4474 7569 4473 7569 4482 7569 4465 7570 4473 7570 4474 7570 4466 7571 4465 7571 4474 7571 4457 7572 4465 7572 4466 7572 4458 7573 4457 7573 4466 7573 4449 7574 4457 7574 4458 7574 4450 7575 4449 7575 4458 7575 4441 7576 4449 7576 4450 7576 4442 7577 4441 7577 4450 7577 4433 7578 4441 7578 4442 7578 4434 7579 4433 7579 4442 7579 4425 7580 4433 7580 4434 7580 4426 7581 4425 7581 4434 7581 4417 7582 4425 7582 4426 7582 4418 7583 4417 7583 4426 7583 4409 7584 4417 7584 4418 7584 4410 7585 4409 7585 4418 7585 4401 7586 4409 7586 4410 7586 4402 7587 4401 7587 4410 7587 4393 7588 4401 7588 4402 7588 4394 7589 4393 7589 4402 7589 4385 7590 4393 7590 4394 7590 4386 7591 4385 7591 4394 7591 4377 7592 4385 7592 4386 7592 4378 7593 4377 7593 4386 7593 4383 7594 4377 7594 4378 7594 4384 7595 4383 7595 4378 7595 4391 7596 4383 7596 4384 7596 4392 7597 4391 7597 4384 7597 4399 7598 4391 7598 4392 7598 4400 7599 4399 7599 4392 7599 4407 7600 4399 7600 4400 7600 4408 7601 4407 7601 4400 7601 4415 7602 4407 7602 4408 7602 4416 7603 4415 7603 4408 7603 4423 7604 4415 7604 4416 7604 4424 7605 4423 7605 4416 7605 4431 7606 4423 7606 4424 7606 4432 7607 4431 7607 4424 7607 4439 7608 4431 7608 4432 7608 4440 7609 4439 7609 4432 7609 4447 7610 4439 7610 4440 7610 4448 7611 4447 7611 4440 7611 4455 7612 4447 7612 4448 7612 4456 7613 4455 7613 4448 7613 4463 7614 4455 7614 4456 7614 4464 7615 4463 7615 4456 7615 4471 7616 4463 7616 4464 7616 4472 7617 4471 7617 4464 7617 4479 7618 4471 7618 4472 7618 4480 7619 4479 7619 4472 7619 4487 7620 4479 7620 4480 7620 4488 7621 4487 7621 4480 7621 4495 7622 4487 7622 4488 7622 4496 7623 4495 7623 4488 7623 4503 7624 4495 7624 4496 7624 4504 7625 4503 7625 4496 7625 4511 7626 4503 7626 4504 7626 4512 7627 4511 7627 4504 7627 4519 7628 4511 7628 4512 7628 4520 7629 4519 7629 4512 7629 4527 7630 4519 7630 4520 7630 4528 7631 4527 7631 4520 7631 4535 7632 4527 7632 4528 7632 4536 7633 4535 7633 4528 7633 4543 7634 4535 7634 4536 7634 4544 7635 4543 7635 4536 7635 4551 7636 4543 7636 4544 7636 4552 7637 4551 7637 4544 7637 4559 7638 4551 7638 4552 7638 4560 7639 4559 7639 4552 7639 4567 7640 4559 7640 4560 7640 4568 7641 4567 7641 4560 7641 4575 7642 4567 7642 4568 7642 4576 7643 4575 7643 4568 7643 4583 7644 4575 7644 4576 7644 4584 7645 4583 7645 4576 7645 4591 7646 4583 7646 4584 7646 4592 7647 4591 7647 4584 7647 4599 7648 4591 7648 4592 7648 4600 7649 4599 7649 4592 7649 4617 7650 4599 7650 4600 7650 4618 7651 4617 7651 4600 7651 4625 7652 4617 7652 4618 7652 4626 7653 4625 7653 4618 7653 4633 7654 4625 7654 4626 7654 4634 7655 4633 7655 4626 7655 4641 7656 4633 7656 4634 7656 4642 7657 4641 7657 4634 7657 4659 7658 4641 7658 4642 7658 4660 7659 4659 7659 4642 7659 4667 7660 4659 7660 4660 7660 4668 7661 4667 7661 4660 7661 4675 7662 4667 7662 4668 7662 4676 7663 4675 7663 4668 7663 4681 7664 4675 7664 4676 7664 4682 7665 4681 7665 4676 7665 4353 7666 4846 7666 4845 7666 4195 7667 4353 7667 4845 7667 4196 7668 4353 7668 4195 7668 4844 7669 4843 7669 4845 7669 4846 7670 4844 7670 4845 7670 4193 7671 4375 7671 4379 7671 4387 7672 4193 7672 4379 7672 4395 7673 4193 7673 4387 7673 4193 7674 4195 7674 4389 7674 4381 7675 4193 7675 4389 7675 4375 7676 4193 7676 4381 7676 4823 7677 4629 7677 4637 7677 4843 7678 4671 7678 4679 7678 4673 7679 4843 7679 4679 7679 4193 7680 4395 7680 4403 7680 4411 7681 4193 7681 4403 7681 4419 7682 4193 7682 4411 7682 4833 7683 4823 7683 4637 7683 4655 7684 4833 7684 4637 7684 4843 7685 4833 7685 4655 7685 4663 7686 4843 7686 4655 7686 4671 7687 4843 7687 4663 7687 4195 7688 4413 7688 4405 7688 4397 7689 4195 7689 4405 7689 4389 7690 4195 7690 4397 7690 4193 7691 4419 7691 4427 7691 4435 7692 4193 7692 4427 7692 4443 7693 4193 7693 4435 7693 4623 7694 4845 7694 4631 7694 4195 7695 4461 7695 4453 7695 4445 7696 4195 7696 4453 7696 4437 7697 4195 7697 4445 7697 4195 7698 4437 7698 4429 7698 4421 7699 4195 7699 4429 7699 4413 7700 4195 7700 4421 7700 4613 7701 4773 7701 4595 7701 4629 7702 4823 7702 4813 7702 4803 7703 4629 7703 4813 7703 4621 7704 4629 7704 4803 7704 4793 7705 4621 7705 4803 7705 4613 7706 4621 7706 4793 7706 4783 7707 4613 7707 4793 7707 4773 7708 4613 7708 4783 7708 4557 7709 4549 7709 4845 7709 4565 7710 4557 7710 4845 7710 4485 7711 4195 7711 4493 7711 4843 7712 4673 7712 4665 7712 4657 7713 4843 7713 4665 7713 4845 7714 4843 7714 4657 7714 4639 7715 4845 7715 4657 7715 4631 7716 4845 7716 4639 7716 4845 7717 4623 7717 4615 7717 4597 7718 4845 7718 4615 7718 4589 7719 4845 7719 4597 7719 4845 7720 4589 7720 4581 7720 4573 7721 4845 7721 4581 7721 4565 7722 4845 7722 4573 7722 4195 7723 4485 7723 4477 7723 4469 7724 4195 7724 4477 7724 4461 7725 4195 7725 4469 7725 4193 7726 4443 7726 4451 7726 4459 7727 4193 7727 4451 7727 4467 7728 4193 7728 4459 7728 4193 7729 4467 7729 4475 7729 4483 7730 4193 7730 4475 7730 4603 7731 4193 7731 4483 7731 4491 7732 4603 7732 4483 7732 4499 7733 4603 7733 4491 7733 4603 7734 4499 7734 4507 7734 4515 7735 4603 7735 4507 7735 4523 7736 4603 7736 4515 7736 4595 7737 4773 7737 4763 7737 4753 7738 4595 7738 4763 7738 4587 7739 4595 7739 4753 7739 4743 7740 4587 7740 4753 7740 4579 7741 4587 7741 4743 7741 4845 7742 4525 7742 4517 7742 4509 7743 4845 7743 4517 7743 4195 7744 4845 7744 4509 7744 4501 7745 4195 7745 4509 7745 4493 7746 4195 7746 4501 7746 4579 7747 4743 7747 4733 7747 4723 7748 4579 7748 4733 7748 4571 7749 4579 7749 4723 7749 4713 7750 4571 7750 4723 7750 4563 7751 4571 7751 4713 7751 4845 7752 4549 7752 4541 7752 4533 7753 4845 7753 4541 7753 4525 7754 4845 7754 4533 7754 4563 7755 4713 7755 4703 7755 4693 7756 4563 7756 4703 7756 4555 7757 4563 7757 4693 7757 4683 7758 4555 7758 4693 7758 4547 7759 4555 7759 4683 7759 4645 7760 4547 7760 4683 7760 4539 7761 4547 7761 4645 7761 4603 7762 4539 7762 4645 7762 4531 7763 4539 7763 4603 7763 4523 7764 4531 7764 4603 7764 4834 7765 4843 7765 4844 7765 4833 7766 4843 7766 4834 7766 4824 7767 4833 7767 4834 7767 4823 7768 4833 7768 4824 7768 4814 7769 4823 7769 4824 7769 4813 7770 4823 7770 4814 7770 4804 7771 4813 7771 4814 7771 4803 7772 4813 7772 4804 7772 4794 7773 4803 7773 4804 7773 4793 7774 4803 7774 4794 7774 4784 7775 4793 7775 4794 7775 4783 7776 4793 7776 4784 7776 4774 7777 4783 7777 4784 7777 4773 7778 4783 7778 4774 7778 4764 7779 4773 7779 4774 7779 4763 7780 4773 7780 4764 7780 4754 7781 4763 7781 4764 7781 4753 7782 4763 7782 4754 7782 4744 7783 4753 7783 4754 7783 4743 7784 4753 7784 4744 7784 4734 7785 4743 7785 4744 7785 4733 7786 4743 7786 4734 7786 4724 7787 4733 7787 4734 7787 4723 7788 4733 7788 4724 7788 4714 7789 4723 7789 4724 7789 4713 7790 4723 7790 4714 7790 4704 7791 4713 7791 4714 7791 4703 7792 4713 7792 4704 7792 4694 7793 4703 7793 4704 7793 4693 7794 4703 7794 4694 7794 4684 7795 4693 7795 4694 7795 4683 7796 4693 7796 4684 7796 4646 7797 4683 7797 4684 7797 4645 7798 4683 7798 4646 7798 4604 7799 4645 7799 4646 7799 4603 7800 4645 7800 4604 7800 4673 7801 4679 7801 4680 7801 4674 7802 4673 7802 4680 7802 4665 7803 4673 7803 4674 7803 4666 7804 4665 7804 4674 7804 4657 7805 4665 7805 4666 7805 4658 7806 4657 7806 4666 7806 4639 7807 4657 7807 4658 7807 4640 7808 4639 7808 4658 7808 4631 7809 4639 7809 4640 7809 4632 7810 4631 7810 4640 7810 4623 7811 4631 7811 4632 7811 4624 7812 4623 7812 4632 7812 4615 7813 4623 7813 4624 7813 4616 7814 4615 7814 4624 7814 4597 7815 4615 7815 4616 7815 4598 7816 4597 7816 4616 7816 4589 7817 4597 7817 4598 7817 4590 7818 4589 7818 4598 7818 4581 7819 4589 7819 4590 7819 4582 7820 4581 7820 4590 7820 4573 7821 4581 7821 4582 7821 4574 7822 4573 7822 4582 7822 4565 7823 4573 7823 4574 7823 4566 7824 4565 7824 4574 7824 4557 7825 4565 7825 4566 7825 4558 7826 4557 7826 4566 7826 4549 7827 4557 7827 4558 7827 4550 7828 4549 7828 4558 7828 4541 7829 4549 7829 4550 7829 4542 7830 4541 7830 4550 7830 4533 7831 4541 7831 4542 7831 4534 7832 4533 7832 4542 7832 4525 7833 4533 7833 4534 7833 4526 7834 4525 7834 4534 7834 4517 7835 4525 7835 4526 7835 4518 7836 4517 7836 4526 7836 4509 7837 4517 7837 4518 7837 4510 7838 4509 7838 4518 7838 4501 7839 4509 7839 4510 7839 4502 7840 4501 7840 4510 7840 4493 7841 4501 7841 4502 7841 4494 7842 4493 7842 4502 7842 4485 7843 4493 7843 4494 7843 4486 7844 4485 7844 4494 7844 4477 7845 4485 7845 4486 7845 4478 7846 4477 7846 4486 7846 4469 7847 4477 7847 4478 7847 4470 7848 4469 7848 4478 7848 4461 7849 4469 7849 4470 7849 4462 7850 4461 7850 4470 7850 4453 7851 4461 7851 4462 7851 4454 7852 4453 7852 4462 7852 4445 7853 4453 7853 4454 7853 4446 7854 4445 7854 4454 7854 4437 7855 4445 7855 4446 7855 4438 7856 4437 7856 4446 7856 4429 7857 4437 7857 4438 7857 4430 7858 4429 7858 4438 7858 4421 7859 4429 7859 4430 7859 4422 7860 4421 7860 4430 7860 4413 7861 4421 7861 4422 7861 4414 7862 4413 7862 4422 7862 4405 7863 4413 7863 4414 7863 4406 7864 4405 7864 4414 7864 4397 7865 4405 7865 4406 7865 4398 7866 4397 7866 4406 7866 4389 7867 4397 7867 4398 7867 4390 7868 4389 7868 4398 7868 4381 7869 4389 7869 4390 7869 4382 7870 4381 7870 4390 7870 4375 7871 4381 7871 4382 7871 4376 7872 4375 7872 4382 7872 4379 7873 4375 7873 4376 7873 4380 7874 4379 7874 4376 7874 4387 7875 4379 7875 4380 7875 4388 7876 4387 7876 4380 7876 4395 7877 4387 7877 4388 7877 4396 7878 4395 7878 4388 7878 4403 7879 4395 7879 4396 7879 4404 7880 4403 7880 4396 7880 4411 7881 4403 7881 4404 7881 4412 7882 4411 7882 4404 7882 4419 7883 4411 7883 4412 7883 4420 7884 4419 7884 4412 7884 4427 7885 4419 7885 4420 7885 4428 7886 4427 7886 4420 7886 4435 7887 4427 7887 4428 7887 4436 7888 4435 7888 4428 7888 4443 7889 4435 7889 4436 7889 4444 7890 4443 7890 4436 7890 4451 7891 4443 7891 4444 7891 4452 7892 4451 7892 4444 7892 4459 7893 4451 7893 4452 7893 4460 7894 4459 7894 4452 7894 4467 7895 4459 7895 4460 7895 4468 7896 4467 7896 4460 7896 4475 7897 4467 7897 4468 7897 4476 7898 4475 7898 4468 7898 4483 7899 4475 7899 4476 7899 4484 7900 4483 7900 4476 7900 4491 7901 4483 7901 4484 7901 4492 7902 4491 7902 4484 7902 4499 7903 4491 7903 4492 7903 4500 7904 4499 7904 4492 7904 4507 7905 4499 7905 4500 7905 4508 7906 4507 7906 4500 7906 4515 7907 4507 7907 4508 7907 4516 7908 4515 7908 4508 7908 4523 7909 4515 7909 4516 7909 4524 7910 4523 7910 4516 7910 4531 7911 4523 7911 4524 7911 4532 7912 4531 7912 4524 7912 4539 7913 4531 7913 4532 7913 4540 7914 4539 7914 4532 7914 4547 7915 4539 7915 4540 7915 4548 7916 4547 7916 4540 7916 4555 7917 4547 7917 4548 7917 4556 7918 4555 7918 4548 7918 4563 7919 4555 7919 4556 7919 4564 7920 4563 7920 4556 7920 4571 7921 4563 7921 4564 7921 4572 7922 4571 7922 4564 7922 4579 7923 4571 7923 4572 7923 4580 7924 4579 7924 4572 7924 4587 7925 4579 7925 4580 7925 4588 7926 4587 7926 4580 7926 4595 7927 4587 7927 4588 7927 4596 7928 4595 7928 4588 7928 4613 7929 4595 7929 4596 7929 4614 7930 4613 7930 4596 7930 4621 7931 4613 7931 4614 7931 4622 7932 4621 7932 4614 7932 4629 7933 4621 7933 4622 7933 4630 7934 4629 7934 4622 7934 4637 7935 4629 7935 4630 7935 4638 7936 4637 7936 4630 7936 4655 7937 4637 7937 4638 7937 4656 7938 4655 7938 4638 7938 4663 7939 4655 7939 4656 7939 4664 7940 4663 7940 4656 7940 4671 7941 4663 7941 4664 7941 4672 7942 4671 7942 4664 7942 4679 7943 4671 7943 4672 7943 4680 7944 4679 7944 4672 7944 1345 7945 1178 7945 1162 7945 860 7946 1154 7946 1138 7946 1130 7947 860 7947 1138 7947 1114 7948 860 7948 1130 7948 1162 7949 1183 7949 1207 7949 1162 7950 870 7950 878 7950 908 7951 1162 7951 878 7951 952 7952 1162 7952 908 7952 1218 7953 1345 7953 1226 7953 860 7954 1114 7954 1098 7954 1090 7955 860 7955 1098 7955 1074 7956 860 7956 1090 7956 1162 7957 952 7957 982 7957 1010 7958 1162 7958 982 7958 1042 7959 1162 7959 1010 7959 1162 7960 1207 7960 1231 7960 1263 7961 1162 7961 1231 7961 1295 7962 1162 7962 1263 7962 1335 7963 1347 7963 1345 7963 1162 7964 1335 7964 1345 7964 1327 7965 1335 7965 1162 7965 1295 7966 1327 7966 1162 7966 1242 7967 1226 7967 1345 7967 1367 7968 1242 7968 1345 7968 1250 7969 1242 7969 1367 7969 1381 7970 1250 7970 1367 7970 1258 7971 1250 7971 1381 7971 1393 7972 1258 7972 1381 7972 1274 7973 1258 7973 1393 7973 1345 7974 1218 7974 1202 7974 1194 7975 1345 7975 1202 7975 1178 7976 1345 7976 1194 7976 860 7977 1074 7977 1051 7977 1031 7978 860 7978 1051 7978 1019 7979 860 7979 1031 7979 860 7980 1019 7980 999 7980 989 7981 860 7981 999 7981 850 7982 860 7982 989 7982 971 7983 850 7983 989 7983 842 7984 850 7984 971 7984 1162 7985 1154 7985 860 7985 862 7986 1162 7986 860 7986 870 7987 1162 7987 862 7987 1162 7988 1042 7988 1083 7988 1107 7989 1162 7989 1083 7989 1123 7990 1162 7990 1107 7990 1162 7991 1123 7991 1143 7991 1167 7992 1162 7992 1143 7992 1183 7993 1162 7993 1167 7993 834 7994 842 7994 971 7994 961 7995 834 7995 971 7995 826 7996 834 7996 961 7996 943 7997 826 7997 961 7997 818 7998 826 7998 943 7998 933 7999 818 7999 943 7999 810 8000 818 8000 933 8000 925 8001 810 8001 933 8001 802 8002 810 8002 925 8002 915 8003 802 8003 925 8003 794 8004 802 8004 915 8004 899 8005 794 8005 915 8005 798 8006 794 8006 899 8006 891 8007 798 8007 899 8007 806 8008 798 8008 891 8008 883 8009 806 8009 891 8009 814 8010 806 8010 883 8010 889 8011 814 8011 883 8011 822 8012 814 8012 889 8012 897 8013 822 8013 889 8013 830 8014 822 8014 897 8014 913 8015 830 8015 897 8015 838 8016 830 8016 913 8016 923 8017 838 8017 913 8017 846 8018 838 8018 923 8018 931 8019 846 8019 923 8019 854 8020 846 8020 931 8020 941 8021 854 8021 931 8021 866 8022 854 8022 941 8022 959 8023 866 8023 941 8023 874 8024 866 8024 959 8024 969 8025 874 8025 959 8025 904 8026 874 8026 969 8026 987 8027 904 8027 969 8027 948 8028 904 8028 987 8028 1211 8029 1187 8029 1176 8029 1192 8030 1211 8030 1176 8030 1235 8031 1211 8031 1192 8031 1200 8032 1235 8032 1192 8032 1267 8033 1235 8033 1200 8033 1216 8034 1267 8034 1200 8034 1307 8035 1267 8035 1216 8035 1224 8036 1307 8036 1216 8036 1331 8037 1307 8037 1224 8037 1240 8038 1331 8038 1224 8038 1339 8039 1331 8039 1240 8039 1248 8040 1339 8040 1240 8040 1351 8041 1339 8041 1248 8041 948 8042 987 8042 997 8042 1017 8043 948 8043 997 8043 976 8044 948 8044 1017 8044 1029 8045 976 8045 1017 8045 1006 8046 976 8046 1029 8046 1049 8047 1006 8047 1029 8047 1038 8048 1006 8048 1049 8048 1072 8049 1038 8049 1049 8049 1079 8050 1038 8050 1072 8050 1088 8051 1079 8051 1072 8051 1103 8052 1079 8052 1088 8052 1103 8053 1088 8053 1096 8053 1112 8054 1103 8054 1096 8054 1121 8055 1103 8055 1112 8055 1128 8056 1121 8056 1112 8056 1147 8057 1121 8057 1128 8057 1136 8058 1147 8058 1128 8058 1171 8059 1147 8059 1136 8059 1152 8060 1171 8060 1136 8060 1187 8061 1171 8061 1152 8061 1160 8062 1187 8062 1152 8062 1176 8063 1187 8063 1160 8063 1274 8064 1393 8064 1403 8064 1413 8065 1274 8065 1403 8065 1282 8066 1274 8066 1413 8066 1423 8067 1282 8067 1413 8067 1290 8068 1282 8068 1423 8068 1431 8069 1290 8069 1423 8069 1302 8070 1290 8070 1431 8070 1439 8071 1302 8071 1431 8071 1314 8072 1302 8072 1439 8072 1435 8073 1314 8073 1439 8073 1322 8074 1314 8074 1435 8074 1427 8075 1322 8075 1435 8075 1320 8076 1322 8076 1427 8076 1417 8077 1320 8077 1427 8077 1312 8078 1320 8078 1417 8078 1407 8079 1312 8079 1417 8079 1300 8080 1312 8080 1407 8080 1397 8081 1300 8081 1407 8081 1288 8082 1300 8082 1397 8082 1385 8083 1288 8083 1397 8083 1280 8084 1288 8084 1385 8084 1371 8085 1280 8085 1385 8085 1272 8086 1280 8086 1371 8086 1351 8087 1272 8087 1371 8087 1256 8088 1272 8088 1351 8088 1248 8089 1256 8089 1351 8089 1367 8090 1345 8090 1344 8090 1366 8091 1367 8091 1344 8091 1381 8092 1367 8092 1366 8092 1380 8093 1381 8093 1366 8093 1393 8094 1381 8094 1380 8094 1392 8095 1393 8095 1380 8095 1403 8096 1393 8096 1392 8096 1402 8097 1403 8097 1392 8097 1413 8098 1403 8098 1402 8098 1412 8099 1413 8099 1402 8099 1423 8100 1413 8100 1412 8100 1422 8101 1423 8101 1412 8101 1431 8102 1423 8102 1422 8102 1430 8103 1431 8103 1422 8103 1439 8104 1431 8104 1430 8104 1438 8105 1439 8105 1430 8105 1435 8106 1439 8106 1438 8106 1434 8107 1435 8107 1438 8107 1427 8108 1435 8108 1434 8108 1426 8109 1427 8109 1434 8109 1417 8110 1427 8110 1426 8110 1416 8111 1417 8111 1426 8111 1407 8112 1417 8112 1416 8112 1406 8113 1407 8113 1416 8113 1397 8114 1407 8114 1406 8114 1396 8115 1397 8115 1406 8115 1385 8116 1397 8116 1396 8116 1384 8117 1385 8117 1396 8117 1371 8118 1385 8118 1384 8118 1370 8119 1371 8119 1384 8119 1351 8120 1371 8120 1370 8120 1350 8121 1351 8121 1370 8121 1339 8122 1351 8122 1350 8122 1338 8123 1339 8123 1350 8123 1331 8124 1339 8124 1338 8124 1330 8125 1331 8125 1338 8125 1307 8126 1331 8126 1330 8126 1306 8127 1307 8127 1330 8127 1267 8128 1307 8128 1306 8128 1266 8129 1267 8129 1306 8129 1235 8130 1267 8130 1266 8130 1234 8131 1235 8131 1266 8131 1211 8132 1235 8132 1234 8132 1210 8133 1211 8133 1234 8133 1187 8134 1211 8134 1210 8134 1186 8135 1187 8135 1210 8135 1171 8136 1187 8136 1186 8136 1170 8137 1171 8137 1186 8137 1147 8138 1171 8138 1170 8138 1146 8139 1147 8139 1170 8139 1121 8140 1147 8140 1146 8140 1120 8141 1121 8141 1146 8141 1103 8142 1121 8142 1120 8142 1102 8143 1103 8143 1120 8143 1079 8144 1103 8144 1102 8144 1078 8145 1079 8145 1102 8145 1038 8146 1079 8146 1078 8146 1037 8147 1038 8147 1078 8147 1006 8148 1038 8148 1037 8148 1005 8149 1006 8149 1037 8149 976 8150 1006 8150 1005 8150 975 8151 976 8151 1005 8151 948 8152 976 8152 975 8152 947 8153 948 8153 975 8153 904 8154 948 8154 947 8154 903 8155 904 8155 947 8155 874 8156 904 8156 903 8156 873 8157 874 8157 903 8157 866 8158 874 8158 873 8158 865 8159 866 8159 873 8159 854 8160 866 8160 865 8160 853 8161 854 8161 865 8161 846 8162 854 8162 853 8162 845 8163 846 8163 853 8163 838 8164 846 8164 845 8164 837 8165 838 8165 845 8165 830 8166 838 8166 837 8166 829 8167 830 8167 837 8167 822 8168 830 8168 829 8168 821 8169 822 8169 829 8169 814 8170 822 8170 821 8170 813 8171 814 8171 821 8171 806 8172 814 8172 813 8172 805 8173 806 8173 813 8173 798 8174 806 8174 805 8174 797 8175 798 8175 805 8175 794 8176 798 8176 797 8176 793 8177 794 8177 797 8177 802 8178 794 8178 793 8178 801 8179 802 8179 793 8179 810 8180 802 8180 801 8180 809 8181 810 8181 801 8181 818 8182 810 8182 809 8182 817 8183 818 8183 809 8183 826 8184 818 8184 817 8184 825 8185 826 8185 817 8185 834 8186 826 8186 825 8186 833 8187 834 8187 825 8187 842 8188 834 8188 833 8188 841 8189 842 8189 833 8189 850 8190 842 8190 841 8190 849 8191 850 8191 841 8191 860 8192 850 8192 849 8192 859 8193 860 8193 849 8193 1344 8194 1345 8194 1347 8194 1346 8195 1344 8195 1347 8195 870 8196 862 8196 861 8196 869 8197 870 8197 861 8197 878 8198 870 8198 869 8198 877 8199 878 8199 869 8199 908 8200 878 8200 877 8200 907 8201 908 8201 877 8201 952 8202 908 8202 907 8202 951 8203 952 8203 907 8203 982 8204 952 8204 951 8204 981 8205 982 8205 951 8205 1010 8206 982 8206 981 8206 1009 8207 1010 8207 981 8207 1042 8208 1010 8208 1009 8208 1041 8209 1042 8209 1009 8209 1083 8210 1042 8210 1041 8210 1082 8211 1083 8211 1041 8211 1107 8212 1083 8212 1082 8212 1106 8213 1107 8213 1082 8213 1123 8214 1107 8214 1106 8214 1122 8215 1123 8215 1106 8215 1143 8216 1123 8216 1122 8216 1142 8217 1143 8217 1122 8217 1167 8218 1143 8218 1142 8218 1166 8219 1167 8219 1142 8219 1183 8220 1167 8220 1166 8220 1182 8221 1183 8221 1166 8221 1207 8222 1183 8222 1182 8222 1206 8223 1207 8223 1182 8223 1231 8224 1207 8224 1206 8224 1230 8225 1231 8225 1206 8225 1263 8226 1231 8226 1230 8226 1262 8227 1263 8227 1230 8227 1295 8228 1263 8228 1262 8228 1294 8229 1295 8229 1262 8229 1327 8230 1295 8230 1294 8230 1326 8231 1327 8231 1294 8231 1335 8232 1327 8232 1326 8232 1334 8233 1335 8233 1326 8233 1347 8234 1335 8234 1334 8234 1346 8235 1347 8235 1334 8235 861 8236 862 8236 860 8236 859 8237 861 8237 860 8237 1536 8238 1725 8238 1707 8238 2020 8239 1893 8239 1877 8239 1741 8240 1725 8240 1536 8240 1536 8241 1707 8241 1685 8241 1673 8242 1536 8242 1685 8242 1522 8243 1536 8243 1673 8243 1655 8244 1522 8244 1673 8244 1514 8245 1522 8245 1655 8245 1837 8246 1538 8246 1548 8246 1666 8247 1837 8247 1636 8247 1970 8248 1837 8248 1938 8248 2010 8249 2022 8249 2020 8249 1837 8250 2010 8250 2020 8250 2002 8251 2010 8251 1837 8251 1970 8252 2002 8252 1837 8252 1901 8253 1893 8253 2020 8253 1536 8254 1538 8254 1837 8254 1829 8255 1536 8255 1837 8255 1813 8256 1536 8256 1829 8256 1837 8257 1548 8257 1558 8257 1590 8258 1837 8258 1558 8258 1636 8259 1837 8259 1590 8259 1842 8260 1858 8260 1837 8260 1818 8261 1842 8261 1837 8261 1837 8262 1858 8262 1882 8262 1906 8263 1837 8263 1882 8263 1938 8264 1837 8264 1906 8264 2020 8265 1877 8265 1869 8265 1853 8266 2020 8266 1869 8266 1837 8267 2020 8267 1853 8267 1536 8268 1813 8268 1805 8268 1789 8269 1536 8269 1805 8269 1773 8270 1536 8270 1789 8270 1837 8271 1666 8271 1698 8271 1734 8272 1837 8272 1698 8272 1758 8273 1837 8273 1734 8273 1837 8274 1758 8274 1782 8274 1798 8275 1837 8275 1782 8275 1818 8276 1837 8276 1798 8276 1536 8277 1773 8277 1765 8277 1749 8278 1536 8278 1765 8278 1741 8279 1536 8279 1749 8279 1917 8280 1901 8280 2020 8280 2030 8281 1917 8281 2020 8281 1925 8282 1917 8282 2030 8282 2038 8283 1925 8283 2030 8283 1933 8284 1925 8284 2038 8284 2046 8285 1933 8285 2038 8285 1949 8286 1933 8286 2046 8286 1506 8287 1514 8287 1655 8287 1645 8288 1506 8288 1655 8288 1498 8289 1506 8289 1645 8289 1627 8290 1498 8290 1645 8290 1490 8291 1498 8291 1627 8291 1617 8292 1490 8292 1627 8292 1482 8293 1490 8293 1617 8293 1607 8294 1482 8294 1617 8294 1474 8295 1482 8295 1607 8295 1599 8296 1474 8296 1607 8296 1466 8297 1474 8297 1599 8297 1581 8298 1466 8298 1599 8298 1470 8299 1466 8299 1581 8299 1573 8300 1470 8300 1581 8300 1478 8301 1470 8301 1573 8301 1565 8302 1478 8302 1573 8302 1486 8303 1478 8303 1565 8303 1571 8304 1486 8304 1565 8304 1494 8305 1486 8305 1571 8305 1579 8306 1494 8306 1571 8306 1502 8307 1494 8307 1579 8307 1597 8308 1502 8308 1579 8308 1510 8309 1502 8309 1597 8309 1605 8310 1510 8310 1597 8310 1518 8311 1510 8311 1605 8311 1615 8312 1518 8312 1605 8312 1530 8313 1518 8313 1615 8313 1625 8314 1530 8314 1615 8314 1542 8315 1530 8315 1625 8315 1643 8316 1542 8316 1625 8316 1554 8317 1542 8317 1643 8317 1653 8318 1554 8318 1643 8318 1586 8319 1554 8319 1653 8319 1671 8320 1586 8320 1653 8320 1632 8321 1586 8321 1671 8321 1949 8322 2046 8322 2054 8322 2062 8323 1949 8323 2054 8323 1957 8324 1949 8324 2062 8324 2070 8325 1957 8325 2062 8325 1965 8326 1957 8326 2070 8326 2078 8327 1965 8327 2070 8327 1977 8328 1965 8328 2078 8328 2086 8329 1977 8329 2078 8329 1989 8330 1977 8330 2086 8330 2082 8331 1989 8331 2086 8331 1997 8332 1989 8332 2082 8332 2074 8333 1997 8333 2082 8333 1995 8334 1997 8334 2074 8334 2066 8335 1995 8335 2074 8335 1987 8336 1995 8336 2066 8336 2058 8337 1987 8337 2066 8337 1975 8338 1987 8338 2058 8338 2050 8339 1975 8339 2058 8339 1963 8340 1975 8340 2050 8340 2042 8341 1963 8341 2050 8341 1955 8342 1963 8342 2042 8342 2034 8343 1955 8343 2042 8343 1947 8344 1955 8344 2034 8344 2026 8345 1947 8345 2034 8345 1632 8346 1671 8346 1683 8346 1705 8347 1632 8347 1683 8347 1662 8348 1632 8348 1705 8348 1723 8349 1662 8349 1705 8349 1694 8350 1662 8350 1723 8350 1739 8351 1694 8351 1723 8351 1730 8352 1694 8352 1739 8352 1747 8353 1730 8353 1739 8353 1754 8354 1730 8354 1747 8354 1763 8355 1754 8355 1747 8355 1778 8356 1754 8356 1763 8356 1778 8357 1763 8357 1771 8357 1787 8358 1778 8358 1771 8358 1796 8359 1778 8359 1787 8359 1803 8360 1796 8360 1787 8360 1822 8361 1796 8361 1803 8361 1811 8362 1822 8362 1803 8362 1846 8363 1822 8363 1811 8363 1827 8364 1846 8364 1811 8364 1862 8365 1846 8365 1827 8365 1862 8366 1827 8366 1835 8366 1851 8367 1862 8367 1835 8367 1886 8368 1862 8368 1851 8368 1867 8369 1886 8369 1851 8369 1910 8370 1886 8370 1867 8370 1875 8371 1910 8371 1867 8371 1942 8372 1910 8372 1875 8372 1891 8373 1942 8373 1875 8373 1982 8374 1942 8374 1891 8374 1899 8375 1982 8375 1891 8375 2006 8376 1982 8376 1899 8376 1915 8377 2006 8377 1899 8377 2014 8378 2006 8378 1915 8378 1923 8379 2014 8379 1915 8379 2026 8380 2014 8380 1923 8380 1931 8381 2026 8381 1923 8381 1947 8382 2026 8382 1931 8382 2030 8383 2020 8383 2019 8383 2029 8384 2030 8384 2019 8384 2038 8385 2030 8385 2029 8385 2037 8386 2038 8386 2029 8386 2046 8387 2038 8387 2037 8387 2045 8388 2046 8388 2037 8388 2054 8389 2046 8389 2045 8389 2053 8390 2054 8390 2045 8390 2062 8391 2054 8391 2053 8391 2061 8392 2062 8392 2053 8392 2070 8393 2062 8393 2061 8393 2069 8394 2070 8394 2061 8394 2078 8395 2070 8395 2069 8395 2077 8396 2078 8396 2069 8396 2086 8397 2078 8397 2077 8397 2085 8398 2086 8398 2077 8398 2082 8399 2086 8399 2085 8399 2081 8400 2082 8400 2085 8400 2074 8401 2082 8401 2081 8401 2073 8402 2074 8402 2081 8402 2066 8403 2074 8403 2073 8403 2065 8404 2066 8404 2073 8404 2058 8405 2066 8405 2065 8405 2057 8406 2058 8406 2065 8406 2050 8407 2058 8407 2057 8407 2049 8408 2050 8408 2057 8408 2042 8409 2050 8409 2049 8409 2041 8410 2042 8410 2049 8410 2034 8411 2042 8411 2041 8411 2033 8412 2034 8412 2041 8412 2026 8413 2034 8413 2033 8413 2025 8414 2026 8414 2033 8414 2014 8415 2026 8415 2025 8415 2013 8416 2014 8416 2025 8416 2006 8417 2014 8417 2013 8417 2005 8418 2006 8418 2013 8418 1982 8419 2006 8419 2005 8419 1981 8420 1982 8420 2005 8420 1942 8421 1982 8421 1981 8421 1941 8422 1942 8422 1981 8422 1910 8423 1942 8423 1941 8423 1909 8424 1910 8424 1941 8424 1886 8425 1910 8425 1909 8425 1885 8426 1886 8426 1909 8426 1862 8427 1886 8427 1885 8427 1861 8428 1862 8428 1885 8428 1846 8429 1862 8429 1861 8429 1845 8430 1846 8430 1861 8430 1822 8431 1846 8431 1845 8431 1821 8432 1822 8432 1845 8432 1796 8433 1822 8433 1821 8433 1795 8434 1796 8434 1821 8434 1778 8435 1796 8435 1795 8435 1777 8436 1778 8436 1795 8436 1754 8437 1778 8437 1777 8437 1753 8438 1754 8438 1777 8438 1730 8439 1754 8439 1753 8439 1729 8440 1730 8440 1753 8440 1694 8441 1730 8441 1729 8441 1693 8442 1694 8442 1729 8442 1662 8443 1694 8443 1693 8443 1661 8444 1662 8444 1693 8444 1632 8445 1662 8445 1661 8445 1631 8446 1632 8446 1661 8446 1586 8447 1632 8447 1631 8447 1585 8448 1586 8448 1631 8448 1554 8449 1586 8449 1585 8449 1553 8450 1554 8450 1585 8450 1542 8451 1554 8451 1553 8451 1541 8452 1542 8452 1553 8452 1530 8453 1542 8453 1541 8453 1529 8454 1530 8454 1541 8454 1518 8455 1530 8455 1529 8455 1517 8456 1518 8456 1529 8456 1510 8457 1518 8457 1517 8457 1509 8458 1510 8458 1517 8458 1502 8459 1510 8459 1509 8459 1501 8460 1502 8460 1509 8460 1494 8461 1502 8461 1501 8461 1493 8462 1494 8462 1501 8462 1486 8463 1494 8463 1493 8463 1485 8464 1486 8464 1493 8464 1478 8465 1486 8465 1485 8465 1477 8466 1478 8466 1485 8466 1470 8467 1478 8467 1477 8467 1469 8468 1470 8468 1477 8468 1466 8469 1470 8469 1469 8469 1465 8470 1466 8470 1469 8470 1474 8471 1466 8471 1465 8471 1473 8472 1474 8472 1465 8472 1482 8473 1474 8473 1473 8473 1481 8474 1482 8474 1473 8474 1490 8475 1482 8475 1481 8475 1489 8476 1490 8476 1481 8476 1498 8477 1490 8477 1489 8477 1497 8478 1498 8478 1489 8478 1506 8479 1498 8479 1497 8479 1505 8480 1506 8480 1497 8480 1514 8481 1506 8481 1505 8481 1513 8482 1514 8482 1505 8482 1522 8483 1514 8483 1513 8483 1521 8484 1522 8484 1513 8484 1536 8485 1522 8485 1521 8485 1535 8486 1536 8486 1521 8486 2020 8487 2022 8487 2021 8487 2019 8488 2020 8488 2021 8488 1548 8489 1538 8489 1537 8489 1547 8490 1548 8490 1537 8490 1558 8491 1548 8491 1547 8491 1557 8492 1558 8492 1547 8492 1590 8493 1558 8493 1557 8493 1589 8494 1590 8494 1557 8494 1636 8495 1590 8495 1589 8495 1635 8496 1636 8496 1589 8496 1666 8497 1636 8497 1635 8497 1665 8498 1666 8498 1635 8498 1698 8499 1666 8499 1665 8499 1697 8500 1698 8500 1665 8500 1734 8501 1698 8501 1697 8501 1733 8502 1734 8502 1697 8502 1758 8503 1734 8503 1733 8503 1757 8504 1758 8504 1733 8504 1782 8505 1758 8505 1757 8505 1781 8506 1782 8506 1757 8506 1798 8507 1782 8507 1781 8507 1797 8508 1798 8508 1781 8508 1818 8509 1798 8509 1797 8509 1817 8510 1818 8510 1797 8510 1842 8511 1818 8511 1817 8511 1841 8512 1842 8512 1817 8512 1858 8513 1842 8513 1841 8513 1857 8514 1858 8514 1841 8514 1882 8515 1858 8515 1857 8515 1881 8516 1882 8516 1857 8516 1906 8517 1882 8517 1881 8517 1905 8518 1906 8518 1881 8518 1938 8519 1906 8519 1905 8519 1937 8520 1938 8520 1905 8520 1970 8521 1938 8521 1937 8521 1969 8522 1970 8522 1937 8522 2002 8523 1970 8523 1969 8523 2001 8524 2002 8524 1969 8524 2010 8525 2002 8525 2001 8525 2009 8526 2010 8526 2001 8526 2022 8527 2010 8527 2009 8527 2021 8528 2022 8528 2009 8528 1538 8529 1536 8529 1535 8529 1537 8530 1538 8530 1535 8530 2437 8531 2421 8531 2163 8531 2445 8532 2437 8532 2163 8532 2469 8533 2430 8533 2450 8533 2163 8534 2165 8534 2469 8534 2461 8535 2163 8535 2469 8535 2445 8536 2163 8536 2461 8536 2414 8537 2430 8537 2469 8537 2469 8538 2450 8538 2474 8538 2490 8539 2469 8539 2474 8539 2514 8540 2469 8540 2490 8540 2469 8541 2514 8541 2538 8541 2575 8542 2469 8542 2538 8542 2609 8543 2469 8543 2575 8543 2671 8544 2533 8544 2525 8544 2509 8545 2671 8545 2525 8545 2163 8546 2421 8546 2405 8546 2392 8547 2163 8547 2405 8547 2376 8548 2163 8548 2392 8548 2163 8549 2376 8549 2366 8549 2348 8550 2163 8550 2366 8550 2338 8551 2163 8551 2348 8551 2469 8552 2165 8552 2173 8552 2181 8553 2469 8553 2173 8553 2225 8554 2469 8554 2181 8554 2469 8555 2225 8555 2271 8555 2301 8556 2469 8556 2271 8556 2329 8557 2469 8557 2301 8557 2657 8558 2673 8558 2671 8558 2469 8559 2657 8559 2671 8559 2645 8560 2657 8560 2469 8560 2609 8561 2645 8561 2469 8561 2671 8562 2509 8562 2501 8562 2485 8563 2671 8563 2501 8563 2469 8564 2671 8564 2485 8564 2469 8565 2329 8565 2359 8565 2385 8566 2469 8566 2359 8566 2414 8567 2469 8567 2385 8567 2163 8568 2338 8568 2320 8568 2308 8569 2163 8569 2320 8569 2153 8570 2163 8570 2308 8570 2290 8571 2153 8571 2308 8571 2145 8572 2153 8572 2290 8572 2549 8573 2533 8573 2671 8573 2685 8574 2549 8574 2671 8574 2562 8575 2549 8575 2685 8575 2697 8576 2562 8576 2685 8576 2570 8577 2562 8577 2697 8577 2711 8578 2570 8578 2697 8578 2586 8579 2570 8579 2711 8579 2297 8580 2267 8580 2336 8580 2346 8581 2297 8581 2336 8581 2325 8582 2297 8582 2346 8582 2364 8583 2325 8583 2346 8583 2355 8584 2325 8584 2364 8584 2374 8585 2355 8585 2364 8585 2381 8586 2355 8586 2374 8586 2390 8587 2381 8587 2374 8587 2410 8588 2381 8588 2390 8588 2410 8589 2390 8589 2403 8589 2419 8590 2410 8590 2403 8590 2428 8591 2410 8591 2419 8591 2435 8592 2428 8592 2419 8592 2454 8593 2428 8593 2435 8593 2443 8594 2454 8594 2435 8594 2478 8595 2454 8595 2443 8595 2459 8596 2478 8596 2443 8596 2494 8597 2478 8597 2459 8597 2494 8598 2459 8598 2467 8598 2483 8599 2494 8599 2467 8599 2518 8600 2494 8600 2483 8600 2499 8601 2518 8601 2483 8601 2542 8602 2518 8602 2499 8602 2507 8603 2542 8603 2499 8603 2579 8604 2542 8604 2507 8604 2523 8605 2579 8605 2507 8605 2621 8606 2579 8606 2523 8606 2531 8607 2621 8607 2523 8607 2649 8608 2621 8608 2531 8608 2547 8609 2649 8609 2531 8609 2661 8610 2649 8610 2547 8610 2560 8611 2661 8611 2547 8611 2677 8612 2661 8612 2560 8612 2677 8613 2560 8613 2568 8613 2584 8614 2677 8614 2568 8614 2689 8615 2677 8615 2584 8615 2592 8616 2689 8616 2584 8616 2701 8617 2689 8617 2592 8617 2602 8618 2701 8618 2592 8618 2715 8619 2701 8619 2602 8619 2614 8620 2715 8620 2602 8620 2735 8621 2715 8621 2614 8621 2628 8622 2735 8622 2614 8622 2743 8623 2735 8623 2628 8623 2636 8624 2743 8624 2628 8624 2751 8625 2743 8625 2636 8625 2638 8626 2751 8626 2636 8626 2759 8627 2751 8627 2638 8627 2630 8628 2759 8628 2638 8628 2763 8629 2759 8629 2630 8629 2616 8630 2763 8630 2630 8630 2755 8631 2763 8631 2616 8631 2604 8632 2755 8632 2616 8632 2747 8633 2755 8633 2604 8633 2594 8634 2747 8634 2604 8634 2739 8635 2747 8635 2594 8635 2586 8636 2739 8636 2594 8636 2731 8637 2739 8637 2586 8637 2711 8638 2731 8638 2586 8638 2137 8639 2145 8639 2290 8639 2280 8640 2137 8640 2290 8640 2129 8641 2137 8641 2280 8641 2262 8642 2129 8642 2280 8642 2121 8643 2129 8643 2262 8643 2252 8644 2121 8644 2262 8644 2113 8645 2121 8645 2252 8645 2242 8646 2113 8646 2252 8646 2105 8647 2113 8647 2242 8647 2232 8648 2105 8648 2242 8648 2097 8649 2105 8649 2232 8649 2214 8650 2097 8650 2232 8650 2101 8651 2097 8651 2214 8651 2206 8652 2101 8652 2214 8652 2109 8653 2101 8653 2206 8653 2198 8654 2109 8654 2206 8654 2117 8655 2109 8655 2198 8655 2204 8656 2117 8656 2198 8656 2125 8657 2117 8657 2204 8657 2212 8658 2125 8658 2204 8658 2133 8659 2125 8659 2212 8659 2230 8660 2133 8660 2212 8660 2141 8661 2133 8661 2230 8661 2240 8662 2141 8662 2230 8662 2149 8663 2141 8663 2240 8663 2250 8664 2149 8664 2240 8664 2157 8665 2149 8665 2250 8665 2260 8666 2157 8666 2250 8666 2169 8667 2157 8667 2260 8667 2278 8668 2169 8668 2260 8668 2177 8669 2169 8669 2278 8669 2288 8670 2177 8670 2278 8670 2221 8671 2177 8671 2288 8671 2306 8672 2221 8672 2288 8672 2267 8673 2221 8673 2306 8673 2318 8674 2267 8674 2306 8674 2336 8675 2267 8675 2318 8675 2685 8676 2671 8676 2670 8676 2684 8677 2685 8677 2670 8677 2697 8678 2685 8678 2684 8678 2696 8679 2697 8679 2684 8679 2711 8680 2697 8680 2696 8680 2710 8681 2711 8681 2696 8681 2731 8682 2711 8682 2710 8682 2730 8683 2731 8683 2710 8683 2739 8684 2731 8684 2730 8684 2738 8685 2739 8685 2730 8685 2747 8686 2739 8686 2738 8686 2746 8687 2747 8687 2738 8687 2755 8688 2747 8688 2746 8688 2754 8689 2755 8689 2746 8689 2763 8690 2755 8690 2754 8690 2762 8691 2763 8691 2754 8691 2759 8692 2763 8692 2762 8692 2758 8693 2759 8693 2762 8693 2751 8694 2759 8694 2758 8694 2750 8695 2751 8695 2758 8695 2743 8696 2751 8696 2750 8696 2742 8697 2743 8697 2750 8697 2735 8698 2743 8698 2742 8698 2734 8699 2735 8699 2742 8699 2715 8700 2735 8700 2734 8700 2714 8701 2715 8701 2734 8701 2701 8702 2715 8702 2714 8702 2700 8703 2701 8703 2714 8703 2689 8704 2701 8704 2700 8704 2688 8705 2689 8705 2700 8705 2677 8706 2689 8706 2688 8706 2676 8707 2677 8707 2688 8707 2661 8708 2677 8708 2676 8708 2660 8709 2661 8709 2676 8709 2649 8710 2661 8710 2660 8710 2648 8711 2649 8711 2660 8711 2621 8712 2649 8712 2648 8712 2620 8713 2621 8713 2648 8713 2579 8714 2621 8714 2620 8714 2578 8715 2579 8715 2620 8715 2542 8716 2579 8716 2578 8716 2541 8717 2542 8717 2578 8717 2518 8718 2542 8718 2541 8718 2517 8719 2518 8719 2541 8719 2494 8720 2518 8720 2517 8720 2493 8721 2494 8721 2517 8721 2478 8722 2494 8722 2493 8722 2477 8723 2478 8723 2493 8723 2454 8724 2478 8724 2477 8724 2453 8725 2454 8725 2477 8725 2428 8726 2454 8726 2453 8726 2427 8727 2428 8727 2453 8727 2410 8728 2428 8728 2427 8728 2409 8729 2410 8729 2427 8729 2381 8730 2410 8730 2409 8730 2380 8731 2381 8731 2409 8731 2355 8732 2381 8732 2380 8732 2354 8733 2355 8733 2380 8733 2325 8734 2355 8734 2354 8734 2324 8735 2325 8735 2354 8735 2297 8736 2325 8736 2324 8736 2296 8737 2297 8737 2324 8737 2267 8738 2297 8738 2296 8738 2266 8739 2267 8739 2296 8739 2221 8740 2267 8740 2266 8740 2220 8741 2221 8741 2266 8741 2177 8742 2221 8742 2220 8742 2176 8743 2177 8743 2220 8743 2169 8744 2177 8744 2176 8744 2168 8745 2169 8745 2176 8745 2157 8746 2169 8746 2168 8746 2156 8747 2157 8747 2168 8747 2149 8748 2157 8748 2156 8748 2148 8749 2149 8749 2156 8749 2141 8750 2149 8750 2148 8750 2140 8751 2141 8751 2148 8751 2133 8752 2141 8752 2140 8752 2132 8753 2133 8753 2140 8753 2125 8754 2133 8754 2132 8754 2124 8755 2125 8755 2132 8755 2117 8756 2125 8756 2124 8756 2116 8757 2117 8757 2124 8757 2109 8758 2117 8758 2116 8758 2108 8759 2109 8759 2116 8759 2101 8760 2109 8760 2108 8760 2100 8761 2101 8761 2108 8761 2097 8762 2101 8762 2100 8762 2096 8763 2097 8763 2100 8763 2105 8764 2097 8764 2096 8764 2104 8765 2105 8765 2096 8765 2113 8766 2105 8766 2104 8766 2112 8767 2113 8767 2104 8767 2121 8768 2113 8768 2112 8768 2120 8769 2121 8769 2112 8769 2129 8770 2121 8770 2120 8770 2128 8771 2129 8771 2120 8771 2137 8772 2129 8772 2128 8772 2136 8773 2137 8773 2128 8773 2145 8774 2137 8774 2136 8774 2144 8775 2145 8775 2136 8775 2153 8776 2145 8776 2144 8776 2152 8777 2153 8777 2144 8777 2163 8778 2153 8778 2152 8778 2162 8779 2163 8779 2152 8779 2671 8780 2673 8780 2672 8780 2670 8781 2671 8781 2672 8781 2173 8782 2165 8782 2164 8782 2172 8783 2173 8783 2164 8783 2181 8784 2173 8784 2172 8784 2180 8785 2181 8785 2172 8785 2225 8786 2181 8786 2180 8786 2224 8787 2225 8787 2180 8787 2271 8788 2225 8788 2224 8788 2270 8789 2271 8789 2224 8789 2301 8790 2271 8790 2270 8790 2300 8791 2301 8791 2270 8791 2329 8792 2301 8792 2300 8792 2328 8793 2329 8793 2300 8793 2359 8794 2329 8794 2328 8794 2358 8795 2359 8795 2328 8795 2385 8796 2359 8796 2358 8796 2384 8797 2385 8797 2358 8797 2414 8798 2385 8798 2384 8798 2413 8799 2414 8799 2384 8799 2430 8800 2414 8800 2413 8800 2429 8801 2430 8801 2413 8801 2450 8802 2430 8802 2429 8802 2449 8803 2450 8803 2429 8803 2474 8804 2450 8804 2449 8804 2473 8805 2474 8805 2449 8805 2490 8806 2474 8806 2473 8806 2489 8807 2490 8807 2473 8807 2514 8808 2490 8808 2489 8808 2513 8809 2514 8809 2489 8809 2538 8810 2514 8810 2513 8810 2537 8811 2538 8811 2513 8811 2575 8812 2538 8812 2537 8812 2574 8813 2575 8813 2537 8813 2609 8814 2575 8814 2574 8814 2608 8815 2609 8815 2574 8815 2645 8816 2609 8816 2608 8816 2644 8817 2645 8817 2608 8817 2657 8818 2645 8818 2644 8818 2656 8819 2657 8819 2644 8819 2673 8820 2657 8820 2656 8820 2672 8821 2673 8821 2656 8821 2165 8822 2163 8822 2162 8822 2164 8823 2165 8823 2162 8823 2840 8824 3093 8824 3077 8824 2840 8825 3005 8825 2989 8825 2981 8826 2840 8826 2989 8826 3101 8827 3082 8827 3106 8827 2840 8828 3077 8828 3069 8828 3053 8829 2840 8829 3069 8829 3037 8830 2840 8830 3053 8830 2840 8831 3037 8831 3029 8831 3013 8832 2840 8832 3029 8832 3005 8833 2840 8833 3013 8833 3101 8834 2850 8834 2858 8834 2886 8835 3101 8835 2858 8835 2926 8836 3101 8836 2886 8836 3202 8837 3240 8837 3101 8837 3170 8838 3202 8838 3101 8838 3296 8839 3312 8839 3310 8839 3101 8840 3296 8840 3310 8840 3284 8841 3296 8841 3101 8841 3240 8842 3284 8842 3101 8842 3310 8843 3157 8843 3141 8843 2840 8844 2981 8844 2965 8844 2957 8845 2840 8845 2965 8845 2830 8846 2840 8846 2957 8846 2941 8847 2830 8847 2957 8847 2822 8848 2830 8848 2941 8848 3022 8849 3101 8849 2998 8849 3101 8850 3106 8850 3122 8850 3146 8851 3101 8851 3122 8851 3170 8852 3101 8852 3146 8852 3101 8853 3093 8853 2840 8853 2842 8854 3101 8854 2840 8854 2850 8855 3101 8855 2842 8855 3101 8856 2926 8856 2950 8856 2974 8857 3101 8857 2950 8857 2998 8858 3101 8858 2974 8858 3101 8859 3022 8859 3046 8859 3062 8860 3101 8860 3046 8860 3082 8861 3101 8861 3062 8861 3346 8862 3213 8862 3197 8862 3310 8863 3141 8863 3133 8863 3117 8864 3310 8864 3133 8864 3101 8865 3310 8865 3117 8865 3336 8866 3346 8866 3197 8866 3189 8867 3336 8867 3197 8867 3324 8868 3336 8868 3189 8868 3181 8869 3324 8869 3189 8869 3310 8870 3324 8870 3181 8870 3165 8871 3310 8871 3181 8871 3157 8872 3310 8872 3165 8872 3213 8873 3346 8873 3356 8873 3366 8874 3213 8874 3356 8874 3221 8875 3213 8875 3366 8875 3374 8876 3221 8876 3366 8876 3229 8877 3221 8877 3374 8877 3382 8878 3229 8878 3374 8878 3247 8879 3229 8879 3382 8879 3390 8880 3247 8880 3382 8880 3263 8881 3247 8881 3390 8881 3386 8882 3263 8882 3390 8882 3271 8883 3263 8883 3386 8883 3378 8884 3271 8884 3386 8884 3269 8885 3271 8885 3378 8885 3370 8886 3269 8886 3378 8886 3261 8887 3269 8887 3370 8887 3360 8888 3261 8888 3370 8888 3245 8889 3261 8889 3360 8889 3350 8890 3245 8890 3360 8890 3227 8891 3245 8891 3350 8891 3340 8892 3227 8892 3350 8892 3219 8893 3227 8893 3340 8893 3328 8894 3219 8894 3340 8894 3211 8895 3219 8895 3328 8895 3318 8896 3211 8896 3328 8896 2814 8897 2822 8897 2941 8897 2933 8898 2814 8898 2941 8898 2806 8899 2814 8899 2933 8899 2917 8900 2806 8900 2933 8900 2798 8901 2806 8901 2917 8901 2909 8902 2798 8902 2917 8902 2790 8903 2798 8903 2909 8903 2901 8904 2790 8904 2909 8904 2782 8905 2790 8905 2901 8905 2893 8906 2782 8906 2901 8906 2774 8907 2782 8907 2893 8907 2877 8908 2774 8908 2893 8908 2778 8909 2774 8909 2877 8909 2869 8910 2778 8910 2877 8910 2786 8911 2778 8911 2869 8911 2861 8912 2786 8912 2869 8912 2794 8913 2786 8913 2861 8913 2867 8914 2794 8914 2861 8914 2802 8915 2794 8915 2867 8915 2875 8916 2802 8916 2867 8916 2810 8917 2802 8917 2875 8917 2891 8918 2810 8918 2875 8918 2818 8919 2810 8919 2891 8919 2899 8920 2818 8920 2891 8920 2826 8921 2818 8921 2899 8921 2907 8922 2826 8922 2899 8922 2834 8923 2826 8923 2907 8923 2915 8924 2834 8924 2907 8924 2846 8925 2834 8925 2915 8925 2931 8926 2846 8926 2915 8926 2854 8927 2846 8927 2931 8927 2939 8928 2854 8928 2931 8928 2882 8929 2854 8929 2939 8929 2955 8930 2882 8930 2939 8930 2922 8931 2882 8931 2955 8931 3060 8932 3042 8932 3051 8932 3067 8933 3060 8933 3051 8933 3086 8934 3060 8934 3067 8934 3075 8935 3086 8935 3067 8935 3110 8936 3086 8936 3075 8936 3091 8937 3110 8937 3075 8937 3126 8938 3110 8938 3091 8938 3126 8939 3091 8939 3099 8939 3115 8940 3126 8940 3099 8940 3150 8941 3126 8941 3115 8941 3131 8942 3150 8942 3115 8942 3174 8943 3150 8943 3131 8943 3139 8944 3174 8944 3131 8944 3206 8945 3174 8945 3139 8945 3155 8946 3206 8946 3139 8946 3252 8947 3206 8947 3155 8947 3163 8948 3252 8948 3155 8948 3288 8949 3252 8949 3163 8949 3179 8950 3288 8950 3163 8950 3300 8951 3288 8951 3179 8951 3187 8952 3300 8952 3179 8952 3318 8953 3300 8953 3187 8953 3195 8954 3318 8954 3187 8954 3211 8955 3318 8955 3195 8955 2922 8956 2955 8956 2963 8956 2979 8957 2922 8957 2963 8957 2946 8958 2922 8958 2979 8958 2987 8959 2946 8959 2979 8959 2970 8960 2946 8960 2987 8960 3003 8961 2970 8961 2987 8961 2994 8962 2970 8962 3003 8962 3011 8963 2994 8963 3003 8963 3018 8964 2994 8964 3011 8964 3027 8965 3018 8965 3011 8965 3042 8966 3018 8966 3027 8966 3035 8967 3042 8967 3027 8967 3051 8968 3042 8968 3035 8968 3324 8969 3310 8969 3309 8969 3323 8970 3324 8970 3309 8970 3336 8971 3324 8971 3323 8971 3335 8972 3336 8972 3323 8972 3346 8973 3336 8973 3335 8973 3345 8974 3346 8974 3335 8974 3356 8975 3346 8975 3345 8975 3355 8976 3356 8976 3345 8976 3366 8977 3356 8977 3355 8977 3365 8978 3366 8978 3355 8978 3374 8979 3366 8979 3365 8979 3373 8980 3374 8980 3365 8980 3382 8981 3374 8981 3373 8981 3381 8982 3382 8982 3373 8982 3390 8983 3382 8983 3381 8983 3389 8984 3390 8984 3381 8984 3386 8985 3390 8985 3389 8985 3385 8986 3386 8986 3389 8986 3378 8987 3386 8987 3385 8987 3377 8988 3378 8988 3385 8988 3370 8989 3378 8989 3377 8989 3369 8990 3370 8990 3377 8990 3360 8991 3370 8991 3369 8991 3359 8992 3360 8992 3369 8992 3350 8993 3360 8993 3359 8993 3349 8994 3350 8994 3359 8994 3340 8995 3350 8995 3349 8995 3339 8996 3340 8996 3349 8996 3328 8997 3340 8997 3339 8997 3327 8998 3328 8998 3339 8998 3318 8999 3328 8999 3327 8999 3317 9000 3318 9000 3327 9000 3300 9001 3318 9001 3317 9001 3299 9002 3300 9002 3317 9002 3288 9003 3300 9003 3299 9003 3287 9004 3288 9004 3299 9004 3252 9005 3288 9005 3287 9005 3251 9006 3252 9006 3287 9006 3206 9007 3252 9007 3251 9007 3205 9008 3206 9008 3251 9008 3174 9009 3206 9009 3205 9009 3173 9010 3174 9010 3205 9010 3150 9011 3174 9011 3173 9011 3149 9012 3150 9012 3173 9012 3126 9013 3150 9013 3149 9013 3125 9014 3126 9014 3149 9014 3110 9015 3126 9015 3125 9015 3109 9016 3110 9016 3125 9016 3086 9017 3110 9017 3109 9017 3085 9018 3086 9018 3109 9018 3060 9019 3086 9019 3085 9019 3059 9020 3060 9020 3085 9020 3042 9021 3060 9021 3059 9021 3041 9022 3042 9022 3059 9022 3018 9023 3042 9023 3041 9023 3017 9024 3018 9024 3041 9024 2994 9025 3018 9025 3017 9025 2993 9026 2994 9026 3017 9026 2970 9027 2994 9027 2993 9027 2969 9028 2970 9028 2993 9028 2946 9029 2970 9029 2969 9029 2945 9030 2946 9030 2969 9030 2922 9031 2946 9031 2945 9031 2921 9032 2922 9032 2945 9032 2882 9033 2922 9033 2921 9033 2881 9034 2882 9034 2921 9034 2854 9035 2882 9035 2881 9035 2853 9036 2854 9036 2881 9036 2846 9037 2854 9037 2853 9037 2845 9038 2846 9038 2853 9038 2834 9039 2846 9039 2845 9039 2833 9040 2834 9040 2845 9040 2826 9041 2834 9041 2833 9041 2825 9042 2826 9042 2833 9042 2818 9043 2826 9043 2825 9043 2817 9044 2818 9044 2825 9044 2810 9045 2818 9045 2817 9045 2809 9046 2810 9046 2817 9046 2802 9047 2810 9047 2809 9047 2801 9048 2802 9048 2809 9048 2794 9049 2802 9049 2801 9049 2793 9050 2794 9050 2801 9050 2786 9051 2794 9051 2793 9051 2785 9052 2786 9052 2793 9052 2778 9053 2786 9053 2785 9053 2777 9054 2778 9054 2785 9054 2774 9055 2778 9055 2777 9055 2773 9056 2774 9056 2777 9056 2782 9057 2774 9057 2773 9057 2781 9058 2782 9058 2773 9058 2790 9059 2782 9059 2781 9059 2789 9060 2790 9060 2781 9060 2798 9061 2790 9061 2789 9061 2797 9062 2798 9062 2789 9062 2806 9063 2798 9063 2797 9063 2805 9064 2806 9064 2797 9064 2814 9065 2806 9065 2805 9065 2813 9066 2814 9066 2805 9066 2822 9067 2814 9067 2813 9067 2821 9068 2822 9068 2813 9068 2830 9069 2822 9069 2821 9069 2829 9070 2830 9070 2821 9070 2840 9071 2830 9071 2829 9071 2839 9072 2840 9072 2829 9072 3310 9073 3312 9073 3311 9073 3309 9074 3310 9074 3311 9074 2850 9075 2842 9075 2841 9075 2849 9076 2850 9076 2841 9076 2858 9077 2850 9077 2849 9077 2857 9078 2858 9078 2849 9078 2886 9079 2858 9079 2857 9079 2885 9080 2886 9080 2857 9080 2926 9081 2886 9081 2885 9081 2925 9082 2926 9082 2885 9082 2950 9083 2926 9083 2925 9083 2949 9084 2950 9084 2925 9084 2974 9085 2950 9085 2949 9085 2973 9086 2974 9086 2949 9086 2998 9087 2974 9087 2973 9087 2997 9088 2998 9088 2973 9088 3022 9089 2998 9089 2997 9089 3021 9090 3022 9090 2997 9090 3046 9091 3022 9091 3021 9091 3045 9092 3046 9092 3021 9092 3062 9093 3046 9093 3045 9093 3061 9094 3062 9094 3045 9094 3082 9095 3062 9095 3061 9095 3081 9096 3082 9096 3061 9096 3106 9097 3082 9097 3081 9097 3105 9098 3106 9098 3081 9098 3122 9099 3106 9099 3105 9099 3121 9100 3122 9100 3105 9100 3146 9101 3122 9101 3121 9101 3145 9102 3146 9102 3121 9102 3170 9103 3146 9103 3145 9103 3169 9104 3170 9104 3145 9104 3202 9105 3170 9105 3169 9105 3201 9106 3202 9106 3169 9106 3240 9107 3202 9107 3201 9107 3239 9108 3240 9108 3201 9108 3284 9109 3240 9109 3239 9109 3283 9110 3284 9110 3239 9110 3296 9111 3284 9111 3283 9111 3295 9112 3296 9112 3283 9112 3312 9113 3296 9113 3295 9113 3311 9114 3312 9114 3295 9114 2842 9115 2840 9115 2839 9115 2841 9116 2842 9116 2839 9116 3791 9117 3737 9117 3757 9117 3791 9118 3768 9118 3485 9118 3487 9119 3791 9119 3485 9119 3721 9120 3737 9120 3791 9120 3791 9121 3757 9121 3798 9121 3822 9122 3791 9122 3798 9122 3850 9123 3791 9123 3822 9123 3791 9124 3850 9124 3880 9124 3916 9125 3791 9125 3880 9125 3950 9126 3791 9126 3916 9126 3990 9127 4002 9127 4000 9127 3791 9128 3990 9128 4000 9128 3982 9129 3990 9129 3791 9129 3950 9130 3982 9130 3791 9130 4000 9131 3863 9131 3843 9131 3485 9132 3768 9132 3752 9132 3744 9133 3485 9133 3752 9133 3728 9134 3485 9134 3744 9134 3791 9135 3487 9135 3499 9135 3513 9136 3791 9136 3499 9136 3547 9137 3791 9137 3513 9137 3791 9138 3547 9138 3601 9138 3625 9139 3791 9139 3601 9139 3649 9140 3791 9140 3625 9140 3873 9141 3863 9141 4000 9141 3485 9142 3728 9142 3712 9142 3704 9143 3485 9143 3712 9143 3688 9144 3485 9144 3704 9144 3485 9145 3688 9145 3680 9145 3664 9146 3485 9146 3680 9146 3656 9147 3485 9147 3664 9147 3791 9148 3649 9148 3673 9148 3697 9149 3791 9149 3673 9149 3721 9150 3791 9150 3697 9150 4000 9151 3843 9151 3833 9151 3813 9152 4000 9152 3833 9152 3791 9153 4000 9153 3813 9153 3485 9154 3656 9154 3640 9154 3632 9155 3485 9155 3640 9155 3473 9156 3485 9156 3632 9156 3616 9157 3473 9157 3632 9157 3461 9158 3473 9158 3616 9158 3451 9159 3461 9159 3616 9159 3608 9160 3451 9160 3616 9160 3441 9161 3451 9161 3608 9161 3592 9162 3441 9162 3608 9162 3433 9163 3441 9163 3592 9163 3578 9164 3433 9164 3592 9164 3425 9165 3433 9165 3578 9165 3566 9166 3425 9166 3578 9166 3417 9167 3425 9167 3566 9167 3554 9168 3417 9168 3566 9168 3409 9169 3417 9169 3554 9169 3538 9170 3409 9170 3554 9170 3413 9171 3409 9171 3538 9171 3528 9172 3413 9172 3538 9172 3421 9173 3413 9173 3528 9173 3520 9174 3421 9174 3528 9174 3429 9175 3421 9175 3520 9175 3526 9176 3429 9176 3520 9176 3437 9177 3429 9177 3526 9177 3536 9178 3437 9178 3526 9178 3447 9179 3437 9179 3536 9179 3552 9180 3447 9180 3536 9180 3457 9181 3447 9181 3552 9181 3564 9182 3457 9182 3552 9182 3469 9183 3457 9183 3564 9183 3576 9184 3469 9184 3564 9184 3479 9185 3469 9185 3576 9185 3590 9186 3479 9186 3576 9186 3495 9187 3479 9187 3590 9187 3606 9188 3495 9188 3590 9188 3509 9189 3495 9189 3606 9189 3614 9190 3509 9190 3606 9190 3543 9191 3509 9191 3614 9191 3630 9192 3543 9192 3614 9192 3597 9193 3543 9193 3630 9193 3891 9194 3873 9194 4000 9194 4010 9195 3891 9195 4000 9195 3901 9196 3891 9196 4010 9196 4018 9197 3901 9197 4010 9197 3911 9198 3901 9198 4018 9198 4026 9199 3911 9199 4018 9199 3929 9200 3911 9200 4026 9200 4014 9201 4006 9201 3927 9201 3935 9202 4014 9202 3927 9202 4022 9203 4014 9203 3935 9203 3943 9204 4022 9204 3935 9204 4030 9205 4022 9205 3943 9205 3955 9206 4030 9206 3943 9206 4038 9207 4030 9207 3955 9207 3967 9208 4038 9208 3955 9208 4046 9209 4038 9209 3967 9209 3975 9210 4046 9210 3967 9210 4054 9211 4046 9211 3975 9211 3977 9212 4054 9212 3975 9212 4062 9213 4054 9213 3977 9213 3969 9214 4062 9214 3977 9214 4066 9215 4062 9215 3969 9215 3957 9216 4066 9216 3969 9216 4058 9217 4066 9217 3957 9217 3945 9218 4058 9218 3957 9218 4050 9219 4058 9219 3945 9219 3937 9220 4050 9220 3945 9220 4042 9221 4050 9221 3937 9221 3929 9222 4042 9222 3937 9222 4034 9223 4042 9223 3929 9223 4026 9224 4034 9224 3929 9224 3854 9225 3826 9225 3811 9225 3831 9226 3854 9226 3811 9226 3884 9227 3854 9227 3831 9227 3841 9228 3884 9228 3831 9228 3920 9229 3884 9229 3841 9229 3861 9230 3920 9230 3841 9230 3962 9231 3920 9231 3861 9231 3871 9232 3962 9232 3861 9232 3986 9233 3962 9233 3871 9233 3889 9234 3986 9234 3871 9234 3994 9235 3986 9235 3889 9235 3899 9236 3994 9236 3889 9236 4006 9237 3994 9237 3899 9237 3909 9238 4006 9238 3899 9238 3927 9239 4006 9239 3909 9239 3597 9240 3630 9240 3638 9240 3654 9241 3597 9241 3638 9241 3621 9242 3597 9242 3654 9242 3662 9243 3621 9243 3654 9243 3645 9244 3621 9244 3662 9244 3678 9245 3645 9245 3662 9245 3669 9246 3645 9246 3678 9246 3686 9247 3669 9247 3678 9247 3693 9248 3669 9248 3686 9248 3702 9249 3693 9249 3686 9249 3717 9250 3693 9250 3702 9250 3717 9251 3702 9251 3710 9251 3726 9252 3717 9252 3710 9252 3735 9253 3717 9253 3726 9253 3742 9254 3735 9254 3726 9254 3761 9255 3735 9255 3742 9255 3750 9256 3761 9256 3742 9256 3802 9257 3761 9257 3750 9257 3766 9258 3802 9258 3750 9258 3826 9259 3802 9259 3766 9259 3789 9260 3826 9260 3766 9260 3811 9261 3826 9261 3789 9261 4010 9262 4000 9262 3999 9262 4009 9263 4010 9263 3999 9263 4018 9264 4010 9264 4009 9264 4017 9265 4018 9265 4009 9265 4026 9266 4018 9266 4017 9266 4025 9267 4026 9267 4017 9267 4034 9268 4026 9268 4025 9268 4033 9269 4034 9269 4025 9269 4042 9270 4034 9270 4033 9270 4041 9271 4042 9271 4033 9271 4050 9272 4042 9272 4041 9272 4049 9273 4050 9273 4041 9273 4058 9274 4050 9274 4049 9274 4057 9275 4058 9275 4049 9275 4066 9276 4058 9276 4057 9276 4065 9277 4066 9277 4057 9277 4062 9278 4066 9278 4065 9278 4061 9279 4062 9279 4065 9279 4054 9280 4062 9280 4061 9280 4053 9281 4054 9281 4061 9281 4046 9282 4054 9282 4053 9282 4045 9283 4046 9283 4053 9283 4038 9284 4046 9284 4045 9284 4037 9285 4038 9285 4045 9285 4030 9286 4038 9286 4037 9286 4029 9287 4030 9287 4037 9287 4022 9288 4030 9288 4029 9288 4021 9289 4022 9289 4029 9289 4014 9290 4022 9290 4021 9290 4013 9291 4014 9291 4021 9291 4006 9292 4014 9292 4013 9292 4005 9293 4006 9293 4013 9293 3994 9294 4006 9294 4005 9294 3993 9295 3994 9295 4005 9295 3986 9296 3994 9296 3993 9296 3985 9297 3986 9297 3993 9297 3962 9298 3986 9298 3985 9298 3961 9299 3962 9299 3985 9299 3920 9300 3962 9300 3961 9300 3919 9301 3920 9301 3961 9301 3884 9302 3920 9302 3919 9302 3883 9303 3884 9303 3919 9303 3854 9304 3884 9304 3883 9304 3853 9305 3854 9305 3883 9305 3826 9306 3854 9306 3853 9306 3825 9307 3826 9307 3853 9307 3802 9308 3826 9308 3825 9308 3801 9309 3802 9309 3825 9309 3761 9310 3802 9310 3801 9310 3760 9311 3761 9311 3801 9311 3735 9312 3761 9312 3760 9312 3734 9313 3735 9313 3760 9313 3717 9314 3735 9314 3734 9314 3716 9315 3717 9315 3734 9315 3693 9316 3717 9316 3716 9316 3692 9317 3693 9317 3716 9317 3669 9318 3693 9318 3692 9318 3668 9319 3669 9319 3692 9319 3645 9320 3669 9320 3668 9320 3644 9321 3645 9321 3668 9321 3621 9322 3645 9322 3644 9322 3620 9323 3621 9323 3644 9323 3597 9324 3621 9324 3620 9324 3596 9325 3597 9325 3620 9325 3543 9326 3597 9326 3596 9326 3542 9327 3543 9327 3596 9327 3509 9328 3543 9328 3542 9328 3508 9329 3509 9329 3542 9329 3495 9330 3509 9330 3508 9330 3494 9331 3495 9331 3508 9331 3479 9332 3495 9332 3494 9332 3478 9333 3479 9333 3494 9333 3469 9334 3479 9334 3478 9334 3468 9335 3469 9335 3478 9335 3457 9336 3469 9336 3468 9336 3456 9337 3457 9337 3468 9337 3447 9338 3457 9338 3456 9338 3446 9339 3447 9339 3456 9339 3437 9340 3447 9340 3446 9340 3436 9341 3437 9341 3446 9341 3429 9342 3437 9342 3436 9342 3428 9343 3429 9343 3436 9343 3421 9344 3429 9344 3428 9344 3420 9345 3421 9345 3428 9345 3413 9346 3421 9346 3420 9346 3412 9347 3413 9347 3420 9347 3409 9348 3413 9348 3412 9348 3408 9349 3409 9349 3412 9349 3417 9350 3409 9350 3408 9350 3416 9351 3417 9351 3408 9351 3425 9352 3417 9352 3416 9352 3424 9353 3425 9353 3416 9353 3433 9354 3425 9354 3424 9354 3432 9355 3433 9355 3424 9355 3441 9356 3433 9356 3432 9356 3440 9357 3441 9357 3432 9357 3451 9358 3441 9358 3440 9358 3450 9359 3451 9359 3440 9359 3461 9360 3451 9360 3450 9360 3460 9361 3461 9361 3450 9361 3473 9362 3461 9362 3460 9362 3472 9363 3473 9363 3460 9363 3485 9364 3473 9364 3472 9364 3484 9365 3485 9365 3472 9365 4000 9366 4002 9366 4001 9366 3999 9367 4000 9367 4001 9367 3499 9368 3487 9368 3486 9368 3498 9369 3499 9369 3486 9369 3513 9370 3499 9370 3498 9370 3512 9371 3513 9371 3498 9371 3547 9372 3513 9372 3512 9372 3546 9373 3547 9373 3512 9373 3601 9374 3547 9374 3546 9374 3600 9375 3601 9375 3546 9375 3625 9376 3601 9376 3600 9376 3624 9377 3625 9377 3600 9377 3649 9378 3625 9378 3624 9378 3648 9379 3649 9379 3624 9379 3673 9380 3649 9380 3648 9380 3672 9381 3673 9381 3648 9381 3697 9382 3673 9382 3672 9382 3696 9383 3697 9383 3672 9383 3721 9384 3697 9384 3696 9384 3720 9385 3721 9385 3696 9385 3737 9386 3721 9386 3720 9386 3736 9387 3737 9387 3720 9387 3757 9388 3737 9388 3736 9388 3756 9389 3757 9389 3736 9389 3798 9390 3757 9390 3756 9390 3797 9391 3798 9391 3756 9391 3822 9392 3798 9392 3797 9392 3821 9393 3822 9393 3797 9393 3850 9394 3822 9394 3821 9394 3849 9395 3850 9395 3821 9395 3880 9396 3850 9396 3849 9396 3879 9397 3880 9397 3849 9397 3916 9398 3880 9398 3879 9398 3915 9399 3916 9399 3879 9399 3950 9400 3916 9400 3915 9400 3949 9401 3950 9401 3915 9401 3982 9402 3950 9402 3949 9402 3981 9403 3982 9403 3949 9403 3990 9404 3982 9404 3981 9404 3989 9405 3990 9405 3981 9405 4002 9406 3990 9406 3989 9406 4001 9407 4002 9407 3989 9407 3487 9408 3485 9408 3484 9408 3486 9409 3487 9409 3484 9409 3580 9410 3585 9410 3584 9410 3581 9411 3585 9411 3580 9411 3570 9412 3581 9412 3580 9412 3571 9413 3581 9413 3570 9413 3568 9414 3571 9414 3570 9414 3569 9415 3571 9415 3568 9415 3558 9416 3569 9416 3568 9416 3559 9417 3569 9417 3558 9417 3556 9418 3559 9418 3558 9418 3557 9419 3559 9419 3556 9419 3530 9420 3557 9420 3556 9420 3531 9421 3557 9421 3530 9421 3516 9422 3531 9422 3530 9422 3517 9423 3531 9423 3516 9423 3514 9424 3517 9424 3516 9424 3515 9425 3517 9425 3514 9425 3504 9426 3515 9426 3514 9426 3505 9427 3515 9427 3504 9427 3502 9428 3505 9428 3504 9428 3503 9429 3505 9429 3502 9429 3500 9430 3503 9430 3502 9430 3501 9431 3503 9431 3500 9431 3490 9432 3501 9432 3500 9432 3491 9433 3501 9433 3490 9433 3488 9434 3491 9434 3490 9434 3489 9435 3491 9435 3488 9435 3474 9436 3489 9436 3488 9436 3475 9437 3489 9437 3474 9437 3464 9438 3475 9438 3474 9438 3465 9439 3475 9439 3464 9439 3462 9440 3465 9440 3464 9440 3463 9441 3465 9441 3462 9441 3452 9442 3463 9442 3462 9442 3453 9443 3463 9443 3452 9443 3442 9444 3453 9444 3452 9444 3443 9445 3453 9445 3442 9445 3351 9446 3362 9446 3361 9446 3352 9447 3362 9447 3351 9447 3341 9448 3352 9448 3351 9448 3342 9449 3352 9449 3341 9449 3331 9450 3342 9450 3341 9450 3332 9451 3342 9451 3331 9451 3329 9452 3332 9452 3331 9452 3330 9453 3332 9453 3329 9453 3319 9454 3330 9454 3329 9454 3320 9455 3330 9455 3319 9455 3313 9456 3320 9456 3319 9456 3314 9457 3320 9457 3313 9457 3303 9458 3314 9458 3313 9458 3304 9459 3314 9459 3303 9459 3301 9460 3304 9460 3303 9460 3302 9461 3304 9461 3301 9461 3291 9462 3302 9462 3301 9462 3292 9463 3302 9463 3291 9463 3289 9464 3292 9464 3291 9464 3290 9465 3292 9465 3289 9465 3279 9466 3290 9466 3289 9466 3280 9467 3290 9467 3279 9467 3277 9468 3280 9468 3279 9468 3278 9469 3280 9469 3277 9469 3275 9470 3278 9470 3277 9470 3276 9471 3278 9471 3275 9471 3273 9472 3276 9472 3275 9472 3274 9473 3276 9473 3273 9473 3255 9474 3274 9474 3273 9474 3256 9475 3274 9475 3255 9475 3253 9476 3256 9476 3255 9476 3254 9477 3256 9477 3253 9477 3235 9478 3254 9478 3253 9478 3236 9479 3254 9479 3235 9479 3233 9480 3236 9480 3235 9480 3234 9481 3236 9481 3233 9481 1713 9482 1718 9482 1717 9482 1714 9483 1718 9483 1713 9483 1711 9484 1714 9484 1713 9484 1712 9485 1714 9485 1711 9485 1709 9486 1712 9486 1711 9486 1710 9487 1712 9487 1709 9487 1699 9488 1710 9488 1709 9488 1700 9489 1710 9489 1699 9489 1689 9490 1700 9490 1699 9490 1690 9491 1700 9491 1689 9491 1687 9492 1690 9492 1689 9492 1688 9493 1690 9493 1687 9493 1677 9494 1688 9494 1687 9494 1678 9495 1688 9495 1677 9495 1675 9496 1678 9496 1677 9496 1676 9497 1678 9497 1675 9497 1657 9498 1676 9498 1675 9498 1658 9499 1676 9499 1657 9499 1647 9500 1658 9500 1657 9500 1648 9501 1658 9501 1647 9501 1637 9502 1648 9502 1647 9502 1638 9503 1648 9503 1637 9503 1619 9504 1638 9504 1637 9504 1620 9505 1638 9505 1619 9505 1609 9506 1620 9506 1619 9506 1610 9507 1620 9507 1609 9507 1591 9508 1610 9508 1609 9508 1592 9509 1610 9509 1591 9509 1561 9510 1592 9510 1591 9510 1562 9511 1592 9511 1561 9511 1559 9512 1562 9512 1561 9512 1560 9513 1562 9513 1559 9513 1549 9514 1560 9514 1559 9514 1550 9515 1560 9515 1549 9515 1543 9516 1550 9516 1549 9516 1544 9517 1550 9517 1543 9517 1448 9518 1451 9518 1450 9518 1449 9519 1451 9519 1448 9519 1446 9520 1449 9520 1448 9520 1447 9521 1449 9521 1446 9521 1444 9522 1447 9522 1446 9522 1445 9523 1447 9523 1444 9523 1442 9524 1445 9524 1444 9524 1443 9525 1445 9525 1442 9525 1440 9526 1443 9526 1442 9526 1441 9527 1443 9527 1440 9527 1418 9528 1441 9528 1440 9528 1419 9529 1441 9529 1418 9529 1408 9530 1419 9530 1418 9530 1409 9531 1419 9531 1408 9531 1398 9532 1409 9532 1408 9532 1399 9533 1409 9533 1398 9533 1388 9534 1399 9534 1398 9534 1389 9535 1399 9535 1388 9535 1386 9536 1389 9536 1388 9536 1387 9537 1389 9537 1386 9537 1376 9538 1387 9538 1386 9538 1377 9539 1387 9539 1376 9539 1374 9540 1377 9540 1376 9540 1375 9541 1377 9541 1374 9541 1372 9542 1375 9542 1374 9542 1373 9543 1375 9543 1372 9543 1362 9544 1373 9544 1372 9544 1363 9545 1373 9545 1362 9545 1360 9546 1363 9546 1362 9546 1361 9547 1363 9547 1360 9547 1358 9548 1361 9548 1360 9548 1359 9549 1361 9549 1358 9549 1356 9550 1359 9550 1358 9550 1357 9551 1359 9551 1356 9551 1354 9552 1357 9552 1356 9552 1355 9553 1357 9553 1354 9553 787 9554 782 9554 781 9554 788 9555 777 9555 782 9555 777 9556 788 9556 778 9556 776 9557 777 9557 778 9557 775 9558 777 9558 776 9558 774 9559 775 9559 776 9559 773 9560 775 9560 774 9560 772 9561 773 9561 774 9561 771 9562 773 9562 772 9562 770 9563 771 9563 772 9563 769 9564 771 9564 770 9564 768 9565 769 9565 770 9565 767 9566 769 9566 768 9566 766 9567 767 9567 768 9567 765 9568 767 9568 766 9568 764 9569 765 9569 766 9569 763 9570 765 9570 764 9570 762 9571 763 9571 764 9571 761 9572 763 9572 762 9572 760 9573 761 9573 762 9573 759 9574 761 9574 760 9574 758 9575 759 9575 760 9575 757 9576 759 9576 758 9576 756 9577 757 9577 758 9577 755 9578 757 9578 756 9578 754 9579 755 9579 756 9579 753 9580 755 9580 754 9580 752 9581 753 9581 754 9581 751 9582 753 9582 752 9582 750 9583 751 9583 752 9583 749 9584 751 9584 750 9584 748 9585 749 9585 750 9585 747 9586 749 9586 748 9586 743 9587 747 9587 748 9587 742 9588 747 9588 743 9588 788 9589 782 9589 787 9589 789 9590 788 9590 787 9590 790 9591 788 9591 789 9591 917 9592 880 9592 879 9592 918 9593 880 9593 917 9593 935 9594 918 9594 917 9594 936 9595 918 9595 935 9595 953 9596 936 9596 935 9596 954 9597 936 9597 953 9597 963 9598 954 9598 953 9598 964 9599 954 9599 963 9599 977 9600 964 9600 963 9600 978 9601 964 9601 977 9601 991 9602 978 9602 977 9602 992 9603 978 9603 991 9603 1001 9604 992 9604 991 9604 1002 9605 992 9605 1001 9605 1011 9606 1002 9606 1001 9606 1012 9607 1002 9607 1011 9607 1021 9608 1012 9608 1011 9608 1022 9609 1012 9609 1021 9609 1023 9610 1022 9610 1021 9610 1024 9611 1022 9611 1023 9611 1033 9612 1024 9612 1023 9612 1034 9613 1024 9613 1033 9613 1043 9614 1034 9614 1033 9614 1044 9615 1034 9615 1043 9615 1053 9616 1044 9616 1043 9616 1054 9617 1044 9617 1053 9617 1055 9618 1054 9618 1053 9618 1056 9619 1054 9619 1055 9619 1057 9620 1056 9620 1055 9620 1058 9621 1056 9621 1057 9621 1059 9622 1058 9622 1057 9622 1060 9623 1058 9623 1059 9623 1061 9624 1060 9624 1059 9624 1062 9625 1060 9625 1061 9625 1063 9626 1062 9626 1061 9626 1064 9627 1062 9627 1063 9627 2186 9628 2183 9628 2182 9628 2187 9629 2183 9629 2186 9629 2188 9630 2187 9630 2186 9630 2189 9631 2187 9631 2188 9631 2190 9632 2189 9632 2188 9632 2191 9633 2189 9633 2190 9633 2192 9634 2191 9634 2190 9634 2193 9635 2191 9635 2192 9635 2194 9636 2193 9636 2192 9636 2195 9637 2193 9637 2194 9637 2216 9638 2195 9638 2194 9638 2217 9639 2195 9639 2216 9639 2234 9640 2217 9640 2216 9640 2235 9641 2217 9641 2234 9641 2244 9642 2235 9642 2234 9642 2245 9643 2235 9643 2244 9643 2254 9644 2245 9644 2244 9644 2255 9645 2245 9645 2254 9645 2272 9646 2255 9646 2254 9646 2273 9647 2255 9647 2272 9647 2282 9648 2273 9648 2272 9648 2283 9649 2273 9649 2282 9649 2292 9650 2283 9650 2282 9650 2293 9651 2283 9651 2292 9651 2310 9652 2293 9652 2292 9652 2311 9653 2293 9653 2310 9653 2312 9654 2311 9654 2310 9654 2313 9655 2311 9655 2312 9655 2330 9656 2313 9656 2312 9656 2331 9657 2313 9657 2330 9657 2340 9658 2331 9658 2330 9658 2341 9659 2331 9659 2340 9659 2350 9660 2341 9660 2340 9660 2351 9661 2341 9661 2350 9661 2368 9662 2351 9662 2350 9662 2369 9663 2351 9663 2368 9663 2622 9664 2597 9664 2596 9664 2623 9665 2597 9665 2622 9665 2640 9666 2623 9666 2622 9666 2641 9667 2623 9667 2640 9667 2650 9668 2641 9668 2640 9668 2651 9669 2641 9669 2650 9669 2652 9670 2651 9670 2650 9670 2653 9671 2651 9671 2652 9671 2662 9672 2653 9672 2652 9672 2663 9673 2653 9673 2662 9673 2664 9674 2663 9674 2662 9674 2665 9675 2663 9675 2664 9675 2678 9676 2665 9676 2664 9676 2679 9677 2665 9677 2678 9677 2680 9678 2679 9678 2678 9678 2681 9679 2679 9679 2680 9679 2690 9680 2681 9680 2680 9680 2691 9681 2681 9681 2690 9681 2692 9682 2691 9682 2690 9682 2693 9683 2691 9683 2692 9683 2702 9684 2693 9684 2692 9684 2703 9685 2693 9685 2702 9685 2704 9686 2703 9686 2702 9686 2705 9687 2703 9687 2704 9687 2706 9688 2705 9688 2704 9688 2707 9689 2705 9689 2706 9689 2716 9690 2707 9690 2706 9690 2717 9691 2707 9691 2716 9691 2718 9692 2717 9692 2716 9692 2719 9693 2717 9693 2718 9693 2720 9694 2719 9694 2718 9694 2721 9695 2719 9695 2720 9695 2722 9696 2721 9696 2720 9696 2723 9697 2721 9697 2722 9697 2724 9698 2723 9698 2722 9698 2725 9699 2723 9699 2724 9699 3775 9700 3771 9700 3770 9700 3776 9701 3771 9701 3775 9701 3777 9702 3776 9702 3775 9702 3778 9703 3776 9703 3777 9703 3779 9704 3778 9704 3777 9704 3780 9705 3778 9705 3779 9705 3781 9706 3780 9706 3779 9706 3782 9707 3780 9707 3781 9707 3783 9708 3782 9708 3781 9708 3784 9709 3782 9709 3783 9709 3793 9710 3784 9710 3783 9710 3794 9711 3784 9711 3793 9711 3803 9712 3794 9712 3793 9712 3804 9713 3794 9713 3803 9713 3805 9714 3804 9714 3803 9714 3806 9715 3804 9715 3805 9715 3815 9716 3806 9716 3805 9716 3816 9717 3806 9717 3815 9717 3817 9718 3816 9718 3815 9718 3818 9719 3816 9719 3817 9719 3835 9720 3818 9720 3817 9720 3836 9721 3818 9721 3835 9721 3845 9722 3836 9722 3835 9722 3846 9723 3836 9723 3845 9723 3855 9724 3846 9724 3845 9724 3856 9725 3846 9725 3855 9725 3865 9726 3856 9726 3855 9726 3866 9727 3856 9727 3865 9727 3875 9728 3866 9728 3865 9728 3876 9729 3866 9729 3875 9729 3893 9730 3876 9730 3875 9730 3894 9731 3876 9731 3893 9731 3903 9732 3894 9732 3893 9732 3904 9733 3894 9733 3903 9733 3921 9734 3904 9734 3903 9734 3922 9735 3904 9735 3921 9735 4110 9736 4111 9736 4112 9736 4109 9737 4111 9737 4110 9737 4108 9738 4109 9738 4110 9738 4107 9739 4109 9739 4108 9739 4106 9740 4107 9740 4108 9740 4105 9741 4107 9741 4106 9741 4104 9742 4105 9742 4106 9742 4103 9743 4105 9743 4104 9743 4102 9744 4103 9744 4104 9744 4101 9745 4103 9745 4102 9745 4100 9746 4101 9746 4102 9746 4099 9747 4101 9747 4100 9747 4098 9748 4099 9748 4100 9748 4097 9749 4099 9749 4098 9749 4096 9750 4097 9750 4098 9750 4095 9751 4097 9751 4096 9751 4094 9752 4095 9752 4096 9752 4093 9753 4095 9753 4094 9753 4092 9754 4093 9754 4094 9754 4091 9755 4093 9755 4092 9755 4090 9756 4091 9756 4092 9756 4089 9757 4091 9757 4090 9757 4088 9758 4089 9758 4090 9758 4087 9759 4089 9759 4088 9759 4086 9760 4087 9760 4088 9760 4085 9761 4087 9761 4086 9761 4084 9762 4085 9762 4086 9762 4083 9763 4085 9763 4084 9763 4082 9764 4083 9764 4084 9764 4081 9765 4083 9765 4082 9765 4080 9766 4081 9766 4082 9766 4079 9767 4081 9767 4080 9767 4074 9768 4069 9768 4073 9768 4074 9769 4079 9769 4080 9769 4070 9770 4074 9770 4080 9770 4069 9771 4074 9771 4070 9771 4068 9772 4069 9772 4070 9772 4067 9773 4069 9773 4068 9773</p>
        </triangles>
      </mesh>
    </geometry>
  </library_geometries>
  <library_materials>
    <material id="mat_Waterproof_Male" name="Waterproof_Male">
      <instance_effect url="#effect_Waterproof_Male" />
    </material>
  </library_materials>
  <library_visual_scenes>
    <visual_scene id="myscene">
      <node id="node0" name="node0">
        <instance_geometry url="#geometry0">
          <bind_material>
            <technique_common>
              <instance_material symbol="ref_Waterproof_Male" target="#mat_Waterproof_Male" />
            </technique_common>
          </bind_material>
        </instance_geometry>
      </node>
    </visual_scene>
  </library_visual_scenes>
  <scene>
    <instance_visual_scene url="#myscene" />
  </scene>
</COLLADA>
